insert into t_car_brand_factory(cbf_id , cb_id , cbf_name ,cbf_letter) values(143,56,'MINI','M');
insert into t_car_series(cs_id,cbf_id,cs_name,cs_order,cs_letter) values(209,143,'MINI',3353,'M');
insert into t_car_model(cm_id , cs_id , cm_name,cm_type ,cm_order , cm_state , cm_min_price , cm_max_price) values(53815,209,'2022款 改款 1.5T ONE','2022款',1,1,199800,199800);
insert into t_car_model(cm_id , cs_id , cm_name,cm_type ,cm_order , cm_state , cm_min_price , cm_max_price) values(53816,209,'2022款 改款 1.5T ONE 五门版PLUS','2022款',2,1,213800,213800);
insert into t_car_model(cm_id , cs_id , cm_name,cm_type ,cm_order , cm_state , cm_min_price , cm_max_price) values(53817,209,'2022款 改款 1.5T COOPER 经典派','2022款',3,1,231800,231800);
insert into t_car_model(cm_id , cs_id , cm_name,cm_type ,cm_order , cm_state , cm_min_price , cm_max_price) values(53818,209,'2022款 改款 1.5T COOPER 经典派 五门版','2022款',4,1,241800,241800);
insert into t_car_model(cm_id , cs_id , cm_name,cm_type ,cm_order , cm_state , cm_min_price , cm_max_price) values(53819,209,'2022款 改款 1.5T COOPER 艺术家','2022款',5,1,244800,244800);
insert into t_car_model(cm_id , cs_id , cm_name,cm_type ,cm_order , cm_state , cm_min_price , cm_max_price) values(53820,209,'2022款 改款 1.5T COOPER 艺术家 五门版','2022款',6,1,254800,254800);
insert into t_car_model(cm_id , cs_id , cm_name,cm_type ,cm_order , cm_state , cm_min_price , cm_max_price) values(54473,209,'2022款 1.5T Camden 限量版 五门版','2022款',7,1,263800,263800);
insert into t_car_model(cm_id , cs_id , cm_name,cm_type ,cm_order , cm_state , cm_min_price , cm_max_price) values(53821,209,'2022款 改款 2.0T COOPER S 经典派','2022款',8,1,269800,269800);
insert into t_car_model(cm_id , cs_id , cm_name,cm_type ,cm_order , cm_state , cm_min_price , cm_max_price) values(53822,209,'2022款 改款 2.0T COOPER S 经典派 五门版','2022款',9,1,279800,279800);
insert into t_car_model(cm_id , cs_id , cm_name,cm_type ,cm_order , cm_state , cm_min_price , cm_max_price) values(53823,209,'2022款 改款 2.0T COOPER S 艺术家','2022款',10,1,287800,287800);
insert into t_car_model(cm_id , cs_id , cm_name,cm_type ,cm_order , cm_state , cm_min_price , cm_max_price) values(53824,209,'2022款 改款 2.0T COOPER S 艺术家 五门版','2022款',11,1,297800,297800);
insert into t_car_model(cm_id , cs_id , cm_name,cm_type ,cm_order , cm_state , cm_min_price , cm_max_price) values(53825,209,'2022款 改款 2.0T COOPER S 赛车手','2022款',12,1,294800,294800);
insert into t_car_model(cm_id , cs_id , cm_name,cm_type ,cm_order , cm_state , cm_min_price , cm_max_price) values(53826,209,'2022款 改款 1.5T COOPER CABRIO 经典派','2022款',13,1,297800,297800);
insert into t_car_model(cm_id , cs_id , cm_name,cm_type ,cm_order , cm_state , cm_min_price , cm_max_price) values(53827,209,'2022款 改款 1.5T COOPER CABRIO Sidewalk','2022款',14,1,330800,330800);
insert into t_car_model(cm_id , cs_id , cm_name,cm_type ,cm_order , cm_state , cm_min_price , cm_max_price) values(53828,209,'2022款 改款 2.0T COOPER S CABRIO 经典派','2022款',15,1,335800,335800);
insert into t_car_model(cm_id , cs_id , cm_name,cm_type ,cm_order , cm_state , cm_min_price , cm_max_price) values(53829,209,'2022款 改款 2.0T COOPER S CABRIO 艺术家','2022款',16,1,353800,353800);
insert into t_car_model(cm_id , cs_id , cm_name,cm_type ,cm_order , cm_state , cm_min_price , cm_max_price) values(53830,209,'2022款 改款 2.0T COOPER S CABRIO Sidewalk','2022款',17,1,363800,363800);
insert into t_car_model(cm_id , cs_id , cm_name,cm_type ,cm_order , cm_state , cm_min_price , cm_max_price) values(52725,209,'2022款 1.5T COOPER 黑标特别版','2022款',18,1,257800,257800);
insert into t_car_model(cm_id , cs_id , cm_name,cm_type ,cm_order , cm_state , cm_min_price , cm_max_price) values(52726,209,'2022款 1.5T COOPER 黑标特别版 五门版','2022款',19,1,267800,267800);
insert into t_car_model(cm_id , cs_id , cm_name,cm_type ,cm_order , cm_state , cm_min_price , cm_max_price) values(52739,209,'2022款 2.0T COOPER S 黑标特别版','2022款',20,1,305800,305800);
insert into t_car_model(cm_id , cs_id , cm_name,cm_type ,cm_order , cm_state , cm_min_price , cm_max_price) values(52740,209,'2022款 2.0T COOPER S 黑标特别版 五门版','2022款',21,1,315800,315800);
insert into t_car_model(cm_id , cs_id , cm_name,cm_type ,cm_order , cm_state , cm_min_price , cm_max_price) values(52727,209,'2022款 1.5T COOPER CABRIO 黑标特别版','2022款',22,1,318800,318800);
insert into t_car_model(cm_id , cs_id , cm_name,cm_type ,cm_order , cm_state , cm_min_price , cm_max_price) values(52741,209,'2022款 2.0T COOPER S CABRIO 黑标特别版','2022款',23,1,371800,371800);
insert into t_car_model(cm_id , cs_id , cm_name,cm_type ,cm_order , cm_state , cm_min_price , cm_max_price) values(53806,209,'2022款 1.5T COOPER The Coopers 纪念版','2022款',24,1,254900,254900);
insert into t_car_model(cm_id , cs_id , cm_name,cm_type ,cm_order , cm_state , cm_min_price , cm_max_price) values(53808,209,'2022款 1.5T COOPER 五门版 The Coopers 纪念版','2022款',25,1,264900,264900);
insert into t_car_model(cm_id , cs_id , cm_name,cm_type ,cm_order , cm_state , cm_min_price , cm_max_price) values(53807,209,'2022款 2.0T COOPER S The Coopers 纪念版','2022款',26,1,293900,293900);
insert into t_car_model(cm_id , cs_id , cm_name,cm_type ,cm_order , cm_state , cm_min_price , cm_max_price) values(53809,209,'2022款 2.0T COOPER S 五门版 The Coopers 纪念版','2022款',27,1,303900,303900);
insert into t_car_model(cm_id , cs_id , cm_name,cm_type ,cm_order , cm_state , cm_min_price , cm_max_price) values(53810,209,'2022款 1.5T COOPER CABRIO The Coopers 纪念版','2022款',28,1,318900,318900);
insert into t_car_model(cm_id , cs_id , cm_name,cm_type ,cm_order , cm_state , cm_min_price , cm_max_price) values(53811,209,'2022款 2.0T COOPER S CABRIO The Coopers 纪念版','2022款',29,1,356900,356900);
insert into t_car_model(cm_id , cs_id , cm_name,cm_type ,cm_order , cm_state , cm_min_price , cm_max_price) values(50758,209,'2022款 1.5T ONE','2022款',30,1,198800,198800);
insert into t_car_model(cm_id , cs_id , cm_name,cm_type ,cm_order , cm_state , cm_min_price , cm_max_price) values(50759,209,'2022款 1.5T ONE 五门版PLUS','2022款',31,1,211800,211800);
insert into t_car_model(cm_id , cs_id , cm_name,cm_type ,cm_order , cm_state , cm_min_price , cm_max_price) values(50988,209,'2022款 1.5T COOPER 经典派','2022款',32,1,229800,229800);
insert into t_car_model(cm_id , cs_id , cm_name,cm_type ,cm_order , cm_state , cm_min_price , cm_max_price) values(50989,209,'2022款 1.5T COOPER 经典派 五门版','2022款',33,1,239800,239800);
insert into t_car_model(cm_id , cs_id , cm_name,cm_type ,cm_order , cm_state , cm_min_price , cm_max_price) values(49676,209,'2022款 1.5T COOPER 艺术家','2022款',34,1,244800,244800);
insert into t_car_model(cm_id , cs_id , cm_name,cm_type ,cm_order , cm_state , cm_min_price , cm_max_price) values(49677,209,'2022款 1.5T COOPER 艺术家 五门版','2022款',35,1,254800,254800);
insert into t_car_model(cm_id , cs_id , cm_name,cm_type ,cm_order , cm_state , cm_min_price , cm_max_price) values(49675,209,'2022款 2.0T COOPER S 经典派','2022款',36,1,274800,274800);
insert into t_car_model(cm_id , cs_id , cm_name,cm_type ,cm_order , cm_state , cm_min_price , cm_max_price) values(50990,209,'2022款 2.0T COOPER S 经典派 五门版','2022款',37,1,284800,284800);
insert into t_car_model(cm_id , cs_id , cm_name,cm_type ,cm_order , cm_state , cm_min_price , cm_max_price) values(50991,209,'2022款 2.0T COOPER S 艺术家','2022款',38,1,292800,292800);
insert into t_car_model(cm_id , cs_id , cm_name,cm_type ,cm_order , cm_state , cm_min_price , cm_max_price) values(50992,209,'2022款 2.0T COOPER S 艺术家 五门版','2022款',39,1,302800,302800);
insert into t_car_model(cm_id , cs_id , cm_name,cm_type ,cm_order , cm_state , cm_min_price , cm_max_price) values(50993,209,'2022款 2.0T COOPER S 赛车手','2022款',40,1,299800,299800);
insert into t_car_model(cm_id , cs_id , cm_name,cm_type ,cm_order , cm_state , cm_min_price , cm_max_price) values(50760,209,'2022款 1.5T COOPER CABRIO 经典派','2022款',41,1,295800,295800);
insert into t_car_model(cm_id , cs_id , cm_name,cm_type ,cm_order , cm_state , cm_min_price , cm_max_price) values(49679,209,'2022款 1.5T COOPER CABRIO Sidewalk','2022款',42,1,335800,335800);
insert into t_car_model(cm_id , cs_id , cm_name,cm_type ,cm_order , cm_state , cm_min_price , cm_max_price) values(50994,209,'2022款 2.0T COOPER S CABRIO 经典派','2022款',43,1,340800,340800);
insert into t_car_model(cm_id , cs_id , cm_name,cm_type ,cm_order , cm_state , cm_min_price , cm_max_price) values(49674,209,'2022款 2.0T COOPER S CABRIO 艺术家','2022款',44,1,358800,358800);
insert into t_car_model(cm_id , cs_id , cm_name,cm_type ,cm_order , cm_state , cm_min_price , cm_max_price) values(50336,209,'2022款 2.0T COOPER S CABRIO Sidewalk','2022款',45,1,368800,368800);
insert into t_car_model(cm_id , cs_id , cm_name,cm_type ,cm_order , cm_state , cm_min_price , cm_max_price) values(48062,209,'2021款 1.5T ONE','2021款',1,1,190800,190800);
insert into t_car_model(cm_id , cs_id , cm_name,cm_type ,cm_order , cm_state , cm_min_price , cm_max_price) values(48063,209,'2021款 1.5T ONE 五门版','2021款',2,1,193800,193800);
insert into t_car_model(cm_id , cs_id , cm_name,cm_type ,cm_order , cm_state , cm_min_price , cm_max_price) values(48663,209,'2021款 1.5T 三门锋芒版','2021款',3,1,220800,220800);
insert into t_car_model(cm_id , cs_id , cm_name,cm_type ,cm_order , cm_state , cm_min_price , cm_max_price) values(48064,209,'2021款 1.5T ONE PLUS','2021款',4,1,201800,201800);
insert into t_car_model(cm_id , cs_id , cm_name,cm_type ,cm_order , cm_state , cm_min_price , cm_max_price) values(48065,209,'2021款 1.5T ONE PLUS 五门版','2021款',5,1,211800,211800);
insert into t_car_model(cm_id , cs_id , cm_name,cm_type ,cm_order , cm_state , cm_min_price , cm_max_price) values(47699,209,'2021款 1.5T COOPER 经典派','2021款',6,1,229800,229800);
insert into t_car_model(cm_id , cs_id , cm_name,cm_type ,cm_order , cm_state , cm_min_price , cm_max_price) values(47436,209,'2021款 1.5T COOPER 经典派 五门版','2021款',7,1,239800,239800);
insert into t_car_model(cm_id , cs_id , cm_name,cm_type ,cm_order , cm_state , cm_min_price , cm_max_price) values(48066,209,'2021款 1.5T COOPER 艺术家','2021款',8,1,247800,247800);
insert into t_car_model(cm_id , cs_id , cm_name,cm_type ,cm_order , cm_state , cm_min_price , cm_max_price) values(48067,209,'2021款 1.5T COOPER 艺术家 五门版','2021款',9,1,257800,257800);
insert into t_car_model(cm_id , cs_id , cm_name,cm_type ,cm_order , cm_state , cm_min_price , cm_max_price) values(48068,209,'2021款 1.5T COOPER 赛车手','2021款',10,1,247800,247800);
insert into t_car_model(cm_id , cs_id , cm_name,cm_type ,cm_order , cm_state , cm_min_price , cm_max_price) values(48069,209,'2021款 1.5T COOPER 赛车手 五门版','2021款',11,1,257800,257800);
insert into t_car_model(cm_id , cs_id , cm_name,cm_type ,cm_order , cm_state , cm_min_price , cm_max_price) values(50374,209,'2021款 1.5T COOPER 子夜黑特别版','2021款',12,1,247800,247800);
insert into t_car_model(cm_id , cs_id , cm_name,cm_type ,cm_order , cm_state , cm_min_price , cm_max_price) values(50375,209,'2021款 1.5T COOPER 子夜黑特别版 五门版','2021款',13,1,257800,257800);
insert into t_car_model(cm_id , cs_id , cm_name,cm_type ,cm_order , cm_state , cm_min_price , cm_max_price) values(48070,209,'2021款 2.0T COOPER S 经典派','2021款',14,1,273800,273800);
insert into t_car_model(cm_id , cs_id , cm_name,cm_type ,cm_order , cm_state , cm_min_price , cm_max_price) values(48071,209,'2021款 2.0T COOPER S 经典派 五门版','2021款',15,1,283800,283800);
insert into t_car_model(cm_id , cs_id , cm_name,cm_type ,cm_order , cm_state , cm_min_price , cm_max_price) values(48072,209,'2021款 2.0T COOPER S 艺术家','2021款',16,1,291800,291800);
insert into t_car_model(cm_id , cs_id , cm_name,cm_type ,cm_order , cm_state , cm_min_price , cm_max_price) values(48073,209,'2021款 2.0T COOPER S 艺术家 五门版','2021款',17,1,301800,301800);
insert into t_car_model(cm_id , cs_id , cm_name,cm_type ,cm_order , cm_state , cm_min_price , cm_max_price) values(48074,209,'2021款 2.0T COOPER S 赛车手','2021款',18,1,291800,291800);
insert into t_car_model(cm_id , cs_id , cm_name,cm_type ,cm_order , cm_state , cm_min_price , cm_max_price) values(48075,209,'2021款 2.0T COOPER S 赛车手 五门版','2021款',19,1,301800,301800);
insert into t_car_model(cm_id , cs_id , cm_name,cm_type ,cm_order , cm_state , cm_min_price , cm_max_price) values(50376,209,'2021款 2.0T COOPER S 典藏版','2021款',20,1,291800,291800);
insert into t_car_model(cm_id , cs_id , cm_name,cm_type ,cm_order , cm_state , cm_min_price , cm_max_price) values(47906,209,'2021款 2.0T COOPER S 叁柒号纪念版','2021款',21,1,301800,301800);
insert into t_car_model(cm_id , cs_id , cm_name,cm_type ,cm_order , cm_state , cm_min_price , cm_max_price) values(48076,209,'2021款 1.5T COOPER CABRIO 经典派','2021款',22,1,297800,297800);
insert into t_car_model(cm_id , cs_id , cm_name,cm_type ,cm_order , cm_state , cm_min_price , cm_max_price) values(48077,209,'2021款 1.5T COOPER CABRIO 艺术家','2021款',23,1,315800,315800);
insert into t_car_model(cm_id , cs_id , cm_name,cm_type ,cm_order , cm_state , cm_min_price , cm_max_price) values(47437,209,'2021款 1.5T COOPER CABRIO Sidewalk','2021款',24,1,335800,335800);
insert into t_car_model(cm_id , cs_id , cm_name,cm_type ,cm_order , cm_state , cm_min_price , cm_max_price) values(48078,209,'2021款 2.0T COOPER S CABRIO 经典派','2021款',25,1,337800,337800);
insert into t_car_model(cm_id , cs_id , cm_name,cm_type ,cm_order , cm_state , cm_min_price , cm_max_price) values(48079,209,'2021款 2.0T COOPER S CABRIO 艺术家','2021款',26,1,356800,356800);
insert into t_car_model(cm_id , cs_id , cm_name,cm_type ,cm_order , cm_state , cm_min_price , cm_max_price) values(50377,209,'2021款 2.0T COOPER S CABRIO 加勒比蓝典藏版','2021款',27,1,356800,356800);
insert into t_car_model(cm_id , cs_id , cm_name,cm_type ,cm_order , cm_state , cm_min_price , cm_max_price) values(48080,209,'2021款 2.0T COOPER S CABRIO Sidewalk','2021款',28,1,376800,376800);
insert into t_car_model(cm_id , cs_id , cm_name,cm_type ,cm_order , cm_state , cm_min_price , cm_max_price) values(45771,209,'2020款 1.5T ONE','2020款',1,1,190800,190800);
insert into t_car_model(cm_id , cs_id , cm_name,cm_type ,cm_order , cm_state , cm_min_price , cm_max_price) values(45772,209,'2020款 1.5T ONE 五门版','2020款',2,1,193800,193800);
insert into t_car_model(cm_id , cs_id , cm_name,cm_type ,cm_order , cm_state , cm_min_price , cm_max_price) values(45773,209,'2020款 1.5T ONE PLUS','2020款',3,1,201800,201800);
insert into t_car_model(cm_id , cs_id , cm_name,cm_type ,cm_order , cm_state , cm_min_price , cm_max_price) values(43948,209,'2020款 1.5T COOPER 绝配限量版','2020款',4,1,247800,247800);
insert into t_car_model(cm_id , cs_id , cm_name,cm_type ,cm_order , cm_state , cm_min_price , cm_max_price) values(43950,209,'2020款 2.0T COOPER S 绝配限量版','2020款',5,1,291800,291800);
insert into t_car_model(cm_id , cs_id , cm_name,cm_type ,cm_order , cm_state , cm_min_price , cm_max_price) values(42514,209,'2020款 1.5T COOPER 经典派 三门绝色版','2020款',6,1,227800,227800);
insert into t_car_model(cm_id , cs_id , cm_name,cm_type ,cm_order , cm_state , cm_min_price , cm_max_price) values(42515,209,'2020款 1.5T COOPER 经典派 五门绝色版','2020款',7,1,237800,237800);
insert into t_car_model(cm_id , cs_id , cm_name,cm_type ,cm_order , cm_state , cm_min_price , cm_max_price) values(42516,209,'2020款 2.0T COOPER S 经典派 三门绝色版','2020款',8,1,271800,271800);
insert into t_car_model(cm_id , cs_id , cm_name,cm_type ,cm_order , cm_state , cm_min_price , cm_max_price) values(45774,209,'2020款 1.5T ONE PLUS 五门版','2020款',9,1,211800,211800);
insert into t_car_model(cm_id , cs_id , cm_name,cm_type ,cm_order , cm_state , cm_min_price , cm_max_price) values(45775,209,'2020款 1.5T COOPER 经典派','2020款',10,1,229800,229800);
insert into t_car_model(cm_id , cs_id , cm_name,cm_type ,cm_order , cm_state , cm_min_price , cm_max_price) values(45776,209,'2020款 1.5T COOPER 经典派 五门版','2020款',11,1,239800,239800);
insert into t_car_model(cm_id , cs_id , cm_name,cm_type ,cm_order , cm_state , cm_min_price , cm_max_price) values(45777,209,'2020款 1.5T COOPER 艺术家','2020款',12,1,247800,247800);
insert into t_car_model(cm_id , cs_id , cm_name,cm_type ,cm_order , cm_state , cm_min_price , cm_max_price) values(45778,209,'2020款 1.5T COOPER 艺术家 五门版','2020款',13,1,257800,257800);
insert into t_car_model(cm_id , cs_id , cm_name,cm_type ,cm_order , cm_state , cm_min_price , cm_max_price) values(45779,209,'2020款 1.5T COOPER 赛车手','2020款',14,1,247800,247800);
insert into t_car_model(cm_id , cs_id , cm_name,cm_type ,cm_order , cm_state , cm_min_price , cm_max_price) values(45782,209,'2020款 1.5T COOPER 赛车手 五门版','2020款',15,1,257800,257800);
insert into t_car_model(cm_id , cs_id , cm_name,cm_type ,cm_order , cm_state , cm_min_price , cm_max_price) values(45786,209,'2020款 2.0T COOPER S 经典派','2020款',16,1,273800,273800);
insert into t_car_model(cm_id , cs_id , cm_name,cm_type ,cm_order , cm_state , cm_min_price , cm_max_price) values(45787,209,'2020款 2.0T COOPER S 经典派 五门版','2020款',17,1,283800,283800);
insert into t_car_model(cm_id , cs_id , cm_name,cm_type ,cm_order , cm_state , cm_min_price , cm_max_price) values(45788,209,'2020款 2.0T COOPER S 艺术家','2020款',18,1,291800,291800);
insert into t_car_model(cm_id , cs_id , cm_name,cm_type ,cm_order , cm_state , cm_min_price , cm_max_price) values(45789,209,'2020款 2.0T COOPER S 艺术家 五门版','2020款',19,1,301800,301800);
insert into t_car_model(cm_id , cs_id , cm_name,cm_type ,cm_order , cm_state , cm_min_price , cm_max_price) values(45790,209,'2020款 2.0T COOPER S 赛车手','2020款',20,1,291800,291800);
insert into t_car_model(cm_id , cs_id , cm_name,cm_type ,cm_order , cm_state , cm_min_price , cm_max_price) values(45791,209,'2020款 2.0T COOPER S 赛车手 五门版','2020款',21,1,301800,301800);
insert into t_car_model(cm_id , cs_id , cm_name,cm_type ,cm_order , cm_state , cm_min_price , cm_max_price) values(45708,209,'2020款 1.5T COOPER 三门日不落红限量版','2020款',22,1,249800,249800);
insert into t_car_model(cm_id , cs_id , cm_name,cm_type ,cm_order , cm_state , cm_min_price , cm_max_price) values(45709,209,'2020款 1.5T COOPER 五门日不落红限量版','2020款',23,1,259800,259800);
insert into t_car_model(cm_id , cs_id , cm_name,cm_type ,cm_order , cm_state , cm_min_price , cm_max_price) values(45710,209,'2020款 2.0T COOPER S 三门日不落红限量版','2020款',24,1,293800,293800);
insert into t_car_model(cm_id , cs_id , cm_name,cm_type ,cm_order , cm_state , cm_min_price , cm_max_price) values(45711,209,'2020款 2.0T COOPER S 五门日不落红限量版','2020款',25,1,303800,303800);
insert into t_car_model(cm_id , cs_id , cm_name,cm_type ,cm_order , cm_state , cm_min_price , cm_max_price) values(45764,209,'2020款 1.5T COOPER CABRIO 经典派','2020款',26,1,297800,297800);
insert into t_car_model(cm_id , cs_id , cm_name,cm_type ,cm_order , cm_state , cm_min_price , cm_max_price) values(45765,209,'2020款 1.5T COOPER CABRIO 艺术家','2020款',27,1,315800,315800);
insert into t_car_model(cm_id , cs_id , cm_name,cm_type ,cm_order , cm_state , cm_min_price , cm_max_price) values(45766,209,'2020款 1.5T COOPER CABRIO Sidewalk','2020款',28,1,335800,335800);
insert into t_car_model(cm_id , cs_id , cm_name,cm_type ,cm_order , cm_state , cm_min_price , cm_max_price) values(45768,209,'2020款 2.0T COOPER S CABRIO 经典派','2020款',29,1,337800,337800);
insert into t_car_model(cm_id , cs_id , cm_name,cm_type ,cm_order , cm_state , cm_min_price , cm_max_price) values(45769,209,'2020款 2.0T COOPER S CABRIO 艺术家','2020款',30,1,356800,356800);
insert into t_car_model(cm_id , cs_id , cm_name,cm_type ,cm_order , cm_state , cm_min_price , cm_max_price) values(43475,209,'2020款 2.0T COOPER S CABRIO Sidewalk','2020款',31,1,376800,376800);
insert into t_car_model(cm_id , cs_id , cm_name,cm_type ,cm_order , cm_state , cm_min_price , cm_max_price) values(43923,209,'2019款 1.5T ONE','2019款',1,1,183800,183800);
insert into t_car_model(cm_id , cs_id , cm_name,cm_type ,cm_order , cm_state , cm_min_price , cm_max_price) values(43924,209,'2019款 1.5T ONE 五门版','2019款',2,1,193800,193800);
insert into t_car_model(cm_id , cs_id , cm_name,cm_type ,cm_order , cm_state , cm_min_price , cm_max_price) values(43925,209,'2019款 1.5T ONE PLUS','2019款',3,1,201800,201800);
insert into t_car_model(cm_id , cs_id , cm_name,cm_type ,cm_order , cm_state , cm_min_price , cm_max_price) values(43927,209,'2019款 1.5T ONE PLUS 五门版','2019款',4,1,211800,211800);
insert into t_car_model(cm_id , cs_id , cm_name,cm_type ,cm_order , cm_state , cm_min_price , cm_max_price) values(43929,209,'2019款 1.5T COOPER 经典派','2019款',5,1,227800,227800);
insert into t_car_model(cm_id , cs_id , cm_name,cm_type ,cm_order , cm_state , cm_min_price , cm_max_price) values(43930,209,'2019款 1.5T COOPER 经典派 五门版','2019款',6,1,237800,237800);
insert into t_car_model(cm_id , cs_id , cm_name,cm_type ,cm_order , cm_state , cm_min_price , cm_max_price) values(43931,209,'2019款 1.5T COOPER 艺术家','2019款',7,1,245800,245800);
insert into t_car_model(cm_id , cs_id , cm_name,cm_type ,cm_order , cm_state , cm_min_price , cm_max_price) values(43932,209,'2019款 1.5T COOPER 艺术家 五门版','2019款',8,1,255800,255800);
insert into t_car_model(cm_id , cs_id , cm_name,cm_type ,cm_order , cm_state , cm_min_price , cm_max_price) values(43933,209,'2019款 1.5T COOPER 赛车手','2019款',9,1,245800,245800);
insert into t_car_model(cm_id , cs_id , cm_name,cm_type ,cm_order , cm_state , cm_min_price , cm_max_price) values(43934,209,'2019款 1.5T COOPER 赛车手 五门版','2019款',10,1,255800,255800);
insert into t_car_model(cm_id , cs_id , cm_name,cm_type ,cm_order , cm_state , cm_min_price , cm_max_price) values(43935,209,'2019款 2.0T COOPER S 经典派','2019款',11,1,271800,271800);
insert into t_car_model(cm_id , cs_id , cm_name,cm_type ,cm_order , cm_state , cm_min_price , cm_max_price) values(43936,209,'2019款 2.0T COOPER S 经典派 五门版','2019款',12,1,281800,281800);
insert into t_car_model(cm_id , cs_id , cm_name,cm_type ,cm_order , cm_state , cm_min_price , cm_max_price) values(43937,209,'2019款 2.0T COOPER S 艺术家','2019款',13,1,289800,289800);
insert into t_car_model(cm_id , cs_id , cm_name,cm_type ,cm_order , cm_state , cm_min_price , cm_max_price) values(43938,209,'2019款 2.0T COOPER S 艺术家 五门版','2019款',14,1,299800,299800);
insert into t_car_model(cm_id , cs_id , cm_name,cm_type ,cm_order , cm_state , cm_min_price , cm_max_price) values(43939,209,'2019款 2.0T COOPER S 赛车手','2019款',15,1,289800,289800);
insert into t_car_model(cm_id , cs_id , cm_name,cm_type ,cm_order , cm_state , cm_min_price , cm_max_price) values(43940,209,'2019款 2.0T COOPER S 赛车手 五门版','2019款',16,1,299800,299800);
insert into t_car_model(cm_id , cs_id , cm_name,cm_type ,cm_order , cm_state , cm_min_price , cm_max_price) values(39345,209,'2019款 1.5T COOPER 60周年纪念版','2019款',17,1,247800,247800);
insert into t_car_model(cm_id , cs_id , cm_name,cm_type ,cm_order , cm_state , cm_min_price , cm_max_price) values(37734,209,'2019款 2.0T COOPER S 60周年纪念版','2019款',18,1,291800,291800);
insert into t_car_model(cm_id , cs_id , cm_name,cm_type ,cm_order , cm_state , cm_min_price , cm_max_price) values(39346,209,'2019款 1.5T COOPER 60周年纪念版 五门版','2019款',19,1,257800,257800);
insert into t_car_model(cm_id , cs_id , cm_name,cm_type ,cm_order , cm_state , cm_min_price , cm_max_price) values(39344,209,'2019款 2.0T COOPER S 60周年纪念版 五门版','2019款',20,1,301800,301800);
insert into t_car_model(cm_id , cs_id , cm_name,cm_type ,cm_order , cm_state , cm_min_price , cm_max_price) values(43926,209,'2019款 1.5T COOPER CABRIO 经典派','2019款',21,1,295800,295800);
insert into t_car_model(cm_id , cs_id , cm_name,cm_type ,cm_order , cm_state , cm_min_price , cm_max_price) values(43928,209,'2019款 1.5T COOPER CABRIO 艺术家','2019款',22,1,313800,313800);
insert into t_car_model(cm_id , cs_id , cm_name,cm_type ,cm_order , cm_state , cm_min_price , cm_max_price) values(43922,209,'2019款 1.5T COOPER CABRIO 好色版','2019款',23,1,333800,333800);
insert into t_car_model(cm_id , cs_id , cm_name,cm_type ,cm_order , cm_state , cm_min_price , cm_max_price) values(33782,209,'2018款 1.5T COOPER SEVEN纪念版','2018款',1,1,261800,261800);
insert into t_car_model(cm_id , cs_id , cm_name,cm_type ,cm_order , cm_state , cm_min_price , cm_max_price) values(33780,209,'2018款 1.5T COOPER 色彩纪念版','2018款',2,1,261800,261800);
insert into t_car_model(cm_id , cs_id , cm_name,cm_type ,cm_order , cm_state , cm_min_price , cm_max_price) values(33779,209,'2018款 2.0T COOPER S CABRIO 纪念版','2018款',3,1,395000,395000);
insert into t_car_model(cm_id , cs_id , cm_name,cm_type ,cm_order , cm_state , cm_min_price , cm_max_price) values(33783,209,'2018款 1.5T COOPER SEVEN纪念版 五门版','2018款',4,1,271800,271800);
insert into t_car_model(cm_id , cs_id , cm_name,cm_type ,cm_order , cm_state , cm_min_price , cm_max_price) values(33781,209,'2018款 1.5T COOPER 色彩纪念版 五门版','2018款',5,1,271800,271800);
insert into t_car_model(cm_id , cs_id , cm_name,cm_type ,cm_order , cm_state , cm_min_price , cm_max_price) values(34796,209,'2018款 1.5T ONE','2018款',6,1,183800,183800);
insert into t_car_model(cm_id , cs_id , cm_name,cm_type ,cm_order , cm_state , cm_min_price , cm_max_price) values(34797,209,'2018款 1.5T ONE PLUS','2018款',7,1,201800,201800);
insert into t_car_model(cm_id , cs_id , cm_name,cm_type ,cm_order , cm_state , cm_min_price , cm_max_price) values(34798,209,'2018款 1.5T COOPER 经典派','2018款',8,1,227800,227800);
insert into t_car_model(cm_id , cs_id , cm_name,cm_type ,cm_order , cm_state , cm_min_price , cm_max_price) values(34799,209,'2018款 1.5T COOPER 艺术家','2018款',9,1,245800,245800);
insert into t_car_model(cm_id , cs_id , cm_name,cm_type ,cm_order , cm_state , cm_min_price , cm_max_price) values(34800,209,'2018款 1.5T COOPER 赛车手','2018款',10,1,245800,245800);
insert into t_car_model(cm_id , cs_id , cm_name,cm_type ,cm_order , cm_state , cm_min_price , cm_max_price) values(34801,209,'2018款 2.0T COOPER S 经典派','2018款',11,1,271800,271800);
insert into t_car_model(cm_id , cs_id , cm_name,cm_type ,cm_order , cm_state , cm_min_price , cm_max_price) values(34554,209,'2018款 2.0T COOPER S 艺术家','2018款',12,1,289800,289800);
insert into t_car_model(cm_id , cs_id , cm_name,cm_type ,cm_order , cm_state , cm_min_price , cm_max_price) values(34802,209,'2018款 2.0T COOPER S 赛车手','2018款',13,1,289800,289800);
insert into t_car_model(cm_id , cs_id , cm_name,cm_type ,cm_order , cm_state , cm_min_price , cm_max_price) values(34803,209,'2018款 1.5T ONE 五门版','2018款',14,1,193800,193800);
insert into t_car_model(cm_id , cs_id , cm_name,cm_type ,cm_order , cm_state , cm_min_price , cm_max_price) values(34804,209,'2018款 1.5T ONE PLUS 五门版','2018款',15,1,211800,211800);
insert into t_car_model(cm_id , cs_id , cm_name,cm_type ,cm_order , cm_state , cm_min_price , cm_max_price) values(34805,209,'2018款 1.5T COOPER 经典派 五门版','2018款',16,1,237800,237800);
insert into t_car_model(cm_id , cs_id , cm_name,cm_type ,cm_order , cm_state , cm_min_price , cm_max_price) values(34806,209,'2018款 1.5T COOPER 艺术家 五门版','2018款',17,1,255800,255800);
insert into t_car_model(cm_id , cs_id , cm_name,cm_type ,cm_order , cm_state , cm_min_price , cm_max_price) values(34807,209,'2018款 1.5T COOPER 赛车手 五门版','2018款',18,1,255800,255800);
insert into t_car_model(cm_id , cs_id , cm_name,cm_type ,cm_order , cm_state , cm_min_price , cm_max_price) values(34808,209,'2018款 2.0T COOPER S 经典派 五门版','2018款',19,1,281800,281800);
insert into t_car_model(cm_id , cs_id , cm_name,cm_type ,cm_order , cm_state , cm_min_price , cm_max_price) values(34809,209,'2018款 2.0T COOPER S 艺术家 五门版','2018款',20,1,299800,299800);
insert into t_car_model(cm_id , cs_id , cm_name,cm_type ,cm_order , cm_state , cm_min_price , cm_max_price) values(34281,209,'2018款 2.0T COOPER S 赛车手 五门版','2018款',21,1,299800,299800);
insert into t_car_model(cm_id , cs_id , cm_name,cm_type ,cm_order , cm_state , cm_min_price , cm_max_price) values(34810,209,'2018款 1.5T COOPER CABRIO 经典派','2018款',22,1,295800,295800);
insert into t_car_model(cm_id , cs_id , cm_name,cm_type ,cm_order , cm_state , cm_min_price , cm_max_price) values(34553,209,'2018款 1.5T COOPER CABRIO 艺术家','2018款',23,1,313800,313800);
insert into t_car_model(cm_id , cs_id , cm_name,cm_type ,cm_order , cm_state , cm_min_price , cm_max_price) values(32340,209,'2017款 1.5T COOPER 冰蓝色限量版','2017款',1,1,285000,285000);
insert into t_car_model(cm_id , cs_id , cm_name,cm_type ,cm_order , cm_state , cm_min_price , cm_max_price) values(31174,209,'2017款 2.0T COOPER S 赛车控','2017款',2,1,312800,312800);
insert into t_car_model(cm_id , cs_id , cm_name,cm_type ,cm_order , cm_state , cm_min_price , cm_max_price) values(31047,209,'2017款 1.5T COOPER 加勒比蓝限量版','2017款',3,1,285000,285000);
insert into t_car_model(cm_id , cs_id , cm_name,cm_type ,cm_order , cm_state , cm_min_price , cm_max_price) values(32341,209,'2017款 1.5T COOPER 冰蓝色限量版 五门版','2017款',4,1,295000,295000);
insert into t_car_model(cm_id , cs_id , cm_name,cm_type ,cm_order , cm_state , cm_min_price , cm_max_price) values(31176,209,'2017款 2.0T COOPER S 赛车控 五门版','2017款',5,1,320800,320800);
insert into t_car_model(cm_id , cs_id , cm_name,cm_type ,cm_order , cm_state , cm_min_price , cm_max_price) values(31223,209,'2017款 1.5T COOPER CABRIO 自由派','2017款',6,1,316800,316800);
insert into t_car_model(cm_id , cs_id , cm_name,cm_type ,cm_order , cm_state , cm_min_price , cm_max_price) values(31224,209,'2017款 2.0T COOPER S CABRIO 自由派','2017款',7,1,361800,361800);
insert into t_car_model(cm_id , cs_id , cm_name,cm_type ,cm_order , cm_state , cm_min_price , cm_max_price) values(31178,209,'2017款 2.0T COOPER S CABRIO 赛车控','2017款',8,1,361800,361800);
insert into t_car_model(cm_id , cs_id , cm_name,cm_type ,cm_order , cm_state , cm_min_price , cm_max_price) values(26291,209,'2016款 1.2T 手动 ONE','2016款',1,1,185000,185000);
insert into t_car_model(cm_id , cs_id , cm_name,cm_type ,cm_order , cm_state , cm_min_price , cm_max_price) values(26302,209,'2016款 1.2T 手动 ONE 五门版','2016款',2,1,195000,195000);
insert into t_car_model(cm_id , cs_id , cm_name,cm_type ,cm_order , cm_state , cm_min_price , cm_max_price) values(26293,209,'2016款 1.2T ONE','2016款',3,1,188800,188800);
insert into t_car_model(cm_id , cs_id , cm_name,cm_type ,cm_order , cm_state , cm_min_price , cm_max_price) values(26303,209,'2016款 1.2T ONE 五门版','2016款',4,1,198800,198800);
insert into t_car_model(cm_id , cs_id , cm_name,cm_type ,cm_order , cm_state , cm_min_price , cm_max_price) values(26279,209,'2016款 1.2T ONE 先锋派','2016款',5,1,206800,206800);
insert into t_car_model(cm_id , cs_id , cm_name,cm_type ,cm_order , cm_state , cm_min_price , cm_max_price) values(26284,209,'2016款 1.2T ONE 先锋派 五门版','2016款',6,1,216800,216800);
insert into t_car_model(cm_id , cs_id , cm_name,cm_type ,cm_order , cm_state , cm_min_price , cm_max_price) values(26295,209,'2016款 1.5T COOPER','2016款',7,1,233800,233800);
insert into t_car_model(cm_id , cs_id , cm_name,cm_type ,cm_order , cm_state , cm_min_price , cm_max_price) values(26304,209,'2016款 1.5T COOPER 五门版','2016款',8,1,243800,243800);
insert into t_car_model(cm_id , cs_id , cm_name,cm_type ,cm_order , cm_state , cm_min_price , cm_max_price) values(26280,209,'2016款 1.5T COOPER 先锋派','2016款',9,1,261800,261800);
insert into t_car_model(cm_id , cs_id , cm_name,cm_type ,cm_order , cm_state , cm_min_price , cm_max_price) values(26285,209,'2016款 1.5T COOPER 先锋派 五门版','2016款',10,1,271800,271800);
insert into t_car_model(cm_id , cs_id , cm_name,cm_type ,cm_order , cm_state , cm_min_price , cm_max_price) values(26281,209,'2016款 1.5T COOPER 表现派','2016款',11,1,261800,261800);
insert into t_car_model(cm_id , cs_id , cm_name,cm_type ,cm_order , cm_state , cm_min_price , cm_max_price) values(26286,209,'2016款 1.5T COOPER 表现派 五门版','2016款',12,1,271800,271800);
insert into t_car_model(cm_id , cs_id , cm_name,cm_type ,cm_order , cm_state , cm_min_price , cm_max_price) values(27499,209,'2016款 1.5T COOPER SEVEN','2016款',13,1,285000,285000);
insert into t_car_model(cm_id , cs_id , cm_name,cm_type ,cm_order , cm_state , cm_min_price , cm_max_price) values(27500,209,'2016款 1.5T COOPER SEVEN 五门版','2016款',14,1,295000,295000);
insert into t_car_model(cm_id , cs_id , cm_name,cm_type ,cm_order , cm_state , cm_min_price , cm_max_price) values(24291,209,'2016款 1.5T COOPER CABRIO 加勒比蓝限量版','2016款',15,1,340000,340000);
insert into t_car_model(cm_id , cs_id , cm_name,cm_type ,cm_order , cm_state , cm_min_price , cm_max_price) values(26297,209,'2016款 2.0T COOPER S 手动','2016款',16,1,261800,261800);
insert into t_car_model(cm_id , cs_id , cm_name,cm_type ,cm_order , cm_state , cm_min_price , cm_max_price) values(26300,209,'2016款 2.0T COOPER S','2016款',17,1,278800,278800);
insert into t_car_model(cm_id , cs_id , cm_name,cm_type ,cm_order , cm_state , cm_min_price , cm_max_price) values(26306,209,'2016款 2.0T COOPER S 五门版','2016款',18,1,313000,313000);
insert into t_car_model(cm_id , cs_id , cm_name,cm_type ,cm_order , cm_state , cm_min_price , cm_max_price) values(26282,209,'2016款 2.0T COOPER S 先锋派','2016款',19,1,312800,312800);
insert into t_car_model(cm_id , cs_id , cm_name,cm_type ,cm_order , cm_state , cm_min_price , cm_max_price) values(26288,209,'2016款 2.0T COOPER S 先锋派 五门版','2016款',20,1,320800,320800);
insert into t_car_model(cm_id , cs_id , cm_name,cm_type ,cm_order , cm_state , cm_min_price , cm_max_price) values(27501,209,'2016款 2.0T COOPER S SEVEN','2016款',21,1,341000,341000);
insert into t_car_model(cm_id , cs_id , cm_name,cm_type ,cm_order , cm_state , cm_min_price , cm_max_price) values(27502,209,'2016款 2.0T COOPER S SEVEN 五门版','2016款',22,1,351000,351000);
insert into t_car_model(cm_id , cs_id , cm_name,cm_type ,cm_order , cm_state , cm_min_price , cm_max_price) values(26283,209,'2016款 2.0T COOPER S 表现派','2016款',23,1,341000,341000);
insert into t_car_model(cm_id , cs_id , cm_name,cm_type ,cm_order , cm_state , cm_min_price , cm_max_price) values(26305,209,'2016款 2.0T COOPER S 表现派 五门版','2016款',24,1,351000,351000);
insert into t_car_model(cm_id , cs_id , cm_name,cm_type ,cm_order , cm_state , cm_min_price , cm_max_price) values(25386,209,'2016款 2.0T COOPER S CABRIO','2016款',25,1,343800,343800);
insert into t_car_model(cm_id , cs_id , cm_name,cm_type ,cm_order , cm_state , cm_min_price , cm_max_price) values(24292,209,'2016款 2.0T COOPER S CABRIO 加勒比蓝限量版','2016款',26,1,385000,385000);
insert into t_car_model(cm_id , cs_id , cm_name,cm_type ,cm_order , cm_state , cm_min_price , cm_max_price) values(25385,209,'2016款 1.5T COOPER CABRIO','2016款',27,1,298800,298800);
insert into t_car_model(cm_id , cs_id , cm_name,cm_type ,cm_order , cm_state , cm_min_price , cm_max_price) values(20489,209,'2015款 1.2T 手动 ONE','2015款',1,1,185000,185000);
insert into t_car_model(cm_id , cs_id , cm_name,cm_type ,cm_order , cm_state , cm_min_price , cm_max_price) values(20533,209,'2015款 1.2T 手动 ONE 五门版','2015款',2,1,195000,195000);
insert into t_car_model(cm_id , cs_id , cm_name,cm_type ,cm_order , cm_state , cm_min_price , cm_max_price) values(20534,209,'2015款 1.2T ONE 五门版','2015款',3,1,219000,219000);
insert into t_car_model(cm_id , cs_id , cm_name,cm_type ,cm_order , cm_state , cm_min_price , cm_max_price) values(20535,209,'2015款 1.5T COOPER Fun 五门版','2015款',4,1,269000,269000);
insert into t_car_model(cm_id , cs_id , cm_name,cm_type ,cm_order , cm_state , cm_min_price , cm_max_price) values(20536,209,'2015款 1.5T COOPER Excitement 五门版','2015款',5,1,299000,299000);
insert into t_car_model(cm_id , cs_id , cm_name,cm_type ,cm_order , cm_state , cm_min_price , cm_max_price) values(19133,209,'2015款 2.0T COOPER S 手动','2015款',6,1,285000,285000);
insert into t_car_model(cm_id , cs_id , cm_name,cm_type ,cm_order , cm_state , cm_min_price , cm_max_price) values(20537,209,'2015款 2.0T COOPER S 五门版','2015款',7,1,339000,339000);
insert into t_car_model(cm_id , cs_id , cm_name,cm_type ,cm_order , cm_state , cm_min_price , cm_max_price) values(18991,209,'2014款 1.2T ONE','2014款',1,1,205000,205000);
insert into t_car_model(cm_id , cs_id , cm_name,cm_type ,cm_order , cm_state , cm_min_price , cm_max_price) values(17889,209,'2014款 1.2T ONE+','2014款',2,1,225000,225000);
insert into t_car_model(cm_id , cs_id , cm_name,cm_type ,cm_order , cm_state , cm_min_price , cm_max_price) values(17539,209,'2014款 1.5T COOPER Fun','2014款',3,1,255000,255000);
insert into t_car_model(cm_id , cs_id , cm_name,cm_type ,cm_order , cm_state , cm_min_price , cm_max_price) values(18992,209,'2014款 1.5T COOPER Excitement','2014款',4,1,285000,285000);
insert into t_car_model(cm_id , cs_id , cm_name,cm_type ,cm_order , cm_state , cm_min_price , cm_max_price) values(17204,209,'2014款 2.0T COOPER S Fun','2014款',5,1,305000,305000);
insert into t_car_model(cm_id , cs_id , cm_name,cm_type ,cm_order , cm_state , cm_min_price , cm_max_price) values(18993,209,'2014款 2.0T COOPER S Excitement','2014款',6,1,335000,335000);
insert into t_car_model(cm_id , cs_id , cm_name,cm_type ,cm_order , cm_state , cm_min_price , cm_max_price) values(16400,209,'2013款 1.6L ONE 限量第一款','2013款',1,1,237000,237000);
insert into t_car_model(cm_id , cs_id , cm_name,cm_type ,cm_order , cm_state , cm_min_price , cm_max_price) values(16401,209,'2013款 1.6L ONE 限量第二款','2013款',2,1,237000,237000);
insert into t_car_model(cm_id , cs_id , cm_name,cm_type ,cm_order , cm_state , cm_min_price , cm_max_price) values(16402,209,'2013款 1.6L ONE 限量第三款','2013款',3,1,237000,237000);
insert into t_car_model(cm_id , cs_id , cm_name,cm_type ,cm_order , cm_state , cm_min_price , cm_max_price) values(13026,209,'2012款 1.6L ONE Baker Street','2012款',1,1,245000,245000);
insert into t_car_model(cm_id , cs_id , cm_name,cm_type ,cm_order , cm_state , cm_min_price , cm_max_price) values(11839,209,'2012款 1.6L COOPER Baker Street','2012款',2,1,278000,278000);
insert into t_car_model(cm_id , cs_id , cm_name,cm_type ,cm_order , cm_state , cm_min_price , cm_max_price) values(13029,209,'2012款 1.6L 中国奥林匹克纪念版','2012款',3,1,296000,296000);
insert into t_car_model(cm_id , cs_id , cm_name,cm_type ,cm_order , cm_state , cm_min_price , cm_max_price) values(13027,209,'2012款 1.6L COOPER Bayswater','2012款',4,1,316000,316000);
insert into t_car_model(cm_id , cs_id , cm_name,cm_type ,cm_order , cm_state , cm_min_price , cm_max_price) values(12836,209,'2012款 1.6T COOPER S Fun','2012款',5,1,319000,319000);
insert into t_car_model(cm_id , cs_id , cm_name,cm_type ,cm_order , cm_state , cm_min_price , cm_max_price) values(12638,209,'2012款 1.6T COOPER S 中国任务版','2012款',6,1,347000,347000);
insert into t_car_model(cm_id , cs_id , cm_name,cm_type ,cm_order , cm_state , cm_min_price , cm_max_price) values(11840,209,'2012款 1.6T COOPER S Bayswater','2012款',7,1,369000,369000);
insert into t_car_model(cm_id , cs_id , cm_name,cm_type ,cm_order , cm_state , cm_min_price , cm_max_price) values(13028,209,'2012款 1.6L COOPER 敞篷 Highgate','2012款',8,1,369000,369000);
insert into t_car_model(cm_id , cs_id , cm_name,cm_type ,cm_order , cm_state , cm_min_price , cm_max_price) values(11895,209,'2012款 1.6T COOPER S 敞篷 Highgate','2012款',9,1,419000,419000);
insert into t_car_model(cm_id , cs_id , cm_name,cm_type ,cm_order , cm_state , cm_min_price , cm_max_price) values(9857,209,'2012款 1.6T GOODWOOD','2012款',10,1,522000,522000);
insert into t_car_model(cm_id , cs_id , cm_name,cm_type ,cm_order , cm_state , cm_min_price , cm_max_price) values(8836,209,'2011款 1.6L ONE','2011款',1,1,225000,225000);
insert into t_car_model(cm_id , cs_id , cm_name,cm_type ,cm_order , cm_state , cm_min_price , cm_max_price) values(8838,209,'2011款 1.6L COOPER Fun','2011款',2,1,269000,269000);
insert into t_car_model(cm_id , cs_id , cm_name,cm_type ,cm_order , cm_state , cm_min_price , cm_max_price) values(10616,209,'2011款 1.6L COOPER Tattoo','2011款',3,1,287000,287000);
insert into t_car_model(cm_id , cs_id , cm_name,cm_type ,cm_order , cm_state , cm_min_price , cm_max_price) values(8839,209,'2011款 1.6L COOPER Excitement','2011款',4,1,309000,309000);
insert into t_car_model(cm_id , cs_id , cm_name,cm_type ,cm_order , cm_state , cm_min_price , cm_max_price) values(8840,209,'2011款 1.6L COOPER CABRIO','2011款',5,1,355000,355000);
insert into t_car_model(cm_id , cs_id , cm_name,cm_type ,cm_order , cm_state , cm_min_price , cm_max_price) values(8053,209,'2011款 1.6T COOPER S','2011款',6,1,359000,359000);
insert into t_car_model(cm_id , cs_id , cm_name,cm_type ,cm_order , cm_state , cm_min_price , cm_max_price) values(8054,209,'2011款 1.6T COOPER S CABRIO','2011款',7,1,415000,415000);
insert into t_car_model(cm_id , cs_id , cm_name,cm_type ,cm_order , cm_state , cm_min_price , cm_max_price) values(6251,209,'2010款 1.6L COOPER Cheer','2010款',1,1,249000,249000);
insert into t_car_model(cm_id , cs_id , cm_name,cm_type ,cm_order , cm_state , cm_min_price , cm_max_price) values(6515,209,'2010款 1.6L COOPER 50 Mayfair','2010款',2,1,339000,339000);
insert into t_car_model(cm_id , cs_id , cm_name,cm_type ,cm_order , cm_state , cm_min_price , cm_max_price) values(6516,209,'2010款 1.6T COOPER S 50 Camden','2010款',3,1,379000,379000);
insert into t_car_model(cm_id , cs_id , cm_name,cm_type ,cm_order , cm_state , cm_min_price , cm_max_price) values(4839,209,'2009款 1.6L COOPER CABRIO','2009款',1,1,369500,369500);
insert into t_car_model(cm_id , cs_id , cm_name,cm_type ,cm_order , cm_state , cm_min_price , cm_max_price) values(4722,209,'2009款 1.6T COOPER S CABRIO','2009款',2,1,429500,429500);
insert into t_car_model(cm_id , cs_id , cm_name,cm_type ,cm_order , cm_state , cm_min_price , cm_max_price) values(2987,209,'2007款 1.6L COOPER Fun','2007款',1,1,280000,280000);
insert into t_car_model(cm_id , cs_id , cm_name,cm_type ,cm_order , cm_state , cm_min_price , cm_max_price) values(2504,209,'2007款 1.6L COOPER Excitement','2007款',2,1,318000,318000);
insert into t_car_model(cm_id , cs_id , cm_name,cm_type ,cm_order , cm_state , cm_min_price , cm_max_price) values(2505,209,'2007款 1.6T COOPER S','2007款',3,1,365000,365000);
insert into t_car_model(cm_id , cs_id , cm_name,cm_type ,cm_order , cm_state , cm_min_price , cm_max_price) values(2386,209,'2006款 1.6 Seven','2006款',1,1,328000,328000);
insert into t_car_model(cm_id , cs_id , cm_name,cm_type ,cm_order , cm_state , cm_min_price , cm_max_price) values(2387,209,'2006款 1.6 Park Lane','2006款',2,1,328000,328000);
insert into t_car_model(cm_id , cs_id , cm_name,cm_type ,cm_order , cm_state , cm_min_price , cm_max_price) values(2388,209,'2006款 1.6 Checkmate','2006款',3,1,328000,328000);
insert into t_car_model(cm_id , cs_id , cm_name,cm_type ,cm_order , cm_state , cm_min_price , cm_max_price) values(3578,209,'2006款 1.6T COOPER S GP','2006款',4,1,750000,750000);
insert into t_car_model(cm_id , cs_id , cm_name,cm_type ,cm_order , cm_state , cm_min_price , cm_max_price) values(540,209,'2004款 1.6 COOPER','2004款',1,1,328000,328000);
insert into t_car_model(cm_id , cs_id , cm_name,cm_type ,cm_order , cm_state , cm_min_price , cm_max_price) values(1270,209,'2004款 1.6 COOPER CABRIO','2004款',2,1,395000,395000);
insert into t_car_series(cs_id,cbf_id,cs_name,cs_order,cs_letter) values(749,143,'MINI CLUBMAN',3354,'M');
insert into t_car_model(cm_id , cs_id , cm_name,cm_type ,cm_order , cm_state , cm_min_price , cm_max_price) values(53831,749,'2022款 改款 1.5T ONE','2022款',1,1,247800,247800);
insert into t_car_model(cm_id , cs_id , cm_name,cm_type ,cm_order , cm_state , cm_min_price , cm_max_price) values(53832,749,'2022款 改款 1.5T COOPER','2022款',2,1,272800,272800);
insert into t_car_model(cm_id , cs_id , cm_name,cm_type ,cm_order , cm_state , cm_min_price , cm_max_price) values(53833,749,'2022款 改款 1.5T COOPER 鉴赏家','2022款',3,1,289800,289800);
insert into t_car_model(cm_id , cs_id , cm_name,cm_type ,cm_order , cm_state , cm_min_price , cm_max_price) values(55285,749,'2022款 1.5T COOPER BRICK LANE 限量版','2022款',4,1,294800,294800);
insert into t_car_model(cm_id , cs_id , cm_name,cm_type ,cm_order , cm_state , cm_min_price , cm_max_price) values(53834,749,'2022款 改款 2.0T COOPER S','2022款',5,1,320800,320800);
insert into t_car_model(cm_id , cs_id , cm_name,cm_type ,cm_order , cm_state , cm_min_price , cm_max_price) values(55286,749,'2022款 2.0T COOPER S BRICK LANE 限量版','2022款',6,1,325800,325800);
insert into t_car_model(cm_id , cs_id , cm_name,cm_type ,cm_order , cm_state , cm_min_price , cm_max_price) values(51669,749,'2022款 1.5T ONE','2022款',7,1,245800,245800);
insert into t_car_model(cm_id , cs_id , cm_name,cm_type ,cm_order , cm_state , cm_min_price , cm_max_price) values(51670,749,'2022款 1.5T COOPER','2022款',8,1,270800,270800);
insert into t_car_model(cm_id , cs_id , cm_name,cm_type ,cm_order , cm_state , cm_min_price , cm_max_price) values(51629,749,'2022款 1.5T COOPER 鉴赏家','2022款',9,1,289800,289800);
insert into t_car_model(cm_id , cs_id , cm_name,cm_type ,cm_order , cm_state , cm_min_price , cm_max_price) values(51317,749,'2022款 2.0T COOPER S','2022款',10,1,325800,325800);
insert into t_car_model(cm_id , cs_id , cm_name,cm_type ,cm_order , cm_state , cm_min_price , cm_max_price) values(48059,749,'2021款 1.5T ONE','2021款',1,1,245800,245800);
insert into t_car_model(cm_id , cs_id , cm_name,cm_type ,cm_order , cm_state , cm_min_price , cm_max_price) values(48060,749,'2021款 1.5T COOPER','2021款',2,1,270800,270800);
insert into t_car_model(cm_id , cs_id , cm_name,cm_type ,cm_order , cm_state , cm_min_price , cm_max_price) values(47738,749,'2021款 1.5T COOPER 鉴赏家','2021款',3,1,289800,289800);
insert into t_car_model(cm_id , cs_id , cm_name,cm_type ,cm_order , cm_state , cm_min_price , cm_max_price) values(48061,749,'2021款 2.0T COOPER S','2021款',4,1,325800,325800);
insert into t_car_model(cm_id , cs_id , cm_name,cm_type ,cm_order , cm_state , cm_min_price , cm_max_price) values(38352,749,'2019款 1.5T ONE 美学版','2019款',1,1,237800,237800);
insert into t_car_model(cm_id , cs_id , cm_name,cm_type ,cm_order , cm_state , cm_min_price , cm_max_price) values(40691,749,'2019款 1.5T COOPER 登月版','2019款',2,1,283800,283800);
insert into t_car_model(cm_id , cs_id , cm_name,cm_type ,cm_order , cm_state , cm_min_price , cm_max_price) values(40692,749,'2019款 2.0T COOPER S 登月版','2019款',3,1,327800,327800);
insert into t_car_model(cm_id , cs_id , cm_name,cm_type ,cm_order , cm_state , cm_min_price , cm_max_price) values(41630,749,'2019款 1.5T ONE','2019款',4,1,245800,245800);
insert into t_car_model(cm_id , cs_id , cm_name,cm_type ,cm_order , cm_state , cm_min_price , cm_max_price) values(38903,749,'2019款 1.5T COOPER','2019款',5,1,269800,269800);
insert into t_car_model(cm_id , cs_id , cm_name,cm_type ,cm_order , cm_state , cm_min_price , cm_max_price) values(41116,749,'2019款 1.5T COOPER 鉴赏家','2019款',6,1,287800,287800);
insert into t_car_model(cm_id , cs_id , cm_name,cm_type ,cm_order , cm_state , cm_min_price , cm_max_price) values(41117,749,'2019款 2.0T COOPER S','2019款',7,1,319800,319800);
insert into t_car_model(cm_id , cs_id , cm_name,cm_type ,cm_order , cm_state , cm_min_price , cm_max_price) values(35535,749,'2018款 1.5T ONE 特别版','2018款',1,1,239800,239800);
insert into t_car_model(cm_id , cs_id , cm_name,cm_type ,cm_order , cm_state , cm_min_price , cm_max_price) values(35546,749,'2018款 1.5T COOPER 经典派','2018款',2,1,266800,266800);
insert into t_car_model(cm_id , cs_id , cm_name,cm_type ,cm_order , cm_state , cm_min_price , cm_max_price) values(35547,749,'2018款 1.5T COOPER 艺术家','2018款',3,1,283800,283800);
insert into t_car_model(cm_id , cs_id , cm_name,cm_type ,cm_order , cm_state , cm_min_price , cm_max_price) values(35548,749,'2018款 1.5T COOPER 赛车手','2018款',4,1,283800,283800);
insert into t_car_model(cm_id , cs_id , cm_name,cm_type ,cm_order , cm_state , cm_min_price , cm_max_price) values(35549,749,'2018款 2.0T COOPER S 经典派','2018款',5,1,310800,310800);
insert into t_car_model(cm_id , cs_id , cm_name,cm_type ,cm_order , cm_state , cm_min_price , cm_max_price) values(35551,749,'2018款 2.0T COOPER S 艺术家','2018款',6,1,327800,327800);
insert into t_car_model(cm_id , cs_id , cm_name,cm_type ,cm_order , cm_state , cm_min_price , cm_max_price) values(35552,749,'2018款 2.0T COOPER S 赛车手','2018款',7,1,327800,327800);
insert into t_car_model(cm_id , cs_id , cm_name,cm_type ,cm_order , cm_state , cm_min_price , cm_max_price) values(31173,749,'2017款 2.0T COOPER S 赛车控','2017款',1,1,350800,350800);
insert into t_car_model(cm_id , cs_id , cm_name,cm_type ,cm_order , cm_state , cm_min_price , cm_max_price) values(23129,749,'2016款 1.5T COOPER','2016款',1,1,295000,295000);
insert into t_car_model(cm_id , cs_id , cm_name,cm_type ,cm_order , cm_state , cm_min_price , cm_max_price) values(23907,749,'2016款 1.5T COOPER 极客版','2016款',2,1,325000,325000);
insert into t_car_model(cm_id , cs_id , cm_name,cm_type ,cm_order , cm_state , cm_min_price , cm_max_price) values(23906,749,'2016款 1.5T COOPER 鉴赏家版','2016款',3,1,325000,325000);
insert into t_car_model(cm_id , cs_id , cm_name,cm_type ,cm_order , cm_state , cm_min_price , cm_max_price) values(23131,749,'2016款 2.0T COOPER S','2016款',4,1,349000,349000);
insert into t_car_model(cm_id , cs_id , cm_name,cm_type ,cm_order , cm_state , cm_min_price , cm_max_price) values(23908,749,'2016款 2.0T COOPER S 极客版','2016款',5,1,385000,385000);
insert into t_car_model(cm_id , cs_id , cm_name,cm_type ,cm_order , cm_state , cm_min_price , cm_max_price) values(23909,749,'2016款 2.0T COOPER S JCW套件版','2016款',6,1,365000,365000);
insert into t_car_model(cm_id , cs_id , cm_name,cm_type ,cm_order , cm_state , cm_min_price , cm_max_price) values(26935,749,'2016款 1.5T ONE 网络限量版','2016款',7,1,249000,249000);
insert into t_car_model(cm_id , cs_id , cm_name,cm_type ,cm_order , cm_state , cm_min_price , cm_max_price) values(26320,749,'2016款 改款 1.5T COOPER','2016款',8,1,273800,273800);
insert into t_car_model(cm_id , cs_id , cm_name,cm_type ,cm_order , cm_state , cm_min_price , cm_max_price) values(26321,749,'2016款 改款 1.5T COOPER 极客版','2016款',9,1,301800,301800);
insert into t_car_model(cm_id , cs_id , cm_name,cm_type ,cm_order , cm_state , cm_min_price , cm_max_price) values(26324,749,'2016款 改款 1.5T COOPER 鉴赏家版','2016款',10,1,301800,301800);
insert into t_car_model(cm_id , cs_id , cm_name,cm_type ,cm_order , cm_state , cm_min_price , cm_max_price) values(26325,749,'2016款 改款 2.0T COOPER S','2016款',11,1,318800,318800);
insert into t_car_model(cm_id , cs_id , cm_name,cm_type ,cm_order , cm_state , cm_min_price , cm_max_price) values(26326,749,'2016款 改款 2.0T COOPER S 极客版','2016款',12,1,350800,350800);
insert into t_car_model(cm_id , cs_id , cm_name,cm_type ,cm_order , cm_state , cm_min_price , cm_max_price) values(26277,749,'2016款 改款 2.0T COOPER S 鉴赏家版','2016款',13,1,350800,350800);
insert into t_car_model(cm_id , cs_id , cm_name,cm_type ,cm_order , cm_state , cm_min_price , cm_max_price) values(16149,749,'2013款 1.6L COOPER Bond Street','2013款',1,1,345000,345000);
insert into t_car_model(cm_id , cs_id , cm_name,cm_type ,cm_order , cm_state , cm_min_price , cm_max_price) values(14920,749,'2013款 1.6T COOPER S Bond Street','2013款',2,1,389000,389000);
insert into t_car_model(cm_id , cs_id , cm_name,cm_type ,cm_order , cm_state , cm_min_price , cm_max_price) values(12839,749,'2012款 1.6T COOPER S Fun','2012款',1,1,339000,339000);
insert into t_car_model(cm_id , cs_id , cm_name,cm_type ,cm_order , cm_state , cm_min_price , cm_max_price) values(12637,749,'2012款 1.6T COOPER S 中国任务版','2012款',2,1,369000,369000);
insert into t_car_model(cm_id , cs_id , cm_name,cm_type ,cm_order , cm_state , cm_min_price , cm_max_price) values(9983,749,'2011款 1.6L COOPER Hampton','2011款',1,1,347000,347000);
insert into t_car_model(cm_id , cs_id , cm_name,cm_type ,cm_order , cm_state , cm_min_price , cm_max_price) values(8835,749,'2011款 1.6L ONE','2011款',2,1,245000,245000);
insert into t_car_model(cm_id , cs_id , cm_name,cm_type ,cm_order , cm_state , cm_min_price , cm_max_price) values(10383,749,'2011款 1.6T COOPER S Hampton','2011款',3,1,395000,395000);
insert into t_car_model(cm_id , cs_id , cm_name,cm_type ,cm_order , cm_state , cm_min_price , cm_max_price) values(8841,749,'2011款 1.6L COOPER Fun','2011款',4,1,289000,289000);
insert into t_car_model(cm_id , cs_id , cm_name,cm_type ,cm_order , cm_state , cm_min_price , cm_max_price) values(8842,749,'2011款 1.6L COOPER Excitement','2011款',5,1,329000,329000);
insert into t_car_model(cm_id , cs_id , cm_name,cm_type ,cm_order , cm_state , cm_min_price , cm_max_price) values(8052,749,'2011款 1.6T COOPER S','2011款',6,1,379000,379000);
insert into t_car_model(cm_id , cs_id , cm_name,cm_type ,cm_order , cm_state , cm_min_price , cm_max_price) values(6235,749,'2010款 1.6L COOPER Cheer','2010款',1,1,269500,269500);
insert into t_car_model(cm_id , cs_id , cm_name,cm_type ,cm_order , cm_state , cm_min_price , cm_max_price) values(4328,749,'2008款 1.6T COOPER S','2008款',1,1,390000,390000);
insert into t_car_model(cm_id , cs_id , cm_name,cm_type ,cm_order , cm_state , cm_min_price , cm_max_price) values(3179,749,'2007款 1.6L COOPER Fun','2007款',1,1,299500,299500);
insert into t_car_model(cm_id , cs_id , cm_name,cm_type ,cm_order , cm_state , cm_min_price , cm_max_price) values(3835,749,'2007款 1.6L COOPER Excitement','2007款',2,1,339500,339500);
insert into t_car_series(cs_id,cbf_id,cs_name,cs_order,cs_letter) values(750,143,'MINI COUNTRYMAN',3355,'M');
insert into t_car_model(cm_id , cs_id , cm_name,cm_type ,cm_order , cm_state , cm_min_price , cm_max_price) values(53633,750,'2022款 改款 1.5T COOPER','2022款',1,1,249800,249800);
insert into t_car_model(cm_id , cs_id , cm_name,cm_type ,cm_order , cm_state , cm_min_price , cm_max_price) values(53634,750,'2022款 改款 1.5T COOPER 鉴赏家','2022款',2,1,269800,269800);
insert into t_car_model(cm_id , cs_id , cm_name,cm_type ,cm_order , cm_state , cm_min_price , cm_max_price) values(53635,750,'2022款 改款 1.5T COOPER ALL4','2022款',3,1,271800,271800);
insert into t_car_model(cm_id , cs_id , cm_name,cm_type ,cm_order , cm_state , cm_min_price , cm_max_price) values(53636,750,'2022款 改款 1.5T COOPER ALL4 鉴赏家','2022款',4,1,289800,289800);
insert into t_car_model(cm_id , cs_id , cm_name,cm_type ,cm_order , cm_state , cm_min_price , cm_max_price) values(53637,750,'2022款 改款 2.0T COOPER S','2022款',5,1,304800,304800);
insert into t_car_model(cm_id , cs_id , cm_name,cm_type ,cm_order , cm_state , cm_min_price , cm_max_price) values(53638,750,'2022款 改款 2.0T COOPER S ALL4','2022款',6,1,334800,334800);
insert into t_car_model(cm_id , cs_id , cm_name,cm_type ,cm_order , cm_state , cm_min_price , cm_max_price) values(52728,750,'2022款 1.5T COOPER ALL4 黑标特别版','2022款',7,1,295800,295800);
insert into t_car_model(cm_id , cs_id , cm_name,cm_type ,cm_order , cm_state , cm_min_price , cm_max_price) values(52742,750,'2022款 2.0T COOPER S ALL4 黑标特别版','2022款',8,1,345800,345800);
insert into t_car_model(cm_id , cs_id , cm_name,cm_type ,cm_order , cm_state , cm_min_price , cm_max_price) values(51979,750,'2022款 1.5T COOPER','2022款',9,1,248800,248800);
insert into t_car_model(cm_id , cs_id , cm_name,cm_type ,cm_order , cm_state , cm_min_price , cm_max_price) values(51478,750,'2022款 1.5T COOPER 鉴赏家','2022款',10,1,269800,269800);
insert into t_car_model(cm_id , cs_id , cm_name,cm_type ,cm_order , cm_state , cm_min_price , cm_max_price) values(51980,750,'2022款 1.5T COOPER ALL4','2022款',11,1,269800,269800);
insert into t_car_model(cm_id , cs_id , cm_name,cm_type ,cm_order , cm_state , cm_min_price , cm_max_price) values(51939,750,'2022款 1.5T COOPER ALL4 鉴赏家','2022款',12,1,289800,289800);
insert into t_car_model(cm_id , cs_id , cm_name,cm_type ,cm_order , cm_state , cm_min_price , cm_max_price) values(51653,750,'2022款 2.0T COOPER S','2022款',13,1,309800,309800);
insert into t_car_model(cm_id , cs_id , cm_name,cm_type ,cm_order , cm_state , cm_min_price , cm_max_price) values(51615,750,'2022款 2.0T COOPER S ALL4','2022款',14,1,339800,339800);
insert into t_car_model(cm_id , cs_id , cm_name,cm_type ,cm_order , cm_state , cm_min_price , cm_max_price) values(46780,750,'2021款 1.5T COOPER','2021款',1,1,248800,248800);
insert into t_car_model(cm_id , cs_id , cm_name,cm_type ,cm_order , cm_state , cm_min_price , cm_max_price) values(46833,750,'2021款 1.5T COOPER 鉴赏家','2021款',2,1,269800,269800);
insert into t_car_model(cm_id , cs_id , cm_name,cm_type ,cm_order , cm_state , cm_min_price , cm_max_price) values(46781,750,'2021款 1.5T COOPER ALL4','2021款',3,1,269800,269800);
insert into t_car_model(cm_id , cs_id , cm_name,cm_type ,cm_order , cm_state , cm_min_price , cm_max_price) values(46834,750,'2021款 1.5T COOPER ALL4 鉴赏家','2021款',4,1,289800,289800);
insert into t_car_model(cm_id , cs_id , cm_name,cm_type ,cm_order , cm_state , cm_min_price , cm_max_price) values(46782,750,'2021款 2.0T COOPER S','2021款',5,1,309800,309800);
insert into t_car_model(cm_id , cs_id , cm_name,cm_type ,cm_order , cm_state , cm_min_price , cm_max_price) values(46784,750,'2021款 2.0T COOPER S ALL4','2021款',6,1,339800,339800);
insert into t_car_model(cm_id , cs_id , cm_name,cm_type ,cm_order , cm_state , cm_min_price , cm_max_price) values(49959,750,'2021款 1.5T COOPER ALL4 拉古纳蓝限量版','2021款',7,1,291800,291800);
insert into t_car_model(cm_id , cs_id , cm_name,cm_type ,cm_order , cm_state , cm_min_price , cm_max_price) values(49960,750,'2021款 2.0T COOPER S ALL4 拉古纳蓝限量版','2021款',8,1,343800,343800);
insert into t_car_model(cm_id , cs_id , cm_name,cm_type ,cm_order , cm_state , cm_min_price , cm_max_price) values(45780,750,'2020款 1.5T COOPER','2020款',1,1,247800,247800);
insert into t_car_model(cm_id , cs_id , cm_name,cm_type ,cm_order , cm_state , cm_min_price , cm_max_price) values(45781,750,'2020款 1.5T COOPER 鉴赏家','2020款',2,1,269800,269800);
insert into t_car_model(cm_id , cs_id , cm_name,cm_type ,cm_order , cm_state , cm_min_price , cm_max_price) values(45783,750,'2020款 1.5T COOPER ALL4','2020款',3,1,269800,269800);
insert into t_car_model(cm_id , cs_id , cm_name,cm_type ,cm_order , cm_state , cm_min_price , cm_max_price) values(45784,750,'2020款 1.5T COOPER ALL4 鉴赏家','2020款',4,1,288800,288800);
insert into t_car_model(cm_id , cs_id , cm_name,cm_type ,cm_order , cm_state , cm_min_price , cm_max_price) values(43334,750,'2020款 1.5T COOPER ALL4 极地版','2020款',5,1,290800,290800);
insert into t_car_model(cm_id , cs_id , cm_name,cm_type ,cm_order , cm_state , cm_min_price , cm_max_price) values(45767,750,'2020款 2.0T COOPER S','2020款',6,1,308800,308800);
insert into t_car_model(cm_id , cs_id , cm_name,cm_type ,cm_order , cm_state , cm_min_price , cm_max_price) values(45785,750,'2020款 2.0T COOPER S ALL4','2020款',7,1,338800,338800);
insert into t_car_model(cm_id , cs_id , cm_name,cm_type ,cm_order , cm_state , cm_min_price , cm_max_price) values(43335,750,'2020款 2.0T COOPER S ALL4 极地版','2020款',8,1,340800,340800);
insert into t_car_model(cm_id , cs_id , cm_name,cm_type ,cm_order , cm_state , cm_min_price , cm_max_price) values(42460,750,'2019款 1.5T COOPER 经典派周末旅行版','2019款',1,1,247800,247800);
insert into t_car_model(cm_id , cs_id , cm_name,cm_type ,cm_order , cm_state , cm_min_price , cm_max_price) values(42461,750,'2019款 1.5T COOPER 艺术家周末旅行版','2019款',2,1,269800,269800);
insert into t_car_model(cm_id , cs_id , cm_name,cm_type ,cm_order , cm_state , cm_min_price , cm_max_price) values(42462,750,'2019款 1.5T COOPER ALL4 经典派周末旅行版','2019款',3,1,269800,269800);
insert into t_car_model(cm_id , cs_id , cm_name,cm_type ,cm_order , cm_state , cm_min_price , cm_max_price) values(42463,750,'2019款 1.5T COOPER ALL4 艺术家周末旅行版','2019款',4,1,288800,288800);
insert into t_car_model(cm_id , cs_id , cm_name,cm_type ,cm_order , cm_state , cm_min_price , cm_max_price) values(42464,750,'2019款 2.0T COOPER S ALL4 经典派','2019款',5,1,321800,321800);
insert into t_car_model(cm_id , cs_id , cm_name,cm_type ,cm_order , cm_state , cm_min_price , cm_max_price) values(42466,750,'2019款 2.0T COOPER S ALL4 艺术家','2019款',6,1,338800,338800);
insert into t_car_model(cm_id , cs_id , cm_name,cm_type ,cm_order , cm_state , cm_min_price , cm_max_price) values(35534,750,'2018款 1.5T COOPER 特别版','2018款',1,1,243800,243800);
insert into t_car_model(cm_id , cs_id , cm_name,cm_type ,cm_order , cm_state , cm_min_price , cm_max_price) values(35536,750,'2018款 1.5T COOPER 经典派','2018款',2,1,256800,256800);
insert into t_car_model(cm_id , cs_id , cm_name,cm_type ,cm_order , cm_state , cm_min_price , cm_max_price) values(35537,750,'2018款 1.5T COOPER 艺术家','2018款',3,1,274800,274800);
insert into t_car_model(cm_id , cs_id , cm_name,cm_type ,cm_order , cm_state , cm_min_price , cm_max_price) values(35538,750,'2018款 1.5T COOPER ALL4 经典派','2018款',4,1,266800,266800);
insert into t_car_model(cm_id , cs_id , cm_name,cm_type ,cm_order , cm_state , cm_min_price , cm_max_price) values(35539,750,'2018款 1.5T COOPER ALL4 艺术家','2018款',5,1,283800,283800);
insert into t_car_model(cm_id , cs_id , cm_name,cm_type ,cm_order , cm_state , cm_min_price , cm_max_price) values(35540,750,'2018款 1.5T COOPER ALL4 赛车手','2018款',6,1,283800,283800);
insert into t_car_model(cm_id , cs_id , cm_name,cm_type ,cm_order , cm_state , cm_min_price , cm_max_price) values(35541,750,'2018款 2.0T COOPER S ALL4 经典派','2018款',7,1,320800,320800);
insert into t_car_model(cm_id , cs_id , cm_name,cm_type ,cm_order , cm_state , cm_min_price , cm_max_price) values(35542,750,'2018款 2.0T COOPER S ALL4 艺术家','2018款',8,1,337800,337800);
insert into t_car_model(cm_id , cs_id , cm_name,cm_type ,cm_order , cm_state , cm_min_price , cm_max_price) values(35543,750,'2018款 2.0T COOPER S ALL4 赛车手','2018款',9,1,337800,337800);
insert into t_car_model(cm_id , cs_id , cm_name,cm_type ,cm_order , cm_state , cm_min_price , cm_max_price) values(29415,750,'2017款 1.5T COOPER','2017款',1,1,263800,263800);
insert into t_car_model(cm_id , cs_id , cm_name,cm_type ,cm_order , cm_state , cm_min_price , cm_max_price) values(29416,750,'2017款 1.5T COOPER 探险家','2017款',2,1,291800,291800);
insert into t_car_model(cm_id , cs_id , cm_name,cm_type ,cm_order , cm_state , cm_min_price , cm_max_price) values(33018,750,'2017款 1.5T COOPER ALL4 非常假日版 英伦绿','2017款',3,1,332000,332000);
insert into t_car_model(cm_id , cs_id , cm_name,cm_type ,cm_order , cm_state , cm_min_price , cm_max_price) values(33019,750,'2017款 1.5T COOPER ALL4 非常假日版 辣椒红','2017款',4,1,332000,332000);
insert into t_car_model(cm_id , cs_id , cm_name,cm_type ,cm_order , cm_state , cm_min_price , cm_max_price) values(31613,750,'2017款 1.5T COOPER ALL4 旅行家形象大使签名限量款','2017款',5,1,332000,332000);
insert into t_car_model(cm_id , cs_id , cm_name,cm_type ,cm_order , cm_state , cm_min_price , cm_max_price) values(29064,750,'2017款 1.5T COOPER ALL4','2017款',6,1,273800,273800);
insert into t_car_model(cm_id , cs_id , cm_name,cm_type ,cm_order , cm_state , cm_min_price , cm_max_price) values(29065,750,'2017款 1.5T COOPER ALL4 旅行家','2017款',7,1,305800,305800);
insert into t_car_model(cm_id , cs_id , cm_name,cm_type ,cm_order , cm_state , cm_min_price , cm_max_price) values(29066,750,'2017款 1.5T COOPER ALL4 探险家','2017款',8,1,305800,305800);
insert into t_car_model(cm_id , cs_id , cm_name,cm_type ,cm_order , cm_state , cm_min_price , cm_max_price) values(29067,750,'2017款 2.0T COOPER S ALL4','2017款',9,1,328800,328800);
insert into t_car_model(cm_id , cs_id , cm_name,cm_type ,cm_order , cm_state , cm_min_price , cm_max_price) values(29068,750,'2017款 2.0T COOPER S ALL4 旅行家','2017款',10,1,363800,363800);
insert into t_car_model(cm_id , cs_id , cm_name,cm_type ,cm_order , cm_state , cm_min_price , cm_max_price) values(29069,750,'2017款 2.0T COOPER S ALL4 探险家','2017款',11,1,363800,363800);
insert into t_car_model(cm_id , cs_id , cm_name,cm_type ,cm_order , cm_state , cm_min_price , cm_max_price) values(31179,750,'2017款 2.0T COOPER S ALL4 赛车控','2017款',12,1,363800,363800);
insert into t_car_model(cm_id , cs_id , cm_name,cm_type ,cm_order , cm_state , cm_min_price , cm_max_price) values(26624,750,'2016款 1.6T COOPER ALL4 Fun装备控','2016款',1,1,296000,296000);
insert into t_car_model(cm_id , cs_id , cm_name,cm_type ,cm_order , cm_state , cm_min_price , cm_max_price) values(26625,750,'2016款 1.6T COOPER ALL4 Excitement装备控','2016款',2,1,336000,336000);
insert into t_car_model(cm_id , cs_id , cm_name,cm_type ,cm_order , cm_state , cm_min_price , cm_max_price) values(26626,750,'2016款 1.6T COOPER ALL4 Park Lane','2016款',3,1,336000,336000);
insert into t_car_model(cm_id , cs_id , cm_name,cm_type ,cm_order , cm_state , cm_min_price , cm_max_price) values(26627,750,'2016款 1.6T COOPER S ALL4 装备控','2016款',4,1,379000,379000);
insert into t_car_model(cm_id , cs_id , cm_name,cm_type ,cm_order , cm_state , cm_min_price , cm_max_price) values(21797,750,'2016款 1.6T COOPER S ALL4 Park Lane','2016款',5,1,379000,379000);
insert into t_car_model(cm_id , cs_id , cm_name,cm_type ,cm_order , cm_state , cm_min_price , cm_max_price) values(21947,750,'2015款 1.6T COOPER S ALL4 进藏限量版','2015款',1,1,399000,399000);
insert into t_car_model(cm_id , cs_id , cm_name,cm_type ,cm_order , cm_state , cm_min_price , cm_max_price) values(19660,750,'2015款 1.6T COOPER S ALL4 极致暗夜版','2015款',2,1,399000,399000);
insert into t_car_model(cm_id , cs_id , cm_name,cm_type ,cm_order , cm_state , cm_min_price , cm_max_price) values(20162,750,'2014款 1.6L ONE','2014款',1,1,259000,259000);
insert into t_car_model(cm_id , cs_id , cm_name,cm_type ,cm_order , cm_state , cm_min_price , cm_max_price) values(20168,750,'2014款 1.6L COOPER Fun','2014款',2,1,276000,276000);
insert into t_car_model(cm_id , cs_id , cm_name,cm_type ,cm_order , cm_state , cm_min_price , cm_max_price) values(20169,750,'2014款 1.6L COOPER Excitement','2014款',3,1,326000,326000);
insert into t_car_model(cm_id , cs_id , cm_name,cm_type ,cm_order , cm_state , cm_min_price , cm_max_price) values(20165,750,'2014款 1.6T COOPER S','2014款',4,1,339000,339000);
insert into t_car_model(cm_id , cs_id , cm_name,cm_type ,cm_order , cm_state , cm_min_price , cm_max_price) values(20163,750,'2014款 1.6T COOPER ALL4 Fun','2014款',5,1,296000,296000);
insert into t_car_model(cm_id , cs_id , cm_name,cm_type ,cm_order , cm_state , cm_min_price , cm_max_price) values(20164,750,'2014款 1.6T COOPER ALL4 Excitement','2014款',6,1,336000,336000);
insert into t_car_model(cm_id , cs_id , cm_name,cm_type ,cm_order , cm_state , cm_min_price , cm_max_price) values(18855,750,'2014款 1.6T COOPER S ALL4','2014款',7,1,379000,379000);
insert into t_car_model(cm_id , cs_id , cm_name,cm_type ,cm_order , cm_state , cm_min_price , cm_max_price) values(16166,750,'2013款 1.6T COOPER ALL4 Fun','2013款',1,1,295000,295000);
insert into t_car_model(cm_id , cs_id , cm_name,cm_type ,cm_order , cm_state , cm_min_price , cm_max_price) values(16914,750,'2013款 1.6T COOPER ALL4 Excitement','2013款',2,1,335000,335000);
insert into t_car_model(cm_id , cs_id , cm_name,cm_type ,cm_order , cm_state , cm_min_price , cm_max_price) values(14692,750,'2013款 1.6T COOPER S ALL4 滑雪版','2013款',3,1,415000,415000);
insert into t_car_model(cm_id , cs_id , cm_name,cm_type ,cm_order , cm_state , cm_min_price , cm_max_price) values(12840,750,'2012款 1.6T COOPER S','2012款',1,1,339000,339000);
insert into t_car_model(cm_id , cs_id , cm_name,cm_type ,cm_order , cm_state , cm_min_price , cm_max_price) values(10147,750,'2011款 1.6L ONE','2011款',1,1,259000,259000);
insert into t_car_model(cm_id , cs_id , cm_name,cm_type ,cm_order , cm_state , cm_min_price , cm_max_price) values(10148,750,'2011款 1.6L COOPER Fun','2011款',2,1,285000,285000);
insert into t_car_model(cm_id , cs_id , cm_name,cm_type ,cm_order , cm_state , cm_min_price , cm_max_price) values(8846,750,'2011款 1.6L COOPER Excitement','2011款',3,1,325000,325000);
insert into t_car_model(cm_id , cs_id , cm_name,cm_type ,cm_order , cm_state , cm_min_price , cm_max_price) values(4354,750,'2011款 1.6T COOPER S ALL4','2011款',4,1,376000,376000);
insert into t_car_series(cs_id,cbf_id,cs_name,cs_order,cs_letter) values(930,143,'MINI ROADSTER',3360,'M');
insert into t_car_model(cm_id , cs_id , cm_name,cm_type ,cm_order , cm_state , cm_min_price , cm_max_price) values(12079,930,'2012款 1.6L COOPER','2012款',1,1,376000,376000);
insert into t_car_model(cm_id , cs_id , cm_name,cm_type ,cm_order , cm_state , cm_min_price , cm_max_price) values(11201,930,'2012款 1.6T COOPER S','2012款',2,1,433000,433000);
insert into t_car_series(cs_id,cbf_id,cs_name,cs_order,cs_letter) values(2241,143,'MINI PACEMAN',3366,'M');
insert into t_car_model(cm_id , cs_id , cm_name,cm_type ,cm_order , cm_state , cm_min_price , cm_max_price) values(20158,2241,'2014款 1.6L COOPER','2014款',1,1,331000,331000);
insert into t_car_model(cm_id , cs_id , cm_name,cm_type ,cm_order , cm_state , cm_min_price , cm_max_price) values(20159,2241,'2014款 1.6T COOPER ALL4','2014款',2,1,341000,341000);
insert into t_car_model(cm_id , cs_id , cm_name,cm_type ,cm_order , cm_state , cm_min_price , cm_max_price) values(20160,2241,'2014款 1.6T COOPER S ALL4','2014款',3,1,389000,389000);
insert into t_car_model(cm_id , cs_id , cm_name,cm_type ,cm_order , cm_state , cm_min_price , cm_max_price) values(15322,2241,'2013款 1.6L COOPER','2013款',1,1,339000,339000);
insert into t_car_model(cm_id , cs_id , cm_name,cm_type ,cm_order , cm_state , cm_min_price , cm_max_price) values(16913,2241,'2013款 1.6T COOPER ALL4','2013款',2,1,349000,349000);
insert into t_car_model(cm_id , cs_id , cm_name,cm_type ,cm_order , cm_state , cm_min_price , cm_max_price) values(13868,2241,'2013款 1.6T COOPER S ALL4','2013款',3,1,389000,389000);
insert into t_car_series(cs_id,cbf_id,cs_name,cs_order,cs_letter) values(904,143,'MINI COUPE',3367,'M');
insert into t_car_model(cm_id , cs_id , cm_name,cm_type ,cm_order , cm_state , cm_min_price , cm_max_price) values(12028,904,'2012款 1.6L COOPER','2012款',1,1,318000,318000);
insert into t_car_model(cm_id , cs_id , cm_name,cm_type ,cm_order , cm_state , cm_min_price , cm_max_price) values(12029,904,'2012款 1.6T COOPER S','2012款',2,1,385000,385000);
insert into t_car_brand_factory(cbf_id , cb_id , cbf_name ,cbf_letter) values(369,56,'MINI JCW','M');
insert into t_car_series(cs_id,cbf_id,cs_name,cs_order,cs_letter) values(3178,369,'MINI JCW',3369,'M');
insert into t_car_model(cm_id , cs_id , cm_name,cm_type ,cm_order , cm_state , cm_min_price , cm_max_price) values(53840,3178,'2022款 改款 2.0T JOHN COOPER WORKS ALL-IN','2022款',1,1,341800,341800);
insert into t_car_model(cm_id , cs_id , cm_name,cm_type ,cm_order , cm_state , cm_min_price , cm_max_price) values(50733,3178,'2022款 2.0T JOHN COOPER WORKS ALL-IN','2022款',2,1,346800,346800);
insert into t_car_model(cm_id , cs_id , cm_name,cm_type ,cm_order , cm_state , cm_min_price , cm_max_price) values(48082,3178,'2021款 2.0T JOHN COOPER WORKS ALL-IN','2021款',1,1,361800,361800);
insert into t_car_model(cm_id , cs_id , cm_name,cm_type ,cm_order , cm_state , cm_min_price , cm_max_price) values(48081,3178,'2021款 2.0T JOHN COOPER WORKS','2021款',2,1,325800,325800);
insert into t_car_model(cm_id , cs_id , cm_name,cm_type ,cm_order , cm_state , cm_min_price , cm_max_price) values(45725,3178,'2020款 2.0T JOHN COOPER WORKS','2020款',1,1,325800,325800);
insert into t_car_model(cm_id , cs_id , cm_name,cm_type ,cm_order , cm_state , cm_min_price , cm_max_price) values(45726,3178,'2020款 2.0T JOHN COOPER WORKS ALL-IN','2020款',2,1,361800,361800);
insert into t_car_model(cm_id , cs_id , cm_name,cm_type ,cm_order , cm_state , cm_min_price , cm_max_price) values(34817,3178,'2018款 2.0T JOHN COOPER WORKS','2018款',1,1,325800,325800);
insert into t_car_model(cm_id , cs_id , cm_name,cm_type ,cm_order , cm_state , cm_min_price , cm_max_price) values(34818,3178,'2018款 2.0T JOHN COOPER WORKS ALL-IN','2018款',2,1,361800,361800);
insert into t_car_model(cm_id , cs_id , cm_name,cm_type ,cm_order , cm_state , cm_min_price , cm_max_price) values(30258,3178,'2017款 2.0T JOHN COOPER WORKS','2017款',1,1,333800,333800);
insert into t_car_model(cm_id , cs_id , cm_name,cm_type ,cm_order , cm_state , cm_min_price , cm_max_price) values(30259,3178,'2017款 2.0T JOHN COOPER WORKS 先锋派','2017款',2,1,366800,366800);
insert into t_car_model(cm_id , cs_id , cm_name,cm_type ,cm_order , cm_state , cm_min_price , cm_max_price) values(26298,3178,'2016款 2.0T JOHN COOPER WORKS','2016款',1,1,355000,355000);
insert into t_car_model(cm_id , cs_id , cm_name,cm_type ,cm_order , cm_state , cm_min_price , cm_max_price) values(26299,3178,'2016款 2.0T JOHN COOPER WORKS 先锋派','2016款',2,1,391000,391000);
insert into t_car_model(cm_id , cs_id , cm_name,cm_type ,cm_order , cm_state , cm_min_price , cm_max_price) values(21185,3178,'2015款 2.0T JOHN COOPER WORKS','2015款',1,1,385000,385000);
insert into t_car_model(cm_id , cs_id , cm_name,cm_type ,cm_order , cm_state , cm_min_price , cm_max_price) values(16666,3178,'2013款 1.6T JOHN COOPER WORKS','2013款',1,1,399000,399000);
insert into t_car_series(cs_id,cbf_id,cs_name,cs_order,cs_letter) values(3179,369,'MINI JCW CLUBMAN',3370,'M');
insert into t_car_model(cm_id , cs_id , cm_name,cm_type ,cm_order , cm_state , cm_min_price , cm_max_price) values(53837,3179,'2022款 改款 2.0T JOHN COOPER WORKS ALL-IN','2022款',1,1,401800,401800);
insert into t_car_model(cm_id , cs_id , cm_name,cm_type ,cm_order , cm_state , cm_min_price , cm_max_price) values(51288,3179,'2022款 2.0T JOHN COOPER WORKS ALL-IN','2022款',2,1,406800,406800);
insert into t_car_model(cm_id , cs_id , cm_name,cm_type ,cm_order , cm_state , cm_min_price , cm_max_price) values(47414,3179,'2021款 2.0T JOHN COOPER WORKS','2021款',1,1,384800,384800);
insert into t_car_model(cm_id , cs_id , cm_name,cm_type ,cm_order , cm_state , cm_min_price , cm_max_price) values(47415,3179,'2021款 2.0T JOHN COOPER WORKS ALL-IN','2021款',2,1,409800,409800);
insert into t_car_model(cm_id , cs_id , cm_name,cm_type ,cm_order , cm_state , cm_min_price , cm_max_price) values(39355,3179,'2020款 2.0T JOHN COOPER WORKS','2020款',1,1,384800,384800);
insert into t_car_model(cm_id , cs_id , cm_name,cm_type ,cm_order , cm_state , cm_min_price , cm_max_price) values(42965,3179,'2020款 2.0T JOHN COOPER WORKS ALL-IN','2020款',2,1,409800,409800);
insert into t_car_model(cm_id , cs_id , cm_name,cm_type ,cm_order , cm_state , cm_min_price , cm_max_price) values(35553,3179,'2018款 2.0T JOHN COOPER WORKS','2018款',1,1,364800,364800);
insert into t_car_model(cm_id , cs_id , cm_name,cm_type ,cm_order , cm_state , cm_min_price , cm_max_price) values(35554,3179,'2018款 2.0T JOHN COOPER WORKS ALL-IN','2018款',2,1,400800,400800);
insert into t_car_model(cm_id , cs_id , cm_name,cm_type ,cm_order , cm_state , cm_min_price , cm_max_price) values(27804,3179,'2017款 2.0T JOHN COOPER WORKS','2017款',1,1,364800,364800);
insert into t_car_model(cm_id , cs_id , cm_name,cm_type ,cm_order , cm_state , cm_min_price , cm_max_price) values(30261,3179,'2017款 2.0T JOHN COOPER WORKS 极客','2017款',2,1,400800,400800);
insert into t_car_model(cm_id , cs_id , cm_name,cm_type ,cm_order , cm_state , cm_min_price , cm_max_price) values(16669,3179,'2013款 1.6T JOHN COOPER WORKS','2013款',1,1,419000,419000);
insert into t_car_series(cs_id,cbf_id,cs_name,cs_order,cs_letter) values(3181,369,'MINI JCW COUNTRYMAN',3371,'M');
insert into t_car_model(cm_id , cs_id , cm_name,cm_type ,cm_order , cm_state , cm_min_price , cm_max_price) values(53839,3181,'2022款 改款 2.0T JOHN COOPER WORKS ALL-IN','2022款',1,1,421800,421800);
insert into t_car_model(cm_id , cs_id , cm_name,cm_type ,cm_order , cm_state , cm_min_price , cm_max_price) values(51289,3181,'2022款 2.0T JOHN COOPER WORKS ALL-IN','2022款',2,1,426800,426800);
insert into t_car_model(cm_id , cs_id , cm_name,cm_type ,cm_order , cm_state , cm_min_price , cm_max_price) values(45759,3181,'2021款 2.0T JOHN COOPER WORKS ALL-IN','2021款',1,1,429800,429800);
insert into t_car_model(cm_id , cs_id , cm_name,cm_type ,cm_order , cm_state , cm_min_price , cm_max_price) values(48083,3181,'2021款 2.0T JOHN COOPER WORKS','2021款',2,1,399800,399800);
insert into t_car_model(cm_id , cs_id , cm_name,cm_type ,cm_order , cm_state , cm_min_price , cm_max_price) values(39354,3181,'2020款 2.0T JOHN COOPER WORKS','2020款',1,1,399800,399800);
insert into t_car_model(cm_id , cs_id , cm_name,cm_type ,cm_order , cm_state , cm_min_price , cm_max_price) values(42967,3181,'2020款 2.0T JOHN COOPER WORKS ALL-IN','2020款',2,1,429800,429800);
insert into t_car_model(cm_id , cs_id , cm_name,cm_type ,cm_order , cm_state , cm_min_price , cm_max_price) values(43336,3181,'2020款 2.0T JOHN COOPER WORKS 极地版','2020款',3,1,429800,429800);
insert into t_car_model(cm_id , cs_id , cm_name,cm_type ,cm_order , cm_state , cm_min_price , cm_max_price) values(35544,3181,'2018款 2.0T JOHN COOPER WORKS','2018款',1,1,378800,378800);
insert into t_car_model(cm_id , cs_id , cm_name,cm_type ,cm_order , cm_state , cm_min_price , cm_max_price) values(35545,3181,'2018款 2.0T JOHN COOPER WORKS ALL-IN','2018款',2,1,414800,414800);
insert into t_car_model(cm_id , cs_id , cm_name,cm_type ,cm_order , cm_state , cm_min_price , cm_max_price) values(29091,3181,'2017款 2.0T JOHN COOPER WORKS','2017款',1,1,378800,378800);
insert into t_car_model(cm_id , cs_id , cm_name,cm_type ,cm_order , cm_state , cm_min_price , cm_max_price) values(30262,3181,'2017款 2.0T JOHN COOPER WORKS 旅行家','2017款',2,1,414800,414800);
insert into t_car_model(cm_id , cs_id , cm_name,cm_type ,cm_order , cm_state , cm_min_price , cm_max_price) values(20166,3181,'2014款 1.6T JOHN COOPER WORKS ALL4','2014款',1,1,429000,429000);
insert into t_car_model(cm_id , cs_id , cm_name,cm_type ,cm_order , cm_state , cm_min_price , cm_max_price) values(16673,3181,'2013款 1.6T JOHN COOPER WORKS ALL4','2013款',1,1,429000,429000);
insert into t_car_series(cs_id,cbf_id,cs_name,cs_order,cs_letter) values(3182,369,'MINI JCW PACEMAN',3372,'M');
insert into t_car_model(cm_id , cs_id , cm_name,cm_type ,cm_order , cm_state , cm_min_price , cm_max_price) values(20161,3182,'2014款 1.6T JOHN COOPER WORKS ALL4','2014款',1,1,439000,439000);
insert into t_car_model(cm_id , cs_id , cm_name,cm_type ,cm_order , cm_state , cm_min_price , cm_max_price) values(16674,3182,'2013款 1.6T JOHN COOPER WORKS ALL4','2013款',1,1,439000,439000);
insert into t_car_series(cs_id,cbf_id,cs_name,cs_order,cs_letter) values(3180,369,'MINI JCW COUPE',3373,'M');
insert into t_car_model(cm_id , cs_id , cm_name,cm_type ,cm_order , cm_state , cm_min_price , cm_max_price) values(16672,3180,'2013款 1.6T JOHN COOPER WORKS','2013款',1,1,425000,425000);
