insert into t_car_brand_factory(cbf_id , cb_id , cbf_name ,cbf_letter) values(574,306,'SRM鑫源新能源','S');
insert into t_car_series(cs_id,cbf_id,cs_name,cs_order,cs_letter) values(4567,574,'海狮EV',4082,'H');
insert into t_car_model(cm_id , cs_id , cm_name,cm_type ,cm_order , cm_state , cm_min_price , cm_max_price) values(1011212,4567,'2021款 标准型','2021款',1,1,126800,126800);
insert into t_car_model(cm_id , cs_id , cm_name,cm_type ,cm_order , cm_state , cm_min_price , cm_max_price) values(1011211,4567,'2021款 舒适型','2021款',2,1,128800,128800);
insert into t_car_model(cm_id , cs_id , cm_name,cm_type ,cm_order , cm_state , cm_min_price , cm_max_price) values(1006564,4567,'2018款 EV300创富型','2018款',1,1,169800,169800);
insert into t_car_model(cm_id , cs_id , cm_name,cm_type ,cm_order , cm_state , cm_min_price , cm_max_price) values(1006563,4567,'2018款 EV300财富型','2018款',2,1,170800,170800);
insert into t_car_model(cm_id , cs_id , cm_name,cm_type ,cm_order , cm_state , cm_min_price , cm_max_price) values(1005571,4567,'2017款 标准型','2017款',1,1,166800,166800);
insert into t_car_series(cs_id,cbf_id,cs_name,cs_order,cs_letter) values(4566,574,'好运1号',4083,'H');
insert into t_car_model(cm_id , cs_id , cm_name,cm_type ,cm_order , cm_state , cm_min_price , cm_max_price) values(1011214,4566,'2021款 Ⅲ 创业型','2021款',1,1,126800,126800);
insert into t_car_model(cm_id , cs_id , cm_name,cm_type ,cm_order , cm_state , cm_min_price , cm_max_price) values(1011213,4566,'2021款 Ⅲ 创富型','2021款',2,1,128800,128800);
insert into t_car_model(cm_id , cs_id , cm_name,cm_type ,cm_order , cm_state , cm_min_price , cm_max_price) values(1008640,4566,'2019款 创富型','2019款',1,1,126800,126800);
insert into t_car_model(cm_id , cs_id , cm_name,cm_type ,cm_order , cm_state , cm_min_price , cm_max_price) values(1008639,4566,'2019款 财富型','2019款',2,1,128800,128800);
insert into t_car_model(cm_id , cs_id , cm_name,cm_type ,cm_order , cm_state , cm_min_price , cm_max_price) values(1006562,4566,'2018款 300创富型','2018款',1,1,135800,135800);
insert into t_car_model(cm_id , cs_id , cm_name,cm_type ,cm_order , cm_state , cm_min_price , cm_max_price) values(1006561,4566,'2018款 300财富型','2018款',2,1,137800,137800);
insert into t_car_model(cm_id , cs_id , cm_name,cm_type ,cm_order , cm_state , cm_min_price , cm_max_price) values(1005570,4566,'2017款 舒适型','2017款',1,1,166800,166800);
insert into t_car_model(cm_id , cs_id , cm_name,cm_type ,cm_order , cm_state , cm_min_price , cm_max_price) values(1005569,4566,'2017款 豪华型','2017款',2,1,169800,169800);
insert into t_car_series(cs_id,cbf_id,cs_name,cs_order,cs_letter) values(5526,574,'小海狮EV',4084,'X');
insert into t_car_model(cm_id , cs_id , cm_name,cm_type ,cm_order , cm_state , cm_min_price , cm_max_price) values(1012280,5526,'2021款 标准型','2021款',1,1,119800,119800);
insert into t_car_model(cm_id , cs_id , cm_name,cm_type ,cm_order , cm_state , cm_min_price , cm_max_price) values(1008660,5526,'2019款 标准型','2019款',1,1,115800,115800);
insert into t_car_model(cm_id , cs_id , cm_name,cm_type ,cm_order , cm_state , cm_min_price , cm_max_price) values(1008659,5526,'2019款 舒适型','2019款',2,1,117800,117800);
insert into t_car_series(cs_id,cbf_id,cs_name,cs_order,cs_letter) values(6457,574,'鑫源T2S EV',4085,'X');
insert into t_car_model(cm_id , cs_id , cm_name,cm_type ,cm_order , cm_state , cm_min_price , cm_max_price) values(1012281,6457,'2021款 厢货型','2021款',1,1,136800,136800);
insert into t_car_model(cm_id , cs_id , cm_name,cm_type ,cm_order , cm_state , cm_min_price , cm_max_price) values(1012282,6457,'2021款 仓栅型','2021款',2,1,134800,134800);
insert into t_car_model(cm_id , cs_id , cm_name,cm_type ,cm_order , cm_state , cm_min_price , cm_max_price) values(1012283,6457,'2021款 栏板型','2021款',3,1,133800,133800);
insert into t_car_series(cs_id,cbf_id,cs_name,cs_order,cs_letter) values(5525,574,'鑫源T50EV',4086,'X');
insert into t_car_model(cm_id , cs_id , cm_name,cm_type ,cm_order , cm_state , cm_min_price , cm_max_price) values(1010120,5525,'2021款 创业型货车','2021款',1,1,152800,152800);
insert into t_car_model(cm_id , cs_id , cm_name,cm_type ,cm_order , cm_state , cm_min_price , cm_max_price) values(1010117,5525,'2021款 创富型货车','2021款',2,1,154800,154800);
insert into t_car_model(cm_id , cs_id , cm_name,cm_type ,cm_order , cm_state , cm_min_price , cm_max_price) values(1010121,5525,'2021款 创业型简易仓栅','2021款',3,1,155800,155800);
insert into t_car_model(cm_id , cs_id , cm_name,cm_type ,cm_order , cm_state , cm_min_price , cm_max_price) values(1010118,5525,'2021款 创富型简易仓栅','2021款',4,1,157800,157800);
insert into t_car_model(cm_id , cs_id , cm_name,cm_type ,cm_order , cm_state , cm_min_price , cm_max_price) values(1010122,5525,'2021款 创业型厢货','2021款',5,1,156800,156800);
insert into t_car_model(cm_id , cs_id , cm_name,cm_type ,cm_order , cm_state , cm_min_price , cm_max_price) values(1010119,5525,'2021款 创富型厢货','2021款',6,1,158800,158800);
insert into t_car_model(cm_id , cs_id , cm_name,cm_type ,cm_order , cm_state , cm_min_price , cm_max_price) values(1008670,5525,'2019款 创业型货车68.6度力神电池','2019款',1,1,165800,165800);
insert into t_car_model(cm_id , cs_id , cm_name,cm_type ,cm_order , cm_state , cm_min_price , cm_max_price) values(1008666,5525,'2019款 创富型货车68.6度力神电池','2019款',2,1,167800,167800);
insert into t_car_model(cm_id , cs_id , cm_name,cm_type ,cm_order , cm_state , cm_min_price , cm_max_price) values(1008671,5525,'2019款 创业型厢货68.6度力神电池','2019款',3,1,169800,169800);
insert into t_car_model(cm_id , cs_id , cm_name,cm_type ,cm_order , cm_state , cm_min_price , cm_max_price) values(1008667,5525,'2019款 创富型厢货68.6度力神电池','2019款',4,1,171800,171800);
insert into t_car_model(cm_id , cs_id , cm_name,cm_type ,cm_order , cm_state , cm_min_price , cm_max_price) values(1008672,5525,'2019款 创业型货车55度力神电池','2019款',5,1,152800,152800);
insert into t_car_model(cm_id , cs_id , cm_name,cm_type ,cm_order , cm_state , cm_min_price , cm_max_price) values(1008668,5525,'2019款 创富型货车55度力神电池','2019款',6,1,154800,154800);
insert into t_car_model(cm_id , cs_id , cm_name,cm_type ,cm_order , cm_state , cm_min_price , cm_max_price) values(1008673,5525,'2019款 创业型厢货55度力神电池','2019款',7,1,156800,156800);
insert into t_car_model(cm_id , cs_id , cm_name,cm_type ,cm_order , cm_state , cm_min_price , cm_max_price) values(1008669,5525,'2019款 创富型厢货55度力神电池','2019款',8,1,158800,158800);
insert into t_car_series(cs_id,cbf_id,cs_name,cs_order,cs_letter) values(5524,574,'好运2号',4087,'H');
insert into t_car_model(cm_id , cs_id , cm_name,cm_type ,cm_order , cm_state , cm_min_price , cm_max_price) values(1008642,5524,'2019款 标准型','2019款',1,1,116800,116800);
insert into t_car_model(cm_id , cs_id , cm_name,cm_type ,cm_order , cm_state , cm_min_price , cm_max_price) values(1008641,5524,'2019款 舒适型','2019款',2,1,118800,118800);
insert into t_car_series(cs_id,cbf_id,cs_name,cs_order,cs_letter) values(4568,574,'鑫源T20EV',4088,'X');
insert into t_car_model(cm_id , cs_id , cm_name,cm_type ,cm_order , cm_state , cm_min_price , cm_max_price) values(1006566,4568,'2018款 栏板货车舒适型','2018款',1,1,106800,106800);
insert into t_car_model(cm_id , cs_id , cm_name,cm_type ,cm_order , cm_state , cm_min_price , cm_max_price) values(1006565,4568,'2018款 厢式货车舒适型','2018款',2,1,109800,109800);
insert into t_car_model(cm_id , cs_id , cm_name,cm_type ,cm_order , cm_state , cm_min_price , cm_max_price) values(1005573,4568,'2017款 厢式货车','2017款',1,1,136800,136800);
insert into t_car_model(cm_id , cs_id , cm_name,cm_type ,cm_order , cm_state , cm_min_price , cm_max_price) values(1005572,4568,'2017款 栏板货车','2017款',2,1,133800,133800);
insert into t_car_brand_factory(cbf_id , cb_id , cbf_name ,cbf_letter) values(409,306,'华晨鑫源','H');
insert into t_car_series(cs_id,cbf_id,cs_name,cs_order,cs_letter) values(6132,409,'金海狮',4069,'J');
insert into t_car_model(cm_id , cs_id , cm_name,cm_type ,cm_order , cm_state , cm_min_price , cm_max_price) values(52059,6132,'2021款 1.6L 厢货工程狮 2座','2021款',1,1,60900,60900);
insert into t_car_model(cm_id , cs_id , cm_name,cm_type ,cm_order , cm_state , cm_min_price , cm_max_price) values(52060,6132,'2021款 1.6L 厢货旅行狮 2座','2021款',2,1,63900,63900);
insert into t_car_model(cm_id , cs_id , cm_name,cm_type ,cm_order , cm_state , cm_min_price , cm_max_price) values(52061,6132,'2021款 1.5L 客车工程狮 5座','2021款',3,1,60900,60900);
insert into t_car_model(cm_id , cs_id , cm_name,cm_type ,cm_order , cm_state , cm_min_price , cm_max_price) values(52105,6132,'2021款 1.5L 客车工程狮 6座','2021款',4,1,60900,60900);
insert into t_car_model(cm_id , cs_id , cm_name,cm_type ,cm_order , cm_state , cm_min_price , cm_max_price) values(52106,6132,'2021款 1.5L 客车工程狮 7座','2021款',5,1,60900,60900);
insert into t_car_model(cm_id , cs_id , cm_name,cm_type ,cm_order , cm_state , cm_min_price , cm_max_price) values(52107,6132,'2021款 1.5L 客车工程狮中央空调版 9座','2021款',6,1,63900,63900);
insert into t_car_model(cm_id , cs_id , cm_name,cm_type ,cm_order , cm_state , cm_min_price , cm_max_price) values(52108,6132,'2021款 1.5L 客车旅行狮 5座','2021款',7,1,63900,63900);
insert into t_car_model(cm_id , cs_id , cm_name,cm_type ,cm_order , cm_state , cm_min_price , cm_max_price) values(52110,6132,'2021款 1.5L 客车旅行狮 6座','2021款',8,1,63900,63900);
insert into t_car_model(cm_id , cs_id , cm_name,cm_type ,cm_order , cm_state , cm_min_price , cm_max_price) values(52062,6132,'2021款 1.5L 客车旅行狮 7座','2021款',9,1,63900,63900);
insert into t_car_model(cm_id , cs_id , cm_name,cm_type ,cm_order , cm_state , cm_min_price , cm_max_price) values(52109,6132,'2021款 1.5L 客车旅行狮中央空调版 9座','2021款',10,1,66900,66900);
insert into t_car_model(cm_id , cs_id , cm_name,cm_type ,cm_order , cm_state , cm_min_price , cm_max_price) values(52063,6132,'2021款 2.0L 厢货工程狮 2座','2021款',11,1,66900,66900);
insert into t_car_model(cm_id , cs_id , cm_name,cm_type ,cm_order , cm_state , cm_min_price , cm_max_price) values(52064,6132,'2021款 2.0L 客车工程狮 5座','2021款',12,1,66900,66900);
insert into t_car_model(cm_id , cs_id , cm_name,cm_type ,cm_order , cm_state , cm_min_price , cm_max_price) values(52111,6132,'2021款 2.0L 客车工程狮 6座','2021款',13,1,66900,66900);
insert into t_car_model(cm_id , cs_id , cm_name,cm_type ,cm_order , cm_state , cm_min_price , cm_max_price) values(52112,6132,'2021款 2.0L 客车工程狮 7座','2021款',14,1,66900,66900);
insert into t_car_model(cm_id , cs_id , cm_name,cm_type ,cm_order , cm_state , cm_min_price , cm_max_price) values(52113,6132,'2021款 2.0L 客车工程狮中央空调版 9座','2021款',15,1,69900,69900);
insert into t_car_model(cm_id , cs_id , cm_name,cm_type ,cm_order , cm_state , cm_min_price , cm_max_price) values(50734,6132,'2021款 2.0L 客车旅行狮 5座','2021款',16,1,69900,69900);
insert into t_car_model(cm_id , cs_id , cm_name,cm_type ,cm_order , cm_state , cm_min_price , cm_max_price) values(52114,6132,'2021款 2.0L 客车旅行狮 6座','2021款',17,1,69900,69900);
insert into t_car_model(cm_id , cs_id , cm_name,cm_type ,cm_order , cm_state , cm_min_price , cm_max_price) values(52115,6132,'2021款 2.0L 客车旅行狮 7座','2021款',18,1,69900,69900);
insert into t_car_model(cm_id , cs_id , cm_name,cm_type ,cm_order , cm_state , cm_min_price , cm_max_price) values(52116,6132,'2021款 2.0L 客车旅行狮中央空调版 9座','2021款',19,1,72900,72900);
insert into t_car_series(cs_id,cbf_id,cs_name,cs_order,cs_letter) values(6283,409,'鑫源X30',4070,'X');
insert into t_car_model(cm_id , cs_id , cm_name,cm_type ,cm_order , cm_state , cm_min_price , cm_max_price) values(1011812,6283,'2021款 1.5L天然气标准型客车SWCC15M','2021款',1,1,44800,44800);
insert into t_car_model(cm_id , cs_id , cm_name,cm_type ,cm_order , cm_state , cm_min_price , cm_max_price) values(1011810,6283,'2021款 1.5L天然气舒适型客车SWCC15M','2021款',2,1,46800,46800);
insert into t_car_model(cm_id , cs_id , cm_name,cm_type ,cm_order , cm_state , cm_min_price , cm_max_price) values(1011808,6283,'2021款 1.5L天然气舒适型中央空调版客车SWCC15M','2021款',3,1,49800,49800);
insert into t_car_model(cm_id , cs_id , cm_name,cm_type ,cm_order , cm_state , cm_min_price , cm_max_price) values(1011813,6283,'2021款 1.5L天然气标准型厢货SWCC15M','2021款',4,1,44800,44800);
insert into t_car_model(cm_id , cs_id , cm_name,cm_type ,cm_order , cm_state , cm_min_price , cm_max_price) values(1011811,6283,'2021款 1.5L天然气舒适型厢货SWCC15M','2021款',5,1,46800,46800);
insert into t_car_model(cm_id , cs_id , cm_name,cm_type ,cm_order , cm_state , cm_min_price , cm_max_price) values(1011809,6283,'2021款 1.5L天然气舒适型中央空调版厢货SWCC15M','2021款',6,1,49800,49800);
insert into t_car_series(cs_id,cbf_id,cs_name,cs_order,cs_letter) values(4758,409,'鑫源X30L',4071,'X');
insert into t_car_model(cm_id , cs_id , cm_name,cm_type ,cm_order , cm_state , cm_min_price , cm_max_price) values(1011806,4758,'2021款 1.5L天然气财富版客车SWCC15M','2021款',1,1,56800,56800);
insert into t_car_model(cm_id , cs_id , cm_name,cm_type ,cm_order , cm_state , cm_min_price , cm_max_price) values(1011804,4758,'2021款 1.5L天然气财富单蒸空调版客车SWCC15M','2021款',2,1,58800,58800);
insert into t_car_model(cm_id , cs_id , cm_name,cm_type ,cm_order , cm_state , cm_min_price , cm_max_price) values(1011802,4758,'2021款 1.5L天然气商务中央空调版客车SWCC15M','2021款',3,1,62800,62800);
insert into t_car_model(cm_id , cs_id , cm_name,cm_type ,cm_order , cm_state , cm_min_price , cm_max_price) values(1011807,4758,'2021款 1.5L天然气财富版厢货SWCC15M','2021款',4,1,56800,56800);
insert into t_car_model(cm_id , cs_id , cm_name,cm_type ,cm_order , cm_state , cm_min_price , cm_max_price) values(1011805,4758,'2021款 1.5L天然气财富单蒸空调版厢货SWCC15M','2021款',5,1,58800,58800);
insert into t_car_model(cm_id , cs_id , cm_name,cm_type ,cm_order , cm_state , cm_min_price , cm_max_price) values(1011803,4758,'2021款 1.5L天然气商务中央空调版厢货SWCC15M','2021款',6,1,62800,62800);
insert into t_car_model(cm_id , cs_id , cm_name,cm_type ,cm_order , cm_state , cm_min_price , cm_max_price) values(1009410,4758,'2020款 1.5L财富版天然气车客车国VI SWFC15M','2020款',1,1,58800,58800);
insert into t_car_model(cm_id , cs_id , cm_name,cm_type ,cm_order , cm_state , cm_min_price , cm_max_price) values(1009408,4758,'2020款 1.5L商务版天然气车客车国VI SWFC15M','2020款',2,1,61800,61800);
insert into t_car_model(cm_id , cs_id , cm_name,cm_type ,cm_order , cm_state , cm_min_price , cm_max_price) values(1009406,4758,'2020款 1.5L尊享版天然气车客车国VI SWFC15M','2020款',3,1,63800,63800);
insert into t_car_model(cm_id , cs_id , cm_name,cm_type ,cm_order , cm_state , cm_min_price , cm_max_price) values(1009411,4758,'2020款 1.5L财富版天然气车厢货国VI SWFC15M','2020款',4,1,58800,58800);
insert into t_car_model(cm_id , cs_id , cm_name,cm_type ,cm_order , cm_state , cm_min_price , cm_max_price) values(1009409,4758,'2020款 1.5L商务版天然气车厢货国VI SWFC15M','2020款',5,1,61800,61800);
insert into t_car_model(cm_id , cs_id , cm_name,cm_type ,cm_order , cm_state , cm_min_price , cm_max_price) values(1009407,4758,'2020款 1.5L尊享版天然气车厢货国VI SWFC15M','2020款',6,1,63800,63800);
insert into t_car_model(cm_id , cs_id , cm_name,cm_type ,cm_order , cm_state , cm_min_price , cm_max_price) values(1006248,4758,'2018款 1.5L财富版天然气车客车SWFC15','2018款',1,1,57800,57800);
insert into t_car_model(cm_id , cs_id , cm_name,cm_type ,cm_order , cm_state , cm_min_price , cm_max_price) values(1006246,4758,'2018款 1.5L商务版天然气车客车SWFC15','2018款',2,1,60800,60800);
insert into t_car_model(cm_id , cs_id , cm_name,cm_type ,cm_order , cm_state , cm_min_price , cm_max_price) values(1006244,4758,'2018款 1.5L尊贵版天然气车客车SWFC15','2018款',3,1,62800,62800);
insert into t_car_model(cm_id , cs_id , cm_name,cm_type ,cm_order , cm_state , cm_min_price , cm_max_price) values(1006249,4758,'2018款 1.5L财富版天然气车厢货SWFC15','2018款',4,1,57000,57000);
insert into t_car_model(cm_id , cs_id , cm_name,cm_type ,cm_order , cm_state , cm_min_price , cm_max_price) values(1006247,4758,'2018款 1.5L商务版天然气车厢货SWFC15','2018款',5,1,59800,59800);
insert into t_car_model(cm_id , cs_id , cm_name,cm_type ,cm_order , cm_state , cm_min_price , cm_max_price) values(1006245,4758,'2018款 1.5L尊贵版天然气车厢货SWFC15','2018款',6,1,61800,61800);
insert into t_car_series(cs_id,cbf_id,cs_name,cs_order,cs_letter) values(6031,409,'鑫卡S50',4072,'X');
insert into t_car_model(cm_id , cs_id , cm_name,cm_type ,cm_order , cm_state , cm_min_price , cm_max_price) values(1010908,6031,'2021款 1.6L标准型SWD16MS','2021款',1,1,49800,49800);
insert into t_car_series(cs_id,cbf_id,cs_name,cs_order,cs_letter) values(6032,409,'鑫卡S52',4073,'X');
insert into t_car_model(cm_id , cs_id , cm_name,cm_type ,cm_order , cm_state , cm_min_price , cm_max_price) values(1010909,6032,'2021款 1.6L标准型SWD16MS','2021款',1,1,52800,52800);
insert into t_car_series(cs_id,cbf_id,cs_name,cs_order,cs_letter) values(5989,409,'鑫卡T50 PLUS',4074,'X');
insert into t_car_model(cm_id , cs_id , cm_name,cm_type ,cm_order , cm_state , cm_min_price , cm_max_price) values(1010813,5989,'2021款 2.0L标准型3.4米SWE20MS','2021款',1,1,58800,58800);
insert into t_car_model(cm_id , cs_id , cm_name,cm_type ,cm_order , cm_state , cm_min_price , cm_max_price) values(1010812,5989,'2021款 2.0L标准型3.6米SWE20MS','2021款',2,1,59800,59800);
insert into t_car_model(cm_id , cs_id , cm_name,cm_type ,cm_order , cm_state , cm_min_price , cm_max_price) values(1010503,5989,'2021款 2.0L标准型3.855米SWE20MS','2021款',3,1,60800,60800);
insert into t_car_model(cm_id , cs_id , cm_name,cm_type ,cm_order , cm_state , cm_min_price , cm_max_price) values(1011647,5989,'2021款 2.0L 100L普通版CNG 3.6米SWEC20M','2021款',4,1,63800,63800);
insert into t_car_model(cm_id , cs_id , cm_name,cm_type ,cm_order , cm_state , cm_min_price , cm_max_price) values(1011646,5989,'2021款 2.0L 200L加强版CNG 3.6米SWEC20M','2021款',5,1,65800,65800);
insert into t_car_series(cs_id,cbf_id,cs_name,cs_order,cs_letter) values(6020,409,'鑫卡T52 PLUS',4075,'X');
insert into t_car_model(cm_id , cs_id , cm_name,cm_type ,cm_order , cm_state , cm_min_price , cm_max_price) values(1010809,6020,'2021款 2.0L标准型2.605米SWE20MS','2021款',1,1,61800,61800);
insert into t_car_model(cm_id , cs_id , cm_name,cm_type ,cm_order , cm_state , cm_min_price , cm_max_price) values(1010810,6020,'2021款 2.0L标准型2.85米SWE20MS','2021款',2,1,62800,62800);
insert into t_car_model(cm_id , cs_id , cm_name,cm_type ,cm_order , cm_state , cm_min_price , cm_max_price) values(1010811,6020,'2021款 2.0L标准型3米SWE20MS','2021款',3,1,63800,63800);
insert into t_car_model(cm_id , cs_id , cm_name,cm_type ,cm_order , cm_state , cm_min_price , cm_max_price) values(1011648,6020,'2021款 2.0L标准型CNG 2.85米SWEC20M','2021款',4,1,65800,65800);
insert into t_car_model(cm_id , cs_id , cm_name,cm_type ,cm_order , cm_state , cm_min_price , cm_max_price) values(1011649,6020,'2021款 2.0L标准型CNG 3米SWEC20M','2021款',5,1,66800,66800);
insert into t_car_series(cs_id,cbf_id,cs_name,cs_order,cs_letter) values(5108,409,'鑫源T30S',4076,'X');
insert into t_car_model(cm_id , cs_id , cm_name,cm_type ,cm_order , cm_state , cm_min_price , cm_max_price) values(1009291,5108,'2019款 1.5L标准型后双轮国VI SWC15M','2019款',1,1,49800,49800);
insert into t_car_model(cm_id , cs_id , cm_name,cm_type ,cm_order , cm_state , cm_min_price , cm_max_price) values(1007219,5108,'2019款 1.5L标准型后双轮SWCG14','2019款',2,1,43900,43900);
insert into t_car_model(cm_id , cs_id , cm_name,cm_type ,cm_order , cm_state , cm_min_price , cm_max_price) values(1007285,5108,'2019款 1.5L标准型仓栅后双轮SWCG14','2019款',3,1,0,0);
insert into t_car_model(cm_id , cs_id , cm_name,cm_type ,cm_order , cm_state , cm_min_price , cm_max_price) values(1007286,5108,'2019款 1.5L标准型厢货PVC后双轮SWCG14','2019款',4,1,0,0);
insert into t_car_model(cm_id , cs_id , cm_name,cm_type ,cm_order , cm_state , cm_min_price , cm_max_price) values(1007287,5108,'2019款 1.5L标准型厢货瓦楞后双轮SWCG14','2019款',5,1,0,0);
insert into t_car_series(cs_id,cbf_id,cs_name,cs_order,cs_letter) values(5186,409,'鑫源T32S',4077,'X');
insert into t_car_model(cm_id , cs_id , cm_name,cm_type ,cm_order , cm_state , cm_min_price , cm_max_price) values(1009292,5186,'2019款 1.5L标准型后双轮国VI SWC15M','2019款',1,1,52800,52800);
insert into t_car_model(cm_id , cs_id , cm_name,cm_type ,cm_order , cm_state , cm_min_price , cm_max_price) values(1007291,5186,'2019款 1.5L标准型后双轮SWCG14','2019款',2,1,46900,46900);
insert into t_car_model(cm_id , cs_id , cm_name,cm_type ,cm_order , cm_state , cm_min_price , cm_max_price) values(1007292,5186,'2019款 1.5L标准型仓栅后双轮SWCG14','2019款',3,1,0,0);
insert into t_car_model(cm_id , cs_id , cm_name,cm_type ,cm_order , cm_state , cm_min_price , cm_max_price) values(1007293,5186,'2019款 1.5L标准型厢货PVC后双轮SWCG14','2019款',4,1,0,0);
insert into t_car_model(cm_id , cs_id , cm_name,cm_type ,cm_order , cm_state , cm_min_price , cm_max_price) values(1007294,5186,'2019款 1.5L标准型厢货瓦楞后双轮SWCG14','2019款',5,1,0,0);
insert into t_car_series(cs_id,cbf_id,cs_name,cs_order,cs_letter) values(6311,409,'鑫源T50S',4078,'X');
insert into t_car_model(cm_id , cs_id , cm_name,cm_type ,cm_order , cm_state , cm_min_price , cm_max_price) values(1011851,6311,'2021款 1.6L标准型CNG 100L SWDC16M','2021款',1,1,59800,59800);
insert into t_car_model(cm_id , cs_id , cm_name,cm_type ,cm_order , cm_state , cm_min_price , cm_max_price) values(1011852,6311,'2021款 1.6L标准型CNG 200L SWDC16M','2021款',2,1,61800,61800);
insert into t_car_series(cs_id,cbf_id,cs_name,cs_order,cs_letter) values(6312,409,'鑫源T52S',4079,'X');
insert into t_car_model(cm_id , cs_id , cm_name,cm_type ,cm_order , cm_state , cm_min_price , cm_max_price) values(1011853,6312,'2021款 1.6L标准型CNG 2.85米 SWDC16M','2021款',1,1,63800,63800);
insert into t_car_model(cm_id , cs_id , cm_name,cm_type ,cm_order , cm_state , cm_min_price , cm_max_price) values(1011854,6312,'2021款 1.6L标准型CNG 3米 SWDC16M','2021款',2,1,64800,64800);
insert into t_car_series(cs_id,cbf_id,cs_name,cs_order,cs_letter) values(5107,409,'鑫源T20S',4080,'X');
insert into t_car_model(cm_id , cs_id , cm_name,cm_type ,cm_order , cm_state , cm_min_price , cm_max_price) values(1007217,5107,'2019款 1.3L标准型后双轮SWCG12','2019款',1,1,35900,35900);
insert into t_car_model(cm_id , cs_id , cm_name,cm_type ,cm_order , cm_state , cm_min_price , cm_max_price) values(1009234,5107,'2019款 1.5L标准型后双轮SWCG14','2019款',2,1,37400,37400);
insert into t_car_model(cm_id , cs_id , cm_name,cm_type ,cm_order , cm_state , cm_min_price , cm_max_price) values(1007295,5107,'2019款 1.3L标准型仓栅后双轮SWCG12','2019款',3,1,0,0);
insert into t_car_model(cm_id , cs_id , cm_name,cm_type ,cm_order , cm_state , cm_min_price , cm_max_price) values(1007296,5107,'2019款 1.3L标准型厢式PVC后双轮SWCG12','2019款',4,1,0,0);
insert into t_car_model(cm_id , cs_id , cm_name,cm_type ,cm_order , cm_state , cm_min_price , cm_max_price) values(1007297,5107,'2019款 1.3L标准型厢式瓦楞后双轮SWCG12','2019款',5,1,0,0);
insert into t_car_series(cs_id,cbf_id,cs_name,cs_order,cs_letter) values(5185,409,'鑫源T22S',4081,'X');
insert into t_car_model(cm_id , cs_id , cm_name,cm_type ,cm_order , cm_state , cm_min_price , cm_max_price) values(1007298,5185,'2019款 1.3L标准型后双轮SWCG12','2019款',1,1,38900,38900);
insert into t_car_model(cm_id , cs_id , cm_name,cm_type ,cm_order , cm_state , cm_min_price , cm_max_price) values(1009233,5185,'2019款 1.5L标准型后双轮SWCG14','2019款',2,1,40400,40400);
insert into t_car_model(cm_id , cs_id , cm_name,cm_type ,cm_order , cm_state , cm_min_price , cm_max_price) values(1007299,5185,'2019款 1.3L标准型仓栅后双轮SWCG12','2019款',3,1,0,0);
insert into t_car_model(cm_id , cs_id , cm_name,cm_type ,cm_order , cm_state , cm_min_price , cm_max_price) values(1007300,5185,'2019款 1.3L标准型厢货PVC后双轮SWCG12','2019款',4,1,0,0);
insert into t_car_model(cm_id , cs_id , cm_name,cm_type ,cm_order , cm_state , cm_min_price , cm_max_price) values(1007301,5185,'2019款 1.3L标准型厢货瓦楞后双轮SWCG12','2019款',5,1,0,0);
