insert into t_car_brand_factory(cbf_id , cb_id , cbf_name ,cbf_letter) values(39,110,'天津一汽','T');
insert into t_car_series(cs_id,cbf_id,cs_name,cs_order,cs_letter) values(106,39,'威乐',4900,'W');
insert into t_car_model(cm_id , cs_id , cm_name,cm_type ,cm_order , cm_state , cm_min_price , cm_max_price) values(7037,106,'2008款 1.5L 手动豪华型','2008款',1,1,66800,66800);
insert into t_car_model(cm_id , cs_id , cm_name,cm_type ,cm_order , cm_state , cm_min_price , cm_max_price) values(3382,106,'2008款 1.5L 自动豪华型','2008款',2,1,76800,76800);
insert into t_car_model(cm_id , cs_id , cm_name,cm_type ,cm_order , cm_state , cm_min_price , cm_max_price) values(2951,106,'2006款 1.6L 手动','2006款',1,1,64800,64800);
insert into t_car_model(cm_id , cs_id , cm_name,cm_type ,cm_order , cm_state , cm_min_price , cm_max_price) values(1798,106,'2005款 1.3L 手动','2005款',1,1,72800,72800);
insert into t_car_model(cm_id , cs_id , cm_name,cm_type ,cm_order , cm_state , cm_min_price , cm_max_price) values(387,106,'2004款 1.3L 自动','2004款',1,1,94800,94800);
insert into t_car_model(cm_id , cs_id , cm_name,cm_type ,cm_order , cm_state , cm_min_price , cm_max_price) values(1564,106,'2004款 1.5L 手动','2004款',2,1,66800,66800);
insert into t_car_model(cm_id , cs_id , cm_name,cm_type ,cm_order , cm_state , cm_min_price , cm_max_price) values(1565,106,'2004款 1.5L 自动','2004款',3,1,76800,76800);
insert into t_car_series(cs_id,cbf_id,cs_name,cs_order,cs_letter) values(444,39,'威志',4901,'W');
insert into t_car_model(cm_id , cs_id , cm_name,cm_type ,cm_order , cm_state , cm_min_price , cm_max_price) values(9649,444,'2011款 三厢 1.5L 手动标准型','2011款',1,1,53800,53800);
insert into t_car_model(cm_id , cs_id , cm_name,cm_type ,cm_order , cm_state , cm_min_price , cm_max_price) values(9654,444,'2011款 三厢 1.5L 手动标准型铝毂','2011款',2,1,54800,54800);
insert into t_car_model(cm_id , cs_id , cm_name,cm_type ,cm_order , cm_state , cm_min_price , cm_max_price) values(9650,444,'2011款 三厢 1.5L 手动舒适型','2011款',3,1,57800,57800);
insert into t_car_model(cm_id , cs_id , cm_name,cm_type ,cm_order , cm_state , cm_min_price , cm_max_price) values(9651,444,'2011款 三厢 1.5L 手动精英型','2011款',4,1,60800,60800);
insert into t_car_model(cm_id , cs_id , cm_name,cm_type ,cm_order , cm_state , cm_min_price , cm_max_price) values(9652,444,'2011款 三厢 1.5L 自动旗舰型','2011款',5,1,68800,68800);
insert into t_car_model(cm_id , cs_id , cm_name,cm_type ,cm_order , cm_state , cm_min_price , cm_max_price) values(5728,444,'2009款 两厢 1.5L 手动精英型','2009款',1,1,58800,58800);
insert into t_car_model(cm_id , cs_id , cm_name,cm_type ,cm_order , cm_state , cm_min_price , cm_max_price) values(5727,444,'2009款 两厢 1.5L 自动旗舰型','2009款',2,1,66800,66800);
insert into t_car_model(cm_id , cs_id , cm_name,cm_type ,cm_order , cm_state , cm_min_price , cm_max_price) values(5824,444,'2009款 三厢 1.5L 手动标准型','2009款',3,1,53800,53800);
insert into t_car_model(cm_id , cs_id , cm_name,cm_type ,cm_order , cm_state , cm_min_price , cm_max_price) values(5823,444,'2009款 三厢 1.5L 手动舒适型','2009款',4,1,57800,57800);
insert into t_car_model(cm_id , cs_id , cm_name,cm_type ,cm_order , cm_state , cm_min_price , cm_max_price) values(5826,444,'2009款 三厢 1.5L 手动精英型','2009款',5,1,60800,60800);
insert into t_car_model(cm_id , cs_id , cm_name,cm_type ,cm_order , cm_state , cm_min_price , cm_max_price) values(5825,444,'2009款 三厢 1.5L 自动旗舰型','2009款',6,1,68800,68800);
insert into t_car_model(cm_id , cs_id , cm_name,cm_type ,cm_order , cm_state , cm_min_price , cm_max_price) values(4331,444,'2008款 两厢 1.3L 手动精英型','2008款',1,1,56800,56800);
insert into t_car_model(cm_id , cs_id , cm_name,cm_type ,cm_order , cm_state , cm_min_price , cm_max_price) values(4332,444,'2008款 三厢 1.5L 手动精英型','2008款',2,1,60800,60800);
insert into t_car_model(cm_id , cs_id , cm_name,cm_type ,cm_order , cm_state , cm_min_price , cm_max_price) values(4333,444,'2008款 三厢 1.5L 自动旗舰型','2008款',3,1,68800,68800);
insert into t_car_model(cm_id , cs_id , cm_name,cm_type ,cm_order , cm_state , cm_min_price , cm_max_price) values(2814,444,'2007款 三厢 1.5L 手动豪华型','2007款',1,1,59800,59800);
insert into t_car_model(cm_id , cs_id , cm_name,cm_type ,cm_order , cm_state , cm_min_price , cm_max_price) values(2950,444,'2007款 三厢 1.6L 手动豪华型','2007款',2,1,61800,61800);
insert into t_car_model(cm_id , cs_id , cm_name,cm_type ,cm_order , cm_state , cm_min_price , cm_max_price) values(2617,444,'2006款 两厢 1.3L 手动基本型','2006款',1,1,50000,50000);
insert into t_car_model(cm_id , cs_id , cm_name,cm_type ,cm_order , cm_state , cm_min_price , cm_max_price) values(2580,444,'2006款 两厢 1.3L 手动豪华型','2006款',2,1,54800,54800);
insert into t_car_model(cm_id , cs_id , cm_name,cm_type ,cm_order , cm_state , cm_min_price , cm_max_price) values(2031,444,'2006款 两厢 1.4L 手动豪华型','2006款',3,1,56800,56800);
insert into t_car_series(cs_id,cbf_id,cs_name,cs_order,cs_letter) values(879,39,'威志V2',4902,'W');
insert into t_car_model(cm_id , cs_id , cm_name,cm_type ,cm_order , cm_state , cm_min_price , cm_max_price) values(11419,879,'2012款 CROSS 1.3L 手动豪华型','2012款',1,1,52900,52900);
insert into t_car_model(cm_id , cs_id , cm_name,cm_type ,cm_order , cm_state , cm_min_price , cm_max_price) values(12256,879,'2012款 CROSS 1.3L AMT旗舰型','2012款',2,1,58900,58900);
insert into t_car_model(cm_id , cs_id , cm_name,cm_type ,cm_order , cm_state , cm_min_price , cm_max_price) values(5701,879,'2010款 1.3L 手动舒适型','2010款',1,1,46900,46900);
insert into t_car_model(cm_id , cs_id , cm_name,cm_type ,cm_order , cm_state , cm_min_price , cm_max_price) values(8505,879,'2010款 1.3L 手动豪华型','2010款',2,1,49900,49900);
insert into t_car_model(cm_id , cs_id , cm_name,cm_type ,cm_order , cm_state , cm_min_price , cm_max_price) values(8506,879,'2010款 1.3L AMT旗舰型','2010款',3,1,55900,55900);
insert into t_car_series(cs_id,cbf_id,cs_name,cs_order,cs_letter) values(2716,39,'威志V5',4903,'W');
insert into t_car_model(cm_id , cs_id , cm_name,cm_type ,cm_order , cm_state , cm_min_price , cm_max_price) values(23381,2716,'2015款 1.5L 自动标准型','2015款',1,1,58900,58900);
insert into t_car_model(cm_id , cs_id , cm_name,cm_type ,cm_order , cm_state , cm_min_price , cm_max_price) values(23382,2716,'2015款 1.5L 自动进取型','2015款',2,1,61900,61900);
insert into t_car_model(cm_id , cs_id , cm_name,cm_type ,cm_order , cm_state , cm_min_price , cm_max_price) values(23383,2716,'2015款 1.5L 自动精英型','2015款',3,1,65900,65900);
insert into t_car_model(cm_id , cs_id , cm_name,cm_type ,cm_order , cm_state , cm_min_price , cm_max_price) values(20035,2716,'2014款 1.5L 手动标准型','2014款',1,1,52900,52900);
insert into t_car_model(cm_id , cs_id , cm_name,cm_type ,cm_order , cm_state , cm_min_price , cm_max_price) values(20037,2716,'2014款 1.5L 手动进取型','2014款',2,1,55900,55900);
insert into t_car_model(cm_id , cs_id , cm_name,cm_type ,cm_order , cm_state , cm_min_price , cm_max_price) values(20036,2716,'2014款 1.5L 手动精英型','2014款',3,1,58900,58900);
insert into t_car_model(cm_id , cs_id , cm_name,cm_type ,cm_order , cm_state , cm_min_price , cm_max_price) values(15109,2716,'2013款 1.5L 手动标准型 国IV','2013款',1,1,51900,51900);
insert into t_car_model(cm_id , cs_id , cm_name,cm_type ,cm_order , cm_state , cm_min_price , cm_max_price) values(15110,2716,'2013款 1.5L 手动进取型 国IV','2013款',2,1,54900,54900);
insert into t_car_model(cm_id , cs_id , cm_name,cm_type ,cm_order , cm_state , cm_min_price , cm_max_price) values(15102,2716,'2013款 1.5L 手动精英型 国IV','2013款',3,1,57900,57900);
insert into t_car_model(cm_id , cs_id , cm_name,cm_type ,cm_order , cm_state , cm_min_price , cm_max_price) values(19589,2716,'2013款 1.5L 手动标准型 国V','2013款',4,1,52900,52900);
insert into t_car_model(cm_id , cs_id , cm_name,cm_type ,cm_order , cm_state , cm_min_price , cm_max_price) values(19590,2716,'2013款 1.5L 手动进取型 国V','2013款',5,1,55900,55900);
insert into t_car_model(cm_id , cs_id , cm_name,cm_type ,cm_order , cm_state , cm_min_price , cm_max_price) values(19591,2716,'2013款 1.5L 手动精英型 国V','2013款',6,1,58900,58900);
insert into t_car_model(cm_id , cs_id , cm_name,cm_type ,cm_order , cm_state , cm_min_price , cm_max_price) values(12766,2716,'2012款 1.5L 手动标准型','2012款',1,1,52900,52900);
insert into t_car_model(cm_id , cs_id , cm_name,cm_type ,cm_order , cm_state , cm_min_price , cm_max_price) values(12767,2716,'2012款 1.5L 手动进取型','2012款',2,1,56900,56900);
insert into t_car_model(cm_id , cs_id , cm_name,cm_type ,cm_order , cm_state , cm_min_price , cm_max_price) values(12339,2716,'2012款 1.5L 手动精英型','2012款',3,1,59900,59900);
insert into t_car_model(cm_id , cs_id , cm_name,cm_type ,cm_order , cm_state , cm_min_price , cm_max_price) values(14823,2716,'2012款 1.5L AMT旗舰型','2012款',4,1,61900,61900);
insert into t_car_series(cs_id,cbf_id,cs_name,cs_order,cs_letter) values(104,39,'威姿',4904,'W');
insert into t_car_model(cm_id , cs_id , cm_name,cm_type ,cm_order , cm_state , cm_min_price , cm_max_price) values(12030,104,'2011款 1.3L 手动豪华型','2011款',1,1,63800,63800);
insert into t_car_model(cm_id , cs_id , cm_name,cm_type ,cm_order , cm_state , cm_min_price , cm_max_price) values(1582,104,'2004款 1.0L 手动豪华型','2004款',1,1,76800,76800);
insert into t_car_model(cm_id , cs_id , cm_name,cm_type ,cm_order , cm_state , cm_min_price , cm_max_price) values(1580,104,'2004款 1.0L 自动豪华型','2004款',2,1,86800,86800);
insert into t_car_model(cm_id , cs_id , cm_name,cm_type ,cm_order , cm_state , cm_min_price , cm_max_price) values(1581,104,'2004款 1.0L 豪华天窗版','2004款',3,1,89800,89800);
insert into t_car_model(cm_id , cs_id , cm_name,cm_type ,cm_order , cm_state , cm_min_price , cm_max_price) values(385,104,'2004款 1.3L 手动豪华型','2004款',4,1,63800,63800);
insert into t_car_model(cm_id , cs_id , cm_name,cm_type ,cm_order , cm_state , cm_min_price , cm_max_price) values(384,104,'2004款 1.3L 自动豪华型','2004款',5,1,73800,73800);
insert into t_car_model(cm_id , cs_id , cm_name,cm_type ,cm_order , cm_state , cm_min_price , cm_max_price) values(596,104,'2004款 1.3L 豪华天窗版','2004款',6,1,76800,76800);
insert into t_car_series(cs_id,cbf_id,cs_name,cs_order,cs_letter) values(101,39,'夏利',4905,'X');
insert into t_car_model(cm_id , cs_id , cm_name,cm_type ,cm_order , cm_state , cm_min_price , cm_max_price) values(12905,101,'2012款 N3 1.0L 两厢实用型','2012款',1,1,32000,32000);
insert into t_car_model(cm_id , cs_id , cm_name,cm_type ,cm_order , cm_state , cm_min_price , cm_max_price) values(12906,101,'2012款 N3 1.0L 两厢标准型','2012款',2,1,34000,34000);
insert into t_car_model(cm_id , cs_id , cm_name,cm_type ,cm_order , cm_state , cm_min_price , cm_max_price) values(12907,101,'2012款 N3 1.0L 三厢实用型','2012款',3,1,31000,31000);
insert into t_car_model(cm_id , cs_id , cm_name,cm_type ,cm_order , cm_state , cm_min_price , cm_max_price) values(12908,101,'2012款 N3 1.0L 三厢基本型','2012款',4,1,33000,33000);
insert into t_car_model(cm_id , cs_id , cm_name,cm_type ,cm_order , cm_state , cm_min_price , cm_max_price) values(12909,101,'2012款 N3 1.0L 三厢舒适型','2012款',5,1,35000,35000);
insert into t_car_model(cm_id , cs_id , cm_name,cm_type ,cm_order , cm_state , cm_min_price , cm_max_price) values(10474,101,'2011款 A+ 1.0L 两厢（无空调）','2011款',1,1,31800,31800);
insert into t_car_model(cm_id , cs_id , cm_name,cm_type ,cm_order , cm_state , cm_min_price , cm_max_price) values(10475,101,'2011款 A+ 1.0L 两厢','2011款',2,1,33800,33800);
insert into t_car_model(cm_id , cs_id , cm_name,cm_type ,cm_order , cm_state , cm_min_price , cm_max_price) values(10472,101,'2011款 A+ 1.0L 两厢（无空调）国IV','2011款',3,1,32800,32800);
insert into t_car_model(cm_id , cs_id , cm_name,cm_type ,cm_order , cm_state , cm_min_price , cm_max_price) values(10473,101,'2011款 A+ 1.0L 两厢 国IV','2011款',4,1,34800,34800);
insert into t_car_model(cm_id , cs_id , cm_name,cm_type ,cm_order , cm_state , cm_min_price , cm_max_price) values(10478,101,'2011款 A+ 1.0L 三厢（无空调）','2011款',5,1,34800,34800);
insert into t_car_model(cm_id , cs_id , cm_name,cm_type ,cm_order , cm_state , cm_min_price , cm_max_price) values(10479,101,'2011款 A+ 1.0L 三厢','2011款',6,1,36800,36800);
insert into t_car_model(cm_id , cs_id , cm_name,cm_type ,cm_order , cm_state , cm_min_price , cm_max_price) values(10476,101,'2011款 A+ 1.0L 三厢（无空调）国IV','2011款',7,1,35800,35800);
insert into t_car_model(cm_id , cs_id , cm_name,cm_type ,cm_order , cm_state , cm_min_price , cm_max_price) values(10477,101,'2011款 A+ 1.0L 三厢 国IV','2011款',8,1,37800,37800);
insert into t_car_model(cm_id , cs_id , cm_name,cm_type ,cm_order , cm_state , cm_min_price , cm_max_price) values(7905,101,'2010款 A+ 1.0L 两厢北京特供版','2010款',1,1,28800,28800);
insert into t_car_model(cm_id , cs_id , cm_name,cm_type ,cm_order , cm_state , cm_min_price , cm_max_price) values(3772,101,'2008款 N3+ 1.0L 两厢','2008款',1,1,36800,36800);
insert into t_car_model(cm_id , cs_id , cm_name,cm_type ,cm_order , cm_state , cm_min_price , cm_max_price) values(3774,101,'2008款 N3+ 1.0L 三厢','2008款',2,1,39800,39800);
insert into t_car_model(cm_id , cs_id , cm_name,cm_type ,cm_order , cm_state , cm_min_price , cm_max_price) values(3773,101,'2008款 N3+ 1.0L 两厢助力','2008款',3,1,38800,38800);
insert into t_car_model(cm_id , cs_id , cm_name,cm_type ,cm_order , cm_state , cm_min_price , cm_max_price) values(4072,101,'2008款 N3+ 1.4L 两厢','2008款',4,1,42800,42800);
insert into t_car_model(cm_id , cs_id , cm_name,cm_type ,cm_order , cm_state , cm_min_price , cm_max_price) values(4073,101,'2008款 N3+ 1.4L 三厢','2008款',5,1,45800,45800);
insert into t_car_model(cm_id , cs_id , cm_name,cm_type ,cm_order , cm_state , cm_min_price , cm_max_price) values(3775,101,'2008款 N3+ 1.0L 三厢助力','2008款',6,1,41800,41800);
insert into t_car_model(cm_id , cs_id , cm_name,cm_type ,cm_order , cm_state , cm_min_price , cm_max_price) values(3768,101,'2008款 N3+ 1.0L 两厢 国IV','2008款',7,1,38800,38800);
insert into t_car_model(cm_id , cs_id , cm_name,cm_type ,cm_order , cm_state , cm_min_price , cm_max_price) values(3769,101,'2008款 N3+ 1.0L 三厢 国IV','2008款',8,1,41800,41800);
insert into t_car_model(cm_id , cs_id , cm_name,cm_type ,cm_order , cm_state , cm_min_price , cm_max_price) values(3770,101,'2008款 N3+ 1.0L 两厢助力 国IV','2008款',9,1,40800,40800);
insert into t_car_model(cm_id , cs_id , cm_name,cm_type ,cm_order , cm_state , cm_min_price , cm_max_price) values(3771,101,'2008款 N3+ 1.0L 三厢助力 国IV','2008款',10,1,43800,43800);
insert into t_car_model(cm_id , cs_id , cm_name,cm_type ,cm_order , cm_state , cm_min_price , cm_max_price) values(2106,101,'2006款 1.0L 三厢普通型A+','2006款',1,1,37800,37800);
insert into t_car_model(cm_id , cs_id , cm_name,cm_type ,cm_order , cm_state , cm_min_price , cm_max_price) values(2105,101,'2006款 1.0L 两厢A+','2006款',2,1,34800,34800);
insert into t_car_model(cm_id , cs_id , cm_name,cm_type ,cm_order , cm_state , cm_min_price , cm_max_price) values(2104,101,'2006款 A+ 1.0L 两厢普通型','2006款',3,1,33800,33800);
insert into t_car_model(cm_id , cs_id , cm_name,cm_type ,cm_order , cm_state , cm_min_price , cm_max_price) values(2108,101,'2006款 1.4L 两厢A+','2006款',4,1,42800,42800);
insert into t_car_model(cm_id , cs_id , cm_name,cm_type ,cm_order , cm_state , cm_min_price , cm_max_price) values(2109,101,'2006款 1.4L 三厢A+','2006款',5,1,44800,44800);
insert into t_car_model(cm_id , cs_id , cm_name,cm_type ,cm_order , cm_state , cm_min_price , cm_max_price) values(2107,101,'2006款 A+ 1.0L 三厢','2006款',6,1,36800,36800);
insert into t_car_model(cm_id , cs_id , cm_name,cm_type ,cm_order , cm_state , cm_min_price , cm_max_price) values(1583,101,'2005款 N3 1.0L 三厢豪华型','2005款',1,1,49800,49800);
insert into t_car_model(cm_id , cs_id , cm_name,cm_type ,cm_order , cm_state , cm_min_price , cm_max_price) values(1826,101,'2005款 N3 1.1L 两厢','2005款',2,1,36800,36800);
insert into t_car_model(cm_id , cs_id , cm_name,cm_type ,cm_order , cm_state , cm_min_price , cm_max_price) values(1827,101,'2005款 N3 1.1L 三厢','2005款',3,1,39800,39800);
insert into t_car_model(cm_id , cs_id , cm_name,cm_type ,cm_order , cm_state , cm_min_price , cm_max_price) values(2181,101,'2005款 N3 1.3L 两厢基本型','2005款',4,1,46800,46800);
insert into t_car_model(cm_id , cs_id , cm_name,cm_type ,cm_order , cm_state , cm_min_price , cm_max_price) values(1828,101,'2005款 N3 1.3L 两厢助力型','2005款',5,1,46800,46800);
insert into t_car_model(cm_id , cs_id , cm_name,cm_type ,cm_order , cm_state , cm_min_price , cm_max_price) values(2182,101,'2005款 N3 1.3L 三厢基本型','2005款',6,1,47800,47800);
insert into t_car_model(cm_id , cs_id , cm_name,cm_type ,cm_order , cm_state , cm_min_price , cm_max_price) values(1829,101,'2005款 N3 1.3L 三厢助力型','2005款',7,1,49800,49800);
insert into t_car_model(cm_id , cs_id , cm_name,cm_type ,cm_order , cm_state , cm_min_price , cm_max_price) values(1760,101,'2005款 1.4L 两厢舒适型','2005款',8,1,42800,42800);
insert into t_car_model(cm_id , cs_id , cm_name,cm_type ,cm_order , cm_state , cm_min_price , cm_max_price) values(1761,101,'2005款 1.4L 两厢豪华型','2005款',9,1,44800,44800);
insert into t_car_model(cm_id , cs_id , cm_name,cm_type ,cm_order , cm_state , cm_min_price , cm_max_price) values(1758,101,'2005款 1.4L 三厢舒适型','2005款',10,1,44800,44800);
insert into t_car_model(cm_id , cs_id , cm_name,cm_type ,cm_order , cm_state , cm_min_price , cm_max_price) values(1759,101,'2005款 1.4L 三厢豪华型','2005款',11,1,48800,48800);
insert into t_car_model(cm_id , cs_id , cm_name,cm_type ,cm_order , cm_state , cm_min_price , cm_max_price) values(1059,101,'2004款 N3 1.0L 两厢','2004款',1,1,36800,36800);
insert into t_car_model(cm_id , cs_id , cm_name,cm_type ,cm_order , cm_state , cm_min_price , cm_max_price) values(1110,101,'2004款 N3 1.0L 三厢','2004款',2,1,39800,39800);
insert into t_car_model(cm_id , cs_id , cm_name,cm_type ,cm_order , cm_state , cm_min_price , cm_max_price) values(1155,101,'2004款 N3 1.3L 两厢基本型','2004款',3,1,45800,45800);
insert into t_car_model(cm_id , cs_id , cm_name,cm_type ,cm_order , cm_state , cm_min_price , cm_max_price) values(1058,101,'2004款 N3 1.3L 三厢基本型','2004款',4,1,50800,50800);
insert into t_car_series(cs_id,cbf_id,cs_name,cs_order,cs_letter) values(878,39,'夏利N5',4906,'X');
insert into t_car_model(cm_id , cs_id , cm_name,cm_type ,cm_order , cm_state , cm_min_price , cm_max_price) values(19155,878,'2014款 1.0L 手动标准型','2014款',1,1,36900,36900);
insert into t_car_model(cm_id , cs_id , cm_name,cm_type ,cm_order , cm_state , cm_min_price , cm_max_price) values(19156,878,'2014款 1.0L 手动舒适型','2014款',2,1,39900,39900);
insert into t_car_model(cm_id , cs_id , cm_name,cm_type ,cm_order , cm_state , cm_min_price , cm_max_price) values(19157,878,'2014款 1.3L 手动标准型','2014款',3,1,40900,40900);
insert into t_car_model(cm_id , cs_id , cm_name,cm_type ,cm_order , cm_state , cm_min_price , cm_max_price) values(19158,878,'2014款 1.3L 手动舒适型','2014款',4,1,42900,42900);
insert into t_car_model(cm_id , cs_id , cm_name,cm_type ,cm_order , cm_state , cm_min_price , cm_max_price) values(19159,878,'2014款 1.3L 手动豪华型','2014款',5,1,44900,44900);
insert into t_car_model(cm_id , cs_id , cm_name,cm_type ,cm_order , cm_state , cm_min_price , cm_max_price) values(20732,878,'2014款 1.3L 手动智能节油豪华型','2014款',6,1,48900,48900);
insert into t_car_model(cm_id , cs_id , cm_name,cm_type ,cm_order , cm_state , cm_min_price , cm_max_price) values(15108,878,'2013款 1.3L 手动标准型','2013款',1,1,46900,46900);
insert into t_car_model(cm_id , cs_id , cm_name,cm_type ,cm_order , cm_state , cm_min_price , cm_max_price) values(15107,878,'2013款 1.3L 手动豪华型','2013款',2,1,49900,49900);
insert into t_car_model(cm_id , cs_id , cm_name,cm_type ,cm_order , cm_state , cm_min_price , cm_max_price) values(15103,878,'2013款 1.3L 手动豪华气囊型','2013款',3,1,50900,50900);
insert into t_car_model(cm_id , cs_id , cm_name,cm_type ,cm_order , cm_state , cm_min_price , cm_max_price) values(9568,878,'2011款 1.0L 手动标准型','2011款',1,1,43900,43900);
insert into t_car_model(cm_id , cs_id , cm_name,cm_type ,cm_order , cm_state , cm_min_price , cm_max_price) values(9569,878,'2011款 1.3L 手动标准型','2011款',2,1,45900,45900);
insert into t_car_model(cm_id , cs_id , cm_name,cm_type ,cm_order , cm_state , cm_min_price , cm_max_price) values(9570,878,'2011款 1.3L 手动豪华型','2011款',3,1,48900,48900);
insert into t_car_model(cm_id , cs_id , cm_name,cm_type ,cm_order , cm_state , cm_min_price , cm_max_price) values(9571,878,'2011款 1.3L 手动豪华气囊型','2011款',4,1,49900,49900);
insert into t_car_model(cm_id , cs_id , cm_name,cm_type ,cm_order , cm_state , cm_min_price , cm_max_price) values(5700,878,'2010款 1.0L 手动标准型','2010款',1,1,44900,44900);
insert into t_car_model(cm_id , cs_id , cm_name,cm_type ,cm_order , cm_state , cm_min_price , cm_max_price) values(6450,878,'2010款 1.3L 手动标准型','2010款',2,1,47900,47900);
insert into t_car_model(cm_id , cs_id , cm_name,cm_type ,cm_order , cm_state , cm_min_price , cm_max_price) values(6451,878,'2010款 1.3L 手动豪华型','2010款',3,1,50900,50900);
insert into t_car_model(cm_id , cs_id , cm_name,cm_type ,cm_order , cm_state , cm_min_price , cm_max_price) values(7972,878,'2010款 1.3L 手动豪华气囊型','2010款',4,1,51900,51900);
insert into t_car_series(cs_id,cbf_id,cs_name,cs_order,cs_letter) values(2781,39,'夏利N7',4907,'X');
insert into t_car_model(cm_id , cs_id , cm_name,cm_type ,cm_order , cm_state , cm_min_price , cm_max_price) values(23655,2781,'2015款 1.3L 自动舒适型','2015款',1,1,48900,48900);
insert into t_car_model(cm_id , cs_id , cm_name,cm_type ,cm_order , cm_state , cm_min_price , cm_max_price) values(23656,2781,'2015款 1.3L 自动豪华型','2015款',2,1,51900,51900);
insert into t_car_model(cm_id , cs_id , cm_name,cm_type ,cm_order , cm_state , cm_min_price , cm_max_price) values(23657,2781,'2015款 1.3L 自动尊贵型','2015款',3,1,52900,52900);
insert into t_car_model(cm_id , cs_id , cm_name,cm_type ,cm_order , cm_state , cm_min_price , cm_max_price) values(20033,2781,'2014款 1.3L 手动运动豪华型','2014款',1,1,49900,49900);
insert into t_car_model(cm_id , cs_id , cm_name,cm_type ,cm_order , cm_state , cm_min_price , cm_max_price) values(20034,2781,'2014款 1.3L 手动运动尊贵型','2014款',2,1,50900,50900);
insert into t_car_model(cm_id , cs_id , cm_name,cm_type ,cm_order , cm_state , cm_min_price , cm_max_price) values(20032,2781,'2014款 1.3L 手动运动舒适型','2014款',3,1,45900,45900);
insert into t_car_model(cm_id , cs_id , cm_name,cm_type ,cm_order , cm_state , cm_min_price , cm_max_price) values(14897,2781,'2013款 1.3L 手动舒适型','2013款',1,1,42900,42900);
insert into t_car_model(cm_id , cs_id , cm_name,cm_type ,cm_order , cm_state , cm_min_price , cm_max_price) values(14896,2781,'2013款 1.3L 手动豪华型','2013款',2,1,48900,48900);
insert into t_car_model(cm_id , cs_id , cm_name,cm_type ,cm_order , cm_state , cm_min_price , cm_max_price) values(12646,2781,'2013款 1.3L 手动尊贵型','2013款',3,1,49900,49900);
insert into t_car_model(cm_id , cs_id , cm_name,cm_type ,cm_order , cm_state , cm_min_price , cm_max_price) values(14784,2781,'2013款 1.3L 手动智能节油尊贵型','2013款',4,1,53900,53900);
insert into t_car_series(cs_id,cbf_id,cs_name,cs_order,cs_letter) values(4404,39,'骏派A50',4909,'J');
insert into t_car_model(cm_id , cs_id , cm_name,cm_type ,cm_order , cm_state , cm_min_price , cm_max_price) values(33493,4404,'2018款 1.5L 手动标准型','2018款',1,1,55900,55900);
insert into t_car_model(cm_id , cs_id , cm_name,cm_type ,cm_order , cm_state , cm_min_price , cm_max_price) values(33492,4404,'2018款 1.5L 手动舒适型','2018款',2,1,59900,59900);
insert into t_car_model(cm_id , cs_id , cm_name,cm_type ,cm_order , cm_state , cm_min_price , cm_max_price) values(33494,4404,'2018款 1.5L 手动智联舒适型','2018款',3,1,62900,62900);
insert into t_car_model(cm_id , cs_id , cm_name,cm_type ,cm_order , cm_state , cm_min_price , cm_max_price) values(33495,4404,'2018款 1.5L 手动豪华型','2018款',4,1,64900,64900);
insert into t_car_model(cm_id , cs_id , cm_name,cm_type ,cm_order , cm_state , cm_min_price , cm_max_price) values(33496,4404,'2018款 1.5L 手动智联豪华型','2018款',5,1,67900,67900);
insert into t_car_model(cm_id , cs_id , cm_name,cm_type ,cm_order , cm_state , cm_min_price , cm_max_price) values(33497,4404,'2018款 1.5L 手动智联尊贵型','2018款',6,1,72900,72900);
insert into t_car_series(cs_id,cbf_id,cs_name,cs_order,cs_letter) values(3979,39,'骏派A70',4910,'J');
insert into t_car_model(cm_id , cs_id , cm_name,cm_type ,cm_order , cm_state , cm_min_price , cm_max_price) values(27389,3979,'2016款 1.6L 手动基本型','2016款',1,1,64800,64800);
insert into t_car_model(cm_id , cs_id , cm_name,cm_type ,cm_order , cm_state , cm_min_price , cm_max_price) values(27390,3979,'2016款 1.6L 手动技术型','2016款',2,1,69800,69800);
insert into t_car_model(cm_id , cs_id , cm_name,cm_type ,cm_order , cm_state , cm_min_price , cm_max_price) values(27391,3979,'2016款 1.6L 手动豪华型','2016款',3,1,75800,75800);
insert into t_car_model(cm_id , cs_id , cm_name,cm_type ,cm_order , cm_state , cm_min_price , cm_max_price) values(27392,3979,'2016款 1.6L 自动基本型','2016款',4,1,76800,76800);
insert into t_car_model(cm_id , cs_id , cm_name,cm_type ,cm_order , cm_state , cm_min_price , cm_max_price) values(27393,3979,'2016款 1.6L 自动技术型','2016款',5,1,79800,79800);
insert into t_car_model(cm_id , cs_id , cm_name,cm_type ,cm_order , cm_state , cm_min_price , cm_max_price) values(24773,3979,'2016款 1.6L 自动豪华型','2016款',6,1,87800,87800);
insert into t_car_series(cs_id,cbf_id,cs_name,cs_order,cs_letter) values(4415,39,'骏派A70E',4911,'J');
insert into t_car_model(cm_id , cs_id , cm_name,cm_type ,cm_order , cm_state , cm_min_price , cm_max_price) values(31875,4415,'2017款 基本型','2017款',1,1,168800,168800);
insert into t_car_model(cm_id , cs_id , cm_name,cm_type ,cm_order , cm_state , cm_min_price , cm_max_price) values(30181,4415,'2017款 豪华型','2017款',2,1,183800,183800);
insert into t_car_series(cs_id,cbf_id,cs_name,cs_order,cs_letter) values(4405,39,'骏派CX65',4912,'J');
insert into t_car_model(cm_id , cs_id , cm_name,cm_type ,cm_order , cm_state , cm_min_price , cm_max_price) values(34650,4405,'2018款 1.5L 手动舒适型','2018款',1,1,68900,68900);
insert into t_car_model(cm_id , cs_id , cm_name,cm_type ,cm_order , cm_state , cm_min_price , cm_max_price) values(34606,4405,'2018款 1.5L 手动智联舒适型','2018款',2,1,71900,71900);
insert into t_car_model(cm_id , cs_id , cm_name,cm_type ,cm_order , cm_state , cm_min_price , cm_max_price) values(34651,4405,'2018款 1.5L 手动豪华型','2018款',3,1,73900,73900);
insert into t_car_model(cm_id , cs_id , cm_name,cm_type ,cm_order , cm_state , cm_min_price , cm_max_price) values(34429,4405,'2018款 1.5L 手动智联豪华型','2018款',4,1,76900,76900);
insert into t_car_series(cs_id,cbf_id,cs_name,cs_order,cs_letter) values(3081,39,'骏派D60',4916,'J');
insert into t_car_model(cm_id , cs_id , cm_name,cm_type ,cm_order , cm_state , cm_min_price , cm_max_price) values(30672,3081,'2017款 1.5L 手动标准型','2017款',1,1,56900,56900);
insert into t_car_model(cm_id , cs_id , cm_name,cm_type ,cm_order , cm_state , cm_min_price , cm_max_price) values(31792,3081,'2017款 1.5L 手动进取型','2017款',2,1,58900,58900);
insert into t_car_model(cm_id , cs_id , cm_name,cm_type ,cm_order , cm_state , cm_min_price , cm_max_price) values(30673,3081,'2017款 1.5L 手动舒适型','2017款',3,1,62900,62900);
insert into t_car_model(cm_id , cs_id , cm_name,cm_type ,cm_order , cm_state , cm_min_price , cm_max_price) values(30139,3081,'2017款 1.5L 手动豪华型','2017款',4,1,65900,65900);
insert into t_car_model(cm_id , cs_id , cm_name,cm_type ,cm_order , cm_state , cm_min_price , cm_max_price) values(30674,3081,'2017款 1.8L 自动豪华型','2017款',5,1,84900,84900);
insert into t_car_model(cm_id , cs_id , cm_name,cm_type ,cm_order , cm_state , cm_min_price , cm_max_price) values(31793,3081,'2017款 1.8L 自动豪华天窗版','2017款',6,1,86900,86900);
insert into t_car_model(cm_id , cs_id , cm_name,cm_type ,cm_order , cm_state , cm_min_price , cm_max_price) values(30675,3081,'2017款 1.8L 自动尊贵型','2017款',7,1,89900,89900);
insert into t_car_model(cm_id , cs_id , cm_name,cm_type ,cm_order , cm_state , cm_min_price , cm_max_price) values(27009,3081,'2016款 1.5L 手动标准型','2016款',1,1,64900,64900);
insert into t_car_model(cm_id , cs_id , cm_name,cm_type ,cm_order , cm_state , cm_min_price , cm_max_price) values(27010,3081,'2016款 1.5L 手动舒适型','2016款',2,1,69900,69900);
insert into t_car_model(cm_id , cs_id , cm_name,cm_type ,cm_order , cm_state , cm_min_price , cm_max_price) values(27011,3081,'2016款 1.5L 手动豪华型','2016款',3,1,75900,75900);
insert into t_car_model(cm_id , cs_id , cm_name,cm_type ,cm_order , cm_state , cm_min_price , cm_max_price) values(27012,3081,'2016款 1.5L 手动尊贵型','2016款',4,1,79900,79900);
insert into t_car_model(cm_id , cs_id , cm_name,cm_type ,cm_order , cm_state , cm_min_price , cm_max_price) values(27013,3081,'2016款 1.8L 自动舒适型','2016款',5,1,88900,88900);
insert into t_car_model(cm_id , cs_id , cm_name,cm_type ,cm_order , cm_state , cm_min_price , cm_max_price) values(27014,3081,'2016款 1.8L 自动豪华型','2016款',6,1,94900,94900);
insert into t_car_model(cm_id , cs_id , cm_name,cm_type ,cm_order , cm_state , cm_min_price , cm_max_price) values(27015,3081,'2016款 1.8L 自动尊贵型','2016款',7,1,99900,99900);
insert into t_car_model(cm_id , cs_id , cm_name,cm_type ,cm_order , cm_state , cm_min_price , cm_max_price) values(19273,3081,'2015款 1.5L 手动标准型','2015款',1,1,64900,64900);
insert into t_car_model(cm_id , cs_id , cm_name,cm_type ,cm_order , cm_state , cm_min_price , cm_max_price) values(20713,3081,'2015款 1.5L 手动舒适型','2015款',2,1,69900,69900);
insert into t_car_model(cm_id , cs_id , cm_name,cm_type ,cm_order , cm_state , cm_min_price , cm_max_price) values(23567,3081,'2015款 1.5L 手动技术型','2015款',3,1,71900,71900);
insert into t_car_model(cm_id , cs_id , cm_name,cm_type ,cm_order , cm_state , cm_min_price , cm_max_price) values(20714,3081,'2015款 1.5L 手动豪华型','2015款',4,1,75900,75900);
insert into t_car_model(cm_id , cs_id , cm_name,cm_type ,cm_order , cm_state , cm_min_price , cm_max_price) values(23133,3081,'2015款 1.5L 手动豪华导航型','2015款',5,1,75900,75900);
insert into t_car_model(cm_id , cs_id , cm_name,cm_type ,cm_order , cm_state , cm_min_price , cm_max_price) values(20715,3081,'2015款 1.5L 手动尊贵型','2015款',6,1,79900,79900);
insert into t_car_model(cm_id , cs_id , cm_name,cm_type ,cm_order , cm_state , cm_min_price , cm_max_price) values(20716,3081,'2015款 1.8L 自动舒适型','2015款',7,1,88900,88900);
insert into t_car_model(cm_id , cs_id , cm_name,cm_type ,cm_order , cm_state , cm_min_price , cm_max_price) values(20717,3081,'2015款 1.8L 自动豪华型','2015款',8,1,94900,94900);
insert into t_car_model(cm_id , cs_id , cm_name,cm_type ,cm_order , cm_state , cm_min_price , cm_max_price) values(18941,3081,'2015款 1.8L 自动尊贵型','2015款',9,1,99900,99900);
insert into t_car_series(cs_id,cbf_id,cs_name,cs_order,cs_letter) values(4680,39,'骏派D80',4917,'J');
insert into t_car_model(cm_id , cs_id , cm_name,cm_type ,cm_order , cm_state , cm_min_price , cm_max_price) values(36272,4680,'2019款 TD220 手动标准型','2019款',1,1,79900,79900);
insert into t_car_model(cm_id , cs_id , cm_name,cm_type ,cm_order , cm_state , cm_min_price , cm_max_price) values(36273,4680,'2019款 TD220 手动技术型','2019款',2,1,85900,85900);
insert into t_car_model(cm_id , cs_id , cm_name,cm_type ,cm_order , cm_state , cm_min_price , cm_max_price) values(36274,4680,'2019款 TD220 手动舒适型','2019款',3,1,92900,92900);
insert into t_car_model(cm_id , cs_id , cm_name,cm_type ,cm_order , cm_state , cm_min_price , cm_max_price) values(36275,4680,'2019款 TD220 手动精英型','2019款',4,1,99900,99900);
insert into t_car_model(cm_id , cs_id , cm_name,cm_type ,cm_order , cm_state , cm_min_price , cm_max_price) values(36276,4680,'2019款 TD220 自动技术型','2019款',5,1,99900,99900);
insert into t_car_model(cm_id , cs_id , cm_name,cm_type ,cm_order , cm_state , cm_min_price , cm_max_price) values(36277,4680,'2019款 TD220 自动精英型','2019款',6,1,112900,112900);
insert into t_car_model(cm_id , cs_id , cm_name,cm_type ,cm_order , cm_state , cm_min_price , cm_max_price) values(36278,4680,'2019款 TD220 自动豪华型','2019款',7,1,125900,125900);
insert into t_car_brand_factory(cbf_id , cb_id , cbf_name ,cbf_letter) values(506,110,'一汽红塔','Y');
insert into t_car_series(cs_id,cbf_id,cs_name,cs_order,cs_letter) values(4855,506,'一汽蓝舰H6',4918,'Y');
insert into t_car_model(cm_id , cs_id , cm_name,cm_type ,cm_order , cm_state , cm_min_price , cm_max_price) values(1010762,4855,'2021款 2.5T两驱柴油标准型标轴JE4D25Q6A','2021款',1,1,96800,96800);
insert into t_car_model(cm_id , cs_id , cm_name,cm_type ,cm_order , cm_state , cm_min_price , cm_max_price) values(1010763,4855,'2021款 2.5T两驱柴油标准型长轴JE4D25Q6A','2021款',2,1,99800,99800);
insert into t_car_model(cm_id , cs_id , cm_name,cm_type ,cm_order , cm_state , cm_min_price , cm_max_price) values(1010760,4855,'2021款 2.5T四驱柴油标准型标轴JE4D25Q6A','2021款',3,1,109800,109800);
insert into t_car_model(cm_id , cs_id , cm_name,cm_type ,cm_order , cm_state , cm_min_price , cm_max_price) values(1010761,4855,'2021款 2.5T四驱柴油标准型长轴JE4D25Q6A','2021款',4,1,112800,112800);
insert into t_car_model(cm_id , cs_id , cm_name,cm_type ,cm_order , cm_state , cm_min_price , cm_max_price) values(1010758,4855,'2021款 2.5T两驱柴油舒享型标轴JE4D25Q6A','2021款',5,1,104800,104800);
insert into t_car_model(cm_id , cs_id , cm_name,cm_type ,cm_order , cm_state , cm_min_price , cm_max_price) values(1010759,4855,'2021款 2.5T两驱柴油舒享型长轴JE4D25Q6A','2021款',6,1,106800,106800);
insert into t_car_model(cm_id , cs_id , cm_name,cm_type ,cm_order , cm_state , cm_min_price , cm_max_price) values(1010756,4855,'2021款 2.5T四驱柴油舒享型标轴JE4D25Q6A','2021款',7,1,117800,117800);
insert into t_car_model(cm_id , cs_id , cm_name,cm_type ,cm_order , cm_state , cm_min_price , cm_max_price) values(1010757,4855,'2021款 2.5T四驱柴油舒享型长轴JE4D25Q6A','2021款',8,1,119800,119800);
insert into t_car_model(cm_id , cs_id , cm_name,cm_type ,cm_order , cm_state , cm_min_price , cm_max_price) values(1010754,4855,'2021款 2.5T两驱柴油尊享型标轴JE4D25Q6A','2021款',9,1,116800,116800);
insert into t_car_model(cm_id , cs_id , cm_name,cm_type ,cm_order , cm_state , cm_min_price , cm_max_price) values(1010755,4855,'2021款 2.5T两驱柴油尊享型长轴JE4D25Q6A','2021款',10,1,118800,118800);
insert into t_car_model(cm_id , cs_id , cm_name,cm_type ,cm_order , cm_state , cm_min_price , cm_max_price) values(1010752,4855,'2021款 2.5T四驱柴油尊享型标轴JE4D25Q6A','2021款',11,1,128800,128800);
insert into t_car_model(cm_id , cs_id , cm_name,cm_type ,cm_order , cm_state , cm_min_price , cm_max_price) values(1010753,4855,'2021款 2.5T四驱柴油尊享型长轴JE4D25Q6A','2021款',12,1,129800,129800);
insert into t_car_model(cm_id , cs_id , cm_name,cm_type ,cm_order , cm_state , cm_min_price , cm_max_price) values(1006390,4855,'2018款 2.5T两驱豪华短轴JE4D25E','2018款',1,1,106800,106800);
insert into t_car_model(cm_id , cs_id , cm_name,cm_type ,cm_order , cm_state , cm_min_price , cm_max_price) values(1006391,4855,'2018款 2.5T两驱豪华长轴JE4D25E','2018款',2,1,108800,108800);
insert into t_car_model(cm_id , cs_id , cm_name,cm_type ,cm_order , cm_state , cm_min_price , cm_max_price) values(1006386,4855,'2018款 2.5T四驱豪华短轴JE4D25E','2018款',3,1,124800,124800);
insert into t_car_model(cm_id , cs_id , cm_name,cm_type ,cm_order , cm_state , cm_min_price , cm_max_price) values(1006387,4855,'2018款 2.5T四驱豪华长轴JE4D25E','2018款',4,1,126800,126800);
insert into t_car_model(cm_id , cs_id , cm_name,cm_type ,cm_order , cm_state , cm_min_price , cm_max_price) values(1006388,4855,'2018款 2.5T两驱旗舰短轴JE4D25E','2018款',5,1,115800,115800);
insert into t_car_model(cm_id , cs_id , cm_name,cm_type ,cm_order , cm_state , cm_min_price , cm_max_price) values(1006389,4855,'2018款 2.5T两驱旗舰长轴JE4D25E','2018款',6,1,117800,117800);
insert into t_car_model(cm_id , cs_id , cm_name,cm_type ,cm_order , cm_state , cm_min_price , cm_max_price) values(1006392,4855,'2018款 2.5T四驱旗舰短轴JE4D25E','2018款',7,1,133800,133800);
insert into t_car_model(cm_id , cs_id , cm_name,cm_type ,cm_order , cm_state , cm_min_price , cm_max_price) values(1006393,4855,'2018款 2.5T四驱旗舰长轴JE4D25E','2018款',8,1,135800,135800);
insert into t_car_brand_factory(cbf_id , cb_id , cbf_name ,cbf_letter) values(166,110,'一汽吉林','Y');
insert into t_car_series(cs_id,cbf_id,cs_name,cs_order,cs_letter) values(5195,166,'森雅R8',4919,'S');
insert into t_car_model(cm_id , cs_id , cm_name,cm_type ,cm_order , cm_state , cm_min_price , cm_max_price) values(43397,5195,'2020款 1.6L 手动舒适型','2020款',1,1,74900,74900);
insert into t_car_model(cm_id , cs_id , cm_name,cm_type ,cm_order , cm_state , cm_min_price , cm_max_price) values(43398,5195,'2020款 1.6L 手动豪华型','2020款',2,1,79900,79900);
insert into t_car_model(cm_id , cs_id , cm_name,cm_type ,cm_order , cm_state , cm_min_price , cm_max_price) values(43399,5195,'2020款 1.6L 自动舒适型','2020款',3,1,84900,84900);
insert into t_car_model(cm_id , cs_id , cm_name,cm_type ,cm_order , cm_state , cm_min_price , cm_max_price) values(38412,5195,'2020款 1.6L 自动豪华型','2020款',4,1,89900,89900);
insert into t_car_series(cs_id,cbf_id,cs_name,cs_order,cs_letter) values(6289,166,'森雅鸿雁',4920,'S');
insert into t_car_model(cm_id , cs_id , cm_name,cm_type ,cm_order , cm_state , cm_min_price , cm_max_price) values(52615,6289,'2021款 1.5L 手动时尚型','2021款',1,1,66900,66900);
insert into t_car_model(cm_id , cs_id , cm_name,cm_type ,cm_order , cm_state , cm_min_price , cm_max_price) values(52118,6289,'2021款 1.5L 手动舒适型','2021款',2,1,69900,69900);
insert into t_car_series(cs_id,cbf_id,cs_name,cs_order,cs_letter) values(5051,166,'佳宝V80新能源',4921,'J');
insert into t_car_model(cm_id , cs_id , cm_name,cm_type ,cm_order , cm_state , cm_min_price , cm_max_price) values(1009431,5051,'2020款 乘用版V80L','2020款',1,1,121800,121800);
insert into t_car_model(cm_id , cs_id , cm_name,cm_type ,cm_order , cm_state , cm_min_price , cm_max_price) values(1007045,5051,'2018款 物流版V80','2018款',1,1,119800,119800);
insert into t_car_model(cm_id , cs_id , cm_name,cm_type ,cm_order , cm_state , cm_min_price , cm_max_price) values(1007047,5051,'2018款 物流版V80L','2018款',2,1,120800,120800);
insert into t_car_model(cm_id , cs_id , cm_name,cm_type ,cm_order , cm_state , cm_min_price , cm_max_price) values(1007283,5051,'2018款 AT80','2018款',3,1,136800,136800);
insert into t_car_series(cs_id,cbf_id,cs_name,cs_order,cs_letter) values(3824,166,'森雅R7',4922,'S');
insert into t_car_model(cm_id , cs_id , cm_name,cm_type ,cm_order , cm_state , cm_min_price , cm_max_price) values(33705,3824,'2018款 R7C 1.6L 手动豪华型','2018款',1,1,79900,79900);
insert into t_car_model(cm_id , cs_id , cm_name,cm_type ,cm_order , cm_state , cm_min_price , cm_max_price) values(33706,3824,'2018款 R7C 1.6L 自动豪华型','2018款',2,1,89900,89900);
insert into t_car_model(cm_id , cs_id , cm_name,cm_type ,cm_order , cm_state , cm_min_price , cm_max_price) values(33688,3824,'2018款 R7C 1.6L 手动智悦型','2018款',3,1,86900,86900);
insert into t_car_model(cm_id , cs_id , cm_name,cm_type ,cm_order , cm_state , cm_min_price , cm_max_price) values(33707,3824,'2018款 R7C 1.6L 自动智悦型','2018款',4,1,95900,95900);
insert into t_car_model(cm_id , cs_id , cm_name,cm_type ,cm_order , cm_state , cm_min_price , cm_max_price) values(33709,3824,'2018款 R7C 1.6L 自动智享型','2018款',5,1,99900,99900);
insert into t_car_model(cm_id , cs_id , cm_name,cm_type ,cm_order , cm_state , cm_min_price , cm_max_price) values(33710,3824,'2018款 R7C 1.6L 自动智尊型','2018款',6,1,106900,106900);
insert into t_car_model(cm_id , cs_id , cm_name,cm_type ,cm_order , cm_state , cm_min_price , cm_max_price) values(33711,3824,'2018款 R7C 1.5T 手动智擎型','2018款',7,1,89900,89900);
insert into t_car_model(cm_id , cs_id , cm_name,cm_type ,cm_order , cm_state , cm_min_price , cm_max_price) values(30768,3824,'2017款 1.6L 手动时尚型','2017款',1,1,66900,66900);
insert into t_car_model(cm_id , cs_id , cm_name,cm_type ,cm_order , cm_state , cm_min_price , cm_max_price) values(30769,3824,'2017款 1.6L 手动舒适型','2017款',2,1,69900,69900);
insert into t_car_model(cm_id , cs_id , cm_name,cm_type ,cm_order , cm_state , cm_min_price , cm_max_price) values(30770,3824,'2017款 1.6L 手动豪华型','2017款',3,1,74900,74900);
insert into t_car_model(cm_id , cs_id , cm_name,cm_type ,cm_order , cm_state , cm_min_price , cm_max_price) values(30771,3824,'2017款 1.6L 手动智能型','2017款',4,1,79900,79900);
insert into t_car_model(cm_id , cs_id , cm_name,cm_type ,cm_order , cm_state , cm_min_price , cm_max_price) values(30772,3824,'2017款 1.6L 手动尊贵型','2017款',5,1,86900,86900);
insert into t_car_model(cm_id , cs_id , cm_name,cm_type ,cm_order , cm_state , cm_min_price , cm_max_price) values(30773,3824,'2017款 1.6L 自动舒适型','2017款',6,1,78900,78900);
insert into t_car_model(cm_id , cs_id , cm_name,cm_type ,cm_order , cm_state , cm_min_price , cm_max_price) values(30774,3824,'2017款 1.6L 自动豪华型','2017款',7,1,82900,82900);
insert into t_car_model(cm_id , cs_id , cm_name,cm_type ,cm_order , cm_state , cm_min_price , cm_max_price) values(33501,3824,'2017款 改款 1.6L 自动豪华型','2017款',8,1,82900,82900);
insert into t_car_model(cm_id , cs_id , cm_name,cm_type ,cm_order , cm_state , cm_min_price , cm_max_price) values(30775,3824,'2017款 1.6L 自动智能型','2017款',9,1,88900,88900);
insert into t_car_model(cm_id , cs_id , cm_name,cm_type ,cm_order , cm_state , cm_min_price , cm_max_price) values(30776,3824,'2017款 1.6L 自动尊贵型','2017款',10,1,92900,92900);
insert into t_car_model(cm_id , cs_id , cm_name,cm_type ,cm_order , cm_state , cm_min_price , cm_max_price) values(30777,3824,'2017款 1.6L 自动旗舰型','2017款',11,1,99900,99900);
insert into t_car_model(cm_id , cs_id , cm_name,cm_type ,cm_order , cm_state , cm_min_price , cm_max_price) values(31963,3824,'2017款 1.5T 手动豪华型','2017款',12,1,77900,77900);
insert into t_car_model(cm_id , cs_id , cm_name,cm_type ,cm_order , cm_state , cm_min_price , cm_max_price) values(31964,3824,'2017款 1.5T 手动豪华天窗型','2017款',13,1,79900,79900);
insert into t_car_model(cm_id , cs_id , cm_name,cm_type ,cm_order , cm_state , cm_min_price , cm_max_price) values(32577,3824,'2017款 智能网联版 1.6L 手动智悦型','2017款',14,1,82900,82900);
insert into t_car_model(cm_id , cs_id , cm_name,cm_type ,cm_order , cm_state , cm_min_price , cm_max_price) values(32578,3824,'2017款 智能网联版 1.5T 手动智擎型','2017款',15,1,84900,84900);
insert into t_car_model(cm_id , cs_id , cm_name,cm_type ,cm_order , cm_state , cm_min_price , cm_max_price) values(32579,3824,'2017款 智能网联版 1.6L 自动智悦型','2017款',16,1,91900,91900);
insert into t_car_model(cm_id , cs_id , cm_name,cm_type ,cm_order , cm_state , cm_min_price , cm_max_price) values(32580,3824,'2017款 智能网联版 1.6L 自动智享型','2017款',17,1,95900,95900);
insert into t_car_model(cm_id , cs_id , cm_name,cm_type ,cm_order , cm_state , cm_min_price , cm_max_price) values(32581,3824,'2017款 智能网联版 1.6L 自动智尊型','2017款',18,1,102900,102900);
insert into t_car_model(cm_id , cs_id , cm_name,cm_type ,cm_order , cm_state , cm_min_price , cm_max_price) values(25931,3824,'2016款 1.6L 手动舒适型','2016款',1,1,68900,68900);
insert into t_car_model(cm_id , cs_id , cm_name,cm_type ,cm_order , cm_state , cm_min_price , cm_max_price) values(25932,3824,'2016款 1.6L 手动豪华型','2016款',2,1,74900,74900);
insert into t_car_model(cm_id , cs_id , cm_name,cm_type ,cm_order , cm_state , cm_min_price , cm_max_price) values(22655,3824,'2016款 1.6L 手动智能型','2016款',3,1,79900,79900);
insert into t_car_model(cm_id , cs_id , cm_name,cm_type ,cm_order , cm_state , cm_min_price , cm_max_price) values(25933,3824,'2016款 1.6L 手动尊贵型','2016款',4,1,86900,86900);
insert into t_car_model(cm_id , cs_id , cm_name,cm_type ,cm_order , cm_state , cm_min_price , cm_max_price) values(28521,3824,'2016款 1.6L 自动舒适型','2016款',5,1,78900,78900);
insert into t_car_model(cm_id , cs_id , cm_name,cm_type ,cm_order , cm_state , cm_min_price , cm_max_price) values(28522,3824,'2016款 1.6L 自动豪华型','2016款',6,1,82900,82900);
insert into t_car_model(cm_id , cs_id , cm_name,cm_type ,cm_order , cm_state , cm_min_price , cm_max_price) values(28523,3824,'2016款 1.6L 自动智能型','2016款',7,1,88900,88900);
insert into t_car_model(cm_id , cs_id , cm_name,cm_type ,cm_order , cm_state , cm_min_price , cm_max_price) values(28502,3824,'2016款 1.6L 自动尊贵型','2016款',8,1,92900,92900);
insert into t_car_model(cm_id , cs_id , cm_name,cm_type ,cm_order , cm_state , cm_min_price , cm_max_price) values(28527,3824,'2016款 1.6L 自动旗舰型','2016款',9,1,99900,99900);
insert into t_car_series(cs_id,cbf_id,cs_name,cs_order,cs_letter) values(4945,166,'森雅R7新能源',4923,'S');
insert into t_car_model(cm_id , cs_id , cm_name,cm_type ,cm_order , cm_state , cm_min_price , cm_max_price) values(35920,4945,'2018款 EV400','2018款',1,1,179800,179800);
insert into t_car_series(cs_id,cbf_id,cs_name,cs_order,cs_letter) values(2131,166,'森雅S80',4924,'S');
insert into t_car_model(cm_id , cs_id , cm_name,cm_type ,cm_order , cm_state , cm_min_price , cm_max_price) values(22001,2131,'2015款 1.3L 手动5座标准版','2015款',1,1,49900,49900);
insert into t_car_model(cm_id , cs_id , cm_name,cm_type ,cm_order , cm_state , cm_min_price , cm_max_price) values(22002,2131,'2015款 1.3L 手动7座标准版','2015款',2,1,50900,50900);
insert into t_car_model(cm_id , cs_id , cm_name,cm_type ,cm_order , cm_state , cm_min_price , cm_max_price) values(22009,2131,'2015款 1.5L 手动5座都市版','2015款',3,1,54900,54900);
insert into t_car_model(cm_id , cs_id , cm_name,cm_type ,cm_order , cm_state , cm_min_price , cm_max_price) values(22010,2131,'2015款 1.5L 手动7座都市版','2015款',4,1,55900,55900);
insert into t_car_model(cm_id , cs_id , cm_name,cm_type ,cm_order , cm_state , cm_min_price , cm_max_price) values(22011,2131,'2015款 1.5L 自动5座都市版','2015款',5,1,64900,64900);
insert into t_car_model(cm_id , cs_id , cm_name,cm_type ,cm_order , cm_state , cm_min_price , cm_max_price) values(22012,2131,'2015款 1.5L 自动7座都市版','2015款',6,1,65900,65900);
insert into t_car_model(cm_id , cs_id , cm_name,cm_type ,cm_order , cm_state , cm_min_price , cm_max_price) values(22003,2131,'2015款 1.5L 手动5座舒适版','2015款',7,1,0,0);
insert into t_car_model(cm_id , cs_id , cm_name,cm_type ,cm_order , cm_state , cm_min_price , cm_max_price) values(22004,2131,'2015款 1.5L 手动7座舒适版','2015款',8,1,0,0);
insert into t_car_model(cm_id , cs_id , cm_name,cm_type ,cm_order , cm_state , cm_min_price , cm_max_price) values(22005,2131,'2015款 1.5L 手动5座豪华版','2015款',9,1,0,0);
insert into t_car_model(cm_id , cs_id , cm_name,cm_type ,cm_order , cm_state , cm_min_price , cm_max_price) values(22006,2131,'2015款 1.5L 手动7座豪华版','2015款',10,1,0,0);
insert into t_car_model(cm_id , cs_id , cm_name,cm_type ,cm_order , cm_state , cm_min_price , cm_max_price) values(22007,2131,'2015款 1.5L 手动5座导航版','2015款',11,1,0,0);
insert into t_car_model(cm_id , cs_id , cm_name,cm_type ,cm_order , cm_state , cm_min_price , cm_max_price) values(22008,2131,'2015款 1.5L 手动7座导航版','2015款',12,1,0,0);
insert into t_car_model(cm_id , cs_id , cm_name,cm_type ,cm_order , cm_state , cm_min_price , cm_max_price) values(19555,2131,'2014款 1.3L 手动5座经典版','2014款',1,1,58900,58900);
insert into t_car_model(cm_id , cs_id , cm_name,cm_type ,cm_order , cm_state , cm_min_price , cm_max_price) values(19556,2131,'2014款 1.3L 手动7座经典版','2014款',2,1,59900,59900);
insert into t_car_model(cm_id , cs_id , cm_name,cm_type ,cm_order , cm_state , cm_min_price , cm_max_price) values(19557,2131,'2014款 1.5L 手动5座经典版','2014款',3,1,62900,62900);
insert into t_car_model(cm_id , cs_id , cm_name,cm_type ,cm_order , cm_state , cm_min_price , cm_max_price) values(19558,2131,'2014款 1.5L 手动7座经典版','2014款',4,1,63900,63900);
insert into t_car_model(cm_id , cs_id , cm_name,cm_type ,cm_order , cm_state , cm_min_price , cm_max_price) values(19559,2131,'2014款 1.5L 手动5座运动都市B版','2014款',5,1,67900,67900);
insert into t_car_model(cm_id , cs_id , cm_name,cm_type ,cm_order , cm_state , cm_min_price , cm_max_price) values(19560,2131,'2014款 1.5L 手动7座运动都市B版','2014款',6,1,68900,68900);
insert into t_car_model(cm_id , cs_id , cm_name,cm_type ,cm_order , cm_state , cm_min_price , cm_max_price) values(19561,2131,'2014款 1.5L 手动5座运动都市C版','2014款',7,1,68900,68900);
insert into t_car_model(cm_id , cs_id , cm_name,cm_type ,cm_order , cm_state , cm_min_price , cm_max_price) values(19562,2131,'2014款 1.5L 手动7座运动都市C版','2014款',8,1,69900,69900);
insert into t_car_model(cm_id , cs_id , cm_name,cm_type ,cm_order , cm_state , cm_min_price , cm_max_price) values(19563,2131,'2014款 1.5L 手动5座运动舒适B版','2014款',9,1,71900,71900);
insert into t_car_model(cm_id , cs_id , cm_name,cm_type ,cm_order , cm_state , cm_min_price , cm_max_price) values(19564,2131,'2014款 1.5L 手动7座运动舒适B版','2014款',10,1,72900,72900);
insert into t_car_model(cm_id , cs_id , cm_name,cm_type ,cm_order , cm_state , cm_min_price , cm_max_price) values(19565,2131,'2014款 1.5L 手动5座运动舒适C版','2014款',11,1,72900,72900);
insert into t_car_model(cm_id , cs_id , cm_name,cm_type ,cm_order , cm_state , cm_min_price , cm_max_price) values(19566,2131,'2014款 1.5L 手动7座运动舒适C版','2014款',12,1,73900,73900);
insert into t_car_model(cm_id , cs_id , cm_name,cm_type ,cm_order , cm_state , cm_min_price , cm_max_price) values(19567,2131,'2014款 1.5L 自动5座运动版','2014款',13,1,73900,73900);
insert into t_car_model(cm_id , cs_id , cm_name,cm_type ,cm_order , cm_state , cm_min_price , cm_max_price) values(18914,2131,'2014款 1.5L 自动7座运动版','2014款',14,1,74900,74900);
insert into t_car_model(cm_id , cs_id , cm_name,cm_type ,cm_order , cm_state , cm_min_price , cm_max_price) values(19568,2131,'2014款 1.5L 自动5座至尊导航版','2014款',15,1,76900,76900);
insert into t_car_model(cm_id , cs_id , cm_name,cm_type ,cm_order , cm_state , cm_min_price , cm_max_price) values(19569,2131,'2014款 1.5L 自动7座至尊导航版','2014款',16,1,77900,77900);
insert into t_car_model(cm_id , cs_id , cm_name,cm_type ,cm_order , cm_state , cm_min_price , cm_max_price) values(16323,2131,'2013款 1.5L 手动5座都市时尚版','2013款',1,1,69900,69900);
insert into t_car_model(cm_id , cs_id , cm_name,cm_type ,cm_order , cm_state , cm_min_price , cm_max_price) values(16326,2131,'2013款 1.5L 手动7座都市时尚版','2013款',2,1,71900,71900);
insert into t_car_model(cm_id , cs_id , cm_name,cm_type ,cm_order , cm_state , cm_min_price , cm_max_price) values(16327,2131,'2013款 1.5L 自动5座时尚版','2013款',3,1,78900,78900);
insert into t_car_model(cm_id , cs_id , cm_name,cm_type ,cm_order , cm_state , cm_min_price , cm_max_price) values(16328,2131,'2013款 1.5L 自动7座时尚版','2013款',4,1,80900,80900);
insert into t_car_model(cm_id , cs_id , cm_name,cm_type ,cm_order , cm_state , cm_min_price , cm_max_price) values(16329,2131,'2013款 1.5L 手动5座时尚舒适型','2013款',5,1,74900,74900);
insert into t_car_model(cm_id , cs_id , cm_name,cm_type ,cm_order , cm_state , cm_min_price , cm_max_price) values(16330,2131,'2013款 1.5L 手动7座时尚舒适型','2013款',6,1,76900,76900);
insert into t_car_model(cm_id , cs_id , cm_name,cm_type ,cm_order , cm_state , cm_min_price , cm_max_price) values(16331,2131,'2013款 1.5L 手动5座时尚豪华型','2013款',7,1,78900,78900);
insert into t_car_model(cm_id , cs_id , cm_name,cm_type ,cm_order , cm_state , cm_min_price , cm_max_price) values(16332,2131,'2013款 1.5L 手动7座时尚豪华型','2013款',8,1,80900,80900);
insert into t_car_model(cm_id , cs_id , cm_name,cm_type ,cm_order , cm_state , cm_min_price , cm_max_price) values(16333,2131,'2013款 1.5L 自动5座时尚豪华型','2013款',9,1,86900,86900);
insert into t_car_model(cm_id , cs_id , cm_name,cm_type ,cm_order , cm_state , cm_min_price , cm_max_price) values(16334,2131,'2013款 1.5L 自动7座时尚豪华型','2013款',10,1,88900,88900);
insert into t_car_model(cm_id , cs_id , cm_name,cm_type ,cm_order , cm_state , cm_min_price , cm_max_price) values(7621,2131,'2011款 1.3L 手动5座舒适型','2011款',1,1,68500,68500);
insert into t_car_model(cm_id , cs_id , cm_name,cm_type ,cm_order , cm_state , cm_min_price , cm_max_price) values(9229,2131,'2011款 1.3L 手动7座舒适型','2011款',2,1,70500,70500);
insert into t_car_model(cm_id , cs_id , cm_name,cm_type ,cm_order , cm_state , cm_min_price , cm_max_price) values(9231,2131,'2011款 1.5L 手动5座导航版','2011款',3,1,81500,81500);
insert into t_car_model(cm_id , cs_id , cm_name,cm_type ,cm_order , cm_state , cm_min_price , cm_max_price) values(9233,2131,'2011款 1.5L 自动5座导航版','2011款',4,1,89500,89500);
insert into t_car_model(cm_id , cs_id , cm_name,cm_type ,cm_order , cm_state , cm_min_price , cm_max_price) values(10968,2131,'2011款 1.5L 自动5座精英导航版','2011款',5,1,82900,82900);
insert into t_car_model(cm_id , cs_id , cm_name,cm_type ,cm_order , cm_state , cm_min_price , cm_max_price) values(12009,2131,'2011款 1.5L 自动7座精英导航版','2011款',6,1,84900,84900);
insert into t_car_model(cm_id , cs_id , cm_name,cm_type ,cm_order , cm_state , cm_min_price , cm_max_price) values(10965,2131,'2011款 1.5L 手动5座都市精英版','2011款',7,1,67900,67900);
insert into t_car_model(cm_id , cs_id , cm_name,cm_type ,cm_order , cm_state , cm_min_price , cm_max_price) values(12006,2131,'2011款 1.5L 手动7座都市精英版','2011款',8,1,69900,69900);
insert into t_car_model(cm_id , cs_id , cm_name,cm_type ,cm_order , cm_state , cm_min_price , cm_max_price) values(10967,2131,'2011款 1.5L 自动5座都市精英版','2011款',9,1,76900,76900);
insert into t_car_model(cm_id , cs_id , cm_name,cm_type ,cm_order , cm_state , cm_min_price , cm_max_price) values(12008,2131,'2011款 1.5L 自动7座都市精英版','2011款',10,1,78900,78900);
insert into t_car_model(cm_id , cs_id , cm_name,cm_type ,cm_order , cm_state , cm_min_price , cm_max_price) values(10966,2131,'2011款 1.5L 手动5座舒适版','2011款',11,1,72900,72900);
insert into t_car_model(cm_id , cs_id , cm_name,cm_type ,cm_order , cm_state , cm_min_price , cm_max_price) values(12007,2131,'2011款 1.5L 手动7座舒适版','2011款',12,1,74900,74900);
insert into t_car_model(cm_id , cs_id , cm_name,cm_type ,cm_order , cm_state , cm_min_price , cm_max_price) values(9230,2131,'2011款 1.5L 手动5座豪华型','2011款',13,1,76900,76900);
insert into t_car_model(cm_id , cs_id , cm_name,cm_type ,cm_order , cm_state , cm_min_price , cm_max_price) values(12010,2131,'2011款 1.5L 手动7座豪华型','2011款',14,1,78900,78900);
insert into t_car_model(cm_id , cs_id , cm_name,cm_type ,cm_order , cm_state , cm_min_price , cm_max_price) values(9232,2131,'2011款 1.5L 自动5座豪华型','2011款',15,1,84900,84900);
insert into t_car_model(cm_id , cs_id , cm_name,cm_type ,cm_order , cm_state , cm_min_price , cm_max_price) values(12011,2131,'2011款 1.5L 自动7座豪华型','2011款',16,1,86900,86900);
insert into t_car_series(cs_id,cbf_id,cs_name,cs_order,cs_letter) values(4754,166,'森雅R9',4925,'S');
insert into t_car_model(cm_id , cs_id , cm_name,cm_type ,cm_order , cm_state , cm_min_price , cm_max_price) values(34652,4754,'2018款 1.2T 手动舒适智炫型','2018款',1,1,83900,83900);
insert into t_car_model(cm_id , cs_id , cm_name,cm_type ,cm_order , cm_state , cm_min_price , cm_max_price) values(34653,4754,'2018款 1.2T 手动豪华智尚型','2018款',2,1,89900,89900);
insert into t_car_model(cm_id , cs_id , cm_name,cm_type ,cm_order , cm_state , cm_min_price , cm_max_price) values(34654,4754,'2018款 1.2T 手动尊贵智悦型','2018款',3,1,99900,99900);
insert into t_car_model(cm_id , cs_id , cm_name,cm_type ,cm_order , cm_state , cm_min_price , cm_max_price) values(34655,4754,'2018款 1.2T 手动旗舰智享型','2018款',4,1,111900,111900);
insert into t_car_model(cm_id , cs_id , cm_name,cm_type ,cm_order , cm_state , cm_min_price , cm_max_price) values(34656,4754,'2018款 1.2T 自动舒适智炫型','2018款',5,1,97900,97900);
insert into t_car_model(cm_id , cs_id , cm_name,cm_type ,cm_order , cm_state , cm_min_price , cm_max_price) values(34657,4754,'2018款 1.2T 自动豪华智尚型','2018款',6,1,102900,102900);
insert into t_car_model(cm_id , cs_id , cm_name,cm_type ,cm_order , cm_state , cm_min_price , cm_max_price) values(34659,4754,'2018款 1.2T 自动尊贵智悦型','2018款',7,1,112900,112900);
insert into t_car_model(cm_id , cs_id , cm_name,cm_type ,cm_order , cm_state , cm_min_price , cm_max_price) values(34658,4754,'2018款 1.2T 自动旗舰智享型','2018款',8,1,125900,125900);
insert into t_car_series(cs_id,cbf_id,cs_name,cs_order,cs_letter) values(913,166,'森雅M80',4926,'S');
insert into t_car_model(cm_id , cs_id , cm_name,cm_type ,cm_order , cm_state , cm_min_price , cm_max_price) values(19548,913,'2014款 1.3L 手动5座超值版','2014款',1,1,51900,51900);
insert into t_car_model(cm_id , cs_id , cm_name,cm_type ,cm_order , cm_state , cm_min_price , cm_max_price) values(19549,913,'2014款 1.3L 手动7座超值版','2014款',2,1,52900,52900);
insert into t_car_model(cm_id , cs_id , cm_name,cm_type ,cm_order , cm_state , cm_min_price , cm_max_price) values(19550,913,'2014款 1.3L 手动5座幸福版','2014款',3,1,55900,55900);
insert into t_car_model(cm_id , cs_id , cm_name,cm_type ,cm_order , cm_state , cm_min_price , cm_max_price) values(19551,913,'2014款 1.3L 手动7座幸福版','2014款',4,1,56900,56900);
insert into t_car_model(cm_id , cs_id , cm_name,cm_type ,cm_order , cm_state , cm_min_price , cm_max_price) values(19552,913,'2014款 1.5L 手动5座幸福版','2014款',5,1,59900,59900);
insert into t_car_model(cm_id , cs_id , cm_name,cm_type ,cm_order , cm_state , cm_min_price , cm_max_price) values(19553,913,'2014款 1.5L 手动7座幸福版','2014款',6,1,60900,60900);
insert into t_car_model(cm_id , cs_id , cm_name,cm_type ,cm_order , cm_state , cm_min_price , cm_max_price) values(11196,913,'2011款 1.3L 手动5座','2011款',1,1,54900,54900);
insert into t_car_model(cm_id , cs_id , cm_name,cm_type ,cm_order , cm_state , cm_min_price , cm_max_price) values(11197,913,'2011款 1.3L 手动7座','2011款',2,1,56900,56900);
insert into t_car_model(cm_id , cs_id , cm_name,cm_type ,cm_order , cm_state , cm_min_price , cm_max_price) values(11198,913,'2011款 超值版 1.5L 手动7座','2011款',3,1,63900,63900);
insert into t_car_model(cm_id , cs_id , cm_name,cm_type ,cm_order , cm_state , cm_min_price , cm_max_price) values(10972,913,'2011款 超值版 1.5L 手动5座','2011款',4,1,61900,61900);
insert into t_car_model(cm_id , cs_id , cm_name,cm_type ,cm_order , cm_state , cm_min_price , cm_max_price) values(10971,913,'2011款 超值版 1.3L 手动7座','2011款',5,1,57900,57900);
insert into t_car_model(cm_id , cs_id , cm_name,cm_type ,cm_order , cm_state , cm_min_price , cm_max_price) values(13514,913,'2011款 超值版 1.3L 手动5座','2011款',6,1,55900,55900);
insert into t_car_model(cm_id , cs_id , cm_name,cm_type ,cm_order , cm_state , cm_min_price , cm_max_price) values(8785,913,'2009款 1.3L 手动5座特装版','2009款',1,1,61500,61500);
insert into t_car_model(cm_id , cs_id , cm_name,cm_type ,cm_order , cm_state , cm_min_price , cm_max_price) values(8786,913,'2009款 1.3L 手动7座特装版','2009款',2,1,63500,63500);
insert into t_car_model(cm_id , cs_id , cm_name,cm_type ,cm_order , cm_state , cm_min_price , cm_max_price) values(6020,913,'2009款 1.3L 手动5座标准型','2009款',3,1,54900,54900);
insert into t_car_model(cm_id , cs_id , cm_name,cm_type ,cm_order , cm_state , cm_min_price , cm_max_price) values(6024,913,'2009款 1.3L 手动7座标准型','2009款',4,1,56900,56900);
insert into t_car_model(cm_id , cs_id , cm_name,cm_type ,cm_order , cm_state , cm_min_price , cm_max_price) values(6021,913,'2009款 1.5L 手动5座标准型','2009款',5,1,66500,66500);
insert into t_car_model(cm_id , cs_id , cm_name,cm_type ,cm_order , cm_state , cm_min_price , cm_max_price) values(6025,913,'2009款 1.5L 手动7座标准型','2009款',6,1,68500,68500);
insert into t_car_model(cm_id , cs_id , cm_name,cm_type ,cm_order , cm_state , cm_min_price , cm_max_price) values(6022,913,'2009款 1.5L 手动5座舒适型','2009款',7,1,71500,71500);
insert into t_car_model(cm_id , cs_id , cm_name,cm_type ,cm_order , cm_state , cm_min_price , cm_max_price) values(6026,913,'2009款 1.5L 手动7座舒适型','2009款',8,1,73500,73500);
insert into t_car_model(cm_id , cs_id , cm_name,cm_type ,cm_order , cm_state , cm_min_price , cm_max_price) values(6023,913,'2009款 1.5L 自动5座豪华型','2009款',9,1,79500,79500);
insert into t_car_model(cm_id , cs_id , cm_name,cm_type ,cm_order , cm_state , cm_min_price , cm_max_price) values(6027,913,'2009款 1.5L 自动7座豪华型','2009款',10,1,81500,81500);
insert into t_car_series(cs_id,cbf_id,cs_name,cs_order,cs_letter) values(2469,166,'佳宝V52',4927,'J');
insert into t_car_model(cm_id , cs_id , cm_name,cm_type ,cm_order , cm_state , cm_min_price , cm_max_price) values(1000443,2469,'2011款 1.0L 实用型LJ465QE1','2011款',1,1,27200,27200);
insert into t_car_model(cm_id , cs_id , cm_name,cm_type ,cm_order , cm_state , cm_min_price , cm_max_price) values(1001239,2469,'2011款 1.0L 实用型DA465QA','2011款',2,1,28200,28200);
insert into t_car_model(cm_id , cs_id , cm_name,cm_type ,cm_order , cm_state , cm_min_price , cm_max_price) values(1001240,2469,'2011款 1.0L 舒适型LJ465QE1','2011款',3,1,28200,28200);
insert into t_car_model(cm_id , cs_id , cm_name,cm_type ,cm_order , cm_state , cm_min_price , cm_max_price) values(1000444,2469,'2011款 1.0L 舒适型DA465QA','2011款',4,1,29200,29200);
insert into t_car_series(cs_id,cbf_id,cs_name,cs_order,cs_letter) values(2468,166,'佳宝V55',4928,'J');
insert into t_car_model(cm_id , cs_id , cm_name,cm_type ,cm_order , cm_state , cm_min_price , cm_max_price) values(1000105,2468,'2011款 1.0L基本型','2011款',1,1,32900,32900);
insert into t_car_series(cs_id,cbf_id,cs_name,cs_order,cs_letter) values(2464,166,'佳宝V70',4929,'J');
insert into t_car_model(cm_id , cs_id , cm_name,cm_type ,cm_order , cm_state , cm_min_price , cm_max_price) values(1000096,2464,'2011款 1.0L标准型CF465Q4E2','2011款',1,1,0,0);
insert into t_car_model(cm_id , cs_id , cm_name,cm_type ,cm_order , cm_state , cm_min_price , cm_max_price) values(1000098,2464,'2011款 1.0L舒适型CF465Q4E2','2011款',2,1,0,0);
insert into t_car_model(cm_id , cs_id , cm_name,cm_type ,cm_order , cm_state , cm_min_price , cm_max_price) values(1000100,2464,'2011款 1.3L舒适型CA4GA3','2011款',3,1,0,0);
insert into t_car_model(cm_id , cs_id , cm_name,cm_type ,cm_order , cm_state , cm_min_price , cm_max_price) values(1000102,2464,'2011款 1.3L豪华型CA4GA3','2011款',4,1,0,0);
insert into t_car_model(cm_id , cs_id , cm_name,cm_type ,cm_order , cm_state , cm_min_price , cm_max_price) values(1000095,2464,'2011款 1.0L标准型DA465QA','2011款',5,1,36200,36200);
insert into t_car_model(cm_id , cs_id , cm_name,cm_type ,cm_order , cm_state , cm_min_price , cm_max_price) values(1000097,2464,'2011款 1.0L舒适型DA465QA','2011款',6,1,37800,37800);
insert into t_car_model(cm_id , cs_id , cm_name,cm_type ,cm_order , cm_state , cm_min_price , cm_max_price) values(1000099,2464,'2011款 1.3L舒适型CA4GA6','2011款',7,1,41800,41800);
insert into t_car_model(cm_id , cs_id , cm_name,cm_type ,cm_order , cm_state , cm_min_price , cm_max_price) values(1000101,2464,'2011款 1.3L豪华型CA4GA6','2011款',8,1,48800,48800);
insert into t_car_series(cs_id,cbf_id,cs_name,cs_order,cs_letter) values(2870,166,'佳宝V70 II代',4930,'J');
insert into t_car_model(cm_id , cs_id , cm_name,cm_type ,cm_order , cm_state , cm_min_price , cm_max_price) values(1001205,2870,'2012款 1.0L标准型','2012款',1,1,34900,34900);
insert into t_car_model(cm_id , cs_id , cm_name,cm_type ,cm_order , cm_state , cm_min_price , cm_max_price) values(1001207,2870,'2012款 1.0L商用型','2012款',2,1,37900,37900);
insert into t_car_model(cm_id , cs_id , cm_name,cm_type ,cm_order , cm_state , cm_min_price , cm_max_price) values(1001208,2870,'2012款 1.0L舒适型','2012款',3,1,39900,39900);
insert into t_car_model(cm_id , cs_id , cm_name,cm_type ,cm_order , cm_state , cm_min_price , cm_max_price) values(1001206,2870,'2012款 1.3L标准型','2012款',4,1,39900,39900);
insert into t_car_model(cm_id , cs_id , cm_name,cm_type ,cm_order , cm_state , cm_min_price , cm_max_price) values(1001210,2870,'2012款 1.3L舒适型','2012款',5,1,42900,42900);
insert into t_car_model(cm_id , cs_id , cm_name,cm_type ,cm_order , cm_state , cm_min_price , cm_max_price) values(1001209,2870,'2012款 1.3L豪华型','2012款',6,1,50900,50900);
insert into t_car_series(cs_id,cbf_id,cs_name,cs_order,cs_letter) values(3775,166,'佳宝V75',4931,'J');
insert into t_car_model(cm_id , cs_id , cm_name,cm_type ,cm_order , cm_state , cm_min_price , cm_max_price) values(1003336,3775,'2015款 1.0L标准型DAM10AR','2015款',1,1,28900,28900);
insert into t_car_model(cm_id , cs_id , cm_name,cm_type ,cm_order , cm_state , cm_min_price , cm_max_price) values(1003337,3775,'2015款 1.0L舒适型DAM10AR','2015款',2,1,30900,30900);
insert into t_car_series(cs_id,cbf_id,cs_name,cs_order,cs_letter) values(3776,166,'佳宝V77',4932,'J');
insert into t_car_model(cm_id , cs_id , cm_name,cm_type ,cm_order , cm_state , cm_min_price , cm_max_price) values(1003761,3776,'2016款 1.0L商用版DAM10AR','2016款',1,1,30900,30900);
insert into t_car_model(cm_id , cs_id , cm_name,cm_type ,cm_order , cm_state , cm_min_price , cm_max_price) values(1003338,3776,'2015款 1.3L商用版CA4GX13','2015款',1,1,33900,33900);
insert into t_car_model(cm_id , cs_id , cm_name,cm_type ,cm_order , cm_state , cm_min_price , cm_max_price) values(1003339,3776,'2015款 1.3L乘用版CA4GX13','2015款',2,1,35900,35900);
insert into t_car_series(cs_id,cbf_id,cs_name,cs_order,cs_letter) values(3052,166,'佳宝V80',4933,'J');
insert into t_car_model(cm_id , cs_id , cm_name,cm_type ,cm_order , cm_state , cm_min_price , cm_max_price) values(1002016,3052,'2014款 1.5L商务标准型','2014款',1,1,43900,43900);
insert into t_car_model(cm_id , cs_id , cm_name,cm_type ,cm_order , cm_state , cm_min_price , cm_max_price) values(1002017,3052,'2014款 1.5L商务舒适型','2014款',2,1,46900,46900);
insert into t_car_model(cm_id , cs_id , cm_name,cm_type ,cm_order , cm_state , cm_min_price , cm_max_price) values(1002015,3052,'2014款 1.5L商务豪华型','2014款',3,1,51900,51900);
insert into t_car_model(cm_id , cs_id , cm_name,cm_type ,cm_order , cm_state , cm_min_price , cm_max_price) values(1002018,3052,'2014款 1.5L物流标准型','2014款',4,1,44400,44400);
insert into t_car_model(cm_id , cs_id , cm_name,cm_type ,cm_order , cm_state , cm_min_price , cm_max_price) values(1002019,3052,'2014款 1.5L物流舒适型','2014款',5,1,47400,47400);
insert into t_car_model(cm_id , cs_id , cm_name,cm_type ,cm_order , cm_state , cm_min_price , cm_max_price) values(1002023,3052,'2014款 1.5L加长全能标准型','2014款',6,1,46900,46900);
insert into t_car_model(cm_id , cs_id , cm_name,cm_type ,cm_order , cm_state , cm_min_price , cm_max_price) values(1002022,3052,'2014款 1.5L加长商务舒适型','2014款',7,1,49900,49900);
insert into t_car_model(cm_id , cs_id , cm_name,cm_type ,cm_order , cm_state , cm_min_price , cm_max_price) values(1002020,3052,'2014款 1.5L加长商务豪华型','2014款',8,1,53900,53900);
insert into t_car_model(cm_id , cs_id , cm_name,cm_type ,cm_order , cm_state , cm_min_price , cm_max_price) values(1002021,3052,'2014款 1.5L加长商务标准型','2014款',9,1,47400,47400);
insert into t_car_model(cm_id , cs_id , cm_name,cm_type ,cm_order , cm_state , cm_min_price , cm_max_price) values(1002024,3052,'2014款 1.5L加长全能舒适型','2014款',10,1,50400,50400);
insert into t_car_model(cm_id , cs_id , cm_name,cm_type ,cm_order , cm_state , cm_min_price , cm_max_price) values(1001619,3052,'2013款 1.3L商务标准型CA4GX13','2013款',1,1,40900,40900);
insert into t_car_model(cm_id , cs_id , cm_name,cm_type ,cm_order , cm_state , cm_min_price , cm_max_price) values(1001621,3052,'2013款 1.3L商务舒适型CA4GX13','2013款',2,1,43900,43900);
insert into t_car_model(cm_id , cs_id , cm_name,cm_type ,cm_order , cm_state , cm_min_price , cm_max_price) values(1001623,3052,'2013款 1.3L商务豪华型CA4GX13','2013款',3,1,49900,49900);
insert into t_car_model(cm_id , cs_id , cm_name,cm_type ,cm_order , cm_state , cm_min_price , cm_max_price) values(1001624,3052,'2013款 1.3L物流标准型CA4GX13','2013款',4,1,41400,41400);
insert into t_car_model(cm_id , cs_id , cm_name,cm_type ,cm_order , cm_state , cm_min_price , cm_max_price) values(1001625,3052,'2013款 1.3L物流舒适型CA4GX13','2013款',5,1,44400,44400);
insert into t_car_model(cm_id , cs_id , cm_name,cm_type ,cm_order , cm_state , cm_min_price , cm_max_price) values(1001615,3052,'2013款 1.0L基本型','2013款',6,1,0,0);
insert into t_car_series(cs_id,cbf_id,cs_name,cs_order,cs_letter) values(2526,166,'佳宝T50',4934,'J');
insert into t_car_model(cm_id , cs_id , cm_name,cm_type ,cm_order , cm_state , cm_min_price , cm_max_price) values(1000440,2526,'2011款 1.1L标准型','2011款',1,1,32900,32900);
insert into t_car_model(cm_id , cs_id , cm_name,cm_type ,cm_order , cm_state , cm_min_price , cm_max_price) values(1000441,2526,'2011款 1.0L加长型','2011款',2,1,34500,34500);
insert into t_car_series(cs_id,cbf_id,cs_name,cs_order,cs_letter) values(2525,166,'佳宝T51',4935,'J');
insert into t_car_model(cm_id , cs_id , cm_name,cm_type ,cm_order , cm_state , cm_min_price , cm_max_price) values(1000442,2525,'2011款 1.0L基本型','2011款',1,1,25500,25500);
insert into t_car_series(cs_id,cbf_id,cs_name,cs_order,cs_letter) values(2465,166,'佳宝T57',4936,'J');
insert into t_car_model(cm_id , cs_id , cm_name,cm_type ,cm_order , cm_state , cm_min_price , cm_max_price) values(1000103,2465,'2011款 1.0L基本型标箱','2011款',1,1,29900,29900);
insert into t_car_model(cm_id , cs_id , cm_name,cm_type ,cm_order , cm_state , cm_min_price , cm_max_price) values(1000104,2465,'2011款 1.0L基本型加长箱','2011款',2,1,30900,30900);
insert into t_car_series(cs_id,cbf_id,cs_name,cs_order,cs_letter) values(3459,166,'解放T80',4937,'J');
insert into t_car_model(cm_id , cs_id , cm_name,cm_type ,cm_order , cm_state , cm_min_price , cm_max_price) values(1006285,3459,'2018款 1.2L单排长厢无空调','2018款',1,1,35900,35900);
insert into t_car_model(cm_id , cs_id , cm_name,cm_type ,cm_order , cm_state , cm_min_price , cm_max_price) values(1006284,3459,'2018款 1.2L单排长厢空调','2018款',2,1,37400,37400);
insert into t_car_model(cm_id , cs_id , cm_name,cm_type ,cm_order , cm_state , cm_min_price , cm_max_price) values(1006283,3459,'2018款 1.2L双排长厢无空调','2018款',3,1,38900,38900);
insert into t_car_model(cm_id , cs_id , cm_name,cm_type ,cm_order , cm_state , cm_min_price , cm_max_price) values(1006282,3459,'2018款 1.2L双排长厢空调','2018款',4,1,40400,40400);
insert into t_car_model(cm_id , cs_id , cm_name,cm_type ,cm_order , cm_state , cm_min_price , cm_max_price) values(1004367,3459,'2016款 1.5L双排标准型','2016款',1,1,37900,37900);
insert into t_car_model(cm_id , cs_id , cm_name,cm_type ,cm_order , cm_state , cm_min_price , cm_max_price) values(1004366,3459,'2016款 1.5L双排舒适型','2016款',2,1,0,0);
insert into t_car_model(cm_id , cs_id , cm_name,cm_type ,cm_order , cm_state , cm_min_price , cm_max_price) values(1002346,3459,'2015款 1.3L标箱','2015款',1,1,34900,34900);
insert into t_car_model(cm_id , cs_id , cm_name,cm_type ,cm_order , cm_state , cm_min_price , cm_max_price) values(1003355,3459,'2015款 1.5L标箱','2015款',2,1,35900,35900);
insert into t_car_model(cm_id , cs_id , cm_name,cm_type ,cm_order , cm_state , cm_min_price , cm_max_price) values(1003356,3459,'2015款 1.3L长箱','2015款',3,1,35900,35900);
insert into t_car_model(cm_id , cs_id , cm_name,cm_type ,cm_order , cm_state , cm_min_price , cm_max_price) values(1003357,3459,'2015款 1.5L长箱','2015款',4,1,36900,36900);
insert into t_car_series(cs_id,cbf_id,cs_name,cs_order,cs_letter) values(5042,166,'解放T90',4938,'J');
insert into t_car_model(cm_id , cs_id , cm_name,cm_type ,cm_order , cm_state , cm_min_price , cm_max_price) values(1006999,5042,'2019款 1.5L 双排6轮标准型DAM15R','2019款',1,1,50500,50500);
insert into t_car_model(cm_id , cs_id , cm_name,cm_type ,cm_order , cm_state , cm_min_price , cm_max_price) values(1007000,5042,'2019款 1.5L 双排4轮标准型DAM15R','2019款',2,1,49000,49000);
insert into t_car_model(cm_id , cs_id , cm_name,cm_type ,cm_order , cm_state , cm_min_price , cm_max_price) values(1007001,5042,'2019款 1.5L 单排6轮标准型DAM15R','2019款',3,1,48000,48000);
insert into t_car_model(cm_id , cs_id , cm_name,cm_type ,cm_order , cm_state , cm_min_price , cm_max_price) values(1007002,5042,'2019款 1.5L 单排4轮标准型DAM15R','2019款',4,1,46500,46500);
insert into t_car_brand_factory(cbf_id , cb_id , cbf_name ,cbf_letter) values(338,110,'一汽通用','Y');
insert into t_car_series(cs_id,cbf_id,cs_name,cs_order,cs_letter) values(2603,338,'坤程',4939,'K');
insert into t_car_model(cm_id , cs_id , cm_name,cm_type ,cm_order , cm_state , cm_min_price , cm_max_price) values(1002752,2603,'2013款 2.2L标准型','2013款',1,1,63800,63800);
insert into t_car_model(cm_id , cs_id , cm_name,cm_type ,cm_order , cm_state , cm_min_price , cm_max_price) values(1002753,2603,'2013款 2.2L精英型','2013款',2,1,64800,64800);
insert into t_car_model(cm_id , cs_id , cm_name,cm_type ,cm_order , cm_state , cm_min_price , cm_max_price) values(1002754,2603,'2013款 2.2L豪华型','2013款',3,1,65800,65800);
insert into t_car_model(cm_id , cs_id , cm_name,cm_type ,cm_order , cm_state , cm_min_price , cm_max_price) values(1000835,2603,'2011款 2.2L精英型','2011款',1,1,60600,60600);
insert into t_car_model(cm_id , cs_id , cm_name,cm_type ,cm_order , cm_state , cm_min_price , cm_max_price) values(1000837,2603,'2011款 2.2L豪华型','2011款',2,1,62600,62600);
insert into t_car_model(cm_id , cs_id , cm_name,cm_type ,cm_order , cm_state , cm_min_price , cm_max_price) values(1000836,2603,'2011款 2.4T精英型','2011款',3,1,64600,64600);
insert into t_car_model(cm_id , cs_id , cm_name,cm_type ,cm_order , cm_state , cm_min_price , cm_max_price) values(1000838,2603,'2011款 2.4T豪华型','2011款',4,1,66600,66600);
