insert into t_car_brand_factory(cbf_id , cb_id , cbf_name ,cbf_letter) values(12,68,'北京吉普','B');
insert into t_car_series(cs_id,cbf_id,cs_name,cs_order,cs_letter) values(25,12,'欧蓝德经典',4123,'O');
insert into t_car_model(cm_id , cs_id , cm_name,cm_type ,cm_order , cm_state , cm_min_price , cm_max_price) values(2495,25,'2006款 2.4L 手动两驱实尚版','2006款',1,1,154800,154800);
insert into t_car_model(cm_id , cs_id , cm_name,cm_type ,cm_order , cm_state , cm_min_price , cm_max_price) values(1648,25,'2005款 2.4L 手动两驱运动型','2005款',1,1,179800,179800);
insert into t_car_model(cm_id , cs_id , cm_name,cm_type ,cm_order , cm_state , cm_min_price , cm_max_price) values(1645,25,'2005款 2.4L 手动两驱优雅型','2005款',2,1,169800,169800);
insert into t_car_model(cm_id , cs_id , cm_name,cm_type ,cm_order , cm_state , cm_min_price , cm_max_price) values(1646,25,'2005款 2.4L 自动四驱优雅型','2005款',3,1,187800,187800);
insert into t_car_model(cm_id , cs_id , cm_name,cm_type ,cm_order , cm_state , cm_min_price , cm_max_price) values(1647,25,'2005款 2.4L 自动四驱豪华型','2005款',4,1,209800,209800);
insert into t_car_model(cm_id , cs_id , cm_name,cm_type ,cm_order , cm_state , cm_min_price , cm_max_price) values(1942,25,'2005款 2.4L 手动两驱','2005款',5,1,175800,175800);
insert into t_car_model(cm_id , cs_id , cm_name,cm_type ,cm_order , cm_state , cm_min_price , cm_max_price) values(1943,25,'2005款 2.4L 自动两驱','2005款',6,1,189800,189800);
insert into t_car_model(cm_id , cs_id , cm_name,cm_type ,cm_order , cm_state , cm_min_price , cm_max_price) values(1944,25,'2005款 2.4L 手动四驱','2005款',7,1,190800,190800);
insert into t_car_model(cm_id , cs_id , cm_name,cm_type ,cm_order , cm_state , cm_min_price , cm_max_price) values(1945,25,'2005款 2.4L 自动四驱','2005款',8,1,219800,219800);
insert into t_car_model(cm_id , cs_id , cm_name,cm_type ,cm_order , cm_state , cm_min_price , cm_max_price) values(190,25,'2004款 2.4L 手动两驱经典型','2004款',1,1,169800,169800);
insert into t_car_model(cm_id , cs_id , cm_name,cm_type ,cm_order , cm_state , cm_min_price , cm_max_price) values(577,25,'2004款 2.4L 自动四驱经典型','2004款',2,1,184800,184800);
insert into t_car_model(cm_id , cs_id , cm_name,cm_type ,cm_order , cm_state , cm_min_price , cm_max_price) values(1119,25,'2004款 2.4L 手动两驱优雅型','2004款',3,1,172800,172800);
insert into t_car_model(cm_id , cs_id , cm_name,cm_type ,cm_order , cm_state , cm_min_price , cm_max_price) values(1120,25,'2004款 2.4L 手动两驱运动型','2004款',4,1,186800,186800);
insert into t_car_model(cm_id , cs_id , cm_name,cm_type ,cm_order , cm_state , cm_min_price , cm_max_price) values(1274,25,'2004款 2.4L 自动四驱豪华型','2004款',5,1,219800,219800);
insert into t_car_series(cs_id,cbf_id,cs_name,cs_order,cs_letter) values(24,12,'帕杰罗速跑',4124,'P');
insert into t_car_model(cm_id , cs_id , cm_name,cm_type ,cm_order , cm_state , cm_min_price , cm_max_price) values(186,24,'2004款 2.4L 手动两驱GLX','2004款',1,1,182000,182000);
insert into t_car_model(cm_id , cs_id , cm_name,cm_type ,cm_order , cm_state , cm_min_price , cm_max_price) values(189,24,'2004款 3.0L 手动四驱GLS','2004款',2,1,256000,256000);
insert into t_car_model(cm_id , cs_id , cm_name,cm_type ,cm_order , cm_state , cm_min_price , cm_max_price) values(552,24,'2004款 3.0L 自动四驱GLS','2004款',3,1,319000,319000);
insert into t_car_model(cm_id , cs_id , cm_name,cm_type ,cm_order , cm_state , cm_min_price , cm_max_price) values(187,24,'2004款 3.0L 自动四驱超豪华版','2004款',4,1,324000,324000);
insert into t_car_model(cm_id , cs_id , cm_name,cm_type ,cm_order , cm_state , cm_min_price , cm_max_price) values(555,24,'2004款 改款 3.0L 自动四驱GLS','2004款',5,1,386000,386000);
insert into t_car_brand_factory(cbf_id , cb_id , cbf_name ,cbf_letter) values(51,68,'东南汽车','D');
insert into t_car_series(cs_id,cbf_id,cs_name,cs_order,cs_letter) values(3131,51,'风迪思',4125,'F');
insert into t_car_model(cm_id , cs_id , cm_name,cm_type ,cm_order , cm_state , cm_min_price , cm_max_price) values(16644,3131,'2013款 1.6L 手动经典型','2013款',1,1,98800,98800);
insert into t_car_model(cm_id , cs_id , cm_name,cm_type ,cm_order , cm_state , cm_min_price , cm_max_price) values(16645,3131,'2013款 1.6L 手动舒适型','2013款',2,1,101800,101800);
insert into t_car_model(cm_id , cs_id , cm_name,cm_type ,cm_order , cm_state , cm_min_price , cm_max_price) values(16646,3131,'2013款 1.8L 手动舒适型 国IV','2013款',3,1,113800,113800);
insert into t_car_model(cm_id , cs_id , cm_name,cm_type ,cm_order , cm_state , cm_min_price , cm_max_price) values(16647,3131,'2013款 1.8L 自动豪华型 国IV','2013款',4,1,128800,128800);
insert into t_car_model(cm_id , cs_id , cm_name,cm_type ,cm_order , cm_state , cm_min_price , cm_max_price) values(16648,3131,'2013款 1.8L 自动旗舰型 国IV','2013款',5,1,149800,149800);
insert into t_car_model(cm_id , cs_id , cm_name,cm_type ,cm_order , cm_state , cm_min_price , cm_max_price) values(16649,3131,'2013款 1.8L 手动舒适型 国V','2013款',6,1,113800,113800);
insert into t_car_model(cm_id , cs_id , cm_name,cm_type ,cm_order , cm_state , cm_min_price , cm_max_price) values(16650,3131,'2013款 1.8L 自动豪华型 国V','2013款',7,1,128800,128800);
insert into t_car_model(cm_id , cs_id , cm_name,cm_type ,cm_order , cm_state , cm_min_price , cm_max_price) values(16651,3131,'2013款 1.8L 自动旗舰型 国V','2013款',8,1,149800,149800);
insert into t_car_series(cs_id,cbf_id,cs_name,cs_order,cs_letter) values(458,51,'蓝瑟',4126,'L');
insert into t_car_model(cm_id , cs_id , cm_name,cm_type ,cm_order , cm_state , cm_min_price , cm_max_price) values(21272,458,'2015款 1.6L 手动S-Design','2015款',1,1,76800,76800);
insert into t_car_model(cm_id , cs_id , cm_name,cm_type ,cm_order , cm_state , cm_min_price , cm_max_price) values(21273,458,'2015款 1.6L 手动乐购版','2015款',2,1,76800,76800);
insert into t_car_model(cm_id , cs_id , cm_name,cm_type ,cm_order , cm_state , cm_min_price , cm_max_price) values(13302,458,'2012款 1.6L 手动舒适版SEi','2012款',1,1,69800,69800);
insert into t_car_model(cm_id , cs_id , cm_name,cm_type ,cm_order , cm_state , cm_min_price , cm_max_price) values(13303,458,'2012款 1.6L 手动豪华版EXi','2012款',2,1,76800,76800);
insert into t_car_model(cm_id , cs_id , cm_name,cm_type ,cm_order , cm_state , cm_min_price , cm_max_price) values(7257,458,'2010款 卓越版 1.6L 手动舒适型','2010款',1,1,76800,76800);
insert into t_car_model(cm_id , cs_id , cm_name,cm_type ,cm_order , cm_state , cm_min_price , cm_max_price) values(7258,458,'2010款 卓越版 1.6L 手动豪华型','2010款',2,1,86800,86800);
insert into t_car_model(cm_id , cs_id , cm_name,cm_type ,cm_order , cm_state , cm_min_price , cm_max_price) values(7259,458,'2010款 卓越版 1.6L 自动豪华型','2010款',3,1,96800,96800);
insert into t_car_model(cm_id , cs_id , cm_name,cm_type ,cm_order , cm_state , cm_min_price , cm_max_price) values(7260,458,'2010款 1.6L 手动舒适运动型','2010款',4,1,81800,81800);
insert into t_car_model(cm_id , cs_id , cm_name,cm_type ,cm_order , cm_state , cm_min_price , cm_max_price) values(7261,458,'2010款 1.6L 自动舒适运动型','2010款',5,1,91800,91800);
insert into t_car_model(cm_id , cs_id , cm_name,cm_type ,cm_order , cm_state , cm_min_price , cm_max_price) values(7262,458,'2010款 1.6L 手动豪华运动型','2010款',6,1,96800,96800);
insert into t_car_model(cm_id , cs_id , cm_name,cm_type ,cm_order , cm_state , cm_min_price , cm_max_price) values(4376,458,'2008款 炫动版 1.6L 手动舒适型SEi','2008款',1,1,84800,84800);
insert into t_car_model(cm_id , cs_id , cm_name,cm_type ,cm_order , cm_state , cm_min_price , cm_max_price) values(4389,458,'2008款 炫动版 1.6L 自动舒适型SEi','2008款',2,1,94800,94800);
insert into t_car_model(cm_id , cs_id , cm_name,cm_type ,cm_order , cm_state , cm_min_price , cm_max_price) values(4390,458,'2008款 炫动版 1.6L 手动豪华型EXi','2008款',3,1,94800,94800);
insert into t_car_model(cm_id , cs_id , cm_name,cm_type ,cm_order , cm_state , cm_min_price , cm_max_price) values(4391,458,'2008款 炫动版 1.6L 自动豪华型EXi','2008款',4,1,104800,104800);
insert into t_car_model(cm_id , cs_id , cm_name,cm_type ,cm_order , cm_state , cm_min_price , cm_max_price) values(3417,458,'2007款 1.6L 手动运动舒适型','2007款',1,1,104800,104800);
insert into t_car_model(cm_id , cs_id , cm_name,cm_type ,cm_order , cm_state , cm_min_price , cm_max_price) values(3418,458,'2007款 1.6L 自动运动豪华型','2007款',2,1,114800,114800);
insert into t_car_model(cm_id , cs_id , cm_name,cm_type ,cm_order , cm_state , cm_min_price , cm_max_price) values(2329,458,'2006款 1.6L 手动舒适型SEi','2006款',1,1,84800,84800);
insert into t_car_model(cm_id , cs_id , cm_name,cm_type ,cm_order , cm_state , cm_min_price , cm_max_price) values(2339,458,'2006款 1.6L 自动舒适型SEi','2006款',2,1,94800,94800);
insert into t_car_model(cm_id , cs_id , cm_name,cm_type ,cm_order , cm_state , cm_min_price , cm_max_price) values(2330,458,'2006款 1.6L 手动豪华型EXi','2006款',3,1,94800,94800);
insert into t_car_model(cm_id , cs_id , cm_name,cm_type ,cm_order , cm_state , cm_min_price , cm_max_price) values(2331,458,'2006款 1.6L 自动豪华型EXi','2006款',4,1,104800,104800);
insert into t_car_series(cs_id,cbf_id,cs_name,cs_order,cs_letter) values(873,51,'翼神',4127,'Y');
insert into t_car_model(cm_id , cs_id , cm_name,cm_type ,cm_order , cm_state , cm_min_price , cm_max_price) values(24675,873,'2016款 1.8L 手动黑白复刻版','2016款',1,1,111000,111000);
insert into t_car_model(cm_id , cs_id , cm_name,cm_type ,cm_order , cm_state , cm_min_price , cm_max_price) values(24616,873,'2016款 1.8L CVT黑白复刻版','2016款',2,1,119000,119000);
insert into t_car_model(cm_id , cs_id , cm_name,cm_type ,cm_order , cm_state , cm_min_price , cm_max_price) values(21161,873,'2015款 1.6L 手动时尚版','2015款',1,1,95800,95800);
insert into t_car_model(cm_id , cs_id , cm_name,cm_type ,cm_order , cm_state , cm_min_price , cm_max_price) values(21162,873,'2015款 1.8L CVT时尚版 国IV','2015款',2,1,116800,116800);
insert into t_car_model(cm_id , cs_id , cm_name,cm_type ,cm_order , cm_state , cm_min_price , cm_max_price) values(21544,873,'2015款 1.8L CVT时尚版 国V','2015款',3,1,117800,117800);
insert into t_car_model(cm_id , cs_id , cm_name,cm_type ,cm_order , cm_state , cm_min_price , cm_max_price) values(21163,873,'2015款 1.8L 手动致尚版 国IV','2015款',4,1,108800,108800);
insert into t_car_model(cm_id , cs_id , cm_name,cm_type ,cm_order , cm_state , cm_min_price , cm_max_price) values(21545,873,'2015款 1.8L 手动致尚版 国V','2015款',5,1,109800,109800);
insert into t_car_model(cm_id , cs_id , cm_name,cm_type ,cm_order , cm_state , cm_min_price , cm_max_price) values(21164,873,'2015款 1.8L CVT致尚版 国IV','2015款',6,1,130800,130800);
insert into t_car_model(cm_id , cs_id , cm_name,cm_type ,cm_order , cm_state , cm_min_price , cm_max_price) values(21546,873,'2015款 1.8L CVT致尚版 国V','2015款',7,1,131800,131800);
insert into t_car_model(cm_id , cs_id , cm_name,cm_type ,cm_order , cm_state , cm_min_price , cm_max_price) values(20923,873,'2015款 2.0L CVT旗舰版','2015款',8,1,139800,139800);
insert into t_car_model(cm_id , cs_id , cm_name,cm_type ,cm_order , cm_state , cm_min_price , cm_max_price) values(24118,873,'2015款 1.8L 手动魅影版','2015款',9,1,113800,113800);
insert into t_car_model(cm_id , cs_id , cm_name,cm_type ,cm_order , cm_state , cm_min_price , cm_max_price) values(24117,873,'2015款 1.8L CVT魅影版','2015款',10,1,121800,121800);
insert into t_car_model(cm_id , cs_id , cm_name,cm_type ,cm_order , cm_state , cm_min_price , cm_max_price) values(20170,873,'2014款 竞速版 1.8L 手动舒适型','2014款',1,1,123800,123800);
insert into t_car_model(cm_id , cs_id , cm_name,cm_type ,cm_order , cm_state , cm_min_price , cm_max_price) values(20171,873,'2014款 竞速版 1.8L CVT舒适型','2014款',2,1,136800,136800);
insert into t_car_model(cm_id , cs_id , cm_name,cm_type ,cm_order , cm_state , cm_min_price , cm_max_price) values(17518,873,'2013款 风尚版 1.6L 手动经典型','2013款',1,1,99800,99800);
insert into t_car_model(cm_id , cs_id , cm_name,cm_type ,cm_order , cm_state , cm_min_price , cm_max_price) values(17519,873,'2013款 风尚版 1.6L 手动豪华型','2013款',2,1,107800,107800);
insert into t_car_model(cm_id , cs_id , cm_name,cm_type ,cm_order , cm_state , cm_min_price , cm_max_price) values(15310,873,'2013款 时尚版 1.8L 手动睿智型','2013款',3,1,109800,109800);
insert into t_car_model(cm_id , cs_id , cm_name,cm_type ,cm_order , cm_state , cm_min_price , cm_max_price) values(15311,873,'2013款 时尚版 1.8L 手动舒适型','2013款',4,1,117800,117800);
insert into t_car_model(cm_id , cs_id , cm_name,cm_type ,cm_order , cm_state , cm_min_price , cm_max_price) values(15312,873,'2013款 时尚版 1.8L CVT舒适型','2013款',5,1,130800,130800);
insert into t_car_model(cm_id , cs_id , cm_name,cm_type ,cm_order , cm_state , cm_min_price , cm_max_price) values(15313,873,'2013款 致尚版 1.8L 手动豪华型','2013款',6,1,126800,126800);
insert into t_car_model(cm_id , cs_id , cm_name,cm_type ,cm_order , cm_state , cm_min_price , cm_max_price) values(15314,873,'2013款 致尚版 1.8L CVT豪华型','2013款',7,1,144800,144800);
insert into t_car_model(cm_id , cs_id , cm_name,cm_type ,cm_order , cm_state , cm_min_price , cm_max_price) values(15315,873,'2013款 致炫版 2.0L 手动舒适型','2013款',8,1,130800,130800);
insert into t_car_model(cm_id , cs_id , cm_name,cm_type ,cm_order , cm_state , cm_min_price , cm_max_price) values(15317,873,'2013款 致炫版 2.0L CVT旗舰型','2013款',9,1,169800,169800);
insert into t_car_model(cm_id , cs_id , cm_name,cm_type ,cm_order , cm_state , cm_min_price , cm_max_price) values(11252,873,'2012款 贺岁版 1.8L 手动舒适型','2012款',1,1,116800,116800);
insert into t_car_model(cm_id , cs_id , cm_name,cm_type ,cm_order , cm_state , cm_min_price , cm_max_price) values(11253,873,'2012款 贺岁版 1.8L CVT舒适型','2012款',2,1,129800,129800);
insert into t_car_model(cm_id , cs_id , cm_name,cm_type ,cm_order , cm_state , cm_min_price , cm_max_price) values(12245,873,'2012款 1.8L 手动魅力版','2012款',3,1,116800,116800);
insert into t_car_model(cm_id , cs_id , cm_name,cm_type ,cm_order , cm_state , cm_min_price , cm_max_price) values(12246,873,'2012款 1.8L CVT魅力版','2012款',4,1,129800,129800);
insert into t_car_model(cm_id , cs_id , cm_name,cm_type ,cm_order , cm_state , cm_min_price , cm_max_price) values(14399,873,'2012款 经典 1.8L CVT黑白版','2012款',5,1,129800,129800);
insert into t_car_model(cm_id , cs_id , cm_name,cm_type ,cm_order , cm_state , cm_min_price , cm_max_price) values(14400,873,'2012款 经典 2.0L CVT黑白版','2012款',6,1,169800,169800);
insert into t_car_model(cm_id , cs_id , cm_name,cm_type ,cm_order , cm_state , cm_min_price , cm_max_price) values(12981,873,'2012款 时尚版 1.8L 手动睿智型','2012款',7,1,109800,109800);
insert into t_car_model(cm_id , cs_id , cm_name,cm_type ,cm_order , cm_state , cm_min_price , cm_max_price) values(12982,873,'2012款 时尚版 1.8L 手动舒适型','2012款',8,1,116800,116800);
insert into t_car_model(cm_id , cs_id , cm_name,cm_type ,cm_order , cm_state , cm_min_price , cm_max_price) values(12983,873,'2012款 时尚版 1.8L CVT舒适型','2012款',9,1,129800,129800);
insert into t_car_model(cm_id , cs_id , cm_name,cm_type ,cm_order , cm_state , cm_min_price , cm_max_price) values(12984,873,'2012款 致尚版 1.8L 手动豪华型','2012款',10,1,125800,125800);
insert into t_car_model(cm_id , cs_id , cm_name,cm_type ,cm_order , cm_state , cm_min_price , cm_max_price) values(12985,873,'2012款 致尚版 1.8L CVT豪华型','2012款',11,1,143800,143800);
insert into t_car_model(cm_id , cs_id , cm_name,cm_type ,cm_order , cm_state , cm_min_price , cm_max_price) values(12986,873,'2012款 致炫版 2.0L 手动舒适型','2012款',12,1,129800,129800);
insert into t_car_model(cm_id , cs_id , cm_name,cm_type ,cm_order , cm_state , cm_min_price , cm_max_price) values(12987,873,'2012款 致炫版 2.0L 手动豪华型','2012款',13,1,148800,148800);
insert into t_car_model(cm_id , cs_id , cm_name,cm_type ,cm_order , cm_state , cm_min_price , cm_max_price) values(12988,873,'2012款 致炫版 2.0L CVT旗舰型','2012款',14,1,169800,169800);
insert into t_car_model(cm_id , cs_id , cm_name,cm_type ,cm_order , cm_state , cm_min_price , cm_max_price) values(9951,873,'2011款 时尚版 1.8L 手动睿智型','2011款',1,1,109800,109800);
insert into t_car_model(cm_id , cs_id , cm_name,cm_type ,cm_order , cm_state , cm_min_price , cm_max_price) values(9952,873,'2011款 时尚版 1.8L 手动舒适型','2011款',2,1,116800,116800);
insert into t_car_model(cm_id , cs_id , cm_name,cm_type ,cm_order , cm_state , cm_min_price , cm_max_price) values(9953,873,'2011款 时尚版 1.8L CVT舒适型','2011款',3,1,129800,129800);
insert into t_car_model(cm_id , cs_id , cm_name,cm_type ,cm_order , cm_state , cm_min_price , cm_max_price) values(9954,873,'2011款 致尚版 1.8L 手动豪华型','2011款',4,1,125800,125800);
insert into t_car_model(cm_id , cs_id , cm_name,cm_type ,cm_order , cm_state , cm_min_price , cm_max_price) values(9940,873,'2011款 致尚版 1.8L CVT豪华型','2011款',5,1,143800,143800);
insert into t_car_model(cm_id , cs_id , cm_name,cm_type ,cm_order , cm_state , cm_min_price , cm_max_price) values(8999,873,'2011款 致尚版 1.8L CVT限量款','2011款',6,1,146800,146800);
insert into t_car_model(cm_id , cs_id , cm_name,cm_type ,cm_order , cm_state , cm_min_price , cm_max_price) values(9955,873,'2011款 致炫版 2.0L 手动舒适型','2011款',7,1,129800,129800);
insert into t_car_model(cm_id , cs_id , cm_name,cm_type ,cm_order , cm_state , cm_min_price , cm_max_price) values(9956,873,'2011款 致炫版 2.0L 手动豪华型','2011款',8,1,148800,148800);
insert into t_car_model(cm_id , cs_id , cm_name,cm_type ,cm_order , cm_state , cm_min_price , cm_max_price) values(9939,873,'2011款 致炫版 2.0L CVT旗舰型','2011款',9,1,169800,169800);
insert into t_car_model(cm_id , cs_id , cm_name,cm_type ,cm_order , cm_state , cm_min_price , cm_max_price) values(6432,873,'2010款 时尚版 1.8L 手动睿智型','2010款',1,1,109800,109800);
insert into t_car_model(cm_id , cs_id , cm_name,cm_type ,cm_order , cm_state , cm_min_price , cm_max_price) values(6090,873,'2010款 时尚版 1.8L 手动舒适型','2010款',2,1,116800,116800);
insert into t_car_model(cm_id , cs_id , cm_name,cm_type ,cm_order , cm_state , cm_min_price , cm_max_price) values(6091,873,'2010款 时尚版 1.8L CVT舒适型','2010款',3,1,129800,129800);
insert into t_car_model(cm_id , cs_id , cm_name,cm_type ,cm_order , cm_state , cm_min_price , cm_max_price) values(6092,873,'2010款 时尚版 1.8L CVT豪华型','2010款',4,1,147800,147800);
insert into t_car_model(cm_id , cs_id , cm_name,cm_type ,cm_order , cm_state , cm_min_price , cm_max_price) values(8178,873,'2010款 致尚版 1.8L 手动豪华型','2010款',5,1,125800,125800);
insert into t_car_model(cm_id , cs_id , cm_name,cm_type ,cm_order , cm_state , cm_min_price , cm_max_price) values(8179,873,'2010款 致尚版 1.8L CVT豪华型','2010款',6,1,143800,143800);
insert into t_car_model(cm_id , cs_id , cm_name,cm_type ,cm_order , cm_state , cm_min_price , cm_max_price) values(6093,873,'2010款 运动版 2.0L 手动豪华型','2010款',7,1,148800,148800);
insert into t_car_model(cm_id , cs_id , cm_name,cm_type ,cm_order , cm_state , cm_min_price , cm_max_price) values(5404,873,'2010款 运动版 2.0L CVT旗舰型','2010款',8,1,169800,169800);
insert into t_car_series(cs_id,cbf_id,cs_name,cs_order,cs_letter) values(483,51,'三菱戈蓝',4128,'S');
insert into t_car_model(cm_id , cs_id , cm_name,cm_type ,cm_order , cm_state , cm_min_price , cm_max_price) values(11583,483,'2012款 2.0L 精锐版','2012款',1,1,149800,149800);
insert into t_car_model(cm_id , cs_id , cm_name,cm_type ,cm_order , cm_state , cm_min_price , cm_max_price) values(11274,483,'2012款 2.0L 铭仕版','2012款',2,1,161800,161800);
insert into t_car_model(cm_id , cs_id , cm_name,cm_type ,cm_order , cm_state , cm_min_price , cm_max_price) values(11584,483,'2012款 2.4L 尊贵升级版','2012款',3,1,179800,179800);
insert into t_car_model(cm_id , cs_id , cm_name,cm_type ,cm_order , cm_state , cm_min_price , cm_max_price) values(11585,483,'2012款 2.4L 旗舰升级版','2012款',4,1,199800,199800);
insert into t_car_model(cm_id , cs_id , cm_name,cm_type ,cm_order , cm_state , cm_min_price , cm_max_price) values(6004,483,'2009款 2.0L 精锐版','2009款',1,1,149800,149800);
insert into t_car_model(cm_id , cs_id , cm_name,cm_type ,cm_order , cm_state , cm_min_price , cm_max_price) values(6005,483,'2009款 2.0L 铭仕版','2009款',2,1,161800,161800);
insert into t_car_model(cm_id , cs_id , cm_name,cm_type ,cm_order , cm_state , cm_min_price , cm_max_price) values(5429,483,'2009款 2.4L 尊贵升级版','2009款',3,1,179800,179800);
insert into t_car_model(cm_id , cs_id , cm_name,cm_type ,cm_order , cm_state , cm_min_price , cm_max_price) values(5488,483,'2009款 2.4L 尊贵韵动版','2009款',4,1,183000,183000);
insert into t_car_model(cm_id , cs_id , cm_name,cm_type ,cm_order , cm_state , cm_min_price , cm_max_price) values(5430,483,'2009款 2.4L 旗舰升级版','2009款',5,1,199800,199800);
insert into t_car_model(cm_id , cs_id , cm_name,cm_type ,cm_order , cm_state , cm_min_price , cm_max_price) values(5403,483,'2009款 2.4L 旗舰韵动版','2009款',6,1,203000,203000);
insert into t_car_model(cm_id , cs_id , cm_name,cm_type ,cm_order , cm_state , cm_min_price , cm_max_price) values(3161,483,'2007款 2.4L 精英型','2007款',1,1,169800,169800);
insert into t_car_model(cm_id , cs_id , cm_name,cm_type ,cm_order , cm_state , cm_min_price , cm_max_price) values(2625,483,'2007款 2.4L 尊贵型','2007款',2,1,199800,199800);
insert into t_car_model(cm_id , cs_id , cm_name,cm_type ,cm_order , cm_state , cm_min_price , cm_max_price) values(2626,483,'2007款 2.4L 旗舰型','2007款',3,1,219800,219800);
insert into t_car_series(cs_id,cbf_id,cs_name,cs_order,cs_letter) values(668,51,'君阁',4129,'J');
insert into t_car_model(cm_id , cs_id , cm_name,cm_type ,cm_order , cm_state , cm_min_price , cm_max_price) values(9740,668,'2011款 2.0L 手动挡经典型','2011款',1,1,129800,129800);
insert into t_car_model(cm_id , cs_id , cm_name,cm_type ,cm_order , cm_state , cm_min_price , cm_max_price) values(9741,668,'2011款 2.0L 手动挡豪华型','2011款',2,1,144800,144800);
insert into t_car_model(cm_id , cs_id , cm_name,cm_type ,cm_order , cm_state , cm_min_price , cm_max_price) values(9742,668,'2011款 2.0L 自动挡豪华型','2011款',3,1,154800,154800);
insert into t_car_model(cm_id , cs_id , cm_name,cm_type ,cm_order , cm_state , cm_min_price , cm_max_price) values(9743,668,'2011款 2.0L 自动挡旗舰型','2011款',4,1,174800,174800);
insert into t_car_model(cm_id , cs_id , cm_name,cm_type ,cm_order , cm_state , cm_min_price , cm_max_price) values(7798,668,'2010款 2.0L 手动挡经典型','2010款',1,1,136800,136800);
insert into t_car_model(cm_id , cs_id , cm_name,cm_type ,cm_order , cm_state , cm_min_price , cm_max_price) values(7799,668,'2010款 2.0L 手动挡豪华型','2010款',2,1,149800,149800);
insert into t_car_model(cm_id , cs_id , cm_name,cm_type ,cm_order , cm_state , cm_min_price , cm_max_price) values(7800,668,'2010款 2.0L 自动挡豪华型','2010款',3,1,159800,159800);
insert into t_car_model(cm_id , cs_id , cm_name,cm_type ,cm_order , cm_state , cm_min_price , cm_max_price) values(7801,668,'2010款 2.0L 自动挡旗舰型','2010款',4,1,179800,179800);
insert into t_car_model(cm_id , cs_id , cm_name,cm_type ,cm_order , cm_state , cm_min_price , cm_max_price) values(4435,668,'2008款 2.0L 手动挡经典型','2008款',1,1,136800,136800);
insert into t_car_model(cm_id , cs_id , cm_name,cm_type ,cm_order , cm_state , cm_min_price , cm_max_price) values(4665,668,'2008款 2.0L 手动挡豪华型','2008款',2,1,149800,149800);
insert into t_car_model(cm_id , cs_id , cm_name,cm_type ,cm_order , cm_state , cm_min_price , cm_max_price) values(4666,668,'2008款 2.0L 自动挡豪华型','2008款',3,1,159800,159800);
insert into t_car_model(cm_id , cs_id , cm_name,cm_type ,cm_order , cm_state , cm_min_price , cm_max_price) values(4667,668,'2008款 2.0L 自动挡旗舰型','2008款',4,1,179800,179800);
insert into t_car_series(cs_id,cbf_id,cs_name,cs_order,cs_letter) values(128,51,'菱绅',4130,'L');
insert into t_car_model(cm_id , cs_id , cm_name,cm_type ,cm_order , cm_state , cm_min_price , cm_max_price) values(2340,128,'2006款 2.4L 手动经典型GLXi','2006款',1,1,159800,159800);
insert into t_car_model(cm_id , cs_id , cm_name,cm_type ,cm_order , cm_state , cm_min_price , cm_max_price) values(2341,128,'2006款 2.4L 自动经典型GLXi','2006款',2,1,173800,173800);
insert into t_car_model(cm_id , cs_id , cm_name,cm_type ,cm_order , cm_state , cm_min_price , cm_max_price) values(2342,128,'2006款 2.4L 手动豪华型SEi','2006款',3,1,175800,175800);
insert into t_car_model(cm_id , cs_id , cm_name,cm_type ,cm_order , cm_state , cm_min_price , cm_max_price) values(2343,128,'2006款 2.4L 自动豪华型SEi','2006款',4,1,189800,189800);
insert into t_car_model(cm_id , cs_id , cm_name,cm_type ,cm_order , cm_state , cm_min_price , cm_max_price) values(2344,128,'2006款 2.4L 自动尊贵型EXi','2006款',5,1,209800,209800);
insert into t_car_model(cm_id , cs_id , cm_name,cm_type ,cm_order , cm_state , cm_min_price , cm_max_price) values(1556,128,'2005款 2.4L 手动经典型','2005款',1,1,169800,169800);
insert into t_car_model(cm_id , cs_id , cm_name,cm_type ,cm_order , cm_state , cm_min_price , cm_max_price) values(2090,128,'2005款 2.4L 手动豪华型','2005款',2,1,185800,185800);
insert into t_car_model(cm_id , cs_id , cm_name,cm_type ,cm_order , cm_state , cm_min_price , cm_max_price) values(1557,128,'2005款 2.4L 自动卓越型','2005款',3,1,183800,183800);
insert into t_car_model(cm_id , cs_id , cm_name,cm_type ,cm_order , cm_state , cm_min_price , cm_max_price) values(1558,128,'2005款 2.4L 自动豪华型','2005款',4,1,199800,199800);
insert into t_car_model(cm_id , cs_id , cm_name,cm_type ,cm_order , cm_state , cm_min_price , cm_max_price) values(1559,128,'2005款 2.4L 自动尊贵型','2005款',5,1,219800,219800);
insert into t_car_model(cm_id , cs_id , cm_name,cm_type ,cm_order , cm_state , cm_min_price , cm_max_price) values(1560,128,'2005款 2.4L 自动旗舰型','2005款',6,1,227800,227800);
insert into t_car_model(cm_id , cs_id , cm_name,cm_type ,cm_order , cm_state , cm_min_price , cm_max_price) values(990,128,'2004款 2.4L 手动GLXi','2004款',1,1,169800,169800);
insert into t_car_model(cm_id , cs_id , cm_name,cm_type ,cm_order , cm_state , cm_min_price , cm_max_price) values(1088,128,'2004款 2.4L 自动GLXi','2004款',2,1,198800,198800);
insert into t_car_model(cm_id , cs_id , cm_name,cm_type ,cm_order , cm_state , cm_min_price , cm_max_price) values(1166,128,'2004款 2.4L 自动SEi','2004款',3,1,227800,227800);
insert into t_car_model(cm_id , cs_id , cm_name,cm_type ,cm_order , cm_state , cm_min_price , cm_max_price) values(991,128,'2004款 2.4L 自动EXi','2004款',4,1,227800,227800);
insert into t_car_brand_factory(cbf_id , cb_id , cbf_name ,cbf_letter) values(355,68,'广汽三菱','G');
insert into t_car_series(cs_id,cbf_id,cs_name,cs_order,cs_letter) values(6154,355,'阿图柯AIRTREK',4131,'A');
insert into t_car_model(cm_id , cs_id , cm_name,cm_type ,cm_order , cm_state , cm_min_price , cm_max_price) values(54535,6154,'2022款 低配版','2022款',1,1,210000,210000);
insert into t_car_model(cm_id , cs_id , cm_name,cm_type ,cm_order , cm_state , cm_min_price , cm_max_price) values(54536,6154,'2022款 硬核版','2022款',2,1,233800,233800);
insert into t_car_model(cm_id , cs_id , cm_name,cm_type ,cm_order , cm_state , cm_min_price , cm_max_price) values(50878,6154,'2022款 高配版','2022款',3,1,240000,240000);
insert into t_car_series(cs_id,cbf_id,cs_name,cs_order,cs_letter) values(2768,355,'劲炫ASX',4132,'J');
insert into t_car_model(cm_id , cs_id , cm_name,cm_type ,cm_order , cm_state , cm_min_price , cm_max_price) values(42997,2768,'2020款 1.6L 手动锋尚版','2020款',1,1,99800,99800);
insert into t_car_model(cm_id , cs_id , cm_name,cm_type ,cm_order , cm_state , cm_min_price , cm_max_price) values(42998,2768,'2020款 1.6L 手动乐趣版','2020款',2,1,109800,109800);
insert into t_car_model(cm_id , cs_id , cm_name,cm_type ,cm_order , cm_state , cm_min_price , cm_max_price) values(42999,2768,'2020款 2.0L CVT活力版','2020款',3,1,129800,129800);
insert into t_car_model(cm_id , cs_id , cm_name,cm_type ,cm_order , cm_state , cm_min_price , cm_max_price) values(42770,2768,'2020款 2.0L CVT智领版','2020款',4,1,139800,139800);
insert into t_car_model(cm_id , cs_id , cm_name,cm_type ,cm_order , cm_state , cm_min_price , cm_max_price) values(31511,2768,'2018款 1.6L 手动两驱灵动版','2018款',1,1,114800,114800);
insert into t_car_model(cm_id , cs_id , cm_name,cm_type ,cm_order , cm_state , cm_min_price , cm_max_price) values(31512,2768,'2018款 1.6L 手动两驱时尚版','2018款',2,1,119800,119800);
insert into t_car_model(cm_id , cs_id , cm_name,cm_type ,cm_order , cm_state , cm_min_price , cm_max_price) values(31513,2768,'2018款 2.0L CVT两驱精英版','2018款',3,1,141800,141800);
insert into t_car_model(cm_id , cs_id , cm_name,cm_type ,cm_order , cm_state , cm_min_price , cm_max_price) values(31514,2768,'2018款 2.0L CVT两驱尊享版','2018款',4,1,149800,149800);
insert into t_car_model(cm_id , cs_id , cm_name,cm_type ,cm_order , cm_state , cm_min_price , cm_max_price) values(37941,2768,'2018款 2.0L CVT两驱智橙版','2018款',5,1,155800,155800);
insert into t_car_model(cm_id , cs_id , cm_name,cm_type ,cm_order , cm_state , cm_min_price , cm_max_price) values(28606,2768,'2016款 1.6L 手动两驱进取版','2016款',1,1,114800,114800);
insert into t_car_model(cm_id , cs_id , cm_name,cm_type ,cm_order , cm_state , cm_min_price , cm_max_price) values(26044,2768,'2016款 1.6L 手动两驱先锋版','2016款',2,1,119800,119800);
insert into t_car_model(cm_id , cs_id , cm_name,cm_type ,cm_order , cm_state , cm_min_price , cm_max_price) values(28607,2768,'2016款 2.0L CVT两驱卓越版','2016款',3,1,141800,141800);
insert into t_car_model(cm_id , cs_id , cm_name,cm_type ,cm_order , cm_state , cm_min_price , cm_max_price) values(26048,2768,'2016款 2.0L CVT两驱领航版','2016款',4,1,149800,149800);
insert into t_car_model(cm_id , cs_id , cm_name,cm_type ,cm_order , cm_state , cm_min_price , cm_max_price) values(22326,2768,'2015款 2.0L CVT两驱精英版','2015款',1,1,168800,168800);
insert into t_car_model(cm_id , cs_id , cm_name,cm_type ,cm_order , cm_state , cm_min_price , cm_max_price) values(21009,2768,'2015款 2.0L CVT丝绸之路纪念版','2015款',2,1,169800,169800);
insert into t_car_model(cm_id , cs_id , cm_name,cm_type ,cm_order , cm_state , cm_min_price , cm_max_price) values(22327,2768,'2015款 2.0L CVT四驱尊贵版','2015款',3,1,202800,202800);
insert into t_car_model(cm_id , cs_id , cm_name,cm_type ,cm_order , cm_state , cm_min_price , cm_max_price) values(14365,2768,'2013款 1.6L 手动两驱标准版','2013款',1,1,109800,109800);
insert into t_car_model(cm_id , cs_id , cm_name,cm_type ,cm_order , cm_state , cm_min_price , cm_max_price) values(14514,2768,'2013款 2.0L 手动两驱舒适版','2013款',2,1,129800,129800);
insert into t_car_model(cm_id , cs_id , cm_name,cm_type ,cm_order , cm_state , cm_min_price , cm_max_price) values(17235,2768,'2013款 2.0L CVT两驱精英版','2013款',3,1,139800,139800);
insert into t_car_model(cm_id , cs_id , cm_name,cm_type ,cm_order , cm_state , cm_min_price , cm_max_price) values(14515,2768,'2013款 2.0L CVT两驱豪华版','2013款',4,1,159800,159800);
insert into t_car_model(cm_id , cs_id , cm_name,cm_type ,cm_order , cm_state , cm_min_price , cm_max_price) values(14516,2768,'2013款 2.0L CVT四驱尊贵版','2013款',5,1,169800,169800);
insert into t_car_model(cm_id , cs_id , cm_name,cm_type ,cm_order , cm_state , cm_min_price , cm_max_price) values(24371,2768,'2013款 2.0L CVT两驱科技版','2013款',6,1,169800,169800);
insert into t_car_model(cm_id , cs_id , cm_name,cm_type ,cm_order , cm_state , cm_min_price , cm_max_price) values(12586,2768,'2013款 2.0L CVT四驱旗舰版','2013款',7,1,179800,179800);
insert into t_car_series(cs_id,cbf_id,cs_name,cs_order,cs_letter) values(4147,355,'欧蓝德',4133,'O');
insert into t_car_model(cm_id , cs_id , cm_name,cm_type ,cm_order , cm_state , cm_min_price , cm_max_price) values(54958,4147,'2021款 改款 2.0L 两驱畅行版 5座','2021款',1,1,159800,159800);
insert into t_car_model(cm_id , cs_id , cm_name,cm_type ,cm_order , cm_state , cm_min_price , cm_max_price) values(54959,4147,'2021款 改款 2.0L 两驱畅享版 5座','2021款',2,1,172800,172800);
insert into t_car_model(cm_id , cs_id , cm_name,cm_type ,cm_order , cm_state , cm_min_price , cm_max_price) values(54891,4147,'2021款 2.0L 两驱曜动版 5座','2021款',3,1,175800,175800);
insert into t_car_model(cm_id , cs_id , cm_name,cm_type ,cm_order , cm_state , cm_min_price , cm_max_price) values(54960,4147,'2021款 改款 2.0L 两驱畅享版 7座','2021款',4,1,176800,176800);
insert into t_car_model(cm_id , cs_id , cm_name,cm_type ,cm_order , cm_state , cm_min_price , cm_max_price) values(50983,4147,'2021款 2.4L 四驱致享版 5座','2021款',5,1,194800,194800);
insert into t_car_model(cm_id , cs_id , cm_name,cm_type ,cm_order , cm_state , cm_min_price , cm_max_price) values(54892,4147,'2021款 2.4L 四驱曜动版 5座','2021款',6,1,197800,197800);
insert into t_car_model(cm_id , cs_id , cm_name,cm_type ,cm_order , cm_state , cm_min_price , cm_max_price) values(51026,4147,'2021款 2.4L 四驱致享版 7座','2021款',7,1,198800,198800);
insert into t_car_model(cm_id , cs_id , cm_name,cm_type ,cm_order , cm_state , cm_min_price , cm_max_price) values(51284,4147,'2021款 2.4L 四驱致尊版 7座','2021款',8,1,225800,225800);
insert into t_car_model(cm_id , cs_id , cm_name,cm_type ,cm_order , cm_state , cm_min_price , cm_max_price) values(51583,4147,'2021款 2.0L 两驱畅行版 5座','2021款',9,1,159800,159800);
insert into t_car_model(cm_id , cs_id , cm_name,cm_type ,cm_order , cm_state , cm_min_price , cm_max_price) values(51638,4147,'2021款 2.0L 两驱畅享版 5座','2021款',10,1,172800,172800);
insert into t_car_model(cm_id , cs_id , cm_name,cm_type ,cm_order , cm_state , cm_min_price , cm_max_price) values(51046,4147,'2021款 2.0L 两驱畅享版 7座','2021款',11,1,176800,176800);
insert into t_car_model(cm_id , cs_id , cm_name,cm_type ,cm_order , cm_state , cm_min_price , cm_max_price) values(45210,4147,'2020款 2.0L 两驱畅行版 5座','2020款',1,1,159800,159800);
insert into t_car_model(cm_id , cs_id , cm_name,cm_type ,cm_order , cm_state , cm_min_price , cm_max_price) values(45211,4147,'2020款 2.0L 两驱畅享版 5座','2020款',2,1,172800,172800);
insert into t_car_model(cm_id , cs_id , cm_name,cm_type ,cm_order , cm_state , cm_min_price , cm_max_price) values(45212,4147,'2020款 2.0L 两驱畅享版 7座','2020款',3,1,176800,176800);
insert into t_car_model(cm_id , cs_id , cm_name,cm_type ,cm_order , cm_state , cm_min_price , cm_max_price) values(45213,4147,'2020款 2.4L 四驱致享版 5座','2020款',4,1,194800,194800);
insert into t_car_model(cm_id , cs_id , cm_name,cm_type ,cm_order , cm_state , cm_min_price , cm_max_price) values(45214,4147,'2020款 2.4L 四驱致享版 7座','2020款',5,1,198800,198800);
insert into t_car_model(cm_id , cs_id , cm_name,cm_type ,cm_order , cm_state , cm_min_price , cm_max_price) values(45357,4147,'2020款 2.4L 四驱致尊版 7座','2020款',6,1,225800,225800);
insert into t_car_model(cm_id , cs_id , cm_name,cm_type ,cm_order , cm_state , cm_min_price , cm_max_price) values(40612,4147,'2019款 2.0L 两驱畅行版 5座 国VI','2019款',1,1,159800,159800);
insert into t_car_model(cm_id , cs_id , cm_name,cm_type ,cm_order , cm_state , cm_min_price , cm_max_price) values(40613,4147,'2019款 2.0L 两驱畅享版 5座 国VI','2019款',2,1,172800,172800);
insert into t_car_model(cm_id , cs_id , cm_name,cm_type ,cm_order , cm_state , cm_min_price , cm_max_price) values(40614,4147,'2019款 2.0L 两驱畅享版 7座 国VI','2019款',3,1,176800,176800);
insert into t_car_model(cm_id , cs_id , cm_name,cm_type ,cm_order , cm_state , cm_min_price , cm_max_price) values(40615,4147,'2019款 2.4L 四驱致享版 5座 国VI','2019款',4,1,194800,194800);
insert into t_car_model(cm_id , cs_id , cm_name,cm_type ,cm_order , cm_state , cm_min_price , cm_max_price) values(40616,4147,'2019款 2.4L 四驱致享版 7座 国VI','2019款',5,1,198800,198800);
insert into t_car_model(cm_id , cs_id , cm_name,cm_type ,cm_order , cm_state , cm_min_price , cm_max_price) values(44531,4147,'2019款 2.4L 四驱致尊版 7座 国VI','2019款',6,1,225800,225800);
insert into t_car_model(cm_id , cs_id , cm_name,cm_type ,cm_order , cm_state , cm_min_price , cm_max_price) values(36980,4147,'2019款 2.0L 两驱畅行版 5座 国V','2019款',7,1,159800,159800);
insert into t_car_model(cm_id , cs_id , cm_name,cm_type ,cm_order , cm_state , cm_min_price , cm_max_price) values(36981,4147,'2019款 2.0L 两驱畅享版 5座 国V','2019款',8,1,172800,172800);
insert into t_car_model(cm_id , cs_id , cm_name,cm_type ,cm_order , cm_state , cm_min_price , cm_max_price) values(36982,4147,'2019款 2.0L 两驱畅享版 7座 国V','2019款',9,1,176800,176800);
insert into t_car_model(cm_id , cs_id , cm_name,cm_type ,cm_order , cm_state , cm_min_price , cm_max_price) values(36983,4147,'2019款 2.4L 两驱致行版 5座 国V','2019款',10,1,182800,182800);
insert into t_car_model(cm_id , cs_id , cm_name,cm_type ,cm_order , cm_state , cm_min_price , cm_max_price) values(36984,4147,'2019款 2.4L 四驱致享版 5座 国V','2019款',11,1,194800,194800);
insert into t_car_model(cm_id , cs_id , cm_name,cm_type ,cm_order , cm_state , cm_min_price , cm_max_price) values(36985,4147,'2019款 2.4L 四驱致享版 7座 国V','2019款',12,1,198800,198800);
insert into t_car_model(cm_id , cs_id , cm_name,cm_type ,cm_order , cm_state , cm_min_price , cm_max_price) values(36612,4147,'2019款 2.4L 四驱致尊版 7座 国V','2019款',13,1,225800,225800);
insert into t_car_model(cm_id , cs_id , cm_name,cm_type ,cm_order , cm_state , cm_min_price , cm_max_price) values(31507,4147,'2018款 2.0L 两驱风尚版 5座','2018款',1,1,159800,159800);
insert into t_car_model(cm_id , cs_id , cm_name,cm_type ,cm_order , cm_state , cm_min_price , cm_max_price) values(31508,4147,'2018款 2.0L 两驱荣耀版 5座','2018款',2,1,169800,169800);
insert into t_car_model(cm_id , cs_id , cm_name,cm_type ,cm_order , cm_state , cm_min_price , cm_max_price) values(31509,4147,'2018款 2.0L 两驱嘉乐版 7座','2018款',3,1,174800,174800);
insert into t_car_model(cm_id , cs_id , cm_name,cm_type ,cm_order , cm_state , cm_min_price , cm_max_price) values(31147,4147,'2018款 2.4L 四驱精英版 5座','2018款',4,1,191800,191800);
insert into t_car_model(cm_id , cs_id , cm_name,cm_type ,cm_order , cm_state , cm_min_price , cm_max_price) values(31510,4147,'2018款 2.4L 四驱豪华版 7座','2018款',5,1,196800,196800);
insert into t_car_model(cm_id , cs_id , cm_name,cm_type ,cm_order , cm_state , cm_min_price , cm_max_price) values(31317,4147,'2018款 2.4L 四驱尊贵版 7座','2018款',6,1,223800,223800);
insert into t_car_model(cm_id , cs_id , cm_name,cm_type ,cm_order , cm_state , cm_min_price , cm_max_price) values(30627,4147,'2017款 2.0L 两驱荣耀版 5座','2017款',1,1,169800,169800);
insert into t_car_model(cm_id , cs_id , cm_name,cm_type ,cm_order , cm_state , cm_min_price , cm_max_price) values(27480,4147,'2016款 2.0L 两驱风尚版 5座','2016款',1,1,159800,159800);
insert into t_car_model(cm_id , cs_id , cm_name,cm_type ,cm_order , cm_state , cm_min_price , cm_max_price) values(27481,4147,'2016款 2.4L 四驱精英版 5座','2016款',2,1,189800,189800);
insert into t_car_model(cm_id , cs_id , cm_name,cm_type ,cm_order , cm_state , cm_min_price , cm_max_price) values(27482,4147,'2016款 2.4L 四驱豪华版 7座','2016款',3,1,196800,196800);
insert into t_car_model(cm_id , cs_id , cm_name,cm_type ,cm_order , cm_state , cm_min_price , cm_max_price) values(26723,4147,'2016款 2.4L 四驱尊贵版 7座','2016款',4,1,223800,223800);
insert into t_car_series(cs_id,cbf_id,cs_name,cs_order,cs_letter) values(4807,355,'奕歌',4134,'Y');
insert into t_car_model(cm_id , cs_id , cm_name,cm_type ,cm_order , cm_state , cm_min_price , cm_max_price) values(48755,4807,'2021款 1.5T 手动两驱青春版','2021款',1,1,129800,129800);
insert into t_car_model(cm_id , cs_id , cm_name,cm_type ,cm_order , cm_state , cm_min_price , cm_max_price) values(48756,4807,'2021款 1.5T CVT两驱无畏版','2021款',2,1,150800,150800);
insert into t_car_model(cm_id , cs_id , cm_name,cm_type ,cm_order , cm_state , cm_min_price , cm_max_price) values(48757,4807,'2021款 1.5T CVT两驱梦想版','2021款',3,1,155800,155800);
insert into t_car_model(cm_id , cs_id , cm_name,cm_type ,cm_order , cm_state , cm_min_price , cm_max_price) values(48758,4807,'2021款 1.5T CVT两驱信念版','2021款',4,1,165800,165800);
insert into t_car_model(cm_id , cs_id , cm_name,cm_type ,cm_order , cm_state , cm_min_price , cm_max_price) values(48759,4807,'2021款 1.5T CVT四驱燃情版','2021款',5,1,167800,167800);
insert into t_car_model(cm_id , cs_id , cm_name,cm_type ,cm_order , cm_state , cm_min_price , cm_max_price) values(48760,4807,'2021款 1.5T CVT四驱真我版','2021款',6,1,185800,185800);
insert into t_car_model(cm_id , cs_id , cm_name,cm_type ,cm_order , cm_state , cm_min_price , cm_max_price) values(40781,4807,'2019款 1.5T CVT四驱真我版 国VI','2019款',1,1,185800,185800);
insert into t_car_model(cm_id , cs_id , cm_name,cm_type ,cm_order , cm_state , cm_min_price , cm_max_price) values(40772,4807,'2019款 1.5T 手动两驱青春版 国V','2019款',2,1,129800,129800);
insert into t_car_model(cm_id , cs_id , cm_name,cm_type ,cm_order , cm_state , cm_min_price , cm_max_price) values(40774,4807,'2019款 1.5T CVT两驱无畏版 国V','2019款',3,1,150800,150800);
insert into t_car_model(cm_id , cs_id , cm_name,cm_type ,cm_order , cm_state , cm_min_price , cm_max_price) values(40776,4807,'2019款 1.5T CVT两驱梦想版 国V','2019款',4,1,155800,155800);
insert into t_car_model(cm_id , cs_id , cm_name,cm_type ,cm_order , cm_state , cm_min_price , cm_max_price) values(40778,4807,'2019款 1.5T CVT两驱信念版 国V','2019款',5,1,165800,165800);
insert into t_car_model(cm_id , cs_id , cm_name,cm_type ,cm_order , cm_state , cm_min_price , cm_max_price) values(40780,4807,'2019款 1.5T CVT四驱真我版 国V','2019款',6,1,185800,185800);
insert into t_car_model(cm_id , cs_id , cm_name,cm_type ,cm_order , cm_state , cm_min_price , cm_max_price) values(40773,4807,'2019款 1.5T 手动两驱青春版 国VI','2019款',7,1,129800,129800);
insert into t_car_model(cm_id , cs_id , cm_name,cm_type ,cm_order , cm_state , cm_min_price , cm_max_price) values(40775,4807,'2019款 1.5T CVT两驱无畏版 国VI','2019款',8,1,150800,150800);
insert into t_car_model(cm_id , cs_id , cm_name,cm_type ,cm_order , cm_state , cm_min_price , cm_max_price) values(40777,4807,'2019款 1.5T CVT两驱梦想版 国VI','2019款',9,1,155800,155800);
insert into t_car_model(cm_id , cs_id , cm_name,cm_type ,cm_order , cm_state , cm_min_price , cm_max_price) values(40779,4807,'2019款 1.5T CVT两驱信念版 国VI','2019款',10,1,165800,165800);
insert into t_car_model(cm_id , cs_id , cm_name,cm_type ,cm_order , cm_state , cm_min_price , cm_max_price) values(35627,4807,'2018款 1.5T 手动两驱青春版','2018款',1,1,129800,129800);
insert into t_car_model(cm_id , cs_id , cm_name,cm_type ,cm_order , cm_state , cm_min_price , cm_max_price) values(35628,4807,'2018款 1.5T CVT两驱无畏版','2018款',2,1,145800,145800);
insert into t_car_model(cm_id , cs_id , cm_name,cm_type ,cm_order , cm_state , cm_min_price , cm_max_price) values(35629,4807,'2018款 1.5T CVT两驱梦想版','2018款',3,1,155800,155800);
insert into t_car_model(cm_id , cs_id , cm_name,cm_type ,cm_order , cm_state , cm_min_price , cm_max_price) values(35630,4807,'2018款 1.5T CVT两驱信念版','2018款',4,1,165800,165800);
insert into t_car_model(cm_id , cs_id , cm_name,cm_type ,cm_order , cm_state , cm_min_price , cm_max_price) values(34452,4807,'2018款 1.5T CVT四驱真我版','2018款',5,1,185800,185800);
insert into t_car_series(cs_id,cbf_id,cs_name,cs_order,cs_letter) values(3008,355,'帕杰罗・劲畅',4135,'P');
insert into t_car_model(cm_id , cs_id , cm_name,cm_type ,cm_order , cm_state , cm_min_price , cm_max_price) values(16923,3008,'2013款 2.4L 手动两驱舒适版','2013款',1,1,208800,208800);
insert into t_car_model(cm_id , cs_id , cm_name,cm_type ,cm_order , cm_state , cm_min_price , cm_max_price) values(16924,3008,'2013款 3.0L 自动两驱豪华版','2013款',2,1,248800,248800);
insert into t_car_model(cm_id , cs_id , cm_name,cm_type ,cm_order , cm_state , cm_min_price , cm_max_price) values(18974,3008,'2013款 3.0L 自动四驱行政版','2013款',3,1,288800,288800);
insert into t_car_model(cm_id , cs_id , cm_name,cm_type ,cm_order , cm_state , cm_min_price , cm_max_price) values(14964,3008,'2013款 3.0L 自动四驱旗舰版','2013款',4,1,308800,308800);
insert into t_car_series(cs_id,cbf_id,cs_name,cs_order,cs_letter) values(377,355,'帕杰罗',4136,'P');
insert into t_car_model(cm_id , cs_id , cm_name,cm_type ,cm_order , cm_state , cm_min_price , cm_max_price) values(9397,377,'2011款 V73 3.0L MT GL','2011款',1,1,298000,298000);
insert into t_car_model(cm_id , cs_id , cm_name,cm_type ,cm_order , cm_state , cm_min_price , cm_max_price) values(9395,377,'2011款 V73 3.0L MT GLX','2011款',2,1,339400,339400);
insert into t_car_model(cm_id , cs_id , cm_name,cm_type ,cm_order , cm_state , cm_min_price , cm_max_price) values(9396,377,'2011款 V73 3.0L AT GLX','2011款',3,1,349000,349000);
insert into t_car_model(cm_id , cs_id , cm_name,cm_type ,cm_order , cm_state , cm_min_price , cm_max_price) values(9393,377,'2011款 V73 3.0L MT GLS','2011款',4,1,389000,389000);
insert into t_car_model(cm_id , cs_id , cm_name,cm_type ,cm_order , cm_state , cm_min_price , cm_max_price) values(9394,377,'2011款 V73 3.0L AT GLS','2011款',5,1,398600,398600);
insert into t_car_model(cm_id , cs_id , cm_name,cm_type ,cm_order , cm_state , cm_min_price , cm_max_price) values(3748,377,'2008款 V73 3.0L MT GLS','2008款',1,1,389000,389000);
insert into t_car_model(cm_id , cs_id , cm_name,cm_type ,cm_order , cm_state , cm_min_price , cm_max_price) values(3704,377,'2008款 V73 3.0L AT GLS','2008款',2,1,398600,398600);
insert into t_car_model(cm_id , cs_id , cm_name,cm_type ,cm_order , cm_state , cm_min_price , cm_max_price) values(3749,377,'2008款 V73 3.0L MT GLX','2008款',3,1,339400,339400);
insert into t_car_model(cm_id , cs_id , cm_name,cm_type ,cm_order , cm_state , cm_min_price , cm_max_price) values(3703,377,'2008款 V73 3.0L AT GLX','2008款',4,1,349000,349000);
insert into t_car_model(cm_id , cs_id , cm_name,cm_type ,cm_order , cm_state , cm_min_price , cm_max_price) values(3702,377,'2008款 V73 3.0L MT GL','2008款',5,1,298000,298000);
insert into t_car_model(cm_id , cs_id , cm_name,cm_type ,cm_order , cm_state , cm_min_price , cm_max_price) values(3705,377,'2008款 V73 3.0L GLS NAVI','2008款',6,1,410600,410600);
insert into t_car_model(cm_id , cs_id , cm_name,cm_type ,cm_order , cm_state , cm_min_price , cm_max_price) values(3747,377,'2008款 V77 3.8L MT GLS','2008款',7,1,465000,465000);
insert into t_car_model(cm_id , cs_id , cm_name,cm_type ,cm_order , cm_state , cm_min_price , cm_max_price) values(3706,377,'2008款 V77 3.8L AT GLS','2008款',8,1,478000,478000);
insert into t_car_model(cm_id , cs_id , cm_name,cm_type ,cm_order , cm_state , cm_min_price , cm_max_price) values(2616,377,'2006款 3.0L MT GL','2006款',1,1,298000,298000);
insert into t_car_model(cm_id , cs_id , cm_name,cm_type ,cm_order , cm_state , cm_min_price , cm_max_price) values(2496,377,'2006款 3.0L MT GLX','2006款',2,1,339400,339400);
insert into t_car_model(cm_id , cs_id , cm_name,cm_type ,cm_order , cm_state , cm_min_price , cm_max_price) values(2497,377,'2006款 3.0L AT GLX','2006款',3,1,349000,349000);
insert into t_car_model(cm_id , cs_id , cm_name,cm_type ,cm_order , cm_state , cm_min_price , cm_max_price) values(2498,377,'2006款 3.0L MT GLS','2006款',4,1,389000,389000);
insert into t_car_model(cm_id , cs_id , cm_name,cm_type ,cm_order , cm_state , cm_min_price , cm_max_price) values(2499,377,'2006款 3.0L AT GLS','2006款',5,1,398600,398600);
insert into t_car_model(cm_id , cs_id , cm_name,cm_type ,cm_order , cm_state , cm_min_price , cm_max_price) values(2500,377,'2006款 3.8L MT GLS','2006款',6,1,465000,465000);
insert into t_car_model(cm_id , cs_id , cm_name,cm_type ,cm_order , cm_state , cm_min_price , cm_max_price) values(2501,377,'2006款 3.8L AT GLS','2006款',7,1,478000,478000);
insert into t_car_model(cm_id , cs_id , cm_name,cm_type ,cm_order , cm_state , cm_min_price , cm_max_price) values(1931,377,'2005款 V77 3.8L','2005款',1,1,486000,486000);
insert into t_car_model(cm_id , cs_id , cm_name,cm_type ,cm_order , cm_state , cm_min_price , cm_max_price) values(1406,377,'2004款 V73 3.0L GLX','2004款',1,1,375000,375000);
insert into t_car_model(cm_id , cs_id , cm_name,cm_type ,cm_order , cm_state , cm_min_price , cm_max_price) values(1407,377,'2004款 V73 3.0L GLS','2004款',2,1,416000,416000);
insert into t_car_brand_factory(cbf_id , cb_id , cbf_name ,cbf_letter) values(128,68,'三菱(进口)','S');
insert into t_car_series(cs_id,cbf_id,cs_name,cs_order,cs_letter) values(1018,128,'ASX劲炫(进口)',4141,'A');
insert into t_car_model(cm_id , cs_id , cm_name,cm_type ,cm_order , cm_state , cm_min_price , cm_max_price) values(10782,1018,'2012款 2.0两驱炫悦导航版','2012款',1,1,198000,198000);
insert into t_car_model(cm_id , cs_id , cm_name,cm_type ,cm_order , cm_state , cm_min_price , cm_max_price) values(10783,1018,'2012款 2.0两驱炫逸导航版','2012款',2,1,223000,223000);
insert into t_car_model(cm_id , cs_id , cm_name,cm_type ,cm_order , cm_state , cm_min_price , cm_max_price) values(10784,1018,'2012款 2.0四驱劲尚导航版','2012款',3,1,233000,233000);
insert into t_car_model(cm_id , cs_id , cm_name,cm_type ,cm_order , cm_state , cm_min_price , cm_max_price) values(10785,1018,'2012款 2.0四驱劲酷导航版','2012款',4,1,255000,255000);
insert into t_car_model(cm_id , cs_id , cm_name,cm_type ,cm_order , cm_state , cm_min_price , cm_max_price) values(7764,1018,'2011款 2.0两驱炫悦版','2011款',1,1,183800,183800);
insert into t_car_model(cm_id , cs_id , cm_name,cm_type ,cm_order , cm_state , cm_min_price , cm_max_price) values(7765,1018,'2011款 2.0两驱炫动版','2011款',2,1,198000,198000);
insert into t_car_model(cm_id , cs_id , cm_name,cm_type ,cm_order , cm_state , cm_min_price , cm_max_price) values(7766,1018,'2011款 2.0两驱炫逸版','2011款',3,1,208000,208000);
insert into t_car_model(cm_id , cs_id , cm_name,cm_type ,cm_order , cm_state , cm_min_price , cm_max_price) values(7767,1018,'2011款 2.0四驱劲尚版','2011款',4,1,218000,218000);
insert into t_car_model(cm_id , cs_id , cm_name,cm_type ,cm_order , cm_state , cm_min_price , cm_max_price) values(7768,1018,'2011款 2.0四驱劲酷版','2011款',5,1,239800,239800);
insert into t_car_series(cs_id,cbf_id,cs_name,cs_order,cs_letter) values(486,128,'欧蓝德(进口)',4142,'O');
insert into t_car_model(cm_id , cs_id , cm_name,cm_type ,cm_order , cm_state , cm_min_price , cm_max_price) values(23397,486,'2016款 2.0L 两驱舒适版 5座','2016款',1,1,199800,199800);
insert into t_car_model(cm_id , cs_id , cm_name,cm_type ,cm_order , cm_state , cm_min_price , cm_max_price) values(24468,486,'2016款 2.0L 两驱加值版 5座','2016款',2,1,214800,214800);
insert into t_car_model(cm_id , cs_id , cm_name,cm_type ,cm_order , cm_state , cm_min_price , cm_max_price) values(23398,486,'2016款 2.4L 四驱精英版 5座','2016款',3,1,249800,249800);
insert into t_car_model(cm_id , cs_id , cm_name,cm_type ,cm_order , cm_state , cm_min_price , cm_max_price) values(23399,486,'2016款 2.4L 四驱精英版 7座','2016款',4,1,259800,259800);
insert into t_car_model(cm_id , cs_id , cm_name,cm_type ,cm_order , cm_state , cm_min_price , cm_max_price) values(22258,486,'2016款 2.4L 四驱旗舰GT版 7座','2016款',5,1,284800,284800);
insert into t_car_model(cm_id , cs_id , cm_name,cm_type ,cm_order , cm_state , cm_min_price , cm_max_price) values(19934,486,'2014款 2.0L 两驱运动超值版 5座','2014款',1,1,199800,199800);
insert into t_car_model(cm_id , cs_id , cm_name,cm_type ,cm_order , cm_state , cm_min_price , cm_max_price) values(19937,486,'2014款 2.4L 四驱豪华超值版 7座','2014款',2,1,259800,259800);
insert into t_car_model(cm_id , cs_id , cm_name,cm_type ,cm_order , cm_state , cm_min_price , cm_max_price) values(19938,486,'2014款 2.4L 四驱精英GT超值版 7座','2014款',3,1,289800,289800);
insert into t_car_model(cm_id , cs_id , cm_name,cm_type ,cm_order , cm_state , cm_min_price , cm_max_price) values(19935,486,'2014款 2.0L 四驱都市超值版 5座','2014款',4,1,229800,229800);
insert into t_car_model(cm_id , cs_id , cm_name,cm_type ,cm_order , cm_state , cm_min_price , cm_max_price) values(19936,486,'2014款 2.4L 四驱豪华超值版 5座','2014款',5,1,249800,249800);
insert into t_car_model(cm_id , cs_id , cm_name,cm_type ,cm_order , cm_state , cm_min_price , cm_max_price) values(14719,486,'2013款 2.0L 两驱运动导航版 5座','2013款',1,1,229800,229800);
insert into t_car_model(cm_id , cs_id , cm_name,cm_type ,cm_order , cm_state , cm_min_price , cm_max_price) values(14720,486,'2013款 2.0L 四驱都市导航版 5座','2013款',2,1,254800,254800);
insert into t_car_model(cm_id , cs_id , cm_name,cm_type ,cm_order , cm_state , cm_min_price , cm_max_price) values(14721,486,'2013款 2.4L 四驱豪华导航版 5座','2013款',3,1,269800,269800);
insert into t_car_model(cm_id , cs_id , cm_name,cm_type ,cm_order , cm_state , cm_min_price , cm_max_price) values(14722,486,'2013款 2.4L 四驱豪华导航版 7座','2013款',4,1,279800,279800);
insert into t_car_model(cm_id , cs_id , cm_name,cm_type ,cm_order , cm_state , cm_min_price , cm_max_price) values(12232,486,'2013款 2.4L 四驱精英GT版 7座','2013款',5,1,344800,344800);
insert into t_car_model(cm_id , cs_id , cm_name,cm_type ,cm_order , cm_state , cm_min_price , cm_max_price) values(11439,486,'2012款 劲界 2.0 运动导航版','2012款',1,1,249000,249000);
insert into t_car_model(cm_id , cs_id , cm_name,cm_type ,cm_order , cm_state , cm_min_price , cm_max_price) values(11440,486,'2012款 劲界 2.0 都市导航版','2012款',2,1,263000,263000);
insert into t_car_model(cm_id , cs_id , cm_name,cm_type ,cm_order , cm_state , cm_min_price , cm_max_price) values(11435,486,'2012款 劲界 2.4 时尚导航版','2012款',3,1,292000,292000);
insert into t_car_model(cm_id , cs_id , cm_name,cm_type ,cm_order , cm_state , cm_min_price , cm_max_price) values(11441,486,'2012款 劲界 3.0 豪华导航版','2012款',4,1,353000,353000);
insert into t_car_model(cm_id , cs_id , cm_name,cm_type ,cm_order , cm_state , cm_min_price , cm_max_price) values(11442,486,'2012款 劲界 3.0 精英GT版','2012款',5,1,374000,374000);
insert into t_car_model(cm_id , cs_id , cm_name,cm_type ,cm_order , cm_state , cm_min_price , cm_max_price) values(8919,486,'2011款 劲界 2.0 都市版','2011款',1,1,255000,255000);
insert into t_car_model(cm_id , cs_id , cm_name,cm_type ,cm_order , cm_state , cm_min_price , cm_max_price) values(8926,486,'2011款 劲界 2.0 运动版','2011款',2,1,245000,245000);
insert into t_car_model(cm_id , cs_id , cm_name,cm_type ,cm_order , cm_state , cm_min_price , cm_max_price) values(8925,486,'2011款 劲界 2.4 时尚版','2011款',3,1,288000,288000);
insert into t_car_model(cm_id , cs_id , cm_name,cm_type ,cm_order , cm_state , cm_min_price , cm_max_price) values(8924,486,'2011款 劲界 3.0 豪华版','2011款',4,1,338000,338000);
insert into t_car_model(cm_id , cs_id , cm_name,cm_type ,cm_order , cm_state , cm_min_price , cm_max_price) values(8923,486,'2011款 劲界 3.0 精英GT版','2011款',5,1,369000,369000);
insert into t_car_model(cm_id , cs_id , cm_name,cm_type ,cm_order , cm_state , cm_min_price , cm_max_price) values(6547,486,'2010款 劲界 2.0 休闲版','2010款',1,1,229000,229000);
insert into t_car_model(cm_id , cs_id , cm_name,cm_type ,cm_order , cm_state , cm_min_price , cm_max_price) values(6548,486,'2010款 劲界 2.0 运动版','2010款',2,1,245000,245000);
insert into t_car_model(cm_id , cs_id , cm_name,cm_type ,cm_order , cm_state , cm_min_price , cm_max_price) values(6065,486,'2010款 劲界 2.4 舒适版','2010款',3,1,268000,268000);
insert into t_car_model(cm_id , cs_id , cm_name,cm_type ,cm_order , cm_state , cm_min_price , cm_max_price) values(5271,486,'2010款 劲界 2.4 时尚版','2010款',4,1,288000,288000);
insert into t_car_model(cm_id , cs_id , cm_name,cm_type ,cm_order , cm_state , cm_min_price , cm_max_price) values(6214,486,'2010款 劲界 3.0 豪华版','2010款',5,1,338000,338000);
insert into t_car_model(cm_id , cs_id , cm_name,cm_type ,cm_order , cm_state , cm_min_price , cm_max_price) values(6215,486,'2010款 劲界 3.0 精英GT版','2010款',6,1,362000,362000);
insert into t_car_model(cm_id , cs_id , cm_name,cm_type ,cm_order , cm_state , cm_min_price , cm_max_price) values(5505,486,'2009款 2.4 舒适版','2009款',1,1,268000,268000);
insert into t_car_model(cm_id , cs_id , cm_name,cm_type ,cm_order , cm_state , cm_min_price , cm_max_price) values(5506,486,'2009款 2.4 时尚版','2009款',2,1,298000,298000);
insert into t_car_model(cm_id , cs_id , cm_name,cm_type ,cm_order , cm_state , cm_min_price , cm_max_price) values(5507,486,'2009款 3.0 豪华版','2009款',3,1,338000,338000);
insert into t_car_model(cm_id , cs_id , cm_name,cm_type ,cm_order , cm_state , cm_min_price , cm_max_price) values(5508,486,'2009款 3.0 精英版','2009款',4,1,362000,362000);
insert into t_car_model(cm_id , cs_id , cm_name,cm_type ,cm_order , cm_state , cm_min_price , cm_max_price) values(3565,486,'2008款 3.0豪华版','2008款',1,1,330000,330000);
insert into t_car_model(cm_id , cs_id , cm_name,cm_type ,cm_order , cm_state , cm_min_price , cm_max_price) values(3566,486,'2008款 3.0精英版','2008款',2,1,354000,354000);
insert into t_car_model(cm_id , cs_id , cm_name,cm_type ,cm_order , cm_state , cm_min_price , cm_max_price) values(3422,486,'2007款 2.4舒适版','2007款',1,1,259000,259000);
insert into t_car_model(cm_id , cs_id , cm_name,cm_type ,cm_order , cm_state , cm_min_price , cm_max_price) values(3423,486,'2007款 2.4时尚版','2007款',2,1,289000,289000);
insert into t_car_model(cm_id , cs_id , cm_name,cm_type ,cm_order , cm_state , cm_min_price , cm_max_price) values(2646,486,'2006款 3.0 标准型','2006款',1,1,274000,274000);
insert into t_car_model(cm_id , cs_id , cm_name,cm_type ,cm_order , cm_state , cm_min_price , cm_max_price) values(2647,486,'2006款 3.0 豪华型','2006款',2,1,310000,310000);
insert into t_car_model(cm_id , cs_id , cm_name,cm_type ,cm_order , cm_state , cm_min_price , cm_max_price) values(2648,486,'2006款 3.0 顶级型','2006款',3,1,334000,334000);
insert into t_car_series(cs_id,cbf_id,cs_name,cs_order,cs_letter) values(2332,128,'帕杰罗・劲畅(进口)',4146,'P');
insert into t_car_model(cm_id , cs_id , cm_name,cm_type ,cm_order , cm_state , cm_min_price , cm_max_price) values(46070,2332,'2020款 3.0L 尊贵版','2020款',1,1,309800,309800);
insert into t_car_model(cm_id , cs_id , cm_name,cm_type ,cm_order , cm_state , cm_min_price , cm_max_price) values(40982,2332,'2020款 3.0L 豪华版','2020款',2,1,299800,299800);
insert into t_car_model(cm_id , cs_id , cm_name,cm_type ,cm_order , cm_state , cm_min_price , cm_max_price) values(47511,2332,'2020款 3.0L 行政版','2020款',3,1,299800,299800);
insert into t_car_model(cm_id , cs_id , cm_name,cm_type ,cm_order , cm_state , cm_min_price , cm_max_price) values(46069,2332,'2020款 3.0L 舒适版','2020款',4,1,289800,289800);
insert into t_car_model(cm_id , cs_id , cm_name,cm_type ,cm_order , cm_state , cm_min_price , cm_max_price) values(44754,2332,'2019款 3.0L 标准型','2019款',1,1,279800,279800);
insert into t_car_model(cm_id , cs_id , cm_name,cm_type ,cm_order , cm_state , cm_min_price , cm_max_price) values(10963,2332,'2011款 3.0L 运动导航版','2011款',1,1,368000,368000);
insert into t_car_model(cm_id , cs_id , cm_name,cm_type ,cm_order , cm_state , cm_min_price , cm_max_price) values(9942,2332,'2011款 3.0L 豪华导航版','2011款',2,1,398000,398000);
insert into t_car_series(cs_id,cbf_id,cs_name,cs_order,cs_letter) values(580,128,'帕杰罗(进口)',4147,'P');
insert into t_car_model(cm_id , cs_id , cm_name,cm_type ,cm_order , cm_state , cm_min_price , cm_max_price) values(39857,580,'2020款 3.0L 自动标准版','2020款',1,1,349800,349800);
insert into t_car_model(cm_id , cs_id , cm_name,cm_type ,cm_order , cm_state , cm_min_price , cm_max_price) values(39858,580,'2020款 3.0L 自动舒适版','2020款',2,1,359800,359800);
insert into t_car_model(cm_id , cs_id , cm_name,cm_type ,cm_order , cm_state , cm_min_price , cm_max_price) values(41252,580,'2020款 3.0L 自动豪华越野版','2020款',3,1,359800,359800);
insert into t_car_model(cm_id , cs_id , cm_name,cm_type ,cm_order , cm_state , cm_min_price , cm_max_price) values(39859,580,'2020款 3.0L 自动豪华版','2020款',4,1,369800,369800);
insert into t_car_model(cm_id , cs_id , cm_name,cm_type ,cm_order , cm_state , cm_min_price , cm_max_price) values(43223,580,'2020款 3.0L 自动尊贵越野版','2020款',5,1,389800,389800);
insert into t_car_model(cm_id , cs_id , cm_name,cm_type ,cm_order , cm_state , cm_min_price , cm_max_price) values(39840,580,'2020款 3.0L 自动尊贵版','2020款',6,1,399800,399800);
insert into t_car_model(cm_id , cs_id , cm_name,cm_type ,cm_order , cm_state , cm_min_price , cm_max_price) values(46855,580,'2020款 典藏版 3.0L 自动尊贵越野版','2020款',7,1,389800,389800);
insert into t_car_model(cm_id , cs_id , cm_name,cm_type ,cm_order , cm_state , cm_min_price , cm_max_price) values(46856,580,'2020款 典藏版 3.0L 自动舒适越野版','2020款',8,1,0,0);
insert into t_car_model(cm_id , cs_id , cm_name,cm_type ,cm_order , cm_state , cm_min_price , cm_max_price) values(35105,580,'2019款 3.0L 自动标准版','2019款',1,1,349800,349800);
insert into t_car_model(cm_id , cs_id , cm_name,cm_type ,cm_order , cm_state , cm_min_price , cm_max_price) values(35106,580,'2019款 3.0L 自动舒适版','2019款',2,1,359800,359800);
insert into t_car_model(cm_id , cs_id , cm_name,cm_type ,cm_order , cm_state , cm_min_price , cm_max_price) values(35107,580,'2019款 3.0L 自动豪华版','2019款',3,1,369800,369800);
insert into t_car_model(cm_id , cs_id , cm_name,cm_type ,cm_order , cm_state , cm_min_price , cm_max_price) values(35108,580,'2019款 3.0L 自动尊贵版','2019款',4,1,399800,399800);
insert into t_car_model(cm_id , cs_id , cm_name,cm_type ,cm_order , cm_state , cm_min_price , cm_max_price) values(31482,580,'2018款 3.0L 自动标准版','2018款',1,1,369800,369800);
insert into t_car_model(cm_id , cs_id , cm_name,cm_type ,cm_order , cm_state , cm_min_price , cm_max_price) values(33519,580,'2018款 3.0L 自动舒适版','2018款',2,1,379800,379800);
insert into t_car_model(cm_id , cs_id , cm_name,cm_type ,cm_order , cm_state , cm_min_price , cm_max_price) values(31479,580,'2018款 3.0L 自动豪华版','2018款',3,1,389800,389800);
insert into t_car_model(cm_id , cs_id , cm_name,cm_type ,cm_order , cm_state , cm_min_price , cm_max_price) values(31478,580,'2018款 3.0L 自动尊贵版','2018款',4,1,429800,429800);
insert into t_car_model(cm_id , cs_id , cm_name,cm_type ,cm_order , cm_state , cm_min_price , cm_max_price) values(23404,580,'2016款 3.0L 自动标准版 国IV','2016款',1,1,369800,369800);
insert into t_car_model(cm_id , cs_id , cm_name,cm_type ,cm_order , cm_state , cm_min_price , cm_max_price) values(23402,580,'2016款 3.0L 自动豪华版 国IV','2016款',2,1,389800,389800);
insert into t_car_model(cm_id , cs_id , cm_name,cm_type ,cm_order , cm_state , cm_min_price , cm_max_price) values(23400,580,'2016款 3.0L 自动尊贵版 国IV','2016款',3,1,429800,429800);
insert into t_car_model(cm_id , cs_id , cm_name,cm_type ,cm_order , cm_state , cm_min_price , cm_max_price) values(23405,580,'2016款 3.0L 自动标准版 国V','2016款',4,1,369800,369800);
insert into t_car_model(cm_id , cs_id , cm_name,cm_type ,cm_order , cm_state , cm_min_price , cm_max_price) values(23403,580,'2016款 3.0L 自动豪华版 国V','2016款',5,1,389800,389800);
insert into t_car_model(cm_id , cs_id , cm_name,cm_type ,cm_order , cm_state , cm_min_price , cm_max_price) values(23401,580,'2016款 3.0L 自动尊贵版 国V','2016款',6,1,429800,429800);
insert into t_car_model(cm_id , cs_id , cm_name,cm_type ,cm_order , cm_state , cm_min_price , cm_max_price) values(19941,580,'2015款 3.0L 自动豪华版 国IV','2015款',1,1,398000,398000);
insert into t_car_model(cm_id , cs_id , cm_name,cm_type ,cm_order , cm_state , cm_min_price , cm_max_price) values(19949,580,'2015款 3.0L 自动豪华版 国V','2015款',2,1,398000,398000);
insert into t_car_model(cm_id , cs_id , cm_name,cm_type ,cm_order , cm_state , cm_min_price , cm_max_price) values(19942,580,'2015款 3.0L 自动精英版 国IV','2015款',3,1,448000,448000);
insert into t_car_model(cm_id , cs_id , cm_name,cm_type ,cm_order , cm_state , cm_min_price , cm_max_price) values(19950,580,'2015款 3.0L 自动精英版 国V','2015款',4,1,448000,448000);
insert into t_car_model(cm_id , cs_id , cm_name,cm_type ,cm_order , cm_state , cm_min_price , cm_max_price) values(19943,580,'2015款 3.0L 自动精英超越版 国IV','2015款',5,1,468000,468000);
insert into t_car_model(cm_id , cs_id , cm_name,cm_type ,cm_order , cm_state , cm_min_price , cm_max_price) values(19951,580,'2015款 3.0L 自动精英超越版 国V','2015款',6,1,468000,468000);
insert into t_car_model(cm_id , cs_id , cm_name,cm_type ,cm_order , cm_state , cm_min_price , cm_max_price) values(16382,580,'2014款 3.0L 豪华版','2014款',1,1,398000,398000);
insert into t_car_model(cm_id , cs_id , cm_name,cm_type ,cm_order , cm_state , cm_min_price , cm_max_price) values(16381,580,'2014款 3.0L 精英版','2014款',2,1,438000,438000);
insert into t_car_model(cm_id , cs_id , cm_name,cm_type ,cm_order , cm_state , cm_min_price , cm_max_price) values(16380,580,'2014款 3.0L 精英超越版','2014款',3,1,453000,453000);
insert into t_car_model(cm_id , cs_id , cm_name,cm_type ,cm_order , cm_state , cm_min_price , cm_max_price) values(10786,580,'2012款 3.0L 豪华手动版','2012款',1,1,435000,435000);
insert into t_car_model(cm_id , cs_id , cm_name,cm_type ,cm_order , cm_state , cm_min_price , cm_max_price) values(10787,580,'2012款 3.0L 豪华版','2012款',2,1,446000,446000);
insert into t_car_model(cm_id , cs_id , cm_name,cm_type ,cm_order , cm_state , cm_min_price , cm_max_price) values(10788,580,'2012款 3.0L 精英版','2012款',3,1,478000,478000);
insert into t_car_model(cm_id , cs_id , cm_name,cm_type ,cm_order , cm_state , cm_min_price , cm_max_price) values(10789,580,'2012款 3.0L 精英超越版','2012款',4,1,498000,498000);
insert into t_car_model(cm_id , cs_id , cm_name,cm_type ,cm_order , cm_state , cm_min_price , cm_max_price) values(10792,580,'2012款 3.8L 三门炫酷版','2012款',5,1,580000,580000);
insert into t_car_model(cm_id , cs_id , cm_name,cm_type ,cm_order , cm_state , cm_min_price , cm_max_price) values(10790,580,'2012款 3.8L 尊贵版','2012款',6,1,588000,588000);
insert into t_car_model(cm_id , cs_id , cm_name,cm_type ,cm_order , cm_state , cm_min_price , cm_max_price) values(10791,580,'2012款 3.8L 旗舰版','2012款',7,1,620000,620000);
insert into t_car_model(cm_id , cs_id , cm_name,cm_type ,cm_order , cm_state , cm_min_price , cm_max_price) values(9041,580,'2011款 3.0L 豪华手动版','2011款',1,1,398000,398000);
insert into t_car_model(cm_id , cs_id , cm_name,cm_type ,cm_order , cm_state , cm_min_price , cm_max_price) values(9042,580,'2011款 3.0L 豪华版','2011款',2,1,408000,408000);
insert into t_car_model(cm_id , cs_id , cm_name,cm_type ,cm_order , cm_state , cm_min_price , cm_max_price) values(9043,580,'2011款 3.0L 精英版','2011款',3,1,438000,438000);
insert into t_car_model(cm_id , cs_id , cm_name,cm_type ,cm_order , cm_state , cm_min_price , cm_max_price) values(8588,580,'2011款 3.0L 精英超越版','2011款',4,1,453000,453000);
insert into t_car_model(cm_id , cs_id , cm_name,cm_type ,cm_order , cm_state , cm_min_price , cm_max_price) values(9044,580,'2011款 3.8L 尊贵版','2011款',5,1,543000,543000);
insert into t_car_model(cm_id , cs_id , cm_name,cm_type ,cm_order , cm_state , cm_min_price , cm_max_price) values(9045,580,'2011款 3.8L 旗舰版','2011款',6,1,561000,561000);
insert into t_car_model(cm_id , cs_id , cm_name,cm_type ,cm_order , cm_state , cm_min_price , cm_max_price) values(9046,580,'2011款 3.8L 三门炫酷版','2011款',7,1,545000,545000);
insert into t_car_model(cm_id , cs_id , cm_name,cm_type ,cm_order , cm_state , cm_min_price , cm_max_price) values(5802,580,'2010款 3.0L 手动豪华版','2010款',1,1,398000,398000);
insert into t_car_model(cm_id , cs_id , cm_name,cm_type ,cm_order , cm_state , cm_min_price , cm_max_price) values(5803,580,'2010款 3.0L 自动豪华版','2010款',2,1,408000,408000);
insert into t_car_model(cm_id , cs_id , cm_name,cm_type ,cm_order , cm_state , cm_min_price , cm_max_price) values(5804,580,'2010款 3.0L 自动精英版','2010款',3,1,438000,438000);
insert into t_car_model(cm_id , cs_id , cm_name,cm_type ,cm_order , cm_state , cm_min_price , cm_max_price) values(5682,580,'2009款 3.8L 三门 炫酷版','2009款',1,1,590000,590000);
insert into t_car_model(cm_id , cs_id , cm_name,cm_type ,cm_order , cm_state , cm_min_price , cm_max_price) values(5683,580,'2009款 3.8L 五门 尊贵版','2009款',2,1,538000,538000);
insert into t_car_model(cm_id , cs_id , cm_name,cm_type ,cm_order , cm_state , cm_min_price , cm_max_price) values(5684,580,'2009款 3.8L 五门 旗舰版','2009款',3,1,556000,556000);
insert into t_car_model(cm_id , cs_id , cm_name,cm_type ,cm_order , cm_state , cm_min_price , cm_max_price) values(3778,580,'2008款 3.8 三门GLS 炫酷版','2008款',1,1,650000,650000);
insert into t_car_model(cm_id , cs_id , cm_name,cm_type ,cm_order , cm_state , cm_min_price , cm_max_price) values(3419,580,'2007款 3.8 五门GLX 尊贵版','2007款',1,1,598000,598000);
insert into t_car_model(cm_id , cs_id , cm_name,cm_type ,cm_order , cm_state , cm_min_price , cm_max_price) values(3420,580,'2007款 3.8 五门GLS 旗舰天窗版','2007款',2,1,628000,628000);
insert into t_car_model(cm_id , cs_id , cm_name,cm_type ,cm_order , cm_state , cm_min_price , cm_max_price) values(3421,580,'2007款 3.8 五门GLS 旗舰娱乐版','2007款',3,1,650000,650000);
insert into t_car_model(cm_id , cs_id , cm_name,cm_type ,cm_order , cm_state , cm_min_price , cm_max_price) values(6843,580,'2004款 2.0 帕杰罗io','2004款',1,1,290000,290000);
insert into t_car_series(cs_id,cbf_id,cs_name,cs_order,cs_letter) values(369,128,'LANCER',4159,'L');
insert into t_car_model(cm_id , cs_id , cm_name,cm_type ,cm_order , cm_state , cm_min_price , cm_max_price) values(4247,369,'2008款 2.0 EX 舒适版','2008款',1,1,218000,218000);
insert into t_car_model(cm_id , cs_id , cm_name,cm_type ,cm_order , cm_state , cm_min_price , cm_max_price) values(4248,369,'2008款 2.0 EX 时尚版','2008款',2,1,244000,244000);
insert into t_car_model(cm_id , cs_id , cm_name,cm_type ,cm_order , cm_state , cm_min_price , cm_max_price) values(4249,369,'2008款 2.0 EX 时尚运动版','2008款',3,1,256000,256000);
insert into t_car_model(cm_id , cs_id , cm_name,cm_type ,cm_order , cm_state , cm_min_price , cm_max_price) values(4250,369,'2008款 2.4 EX 豪华运动版','2008款',4,1,285000,285000);
insert into t_car_model(cm_id , cs_id , cm_name,cm_type ,cm_order , cm_state , cm_min_price , cm_max_price) values(4246,369,'2008款 2.0T EVOLUTION X ENKEI版','2008款',5,1,498000,498000);
insert into t_car_model(cm_id , cs_id , cm_name,cm_type ,cm_order , cm_state , cm_min_price , cm_max_price) values(3902,369,'2008款 2.0T EVOLUTION X BBS版','2008款',6,1,508000,508000);
insert into t_car_model(cm_id , cs_id , cm_name,cm_type ,cm_order , cm_state , cm_min_price , cm_max_price) values(1378,369,'2006款 2.0T EVO IX','2006款',1,1,455000,455000);
insert into t_car_series(cs_id,cbf_id,cs_name,cs_order,cs_letter) values(325,128,'格蓝迪',4172,'G');
insert into t_car_model(cm_id , cs_id , cm_name,cm_type ,cm_order , cm_state , cm_min_price , cm_max_price) values(6421,325,'2009款 2.4 六座精英版','2009款',1,1,298000,298000);
insert into t_car_model(cm_id , cs_id , cm_name,cm_type ,cm_order , cm_state , cm_min_price , cm_max_price) values(6419,325,'2009款 2.4 七座舒适版','2009款',2,1,262000,262000);
insert into t_car_model(cm_id , cs_id , cm_name,cm_type ,cm_order , cm_state , cm_min_price , cm_max_price) values(6420,325,'2009款 2.4 七座豪华版','2009款',3,1,288000,288000);
insert into t_car_model(cm_id , cs_id , cm_name,cm_type ,cm_order , cm_state , cm_min_price , cm_max_price) values(3043,325,'2007款 2.4 六座精英版','2007款',1,1,318000,318000);
insert into t_car_model(cm_id , cs_id , cm_name,cm_type ,cm_order , cm_state , cm_min_price , cm_max_price) values(3041,325,'2007款 2.4 七座舒适版','2007款',2,1,278000,278000);
insert into t_car_model(cm_id , cs_id , cm_name,cm_type ,cm_order , cm_state , cm_min_price , cm_max_price) values(3042,325,'2007款 2.4 七座豪华版','2007款',3,1,308000,308000);
insert into t_car_model(cm_id , cs_id , cm_name,cm_type ,cm_order , cm_state , cm_min_price , cm_max_price) values(2787,325,'2006款 2.4 七人绒布版','2006款',1,1,252500,252500);
insert into t_car_model(cm_id , cs_id , cm_name,cm_type ,cm_order , cm_state , cm_min_price , cm_max_price) values(2788,325,'2006款 2.4 七人真皮版','2006款',2,1,282000,282000);
insert into t_car_model(cm_id , cs_id , cm_name,cm_type ,cm_order , cm_state , cm_min_price , cm_max_price) values(1215,325,'2004款 2.4 六座真皮版','2004款',1,1,277900,277900);
insert into t_car_series(cs_id,cbf_id,cs_name,cs_order,cs_letter) values(651,128,'伊柯丽斯',4177,'Y');
insert into t_car_model(cm_id , cs_id , cm_name,cm_type ,cm_order , cm_state , cm_min_price , cm_max_price) values(4253,651,'2008款 2.4L 炫耀版','2008款',1,1,298000,298000);
insert into t_car_model(cm_id , cs_id , cm_name,cm_type ,cm_order , cm_state , cm_min_price , cm_max_price) values(4254,651,'2008款 2.4L 火影炫耀版','2008款',2,1,308000,308000);
insert into t_car_model(cm_id , cs_id , cm_name,cm_type ,cm_order , cm_state , cm_min_price , cm_max_price) values(4255,651,'2008款 2.4L 炫动版','2008款',3,1,328000,328000);
insert into t_car_model(cm_id , cs_id , cm_name,cm_type ,cm_order , cm_state , cm_min_price , cm_max_price) values(4256,651,'2008款 2.4L 火影炫动版','2008款',4,1,338000,338000);
