insert into t_car_brand_factory(cbf_id , cb_id , cbf_name ,cbf_letter) values(172,32,'东风汽车','D');
insert into t_car_series(cs_id,cbf_id,cs_name,cs_order,cs_letter) values(4740,172,'俊风E11K',1438,'J');
insert into t_car_model(cm_id , cs_id , cm_name,cm_type ,cm_order , cm_state , cm_min_price , cm_max_price) values(54276,4740,'2019款 ES360 换电版46.7kWh','2019款',1,1,180000,180000);
insert into t_car_model(cm_id , cs_id , cm_name,cm_type ,cm_order , cm_state , cm_min_price , cm_max_price) values(33874,4740,'2019款 标准型','2019款',2,1,233800,233800);
insert into t_car_series(cs_id,cbf_id,cs_name,cs_order,cs_letter) values(6290,172,'猛士M50',1439,'M');
insert into t_car_model(cm_id , cs_id , cm_name,cm_type ,cm_order , cm_state , cm_min_price , cm_max_price) values(1011822,6290,'2021款 4.0T标准型','2021款',1,1,668800,668800);
insert into t_car_series(cs_id,cbf_id,cs_name,cs_order,cs_letter) values(4486,172,'御风P16',1440,'Y');
insert into t_car_model(cm_id , cs_id , cm_name,cm_type ,cm_order , cm_state , cm_min_price , cm_max_price) values(1009243,4486,'2020款 2.4T汽油两驱舒适型国VI 4K22D4T','2020款',1,1,96800,96800);
insert into t_car_model(cm_id , cs_id , cm_name,cm_type ,cm_order , cm_state , cm_min_price , cm_max_price) values(1009244,4486,'2020款 2.4T汽油两驱舒适型长轴国VI 4K22D4T','2020款',2,1,98800,98800);
insert into t_car_model(cm_id , cs_id , cm_name,cm_type ,cm_order , cm_state , cm_min_price , cm_max_price) values(1009241,4486,'2020款 2.4T汽油两驱豪华型国VI 4K22D4T','2020款',3,1,100800,100800);
insert into t_car_model(cm_id , cs_id , cm_name,cm_type ,cm_order , cm_state , cm_min_price , cm_max_price) values(1009242,4486,'2020款 2.4T汽油两驱豪华型长轴国VI 4K22D4T','2020款',4,1,102800,102800);
insert into t_car_model(cm_id , cs_id , cm_name,cm_type ,cm_order , cm_state , cm_min_price , cm_max_price) values(1009239,4486,'2020款 2.4T汽油两驱旗舰型国VI 4K22D4T','2020款',5,1,119800,119800);
insert into t_car_model(cm_id , cs_id , cm_name,cm_type ,cm_order , cm_state , cm_min_price , cm_max_price) values(1009240,4486,'2020款 2.4T汽油两驱旗舰型长轴国VI 4K22D4T','2020款',6,1,121800,121800);
insert into t_car_model(cm_id , cs_id , cm_name,cm_type ,cm_order , cm_state , cm_min_price , cm_max_price) values(1009237,4486,'2020款 2.4T汽油四驱豪华型国VI 4K22D4T','2020款',7,1,115800,115800);
insert into t_car_model(cm_id , cs_id , cm_name,cm_type ,cm_order , cm_state , cm_min_price , cm_max_price) values(1009238,4486,'2020款 2.4T汽油四驱豪华型长轴国VI 4K22D4T','2020款',8,1,117800,117800);
insert into t_car_model(cm_id , cs_id , cm_name,cm_type ,cm_order , cm_state , cm_min_price , cm_max_price) values(1009235,4486,'2020款 2.4T汽油四驱旗舰型国VI 4K22D4T','2020款',9,1,134800,134800);
insert into t_car_model(cm_id , cs_id , cm_name,cm_type ,cm_order , cm_state , cm_min_price , cm_max_price) values(1009236,4486,'2020款 2.4T汽油四驱旗舰型长轴国VI 4K22D4T','2020款',10,1,136800,136800);
insert into t_car_model(cm_id , cs_id , cm_name,cm_type ,cm_order , cm_state , cm_min_price , cm_max_price) values(1007090,4486,'2019款 2.4L汽油两驱标准型4G69S4N','2019款',1,1,84800,84800);
insert into t_car_model(cm_id , cs_id , cm_name,cm_type ,cm_order , cm_state , cm_min_price , cm_max_price) values(1007091,4486,'2019款 2.4L汽油两驱标准型长轴4G69S4N','2019款',2,1,86800,86800);
insert into t_car_model(cm_id , cs_id , cm_name,cm_type ,cm_order , cm_state , cm_min_price , cm_max_price) values(1007088,4486,'2019款 2.4L汽油两驱豪华型4G69S4N','2019款',3,1,89800,89800);
insert into t_car_model(cm_id , cs_id , cm_name,cm_type ,cm_order , cm_state , cm_min_price , cm_max_price) values(1007089,4486,'2019款 2.4L汽油两驱豪华型长轴4G69S4N','2019款',4,1,91800,91800);
insert into t_car_model(cm_id , cs_id , cm_name,cm_type ,cm_order , cm_state , cm_min_price , cm_max_price) values(1007087,4486,'2019款 2.4L汽油两驱旗舰型4G69S4N','2019款',5,1,112800,112800);
insert into t_car_model(cm_id , cs_id , cm_name,cm_type ,cm_order , cm_state , cm_min_price , cm_max_price) values(1007086,4486,'2019款 2.4L汽油两驱旗舰型长轴4G69S4N','2019款',6,1,114800,114800);
insert into t_car_model(cm_id , cs_id , cm_name,cm_type ,cm_order , cm_state , cm_min_price , cm_max_price) values(1007085,4486,'2019款 2.4L汽油四驱豪华型4G69S4N','2019款',7,1,100800,100800);
insert into t_car_model(cm_id , cs_id , cm_name,cm_type ,cm_order , cm_state , cm_min_price , cm_max_price) values(1007084,4486,'2019款 2.4L汽油四驱豪华型长轴4G69S4N','2019款',8,1,102800,102800);
insert into t_car_model(cm_id , cs_id , cm_name,cm_type ,cm_order , cm_state , cm_min_price , cm_max_price) values(1007083,4486,'2019款 2.4L汽油四驱旗舰型4G69S4N','2019款',9,1,126800,126800);
insert into t_car_model(cm_id , cs_id , cm_name,cm_type ,cm_order , cm_state , cm_min_price , cm_max_price) values(1007082,4486,'2019款 2.4L汽油四驱旗舰型长轴4G69S4N','2019款',10,1,128800,128800);
insert into t_car_model(cm_id , cs_id , cm_name,cm_type ,cm_order , cm_state , cm_min_price , cm_max_price) values(1006212,4486,'2018款 1.9T四驱豪华型加长型D19TCIE2','2018款',1,1,116800,116800);
insert into t_car_model(cm_id , cs_id , cm_name,cm_type ,cm_order , cm_state , cm_min_price , cm_max_price) values(1006211,4486,'2018款 1.9T四驱旗舰型加长型D19TCIE2','2018款',2,1,122800,122800);
insert into t_car_model(cm_id , cs_id , cm_name,cm_type ,cm_order , cm_state , cm_min_price , cm_max_price) values(1006517,4486,'2018款 1.9T自动两驱旗舰型D19TCIE2','2018款',3,1,138800,138800);
insert into t_car_model(cm_id , cs_id , cm_name,cm_type ,cm_order , cm_state , cm_min_price , cm_max_price) values(1006516,4486,'2018款 1.9T自动四驱旗舰型D19TCIE2','2018款',4,1,151800,151800);
insert into t_car_model(cm_id , cs_id , cm_name,cm_type ,cm_order , cm_state , cm_min_price , cm_max_price) values(1005432,4486,'2017款 1.9T两驱豪华型D19TCIE2','2017款',1,1,99800,99800);
insert into t_car_model(cm_id , cs_id , cm_name,cm_type ,cm_order , cm_state , cm_min_price , cm_max_price) values(1005433,4486,'2017款 1.9T两驱豪华型加长型D19TCIE2','2017款',2,1,101800,101800);
insert into t_car_model(cm_id , cs_id , cm_name,cm_type ,cm_order , cm_state , cm_min_price , cm_max_price) values(1005430,4486,'2017款 1.9T两驱旗舰型D19TCIE2','2017款',3,1,105800,105800);
insert into t_car_model(cm_id , cs_id , cm_name,cm_type ,cm_order , cm_state , cm_min_price , cm_max_price) values(1005431,4486,'2017款 1.9T两驱旗舰型加长型D19TCIE2','2017款',4,1,107800,107800);
insert into t_car_model(cm_id , cs_id , cm_name,cm_type ,cm_order , cm_state , cm_min_price , cm_max_price) values(1005437,4486,'2017款 1.9T四驱豪华型D19TCIE2','2017款',5,1,114800,114800);
insert into t_car_model(cm_id , cs_id , cm_name,cm_type ,cm_order , cm_state , cm_min_price , cm_max_price) values(1005436,4486,'2017款 1.9T四驱旗舰型D19TCIE2','2017款',6,1,120800,120800);
insert into t_car_model(cm_id , cs_id , cm_name,cm_type ,cm_order , cm_state , cm_min_price , cm_max_price) values(1005434,4486,'2017款 1.9T两驱舒适型D19TCIE2','2017款',7,1,89800,89800);
insert into t_car_model(cm_id , cs_id , cm_name,cm_type ,cm_order , cm_state , cm_min_price , cm_max_price) values(1005435,4486,'2017款 1.9T两驱舒适型加长型D19TCIE2','2017款',8,1,91800,91800);
insert into t_car_series(cs_id,cbf_id,cs_name,cs_order,cs_letter) values(4858,172,'俊风ER30',1443,'J');
insert into t_car_model(cm_id , cs_id , cm_name,cm_type ,cm_order , cm_state , cm_min_price , cm_max_price) values(34726,4858,'2018款 基本型','2018款',1,1,149800,149800);
insert into t_car_series(cs_id,cbf_id,cs_name,cs_order,cs_letter) values(4953,172,'俊风E17',1444,'J');
insert into t_car_model(cm_id , cs_id , cm_name,cm_type ,cm_order , cm_state , cm_min_price , cm_max_price) values(35972,4953,'2018款 标准型','2018款',1,1,228800,228800);
insert into t_car_series(cs_id,cbf_id,cs_name,cs_order,cs_letter) values(4560,172,'御风S16',1447,'Y');
insert into t_car_model(cm_id , cs_id , cm_name,cm_type ,cm_order , cm_state , cm_min_price , cm_max_price) values(38405,4560,'2019款 1.9T 自动两驱旅行版 7座','2019款',1,1,279800,279800);
insert into t_car_model(cm_id , cs_id , cm_name,cm_type ,cm_order , cm_state , cm_min_price , cm_max_price) values(38406,4560,'2019款 1.9T 自动两驱尊享版 7座','2019款',2,1,289800,289800);
insert into t_car_model(cm_id , cs_id , cm_name,cm_type ,cm_order , cm_state , cm_min_price , cm_max_price) values(31934,4560,'2017款 1.9T 手动两驱精英型 5座','2017款',1,1,117800,117800);
insert into t_car_model(cm_id , cs_id , cm_name,cm_type ,cm_order , cm_state , cm_min_price , cm_max_price) values(31938,4560,'2017款 1.9T 手动两驱豪华型 5座','2017款',2,1,123800,123800);
insert into t_car_model(cm_id , cs_id , cm_name,cm_type ,cm_order , cm_state , cm_min_price , cm_max_price) values(31936,4560,'2017款 1.9T 手动四驱豪华型 5座','2017款',3,1,138800,138800);
insert into t_car_model(cm_id , cs_id , cm_name,cm_type ,cm_order , cm_state , cm_min_price , cm_max_price) values(31935,4560,'2017款 1.9T 手动两驱精英型 7座','2017款',4,1,121800,121800);
insert into t_car_model(cm_id , cs_id , cm_name,cm_type ,cm_order , cm_state , cm_min_price , cm_max_price) values(31937,4560,'2017款 1.9T 手动两驱豪华型 7座','2017款',5,1,127800,127800);
insert into t_car_model(cm_id , cs_id , cm_name,cm_type ,cm_order , cm_state , cm_min_price , cm_max_price) values(31939,4560,'2017款 1.9T 手动四驱豪华型 7座','2017款',6,1,142800,142800);
insert into t_car_series(cs_id,cbf_id,cs_name,cs_order,cs_letter) values(560,172,'猛士',1448,'M');
insert into t_car_model(cm_id , cs_id , cm_name,cm_type ,cm_order , cm_state , cm_min_price , cm_max_price) values(3238,560,'2007款 6.5T 硬顶民用版','2007款',1,1,880000,880000);
insert into t_car_series(cs_id,cbf_id,cs_name,cs_order,cs_letter) values(2901,172,'俊风CV03',1449,'J');
insert into t_car_model(cm_id , cs_id , cm_name,cm_type ,cm_order , cm_state , cm_min_price , cm_max_price) values(1001999,2901,'2012款 1.3L简配型CNG','2012款',1,1,47800,47800);
insert into t_car_model(cm_id , cs_id , cm_name,cm_type ,cm_order , cm_state , cm_min_price , cm_max_price) values(1001610,2901,'2012款 1.3L简配型DFXC13-40','2012款',2,1,42800,42800);
insert into t_car_model(cm_id , cs_id , cm_name,cm_type ,cm_order , cm_state , cm_min_price , cm_max_price) values(1001604,2901,'2012款 1.3L基本型DFXC13-40','2012款',3,1,45300,45300);
insert into t_car_model(cm_id , cs_id , cm_name,cm_type ,cm_order , cm_state , cm_min_price , cm_max_price) values(1001605,2901,'2012款 1.3L标准型DFXC13-40','2012款',4,1,47300,47300);
insert into t_car_model(cm_id , cs_id , cm_name,cm_type ,cm_order , cm_state , cm_min_price , cm_max_price) values(1001249,2901,'2012款 1.3L舒适型DFXC13-40','2012款',5,1,49300,49300);
insert into t_car_model(cm_id , cs_id , cm_name,cm_type ,cm_order , cm_state , cm_min_price , cm_max_price) values(1001607,2901,'2012款 1.3L精英型DFXC13-40','2012款',6,1,50300,50300);
insert into t_car_model(cm_id , cs_id , cm_name,cm_type ,cm_order , cm_state , cm_min_price , cm_max_price) values(1001608,2901,'2012款 1.3L豪华型DFXC13-40','2012款',7,1,52300,52300);
insert into t_car_model(cm_id , cs_id , cm_name,cm_type ,cm_order , cm_state , cm_min_price , cm_max_price) values(1001250,2901,'2012款 改款 1.3L豪华型DFXC13-40','2012款',8,1,53300,53300);
insert into t_car_series(cs_id,cbf_id,cs_name,cs_order,cs_letter) values(3716,172,'东风皮卡',1450,'D');
insert into t_car_model(cm_id , cs_id , cm_name,cm_type ,cm_order , cm_state , cm_min_price , cm_max_price) values(1003604,3716,'2015款 2.8T P68 两驱标准型ZD28D11-4DA','2015款',1,1,76800,76800);
insert into t_car_model(cm_id , cs_id , cm_name,cm_type ,cm_order , cm_state , cm_min_price , cm_max_price) values(1003608,3716,'2015款 2.8T P68 两驱精英型ZD28D11-4DA','2015款',2,1,81800,81800);
insert into t_car_model(cm_id , cs_id , cm_name,cm_type ,cm_order , cm_state , cm_min_price , cm_max_price) values(1003612,3716,'2015款 2.8T P68 两驱豪华型ZD28D11-4DA','2015款',3,1,78800,78800);
insert into t_car_model(cm_id , cs_id , cm_name,cm_type ,cm_order , cm_state , cm_min_price , cm_max_price) values(1003616,3716,'2015款 2.8T P68 两驱旗舰型ZD28D11-4DA','2015款',4,1,83800,83800);
insert into t_car_model(cm_id , cs_id , cm_name,cm_type ,cm_order , cm_state , cm_min_price , cm_max_price) values(1003606,3716,'2015款 2.8T P68 两驱标准型加长ZD28D11-4DA','2015款',5,1,77800,77800);
insert into t_car_model(cm_id , cs_id , cm_name,cm_type ,cm_order , cm_state , cm_min_price , cm_max_price) values(1003610,3716,'2015款 2.8T P68 两驱精英型加长ZD28D11-4DA','2015款',6,1,82800,82800);
insert into t_car_model(cm_id , cs_id , cm_name,cm_type ,cm_order , cm_state , cm_min_price , cm_max_price) values(1003614,3716,'2015款 2.8T P68 两驱豪华型加长ZD28D11-4DA','2015款',7,1,79800,79800);
insert into t_car_model(cm_id , cs_id , cm_name,cm_type ,cm_order , cm_state , cm_min_price , cm_max_price) values(1003618,3716,'2015款 2.8T P68 两驱旗舰型加长ZD28D11-4DA','2015款',8,1,84800,84800);
insert into t_car_model(cm_id , cs_id , cm_name,cm_type ,cm_order , cm_state , cm_min_price , cm_max_price) values(1003620,3716,'2015款 2.8T P68 四驱豪华型ZD28D11-4DA','2015款',9,1,96800,96800);
insert into t_car_model(cm_id , cs_id , cm_name,cm_type ,cm_order , cm_state , cm_min_price , cm_max_price) values(1003622,3716,'2015款 2.8T P68 四驱旗舰型ZD28D11-4DA','2015款',10,1,103800,103800);
insert into t_car_model(cm_id , cs_id , cm_name,cm_type ,cm_order , cm_state , cm_min_price , cm_max_price) values(1003621,3716,'2015款 2.8T P68 四驱豪华型加长ZD28D11-4DA','2015款',11,1,97800,97800);
insert into t_car_model(cm_id , cs_id , cm_name,cm_type ,cm_order , cm_state , cm_min_price , cm_max_price) values(1003623,3716,'2015款 2.8T P68 四驱旗舰型加长ZD28D11-4DA','2015款',12,1,104800,104800);
insert into t_car_model(cm_id , cs_id , cm_name,cm_type ,cm_order , cm_state , cm_min_price , cm_max_price) values(1003605,3716,'2015款 2.2L P68 两驱标准型JM491Q-ME','2015款',13,1,66500,66500);
insert into t_car_model(cm_id , cs_id , cm_name,cm_type ,cm_order , cm_state , cm_min_price , cm_max_price) values(1003609,3716,'2015款 2.2L P68 两驱精英型JM491Q-ME','2015款',14,1,71500,71500);
insert into t_car_model(cm_id , cs_id , cm_name,cm_type ,cm_order , cm_state , cm_min_price , cm_max_price) values(1003613,3716,'2015款 2.2L P68 两驱豪华型JM491Q-ME','2015款',15,1,68500,68500);
insert into t_car_model(cm_id , cs_id , cm_name,cm_type ,cm_order , cm_state , cm_min_price , cm_max_price) values(1003617,3716,'2015款 2.2L P68 两驱旗舰型JM491Q-ME','2015款',16,1,73500,73500);
insert into t_car_model(cm_id , cs_id , cm_name,cm_type ,cm_order , cm_state , cm_min_price , cm_max_price) values(1003607,3716,'2015款 2.2L P68 两驱标准型加长JM491Q-ME','2015款',17,1,67500,67500);
insert into t_car_model(cm_id , cs_id , cm_name,cm_type ,cm_order , cm_state , cm_min_price , cm_max_price) values(1003611,3716,'2015款 2.2L P68 两驱精英型加长JM491Q-ME','2015款',18,1,72500,72500);
insert into t_car_model(cm_id , cs_id , cm_name,cm_type ,cm_order , cm_state , cm_min_price , cm_max_price) values(1003615,3716,'2015款 2.2L P68 两驱豪华型加长JM491Q-ME','2015款',19,1,68500,68500);
insert into t_car_model(cm_id , cs_id , cm_name,cm_type ,cm_order , cm_state , cm_min_price , cm_max_price) values(1003619,3716,'2015款 2.2L P68 两驱旗舰型加长JM491Q-ME','2015款',20,1,73500,73500);
insert into t_car_model(cm_id , cs_id , cm_name,cm_type ,cm_order , cm_state , cm_min_price , cm_max_price) values(1003624,3716,'2015款 2.4T P66 两驱标准型4D25U','2015款',21,1,68800,68800);
insert into t_car_model(cm_id , cs_id , cm_name,cm_type ,cm_order , cm_state , cm_min_price , cm_max_price) values(1003626,3716,'2015款 2.4T P66 两驱精英型4D25U','2015款',22,1,73800,73800);
insert into t_car_model(cm_id , cs_id , cm_name,cm_type ,cm_order , cm_state , cm_min_price , cm_max_price) values(1003625,3716,'2015款 2.4T P66 两驱标准型加长4D25U','2015款',23,1,69800,69800);
insert into t_car_model(cm_id , cs_id , cm_name,cm_type ,cm_order , cm_state , cm_min_price , cm_max_price) values(1003627,3716,'2015款 2.4T P66 两驱精英型加长4D25U','2015款',24,1,74800,74800);
insert into t_car_model(cm_id , cs_id , cm_name,cm_type ,cm_order , cm_state , cm_min_price , cm_max_price) values(1003220,3716,'2015款 2.2L P68MC01K-MC11KJM491Q-ME','2015款',25,1,61500,71500);
insert into t_car_model(cm_id , cs_id , cm_name,cm_type ,cm_order , cm_state , cm_min_price , cm_max_price) values(1003222,3716,'2015款 2.2L P68MC02K-MC12KJM491Q-ME','2015款',26,1,63500,73500);
insert into t_car_model(cm_id , cs_id , cm_name,cm_type ,cm_order , cm_state , cm_min_price , cm_max_price) values(1003221,3716,'2015款 2.2L P68MC01K-MC11K加长JM491Q-ME','2015款',27,1,62500,72500);
insert into t_car_model(cm_id , cs_id , cm_name,cm_type ,cm_order , cm_state , cm_min_price , cm_max_price) values(1003223,3716,'2015款 2.2L P68MC02K-MC12K加长JM491Q-ME','2015款',28,1,63500,73500);
insert into t_car_model(cm_id , cs_id , cm_name,cm_type ,cm_order , cm_state , cm_min_price , cm_max_price) values(1003224,3716,'2015款 2.4T P66-2214D25U','2015款',29,1,63800,73800);
insert into t_car_model(cm_id , cs_id , cm_name,cm_type ,cm_order , cm_state , cm_min_price , cm_max_price) values(1003225,3716,'2015款 2.4T P66-221加长4D25U','2015款',30,1,64800,74800);
insert into t_car_model(cm_id , cs_id , cm_name,cm_type ,cm_order , cm_state , cm_min_price , cm_max_price) values(1003214,3716,'2015款 2.8T P68331-321ZD28D11-4DA','2015款',31,1,71800,81800);
insert into t_car_model(cm_id , cs_id , cm_name,cm_type ,cm_order , cm_state , cm_min_price , cm_max_price) values(1003216,3716,'2015款 2.8T P68351-341ZD28D11-4DA','2015款',32,1,73800,83800);
insert into t_car_model(cm_id , cs_id , cm_name,cm_type ,cm_order , cm_state , cm_min_price , cm_max_price) values(1003215,3716,'2015款 2.8T P68331-321加长ZD28D11-4DA','2015款',33,1,72800,82800);
insert into t_car_model(cm_id , cs_id , cm_name,cm_type ,cm_order , cm_state , cm_min_price , cm_max_price) values(1003217,3716,'2015款 2.8T P68351-341加长ZD28D11-4DA','2015款',34,1,74800,84800);
insert into t_car_model(cm_id , cs_id , cm_name,cm_type ,cm_order , cm_state , cm_min_price , cm_max_price) values(1003218,3716,'2015款 2.8T P68391-381ZD28D11-4DA','2015款',35,1,89800,99800);
insert into t_car_model(cm_id , cs_id , cm_name,cm_type ,cm_order , cm_state , cm_min_price , cm_max_price) values(1003219,3716,'2015款 2.8T P68391-381加长ZD28D11-4DA','2015款',36,1,90800,100800);
insert into t_car_series(cs_id,cbf_id,cs_name,cs_order,cs_letter) values(3166,172,'虎视',1451,'H');
insert into t_car_model(cm_id , cs_id , cm_name,cm_type ,cm_order , cm_state , cm_min_price , cm_max_price) values(1001765,3166,'2012款 2.8T两驱标准型短轴','2012款',1,1,75800,85800);
insert into t_car_model(cm_id , cs_id , cm_name,cm_type ,cm_order , cm_state , cm_min_price , cm_max_price) values(1001766,3166,'2012款 2.8T两驱标准型长轴','2012款',2,1,75800,85800);
insert into t_car_model(cm_id , cs_id , cm_name,cm_type ,cm_order , cm_state , cm_min_price , cm_max_price) values(1001763,3166,'2012款 2.8T四驱标准型短轴','2012款',3,1,92800,102800);
insert into t_car_model(cm_id , cs_id , cm_name,cm_type ,cm_order , cm_state , cm_min_price , cm_max_price) values(1001764,3166,'2012款 2.8T四驱标准型长轴','2012款',4,1,92800,102800);
insert into t_car_brand_factory(cbf_id , cb_id , cbf_name ,cbf_letter) values(173,32,'郑州日产','Z');
insert into t_car_series(cs_id,cbf_id,cs_name,cs_order,cs_letter) values(5879,173,'帕拉索',1452,'P');
insert into t_car_model(cm_id , cs_id , cm_name,cm_type ,cm_order , cm_state , cm_min_price , cm_max_price) values(48465,5879,'2021款 1.8T 两驱精英版','2021款',1,1,129800,129800);
insert into t_car_model(cm_id , cs_id , cm_name,cm_type ,cm_order , cm_state , cm_min_price , cm_max_price) values(48466,5879,'2021款 1.8T 两驱尊享版','2021款',2,1,144800,144800);
insert into t_car_model(cm_id , cs_id , cm_name,cm_type ,cm_order , cm_state , cm_min_price , cm_max_price) values(48791,5879,'2021款 1.8T 两驱尊贵版','2021款',3,1,159800,159800);
insert into t_car_model(cm_id , cs_id , cm_name,cm_type ,cm_order , cm_state , cm_min_price , cm_max_price) values(48467,5879,'2021款 1.8T 四驱精英版','2021款',4,1,159800,159800);
insert into t_car_model(cm_id , cs_id , cm_name,cm_type ,cm_order , cm_state , cm_min_price , cm_max_price) values(48792,5879,'2021款 1.8T 四驱尊享版','2021款',5,1,178800,178800);
insert into t_car_model(cm_id , cs_id , cm_name,cm_type ,cm_order , cm_state , cm_min_price , cm_max_price) values(47344,5879,'2021款 1.8T 四驱尊贵版','2021款',6,1,192800,192800);
insert into t_car_series(cs_id,cbf_id,cs_name,cs_order,cs_letter) values(2510,173,'锐骐',1453,'R');
insert into t_car_model(cm_id , cs_id , cm_name,cm_type ,cm_order , cm_state , cm_min_price , cm_max_price) values(1010784,2510,'2021款 2.4L汽油两驱创业版基型车2TZD','2021款',1,1,77800,77800);
insert into t_car_model(cm_id , cs_id , cm_name,cm_type ,cm_order , cm_state , cm_min_price , cm_max_price) values(1010785,2510,'2021款 2.4L汽油两驱创业版长货箱2TZD','2021款',2,1,78800,78800);
insert into t_car_model(cm_id , cs_id , cm_name,cm_type ,cm_order , cm_state , cm_min_price , cm_max_price) values(1010782,2510,'2021款 2.4L汽油四驱创业版基型车2TZD','2021款',3,1,91800,91800);
insert into t_car_model(cm_id , cs_id , cm_name,cm_type ,cm_order , cm_state , cm_min_price , cm_max_price) values(1010783,2510,'2021款 2.4L汽油四驱创业版长货箱2TZD','2021款',4,1,92800,92800);
insert into t_car_model(cm_id , cs_id , cm_name,cm_type ,cm_order , cm_state , cm_min_price , cm_max_price) values(1010780,2510,'2021款 2.4L汽油两驱小康版基型车2TZD','2021款',5,1,83800,83800);
insert into t_car_model(cm_id , cs_id , cm_name,cm_type ,cm_order , cm_state , cm_min_price , cm_max_price) values(1010781,2510,'2021款 2.4L汽油两驱小康版长货箱2TZD','2021款',6,1,84800,84800);
insert into t_car_model(cm_id , cs_id , cm_name,cm_type ,cm_order , cm_state , cm_min_price , cm_max_price) values(1010778,2510,'2021款 2.4L汽油四驱小康版基型车2TZD','2021款',7,1,97800,97800);
insert into t_car_model(cm_id , cs_id , cm_name,cm_type ,cm_order , cm_state , cm_min_price , cm_max_price) values(1010779,2510,'2021款 2.4L汽油四驱小康版长货箱2TZD','2021款',8,1,98800,98800);
insert into t_car_model(cm_id , cs_id , cm_name,cm_type ,cm_order , cm_state , cm_min_price , cm_max_price) values(1010776,2510,'2021款 2.4L汽油两驱舒享版基型车2TZD','2021款',9,1,89800,89800);
insert into t_car_model(cm_id , cs_id , cm_name,cm_type ,cm_order , cm_state , cm_min_price , cm_max_price) values(1010777,2510,'2021款 2.4L汽油两驱舒享版长货箱2TZD','2021款',10,1,90800,90800);
insert into t_car_model(cm_id , cs_id , cm_name,cm_type ,cm_order , cm_state , cm_min_price , cm_max_price) values(1010774,2510,'2021款 2.4L汽油四驱舒享版基型车2TZD','2021款',11,1,104800,104800);
insert into t_car_model(cm_id , cs_id , cm_name,cm_type ,cm_order , cm_state , cm_min_price , cm_max_price) values(1010775,2510,'2021款 2.4L汽油四驱舒享版长货箱2TZD','2021款',12,1,105800,105800);
insert into t_car_model(cm_id , cs_id , cm_name,cm_type ,cm_order , cm_state , cm_min_price , cm_max_price) values(1010773,2510,'2021款 2.4L汽油两驱梦想版基型车2TZD','2021款',13,1,96800,96800);
insert into t_car_model(cm_id , cs_id , cm_name,cm_type ,cm_order , cm_state , cm_min_price , cm_max_price) values(1010772,2510,'2021款 2.4L汽油两驱梦想版长货箱2TZD','2021款',14,1,97800,97800);
insert into t_car_model(cm_id , cs_id , cm_name,cm_type ,cm_order , cm_state , cm_min_price , cm_max_price) values(1010771,2510,'2021款 2.4L汽油四驱梦想版基型车2TZD','2021款',15,1,111800,111800);
insert into t_car_model(cm_id , cs_id , cm_name,cm_type ,cm_order , cm_state , cm_min_price , cm_max_price) values(1010770,2510,'2021款 2.4L汽油四驱梦想版长货箱2TZD','2021款',16,1,112800,112800);
insert into t_car_model(cm_id , cs_id , cm_name,cm_type ,cm_order , cm_state , cm_min_price , cm_max_price) values(1010795,2510,'2021款 2.4T柴油两驱创业版基型车YCY24165-61','2021款',17,1,86800,86800);
insert into t_car_model(cm_id , cs_id , cm_name,cm_type ,cm_order , cm_state , cm_min_price , cm_max_price) values(1011865,2510,'2021款 2.4T柴油两驱创富版基型车YCY24165-61','2021款',18,1,88800,88800);
insert into t_car_model(cm_id , cs_id , cm_name,cm_type ,cm_order , cm_state , cm_min_price , cm_max_price) values(1010796,2510,'2021款 2.4T柴油两驱创业版长货箱YCY24165-61','2021款',19,1,87800,87800);
insert into t_car_model(cm_id , cs_id , cm_name,cm_type ,cm_order , cm_state , cm_min_price , cm_max_price) values(1011866,2510,'2021款 2.4T柴油两驱创富版长货箱YCY24165-61','2021款',20,1,89800,89800);
insert into t_car_model(cm_id , cs_id , cm_name,cm_type ,cm_order , cm_state , cm_min_price , cm_max_price) values(1010799,2510,'2021款 2.4T柴油四驱创业版基型车YCY24165-61','2021款',21,1,102800,102800);
insert into t_car_model(cm_id , cs_id , cm_name,cm_type ,cm_order , cm_state , cm_min_price , cm_max_price) values(1010800,2510,'2021款 2.4T柴油四驱创业版长货箱YCY24165-61','2021款',22,1,103800,103800);
insert into t_car_model(cm_id , cs_id , cm_name,cm_type ,cm_order , cm_state , cm_min_price , cm_max_price) values(1010791,2510,'2021款 2.4T柴油两驱小康版基型车YCY24165-61','2021款',23,1,92800,92800);
insert into t_car_model(cm_id , cs_id , cm_name,cm_type ,cm_order , cm_state , cm_min_price , cm_max_price) values(1010792,2510,'2021款 2.4T柴油两驱小康版长货箱YCY24165-61','2021款',24,1,93800,93800);
insert into t_car_model(cm_id , cs_id , cm_name,cm_type ,cm_order , cm_state , cm_min_price , cm_max_price) values(1010797,2510,'2021款 2.4T柴油四驱小康版基型车YCY24165-61','2021款',25,1,108800,108800);
insert into t_car_model(cm_id , cs_id , cm_name,cm_type ,cm_order , cm_state , cm_min_price , cm_max_price) values(1010798,2510,'2021款 2.4T柴油四驱小康版长货箱YCY24165-61','2021款',26,1,109800,109800);
insert into t_car_model(cm_id , cs_id , cm_name,cm_type ,cm_order , cm_state , cm_min_price , cm_max_price) values(1010787,2510,'2021款 2.4T柴油两驱梦想版基型车YCY24165-61','2021款',27,1,98800,98800);
insert into t_car_model(cm_id , cs_id , cm_name,cm_type ,cm_order , cm_state , cm_min_price , cm_max_price) values(1010788,2510,'2021款 2.4T柴油两驱梦想版长货箱YCY24165-61','2021款',28,1,99800,99800);
insert into t_car_model(cm_id , cs_id , cm_name,cm_type ,cm_order , cm_state , cm_min_price , cm_max_price) values(1010786,2510,'2021款 2.4T柴油四驱梦想版基型车YCY24165-61','2021款',29,1,114800,114800);
insert into t_car_model(cm_id , cs_id , cm_name,cm_type ,cm_order , cm_state , cm_min_price , cm_max_price) values(1010552,2510,'2021款 2.4T柴油四驱梦想版长货箱YCY24165-61','2021款',30,1,115800,115800);
insert into t_car_model(cm_id , cs_id , cm_name,cm_type ,cm_order , cm_state , cm_min_price , cm_max_price) values(1009200,2510,'2020款 2.5T柴油国VI两驱标准型标箱ZD25','2020款',1,1,95800,95800);
insert into t_car_model(cm_id , cs_id , cm_name,cm_type ,cm_order , cm_state , cm_min_price , cm_max_price) values(1009199,2510,'2020款 2.5T柴油国VI两驱豪华型标箱ZD25','2020款',2,1,105800,105800);
insert into t_car_model(cm_id , cs_id , cm_name,cm_type ,cm_order , cm_state , cm_min_price , cm_max_price) values(1009198,2510,'2020款 2.5T柴油国VI四驱标准型标箱ZD25','2020款',3,1,114800,114800);
insert into t_car_model(cm_id , cs_id , cm_name,cm_type ,cm_order , cm_state , cm_min_price , cm_max_price) values(1009197,2510,'2020款 2.5T柴油国VI四驱豪华型标箱ZD25','2020款',4,1,126800,126800);
insert into t_car_model(cm_id , cs_id , cm_name,cm_type ,cm_order , cm_state , cm_min_price , cm_max_price) values(1009196,2510,'2020款 2.5T柴油国VI两驱标准型长货箱ZD25','2020款',5,1,96800,96800);
insert into t_car_model(cm_id , cs_id , cm_name,cm_type ,cm_order , cm_state , cm_min_price , cm_max_price) values(1009195,2510,'2020款 2.5T柴油国VI两驱豪华型长货箱ZD25','2020款',6,1,106800,106800);
insert into t_car_model(cm_id , cs_id , cm_name,cm_type ,cm_order , cm_state , cm_min_price , cm_max_price) values(1009194,2510,'2020款 2.5T柴油国VI四驱标准型长货箱ZD25','2020款',7,1,115800,115800);
insert into t_car_model(cm_id , cs_id , cm_name,cm_type ,cm_order , cm_state , cm_min_price , cm_max_price) values(1009193,2510,'2020款 2.5T柴油国VI四驱豪华型长货箱ZD25','2020款',8,1,127800,127800);
insert into t_car_model(cm_id , cs_id , cm_name,cm_type ,cm_order , cm_state , cm_min_price , cm_max_price) values(1008620,2510,'2019款 2.4L汽油国VI两驱标准型标箱2TZD','2019款',1,1,87800,87800);
insert into t_car_model(cm_id , cs_id , cm_name,cm_type ,cm_order , cm_state , cm_min_price , cm_max_price) values(1008619,2510,'2019款 2.4L汽油国VI两驱豪华型标箱2TZD','2019款',2,1,95800,95800);
insert into t_car_model(cm_id , cs_id , cm_name,cm_type ,cm_order , cm_state , cm_min_price , cm_max_price) values(1008618,2510,'2019款 2.4L汽油国VI四驱标准型标箱2TZD','2019款',3,1,103800,103800);
insert into t_car_model(cm_id , cs_id , cm_name,cm_type ,cm_order , cm_state , cm_min_price , cm_max_price) values(1008617,2510,'2019款 2.4L汽油国VI四驱豪华型标箱2TZD','2019款',4,1,111800,111800);
insert into t_car_model(cm_id , cs_id , cm_name,cm_type ,cm_order , cm_state , cm_min_price , cm_max_price) values(1008624,2510,'2019款 2.4L汽油国VI两驱标准型长货箱2TZD','2019款',5,1,88800,88800);
insert into t_car_model(cm_id , cs_id , cm_name,cm_type ,cm_order , cm_state , cm_min_price , cm_max_price) values(1008623,2510,'2019款 2.4L汽油国VI两驱豪华型长货箱2TZD','2019款',6,1,96800,96800);
insert into t_car_model(cm_id , cs_id , cm_name,cm_type ,cm_order , cm_state , cm_min_price , cm_max_price) values(1008622,2510,'2019款 2.4L汽油国VI四驱标准型长货箱2TZD','2019款',7,1,104800,104800);
insert into t_car_model(cm_id , cs_id , cm_name,cm_type ,cm_order , cm_state , cm_min_price , cm_max_price) values(1008621,2510,'2019款 2.4L汽油国VI四驱豪华型长货箱2TZD','2019款',8,1,112800,112800);
insert into t_car_model(cm_id , cs_id , cm_name,cm_type ,cm_order , cm_state , cm_min_price , cm_max_price) values(1006132,2510,'2018款 2.4L汽油两驱标准型ZG24','2018款',1,1,85800,85800);
insert into t_car_model(cm_id , cs_id , cm_name,cm_type ,cm_order , cm_state , cm_min_price , cm_max_price) values(1006131,2510,'2018款 2.4L汽油两驱豪华型ZG24','2018款',2,1,93800,93800);
insert into t_car_model(cm_id , cs_id , cm_name,cm_type ,cm_order , cm_state , cm_min_price , cm_max_price) values(1006130,2510,'2018款 2.4L汽油四驱标准型ZG24','2018款',3,1,101800,101800);
insert into t_car_model(cm_id , cs_id , cm_name,cm_type ,cm_order , cm_state , cm_min_price , cm_max_price) values(1006129,2510,'2018款 2.4L汽油四驱豪华型ZG24','2018款',4,1,109800,109800);
insert into t_car_model(cm_id , cs_id , cm_name,cm_type ,cm_order , cm_state , cm_min_price , cm_max_price) values(1006128,2510,'2018款 2.4L汽油两驱标准型长货箱ZG24','2018款',5,1,86800,86800);
insert into t_car_model(cm_id , cs_id , cm_name,cm_type ,cm_order , cm_state , cm_min_price , cm_max_price) values(1006127,2510,'2018款 2.4L汽油两驱豪华型长货箱ZG24','2018款',6,1,94800,94800);
insert into t_car_model(cm_id , cs_id , cm_name,cm_type ,cm_order , cm_state , cm_min_price , cm_max_price) values(1006126,2510,'2018款 2.4L汽油四驱标准型长货箱ZG24','2018款',7,1,102800,102800);
insert into t_car_model(cm_id , cs_id , cm_name,cm_type ,cm_order , cm_state , cm_min_price , cm_max_price) values(1006125,2510,'2018款 2.4L汽油四驱豪华型长货箱ZG24','2018款',8,1,110800,110800);
insert into t_car_model(cm_id , cs_id , cm_name,cm_type ,cm_order , cm_state , cm_min_price , cm_max_price) values(1006124,2510,'2018款 2.5T柴油两驱标准型ZD25T5','2018款',9,1,89800,89800);
insert into t_car_model(cm_id , cs_id , cm_name,cm_type ,cm_order , cm_state , cm_min_price , cm_max_price) values(1006123,2510,'2018款 2.5T柴油两驱豪华型ZD25T5','2018款',10,1,99800,99800);
insert into t_car_model(cm_id , cs_id , cm_name,cm_type ,cm_order , cm_state , cm_min_price , cm_max_price) values(1006122,2510,'2018款 2.5T柴油四驱标准型ZD25T5','2018款',11,1,108800,108800);
insert into t_car_model(cm_id , cs_id , cm_name,cm_type ,cm_order , cm_state , cm_min_price , cm_max_price) values(1006121,2510,'2018款 2.5T柴油四驱豪华型ZD25T5','2018款',12,1,120800,120800);
insert into t_car_model(cm_id , cs_id , cm_name,cm_type ,cm_order , cm_state , cm_min_price , cm_max_price) values(1006120,2510,'2018款 2.5T柴油两驱标准型长货箱ZD25T5','2018款',13,1,90800,90800);
insert into t_car_model(cm_id , cs_id , cm_name,cm_type ,cm_order , cm_state , cm_min_price , cm_max_price) values(1006119,2510,'2018款 2.5T柴油两驱豪华型长货箱ZD25T5','2018款',14,1,100800,100800);
insert into t_car_model(cm_id , cs_id , cm_name,cm_type ,cm_order , cm_state , cm_min_price , cm_max_price) values(1006118,2510,'2018款 2.5T柴油四驱标准型长货箱ZD25T5','2018款',15,1,109800,109800);
insert into t_car_model(cm_id , cs_id , cm_name,cm_type ,cm_order , cm_state , cm_min_price , cm_max_price) values(1006117,2510,'2018款 2.5T柴油四驱豪华型长货箱ZD25T5','2018款',16,1,121800,121800);
insert into t_car_model(cm_id , cs_id , cm_name,cm_type ,cm_order , cm_state , cm_min_price , cm_max_price) values(1005667,2510,'2017款 2.4L汽油两驱标准型ZG24','2017款',1,1,85800,85800);
insert into t_car_model(cm_id , cs_id , cm_name,cm_type ,cm_order , cm_state , cm_min_price , cm_max_price) values(1005666,2510,'2017款 2.4L汽油两驱豪华型ZG24','2017款',2,1,92300,92300);
insert into t_car_model(cm_id , cs_id , cm_name,cm_type ,cm_order , cm_state , cm_min_price , cm_max_price) values(1005665,2510,'2017款 2.4L汽油四驱标准型ZG24','2017款',3,1,101800,101800);
insert into t_car_model(cm_id , cs_id , cm_name,cm_type ,cm_order , cm_state , cm_min_price , cm_max_price) values(1005664,2510,'2017款 2.4L汽油四驱豪华型ZG24','2017款',4,1,108300,108300);
insert into t_car_model(cm_id , cs_id , cm_name,cm_type ,cm_order , cm_state , cm_min_price , cm_max_price) values(1005441,2510,'2017款 2.4L汽油两驱标准型长货箱ZG24','2017款',5,1,86800,86800);
insert into t_car_model(cm_id , cs_id , cm_name,cm_type ,cm_order , cm_state , cm_min_price , cm_max_price) values(1005442,2510,'2017款 2.4L汽油两驱豪华型长货箱ZG24','2017款',6,1,93300,93300);
insert into t_car_model(cm_id , cs_id , cm_name,cm_type ,cm_order , cm_state , cm_min_price , cm_max_price) values(1005443,2510,'2017款 2.4L汽油四驱标准型长货箱ZG24','2017款',7,1,102800,102800);
insert into t_car_model(cm_id , cs_id , cm_name,cm_type ,cm_order , cm_state , cm_min_price , cm_max_price) values(1005444,2510,'2017款 2.4L汽油四驱豪华型长货箱ZG24','2017款',8,1,109300,109300);
insert into t_car_model(cm_id , cs_id , cm_name,cm_type ,cm_order , cm_state , cm_min_price , cm_max_price) values(1005251,2510,'2017款 2.5T柴油两驱标准型ZD25T5','2017款',9,1,86800,86800);
insert into t_car_model(cm_id , cs_id , cm_name,cm_type ,cm_order , cm_state , cm_min_price , cm_max_price) values(1005669,2510,'2017款 2.5T柴油两驱豪华型ZD25T5','2017款',10,1,94800,94800);
insert into t_car_model(cm_id , cs_id , cm_name,cm_type ,cm_order , cm_state , cm_min_price , cm_max_price) values(1005252,2510,'2017款 2.5T柴油四驱标准型ZD25T5','2017款',11,1,108800,108800);
insert into t_car_model(cm_id , cs_id , cm_name,cm_type ,cm_order , cm_state , cm_min_price , cm_max_price) values(1005668,2510,'2017款 2.5T柴油四驱豪华型ZD25T5','2017款',12,1,116800,116800);
insert into t_car_model(cm_id , cs_id , cm_name,cm_type ,cm_order , cm_state , cm_min_price , cm_max_price) values(1005673,2510,'2017款 2.5T柴油两驱标准型长货箱ZD25T5','2017款',13,1,87800,87800);
insert into t_car_model(cm_id , cs_id , cm_name,cm_type ,cm_order , cm_state , cm_min_price , cm_max_price) values(1005672,2510,'2017款 2.5T柴油两驱豪华型长货箱ZD25T5','2017款',14,1,95800,95800);
insert into t_car_model(cm_id , cs_id , cm_name,cm_type ,cm_order , cm_state , cm_min_price , cm_max_price) values(1005671,2510,'2017款 2.5T柴油四驱标准型长货箱ZD25T5','2017款',15,1,109800,109800);
insert into t_car_model(cm_id , cs_id , cm_name,cm_type ,cm_order , cm_state , cm_min_price , cm_max_price) values(1005670,2510,'2017款 2.5T柴油四驱豪华型长货箱ZD25T5','2017款',16,1,117800,117800);
insert into t_car_model(cm_id , cs_id , cm_name,cm_type ,cm_order , cm_state , cm_min_price , cm_max_price) values(1004474,2510,'2016款 2.5T柴油两驱ZD25TCI','2016款',1,1,103800,103800);
insert into t_car_model(cm_id , cs_id , cm_name,cm_type ,cm_order , cm_state , cm_min_price , cm_max_price) values(1004473,2510,'2016款 2.5T柴油四驱ZD25TCI','2016款',2,1,81800,81800);
insert into t_car_model(cm_id , cs_id , cm_name,cm_type ,cm_order , cm_state , cm_min_price , cm_max_price) values(1002940,2510,'2015款 2.4L精英版汽油两驱标准型ZG24','2015款',1,1,83800,83800);
insert into t_car_model(cm_id , cs_id , cm_name,cm_type ,cm_order , cm_state , cm_min_price , cm_max_price) values(1002945,2510,'2015款 2.4L精英版汽油四驱标准型ZG24','2015款',2,1,99800,99800);
insert into t_car_model(cm_id , cs_id , cm_name,cm_type ,cm_order , cm_state , cm_min_price , cm_max_price) values(1002941,2510,'2015款 2.4L精英版汽油两驱豪华型ZG24','2015款',3,1,91800,91800);
insert into t_car_model(cm_id , cs_id , cm_name,cm_type ,cm_order , cm_state , cm_min_price , cm_max_price) values(1002946,2510,'2015款 2.4L精英版汽油四驱豪华型ZG24','2015款',4,1,107800,107800);
insert into t_car_model(cm_id , cs_id , cm_name,cm_type ,cm_order , cm_state , cm_min_price , cm_max_price) values(1003450,2510,'2015款 2.4L两驱 经典款长货箱ZG24','2015款',5,1,81800,81800);
insert into t_car_model(cm_id , cs_id , cm_name,cm_type ,cm_order , cm_state , cm_min_price , cm_max_price) values(1003451,2510,'2015款 2.4L四驱 经典款长货箱ZG24','2015款',6,1,97800,97800);
insert into t_car_model(cm_id , cs_id , cm_name,cm_type ,cm_order , cm_state , cm_min_price , cm_max_price) values(1003442,2510,'2015款 2.5T两驱 经典款长货箱ZD25TCI','2015款',7,1,95000,95000);
insert into t_car_model(cm_id , cs_id , cm_name,cm_type ,cm_order , cm_state , cm_min_price , cm_max_price) values(1002943,2510,'2015款 2.5T精英版柴油两驱豪华型ZD25TCI','2015款',8,1,99800,99800);
insert into t_car_model(cm_id , cs_id , cm_name,cm_type ,cm_order , cm_state , cm_min_price , cm_max_price) values(1002944,2510,'2015款 2.5T精英版柴油四驱豪华型ZD25TCI','2015款',9,1,121800,121800);
insert into t_car_model(cm_id , cs_id , cm_name,cm_type ,cm_order , cm_state , cm_min_price , cm_max_price) values(1002939,2510,'2015款 3.0T领航版柴油两驱超豪华型ZD30D13','2015款',10,1,124800,124800);
insert into t_car_model(cm_id , cs_id , cm_name,cm_type ,cm_order , cm_state , cm_min_price , cm_max_price) values(1002942,2510,'2015款 3.0T领航版柴油四驱超豪华型ZD30D13','2015款',11,1,144800,144800);
insert into t_car_model(cm_id , cs_id , cm_name,cm_type ,cm_order , cm_state , cm_min_price , cm_max_price) values(1003740,2510,'2015款 2.8T兴业版 两驱标准型ZD28D11-4DA','2015款',12,1,85800,85800);
insert into t_car_model(cm_id , cs_id , cm_name,cm_type ,cm_order , cm_state , cm_min_price , cm_max_price) values(1003739,2510,'2015款 2.8T兴业版 四驱标准型ZD28D11-4DA','2015款',13,1,105300,105300);
insert into t_car_model(cm_id , cs_id , cm_name,cm_type ,cm_order , cm_state , cm_min_price , cm_max_price) values(1004190,2510,'2015款 2.8T兴业版 两驱长货箱ZD28D11-4DA','2015款',14,1,87800,87800);
insert into t_car_model(cm_id , cs_id , cm_name,cm_type ,cm_order , cm_state , cm_min_price , cm_max_price) values(1003737,2510,'2015款 3.0T赛事版 两驱豪华型ZD30D13-4N2','2015款',15,1,106800,106800);
insert into t_car_model(cm_id , cs_id , cm_name,cm_type ,cm_order , cm_state , cm_min_price , cm_max_price) values(1003736,2510,'2015款 3.0T赛道版 四驱豪华型ZD30D13-4N2','2015款',16,1,127800,127800);
insert into t_car_model(cm_id , cs_id , cm_name,cm_type ,cm_order , cm_state , cm_min_price , cm_max_price) values(1003738,2510,'2015款 3.0T赛事版 两驱超豪华型ZD30D13-4N2','2015款',17,1,0,0);
insert into t_car_model(cm_id , cs_id , cm_name,cm_type ,cm_order , cm_state , cm_min_price , cm_max_price) values(1003735,2510,'2015款 3.0T赛事版 四驱超豪华型ZD30D13-4N2','2015款',18,1,0,0);
insert into t_car_model(cm_id , cs_id , cm_name,cm_type ,cm_order , cm_state , cm_min_price , cm_max_price) values(1002769,2510,'2014款 2.4L行政版 汽油两驱标准型KA24','2014款',1,1,138800,138800);
insert into t_car_model(cm_id , cs_id , cm_name,cm_type ,cm_order , cm_state , cm_min_price , cm_max_price) values(1002770,2510,'2014款 2.4L行政版 汽油四驱标准型KA24','2014款',2,1,173800,173800);
insert into t_car_model(cm_id , cs_id , cm_name,cm_type ,cm_order , cm_state , cm_min_price , cm_max_price) values(1001420,2510,'2013款 2.4L汽油两驱标准型ZG24','2013款',1,1,79800,79800);
insert into t_car_model(cm_id , cs_id , cm_name,cm_type ,cm_order , cm_state , cm_min_price , cm_max_price) values(1001421,2510,'2013款 2.4L汽油两驱豪华型ZG24','2013款',2,1,97800,97800);
insert into t_car_model(cm_id , cs_id , cm_name,cm_type ,cm_order , cm_state , cm_min_price , cm_max_price) values(1001422,2510,'2013款 2.4L汽油四驱标准型ZG24','2013款',3,1,96800,96800);
insert into t_car_model(cm_id , cs_id , cm_name,cm_type ,cm_order , cm_state , cm_min_price , cm_max_price) values(1001985,2510,'2013款 2.2T柴油两驱标准型ZD22TE','2013款',4,1,79800,79800);
insert into t_car_model(cm_id , cs_id , cm_name,cm_type ,cm_order , cm_state , cm_min_price , cm_max_price) values(1001893,2510,'2013款 2.2T柴油四驱标准型ZD22TE','2013款',5,1,99800,99800);
insert into t_car_model(cm_id , cs_id , cm_name,cm_type ,cm_order , cm_state , cm_min_price , cm_max_price) values(1001412,2510,'2013款 2.5T柴油两驱标准型ZD25TCR','2013款',6,1,99800,99800);
insert into t_car_model(cm_id , cs_id , cm_name,cm_type ,cm_order , cm_state , cm_min_price , cm_max_price) values(1001413,2510,'2013款 2.5T柴油两驱豪华型ZD25TCR','2013款',7,1,109800,109800);
insert into t_car_model(cm_id , cs_id , cm_name,cm_type ,cm_order , cm_state , cm_min_price , cm_max_price) values(1001414,2510,'2013款 2.5T柴油四驱标准型ZD25TCR','2013款',8,1,121800,121800);
insert into t_car_model(cm_id , cs_id , cm_name,cm_type ,cm_order , cm_state , cm_min_price , cm_max_price) values(1001415,2510,'2013款 2.5T柴油四驱豪华型ZD25TCR','2013款',9,1,124800,124800);
insert into t_car_model(cm_id , cs_id , cm_name,cm_type ,cm_order , cm_state , cm_min_price , cm_max_price) values(1001423,2510,'2013款 2.5T柴油两驱标准型ZD25TCI','2013款',10,1,102800,102800);
insert into t_car_model(cm_id , cs_id , cm_name,cm_type ,cm_order , cm_state , cm_min_price , cm_max_price) values(1001424,2510,'2013款 2.5T柴油两驱豪华型ZD25TCI','2013款',11,1,112800,112800);
insert into t_car_model(cm_id , cs_id , cm_name,cm_type ,cm_order , cm_state , cm_min_price , cm_max_price) values(1001425,2510,'2013款 2.5T柴油四驱标准型ZD25TCI','2013款',12,1,124800,124800);
insert into t_car_model(cm_id , cs_id , cm_name,cm_type ,cm_order , cm_state , cm_min_price , cm_max_price) values(1001426,2510,'2013款 2.5T柴油四驱豪华型ZD25TCI','2013款',13,1,127800,127800);
insert into t_car_model(cm_id , cs_id , cm_name,cm_type ,cm_order , cm_state , cm_min_price , cm_max_price) values(1001935,2510,'2013款 3.0T柴油两驱标准型ZD30D13-4N2','2013款',14,1,129800,129800);
insert into t_car_model(cm_id , cs_id , cm_name,cm_type ,cm_order , cm_state , cm_min_price , cm_max_price) values(1001936,2510,'2013款 3.0T柴油两驱豪华型ZD30D13-4N2','2013款',15,1,139800,139800);
insert into t_car_model(cm_id , cs_id , cm_name,cm_type ,cm_order , cm_state , cm_min_price , cm_max_price) values(1001937,2510,'2013款 3.0T柴油四驱标准型ZD30D13-4N2','2013款',16,1,149800,149800);
insert into t_car_model(cm_id , cs_id , cm_name,cm_type ,cm_order , cm_state , cm_min_price , cm_max_price) values(1001938,2510,'2013款 3.0T柴油四驱豪华型ZD30D13-4N2','2013款',17,1,152800,152800);
insert into t_car_model(cm_id , cs_id , cm_name,cm_type ,cm_order , cm_state , cm_min_price , cm_max_price) values(1001416,2510,'2013款 3.0T柴油两驱标准型CYQD80-E3','2013款',18,1,83800,83800);
insert into t_car_model(cm_id , cs_id , cm_name,cm_type ,cm_order , cm_state , cm_min_price , cm_max_price) values(1001417,2510,'2013款 3.0T柴油四驱标准型CYQD80-E3','2013款',19,1,103800,103800);
insert into t_car_model(cm_id , cs_id , cm_name,cm_type ,cm_order , cm_state , cm_min_price , cm_max_price) values(1001418,2510,'2013款 3.0T柴油两驱标准型ZD30D13-3N','2013款',20,1,119800,119800);
insert into t_car_model(cm_id , cs_id , cm_name,cm_type ,cm_order , cm_state , cm_min_price , cm_max_price) values(1001419,2510,'2013款 3.0T柴油两驱豪华型ZD30D13-3N','2013款',21,1,129600,129600);
insert into t_car_model(cm_id , cs_id , cm_name,cm_type ,cm_order , cm_state , cm_min_price , cm_max_price) values(1001987,2510,'2013款 3.2T兴业版 柴油两驱标准型CYQD80-E4','2013款',22,1,84800,84800);
insert into t_car_model(cm_id , cs_id , cm_name,cm_type ,cm_order , cm_state , cm_min_price , cm_max_price) values(1001988,2510,'2013款 3.2T兴业版 柴油四驱标准型CYQD80-E4','2013款',23,1,104800,104800);
insert into t_car_model(cm_id , cs_id , cm_name,cm_type ,cm_order , cm_state , cm_min_price , cm_max_price) values(1000330,2510,'2010款 2.4L汽油两驱标准型ZG24','2010款',1,1,79800,79800);
insert into t_car_model(cm_id , cs_id , cm_name,cm_type ,cm_order , cm_state , cm_min_price , cm_max_price) values(1000331,2510,'2010款 2.4L汽油两驱豪华型ZG24','2010款',2,1,88800,88800);
insert into t_car_model(cm_id , cs_id , cm_name,cm_type ,cm_order , cm_state , cm_min_price , cm_max_price) values(1000332,2510,'2010款 2.4L汽油四驱标准型ZG24','2010款',3,1,96800,96800);
insert into t_car_model(cm_id , cs_id , cm_name,cm_type ,cm_order , cm_state , cm_min_price , cm_max_price) values(1000326,2510,'2010款 2.5T柴油两驱标准型ZD25TCR','2010款',4,1,99800,99800);
insert into t_car_model(cm_id , cs_id , cm_name,cm_type ,cm_order , cm_state , cm_min_price , cm_max_price) values(1000327,2510,'2010款 2.5T柴油两驱豪华型ZD25TCR','2010款',5,1,109800,109800);
insert into t_car_model(cm_id , cs_id , cm_name,cm_type ,cm_order , cm_state , cm_min_price , cm_max_price) values(1000328,2510,'2010款 2.5T柴油四驱标准型ZD25TCR','2010款',6,1,121800,121800);
insert into t_car_model(cm_id , cs_id , cm_name,cm_type ,cm_order , cm_state , cm_min_price , cm_max_price) values(1000329,2510,'2010款 2.5T柴油四驱豪华型ZD25TCR','2010款',7,1,124800,124800);
insert into t_car_model(cm_id , cs_id , cm_name,cm_type ,cm_order , cm_state , cm_min_price , cm_max_price) values(1000322,2510,'2010款 3.0T柴油两驱标准型CYQD80-E3','2010款',8,1,83800,83800);
insert into t_car_model(cm_id , cs_id , cm_name,cm_type ,cm_order , cm_state , cm_min_price , cm_max_price) values(1000323,2510,'2010款 3.0T柴油四驱标准型CYQD80-E3','2010款',9,1,103800,103800);
insert into t_car_model(cm_id , cs_id , cm_name,cm_type ,cm_order , cm_state , cm_min_price , cm_max_price) values(1000324,2510,'2010款 3.0T柴油两驱标准型ZD30D13-3N','2010款',10,1,109800,109800);
insert into t_car_model(cm_id , cs_id , cm_name,cm_type ,cm_order , cm_state , cm_min_price , cm_max_price) values(1000325,2510,'2010款 3.0T柴油两驱豪华型ZD30D13-3N','2010款',11,1,119800,119800);
insert into t_car_series(cs_id,cbf_id,cs_name,cs_order,cs_letter) values(4888,173,'锐骐6',1454,'R');
insert into t_car_model(cm_id , cs_id , cm_name,cm_type ,cm_order , cm_state , cm_min_price , cm_max_price) values(1011581,4888,'2021款 2.3T手动两驱柴油标准型M9T','2021款',1,1,104800,104800);
insert into t_car_model(cm_id , cs_id , cm_name,cm_type ,cm_order , cm_state , cm_min_price , cm_max_price) values(1011580,4888,'2021款 2.3T手动两驱柴油豪华型M9T','2021款',2,1,113800,113800);
insert into t_car_model(cm_id , cs_id , cm_name,cm_type ,cm_order , cm_state , cm_min_price , cm_max_price) values(1011579,4888,'2021款 2.3T自动两驱柴油豪华型M9T','2021款',3,1,124800,124800);
insert into t_car_model(cm_id , cs_id , cm_name,cm_type ,cm_order , cm_state , cm_min_price , cm_max_price) values(1011578,4888,'2021款 2.3T自动两驱柴油旗舰型M9T','2021款',4,1,134800,134800);
insert into t_car_model(cm_id , cs_id , cm_name,cm_type ,cm_order , cm_state , cm_min_price , cm_max_price) values(1011577,4888,'2021款 2.3T手动四驱柴油标准型M9T','2021款',5,1,124800,124800);
insert into t_car_model(cm_id , cs_id , cm_name,cm_type ,cm_order , cm_state , cm_min_price , cm_max_price) values(1011829,4888,'2021款 2.3T手动四驱柴油豪华型M9T','2021款',6,1,134800,134800);
insert into t_car_model(cm_id , cs_id , cm_name,cm_type ,cm_order , cm_state , cm_min_price , cm_max_price) values(1011576,4888,'2021款 2.3T手动四驱柴油旗舰型M9T','2021款',7,1,140800,140800);
insert into t_car_model(cm_id , cs_id , cm_name,cm_type ,cm_order , cm_state , cm_min_price , cm_max_price) values(1011575,4888,'2021款 2.3T自动四驱柴油豪华型M9T','2021款',8,1,144800,144800);
insert into t_car_model(cm_id , cs_id , cm_name,cm_type ,cm_order , cm_state , cm_min_price , cm_max_price) values(1011574,4888,'2021款 2.3T自动四驱柴油旗舰型M9T','2021款',9,1,154800,154800);
insert into t_car_model(cm_id , cs_id , cm_name,cm_type ,cm_order , cm_state , cm_min_price , cm_max_price) values(1011586,4888,'2021款 2.4L手动两驱汽油标准型2TZD','2021款',10,1,91800,91800);
insert into t_car_model(cm_id , cs_id , cm_name,cm_type ,cm_order , cm_state , cm_min_price , cm_max_price) values(1011585,4888,'2021款 2.4L手动两驱汽油豪华型2TZD','2021款',11,1,98800,98800);
insert into t_car_model(cm_id , cs_id , cm_name,cm_type ,cm_order , cm_state , cm_min_price , cm_max_price) values(1011584,4888,'2021款 2.4L手动两驱汽油旗舰型2TZD','2021款',12,1,107800,107800);
insert into t_car_model(cm_id , cs_id , cm_name,cm_type ,cm_order , cm_state , cm_min_price , cm_max_price) values(1011583,4888,'2021款 2.4L手动四驱汽油标准型2TZD','2021款',13,1,114800,114800);
insert into t_car_model(cm_id , cs_id , cm_name,cm_type ,cm_order , cm_state , cm_min_price , cm_max_price) values(1011582,4888,'2021款 2.4L手动四驱汽油旗舰型2TZD','2021款',14,1,132800,132800);
insert into t_car_model(cm_id , cs_id , cm_name,cm_type ,cm_order , cm_state , cm_min_price , cm_max_price) values(1011589,4888,'2021款 2.4L手动两驱汽油标准型长货箱2TZD','2021款',15,1,93800,93800);
insert into t_car_model(cm_id , cs_id , cm_name,cm_type ,cm_order , cm_state , cm_min_price , cm_max_price) values(1011588,4888,'2021款 2.4L手动两驱汽油豪华型长货箱2TZD','2021款',16,1,100800,100800);
insert into t_car_model(cm_id , cs_id , cm_name,cm_type ,cm_order , cm_state , cm_min_price , cm_max_price) values(1011587,4888,'2021款 2.4L手动四驱汽油标准型长货箱2TZD','2021款',17,1,116800,116800);
insert into t_car_model(cm_id , cs_id , cm_name,cm_type ,cm_order , cm_state , cm_min_price , cm_max_price) values(1011594,4888,'2021款 2.3T手动两驱柴油标准型长货箱M9T','2021款',18,1,106800,106800);
insert into t_car_model(cm_id , cs_id , cm_name,cm_type ,cm_order , cm_state , cm_min_price , cm_max_price) values(1011593,4888,'2021款 2.3T手动两驱柴油豪华型长货箱M9T','2021款',19,1,115800,115800);
insert into t_car_model(cm_id , cs_id , cm_name,cm_type ,cm_order , cm_state , cm_min_price , cm_max_price) values(1011595,4888,'2021款 2.3T自动两驱柴油豪华型长货箱M9T','2021款',20,1,126800,126800);
insert into t_car_model(cm_id , cs_id , cm_name,cm_type ,cm_order , cm_state , cm_min_price , cm_max_price) values(1011591,4888,'2021款 2.3T手动四驱柴油标准型长货箱M9T','2021款',21,1,126800,126800);
insert into t_car_model(cm_id , cs_id , cm_name,cm_type ,cm_order , cm_state , cm_min_price , cm_max_price) values(1011828,4888,'2021款 2.3T手动四驱柴油豪华型长货箱M9T','2021款',22,1,136800,136800);
insert into t_car_model(cm_id , cs_id , cm_name,cm_type ,cm_order , cm_state , cm_min_price , cm_max_price) values(1011596,4888,'2021款 2.3T自动四驱柴油豪华型长货箱M9T','2021款',23,1,146800,146800);
insert into t_car_model(cm_id , cs_id , cm_name,cm_type ,cm_order , cm_state , cm_min_price , cm_max_price) values(1012002,4888,'2021款 2.3T手动两驱柴油标准型平底货箱M9T','2021款',24,1,106800,106800);
insert into t_car_model(cm_id , cs_id , cm_name,cm_type ,cm_order , cm_state , cm_min_price , cm_max_price) values(1012004,4888,'2021款 2.3T手动两驱柴油豪华型平底货箱M9T','2021款',25,1,115800,115800);
insert into t_car_model(cm_id , cs_id , cm_name,cm_type ,cm_order , cm_state , cm_min_price , cm_max_price) values(1012006,4888,'2021款 2.3T自动两驱柴油豪华型平底货箱M9T','2021款',26,1,126800,126800);
insert into t_car_model(cm_id , cs_id , cm_name,cm_type ,cm_order , cm_state , cm_min_price , cm_max_price) values(1012008,4888,'2021款 2.3T自动两驱柴油旗舰型平底货箱M9T','2021款',27,1,136800,136800);
insert into t_car_model(cm_id , cs_id , cm_name,cm_type ,cm_order , cm_state , cm_min_price , cm_max_price) values(1012009,4888,'2021款 2.3T手动四驱柴油标准型平底货箱M9T','2021款',28,1,126800,126800);
insert into t_car_model(cm_id , cs_id , cm_name,cm_type ,cm_order , cm_state , cm_min_price , cm_max_price) values(1012011,4888,'2021款 2.3T手动四驱柴油旗舰型平底货箱M9T','2021款',29,1,142800,142800);
insert into t_car_model(cm_id , cs_id , cm_name,cm_type ,cm_order , cm_state , cm_min_price , cm_max_price) values(1012013,4888,'2021款 2.3T自动四驱柴油豪华型平底货箱M9T','2021款',30,1,146800,146800);
insert into t_car_model(cm_id , cs_id , cm_name,cm_type ,cm_order , cm_state , cm_min_price , cm_max_price) values(1012012,4888,'2021款 2.3T自动四驱柴油旗舰型平底货箱M9T','2021款',31,1,156800,156800);
insert into t_car_model(cm_id , cs_id , cm_name,cm_type ,cm_order , cm_state , cm_min_price , cm_max_price) values(1012003,4888,'2021款 2.3T手动两驱柴油标准型平底长货箱M9T','2021款',32,1,108800,108800);
insert into t_car_model(cm_id , cs_id , cm_name,cm_type ,cm_order , cm_state , cm_min_price , cm_max_price) values(1012005,4888,'2021款 2.3T手动两驱柴油豪华型平底长货箱M9T','2021款',33,1,117800,117800);
insert into t_car_model(cm_id , cs_id , cm_name,cm_type ,cm_order , cm_state , cm_min_price , cm_max_price) values(1012007,4888,'2021款 2.3T自动两驱柴油豪华型平底长货箱M9T','2021款',34,1,128800,128800);
insert into t_car_model(cm_id , cs_id , cm_name,cm_type ,cm_order , cm_state , cm_min_price , cm_max_price) values(1012010,4888,'2021款 2.3T手动四驱柴油标准型平底长货箱M9T','2021款',35,1,128800,128800);
insert into t_car_model(cm_id , cs_id , cm_name,cm_type ,cm_order , cm_state , cm_min_price , cm_max_price) values(1012014,4888,'2021款 2.3T自动四驱柴油豪华型平底长货箱M9T','2021款',36,1,148800,148800);
insert into t_car_model(cm_id , cs_id , cm_name,cm_type ,cm_order , cm_state , cm_min_price , cm_max_price) values(1011671,4888,'2021款 2.3T手动四驱柴油红色越野版M9T','2021款',37,1,144800,144800);
insert into t_car_model(cm_id , cs_id , cm_name,cm_type ,cm_order , cm_state , cm_min_price , cm_max_price) values(1011670,4888,'2021款 2.3T自动四驱柴油红色越野版M9T','2021款',38,1,156800,156800);
insert into t_car_model(cm_id , cs_id , cm_name,cm_type ,cm_order , cm_state , cm_min_price , cm_max_price) values(1012017,4888,'2021款 2.4L都市版手动汽油四驱标准型2TZD','2021款',39,1,126800,126800);
insert into t_car_model(cm_id , cs_id , cm_name,cm_type ,cm_order , cm_state , cm_min_price , cm_max_price) values(1012016,4888,'2021款 2.3T都市版手动柴油四驱标准型M9T','2021款',40,1,138800,138800);
insert into t_car_model(cm_id , cs_id , cm_name,cm_type ,cm_order , cm_state , cm_min_price , cm_max_price) values(1012015,4888,'2021款 2.3T都市版自动柴油四驱豪华型M9T','2021款',41,1,156800,156800);
insert into t_car_model(cm_id , cs_id , cm_name,cm_type ,cm_order , cm_state , cm_min_price , cm_max_price) values(1012848,4888,'2021款 2.3T手动柴油四驱穿越版标准型M9T','2021款',42,1,157800,157800);
insert into t_car_model(cm_id , cs_id , cm_name,cm_type ,cm_order , cm_state , cm_min_price , cm_max_price) values(1011511,4888,'2021款 2.3T自动柴油四驱穿越版标准型M9T','2021款',43,1,169800,169800);
insert into t_car_model(cm_id , cs_id , cm_name,cm_type ,cm_order , cm_state , cm_min_price , cm_max_price) values(1009887,4888,'2020款 2.3T手动四驱柴油越野版M9T','2020款',1,1,144800,144800);
insert into t_car_model(cm_id , cs_id , cm_name,cm_type ,cm_order , cm_state , cm_min_price , cm_max_price) values(1009886,4888,'2020款 2.3T自动四驱柴油越野版M9T','2020款',2,1,156800,156800);
insert into t_car_model(cm_id , cs_id , cm_name,cm_type ,cm_order , cm_state , cm_min_price , cm_max_price) values(1010163,4888,'2020款 2.4L都市版手动汽油两驱标准型2TZD','2020款',3,1,100800,100800);
insert into t_car_model(cm_id , cs_id , cm_name,cm_type ,cm_order , cm_state , cm_min_price , cm_max_price) values(1010162,4888,'2020款 2.3T都市版手动柴油两驱标准型M9T','2020款',4,1,113800,113800);
insert into t_car_model(cm_id , cs_id , cm_name,cm_type ,cm_order , cm_state , cm_min_price , cm_max_price) values(1010161,4888,'2020款 2.3T都市版自动柴油两驱豪华型M9T','2020款',5,1,133800,133800);
insert into t_car_model(cm_id , cs_id , cm_name,cm_type ,cm_order , cm_state , cm_min_price , cm_max_price) values(1009780,4888,'2020款 2.3T自动四驱厢式车豪华型国VI标准货箱M9T','2020款',6,1,179800,179800);
insert into t_car_model(cm_id , cs_id , cm_name,cm_type ,cm_order , cm_state , cm_min_price , cm_max_price) values(1008687,4888,'2020款 2.4L手动两驱汽油标准型国VI 2TZD','2020款',7,1,91800,91800);
insert into t_car_model(cm_id , cs_id , cm_name,cm_type ,cm_order , cm_state , cm_min_price , cm_max_price) values(1008686,4888,'2020款 2.4L手动两驱汽油豪华型国VI 2TZD','2020款',8,1,98800,98800);
insert into t_car_model(cm_id , cs_id , cm_name,cm_type ,cm_order , cm_state , cm_min_price , cm_max_price) values(1008683,4888,'2020款 2.4L手动两驱汽油旗舰型国VI 2TZD','2020款',9,1,107800,107800);
insert into t_car_model(cm_id , cs_id , cm_name,cm_type ,cm_order , cm_state , cm_min_price , cm_max_price) values(1008685,4888,'2020款 2.4L手动四驱汽油标准型国VI 2TZD','2020款',10,1,114800,114800);
insert into t_car_model(cm_id , cs_id , cm_name,cm_type ,cm_order , cm_state , cm_min_price , cm_max_price) values(1008684,4888,'2020款 2.4L手动四驱汽油旗舰型国VI 2TZD','2020款',11,1,132800,132800);
insert into t_car_model(cm_id , cs_id , cm_name,cm_type ,cm_order , cm_state , cm_min_price , cm_max_price) values(1008689,4888,'2020款 2.3T自动四驱柴油豪华型国VI M9T','2020款',12,1,144800,144800);
insert into t_car_model(cm_id , cs_id , cm_name,cm_type ,cm_order , cm_state , cm_min_price , cm_max_price) values(1008706,4888,'2020款 2.4L手动两驱汽油标准型国VI长货箱2TZD','2020款',13,1,93800,93800);
insert into t_car_model(cm_id , cs_id , cm_name,cm_type ,cm_order , cm_state , cm_min_price , cm_max_price) values(1008705,4888,'2020款 2.4L手动两驱汽油豪华型国VI长货箱2TZD','2020款',14,1,100800,100800);
insert into t_car_model(cm_id , cs_id , cm_name,cm_type ,cm_order , cm_state , cm_min_price , cm_max_price) values(1008704,4888,'2020款 2.4L手动四驱汽油标准型国VI长货箱2TZD','2020款',15,1,116800,116800);
insert into t_car_model(cm_id , cs_id , cm_name,cm_type ,cm_order , cm_state , cm_min_price , cm_max_price) values(1008695,4888,'2020款 2.3T手动两驱柴油标准型国VI M9T','2020款',16,1,104800,104800);
insert into t_car_model(cm_id , cs_id , cm_name,cm_type ,cm_order , cm_state , cm_min_price , cm_max_price) values(1008694,4888,'2020款 2.3T手动两驱柴油豪华型国VI M9T','2020款',17,1,113800,113800);
insert into t_car_model(cm_id , cs_id , cm_name,cm_type ,cm_order , cm_state , cm_min_price , cm_max_price) values(1008693,4888,'2020款 2.3T自动两驱柴油豪华型国VI M9T','2020款',18,1,124800,124800);
insert into t_car_model(cm_id , cs_id , cm_name,cm_type ,cm_order , cm_state , cm_min_price , cm_max_price) values(1008692,4888,'2020款 2.3T自动两驱柴油旗舰型国VI M9T','2020款',19,1,134800,134800);
insert into t_car_model(cm_id , cs_id , cm_name,cm_type ,cm_order , cm_state , cm_min_price , cm_max_price) values(1008691,4888,'2020款 2.3T手动四驱柴油标准型国VI M9T','2020款',20,1,124800,124800);
insert into t_car_model(cm_id , cs_id , cm_name,cm_type ,cm_order , cm_state , cm_min_price , cm_max_price) values(1008690,4888,'2020款 2.3T手动四驱柴油旗舰型国VI M9T','2020款',21,1,140800,140800);
insert into t_car_model(cm_id , cs_id , cm_name,cm_type ,cm_order , cm_state , cm_min_price , cm_max_price) values(1008688,4888,'2020款 2.3T自动四驱柴油旗舰型国VI M9T','2020款',22,1,154800,154800);
insert into t_car_model(cm_id , cs_id , cm_name,cm_type ,cm_order , cm_state , cm_min_price , cm_max_price) values(1008703,4888,'2020款 2.3T手动两驱柴油标准型国VI长货箱M9T','2020款',23,1,106800,106800);
insert into t_car_model(cm_id , cs_id , cm_name,cm_type ,cm_order , cm_state , cm_min_price , cm_max_price) values(1008702,4888,'2020款 2.3T手动两驱柴油豪华型国VI长货箱M9T','2020款',24,1,115800,115800);
insert into t_car_model(cm_id , cs_id , cm_name,cm_type ,cm_order , cm_state , cm_min_price , cm_max_price) values(1008701,4888,'2020款 2.3T自动两驱柴油豪华型国VI长货箱M9T','2020款',25,1,126800,126800);
insert into t_car_model(cm_id , cs_id , cm_name,cm_type ,cm_order , cm_state , cm_min_price , cm_max_price) values(1008700,4888,'2020款 2.3T手动四驱柴油标准型国VI长货箱M9T','2020款',26,1,126800,126800);
insert into t_car_model(cm_id , cs_id , cm_name,cm_type ,cm_order , cm_state , cm_min_price , cm_max_price) values(1008699,4888,'2020款 2.3T自动四驱柴油豪华型国VI长货箱M9T','2020款',27,1,146800,146800);
insert into t_car_model(cm_id , cs_id , cm_name,cm_type ,cm_order , cm_state , cm_min_price , cm_max_price) values(1006916,4888,'2019款 2.4L手动两驱汽油进取型2TZD','2019款',1,1,84800,84800);
insert into t_car_model(cm_id , cs_id , cm_name,cm_type ,cm_order , cm_state , cm_min_price , cm_max_price) values(1006914,4888,'2019款 2.4L手动两驱汽油标准型2TZD','2019款',2,1,89800,89800);
insert into t_car_model(cm_id , cs_id , cm_name,cm_type ,cm_order , cm_state , cm_min_price , cm_max_price) values(1006913,4888,'2019款 2.4L手动两驱汽油豪华型2TZD','2019款',3,1,95800,95800);
insert into t_car_model(cm_id , cs_id , cm_name,cm_type ,cm_order , cm_state , cm_min_price , cm_max_price) values(1006912,4888,'2019款 2.4L手动四驱汽油标准型2TZD','2019款',4,1,112800,112800);
insert into t_car_model(cm_id , cs_id , cm_name,cm_type ,cm_order , cm_state , cm_min_price , cm_max_price) values(1006911,4888,'2019款 2.4L手动四驱汽油旗舰型2TZD','2019款',5,1,125800,125800);
insert into t_car_model(cm_id , cs_id , cm_name,cm_type ,cm_order , cm_state , cm_min_price , cm_max_price) values(1006915,4888,'2019款 2.5T手动两驱柴油进取型ZD25T5','2019款',6,1,94800,94800);
insert into t_car_model(cm_id , cs_id , cm_name,cm_type ,cm_order , cm_state , cm_min_price , cm_max_price) values(1006910,4888,'2019款 2.5T手动两驱柴油标准型ZD25T5','2019款',7,1,99800,99800);
insert into t_car_model(cm_id , cs_id , cm_name,cm_type ,cm_order , cm_state , cm_min_price , cm_max_price) values(1006909,4888,'2019款 2.5T手动两驱柴油豪华型ZD25T5','2019款',8,1,108800,108800);
insert into t_car_model(cm_id , cs_id , cm_name,cm_type ,cm_order , cm_state , cm_min_price , cm_max_price) values(1006908,4888,'2019款 2.5T自动两驱柴油豪华型ZD25T5','2019款',9,1,119800,119800);
insert into t_car_model(cm_id , cs_id , cm_name,cm_type ,cm_order , cm_state , cm_min_price , cm_max_price) values(1006907,4888,'2019款 2.5T手动四驱柴油标准型ZD25T5','2019款',10,1,119800,119800);
insert into t_car_model(cm_id , cs_id , cm_name,cm_type ,cm_order , cm_state , cm_min_price , cm_max_price) values(1006602,4888,'2019款 2.5T手动四驱柴油旗舰型ZD25T5','2019款',11,1,131800,131800);
insert into t_car_model(cm_id , cs_id , cm_name,cm_type ,cm_order , cm_state , cm_min_price , cm_max_price) values(1006906,4888,'2019款 2.5T自动四驱柴油豪华型ZD25T5','2019款',12,1,139800,139800);
insert into t_car_model(cm_id , cs_id , cm_name,cm_type ,cm_order , cm_state , cm_min_price , cm_max_price) values(1007920,4888,'2019款 2.4L手动两驱汽油标准型国VI 2TZD','2019款',13,1,91800,91800);
insert into t_car_model(cm_id , cs_id , cm_name,cm_type ,cm_order , cm_state , cm_min_price , cm_max_price) values(1007919,4888,'2019款 2.4L手动两驱汽油豪华型国VI 2TZD','2019款',14,1,98800,98800);
insert into t_car_model(cm_id , cs_id , cm_name,cm_type ,cm_order , cm_state , cm_min_price , cm_max_price) values(1007918,4888,'2019款 2.4L手动四驱汽油标准型国VI 2TZD','2019款',15,1,114800,114800);
insert into t_car_model(cm_id , cs_id , cm_name,cm_type ,cm_order , cm_state , cm_min_price , cm_max_price) values(1007917,4888,'2019款 2.4L手动四驱汽油旗舰型国VI 2TZD','2019款',16,1,128800,128800);
insert into t_car_series(cs_id,cbf_id,cs_name,cs_order,cs_letter) values(5312,173,'锐骐6新能源',1455,'R');
insert into t_car_model(cm_id , cs_id , cm_name,cm_type ,cm_order , cm_state , cm_min_price , cm_max_price) values(1007541,5312,'2020款 EV','2020款',1,1,299800,299800);
insert into t_car_series(cs_id,cbf_id,cs_name,cs_order,cs_letter) values(561,173,'奥丁',1456,'A');
insert into t_car_model(cm_id , cs_id , cm_name,cm_type ,cm_order , cm_state , cm_min_price , cm_max_price) values(16393,561,'2013款 2.4L 手动两驱豪华版','2013款',1,1,126800,126800);
insert into t_car_model(cm_id , cs_id , cm_name,cm_type ,cm_order , cm_state , cm_min_price , cm_max_price) values(16394,561,'2013款 2.4L 手动两驱行政版','2013款',2,1,136800,136800);
insert into t_car_model(cm_id , cs_id , cm_name,cm_type ,cm_order , cm_state , cm_min_price , cm_max_price) values(16395,561,'2013款 2.5T 手动两驱豪华版','2013款',3,1,146800,146800);
insert into t_car_model(cm_id , cs_id , cm_name,cm_type ,cm_order , cm_state , cm_min_price , cm_max_price) values(16396,561,'2013款 2.5T 手动四驱豪华版','2013款',4,1,159800,159800);
insert into t_car_model(cm_id , cs_id , cm_name,cm_type ,cm_order , cm_state , cm_min_price , cm_max_price) values(3248,561,'2007款 2.9T 手动两驱豪华版','2007款',1,1,129800,129800);
insert into t_car_model(cm_id , cs_id , cm_name,cm_type ,cm_order , cm_state , cm_min_price , cm_max_price) values(3249,561,'2007款 2.9T 手动四驱豪华版','2007款',2,1,149800,149800);
insert into t_car_model(cm_id , cs_id , cm_name,cm_type ,cm_order , cm_state , cm_min_price , cm_max_price) values(3250,561,'2007款 3.2T 手动两驱豪华版','2007款',3,1,139800,139800);
insert into t_car_model(cm_id , cs_id , cm_name,cm_type ,cm_order , cm_state , cm_min_price , cm_max_price) values(3251,561,'2007款 3.2T 手动四驱豪华版','2007款',4,1,159800,159800);
insert into t_car_model(cm_id , cs_id , cm_name,cm_type ,cm_order , cm_state , cm_min_price , cm_max_price) values(4216,561,'2007款 2.5T 手动两驱豪华版','2007款',5,1,139800,139800);
insert into t_car_model(cm_id , cs_id , cm_name,cm_type ,cm_order , cm_state , cm_min_price , cm_max_price) values(4217,561,'2007款 2.5T 手动四驱豪华版','2007款',6,1,159800,159800);
insert into t_car_model(cm_id , cs_id , cm_name,cm_type ,cm_order , cm_state , cm_min_price , cm_max_price) values(3246,561,'2007款 2.4L 手动两驱豪华版','2007款',7,1,121800,121800);
insert into t_car_model(cm_id , cs_id , cm_name,cm_type ,cm_order , cm_state , cm_min_price , cm_max_price) values(5112,561,'2007款 2.4L 手动两驱行政版','2007款',8,1,129800,129800);
insert into t_car_model(cm_id , cs_id , cm_name,cm_type ,cm_order , cm_state , cm_min_price , cm_max_price) values(3247,561,'2007款 2.4L 自动两驱豪华版','2007款',9,1,139800,139800);
insert into t_car_series(cs_id,cbf_id,cs_name,cs_order,cs_letter) values(951,173,'帅客',1457,'S');
insert into t_car_model(cm_id , cs_id , cm_name,cm_type ,cm_order , cm_state , cm_min_price , cm_max_price) values(24574,951,'2016款 1.5L 手动标准型','2016款',1,1,68800,68800);
insert into t_car_model(cm_id , cs_id , cm_name,cm_type ,cm_order , cm_state , cm_min_price , cm_max_price) values(24575,951,'2016款 1.5L 手动舒适型','2016款',2,1,72800,72800);
insert into t_car_model(cm_id , cs_id , cm_name,cm_type ,cm_order , cm_state , cm_min_price , cm_max_price) values(24576,951,'2016款 1.5L 手动豪华型','2016款',3,1,74800,74800);
insert into t_car_model(cm_id , cs_id , cm_name,cm_type ,cm_order , cm_state , cm_min_price , cm_max_price) values(24577,951,'2016款 1.6L 手动舒适型','2016款',4,1,86800,86800);
insert into t_car_model(cm_id , cs_id , cm_name,cm_type ,cm_order , cm_state , cm_min_price , cm_max_price) values(24465,951,'2016款 1.6L 手动豪华型','2016款',5,1,91800,91800);
insert into t_car_model(cm_id , cs_id , cm_name,cm_type ,cm_order , cm_state , cm_min_price , cm_max_price) values(26884,951,'2016款 改款 1.6L 手动舒适型','2016款',6,1,86800,86800);
insert into t_car_model(cm_id , cs_id , cm_name,cm_type ,cm_order , cm_state , cm_min_price , cm_max_price) values(26885,951,'2016款 改款 1.6L 手动豪华型','2016款',7,1,91800,91800);
insert into t_car_model(cm_id , cs_id , cm_name,cm_type ,cm_order , cm_state , cm_min_price , cm_max_price) values(19599,951,'2014款 1.5L 手动标准型5座 国IV','2014款',1,1,64800,64800);
insert into t_car_model(cm_id , cs_id , cm_name,cm_type ,cm_order , cm_state , cm_min_price , cm_max_price) values(19601,951,'2014款 1.5L 手动标准型7座 国IV','2014款',2,1,67800,67800);
insert into t_car_model(cm_id , cs_id , cm_name,cm_type ,cm_order , cm_state , cm_min_price , cm_max_price) values(19604,951,'2014款 1.6L 手动舒适型7座 国IV','2014款',3,1,86800,86800);
insert into t_car_model(cm_id , cs_id , cm_name,cm_type ,cm_order , cm_state , cm_min_price , cm_max_price) values(19603,951,'2014款 1.6L 手动豪华型7座 国IV','2014款',4,1,91800,91800);
insert into t_car_model(cm_id , cs_id , cm_name,cm_type ,cm_order , cm_state , cm_min_price , cm_max_price) values(19600,951,'2014款 1.5L 手动标准型5座 国V','2014款',5,1,65800,65800);
insert into t_car_model(cm_id , cs_id , cm_name,cm_type ,cm_order , cm_state , cm_min_price , cm_max_price) values(19602,951,'2014款 1.5L 手动标准型7座 国V','2014款',6,1,68800,68800);
insert into t_car_model(cm_id , cs_id , cm_name,cm_type ,cm_order , cm_state , cm_min_price , cm_max_price) values(19605,951,'2014款 1.6L 手动舒适型7座 国V','2014款',7,1,86800,86800);
insert into t_car_model(cm_id , cs_id , cm_name,cm_type ,cm_order , cm_state , cm_min_price , cm_max_price) values(19606,951,'2014款 1.6L 手动豪华型7座 国V','2014款',8,1,91800,91800);
insert into t_car_model(cm_id , cs_id , cm_name,cm_type ,cm_order , cm_state , cm_min_price , cm_max_price) values(15396,951,'2013款 1.5L 手动标准型5座 国V','2013款',1,1,64800,64800);
insert into t_car_model(cm_id , cs_id , cm_name,cm_type ,cm_order , cm_state , cm_min_price , cm_max_price) values(15397,951,'2013款 1.5L 手动标准型7座 国V','2013款',2,1,67800,67800);
insert into t_car_model(cm_id , cs_id , cm_name,cm_type ,cm_order , cm_state , cm_min_price , cm_max_price) values(15398,951,'2013款 1.5L 手动舒适型7座 国V','2013款',3,1,71800,71800);
insert into t_car_model(cm_id , cs_id , cm_name,cm_type ,cm_order , cm_state , cm_min_price , cm_max_price) values(17272,951,'2013款 改款 1.5L 手动标准型5座 国IV','2013款',4,1,63800,63800);
insert into t_car_model(cm_id , cs_id , cm_name,cm_type ,cm_order , cm_state , cm_min_price , cm_max_price) values(17273,951,'2013款 改款 1.5L 手动标准型7座 国IV','2013款',5,1,66800,66800);
insert into t_car_model(cm_id , cs_id , cm_name,cm_type ,cm_order , cm_state , cm_min_price , cm_max_price) values(17274,951,'2013款 改款 1.5L 手动舒适型7座 国IV','2013款',6,1,71800,71800);
insert into t_car_model(cm_id , cs_id , cm_name,cm_type ,cm_order , cm_state , cm_min_price , cm_max_price) values(17275,951,'2013款 改款 1.5L 手动豪华型7座 国IV','2013款',7,1,73800,73800);
insert into t_car_model(cm_id , cs_id , cm_name,cm_type ,cm_order , cm_state , cm_min_price , cm_max_price) values(17276,951,'2013款 改款 1.5L 手动标准型5座 国V','2013款',8,1,64800,64800);
insert into t_car_model(cm_id , cs_id , cm_name,cm_type ,cm_order , cm_state , cm_min_price , cm_max_price) values(17277,951,'2013款 改款 1.5L 手动标准型7座 国V','2013款',9,1,67800,67800);
insert into t_car_model(cm_id , cs_id , cm_name,cm_type ,cm_order , cm_state , cm_min_price , cm_max_price) values(17278,951,'2013款 改款 1.5L 手动舒适型7座 国V','2013款',10,1,72800,72800);
insert into t_car_model(cm_id , cs_id , cm_name,cm_type ,cm_order , cm_state , cm_min_price , cm_max_price) values(17279,951,'2013款 改款 1.5L 手动豪华型7座 国V','2013款',11,1,74800,74800);
insert into t_car_model(cm_id , cs_id , cm_name,cm_type ,cm_order , cm_state , cm_min_price , cm_max_price) values(17341,951,'2013款 改款 1.6L 手动商用型5座 国V','2013款',12,1,70800,70800);
insert into t_car_model(cm_id , cs_id , cm_name,cm_type ,cm_order , cm_state , cm_min_price , cm_max_price) values(17342,951,'2013款 改款 1.6L 手动实用型7座 国V','2013款',13,1,78300,78300);
insert into t_car_model(cm_id , cs_id , cm_name,cm_type ,cm_order , cm_state , cm_min_price , cm_max_price) values(17343,951,'2013款 改款 1.6L 手动舒适型7座 国V','2013款',14,1,83300,83300);
insert into t_car_model(cm_id , cs_id , cm_name,cm_type ,cm_order , cm_state , cm_min_price , cm_max_price) values(17344,951,'2013款 改款 1.6L 手动豪华型7座 国V','2013款',15,1,87300,87300);
insert into t_car_model(cm_id , cs_id , cm_name,cm_type ,cm_order , cm_state , cm_min_price , cm_max_price) values(12383,951,'2012款 2.0L 自动豪华型7座','2012款',1,1,107800,107800);
insert into t_car_model(cm_id , cs_id , cm_name,cm_type ,cm_order , cm_state , cm_min_price , cm_max_price) values(12566,951,'2012款 2.0L 自动旗舰型7座','2012款',2,1,115800,115800);
insert into t_car_model(cm_id , cs_id , cm_name,cm_type ,cm_order , cm_state , cm_min_price , cm_max_price) values(13454,951,'2011款 1.5L 手动标准型5座 国IV','2011款',1,1,63800,63800);
insert into t_car_model(cm_id , cs_id , cm_name,cm_type ,cm_order , cm_state , cm_min_price , cm_max_price) values(11026,951,'2011款 1.5L 手动标准型7座 国IV','2011款',2,1,66800,66800);
insert into t_car_model(cm_id , cs_id , cm_name,cm_type ,cm_order , cm_state , cm_min_price , cm_max_price) values(11027,951,'2011款 1.5L 手动舒适型7座 国IV','2011款',3,1,69800,69800);
insert into t_car_model(cm_id , cs_id , cm_name,cm_type ,cm_order , cm_state , cm_min_price , cm_max_price) values(8973,951,'2011款 1.6L 手动商用型5座','2011款',4,1,69800,69800);
insert into t_car_model(cm_id , cs_id , cm_name,cm_type ,cm_order , cm_state , cm_min_price , cm_max_price) values(9427,951,'2011款 1.6L 手动实用型7座','2011款',5,1,78300,78300);
insert into t_car_model(cm_id , cs_id , cm_name,cm_type ,cm_order , cm_state , cm_min_price , cm_max_price) values(9428,951,'2011款 1.6L 手动舒适型7座','2011款',6,1,83300,83300);
insert into t_car_model(cm_id , cs_id , cm_name,cm_type ,cm_order , cm_state , cm_min_price , cm_max_price) values(9429,951,'2011款 1.6L 手动豪华型7座','2011款',7,1,87300,87300);
insert into t_car_model(cm_id , cs_id , cm_name,cm_type ,cm_order , cm_state , cm_min_price , cm_max_price) values(10795,951,'2011款 2.0L 手动舒适型7座','2011款',8,1,91800,91800);
insert into t_car_model(cm_id , cs_id , cm_name,cm_type ,cm_order , cm_state , cm_min_price , cm_max_price) values(10825,951,'2011款 2.0L 手动豪华型7座','2011款',9,1,94800,94800);
insert into t_car_model(cm_id , cs_id , cm_name,cm_type ,cm_order , cm_state , cm_min_price , cm_max_price) values(6270,951,'2010款 1.6L 手动实用型','2010款',1,1,74800,74800);
insert into t_car_model(cm_id , cs_id , cm_name,cm_type ,cm_order , cm_state , cm_min_price , cm_max_price) values(6271,951,'2010款 1.6L 手动舒适型','2010款',2,1,79800,79800);
insert into t_car_model(cm_id , cs_id , cm_name,cm_type ,cm_order , cm_state , cm_min_price , cm_max_price) values(6272,951,'2010款 1.6L 手动豪华型','2010款',3,1,84800,84800);
insert into t_car_series(cs_id,cbf_id,cs_name,cs_order,cs_letter) values(4801,173,'帅客新能源',1458,'S');
insert into t_car_model(cm_id , cs_id , cm_name,cm_type ,cm_order , cm_state , cm_min_price , cm_max_price) values(39547,4801,'2019款 纯电动厢式运输车','2019款',1,1,168800,168800);
insert into t_car_model(cm_id , cs_id , cm_name,cm_type ,cm_order , cm_state , cm_min_price , cm_max_price) values(39548,4801,'2019款 纯电动乘用车 5座','2019款',2,1,168800,168800);
insert into t_car_model(cm_id , cs_id , cm_name,cm_type ,cm_order , cm_state , cm_min_price , cm_max_price) values(39549,4801,'2019款 纯电动乘用车 7座','2019款',3,1,170800,170800);
insert into t_car_model(cm_id , cs_id , cm_name,cm_type ,cm_order , cm_state , cm_min_price , cm_max_price) values(35277,4801,'2018款 纯电动厢式运输车','2018款',1,1,185000,185000);
insert into t_car_model(cm_id , cs_id , cm_name,cm_type ,cm_order , cm_state , cm_min_price , cm_max_price) values(34433,4801,'2018款 纯电动乘用车','2018款',2,1,203000,203000);
insert into t_car_series(cs_id,cbf_id,cs_name,cs_order,cs_letter) values(562,173,'御轩',1459,'Y');
insert into t_car_model(cm_id , cs_id , cm_name,cm_type ,cm_order , cm_state , cm_min_price , cm_max_price) values(6163,562,'2009款 2.0L 手动标准型','2009款',1,1,132800,132800);
insert into t_car_model(cm_id , cs_id , cm_name,cm_type ,cm_order , cm_state , cm_min_price , cm_max_price) values(6164,562,'2009款 2.0L 手动豪华型','2009款',2,1,142800,142800);
insert into t_car_model(cm_id , cs_id , cm_name,cm_type ,cm_order , cm_state , cm_min_price , cm_max_price) values(6165,562,'2009款 2.0L 手动行政型','2009款',3,1,159800,159800);
insert into t_car_model(cm_id , cs_id , cm_name,cm_type ,cm_order , cm_state , cm_min_price , cm_max_price) values(6166,562,'2009款 2.5L 自动豪华版','2009款',4,1,172800,172800);
insert into t_car_model(cm_id , cs_id , cm_name,cm_type ,cm_order , cm_state , cm_min_price , cm_max_price) values(6167,562,'2009款 2.5L 自动旗舰版','2009款',5,1,192800,192800);
insert into t_car_model(cm_id , cs_id , cm_name,cm_type ,cm_order , cm_state , cm_min_price , cm_max_price) values(4067,562,'2008款 2.0L 手动标准型','2008款',1,1,129800,129800);
insert into t_car_model(cm_id , cs_id , cm_name,cm_type ,cm_order , cm_state , cm_min_price , cm_max_price) values(4068,562,'2008款 2.0L 手动豪华型','2008款',2,1,139800,139800);
insert into t_car_model(cm_id , cs_id , cm_name,cm_type ,cm_order , cm_state , cm_min_price , cm_max_price) values(3244,562,'2007款 2.5L 自动豪华版','2007款',1,1,189800,189800);
insert into t_car_model(cm_id , cs_id , cm_name,cm_type ,cm_order , cm_state , cm_min_price , cm_max_price) values(3245,562,'2007款 2.5L 自动旗舰版','2007款',2,1,199800,199800);
insert into t_car_series(cs_id,cbf_id,cs_name,cs_order,cs_letter) values(3279,173,'俊风',1460,'J');
insert into t_car_model(cm_id , cs_id , cm_name,cm_type ,cm_order , cm_state , cm_min_price , cm_max_price) values(1002028,3279,'2014款 1.3L标准型','2014款',1,1,39800,39800);
insert into t_car_model(cm_id , cs_id , cm_name,cm_type ,cm_order , cm_state , cm_min_price , cm_max_price) values(1002029,3279,'2014款 1.3L舒适型','2014款',2,1,45500,45500);
insert into t_car_series(cs_id,cbf_id,cs_name,cs_order,cs_letter) values(2512,173,'锐骐多功能车',1461,'R');
insert into t_car_model(cm_id , cs_id , cm_name,cm_type ,cm_order , cm_state , cm_min_price , cm_max_price) values(1001430,2512,'2013款 2.4L汽油两驱标准型ZG24','2013款',1,1,101800,101800);
insert into t_car_model(cm_id , cs_id , cm_name,cm_type ,cm_order , cm_state , cm_min_price , cm_max_price) values(1001431,2512,'2013款 2.4L汽油两驱豪华型ZG24','2013款',2,1,109800,109800);
insert into t_car_model(cm_id , cs_id , cm_name,cm_type ,cm_order , cm_state , cm_min_price , cm_max_price) values(1001432,2512,'2013款 2.4L汽油四驱标准型ZG24','2013款',3,1,117800,117800);
insert into t_car_model(cm_id , cs_id , cm_name,cm_type ,cm_order , cm_state , cm_min_price , cm_max_price) values(1001433,2512,'2013款 2.5T柴油两驱标准型ZD25TCI','2013款',4,1,122800,122800);
insert into t_car_model(cm_id , cs_id , cm_name,cm_type ,cm_order , cm_state , cm_min_price , cm_max_price) values(1001434,2512,'2013款 2.5T柴油两驱豪华型ZD25TCI','2013款',5,1,132800,132800);
insert into t_car_model(cm_id , cs_id , cm_name,cm_type ,cm_order , cm_state , cm_min_price , cm_max_price) values(1001435,2512,'2013款 2.5T柴油四驱标准型ZD25TCI','2013款',6,1,142800,142800);
insert into t_car_model(cm_id , cs_id , cm_name,cm_type ,cm_order , cm_state , cm_min_price , cm_max_price) values(1001933,2512,'2013款 3.0T柴油两驱标准型ZD30D13-3N','2013款',7,1,132800,132800);
insert into t_car_model(cm_id , cs_id , cm_name,cm_type ,cm_order , cm_state , cm_min_price , cm_max_price) values(1001934,2512,'2013款 3.0T柴油两驱豪华型ZD30D13-3N','2013款',8,1,142800,142800);
insert into t_car_model(cm_id , cs_id , cm_name,cm_type ,cm_order , cm_state , cm_min_price , cm_max_price) values(1001932,2512,'2013款 3.0T柴油四驱标准型CYQD80-E3','2013款',9,1,124800,124800);
insert into t_car_model(cm_id , cs_id , cm_name,cm_type ,cm_order , cm_state , cm_min_price , cm_max_price) values(1000340,2512,'2010款 2.4L汽油两驱标准型ZG24','2010款',1,1,101800,101800);
insert into t_car_model(cm_id , cs_id , cm_name,cm_type ,cm_order , cm_state , cm_min_price , cm_max_price) values(1000341,2512,'2010款 2.4L汽油两驱豪华型ZG24','2010款',2,1,109800,109800);
insert into t_car_model(cm_id , cs_id , cm_name,cm_type ,cm_order , cm_state , cm_min_price , cm_max_price) values(1000342,2512,'2010款 2.4L汽油四驱标准型ZG24','2010款',3,1,117800,117800);
insert into t_car_model(cm_id , cs_id , cm_name,cm_type ,cm_order , cm_state , cm_min_price , cm_max_price) values(1000337,2512,'2010款 2.5T柴油两驱标准型ZD25TCR','2010款',4,1,119800,119800);
insert into t_car_model(cm_id , cs_id , cm_name,cm_type ,cm_order , cm_state , cm_min_price , cm_max_price) values(1000338,2512,'2010款 2.5T柴油两驱豪华型ZD25TCR','2010款',5,1,129800,129800);
insert into t_car_model(cm_id , cs_id , cm_name,cm_type ,cm_order , cm_state , cm_min_price , cm_max_price) values(1000339,2512,'2010款 2.5T柴油四驱标准型ZD25TCR','2010款',6,1,124800,124800);
insert into t_car_model(cm_id , cs_id , cm_name,cm_type ,cm_order , cm_state , cm_min_price , cm_max_price) values(1000333,2512,'2010款 3.0T柴油两驱标准型ZD30D13-3N','2010款',7,1,132800,132800);
insert into t_car_model(cm_id , cs_id , cm_name,cm_type ,cm_order , cm_state , cm_min_price , cm_max_price) values(1000334,2512,'2010款 3.0T柴油两驱豪华型ZD30D13-3N','2010款',8,1,142800,142800);
insert into t_car_model(cm_id , cs_id , cm_name,cm_type ,cm_order , cm_state , cm_min_price , cm_max_price) values(1000335,2512,'2010款 3.0T柴油两驱标准型CYQD80-E3','2010款',9,1,104800,104800);
insert into t_car_model(cm_id , cs_id , cm_name,cm_type ,cm_order , cm_state , cm_min_price , cm_max_price) values(1000336,2512,'2010款 3.0T柴油四驱标准型CYQD80-E3','2010款',10,1,124800,124800);
insert into t_car_series(cs_id,cbf_id,cs_name,cs_order,cs_letter) values(5368,173,'锐骐新能源',1462,'R');
insert into t_car_model(cm_id , cs_id , cm_name,cm_type ,cm_order , cm_state , cm_min_price , cm_max_price) values(1007878,5368,'2019款 EV','2019款',1,1,269800,269800);
