insert into t_car_brand_factory(cbf_id , cb_id , cbf_name ,cbf_letter) values(433,74,'广汽中兴','G');
insert into t_car_series(cs_id,cbf_id,cs_name,cs_order,cs_letter) values(2658,433,'中兴C3',5064,'Z');
insert into t_car_model(cm_id , cs_id , cm_name,cm_type ,cm_order , cm_state , cm_min_price , cm_max_price) values(17921,2658,'2014款 1.5L 手动商务版','2014款',1,1,58800,58800);
insert into t_car_model(cm_id , cs_id , cm_name,cm_type ,cm_order , cm_state , cm_min_price , cm_max_price) values(17920,2658,'2014款 1.5L 手动启航版','2014款',2,1,58800,58800);
insert into t_car_model(cm_id , cs_id , cm_name,cm_type ,cm_order , cm_state , cm_min_price , cm_max_price) values(20320,2658,'2014款 1.5L 厂庆版','2014款',3,1,63800,63800);
insert into t_car_series(cs_id,cbf_id,cs_name,cs_order,cs_letter) values(3644,433,'中兴GX3',5065,'Z');
insert into t_car_model(cm_id , cs_id , cm_name,cm_type ,cm_order , cm_state , cm_min_price , cm_max_price) values(21458,3644,'2015款 1.5L 舒适版','2015款',1,1,63800,63800);
insert into t_car_model(cm_id , cs_id , cm_name,cm_type ,cm_order , cm_state , cm_min_price , cm_max_price) values(21459,3644,'2015款 1.5L 精英版','2015款',2,1,66800,66800);
insert into t_car_model(cm_id , cs_id , cm_name,cm_type ,cm_order , cm_state , cm_min_price , cm_max_price) values(20736,3644,'2015款 1.5L 豪华版','2015款',3,1,69800,69800);
insert into t_car_brand_factory(cbf_id , cb_id , cbf_name ,cbf_letter) values(189,74,'中兴汽车','Z');
insert into t_car_series(cs_id,cbf_id,cs_name,cs_order,cs_letter) values(4178,189,'领主',5066,'L');
insert into t_car_model(cm_id , cs_id , cm_name,cm_type ,cm_order , cm_state , cm_min_price , cm_max_price) values(1011288,4178,'2021款 2.5T新商用版柴油两驱标双JE4D25Q6A','2021款',1,1,93800,93800);
insert into t_car_model(cm_id , cs_id , cm_name,cm_type ,cm_order , cm_state , cm_min_price , cm_max_price) values(1011286,4178,'2021款 2.5T新商用版柴油四驱标双JE4D25Q6A','2021款',2,1,105800,105800);
insert into t_car_model(cm_id , cs_id , cm_name,cm_type ,cm_order , cm_state , cm_min_price , cm_max_price) values(1011289,4178,'2021款 2.5T新商用版柴油两驱大双JE4D25Q6A','2021款',3,1,94800,94800);
insert into t_car_model(cm_id , cs_id , cm_name,cm_type ,cm_order , cm_state , cm_min_price , cm_max_price) values(1011287,4178,'2021款 2.5T新商用版柴油四驱大双JE4D25Q6A','2021款',4,1,106800,106800);
insert into t_car_model(cm_id , cs_id , cm_name,cm_type ,cm_order , cm_state , cm_min_price , cm_max_price) values(1011284,4178,'2021款 2.4L新商用版汽油两驱标双4K22D4M','2021款',5,1,83800,83800);
insert into t_car_model(cm_id , cs_id , cm_name,cm_type ,cm_order , cm_state , cm_min_price , cm_max_price) values(1011282,4178,'2021款 2.4L新商用版汽油四驱标双4K22D4M','2021款',6,1,93800,93800);
insert into t_car_model(cm_id , cs_id , cm_name,cm_type ,cm_order , cm_state , cm_min_price , cm_max_price) values(1011285,4178,'2021款 2.4L新商用版汽油两驱大双4K22D4M','2021款',7,1,84800,84800);
insert into t_car_model(cm_id , cs_id , cm_name,cm_type ,cm_order , cm_state , cm_min_price , cm_max_price) values(1011283,4178,'2021款 2.4L新商用版汽油四驱大双4K22D4M','2021款',8,1,94800,94800);
insert into t_car_model(cm_id , cs_id , cm_name,cm_type ,cm_order , cm_state , cm_min_price , cm_max_price) values(1009905,4178,'2021款 2.4T乘用版汽油两驱超豪华型标双4K22D4T','2021款',9,1,99800,99800);
insert into t_car_model(cm_id , cs_id , cm_name,cm_type ,cm_order , cm_state , cm_min_price , cm_max_price) values(1009904,4178,'2021款 2.4T乘用版汽油四驱超豪华型标双4K22D4T','2021款',10,1,112800,112800);
insert into t_car_model(cm_id , cs_id , cm_name,cm_type ,cm_order , cm_state , cm_min_price , cm_max_price) values(1009903,4178,'2021款 2.4T乘用版汽油两驱超豪华型大双4K22D4T','2021款',11,1,99800,99800);
insert into t_car_model(cm_id , cs_id , cm_name,cm_type ,cm_order , cm_state , cm_min_price , cm_max_price) values(1009763,4178,'2021款 2.4T乘用版汽油四驱超豪华型大双4K22D4T','2021款',12,1,112800,112800);
insert into t_car_model(cm_id , cs_id , cm_name,cm_type ,cm_order , cm_state , cm_min_price , cm_max_price) values(1009902,4178,'2021款 2.4T乘用版汽油两驱旗舰型标双4K22D4T','2021款',13,1,128800,128800);
insert into t_car_model(cm_id , cs_id , cm_name,cm_type ,cm_order , cm_state , cm_min_price , cm_max_price) values(1009430,4178,'2021款 2.4T乘用版汽油四驱旗舰型标双4K22D4T','2021款',14,1,141800,141800);
insert into t_car_model(cm_id , cs_id , cm_name,cm_type ,cm_order , cm_state , cm_min_price , cm_max_price) values(1010193,4178,'2021款 2.5T乘用版柴油两驱豪华型标双','2021款',15,1,102800,102800);
insert into t_car_model(cm_id , cs_id , cm_name,cm_type ,cm_order , cm_state , cm_min_price , cm_max_price) values(1010191,4178,'2021款 2.5T乘用版柴油四驱豪华型标双','2021款',16,1,115800,115800);
insert into t_car_model(cm_id , cs_id , cm_name,cm_type ,cm_order , cm_state , cm_min_price , cm_max_price) values(1010189,4178,'2021款 2.5T乘用版柴油两驱超豪华型标双','2021款',17,1,108800,108800);
insert into t_car_model(cm_id , cs_id , cm_name,cm_type ,cm_order , cm_state , cm_min_price , cm_max_price) values(1010187,4178,'2021款 2.5T乘用版柴油四驱超豪华型标双','2021款',18,1,121800,121800);
insert into t_car_model(cm_id , cs_id , cm_name,cm_type ,cm_order , cm_state , cm_min_price , cm_max_price) values(1010186,4178,'2021款 2.5T乘用版柴油两驱旗舰型标双','2021款',19,1,125800,125800);
insert into t_car_model(cm_id , cs_id , cm_name,cm_type ,cm_order , cm_state , cm_min_price , cm_max_price) values(1010185,4178,'2021款 2.5T乘用版柴油四驱旗舰型标双','2021款',20,1,138800,138800);
insert into t_car_model(cm_id , cs_id , cm_name,cm_type ,cm_order , cm_state , cm_min_price , cm_max_price) values(1010194,4178,'2021款 2.5T乘用版柴油两驱豪华型大双','2021款',21,1,103800,103800);
insert into t_car_model(cm_id , cs_id , cm_name,cm_type ,cm_order , cm_state , cm_min_price , cm_max_price) values(1010192,4178,'2021款 2.5T乘用版柴油四驱豪华型大双','2021款',22,1,116800,116800);
insert into t_car_model(cm_id , cs_id , cm_name,cm_type ,cm_order , cm_state , cm_min_price , cm_max_price) values(1010196,4178,'2021款 2.5T乘用版柴油两驱超豪华型大双','2021款',23,1,109800,109800);
insert into t_car_model(cm_id , cs_id , cm_name,cm_type ,cm_order , cm_state , cm_min_price , cm_max_price) values(1010195,4178,'2021款 2.5T乘用版柴油四驱超豪华型大双','2021款',24,1,122800,122800);
insert into t_car_model(cm_id , cs_id , cm_name,cm_type ,cm_order , cm_state , cm_min_price , cm_max_price) values(1010588,4178,'2021款 2.5T厢货乘用版柴油两驱豪华型标双','2021款',25,1,117900,117900);
insert into t_car_model(cm_id , cs_id , cm_name,cm_type ,cm_order , cm_state , cm_min_price , cm_max_price) values(1010587,4178,'2021款 2.5T厢货乘用版柴油四驱豪华型标双','2021款',26,1,130900,130900);
insert into t_car_model(cm_id , cs_id , cm_name,cm_type ,cm_order , cm_state , cm_min_price , cm_max_price) values(1010586,4178,'2021款 2.5T厢货乘用版柴油两驱超豪华型标双','2021款',27,1,123900,123900);
insert into t_car_model(cm_id , cs_id , cm_name,cm_type ,cm_order , cm_state , cm_min_price , cm_max_price) values(1010585,4178,'2021款 2.5T厢货乘用版柴油四驱超豪华型标双','2021款',28,1,136900,136900);
insert into t_car_model(cm_id , cs_id , cm_name,cm_type ,cm_order , cm_state , cm_min_price , cm_max_price) values(1010584,4178,'2021款 2.5T厢货乘用版柴油两驱旗舰型标双','2021款',29,1,140900,140900);
insert into t_car_model(cm_id , cs_id , cm_name,cm_type ,cm_order , cm_state , cm_min_price , cm_max_price) values(1010583,4178,'2021款 2.5T厢货乘用版柴油四驱旗舰型标双','2021款',30,1,153900,153900);
insert into t_car_model(cm_id , cs_id , cm_name,cm_type ,cm_order , cm_state , cm_min_price , cm_max_price) values(1010582,4178,'2021款 2.4T厢货乘用版汽油两驱豪华型标双4K22D4T','2021款',31,1,112900,112900);
insert into t_car_model(cm_id , cs_id , cm_name,cm_type ,cm_order , cm_state , cm_min_price , cm_max_price) values(1010581,4178,'2021款 2.4T厢货乘用版汽油四驱豪华型标双4K22D4T','2021款',32,1,125900,125900);
insert into t_car_model(cm_id , cs_id , cm_name,cm_type ,cm_order , cm_state , cm_min_price , cm_max_price) values(1010580,4178,'2021款 2.4T厢货乘用版汽油两驱行业版标双4K22D4T','2021款',33,1,147900,147900);
insert into t_car_model(cm_id , cs_id , cm_name,cm_type ,cm_order , cm_state , cm_min_price , cm_max_price) values(1010579,4178,'2021款 2.4T厢货乘用版汽油四驱行业版标双4K22D4T','2021款',34,1,160900,160900);
insert into t_car_model(cm_id , cs_id , cm_name,cm_type ,cm_order , cm_state , cm_min_price , cm_max_price) values(1009449,4178,'2020款 2.4T商用版汽油国VI两驱手动标准型标双4K22D4T','2020款',1,1,94800,94800);
insert into t_car_model(cm_id , cs_id , cm_name,cm_type ,cm_order , cm_state , cm_min_price , cm_max_price) values(1009450,4178,'2020款 2.4T商用版汽油国VI两驱手动标准型大双4K22D4T','2020款',2,1,96800,96800);
insert into t_car_model(cm_id , cs_id , cm_name,cm_type ,cm_order , cm_state , cm_min_price , cm_max_price) values(1009447,4178,'2020款 2.4T商用版汽油国VI四驱手动标准型标双4K22D4T','2020款',3,1,106800,106800);
insert into t_car_model(cm_id , cs_id , cm_name,cm_type ,cm_order , cm_state , cm_min_price , cm_max_price) values(1009448,4178,'2020款 2.4T商用版汽油国VI四驱手动标准型大双4K22D4T','2020款',4,1,108800,108800);
insert into t_car_model(cm_id , cs_id , cm_name,cm_type ,cm_order , cm_state , cm_min_price , cm_max_price) values(1008776,4178,'2020款 2.5T柴油国VI两驱标双','2020款',5,1,97900,97900);
insert into t_car_model(cm_id , cs_id , cm_name,cm_type ,cm_order , cm_state , cm_min_price , cm_max_price) values(1008774,4178,'2020款 2.5T柴油国VI四驱标双','2020款',6,1,110900,110900);
insert into t_car_model(cm_id , cs_id , cm_name,cm_type ,cm_order , cm_state , cm_min_price , cm_max_price) values(1008777,4178,'2020款 2.5T柴油国VI两驱大双','2020款',7,1,99900,99900);
insert into t_car_model(cm_id , cs_id , cm_name,cm_type ,cm_order , cm_state , cm_min_price , cm_max_price) values(1008775,4178,'2020款 2.5T柴油国VI四驱大双','2020款',8,1,112900,112900);
insert into t_car_model(cm_id , cs_id , cm_name,cm_type ,cm_order , cm_state , cm_min_price , cm_max_price) values(1008522,4178,'2020款 2.4T乘用版汽油国VI两驱手动豪华型标双4K22D4T','2020款',9,1,103800,103800);
insert into t_car_model(cm_id , cs_id , cm_name,cm_type ,cm_order , cm_state , cm_min_price , cm_max_price) values(1008520,4178,'2020款 2.4T乘用版汽油国VI四驱手动豪华型标双4K22D4T','2020款',10,1,113800,113800);
insert into t_car_model(cm_id , cs_id , cm_name,cm_type ,cm_order , cm_state , cm_min_price , cm_max_price) values(1008523,4178,'2020款 2.4T乘用版汽油国VI两驱手动豪华型大双4K22D4T','2020款',11,1,105800,105800);
insert into t_car_model(cm_id , cs_id , cm_name,cm_type ,cm_order , cm_state , cm_min_price , cm_max_price) values(1008521,4178,'2020款 2.4T乘用版汽油国VI四驱手动豪华型大双4K22D4T','2020款',12,1,115800,115800);
insert into t_car_model(cm_id , cs_id , cm_name,cm_type ,cm_order , cm_state , cm_min_price , cm_max_price) values(1007358,4178,'2019款 2.5T乘用版柴油两驱手动标准型标双SD4V25R-100','2019款',1,1,103800,103800);
insert into t_car_model(cm_id , cs_id , cm_name,cm_type ,cm_order , cm_state , cm_min_price , cm_max_price) values(1007359,4178,'2019款 2.5T乘用版柴油两驱手动标准型大双SD4V25R-100','2019款',2,1,105800,105800);
insert into t_car_model(cm_id , cs_id , cm_name,cm_type ,cm_order , cm_state , cm_min_price , cm_max_price) values(1007360,4178,'2019款 2.5T乘用版柴油四驱手动标准型标双SD4V25R-100','2019款',3,1,118800,118800);
insert into t_car_model(cm_id , cs_id , cm_name,cm_type ,cm_order , cm_state , cm_min_price , cm_max_price) values(1007361,4178,'2019款 2.5T乘用版柴油四驱手动标准型大双SD4V25R-100','2019款',4,1,120800,120800);
insert into t_car_model(cm_id , cs_id , cm_name,cm_type ,cm_order , cm_state , cm_min_price , cm_max_price) values(1007362,4178,'2019款 2.5T商用版柴油两驱手动标准型标双','2019款',5,1,95800,95800);
insert into t_car_model(cm_id , cs_id , cm_name,cm_type ,cm_order , cm_state , cm_min_price , cm_max_price) values(1007363,4178,'2019款 2.5T商用版柴油两驱手动标准型大双','2019款',6,1,97800,97800);
insert into t_car_model(cm_id , cs_id , cm_name,cm_type ,cm_order , cm_state , cm_min_price , cm_max_price) values(1007364,4178,'2019款 2.5T商用版柴油四驱手动标准型标双','2019款',7,1,110800,110800);
insert into t_car_model(cm_id , cs_id , cm_name,cm_type ,cm_order , cm_state , cm_min_price , cm_max_price) values(1007365,4178,'2019款 2.5T商用版柴油四驱手动标准型大双','2019款',8,1,112800,112800);
insert into t_car_model(cm_id , cs_id , cm_name,cm_type ,cm_order , cm_state , cm_min_price , cm_max_price) values(1007366,4178,'2019款 2.4L商用版汽油两驱手动标准型标双','2019款',9,1,84800,84800);
insert into t_car_model(cm_id , cs_id , cm_name,cm_type ,cm_order , cm_state , cm_min_price , cm_max_price) values(1007367,4178,'2019款 2.4L商用版汽油两驱手动标准型大双','2019款',10,1,86800,86800);
insert into t_car_model(cm_id , cs_id , cm_name,cm_type ,cm_order , cm_state , cm_min_price , cm_max_price) values(1007368,4178,'2019款 2.4L商用版汽油两驱手动豪华型标双','2019款',11,1,94800,94800);
insert into t_car_model(cm_id , cs_id , cm_name,cm_type ,cm_order , cm_state , cm_min_price , cm_max_price) values(1007369,4178,'2019款 2.4L商用版汽油两驱手动豪华型大双','2019款',12,1,96800,96800);
insert into t_car_model(cm_id , cs_id , cm_name,cm_type ,cm_order , cm_state , cm_min_price , cm_max_price) values(1006890,4178,'2019款 2.5T乘用版柴油两驱手动豪华型标双','2019款',13,1,113800,113800);
insert into t_car_model(cm_id , cs_id , cm_name,cm_type ,cm_order , cm_state , cm_min_price , cm_max_price) values(1006889,4178,'2019款 2.5T乘用版柴油两驱手动超豪华型标双','2019款',14,1,121800,121800);
insert into t_car_model(cm_id , cs_id , cm_name,cm_type ,cm_order , cm_state , cm_min_price , cm_max_price) values(1006888,4178,'2019款 2.5T乘用版柴油两驱手动旗舰型标双','2019款',15,1,133800,133800);
insert into t_car_model(cm_id , cs_id , cm_name,cm_type ,cm_order , cm_state , cm_min_price , cm_max_price) values(1006893,4178,'2019款 2.5T乘用版柴油四驱手动豪华型标双','2019款',16,1,128800,128800);
insert into t_car_model(cm_id , cs_id , cm_name,cm_type ,cm_order , cm_state , cm_min_price , cm_max_price) values(1006892,4178,'2019款 2.5T乘用版柴油四驱手动超豪华型标双','2019款',17,1,136800,136800);
insert into t_car_model(cm_id , cs_id , cm_name,cm_type ,cm_order , cm_state , cm_min_price , cm_max_price) values(1006891,4178,'2019款 2.5T乘用版柴油四驱手动旗舰型标双','2019款',18,1,151800,151800);
insert into t_car_model(cm_id , cs_id , cm_name,cm_type ,cm_order , cm_state , cm_min_price , cm_max_price) values(1006899,4178,'2019款 2.4T乘用版汽油两驱手动豪华型标双','2019款',19,1,108800,108800);
insert into t_car_model(cm_id , cs_id , cm_name,cm_type ,cm_order , cm_state , cm_min_price , cm_max_price) values(1006898,4178,'2019款 2.4T乘用版汽油两驱手动超豪华型标双','2019款',20,1,116800,116800);
insert into t_car_model(cm_id , cs_id , cm_name,cm_type ,cm_order , cm_state , cm_min_price , cm_max_price) values(1006897,4178,'2019款 2.4T乘用版汽油两驱手动旗舰型标双','2019款',21,1,128800,128800);
insert into t_car_model(cm_id , cs_id , cm_name,cm_type ,cm_order , cm_state , cm_min_price , cm_max_price) values(1006896,4178,'2019款 2.4T乘用版汽油四驱手动豪华型标双','2019款',22,1,123800,123800);
insert into t_car_model(cm_id , cs_id , cm_name,cm_type ,cm_order , cm_state , cm_min_price , cm_max_price) values(1006895,4178,'2019款 2.4T乘用版汽油四驱手动超豪华型标双','2019款',23,1,131800,131800);
insert into t_car_model(cm_id , cs_id , cm_name,cm_type ,cm_order , cm_state , cm_min_price , cm_max_price) values(1006894,4178,'2019款 2.4T乘用版汽油四驱手动旗舰型标双','2019款',24,1,146800,146800);
insert into t_car_model(cm_id , cs_id , cm_name,cm_type ,cm_order , cm_state , cm_min_price , cm_max_price) values(1006905,4178,'2019款 2.5T乘用版柴油两驱自动豪华型标双','2019款',25,1,129800,129800);
insert into t_car_model(cm_id , cs_id , cm_name,cm_type ,cm_order , cm_state , cm_min_price , cm_max_price) values(1006904,4178,'2019款 2.5T乘用版柴油两驱自动超豪华型标双','2019款',26,1,137800,137800);
insert into t_car_model(cm_id , cs_id , cm_name,cm_type ,cm_order , cm_state , cm_min_price , cm_max_price) values(1006903,4178,'2019款 2.5T乘用版柴油两驱自动旗舰型标双','2019款',27,1,149800,149800);
insert into t_car_model(cm_id , cs_id , cm_name,cm_type ,cm_order , cm_state , cm_min_price , cm_max_price) values(1006902,4178,'2019款 2.5T乘用版柴油四驱自动豪华型标双','2019款',28,1,144800,144800);
insert into t_car_model(cm_id , cs_id , cm_name,cm_type ,cm_order , cm_state , cm_min_price , cm_max_price) values(1006901,4178,'2019款 2.5T乘用版柴油四驱自动超豪华型标双','2019款',29,1,152800,152800);
insert into t_car_model(cm_id , cs_id , cm_name,cm_type ,cm_order , cm_state , cm_min_price , cm_max_price) values(1006900,4178,'2019款 2.5T乘用版柴油四驱自动旗舰型标双','2019款',30,1,167800,167800);
insert into t_car_model(cm_id , cs_id , cm_name,cm_type ,cm_order , cm_state , cm_min_price , cm_max_price) values(1007228,4178,'2019款 2.4T汽油四驱手动领航版4K22D4T','2019款',31,1,193800,193800);
insert into t_car_model(cm_id , cs_id , cm_name,cm_type ,cm_order , cm_state , cm_min_price , cm_max_price) values(1007229,4178,'2019款 2.5T乘用版柴油四驱自动领航版JE4D25Q5A','2019款',32,1,198800,198800);
insert into t_car_model(cm_id , cs_id , cm_name,cm_type ,cm_order , cm_state , cm_min_price , cm_max_price) values(1005959,4178,'2018款 2.4L汽油两驱精英型大双4G69S4N','2018款',1,1,90800,90800);
insert into t_car_model(cm_id , cs_id , cm_name,cm_type ,cm_order , cm_state , cm_min_price , cm_max_price) values(1006813,4178,'2018款 2.4T汽油乘用版两驱豪华型大双4K22D4T','2018款',2,1,0,0);
insert into t_car_model(cm_id , cs_id , cm_name,cm_type ,cm_order , cm_state , cm_min_price , cm_max_price) values(1006812,4178,'2018款 2.4T汽油乘用版两驱超豪华型大双4K22D4T','2018款',3,1,0,0);
insert into t_car_model(cm_id , cs_id , cm_name,cm_type ,cm_order , cm_state , cm_min_price , cm_max_price) values(1006811,4178,'2018款 2.4T汽油乘用版四驱豪华型大双4K22D4T','2018款',4,1,0,0);
insert into t_car_model(cm_id , cs_id , cm_name,cm_type ,cm_order , cm_state , cm_min_price , cm_max_price) values(1006810,4178,'2018款 2.4T汽油乘用版四驱超豪华型大双4K22D4T','2018款',5,1,0,0);
insert into t_car_model(cm_id , cs_id , cm_name,cm_type ,cm_order , cm_state , cm_min_price , cm_max_price) values(1006821,4178,'2018款 2.4T汽油乘用版两驱豪华型标双4K22D4T','2018款',6,1,0,0);
insert into t_car_model(cm_id , cs_id , cm_name,cm_type ,cm_order , cm_state , cm_min_price , cm_max_price) values(1006820,4178,'2018款 2.4T汽油乘用版两驱超豪华型标双4K22D4T','2018款',7,1,0,0);
insert into t_car_model(cm_id , cs_id , cm_name,cm_type ,cm_order , cm_state , cm_min_price , cm_max_price) values(1006819,4178,'2018款 2.4T汽油乘用版四驱豪华型标双4K22D4T','2018款',8,1,0,0);
insert into t_car_model(cm_id , cs_id , cm_name,cm_type ,cm_order , cm_state , cm_min_price , cm_max_price) values(1006818,4178,'2018款 2.4T汽油乘用版四驱超豪华型标双4K22D4T','2018款',9,1,0,0);
insert into t_car_model(cm_id , cs_id , cm_name,cm_type ,cm_order , cm_state , cm_min_price , cm_max_price) values(1006816,4178,'2018款 2.4T乘用版汽油两驱标准型标双4K22D4T','2018款',10,1,100800,100800);
insert into t_car_model(cm_id , cs_id , cm_name,cm_type ,cm_order , cm_state , cm_min_price , cm_max_price) values(1006817,4178,'2018款 2.4T乘用版汽油两驱标准型大双4K22D4T','2018款',11,1,102800,102800);
insert into t_car_model(cm_id , cs_id , cm_name,cm_type ,cm_order , cm_state , cm_min_price , cm_max_price) values(1006814,4178,'2018款 2.4T乘用版汽油四驱标准型标双4K22D4T','2018款',12,1,110800,110800);
insert into t_car_model(cm_id , cs_id , cm_name,cm_type ,cm_order , cm_state , cm_min_price , cm_max_price) values(1006815,4178,'2018款 2.4T乘用版汽油四驱标准型大双4K22D4T','2018款',13,1,112800,112800);
insert into t_car_model(cm_id , cs_id , cm_name,cm_type ,cm_order , cm_state , cm_min_price , cm_max_price) values(1005964,4178,'2018款 2.4T乘用版汽油两驱豪华型大双4K22D4T','2018款',14,1,110800,110800);
insert into t_car_model(cm_id , cs_id , cm_name,cm_type ,cm_order , cm_state , cm_min_price , cm_max_price) values(1005963,4178,'2018款 2.4T乘用版汽油两驱超豪华型大双4K22D4T','2018款',15,1,120800,120800);
insert into t_car_model(cm_id , cs_id , cm_name,cm_type ,cm_order , cm_state , cm_min_price , cm_max_price) values(1005962,4178,'2018款 2.4T乘用版汽油四驱豪华型大双4K22D4T','2018款',16,1,130800,130800);
insert into t_car_model(cm_id , cs_id , cm_name,cm_type ,cm_order , cm_state , cm_min_price , cm_max_price) values(1005961,4178,'2018款 2.4T乘用版汽油四驱超豪华型大双4K22D4T','2018款',17,1,143800,143800);
insert into t_car_model(cm_id , cs_id , cm_name,cm_type ,cm_order , cm_state , cm_min_price , cm_max_price) values(1005592,4178,'2018款 2.4T两驱豪华型标双4K22D4T','2018款',18,1,108800,108800);
insert into t_car_model(cm_id , cs_id , cm_name,cm_type ,cm_order , cm_state , cm_min_price , cm_max_price) values(1005590,4178,'2018款 2.4T两驱超豪华型标双4K22D4T','2018款',19,1,118800,118800);
insert into t_car_model(cm_id , cs_id , cm_name,cm_type ,cm_order , cm_state , cm_min_price , cm_max_price) values(1005588,4178,'2018款 2.4T四驱豪华型标双4K22D4T','2018款',20,1,128800,128800);
insert into t_car_model(cm_id , cs_id , cm_name,cm_type ,cm_order , cm_state , cm_min_price , cm_max_price) values(1005586,4178,'2018款 2.4T四驱超豪华型标双4K22D4T','2018款',21,1,141800,141800);
insert into t_car_model(cm_id , cs_id , cm_name,cm_type ,cm_order , cm_state , cm_min_price , cm_max_price) values(1006252,4178,'2018款 2.5T柴油商务版两驱舒适型标双SD4V25R-100','2018款',22,1,95800,95800);
insert into t_car_model(cm_id , cs_id , cm_name,cm_type ,cm_order , cm_state , cm_min_price , cm_max_price) values(1006250,4178,'2018款 2.5T柴油商务版两驱精英型标双SD4V25R-100','2018款',23,1,99800,99800);
insert into t_car_model(cm_id , cs_id , cm_name,cm_type ,cm_order , cm_state , cm_min_price , cm_max_price) values(1007227,4178,'2018款 2.4T汽油四驱手动领航版4K22D4T','2018款',24,1,183800,183800);
insert into t_car_model(cm_id , cs_id , cm_name,cm_type ,cm_order , cm_state , cm_min_price , cm_max_price) values(1006256,4178,'2018款 2.5T柴油商务版四驱舒适型标双SD4V25R-100','2018款',25,1,110800,110800);
insert into t_car_model(cm_id , cs_id , cm_name,cm_type ,cm_order , cm_state , cm_min_price , cm_max_price) values(1006254,4178,'2018款 2.5T柴油商务版四驱精英型标双SD4V25R-100','2018款',26,1,116800,116800);
insert into t_car_model(cm_id , cs_id , cm_name,cm_type ,cm_order , cm_state , cm_min_price , cm_max_price) values(1006253,4178,'2018款 2.5T柴油商务版两驱舒适型大双SD4V25R-100','2018款',27,1,97800,97800);
insert into t_car_model(cm_id , cs_id , cm_name,cm_type ,cm_order , cm_state , cm_min_price , cm_max_price) values(1006251,4178,'2018款 2.5T柴油商务版两驱精英型大双SD4V25R-100','2018款',28,1,101800,101800);
insert into t_car_model(cm_id , cs_id , cm_name,cm_type ,cm_order , cm_state , cm_min_price , cm_max_price) values(1006257,4178,'2018款 2.5T柴油商务版四驱舒适型大双SD4V25R-100','2018款',29,1,112800,112800);
insert into t_car_model(cm_id , cs_id , cm_name,cm_type ,cm_order , cm_state , cm_min_price , cm_max_price) values(1006255,4178,'2018款 2.5T柴油商务版四驱精英型大双SD4V25R-100','2018款',30,1,118800,118800);
insert into t_car_model(cm_id , cs_id , cm_name,cm_type ,cm_order , cm_state , cm_min_price , cm_max_price) values(1005593,4178,'2018款 2.5T两驱豪华型标双','2018款',31,1,113800,113800);
insert into t_car_model(cm_id , cs_id , cm_name,cm_type ,cm_order , cm_state , cm_min_price , cm_max_price) values(1005591,4178,'2018款 2.5T两驱超豪华型标双','2018款',32,1,121800,121800);
insert into t_car_model(cm_id , cs_id , cm_name,cm_type ,cm_order , cm_state , cm_min_price , cm_max_price) values(1005589,4178,'2018款 2.5T四驱豪华型标双','2018款',33,1,131800,131800);
insert into t_car_model(cm_id , cs_id , cm_name,cm_type ,cm_order , cm_state , cm_min_price , cm_max_price) values(1005587,4178,'2018款 2.5T四驱超豪华型标双','2018款',34,1,144800,144800);
insert into t_car_model(cm_id , cs_id , cm_name,cm_type ,cm_order , cm_state , cm_min_price , cm_max_price) values(1005612,4178,'2018款 2.5T两驱豪华型大双','2018款',35,1,114800,114800);
insert into t_car_model(cm_id , cs_id , cm_name,cm_type ,cm_order , cm_state , cm_min_price , cm_max_price) values(1005611,4178,'2018款 2.5T两驱超豪华型大双','2018款',36,1,122800,122800);
insert into t_car_model(cm_id , cs_id , cm_name,cm_type ,cm_order , cm_state , cm_min_price , cm_max_price) values(1005610,4178,'2018款 2.5T四驱豪华型大双','2018款',37,1,132800,132800);
insert into t_car_model(cm_id , cs_id , cm_name,cm_type ,cm_order , cm_state , cm_min_price , cm_max_price) values(1005609,4178,'2018款 2.5T四驱超豪华型大双','2018款',38,1,145800,145800);
insert into t_car_model(cm_id , cs_id , cm_name,cm_type ,cm_order , cm_state , cm_min_price , cm_max_price) values(1006329,4178,'2018款 2.5T两驱精英型标双JE4D25Q5A','2018款',39,1,112800,112800);
insert into t_car_model(cm_id , cs_id , cm_name,cm_type ,cm_order , cm_state , cm_min_price , cm_max_price) values(1006327,4178,'2018款 2.5T四驱精英型标双JE4D25Q5A','2018款',40,1,130800,130800);
insert into t_car_model(cm_id , cs_id , cm_name,cm_type ,cm_order , cm_state , cm_min_price , cm_max_price) values(1006330,4178,'2018款 2.5T两驱精英型大双JE4D25Q5A','2018款',41,1,113800,113800);
insert into t_car_model(cm_id , cs_id , cm_name,cm_type ,cm_order , cm_state , cm_min_price , cm_max_price) values(1006328,4178,'2018款 2.5T四驱精英型大双JE4D25Q5A','2018款',42,1,131800,131800);
insert into t_car_model(cm_id , cs_id , cm_name,cm_type ,cm_order , cm_state , cm_min_price , cm_max_price) values(1005960,4178,'2018款 2.4L汽油两驱舒适型大双4G69S4N','2018款',43,1,85800,85800);
insert into t_car_model(cm_id , cs_id , cm_name,cm_type ,cm_order , cm_state , cm_min_price , cm_max_price) values(1005331,4178,'2017款 2.4L两驱舒适型标双4G69S4N','2017款',1,1,83800,83800);
insert into t_car_model(cm_id , cs_id , cm_name,cm_type ,cm_order , cm_state , cm_min_price , cm_max_price) values(1005330,4178,'2017款 2.4L两驱精英型标双4G69S4N','2017款',2,1,88800,88800);
insert into t_car_model(cm_id , cs_id , cm_name,cm_type ,cm_order , cm_state , cm_min_price , cm_max_price) values(1005372,4178,'2017款 2.4T两驱尊贵型4K22D4T','2017款',3,1,0,0);
insert into t_car_model(cm_id , cs_id , cm_name,cm_type ,cm_order , cm_state , cm_min_price , cm_max_price) values(1004561,4178,'2016款 2.5T两驱豪华型JE4D25E','2016款',1,1,109800,109800);
insert into t_car_model(cm_id , cs_id , cm_name,cm_type ,cm_order , cm_state , cm_min_price , cm_max_price) values(1004649,4178,'2016款 2.5T两驱超豪华型JE4D25E','2016款',2,1,119800,119800);
insert into t_car_model(cm_id , cs_id , cm_name,cm_type ,cm_order , cm_state , cm_min_price , cm_max_price) values(1004650,4178,'2016款 2.5T两驱尊贵型JE4D25E','2016款',3,1,139800,139800);
insert into t_car_model(cm_id , cs_id , cm_name,cm_type ,cm_order , cm_state , cm_min_price , cm_max_price) values(1004651,4178,'2016款 2.5T四驱豪华型JE4D25E','2016款',4,1,131800,131800);
insert into t_car_model(cm_id , cs_id , cm_name,cm_type ,cm_order , cm_state , cm_min_price , cm_max_price) values(1004652,4178,'2016款 2.5T四驱超豪华型JE4D25E','2016款',5,1,141800,141800);
insert into t_car_model(cm_id , cs_id , cm_name,cm_type ,cm_order , cm_state , cm_min_price , cm_max_price) values(1004653,4178,'2016款 2.5T四驱尊贵型JE4D25E','2016款',6,1,161800,161800);
insert into t_car_series(cs_id,cbf_id,cs_name,cs_order,cs_letter) values(2519,189,'威虎',5067,'W');
insert into t_car_model(cm_id , cs_id , cm_name,cm_type ,cm_order , cm_state , cm_min_price , cm_max_price) values(1012772,2519,'2022款 2.8T柴油两驱豪华型大双JE493ZLQ6E','2022款',1,1,79800,79800);
insert into t_car_model(cm_id , cs_id , cm_name,cm_type ,cm_order , cm_state , cm_min_price , cm_max_price) values(1012770,2519,'2022款 2.8T柴油四驱豪华型大双JE493ZLQ6E','2022款',2,1,89800,89800);
insert into t_car_model(cm_id , cs_id , cm_name,cm_type ,cm_order , cm_state , cm_min_price , cm_max_price) values(1012773,2519,'2022款 2.8T柴油两驱豪华型大双平底货箱JE493ZLQ6E','2022款',3,1,80800,80800);
insert into t_car_model(cm_id , cs_id , cm_name,cm_type ,cm_order , cm_state , cm_min_price , cm_max_price) values(1012771,2519,'2022款 2.8T柴油四驱豪华型大双平底货箱JE493ZLQ6E','2022款',4,1,90800,90800);
insert into t_car_model(cm_id , cs_id , cm_name,cm_type ,cm_order , cm_state , cm_min_price , cm_max_price) values(1012768,2519,'2022款 2.8T柴油两驱超豪华型大双JE493ZLQ6E','2022款',5,1,83800,83800);
insert into t_car_model(cm_id , cs_id , cm_name,cm_type ,cm_order , cm_state , cm_min_price , cm_max_price) values(1012766,2519,'2022款 2.8T柴油四驱超豪华型大双JE493ZLQ6E','2022款',6,1,93800,93800);
insert into t_car_model(cm_id , cs_id , cm_name,cm_type ,cm_order , cm_state , cm_min_price , cm_max_price) values(1012769,2519,'2022款 2.8T柴油两驱超豪华型大双平底货箱JE493ZLQ6E','2022款',7,1,84800,84800);
insert into t_car_model(cm_id , cs_id , cm_name,cm_type ,cm_order , cm_state , cm_min_price , cm_max_price) values(1012767,2519,'2022款 2.8T柴油四驱超豪华型大双平底货箱JE493ZLQ6E','2022款',8,1,94800,94800);
insert into t_car_model(cm_id , cs_id , cm_name,cm_type ,cm_order , cm_state , cm_min_price , cm_max_price) values(1010550,2519,'2021款 2.5T下乡版柴油国VI两驱中双','2021款',1,1,83800,83800);
insert into t_car_model(cm_id , cs_id , cm_name,cm_type ,cm_order , cm_state , cm_min_price , cm_max_price) values(1010548,2519,'2021款 2.5T下乡版柴油国VI四驱中双','2021款',2,1,93800,93800);
insert into t_car_model(cm_id , cs_id , cm_name,cm_type ,cm_order , cm_state , cm_min_price , cm_max_price) values(1010551,2519,'2021款 2.5T下乡版柴油国VI两驱大双','2021款',3,1,84800,84800);
insert into t_car_model(cm_id , cs_id , cm_name,cm_type ,cm_order , cm_state , cm_min_price , cm_max_price) values(1010549,2519,'2021款 2.5T下乡版柴油国VI四驱大双','2021款',4,1,94800,94800);
insert into t_car_model(cm_id , cs_id , cm_name,cm_type ,cm_order , cm_state , cm_min_price , cm_max_price) values(1010546,2519,'2021款 2.5T下乡版柴油国VI平底货箱两驱大双','2021款',5,1,84800,84800);
insert into t_car_model(cm_id , cs_id , cm_name,cm_type ,cm_order , cm_state , cm_min_price , cm_max_price) values(1010547,2519,'2021款 2.5T下乡版柴油国VI平底货箱四驱大双','2021款',6,1,94800,94800);
insert into t_car_model(cm_id , cs_id , cm_name,cm_type ,cm_order , cm_state , cm_min_price , cm_max_price) values(1011293,2519,'2021款 2.4L经典版汽油国VI两驱中双','2021款',7,1,71800,71800);
insert into t_car_model(cm_id , cs_id , cm_name,cm_type ,cm_order , cm_state , cm_min_price , cm_max_price) values(1011294,2519,'2021款 2.4L经典版汽油国VI两驱大双','2021款',8,1,72800,72800);
insert into t_car_model(cm_id , cs_id , cm_name,cm_type ,cm_order , cm_state , cm_min_price , cm_max_price) values(1011295,2519,'2021款 2.4L经典版汽油国VI两驱大双平底货箱','2021款',9,1,73800,73800);
insert into t_car_model(cm_id , cs_id , cm_name,cm_type ,cm_order , cm_state , cm_min_price , cm_max_price) values(1011290,2519,'2021款 2.4L经典版汽油国VI四驱中双','2021款',10,1,81800,81800);
insert into t_car_model(cm_id , cs_id , cm_name,cm_type ,cm_order , cm_state , cm_min_price , cm_max_price) values(1011291,2519,'2021款 2.4L经典版汽油国VI四驱大双','2021款',11,1,82800,82800);
insert into t_car_model(cm_id , cs_id , cm_name,cm_type ,cm_order , cm_state , cm_min_price , cm_max_price) values(1011292,2519,'2021款 2.4L经典版汽油国VI四驱大双平底货箱','2021款',12,1,83800,83800);
insert into t_car_model(cm_id , cs_id , cm_name,cm_type ,cm_order , cm_state , cm_min_price , cm_max_price) values(1009958,2519,'2020款 1.5T越野版汽油国VI平底货箱两驱标准型大双','2020款',1,1,71800,71800);
insert into t_car_model(cm_id , cs_id , cm_name,cm_type ,cm_order , cm_state , cm_min_price , cm_max_price) values(1009957,2519,'2020款 1.5T越野版汽油国VI平底货箱四驱标准型大双','2020款',2,1,81800,81800);
insert into t_car_model(cm_id , cs_id , cm_name,cm_type ,cm_order , cm_state , cm_min_price , cm_max_price) values(1009956,2519,'2020款 1.5T越野版汽油国VI平底货箱两驱豪华型大双','2020款',3,1,74800,74800);
insert into t_car_model(cm_id , cs_id , cm_name,cm_type ,cm_order , cm_state , cm_min_price , cm_max_price) values(1009955,2519,'2020款 1.5T越野版汽油国VI平底货箱四驱豪华型大双','2020款',4,1,84800,84800);
insert into t_car_model(cm_id , cs_id , cm_name,cm_type ,cm_order , cm_state , cm_min_price , cm_max_price) values(1009325,2519,'2020款 2.5T柴油国VI两驱标准型中双','2020款',5,1,89800,89800);
insert into t_car_model(cm_id , cs_id , cm_name,cm_type ,cm_order , cm_state , cm_min_price , cm_max_price) values(1009323,2519,'2020款 2.5T柴油国VI四驱标准型中双','2020款',6,1,99800,99800);
insert into t_car_model(cm_id , cs_id , cm_name,cm_type ,cm_order , cm_state , cm_min_price , cm_max_price) values(1009326,2519,'2020款 2.5T柴油国VI两驱标准型大双','2020款',7,1,89800,89800);
insert into t_car_model(cm_id , cs_id , cm_name,cm_type ,cm_order , cm_state , cm_min_price , cm_max_price) values(1009324,2519,'2020款 2.5T柴油国VI四驱标准型大双','2020款',8,1,99800,99800);
insert into t_car_model(cm_id , cs_id , cm_name,cm_type ,cm_order , cm_state , cm_min_price , cm_max_price) values(1009960,2519,'2020款 2.5T柴油国VI平底货箱两驱大双','2020款',9,1,90800,90800);
insert into t_car_model(cm_id , cs_id , cm_name,cm_type ,cm_order , cm_state , cm_min_price , cm_max_price) values(1009959,2519,'2020款 2.5T柴油国VI平底货箱四驱大双','2020款',10,1,100800,100800);
insert into t_car_model(cm_id , cs_id , cm_name,cm_type ,cm_order , cm_state , cm_min_price , cm_max_price) values(1007969,2519,'2019款 1.5T越野版汽油国VI两驱标准型标双','2019款',1,1,69800,69800);
insert into t_car_model(cm_id , cs_id , cm_name,cm_type ,cm_order , cm_state , cm_min_price , cm_max_price) values(1007971,2519,'2019款 1.5T越野版汽油国VI四驱标准型标双','2019款',2,1,79800,79800);
insert into t_car_model(cm_id , cs_id , cm_name,cm_type ,cm_order , cm_state , cm_min_price , cm_max_price) values(1007973,2519,'2019款 1.5T越野版汽油国VI两驱豪华型标双','2019款',3,1,72800,72800);
insert into t_car_model(cm_id , cs_id , cm_name,cm_type ,cm_order , cm_state , cm_min_price , cm_max_price) values(1007975,2519,'2019款 1.5T越野版汽油国VI四驱豪华型标双','2019款',4,1,82800,82800);
insert into t_car_model(cm_id , cs_id , cm_name,cm_type ,cm_order , cm_state , cm_min_price , cm_max_price) values(1007970,2519,'2019款 1.5T越野版汽油国VI两驱标准型大双','2019款',5,1,70800,70800);
insert into t_car_model(cm_id , cs_id , cm_name,cm_type ,cm_order , cm_state , cm_min_price , cm_max_price) values(1007972,2519,'2019款 1.5T越野版汽油国VI四驱标准型大双','2019款',6,1,80800,80800);
insert into t_car_model(cm_id , cs_id , cm_name,cm_type ,cm_order , cm_state , cm_min_price , cm_max_price) values(1007974,2519,'2019款 1.5T越野版汽油国VI两驱豪华型大双','2019款',7,1,73800,73800);
insert into t_car_model(cm_id , cs_id , cm_name,cm_type ,cm_order , cm_state , cm_min_price , cm_max_price) values(1007976,2519,'2019款 1.5T越野版汽油国VI四驱豪华型大双','2019款',8,1,83800,83800);
insert into t_car_model(cm_id , cs_id , cm_name,cm_type ,cm_order , cm_state , cm_min_price , cm_max_price) values(1005994,2519,'2018款 2.5T柴油国V两驱精英型中双XD25T5','2018款',1,1,80800,80800);
insert into t_car_model(cm_id , cs_id , cm_name,cm_type ,cm_order , cm_state , cm_min_price , cm_max_price) values(1007044,2519,'2018款 2.4L越野版汽油国V四驱标准型中双4G69S4N','2018款',2,1,85800,85800);
insert into t_car_model(cm_id , cs_id , cm_name,cm_type ,cm_order , cm_state , cm_min_price , cm_max_price) values(1007043,2519,'2018款 2.4L越野版汽油国V四驱标准型大双4G69S4N','2018款',3,1,87800,87800);
insert into t_car_model(cm_id , cs_id , cm_name,cm_type ,cm_order , cm_state , cm_min_price , cm_max_price) values(1005993,2519,'2018款 2.5T柴油国V两驱豪华型中双XD25T5','2018款',4,1,82800,82800);
insert into t_car_model(cm_id , cs_id , cm_name,cm_type ,cm_order , cm_state , cm_min_price , cm_max_price) values(1005992,2519,'2018款 2.5T柴油国V四驱精英型中双XD25T5','2018款',5,1,93800,93800);
insert into t_car_model(cm_id , cs_id , cm_name,cm_type ,cm_order , cm_state , cm_min_price , cm_max_price) values(1005991,2519,'2018款 2.5T柴油国V四驱豪华型中双XD25T5','2018款',6,1,95800,95800);
insert into t_car_model(cm_id , cs_id , cm_name,cm_type ,cm_order , cm_state , cm_min_price , cm_max_price) values(1005930,2519,'2018款 2.8T柴油国V两驱精英型中双CA4D28C5-1B','2018款',7,1,79800,79800);
insert into t_car_model(cm_id , cs_id , cm_name,cm_type ,cm_order , cm_state , cm_min_price , cm_max_price) values(1005929,2519,'2018款 2.8T柴油国V两驱豪华型中双CA4D28C5-1B','2018款',8,1,84800,84800);
insert into t_car_model(cm_id , cs_id , cm_name,cm_type ,cm_order , cm_state , cm_min_price , cm_max_price) values(1006319,2519,'2018款 2.5T越野版柴油国V四驱豪华型大双SD4V25R-100','2018款',9,1,98800,98800);
insert into t_car_model(cm_id , cs_id , cm_name,cm_type ,cm_order , cm_state , cm_min_price , cm_max_price) values(1005928,2519,'2018款 2.8T柴油国V两驱精英型大双CA4D28C5-1B','2018款',10,1,80800,80800);
insert into t_car_model(cm_id , cs_id , cm_name,cm_type ,cm_order , cm_state , cm_min_price , cm_max_price) values(1005927,2519,'2018款 2.8T柴油国V两驱豪华型大双CA4D28C5-1B','2018款',11,1,85800,85800);
insert into t_car_model(cm_id , cs_id , cm_name,cm_type ,cm_order , cm_state , cm_min_price , cm_max_price) values(1006326,2519,'2018款 2.5T越野版柴油国V两驱标准型中双SD4V25R-100','2018款',12,1,83800,83800);
insert into t_car_model(cm_id , cs_id , cm_name,cm_type ,cm_order , cm_state , cm_min_price , cm_max_price) values(1006322,2519,'2018款 2.5T越野版柴油国V两驱标准型大双SD4V25R-100','2018款',13,1,85800,85800);
insert into t_car_model(cm_id , cs_id , cm_name,cm_type ,cm_order , cm_state , cm_min_price , cm_max_price) values(1006324,2519,'2018款 2.5T越野版柴油国V四驱标准型中双SD4V25R-100','2018款',14,1,93800,93800);
insert into t_car_model(cm_id , cs_id , cm_name,cm_type ,cm_order , cm_state , cm_min_price , cm_max_price) values(1006320,2519,'2018款 2.5T越野版柴油国V四驱标准型大双SD4V25R-100','2018款',15,1,95800,95800);
insert into t_car_model(cm_id , cs_id , cm_name,cm_type ,cm_order , cm_state , cm_min_price , cm_max_price) values(1006325,2519,'2018款 2.5T越野版柴油国V两驱豪华型中双SD4V25R-100','2018款',16,1,86800,86800);
insert into t_car_model(cm_id , cs_id , cm_name,cm_type ,cm_order , cm_state , cm_min_price , cm_max_price) values(1006321,2519,'2018款 2.5T越野版柴油国V两驱豪华型大双SD4V25R-100','2018款',17,1,88800,88800);
insert into t_car_model(cm_id , cs_id , cm_name,cm_type ,cm_order , cm_state , cm_min_price , cm_max_price) values(1006323,2519,'2018款 2.5T越野版柴油国V四驱豪华型中双SD4V25R-100','2018款',18,1,96800,96800);
insert into t_car_model(cm_id , cs_id , cm_name,cm_type ,cm_order , cm_state , cm_min_price , cm_max_price) values(1005448,2519,'2017款 2.8T柴油两驱超值版大双','2017款',1,1,75800,75800);
insert into t_car_model(cm_id , cs_id , cm_name,cm_type ,cm_order , cm_state , cm_min_price , cm_max_price) values(1005466,2519,'2017款 2.4L汽油两驱精英型箱货中双4G69S4N','2017款',2,1,116800,116800);
insert into t_car_model(cm_id , cs_id , cm_name,cm_type ,cm_order , cm_state , cm_min_price , cm_max_price) values(1005465,2519,'2017款 2.4L汽油两驱豪华型箱货中双4G69S4N','2017款',3,1,119800,119800);
insert into t_car_model(cm_id , cs_id , cm_name,cm_type ,cm_order , cm_state , cm_min_price , cm_max_price) values(1005326,2519,'2017款 2.4L越野版汽油国V两驱标准型中双4G69S4N','2017款',4,1,75800,75800);
insert into t_car_model(cm_id , cs_id , cm_name,cm_type ,cm_order , cm_state , cm_min_price , cm_max_price) values(1005329,2519,'2017款 2.4L越野版汽油国V两驱标准型大双4G69S4N','2017款',5,1,77800,77800);
insert into t_car_model(cm_id , cs_id , cm_name,cm_type ,cm_order , cm_state , cm_min_price , cm_max_price) values(1005325,2519,'2017款 2.4L越野版汽油国V两驱豪华型中双4G69S4N','2017款',6,1,79300,79300);
insert into t_car_model(cm_id , cs_id , cm_name,cm_type ,cm_order , cm_state , cm_min_price , cm_max_price) values(1005328,2519,'2017款 2.4L越野版汽油国V两驱豪华型大双4G69S4N','2017款',7,1,81300,81300);
insert into t_car_model(cm_id , cs_id , cm_name,cm_type ,cm_order , cm_state , cm_min_price , cm_max_price) values(1005324,2519,'2017款 2.4L越野版汽油国V四驱豪华型中双4G69S4N','2017款',8,1,90300,90300);
insert into t_car_model(cm_id , cs_id , cm_name,cm_type ,cm_order , cm_state , cm_min_price , cm_max_price) values(1005327,2519,'2017款 2.4L越野版汽油国V四驱豪华型大双4G69S4N','2017款',9,1,92300,92300);
insert into t_car_model(cm_id , cs_id , cm_name,cm_type ,cm_order , cm_state , cm_min_price , cm_max_price) values(1003760,2519,'2016款 2.5T澳洲版柴油两驱豪华型','2016款',1,1,95800,95800);
insert into t_car_model(cm_id , cs_id , cm_name,cm_type ,cm_order , cm_state , cm_min_price , cm_max_price) values(1003793,2519,'2016款 2.5T澳洲版柴油四驱豪华型','2016款',2,1,107800,107800);
insert into t_car_model(cm_id , cs_id , cm_name,cm_type ,cm_order , cm_state , cm_min_price , cm_max_price) values(1003792,2519,'2016款 2.4L澳洲版汽油两驱精英型','2016款',3,1,78800,78800);
insert into t_car_model(cm_id , cs_id , cm_name,cm_type ,cm_order , cm_state , cm_min_price , cm_max_price) values(1003791,2519,'2016款 2.4L澳洲版汽油两驱豪华型','2016款',4,1,82800,82800);
insert into t_car_model(cm_id , cs_id , cm_name,cm_type ,cm_order , cm_state , cm_min_price , cm_max_price) values(1003790,2519,'2016款 2.4L澳洲版汽油四驱豪华型','2016款',5,1,92800,92800);
insert into t_car_model(cm_id , cs_id , cm_name,cm_type ,cm_order , cm_state , cm_min_price , cm_max_price) values(1003789,2519,'2016款 2.8T五十铃柴油两驱精英型','2016款',6,1,82800,82800);
insert into t_car_model(cm_id , cs_id , cm_name,cm_type ,cm_order , cm_state , cm_min_price , cm_max_price) values(1003788,2519,'2016款 2.8T五十铃柴油两驱豪华型','2016款',7,1,86800,86800);
insert into t_car_model(cm_id , cs_id , cm_name,cm_type ,cm_order , cm_state , cm_min_price , cm_max_price) values(1003787,2519,'2016款 2.8T五十铃柴油四驱精英型','2016款',8,1,96800,96800);
insert into t_car_model(cm_id , cs_id , cm_name,cm_type ,cm_order , cm_state , cm_min_price , cm_max_price) values(1004471,2519,'2016款 2.2L汽油两驱精英型中双4GZ1','2016款',9,1,73800,73800);
insert into t_car_model(cm_id , cs_id , cm_name,cm_type ,cm_order , cm_state , cm_min_price , cm_max_price) values(1004470,2519,'2016款 2.2L汽油两驱豪华型中双4GZ1','2016款',10,1,75800,75800);
insert into t_car_model(cm_id , cs_id , cm_name,cm_type ,cm_order , cm_state , cm_min_price , cm_max_price) values(1004469,2519,'2016款 2.2L汽油两驱精英型大双4GZ1','2016款',11,1,74800,74800);
insert into t_car_model(cm_id , cs_id , cm_name,cm_type ,cm_order , cm_state , cm_min_price , cm_max_price) values(1004468,2519,'2016款 2.2L汽油四驱豪华型中双4GZ1','2016款',12,1,87800,87800);
insert into t_car_model(cm_id , cs_id , cm_name,cm_type ,cm_order , cm_state , cm_min_price , cm_max_price) values(1003674,2519,'2015款 2.5T柴油两驱豪华型','2015款',1,1,96800,96800);
insert into t_car_model(cm_id , cs_id , cm_name,cm_type ,cm_order , cm_state , cm_min_price , cm_max_price) values(1003675,2519,'2015款 2.5T柴油四驱豪华型','2015款',2,1,109800,109800);
insert into t_car_model(cm_id , cs_id , cm_name,cm_type ,cm_order , cm_state , cm_min_price , cm_max_price) values(1003673,2519,'2015款 2.8T柴油两驱精英型','2015款',3,1,79800,79800);
insert into t_car_model(cm_id , cs_id , cm_name,cm_type ,cm_order , cm_state , cm_min_price , cm_max_price) values(1004467,2519,'2015款 2.8T柴油两驱超值版中双','2015款',4,1,75800,75800);
insert into t_car_model(cm_id , cs_id , cm_name,cm_type ,cm_order , cm_state , cm_min_price , cm_max_price) values(1004466,2519,'2015款 2.8T柴油两驱超值版大双','2015款',5,1,76800,76800);
insert into t_car_model(cm_id , cs_id , cm_name,cm_type ,cm_order , cm_state , cm_min_price , cm_max_price) values(1004042,2519,'2014款 2.2L汽油两驱精英型大双4GZ1','2014款',1,1,72800,72800);
insert into t_car_model(cm_id , cs_id , cm_name,cm_type ,cm_order , cm_state , cm_min_price , cm_max_price) values(1002606,2519,'2014款 2.2L汽油两驱豪华型中双4GZ1','2014款',2,1,70800,70800);
insert into t_car_model(cm_id , cs_id , cm_name,cm_type ,cm_order , cm_state , cm_min_price , cm_max_price) values(1002607,2519,'2014款 2.2L汽油四驱豪华型中双4GZ1','2014款',3,1,83800,83800);
insert into t_car_model(cm_id , cs_id , cm_name,cm_type ,cm_order , cm_state , cm_min_price , cm_max_price) values(1002084,2519,'2014款 2.5T柴油两驱豪华型','2014款',4,1,90800,90800);
insert into t_car_model(cm_id , cs_id , cm_name,cm_type ,cm_order , cm_state , cm_min_price , cm_max_price) values(1002085,2519,'2014款 2.5T柴油四驱豪华型','2014款',5,1,103800,103800);
insert into t_car_model(cm_id , cs_id , cm_name,cm_type ,cm_order , cm_state , cm_min_price , cm_max_price) values(1003170,2519,'2014款 2.8T两驱柴油精英型','2014款',6,1,78800,78800);
insert into t_car_model(cm_id , cs_id , cm_name,cm_type ,cm_order , cm_state , cm_min_price , cm_max_price) values(1003171,2519,'2014款 2.8T两驱柴油豪华型','2014款',7,1,86800,86800);
insert into t_car_model(cm_id , cs_id , cm_name,cm_type ,cm_order , cm_state , cm_min_price , cm_max_price) values(1003172,2519,'2014款 2.8T四驱柴油豪华型','2014款',8,1,96800,96800);
insert into t_car_model(cm_id , cs_id , cm_name,cm_type ,cm_order , cm_state , cm_min_price , cm_max_price) values(1001921,2519,'2013款 2.5T柴油两驱豪华型共轨','2013款',1,1,89800,89800);
insert into t_car_model(cm_id , cs_id , cm_name,cm_type ,cm_order , cm_state , cm_min_price , cm_max_price) values(1001922,2519,'2013款 2.5T柴油四驱豪华型共轨','2013款',2,1,102800,102800);
insert into t_car_model(cm_id , cs_id , cm_name,cm_type ,cm_order , cm_state , cm_min_price , cm_max_price) values(1001617,2519,'2013款 2.4L汽油两驱4G69','2013款',3,1,80800,80800);
insert into t_car_model(cm_id , cs_id , cm_name,cm_type ,cm_order , cm_state , cm_min_price , cm_max_price) values(1001821,2519,'2013款 2.4L汽油四驱4G69','2013款',4,1,90800,90800);
insert into t_car_model(cm_id , cs_id , cm_name,cm_type ,cm_order , cm_state , cm_min_price , cm_max_price) values(1001616,2519,'2013款 2.8T柴油两驱VE泵','2013款',5,1,71800,71800);
insert into t_car_model(cm_id , cs_id , cm_name,cm_type ,cm_order , cm_state , cm_min_price , cm_max_price) values(1001539,2519,'2013款 2.8T柴油两驱共轨','2013款',6,1,83300,83300);
insert into t_car_model(cm_id , cs_id , cm_name,cm_type ,cm_order , cm_state , cm_min_price , cm_max_price) values(1000872,2519,'2011款 2.4L-F1 两驱汽油基本型4G69','2011款',1,1,81800,84800);
insert into t_car_model(cm_id , cs_id , cm_name,cm_type ,cm_order , cm_state , cm_min_price , cm_max_price) values(1000874,2519,'2011款 2.4L-F1 四驱汽油基本型4G69','2011款',2,1,96800,99800);
insert into t_car_model(cm_id , cs_id , cm_name,cm_type ,cm_order , cm_state , cm_min_price , cm_max_price) values(1000873,2519,'2011款 2.8T-F1 两驱柴油基本型','2011款',3,1,81800,83800);
insert into t_car_model(cm_id , cs_id , cm_name,cm_type ,cm_order , cm_state , cm_min_price , cm_max_price) values(1000375,2519,'2010款 2.4L两驱汽油豪华型短轴4G69','2010款',1,1,79800,79800);
insert into t_car_model(cm_id , cs_id , cm_name,cm_type ,cm_order , cm_state , cm_min_price , cm_max_price) values(1000376,2519,'2010款 2.4L两驱汽油豪华型长轴4G69','2010款',2,1,81800,81800);
insert into t_car_model(cm_id , cs_id , cm_name,cm_type ,cm_order , cm_state , cm_min_price , cm_max_price) values(1000379,2519,'2010款 2.4L四驱汽油豪华型短轴4G69','2010款',3,1,94800,94800);
insert into t_car_model(cm_id , cs_id , cm_name,cm_type ,cm_order , cm_state , cm_min_price , cm_max_price) values(1000380,2519,'2010款 2.4L四驱汽油豪华型长轴4G69','2010款',4,1,96800,96800);
insert into t_car_model(cm_id , cs_id , cm_name,cm_type ,cm_order , cm_state , cm_min_price , cm_max_price) values(1001128,2519,'2010款 2.5T两驱柴油基本型','2010款',5,1,98800,101800);
insert into t_car_model(cm_id , cs_id , cm_name,cm_type ,cm_order , cm_state , cm_min_price , cm_max_price) values(1000396,2519,'2010款 2.8T海外版两驱柴油豪华型','2010款',6,1,80300,80300);
insert into t_car_model(cm_id , cs_id , cm_name,cm_type ,cm_order , cm_state , cm_min_price , cm_max_price) values(1000397,2519,'2010款 3.0T海外版四驱柴油豪华型','2010款',7,1,97800,97800);
insert into t_car_series(cs_id,cbf_id,cs_name,cs_order,cs_letter) values(6112,189,'威狮1949',5068,'W');
insert into t_car_model(cm_id , cs_id , cm_name,cm_type ,cm_order , cm_state , cm_min_price , cm_max_price) values(1012928,6112,'2022款 2.0T乘用版汽油自动两驱超豪华型标双','2022款',1,1,167900,167900);
insert into t_car_model(cm_id , cs_id , cm_name,cm_type ,cm_order , cm_state , cm_min_price , cm_max_price) values(1012925,6112,'2022款 2.0T乘用版汽油自动四驱超豪华型标双','2022款',2,1,180900,180900);
insert into t_car_model(cm_id , cs_id , cm_name,cm_type ,cm_order , cm_state , cm_min_price , cm_max_price) values(1012927,6112,'2022款 2.0T乘用版汽油自动两驱尊贵型标双','2022款',3,1,194900,194900);
insert into t_car_model(cm_id , cs_id , cm_name,cm_type ,cm_order , cm_state , cm_min_price , cm_max_price) values(1012926,6112,'2022款 2.0T乘用版汽油自动四驱尊贵型标双','2022款',4,1,209900,209900);
insert into t_car_model(cm_id , cs_id , cm_name,cm_type ,cm_order , cm_state , cm_min_price , cm_max_price) values(1012930,6112,'2022款 2.3T商用版柴油手动两驱超豪华型大双','2022款',5,1,155900,155900);
insert into t_car_model(cm_id , cs_id , cm_name,cm_type ,cm_order , cm_state , cm_min_price , cm_max_price) values(1011414,6112,'2022款 2.3T商用版柴油手动四驱超豪华型大双','2022款',6,1,168900,168900);
insert into t_car_model(cm_id , cs_id , cm_name,cm_type ,cm_order , cm_state , cm_min_price , cm_max_price) values(1012929,6112,'2022款 2.3T商用版柴油手动两驱尊贵型大双','2022款',7,1,179900,179900);
insert into t_car_model(cm_id , cs_id , cm_name,cm_type ,cm_order , cm_state , cm_min_price , cm_max_price) values(1011413,6112,'2022款 2.3T竞技版柴油手动四驱尊贵型大双','2022款',8,1,194900,194900);
insert into t_car_series(cs_id,cbf_id,cs_name,cs_order,cs_letter) values(6423,189,'威狮G7',5069,'W');
insert into t_car_model(cm_id , cs_id , cm_name,cm_type ,cm_order , cm_state , cm_min_price , cm_max_price) values(1012174,6423,'2022款 2.0T猎装版柴油两驱豪华型标双HY4D20M','2022款',1,1,101800,101800);
insert into t_car_model(cm_id , cs_id , cm_name,cm_type ,cm_order , cm_state , cm_min_price , cm_max_price) values(1012172,6423,'2022款 2.0T猎装版柴油四驱豪华型标双HY4D20M','2022款',2,1,114800,114800);
insert into t_car_model(cm_id , cs_id , cm_name,cm_type ,cm_order , cm_state , cm_min_price , cm_max_price) values(1012170,6423,'2022款 2.0T猎装版柴油两驱超豪华型标双HY4D20M','2022款',3,1,107800,107800);
insert into t_car_model(cm_id , cs_id , cm_name,cm_type ,cm_order , cm_state , cm_min_price , cm_max_price) values(1012168,6423,'2022款 2.0T猎装版柴油四驱超豪华型标双HY4D20M','2022款',4,1,120800,120800);
insert into t_car_model(cm_id , cs_id , cm_name,cm_type ,cm_order , cm_state , cm_min_price , cm_max_price) values(1012166,6423,'2022款 2.0T猎装版柴油两驱旗舰型标双HY4D20M','2022款',5,1,125800,125800);
insert into t_car_model(cm_id , cs_id , cm_name,cm_type ,cm_order , cm_state , cm_min_price , cm_max_price) values(1012164,6423,'2022款 2.0T猎装版柴油四驱旗舰型标双HY4D20M','2022款',6,1,138800,138800);
insert into t_car_model(cm_id , cs_id , cm_name,cm_type ,cm_order , cm_state , cm_min_price , cm_max_price) values(1012175,6423,'2022款 2.0T猎装版柴油两驱豪华型大双HY4D20M','2022款',7,1,102800,102800);
insert into t_car_model(cm_id , cs_id , cm_name,cm_type ,cm_order , cm_state , cm_min_price , cm_max_price) values(1012173,6423,'2022款 2.0T猎装版柴油四驱豪华型大双HY4D20M','2022款',8,1,115800,115800);
insert into t_car_model(cm_id , cs_id , cm_name,cm_type ,cm_order , cm_state , cm_min_price , cm_max_price) values(1012171,6423,'2022款 2.0T猎装版柴油两驱超豪华型大双HY4D20M','2022款',9,1,108800,108800);
insert into t_car_model(cm_id , cs_id , cm_name,cm_type ,cm_order , cm_state , cm_min_price , cm_max_price) values(1012169,6423,'2022款 2.0T猎装版柴油四驱超豪华型大双HY4D20M','2022款',10,1,121800,121800);
insert into t_car_model(cm_id , cs_id , cm_name,cm_type ,cm_order , cm_state , cm_min_price , cm_max_price) values(1012167,6423,'2022款 2.0T猎装版柴油两驱旗舰型大双HY4D20M','2022款',11,1,126800,126800);
insert into t_car_model(cm_id , cs_id , cm_name,cm_type ,cm_order , cm_state , cm_min_price , cm_max_price) values(1012165,6423,'2022款 2.0T猎装版柴油四驱旗舰型大双HY4D20M','2022款',12,1,139800,139800);
insert into t_car_series(cs_id,cbf_id,cs_name,cs_order,cs_letter) values(3881,189,'小老虎',5070,'X');
insert into t_car_model(cm_id , cs_id , cm_name,cm_type ,cm_order , cm_state , cm_min_price , cm_max_price) values(1012931,3881,'2022款 征服版','2022款',1,1,50000,70000);
insert into t_car_model(cm_id , cs_id , cm_name,cm_type ,cm_order , cm_state , cm_min_price , cm_max_price) values(1012176,3881,'2022款 1.6L汽油两驱大双LJ4A16QG','2022款',2,1,57800,57800);
insert into t_car_model(cm_id , cs_id , cm_name,cm_type ,cm_order , cm_state , cm_min_price , cm_max_price) values(1012177,3881,'2022款 1.6L汽油两驱大双平底货箱LJ4A16QG','2022款',3,1,58800,58800);
insert into t_car_model(cm_id , cs_id , cm_name,cm_type ,cm_order , cm_state , cm_min_price , cm_max_price) values(1009766,3881,'2020款 1.5T汽油两驱基本型标双国VI','2020款',1,1,59800,59800);
insert into t_car_model(cm_id , cs_id , cm_name,cm_type ,cm_order , cm_state , cm_min_price , cm_max_price) values(1009767,3881,'2020款 1.5T汽油两驱舒适型标双国VI','2020款',2,1,62800,62800);
insert into t_car_model(cm_id , cs_id , cm_name,cm_type ,cm_order , cm_state , cm_min_price , cm_max_price) values(1009768,3881,'2020款 1.5T汽油两驱舒适型大双国VI','2020款',3,1,63800,63800);
insert into t_car_model(cm_id , cs_id , cm_name,cm_type ,cm_order , cm_state , cm_min_price , cm_max_price) values(1009769,3881,'2020款 1.5T汽油两驱舒适型三开门国VI','2020款',4,1,64300,64300);
insert into t_car_model(cm_id , cs_id , cm_name,cm_type ,cm_order , cm_state , cm_min_price , cm_max_price) values(1006291,3881,'2018款 2.2L兴业版基本型V22','2018款',1,1,54000,54000);
insert into t_car_model(cm_id , cs_id , cm_name,cm_type ,cm_order , cm_state , cm_min_price , cm_max_price) values(1006290,3881,'2018款 2.2L超值版汽油三开门V22','2018款',2,1,56000,56000);
insert into t_car_model(cm_id , cs_id , cm_name,cm_type ,cm_order , cm_state , cm_min_price , cm_max_price) values(1006883,3881,'2018款 2.8T超值版标准型中双排CA4D28C5-1B','2018款',3,1,66800,66800);
insert into t_car_model(cm_id , cs_id , cm_name,cm_type ,cm_order , cm_state , cm_min_price , cm_max_price) values(1006882,3881,'2018款 2.8T超值版标准型大双排CA4D28C5-1B','2018款',4,1,67800,67800);
insert into t_car_model(cm_id , cs_id , cm_name,cm_type ,cm_order , cm_state , cm_min_price , cm_max_price) values(1005648,3881,'2017款 2.8T经典版柴油国V中双排CA4D28C5-1B','2017款',1,1,73800,73800);
insert into t_car_model(cm_id , cs_id , cm_name,cm_type ,cm_order , cm_state , cm_min_price , cm_max_price) values(1005647,3881,'2017款 2.8T经典版柴油国V大双排CA4D28C5-1B','2017款',2,1,75800,75800);
insert into t_car_model(cm_id , cs_id , cm_name,cm_type ,cm_order , cm_state , cm_min_price , cm_max_price) values(1005646,3881,'2017款 2.8T柴油国V标准型中双排CA4D28C5-1B','2017款',3,1,69900,69900);
insert into t_car_model(cm_id , cs_id , cm_name,cm_type ,cm_order , cm_state , cm_min_price , cm_max_price) values(1005645,3881,'2017款 2.8T柴油国V标准型大双排CA4D28C5-1B','2017款',4,1,70900,70900);
insert into t_car_model(cm_id , cs_id , cm_name,cm_type ,cm_order , cm_state , cm_min_price , cm_max_price) values(1004851,3881,'2016款 2.2L经典版汽油中双排V22','2016款',1,1,62000,62000);
insert into t_car_model(cm_id , cs_id , cm_name,cm_type ,cm_order , cm_state , cm_min_price , cm_max_price) values(1004850,3881,'2016款 2.2L经典版汽油大双排V22','2016款',2,1,64000,64000);
insert into t_car_model(cm_id , cs_id , cm_name,cm_type ,cm_order , cm_state , cm_min_price , cm_max_price) values(1004058,3881,'2015款 2.4T标准版中双排4D25','2015款',1,1,63800,63800);
insert into t_car_model(cm_id , cs_id , cm_name,cm_type ,cm_order , cm_state , cm_min_price , cm_max_price) values(1004057,3881,'2015款 2.4T标准版大双排4D25','2015款',2,1,64800,64800);
insert into t_car_model(cm_id , cs_id , cm_name,cm_type ,cm_order , cm_state , cm_min_price , cm_max_price) values(1003564,3881,'2015款 2.4T精英版中双排4D25','2015款',3,1,66800,66800);
insert into t_car_model(cm_id , cs_id , cm_name,cm_type ,cm_order , cm_state , cm_min_price , cm_max_price) values(1003563,3881,'2015款 2.4T精英版大双排4D25','2015款',4,1,67800,67800);
insert into t_car_model(cm_id , cs_id , cm_name,cm_type ,cm_order , cm_state , cm_min_price , cm_max_price) values(1004056,3881,'2015款 2.8T豪华版中双排4JB1','2015款',5,1,74800,74800);
insert into t_car_model(cm_id , cs_id , cm_name,cm_type ,cm_order , cm_state , cm_min_price , cm_max_price) values(1004055,3881,'2015款 2.8T豪华版大双排4JB1','2015款',6,1,75800,75800);
insert into t_car_series(cs_id,cbf_id,cs_name,cs_order,cs_letter) values(2850,189,'无限',5078,'W');
insert into t_car_model(cm_id , cs_id , cm_name,cm_type ,cm_order , cm_state , cm_min_price , cm_max_price) values(13170,2850,'2012款 2.4L 手动两驱舒适型','2012款',1,1,89800,89800);
insert into t_car_model(cm_id , cs_id , cm_name,cm_type ,cm_order , cm_state , cm_min_price , cm_max_price) values(13171,2850,'2012款 2.4L 手动两驱豪华型','2012款',2,1,93800,93800);
insert into t_car_series(cs_id,cbf_id,cs_name,cs_order,cs_letter) values(627,189,'无限V3',5079,'W');
insert into t_car_model(cm_id , cs_id , cm_name,cm_type ,cm_order , cm_state , cm_min_price , cm_max_price) values(3963,627,'2008款 2.4L 汽油两驱豪华型','2008款',1,1,99800,99800);
insert into t_car_model(cm_id , cs_id , cm_name,cm_type ,cm_order , cm_state , cm_min_price , cm_max_price) values(3964,627,'2008款 2.4L 汽油四驱豪华型','2008款',2,1,113800,113800);
insert into t_car_model(cm_id , cs_id , cm_name,cm_type ,cm_order , cm_state , cm_min_price , cm_max_price) values(3965,627,'2008款 2.4L 汽油两驱超豪华型','2008款',3,1,113800,113800);
insert into t_car_model(cm_id , cs_id , cm_name,cm_type ,cm_order , cm_state , cm_min_price , cm_max_price) values(3967,627,'2008款 2.5T 柴油两驱豪华型','2008款',4,1,123800,123800);
insert into t_car_model(cm_id , cs_id , cm_name,cm_type ,cm_order , cm_state , cm_min_price , cm_max_price) values(3969,627,'2008款 2.5T 柴油两驱超豪华型','2008款',5,1,137800,137800);
insert into t_car_series(cs_id,cbf_id,cs_name,cs_order,cs_letter) values(2081,189,'无限V5',5080,'W');
insert into t_car_model(cm_id , cs_id , cm_name,cm_type ,cm_order , cm_state , cm_min_price , cm_max_price) values(7320,2081,'2009款 2.4L 两驱豪华版','2009款',1,1,99800,99800);
insert into t_car_model(cm_id , cs_id , cm_name,cm_type ,cm_order , cm_state , cm_min_price , cm_max_price) values(7323,2081,'2009款 2.4L 两驱超豪华版','2009款',2,1,111300,111300);
insert into t_car_model(cm_id , cs_id , cm_name,cm_type ,cm_order , cm_state , cm_min_price , cm_max_price) values(7319,2081,'2009款 2.4L 四驱豪华版','2009款',3,1,113800,113800);
insert into t_car_model(cm_id , cs_id , cm_name,cm_type ,cm_order , cm_state , cm_min_price , cm_max_price) values(7324,2081,'2009款 2.4L 四驱超豪华版','2009款',4,1,125300,125300);
insert into t_car_model(cm_id , cs_id , cm_name,cm_type ,cm_order , cm_state , cm_min_price , cm_max_price) values(7321,2081,'2009款 2.5T 柴油两驱豪华版','2009款',5,1,122800,122800);
insert into t_car_model(cm_id , cs_id , cm_name,cm_type ,cm_order , cm_state , cm_min_price , cm_max_price) values(7325,2081,'2009款 2.5T 柴油两驱超豪华版','2009款',6,1,134300,134300);
insert into t_car_model(cm_id , cs_id , cm_name,cm_type ,cm_order , cm_state , cm_min_price , cm_max_price) values(7322,2081,'2009款 2.5T 柴油四驱豪华版','2009款',7,1,136800,136800);
insert into t_car_model(cm_id , cs_id , cm_name,cm_type ,cm_order , cm_state , cm_min_price , cm_max_price) values(7326,2081,'2009款 2.5T 柴油四驱超豪华版','2009款',8,1,148300,148300);
insert into t_car_series(cs_id,cbf_id,cs_name,cs_order,cs_letter) values(2143,189,'无限V7',5081,'W');
insert into t_car_model(cm_id , cs_id , cm_name,cm_type ,cm_order , cm_state , cm_min_price , cm_max_price) values(10340,2143,'2011款 2.0L 两驱标准型','2011款',1,1,83800,83800);
insert into t_car_model(cm_id , cs_id , cm_name,cm_type ,cm_order , cm_state , cm_min_price , cm_max_price) values(7667,2143,'2010款 2.0L 两驱标准型','2010款',1,1,79800,79800);
insert into t_car_series(cs_id,cbf_id,cs_name,cs_order,cs_letter) values(2522,189,'昌铃',5082,'C');
insert into t_car_model(cm_id , cs_id , cm_name,cm_type ,cm_order , cm_state , cm_min_price , cm_max_price) values(1001530,2522,'2012款 2.2L汽油标准型加长491Q-ME','2012款',1,1,0,0);
insert into t_car_model(cm_id , cs_id , cm_name,cm_type ,cm_order , cm_state , cm_min_price , cm_max_price) values(1001529,2522,'2012款 2.2L汽油标准型长车身491Q-ME','2012款',2,1,0,0);
insert into t_car_model(cm_id , cs_id , cm_name,cm_type ,cm_order , cm_state , cm_min_price , cm_max_price) values(1001531,2522,'2012款 2.4T柴油标准型长车身4D25','2012款',3,1,0,0);
insert into t_car_model(cm_id , cs_id , cm_name,cm_type ,cm_order , cm_state , cm_min_price , cm_max_price) values(1000408,2522,'2010款 2.2L汽油标准型短车身491Q-ME','2010款',1,1,59900,59900);
insert into t_car_model(cm_id , cs_id , cm_name,cm_type ,cm_order , cm_state , cm_min_price , cm_max_price) values(1000407,2522,'2010款 2.2L汽油标准型长车身491Q-ME','2010款',2,1,61900,61900);
insert into t_car_model(cm_id , cs_id , cm_name,cm_type ,cm_order , cm_state , cm_min_price , cm_max_price) values(1000409,2522,'2010款 2.4T柴油标准型长车身4D25','2010款',3,1,65900,65900);
insert into t_car_series(cs_id,cbf_id,cs_name,cs_order,cs_letter) values(2613,189,'旗舰A9',5083,'Q');
insert into t_car_model(cm_id , cs_id , cm_name,cm_type ,cm_order , cm_state , cm_min_price , cm_max_price) values(1000891,2613,'2009款 2.0L汽油豪华型','2009款',1,1,56900,57900);
insert into t_car_model(cm_id , cs_id , cm_name,cm_type ,cm_order , cm_state , cm_min_price , cm_max_price) values(1000894,2613,'2009款 2.4T柴油超豪华型','2009款',2,1,55900,56900);
insert into t_car_model(cm_id , cs_id , cm_name,cm_type ,cm_order , cm_state , cm_min_price , cm_max_price) values(1000893,2613,'2009款 2.0L汽油超豪华型','2009款',3,1,59900,59900);
insert into t_car_model(cm_id , cs_id , cm_name,cm_type ,cm_order , cm_state , cm_min_price , cm_max_price) values(1000892,2613,'2009款 2.4T柴油豪华型','2009款',4,1,53900,53900);
insert into t_car_series(cs_id,cbf_id,cs_name,cs_order,cs_letter) values(3215,189,'威虎G3',5084,'W');
insert into t_car_model(cm_id , cs_id , cm_name,cm_type ,cm_order , cm_state , cm_min_price , cm_max_price) values(1002603,3215,'2014款 2.8T两驱柴油VP泵实用型标双','2014款',1,1,68800,68800);
insert into t_car_model(cm_id , cs_id , cm_name,cm_type ,cm_order , cm_state , cm_min_price , cm_max_price) values(1002604,3215,'2014款 2.8T两驱柴油VP泵实用型中双','2014款',2,1,69800,69800);
insert into t_car_model(cm_id , cs_id , cm_name,cm_type ,cm_order , cm_state , cm_min_price , cm_max_price) values(1002605,3215,'2014款 2.8T两驱柴油VP泵实用型大双','2014款',3,1,70800,70800);
insert into t_car_model(cm_id , cs_id , cm_name,cm_type ,cm_order , cm_state , cm_min_price , cm_max_price) values(1001913,3215,'2013款 2.8T两驱柴油版短轴','2013款',1,1,68800,68800);
insert into t_car_model(cm_id , cs_id , cm_name,cm_type ,cm_order , cm_state , cm_min_price , cm_max_price) values(1001912,3215,'2013款 2.8T两驱柴油版中轴','2013款',2,1,69800,69800);
insert into t_car_model(cm_id , cs_id , cm_name,cm_type ,cm_order , cm_state , cm_min_price , cm_max_price) values(1001914,3215,'2013款 2.8T两驱柴油版长轴','2013款',3,1,69800,69800);
insert into t_car_model(cm_id , cs_id , cm_name,cm_type ,cm_order , cm_state , cm_min_price , cm_max_price) values(1002059,3215,'2013款 2.8T两驱柴油精英版中双','2013款',4,1,73800,73800);
insert into t_car_model(cm_id , cs_id , cm_name,cm_type ,cm_order , cm_state , cm_min_price , cm_max_price) values(1003164,3215,'2013款 2.8T两驱柴油精英版大双','2013款',5,1,75800,75800);
insert into t_car_model(cm_id , cs_id , cm_name,cm_type ,cm_order , cm_state , cm_min_price , cm_max_price) values(1001910,3215,'2013款 2.2L两驱汽油精英版短轴','2013款',6,1,61800,61800);
insert into t_car_model(cm_id , cs_id , cm_name,cm_type ,cm_order , cm_state , cm_min_price , cm_max_price) values(1001909,3215,'2013款 2.2L两驱汽油精英版中轴','2013款',7,1,62800,62800);
insert into t_car_model(cm_id , cs_id , cm_name,cm_type ,cm_order , cm_state , cm_min_price , cm_max_price) values(1001911,3215,'2013款 2.2L两驱汽油精英版长轴','2013款',8,1,63800,63800);
insert into t_car_model(cm_id , cs_id , cm_name,cm_type ,cm_order , cm_state , cm_min_price , cm_max_price) values(1001906,3215,'2012款 2.2L两驱汽油基本型短轴','2012款',1,1,61800,61800);
insert into t_car_model(cm_id , cs_id , cm_name,cm_type ,cm_order , cm_state , cm_min_price , cm_max_price) values(1001905,3215,'2012款 2.2L两驱汽油基本型中轴','2012款',2,1,62800,62800);
insert into t_car_model(cm_id , cs_id , cm_name,cm_type ,cm_order , cm_state , cm_min_price , cm_max_price) values(1001907,3215,'2012款 2.2L两驱汽油基本型长轴','2012款',3,1,63800,63800);
insert into t_car_model(cm_id , cs_id , cm_name,cm_type ,cm_order , cm_state , cm_min_price , cm_max_price) values(1001903,3215,'2012款 2.8T两驱柴油版短轴','2012款',4,1,67800,67800);
insert into t_car_model(cm_id , cs_id , cm_name,cm_type ,cm_order , cm_state , cm_min_price , cm_max_price) values(1001902,3215,'2012款 2.8T两驱柴油版中轴','2012款',5,1,68800,68800);
insert into t_car_model(cm_id , cs_id , cm_name,cm_type ,cm_order , cm_state , cm_min_price , cm_max_price) values(1001904,3215,'2012款 2.8T两驱柴油版长轴','2012款',6,1,69800,69800);
insert into t_car_model(cm_id , cs_id , cm_name,cm_type ,cm_order , cm_state , cm_min_price , cm_max_price) values(1001908,3215,'2010款 2.8T两驱柴油基本型','2010款',1,1,72800,77800);
insert into t_car_model(cm_id , cs_id , cm_name,cm_type ,cm_order , cm_state , cm_min_price , cm_max_price) values(1001899,3215,'2010款 2.4L两驱汽油豪华型中轴','2010款',2,1,84800,84800);
insert into t_car_model(cm_id , cs_id , cm_name,cm_type ,cm_order , cm_state , cm_min_price , cm_max_price) values(1001898,3215,'2010款 2.4L四驱汽油豪华型中轴','2010款',3,1,99800,99800);
insert into t_car_model(cm_id , cs_id , cm_name,cm_type ,cm_order , cm_state , cm_min_price , cm_max_price) values(1001900,3215,'2010款 3.0T四驱柴油基本型','2010款',4,1,97800,99800);
