insert into t_car_brand_factory(cbf_id , cb_id , cbf_name ,cbf_letter) values(59,114,'上汽通用五菱','S');
insert into t_car_series(cs_id,cbf_id,cs_name,cs_order,cs_letter) values(5714,59,'宏光MINIEV',4550,'H');
insert into t_car_model(cm_id , cs_id , cm_name,cm_type ,cm_order , cm_state , cm_min_price , cm_max_price) values(55267,5714,'2022款 敞篷版','2022款',1,1,0,0);
insert into t_car_model(cm_id , cs_id , cm_name,cm_type ,cm_order , cm_state , cm_min_price , cm_max_price) values(50352,5714,'2021款 马卡龙时尚款 三元锂','2021款',1,1,37600,37600);
insert into t_car_model(cm_id , cs_id , cm_name,cm_type ,cm_order , cm_state , cm_min_price , cm_max_price) values(50473,5714,'2021款 马卡龙时尚款 磷酸铁锂','2021款',2,1,37600,37600);
insert into t_car_model(cm_id , cs_id , cm_name,cm_type ,cm_order , cm_state , cm_min_price , cm_max_price) values(50077,5714,'2021款 马卡龙臻享款 三元锂','2021款',3,1,43600,43600);
insert into t_car_model(cm_id , cs_id , cm_name,cm_type ,cm_order , cm_state , cm_min_price , cm_max_price) values(50474,5714,'2021款 马卡龙臻享款 磷酸铁锂','2021款',4,1,43600,43600);
insert into t_car_model(cm_id , cs_id , cm_name,cm_type ,cm_order , cm_state , cm_min_price , cm_max_price) values(54314,5714,'2021款 马卡龙夹心款 120km 三元锂','2021款',5,1,42600,42600);
insert into t_car_model(cm_id , cs_id , cm_name,cm_type ,cm_order , cm_state , cm_min_price , cm_max_price) values(54312,5714,'2021款 马卡龙夹心款 120km 磷酸铁锂','2021款',6,1,42600,42600);
insert into t_car_model(cm_id , cs_id , cm_name,cm_type ,cm_order , cm_state , cm_min_price , cm_max_price) values(54221,5714,'2021款 马卡龙夹心款 170km 三元锂','2021款',7,1,48600,48600);
insert into t_car_model(cm_id , cs_id , cm_name,cm_type ,cm_order , cm_state , cm_min_price , cm_max_price) values(54313,5714,'2021款 马卡龙夹心款 170km 磷酸铁锂','2021款',8,1,48600,48600);
insert into t_car_model(cm_id , cs_id , cm_name,cm_type ,cm_order , cm_state , cm_min_price , cm_max_price) values(50470,5714,'2020款 轻松款 三元锂','2020款',1,1,28800,28800);
insert into t_car_model(cm_id , cs_id , cm_name,cm_type ,cm_order , cm_state , cm_min_price , cm_max_price) values(45757,5714,'2020款 轻松款 磷酸铁锂','2020款',2,1,28800,28800);
insert into t_car_model(cm_id , cs_id , cm_name,cm_type ,cm_order , cm_state , cm_min_price , cm_max_price) values(50471,5714,'2020款 自在款 三元锂','2020款',3,1,32800,32800);
insert into t_car_model(cm_id , cs_id , cm_name,cm_type ,cm_order , cm_state , cm_min_price , cm_max_price) values(45758,5714,'2020款 自在款 磷酸铁锂','2020款',4,1,32800,32800);
insert into t_car_model(cm_id , cs_id , cm_name,cm_type ,cm_order , cm_state , cm_min_price , cm_max_price) values(50472,5714,'2020款 悦享款 三元锂','2020款',5,1,38800,38800);
insert into t_car_model(cm_id , cs_id , cm_name,cm_type ,cm_order , cm_state , cm_min_price , cm_max_price) values(44762,5714,'2020款 悦享款 磷酸铁锂','2020款',6,1,38800,38800);
insert into t_car_series(cs_id,cbf_id,cs_name,cs_order,cs_letter) values(6121,59,'五菱NanoEV',4551,'W');
insert into t_car_model(cm_id , cs_id , cm_name,cm_type ,cm_order , cm_state , cm_min_price , cm_max_price) values(53787,6121,'2021款 玩乐款','2021款',1,1,49800,49800);
insert into t_car_model(cm_id , cs_id , cm_name,cm_type ,cm_order , cm_state , cm_min_price , cm_max_price) values(50664,6121,'2021款 热爱款','2021款',2,1,54800,54800);
insert into t_car_model(cm_id , cs_id , cm_name,cm_type ,cm_order , cm_state , cm_min_price , cm_max_price) values(53480,6121,'2021款 迪士尼疯狂动物城Judy款','2021款',3,1,59800,59800);
insert into t_car_model(cm_id , cs_id , cm_name,cm_type ,cm_order , cm_state , cm_min_price , cm_max_price) values(53479,6121,'2021款 迪士尼疯狂动物城Nick款','2021款',4,1,59800,59800);
insert into t_car_series(cs_id,cbf_id,cs_name,cs_order,cs_letter) values(6117,59,'五菱星辰',4552,'W');
insert into t_car_model(cm_id , cs_id , cm_name,cm_type ,cm_order , cm_state , cm_min_price , cm_max_price) values(53341,6117,'2021款 1.5T 手动星动版','2021款',1,1,69800,69800);
insert into t_car_model(cm_id , cs_id , cm_name,cm_type ,cm_order , cm_state , cm_min_price , cm_max_price) values(53340,6117,'2021款 1.5T 手动星光版','2021款',2,1,77800,77800);
insert into t_car_model(cm_id , cs_id , cm_name,cm_type ,cm_order , cm_state , cm_min_price , cm_max_price) values(53339,6117,'2021款 1.5T CVT星芒版','2021款',3,1,79800,79800);
insert into t_car_model(cm_id , cs_id , cm_name,cm_type ,cm_order , cm_state , cm_min_price , cm_max_price) values(53338,6117,'2021款 1.5T CVT星辉版','2021款',4,1,89800,89800);
insert into t_car_model(cm_id , cs_id , cm_name,cm_type ,cm_order , cm_state , cm_min_price , cm_max_price) values(52533,6117,'2021款 1.5T CVT星曜版','2021款',5,1,99800,99800);
insert into t_car_series(cs_id,cbf_id,cs_name,cs_order,cs_letter) values(4408,59,'五菱宏光S3',4553,'W');
insert into t_car_model(cm_id , cs_id , cm_name,cm_type ,cm_order , cm_state , cm_min_price , cm_max_price) values(40331,4408,'2019款 1.5L 手动标准型 国VI','2019款',1,1,60100,60100);
insert into t_car_model(cm_id , cs_id , cm_name,cm_type ,cm_order , cm_state , cm_min_price , cm_max_price) values(40332,4408,'2019款 1.5L 手动舒适型 国VI','2019款',2,1,68800,68800);
insert into t_car_model(cm_id , cs_id , cm_name,cm_type ,cm_order , cm_state , cm_min_price , cm_max_price) values(40333,4408,'2019款 1.5L 手动豪华型 国VI','2019款',3,1,74800,74800);
insert into t_car_model(cm_id , cs_id , cm_name,cm_type ,cm_order , cm_state , cm_min_price , cm_max_price) values(40334,4408,'2019款 1.5T 手动标准型 国VI','2019款',4,1,66100,66100);
insert into t_car_model(cm_id , cs_id , cm_name,cm_type ,cm_order , cm_state , cm_min_price , cm_max_price) values(40335,4408,'2019款 1.5T 手动舒适型 国VI','2019款',5,1,74800,74800);
insert into t_car_model(cm_id , cs_id , cm_name,cm_type ,cm_order , cm_state , cm_min_price , cm_max_price) values(40336,4408,'2019款 1.5T 手动豪华型 国VI','2019款',6,1,82800,82800);
insert into t_car_model(cm_id , cs_id , cm_name,cm_type ,cm_order , cm_state , cm_min_price , cm_max_price) values(37875,4408,'2019款 自动离合版 1.5L 手动舒适型 国V','2019款',7,1,68800,68800);
insert into t_car_model(cm_id , cs_id , cm_name,cm_type ,cm_order , cm_state , cm_min_price , cm_max_price) values(38103,4408,'2019款 自动离合版 1.5L 手动豪华型 国V','2019款',8,1,76800,76800);
insert into t_car_model(cm_id , cs_id , cm_name,cm_type ,cm_order , cm_state , cm_min_price , cm_max_price) values(32154,4408,'2018款 1.5L 手动标准型 国V','2018款',1,1,56800,56800);
insert into t_car_model(cm_id , cs_id , cm_name,cm_type ,cm_order , cm_state , cm_min_price , cm_max_price) values(32155,4408,'2018款 1.5L 手动舒适型 国V','2018款',2,1,65800,65800);
insert into t_car_model(cm_id , cs_id , cm_name,cm_type ,cm_order , cm_state , cm_min_price , cm_max_price) values(30157,4408,'2018款 1.5L 手动豪华型 国V','2018款',3,1,73800,73800);
insert into t_car_model(cm_id , cs_id , cm_name,cm_type ,cm_order , cm_state , cm_min_price , cm_max_price) values(32157,4408,'2018款 1.5T 手动舒适型 国V','2018款',4,1,73800,73800);
insert into t_car_model(cm_id , cs_id , cm_name,cm_type ,cm_order , cm_state , cm_min_price , cm_max_price) values(32158,4408,'2018款 1.5T 手动豪华型 国V','2018款',5,1,81800,81800);
insert into t_car_series(cs_id,cbf_id,cs_name,cs_order,cs_letter) values(5450,59,'五菱宏光PLUS',4554,'W');
insert into t_car_model(cm_id , cs_id , cm_name,cm_type ,cm_order , cm_state , cm_min_price , cm_max_price) values(49247,5450,'2021款 营运版 1.5L 手动标准型 7座','2021款',1,1,67800,67800);
insert into t_car_model(cm_id , cs_id , cm_name,cm_type ,cm_order , cm_state , cm_min_price , cm_max_price) values(49249,5450,'2021款 营运版 1.5L 手动标准型 8座','2021款',2,1,68800,68800);
insert into t_car_model(cm_id , cs_id , cm_name,cm_type ,cm_order , cm_state , cm_min_price , cm_max_price) values(49246,5450,'2021款 营运版 1.5T 手动标准型 7座','2021款',3,1,74800,74800);
insert into t_car_model(cm_id , cs_id , cm_name,cm_type ,cm_order , cm_state , cm_min_price , cm_max_price) values(49248,5450,'2021款 营运版 1.5T 手动标准型 8座','2021款',4,1,75800,75800);
insert into t_car_model(cm_id , cs_id , cm_name,cm_type ,cm_order , cm_state , cm_min_price , cm_max_price) values(45567,5450,'2020款 1.5L 手动标准型 5座','2020款',1,1,58800,58800);
insert into t_car_model(cm_id , cs_id , cm_name,cm_type ,cm_order , cm_state , cm_min_price , cm_max_price) values(45675,5450,'2020款 1.5L 手动标准型 7座','2020款',2,1,59900,59900);
insert into t_car_model(cm_id , cs_id , cm_name,cm_type ,cm_order , cm_state , cm_min_price , cm_max_price) values(45676,5450,'2020款 1.5L 手动标准型 8座','2020款',3,1,60800,60800);
insert into t_car_model(cm_id , cs_id , cm_name,cm_type ,cm_order , cm_state , cm_min_price , cm_max_price) values(45568,5450,'2020款 1.5L 手动致富型 2座','2020款',4,1,60800,60800);
insert into t_car_model(cm_id , cs_id , cm_name,cm_type ,cm_order , cm_state , cm_min_price , cm_max_price) values(45569,5450,'2020款 1.5L 手动舒适型 7座','2020款',5,1,67800,67800);
insert into t_car_model(cm_id , cs_id , cm_name,cm_type ,cm_order , cm_state , cm_min_price , cm_max_price) values(44652,5450,'2020款 1.5T 手动营运车 7座','2020款',6,1,72800,72800);
insert into t_car_model(cm_id , cs_id , cm_name,cm_type ,cm_order , cm_state , cm_min_price , cm_max_price) values(44653,5450,'2020款 1.5T 手动营运车 8座','2020款',7,1,73800,73800);
insert into t_car_model(cm_id , cs_id , cm_name,cm_type ,cm_order , cm_state , cm_min_price , cm_max_price) values(43139,5450,'2019款 1.5T 手动标准型 5座','2019款',1,1,64800,64800);
insert into t_car_model(cm_id , cs_id , cm_name,cm_type ,cm_order , cm_state , cm_min_price , cm_max_price) values(42442,5450,'2019款 1.5T 手动标准型 7座','2019款',2,1,65900,65900);
insert into t_car_model(cm_id , cs_id , cm_name,cm_type ,cm_order , cm_state , cm_min_price , cm_max_price) values(42445,5450,'2019款 1.5T 手动标准型 8座','2019款',3,1,66800,66800);
insert into t_car_model(cm_id , cs_id , cm_name,cm_type ,cm_order , cm_state , cm_min_price , cm_max_price) values(42443,5450,'2019款 1.5T 手动致富型 2座','2019款',4,1,66800,66800);
insert into t_car_model(cm_id , cs_id , cm_name,cm_type ,cm_order , cm_state , cm_min_price , cm_max_price) values(42063,5450,'2019款 1.5T 手动舒适型 7座','2019款',5,1,71800,71800);
insert into t_car_model(cm_id , cs_id , cm_name,cm_type ,cm_order , cm_state , cm_min_price , cm_max_price) values(42178,5450,'2019款 1.5T 手动豪华型 7座','2019款',6,1,79800,79800);
insert into t_car_series(cs_id,cbf_id,cs_name,cs_order,cs_letter) values(5772,59,'五菱凯捷',4555,'W');
insert into t_car_model(cm_id , cs_id , cm_name,cm_type ,cm_order , cm_state , cm_min_price , cm_max_price) values(47559,5772,'2020款 1.5T 手动精英型','2020款',1,1,85800,85800);
insert into t_car_model(cm_id , cs_id , cm_name,cm_type ,cm_order , cm_state , cm_min_price , cm_max_price) values(47562,5772,'2020款 1.5T 自动精英型','2020款',2,1,95800,95800);
insert into t_car_model(cm_id , cs_id , cm_name,cm_type ,cm_order , cm_state , cm_min_price , cm_max_price) values(47563,5772,'2020款 1.5T 自动尊贵型','2020款',3,1,106800,106800);
insert into t_car_model(cm_id , cs_id , cm_name,cm_type ,cm_order , cm_state , cm_min_price , cm_max_price) values(45830,5772,'2020款 1.5T 自动旗舰型','2020款',4,1,116800,116800);
insert into t_car_model(cm_id , cs_id , cm_name,cm_type ,cm_order , cm_state , cm_min_price , cm_max_price) values(49252,5772,'2020款 1.5T 自动旗舰型商务舱','2020款',5,1,129800,129800);
insert into t_car_model(cm_id , cs_id , cm_name,cm_type ,cm_order , cm_state , cm_min_price , cm_max_price) values(49213,5772,'2020款 1.5T 自动旗舰型头等舱','2020款',6,1,134800,134800);
insert into t_car_series(cs_id,cbf_id,cs_name,cs_order,cs_letter) values(6039,59,'五菱征程',4556,'W');
insert into t_car_model(cm_id , cs_id , cm_name,cm_type ,cm_order , cm_state , cm_min_price , cm_max_price) values(52492,6039,'2021款 1.5T 手动舒适型封窗车','2021款',1,1,75800,75800);
insert into t_car_model(cm_id , cs_id , cm_name,cm_type ,cm_order , cm_state , cm_min_price , cm_max_price) values(49780,6039,'2021款 1.5T 手动舒适型','2021款',2,1,75800,75800);
insert into t_car_model(cm_id , cs_id , cm_name,cm_type ,cm_order , cm_state , cm_min_price , cm_max_price) values(52493,6039,'2021款 1.5T 手动豪华型','2021款',3,1,83800,83800);
insert into t_car_model(cm_id , cs_id , cm_name,cm_type ,cm_order , cm_state , cm_min_price , cm_max_price) values(52494,6039,'2021款 1.5T 手动豪华型营运车','2021款',4,1,90800,90800);
insert into t_car_series(cs_id,cbf_id,cs_name,cs_order,cs_letter) values(2139,59,'五菱宏光',4557,'W');
insert into t_car_model(cm_id , cs_id , cm_name,cm_type ,cm_order , cm_state , cm_min_price , cm_max_price) values(1012287,2139,'2021款 1.5L改款 S基本型封窗车LAR','2021款',1,1,54850,54850);
insert into t_car_model(cm_id , cs_id , cm_name,cm_type ,cm_order , cm_state , cm_min_price , cm_max_price) values(1012286,2139,'2021款 1.5L改款 S基本型LAR','2021款',2,1,53900,53900);
insert into t_car_model(cm_id , cs_id , cm_name,cm_type ,cm_order , cm_state , cm_min_price , cm_max_price) values(1012285,2139,'2021款 1.5L改款 S标准型LAR','2021款',3,1,56900,56900);
insert into t_car_model(cm_id , cs_id , cm_name,cm_type ,cm_order , cm_state , cm_min_price , cm_max_price) values(1012284,2139,'2021款 1.5L改款 S舒适型LAR','2021款',4,1,59900,59900);
insert into t_car_model(cm_id , cs_id , cm_name,cm_type ,cm_order , cm_state , cm_min_price , cm_max_price) values(1011377,2139,'2021款 1.5L S基本型封窗车LAR','2021款',5,1,54650,54650);
insert into t_car_model(cm_id , cs_id , cm_name,cm_type ,cm_order , cm_state , cm_min_price , cm_max_price) values(1011376,2139,'2021款 1.5L S基本型LAR','2021款',6,1,53800,53800);
insert into t_car_model(cm_id , cs_id , cm_name,cm_type ,cm_order , cm_state , cm_min_price , cm_max_price) values(1011375,2139,'2021款 1.5L S标准型LAR','2021款',7,1,56800,56800);
insert into t_car_model(cm_id , cs_id , cm_name,cm_type ,cm_order , cm_state , cm_min_price , cm_max_price) values(1011374,2139,'2021款 1.5L S舒适型LAR','2021款',8,1,59800,59800);
insert into t_car_model(cm_id , cs_id , cm_name,cm_type ,cm_order , cm_state , cm_min_price , cm_max_price) values(1009161,2139,'2020款 1.2L S基本型国VI LSI','2020款',1,1,46000,46000);
insert into t_car_model(cm_id , cs_id , cm_name,cm_type ,cm_order , cm_state , cm_min_price , cm_max_price) values(1009162,2139,'2020款 1.2L S基本型封窗车国VI LSI','2020款',2,1,46850,46850);
insert into t_car_model(cm_id , cs_id , cm_name,cm_type ,cm_order , cm_state , cm_min_price , cm_max_price) values(1007275,2139,'2019款 1.5L S基本型L2B','2019款',1,1,49800,49800);
insert into t_car_model(cm_id , cs_id , cm_name,cm_type ,cm_order , cm_state , cm_min_price , cm_max_price) values(1007812,2139,'2019款 1.5L S基本型封窗车国VI LAR','2019款',2,1,53650,53650);
insert into t_car_model(cm_id , cs_id , cm_name,cm_type ,cm_order , cm_state , cm_min_price , cm_max_price) values(1007811,2139,'2019款 1.5L S基本型国VI LAR','2019款',3,1,52800,52800);
insert into t_car_model(cm_id , cs_id , cm_name,cm_type ,cm_order , cm_state , cm_min_price , cm_max_price) values(1007810,2139,'2019款 1.5L S标准型国VI LAR','2019款',4,1,55800,55800);
insert into t_car_model(cm_id , cs_id , cm_name,cm_type ,cm_order , cm_state , cm_min_price , cm_max_price) values(1007809,2139,'2019款 1.5L S舒适型国VI LAR','2019款',5,1,58800,58800);
insert into t_car_model(cm_id , cs_id , cm_name,cm_type ,cm_order , cm_state , cm_min_price , cm_max_price) values(1006725,2139,'2018款 1.5L S标准型L2B','2018款',1,1,52800,52800);
insert into t_car_model(cm_id , cs_id , cm_name,cm_type ,cm_order , cm_state , cm_min_price , cm_max_price) values(1006705,2139,'2018款 1.5L S舒适型L2B','2018款',2,1,55800,55800);
insert into t_car_model(cm_id , cs_id , cm_name,cm_type ,cm_order , cm_state , cm_min_price , cm_max_price) values(1006680,2139,'2018款 1.2L 经典款S基本型','2018款',3,1,42800,42800);
insert into t_car_model(cm_id , cs_id , cm_name,cm_type ,cm_order , cm_state , cm_min_price , cm_max_price) values(1006681,2139,'2018款 1.5L 经典款S基本型','2018款',4,1,46800,46800);
insert into t_car_model(cm_id , cs_id , cm_name,cm_type ,cm_order , cm_state , cm_min_price , cm_max_price) values(1006682,2139,'2018款 1.5L 经典款S标准型','2018款',5,1,49800,49800);
insert into t_car_model(cm_id , cs_id , cm_name,cm_type ,cm_order , cm_state , cm_min_price , cm_max_price) values(1004235,2139,'2016款 1.5L S1尊享型国V','2016款',1,1,69800,69800);
insert into t_car_model(cm_id , cs_id , cm_name,cm_type ,cm_order , cm_state , cm_min_price , cm_max_price) values(1004458,2139,'2016款 1.5L S舒适型','2016款',2,1,59800,59800);
insert into t_car_model(cm_id , cs_id , cm_name,cm_type ,cm_order , cm_state , cm_min_price , cm_max_price) values(1004643,2139,'2016款 1.5L 改款S舒适型','2016款',3,1,56800,56800);
insert into t_car_model(cm_id , cs_id , cm_name,cm_type ,cm_order , cm_state , cm_min_price , cm_max_price) values(1003340,2139,'2015款 1.2L S 基本型国IV','2015款',1,1,48800,48800);
insert into t_car_model(cm_id , cs_id , cm_name,cm_type ,cm_order , cm_state , cm_min_price , cm_max_price) values(1003341,2139,'2015款 1.2L S 基本型国V','2015款',2,1,49300,49300);
insert into t_car_model(cm_id , cs_id , cm_name,cm_type ,cm_order , cm_state , cm_min_price , cm_max_price) values(1003728,2139,'2015款 1.2L S 基本型国V','2015款',3,1,41800,41800);
insert into t_car_model(cm_id , cs_id , cm_name,cm_type ,cm_order , cm_state , cm_min_price , cm_max_price) values(1003342,2139,'2015款 1.5L S 基本型国IV','2015款',4,1,51800,51800);
insert into t_car_model(cm_id , cs_id , cm_name,cm_type ,cm_order , cm_state , cm_min_price , cm_max_price) values(1003343,2139,'2015款 1.5L S 基本型国V','2015款',5,1,52300,52300);
insert into t_car_model(cm_id , cs_id , cm_name,cm_type ,cm_order , cm_state , cm_min_price , cm_max_price) values(1003729,2139,'2015款 1.5L S 基本型国V','2015款',6,1,45800,45800);
insert into t_car_model(cm_id , cs_id , cm_name,cm_type ,cm_order , cm_state , cm_min_price , cm_max_price) values(1003601,2139,'2015款 1.5L S1标准国V','2015款',7,1,58800,58800);
insert into t_car_model(cm_id , cs_id , cm_name,cm_type ,cm_order , cm_state , cm_min_price , cm_max_price) values(1003602,2139,'2015款 1.5L S1舒适国V','2015款',8,1,63800,63800);
insert into t_car_model(cm_id , cs_id , cm_name,cm_type ,cm_order , cm_state , cm_min_price , cm_max_price) values(1003603,2139,'2015款 1.5L S1豪华国V','2015款',9,1,67800,67800);
insert into t_car_model(cm_id , cs_id , cm_name,cm_type ,cm_order , cm_state , cm_min_price , cm_max_price) values(1002800,2139,'2014款 1.2L 基本型国IV','2014款',1,1,43800,43800);
insert into t_car_model(cm_id , cs_id , cm_name,cm_type ,cm_order , cm_state , cm_min_price , cm_max_price) values(1002802,2139,'2014款 1.2L 标准型国IV','2014款',2,1,48800,48800);
insert into t_car_model(cm_id , cs_id , cm_name,cm_type ,cm_order , cm_state , cm_min_price , cm_max_price) values(1002801,2139,'2014款 1.5L 基本型','2014款',3,1,46800,46800);
insert into t_car_model(cm_id , cs_id , cm_name,cm_type ,cm_order , cm_state , cm_min_price , cm_max_price) values(1002804,2139,'2014款 1.5L 标准型','2014款',4,1,52800,52800);
insert into t_car_model(cm_id , cs_id , cm_name,cm_type ,cm_order , cm_state , cm_min_price , cm_max_price) values(1002805,2139,'2014款 1.2L S标准型国IV','2014款',5,1,46800,46800);
insert into t_car_model(cm_id , cs_id , cm_name,cm_type ,cm_order , cm_state , cm_min_price , cm_max_price) values(1002573,2139,'2014款 1.2L S舒适型国IV','2014款',6,1,61800,61800);
insert into t_car_model(cm_id , cs_id , cm_name,cm_type ,cm_order , cm_state , cm_min_price , cm_max_price) values(1002806,2139,'2014款 1.5L S标准型','2014款',7,1,49800,49800);
insert into t_car_model(cm_id , cs_id , cm_name,cm_type ,cm_order , cm_state , cm_min_price , cm_max_price) values(1002574,2139,'2014款 1.5L S舒适型','2014款',8,1,65800,65800);
insert into t_car_model(cm_id , cs_id , cm_name,cm_type ,cm_order , cm_state , cm_min_price , cm_max_price) values(1002052,2139,'2014款 1.5L S豪华型','2014款',9,1,69800,69800);
insert into t_car_model(cm_id , cs_id , cm_name,cm_type ,cm_order , cm_state , cm_min_price , cm_max_price) values(1002743,2139,'2014款 1.5L S自动舒适型','2014款',10,1,73800,73800);
insert into t_car_model(cm_id , cs_id , cm_name,cm_type ,cm_order , cm_state , cm_min_price , cm_max_price) values(1002744,2139,'2014款 1.5L S自动豪华型','2014款',11,1,79300,79300);
insert into t_car_model(cm_id , cs_id , cm_name,cm_type ,cm_order , cm_state , cm_min_price , cm_max_price) values(1001990,2139,'2013款 1.5L 基本型','2013款',1,1,50800,50800);
insert into t_car_model(cm_id , cs_id , cm_name,cm_type ,cm_order , cm_state , cm_min_price , cm_max_price) values(1001994,2139,'2013款 1.5L 标准型','2013款',2,1,54800,54800);
insert into t_car_model(cm_id , cs_id , cm_name,cm_type ,cm_order , cm_state , cm_min_price , cm_max_price) values(1001995,2139,'2013款 1.5L 舒适型','2013款',3,1,57800,57800);
insert into t_car_model(cm_id , cs_id , cm_name,cm_type ,cm_order , cm_state , cm_min_price , cm_max_price) values(1001993,2139,'2013款 1.5L 豪华型','2013款',4,1,60800,60800);
insert into t_car_model(cm_id , cs_id , cm_name,cm_type ,cm_order , cm_state , cm_min_price , cm_max_price) values(1001790,2139,'2013款 1.2L S舒适型国IV','2013款',5,1,61800,61800);
insert into t_car_model(cm_id , cs_id , cm_name,cm_type ,cm_order , cm_state , cm_min_price , cm_max_price) values(1001791,2139,'2013款 1.5L S舒适型','2013款',6,1,65800,65800);
insert into t_car_model(cm_id , cs_id , cm_name,cm_type ,cm_order , cm_state , cm_min_price , cm_max_price) values(1001792,2139,'2013款 1.5L S豪华型','2013款',7,1,69800,69800);
insert into t_car_model(cm_id , cs_id , cm_name,cm_type ,cm_order , cm_state , cm_min_price , cm_max_price) values(1001442,2139,'2010款 1.2L实用型国IV','2010款',1,1,44800,44800);
insert into t_car_model(cm_id , cs_id , cm_name,cm_type ,cm_order , cm_state , cm_min_price , cm_max_price) values(1001444,2139,'2010款 1.2L基本型国IV','2010款',2,1,47800,47800);
insert into t_car_model(cm_id , cs_id , cm_name,cm_type ,cm_order , cm_state , cm_min_price , cm_max_price) values(1001445,2139,'2010款 1.2L标准型国IV','2010款',3,1,50800,50800);
insert into t_car_model(cm_id , cs_id , cm_name,cm_type ,cm_order , cm_state , cm_min_price , cm_max_price) values(1001446,2139,'2010款 1.2L舒适型国IV','2010款',4,1,53800,53800);
insert into t_car_model(cm_id , cs_id , cm_name,cm_type ,cm_order , cm_state , cm_min_price , cm_max_price) values(1001443,2139,'2010款 1.4L实用型','2010款',5,1,47800,47800);
insert into t_car_model(cm_id , cs_id , cm_name,cm_type ,cm_order , cm_state , cm_min_price , cm_max_price) values(1001447,2139,'2010款 1.4L基本型','2010款',6,1,50800,50800);
insert into t_car_model(cm_id , cs_id , cm_name,cm_type ,cm_order , cm_state , cm_min_price , cm_max_price) values(1001448,2139,'2010款 1.4L标准型','2010款',7,1,54800,54800);
insert into t_car_model(cm_id , cs_id , cm_name,cm_type ,cm_order , cm_state , cm_min_price , cm_max_price) values(1001449,2139,'2010款 1.4L舒适型','2010款',8,1,57800,57800);
insert into t_car_model(cm_id , cs_id , cm_name,cm_type ,cm_order , cm_state , cm_min_price , cm_max_price) values(1001450,2139,'2010款 1.4L豪华型','2010款',9,1,60800,60800);
insert into t_car_series(cs_id,cbf_id,cs_name,cs_order,cs_letter) values(5174,59,'五菱宏光V',4558,'W');
insert into t_car_model(cm_id , cs_id , cm_name,cm_type ,cm_order , cm_state , cm_min_price , cm_max_price) values(1011380,5174,'2021款 1.5L劲取版LAR','2021款',1,1,46000,48650);
insert into t_car_model(cm_id , cs_id , cm_name,cm_type ,cm_order , cm_state , cm_min_price , cm_max_price) values(1012464,5174,'2021款 1.5L改款劲享版LAR','2021款',2,1,51100,52300);
insert into t_car_model(cm_id , cs_id , cm_name,cm_type ,cm_order , cm_state , cm_min_price , cm_max_price) values(1011378,5174,'2021款 1.5L劲取版封窗车LAR','2021款',3,1,47900,49550);
insert into t_car_model(cm_id , cs_id , cm_name,cm_type ,cm_order , cm_state , cm_min_price , cm_max_price) values(1012465,5174,'2021款 1.2L劲享版LSI','2021款',4,1,47100,48400);
insert into t_car_model(cm_id , cs_id , cm_name,cm_type ,cm_order , cm_state , cm_min_price , cm_max_price) values(1011379,5174,'2021款 1.5L劲享版LAR','2021款',5,1,50800,52100);
insert into t_car_model(cm_id , cs_id , cm_name,cm_type ,cm_order , cm_state , cm_min_price , cm_max_price) values(1009713,5174,'2020款 1.2L劲取版国VI LSI','2020款',1,1,43100,45750);
insert into t_car_model(cm_id , cs_id , cm_name,cm_type ,cm_order , cm_state , cm_min_price , cm_max_price) values(1009711,5174,'2020款 1.2L劲取版封窗车国VI LSI','2020款',2,1,45100,46750);
insert into t_car_model(cm_id , cs_id , cm_name,cm_type ,cm_order , cm_state , cm_min_price , cm_max_price) values(1009263,5174,'2020款 1.5L营运车国VI LAR','2020款',3,1,54450,54450);
insert into t_car_model(cm_id , cs_id , cm_name,cm_type ,cm_order , cm_state , cm_min_price , cm_max_price) values(1009712,5174,'2020款 1.2L劲享版国VI LSI','2020款',4,1,46900,48200);
insert into t_car_model(cm_id , cs_id , cm_name,cm_type ,cm_order , cm_state , cm_min_price , cm_max_price) values(1007278,5174,'2019款 1.5L基本型L2B','2019款',1,1,45800,48450);
insert into t_car_model(cm_id , cs_id , cm_name,cm_type ,cm_order , cm_state , cm_min_price , cm_max_price) values(1008095,5174,'2019款 1.5L劲取版L2B','2019款',2,1,41800,44450);
insert into t_car_model(cm_id , cs_id , cm_name,cm_type ,cm_order , cm_state , cm_min_price , cm_max_price) values(1007277,5174,'2019款 1.5L标准型L2B','2019款',3,1,50800,52800);
insert into t_car_model(cm_id , cs_id , cm_name,cm_type ,cm_order , cm_state , cm_min_price , cm_max_price) values(1007978,5174,'2019款 1.5L劲享版L2B','2019款',4,1,46800,48100);
insert into t_car_model(cm_id , cs_id , cm_name,cm_type ,cm_order , cm_state , cm_min_price , cm_max_price) values(1008094,5174,'2019款 1.5L劲取版封窗车L2B','2019款',5,1,43900,45550);
insert into t_car_model(cm_id , cs_id , cm_name,cm_type ,cm_order , cm_state , cm_min_price , cm_max_price) values(1007276,5174,'2019款 1.5L基本型封窗车L2B','2019款',6,1,47900,49550);
insert into t_car_model(cm_id , cs_id , cm_name,cm_type ,cm_order , cm_state , cm_min_price , cm_max_price) values(1007819,5174,'2019款 1.5L基本型国VI LAR','2019款',7,1,48800,51450);
insert into t_car_model(cm_id , cs_id , cm_name,cm_type ,cm_order , cm_state , cm_min_price , cm_max_price) values(1008093,5174,'2019款 1.5L劲取版国VI LAR','2019款',8,1,44800,47450);
insert into t_car_model(cm_id , cs_id , cm_name,cm_type ,cm_order , cm_state , cm_min_price , cm_max_price) values(1007818,5174,'2019款 1.5L标准型国VI LAR','2019款',9,1,53800,55800);
insert into t_car_model(cm_id , cs_id , cm_name,cm_type ,cm_order , cm_state , cm_min_price , cm_max_price) values(1007977,5174,'2019款 1.5L劲享版国VI LAR','2019款',10,1,49800,51100);
insert into t_car_model(cm_id , cs_id , cm_name,cm_type ,cm_order , cm_state , cm_min_price , cm_max_price) values(1008092,5174,'2019款 1.5L劲取版封窗车国VI LAR','2019款',11,1,46900,48550);
insert into t_car_model(cm_id , cs_id , cm_name,cm_type ,cm_order , cm_state , cm_min_price , cm_max_price) values(1007817,5174,'2019款 1.5L基本型封窗车国VI LAR','2019款',12,1,50900,52550);
insert into t_car_series(cs_id,cbf_id,cs_name,cs_order,cs_letter) values(2451,59,'五菱荣光',4559,'W');
insert into t_car_model(cm_id , cs_id , cm_name,cm_type ,cm_order , cm_state , cm_min_price , cm_max_price) values(1011553,2451,'2021款 1.5L加长基本型L3C','2021款',1,1,51100,51100);
insert into t_car_model(cm_id , cs_id , cm_name,cm_type ,cm_order , cm_state , cm_min_price , cm_max_price) values(1011554,2451,'2021款 1.5L加长标准型助力版L3C','2021款',2,1,53900,53900);
insert into t_car_model(cm_id , cs_id , cm_name,cm_type ,cm_order , cm_state , cm_min_price , cm_max_price) values(1011555,2451,'2021款 1.5L加长标准型空调版L3C','2021款',3,1,56500,56500);
insert into t_car_model(cm_id , cs_id , cm_name,cm_type ,cm_order , cm_state , cm_min_price , cm_max_price) values(1011556,2451,'2021款 1.5L加长基本型封窗车2座L3C','2021款',4,1,53100,53100);
insert into t_car_model(cm_id , cs_id , cm_name,cm_type ,cm_order , cm_state , cm_min_price , cm_max_price) values(1011557,2451,'2021款 1.5L加长基本型封窗车5座L3C','2021款',5,1,53400,53400);
insert into t_car_model(cm_id , cs_id , cm_name,cm_type ,cm_order , cm_state , cm_min_price , cm_max_price) values(1011558,2451,'2021款 1.5L加长标准型封窗车助力版2座L3C','2021款',6,1,55600,55600);
insert into t_car_model(cm_id , cs_id , cm_name,cm_type ,cm_order , cm_state , cm_min_price , cm_max_price) values(1011559,2451,'2021款 1.5L加长标准型封窗车助力版5座L3C','2021款',7,1,55900,55900);
insert into t_car_model(cm_id , cs_id , cm_name,cm_type ,cm_order , cm_state , cm_min_price , cm_max_price) values(1011560,2451,'2021款 1.5L加长标准型封窗车空调版2座L3C','2021款',8,1,57250,57250);
insert into t_car_model(cm_id , cs_id , cm_name,cm_type ,cm_order , cm_state , cm_min_price , cm_max_price) values(1011561,2451,'2021款 1.5L加长标准型封窗车空调版5座L3C','2021款',9,1,57550,57550);
insert into t_car_model(cm_id , cs_id , cm_name,cm_type ,cm_order , cm_state , cm_min_price , cm_max_price) values(1009187,2451,'2020款 1.2L S 基本型 国VI','2020款',1,1,40800,40800);
insert into t_car_model(cm_id , cs_id , cm_name,cm_type ,cm_order , cm_state , cm_min_price , cm_max_price) values(1009192,2451,'2020款 1.5L 加长基本型 国VI L3C','2020款',2,1,53800,53800);
insert into t_car_model(cm_id , cs_id , cm_name,cm_type ,cm_order , cm_state , cm_min_price , cm_max_price) values(1007623,2451,'2019款 1.2L S 基本型','2019款',1,1,36800,36800);
insert into t_car_model(cm_id , cs_id , cm_name,cm_type ,cm_order , cm_state , cm_min_price , cm_max_price) values(1007621,2451,'2019款 1.2L S 标准型','2019款',2,1,41800,41800);
insert into t_car_model(cm_id , cs_id , cm_name,cm_type ,cm_order , cm_state , cm_min_price , cm_max_price) values(1007624,2451,'2019款 1.5L S 基本型','2019款',3,1,39800,39800);
insert into t_car_model(cm_id , cs_id , cm_name,cm_type ,cm_order , cm_state , cm_min_price , cm_max_price) values(1007622,2451,'2019款 1.5L S 标准型','2019款',4,1,44800,44800);
insert into t_car_model(cm_id , cs_id , cm_name,cm_type ,cm_order , cm_state , cm_min_price , cm_max_price) values(1007627,2451,'2019款 1.2L 加长基本型','2019款',5,1,44600,44600);
insert into t_car_model(cm_id , cs_id , cm_name,cm_type ,cm_order , cm_state , cm_min_price , cm_max_price) values(1007628,2451,'2019款 1.5L 加长基本型','2019款',6,1,47100,47100);
insert into t_car_model(cm_id , cs_id , cm_name,cm_type ,cm_order , cm_state , cm_min_price , cm_max_price) values(1007625,2451,'2019款 1.5L 加长厢式运输车基本型2座','2019款',7,1,48900,48900);
insert into t_car_model(cm_id , cs_id , cm_name,cm_type ,cm_order , cm_state , cm_min_price , cm_max_price) values(1007626,2451,'2019款 1.5L 加长厢式运输车基本型5座','2019款',8,1,49200,49200);
insert into t_car_model(cm_id , cs_id , cm_name,cm_type ,cm_order , cm_state , cm_min_price , cm_max_price) values(1007629,2451,'2019款 1.2L S 厢式运输车实用型2座','2019款',9,1,38600,38600);
insert into t_car_model(cm_id , cs_id , cm_name,cm_type ,cm_order , cm_state , cm_min_price , cm_max_price) values(1007630,2451,'2019款 1.2L S 厢式运输车标准型5座','2019款',10,1,38900,38900);
insert into t_car_model(cm_id , cs_id , cm_name,cm_type ,cm_order , cm_state , cm_min_price , cm_max_price) values(1005783,2451,'2017款 1.2L 加长基本型','2017款',1,1,44600,44600);
insert into t_car_model(cm_id , cs_id , cm_name,cm_type ,cm_order , cm_state , cm_min_price , cm_max_price) values(1005782,2451,'2017款 1.5L 加长基本型','2017款',2,1,47100,47100);
insert into t_car_model(cm_id , cs_id , cm_name,cm_type ,cm_order , cm_state , cm_min_price , cm_max_price) values(1003385,2451,'2015款 1.2L S 基本型CNG','2015款',1,1,45600,45800);
insert into t_car_model(cm_id , cs_id , cm_name,cm_type ,cm_order , cm_state , cm_min_price , cm_max_price) values(1003386,2451,'2015款 1.2L S 标准型CNG','2015款',2,1,52500,52500);
insert into t_car_model(cm_id , cs_id , cm_name,cm_type ,cm_order , cm_state , cm_min_price , cm_max_price) values(1002000,2451,'2014款 1.2L S 基本型','2014款',1,1,36800,36800);
insert into t_car_model(cm_id , cs_id , cm_name,cm_type ,cm_order , cm_state , cm_min_price , cm_max_price) values(1002002,2451,'2014款 1.2L S 标准型','2014款',2,1,41800,41800);
insert into t_car_model(cm_id , cs_id , cm_name,cm_type ,cm_order , cm_state , cm_min_price , cm_max_price) values(1001939,2451,'2014款 1.5L S 基本型','2014款',3,1,39800,39800);
insert into t_car_model(cm_id , cs_id , cm_name,cm_type ,cm_order , cm_state , cm_min_price , cm_max_price) values(1002001,2451,'2014款 1.5L S 标准型','2014款',4,1,44800,44800);
insert into t_car_model(cm_id , cs_id , cm_name,cm_type ,cm_order , cm_state , cm_min_price , cm_max_price) values(1001186,2451,'2012款 1.2L加长基本型LJY','2012款',1,1,47800,47800);
insert into t_car_model(cm_id , cs_id , cm_name,cm_type ,cm_order , cm_state , cm_min_price , cm_max_price) values(1001187,2451,'2012款 1.2L加长标准型LJY','2012款',2,1,53800,53800);
insert into t_car_model(cm_id , cs_id , cm_name,cm_type ,cm_order , cm_state , cm_min_price , cm_max_price) values(1001219,2451,'2012款 1.5L舒适型','2012款',3,1,0,0);
insert into t_car_model(cm_id , cs_id , cm_name,cm_type ,cm_order , cm_state , cm_min_price , cm_max_price) values(1001220,2451,'2012款 1.5L豪华型','2012款',4,1,0,0);
insert into t_car_model(cm_id , cs_id , cm_name,cm_type ,cm_order , cm_state , cm_min_price , cm_max_price) values(1001184,2451,'2012款 1.5L加长基本型','2012款',5,1,47100,47100);
insert into t_car_model(cm_id , cs_id , cm_name,cm_type ,cm_order , cm_state , cm_min_price , cm_max_price) values(1001185,2451,'2012款 1.5L加长标准型','2012款',6,1,57800,57800);
insert into t_car_model(cm_id , cs_id , cm_name,cm_type ,cm_order , cm_state , cm_min_price , cm_max_price) values(1000001,2451,'2011款 1.2L基本型','2011款',1,1,40300,42900);
insert into t_car_model(cm_id , cs_id , cm_name,cm_type ,cm_order , cm_state , cm_min_price , cm_max_price) values(1000002,2451,'2011款 1.2L标准型','2011款',2,1,72800,72800);
insert into t_car_model(cm_id , cs_id , cm_name,cm_type ,cm_order , cm_state , cm_min_price , cm_max_price) values(1000003,2451,'2011款 1.2L舒适型','2011款',3,1,53000,53000);
insert into t_car_model(cm_id , cs_id , cm_name,cm_type ,cm_order , cm_state , cm_min_price , cm_max_price) values(1000004,2451,'2011款 1.2L豪华型','2011款',4,1,57300,57300);
insert into t_car_model(cm_id , cs_id , cm_name,cm_type ,cm_order , cm_state , cm_min_price , cm_max_price) values(1002184,2451,'2011款 1.5L基本型','2011款',5,1,43900,43900);
insert into t_car_model(cm_id , cs_id , cm_name,cm_type ,cm_order , cm_state , cm_min_price , cm_max_price) values(1002185,2451,'2011款 1.5L标准型','2011款',6,1,0,0);
insert into t_car_model(cm_id , cs_id , cm_name,cm_type ,cm_order , cm_state , cm_min_price , cm_max_price) values(1002186,2451,'2011款 1.5L舒适型','2011款',7,1,0,0);
insert into t_car_model(cm_id , cs_id , cm_name,cm_type ,cm_order , cm_state , cm_min_price , cm_max_price) values(1002187,2451,'2011款 1.5L豪华型','2011款',8,1,0,0);
insert into t_car_series(cs_id,cbf_id,cs_name,cs_order,cs_letter) values(5715,59,'五菱荣光EV',4560,'W');
insert into t_car_model(cm_id , cs_id , cm_name,cm_type ,cm_order , cm_state , cm_min_price , cm_max_price) values(1009279,5715,'2020款 封窗版基本型2座252KM','2020款',1,1,83800,83800);
insert into t_car_model(cm_id , cs_id , cm_name,cm_type ,cm_order , cm_state , cm_min_price , cm_max_price) values(1009400,5715,'2020款 封窗版基本型2座300KM','2020款',2,1,89800,89800);
insert into t_car_model(cm_id , cs_id , cm_name,cm_type ,cm_order , cm_state , cm_min_price , cm_max_price) values(1009399,5715,'2020款 客车版基本型7座300KM','2020款',3,1,89800,89800);
insert into t_car_model(cm_id , cs_id , cm_name,cm_type ,cm_order , cm_state , cm_min_price , cm_max_price) values(1009401,5715,'2020款 封窗版基本型5座300KM','2020款',4,1,90100,90100);
insert into t_car_series(cs_id,cbf_id,cs_name,cs_order,cs_letter) values(6218,59,'五菱荣光S',4561,'W');
insert into t_car_model(cm_id , cs_id , cm_name,cm_type ,cm_order , cm_state , cm_min_price , cm_max_price) values(1011667,6218,'2021款 1.2L基本型5座LSI','2021款',1,1,40900,40900);
insert into t_car_model(cm_id , cs_id , cm_name,cm_type ,cm_order , cm_state , cm_min_price , cm_max_price) values(1011668,6218,'2021款 1.2L基本型7座LSI','2021款',2,1,41100,41100);
insert into t_car_model(cm_id , cs_id , cm_name,cm_type ,cm_order , cm_state , cm_min_price , cm_max_price) values(1011665,6218,'2021款 1.2L标准型助力版5座LSI','2021款',3,1,43700,43700);
insert into t_car_model(cm_id , cs_id , cm_name,cm_type ,cm_order , cm_state , cm_min_price , cm_max_price) values(1011666,6218,'2021款 1.2L标准型助力版7座LSI','2021款',4,1,43900,43900);
insert into t_car_model(cm_id , cs_id , cm_name,cm_type ,cm_order , cm_state , cm_min_price , cm_max_price) values(1011663,6218,'2021款 1.2L标准型空调版5座LSI','2021款',5,1,46300,46300);
insert into t_car_model(cm_id , cs_id , cm_name,cm_type ,cm_order , cm_state , cm_min_price , cm_max_price) values(1011664,6218,'2021款 1.2L标准型空调版7座LSI','2021款',6,1,46500,46500);
insert into t_car_model(cm_id , cs_id , cm_name,cm_type ,cm_order , cm_state , cm_min_price , cm_max_price) values(1011661,6218,'2021款 1.2L基本型封窗车2座LSI','2021款',7,1,42600,42600);
insert into t_car_model(cm_id , cs_id , cm_name,cm_type ,cm_order , cm_state , cm_min_price , cm_max_price) values(1011662,6218,'2021款 1.2L基本型封窗车5座LSI','2021款',8,1,42900,42900);
insert into t_car_model(cm_id , cs_id , cm_name,cm_type ,cm_order , cm_state , cm_min_price , cm_max_price) values(1011659,6218,'2021款 1.2L标准型封窗车助力版2座LSI','2021款',9,1,45600,45600);
insert into t_car_model(cm_id , cs_id , cm_name,cm_type ,cm_order , cm_state , cm_min_price , cm_max_price) values(1011660,6218,'2021款 1.2L标准型封窗车助力版5座LSI','2021款',10,1,45900,45900);
insert into t_car_model(cm_id , cs_id , cm_name,cm_type ,cm_order , cm_state , cm_min_price , cm_max_price) values(1011657,6218,'2021款 1.2L标准型封窗车空调版2座LSI','2021款',11,1,47250,47250);
insert into t_car_model(cm_id , cs_id , cm_name,cm_type ,cm_order , cm_state , cm_min_price , cm_max_price) values(1011658,6218,'2021款 1.2L标准型封窗车空调版5座LSI','2021款',12,1,47550,47550);
insert into t_car_series(cs_id,cbf_id,cs_name,cs_order,cs_letter) values(3657,59,'五菱荣光V',4562,'W');
insert into t_car_model(cm_id , cs_id , cm_name,cm_type ,cm_order , cm_state , cm_min_price , cm_max_price) values(1007822,3657,'2019款 1.5L实用型国VI LAR','2019款',1,1,44800,44800);
insert into t_car_model(cm_id , cs_id , cm_name,cm_type ,cm_order , cm_state , cm_min_price , cm_max_price) values(1007821,3657,'2019款 1.5L标准型国VI LAR','2019款',2,1,49800,49800);
insert into t_car_model(cm_id , cs_id , cm_name,cm_type ,cm_order , cm_state , cm_min_price , cm_max_price) values(1007820,3657,'2019款 1.5L封窗车实用型国VI LAR','2019款',3,1,46200,46200);
insert into t_car_model(cm_id , cs_id , cm_name,cm_type ,cm_order , cm_state , cm_min_price , cm_max_price) values(1007620,3657,'2019款 1.2L厢式运输车实用型','2019款',4,1,41200,41200);
insert into t_car_model(cm_id , cs_id , cm_name,cm_type ,cm_order , cm_state , cm_min_price , cm_max_price) values(1007619,3657,'2019款 1.5L厢式运输车实用型','2019款',5,1,43200,43200);
insert into t_car_model(cm_id , cs_id , cm_name,cm_type ,cm_order , cm_state , cm_min_price , cm_max_price) values(1006716,3657,'2018款 1.2L实用型','2018款',1,1,39800,39800);
insert into t_car_model(cm_id , cs_id , cm_name,cm_type ,cm_order , cm_state , cm_min_price , cm_max_price) values(1006714,3657,'2018款 1.2L标准型','2018款',2,1,43800,43800);
insert into t_car_model(cm_id , cs_id , cm_name,cm_type ,cm_order , cm_state , cm_min_price , cm_max_price) values(1006717,3657,'2018款 1.5L实用型','2018款',3,1,41800,41800);
insert into t_car_model(cm_id , cs_id , cm_name,cm_type ,cm_order , cm_state , cm_min_price , cm_max_price) values(1006715,3657,'2018款 1.5L标准型','2018款',4,1,46800,46800);
insert into t_car_model(cm_id , cs_id , cm_name,cm_type ,cm_order , cm_state , cm_min_price , cm_max_price) values(1003698,3657,'2016款 1.2L实用型 无助力','2016款',1,1,38800,38800);
insert into t_car_model(cm_id , cs_id , cm_name,cm_type ,cm_order , cm_state , cm_min_price , cm_max_price) values(1004246,3657,'2016款 1.2L实用型','2016款',2,1,38800,38800);
insert into t_car_model(cm_id , cs_id , cm_name,cm_type ,cm_order , cm_state , cm_min_price , cm_max_price) values(1003700,3657,'2016款 1.2L标准型','2016款',3,1,42800,42800);
insert into t_car_model(cm_id , cs_id , cm_name,cm_type ,cm_order , cm_state , cm_min_price , cm_max_price) values(1003697,3657,'2016款 1.5L实用型 无助力','2016款',4,1,40800,40800);
insert into t_car_model(cm_id , cs_id , cm_name,cm_type ,cm_order , cm_state , cm_min_price , cm_max_price) values(1004245,3657,'2016款 1.5L实用型','2016款',5,1,40800,40800);
insert into t_car_model(cm_id , cs_id , cm_name,cm_type ,cm_order , cm_state , cm_min_price , cm_max_price) values(1003699,3657,'2016款 1.5L标准型','2016款',6,1,45800,45800);
insert into t_car_model(cm_id , cs_id , cm_name,cm_type ,cm_order , cm_state , cm_min_price , cm_max_price) values(1003202,3657,'2015款 1.2L实用型','2015款',1,1,42800,42800);
insert into t_car_model(cm_id , cs_id , cm_name,cm_type ,cm_order , cm_state , cm_min_price , cm_max_price) values(1003204,3657,'2015款 1.2L基本型','2015款',2,1,45800,45800);
insert into t_car_model(cm_id , cs_id , cm_name,cm_type ,cm_order , cm_state , cm_min_price , cm_max_price) values(1003165,3657,'2015款 1.2L标准型','2015款',3,1,48800,48800);
insert into t_car_model(cm_id , cs_id , cm_name,cm_type ,cm_order , cm_state , cm_min_price , cm_max_price) values(1003201,3657,'2015款 1.5L实用型','2015款',4,1,45800,45800);
insert into t_car_model(cm_id , cs_id , cm_name,cm_type ,cm_order , cm_state , cm_min_price , cm_max_price) values(1003203,3657,'2015款 1.5L基本型','2015款',5,1,48800,48800);
insert into t_car_model(cm_id , cs_id , cm_name,cm_type ,cm_order , cm_state , cm_min_price , cm_max_price) values(1002948,3657,'2015款 1.5L标准型','2015款',6,1,51800,51800);
insert into t_car_series(cs_id,cbf_id,cs_name,cs_order,cs_letter) values(2456,59,'五菱之光',4563,'W');
insert into t_car_model(cm_id , cs_id , cm_name,cm_type ,cm_order , cm_state , cm_min_price , cm_max_price) values(1009158,2456,'2020款 1.2L 实用型 国VI LSI','2020款',1,1,35100,35100);
insert into t_car_model(cm_id , cs_id , cm_name,cm_type ,cm_order , cm_state , cm_min_price , cm_max_price) values(1009451,2456,'2020款 1.2L 厢式运输车实用型 国VI 2座 LSI','2020款',2,1,36500,36500);
insert into t_car_model(cm_id , cs_id , cm_name,cm_type ,cm_order , cm_state , cm_min_price , cm_max_price) values(1009452,2456,'2020款 1.2L 厢式运输车实用型 国VI 5座 LSI','2020款',3,1,36800,36800);
insert into t_car_model(cm_id , cs_id , cm_name,cm_type ,cm_order , cm_state , cm_min_price , cm_max_price) values(1007633,2456,'2019款 1.2L 厢式运输车实用型2座','2019款',1,1,32300,32300);
insert into t_car_model(cm_id , cs_id , cm_name,cm_type ,cm_order , cm_state , cm_min_price , cm_max_price) values(1007636,2456,'2019款 1.2L S 实用型','2019款',2,1,32300,32300);
insert into t_car_model(cm_id , cs_id , cm_name,cm_type ,cm_order , cm_state , cm_min_price , cm_max_price) values(1007634,2456,'2019款 1.2L 厢式运输车实用型5座','2019款',3,1,32600,32600);
insert into t_car_model(cm_id , cs_id , cm_name,cm_type ,cm_order , cm_state , cm_min_price , cm_max_price) values(1007631,2456,'2019款 1.2L 加长厢式运输车实用型2座','2019款',4,1,33700,33700);
insert into t_car_model(cm_id , cs_id , cm_name,cm_type ,cm_order , cm_state , cm_min_price , cm_max_price) values(1007637,2456,'2019款 1.2L 加长版','2019款',5,1,33800,33800);
insert into t_car_model(cm_id , cs_id , cm_name,cm_type ,cm_order , cm_state , cm_min_price , cm_max_price) values(1007632,2456,'2019款 1.2L 加长厢式运输车实用型5座','2019款',6,1,34000,34000);
insert into t_car_model(cm_id , cs_id , cm_name,cm_type ,cm_order , cm_state , cm_min_price , cm_max_price) values(1007635,2456,'2019款 1.2L S 标准型','2019款',7,1,34900,34900);
insert into t_car_model(cm_id , cs_id , cm_name,cm_type ,cm_order , cm_state , cm_min_price , cm_max_price) values(1003936,2456,'2015款 1.2L 实用型LSI','2015款',1,1,30800,30800);
insert into t_car_model(cm_id , cs_id , cm_name,cm_type ,cm_order , cm_state , cm_min_price , cm_max_price) values(1003935,2456,'2015款 1.2L 标准型LSI','2015款',2,1,33000,33000);
insert into t_car_model(cm_id , cs_id , cm_name,cm_type ,cm_order , cm_state , cm_min_price , cm_max_price) values(1003453,2456,'2015款 1.2L S 实用型LSI','2015款',3,1,32300,32300);
insert into t_car_model(cm_id , cs_id , cm_name,cm_type ,cm_order , cm_state , cm_min_price , cm_max_price) values(1003454,2456,'2015款 1.2L S 标准型LSI','2015款',4,1,34900,34900);
insert into t_car_model(cm_id , cs_id , cm_name,cm_type ,cm_order , cm_state , cm_min_price , cm_max_price) values(1002444,2456,'2014款 1.2L 加长版LD6','2014款',1,1,35800,35800);
insert into t_car_model(cm_id , cs_id , cm_name,cm_type ,cm_order , cm_state , cm_min_price , cm_max_price) values(1001709,2456,'2013款 1.0L 实用型','2013款',1,1,29800,29800);
insert into t_car_model(cm_id , cs_id , cm_name,cm_type ,cm_order , cm_state , cm_min_price , cm_max_price) values(1001708,2456,'2013款 1.0L 基本型','2013款',2,1,33000,33000);
insert into t_car_model(cm_id , cs_id , cm_name,cm_type ,cm_order , cm_state , cm_min_price , cm_max_price) values(1000033,2456,'2010款 1.0L立业版','2010款',1,1,29800,29800);
insert into t_car_model(cm_id , cs_id , cm_name,cm_type ,cm_order , cm_state , cm_min_price , cm_max_price) values(1000034,2456,'2010款 1.0L基本型','2010款',2,1,33000,33000);
insert into t_car_model(cm_id , cs_id , cm_name,cm_type ,cm_order , cm_state , cm_min_price , cm_max_price) values(1000032,2456,'2010款 1.0L加长版 基本型','2010款',3,1,32800,46000);
insert into t_car_model(cm_id , cs_id , cm_name,cm_type ,cm_order , cm_state , cm_min_price , cm_max_price) values(1000014,2456,'2010款 1.0L新版立业型短车身','2010款',4,1,29800,46000);
insert into t_car_model(cm_id , cs_id , cm_name,cm_type ,cm_order , cm_state , cm_min_price , cm_max_price) values(1000015,2456,'2010款 1.0L新版立业型长车身','2010款',5,1,29800,46000);
insert into t_car_model(cm_id , cs_id , cm_name,cm_type ,cm_order , cm_state , cm_min_price , cm_max_price) values(1000016,2456,'2010款 1.0L新版实用型短车身','2010款',6,1,29800,46000);
insert into t_car_model(cm_id , cs_id , cm_name,cm_type ,cm_order , cm_state , cm_min_price , cm_max_price) values(1000020,2456,'2010款 1.0L新版实用型长车身','2010款',7,1,29800,46000);
insert into t_car_model(cm_id , cs_id , cm_name,cm_type ,cm_order , cm_state , cm_min_price , cm_max_price) values(1000017,2456,'2010款 1.0L新版实用型短车身L2Y','2010款',8,1,40300,44800);
insert into t_car_model(cm_id , cs_id , cm_name,cm_type ,cm_order , cm_state , cm_min_price , cm_max_price) values(1000021,2456,'2010款 1.0L新版实用型长车身L2Y','2010款',9,1,40300,44800);
insert into t_car_model(cm_id , cs_id , cm_name,cm_type ,cm_order , cm_state , cm_min_price , cm_max_price) values(1000018,2456,'2010款 1.1L新版实用型短车身LXA','2010款',10,1,40300,44800);
insert into t_car_model(cm_id , cs_id , cm_name,cm_type ,cm_order , cm_state , cm_min_price , cm_max_price) values(1000022,2456,'2010款 1.1L新版实用型长车身LXA','2010款',11,1,40300,44800);
insert into t_car_model(cm_id , cs_id , cm_name,cm_type ,cm_order , cm_state , cm_min_price , cm_max_price) values(1000024,2456,'2010款 1.1L新版标准型I短车身LXA','2010款',12,1,42800,46800);
insert into t_car_model(cm_id , cs_id , cm_name,cm_type ,cm_order , cm_state , cm_min_price , cm_max_price) values(1000026,2456,'2010款 1.1L新版标准型I长车身LXA','2010款',13,1,42800,46800);
insert into t_car_model(cm_id , cs_id , cm_name,cm_type ,cm_order , cm_state , cm_min_price , cm_max_price) values(1000028,2456,'2010款 1.1L新版标准型II短车身LXA','2010款',14,1,47000,47000);
insert into t_car_model(cm_id , cs_id , cm_name,cm_type ,cm_order , cm_state , cm_min_price , cm_max_price) values(1000030,2456,'2010款 1.1L新版标准型II长车身LXA','2010款',15,1,47000,47000);
insert into t_car_model(cm_id , cs_id , cm_name,cm_type ,cm_order , cm_state , cm_min_price , cm_max_price) values(1000019,2456,'2010款 1.2L新版实用型短车身LAQ','2010款',16,1,42200,44800);
insert into t_car_model(cm_id , cs_id , cm_name,cm_type ,cm_order , cm_state , cm_min_price , cm_max_price) values(1000023,2456,'2010款 1.2L新版实用型长车身LAQ','2010款',17,1,42200,44800);
insert into t_car_model(cm_id , cs_id , cm_name,cm_type ,cm_order , cm_state , cm_min_price , cm_max_price) values(1000025,2456,'2010款 1.2L新版标准型I短车身LAQ','2010款',18,1,43800,47800);
insert into t_car_model(cm_id , cs_id , cm_name,cm_type ,cm_order , cm_state , cm_min_price , cm_max_price) values(1000027,2456,'2010款 1.2L新版标准型I长车身LAQ','2010款',19,1,43800,47800);
insert into t_car_model(cm_id , cs_id , cm_name,cm_type ,cm_order , cm_state , cm_min_price , cm_max_price) values(1000029,2456,'2010款 1.2L新版标准型II短车身LAQ','2010款',20,1,48000,48000);
insert into t_car_model(cm_id , cs_id , cm_name,cm_type ,cm_order , cm_state , cm_min_price , cm_max_price) values(1000031,2456,'2010款 1.2L新版标准型II长车身LAQ','2010款',21,1,48000,48000);
insert into t_car_model(cm_id , cs_id , cm_name,cm_type ,cm_order , cm_state , cm_min_price , cm_max_price) values(1000711,2456,'2008款 1.0L基本型','2008款',1,1,38500,38500);
insert into t_car_model(cm_id , cs_id , cm_name,cm_type ,cm_order , cm_state , cm_min_price , cm_max_price) values(1000712,2456,'2008款 1.0L标准型','2008款',2,1,36000,36000);
insert into t_car_model(cm_id , cs_id , cm_name,cm_type ,cm_order , cm_state , cm_min_price , cm_max_price) values(1000709,2456,'2008款 1.1L基本型LXA','2008款',3,1,37000,37000);
insert into t_car_model(cm_id , cs_id , cm_name,cm_type ,cm_order , cm_state , cm_min_price , cm_max_price) values(1000710,2456,'2008款 1.2L基本型LAQ','2008款',4,1,43800,43800);
insert into t_car_series(cs_id,cbf_id,cs_name,cs_order,cs_letter) values(2855,59,'五菱荣光小卡',4564,'W');
insert into t_car_model(cm_id , cs_id , cm_name,cm_type ,cm_order , cm_state , cm_min_price , cm_max_price) values(1011645,2855,'2021款 1.2L基本型单排LSI','2021款',1,1,39600,39600);
insert into t_car_model(cm_id , cs_id , cm_name,cm_type ,cm_order , cm_state , cm_min_price , cm_max_price) values(1011643,2855,'2021款 1.2L标准型助力版单排LSI','2021款',2,1,42300,42300);
insert into t_car_model(cm_id , cs_id , cm_name,cm_type ,cm_order , cm_state , cm_min_price , cm_max_price) values(1011641,2855,'2021款 1.2L标准型空调版单排LSI','2021款',3,1,43950,43950);
insert into t_car_model(cm_id , cs_id , cm_name,cm_type ,cm_order , cm_state , cm_min_price , cm_max_price) values(1011644,2855,'2021款 1.2L基本型双排LSI','2021款',4,1,42900,42900);
insert into t_car_model(cm_id , cs_id , cm_name,cm_type ,cm_order , cm_state , cm_min_price , cm_max_price) values(1011642,2855,'2021款 1.2L标准型助力版双排LSI','2021款',5,1,45800,45800);
insert into t_car_model(cm_id , cs_id , cm_name,cm_type ,cm_order , cm_state , cm_min_price , cm_max_price) values(1011640,2855,'2021款 1.2L标准型空调版双排LSI','2021款',6,1,47450,47450);
insert into t_car_model(cm_id , cs_id , cm_name,cm_type ,cm_order , cm_state , cm_min_price , cm_max_price) values(1011634,2855,'2021款 1.5L基本型单排L3C','2021款',7,1,42100,42100);
insert into t_car_model(cm_id , cs_id , cm_name,cm_type ,cm_order , cm_state , cm_min_price , cm_max_price) values(1011636,2855,'2021款 1.5L标准型助力版单排L3C','2021款',8,1,44800,44800);
insert into t_car_model(cm_id , cs_id , cm_name,cm_type ,cm_order , cm_state , cm_min_price , cm_max_price) values(1011638,2855,'2021款 1.5L标准型空调版单排L3C','2021款',9,1,46450,46450);
insert into t_car_model(cm_id , cs_id , cm_name,cm_type ,cm_order , cm_state , cm_min_price , cm_max_price) values(1011635,2855,'2021款 1.5L基本型双排L3C','2021款',10,1,45900,45900);
insert into t_car_model(cm_id , cs_id , cm_name,cm_type ,cm_order , cm_state , cm_min_price , cm_max_price) values(1011637,2855,'2021款 1.5L标准型助力版双排L3C','2021款',11,1,48800,48800);
insert into t_car_model(cm_id , cs_id , cm_name,cm_type ,cm_order , cm_state , cm_min_price , cm_max_price) values(1011639,2855,'2021款 1.5L标准型空调版双排L3C','2021款',12,1,50450,50450);
insert into t_car_model(cm_id , cs_id , cm_name,cm_type ,cm_order , cm_state , cm_min_price , cm_max_price) values(1009190,2855,'2020款 1.2L基本型 国VI 单排LSI','2020款',1,1,39600,39600);
insert into t_car_model(cm_id , cs_id , cm_name,cm_type ,cm_order , cm_state , cm_min_price , cm_max_price) values(1009191,2855,'2020款 1.2L基本型 国VI 双排LSI','2020款',2,1,42900,42900);
insert into t_car_model(cm_id , cs_id , cm_name,cm_type ,cm_order , cm_state , cm_min_price , cm_max_price) values(1009188,2855,'2020款 1.5L基本型 国VI 单排L3C','2020款',3,1,44800,44800);
insert into t_car_model(cm_id , cs_id , cm_name,cm_type ,cm_order , cm_state , cm_min_price , cm_max_price) values(1009189,2855,'2020款 1.5L基本型 国VI 双排L3C','2020款',4,1,48800,48800);
insert into t_car_model(cm_id , cs_id , cm_name,cm_type ,cm_order , cm_state , cm_min_price , cm_max_price) values(1007815,2855,'2019款 1.5L基本型单排国VI L3C','2019款',1,1,42100,42100);
insert into t_car_model(cm_id , cs_id , cm_name,cm_type ,cm_order , cm_state , cm_min_price , cm_max_price) values(1007816,2855,'2019款 1.5L基本型双排国VI L3C','2019款',2,1,45900,45900);
insert into t_car_model(cm_id , cs_id , cm_name,cm_type ,cm_order , cm_state , cm_min_price , cm_max_price) values(1007524,2855,'2019款 1.5L基本型单排L3C','2019款',3,1,38100,38100);
insert into t_car_model(cm_id , cs_id , cm_name,cm_type ,cm_order , cm_state , cm_min_price , cm_max_price) values(1007525,2855,'2019款 1.5L基本型双排L3C','2019款',4,1,41900,41900);
insert into t_car_model(cm_id , cs_id , cm_name,cm_type ,cm_order , cm_state , cm_min_price , cm_max_price) values(1007526,2855,'2019款 1.2L基本型单排LSI','2019款',5,1,35600,35600);
insert into t_car_model(cm_id , cs_id , cm_name,cm_type ,cm_order , cm_state , cm_min_price , cm_max_price) values(1007527,2855,'2019款 1.2L基本型双排LSI','2019款',6,1,38900,38900);
insert into t_car_model(cm_id , cs_id , cm_name,cm_type ,cm_order , cm_state , cm_min_price , cm_max_price) values(1005779,2855,'2017款 1.2L单排基本型LSI','2017款',1,1,34600,34600);
insert into t_car_model(cm_id , cs_id , cm_name,cm_type ,cm_order , cm_state , cm_min_price , cm_max_price) values(1005778,2855,'2017款 1.2L双排基本型LSI','2017款',2,1,37900,37900);
insert into t_car_model(cm_id , cs_id , cm_name,cm_type ,cm_order , cm_state , cm_min_price , cm_max_price) values(1005781,2855,'2017款 1.5L单排基本型L3C','2017款',3,1,37100,37100);
insert into t_car_model(cm_id , cs_id , cm_name,cm_type ,cm_order , cm_state , cm_min_price , cm_max_price) values(1005780,2855,'2017款 1.5L双排基本型L3C','2017款',4,1,40900,40900);
insert into t_car_model(cm_id , cs_id , cm_name,cm_type ,cm_order , cm_state , cm_min_price , cm_max_price) values(1001170,2855,'2012款 1.2L单排基本型LAQ','2012款',1,1,37100,37100);
insert into t_car_model(cm_id , cs_id , cm_name,cm_type ,cm_order , cm_state , cm_min_price , cm_max_price) values(1001171,2855,'2012款 1.2L双排基本型LAQ','2012款',2,1,40900,40900);
insert into t_car_model(cm_id , cs_id , cm_name,cm_type ,cm_order , cm_state , cm_min_price , cm_max_price) values(1003252,2855,'2012款 1.5L单排基本型L3C','2012款',3,1,38800,38800);
insert into t_car_model(cm_id , cs_id , cm_name,cm_type ,cm_order , cm_state , cm_min_price , cm_max_price) values(1003253,2855,'2012款 1.5L双排基本型L3C','2012款',4,1,42550,42550);
insert into t_car_series(cs_id,cbf_id,cs_name,cs_order,cs_letter) values(4884,59,'五菱荣光新卡',4565,'W');
insert into t_car_model(cm_id , cs_id , cm_name,cm_type ,cm_order , cm_state , cm_min_price , cm_max_price) values(1010468,4884,'2021款 1.5L汽车下乡版LV0加长单排L3C','2021款',1,1,52800,52800);
insert into t_car_model(cm_id , cs_id , cm_name,cm_type ,cm_order , cm_state , cm_min_price , cm_max_price) values(1010469,4884,'2021款 1.5L汽车下乡版LV0加长双排L3C','2021款',2,1,55800,55800);
insert into t_car_model(cm_id , cs_id , cm_name,cm_type ,cm_order , cm_state , cm_min_price , cm_max_price) values(1010474,4884,'2021款 1.5L汽车下乡版LV1加长单排L3C','2021款',3,1,55800,55800);
insert into t_car_model(cm_id , cs_id , cm_name,cm_type ,cm_order , cm_state , cm_min_price , cm_max_price) values(1010475,4884,'2021款 1.5L汽车下乡版LV1加长双排L3C','2021款',4,1,58800,58800);
insert into t_car_model(cm_id , cs_id , cm_name,cm_type ,cm_order , cm_state , cm_min_price , cm_max_price) values(1010472,4884,'2021款 1.8L汽车下乡版LV0加长单排LJ479Q6','2021款',5,1,56800,56800);
insert into t_car_model(cm_id , cs_id , cm_name,cm_type ,cm_order , cm_state , cm_min_price , cm_max_price) values(1010473,4884,'2021款 1.8L汽车下乡版LV0加长双排LJ479Q6','2021款',6,1,59800,59800);
insert into t_car_model(cm_id , cs_id , cm_name,cm_type ,cm_order , cm_state , cm_min_price , cm_max_price) values(1010470,4884,'2021款 1.8L汽车下乡版LV1加长单排LJ479Q6','2021款',7,1,59800,59800);
insert into t_car_model(cm_id , cs_id , cm_name,cm_type ,cm_order , cm_state , cm_min_price , cm_max_price) values(1010471,4884,'2021款 1.8L汽车下乡版LV1加长双排LJ479Q6','2021款',8,1,62800,62800);
insert into t_car_model(cm_id , cs_id , cm_name,cm_type ,cm_order , cm_state , cm_min_price , cm_max_price) values(1012069,4884,'2021款 1.8L基本型单排双后轮LJ479Q6','2021款',9,1,59800,59800);
insert into t_car_model(cm_id , cs_id , cm_name,cm_type ,cm_order , cm_state , cm_min_price , cm_max_price) values(1012149,4884,'2021款 1.8L基本型双排双后轮LJ479Q6','2021款',10,1,62800,62800);
insert into t_car_model(cm_id , cs_id , cm_name,cm_type ,cm_order , cm_state , cm_min_price , cm_max_price) values(1012150,4884,'2021款 1.8L舒适型单排双后轮LJ479Q6','2021款',11,1,63800,63800);
insert into t_car_model(cm_id , cs_id , cm_name,cm_type ,cm_order , cm_state , cm_min_price , cm_max_price) values(1012151,4884,'2021款 1.8L舒适型双排双后轮LJ479Q6','2021款',12,1,66800,66800);
insert into t_car_model(cm_id , cs_id , cm_name,cm_type ,cm_order , cm_state , cm_min_price , cm_max_price) values(1009246,4884,'2019款 1.5L单排国VI L3C','2019款',1,1,49800,49800);
insert into t_car_model(cm_id , cs_id , cm_name,cm_type ,cm_order , cm_state , cm_min_price , cm_max_price) values(1009245,4884,'2019款 1.5L双排国VI L3C','2019款',2,1,52800,52800);
insert into t_car_model(cm_id , cs_id , cm_name,cm_type ,cm_order , cm_state , cm_min_price , cm_max_price) values(1007814,4884,'2019款 1.8L单排国VI LJ479Q6','2019款',3,1,53800,53800);
insert into t_car_model(cm_id , cs_id , cm_name,cm_type ,cm_order , cm_state , cm_min_price , cm_max_price) values(1007813,4884,'2019款 1.8L双排国VI LJ479Q6','2019款',4,1,56800,56800);
insert into t_car_model(cm_id , cs_id , cm_name,cm_type ,cm_order , cm_state , cm_min_price , cm_max_price) values(1007530,4884,'2019款 1.5L单排L3C','2019款',5,1,46800,46800);
insert into t_car_model(cm_id , cs_id , cm_name,cm_type ,cm_order , cm_state , cm_min_price , cm_max_price) values(1007536,4884,'2019款 1.5L双排L3C','2019款',6,1,49800,49800);
insert into t_car_model(cm_id , cs_id , cm_name,cm_type ,cm_order , cm_state , cm_min_price , cm_max_price) values(1007528,4884,'2019款 1.8L单排LJ479QE2','2019款',7,1,50800,50800);
insert into t_car_model(cm_id , cs_id , cm_name,cm_type ,cm_order , cm_state , cm_min_price , cm_max_price) values(1007535,4884,'2019款 1.8L双排LJ479QE2','2019款',8,1,53800,53800);
insert into t_car_model(cm_id , cs_id , cm_name,cm_type ,cm_order , cm_state , cm_min_price , cm_max_price) values(1006601,4884,'2018款 1.5L单排L3C','2018款',1,1,45800,45800);
insert into t_car_model(cm_id , cs_id , cm_name,cm_type ,cm_order , cm_state , cm_min_price , cm_max_price) values(1006599,4884,'2018款 1.5L双排L3C','2018款',2,1,48800,48800);
insert into t_car_model(cm_id , cs_id , cm_name,cm_type ,cm_order , cm_state , cm_min_price , cm_max_price) values(1006600,4884,'2018款 1.8L单排LJ479QE2','2018款',3,1,49800,49800);
insert into t_car_model(cm_id , cs_id , cm_name,cm_type ,cm_order , cm_state , cm_min_price , cm_max_price) values(1006598,4884,'2018款 1.8L双排LJ479QE2','2018款',4,1,52800,52800);
insert into t_car_series(cs_id,cbf_id,cs_name,cs_order,cs_letter) values(3946,59,'五菱之光小卡',4566,'W');
insert into t_car_model(cm_id , cs_id , cm_name,cm_type ,cm_order , cm_state , cm_min_price , cm_max_price) values(1009159,3946,'2020款 1.2L 单排','2020款',1,1,34900,34900);
insert into t_car_model(cm_id , cs_id , cm_name,cm_type ,cm_order , cm_state , cm_min_price , cm_max_price) values(1009160,3946,'2020款 1.2L 双排','2020款',2,1,37900,37900);
insert into t_car_model(cm_id , cs_id , cm_name,cm_type ,cm_order , cm_state , cm_min_price , cm_max_price) values(1007522,3946,'2019款 1.2L 单排','2019款',1,1,30900,30900);
insert into t_car_model(cm_id , cs_id , cm_name,cm_type ,cm_order , cm_state , cm_min_price , cm_max_price) values(1007523,3946,'2019款 1.2L 双排','2019款',2,1,33900,33900);
insert into t_car_model(cm_id , cs_id , cm_name,cm_type ,cm_order , cm_state , cm_min_price , cm_max_price) values(1003716,3946,'2016款 1.2L 单排LSI','2016款',1,1,29900,29900);
insert into t_car_model(cm_id , cs_id , cm_name,cm_type ,cm_order , cm_state , cm_min_price , cm_max_price) values(1003717,3946,'2016款 1.2L 双排LSI','2016款',2,1,32900,32900);
insert into t_car_series(cs_id,cbf_id,cs_name,cs_order,cs_letter) values(5881,59,'五菱征途',4567,'W');
insert into t_car_model(cm_id , cs_id , cm_name,cm_type ,cm_order , cm_state , cm_min_price , cm_max_price) values(1010966,5881,'2021款 1.5L进取型LAR','2021款',1,1,58800,58800);
insert into t_car_model(cm_id , cs_id , cm_name,cm_type ,cm_order , cm_state , cm_min_price , cm_max_price) values(1010017,5881,'2021款 1.5L开拓型LAR','2021款',2,1,62800,62800);
insert into t_car_series(cs_id,cbf_id,cs_name,cs_order,cs_letter) values(5353,59,'五菱730',4570,'W');
insert into t_car_model(cm_id , cs_id , cm_name,cm_type ,cm_order , cm_state , cm_min_price , cm_max_price) values(44650,5353,'2020款 营运车 1.5L 手动超值版 7座','2020款',1,1,70800,70800);
insert into t_car_model(cm_id , cs_id , cm_name,cm_type ,cm_order , cm_state , cm_min_price , cm_max_price) values(44651,5353,'2020款 营运车 1.5L 手动超值版 8座','2020款',2,1,71000,71000);
insert into t_car_series(cs_id,cbf_id,cs_name,cs_order,cs_letter) values(4270,59,'五菱之光V',4571,'W');
insert into t_car_model(cm_id , cs_id , cm_name,cm_type ,cm_order , cm_state , cm_min_price , cm_max_price) values(1006719,4270,'2018款 1.2L实用型LMH','2018款',1,1,34800,34800);
insert into t_car_model(cm_id , cs_id , cm_name,cm_type ,cm_order , cm_state , cm_min_price , cm_max_price) values(1006718,4270,'2018款 1.2L标准型LMH','2018款',2,1,36800,36800);
insert into t_car_model(cm_id , cs_id , cm_name,cm_type ,cm_order , cm_state , cm_min_price , cm_max_price) values(1004900,4270,'2017款 1.2L基本型 LMH','2017款',1,1,33800,33800);
insert into t_car_model(cm_id , cs_id , cm_name,cm_type ,cm_order , cm_state , cm_min_price , cm_max_price) values(1004899,4270,'2017款 1.2L标准型I LMH','2017款',2,1,35800,35800);
insert into t_car_model(cm_id , cs_id , cm_name,cm_type ,cm_order , cm_state , cm_min_price , cm_max_price) values(1004898,4270,'2017款 1.2L标准型II LMH','2017款',3,1,36800,36800);
insert into t_car_series(cs_id,cbf_id,cs_name,cs_order,cs_letter) values(2506,59,'PN货车',4572,'P');
insert into t_car_model(cm_id , cs_id , cm_name,cm_type ,cm_order , cm_state , cm_min_price , cm_max_price) values(1000320,2506,'2010款 1.0L-1010PLNNF单排','2010款',1,1,36600,36600);
insert into t_car_model(cm_id , cs_id , cm_name,cm_type ,cm_order , cm_state , cm_min_price , cm_max_price) values(1000321,2506,'2010款 1.0L-1020PSLNNF双排','2010款',2,1,39900,39900);
insert into t_car_series(cs_id,cbf_id,cs_name,cs_order,cs_letter) values(3570,59,'五菱征程经典',4573,'W');
insert into t_car_model(cm_id , cs_id , cm_name,cm_type ,cm_order , cm_state , cm_min_price , cm_max_price) values(1003000,3570,'2015款 1.5L舒适型L3C','2015款',1,1,66000,66200);
insert into t_car_model(cm_id , cs_id , cm_name,cm_type ,cm_order , cm_state , cm_min_price , cm_max_price) values(1002999,3570,'2015款 1.8L舒适型LJ479QE2','2015款',2,1,71000,71200);
insert into t_car_model(cm_id , cs_id , cm_name,cm_type ,cm_order , cm_state , cm_min_price , cm_max_price) values(1003001,3570,'2015款 1.8L豪华型LJ479QE2','2015款',3,1,77000,77200);
insert into t_car_brand_factory(cbf_id , cb_id , cbf_name ,cbf_letter) values(597,114,'五菱工业','W');
insert into t_car_series(cs_id,cbf_id,cs_name,cs_order,cs_letter) values(6553,597,'五菱微旅车',4574,'W');
insert into t_car_model(cm_id , cs_id , cm_name,cm_type ,cm_order , cm_state , cm_min_price , cm_max_price) values(54984,6553,'2022款 1.5T 手动舒适版','2022款',1,1,88800,88800);
insert into t_car_model(cm_id , cs_id , cm_name,cm_type ,cm_order , cm_state , cm_min_price , cm_max_price) values(54985,6553,'2022款 1.5T 手动豪华版','2022款',2,1,96800,96800);
insert into t_car_series(cs_id,cbf_id,cs_name,cs_order,cs_letter) values(5708,597,'五菱EV50',4575,'W');
insert into t_car_model(cm_id , cs_id , cm_name,cm_type ,cm_order , cm_state , cm_min_price , cm_max_price) values(1012034,5708,'2021款 厢式物流车慧视通鹏辉43.2kWh柳机电控','2021款',1,1,121800,121800);
insert into t_car_model(cm_id , cs_id , cm_name,cm_type ,cm_order , cm_state , cm_min_price , cm_max_price) values(1012035,5708,'2021款 厢式物流车慧视通鹏辉43.2kWh汇川2代电控','2021款',2,1,121800,121800);
insert into t_car_model(cm_id , cs_id , cm_name,cm_type ,cm_order , cm_state , cm_min_price , cm_max_price) values(1012036,5708,'2021款 厢式物流车慧视通鹏辉43.2kWh通宇电控','2021款',3,1,121800,121800);
insert into t_car_model(cm_id , cs_id , cm_name,cm_type ,cm_order , cm_state , cm_min_price , cm_max_price) values(1012038,5708,'2021款 厢式物流车博创鹏辉43.2kWh汇川2代电控','2021款',4,1,121800,121800);
insert into t_car_model(cm_id , cs_id , cm_name,cm_type ,cm_order , cm_state , cm_min_price , cm_max_price) values(1012037,5708,'2021款 厢式物流车博创鹏辉43.2kWh柳机电控','2021款',5,1,121800,121800);
insert into t_car_model(cm_id , cs_id , cm_name,cm_type ,cm_order , cm_state , cm_min_price , cm_max_price) values(1012044,5708,'2021款 厢式物流车慧视通宁德41.86kWh汇川2代电控','2021款',6,1,128800,128800);
insert into t_car_model(cm_id , cs_id , cm_name,cm_type ,cm_order , cm_state , cm_min_price , cm_max_price) values(1012039,5708,'2021款 厢式物流车博创宁德41.86kWh柳机电控','2021款',7,1,128800,128800);
insert into t_car_model(cm_id , cs_id , cm_name,cm_type ,cm_order , cm_state , cm_min_price , cm_max_price) values(1012045,5708,'2021款 厢式物流车慧视通宁德41.86kWh柳机电控','2021款',8,1,128800,128800);
insert into t_car_model(cm_id , cs_id , cm_name,cm_type ,cm_order , cm_state , cm_min_price , cm_max_price) values(1012040,5708,'2021款 厢式物流车力神41.6kWh柳机电控','2021款',9,1,123800,123800);
insert into t_car_model(cm_id , cs_id , cm_name,cm_type ,cm_order , cm_state , cm_min_price , cm_max_price) values(1012041,5708,'2021款 厢式物流车力神41.6kWh通宇电控','2021款',10,1,123800,123800);
insert into t_car_model(cm_id , cs_id , cm_name,cm_type ,cm_order , cm_state , cm_min_price , cm_max_price) values(1012042,5708,'2021款 厢式物流车鹏辉36.16kWh柳机电控','2021款',11,1,116800,116800);
insert into t_car_model(cm_id , cs_id , cm_name,cm_type ,cm_order , cm_state , cm_min_price , cm_max_price) values(1012043,5708,'2021款 厢式物流车鹏辉36.16kWh通宇电控','2021款',12,1,116800,116800);
insert into t_car_model(cm_id , cs_id , cm_name,cm_type ,cm_order , cm_state , cm_min_price , cm_max_price) values(1009248,5708,'2020款 纯电动厢式物流车鹏辉不加热电池','2020款',1,1,108000,108000);
insert into t_car_model(cm_id , cs_id , cm_name,cm_type ,cm_order , cm_state , cm_min_price , cm_max_price) values(1009784,5708,'2020款 纯电动厢式物流车鹏辉加热电池','2020款',2,1,110700,110700);
insert into t_car_model(cm_id , cs_id , cm_name,cm_type ,cm_order , cm_state , cm_min_price , cm_max_price) values(1009304,5708,'2020款 纯电动厢式物流车宁德加热电池','2020款',3,1,117000,117000);
insert into t_car_model(cm_id , cs_id , cm_name,cm_type ,cm_order , cm_state , cm_min_price , cm_max_price) values(1010329,5708,'2020款 纯电动5座版宁德加热电池','2020款',4,1,119800,119800);
insert into t_car_model(cm_id , cs_id , cm_name,cm_type ,cm_order , cm_state , cm_min_price , cm_max_price) values(1010330,5708,'2020款 纯电动5座版鹏辉加热电池','2020款',5,1,113800,113800);
insert into t_car_model(cm_id , cs_id , cm_name,cm_type ,cm_order , cm_state , cm_min_price , cm_max_price) values(1010328,5708,'2020款 纯电动5座版鹏辉不加热电池','2020款',6,1,111800,111800);
insert into t_car_series(cs_id,cbf_id,cs_name,cs_order,cs_letter) values(6204,597,'五菱电卡',4576,'W');
insert into t_car_model(cm_id , cs_id , cm_name,cm_type ,cm_order , cm_state , cm_min_price , cm_max_price) values(1011608,6204,'2021款 载货车鹏辉43.2kWh柳机电控','2021款',1,1,120800,120800);
insert into t_car_model(cm_id , cs_id , cm_name,cm_type ,cm_order , cm_state , cm_min_price , cm_max_price) values(1011609,6204,'2021款 载货车宁德41.86kWh汇川2代电控','2021款',2,1,128800,128800);
insert into t_car_model(cm_id , cs_id , cm_name,cm_type ,cm_order , cm_state , cm_min_price , cm_max_price) values(1011610,6204,'2021款 载货车宁德41.86kWh通宇电控','2021款',3,1,128800,128800);
insert into t_car_model(cm_id , cs_id , cm_name,cm_type ,cm_order , cm_state , cm_min_price , cm_max_price) values(1011611,6204,'2021款 载货车力神41.6kWh汇川2代电控','2021款',4,1,122800,122800);
insert into t_car_model(cm_id , cs_id , cm_name,cm_type ,cm_order , cm_state , cm_min_price , cm_max_price) values(1011612,6204,'2021款 载货车力神41.6kWh通宇电控','2021款',5,1,122800,122800);
insert into t_car_model(cm_id , cs_id , cm_name,cm_type ,cm_order , cm_state , cm_min_price , cm_max_price) values(1011613,6204,'2021款 载货车鹏辉36.16kWh柳机电控','2021款',6,1,115800,115800);
insert into t_car_model(cm_id , cs_id , cm_name,cm_type ,cm_order , cm_state , cm_min_price , cm_max_price) values(1011614,6204,'2021款 载货车鹏辉36.16kWh通宇电控','2021款',7,1,115800,115800);
insert into t_car_model(cm_id , cs_id , cm_name,cm_type ,cm_order , cm_state , cm_min_price , cm_max_price) values(1011615,6204,'2021款 厢式运输车2.91米货箱宁德41.86kWh汇川2代电控','2021款',8,1,135800,135800);
insert into t_car_model(cm_id , cs_id , cm_name,cm_type ,cm_order , cm_state , cm_min_price , cm_max_price) values(1011616,6204,'2021款 厢式运输车2.91米货箱宁德41.86kWh通宇电控','2021款',9,1,135800,135800);
insert into t_car_model(cm_id , cs_id , cm_name,cm_type ,cm_order , cm_state , cm_min_price , cm_max_price) values(1011617,6204,'2021款 厢式运输车2.91米货箱力神41.6kWh汇川2代电控','2021款',10,1,128800,128800);
insert into t_car_model(cm_id , cs_id , cm_name,cm_type ,cm_order , cm_state , cm_min_price , cm_max_price) values(1011618,6204,'2021款 厢式运输车2.91米货箱力神41.6kWh通宇电控','2021款',11,1,128800,128800);
insert into t_car_model(cm_id , cs_id , cm_name,cm_type ,cm_order , cm_state , cm_min_price , cm_max_price) values(1011619,6204,'2021款 厢式运输车2.9米货箱宁德41.86kWh汇川2代电控','2021款',12,1,138800,138800);
insert into t_car_model(cm_id , cs_id , cm_name,cm_type ,cm_order , cm_state , cm_min_price , cm_max_price) values(1011620,6204,'2021款 厢式运输车2.9米货箱宁德41.86kWh通宇电控','2021款',13,1,138800,138800);
insert into t_car_model(cm_id , cs_id , cm_name,cm_type ,cm_order , cm_state , cm_min_price , cm_max_price) values(1011621,6204,'2021款 厢式运输车2.9米货箱力神41.6kWh汇川2代电控','2021款',14,1,131800,131800);
insert into t_car_model(cm_id , cs_id , cm_name,cm_type ,cm_order , cm_state , cm_min_price , cm_max_price) values(1011622,6204,'2021款 厢式运输车2.9米货箱力神41.6kWh通宇电控','2021款',15,1,131800,131800);
insert into t_car_model(cm_id , cs_id , cm_name,cm_type ,cm_order , cm_state , cm_min_price , cm_max_price) values(1011623,6204,'2021款 仓栅式运输车宁德41.86kWh汇川2代电控','2021款',16,1,132800,132800);
insert into t_car_model(cm_id , cs_id , cm_name,cm_type ,cm_order , cm_state , cm_min_price , cm_max_price) values(1011624,6204,'2021款 仓栅式运输车宁德41.86kWh通宇电控','2021款',17,1,132800,132800);
insert into t_car_model(cm_id , cs_id , cm_name,cm_type ,cm_order , cm_state , cm_min_price , cm_max_price) values(1011625,6204,'2021款 仓栅式运输车力神41.6kWh汇川2代电控','2021款',18,1,125800,125800);
insert into t_car_model(cm_id , cs_id , cm_name,cm_type ,cm_order , cm_state , cm_min_price , cm_max_price) values(1011626,6204,'2021款 仓栅式运输车力神41.6kWh通宇电控','2021款',19,1,125800,125800);
insert into t_car_series(cs_id,cbf_id,cs_name,cs_order,cs_letter) values(5774,597,'五菱荣光小卡专用车',4577,'W');
insert into t_car_model(cm_id , cs_id , cm_name,cm_type ,cm_order , cm_state , cm_min_price , cm_max_price) values(1011945,5774,'2021款 1.5L单排翼开启售货车电动飞翼款L3C','2021款',1,1,53800,53800);
insert into t_car_model(cm_id , cs_id , cm_name,cm_type ,cm_order , cm_state , cm_min_price , cm_max_price) values(1011948,5774,'2021款 1.5L单排单层货柜车L3C','2021款',2,1,49600,49600);
insert into t_car_model(cm_id , cs_id , cm_name,cm_type ,cm_order , cm_state , cm_min_price , cm_max_price) values(1011947,5774,'2021款 1.5L单排双层货柜车L3C','2021款',3,1,51550,51550);
insert into t_car_model(cm_id , cs_id , cm_name,cm_type ,cm_order , cm_state , cm_min_price , cm_max_price) values(1011946,5774,'2021款 1.5L双排加强型仓栅车L3C','2021款',4,1,52250,52250);
insert into t_car_model(cm_id , cs_id , cm_name,cm_type ,cm_order , cm_state , cm_min_price , cm_max_price) values(1009478,5774,'2020款 1.5L单排翼开启售货车L3C','2020款',1,1,55800,58800);
insert into t_car_series(cs_id,cbf_id,cs_name,cs_order,cs_letter) values(5775,597,'五菱荣光新卡专用车',4578,'W');
insert into t_car_model(cm_id , cs_id , cm_name,cm_type ,cm_order , cm_state , cm_min_price , cm_max_price) values(1011950,5775,'2021款 1.8L单排单层货柜车LJ479Q6','2021款',1,1,62300,62300);
insert into t_car_model(cm_id , cs_id , cm_name,cm_type ,cm_order , cm_state , cm_min_price , cm_max_price) values(1011949,5775,'2021款 1.5L双排加强型仓栅车L3C','2021款',2,1,59150,59150);
insert into t_car_model(cm_id , cs_id , cm_name,cm_type ,cm_order , cm_state , cm_min_price , cm_max_price) values(1009479,5775,'2020款 1.8L单排翼开启售货车LJ479Q6','2020款',1,1,67800,69800);
