insert into t_car_brand_factory(cbf_id , cb_id , cbf_name ,cbf_letter) values(122,47,'上汽通用凯迪拉克','S');
insert into t_car_series(cs_id,cbf_id,cs_name,cs_order,cs_letter) values(6404,122,'LYRIQ',2790,'L');
insert into t_car_model(cm_id , cs_id , cm_name,cm_type ,cm_order , cm_state , cm_min_price , cm_max_price) values(53345,6404,'2022款 后驱长续航豪华版','2022款',1,1,439700,439700);
insert into t_car_series(cs_id,cbf_id,cs_name,cs_order,cs_letter) values(5593,122,'凯迪拉克CT4',2791,'K');
insert into t_car_model(cm_id , cs_id , cm_name,cm_type ,cm_order , cm_state , cm_min_price , cm_max_price) values(54829,5593,'2022款 28T 风尚型','2022款',1,1,239700,239700);
insert into t_car_model(cm_id , cs_id , cm_name,cm_type ,cm_order , cm_state , cm_min_price , cm_max_price) values(54824,5593,'2022款 28T 豪华型','2022款',2,1,251700,251700);
insert into t_car_model(cm_id , cs_id , cm_name,cm_type ,cm_order , cm_state , cm_min_price , cm_max_price) values(54969,5593,'2022款 28T 尊贵型','2022款',3,1,259700,259700);
insert into t_car_model(cm_id , cs_id , cm_name,cm_type ,cm_order , cm_state , cm_min_price , cm_max_price) values(48793,5593,'2021款 28T 风尚型','2021款',1,1,239700,239700);
insert into t_car_model(cm_id , cs_id , cm_name,cm_type ,cm_order , cm_state , cm_min_price , cm_max_price) values(49837,5593,'2021款 28T 豪华型','2021款',2,1,251700,251700);
insert into t_car_model(cm_id , cs_id , cm_name,cm_type ,cm_order , cm_state , cm_min_price , cm_max_price) values(48794,5593,'2021款 28T 尊贵型','2021款',3,1,259700,259700);
insert into t_car_model(cm_id , cs_id , cm_name,cm_type ,cm_order , cm_state , cm_min_price , cm_max_price) values(44899,5593,'2020款 28T 时尚型','2020款',1,1,239700,239700);
insert into t_car_model(cm_id , cs_id , cm_name,cm_type ,cm_order , cm_state , cm_min_price , cm_max_price) values(43531,5593,'2020款 28T 精英型','2020款',2,1,259700,259700);
insert into t_car_series(cs_id,cbf_id,cs_name,cs_order,cs_letter) values(5349,122,'凯迪拉克CT5',2792,'K');
insert into t_car_model(cm_id , cs_id , cm_name,cm_type ,cm_order , cm_state , cm_min_price , cm_max_price) values(54739,5349,'2022款 28T 风尚型','2022款',1,1,279700,279700);
insert into t_car_model(cm_id , cs_id , cm_name,cm_type ,cm_order , cm_state , cm_min_price , cm_max_price) values(55452,5349,'2022款 改款 28T 豪华型','2022款',2,1,299700,299700);
insert into t_car_model(cm_id , cs_id , cm_name,cm_type ,cm_order , cm_state , cm_min_price , cm_max_price) values(54741,5349,'2022款 28T 尊贵型','2022款',3,1,320700,320700);
insert into t_car_model(cm_id , cs_id , cm_name,cm_type ,cm_order , cm_state , cm_min_price , cm_max_price) values(54742,5349,'2022款 28T 铂金型','2022款',4,1,341700,341700);
insert into t_car_model(cm_id , cs_id , cm_name,cm_type ,cm_order , cm_state , cm_min_price , cm_max_price) values(54740,5349,'2022款 28T 豪华型','2022款',5,1,299700,299700);
insert into t_car_model(cm_id , cs_id , cm_name,cm_type ,cm_order , cm_state , cm_min_price , cm_max_price) values(48581,5349,'2021款 28T 技术型','2021款',1,1,279700,279700);
insert into t_car_model(cm_id , cs_id , cm_name,cm_type ,cm_order , cm_state , cm_min_price , cm_max_price) values(48576,5349,'2021款 28T 时尚型','2021款',2,1,289700,289700);
insert into t_car_model(cm_id , cs_id , cm_name,cm_type ,cm_order , cm_state , cm_min_price , cm_max_price) values(48577,5349,'2021款 28T 时尚运动型','2021款',3,1,294700,294700);
insert into t_car_model(cm_id , cs_id , cm_name,cm_type ,cm_order , cm_state , cm_min_price , cm_max_price) values(48578,5349,'2021款 28T 豪华型','2021款',4,1,299700,299700);
insert into t_car_model(cm_id , cs_id , cm_name,cm_type ,cm_order , cm_state , cm_min_price , cm_max_price) values(48579,5349,'2021款 28T 领先运动型','2021款',5,1,309700,309700);
insert into t_car_model(cm_id , cs_id , cm_name,cm_type ,cm_order , cm_state , cm_min_price , cm_max_price) values(48580,5349,'2021款 28T 铂金运动型','2021款',6,1,341700,341700);
insert into t_car_model(cm_id , cs_id , cm_name,cm_type ,cm_order , cm_state , cm_min_price , cm_max_price) values(51173,5349,'2021款 28T 尊贵型','2021款',7,1,322700,322700);
insert into t_car_model(cm_id , cs_id , cm_name,cm_type ,cm_order , cm_state , cm_min_price , cm_max_price) values(51171,5349,'2021款 28T 风尚型','2021款',8,1,279700,279700);
insert into t_car_model(cm_id , cs_id , cm_name,cm_type ,cm_order , cm_state , cm_min_price , cm_max_price) values(51172,5349,'2021款 改款 28T 豪华型','2021款',9,1,299700,299700);
insert into t_car_model(cm_id , cs_id , cm_name,cm_type ,cm_order , cm_state , cm_min_price , cm_max_price) values(53645,5349,'2021款 改款 28T 尊贵型','2021款',10,1,320700,320700);
insert into t_car_model(cm_id , cs_id , cm_name,cm_type ,cm_order , cm_state , cm_min_price , cm_max_price) values(51174,5349,'2021款 28T 铂金型','2021款',11,1,341700,341700);
insert into t_car_model(cm_id , cs_id , cm_name,cm_type ,cm_order , cm_state , cm_min_price , cm_max_price) values(42004,5349,'2020款 28T 技术型','2020款',1,1,279700,279700);
insert into t_car_model(cm_id , cs_id , cm_name,cm_type ,cm_order , cm_state , cm_min_price , cm_max_price) values(42031,5349,'2020款 28T 时尚型','2020款',2,1,289700,289700);
insert into t_car_model(cm_id , cs_id , cm_name,cm_type ,cm_order , cm_state , cm_min_price , cm_max_price) values(42032,5349,'2020款 28T 时尚运动型','2020款',3,1,294700,294700);
insert into t_car_model(cm_id , cs_id , cm_name,cm_type ,cm_order , cm_state , cm_min_price , cm_max_price) values(42019,5349,'2020款 28T 豪华型','2020款',4,1,299700,299700);
insert into t_car_model(cm_id , cs_id , cm_name,cm_type ,cm_order , cm_state , cm_min_price , cm_max_price) values(42033,5349,'2020款 28T 领先运动型','2020款',5,1,309700,309700);
insert into t_car_model(cm_id , cs_id , cm_name,cm_type ,cm_order , cm_state , cm_min_price , cm_max_price) values(40076,5349,'2020款 28T 铂金运动版','2020款',6,1,339700,339700);
insert into t_car_model(cm_id , cs_id , cm_name,cm_type ,cm_order , cm_state , cm_min_price , cm_max_price) values(46489,5349,'2020款 改款 28T 技术型','2020款',7,1,279700,279700);
insert into t_car_model(cm_id , cs_id , cm_name,cm_type ,cm_order , cm_state , cm_min_price , cm_max_price) values(46490,5349,'2020款 改款 28T 时尚型','2020款',8,1,289700,289700);
insert into t_car_model(cm_id , cs_id , cm_name,cm_type ,cm_order , cm_state , cm_min_price , cm_max_price) values(46491,5349,'2020款 改款 28T 时尚运动型','2020款',9,1,294700,294700);
insert into t_car_model(cm_id , cs_id , cm_name,cm_type ,cm_order , cm_state , cm_min_price , cm_max_price) values(46492,5349,'2020款 改款 28T 豪华型','2020款',10,1,299700,299700);
insert into t_car_model(cm_id , cs_id , cm_name,cm_type ,cm_order , cm_state , cm_min_price , cm_max_price) values(46493,5349,'2020款 改款 28T 领先运动型','2020款',11,1,309700,309700);
insert into t_car_model(cm_id , cs_id , cm_name,cm_type ,cm_order , cm_state , cm_min_price , cm_max_price) values(46494,5349,'2020款 改款 28T 铂金运动版','2020款',12,1,339700,339700);
insert into t_car_series(cs_id,cbf_id,cs_name,cs_order,cs_letter) values(3802,122,'凯迪拉克CT6',2793,'K');
insert into t_car_model(cm_id , cs_id , cm_name,cm_type ,cm_order , cm_state , cm_min_price , cm_max_price) values(52364,3802,'2022款 28T 风尚型','2022款',1,1,399700,399700);
insert into t_car_model(cm_id , cs_id , cm_name,cm_type ,cm_order , cm_state , cm_min_price , cm_max_price) values(52365,3802,'2022款 28T 豪华型','2022款',2,1,429700,429700);
insert into t_car_model(cm_id , cs_id , cm_name,cm_type ,cm_order , cm_state , cm_min_price , cm_max_price) values(52366,3802,'2022款 28T 尊贵型','2022款',3,1,459700,459700);
insert into t_car_model(cm_id , cs_id , cm_name,cm_type ,cm_order , cm_state , cm_min_price , cm_max_price) values(52367,3802,'2022款 28T 铂金型','2022款',4,1,489700,489700);
insert into t_car_model(cm_id , cs_id , cm_name,cm_type ,cm_order , cm_state , cm_min_price , cm_max_price) values(46714,3802,'2021款 28T 时尚型','2021款',1,1,379700,379700);
insert into t_car_model(cm_id , cs_id , cm_name,cm_type ,cm_order , cm_state , cm_min_price , cm_max_price) values(46715,3802,'2021款 28T 精英型','2021款',2,1,399700,399700);
insert into t_car_model(cm_id , cs_id , cm_name,cm_type ,cm_order , cm_state , cm_min_price , cm_max_price) values(46716,3802,'2021款 28T 豪华型','2021款',3,1,429700,429700);
insert into t_car_model(cm_id , cs_id , cm_name,cm_type ,cm_order , cm_state , cm_min_price , cm_max_price) values(46718,3802,'2021款 28T 豪华运动型','2021款',4,1,434700,434700);
insert into t_car_model(cm_id , cs_id , cm_name,cm_type ,cm_order , cm_state , cm_min_price , cm_max_price) values(48751,3802,'2021款 28T 冠军限量版','2021款',5,1,469700,469700);
insert into t_car_model(cm_id , cs_id , cm_name,cm_type ,cm_order , cm_state , cm_min_price , cm_max_price) values(46707,3802,'2021款 28T 领先超级巡航型','2021款',6,1,469700,469700);
insert into t_car_model(cm_id , cs_id , cm_name,cm_type ,cm_order , cm_state , cm_min_price , cm_max_price) values(46708,3802,'2021款 28T 旗舰超级巡航型','2021款',7,1,489700,489700);
insert into t_car_model(cm_id , cs_id , cm_name,cm_type ,cm_order , cm_state , cm_min_price , cm_max_price) values(46719,3802,'2020款 改款 28T 领先运动型','2020款',1,1,459700,459700);
insert into t_car_model(cm_id , cs_id , cm_name,cm_type ,cm_order , cm_state , cm_min_price , cm_max_price) values(43362,3802,'2020款 28T 时尚型','2020款',2,1,379700,379700);
insert into t_car_model(cm_id , cs_id , cm_name,cm_type ,cm_order , cm_state , cm_min_price , cm_max_price) values(43363,3802,'2020款 28T 精英型','2020款',3,1,399700,399700);
insert into t_car_model(cm_id , cs_id , cm_name,cm_type ,cm_order , cm_state , cm_min_price , cm_max_price) values(43364,3802,'2020款 28T 豪华型','2020款',4,1,429700,429700);
insert into t_car_model(cm_id , cs_id , cm_name,cm_type ,cm_order , cm_state , cm_min_price , cm_max_price) values(43365,3802,'2020款 28T 豪华运动型','2020款',5,1,434700,434700);
insert into t_car_model(cm_id , cs_id , cm_name,cm_type ,cm_order , cm_state , cm_min_price , cm_max_price) values(43366,3802,'2020款 28T 领先运动型','2020款',6,1,459700,459700);
insert into t_car_model(cm_id , cs_id , cm_name,cm_type ,cm_order , cm_state , cm_min_price , cm_max_price) values(43367,3802,'2020款 28T 铂金版','2020款',7,1,527700,527700);
insert into t_car_model(cm_id , cs_id , cm_name,cm_type ,cm_order , cm_state , cm_min_price , cm_max_price) values(37035,3802,'2019款 28T 时尚型','2019款',1,1,379700,379700);
insert into t_car_model(cm_id , cs_id , cm_name,cm_type ,cm_order , cm_state , cm_min_price , cm_max_price) values(37039,3802,'2019款 28T 精英型','2019款',2,1,399700,399700);
insert into t_car_model(cm_id , cs_id , cm_name,cm_type ,cm_order , cm_state , cm_min_price , cm_max_price) values(37036,3802,'2019款 28T 豪华型','2019款',3,1,429700,429700);
insert into t_car_model(cm_id , cs_id , cm_name,cm_type ,cm_order , cm_state , cm_min_price , cm_max_price) values(37037,3802,'2019款 28T 豪华运动型','2019款',4,1,434700,434700);
insert into t_car_model(cm_id , cs_id , cm_name,cm_type ,cm_order , cm_state , cm_min_price , cm_max_price) values(37038,3802,'2019款 28T 领先运动型','2019款',5,1,459700,459700);
insert into t_car_model(cm_id , cs_id , cm_name,cm_type ,cm_order , cm_state , cm_min_price , cm_max_price) values(36829,3802,'2019款 28T 铂金版','2019款',6,1,527700,527700);
insert into t_car_model(cm_id , cs_id , cm_name,cm_type ,cm_order , cm_state , cm_min_price , cm_max_price) values(37428,3802,'2019款 40T 铂金版','2019款',7,1,699000,699000);
insert into t_car_model(cm_id , cs_id , cm_name,cm_type ,cm_order , cm_state , cm_min_price , cm_max_price) values(30105,3802,'2017款 28T 时尚型','2017款',1,1,439900,439900);
insert into t_car_model(cm_id , cs_id , cm_name,cm_type ,cm_order , cm_state , cm_min_price , cm_max_price) values(30106,3802,'2017款 28T 精英型','2017款',2,1,469900,469900);
insert into t_car_model(cm_id , cs_id , cm_name,cm_type ,cm_order , cm_state , cm_min_price , cm_max_price) values(30107,3802,'2017款 28T 豪华型','2017款',3,1,489900,489900);
insert into t_car_model(cm_id , cs_id , cm_name,cm_type ,cm_order , cm_state , cm_min_price , cm_max_price) values(30108,3802,'2017款 28T 领先型','2017款',4,1,549900,549900);
insert into t_car_model(cm_id , cs_id , cm_name,cm_type ,cm_order , cm_state , cm_min_price , cm_max_price) values(30109,3802,'2017款 28T 铂金版','2017款',5,1,619900,619900);
insert into t_car_model(cm_id , cs_id , cm_name,cm_type ,cm_order , cm_state , cm_min_price , cm_max_price) values(30110,3802,'2017款 40T 豪华型','2017款',6,1,599900,599900);
insert into t_car_model(cm_id , cs_id , cm_name,cm_type ,cm_order , cm_state , cm_min_price , cm_max_price) values(30112,3802,'2017款 40T 铂金版','2017款',7,1,818800,818800);
insert into t_car_model(cm_id , cs_id , cm_name,cm_type ,cm_order , cm_state , cm_min_price , cm_max_price) values(30111,3802,'2017款 40T 领先型','2017款',8,1,679900,679900);
insert into t_car_model(cm_id , cs_id , cm_name,cm_type ,cm_order , cm_state , cm_min_price , cm_max_price) values(25097,3802,'2016款 28T 时尚型','2016款',1,1,439900,439900);
insert into t_car_model(cm_id , cs_id , cm_name,cm_type ,cm_order , cm_state , cm_min_price , cm_max_price) values(25098,3802,'2016款 28T 精英型','2016款',2,1,469900,469900);
insert into t_car_model(cm_id , cs_id , cm_name,cm_type ,cm_order , cm_state , cm_min_price , cm_max_price) values(25099,3802,'2016款 28T 豪华型','2016款',3,1,489900,489900);
insert into t_car_model(cm_id , cs_id , cm_name,cm_type ,cm_order , cm_state , cm_min_price , cm_max_price) values(25100,3802,'2016款 28T 领先型','2016款',4,1,549900,549900);
insert into t_car_model(cm_id , cs_id , cm_name,cm_type ,cm_order , cm_state , cm_min_price , cm_max_price) values(25101,3802,'2016款 28T 铂金版','2016款',5,1,619900,619900);
insert into t_car_model(cm_id , cs_id , cm_name,cm_type ,cm_order , cm_state , cm_min_price , cm_max_price) values(25102,3802,'2016款 40T 豪华型','2016款',6,1,599900,599900);
insert into t_car_model(cm_id , cs_id , cm_name,cm_type ,cm_order , cm_state , cm_min_price , cm_max_price) values(25103,3802,'2016款 40T 领先型','2016款',7,1,679900,679900);
insert into t_car_model(cm_id , cs_id , cm_name,cm_type ,cm_order , cm_state , cm_min_price , cm_max_price) values(22468,3802,'2016款 40T 铂金版','2016款',8,1,818800,818800);
insert into t_car_series(cs_id,cbf_id,cs_name,cs_order,cs_letter) values(4856,122,'凯迪拉克XT4',2794,'K');
insert into t_car_model(cm_id , cs_id , cm_name,cm_type ,cm_order , cm_state , cm_min_price , cm_max_price) values(54974,4856,'2022款 28T 两驱风尚型','2022款',1,1,261700,261700);
insert into t_car_model(cm_id , cs_id , cm_name,cm_type ,cm_order , cm_state , cm_min_price , cm_max_price) values(54975,4856,'2022款 28T 两驱豪华型','2022款',2,1,292700,292700);
insert into t_car_model(cm_id , cs_id , cm_name,cm_type ,cm_order , cm_state , cm_min_price , cm_max_price) values(54976,4856,'2022款 28T 两驱尊贵型','2022款',3,1,303700,303700);
insert into t_car_model(cm_id , cs_id , cm_name,cm_type ,cm_order , cm_state , cm_min_price , cm_max_price) values(54977,4856,'2022款 28T 四驱铂金型','2022款',4,1,354700,354700);
insert into t_car_model(cm_id , cs_id , cm_name,cm_type ,cm_order , cm_state , cm_min_price , cm_max_price) values(55214,4856,'2022款 28T 四驱尊贵型','2022款',5,1,0,0);
insert into t_car_model(cm_id , cs_id , cm_name,cm_type ,cm_order , cm_state , cm_min_price , cm_max_price) values(55005,4856,'2022款 28T 四驱铂金运动版','2022款',6,1,0,0);
insert into t_car_model(cm_id , cs_id , cm_name,cm_type ,cm_order , cm_state , cm_min_price , cm_max_price) values(47633,4856,'2021款 28T 两驱技术型','2021款',1,1,259700,259700);
insert into t_car_model(cm_id , cs_id , cm_name,cm_type ,cm_order , cm_state , cm_min_price , cm_max_price) values(47634,4856,'2021款 28T 两驱豪华型','2021款',2,1,279700,279700);
insert into t_car_model(cm_id , cs_id , cm_name,cm_type ,cm_order , cm_state , cm_min_price , cm_max_price) values(47635,4856,'2021款 28T 两驱领先型','2021款',3,1,289700,289700);
insert into t_car_model(cm_id , cs_id , cm_name,cm_type ,cm_order , cm_state , cm_min_price , cm_max_price) values(47636,4856,'2021款 28T 四驱领先型','2021款',4,1,309700,309700);
insert into t_car_model(cm_id , cs_id , cm_name,cm_type ,cm_order , cm_state , cm_min_price , cm_max_price) values(47637,4856,'2021款 28T 四驱铂金版','2021款',5,1,352700,352700);
insert into t_car_model(cm_id , cs_id , cm_name,cm_type ,cm_order , cm_state , cm_min_price , cm_max_price) values(47638,4856,'2021款 28T 四驱铂金运动版','2021款',6,1,391700,391700);
insert into t_car_model(cm_id , cs_id , cm_name,cm_type ,cm_order , cm_state , cm_min_price , cm_max_price) values(43424,4856,'2020款 28T 两驱技术型','2020款',1,1,259700,259700);
insert into t_car_model(cm_id , cs_id , cm_name,cm_type ,cm_order , cm_state , cm_min_price , cm_max_price) values(43425,4856,'2020款 28T 两驱豪华型','2020款',2,1,279700,279700);
insert into t_car_model(cm_id , cs_id , cm_name,cm_type ,cm_order , cm_state , cm_min_price , cm_max_price) values(43426,4856,'2020款 28T 两驱豪华运动型','2020款',3,1,284700,284700);
insert into t_car_model(cm_id , cs_id , cm_name,cm_type ,cm_order , cm_state , cm_min_price , cm_max_price) values(43427,4856,'2020款 28T 两驱领先型','2020款',4,1,289700,289700);
insert into t_car_model(cm_id , cs_id , cm_name,cm_type ,cm_order , cm_state , cm_min_price , cm_max_price) values(43428,4856,'2020款 28T 两驱领先运动型','2020款',5,1,294700,294700);
insert into t_car_model(cm_id , cs_id , cm_name,cm_type ,cm_order , cm_state , cm_min_price , cm_max_price) values(43429,4856,'2020款 28T 四驱领先型','2020款',6,1,309700,309700);
insert into t_car_model(cm_id , cs_id , cm_name,cm_type ,cm_order , cm_state , cm_min_price , cm_max_price) values(43430,4856,'2020款 28T 四驱领先运动型','2020款',7,1,314700,314700);
insert into t_car_model(cm_id , cs_id , cm_name,cm_type ,cm_order , cm_state , cm_min_price , cm_max_price) values(43431,4856,'2020款 28T 四驱铂金版','2020款',8,1,352700,352700);
insert into t_car_model(cm_id , cs_id , cm_name,cm_type ,cm_order , cm_state , cm_min_price , cm_max_price) values(43432,4856,'2020款 28T 四驱铂金运动版','2020款',9,1,391700,391700);
insert into t_car_model(cm_id , cs_id , cm_name,cm_type ,cm_order , cm_state , cm_min_price , cm_max_price) values(46815,4856,'2020款 改款 28T 两驱技术型','2020款',10,1,259700,259700);
insert into t_car_model(cm_id , cs_id , cm_name,cm_type ,cm_order , cm_state , cm_min_price , cm_max_price) values(46816,4856,'2020款 改款 28T 两驱豪华型','2020款',11,1,279700,279700);
insert into t_car_model(cm_id , cs_id , cm_name,cm_type ,cm_order , cm_state , cm_min_price , cm_max_price) values(46817,4856,'2020款 改款 28T 两驱豪华运动型','2020款',12,1,284700,284700);
insert into t_car_model(cm_id , cs_id , cm_name,cm_type ,cm_order , cm_state , cm_min_price , cm_max_price) values(46818,4856,'2020款 改款 28T 两驱领先型','2020款',13,1,289700,289700);
insert into t_car_model(cm_id , cs_id , cm_name,cm_type ,cm_order , cm_state , cm_min_price , cm_max_price) values(46819,4856,'2020款 改款 28T 两驱领先运动型','2020款',14,1,294700,294700);
insert into t_car_model(cm_id , cs_id , cm_name,cm_type ,cm_order , cm_state , cm_min_price , cm_max_price) values(46820,4856,'2020款 改款 28T 四驱领先型','2020款',15,1,309700,309700);
insert into t_car_model(cm_id , cs_id , cm_name,cm_type ,cm_order , cm_state , cm_min_price , cm_max_price) values(46821,4856,'2020款 改款 28T 四驱领先运动型','2020款',16,1,314700,314700);
insert into t_car_model(cm_id , cs_id , cm_name,cm_type ,cm_order , cm_state , cm_min_price , cm_max_price) values(46822,4856,'2020款 改款 28T 四驱铂金版','2020款',17,1,352700,352700);
insert into t_car_model(cm_id , cs_id , cm_name,cm_type ,cm_order , cm_state , cm_min_price , cm_max_price) values(46823,4856,'2020款 改款 28T 四驱铂金运动版','2020款',18,1,391700,391700);
insert into t_car_model(cm_id , cs_id , cm_name,cm_type ,cm_order , cm_state , cm_min_price , cm_max_price) values(35580,4856,'2018款 28T 两驱技术型','2018款',1,1,259700,259700);
insert into t_car_model(cm_id , cs_id , cm_name,cm_type ,cm_order , cm_state , cm_min_price , cm_max_price) values(35581,4856,'2018款 28T 两驱豪华型','2018款',2,1,279700,279700);
insert into t_car_model(cm_id , cs_id , cm_name,cm_type ,cm_order , cm_state , cm_min_price , cm_max_price) values(35573,4856,'2018款 28T 两驱豪华运动型','2018款',3,1,284700,284700);
insert into t_car_model(cm_id , cs_id , cm_name,cm_type ,cm_order , cm_state , cm_min_price , cm_max_price) values(37213,4856,'2018款 28T 两驱领先型','2018款',4,1,289700,289700);
insert into t_car_model(cm_id , cs_id , cm_name,cm_type ,cm_order , cm_state , cm_min_price , cm_max_price) values(37214,4856,'2018款 28T 两驱领先运动型','2018款',5,1,294700,294700);
insert into t_car_model(cm_id , cs_id , cm_name,cm_type ,cm_order , cm_state , cm_min_price , cm_max_price) values(35582,4856,'2018款 28T 四驱领先型','2018款',6,1,309700,309700);
insert into t_car_model(cm_id , cs_id , cm_name,cm_type ,cm_order , cm_state , cm_min_price , cm_max_price) values(35462,4856,'2018款 28T 四驱领先运动型','2018款',7,1,314700,314700);
insert into t_car_model(cm_id , cs_id , cm_name,cm_type ,cm_order , cm_state , cm_min_price , cm_max_price) values(35440,4856,'2018款 28T 四驱铂金版','2018款',8,1,352700,352700);
insert into t_car_model(cm_id , cs_id , cm_name,cm_type ,cm_order , cm_state , cm_min_price , cm_max_price) values(34709,4856,'2018款 28T 四驱铂金运动版','2018款',9,1,391700,391700);
insert into t_car_series(cs_id,cbf_id,cs_name,cs_order,cs_letter) values(3989,122,'凯迪拉克XT5',2795,'K');
insert into t_car_model(cm_id , cs_id , cm_name,cm_type ,cm_order , cm_state , cm_min_price , cm_max_price) values(53108,3989,'2022款 2.0T 两驱风尚型','2022款',1,1,332700,332700);
insert into t_car_model(cm_id , cs_id , cm_name,cm_type ,cm_order , cm_state , cm_min_price , cm_max_price) values(53109,3989,'2022款 2.0T 四驱风尚型','2022款',2,1,352700,352700);
insert into t_car_model(cm_id , cs_id , cm_name,cm_type ,cm_order , cm_state , cm_min_price , cm_max_price) values(53110,3989,'2022款 2.0T 两驱豪华型','2022款',3,1,352700,352700);
insert into t_car_model(cm_id , cs_id , cm_name,cm_type ,cm_order , cm_state , cm_min_price , cm_max_price) values(53111,3989,'2022款 2.0T 四驱豪华型','2022款',4,1,372700,372700);
insert into t_car_model(cm_id , cs_id , cm_name,cm_type ,cm_order , cm_state , cm_min_price , cm_max_price) values(53112,3989,'2022款 2.0T 四驱尊贵型','2022款',5,1,402700,402700);
insert into t_car_model(cm_id , cs_id , cm_name,cm_type ,cm_order , cm_state , cm_min_price , cm_max_price) values(53113,3989,'2022款 2.0T 四驱铂金型','2022款',6,1,452700,452700);
insert into t_car_model(cm_id , cs_id , cm_name,cm_type ,cm_order , cm_state , cm_min_price , cm_max_price) values(48475,3989,'2021款 28T 技术型','2021款',1,1,329700,329700);
insert into t_car_model(cm_id , cs_id , cm_name,cm_type ,cm_order , cm_state , cm_min_price , cm_max_price) values(48476,3989,'2021款 28T 四驱技术型','2021款',2,1,349700,349700);
insert into t_car_model(cm_id , cs_id , cm_name,cm_type ,cm_order , cm_state , cm_min_price , cm_max_price) values(48477,3989,'2021款 28T 豪华型','2021款',3,1,349700,349700);
insert into t_car_model(cm_id , cs_id , cm_name,cm_type ,cm_order , cm_state , cm_min_price , cm_max_price) values(48478,3989,'2021款 28T 四驱豪华型','2021款',4,1,369700,369700);
insert into t_car_model(cm_id , cs_id , cm_name,cm_type ,cm_order , cm_state , cm_min_price , cm_max_price) values(48479,3989,'2021款 28T 四驱领先运动型','2021款',5,1,419700,419700);
insert into t_car_model(cm_id , cs_id , cm_name,cm_type ,cm_order , cm_state , cm_min_price , cm_max_price) values(48480,3989,'2021款 28T 四驱铂金运动版','2021款',6,1,469700,469700);
insert into t_car_model(cm_id , cs_id , cm_name,cm_type ,cm_order , cm_state , cm_min_price , cm_max_price) values(49901,3989,'2021款 2.0T 两驱风尚型','2021款',7,1,332700,332700);
insert into t_car_model(cm_id , cs_id , cm_name,cm_type ,cm_order , cm_state , cm_min_price , cm_max_price) values(49902,3989,'2021款 2.0T 四驱风尚型','2021款',8,1,352700,352700);
insert into t_car_model(cm_id , cs_id , cm_name,cm_type ,cm_order , cm_state , cm_min_price , cm_max_price) values(49903,3989,'2021款 2.0T 两驱豪华型','2021款',9,1,352700,352700);
insert into t_car_model(cm_id , cs_id , cm_name,cm_type ,cm_order , cm_state , cm_min_price , cm_max_price) values(49904,3989,'2021款 2.0T 四驱豪华型','2021款',10,1,372700,372700);
insert into t_car_model(cm_id , cs_id , cm_name,cm_type ,cm_order , cm_state , cm_min_price , cm_max_price) values(49905,3989,'2021款 2.0T 四驱尊贵型','2021款',11,1,422700,422700);
insert into t_car_model(cm_id , cs_id , cm_name,cm_type ,cm_order , cm_state , cm_min_price , cm_max_price) values(49906,3989,'2021款 2.0T 四驱铂金型','2021款',12,1,472700,472700);
insert into t_car_model(cm_id , cs_id , cm_name,cm_type ,cm_order , cm_state , cm_min_price , cm_max_price) values(40039,3989,'2020款 28T 技术型','2020款',1,1,329700,329700);
insert into t_car_model(cm_id , cs_id , cm_name,cm_type ,cm_order , cm_state , cm_min_price , cm_max_price) values(40040,3989,'2020款 28T 四驱技术型','2020款',2,1,349700,349700);
insert into t_car_model(cm_id , cs_id , cm_name,cm_type ,cm_order , cm_state , cm_min_price , cm_max_price) values(40038,3989,'2020款 28T 豪华型','2020款',3,1,349700,349700);
insert into t_car_model(cm_id , cs_id , cm_name,cm_type ,cm_order , cm_state , cm_min_price , cm_max_price) values(40041,3989,'2020款 28T 四驱豪华型','2020款',4,1,369700,369700);
insert into t_car_model(cm_id , cs_id , cm_name,cm_type ,cm_order , cm_state , cm_min_price , cm_max_price) values(40042,3989,'2020款 28T 四驱领先运动型','2020款',5,1,419700,419700);
insert into t_car_model(cm_id , cs_id , cm_name,cm_type ,cm_order , cm_state , cm_min_price , cm_max_price) values(40043,3989,'2020款 28T 四驱铂金运动版','2020款',6,1,469700,469700);
insert into t_car_model(cm_id , cs_id , cm_name,cm_type ,cm_order , cm_state , cm_min_price , cm_max_price) values(44845,3989,'2020款 改款 28T 技术型','2020款',7,1,329700,329700);
insert into t_car_model(cm_id , cs_id , cm_name,cm_type ,cm_order , cm_state , cm_min_price , cm_max_price) values(44846,3989,'2020款 改款 28T 四驱技术型','2020款',8,1,349700,349700);
insert into t_car_model(cm_id , cs_id , cm_name,cm_type ,cm_order , cm_state , cm_min_price , cm_max_price) values(44847,3989,'2020款 改款 28T 豪华型','2020款',9,1,349700,349700);
insert into t_car_model(cm_id , cs_id , cm_name,cm_type ,cm_order , cm_state , cm_min_price , cm_max_price) values(44848,3989,'2020款 改款 28T 四驱豪华型','2020款',10,1,369700,369700);
insert into t_car_model(cm_id , cs_id , cm_name,cm_type ,cm_order , cm_state , cm_min_price , cm_max_price) values(44849,3989,'2020款 改款 28T 四驱领先运动型','2020款',11,1,419700,419700);
insert into t_car_model(cm_id , cs_id , cm_name,cm_type ,cm_order , cm_state , cm_min_price , cm_max_price) values(44850,3989,'2020款 改款 28T 四驱铂金运动版','2020款',12,1,469700,469700);
insert into t_car_model(cm_id , cs_id , cm_name,cm_type ,cm_order , cm_state , cm_min_price , cm_max_price) values(31419,3989,'2018款 25T 技术型','2018款',1,1,359900,359900);
insert into t_car_model(cm_id , cs_id , cm_name,cm_type ,cm_order , cm_state , cm_min_price , cm_max_price) values(31421,3989,'2018款 28T 四驱技术型','2018款',2,1,379900,379900);
insert into t_car_model(cm_id , cs_id , cm_name,cm_type ,cm_order , cm_state , cm_min_price , cm_max_price) values(31420,3989,'2018款 25T 豪华型','2018款',3,1,389900,389900);
insert into t_car_model(cm_id , cs_id , cm_name,cm_type ,cm_order , cm_state , cm_min_price , cm_max_price) values(31422,3989,'2018款 28T 四驱豪华型','2018款',4,1,419900,419900);
insert into t_car_model(cm_id , cs_id , cm_name,cm_type ,cm_order , cm_state , cm_min_price , cm_max_price) values(31618,3989,'2018款 28E 四驱技术型','2018款',5,1,379900,379900);
insert into t_car_model(cm_id , cs_id , cm_name,cm_type ,cm_order , cm_state , cm_min_price , cm_max_price) values(31247,3989,'2018款 28E 四驱领先型','2018款',6,1,479900,479900);
insert into t_car_model(cm_id , cs_id , cm_name,cm_type ,cm_order , cm_state , cm_min_price , cm_max_price) values(31423,3989,'2018款 28E 四驱铂金版','2018款',7,1,539900,539900);
insert into t_car_model(cm_id , cs_id , cm_name,cm_type ,cm_order , cm_state , cm_min_price , cm_max_price) values(30578,3989,'2017款 周年庆版 25T 技术型','2017款',1,1,359900,359900);
insert into t_car_model(cm_id , cs_id , cm_name,cm_type ,cm_order , cm_state , cm_min_price , cm_max_price) values(30579,3989,'2017款 周年庆版 25T 豪华型','2017款',2,1,389900,389900);
insert into t_car_model(cm_id , cs_id , cm_name,cm_type ,cm_order , cm_state , cm_min_price , cm_max_price) values(30580,3989,'2017款 周年庆版 28T 四驱技术型','2017款',3,1,379900,379900);
insert into t_car_model(cm_id , cs_id , cm_name,cm_type ,cm_order , cm_state , cm_min_price , cm_max_price) values(30581,3989,'2017款 周年庆版 28T 四驱豪华型','2017款',4,1,419900,419900);
insert into t_car_model(cm_id , cs_id , cm_name,cm_type ,cm_order , cm_state , cm_min_price , cm_max_price) values(30582,3989,'2017款 周年庆版 28T 四驱领先型','2017款',5,1,479900,479900);
insert into t_car_model(cm_id , cs_id , cm_name,cm_type ,cm_order , cm_state , cm_min_price , cm_max_price) values(30583,3989,'2017款 周年庆版 28T 四驱铂金版','2017款',6,1,539900,539900);
insert into t_car_model(cm_id , cs_id , cm_name,cm_type ,cm_order , cm_state , cm_min_price , cm_max_price) values(25977,3989,'2016款 25T 技术型','2016款',1,1,359900,359900);
insert into t_car_model(cm_id , cs_id , cm_name,cm_type ,cm_order , cm_state , cm_min_price , cm_max_price) values(25978,3989,'2016款 25T 豪华型','2016款',2,1,389900,389900);
insert into t_car_model(cm_id , cs_id , cm_name,cm_type ,cm_order , cm_state , cm_min_price , cm_max_price) values(25979,3989,'2016款 28T 四驱技术型','2016款',3,1,379900,379900);
insert into t_car_model(cm_id , cs_id , cm_name,cm_type ,cm_order , cm_state , cm_min_price , cm_max_price) values(25980,3989,'2016款 28T 四驱豪华型','2016款',4,1,419900,419900);
insert into t_car_model(cm_id , cs_id , cm_name,cm_type ,cm_order , cm_state , cm_min_price , cm_max_price) values(25981,3989,'2016款 28T 四驱领先型','2016款',5,1,479900,479900);
insert into t_car_model(cm_id , cs_id , cm_name,cm_type ,cm_order , cm_state , cm_min_price , cm_max_price) values(24886,3989,'2016款 28T 四驱铂金版','2016款',6,1,539900,539900);
insert into t_car_series(cs_id,cbf_id,cs_name,cs_order,cs_letter) values(5102,122,'凯迪拉克XT6',2796,'K');
insert into t_car_model(cm_id , cs_id , cm_name,cm_type ,cm_order , cm_state , cm_min_price , cm_max_price) values(52483,5102,'2022款 2.0T 七座两驱风尚型','2022款',1,1,392700,392700);
insert into t_car_model(cm_id , cs_id , cm_name,cm_type ,cm_order , cm_state , cm_min_price , cm_max_price) values(52484,5102,'2022款 2.0T 六座四驱风尚型','2022款',2,1,412700,412700);
insert into t_car_model(cm_id , cs_id , cm_name,cm_type ,cm_order , cm_state , cm_min_price , cm_max_price) values(52485,5102,'2022款 2.0T 七座四驱风尚型','2022款',3,1,412700,412700);
insert into t_car_model(cm_id , cs_id , cm_name,cm_type ,cm_order , cm_state , cm_min_price , cm_max_price) values(52486,5102,'2022款 2.0T 六座两驱豪华型','2022款',4,1,422700,422700);
insert into t_car_model(cm_id , cs_id , cm_name,cm_type ,cm_order , cm_state , cm_min_price , cm_max_price) values(52487,5102,'2022款 2.0T 七座两驱豪华型','2022款',5,1,422700,422700);
insert into t_car_model(cm_id , cs_id , cm_name,cm_type ,cm_order , cm_state , cm_min_price , cm_max_price) values(52488,5102,'2022款 2.0T 六座四驱豪华型','2022款',6,1,449700,449700);
insert into t_car_model(cm_id , cs_id , cm_name,cm_type ,cm_order , cm_state , cm_min_price , cm_max_price) values(52489,5102,'2022款 2.0T 七座四驱豪华型','2022款',7,1,449700,449700);
insert into t_car_model(cm_id , cs_id , cm_name,cm_type ,cm_order , cm_state , cm_min_price , cm_max_price) values(52490,5102,'2022款 2.0T 六座四驱尊贵型','2022款',8,1,469700,469700);
insert into t_car_model(cm_id , cs_id , cm_name,cm_type ,cm_order , cm_state , cm_min_price , cm_max_price) values(52491,5102,'2022款 2.0T 六座四驱铂金型','2022款',9,1,552700,552700);
insert into t_car_model(cm_id , cs_id , cm_name,cm_type ,cm_order , cm_state , cm_min_price , cm_max_price) values(48510,5102,'2021款 28T 六座风尚型','2021款',1,1,389700,389700);
insert into t_car_model(cm_id , cs_id , cm_name,cm_type ,cm_order , cm_state , cm_min_price , cm_max_price) values(48511,5102,'2021款 28T 七座风尚型','2021款',2,1,389700,389700);
insert into t_car_model(cm_id , cs_id , cm_name,cm_type ,cm_order , cm_state , cm_min_price , cm_max_price) values(48512,5102,'2021款 28T 六座四驱风尚型','2021款',3,1,409700,409700);
insert into t_car_model(cm_id , cs_id , cm_name,cm_type ,cm_order , cm_state , cm_min_price , cm_max_price) values(48513,5102,'2021款 28T 七座四驱风尚型','2021款',4,1,409700,409700);
insert into t_car_model(cm_id , cs_id , cm_name,cm_type ,cm_order , cm_state , cm_min_price , cm_max_price) values(48506,5102,'2021款 28T 六座豪华型','2021款',5,1,419700,419700);
insert into t_car_model(cm_id , cs_id , cm_name,cm_type ,cm_order , cm_state , cm_min_price , cm_max_price) values(48507,5102,'2021款 28T 七座豪华型','2021款',6,1,419700,419700);
insert into t_car_model(cm_id , cs_id , cm_name,cm_type ,cm_order , cm_state , cm_min_price , cm_max_price) values(48508,5102,'2021款 28T 六座四驱豪华型','2021款',7,1,439700,439700);
insert into t_car_model(cm_id , cs_id , cm_name,cm_type ,cm_order , cm_state , cm_min_price , cm_max_price) values(48509,5102,'2021款 28T 七座四驱豪华型','2021款',8,1,439700,439700);
insert into t_car_model(cm_id , cs_id , cm_name,cm_type ,cm_order , cm_state , cm_min_price , cm_max_price) values(48514,5102,'2021款 28T 六座豪华运动型至享安全版','2021款',9,1,439700,439700);
insert into t_car_model(cm_id , cs_id , cm_name,cm_type ,cm_order , cm_state , cm_min_price , cm_max_price) values(48515,5102,'2021款 28T 七座豪华运动型至享安全版','2021款',10,1,439700,439700);
insert into t_car_model(cm_id , cs_id , cm_name,cm_type ,cm_order , cm_state , cm_min_price , cm_max_price) values(48516,5102,'2021款 28T 六座四驱豪华型至臻音响版','2021款',11,1,445700,445700);
insert into t_car_model(cm_id , cs_id , cm_name,cm_type ,cm_order , cm_state , cm_min_price , cm_max_price) values(48517,5102,'2021款 28T 七座四驱豪华型至臻音响版','2021款',12,1,445700,445700);
insert into t_car_model(cm_id , cs_id , cm_name,cm_type ,cm_order , cm_state , cm_min_price , cm_max_price) values(48518,5102,'2021款 28T 六座四驱豪华运动型','2021款',13,1,469700,469700);
insert into t_car_model(cm_id , cs_id , cm_name,cm_type ,cm_order , cm_state , cm_min_price , cm_max_price) values(48519,5102,'2021款 28T 六座四驱铂金运动版','2021款',14,1,549700,549700);
insert into t_car_model(cm_id , cs_id , cm_name,cm_type ,cm_order , cm_state , cm_min_price , cm_max_price) values(49907,5102,'2021款 2.0T 七座两驱风尚型','2021款',15,1,392700,392700);
insert into t_car_model(cm_id , cs_id , cm_name,cm_type ,cm_order , cm_state , cm_min_price , cm_max_price) values(49908,5102,'2021款 2.0T 六座四驱风尚型','2021款',16,1,412700,412700);
insert into t_car_model(cm_id , cs_id , cm_name,cm_type ,cm_order , cm_state , cm_min_price , cm_max_price) values(49909,5102,'2021款 2.0T 七座四驱风尚型','2021款',17,1,412700,412700);
insert into t_car_model(cm_id , cs_id , cm_name,cm_type ,cm_order , cm_state , cm_min_price , cm_max_price) values(49910,5102,'2021款 2.0T 六座两驱豪华型','2021款',18,1,422700,422700);
insert into t_car_model(cm_id , cs_id , cm_name,cm_type ,cm_order , cm_state , cm_min_price , cm_max_price) values(49911,5102,'2021款 2.0T 七座两驱豪华型','2021款',19,1,422700,422700);
insert into t_car_model(cm_id , cs_id , cm_name,cm_type ,cm_order , cm_state , cm_min_price , cm_max_price) values(49912,5102,'2021款 2.0T 六座四驱豪华型','2021款',20,1,442700,442700);
insert into t_car_model(cm_id , cs_id , cm_name,cm_type ,cm_order , cm_state , cm_min_price , cm_max_price) values(49913,5102,'2021款 2.0T 七座四驱豪华型','2021款',21,1,442700,442700);
insert into t_car_model(cm_id , cs_id , cm_name,cm_type ,cm_order , cm_state , cm_min_price , cm_max_price) values(49914,5102,'2021款 2.0T 六座四驱尊贵型','2021款',22,1,469700,469700);
insert into t_car_model(cm_id , cs_id , cm_name,cm_type ,cm_order , cm_state , cm_min_price , cm_max_price) values(51212,5102,'2021款 改款 2.0T 六座四驱尊贵型','2021款',23,1,469700,469700);
insert into t_car_model(cm_id , cs_id , cm_name,cm_type ,cm_order , cm_state , cm_min_price , cm_max_price) values(49915,5102,'2021款 2.0T 六座四驱铂金型','2021款',24,1,552700,552700);
insert into t_car_model(cm_id , cs_id , cm_name,cm_type ,cm_order , cm_state , cm_min_price , cm_max_price) values(45835,5102,'2020款 28T 六座风尚型','2020款',1,1,389700,389700);
insert into t_car_model(cm_id , cs_id , cm_name,cm_type ,cm_order , cm_state , cm_min_price , cm_max_price) values(45836,5102,'2020款 28T 七座风尚型','2020款',2,1,389700,389700);
insert into t_car_model(cm_id , cs_id , cm_name,cm_type ,cm_order , cm_state , cm_min_price , cm_max_price) values(45837,5102,'2020款 28T 六座四驱风尚型','2020款',3,1,409700,409700);
insert into t_car_model(cm_id , cs_id , cm_name,cm_type ,cm_order , cm_state , cm_min_price , cm_max_price) values(45838,5102,'2020款 28T 七座四驱风尚型','2020款',4,1,409700,409700);
insert into t_car_model(cm_id , cs_id , cm_name,cm_type ,cm_order , cm_state , cm_min_price , cm_max_price) values(40791,5102,'2020款 28T 六座豪华型','2020款',5,1,419700,419700);
insert into t_car_model(cm_id , cs_id , cm_name,cm_type ,cm_order , cm_state , cm_min_price , cm_max_price) values(42021,5102,'2020款 28T 七座豪华型','2020款',6,1,419700,419700);
insert into t_car_model(cm_id , cs_id , cm_name,cm_type ,cm_order , cm_state , cm_min_price , cm_max_price) values(40792,5102,'2020款 28T 六座四驱豪华型','2020款',7,1,439700,439700);
insert into t_car_model(cm_id , cs_id , cm_name,cm_type ,cm_order , cm_state , cm_min_price , cm_max_price) values(42176,5102,'2020款 28T 七座四驱豪华型','2020款',8,1,439700,439700);
insert into t_car_model(cm_id , cs_id , cm_name,cm_type ,cm_order , cm_state , cm_min_price , cm_max_price) values(40793,5102,'2020款 28T 六座四驱豪华运动型','2020款',9,1,469700,469700);
insert into t_car_model(cm_id , cs_id , cm_name,cm_type ,cm_order , cm_state , cm_min_price , cm_max_price) values(42177,5102,'2020款 28T 七座四驱领先型','2020款',10,1,459700,459700);
insert into t_car_model(cm_id , cs_id , cm_name,cm_type ,cm_order , cm_state , cm_min_price , cm_max_price) values(40794,5102,'2020款 28T 六座四驱领先运动型','2020款',11,1,509700,509700);
insert into t_car_model(cm_id , cs_id , cm_name,cm_type ,cm_order , cm_state , cm_min_price , cm_max_price) values(37728,5102,'2020款 28T 六座四驱铂金运动版','2020款',12,1,549700,549700);
insert into t_car_model(cm_id , cs_id , cm_name,cm_type ,cm_order , cm_state , cm_min_price , cm_max_price) values(45839,5102,'2020款 改款 28T 六座豪华型','2020款',13,1,419700,419700);
insert into t_car_model(cm_id , cs_id , cm_name,cm_type ,cm_order , cm_state , cm_min_price , cm_max_price) values(45840,5102,'2020款 改款 28T 七座豪华型','2020款',14,1,419700,419700);
insert into t_car_model(cm_id , cs_id , cm_name,cm_type ,cm_order , cm_state , cm_min_price , cm_max_price) values(45841,5102,'2020款 改款 28T 六座四驱豪华型','2020款',15,1,439700,439700);
insert into t_car_model(cm_id , cs_id , cm_name,cm_type ,cm_order , cm_state , cm_min_price , cm_max_price) values(45842,5102,'2020款 改款 28T 七座四驱豪华型','2020款',16,1,439700,439700);
insert into t_car_model(cm_id , cs_id , cm_name,cm_type ,cm_order , cm_state , cm_min_price , cm_max_price) values(45843,5102,'2020款 改款 28T 六座四驱豪华运动型','2020款',17,1,469700,469700);
insert into t_car_model(cm_id , cs_id , cm_name,cm_type ,cm_order , cm_state , cm_min_price , cm_max_price) values(45844,5102,'2020款 改款 28T 七座四驱领先型','2020款',18,1,459700,459700);
insert into t_car_model(cm_id , cs_id , cm_name,cm_type ,cm_order , cm_state , cm_min_price , cm_max_price) values(45845,5102,'2020款 改款 28T 六座四驱领先运动型','2020款',19,1,509700,509700);
insert into t_car_model(cm_id , cs_id , cm_name,cm_type ,cm_order , cm_state , cm_min_price , cm_max_price) values(45846,5102,'2020款 改款 28T 六座四驱铂金运动版','2020款',20,1,549700,549700);
insert into t_car_model(cm_id , cs_id , cm_name,cm_type ,cm_order , cm_state , cm_min_price , cm_max_price) values(46555,5102,'2020款 28T 六座豪华运动型至享安全版','2020款',21,1,439700,439700);
insert into t_car_model(cm_id , cs_id , cm_name,cm_type ,cm_order , cm_state , cm_min_price , cm_max_price) values(46556,5102,'2020款 28T 七座豪华运动型至享安全版','2020款',22,1,439700,439700);
insert into t_car_model(cm_id , cs_id , cm_name,cm_type ,cm_order , cm_state , cm_min_price , cm_max_price) values(46915,5102,'2020款 28T 六座四驱豪华型至臻音响版','2020款',23,1,445700,445700);
insert into t_car_model(cm_id , cs_id , cm_name,cm_type ,cm_order , cm_state , cm_min_price , cm_max_price) values(46916,5102,'2020款 28T 七座四驱豪华型至臻音响版','2020款',24,1,445700,445700);
insert into t_car_series(cs_id,cbf_id,cs_name,cs_order,cs_letter) values(3207,122,'凯迪拉克ATS-L',2797,'K');
insert into t_car_model(cm_id , cs_id , cm_name,cm_type ,cm_order , cm_state , cm_min_price , cm_max_price) values(28762,3207,'2017款 28T 技术型','2017款',1,1,273800,273800);
insert into t_car_model(cm_id , cs_id , cm_name,cm_type ,cm_order , cm_state , cm_min_price , cm_max_price) values(28763,3207,'2017款 28T 时尚型','2017款',2,1,293800,293800);
insert into t_car_model(cm_id , cs_id , cm_name,cm_type ,cm_order , cm_state , cm_min_price , cm_max_price) values(28802,3207,'2017款 28T 精英型','2017款',3,1,338800,338800);
insert into t_car_model(cm_id , cs_id , cm_name,cm_type ,cm_order , cm_state , cm_min_price , cm_max_price) values(28796,3207,'2017款 28T 豪华型','2017款',4,1,368800,368800);
insert into t_car_model(cm_id , cs_id , cm_name,cm_type ,cm_order , cm_state , cm_min_price , cm_max_price) values(28572,3207,'2017款 28T 领先型','2017款',5,1,428800,428800);
insert into t_car_model(cm_id , cs_id , cm_name,cm_type ,cm_order , cm_state , cm_min_price , cm_max_price) values(24131,3207,'2016款 25T 舒适型','2016款',1,1,288800,288800);
insert into t_car_model(cm_id , cs_id , cm_name,cm_type ,cm_order , cm_state , cm_min_price , cm_max_price) values(24132,3207,'2016款 25T 时尚型','2016款',2,1,308800,308800);
insert into t_car_model(cm_id , cs_id , cm_name,cm_type ,cm_order , cm_state , cm_min_price , cm_max_price) values(24750,3207,'2016款 28T 技术型','2016款',3,1,298800,298800);
insert into t_car_model(cm_id , cs_id , cm_name,cm_type ,cm_order , cm_state , cm_min_price , cm_max_price) values(24700,3207,'2016款 28T 时尚型','2016款',4,1,318800,318800);
insert into t_car_model(cm_id , cs_id , cm_name,cm_type ,cm_order , cm_state , cm_min_price , cm_max_price) values(24133,3207,'2016款 28T 精英型','2016款',5,1,338800,338800);
insert into t_car_model(cm_id , cs_id , cm_name,cm_type ,cm_order , cm_state , cm_min_price , cm_max_price) values(24130,3207,'2016款 28T 豪华型','2016款',6,1,368800,368800);
insert into t_car_model(cm_id , cs_id , cm_name,cm_type ,cm_order , cm_state , cm_min_price , cm_max_price) values(24073,3207,'2016款 28T 领先型','2016款',7,1,428800,428800);
insert into t_car_model(cm_id , cs_id , cm_name,cm_type ,cm_order , cm_state , cm_min_price , cm_max_price) values(19859,3207,'2014款 25T 舒适型','2014款',1,1,288800,288800);
insert into t_car_model(cm_id , cs_id , cm_name,cm_type ,cm_order , cm_state , cm_min_price , cm_max_price) values(19808,3207,'2014款 25T 时尚型','2014款',2,1,308800,308800);
insert into t_car_model(cm_id , cs_id , cm_name,cm_type ,cm_order , cm_state , cm_min_price , cm_max_price) values(19861,3207,'2014款 28T 精英型','2014款',3,1,328800,328800);
insert into t_car_model(cm_id , cs_id , cm_name,cm_type ,cm_order , cm_state , cm_min_price , cm_max_price) values(19862,3207,'2014款 28T 豪华型','2014款',4,1,358800,358800);
insert into t_car_model(cm_id , cs_id , cm_name,cm_type ,cm_order , cm_state , cm_min_price , cm_max_price) values(16956,3207,'2014款 28T 领先型','2014款',5,1,418800,418800);
insert into t_car_series(cs_id,cbf_id,cs_name,cs_order,cs_letter) values(488,122,'SLS赛威',2798,'S');
insert into t_car_model(cm_id , cs_id , cm_name,cm_type ,cm_order , cm_state , cm_min_price , cm_max_price) values(11267,488,'2012款 2.0T 舒适型','2012款',1,1,418800,418800);
insert into t_car_model(cm_id , cs_id , cm_name,cm_type ,cm_order , cm_state , cm_min_price , cm_max_price) values(9091,488,'2011款 2.0T 精英型','2011款',1,1,388800,388800);
insert into t_car_model(cm_id , cs_id , cm_name,cm_type ,cm_order , cm_state , cm_min_price , cm_max_price) values(9092,488,'2011款 2.0T 豪华型','2011款',2,1,438800,438800);
insert into t_car_model(cm_id , cs_id , cm_name,cm_type ,cm_order , cm_state , cm_min_price , cm_max_price) values(9093,488,'2011款 2.0T 行政版','2011款',3,1,488800,488800);
insert into t_car_model(cm_id , cs_id , cm_name,cm_type ,cm_order , cm_state , cm_min_price , cm_max_price) values(6549,488,'2010款 3.0L 精英型','2010款',1,1,448000,448000);
insert into t_car_model(cm_id , cs_id , cm_name,cm_type ,cm_order , cm_state , cm_min_price , cm_max_price) values(6550,488,'2010款 3.0L 豪华型','2010款',2,1,528000,528000);
insert into t_car_model(cm_id , cs_id , cm_name,cm_type ,cm_order , cm_state , cm_min_price , cm_max_price) values(6551,488,'2010款 3.6L 运动型','2010款',3,1,638000,638000);
insert into t_car_model(cm_id , cs_id , cm_name,cm_type ,cm_order , cm_state , cm_min_price , cm_max_price) values(6552,488,'2010款 3.6L 旗舰型','2010款',4,1,698000,698000);
insert into t_car_model(cm_id , cs_id , cm_name,cm_type ,cm_order , cm_state , cm_min_price , cm_max_price) values(2737,488,'2007款 2.8 精英型','2007款',1,1,448000,448000);
insert into t_car_model(cm_id , cs_id , cm_name,cm_type ,cm_order , cm_state , cm_min_price , cm_max_price) values(2654,488,'2007款 2.8 豪华型','2007款',2,1,498000,498000);
insert into t_car_model(cm_id , cs_id , cm_name,cm_type ,cm_order , cm_state , cm_min_price , cm_max_price) values(4190,488,'2007款 3.6 精英型','2007款',3,1,568000,568000);
insert into t_car_model(cm_id , cs_id , cm_name,cm_type ,cm_order , cm_state , cm_min_price , cm_max_price) values(2655,488,'2007款 3.6 豪华型','2007款',4,1,638000,638000);
insert into t_car_model(cm_id , cs_id , cm_name,cm_type ,cm_order , cm_state , cm_min_price , cm_max_price) values(2656,488,'2007款 4.6 旗舰型','2007款',5,1,828000,828000);
insert into t_car_series(cs_id,cbf_id,cs_name,cs_order,cs_letter) values(4334,122,'凯迪拉克CT6 PLUG-IN',2799,'K');
insert into t_car_model(cm_id , cs_id , cm_name,cm_type ,cm_order , cm_state , cm_min_price , cm_max_price) values(28860,4334,'2017款 30E 精英型','2017款',1,1,558800,558800);
insert into t_car_model(cm_id , cs_id , cm_name,cm_type ,cm_order , cm_state , cm_min_price , cm_max_price) values(27526,4334,'2017款 30E 领先型','2017款',2,1,658800,658800);
insert into t_car_series(cs_id,cbf_id,cs_name,cs_order,cs_letter) values(970,122,'凯迪拉克CTS',2800,'K');
insert into t_car_model(cm_id , cs_id , cm_name,cm_type ,cm_order , cm_state , cm_min_price , cm_max_price) values(2228,970,'2006款 2.8 精英型','2006款',1,1,358000,358000);
insert into t_car_model(cm_id , cs_id , cm_name,cm_type ,cm_order , cm_state , cm_min_price , cm_max_price) values(2229,970,'2006款 2.8 豪华型','2006款',2,1,408000,408000);
insert into t_car_model(cm_id , cs_id , cm_name,cm_type ,cm_order , cm_state , cm_min_price , cm_max_price) values(2230,970,'2006款 3.6 高性能运动型','2006款',3,1,518000,518000);
insert into t_car_model(cm_id , cs_id , cm_name,cm_type ,cm_order , cm_state , cm_min_price , cm_max_price) values(1588,970,'2005款 2.8','2005款',1,1,438000,438000);
insert into t_car_model(cm_id , cs_id , cm_name,cm_type ,cm_order , cm_state , cm_min_price , cm_max_price) values(1169,970,'2005款 3.6','2005款',2,1,518000,518000);
insert into t_car_model(cm_id , cs_id , cm_name,cm_type ,cm_order , cm_state , cm_min_price , cm_max_price) values(1790,970,'2005款 3.6 高性能版','2005款',3,1,518000,518000);
insert into t_car_series(cs_id,cbf_id,cs_name,cs_order,cs_letter) values(2949,122,'凯迪拉克XTS',2801,'K');
insert into t_car_model(cm_id , cs_id , cm_name,cm_type ,cm_order , cm_state , cm_min_price , cm_max_price) values(32537,2949,'2018款 28T 技术型','2018款',1,1,299900,299900);
insert into t_car_model(cm_id , cs_id , cm_name,cm_type ,cm_order , cm_state , cm_min_price , cm_max_price) values(32538,2949,'2018款 28T 精英型','2018款',2,1,319900,319900);
insert into t_car_model(cm_id , cs_id , cm_name,cm_type ,cm_order , cm_state , cm_min_price , cm_max_price) values(32342,2949,'2018款 28T 豪华型','2018款',3,1,352900,352900);
insert into t_car_model(cm_id , cs_id , cm_name,cm_type ,cm_order , cm_state , cm_min_price , cm_max_price) values(28449,2949,'2017款 28T 技术型','2017款',1,1,349900,349900);
insert into t_car_model(cm_id , cs_id , cm_name,cm_type ,cm_order , cm_state , cm_min_price , cm_max_price) values(28702,2949,'2017款 28T 精英型','2017款',2,1,369900,369900);
insert into t_car_model(cm_id , cs_id , cm_name,cm_type ,cm_order , cm_state , cm_min_price , cm_max_price) values(28703,2949,'2017款 28T 豪华型','2017款',3,1,409900,409900);
insert into t_car_model(cm_id , cs_id , cm_name,cm_type ,cm_order , cm_state , cm_min_price , cm_max_price) values(28704,2949,'2017款 28T 铂金版','2017款',4,1,479900,479900);
insert into t_car_model(cm_id , cs_id , cm_name,cm_type ,cm_order , cm_state , cm_min_price , cm_max_price) values(25242,2949,'2016款 28T 技术型','2016款',1,1,349900,349900);
insert into t_car_model(cm_id , cs_id , cm_name,cm_type ,cm_order , cm_state , cm_min_price , cm_max_price) values(25051,2949,'2016款 28T 精英型','2016款',2,1,369900,369900);
insert into t_car_model(cm_id , cs_id , cm_name,cm_type ,cm_order , cm_state , cm_min_price , cm_max_price) values(25104,2949,'2016款 28T 豪华型','2016款',3,1,409900,409900);
insert into t_car_model(cm_id , cs_id , cm_name,cm_type ,cm_order , cm_state , cm_min_price , cm_max_price) values(25243,2949,'2016款 28T 铂金版','2016款',4,1,479900,479900);
insert into t_car_model(cm_id , cs_id , cm_name,cm_type ,cm_order , cm_state , cm_min_price , cm_max_price) values(21231,2949,'2015款 28T 舒适型','2015款',1,1,349900,349900);
insert into t_car_model(cm_id , cs_id , cm_name,cm_type ,cm_order , cm_state , cm_min_price , cm_max_price) values(21232,2949,'2015款 28T 精英型','2015款',2,1,369900,369900);
insert into t_car_model(cm_id , cs_id , cm_name,cm_type ,cm_order , cm_state , cm_min_price , cm_max_price) values(21233,2949,'2015款 28T 豪华型','2015款',3,1,409900,409900);
insert into t_car_model(cm_id , cs_id , cm_name,cm_type ,cm_order , cm_state , cm_min_price , cm_max_price) values(21234,2949,'2015款 28T 铂金版','2015款',4,1,479900,479900);
insert into t_car_model(cm_id , cs_id , cm_name,cm_type ,cm_order , cm_state , cm_min_price , cm_max_price) values(18651,2949,'2014款 28T 舒适型','2014款',1,1,349900,349900);
insert into t_car_model(cm_id , cs_id , cm_name,cm_type ,cm_order , cm_state , cm_min_price , cm_max_price) values(18652,2949,'2014款 28T 典雅型','2014款',2,1,369900,369900);
insert into t_car_model(cm_id , cs_id , cm_name,cm_type ,cm_order , cm_state , cm_min_price , cm_max_price) values(18653,2949,'2014款 28T 精英型','2014款',3,1,379900,379900);
insert into t_car_model(cm_id , cs_id , cm_name,cm_type ,cm_order , cm_state , cm_min_price , cm_max_price) values(18654,2949,'2014款 28T 科技型','2014款',4,1,399900,399900);
insert into t_car_model(cm_id , cs_id , cm_name,cm_type ,cm_order , cm_state , cm_min_price , cm_max_price) values(18655,2949,'2014款 28T 豪华型','2014款',5,1,419900,419900);
insert into t_car_model(cm_id , cs_id , cm_name,cm_type ,cm_order , cm_state , cm_min_price , cm_max_price) values(18656,2949,'2014款 28T 铂金版','2014款',6,1,499900,499900);
insert into t_car_model(cm_id , cs_id , cm_name,cm_type ,cm_order , cm_state , cm_min_price , cm_max_price) values(18657,2949,'2014款 36S 铂金版','2014款',7,1,569900,569900);
insert into t_car_model(cm_id , cs_id , cm_name,cm_type ,cm_order , cm_state , cm_min_price , cm_max_price) values(14975,2949,'2013款 28T 舒适型','2013款',1,1,349900,349900);
insert into t_car_model(cm_id , cs_id , cm_name,cm_type ,cm_order , cm_state , cm_min_price , cm_max_price) values(16162,2949,'2013款 28T 典雅型','2013款',2,1,369900,369900);
insert into t_car_model(cm_id , cs_id , cm_name,cm_type ,cm_order , cm_state , cm_min_price , cm_max_price) values(14384,2949,'2013款 28T 精英型','2013款',3,1,379900,379900);
insert into t_car_model(cm_id , cs_id , cm_name,cm_type ,cm_order , cm_state , cm_min_price , cm_max_price) values(16163,2949,'2013款 28T 科技型','2013款',4,1,399900,399900);
insert into t_car_model(cm_id , cs_id , cm_name,cm_type ,cm_order , cm_state , cm_min_price , cm_max_price) values(14930,2949,'2013款 28T 豪华型','2013款',5,1,419900,419900);
insert into t_car_model(cm_id , cs_id , cm_name,cm_type ,cm_order , cm_state , cm_min_price , cm_max_price) values(14931,2949,'2013款 28T 领先型','2013款',6,1,469900,469900);
insert into t_car_model(cm_id , cs_id , cm_name,cm_type ,cm_order , cm_state , cm_min_price , cm_max_price) values(14932,2949,'2013款 36S 铂金版','2013款',7,1,569900,569900);
insert into t_car_brand_factory(cbf_id , cb_id , cbf_name ,cbf_letter) values(44,47,'凯迪拉克(进口)','K');
insert into t_car_series(cs_id,cbf_id,cs_name,cs_order,cs_letter) values(462,44,'凯雷德ESCALADE',2811,'K');
insert into t_car_model(cm_id , cs_id , cm_name,cm_type ,cm_order , cm_state , cm_min_price , cm_max_price) values(28586,462,'2017款 6.2L ESV铂金版加长型','2017款',1,1,1488000,1488000);
insert into t_car_model(cm_id , cs_id , cm_name,cm_type ,cm_order , cm_state , cm_min_price , cm_max_price) values(15806,462,'2013款 6.2L ESV铂金版加长型','2013款',1,1,1688000,1688000);
insert into t_car_model(cm_id , cs_id , cm_name,cm_type ,cm_order , cm_state , cm_min_price , cm_max_price) values(7735,462,'2010款 6.0 Hybrid','2010款',1,1,1588000,1588000);
insert into t_car_model(cm_id , cs_id , cm_name,cm_type ,cm_order , cm_state , cm_min_price , cm_max_price) values(5373,462,'2009款 6.0 Hybrid','2009款',1,1,1360000,1360000);
insert into t_car_model(cm_id , cs_id , cm_name,cm_type ,cm_order , cm_state , cm_min_price , cm_max_price) values(4439,462,'2008款 6.2 AWD','2008款',1,1,1360000,1360000);
insert into t_car_model(cm_id , cs_id , cm_name,cm_type ,cm_order , cm_state , cm_min_price , cm_max_price) values(3403,462,'2007款 6.2 AWD','2007款',1,1,1360000,1360000);
insert into t_car_model(cm_id , cs_id , cm_name,cm_type ,cm_order , cm_state , cm_min_price , cm_max_price) values(2410,462,'2006款 6.2 AWD','2006款',1,1,1080000,1080000);
insert into t_car_series(cs_id,cbf_id,cs_name,cs_order,cs_letter) values(2629,44,'凯迪拉克ATS(进口)',2815,'K');
insert into t_car_model(cm_id , cs_id , cm_name,cm_type ,cm_order , cm_state , cm_min_price , cm_max_price) values(17463,2629,'2014款 28T 舒适型','2014款',1,1,308000,308000);
insert into t_car_model(cm_id , cs_id , cm_name,cm_type ,cm_order , cm_state , cm_min_price , cm_max_price) values(17520,2629,'2014款 28T 精英型','2014款',2,1,328000,328000);
insert into t_car_model(cm_id , cs_id , cm_name,cm_type ,cm_order , cm_state , cm_min_price , cm_max_price) values(17521,2629,'2014款 28T 豪华型','2014款',3,1,368000,368000);
insert into t_car_model(cm_id , cs_id , cm_name,cm_type ,cm_order , cm_state , cm_min_price , cm_max_price) values(14978,2629,'2014款 28T 领先型','2014款',4,1,438000,438000);
insert into t_car_series(cs_id,cbf_id,cs_name,cs_order,cs_letter) values(311,44,'凯迪拉克CTS(进口)',2817,'K');
insert into t_car_model(cm_id , cs_id , cm_name,cm_type ,cm_order , cm_state , cm_min_price , cm_max_price) values(18691,311,'2014款 28T 精英型','2014款',1,1,428000,428000);
insert into t_car_model(cm_id , cs_id , cm_name,cm_type ,cm_order , cm_state , cm_min_price , cm_max_price) values(18911,311,'2014款 28T 豪华型','2014款',2,1,458000,458000);
insert into t_car_model(cm_id , cs_id , cm_name,cm_type ,cm_order , cm_state , cm_min_price , cm_max_price) values(15393,311,'2014款 28T 领先型','2014款',3,1,518000,518000);
insert into t_car_model(cm_id , cs_id , cm_name,cm_type ,cm_order , cm_state , cm_min_price , cm_max_price) values(11149,311,'2012款 3.0L 精英运动版','2012款',1,1,448000,448000);
insert into t_car_model(cm_id , cs_id , cm_name,cm_type ,cm_order , cm_state , cm_min_price , cm_max_price) values(11150,311,'2012款 3.0L 豪华运动版','2012款',2,1,488000,488000);
insert into t_car_model(cm_id , cs_id , cm_name,cm_type ,cm_order , cm_state , cm_min_price , cm_max_price) values(11148,311,'2012款 CTS 3.0风尚运动版','2012款',3,1,369800,369800);
insert into t_car_model(cm_id , cs_id , cm_name,cm_type ,cm_order , cm_state , cm_min_price , cm_max_price) values(13518,311,'2012款 3.0 Vday精英纪念版','2012款',4,1,448000,448000);
insert into t_car_model(cm_id , cs_id , cm_name,cm_type ,cm_order , cm_state , cm_min_price , cm_max_price) values(13139,311,'2012款 3.0 Vday豪华纪念版','2012款',5,1,488000,488000);
insert into t_car_model(cm_id , cs_id , cm_name,cm_type ,cm_order , cm_state , cm_min_price , cm_max_price) values(11151,311,'2012款 3.6L COUPE','2012款',6,1,648000,648000);
insert into t_car_model(cm_id , cs_id , cm_name,cm_type ,cm_order , cm_state , cm_min_price , cm_max_price) values(13691,311,'2012款 6.2L CTS-V COUPE','2012款',7,1,1288000,1288000);
insert into t_car_model(cm_id , cs_id , cm_name,cm_type ,cm_order , cm_state , cm_min_price , cm_max_price) values(7238,311,'2011款 3.6 COUPE','2011款',1,1,568000,568000);
insert into t_car_model(cm_id , cs_id , cm_name,cm_type ,cm_order , cm_state , cm_min_price , cm_max_price) values(6612,311,'2010款 3.0精英运动版','2010款',1,1,389800,389800);
insert into t_car_model(cm_id , cs_id , cm_name,cm_type ,cm_order , cm_state , cm_min_price , cm_max_price) values(6611,311,'2010款 3.0风尚运动版','2010款',2,1,369800,369800);
insert into t_car_model(cm_id , cs_id , cm_name,cm_type ,cm_order , cm_state , cm_min_price , cm_max_price) values(6613,311,'2010款 3.0豪华运动版','2010款',3,1,429800,429800);
insert into t_car_model(cm_id , cs_id , cm_name,cm_type ,cm_order , cm_state , cm_min_price , cm_max_price) values(6614,311,'2010款 3.6精英高性能版','2010款',4,1,498000,498000);
insert into t_car_model(cm_id , cs_id , cm_name,cm_type ,cm_order , cm_state , cm_min_price , cm_max_price) values(6615,311,'2010款 3.6旗舰高性能版','2010款',5,1,588000,588000);
insert into t_car_model(cm_id , cs_id , cm_name,cm_type ,cm_order , cm_state , cm_min_price , cm_max_price) values(4431,311,'2009款 2.8精英运动版','2009款',1,1,368000,368000);
insert into t_car_model(cm_id , cs_id , cm_name,cm_type ,cm_order , cm_state , cm_min_price , cm_max_price) values(4432,311,'2009款 2.8豪华运动版','2009款',2,1,418000,418000);
insert into t_car_model(cm_id , cs_id , cm_name,cm_type ,cm_order , cm_state , cm_min_price , cm_max_price) values(4787,311,'2009款 2.8精英运动天窗版','2009款',3,1,378000,378000);
insert into t_car_model(cm_id , cs_id , cm_name,cm_type ,cm_order , cm_state , cm_min_price , cm_max_price) values(4433,311,'2009款 3.6精英高性能版','2009款',4,1,488000,488000);
insert into t_car_model(cm_id , cs_id , cm_name,cm_type ,cm_order , cm_state , cm_min_price , cm_max_price) values(4434,311,'2009款 3.6旗舰高性能版','2009款',5,1,588000,588000);
insert into t_car_model(cm_id , cs_id , cm_name,cm_type ,cm_order , cm_state , cm_min_price , cm_max_price) values(4549,311,'2009款 6.2L CTS-V','2009款',6,1,1100000,1100000);
insert into t_car_model(cm_id , cs_id , cm_name,cm_type ,cm_order , cm_state , cm_min_price , cm_max_price) values(3737,311,'2008款 2.8L精英运动版','2008款',1,1,368000,368000);
insert into t_car_model(cm_id , cs_id , cm_name,cm_type ,cm_order , cm_state , cm_min_price , cm_max_price) values(3736,311,'2008款 2.8L豪华运动版','2008款',2,1,418000,418000);
insert into t_car_model(cm_id , cs_id , cm_name,cm_type ,cm_order , cm_state , cm_min_price , cm_max_price) values(3735,311,'2008款 3.6L精英高性能版','2008款',3,1,448000,448000);
insert into t_car_model(cm_id , cs_id , cm_name,cm_type ,cm_order , cm_state , cm_min_price , cm_max_price) values(3726,311,'2008款 3.6L旗舰高性能版','2008款',4,1,548000,548000);
insert into t_car_series(cs_id,cbf_id,cs_name,cs_order,cs_letter) values(49,44,'凯迪拉克SRX',2825,'K');
insert into t_car_model(cm_id , cs_id , cm_name,cm_type ,cm_order , cm_state , cm_min_price , cm_max_price) values(21522,49,'2015款 3.0L 精英型','2015款',1,1,439800,439800);
insert into t_car_model(cm_id , cs_id , cm_name,cm_type ,cm_order , cm_state , cm_min_price , cm_max_price) values(21521,49,'2015款 3.0L 舒适型','2015款',2,1,399800,399800);
insert into t_car_model(cm_id , cs_id , cm_name,cm_type ,cm_order , cm_state , cm_min_price , cm_max_price) values(21523,49,'2015款 3.0L 豪华型','2015款',3,1,468000,468000);
insert into t_car_model(cm_id , cs_id , cm_name,cm_type ,cm_order , cm_state , cm_min_price , cm_max_price) values(21524,49,'2015款 3.0L 领先型','2015款',4,1,499800,499800);
insert into t_car_model(cm_id , cs_id , cm_name,cm_type ,cm_order , cm_state , cm_min_price , cm_max_price) values(21525,49,'2015款 3.0L 旗舰型','2015款',5,1,548000,548000);
insert into t_car_model(cm_id , cs_id , cm_name,cm_type ,cm_order , cm_state , cm_min_price , cm_max_price) values(21526,49,'2015款 3.6L 旗舰型','2015款',6,1,598000,598000);
insert into t_car_model(cm_id , cs_id , cm_name,cm_type ,cm_order , cm_state , cm_min_price , cm_max_price) values(17699,49,'2014款 3.0L 舒适型','2014款',1,1,429800,429800);
insert into t_car_model(cm_id , cs_id , cm_name,cm_type ,cm_order , cm_state , cm_min_price , cm_max_price) values(17698,49,'2014款 3.0L 精英型','2014款',2,1,469800,469800);
insert into t_car_model(cm_id , cs_id , cm_name,cm_type ,cm_order , cm_state , cm_min_price , cm_max_price) values(17697,49,'2014款 3.0L 豪华型','2014款',3,1,498000,498000);
insert into t_car_model(cm_id , cs_id , cm_name,cm_type ,cm_order , cm_state , cm_min_price , cm_max_price) values(17696,49,'2014款 3.0L 领先型','2014款',4,1,529800,529800);
insert into t_car_model(cm_id , cs_id , cm_name,cm_type ,cm_order , cm_state , cm_min_price , cm_max_price) values(17695,49,'2014款 3.0L 旗舰型','2014款',5,1,578000,578000);
insert into t_car_model(cm_id , cs_id , cm_name,cm_type ,cm_order , cm_state , cm_min_price , cm_max_price) values(17694,49,'2014款 3.6L 旗舰型','2014款',6,1,628000,628000);
insert into t_car_model(cm_id , cs_id , cm_name,cm_type ,cm_order , cm_state , cm_min_price , cm_max_price) values(14901,49,'2013款 3.0L 舒适型','2013款',1,1,429800,429800);
insert into t_car_model(cm_id , cs_id , cm_name,cm_type ,cm_order , cm_state , cm_min_price , cm_max_price) values(14902,49,'2013款 3.0L 精英型','2013款',2,1,469800,469800);
insert into t_car_model(cm_id , cs_id , cm_name,cm_type ,cm_order , cm_state , cm_min_price , cm_max_price) values(14903,49,'2013款 3.0L 豪华型','2013款',3,1,498000,498000);
insert into t_car_model(cm_id , cs_id , cm_name,cm_type ,cm_order , cm_state , cm_min_price , cm_max_price) values(14904,49,'2013款 3.0L 领先型','2013款',4,1,529800,529800);
insert into t_car_model(cm_id , cs_id , cm_name,cm_type ,cm_order , cm_state , cm_min_price , cm_max_price) values(12460,49,'2013款 3.0L 旗舰型','2013款',5,1,578000,578000);
insert into t_car_model(cm_id , cs_id , cm_name,cm_type ,cm_order , cm_state , cm_min_price , cm_max_price) values(14905,49,'2013款 3.6L 旗舰型','2013款',6,1,628000,628000);
insert into t_car_model(cm_id , cs_id , cm_name,cm_type ,cm_order , cm_state , cm_min_price , cm_max_price) values(10958,49,'2012款 3.0L 舒适型','2012款',1,1,429800,429800);
insert into t_car_model(cm_id , cs_id , cm_name,cm_type ,cm_order , cm_state , cm_min_price , cm_max_price) values(10959,49,'2012款 3.0L 精英型','2012款',2,1,469800,469800);
insert into t_car_model(cm_id , cs_id , cm_name,cm_type ,cm_order , cm_state , cm_min_price , cm_max_price) values(10976,49,'2012款 3.0L 豪华型','2012款',3,1,498000,498000);
insert into t_car_model(cm_id , cs_id , cm_name,cm_type ,cm_order , cm_state , cm_min_price , cm_max_price) values(10961,49,'2012款 3.0L 领先型','2012款',4,1,529800,529800);
insert into t_car_model(cm_id , cs_id , cm_name,cm_type ,cm_order , cm_state , cm_min_price , cm_max_price) values(10977,49,'2012款 3.0L 旗舰型','2012款',5,1,578000,578000);
insert into t_car_model(cm_id , cs_id , cm_name,cm_type ,cm_order , cm_state , cm_min_price , cm_max_price) values(8723,49,'2011款 3.0L 豪华型','2011款',1,1,498000,498000);
insert into t_car_model(cm_id , cs_id , cm_name,cm_type ,cm_order , cm_state , cm_min_price , cm_max_price) values(8724,49,'2011款 3.0L 旗舰型','2011款',2,1,578000,578000);
insert into t_car_model(cm_id , cs_id , cm_name,cm_type ,cm_order , cm_state , cm_min_price , cm_max_price) values(4906,49,'2010款 3.0L 豪华版','2010款',1,1,498000,498000);
insert into t_car_model(cm_id , cs_id , cm_name,cm_type ,cm_order , cm_state , cm_min_price , cm_max_price) values(6208,49,'2010款 3.0L 旗舰版','2010款',2,1,578000,578000);
insert into t_car_model(cm_id , cs_id , cm_name,cm_type ,cm_order , cm_state , cm_min_price , cm_max_price) values(3643,49,'2008款 3.6L精英型','2008款',1,1,628000,628000);
insert into t_car_model(cm_id , cs_id , cm_name,cm_type ,cm_order , cm_state , cm_min_price , cm_max_price) values(3644,49,'2008款 3.6L豪华型','2008款',2,1,698000,698000);
insert into t_car_model(cm_id , cs_id , cm_name,cm_type ,cm_order , cm_state , cm_min_price , cm_max_price) values(3645,49,'2008款 4.6L豪华型','2008款',3,1,828000,828000);
insert into t_car_model(cm_id , cs_id , cm_name,cm_type ,cm_order , cm_state , cm_min_price , cm_max_price) values(4436,49,'2008款 改款 3.6L精英型','2008款',4,1,688000,688000);
insert into t_car_model(cm_id , cs_id , cm_name,cm_type ,cm_order , cm_state , cm_min_price , cm_max_price) values(4437,49,'2008款 改款 3.6L豪华型','2008款',5,1,758000,758000);
insert into t_car_model(cm_id , cs_id , cm_name,cm_type ,cm_order , cm_state , cm_min_price , cm_max_price) values(4438,49,'2008款 改款 4.6L豪华型','2008款',6,1,828000,828000);
insert into t_car_model(cm_id , cs_id , cm_name,cm_type ,cm_order , cm_state , cm_min_price , cm_max_price) values(2231,49,'2006款 3.6 四驱豪华型','2006款',1,1,758000,758000);
insert into t_car_model(cm_id , cs_id , cm_name,cm_type ,cm_order , cm_state , cm_min_price , cm_max_price) values(2232,49,'2006款 4.6 四驱超豪华','2006款',2,1,878000,878000);
insert into t_car_model(cm_id , cs_id , cm_name,cm_type ,cm_order , cm_state , cm_min_price , cm_max_price) values(1791,49,'2005款 3.6 两驱版','2005款',1,1,618000,618000);
insert into t_car_model(cm_id , cs_id , cm_name,cm_type ,cm_order , cm_state , cm_min_price , cm_max_price) values(1603,49,'2005款 3.6 四驱版','2005款',2,1,688000,688000);
insert into t_car_model(cm_id , cs_id , cm_name,cm_type ,cm_order , cm_state , cm_min_price , cm_max_price) values(1604,49,'2005款 4.6 四驱版','2005款',3,1,725000,725000);
insert into t_car_model(cm_id , cs_id , cm_name,cm_type ,cm_order , cm_state , cm_min_price , cm_max_price) values(563,49,'2004款 4.6 V8 VVT','2004款',1,1,890000,890000);
insert into t_car_series(cs_id,cbf_id,cs_name,cs_order,cs_letter) values(426,44,'凯迪拉克XLR',2832,'K');
insert into t_car_model(cm_id , cs_id , cm_name,cm_type ,cm_order , cm_state , cm_min_price , cm_max_price) values(4440,426,'2008款 4.6L','2008款',1,1,1520000,1520000);
insert into t_car_model(cm_id , cs_id , cm_name,cm_type ,cm_order , cm_state , cm_min_price , cm_max_price) values(1822,426,'2005款 4.6','2005款',1,1,1520000,1520000);
