insert into t_car_brand_factory(cbf_id , cb_id , cbf_name ,cbf_letter) values(185,143,'北京汽车制造厂','B');
insert into t_car_series(cs_id,cbf_id,cs_name,cs_order,cs_letter) values(3712,185,'北汽007',478,'B');
insert into t_car_model(cm_id , cs_id , cm_name,cm_type ,cm_order , cm_state , cm_min_price , cm_max_price) values(21456,3712,'2015款 2.0L 两驱舒适型','2015款',1,1,82800,82800);
insert into t_car_model(cm_id , cs_id , cm_name,cm_type ,cm_order , cm_state , cm_min_price , cm_max_price) values(26415,3712,'2015款 2.0T 两驱舒适型','2015款',2,1,86800,86800);
insert into t_car_model(cm_id , cs_id , cm_name,cm_type ,cm_order , cm_state , cm_min_price , cm_max_price) values(21455,3712,'2015款 2.0T 两驱豪华型','2015款',3,1,91800,91800);
insert into t_car_model(cm_id , cs_id , cm_name,cm_type ,cm_order , cm_state , cm_min_price , cm_max_price) values(21447,3712,'2015款 2.0T 四驱豪华型','2015款',4,1,107800,107800);
insert into t_car_brand_factory(cbf_id , cb_id , cbf_name ,cbf_letter) values(177,143,'北汽昌河','B');
insert into t_car_series(cs_id,cbf_id,cs_name,cs_order,cs_letter) values(4009,177,'北汽威旺S50',480,'B');
insert into t_car_model(cm_id , cs_id , cm_name,cm_type ,cm_order , cm_state , cm_min_price , cm_max_price) values(26124,4009,'2016款 1.5T 手动欢动舒适型','2016款',1,1,79800,79800);
insert into t_car_model(cm_id , cs_id , cm_name,cm_type ,cm_order , cm_state , cm_min_price , cm_max_price) values(26125,4009,'2016款 1.5T 手动欢动精英型','2016款',2,1,86800,86800);
insert into t_car_model(cm_id , cs_id , cm_name,cm_type ,cm_order , cm_state , cm_min_price , cm_max_price) values(25072,4009,'2016款 1.5T 手动欢动尊贵型','2016款',3,1,108800,108800);
insert into t_car_model(cm_id , cs_id , cm_name,cm_type ,cm_order , cm_state , cm_min_price , cm_max_price) values(27250,4009,'2016款 1.5T 手动欢动超越版','2016款',4,1,114800,114800);
insert into t_car_model(cm_id , cs_id , cm_name,cm_type ,cm_order , cm_state , cm_min_price , cm_max_price) values(26127,4009,'2016款 1.5T 手动乐动舒适型','2016款',5,1,79800,79800);
insert into t_car_model(cm_id , cs_id , cm_name,cm_type ,cm_order , cm_state , cm_min_price , cm_max_price) values(26128,4009,'2016款 1.5T 手动乐动豪华型','2016款',6,1,92800,92800);
insert into t_car_model(cm_id , cs_id , cm_name,cm_type ,cm_order , cm_state , cm_min_price , cm_max_price) values(26126,4009,'2016款 1.5T 手动乐动尊享型','2016款',7,1,108800,108800);
insert into t_car_model(cm_id , cs_id , cm_name,cm_type ,cm_order , cm_state , cm_min_price , cm_max_price) values(27251,4009,'2016款 1.5T 手动乐动旗舰版','2016款',8,1,120800,120800);
insert into t_car_model(cm_id , cs_id , cm_name,cm_type ,cm_order , cm_state , cm_min_price , cm_max_price) values(27983,4009,'2016款 1.5T CVT欢动精英型','2016款',9,1,96800,96800);
insert into t_car_model(cm_id , cs_id , cm_name,cm_type ,cm_order , cm_state , cm_min_price , cm_max_price) values(27985,4009,'2016款 1.5T CVT欢动尊贵型','2016款',10,1,118800,118800);
insert into t_car_model(cm_id , cs_id , cm_name,cm_type ,cm_order , cm_state , cm_min_price , cm_max_price) values(27984,4009,'2016款 1.5T CVT乐动豪华型','2016款',11,1,102800,102800);
insert into t_car_model(cm_id , cs_id , cm_name,cm_type ,cm_order , cm_state , cm_min_price , cm_max_price) values(27986,4009,'2016款 1.5T CVT乐动尊享型','2016款',12,1,118800,118800);
insert into t_car_series(cs_id,cbf_id,cs_name,cs_order,cs_letter) values(4154,177,'北汽威旺M50F',481,'B');
insert into t_car_model(cm_id , cs_id , cm_name,cm_type ,cm_order , cm_state , cm_min_price , cm_max_price) values(30487,4154,'2017款 1.5L 超值版','2017款',1,1,55800,55800);
insert into t_car_model(cm_id , cs_id , cm_name,cm_type ,cm_order , cm_state , cm_min_price , cm_max_price) values(28470,4154,'2017款 1.5L 标准型','2017款',2,1,63800,63800);
insert into t_car_model(cm_id , cs_id , cm_name,cm_type ,cm_order , cm_state , cm_min_price , cm_max_price) values(28471,4154,'2017款 1.5L 舒适型','2017款',3,1,67800,67800);
insert into t_car_model(cm_id , cs_id , cm_name,cm_type ,cm_order , cm_state , cm_min_price , cm_max_price) values(26791,4154,'2017款 1.5L 豪华型','2017款',4,1,74800,74800);
insert into t_car_model(cm_id , cs_id , cm_name,cm_type ,cm_order , cm_state , cm_min_price , cm_max_price) values(28472,4154,'2017款 1.3T 标准型','2017款',5,1,75800,75800);
insert into t_car_model(cm_id , cs_id , cm_name,cm_type ,cm_order , cm_state , cm_min_price , cm_max_price) values(28473,4154,'2017款 1.3T 舒适型','2017款',6,1,79800,79800);
insert into t_car_model(cm_id , cs_id , cm_name,cm_type ,cm_order , cm_state , cm_min_price , cm_max_price) values(28202,4154,'2017款 1.3T 豪华型','2017款',7,1,86800,86800);
insert into t_car_series(cs_id,cbf_id,cs_name,cs_order,cs_letter) values(4553,177,'北汽威旺M60',482,'B');
insert into t_car_model(cm_id , cs_id , cm_name,cm_type ,cm_order , cm_state , cm_min_price , cm_max_price) values(31794,4553,'2017款 1.5L 手动白银版','2017款',1,1,66800,66800);
insert into t_car_model(cm_id , cs_id , cm_name,cm_type ,cm_order , cm_state , cm_min_price , cm_max_price) values(31795,4553,'2017款 1.5L 手动铂金版','2017款',2,1,70800,70800);
insert into t_car_model(cm_id , cs_id , cm_name,cm_type ,cm_order , cm_state , cm_min_price , cm_max_price) values(31796,4553,'2017款 1.5T CVT钻石版','2017款',3,1,92800,92800);
insert into t_car_model(cm_id , cs_id , cm_name,cm_type ,cm_order , cm_state , cm_min_price , cm_max_price) values(31791,4553,'2017款 1.5T CVT王者版','2017款',4,1,98800,98800);
insert into t_car_series(cs_id,cbf_id,cs_name,cs_order,cs_letter) values(2943,177,'北汽威旺205',483,'B');
insert into t_car_model(cm_id , cs_id , cm_name,cm_type ,cm_order , cm_state , cm_min_price , cm_max_price) values(1001352,2943,'2013款 1.0L乐业型','2013款',1,1,29800,29800);
insert into t_car_model(cm_id , cs_id , cm_name,cm_type ,cm_order , cm_state , cm_min_price , cm_max_price) values(1001362,2943,'2013款 1.0L兴业型','2013款',2,1,32800,32800);
insert into t_car_model(cm_id , cs_id , cm_name,cm_type ,cm_order , cm_state , cm_min_price , cm_max_price) values(1001363,2943,'2013款 1.0L旺业型','2013款',3,1,35800,35800);
insert into t_car_model(cm_id , cs_id , cm_name,cm_type ,cm_order , cm_state , cm_min_price , cm_max_price) values(1001364,2943,'2013款 1.0L加长乐业型','2013款',4,1,32300,32300);
insert into t_car_model(cm_id , cs_id , cm_name,cm_type ,cm_order , cm_state , cm_min_price , cm_max_price) values(1001366,2943,'2013款 1.0L加长兴业型','2013款',5,1,35300,35300);
insert into t_car_model(cm_id , cs_id , cm_name,cm_type ,cm_order , cm_state , cm_min_price , cm_max_price) values(1001360,2943,'2013款 1.0L加长旺业型','2013款',6,1,38300,38300);
insert into t_car_model(cm_id , cs_id , cm_name,cm_type ,cm_order , cm_state , cm_min_price , cm_max_price) values(1001365,2943,'2013款 1.3L加长乐业型','2013款',7,1,34800,34800);
insert into t_car_model(cm_id , cs_id , cm_name,cm_type ,cm_order , cm_state , cm_min_price , cm_max_price) values(1001367,2943,'2013款 1.3L加长兴业型','2013款',8,1,37800,37800);
insert into t_car_model(cm_id , cs_id , cm_name,cm_type ,cm_order , cm_state , cm_min_price , cm_max_price) values(1001361,2943,'2013款 1.3L加长旺业型','2013款',9,1,40800,40800);
insert into t_car_series(cs_id,cbf_id,cs_name,cs_order,cs_letter) values(2482,177,'北汽威旺306',484,'B');
insert into t_car_model(cm_id , cs_id , cm_name,cm_type ,cm_order , cm_state , cm_min_price , cm_max_price) values(1003894,2482,'2016款 1.0L基本型5座LJ465','2016款',1,1,31800,31800);
insert into t_car_model(cm_id , cs_id , cm_name,cm_type ,cm_order , cm_state , cm_min_price , cm_max_price) values(1003754,2482,'2016款 1.0L基本型7座LJ465','2016款',2,1,31800,31800);
insert into t_car_model(cm_id , cs_id , cm_name,cm_type ,cm_order , cm_state , cm_min_price , cm_max_price) values(1003892,2482,'2016款 1.2L基本型5座A12国IV','2016款',3,1,37400,37400);
insert into t_car_model(cm_id , cs_id , cm_name,cm_type ,cm_order , cm_state , cm_min_price , cm_max_price) values(1003893,2482,'2016款 1.2L基本型5座A12国V','2016款',4,1,37400,37400);
insert into t_car_model(cm_id , cs_id , cm_name,cm_type ,cm_order , cm_state , cm_min_price , cm_max_price) values(1003903,2482,'2016款 1.2L基本型7座A12国IV','2016款',5,1,37400,37400);
insert into t_car_model(cm_id , cs_id , cm_name,cm_type ,cm_order , cm_state , cm_min_price , cm_max_price) values(1003904,2482,'2016款 1.2L基本型7座A12国V','2016款',6,1,37400,37400);
insert into t_car_model(cm_id , cs_id , cm_name,cm_type ,cm_order , cm_state , cm_min_price , cm_max_price) values(1003901,2482,'2016款 1.2L舒适型5座A12国IV','2016款',7,1,41500,41500);
insert into t_car_model(cm_id , cs_id , cm_name,cm_type ,cm_order , cm_state , cm_min_price , cm_max_price) values(1003902,2482,'2016款 1.2L舒适型5座A12国V','2016款',8,1,41500,41500);
insert into t_car_model(cm_id , cs_id , cm_name,cm_type ,cm_order , cm_state , cm_min_price , cm_max_price) values(1003899,2482,'2016款 1.2L舒适型7座A12国IV','2016款',9,1,41500,41500);
insert into t_car_model(cm_id , cs_id , cm_name,cm_type ,cm_order , cm_state , cm_min_price , cm_max_price) values(1003900,2482,'2016款 1.2L舒适型7座A12国V','2016款',10,1,41500,41500);
insert into t_car_model(cm_id , cs_id , cm_name,cm_type ,cm_order , cm_state , cm_min_price , cm_max_price) values(1003897,2482,'2016款 1.2L豪华型5座A12国IV','2016款',11,1,46400,46400);
insert into t_car_model(cm_id , cs_id , cm_name,cm_type ,cm_order , cm_state , cm_min_price , cm_max_price) values(1003898,2482,'2016款 1.2L豪华型5座A12国V','2016款',12,1,46400,46400);
insert into t_car_model(cm_id , cs_id , cm_name,cm_type ,cm_order , cm_state , cm_min_price , cm_max_price) values(1003895,2482,'2016款 1.2L豪华型7座A12国IV','2016款',13,1,46400,46400);
insert into t_car_model(cm_id , cs_id , cm_name,cm_type ,cm_order , cm_state , cm_min_price , cm_max_price) values(1003896,2482,'2016款 1.2L豪华型7座A12国V','2016款',14,1,46400,46400);
insert into t_car_model(cm_id , cs_id , cm_name,cm_type ,cm_order , cm_state , cm_min_price , cm_max_price) values(1002098,2482,'2014款 1.2L超值版厢货 基本型2座A12国IV','2014款',1,1,39500,39500);
insert into t_car_model(cm_id , cs_id , cm_name,cm_type ,cm_order , cm_state , cm_min_price , cm_max_price) values(1002096,2482,'2014款 1.2L超值版厢货 基本型5座A12国IV','2014款',2,1,39500,39500);
insert into t_car_model(cm_id , cs_id , cm_name,cm_type ,cm_order , cm_state , cm_min_price , cm_max_price) values(1002094,2482,'2014款 1.2L超值版厢货 基本型 助力2座A12国IV','2014款',3,1,41200,41200);
insert into t_car_model(cm_id , cs_id , cm_name,cm_type ,cm_order , cm_state , cm_min_price , cm_max_price) values(1002092,2482,'2014款 1.2L超值版厢货 基本型 助力5座A12国IV','2014款',4,1,41200,41200);
insert into t_car_model(cm_id , cs_id , cm_name,cm_type ,cm_order , cm_state , cm_min_price , cm_max_price) values(1002106,2482,'2014款 1.2L超值版厢货 舒适型2座A12国IV','2014款',5,1,43600,43600);
insert into t_car_model(cm_id , cs_id , cm_name,cm_type ,cm_order , cm_state , cm_min_price , cm_max_price) values(1002102,2482,'2014款 1.2L超值版厢货 舒适型 助力2座A12国IV','2014款',6,1,45600,45600);
insert into t_car_model(cm_id , cs_id , cm_name,cm_type ,cm_order , cm_state , cm_min_price , cm_max_price) values(1002104,2482,'2014款 1.2L超值版厢货 舒适型5座A12国IV','2014款',7,1,43600,43600);
insert into t_car_model(cm_id , cs_id , cm_name,cm_type ,cm_order , cm_state , cm_min_price , cm_max_price) values(1002100,2482,'2014款 1.2L超值版厢货 舒适型 助力5座A12国IV','2014款',8,1,45600,45600);
insert into t_car_model(cm_id , cs_id , cm_name,cm_type ,cm_order , cm_state , cm_min_price , cm_max_price) values(1002099,2482,'2014款 1.2L超值版厢货 基本型2座A12国V','2014款',9,1,40000,40000);
insert into t_car_model(cm_id , cs_id , cm_name,cm_type ,cm_order , cm_state , cm_min_price , cm_max_price) values(1002095,2482,'2014款 1.2L超值版厢货 基本型 助力2座A12国V','2014款',10,1,41700,41700);
insert into t_car_model(cm_id , cs_id , cm_name,cm_type ,cm_order , cm_state , cm_min_price , cm_max_price) values(1002097,2482,'2014款 1.2L超值版厢货 基本型5座A12国V','2014款',11,1,40000,40000);
insert into t_car_model(cm_id , cs_id , cm_name,cm_type ,cm_order , cm_state , cm_min_price , cm_max_price) values(1002093,2482,'2014款 1.2L超值版厢货 基本型 助力5座A12国V','2014款',12,1,41700,41700);
insert into t_car_model(cm_id , cs_id , cm_name,cm_type ,cm_order , cm_state , cm_min_price , cm_max_price) values(1002107,2482,'2014款 1.2L超值版厢货 舒适型2座A12国V','2014款',13,1,44100,44100);
insert into t_car_model(cm_id , cs_id , cm_name,cm_type ,cm_order , cm_state , cm_min_price , cm_max_price) values(1002103,2482,'2014款 1.2L超值版厢货 舒适型 助力2座A12国V','2014款',14,1,45800,45800);
insert into t_car_model(cm_id , cs_id , cm_name,cm_type ,cm_order , cm_state , cm_min_price , cm_max_price) values(1002105,2482,'2014款 1.2L超值版厢货 舒适型5座A12国V','2014款',15,1,44100,44100);
insert into t_car_model(cm_id , cs_id , cm_name,cm_type ,cm_order , cm_state , cm_min_price , cm_max_price) values(1002101,2482,'2014款 1.2L超值版厢货 舒适型 助力5座A12国V','2014款',16,1,45800,45800);
insert into t_car_model(cm_id , cs_id , cm_name,cm_type ,cm_order , cm_state , cm_min_price , cm_max_price) values(1002378,2482,'2014款 电动版','2014款',17,1,190000,190000);
insert into t_car_model(cm_id , cs_id , cm_name,cm_type ,cm_order , cm_state , cm_min_price , cm_max_price) values(1001650,2482,'2013款 1.2L超值版 基本型7座A12国IV','2013款',1,1,37800,37800);
insert into t_car_model(cm_id , cs_id , cm_name,cm_type ,cm_order , cm_state , cm_min_price , cm_max_price) values(1001651,2482,'2013款 1.2L超值版 舒适型7座A12国IV','2013款',2,1,41800,41800);
insert into t_car_model(cm_id , cs_id , cm_name,cm_type ,cm_order , cm_state , cm_min_price , cm_max_price) values(1001652,2482,'2013款 1.2L超值版 豪华型8座A12国IV','2013款',3,1,46800,46800);
insert into t_car_model(cm_id , cs_id , cm_name,cm_type ,cm_order , cm_state , cm_min_price , cm_max_price) values(1001998,2482,'2013款 1.2L超值版 基本型CNG7座A12国IV','2013款',4,1,45800,45800);
insert into t_car_model(cm_id , cs_id , cm_name,cm_type ,cm_order , cm_state , cm_min_price , cm_max_price) values(1001996,2482,'2011款 1.3L基本型7座','2011款',1,1,36800,36800);
insert into t_car_model(cm_id , cs_id , cm_name,cm_type ,cm_order , cm_state , cm_min_price , cm_max_price) values(1001028,2482,'2011款 1.3L舒适型7座','2011款',2,1,40800,40800);
insert into t_car_model(cm_id , cs_id , cm_name,cm_type ,cm_order , cm_state , cm_min_price , cm_max_price) values(1001997,2482,'2011款 1.3L豪华型8座','2011款',3,1,45800,45800);
insert into t_car_series(cs_id,cbf_id,cs_name,cs_order,cs_letter) values(3231,177,'北汽威旺307',485,'B');
insert into t_car_model(cm_id , cs_id , cm_name,cm_type ,cm_order , cm_state , cm_min_price , cm_max_price) values(1003920,3231,'2016款 1.2L标准5座A12国IV','2016款',1,1,43800,43800);
insert into t_car_model(cm_id , cs_id , cm_name,cm_type ,cm_order , cm_state , cm_min_price , cm_max_price) values(1003919,3231,'2016款 1.2L标准5座A12国V','2016款',2,1,44300,44300);
insert into t_car_model(cm_id , cs_id , cm_name,cm_type ,cm_order , cm_state , cm_min_price , cm_max_price) values(1003922,3231,'2016款 1.2L标准7座A12国IV','2016款',3,1,43800,43800);
insert into t_car_model(cm_id , cs_id , cm_name,cm_type ,cm_order , cm_state , cm_min_price , cm_max_price) values(1003921,3231,'2016款 1.2L标准7座A12国V','2016款',4,1,44300,44300);
insert into t_car_model(cm_id , cs_id , cm_name,cm_type ,cm_order , cm_state , cm_min_price , cm_max_price) values(1003916,3231,'2016款 1.2L舒适5座A12国IV','2016款',5,1,46800,46800);
insert into t_car_model(cm_id , cs_id , cm_name,cm_type ,cm_order , cm_state , cm_min_price , cm_max_price) values(1003915,3231,'2016款 1.2L舒适5座A12国V','2016款',6,1,47300,47300);
insert into t_car_model(cm_id , cs_id , cm_name,cm_type ,cm_order , cm_state , cm_min_price , cm_max_price) values(1003918,3231,'2016款 1.2L舒适7座A12国IV','2016款',7,1,46800,46800);
insert into t_car_model(cm_id , cs_id , cm_name,cm_type ,cm_order , cm_state , cm_min_price , cm_max_price) values(1003917,3231,'2016款 1.2L舒适7座A12国V','2016款',8,1,47300,47300);
insert into t_car_model(cm_id , cs_id , cm_name,cm_type ,cm_order , cm_state , cm_min_price , cm_max_price) values(1003912,3231,'2016款 1.2L豪华5座A12国IV','2016款',9,1,50800,50800);
insert into t_car_model(cm_id , cs_id , cm_name,cm_type ,cm_order , cm_state , cm_min_price , cm_max_price) values(1003911,3231,'2016款 1.2L豪华5座A12国V','2016款',10,1,51300,51300);
insert into t_car_model(cm_id , cs_id , cm_name,cm_type ,cm_order , cm_state , cm_min_price , cm_max_price) values(1003914,3231,'2016款 1.2L豪华7座A12国IV','2016款',11,1,50800,50800);
insert into t_car_model(cm_id , cs_id , cm_name,cm_type ,cm_order , cm_state , cm_min_price , cm_max_price) values(1003913,3231,'2016款 1.2L豪华7座A12国V','2016款',12,1,51300,51300);
insert into t_car_model(cm_id , cs_id , cm_name,cm_type ,cm_order , cm_state , cm_min_price , cm_max_price) values(1003909,3231,'2016款 1.2L CNG标准5座A12国IV','2016款',13,1,43800,43800);
insert into t_car_model(cm_id , cs_id , cm_name,cm_type ,cm_order , cm_state , cm_min_price , cm_max_price) values(1003910,3231,'2016款 1.2L CNG标准7座A12国IV','2016款',14,1,43800,43800);
insert into t_car_model(cm_id , cs_id , cm_name,cm_type ,cm_order , cm_state , cm_min_price , cm_max_price) values(1003907,3231,'2016款 1.2L CNG舒适5座A12国IV','2016款',15,1,46800,46800);
insert into t_car_model(cm_id , cs_id , cm_name,cm_type ,cm_order , cm_state , cm_min_price , cm_max_price) values(1003908,3231,'2016款 1.2L CNG舒适7座A12国IV','2016款',16,1,46800,46800);
insert into t_car_model(cm_id , cs_id , cm_name,cm_type ,cm_order , cm_state , cm_min_price , cm_max_price) values(1003905,3231,'2016款 1.2L CNG豪华5座A12国IV','2016款',17,1,50800,50800);
insert into t_car_model(cm_id , cs_id , cm_name,cm_type ,cm_order , cm_state , cm_min_price , cm_max_price) values(1003906,3231,'2016款 1.2L CNG豪华7座A12国IV','2016款',18,1,50800,50800);
insert into t_car_model(cm_id , cs_id , cm_name,cm_type ,cm_order , cm_state , cm_min_price , cm_max_price) values(1001970,3231,'2014款 1.2L标准型A12','2014款',1,1,44800,44800);
insert into t_car_model(cm_id , cs_id , cm_name,cm_type ,cm_order , cm_state , cm_min_price , cm_max_price) values(1002045,3231,'2014款 1.2L舒适型A12','2014款',2,1,47800,47800);
insert into t_car_model(cm_id , cs_id , cm_name,cm_type ,cm_order , cm_state , cm_min_price , cm_max_price) values(1002046,3231,'2014款 1.2L豪华型A12','2014款',3,1,51800,51800);
insert into t_car_series(cs_id,cbf_id,cs_name,cs_order,cs_letter) values(4016,177,'北汽威旺307EV',486,'B');
insert into t_car_model(cm_id , cs_id , cm_name,cm_type ,cm_order , cm_state , cm_min_price , cm_max_price) values(1003925,4016,'2016款 旺业型','2016款',1,1,0,0);
insert into t_car_series(cs_id,cbf_id,cs_name,cs_order,cs_letter) values(4812,177,'北汽威旺407EV',487,'B');
insert into t_car_model(cm_id , cs_id , cm_name,cm_type ,cm_order , cm_state , cm_min_price , cm_max_price) values(1006288,4812,'2018款 基本型','2018款',1,1,109800,109800);
insert into t_car_series(cs_id,cbf_id,cs_name,cs_order,cs_letter) values(3191,177,'北汽威旺M20',488,'B');
insert into t_car_model(cm_id , cs_id , cm_name,cm_type ,cm_order , cm_state , cm_min_price , cm_max_price) values(1006499,3191,'2018款 1.2L经济型A122','2018款',1,1,36800,36800);
insert into t_car_model(cm_id , cs_id , cm_name,cm_type ,cm_order , cm_state , cm_min_price , cm_max_price) values(1006498,3191,'2018款 1.5L实用型BJ415A','2018款',2,1,39800,39800);
insert into t_car_model(cm_id , cs_id , cm_name,cm_type ,cm_order , cm_state , cm_min_price , cm_max_price) values(1006500,3191,'2018款 1.5L基本型BJ415B','2018款',3,1,41800,41800);
insert into t_car_model(cm_id , cs_id , cm_name,cm_type ,cm_order , cm_state , cm_min_price , cm_max_price) values(1006501,3191,'2018款 1.5L基本型DAM15DL','2018款',4,1,41800,41800);
insert into t_car_model(cm_id , cs_id , cm_name,cm_type ,cm_order , cm_state , cm_min_price , cm_max_price) values(1005493,3191,'2017款 1.5L M20S 基本型DAM15DL','2017款',1,1,41800,41800);
insert into t_car_model(cm_id , cs_id , cm_name,cm_type ,cm_order , cm_state , cm_min_price , cm_max_price) values(1003691,3191,'2015款 1.2L经济型A122','2015款',1,1,36800,36800);
insert into t_car_model(cm_id , cs_id , cm_name,cm_type ,cm_order , cm_state , cm_min_price , cm_max_price) values(1002394,3191,'2014款 1.5L实用型BJ415A','2014款',1,1,39800,39800);
insert into t_car_model(cm_id , cs_id , cm_name,cm_type ,cm_order , cm_state , cm_min_price , cm_max_price) values(1003324,3191,'2014款 1.5L基本型BJ415B','2014款',2,1,41800,41800);
insert into t_car_model(cm_id , cs_id , cm_name,cm_type ,cm_order , cm_state , cm_min_price , cm_max_price) values(1003325,3191,'2014款 1.5L基本型DAM15DL','2014款',3,1,48300,48300);
insert into t_car_model(cm_id , cs_id , cm_name,cm_type ,cm_order , cm_state , cm_min_price , cm_max_price) values(1002395,3191,'2014款 1.5L标准型BJ415B','2014款',4,1,48800,48800);
insert into t_car_model(cm_id , cs_id , cm_name,cm_type ,cm_order , cm_state , cm_min_price , cm_max_price) values(1003320,3191,'2014款 1.5L标准型DAM15DL','2014款',5,1,48800,48800);
insert into t_car_model(cm_id , cs_id , cm_name,cm_type ,cm_order , cm_state , cm_min_price , cm_max_price) values(1002396,3191,'2014款 1.5L舒适型BJ415B','2014款',6,1,51800,52800);
insert into t_car_model(cm_id , cs_id , cm_name,cm_type ,cm_order , cm_state , cm_min_price , cm_max_price) values(1003321,3191,'2014款 1.5L舒适型DAM15DL','2014款',7,1,51800,51800);
insert into t_car_model(cm_id , cs_id , cm_name,cm_type ,cm_order , cm_state , cm_min_price , cm_max_price) values(1002397,3191,'2014款 1.5L豪华型BJ415B','2014款',8,1,54800,54800);
insert into t_car_model(cm_id , cs_id , cm_name,cm_type ,cm_order , cm_state , cm_min_price , cm_max_price) values(1003322,3191,'2014款 1.5L豪华型DAM15DL','2014款',9,1,54800,54800);
insert into t_car_model(cm_id , cs_id , cm_name,cm_type ,cm_order , cm_state , cm_min_price , cm_max_price) values(1002398,3191,'2014款 1.5L超豪华型BJ415B','2014款',10,1,56800,56800);
insert into t_car_model(cm_id , cs_id , cm_name,cm_type ,cm_order , cm_state , cm_min_price , cm_max_price) values(1003323,3191,'2014款 1.5L超豪华型DAM15DL','2014款',11,1,56800,56800);
insert into t_car_model(cm_id , cs_id , cm_name,cm_type ,cm_order , cm_state , cm_min_price , cm_max_price) values(1001815,3191,'2013款 1.5L实用型BJ415A','2013款',1,1,46800,46800);
insert into t_car_model(cm_id , cs_id , cm_name,cm_type ,cm_order , cm_state , cm_min_price , cm_max_price) values(1001816,3191,'2013款 1.5L实力型BJ415A','2013款',2,1,49800,49800);
insert into t_car_model(cm_id , cs_id , cm_name,cm_type ,cm_order , cm_state , cm_min_price , cm_max_price) values(1001817,3191,'2013款 1.5L时尚型BJ415B','2013款',3,1,52800,52800);
insert into t_car_model(cm_id , cs_id , cm_name,cm_type ,cm_order , cm_state , cm_min_price , cm_max_price) values(1001818,3191,'2013款 1.5L品尚型BJ415B','2013款',4,1,56800,56800);
insert into t_car_model(cm_id , cs_id , cm_name,cm_type ,cm_order , cm_state , cm_min_price , cm_max_price) values(1001819,3191,'2013款 1.5L乐尚型BJ415B','2013款',5,1,60800,60800);
insert into t_car_model(cm_id , cs_id , cm_name,cm_type ,cm_order , cm_state , cm_min_price , cm_max_price) values(1001820,3191,'2013款 1.5L尊尚型BJ415B','2013款',6,1,63800,63800);
insert into t_car_series(cs_id,cbf_id,cs_name,cs_order,cs_letter) values(3916,177,'北汽威旺M30',489,'B');
insert into t_car_model(cm_id , cs_id , cm_name,cm_type ,cm_order , cm_state , cm_min_price , cm_max_price) values(1006502,3916,'2018款 1.5L基本型DAM15','2018款',1,1,44800,44800);
insert into t_car_model(cm_id , cs_id , cm_name,cm_type ,cm_order , cm_state , cm_min_price , cm_max_price) values(1006503,3916,'2018款 1.5L舒适型DAM15','2018款',2,1,48300,48300);
insert into t_car_model(cm_id , cs_id , cm_name,cm_type ,cm_order , cm_state , cm_min_price , cm_max_price) values(1005492,3916,'2017款 1.5L M30S 标准型DAM15DL','2017款',1,1,46800,46800);
insert into t_car_model(cm_id , cs_id , cm_name,cm_type ,cm_order , cm_state , cm_min_price , cm_max_price) values(1005497,3916,'2017款 1.5L M30PLUS 标准型DAM15DL','2017款',2,1,55800,55800);
insert into t_car_model(cm_id , cs_id , cm_name,cm_type ,cm_order , cm_state , cm_min_price , cm_max_price) values(1003924,3916,'2016款 1.2L基本型A12','2016款',1,1,44300,44800);
insert into t_car_model(cm_id , cs_id , cm_name,cm_type ,cm_order , cm_state , cm_min_price , cm_max_price) values(1003668,3916,'2015款 1.5L基本型BJ415B','2015款',1,1,44800,44800);
insert into t_car_model(cm_id , cs_id , cm_name,cm_type ,cm_order , cm_state , cm_min_price , cm_max_price) values(1003662,3916,'2015款 1.5L舒适型BJ415B','2015款',2,1,48300,48300);
insert into t_car_model(cm_id , cs_id , cm_name,cm_type ,cm_order , cm_state , cm_min_price , cm_max_price) values(1003669,3916,'2015款 1.5L基本型DAM15','2015款',3,1,44800,44800);
insert into t_car_model(cm_id , cs_id , cm_name,cm_type ,cm_order , cm_state , cm_min_price , cm_max_price) values(1003667,3916,'2015款 1.5L舒适型DAM15','2015款',4,1,48300,48300);
insert into t_car_series(cs_id,cbf_id,cs_name,cs_order,cs_letter) values(4061,177,'北汽威旺M35',490,'B');
insert into t_car_model(cm_id , cs_id , cm_name,cm_type ,cm_order , cm_state , cm_min_price , cm_max_price) values(1004019,4061,'2016款 1.5L 标准型415B','2016款',1,1,55800,55800);
insert into t_car_model(cm_id , cs_id , cm_name,cm_type ,cm_order , cm_state , cm_min_price , cm_max_price) values(1004018,4061,'2016款 1.5L 舒适型415B','2016款',2,1,60800,60800);
insert into t_car_model(cm_id , cs_id , cm_name,cm_type ,cm_order , cm_state , cm_min_price , cm_max_price) values(1004054,4061,'2016款 1.5L 标准型DAM15','2016款',3,1,53300,53300);
insert into t_car_model(cm_id , cs_id , cm_name,cm_type ,cm_order , cm_state , cm_min_price , cm_max_price) values(1004053,4061,'2016款 1.5L 舒适型DAM15','2016款',4,1,58300,58300);
insert into t_car_series(cs_id,cbf_id,cs_name,cs_order,cs_letter) values(3428,177,'北汽威旺T205-D',491,'B');
insert into t_car_model(cm_id , cs_id , cm_name,cm_type ,cm_order , cm_state , cm_min_price , cm_max_price) values(1002199,3428,'2013款 1.0L 标准版','2013款',1,1,29800,29800);
insert into t_car_model(cm_id , cs_id , cm_name,cm_type ,cm_order , cm_state , cm_min_price , cm_max_price) values(1002200,3428,'2013款 1.0L 加长版','2013款',2,1,30800,30800);
insert into t_car_model(cm_id , cs_id , cm_name,cm_type ,cm_order , cm_state , cm_min_price , cm_max_price) values(1002201,3428,'2013款 1.3L 加长版','2013款',3,1,34000,34000);
insert into t_car_series(cs_id,cbf_id,cs_name,cs_order,cs_letter) values(4017,177,'北汽威旺608EV',492,'B');
insert into t_car_model(cm_id , cs_id , cm_name,cm_type ,cm_order , cm_state , cm_min_price , cm_max_price) values(1003926,4017,'2016款 基本型','2016款',1,1,0,0);
