insert into t_car_brand_factory(cbf_id , cb_id , cbf_name ,cbf_letter) values(152,36,'北京奔驰','B');
insert into t_car_series(cs_id,cbf_id,cs_name,cs_order,cs_letter) values(4764,152,'奔驰A级',526,'B');
insert into t_car_model(cm_id , cs_id , cm_name,cm_type ,cm_order , cm_state , cm_min_price , cm_max_price) values(53922,4764,'2022款 A 180 L','2022款',1,1,214800,214800);
insert into t_car_model(cm_id , cs_id , cm_name,cm_type ,cm_order , cm_state , cm_min_price , cm_max_price) values(53923,4764,'2022款 A 180 L 运动轿车','2022款',2,1,234800,234800);
insert into t_car_model(cm_id , cs_id , cm_name,cm_type ,cm_order , cm_state , cm_min_price , cm_max_price) values(53924,4764,'2022款 A 200 L 运动轿车动感型','2022款',3,1,251800,251800);
insert into t_car_model(cm_id , cs_id , cm_name,cm_type ,cm_order , cm_state , cm_min_price , cm_max_price) values(54835,4764,'2022款 改款 A 200 L 运动轿车时尚型','2022款',4,1,254400,254400);
insert into t_car_model(cm_id , cs_id , cm_name,cm_type ,cm_order , cm_state , cm_min_price , cm_max_price) values(53925,4764,'2022款 A 200 L 运动轿车时尚型','2022款',5,1,264800,264800);
insert into t_car_model(cm_id , cs_id , cm_name,cm_type ,cm_order , cm_state , cm_min_price , cm_max_price) values(52139,4764,'2021款 A 180 L','2021款',1,1,211800,211800);
insert into t_car_model(cm_id , cs_id , cm_name,cm_type ,cm_order , cm_state , cm_min_price , cm_max_price) values(47744,4764,'2021款 A 180 L 运动轿车','2021款',2,1,232800,232800);
insert into t_car_model(cm_id , cs_id , cm_name,cm_type ,cm_order , cm_state , cm_min_price , cm_max_price) values(52234,4764,'2021款 改款 A 180 L 运动轿车','2021款',3,1,232800,232800);
insert into t_car_model(cm_id , cs_id , cm_name,cm_type ,cm_order , cm_state , cm_min_price , cm_max_price) values(49606,4764,'2021款 A 200 L 运动轿车动感型','2021款',4,1,249800,249800);
insert into t_car_model(cm_id , cs_id , cm_name,cm_type ,cm_order , cm_state , cm_min_price , cm_max_price) values(49900,4764,'2021款 A 200 L 运动轿车时尚型','2021款',5,1,264800,264800);
insert into t_car_model(cm_id , cs_id , cm_name,cm_type ,cm_order , cm_state , cm_min_price , cm_max_price) values(42449,4764,'2020款 A 180 L','2020款',1,1,211800,211800);
insert into t_car_model(cm_id , cs_id , cm_name,cm_type ,cm_order , cm_state , cm_min_price , cm_max_price) values(42450,4764,'2020款 A 180 L 运动轿车','2020款',2,1,229800,229800);
insert into t_car_model(cm_id , cs_id , cm_name,cm_type ,cm_order , cm_state , cm_min_price , cm_max_price) values(42451,4764,'2020款 A 200 L','2020款',3,1,260800,260800);
insert into t_car_model(cm_id , cs_id , cm_name,cm_type ,cm_order , cm_state , cm_min_price , cm_max_price) values(42452,4764,'2020款 A 200 L 运动轿车','2020款',4,1,264800,264800);
insert into t_car_model(cm_id , cs_id , cm_name,cm_type ,cm_order , cm_state , cm_min_price , cm_max_price) values(42453,4764,'2020款 A 220 L 4MATIC 运动轿车','2020款',5,1,299800,299800);
insert into t_car_model(cm_id , cs_id , cm_name,cm_type ,cm_order , cm_state , cm_min_price , cm_max_price) values(45236,4764,'2020款 改款 A 180 L','2020款',6,1,211800,211800);
insert into t_car_model(cm_id , cs_id , cm_name,cm_type ,cm_order , cm_state , cm_min_price , cm_max_price) values(45237,4764,'2020款 改款 A 180 L 运动轿车','2020款',7,1,229800,229800);
insert into t_car_model(cm_id , cs_id , cm_name,cm_type ,cm_order , cm_state , cm_min_price , cm_max_price) values(47005,4764,'2020款 改款二 A 180 L 运动轿车','2020款',8,1,232800,232800);
insert into t_car_model(cm_id , cs_id , cm_name,cm_type ,cm_order , cm_state , cm_min_price , cm_max_price) values(45370,4764,'2020款 改款 A 180 L 运动轿车特殊配置','2020款',9,1,232800,232800);
insert into t_car_model(cm_id , cs_id , cm_name,cm_type ,cm_order , cm_state , cm_min_price , cm_max_price) values(45238,4764,'2020款 改款 A 200 L 运动轿车动感型','2020款',10,1,249800,249800);
insert into t_car_model(cm_id , cs_id , cm_name,cm_type ,cm_order , cm_state , cm_min_price , cm_max_price) values(45239,4764,'2020款 改款 A 200 L 运动轿车时尚型','2020款',11,1,264800,264800);
insert into t_car_model(cm_id , cs_id , cm_name,cm_type ,cm_order , cm_state , cm_min_price , cm_max_price) values(45240,4764,'2020款 改款 A 220 L 4MATIC 运动轿车','2020款',12,1,299800,299800);
insert into t_car_model(cm_id , cs_id , cm_name,cm_type ,cm_order , cm_state , cm_min_price , cm_max_price) values(36642,4764,'2019款 A 180 L','2019款',1,1,211800,211800);
insert into t_car_model(cm_id , cs_id , cm_name,cm_type ,cm_order , cm_state , cm_min_price , cm_max_price) values(36749,4764,'2019款 A 180 L 运动轿车','2019款',2,1,229800,229800);
insert into t_car_model(cm_id , cs_id , cm_name,cm_type ,cm_order , cm_state , cm_min_price , cm_max_price) values(34428,4764,'2019款 A 200 L','2019款',3,1,260800,260800);
insert into t_car_model(cm_id , cs_id , cm_name,cm_type ,cm_order , cm_state , cm_min_price , cm_max_price) values(34253,4764,'2019款 A 200 L 运动轿车','2019款',4,1,264800,264800);
insert into t_car_model(cm_id , cs_id , cm_name,cm_type ,cm_order , cm_state , cm_min_price , cm_max_price) values(36319,4764,'2019款 A 200 L 运动轿车先行特别版','2019款',5,1,293800,293800);
insert into t_car_model(cm_id , cs_id , cm_name,cm_type ,cm_order , cm_state , cm_min_price , cm_max_price) values(40539,4764,'2019款 A 220 L 4MATIC 运动轿车','2019款',6,1,299800,299800);
insert into t_car_model(cm_id , cs_id , cm_name,cm_type ,cm_order , cm_state , cm_min_price , cm_max_price) values(40542,4764,'2019款 改款 A 180 L','2019款',7,1,211800,211800);
insert into t_car_model(cm_id , cs_id , cm_name,cm_type ,cm_order , cm_state , cm_min_price , cm_max_price) values(40543,4764,'2019款 改款 A 180 L 运动轿车','2019款',8,1,229800,229800);
insert into t_car_model(cm_id , cs_id , cm_name,cm_type ,cm_order , cm_state , cm_min_price , cm_max_price) values(40544,4764,'2019款 改款 A 200 L','2019款',9,1,260800,260800);
insert into t_car_model(cm_id , cs_id , cm_name,cm_type ,cm_order , cm_state , cm_min_price , cm_max_price) values(40545,4764,'2019款 改款 A 200 L 运动轿车','2019款',10,1,264800,264800);
insert into t_car_series(cs_id,cbf_id,cs_name,cs_order,cs_letter) values(5217,152,'奔驰A级AMG',527,'B');
insert into t_car_model(cm_id , cs_id , cm_name,cm_type ,cm_order , cm_state , cm_min_price , cm_max_price) values(55139,5217,'2022款 AMG A 35 L 4MATIC','2022款',1,1,395100,395100);
insert into t_car_model(cm_id , cs_id , cm_name,cm_type ,cm_order , cm_state , cm_min_price , cm_max_price) values(55203,5217,'2022款 AMG A 35 L 4MATIC 炽夜特别版','2022款',2,1,443900,443900);
insert into t_car_model(cm_id , cs_id , cm_name,cm_type ,cm_order , cm_state , cm_min_price , cm_max_price) values(52847,5217,'2021款 AMG A 35 L 4MATIC 炽夜特别版','2021款',1,1,439800,439800);
insert into t_car_model(cm_id , cs_id , cm_name,cm_type ,cm_order , cm_state , cm_min_price , cm_max_price) values(49148,5217,'2020款 AMG A 35 L 4MATIC','2020款',1,1,399800,399800);
insert into t_car_model(cm_id , cs_id , cm_name,cm_type ,cm_order , cm_state , cm_min_price , cm_max_price) values(41531,5217,'2019款 AMG A 35 L 4MATIC','2019款',1,1,399800,399800);
insert into t_car_model(cm_id , cs_id , cm_name,cm_type ,cm_order , cm_state , cm_min_price , cm_max_price) values(38618,5217,'2019款 AMG A 35 L 4MATIC 先型特别版','2019款',2,1,419800,419800);
insert into t_car_series(cs_id,cbf_id,cs_name,cs_order,cs_letter) values(588,152,'奔驰C级',528,'B');
insert into t_car_model(cm_id , cs_id , cm_name,cm_type ,cm_order , cm_state , cm_min_price , cm_max_price) values(52394,588,'2022款 C 200 L 运动版','2022款',1,1,325200,325200);
insert into t_car_model(cm_id , cs_id , cm_name,cm_type ,cm_order , cm_state , cm_min_price , cm_max_price) values(52395,588,'2022款 C 260 L','2022款',2,1,351200,351200);
insert into t_car_model(cm_id , cs_id , cm_name,cm_type ,cm_order , cm_state , cm_min_price , cm_max_price) values(50915,588,'2022款 C 260 L 运动版','2022款',3,1,351200,351200);
insert into t_car_model(cm_id , cs_id , cm_name,cm_type ,cm_order , cm_state , cm_min_price , cm_max_price) values(52396,588,'2022款 C 260 L 皓夜运动版','2022款',4,1,369200,369200);
insert into t_car_model(cm_id , cs_id , cm_name,cm_type ,cm_order , cm_state , cm_min_price , cm_max_price) values(52397,588,'2022款 C 260 L 运动版 4MATIC','2022款',5,1,372200,372200);
insert into t_car_model(cm_id , cs_id , cm_name,cm_type ,cm_order , cm_state , cm_min_price , cm_max_price) values(47532,588,'2021款 C 200 L 动感型运动版','2021款',1,1,307800,307800);
insert into t_car_model(cm_id , cs_id , cm_name,cm_type ,cm_order , cm_state , cm_min_price , cm_max_price) values(47538,588,'2021款 C 200 L 时尚型','2021款',2,1,319800,319800);
insert into t_car_model(cm_id , cs_id , cm_name,cm_type ,cm_order , cm_state , cm_min_price , cm_max_price) values(47533,588,'2021款 C 200 L 时尚型运动版','2021款',3,1,319800,319800);
insert into t_car_model(cm_id , cs_id , cm_name,cm_type ,cm_order , cm_state , cm_min_price , cm_max_price) values(47539,588,'2021款 C 260 L','2021款',4,1,346800,346800);
insert into t_car_model(cm_id , cs_id , cm_name,cm_type ,cm_order , cm_state , cm_min_price , cm_max_price) values(47534,588,'2021款 C 260 L 运动版','2021款',5,1,346800,346800);
insert into t_car_model(cm_id , cs_id , cm_name,cm_type ,cm_order , cm_state , cm_min_price , cm_max_price) values(47535,588,'2021款 C 260 L 运动星耀臻藏版','2021款',6,1,356800,356800);
insert into t_car_model(cm_id , cs_id , cm_name,cm_type ,cm_order , cm_state , cm_min_price , cm_max_price) values(47536,588,'2021款 C 260 L 运动版 4MATIC','2021款',7,1,373800,373800);
insert into t_car_model(cm_id , cs_id , cm_name,cm_type ,cm_order , cm_state , cm_min_price , cm_max_price) values(47537,588,'2021款 C 300 L 运动版','2021款',8,1,474800,474800);
insert into t_car_model(cm_id , cs_id , cm_name,cm_type ,cm_order , cm_state , cm_min_price , cm_max_price) values(47540,588,'2021款 C 260 星耀臻藏版','2021款',9,1,318800,318800);
insert into t_car_model(cm_id , cs_id , cm_name,cm_type ,cm_order , cm_state , cm_min_price , cm_max_price) values(44587,588,'2020款 改款 C 200 L 动感型运动版','2020款',1,1,307800,307800);
insert into t_car_model(cm_id , cs_id , cm_name,cm_type ,cm_order , cm_state , cm_min_price , cm_max_price) values(44588,588,'2020款 改款 C 200 L 时尚型','2020款',2,1,315800,315800);
insert into t_car_model(cm_id , cs_id , cm_name,cm_type ,cm_order , cm_state , cm_min_price , cm_max_price) values(41951,588,'2020款 C 200 L 动感型运动版','2020款',3,1,307800,307800);
insert into t_car_model(cm_id , cs_id , cm_name,cm_type ,cm_order , cm_state , cm_min_price , cm_max_price) values(41968,588,'2020款 C 260 运动版','2020款',4,1,310800,310800);
insert into t_car_model(cm_id , cs_id , cm_name,cm_type ,cm_order , cm_state , cm_min_price , cm_max_price) values(41969,588,'2020款 C 260 运动版 4MATIC','2020款',5,1,359800,359800);
insert into t_car_model(cm_id , cs_id , cm_name,cm_type ,cm_order , cm_state , cm_min_price , cm_max_price) values(41970,588,'2020款 C 300 运动版','2020款',6,1,450800,450800);
insert into t_car_model(cm_id , cs_id , cm_name,cm_type ,cm_order , cm_state , cm_min_price , cm_max_price) values(41952,588,'2020款 C 200 L 时尚型','2020款',7,1,315800,315800);
insert into t_car_model(cm_id , cs_id , cm_name,cm_type ,cm_order , cm_state , cm_min_price , cm_max_price) values(41953,588,'2020款 C 200 L 时尚型运动版','2020款',8,1,315800,315800);
insert into t_car_model(cm_id , cs_id , cm_name,cm_type ,cm_order , cm_state , cm_min_price , cm_max_price) values(41958,588,'2020款 C 260 L','2020款',9,1,346800,346800);
insert into t_car_model(cm_id , cs_id , cm_name,cm_type ,cm_order , cm_state , cm_min_price , cm_max_price) values(41961,588,'2020款 C 260 L 运动版','2020款',10,1,346800,346800);
insert into t_car_model(cm_id , cs_id , cm_name,cm_type ,cm_order , cm_state , cm_min_price , cm_max_price) values(41959,588,'2020款 C 260 L 4MATIC','2020款',11,1,373800,373800);
insert into t_car_model(cm_id , cs_id , cm_name,cm_type ,cm_order , cm_state , cm_min_price , cm_max_price) values(41962,588,'2020款 C 260 L 运动版 4MATIC','2020款',12,1,373800,373800);
insert into t_car_model(cm_id , cs_id , cm_name,cm_type ,cm_order , cm_state , cm_min_price , cm_max_price) values(41960,588,'2020款 C 300 L','2020款',13,1,474800,474800);
insert into t_car_model(cm_id , cs_id , cm_name,cm_type ,cm_order , cm_state , cm_min_price , cm_max_price) values(41963,588,'2020款 C 300 L 运动版','2020款',14,1,474800,474800);
insert into t_car_model(cm_id , cs_id , cm_name,cm_type ,cm_order , cm_state , cm_min_price , cm_max_price) values(44586,588,'2020款 改款 C 200 L 时尚型运动版','2020款',15,1,315800,315800);
insert into t_car_model(cm_id , cs_id , cm_name,cm_type ,cm_order , cm_state , cm_min_price , cm_max_price) values(44585,588,'2020款 改款 C 260 运动版','2020款',16,1,313800,313800);
insert into t_car_model(cm_id , cs_id , cm_name,cm_type ,cm_order , cm_state , cm_min_price , cm_max_price) values(44595,588,'2020款 改款 C 260 运动版 4MATIC','2020款',17,1,359800,359800);
insert into t_car_model(cm_id , cs_id , cm_name,cm_type ,cm_order , cm_state , cm_min_price , cm_max_price) values(44590,588,'2020款 改款 C 260 L','2020款',18,1,346800,346800);
insert into t_car_model(cm_id , cs_id , cm_name,cm_type ,cm_order , cm_state , cm_min_price , cm_max_price) values(44589,588,'2020款 改款 C 260 L 运动版','2020款',19,1,346800,346800);
insert into t_car_model(cm_id , cs_id , cm_name,cm_type ,cm_order , cm_state , cm_min_price , cm_max_price) values(44591,588,'2020款 改款 C 260 L 4MATIC','2020款',20,1,373800,373800);
insert into t_car_model(cm_id , cs_id , cm_name,cm_type ,cm_order , cm_state , cm_min_price , cm_max_price) values(44592,588,'2020款 改款 C 260 L 运动版 4MATIC','2020款',21,1,373800,373800);
insert into t_car_model(cm_id , cs_id , cm_name,cm_type ,cm_order , cm_state , cm_min_price , cm_max_price) values(44593,588,'2020款 改款 C 300 L','2020款',22,1,474800,474800);
insert into t_car_model(cm_id , cs_id , cm_name,cm_type ,cm_order , cm_state , cm_min_price , cm_max_price) values(44594,588,'2020款 改款 C 300 L 运动版','2020款',23,1,474800,474800);
insert into t_car_model(cm_id , cs_id , cm_name,cm_type ,cm_order , cm_state , cm_min_price , cm_max_price) values(36174,588,'2019款 C 180 L 动感型运动版','2019款',1,1,307800,307800);
insert into t_car_model(cm_id , cs_id , cm_name,cm_type ,cm_order , cm_state , cm_min_price , cm_max_price) values(36175,588,'2019款 C 180 L 时尚型','2019款',2,1,315800,315800);
insert into t_car_model(cm_id , cs_id , cm_name,cm_type ,cm_order , cm_state , cm_min_price , cm_max_price) values(36176,588,'2019款 C 180 L 时尚型运动版','2019款',3,1,315800,315800);
insert into t_car_model(cm_id , cs_id , cm_name,cm_type ,cm_order , cm_state , cm_min_price , cm_max_price) values(36177,588,'2019款 C 260 L','2019款',4,1,350800,350800);
insert into t_car_model(cm_id , cs_id , cm_name,cm_type ,cm_order , cm_state , cm_min_price , cm_max_price) values(36070,588,'2019款 C 260 L 运动版','2019款',5,1,350800,350800);
insert into t_car_model(cm_id , cs_id , cm_name,cm_type ,cm_order , cm_state , cm_min_price , cm_max_price) values(36178,588,'2019款 C 260 L 4MATIC','2019款',6,1,382800,382800);
insert into t_car_model(cm_id , cs_id , cm_name,cm_type ,cm_order , cm_state , cm_min_price , cm_max_price) values(36179,588,'2019款 C 260 L 4MATIC 运动版','2019款',7,1,382800,382800);
insert into t_car_model(cm_id , cs_id , cm_name,cm_type ,cm_order , cm_state , cm_min_price , cm_max_price) values(36180,588,'2019款 C 300 L','2019款',8,1,474800,474800);
insert into t_car_model(cm_id , cs_id , cm_name,cm_type ,cm_order , cm_state , cm_min_price , cm_max_price) values(34534,588,'2019款 C 300 L 运动版','2019款',9,1,474800,474800);
insert into t_car_model(cm_id , cs_id , cm_name,cm_type ,cm_order , cm_state , cm_min_price , cm_max_price) values(36171,588,'2019款 C 260 运动版','2019款',10,1,310800,310800);
insert into t_car_model(cm_id , cs_id , cm_name,cm_type ,cm_order , cm_state , cm_min_price , cm_max_price) values(36172,588,'2019款 C 260 运动版 4MATIC','2019款',11,1,359800,359800);
insert into t_car_model(cm_id , cs_id , cm_name,cm_type ,cm_order , cm_state , cm_min_price , cm_max_price) values(36173,588,'2019款 C 300 运动版','2019款',12,1,450800,450800);
insert into t_car_model(cm_id , cs_id , cm_name,cm_type ,cm_order , cm_state , cm_min_price , cm_max_price) values(38240,588,'2019款 改款 C 260 L','2019款',13,1,346800,346800);
insert into t_car_model(cm_id , cs_id , cm_name,cm_type ,cm_order , cm_state , cm_min_price , cm_max_price) values(38241,588,'2019款 改款 C 260 L 运动版','2019款',14,1,346800,346800);
insert into t_car_model(cm_id , cs_id , cm_name,cm_type ,cm_order , cm_state , cm_min_price , cm_max_price) values(38236,588,'2019款 改款 C 260 L 4MATIC','2019款',15,1,373800,373800);
insert into t_car_model(cm_id , cs_id , cm_name,cm_type ,cm_order , cm_state , cm_min_price , cm_max_price) values(38238,588,'2019款 改款 C 260 L 4MATIC 运动版','2019款',16,1,373800,373800);
insert into t_car_model(cm_id , cs_id , cm_name,cm_type ,cm_order , cm_state , cm_min_price , cm_max_price) values(32644,588,'2018款 C 200 运动版','2018款',1,1,312800,312800);
insert into t_car_model(cm_id , cs_id , cm_name,cm_type ,cm_order , cm_state , cm_min_price , cm_max_price) values(34690,588,'2018款 C 200 成就特别版','2018款',2,1,316800,316800);
insert into t_car_model(cm_id , cs_id , cm_name,cm_type ,cm_order , cm_state , cm_min_price , cm_max_price) values(32645,588,'2018款 C 200 运动版 4MATIC','2018款',3,1,386800,386800);
insert into t_car_model(cm_id , cs_id , cm_name,cm_type ,cm_order , cm_state , cm_min_price , cm_max_price) values(32646,588,'2018款 C 300 运动版','2018款',4,1,455800,455800);
insert into t_car_model(cm_id , cs_id , cm_name,cm_type ,cm_order , cm_state , cm_min_price , cm_max_price) values(32648,588,'2018款 C 180 L 动感型运动版','2018款',5,1,310800,310800);
insert into t_car_model(cm_id , cs_id , cm_name,cm_type ,cm_order , cm_state , cm_min_price , cm_max_price) values(32649,588,'2018款 C 180 L 时尚型运动版','2018款',6,1,323800,323800);
insert into t_car_model(cm_id , cs_id , cm_name,cm_type ,cm_order , cm_state , cm_min_price , cm_max_price) values(32647,588,'2018款 C 180 L 时尚型','2018款',7,1,323800,323800);
insert into t_car_model(cm_id , cs_id , cm_name,cm_type ,cm_order , cm_state , cm_min_price , cm_max_price) values(32651,588,'2018款 C 200 L 运动版','2018款',8,1,350800,350800);
insert into t_car_model(cm_id , cs_id , cm_name,cm_type ,cm_order , cm_state , cm_min_price , cm_max_price) values(34605,588,'2018款 C 200 L 运动版 成就特别版','2018款',9,1,353800,353800);
insert into t_car_model(cm_id , cs_id , cm_name,cm_type ,cm_order , cm_state , cm_min_price , cm_max_price) values(32650,588,'2018款 C 200 L','2018款',10,1,350800,350800);
insert into t_car_model(cm_id , cs_id , cm_name,cm_type ,cm_order , cm_state , cm_min_price , cm_max_price) values(32653,588,'2018款 C 200 L 4MATIC 运动版','2018款',11,1,396800,396800);
insert into t_car_model(cm_id , cs_id , cm_name,cm_type ,cm_order , cm_state , cm_min_price , cm_max_price) values(32652,588,'2018款 C 200 L 4MATIC','2018款',12,1,396800,396800);
insert into t_car_model(cm_id , cs_id , cm_name,cm_type ,cm_order , cm_state , cm_min_price , cm_max_price) values(32655,588,'2018款 C 300 L 运动版','2018款',13,1,485000,485000);
insert into t_car_model(cm_id , cs_id , cm_name,cm_type ,cm_order , cm_state , cm_min_price , cm_max_price) values(32654,588,'2018款 C 300 L','2018款',14,1,485000,485000);
insert into t_car_model(cm_id , cs_id , cm_name,cm_type ,cm_order , cm_state , cm_min_price , cm_max_price) values(28863,588,'2017款 C 200 运动版','2017款',1,1,314800,314800);
insert into t_car_model(cm_id , cs_id , cm_name,cm_type ,cm_order , cm_state , cm_min_price , cm_max_price) values(28864,588,'2017款 C 200 运动版 4MATIC','2017款',2,1,389800,389800);
insert into t_car_model(cm_id , cs_id , cm_name,cm_type ,cm_order , cm_state , cm_min_price , cm_max_price) values(28865,588,'2017款 C 300 运动版','2017款',3,1,459000,459000);
insert into t_car_model(cm_id , cs_id , cm_name,cm_type ,cm_order , cm_state , cm_min_price , cm_max_price) values(28866,588,'2017款 C 180 L','2017款',4,1,325800,325800);
insert into t_car_model(cm_id , cs_id , cm_name,cm_type ,cm_order , cm_state , cm_min_price , cm_max_price) values(28867,588,'2017款 C 180 L 运动版','2017款',5,1,325800,325800);
insert into t_car_model(cm_id , cs_id , cm_name,cm_type ,cm_order , cm_state , cm_min_price , cm_max_price) values(28868,588,'2017款 C 200 L','2017款',6,1,353800,353800);
insert into t_car_model(cm_id , cs_id , cm_name,cm_type ,cm_order , cm_state , cm_min_price , cm_max_price) values(28869,588,'2017款 C 200 L 运动版','2017款',7,1,353800,353800);
insert into t_car_model(cm_id , cs_id , cm_name,cm_type ,cm_order , cm_state , cm_min_price , cm_max_price) values(28870,588,'2017款 C 200 L 4MATIC','2017款',8,1,399800,399800);
insert into t_car_model(cm_id , cs_id , cm_name,cm_type ,cm_order , cm_state , cm_min_price , cm_max_price) values(28872,588,'2017款 C 200 L 4MATIC 运动版','2017款',9,1,399800,399800);
insert into t_car_model(cm_id , cs_id , cm_name,cm_type ,cm_order , cm_state , cm_min_price , cm_max_price) values(28875,588,'2017款 C 300 L','2017款',10,1,489000,489000);
insert into t_car_model(cm_id , cs_id , cm_name,cm_type ,cm_order , cm_state , cm_min_price , cm_max_price) values(28877,588,'2017款 C 300 L 运动版','2017款',11,1,489000,489000);
insert into t_car_model(cm_id , cs_id , cm_name,cm_type ,cm_order , cm_state , cm_min_price , cm_max_price) values(29741,588,'2017款 改款 C 180 L 时尚型','2017款',12,1,325800,325800);
insert into t_car_model(cm_id , cs_id , cm_name,cm_type ,cm_order , cm_state , cm_min_price , cm_max_price) values(29742,588,'2017款 改款 C 180 L 动感型运动版','2017款',13,1,312800,312800);
insert into t_car_model(cm_id , cs_id , cm_name,cm_type ,cm_order , cm_state , cm_min_price , cm_max_price) values(29743,588,'2017款 改款 C 180 L 时尚型运动版','2017款',14,1,325800,325800);
insert into t_car_model(cm_id , cs_id , cm_name,cm_type ,cm_order , cm_state , cm_min_price , cm_max_price) values(29744,588,'2017款 改款 C 200 L','2017款',15,1,353800,353800);
insert into t_car_model(cm_id , cs_id , cm_name,cm_type ,cm_order , cm_state , cm_min_price , cm_max_price) values(29745,588,'2017款 改款 C 200 L 运动版','2017款',16,1,353800,353800);
insert into t_car_model(cm_id , cs_id , cm_name,cm_type ,cm_order , cm_state , cm_min_price , cm_max_price) values(29746,588,'2017款 改款 C 200 L 4MATIC','2017款',17,1,399800,399800);
insert into t_car_model(cm_id , cs_id , cm_name,cm_type ,cm_order , cm_state , cm_min_price , cm_max_price) values(29747,588,'2017款 改款 C 200 L 4MATIC 运动版','2017款',18,1,399800,399800);
insert into t_car_model(cm_id , cs_id , cm_name,cm_type ,cm_order , cm_state , cm_min_price , cm_max_price) values(29748,588,'2017款 改款 C 300 L','2017款',19,1,489000,489000);
insert into t_car_model(cm_id , cs_id , cm_name,cm_type ,cm_order , cm_state , cm_min_price , cm_max_price) values(29749,588,'2017款 改款 C 300 L 运动版','2017款',20,1,489000,489000);
insert into t_car_model(cm_id , cs_id , cm_name,cm_type ,cm_order , cm_state , cm_min_price , cm_max_price) values(29738,588,'2017款 改款 C 200 运动版','2017款',21,1,314800,314800);
insert into t_car_model(cm_id , cs_id , cm_name,cm_type ,cm_order , cm_state , cm_min_price , cm_max_price) values(29739,588,'2017款 改款 C 200 运动版 4MATIC','2017款',22,1,389800,389800);
insert into t_car_model(cm_id , cs_id , cm_name,cm_type ,cm_order , cm_state , cm_min_price , cm_max_price) values(29740,588,'2017款 改款 C 300 运动版','2017款',23,1,459000,459000);
insert into t_car_model(cm_id , cs_id , cm_name,cm_type ,cm_order , cm_state , cm_min_price , cm_max_price) values(26628,588,'2016款 C 200 运动版','2016款',1,1,314800,314800);
insert into t_car_model(cm_id , cs_id , cm_name,cm_type ,cm_order , cm_state , cm_min_price , cm_max_price) values(26629,588,'2016款 C 200 运动版 4MATIC','2016款',2,1,389800,389800);
insert into t_car_model(cm_id , cs_id , cm_name,cm_type ,cm_order , cm_state , cm_min_price , cm_max_price) values(26618,588,'2016款 C 180 L','2016款',3,1,325800,325800);
insert into t_car_model(cm_id , cs_id , cm_name,cm_type ,cm_order , cm_state , cm_min_price , cm_max_price) values(26619,588,'2016款 C 180 L 运动型','2016款',4,1,325800,325800);
insert into t_car_model(cm_id , cs_id , cm_name,cm_type ,cm_order , cm_state , cm_min_price , cm_max_price) values(26620,588,'2016款 C 200 L','2016款',5,1,353800,353800);
insert into t_car_model(cm_id , cs_id , cm_name,cm_type ,cm_order , cm_state , cm_min_price , cm_max_price) values(26621,588,'2016款 C 200 L 运动型','2016款',6,1,353800,353800);
insert into t_car_model(cm_id , cs_id , cm_name,cm_type ,cm_order , cm_state , cm_min_price , cm_max_price) values(26622,588,'2016款 C 200 L 4MATIC','2016款',7,1,399800,399800);
insert into t_car_model(cm_id , cs_id , cm_name,cm_type ,cm_order , cm_state , cm_min_price , cm_max_price) values(26623,588,'2016款 C 200 L 4MATIC 运动版','2016款',8,1,399800,399800);
insert into t_car_model(cm_id , cs_id , cm_name,cm_type ,cm_order , cm_state , cm_min_price , cm_max_price) values(22999,588,'2015款 C 200 运动版','2015款',1,1,314800,314800);
insert into t_car_model(cm_id , cs_id , cm_name,cm_type ,cm_order , cm_state , cm_min_price , cm_max_price) values(22606,588,'2015款 C 200 运动版 4MATIC','2015款',2,1,389800,389800);
insert into t_car_model(cm_id , cs_id , cm_name,cm_type ,cm_order , cm_state , cm_min_price , cm_max_price) values(19543,588,'2015款 C 180 L','2015款',3,1,325800,325800);
insert into t_car_model(cm_id , cs_id , cm_name,cm_type ,cm_order , cm_state , cm_min_price , cm_max_price) values(20729,588,'2015款 C 180 L 运动型','2015款',4,1,325800,325800);
insert into t_car_model(cm_id , cs_id , cm_name,cm_type ,cm_order , cm_state , cm_min_price , cm_max_price) values(19928,588,'2015款 C 200 L','2015款',5,1,369000,369000);
insert into t_car_model(cm_id , cs_id , cm_name,cm_type ,cm_order , cm_state , cm_min_price , cm_max_price) values(19544,588,'2015款 C 200 L 运动型','2015款',6,1,369000,369000);
insert into t_car_model(cm_id , cs_id , cm_name,cm_type ,cm_order , cm_state , cm_min_price , cm_max_price) values(22863,588,'2015款 改款  C 180 L','2015款',7,1,325800,325800);
insert into t_car_model(cm_id , cs_id , cm_name,cm_type ,cm_order , cm_state , cm_min_price , cm_max_price) values(22864,588,'2015款 改款 C 180 L 运动型','2015款',8,1,325800,325800);
insert into t_car_model(cm_id , cs_id , cm_name,cm_type ,cm_order , cm_state , cm_min_price , cm_max_price) values(22865,588,'2015款 改款 C 200 L','2015款',9,1,353800,353800);
insert into t_car_model(cm_id , cs_id , cm_name,cm_type ,cm_order , cm_state , cm_min_price , cm_max_price) values(22866,588,'2015款 改款 C 200 L 运动型','2015款',10,1,353800,353800);
insert into t_car_model(cm_id , cs_id , cm_name,cm_type ,cm_order , cm_state , cm_min_price , cm_max_price) values(22516,588,'2015款 C 200 L 4MATIC','2015款',11,1,399800,399800);
insert into t_car_model(cm_id , cs_id , cm_name,cm_type ,cm_order , cm_state , cm_min_price , cm_max_price) values(23073,588,'2015款 C 200 L 4MATIC 运动版','2015款',12,1,399800,399800);
insert into t_car_model(cm_id , cs_id , cm_name,cm_type ,cm_order , cm_state , cm_min_price , cm_max_price) values(19933,588,'2015款 C 260 L','2015款',13,1,479000,479000);
insert into t_car_model(cm_id , cs_id , cm_name,cm_type ,cm_order , cm_state , cm_min_price , cm_max_price) values(19003,588,'2015款 C 260 L 运动型','2015款',14,1,479000,479000);
insert into t_car_model(cm_id , cs_id , cm_name,cm_type ,cm_order , cm_state , cm_min_price , cm_max_price) values(23000,588,'2015款 C 300 运动版','2015款',15,1,459000,459000);
insert into t_car_model(cm_id , cs_id , cm_name,cm_type ,cm_order , cm_state , cm_min_price , cm_max_price) values(19545,588,'2015款 C 300 L','2015款',16,1,489000,489000);
insert into t_car_model(cm_id , cs_id , cm_name,cm_type ,cm_order , cm_state , cm_min_price , cm_max_price) values(23003,588,'2015款 C 300 L 运动型','2015款',17,1,489000,489000);
insert into t_car_model(cm_id , cs_id , cm_name,cm_type ,cm_order , cm_state , cm_min_price , cm_max_price) values(14290,588,'2013款 C 180 CGI 经典型','2013款',1,1,308000,308000);
insert into t_car_model(cm_id , cs_id , cm_name,cm_type ,cm_order , cm_state , cm_min_price , cm_max_price) values(14252,588,'2013款 C 260 CGI 优雅型','2013款',2,1,353000,353000);
insert into t_car_model(cm_id , cs_id , cm_name,cm_type ,cm_order , cm_state , cm_min_price , cm_max_price) values(14221,588,'2013款 C 260 CGI 时尚型','2013款',3,1,388000,388000);
insert into t_car_model(cm_id , cs_id , cm_name,cm_type ,cm_order , cm_state , cm_min_price , cm_max_price) values(16800,588,'2013款 C 180 经典型 Grand Edition','2013款',4,1,315000,315000);
insert into t_car_model(cm_id , cs_id , cm_name,cm_type ,cm_order , cm_state , cm_min_price , cm_max_price) values(16801,588,'2013款 C 260 优雅型 Grand Edition','2013款',5,1,358000,358000);
insert into t_car_model(cm_id , cs_id , cm_name,cm_type ,cm_order , cm_state , cm_min_price , cm_max_price) values(16796,588,'2013款 C 260 时尚型 Grand Edition','2013款',6,1,393000,393000);
insert into t_car_model(cm_id , cs_id , cm_name,cm_type ,cm_order , cm_state , cm_min_price , cm_max_price) values(16802,588,'2013款 C 300 运动型 Grand Edition','2013款',7,1,468000,468000);
insert into t_car_model(cm_id , cs_id , cm_name,cm_type ,cm_order , cm_state , cm_min_price , cm_max_price) values(9996,588,'2011款 C 180K 经典型','2011款',1,1,308000,308000);
insert into t_car_model(cm_id , cs_id , cm_name,cm_type ,cm_order , cm_state , cm_min_price , cm_max_price) values(9959,588,'2011款 C 200 CGI 优雅型','2011款',2,1,348000,348000);
insert into t_car_model(cm_id , cs_id , cm_name,cm_type ,cm_order , cm_state , cm_min_price , cm_max_price) values(10356,588,'2011款 C 200 CGI 时尚型','2011款',3,1,388000,388000);
insert into t_car_model(cm_id , cs_id , cm_name,cm_type ,cm_order , cm_state , cm_min_price , cm_max_price) values(10365,588,'2011款 C 260 CGI 时尚型','2011款',4,1,428000,428000);
insert into t_car_model(cm_id , cs_id , cm_name,cm_type ,cm_order , cm_state , cm_min_price , cm_max_price) values(9960,588,'2011款 C 300 时尚型','2011款',5,1,468000,468000);
insert into t_car_model(cm_id , cs_id , cm_name,cm_type ,cm_order , cm_state , cm_min_price , cm_max_price) values(7577,588,'2010款 C 180K 经典型','2010款',1,1,308000,308000);
insert into t_car_model(cm_id , cs_id , cm_name,cm_type ,cm_order , cm_state , cm_min_price , cm_max_price) values(6631,588,'2010款 C 200K 标准型','2010款',2,1,348000,348000);
insert into t_car_model(cm_id , cs_id , cm_name,cm_type ,cm_order , cm_state , cm_min_price , cm_max_price) values(6927,588,'2010款 C 200K 时尚型','2010款',3,1,395000,395000);
insert into t_car_model(cm_id , cs_id , cm_name,cm_type ,cm_order , cm_state , cm_min_price , cm_max_price) values(6630,588,'2010款 C 260 时尚型','2010款',4,1,428000,428000);
insert into t_car_model(cm_id , cs_id , cm_name,cm_type ,cm_order , cm_state , cm_min_price , cm_max_price) values(8162,588,'2010款 C 200 CGI 优雅型','2010款',5,1,348000,348000);
insert into t_car_model(cm_id , cs_id , cm_name,cm_type ,cm_order , cm_state , cm_min_price , cm_max_price) values(8163,588,'2010款 C 200 CGI 时尚型','2010款',6,1,395000,395000);
insert into t_car_model(cm_id , cs_id , cm_name,cm_type ,cm_order , cm_state , cm_min_price , cm_max_price) values(8164,588,'2010款 C 260 CGI 时尚型','2010款',7,1,428000,428000);
insert into t_car_model(cm_id , cs_id , cm_name,cm_type ,cm_order , cm_state , cm_min_price , cm_max_price) values(9032,588,'2010款 C 260 CGI 运动型','2010款',8,1,458000,458000);
insert into t_car_model(cm_id , cs_id , cm_name,cm_type ,cm_order , cm_state , cm_min_price , cm_max_price) values(6926,588,'2010款 C 300 时尚型','2010款',9,1,478000,478000);
insert into t_car_model(cm_id , cs_id , cm_name,cm_type ,cm_order , cm_state , cm_min_price , cm_max_price) values(7576,588,'2010款 C 300 运动型','2010款',10,1,508000,508000);
insert into t_car_model(cm_id , cs_id , cm_name,cm_type ,cm_order , cm_state , cm_min_price , cm_max_price) values(4309,588,'2008款 C 200K 标准型','2008款',1,1,348000,348000);
insert into t_car_model(cm_id , cs_id , cm_name,cm_type ,cm_order , cm_state , cm_min_price , cm_max_price) values(3730,588,'2008款 C 200K 优雅型','2008款',2,1,385000,385000);
insert into t_car_model(cm_id , cs_id , cm_name,cm_type ,cm_order , cm_state , cm_min_price , cm_max_price) values(3731,588,'2008款 C 200K 时尚型','2008款',3,1,395000,395000);
insert into t_car_model(cm_id , cs_id , cm_name,cm_type ,cm_order , cm_state , cm_min_price , cm_max_price) values(4066,588,'2008款 C 230 时尚型','2008款',4,1,428000,428000);
insert into t_car_model(cm_id , cs_id , cm_name,cm_type ,cm_order , cm_state , cm_min_price , cm_max_price) values(3732,588,'2008款 C 280 时尚型','2008款',5,1,478000,478000);
insert into t_car_series(cs_id,cbf_id,cs_name,cs_order,cs_letter) values(197,152,'奔驰E级',529,'B');
insert into t_car_model(cm_id , cs_id , cm_name,cm_type ,cm_order , cm_state , cm_min_price , cm_max_price) values(53964,197,'2022款 E 260 L 运动型','2022款',1,1,439900,439900);
insert into t_car_model(cm_id , cs_id , cm_name,cm_type ,cm_order , cm_state , cm_min_price , cm_max_price) values(53965,197,'2022款 E 260 L 运动型 4MATIC','2022款',2,1,461900,461900);
insert into t_car_model(cm_id , cs_id , cm_name,cm_type ,cm_order , cm_state , cm_min_price , cm_max_price) values(54839,197,'2022款 改款 E 300 L 运动时尚型','2022款',3,1,475700,475700);
insert into t_car_model(cm_id , cs_id , cm_name,cm_type ,cm_order , cm_state , cm_min_price , cm_max_price) values(54840,197,'2022款 改款 E 300 L 运动豪华型','2022款',4,1,494700,494700);
insert into t_car_model(cm_id , cs_id , cm_name,cm_type ,cm_order , cm_state , cm_min_price , cm_max_price) values(54841,197,'2022款 改款 E 300 L 运动尊贵型','2022款',5,1,544200,544200);
insert into t_car_model(cm_id , cs_id , cm_name,cm_type ,cm_order , cm_state , cm_min_price , cm_max_price) values(53969,197,'2022款 E 260 L','2022款',6,1,439900,439900);
insert into t_car_model(cm_id , cs_id , cm_name,cm_type ,cm_order , cm_state , cm_min_price , cm_max_price) values(53970,197,'2022款 E 260 L 4MATIC','2022款',7,1,461900,461900);
insert into t_car_model(cm_id , cs_id , cm_name,cm_type ,cm_order , cm_state , cm_min_price , cm_max_price) values(54842,197,'2022款 改款 E 300 L 时尚型','2022款',8,1,475700,475700);
insert into t_car_model(cm_id , cs_id , cm_name,cm_type ,cm_order , cm_state , cm_min_price , cm_max_price) values(54843,197,'2022款 改款 E 300 L 豪华型','2022款',9,1,494700,494700);
insert into t_car_model(cm_id , cs_id , cm_name,cm_type ,cm_order , cm_state , cm_min_price , cm_max_price) values(54844,197,'2022款 改款 E 300 L 尊贵型','2022款',10,1,544200,544200);
insert into t_car_model(cm_id , cs_id , cm_name,cm_type ,cm_order , cm_state , cm_min_price , cm_max_price) values(53966,197,'2022款 E 300 L 运动时尚型','2022款',11,1,479900,479900);
insert into t_car_model(cm_id , cs_id , cm_name,cm_type ,cm_order , cm_state , cm_min_price , cm_max_price) values(53967,197,'2022款 E 300 L 运动豪华型','2022款',12,1,498900,498900);
insert into t_car_model(cm_id , cs_id , cm_name,cm_type ,cm_order , cm_state , cm_min_price , cm_max_price) values(53968,197,'2022款 E 300 L 运动尊贵型','2022款',13,1,562900,562900);
insert into t_car_model(cm_id , cs_id , cm_name,cm_type ,cm_order , cm_state , cm_min_price , cm_max_price) values(53971,197,'2022款 E 300 L 时尚型','2022款',14,1,479900,479900);
insert into t_car_model(cm_id , cs_id , cm_name,cm_type ,cm_order , cm_state , cm_min_price , cm_max_price) values(53972,197,'2022款 E 300 L 豪华型','2022款',15,1,498900,498900);
insert into t_car_model(cm_id , cs_id , cm_name,cm_type ,cm_order , cm_state , cm_min_price , cm_max_price) values(53973,197,'2022款 E 300 L 尊贵型','2022款',16,1,562900,562900);
insert into t_car_model(cm_id , cs_id , cm_name,cm_type ,cm_order , cm_state , cm_min_price , cm_max_price) values(47956,197,'2021款 E 260 L','2021款',1,1,430800,430800);
insert into t_car_model(cm_id , cs_id , cm_name,cm_type ,cm_order , cm_state , cm_min_price , cm_max_price) values(47957,197,'2021款 E 260 L 运动型','2021款',2,1,430800,430800);
insert into t_car_model(cm_id , cs_id , cm_name,cm_type ,cm_order , cm_state , cm_min_price , cm_max_price) values(47958,197,'2021款 E 260 L 4MATIC','2021款',3,1,452800,452800);
insert into t_car_model(cm_id , cs_id , cm_name,cm_type ,cm_order , cm_state , cm_min_price , cm_max_price) values(47959,197,'2021款 E 260 L 运动型 4MATIC','2021款',4,1,452800,452800);
insert into t_car_model(cm_id , cs_id , cm_name,cm_type ,cm_order , cm_state , cm_min_price , cm_max_price) values(47745,197,'2021款 E 300 L 时尚型','2021款',5,1,467800,467800);
insert into t_car_model(cm_id , cs_id , cm_name,cm_type ,cm_order , cm_state , cm_min_price , cm_max_price) values(47753,197,'2021款 E 300 L 运动时尚型','2021款',6,1,467800,467800);
insert into t_car_model(cm_id , cs_id , cm_name,cm_type ,cm_order , cm_state , cm_min_price , cm_max_price) values(47746,197,'2021款 E 300 L 豪华型','2021款',7,1,497800,497800);
insert into t_car_model(cm_id , cs_id , cm_name,cm_type ,cm_order , cm_state , cm_min_price , cm_max_price) values(47647,197,'2021款 E 300 L 运动豪华型','2021款',8,1,497800,497800);
insert into t_car_model(cm_id , cs_id , cm_name,cm_type ,cm_order , cm_state , cm_min_price , cm_max_price) values(47675,197,'2021款 E 300 L 尊贵型','2021款',9,1,535800,535800);
insert into t_car_model(cm_id , cs_id , cm_name,cm_type ,cm_order , cm_state , cm_min_price , cm_max_price) values(47960,197,'2021款 E 300 L 运动尊贵型','2021款',10,1,535800,535800);
insert into t_car_model(cm_id , cs_id , cm_name,cm_type ,cm_order , cm_state , cm_min_price , cm_max_price) values(47747,197,'2021款 E 350 L 4MATIC','2021款',11,1,642800,642800);
insert into t_car_model(cm_id , cs_id , cm_name,cm_type ,cm_order , cm_state , cm_min_price , cm_max_price) values(47915,197,'2021款 E 350 L 4MATIC 运动型','2021款',12,1,642800,642800);
insert into t_car_model(cm_id , cs_id , cm_name,cm_type ,cm_order , cm_state , cm_min_price , cm_max_price) values(50063,197,'2021款 改款 E 260 L 运动型','2021款',13,1,439900,439900);
insert into t_car_model(cm_id , cs_id , cm_name,cm_type ,cm_order , cm_state , cm_min_price , cm_max_price) values(50064,197,'2021款 改款 E 260 L 运动型 4MATIC','2021款',14,1,461900,461900);
insert into t_car_model(cm_id , cs_id , cm_name,cm_type ,cm_order , cm_state , cm_min_price , cm_max_price) values(50065,197,'2021款 改款 E 300 L 运动时尚型','2021款',15,1,479900,479900);
insert into t_car_model(cm_id , cs_id , cm_name,cm_type ,cm_order , cm_state , cm_min_price , cm_max_price) values(50066,197,'2021款 改款 E 300 L 运动豪华型','2021款',16,1,498900,498900);
insert into t_car_model(cm_id , cs_id , cm_name,cm_type ,cm_order , cm_state , cm_min_price , cm_max_price) values(50067,197,'2021款 改款 E 300 L 运动尊贵型','2021款',17,1,562900,562900);
insert into t_car_model(cm_id , cs_id , cm_name,cm_type ,cm_order , cm_state , cm_min_price , cm_max_price) values(50068,197,'2021款 改款 E 260 L','2021款',18,1,439900,439900);
insert into t_car_model(cm_id , cs_id , cm_name,cm_type ,cm_order , cm_state , cm_min_price , cm_max_price) values(50069,197,'2021款 改款 E 260 L 4MATIC','2021款',19,1,461900,461900);
insert into t_car_model(cm_id , cs_id , cm_name,cm_type ,cm_order , cm_state , cm_min_price , cm_max_price) values(50070,197,'2021款 改款 E 300 L 时尚型','2021款',20,1,479900,479900);
insert into t_car_model(cm_id , cs_id , cm_name,cm_type ,cm_order , cm_state , cm_min_price , cm_max_price) values(50071,197,'2021款 改款 E 300 L 豪华型','2021款',21,1,498900,498900);
insert into t_car_model(cm_id , cs_id , cm_name,cm_type ,cm_order , cm_state , cm_min_price , cm_max_price) values(50072,197,'2021款 改款 E 300 L 尊贵型','2021款',22,1,562900,562900);
insert into t_car_model(cm_id , cs_id , cm_name,cm_type ,cm_order , cm_state , cm_min_price , cm_max_price) values(42697,197,'2020款 E 260 L','2020款',1,1,429800,429800);
insert into t_car_model(cm_id , cs_id , cm_name,cm_type ,cm_order , cm_state , cm_min_price , cm_max_price) values(42499,197,'2020款 E 260 L 运动型','2020款',2,1,429800,429800);
insert into t_car_model(cm_id , cs_id , cm_name,cm_type ,cm_order , cm_state , cm_min_price , cm_max_price) values(42698,197,'2020款 E 260 L 4MATIC','2020款',3,1,452800,452800);
insert into t_car_model(cm_id , cs_id , cm_name,cm_type ,cm_order , cm_state , cm_min_price , cm_max_price) values(42699,197,'2020款 E 260 L 运动型 4MATIC','2020款',4,1,452800,452800);
insert into t_car_model(cm_id , cs_id , cm_name,cm_type ,cm_order , cm_state , cm_min_price , cm_max_price) values(42436,197,'2020款 E 300 L 时尚型','2020款',5,1,465800,465800);
insert into t_car_model(cm_id , cs_id , cm_name,cm_type ,cm_order , cm_state , cm_min_price , cm_max_price) values(42700,197,'2020款 E 300 L 运动时尚型','2020款',6,1,465800,465800);
insert into t_car_model(cm_id , cs_id , cm_name,cm_type ,cm_order , cm_state , cm_min_price , cm_max_price) values(42701,197,'2020款 E 300 L 豪华型','2020款',7,1,492800,492800);
insert into t_car_model(cm_id , cs_id , cm_name,cm_type ,cm_order , cm_state , cm_min_price , cm_max_price) values(42702,197,'2020款 E 300 L 运动豪华型','2020款',8,1,492800,492800);
insert into t_car_model(cm_id , cs_id , cm_name,cm_type ,cm_order , cm_state , cm_min_price , cm_max_price) values(42703,197,'2020款 E 350 L 4MATIC','2020款',9,1,623800,623800);
insert into t_car_model(cm_id , cs_id , cm_name,cm_type ,cm_order , cm_state , cm_min_price , cm_max_price) values(42706,197,'2020款 E 350 L 运动型 4MATIC','2020款',10,1,623800,623800);
insert into t_car_model(cm_id , cs_id , cm_name,cm_type ,cm_order , cm_state , cm_min_price , cm_max_price) values(44623,197,'2020款 改款 E 260 L','2020款',11,1,429800,429800);
insert into t_car_model(cm_id , cs_id , cm_name,cm_type ,cm_order , cm_state , cm_min_price , cm_max_price) values(44624,197,'2020款 改款 E 260 L 运动型','2020款',12,1,429800,429800);
insert into t_car_model(cm_id , cs_id , cm_name,cm_type ,cm_order , cm_state , cm_min_price , cm_max_price) values(44625,197,'2020款 改款 E 260 L 4MATIC','2020款',13,1,452800,452800);
insert into t_car_model(cm_id , cs_id , cm_name,cm_type ,cm_order , cm_state , cm_min_price , cm_max_price) values(44626,197,'2020款 改款 E 260 L 运动型 4MATIC','2020款',14,1,452800,452800);
insert into t_car_model(cm_id , cs_id , cm_name,cm_type ,cm_order , cm_state , cm_min_price , cm_max_price) values(44627,197,'2020款 改款 E 300 L 时尚型','2020款',15,1,465800,465800);
insert into t_car_model(cm_id , cs_id , cm_name,cm_type ,cm_order , cm_state , cm_min_price , cm_max_price) values(44628,197,'2020款 改款 E 300 L 运动时尚型','2020款',16,1,465800,465800);
insert into t_car_model(cm_id , cs_id , cm_name,cm_type ,cm_order , cm_state , cm_min_price , cm_max_price) values(44629,197,'2020款 改款 E 300 L 殊享版','2020款',17,1,499800,499800);
insert into t_car_model(cm_id , cs_id , cm_name,cm_type ,cm_order , cm_state , cm_min_price , cm_max_price) values(44630,197,'2020款 改款 E 300 L 运动殊享版','2020款',18,1,499800,499800);
insert into t_car_model(cm_id , cs_id , cm_name,cm_type ,cm_order , cm_state , cm_min_price , cm_max_price) values(44631,197,'2020款 改款 E 350 L 4MATIC','2020款',19,1,623800,623800);
insert into t_car_model(cm_id , cs_id , cm_name,cm_type ,cm_order , cm_state , cm_min_price , cm_max_price) values(44632,197,'2020款 改款 E 350 L 运动型 4MATIC','2020款',20,1,623800,623800);
insert into t_car_model(cm_id , cs_id , cm_name,cm_type ,cm_order , cm_state , cm_min_price , cm_max_price) values(35804,197,'2019款 E 200 L','2019款',1,1,425800,425800);
insert into t_car_model(cm_id , cs_id , cm_name,cm_type ,cm_order , cm_state , cm_min_price , cm_max_price) values(35805,197,'2019款 E 200 L 运动型','2019款',2,1,425800,425800);
insert into t_car_model(cm_id , cs_id , cm_name,cm_type ,cm_order , cm_state , cm_min_price , cm_max_price) values(35806,197,'2019款 E 200 L 4MATIC','2019款',3,1,448800,448800);
insert into t_car_model(cm_id , cs_id , cm_name,cm_type ,cm_order , cm_state , cm_min_price , cm_max_price) values(35807,197,'2019款 E 200 L 运动型 4MATIC','2019款',4,1,448800,448800);
insert into t_car_model(cm_id , cs_id , cm_name,cm_type ,cm_order , cm_state , cm_min_price , cm_max_price) values(35808,197,'2019款 E 300 L 时尚型','2019款',5,1,465800,465800);
insert into t_car_model(cm_id , cs_id , cm_name,cm_type ,cm_order , cm_state , cm_min_price , cm_max_price) values(35809,197,'2019款 E 300 L 运动时尚型','2019款',6,1,465800,465800);
insert into t_car_model(cm_id , cs_id , cm_name,cm_type ,cm_order , cm_state , cm_min_price , cm_max_price) values(35810,197,'2019款 E 300 L 豪华型','2019款',7,1,492800,492800);
insert into t_car_model(cm_id , cs_id , cm_name,cm_type ,cm_order , cm_state , cm_min_price , cm_max_price) values(35811,197,'2019款 E 300 L 运动豪华型','2019款',8,1,492800,492800);
insert into t_car_model(cm_id , cs_id , cm_name,cm_type ,cm_order , cm_state , cm_min_price , cm_max_price) values(35812,197,'2019款 E 320 L 4MATIC','2019款',9,1,616800,616800);
insert into t_car_model(cm_id , cs_id , cm_name,cm_type ,cm_order , cm_state , cm_min_price , cm_max_price) values(35813,197,'2019款 E 320 L 运动型 4MATIC','2019款',10,1,616800,616800);
insert into t_car_model(cm_id , cs_id , cm_name,cm_type ,cm_order , cm_state , cm_min_price , cm_max_price) values(38237,197,'2019款 E 260 L','2019款',11,1,425800,425800);
insert into t_car_model(cm_id , cs_id , cm_name,cm_type ,cm_order , cm_state , cm_min_price , cm_max_price) values(38239,197,'2019款 E 260 L 运动型','2019款',12,1,425800,425800);
insert into t_car_model(cm_id , cs_id , cm_name,cm_type ,cm_order , cm_state , cm_min_price , cm_max_price) values(38242,197,'2019款 E 260 L 4MATIC','2019款',13,1,448800,448800);
insert into t_car_model(cm_id , cs_id , cm_name,cm_type ,cm_order , cm_state , cm_min_price , cm_max_price) values(38243,197,'2019款 E 260 L 运动型 4MATIC','2019款',14,1,448800,448800);
insert into t_car_model(cm_id , cs_id , cm_name,cm_type ,cm_order , cm_state , cm_min_price , cm_max_price) values(38244,197,'2019款 改款 E 300 L 时尚型','2019款',15,1,465800,465800);
insert into t_car_model(cm_id , cs_id , cm_name,cm_type ,cm_order , cm_state , cm_min_price , cm_max_price) values(38245,197,'2019款 改款 E 300 L 运动时尚型','2019款',16,1,465800,465800);
insert into t_car_model(cm_id , cs_id , cm_name,cm_type ,cm_order , cm_state , cm_min_price , cm_max_price) values(38246,197,'2019款 改款 E 300 L 豪华型','2019款',17,1,492800,492800);
insert into t_car_model(cm_id , cs_id , cm_name,cm_type ,cm_order , cm_state , cm_min_price , cm_max_price) values(38247,197,'2019款 改款 E 300 L 运动豪华型','2019款',18,1,492800,492800);
insert into t_car_model(cm_id , cs_id , cm_name,cm_type ,cm_order , cm_state , cm_min_price , cm_max_price) values(38248,197,'2019款 E 350 L 4MATIC','2019款',19,1,616800,616800);
insert into t_car_model(cm_id , cs_id , cm_name,cm_type ,cm_order , cm_state , cm_min_price , cm_max_price) values(38249,197,'2019款 E 350 L 运动型 4MATIC','2019款',20,1,616800,616800);
insert into t_car_model(cm_id , cs_id , cm_name,cm_type ,cm_order , cm_state , cm_min_price , cm_max_price) values(33259,197,'2018款 E 200 运动型','2018款',1,1,419800,419800);
insert into t_car_model(cm_id , cs_id , cm_name,cm_type ,cm_order , cm_state , cm_min_price , cm_max_price) values(33260,197,'2018款 E 200 运动型 4MATIC','2018款',2,1,443800,443800);
insert into t_car_model(cm_id , cs_id , cm_name,cm_type ,cm_order , cm_state , cm_min_price , cm_max_price) values(33261,197,'2018款 E 300 运动型','2018款',3,1,481800,481800);
insert into t_car_model(cm_id , cs_id , cm_name,cm_type ,cm_order , cm_state , cm_min_price , cm_max_price) values(33241,197,'2018款 E 200 L','2018款',4,1,436800,436800);
insert into t_car_model(cm_id , cs_id , cm_name,cm_type ,cm_order , cm_state , cm_min_price , cm_max_price) values(33242,197,'2018款 E 200 L 运动型','2018款',5,1,436800,436800);
insert into t_car_model(cm_id , cs_id , cm_name,cm_type ,cm_order , cm_state , cm_min_price , cm_max_price) values(33243,197,'2018款 E 200 L 4MATIC','2018款',6,1,459800,459800);
insert into t_car_model(cm_id , cs_id , cm_name,cm_type ,cm_order , cm_state , cm_min_price , cm_max_price) values(33244,197,'2018款 E 200 L 运动型 4MATIC','2018款',7,1,459800,459800);
insert into t_car_model(cm_id , cs_id , cm_name,cm_type ,cm_order , cm_state , cm_min_price , cm_max_price) values(33247,197,'2018款 E 300 L 豪华型','2018款',8,1,499800,499800);
insert into t_car_model(cm_id , cs_id , cm_name,cm_type ,cm_order , cm_state , cm_min_price , cm_max_price) values(33248,197,'2018款 E 300 L 运动豪华型','2018款',9,1,499800,499800);
insert into t_car_model(cm_id , cs_id , cm_name,cm_type ,cm_order , cm_state , cm_min_price , cm_max_price) values(33245,197,'2018款 E 300 L 时尚型','2018款',10,1,474800,474800);
insert into t_car_model(cm_id , cs_id , cm_name,cm_type ,cm_order , cm_state , cm_min_price , cm_max_price) values(33246,197,'2018款 E 300 L 运动时尚型','2018款',11,1,474800,474800);
insert into t_car_model(cm_id , cs_id , cm_name,cm_type ,cm_order , cm_state , cm_min_price , cm_max_price) values(33249,197,'2018款 E 320 L 4MATIC','2018款',12,1,629800,629800);
insert into t_car_model(cm_id , cs_id , cm_name,cm_type ,cm_order , cm_state , cm_min_price , cm_max_price) values(33250,197,'2018款 E 320 L 运动型 4MATIC','2018款',13,1,629800,629800);
insert into t_car_model(cm_id , cs_id , cm_name,cm_type ,cm_order , cm_state , cm_min_price , cm_max_price) values(33956,197,'2018款 改款 E 320 L 运动型 4MATIC','2018款',14,1,629800,629800);
insert into t_car_model(cm_id , cs_id , cm_name,cm_type ,cm_order , cm_state , cm_min_price , cm_max_price) values(33955,197,'2018款 改款 E 320 L 4MATIC','2018款',15,1,629800,629800);
insert into t_car_model(cm_id , cs_id , cm_name,cm_type ,cm_order , cm_state , cm_min_price , cm_max_price) values(33954,197,'2018款 改款 E 300 L 运动豪华型','2018款',16,1,502800,502800);
insert into t_car_model(cm_id , cs_id , cm_name,cm_type ,cm_order , cm_state , cm_min_price , cm_max_price) values(33953,197,'2018款 改款 E 300 L 豪华型','2018款',17,1,502800,502800);
insert into t_car_model(cm_id , cs_id , cm_name,cm_type ,cm_order , cm_state , cm_min_price , cm_max_price) values(33950,197,'2018款 改款 E 200 L 运动型 4MATIC','2018款',18,1,458000,458000);
insert into t_car_model(cm_id , cs_id , cm_name,cm_type ,cm_order , cm_state , cm_min_price , cm_max_price) values(33949,197,'2018款 改款 E 200 L 4MATIC','2018款',19,1,458000,458000);
insert into t_car_model(cm_id , cs_id , cm_name,cm_type ,cm_order , cm_state , cm_min_price , cm_max_price) values(33951,197,'2018款 改款 E 300 L 时尚型','2018款',20,1,475800,475800);
insert into t_car_model(cm_id , cs_id , cm_name,cm_type ,cm_order , cm_state , cm_min_price , cm_max_price) values(33952,197,'2018款 改款 E 300 L 运动时尚型','2018款',21,1,475800,475800);
insert into t_car_model(cm_id , cs_id , cm_name,cm_type ,cm_order , cm_state , cm_min_price , cm_max_price) values(33948,197,'2018款 改款 E 200 L 运动型','2018款',22,1,435800,435800);
insert into t_car_model(cm_id , cs_id , cm_name,cm_type ,cm_order , cm_state , cm_min_price , cm_max_price) values(33947,197,'2018款 改款 E 200 L','2018款',23,1,435800,435800);
insert into t_car_model(cm_id , cs_id , cm_name,cm_type ,cm_order , cm_state , cm_min_price , cm_max_price) values(28524,197,'2017款 E 200 运动型','2017款',1,1,422800,422800);
insert into t_car_model(cm_id , cs_id , cm_name,cm_type ,cm_order , cm_state , cm_min_price , cm_max_price) values(28525,197,'2017款 E 200 运动型 4MATIC','2017款',2,1,447800,447800);
insert into t_car_model(cm_id , cs_id , cm_name,cm_type ,cm_order , cm_state , cm_min_price , cm_max_price) values(29890,197,'2017款 改款 E 200 运动型 4MATIC','2017款',3,1,447800,447800);
insert into t_car_model(cm_id , cs_id , cm_name,cm_type ,cm_order , cm_state , cm_min_price , cm_max_price) values(28526,197,'2017款 E 300 运动型','2017款',4,1,485800,485800);
insert into t_car_model(cm_id , cs_id , cm_name,cm_type ,cm_order , cm_state , cm_min_price , cm_max_price) values(29891,197,'2017款 改款 E 300 运动型','2017款',5,1,485800,485800);
insert into t_car_model(cm_id , cs_id , cm_name,cm_type ,cm_order , cm_state , cm_min_price , cm_max_price) values(28519,197,'2017款 E 200 L 4MATIC','2017款',6,1,459800,459800);
insert into t_car_model(cm_id , cs_id , cm_name,cm_type ,cm_order , cm_state , cm_min_price , cm_max_price) values(28520,197,'2017款 E 200 L 运动型 4MATIC','2017款',7,1,459800,459800);
insert into t_car_model(cm_id , cs_id , cm_name,cm_type ,cm_order , cm_state , cm_min_price , cm_max_price) values(29898,197,'2017款 E 300 L 运动时尚型','2017款',8,1,474800,474800);
insert into t_car_model(cm_id , cs_id , cm_name,cm_type ,cm_order , cm_state , cm_min_price , cm_max_price) values(29899,197,'2017款 E 300 L 豪华型','2017款',9,1,499800,499800);
insert into t_car_model(cm_id , cs_id , cm_name,cm_type ,cm_order , cm_state , cm_min_price , cm_max_price) values(29901,197,'2017款 E 300 L 运动豪华型','2017款',10,1,499800,499800);
insert into t_car_model(cm_id , cs_id , cm_name,cm_type ,cm_order , cm_state , cm_min_price , cm_max_price) values(26203,197,'2017款 E 320 L 4MATIC','2017款',11,1,629800,629800);
insert into t_car_model(cm_id , cs_id , cm_name,cm_type ,cm_order , cm_state , cm_min_price , cm_max_price) values(26278,197,'2017款 E 320 L 运动型 4MATIC','2017款',12,1,629800,629800);
insert into t_car_model(cm_id , cs_id , cm_name,cm_type ,cm_order , cm_state , cm_min_price , cm_max_price) values(27236,197,'2016款 E 200 L','2016款',1,1,436800,436800);
insert into t_car_model(cm_id , cs_id , cm_name,cm_type ,cm_order , cm_state , cm_min_price , cm_max_price) values(27237,197,'2016款 E 200 L 运动型','2016款',2,1,436800,436800);
insert into t_car_model(cm_id , cs_id , cm_name,cm_type ,cm_order , cm_state , cm_min_price , cm_max_price) values(27234,197,'2016款 E 300 L 时尚型','2016款',3,1,474800,474800);
insert into t_car_model(cm_id , cs_id , cm_name,cm_type ,cm_order , cm_state , cm_min_price , cm_max_price) values(27235,197,'2016款 E 300 L 运动时尚型','2016款',4,1,474800,474800);
insert into t_car_model(cm_id , cs_id , cm_name,cm_type ,cm_order , cm_state , cm_min_price , cm_max_price) values(27219,197,'2016款 E 300 L 豪华型','2016款',5,1,499800,499800);
insert into t_car_model(cm_id , cs_id , cm_name,cm_type ,cm_order , cm_state , cm_min_price , cm_max_price) values(27220,197,'2016款 E 300 L 运动豪华型','2016款',6,1,499800,499800);
insert into t_car_model(cm_id , cs_id , cm_name,cm_type ,cm_order , cm_state , cm_min_price , cm_max_price) values(20935,197,'2015款 E 180 L','2015款',1,1,398000,398000);
insert into t_car_model(cm_id , cs_id , cm_name,cm_type ,cm_order , cm_state , cm_min_price , cm_max_price) values(20900,197,'2015款 E 180 L 运动型','2015款',2,1,398000,398000);
insert into t_car_model(cm_id , cs_id , cm_name,cm_type ,cm_order , cm_state , cm_min_price , cm_max_price) values(19450,197,'2015款 E 200 L','2015款',3,1,429000,429000);
insert into t_car_model(cm_id , cs_id , cm_name,cm_type ,cm_order , cm_state , cm_min_price , cm_max_price) values(19476,197,'2015款 E 200 L 运动型','2015款',4,1,429000,429000);
insert into t_car_model(cm_id , cs_id , cm_name,cm_type ,cm_order , cm_state , cm_min_price , cm_max_price) values(19451,197,'2015款 E 260 L','2015款',5,1,488000,488000);
insert into t_car_model(cm_id , cs_id , cm_name,cm_type ,cm_order , cm_state , cm_min_price , cm_max_price) values(19477,197,'2015款 E 260 L 运动型','2015款',6,1,468000,468000);
insert into t_car_model(cm_id , cs_id , cm_name,cm_type ,cm_order , cm_state , cm_min_price , cm_max_price) values(19478,197,'2015款 E 260 L 运动时尚型','2015款',7,1,498000,498000);
insert into t_car_model(cm_id , cs_id , cm_name,cm_type ,cm_order , cm_state , cm_min_price , cm_max_price) values(19471,197,'2015款 E 260 L 豪华型','2015款',8,1,532000,532000);
insert into t_car_model(cm_id , cs_id , cm_name,cm_type ,cm_order , cm_state , cm_min_price , cm_max_price) values(19479,197,'2015款 E 260 L 运动豪华型','2015款',9,1,549000,549000);
insert into t_car_model(cm_id , cs_id , cm_name,cm_type ,cm_order , cm_state , cm_min_price , cm_max_price) values(19472,197,'2015款 E 320 L','2015款',10,1,598000,598000);
insert into t_car_model(cm_id , cs_id , cm_name,cm_type ,cm_order , cm_state , cm_min_price , cm_max_price) values(19480,197,'2015款 E 320 L 运动型','2015款',11,1,598000,598000);
insert into t_car_model(cm_id , cs_id , cm_name,cm_type ,cm_order , cm_state , cm_min_price , cm_max_price) values(19473,197,'2015款 E 320 L 4MATIC','2015款',12,1,625000,625000);
insert into t_car_model(cm_id , cs_id , cm_name,cm_type ,cm_order , cm_state , cm_min_price , cm_max_price) values(19481,197,'2015款 E 320 L 运动型 4MATIC','2015款',13,1,625000,625000);
insert into t_car_model(cm_id , cs_id , cm_name,cm_type ,cm_order , cm_state , cm_min_price , cm_max_price) values(19474,197,'2015款 E 320 L 豪华型 4MATIC','2015款',14,1,695000,695000);
insert into t_car_model(cm_id , cs_id , cm_name,cm_type ,cm_order , cm_state , cm_min_price , cm_max_price) values(19482,197,'2015款 E 320 L 运动豪华型','2015款',15,1,699000,699000);
insert into t_car_model(cm_id , cs_id , cm_name,cm_type ,cm_order , cm_state , cm_min_price , cm_max_price) values(19475,197,'2015款 E 400 L Hybrid','2015款',16,1,798000,798000);
insert into t_car_model(cm_id , cs_id , cm_name,cm_type ,cm_order , cm_state , cm_min_price , cm_max_price) values(19483,197,'2015款 E 400 L 运动豪华型 4MATIC','2015款',17,1,798000,798000);
insert into t_car_model(cm_id , cs_id , cm_name,cm_type ,cm_order , cm_state , cm_min_price , cm_max_price) values(23118,197,'2015款 改款 E 180 L','2015款',18,1,398000,398000);
insert into t_car_model(cm_id , cs_id , cm_name,cm_type ,cm_order , cm_state , cm_min_price , cm_max_price) values(23122,197,'2015款 改款 E 180 L 运动型','2015款',19,1,398000,398000);
insert into t_car_model(cm_id , cs_id , cm_name,cm_type ,cm_order , cm_state , cm_min_price , cm_max_price) values(23119,197,'2015款 改款 E 200 L','2015款',20,1,429000,429000);
insert into t_car_model(cm_id , cs_id , cm_name,cm_type ,cm_order , cm_state , cm_min_price , cm_max_price) values(23123,197,'2015款 改款 E 200 L 运动型','2015款',21,1,429000,429000);
insert into t_car_model(cm_id , cs_id , cm_name,cm_type ,cm_order , cm_state , cm_min_price , cm_max_price) values(23120,197,'2015款 改款 E 260 L','2015款',22,1,488000,488000);
insert into t_car_model(cm_id , cs_id , cm_name,cm_type ,cm_order , cm_state , cm_min_price , cm_max_price) values(23124,197,'2015款 改款 E 260 L 运动型','2015款',23,1,468000,468000);
insert into t_car_model(cm_id , cs_id , cm_name,cm_type ,cm_order , cm_state , cm_min_price , cm_max_price) values(23125,197,'2015款 改款 E 260 L 运动时尚型','2015款',24,1,498000,498000);
insert into t_car_model(cm_id , cs_id , cm_name,cm_type ,cm_order , cm_state , cm_min_price , cm_max_price) values(23121,197,'2015款 改款 E 260 L 豪华型','2015款',25,1,532000,532000);
insert into t_car_model(cm_id , cs_id , cm_name,cm_type ,cm_order , cm_state , cm_min_price , cm_max_price) values(23126,197,'2015款 改款 E 260 L 运动豪华型','2015款',26,1,549000,549000);
insert into t_car_model(cm_id , cs_id , cm_name,cm_type ,cm_order , cm_state , cm_min_price , cm_max_price) values(16689,197,'2014款 E 260 L 运动型','2014款',1,1,443000,443000);
insert into t_car_model(cm_id , cs_id , cm_name,cm_type ,cm_order , cm_state , cm_min_price , cm_max_price) values(16539,197,'2014款 E 260 L 豪华型','2014款',2,1,518000,518000);
insert into t_car_model(cm_id , cs_id , cm_name,cm_type ,cm_order , cm_state , cm_min_price , cm_max_price) values(16803,197,'2014款 E 260 L 运动豪华型','2014款',3,1,533000,533000);
insert into t_car_model(cm_id , cs_id , cm_name,cm_type ,cm_order , cm_state , cm_min_price , cm_max_price) values(16804,197,'2014款 E 300 L 运动型','2014款',4,1,588000,588000);
insert into t_car_model(cm_id , cs_id , cm_name,cm_type ,cm_order , cm_state , cm_min_price , cm_max_price) values(15870,197,'2014款 E 300 L','2014款',5,1,675000,675000);
insert into t_car_model(cm_id , cs_id , cm_name,cm_type ,cm_order , cm_state , cm_min_price , cm_max_price) values(16805,197,'2014款 E 300 L 运动豪华型','2014款',6,1,690000,690000);
insert into t_car_model(cm_id , cs_id , cm_name,cm_type ,cm_order , cm_state , cm_min_price , cm_max_price) values(15706,197,'2014款 E 400 L 运动豪华型','2014款',7,1,779000,779000);
insert into t_car_model(cm_id , cs_id , cm_name,cm_type ,cm_order , cm_state , cm_min_price , cm_max_price) values(18132,197,'2014款 改款 E 260 L 运动型','2014款',8,1,445000,445000);
insert into t_car_model(cm_id , cs_id , cm_name,cm_type ,cm_order , cm_state , cm_min_price , cm_max_price) values(18133,197,'2014款 改款 E 260 L 运动豪华型','2014款',9,1,541000,541000);
insert into t_car_model(cm_id , cs_id , cm_name,cm_type ,cm_order , cm_state , cm_min_price , cm_max_price) values(18129,197,'2014款 E 260 L','2014款',10,1,498000,498000);
insert into t_car_model(cm_id , cs_id , cm_name,cm_type ,cm_order , cm_state , cm_min_price , cm_max_price) values(18130,197,'2014款 改款 E 260 L 豪华型','2014款',11,1,526000,526000);
insert into t_car_model(cm_id , cs_id , cm_name,cm_type ,cm_order , cm_state , cm_min_price , cm_max_price) values(18134,197,'2014款 改款 E 300 L 运动型','2014款',12,1,593000,593000);
insert into t_car_model(cm_id , cs_id , cm_name,cm_type ,cm_order , cm_state , cm_min_price , cm_max_price) values(18135,197,'2014款 改款 E 300 L 运动豪华型','2014款',13,1,695000,695000);
insert into t_car_model(cm_id , cs_id , cm_name,cm_type ,cm_order , cm_state , cm_min_price , cm_max_price) values(18131,197,'2014款 改款 E 300 L','2014款',14,1,680000,680000);
insert into t_car_model(cm_id , cs_id , cm_name,cm_type ,cm_order , cm_state , cm_min_price , cm_max_price) values(17652,197,'2014款 E 400 L Hybrid','2014款',15,1,798000,798000);
insert into t_car_model(cm_id , cs_id , cm_name,cm_type ,cm_order , cm_state , cm_min_price , cm_max_price) values(18136,197,'2014款 改款 E 400 L 运动豪华型','2014款',16,1,779000,779000);
insert into t_car_model(cm_id , cs_id , cm_name,cm_type ,cm_order , cm_state , cm_min_price , cm_max_price) values(14303,197,'2013款 E 260 L CGI优雅型','2013款',1,1,438000,438000);
insert into t_car_model(cm_id , cs_id , cm_name,cm_type ,cm_order , cm_state , cm_min_price , cm_max_price) values(14304,197,'2013款 E 260 L CGI时尚型','2013款',2,1,518000,518000);
insert into t_car_model(cm_id , cs_id , cm_name,cm_type ,cm_order , cm_state , cm_min_price , cm_max_price) values(14305,197,'2013款 E 300 L 优雅型','2013款',3,1,588000,588000);
insert into t_car_model(cm_id , cs_id , cm_name,cm_type ,cm_order , cm_state , cm_min_price , cm_max_price) values(14306,197,'2013款 E 300 L 时尚型','2013款',4,1,666000,666000);
insert into t_car_model(cm_id , cs_id , cm_name,cm_type ,cm_order , cm_state , cm_min_price , cm_max_price) values(14307,197,'2013款 E 300 L 时尚豪华型','2013款',5,1,751000,751000);
insert into t_car_model(cm_id , cs_id , cm_name,cm_type ,cm_order , cm_state , cm_min_price , cm_max_price) values(11928,197,'2012款 E 200 L CGI优雅型','2012款',1,1,438000,438000);
insert into t_car_model(cm_id , cs_id , cm_name,cm_type ,cm_order , cm_state , cm_min_price , cm_max_price) values(12016,197,'2012款 E 260 L CGI时尚型','2012款',2,1,518000,518000);
insert into t_car_model(cm_id , cs_id , cm_name,cm_type ,cm_order , cm_state , cm_min_price , cm_max_price) values(12015,197,'2012款 E 300 L 优雅型','2012款',3,1,588000,588000);
insert into t_car_model(cm_id , cs_id , cm_name,cm_type ,cm_order , cm_state , cm_min_price , cm_max_price) values(12448,197,'2012款 E 300 L 时尚型','2012款',4,1,666000,666000);
insert into t_car_model(cm_id , cs_id , cm_name,cm_type ,cm_order , cm_state , cm_min_price , cm_max_price) values(12449,197,'2012款 E 300 L 时尚豪华型','2012款',5,1,749000,749000);
insert into t_car_model(cm_id , cs_id , cm_name,cm_type ,cm_order , cm_state , cm_min_price , cm_max_price) values(9713,197,'2011款 E 200 L CGI优雅型','2011款',1,1,465000,465000);
insert into t_car_model(cm_id , cs_id , cm_name,cm_type ,cm_order , cm_state , cm_min_price , cm_max_price) values(7707,197,'2011款 E 260 L CGI时尚型','2011款',2,1,560000,560000);
insert into t_car_model(cm_id , cs_id , cm_name,cm_type ,cm_order , cm_state , cm_min_price , cm_max_price) values(10950,197,'2011款 E 300 L 优雅型','2011款',3,1,596000,596000);
insert into t_car_model(cm_id , cs_id , cm_name,cm_type ,cm_order , cm_state , cm_min_price , cm_max_price) values(9111,197,'2011款 E 300 L 时尚尊贵型','2011款',4,1,710000,710000);
insert into t_car_model(cm_id , cs_id , cm_name,cm_type ,cm_order , cm_state , cm_min_price , cm_max_price) values(7719,197,'2010款 E 260 L CGI优雅型','2010款',1,1,515000,515000);
insert into t_car_model(cm_id , cs_id , cm_name,cm_type ,cm_order , cm_state , cm_min_price , cm_max_price) values(7366,197,'2010款 E 300 L 时尚型','2010款',2,1,675000,675000);
insert into t_car_model(cm_id , cs_id , cm_name,cm_type ,cm_order , cm_state , cm_min_price , cm_max_price) values(6810,197,'2008款 E 230 时尚型','2008款',1,1,548000,548000);
insert into t_car_model(cm_id , cs_id , cm_name,cm_type ,cm_order , cm_state , cm_min_price , cm_max_price) values(4268,197,'2008款 E 280 个性运动版','2008款',2,1,638000,638000);
insert into t_car_model(cm_id , cs_id , cm_name,cm_type ,cm_order , cm_state , cm_min_price , cm_max_price) values(2675,197,'2007款 E 200K 优雅型','2007款',1,1,498000,498000);
insert into t_car_model(cm_id , cs_id , cm_name,cm_type ,cm_order , cm_state , cm_min_price , cm_max_price) values(4146,197,'2007款 E 230 优雅型','2007款',2,1,518000,518000);
insert into t_car_model(cm_id , cs_id , cm_name,cm_type ,cm_order , cm_state , cm_min_price , cm_max_price) values(3165,197,'2007款 E 230 时尚型','2007款',3,1,548000,548000);
insert into t_car_model(cm_id , cs_id , cm_name,cm_type ,cm_order , cm_state , cm_min_price , cm_max_price) values(3181,197,'2007款 E 280 时尚型','2007款',4,1,618000,618000);
insert into t_car_model(cm_id , cs_id , cm_name,cm_type ,cm_order , cm_state , cm_min_price , cm_max_price) values(2677,197,'2007款 E 350 时尚型','2007款',5,1,748000,748000);
insert into t_car_model(cm_id , cs_id , cm_name,cm_type ,cm_order , cm_state , cm_min_price , cm_max_price) values(2676,197,'2006款 E 280 优雅型','2006款',1,1,618000,618000);
insert into t_car_model(cm_id , cs_id , cm_name,cm_type ,cm_order , cm_state , cm_min_price , cm_max_price) values(2190,197,'2006款 E 350 时尚型','2006款',2,1,765000,765000);
insert into t_car_model(cm_id , cs_id , cm_name,cm_type ,cm_order , cm_state , cm_min_price , cm_max_price) values(2152,197,'2006款 E 350 优雅型','2006款',3,1,765000,765000);
insert into t_car_model(cm_id , cs_id , cm_name,cm_type ,cm_order , cm_state , cm_min_price , cm_max_price) values(2191,197,'2006款 E 500 时尚型','2006款',4,1,1098000,1098000);
insert into t_car_model(cm_id , cs_id , cm_name,cm_type ,cm_order , cm_state , cm_min_price , cm_max_price) values(2192,197,'2006款 E 500 优雅型','2006款',5,1,1098000,1098000);
insert into t_car_model(cm_id , cs_id , cm_name,cm_type ,cm_order , cm_state , cm_min_price , cm_max_price) values(1988,197,'2005款 E 200K','2005款',1,1,525000,525000);
insert into t_car_model(cm_id , cs_id , cm_name,cm_type ,cm_order , cm_state , cm_min_price , cm_max_price) values(1852,197,'2005款 E 280','2005款',2,1,639800,639800);
insert into t_car_series(cs_id,cbf_id,cs_name,cs_order,cs_letter) values(4768,152,'奔驰E级新能源',530,'B');
insert into t_car_model(cm_id , cs_id , cm_name,cm_type ,cm_order , cm_state , cm_min_price , cm_max_price) values(54847,4768,'2022款 改款 E 350 e L 插电式混合动力轿车','2022款',1,1,518300,518300);
insert into t_car_model(cm_id , cs_id , cm_name,cm_type ,cm_order , cm_state , cm_min_price , cm_max_price) values(54848,4768,'2022款 改款 E 350 e L 插电式混合动力运动轿车','2022款',2,1,518300,518300);
insert into t_car_model(cm_id , cs_id , cm_name,cm_type ,cm_order , cm_state , cm_min_price , cm_max_price) values(54368,4768,'2022款 E 350 e L 插电式混合动力轿车','2022款',3,1,521900,521900);
insert into t_car_model(cm_id , cs_id , cm_name,cm_type ,cm_order , cm_state , cm_min_price , cm_max_price) values(54376,4768,'2022款 E 350 e L 插电式混合动力运动轿车','2022款',4,1,521900,521900);
insert into t_car_model(cm_id , cs_id , cm_name,cm_type ,cm_order , cm_state , cm_min_price , cm_max_price) values(50701,4768,'2021款 E 350 e L 插电式混合动力轿车','2021款',1,1,521900,521900);
insert into t_car_model(cm_id , cs_id , cm_name,cm_type ,cm_order , cm_state , cm_min_price , cm_max_price) values(50614,4768,'2021款 E 350 e L 插电式混合动力运动轿车','2021款',2,1,521900,521900);
insert into t_car_model(cm_id , cs_id , cm_name,cm_type ,cm_order , cm_state , cm_min_price , cm_max_price) values(34290,4768,'2020款 E 300 e L','2020款',1,1,509800,509800);
insert into t_car_series(cs_id,cbf_id,cs_name,cs_order,cs_letter) values(6149,152,'奔驰EQA',531,'B');
insert into t_car_model(cm_id , cs_id , cm_name,cm_type ,cm_order , cm_state , cm_min_price , cm_max_price) values(50822,6149,'2022款 EQA 300 4MATIC 首发特别版','2022款',1,1,365800,365800);
insert into t_car_model(cm_id , cs_id , cm_name,cm_type ,cm_order , cm_state , cm_min_price , cm_max_price) values(54245,6149,'2022款 EQA 260','2022款',2,1,0,0);
insert into t_car_series(cs_id,cbf_id,cs_name,cs_order,cs_letter) values(6150,152,'奔驰EQB',532,'B');
insert into t_car_model(cm_id , cs_id , cm_name,cm_type ,cm_order , cm_state , cm_min_price , cm_max_price) values(50825,6150,'2022款 EQB 350 4MATIC 首发特别版','2022款',1,1,437800,437800);
insert into t_car_model(cm_id , cs_id , cm_name,cm_type ,cm_order , cm_state , cm_min_price , cm_max_price) values(54246,6150,'2022款 EQB 260','2022款',2,1,0,0);
insert into t_car_series(cs_id,cbf_id,cs_name,cs_order,cs_letter) values(3248,152,'奔驰GLA',533,'B');
insert into t_car_model(cm_id , cs_id , cm_name,cm_type ,cm_order , cm_state , cm_min_price , cm_max_price) values(54836,3248,'2022款 改款 GLA 180','2022款',1,1,274900,274900);
insert into t_car_model(cm_id , cs_id , cm_name,cm_type ,cm_order , cm_state , cm_min_price , cm_max_price) values(54837,3248,'2022款 改款 GLA 200','2022款',2,1,296100,296100);
insert into t_car_model(cm_id , cs_id , cm_name,cm_type ,cm_order , cm_state , cm_min_price , cm_max_price) values(54838,3248,'2022款 改款 GLA 200 4MATIC','2022款',3,1,318400,318400);
insert into t_car_model(cm_id , cs_id , cm_name,cm_type ,cm_order , cm_state , cm_min_price , cm_max_price) values(53916,3248,'2022款 GLA 180','2022款',4,1,278800,278800);
insert into t_car_model(cm_id , cs_id , cm_name,cm_type ,cm_order , cm_state , cm_min_price , cm_max_price) values(53914,3248,'2022款 GLA 200','2022款',5,1,303800,303800);
insert into t_car_model(cm_id , cs_id , cm_name,cm_type ,cm_order , cm_state , cm_min_price , cm_max_price) values(53915,3248,'2022款 GLA 200 4MATIC','2022款',6,1,328700,328700);
insert into t_car_model(cm_id , cs_id , cm_name,cm_type ,cm_order , cm_state , cm_min_price , cm_max_price) values(46700,3248,'2020款 GLA 180','2020款',1,1,276800,276800);
insert into t_car_model(cm_id , cs_id , cm_name,cm_type ,cm_order , cm_state , cm_min_price , cm_max_price) values(46144,3248,'2020款 GLA 200','2020款',2,1,303800,303800);
insert into t_car_model(cm_id , cs_id , cm_name,cm_type ,cm_order , cm_state , cm_min_price , cm_max_price) values(46699,3248,'2020款 GLA 200 4MATIC','2020款',3,1,332800,332800);
insert into t_car_model(cm_id , cs_id , cm_name,cm_type ,cm_order , cm_state , cm_min_price , cm_max_price) values(38275,3248,'2019款 GLA 200 动感型','2019款',1,1,264800,264800);
insert into t_car_model(cm_id , cs_id , cm_name,cm_type ,cm_order , cm_state , cm_min_price , cm_max_price) values(38276,3248,'2019款 GLA 200 时尚型','2019款',2,1,282800,282800);
insert into t_car_model(cm_id , cs_id , cm_name,cm_type ,cm_order , cm_state , cm_min_price , cm_max_price) values(38277,3248,'2019款 GLA 220 4MATIC 运动型','2019款',3,1,318000,318000);
insert into t_car_model(cm_id , cs_id , cm_name,cm_type ,cm_order , cm_state , cm_min_price , cm_max_price) values(38278,3248,'2019款 GLA 260 4MATIC 运动型','2019款',4,1,385800,385800);
insert into t_car_model(cm_id , cs_id , cm_name,cm_type ,cm_order , cm_state , cm_min_price , cm_max_price) values(32851,3248,'2018款 GLA 200 极地限量版','2018款',1,1,323800,323800);
insert into t_car_model(cm_id , cs_id , cm_name,cm_type ,cm_order , cm_state , cm_min_price , cm_max_price) values(33984,3248,'2018款 GLA 200 动感型','2018款',2,1,269800,269800);
insert into t_car_model(cm_id , cs_id , cm_name,cm_type ,cm_order , cm_state , cm_min_price , cm_max_price) values(33985,3248,'2018款 GLA 200 时尚型','2018款',3,1,288800,288800);
insert into t_car_model(cm_id , cs_id , cm_name,cm_type ,cm_order , cm_state , cm_min_price , cm_max_price) values(33986,3248,'2018款 GLA 220 4MATIC 运动型','2018款',4,1,324800,324800);
insert into t_car_model(cm_id , cs_id , cm_name,cm_type ,cm_order , cm_state , cm_min_price , cm_max_price) values(33987,3248,'2018款 GLA 260 4MATIC 运动型','2018款',5,1,395800,395800);
insert into t_car_model(cm_id , cs_id , cm_name,cm_type ,cm_order , cm_state , cm_min_price , cm_max_price) values(30875,3248,'2017款 GLA 200 动感型','2017款',1,1,271800,271800);
insert into t_car_model(cm_id , cs_id , cm_name,cm_type ,cm_order , cm_state , cm_min_price , cm_max_price) values(30874,3248,'2017款 GLA 200 时尚型','2017款',2,1,290800,290800);
insert into t_car_model(cm_id , cs_id , cm_name,cm_type ,cm_order , cm_state , cm_min_price , cm_max_price) values(30868,3248,'2017款 GLA 220 4MATIC 时尚型','2017款',3,1,321800,321800);
insert into t_car_model(cm_id , cs_id , cm_name,cm_type ,cm_order , cm_state , cm_min_price , cm_max_price) values(30876,3248,'2017款 GLA 220 4MATIC 豪华型','2017款',4,1,350800,350800);
insert into t_car_model(cm_id , cs_id , cm_name,cm_type ,cm_order , cm_state , cm_min_price , cm_max_price) values(30271,3248,'2017款 GLA 260 4MATIC 运动型','2017款',5,1,399000,399000);
insert into t_car_model(cm_id , cs_id , cm_name,cm_type ,cm_order , cm_state , cm_min_price , cm_max_price) values(24909,3248,'2016款 GLA 200 动感型','2016款',1,1,269800,269800);
insert into t_car_model(cm_id , cs_id , cm_name,cm_type ,cm_order , cm_state , cm_min_price , cm_max_price) values(24910,3248,'2016款 GLA 200 时尚型','2016款',2,1,289800,289800);
insert into t_car_model(cm_id , cs_id , cm_name,cm_type ,cm_order , cm_state , cm_min_price , cm_max_price) values(27469,3248,'2016款 GLA 200 蓝调版','2016款',3,1,299800,299800);
insert into t_car_model(cm_id , cs_id , cm_name,cm_type ,cm_order , cm_state , cm_min_price , cm_max_price) values(24911,3248,'2016款 GLA 220 4MATIC 时尚型','2016款',4,1,319800,319800);
insert into t_car_model(cm_id , cs_id , cm_name,cm_type ,cm_order , cm_state , cm_min_price , cm_max_price) values(24912,3248,'2016款 GLA 220 4MATIC 豪华型','2016款',5,1,349800,349800);
insert into t_car_model(cm_id , cs_id , cm_name,cm_type ,cm_order , cm_state , cm_min_price , cm_max_price) values(24913,3248,'2016款 GLA 260 4MATIC 运动型','2016款',6,1,398000,398000);
insert into t_car_model(cm_id , cs_id , cm_name,cm_type ,cm_order , cm_state , cm_min_price , cm_max_price) values(22338,3248,'2015款 GLA 200 动感型','2015款',1,1,269800,269800);
insert into t_car_model(cm_id , cs_id , cm_name,cm_type ,cm_order , cm_state , cm_min_price , cm_max_price) values(22301,3248,'2015款 GLA 200 时尚型','2015款',2,1,289800,289800);
insert into t_car_model(cm_id , cs_id , cm_name,cm_type ,cm_order , cm_state , cm_min_price , cm_max_price) values(22504,3248,'2015款 GLA 220 4MATIC 时尚型','2015款',3,1,319800,319800);
insert into t_car_model(cm_id , cs_id , cm_name,cm_type ,cm_order , cm_state , cm_min_price , cm_max_price) values(22300,3248,'2015款 GLA 220 4MATIC 豪华型','2015款',4,1,349800,349800);
insert into t_car_model(cm_id , cs_id , cm_name,cm_type ,cm_order , cm_state , cm_min_price , cm_max_price) values(17531,3248,'2015款 GLA 260 4MATIC 运动型','2015款',5,1,398000,398000);
insert into t_car_series(cs_id,cbf_id,cs_name,cs_order,cs_letter) values(5348,152,'奔驰GLB',534,'B');
insert into t_car_model(cm_id , cs_id , cm_name,cm_type ,cm_order , cm_state , cm_min_price , cm_max_price) values(54830,5348,'2022款 改款 GLB 180 动感型','2022款',1,1,290900,290900);
insert into t_car_model(cm_id , cs_id , cm_name,cm_type ,cm_order , cm_state , cm_min_price , cm_max_price) values(54831,5348,'2022款 改款 GLB 180 时尚型','2022款',2,1,300900,300900);
insert into t_car_model(cm_id , cs_id , cm_name,cm_type ,cm_order , cm_state , cm_min_price , cm_max_price) values(54832,5348,'2022款 改款 GLB 200 动感型','2022款',3,1,314900,314900);
insert into t_car_model(cm_id , cs_id , cm_name,cm_type ,cm_order , cm_state , cm_min_price , cm_max_price) values(54833,5348,'2022款 改款 GLB 200 时尚型','2022款',4,1,318500,318500);
insert into t_car_model(cm_id , cs_id , cm_name,cm_type ,cm_order , cm_state , cm_min_price , cm_max_price) values(54834,5348,'2022款 改款 GLB 200 4MATIC','2022款',5,1,331500,331500);
insert into t_car_model(cm_id , cs_id , cm_name,cm_type ,cm_order , cm_state , cm_min_price , cm_max_price) values(53917,5348,'2022款 GLB 180 动感型','2022款',6,1,294800,294800);
insert into t_car_model(cm_id , cs_id , cm_name,cm_type ,cm_order , cm_state , cm_min_price , cm_max_price) values(53918,5348,'2022款 GLB 180 时尚型','2022款',7,1,304800,304800);
insert into t_car_model(cm_id , cs_id , cm_name,cm_type ,cm_order , cm_state , cm_min_price , cm_max_price) values(53919,5348,'2022款 GLB 200 动感型','2022款',8,1,318800,318800);
insert into t_car_model(cm_id , cs_id , cm_name,cm_type ,cm_order , cm_state , cm_min_price , cm_max_price) values(53920,5348,'2022款 GLB 200 时尚型','2022款',9,1,328800,328800);
insert into t_car_model(cm_id , cs_id , cm_name,cm_type ,cm_order , cm_state , cm_min_price , cm_max_price) values(53921,5348,'2022款 GLB 200 4MATIC','2022款',10,1,344100,344100);
insert into t_car_model(cm_id , cs_id , cm_name,cm_type ,cm_order , cm_state , cm_min_price , cm_max_price) values(49938,5348,'2021款 GLB 180 动感型','2021款',1,1,292800,292800);
insert into t_car_model(cm_id , cs_id , cm_name,cm_type ,cm_order , cm_state , cm_min_price , cm_max_price) values(49939,5348,'2021款 GLB 180 时尚型','2021款',2,1,302800,302800);
insert into t_car_model(cm_id , cs_id , cm_name,cm_type ,cm_order , cm_state , cm_min_price , cm_max_price) values(49940,5348,'2021款 GLB 200 动感型','2021款',3,1,318800,318800);
insert into t_car_model(cm_id , cs_id , cm_name,cm_type ,cm_order , cm_state , cm_min_price , cm_max_price) values(49941,5348,'2021款 GLB 200 时尚型','2021款',4,1,328800,328800);
insert into t_car_model(cm_id , cs_id , cm_name,cm_type ,cm_order , cm_state , cm_min_price , cm_max_price) values(47510,5348,'2021款 GLB 200 4MATIC','2021款',5,1,348800,348800);
insert into t_car_model(cm_id , cs_id , cm_name,cm_type ,cm_order , cm_state , cm_min_price , cm_max_price) values(45111,5348,'2020款 GLB 180 动感型','2020款',1,1,292800,292800);
insert into t_car_model(cm_id , cs_id , cm_name,cm_type ,cm_order , cm_state , cm_min_price , cm_max_price) values(45112,5348,'2020款 GLB 180 时尚型','2020款',2,1,302800,302800);
insert into t_car_model(cm_id , cs_id , cm_name,cm_type ,cm_order , cm_state , cm_min_price , cm_max_price) values(40074,5348,'2020款 GLB 200 动感型','2020款',3,1,314800,314800);
insert into t_car_model(cm_id , cs_id , cm_name,cm_type ,cm_order , cm_state , cm_min_price , cm_max_price) values(43135,5348,'2020款 GLB 200 时尚型','2020款',4,1,326800,326800);
insert into t_car_model(cm_id , cs_id , cm_name,cm_type ,cm_order , cm_state , cm_min_price , cm_max_price) values(43136,5348,'2020款 GLB 200 先型特别版','2020款',5,1,354800,354800);
insert into t_car_model(cm_id , cs_id , cm_name,cm_type ,cm_order , cm_state , cm_min_price , cm_max_price) values(45113,5348,'2020款 改款 GLB 200 动感型','2020款',6,1,318800,318800);
insert into t_car_model(cm_id , cs_id , cm_name,cm_type ,cm_order , cm_state , cm_min_price , cm_max_price) values(45114,5348,'2020款 改款 GLB 200 时尚型','2020款',7,1,328800,328800);
insert into t_car_series(cs_id,cbf_id,cs_name,cs_order,cs_letter) values(5232,152,'奔驰EQC',535,'B');
insert into t_car_model(cm_id , cs_id , cm_name,cm_type ,cm_order , cm_state , cm_min_price , cm_max_price) values(50171,5232,'2021款 EQC 350 4MATIC','2021款',1,1,499800,499800);
insert into t_car_model(cm_id , cs_id , cm_name,cm_type ,cm_order , cm_state , cm_min_price , cm_max_price) values(50052,5232,'2021款 EQC 400 4MATIC','2021款',2,1,579800,579800);
insert into t_car_model(cm_id , cs_id , cm_name,cm_type ,cm_order , cm_state , cm_min_price , cm_max_price) values(46129,5232,'2020款 EQC 350 4MATIC','2020款',1,1,499800,499800);
insert into t_car_model(cm_id , cs_id , cm_name,cm_type ,cm_order , cm_state , cm_min_price , cm_max_price) values(38721,5232,'2020款 EQC 400 4MATIC','2020款',2,1,579800,579800);
insert into t_car_model(cm_id , cs_id , cm_name,cm_type ,cm_order , cm_state , cm_min_price , cm_max_price) values(41545,5232,'2020款 EQC 400 4MATIC 创世代 1886限量版','2020款',3,1,622800,622800);
insert into t_car_series(cs_id,cbf_id,cs_name,cs_order,cs_letter) values(3862,152,'奔驰GLC',536,'B');
insert into t_car_model(cm_id , cs_id , cm_name,cm_type ,cm_order , cm_state , cm_min_price , cm_max_price) values(55336,3862,'2022款 改款二 GLC 260 L 4MATIC 动感型','2022款',1,1,402500,402500);
insert into t_car_model(cm_id , cs_id , cm_name,cm_type ,cm_order , cm_state , cm_min_price , cm_max_price) values(55337,3862,'2022款 改款 GLC 260 L 4MATIC 豪华型','2022款',2,1,429200,429200);
insert into t_car_model(cm_id , cs_id , cm_name,cm_type ,cm_order , cm_state , cm_min_price , cm_max_price) values(54845,3862,'2022款 改款 GLC 300 L 4MATIC 动感型','2022款',3,1,443200,443200);
insert into t_car_model(cm_id , cs_id , cm_name,cm_type ,cm_order , cm_state , cm_min_price , cm_max_price) values(54846,3862,'2022款 改款 GLC 300 L 4MATIC 豪华型','2022款',4,1,471200,471200);
insert into t_car_model(cm_id , cs_id , cm_name,cm_type ,cm_order , cm_state , cm_min_price , cm_max_price) values(54669,3862,'2022款 改款 GLC 260 L 4MATIC 动感型','2022款',5,1,399800,399800);
insert into t_car_model(cm_id , cs_id , cm_name,cm_type ,cm_order , cm_state , cm_min_price , cm_max_price) values(53910,3862,'2022款 GLC 260 L 4MATIC 动感型','2022款',6,1,399800,399800);
insert into t_car_model(cm_id , cs_id , cm_name,cm_type ,cm_order , cm_state , cm_min_price , cm_max_price) values(53911,3862,'2022款 GLC 260 L 4MATIC 豪华型','2022款',7,1,429200,429200);
insert into t_car_model(cm_id , cs_id , cm_name,cm_type ,cm_order , cm_state , cm_min_price , cm_max_price) values(53912,3862,'2022款 GLC 300 L 4MATIC 动感型','2022款',8,1,447300,447300);
insert into t_car_model(cm_id , cs_id , cm_name,cm_type ,cm_order , cm_state , cm_min_price , cm_max_price) values(53913,3862,'2022款 GLC 300 L 4MATIC 豪华型','2022款',9,1,475300,475300);
insert into t_car_model(cm_id , cs_id , cm_name,cm_type ,cm_order , cm_state , cm_min_price , cm_max_price) values(47676,3862,'2021款 GLC 260 L 4MATIC 动感型','2021款',1,1,397800,397800);
insert into t_car_model(cm_id , cs_id , cm_name,cm_type ,cm_order , cm_state , cm_min_price , cm_max_price) values(47677,3862,'2021款 GLC 260 L 4MATIC 豪华型','2021款',2,1,429800,429800);
insert into t_car_model(cm_id , cs_id , cm_name,cm_type ,cm_order , cm_state , cm_min_price , cm_max_price) values(47678,3862,'2021款 GLC 300 L 4MATIC 动感型','2021款',3,1,454800,454800);
insert into t_car_model(cm_id , cs_id , cm_name,cm_type ,cm_order , cm_state , cm_min_price , cm_max_price) values(47679,3862,'2021款 GLC 300 L 4MATIC 豪华型','2021款',4,1,497800,497800);
insert into t_car_model(cm_id , cs_id , cm_name,cm_type ,cm_order , cm_state , cm_min_price , cm_max_price) values(47680,3862,'2021款 GLC 300 L 4MATIC AMG-Line','2021款',5,1,587800,587800);
insert into t_car_model(cm_id , cs_id , cm_name,cm_type ,cm_order , cm_state , cm_min_price , cm_max_price) values(47694,3862,'2021款 GLC 300 L 4MATIC 豪华型特别版','2021款',6,1,0,0);
insert into t_car_model(cm_id , cs_id , cm_name,cm_type ,cm_order , cm_state , cm_min_price , cm_max_price) values(41306,3862,'2020款 GLC 260 L 4MATIC 动感型','2020款',1,1,392800,392800);
insert into t_car_model(cm_id , cs_id , cm_name,cm_type ,cm_order , cm_state , cm_min_price , cm_max_price) values(41307,3862,'2020款 GLC 260 L 4MATIC 豪华型','2020款',2,1,422800,422800);
insert into t_car_model(cm_id , cs_id , cm_name,cm_type ,cm_order , cm_state , cm_min_price , cm_max_price) values(41304,3862,'2020款 GLC 300 L 4MATIC 动感型','2020款',3,1,447800,447800);
insert into t_car_model(cm_id , cs_id , cm_name,cm_type ,cm_order , cm_state , cm_min_price , cm_max_price) values(41300,3862,'2020款 GLC 300 L 4MATIC 豪华型','2020款',4,1,493800,493800);
insert into t_car_model(cm_id , cs_id , cm_name,cm_type ,cm_order , cm_state , cm_min_price , cm_max_price) values(41305,3862,'2020款 GLC 300 L 4MATIC AMG-Line','2020款',5,1,587800,587800);
insert into t_car_model(cm_id , cs_id , cm_name,cm_type ,cm_order , cm_state , cm_min_price , cm_max_price) values(44605,3862,'2020款 改款 GLC 260 L 4MATIC 动感型','2020款',6,1,394800,394800);
insert into t_car_model(cm_id , cs_id , cm_name,cm_type ,cm_order , cm_state , cm_min_price , cm_max_price) values(44606,3862,'2020款 改款 GLC 260 L 4MATIC 豪华型','2020款',7,1,422800,422800);
insert into t_car_model(cm_id , cs_id , cm_name,cm_type ,cm_order , cm_state , cm_min_price , cm_max_price) values(44607,3862,'2020款 改款 GLC 300 L 4MATIC 动感型','2020款',8,1,449800,449800);
insert into t_car_model(cm_id , cs_id , cm_name,cm_type ,cm_order , cm_state , cm_min_price , cm_max_price) values(44608,3862,'2020款 改款 GLC 300 L 4MATIC 豪华型','2020款',9,1,493800,493800);
insert into t_car_model(cm_id , cs_id , cm_name,cm_type ,cm_order , cm_state , cm_min_price , cm_max_price) values(44609,3862,'2020款 改款 GLC 300 L 4MATIC AMG-Line','2020款',10,1,587800,587800);
insert into t_car_model(cm_id , cs_id , cm_name,cm_type ,cm_order , cm_state , cm_min_price , cm_max_price) values(36051,3862,'2019款 GLC 200 4MATIC','2019款',1,1,394800,394800);
insert into t_car_model(cm_id , cs_id , cm_name,cm_type ,cm_order , cm_state , cm_min_price , cm_max_price) values(36052,3862,'2019款 GLC 260 4MATIC 动感型','2019款',2,1,429800,429800);
insert into t_car_model(cm_id , cs_id , cm_name,cm_type ,cm_order , cm_state , cm_min_price , cm_max_price) values(36053,3862,'2019款 GLC 260 4MATIC 豪华型','2019款',3,1,445000,445000);
insert into t_car_model(cm_id , cs_id , cm_name,cm_type ,cm_order , cm_state , cm_min_price , cm_max_price) values(37636,3862,'2019款 GLC 200 L 4MATIC','2019款',4,1,390800,390800);
insert into t_car_model(cm_id , cs_id , cm_name,cm_type ,cm_order , cm_state , cm_min_price , cm_max_price) values(36069,3862,'2019款 GLC 260 L 4MATIC 动感型','2019款',5,1,419800,419800);
insert into t_car_model(cm_id , cs_id , cm_name,cm_type ,cm_order , cm_state , cm_min_price , cm_max_price) values(36353,3862,'2019款 GLC 260 L 4MATIC 豪华型','2019款',6,1,434800,434800);
insert into t_car_model(cm_id , cs_id , cm_name,cm_type ,cm_order , cm_state , cm_min_price , cm_max_price) values(36354,3862,'2019款 GLC 300 L 4MATIC 动感型','2019款',7,1,478800,478800);
insert into t_car_model(cm_id , cs_id , cm_name,cm_type ,cm_order , cm_state , cm_min_price , cm_max_price) values(36348,3862,'2019款 GLC 300 L 4MATIC 豪华型','2019款',8,1,562800,562800);
insert into t_car_model(cm_id , cs_id , cm_name,cm_type ,cm_order , cm_state , cm_min_price , cm_max_price) values(37701,3862,'2019款 改款 GLC 260 L 4MATIC 豪华型','2019款',9,1,434800,434800);
insert into t_car_model(cm_id , cs_id , cm_name,cm_type ,cm_order , cm_state , cm_min_price , cm_max_price) values(37702,3862,'2019款 改款 GLC 300 L 4MATIC 动感型','2019款',10,1,478800,478800);
insert into t_car_model(cm_id , cs_id , cm_name,cm_type ,cm_order , cm_state , cm_min_price , cm_max_price) values(37856,3862,'2019款 改款 GLC 300 L 4MATIC 豪华型','2019款',11,1,562800,562800);
insert into t_car_model(cm_id , cs_id , cm_name,cm_type ,cm_order , cm_state , cm_min_price , cm_max_price) values(32233,3862,'2018款 GLC 200 4MATIC','2018款',1,1,396000,396000);
insert into t_car_model(cm_id , cs_id , cm_name,cm_type ,cm_order , cm_state , cm_min_price , cm_max_price) values(32234,3862,'2018款 GLC 260 4MATIC 动感型','2018款',2,1,431000,431000);
insert into t_car_model(cm_id , cs_id , cm_name,cm_type ,cm_order , cm_state , cm_min_price , cm_max_price) values(32235,3862,'2018款 GLC 260 4MATIC 豪华型','2018款',3,1,447000,447000);
insert into t_car_model(cm_id , cs_id , cm_name,cm_type ,cm_order , cm_state , cm_min_price , cm_max_price) values(32236,3862,'2018款 GLC 300 4MATIC 动感型','2018款',4,1,492000,492000);
insert into t_car_model(cm_id , cs_id , cm_name,cm_type ,cm_order , cm_state , cm_min_price , cm_max_price) values(32237,3862,'2018款 GLC 300 4MATIC 豪华型','2018款',5,1,579000,579000);
insert into t_car_model(cm_id , cs_id , cm_name,cm_type ,cm_order , cm_state , cm_min_price , cm_max_price) values(34127,3862,'2018款 改款 GLC 200 4MATIC','2018款',6,1,394800,394800);
insert into t_car_model(cm_id , cs_id , cm_name,cm_type ,cm_order , cm_state , cm_min_price , cm_max_price) values(34128,3862,'2018款 改款 GLC 260 4MATIC 动感型','2018款',7,1,429800,429800);
insert into t_car_model(cm_id , cs_id , cm_name,cm_type ,cm_order , cm_state , cm_min_price , cm_max_price) values(34129,3862,'2018款 改款 GLC 260 4MATIC 豪华型','2018款',8,1,445000,445000);
insert into t_car_model(cm_id , cs_id , cm_name,cm_type ,cm_order , cm_state , cm_min_price , cm_max_price) values(34130,3862,'2018款 改款 GLC 300 4MATIC 动感型','2018款',9,1,489800,489800);
insert into t_car_model(cm_id , cs_id , cm_name,cm_type ,cm_order , cm_state , cm_min_price , cm_max_price) values(34131,3862,'2018款 改款 GLC 300 4MATIC 豪华型','2018款',10,1,576000,576000);
insert into t_car_model(cm_id , cs_id , cm_name,cm_type ,cm_order , cm_state , cm_min_price , cm_max_price) values(28075,3862,'2017款 GLC 200 4MATIC','2017款',1,1,396000,396000);
insert into t_car_model(cm_id , cs_id , cm_name,cm_type ,cm_order , cm_state , cm_min_price , cm_max_price) values(28076,3862,'2017款 GLC 260 4MATIC 动感型','2017款',2,1,429000,429000);
insert into t_car_model(cm_id , cs_id , cm_name,cm_type ,cm_order , cm_state , cm_min_price , cm_max_price) values(28077,3862,'2017款 GLC 260 4MATIC 豪华型','2017款',3,1,445000,445000);
insert into t_car_model(cm_id , cs_id , cm_name,cm_type ,cm_order , cm_state , cm_min_price , cm_max_price) values(28078,3862,'2017款 GLC 300 4MATIC 动感型','2017款',4,1,488000,488000);
insert into t_car_model(cm_id , cs_id , cm_name,cm_type ,cm_order , cm_state , cm_min_price , cm_max_price) values(28079,3862,'2017款 GLC 300 4MATIC 豪华型','2017款',5,1,579000,579000);
insert into t_car_model(cm_id , cs_id , cm_name,cm_type ,cm_order , cm_state , cm_min_price , cm_max_price) values(24607,3862,'2016款 GLC 200 4MATIC','2016款',1,1,396000,396000);
insert into t_car_model(cm_id , cs_id , cm_name,cm_type ,cm_order , cm_state , cm_min_price , cm_max_price) values(24609,3862,'2016款 GLC 260 4MATIC 豪华型','2016款',2,1,443000,443000);
insert into t_car_model(cm_id , cs_id , cm_name,cm_type ,cm_order , cm_state , cm_min_price , cm_max_price) values(24608,3862,'2016款 GLC 260 4MATIC 动感型','2016款',3,1,428000,428000);
insert into t_car_model(cm_id , cs_id , cm_name,cm_type ,cm_order , cm_state , cm_min_price , cm_max_price) values(24610,3862,'2016款 GLC 300 4MATIC 动感型','2016款',4,1,486000,486000);
insert into t_car_model(cm_id , cs_id , cm_name,cm_type ,cm_order , cm_state , cm_min_price , cm_max_price) values(23080,3862,'2016款 GLC 300 4MATIC 豪华型','2016款',5,1,579000,579000);
insert into t_car_series(cs_id,cbf_id,cs_name,cs_order,cs_letter) values(4349,152,'奔驰C级新能源',538,'B');
insert into t_car_model(cm_id , cs_id , cm_name,cm_type ,cm_order , cm_state , cm_min_price , cm_max_price) values(28878,4349,'2017款 C 350 eL','2017款',1,1,599000,599000);
insert into t_car_model(cm_id , cs_id , cm_name,cm_type ,cm_order , cm_state , cm_min_price , cm_max_price) values(22594,4349,'2016款 C 350 eL','2016款',1,1,599000,599000);
insert into t_car_series(cs_id,cbf_id,cs_name,cs_order,cs_letter) values(2562,152,'奔驰GLK级',539,'B');
insert into t_car_model(cm_id , cs_id , cm_name,cm_type ,cm_order , cm_state , cm_min_price , cm_max_price) values(20922,2562,'2015款 GLK 260 4MATIC 动感型 极致版','2015款',1,1,398000,398000);
insert into t_car_model(cm_id , cs_id , cm_name,cm_type ,cm_order , cm_state , cm_min_price , cm_max_price) values(21026,2562,'2015款 GLK 260 4MATIC 时尚型 极致版','2015款',2,1,428000,428000);
insert into t_car_model(cm_id , cs_id , cm_name,cm_type ,cm_order , cm_state , cm_min_price , cm_max_price) values(21027,2562,'2015款 GLK 300 4MATIC 时尚型 极致版','2015款',3,1,485000,485000);
insert into t_car_model(cm_id , cs_id , cm_name,cm_type ,cm_order , cm_state , cm_min_price , cm_max_price) values(21028,2562,'2015款 GLK 300 4MATIC 豪华型 极致版','2015款',4,1,558000,558000);
insert into t_car_model(cm_id , cs_id , cm_name,cm_type ,cm_order , cm_state , cm_min_price , cm_max_price) values(20145,2562,'2014款 GLK 200 标准型','2014款',1,1,378000,378000);
insert into t_car_model(cm_id , cs_id , cm_name,cm_type ,cm_order , cm_state , cm_min_price , cm_max_price) values(17637,2562,'2014款 GLK 260 4MATIC 动感型','2014款',2,1,398000,398000);
insert into t_car_model(cm_id , cs_id , cm_name,cm_type ,cm_order , cm_state , cm_min_price , cm_max_price) values(16864,2562,'2013款 GLK 300 4MATIC 动感天窗型','2013款',1,1,438000,438000);
insert into t_car_model(cm_id , cs_id , cm_name,cm_type ,cm_order , cm_state , cm_min_price , cm_max_price) values(14035,2562,'2013款 GLK 300 4MATIC 时尚型','2013款',2,1,485000,485000);
insert into t_car_model(cm_id , cs_id , cm_name,cm_type ,cm_order , cm_state , cm_min_price , cm_max_price) values(14036,2562,'2013款 GLK 300 4MATIC 豪华型','2013款',3,1,558000,558000);
insert into t_car_model(cm_id , cs_id , cm_name,cm_type ,cm_order , cm_state , cm_min_price , cm_max_price) values(16866,2562,'2013款 改款 GLK 300 4MATIC 时尚型','2013款',4,1,485000,485000);
insert into t_car_model(cm_id , cs_id , cm_name,cm_type ,cm_order , cm_state , cm_min_price , cm_max_price) values(16867,2562,'2013款 改款 GLK 300 4MATIC 豪华型','2013款',5,1,558000,558000);
insert into t_car_model(cm_id , cs_id , cm_name,cm_type ,cm_order , cm_state , cm_min_price , cm_max_price) values(14034,2562,'2013款 GLK 300 4MATIC 动感型','2013款',6,1,418000,418000);
insert into t_car_model(cm_id , cs_id , cm_name,cm_type ,cm_order , cm_state , cm_min_price , cm_max_price) values(11341,2562,'2012款 GLK 300 4MATIC 动感型','2012款',1,1,408000,408000);
insert into t_car_model(cm_id , cs_id , cm_name,cm_type ,cm_order , cm_state , cm_min_price , cm_max_price) values(12645,2562,'2012款 GLK 300 4MATIC 时尚型','2012款',2,1,475000,475000);
insert into t_car_model(cm_id , cs_id , cm_name,cm_type ,cm_order , cm_state , cm_min_price , cm_max_price) values(12644,2562,'2012款 GLK 300 4MATIC 豪华型','2012款',3,1,557000,557000);
insert into t_car_brand_factory(cbf_id , cb_id , cbf_name ,cbf_letter) values(301,36,'福建奔驰','F');
insert into t_car_series(cs_id,cbf_id,cs_name,cs_order,cs_letter) values(3823,301,'奔驰V级',540,'B');
insert into t_car_model(cm_id , cs_id , cm_name,cm_type ,cm_order , cm_state , cm_min_price , cm_max_price) values(53514,3823,'2021款 V 260 领航版','2021款',1,1,478800,478800);
insert into t_car_model(cm_id , cs_id , cm_name,cm_type ,cm_order , cm_state , cm_min_price , cm_max_price) values(53515,3823,'2021款 V 260 尊贵版','2021款',2,1,586800,586800);
insert into t_car_model(cm_id , cs_id , cm_name,cm_type ,cm_order , cm_state , cm_min_price , cm_max_price) values(53516,3823,'2021款 V 260 L 长轴距尊贵版','2021款',3,1,616800,616800);
insert into t_car_model(cm_id , cs_id , cm_name,cm_type ,cm_order , cm_state , cm_min_price , cm_max_price) values(53040,3823,'2021款 V 260 L 长轴距豪华版','2021款',4,1,646800,646800);
insert into t_car_model(cm_id , cs_id , cm_name,cm_type ,cm_order , cm_state , cm_min_price , cm_max_price) values(47579,3823,'2020款 V 260 领航版','2020款',1,1,478000,478000);
insert into t_car_model(cm_id , cs_id , cm_name,cm_type ,cm_order , cm_state , cm_min_price , cm_max_price) values(47580,3823,'2020款 V 260 尊贵版','2020款',2,1,594800,594800);
insert into t_car_model(cm_id , cs_id , cm_name,cm_type ,cm_order , cm_state , cm_min_price , cm_max_price) values(47282,3823,'2020款 V 260 L 长轴距豪华版','2020款',3,1,629800,629800);
insert into t_car_model(cm_id , cs_id , cm_name,cm_type ,cm_order , cm_state , cm_min_price , cm_max_price) values(35122,3823,'2018款 V 260 领航版 国V','2018款',1,1,471800,471800);
insert into t_car_model(cm_id , cs_id , cm_name,cm_type ,cm_order , cm_state , cm_min_price , cm_max_price) values(35123,3823,'2018款 V 260 尊贵版 国V','2018款',2,1,579800,579800);
insert into t_car_model(cm_id , cs_id , cm_name,cm_type ,cm_order , cm_state , cm_min_price , cm_max_price) values(35124,3823,'2018款 V 260 L 尊贵加长版 国V','2018款',3,1,604800,604800);
insert into t_car_model(cm_id , cs_id , cm_name,cm_type ,cm_order , cm_state , cm_min_price , cm_max_price) values(34541,3823,'2018款 V 260 AMG 运动版 国V','2018款',4,1,651800,651800);
insert into t_car_model(cm_id , cs_id , cm_name,cm_type ,cm_order , cm_state , cm_min_price , cm_max_price) values(42250,3823,'2018款 V 260 领航版 国VI','2018款',5,1,471800,471800);
insert into t_car_model(cm_id , cs_id , cm_name,cm_type ,cm_order , cm_state , cm_min_price , cm_max_price) values(42251,3823,'2018款 V 260 尊贵版 国VI','2018款',6,1,579800,579800);
insert into t_car_model(cm_id , cs_id , cm_name,cm_type ,cm_order , cm_state , cm_min_price , cm_max_price) values(42252,3823,'2018款 V 260 L 尊贵加长版 国VI','2018款',7,1,604800,604800);
insert into t_car_model(cm_id , cs_id , cm_name,cm_type ,cm_order , cm_state , cm_min_price , cm_max_price) values(46178,3823,'2018款 V 260 AMG 运动版 国VI','2018款',8,1,651800,651800);
insert into t_car_model(cm_id , cs_id , cm_name,cm_type ,cm_order , cm_state , cm_min_price , cm_max_price) values(30741,3823,'2017款 V 260 领航版','2017款',1,1,485000,485000);
insert into t_car_model(cm_id , cs_id , cm_name,cm_type ,cm_order , cm_state , cm_min_price , cm_max_price) values(30743,3823,'2017款 V 260 尊贵版','2017款',2,1,593000,593000);
insert into t_car_model(cm_id , cs_id , cm_name,cm_type ,cm_order , cm_state , cm_min_price , cm_max_price) values(30744,3823,'2017款 V 260 L 尊贵加长版','2017款',3,1,613000,613000);
insert into t_car_model(cm_id , cs_id , cm_name,cm_type ,cm_order , cm_state , cm_min_price , cm_max_price) values(30745,3823,'2017款 V 260 L 臻藏版','2017款',4,1,646000,646000);
insert into t_car_model(cm_id , cs_id , cm_name,cm_type ,cm_order , cm_state , cm_min_price , cm_max_price) values(25635,3823,'2016款 V 260 领航版','2016款',1,1,489000,489000);
insert into t_car_model(cm_id , cs_id , cm_name,cm_type ,cm_order , cm_state , cm_min_price , cm_max_price) values(22654,3823,'2016款 V 260 尊贵版','2016款',2,1,598000,598000);
insert into t_car_model(cm_id , cs_id , cm_name,cm_type ,cm_order , cm_state , cm_min_price , cm_max_price) values(25636,3823,'2016款 V 260 L 尊贵加长版','2016款',3,1,618000,618000);
insert into t_car_series(cs_id,cbf_id,cs_name,cs_order,cs_letter) values(2084,301,'威霆',541,'W');
insert into t_car_model(cm_id , cs_id , cm_name,cm_type ,cm_order , cm_state , cm_min_price , cm_max_price) values(50527,2084,'2021款 2.0T 精英版 7座','2021款',1,1,293800,293800);
insert into t_car_model(cm_id , cs_id , cm_name,cm_type ,cm_order , cm_state , cm_min_price , cm_max_price) values(50528,2084,'2021款 2.0T 精英版 8座','2021款',2,1,293800,293800);
insert into t_car_model(cm_id , cs_id , cm_name,cm_type ,cm_order , cm_state , cm_min_price , cm_max_price) values(50529,2084,'2021款 2.0T 精英版 9座','2021款',3,1,302800,302800);
insert into t_car_model(cm_id , cs_id , cm_name,cm_type ,cm_order , cm_state , cm_min_price , cm_max_price) values(50530,2084,'2021款 2.0T 商务版 7座','2021款',4,1,347800,347800);
insert into t_car_model(cm_id , cs_id , cm_name,cm_type ,cm_order , cm_state , cm_min_price , cm_max_price) values(50531,2084,'2021款 2.0T 商务版 8座','2021款',5,1,347800,347800);
insert into t_car_model(cm_id , cs_id , cm_name,cm_type ,cm_order , cm_state , cm_min_price , cm_max_price) values(50532,2084,'2021款 2.0T 商务版 9座','2021款',6,1,347800,347800);
insert into t_car_model(cm_id , cs_id , cm_name,cm_type ,cm_order , cm_state , cm_min_price , cm_max_price) values(47581,2084,'2020款 2.0T 精英版 7座','2020款',1,1,289800,289800);
insert into t_car_model(cm_id , cs_id , cm_name,cm_type ,cm_order , cm_state , cm_min_price , cm_max_price) values(47582,2084,'2020款 2.0T 精英版 8座','2020款',2,1,289800,289800);
insert into t_car_model(cm_id , cs_id , cm_name,cm_type ,cm_order , cm_state , cm_min_price , cm_max_price) values(47583,2084,'2020款 2.0T 精英版 9座','2020款',3,1,298800,298800);
insert into t_car_model(cm_id , cs_id , cm_name,cm_type ,cm_order , cm_state , cm_min_price , cm_max_price) values(47584,2084,'2020款 2.0T 商务版 7座','2020款',4,1,341800,341800);
insert into t_car_model(cm_id , cs_id , cm_name,cm_type ,cm_order , cm_state , cm_min_price , cm_max_price) values(47585,2084,'2020款 2.0T 商务版 8座','2020款',5,1,341800,341800);
insert into t_car_model(cm_id , cs_id , cm_name,cm_type ,cm_order , cm_state , cm_min_price , cm_max_price) values(47586,2084,'2020款 2.0T 商务版 9座','2020款',6,1,341800,341800);
insert into t_car_model(cm_id , cs_id , cm_name,cm_type ,cm_order , cm_state , cm_min_price , cm_max_price) values(36541,2084,'2018款 2.0T 精英版 7座 国V','2018款',1,1,289800,289800);
insert into t_car_model(cm_id , cs_id , cm_name,cm_type ,cm_order , cm_state , cm_min_price , cm_max_price) values(36545,2084,'2018款 2.0T 精英版 8座 国V','2018款',2,1,289800,289800);
insert into t_car_model(cm_id , cs_id , cm_name,cm_type ,cm_order , cm_state , cm_min_price , cm_max_price) values(36542,2084,'2018款 2.0T 精英版 9座 国V','2018款',3,1,298800,298800);
insert into t_car_model(cm_id , cs_id , cm_name,cm_type ,cm_order , cm_state , cm_min_price , cm_max_price) values(36543,2084,'2018款 2.0T 商务版 国V','2018款',4,1,341800,341800);
insert into t_car_model(cm_id , cs_id , cm_name,cm_type ,cm_order , cm_state , cm_min_price , cm_max_price) values(42246,2084,'2018款 2.0T 精英版 7座 国VI','2018款',5,1,289800,289800);
insert into t_car_model(cm_id , cs_id , cm_name,cm_type ,cm_order , cm_state , cm_min_price , cm_max_price) values(42247,2084,'2018款 2.0T 精英版 8座 国VI','2018款',6,1,289800,289800);
insert into t_car_model(cm_id , cs_id , cm_name,cm_type ,cm_order , cm_state , cm_min_price , cm_max_price) values(42248,2084,'2018款 2.0T 精英版 9座 国VI','2018款',7,1,298800,298800);
insert into t_car_model(cm_id , cs_id , cm_name,cm_type ,cm_order , cm_state , cm_min_price , cm_max_price) values(42249,2084,'2018款 2.0T 商务版 国VI','2018款',8,1,341800,341800);
insert into t_car_model(cm_id , cs_id , cm_name,cm_type ,cm_order , cm_state , cm_min_price , cm_max_price) values(27605,2084,'2016款 2.0T 精英版','2016款',1,1,296000,296000);
insert into t_car_model(cm_id , cs_id , cm_name,cm_type ,cm_order , cm_state , cm_min_price , cm_max_price) values(27606,2084,'2016款 2.0T 精英版 9座','2016款',2,1,305000,305000);
insert into t_car_model(cm_id , cs_id , cm_name,cm_type ,cm_order , cm_state , cm_min_price , cm_max_price) values(27607,2084,'2016款 2.0T 商务版','2016款',3,1,336000,336000);
insert into t_car_model(cm_id , cs_id , cm_name,cm_type ,cm_order , cm_state , cm_min_price , cm_max_price) values(24953,2084,'2015款 3.0L 精英版','2015款',1,1,0,0);
insert into t_car_model(cm_id , cs_id , cm_name,cm_type ,cm_order , cm_state , cm_min_price , cm_max_price) values(16757,2084,'2013款 2.1T 精英版','2013款',1,1,349000,349000);
insert into t_car_model(cm_id , cs_id , cm_name,cm_type ,cm_order , cm_state , cm_min_price , cm_max_price) values(15505,2084,'2013款 3.0L 精英版','2013款',2,1,369000,369000);
insert into t_car_model(cm_id , cs_id , cm_name,cm_type ,cm_order , cm_state , cm_min_price , cm_max_price) values(15583,2084,'2013款 3.0L 商务版','2013款',3,1,389000,389000);
insert into t_car_model(cm_id , cs_id , cm_name,cm_type ,cm_order , cm_state , cm_min_price , cm_max_price) values(9899,2084,'2011款 2.5L 7座行政版','2011款',1,1,339000,339000);
insert into t_car_model(cm_id , cs_id , cm_name,cm_type ,cm_order , cm_state , cm_min_price , cm_max_price) values(9849,2084,'2011款 2.5L 精英版','2011款',2,1,339000,339000);
insert into t_car_model(cm_id , cs_id , cm_name,cm_type ,cm_order , cm_state , cm_min_price , cm_max_price) values(9900,2084,'2011款 2.5L 商务版','2011款',3,1,359000,359000);
insert into t_car_model(cm_id , cs_id , cm_name,cm_type ,cm_order , cm_state , cm_min_price , cm_max_price) values(7345,2084,'2010款 2.1T 柴油精英版','2010款',1,1,316000,316000);
insert into t_car_model(cm_id , cs_id , cm_name,cm_type ,cm_order , cm_state , cm_min_price , cm_max_price) values(7346,2084,'2010款 2.1T 柴油商务版','2010款',2,1,318000,318000);
insert into t_car_model(cm_id , cs_id , cm_name,cm_type ,cm_order , cm_state , cm_min_price , cm_max_price) values(7348,2084,'2010款 2.5L 精英版','2010款',3,1,326000,326000);
insert into t_car_model(cm_id , cs_id , cm_name,cm_type ,cm_order , cm_state , cm_min_price , cm_max_price) values(7347,2084,'2010款 2.5L 商务版','2010款',4,1,328000,328000);
insert into t_car_series(cs_id,cbf_id,cs_name,cs_order,cs_letter) values(2034,301,'唯雅诺',542,'W');
insert into t_car_model(cm_id , cs_id , cm_name,cm_type ,cm_order , cm_state , cm_min_price , cm_max_price) values(22607,2034,'2015款 3.0L 合伙人版','2015款',1,1,579000,579000);
insert into t_car_model(cm_id , cs_id , cm_name,cm_type ,cm_order , cm_state , cm_min_price , cm_max_price) values(18786,2034,'2014款 3.5L 卓越版','2014款',1,1,689000,689000);
insert into t_car_model(cm_id , cs_id , cm_name,cm_type ,cm_order , cm_state , cm_min_price , cm_max_price) values(15571,2034,'2013款 3.0L 舒适版','2013款',1,1,449000,449000);
insert into t_car_model(cm_id , cs_id , cm_name,cm_type ,cm_order , cm_state , cm_min_price , cm_max_price) values(15572,2034,'2013款 3.0L 礼遇版','2013款',2,1,493000,493000);
insert into t_car_model(cm_id , cs_id , cm_name,cm_type ,cm_order , cm_state , cm_min_price , cm_max_price) values(15506,2034,'2013款 3.0L 领航版','2013款',3,1,579000,579000);
insert into t_car_model(cm_id , cs_id , cm_name,cm_type ,cm_order , cm_state , cm_min_price , cm_max_price) values(13938,2034,'2013款 3.5L 劲驰版','2013款',4,1,599000,599000);
insert into t_car_model(cm_id , cs_id , cm_name,cm_type ,cm_order , cm_state , cm_min_price , cm_max_price) values(12590,2034,'2013款 3.5L 皓驰版','2013款',5,1,679000,679000);
insert into t_car_model(cm_id , cs_id , cm_name,cm_type ,cm_order , cm_state , cm_min_price , cm_max_price) values(9897,2034,'2012款 2.5L 舒适版','2012款',1,1,419000,419000);
insert into t_car_model(cm_id , cs_id , cm_name,cm_type ,cm_order , cm_state , cm_min_price , cm_max_price) values(12589,2034,'2012款 2.5L 礼遇版','2012款',2,1,459000,459000);
insert into t_car_model(cm_id , cs_id , cm_name,cm_type ,cm_order , cm_state , cm_min_price , cm_max_price) values(12772,2034,'2012款 2.5L 领航版','2012款',3,1,529000,529000);
insert into t_car_model(cm_id , cs_id , cm_name,cm_type ,cm_order , cm_state , cm_min_price , cm_max_price) values(12771,2034,'2012款 2.5L 尊贵版','2012款',4,1,479000,479000);
insert into t_car_model(cm_id , cs_id , cm_name,cm_type ,cm_order , cm_state , cm_min_price , cm_max_price) values(9140,2034,'2011款 2.5L 限量版','2011款',1,1,468900,468900);
insert into t_car_model(cm_id , cs_id , cm_name,cm_type ,cm_order , cm_state , cm_min_price , cm_max_price) values(9850,2034,'2011款 2.5L 豪华版','2011款',2,1,419000,419000);
insert into t_car_model(cm_id , cs_id , cm_name,cm_type ,cm_order , cm_state , cm_min_price , cm_max_price) values(9896,2034,'2011款 2.5L 尊贵版','2011款',3,1,469000,469000);
insert into t_car_model(cm_id , cs_id , cm_name,cm_type ,cm_order , cm_state , cm_min_price , cm_max_price) values(9898,2034,'2011款 2.5L 领航版','2011款',4,1,509000,509000);
insert into t_car_model(cm_id , cs_id , cm_name,cm_type ,cm_order , cm_state , cm_min_price , cm_max_price) values(6947,2034,'2010款 2.5L 豪华版','2010款',1,1,398000,398000);
insert into t_car_model(cm_id , cs_id , cm_name,cm_type ,cm_order , cm_state , cm_min_price , cm_max_price) values(7344,2034,'2010款 2.5L 尊贵版','2010款',2,1,438000,438000);
insert into t_car_series(cs_id,cbf_id,cs_name,cs_order,cs_letter) values(2564,301,'凌特',543,'L');
insert into t_car_model(cm_id , cs_id , cm_name,cm_type ,cm_order , cm_state , cm_min_price , cm_max_price) values(1003757,2564,'2016款 2.1T佳旅 中轴版','2016款',1,1,376000,396000);
insert into t_car_model(cm_id , cs_id , cm_name,cm_type ,cm_order , cm_state , cm_min_price , cm_max_price) values(1003755,2564,'2016款 2.1T畅旅 中轴版','2016款',2,1,467000,487000);
insert into t_car_model(cm_id , cs_id , cm_name,cm_type ,cm_order , cm_state , cm_min_price , cm_max_price) values(1003730,2564,'2016款 2.1T畅旅 长轴版','2016款',3,1,487000,489000);
insert into t_car_model(cm_id , cs_id , cm_name,cm_type ,cm_order , cm_state , cm_min_price , cm_max_price) values(1003756,2564,'2016款 2.1T畅旅 长轴加长版','2016款',4,1,493000,499000);
insert into t_car_model(cm_id , cs_id , cm_name,cm_type ,cm_order , cm_state , cm_min_price , cm_max_price) values(1001830,2564,'2014款 2.1T厢式 长轴版','2014款',1,1,368000,368000);
insert into t_car_model(cm_id , cs_id , cm_name,cm_type ,cm_order , cm_state , cm_min_price , cm_max_price) values(1001831,2564,'2014款 2.1T厢式 长轴加长版','2014款',2,1,378000,378000);
insert into t_car_model(cm_id , cs_id , cm_name,cm_type ,cm_order , cm_state , cm_min_price , cm_max_price) values(1001829,2564,'2014款 2.1T佳旅 中轴版','2014款',3,1,368000,388000);
insert into t_car_model(cm_id , cs_id , cm_name,cm_type ,cm_order , cm_state , cm_min_price , cm_max_price) values(1001070,2564,'2012款 2.1T尊旅 中轴版','2012款',1,1,416000,436000);
insert into t_car_model(cm_id , cs_id , cm_name,cm_type ,cm_order , cm_state , cm_min_price , cm_max_price) values(1000985,2564,'2012款 2.1T尊旅 长轴版','2012款',2,1,436000,438000);
insert into t_car_model(cm_id , cs_id , cm_name,cm_type ,cm_order , cm_state , cm_min_price , cm_max_price) values(1000986,2564,'2012款 2.1T尊旅 长轴加长版','2012款',3,1,446000,458000);
insert into t_car_model(cm_id , cs_id , cm_name,cm_type ,cm_order , cm_state , cm_min_price , cm_max_price) values(1001007,2564,'2012款 2.1T佳旅 长轴版','2012款',4,1,386000,388000);
insert into t_car_model(cm_id , cs_id , cm_name,cm_type ,cm_order , cm_state , cm_min_price , cm_max_price) values(1001008,2564,'2012款 2.1T佳旅 长轴加长版','2012款',5,1,396000,406000);
insert into t_car_model(cm_id , cs_id , cm_name,cm_type ,cm_order , cm_state , cm_min_price , cm_max_price) values(1001009,2564,'2012款 2.1T厢式 基本型85KW','2012款',6,1,318000,318000);
insert into t_car_model(cm_id , cs_id , cm_name,cm_type ,cm_order , cm_state , cm_min_price , cm_max_price) values(1001068,2564,'2012款 2.1T厢式 基本型110KW','2012款',7,1,338000,338000);
insert into t_car_brand_factory(cbf_id , cb_id , cbf_name ,cbf_letter) values(47,36,'奔驰(进口)','B');
insert into t_car_series(cs_id,cbf_id,cs_name,cs_order,cs_letter) values(52,47,'奔驰A级(进口)',544,'B');
insert into t_car_model(cm_id , cs_id , cm_name,cm_type ,cm_order , cm_state , cm_min_price , cm_max_price) values(54713,52,'2022款 A 180','2022款',1,1,236800,236800);
insert into t_car_model(cm_id , cs_id , cm_name,cm_type ,cm_order , cm_state , cm_min_price , cm_max_price) values(54714,52,'2022款 A 200 动感型','2022款',2,1,261800,261800);
insert into t_car_model(cm_id , cs_id , cm_name,cm_type ,cm_order , cm_state , cm_min_price , cm_max_price) values(54715,52,'2022款 A 200 时尚型','2022款',3,1,273800,273800);
insert into t_car_model(cm_id , cs_id , cm_name,cm_type ,cm_order , cm_state , cm_min_price , cm_max_price) values(48487,52,'2021款 A 180','2021款',1,1,232800,232800);
insert into t_car_model(cm_id , cs_id , cm_name,cm_type ,cm_order , cm_state , cm_min_price , cm_max_price) values(48488,52,'2021款 A 200 动感型','2021款',2,1,257800,257800);
insert into t_car_model(cm_id , cs_id , cm_name,cm_type ,cm_order , cm_state , cm_min_price , cm_max_price) values(48489,52,'2021款 A 200 时尚型','2021款',3,1,273800,273800);
insert into t_car_model(cm_id , cs_id , cm_name,cm_type ,cm_order , cm_state , cm_min_price , cm_max_price) values(48490,52,'2021款 A 220 4MATIC','2021款',4,1,312800,312800);
insert into t_car_model(cm_id , cs_id , cm_name,cm_type ,cm_order , cm_state , cm_min_price , cm_max_price) values(46071,52,'2020款 A 180','2020款',1,1,232800,232800);
insert into t_car_model(cm_id , cs_id , cm_name,cm_type ,cm_order , cm_state , cm_min_price , cm_max_price) values(43112,52,'2020款 A 220 4MATIC','2020款',2,1,312800,312800);
insert into t_car_model(cm_id , cs_id , cm_name,cm_type ,cm_order , cm_state , cm_min_price , cm_max_price) values(40729,52,'2019款 A 200 动感型','2019款',1,1,257800,257800);
insert into t_car_model(cm_id , cs_id , cm_name,cm_type ,cm_order , cm_state , cm_min_price , cm_max_price) values(40727,52,'2019款 A 200 时尚型','2019款',2,1,273800,273800);
insert into t_car_model(cm_id , cs_id , cm_name,cm_type ,cm_order , cm_state , cm_min_price , cm_max_price) values(34150,52,'2018款 A 180','2018款',1,1,219800,219800);
insert into t_car_model(cm_id , cs_id , cm_name,cm_type ,cm_order , cm_state , cm_min_price , cm_max_price) values(34151,52,'2018款 A 200 动感型','2018款',2,1,238800,238800);
insert into t_car_model(cm_id , cs_id , cm_name,cm_type ,cm_order , cm_state , cm_min_price , cm_max_price) values(34152,52,'2018款 A 200 时尚型','2018款',3,1,263800,263800);
insert into t_car_model(cm_id , cs_id , cm_name,cm_type ,cm_order , cm_state , cm_min_price , cm_max_price) values(34153,52,'2018款 A 200 运动型','2018款',4,1,278800,278800);
insert into t_car_model(cm_id , cs_id , cm_name,cm_type ,cm_order , cm_state , cm_min_price , cm_max_price) values(34154,52,'2018款 A 260 运动型','2018款',5,1,336800,336800);
insert into t_car_model(cm_id , cs_id , cm_name,cm_type ,cm_order , cm_state , cm_min_price , cm_max_price) values(28171,52,'2017款 A 180','2017款',1,1,236000,236000);
insert into t_car_model(cm_id , cs_id , cm_name,cm_type ,cm_order , cm_state , cm_min_price , cm_max_price) values(28172,52,'2017款 A 200 动感型','2017款',2,1,257000,257000);
insert into t_car_model(cm_id , cs_id , cm_name,cm_type ,cm_order , cm_state , cm_min_price , cm_max_price) values(28173,52,'2017款 A 200 时尚型','2017款',3,1,283000,283000);
insert into t_car_model(cm_id , cs_id , cm_name,cm_type ,cm_order , cm_state , cm_min_price , cm_max_price) values(28174,52,'2017款 A 200 运动型','2017款',4,1,299000,299000);
insert into t_car_model(cm_id , cs_id , cm_name,cm_type ,cm_order , cm_state , cm_min_price , cm_max_price) values(28175,52,'2017款 A 260 运动型','2017款',5,1,360000,360000);
insert into t_car_model(cm_id , cs_id , cm_name,cm_type ,cm_order , cm_state , cm_min_price , cm_max_price) values(30821,52,'2017款 改款 A 180','2017款',6,1,236000,236000);
insert into t_car_model(cm_id , cs_id , cm_name,cm_type ,cm_order , cm_state , cm_min_price , cm_max_price) values(30822,52,'2017款 改款 A 200 动感型','2017款',7,1,257000,257000);
insert into t_car_model(cm_id , cs_id , cm_name,cm_type ,cm_order , cm_state , cm_min_price , cm_max_price) values(30823,52,'2017款 改款 A 200 时尚型','2017款',8,1,283000,283000);
insert into t_car_model(cm_id , cs_id , cm_name,cm_type ,cm_order , cm_state , cm_min_price , cm_max_price) values(30824,52,'2017款 改款 A 200 运动型','2017款',9,1,299000,299000);
insert into t_car_model(cm_id , cs_id , cm_name,cm_type ,cm_order , cm_state , cm_min_price , cm_max_price) values(30981,52,'2017款 A 200 极地限量版','2017款',10,1,315500,315500);
insert into t_car_model(cm_id , cs_id , cm_name,cm_type ,cm_order , cm_state , cm_min_price , cm_max_price) values(30825,52,'2017款 改款 A 260 运动型','2017款',11,1,360000,360000);
insert into t_car_model(cm_id , cs_id , cm_name,cm_type ,cm_order , cm_state , cm_min_price , cm_max_price) values(24877,52,'2016款 A 180','2016款',1,1,234000,234000);
insert into t_car_model(cm_id , cs_id , cm_name,cm_type ,cm_order , cm_state , cm_min_price , cm_max_price) values(24879,52,'2016款 A 200 动感型','2016款',2,1,254000,254000);
insert into t_car_model(cm_id , cs_id , cm_name,cm_type ,cm_order , cm_state , cm_min_price , cm_max_price) values(24878,52,'2016款 A 200 时尚型','2016款',3,1,279000,279000);
insert into t_car_model(cm_id , cs_id , cm_name,cm_type ,cm_order , cm_state , cm_min_price , cm_max_price) values(24881,52,'2016款 A 200 运动型','2016款',4,1,299000,299000);
insert into t_car_model(cm_id , cs_id , cm_name,cm_type ,cm_order , cm_state , cm_min_price , cm_max_price) values(24880,52,'2016款 A 200 赛道版','2016款',5,1,320000,320000);
insert into t_car_model(cm_id , cs_id , cm_name,cm_type ,cm_order , cm_state , cm_min_price , cm_max_price) values(24882,52,'2016款 A 260 运动型','2016款',6,1,360000,360000);
insert into t_car_model(cm_id , cs_id , cm_name,cm_type ,cm_order , cm_state , cm_min_price , cm_max_price) values(22651,52,'2015款 A 180 标准型','2015款',1,1,232000,232000);
insert into t_car_model(cm_id , cs_id , cm_name,cm_type ,cm_order , cm_state , cm_min_price , cm_max_price) values(20677,52,'2015款 A 180','2015款',2,1,252000,252000);
insert into t_car_model(cm_id , cs_id , cm_name,cm_type ,cm_order , cm_state , cm_min_price , cm_max_price) values(20678,52,'2015款 A 200 时尚型','2015款',3,1,279000,279000);
insert into t_car_model(cm_id , cs_id , cm_name,cm_type ,cm_order , cm_state , cm_min_price , cm_max_price) values(20680,52,'2015款 A 200 运动型','2015款',4,1,297000,297000);
insert into t_car_model(cm_id , cs_id , cm_name,cm_type ,cm_order , cm_state , cm_min_price , cm_max_price) values(14967,52,'2013款 A 180 时尚型','2013款',1,1,252000,252000);
insert into t_car_model(cm_id , cs_id , cm_name,cm_type ,cm_order , cm_state , cm_min_price , cm_max_price) values(14968,52,'2013款 A 200 都市型','2013款',2,1,278000,278000);
insert into t_car_model(cm_id , cs_id , cm_name,cm_type ,cm_order , cm_state , cm_min_price , cm_max_price) values(14969,52,'2013款 A 260 运动型','2013款',3,1,358000,358000);
insert into t_car_model(cm_id , cs_id , cm_name,cm_type ,cm_order , cm_state , cm_min_price , cm_max_price) values(8379,52,'2011款 A 160','2011款',1,1,238000,238000);
insert into t_car_model(cm_id , cs_id , cm_name,cm_type ,cm_order , cm_state , cm_min_price , cm_max_price) values(8961,52,'2011款 A 180','2011款',2,1,278000,278000);
insert into t_car_model(cm_id , cs_id , cm_name,cm_type ,cm_order , cm_state , cm_min_price , cm_max_price) values(217,52,'2004款 A 160','2004款',1,1,340000,340000);
insert into t_car_series(cs_id,cbf_id,cs_name,cs_order,cs_letter) values(398,47,'奔驰B级',545,'B');
insert into t_car_model(cm_id , cs_id , cm_name,cm_type ,cm_order , cm_state , cm_min_price , cm_max_price) values(54716,398,'2022款 B 180 时尚型','2022款',1,1,243800,243800);
insert into t_car_model(cm_id , cs_id , cm_name,cm_type ,cm_order , cm_state , cm_min_price , cm_max_price) values(54717,398,'2022款 B 200 动感型','2022款',2,1,263800,263800);
insert into t_car_model(cm_id , cs_id , cm_name,cm_type ,cm_order , cm_state , cm_min_price , cm_max_price) values(54718,398,'2022款 B 200 时尚型','2022款',3,1,276800,276800);
insert into t_car_model(cm_id , cs_id , cm_name,cm_type ,cm_order , cm_state , cm_min_price , cm_max_price) values(48526,398,'2021款 B 180 时尚型','2021款',1,1,239800,239800);
insert into t_car_model(cm_id , cs_id , cm_name,cm_type ,cm_order , cm_state , cm_min_price , cm_max_price) values(48589,398,'2021款 B 200 动感型','2021款',2,1,259800,259800);
insert into t_car_model(cm_id , cs_id , cm_name,cm_type ,cm_order , cm_state , cm_min_price , cm_max_price) values(48590,398,'2021款 B 200 时尚型','2021款',3,1,276800,276800);
insert into t_car_model(cm_id , cs_id , cm_name,cm_type ,cm_order , cm_state , cm_min_price , cm_max_price) values(49184,398,'2021款 B 260 4MATIC','2021款',4,1,331800,331800);
insert into t_car_model(cm_id , cs_id , cm_name,cm_type ,cm_order , cm_state , cm_min_price , cm_max_price) values(43045,398,'2020款 B 180','2020款',1,1,239800,239800);
insert into t_car_model(cm_id , cs_id , cm_name,cm_type ,cm_order , cm_state , cm_min_price , cm_max_price) values(41543,398,'2020款 B 200 动感型','2020款',2,1,259800,259800);
insert into t_car_model(cm_id , cs_id , cm_name,cm_type ,cm_order , cm_state , cm_min_price , cm_max_price) values(41544,398,'2020款 B 200 时尚型','2020款',3,1,276800,276800);
insert into t_car_model(cm_id , cs_id , cm_name,cm_type ,cm_order , cm_state , cm_min_price , cm_max_price) values(43046,398,'2020款 B 260 4MATIC','2020款',4,1,331800,331800);
insert into t_car_model(cm_id , cs_id , cm_name,cm_type ,cm_order , cm_state , cm_min_price , cm_max_price) values(35853,398,'2019款 B 180','2019款',1,1,220800,220800);
insert into t_car_model(cm_id , cs_id , cm_name,cm_type ,cm_order , cm_state , cm_min_price , cm_max_price) values(35856,398,'2019款 B 200 动感型','2019款',2,1,238800,238800);
insert into t_car_model(cm_id , cs_id , cm_name,cm_type ,cm_order , cm_state , cm_min_price , cm_max_price) values(35857,398,'2019款 B 200 时尚型','2019款',3,1,256800,256800);
insert into t_car_model(cm_id , cs_id , cm_name,cm_type ,cm_order , cm_state , cm_min_price , cm_max_price) values(35858,398,'2019款 B 200 豪华型','2019款',4,1,276800,276800);
insert into t_car_model(cm_id , cs_id , cm_name,cm_type ,cm_order , cm_state , cm_min_price , cm_max_price) values(35859,398,'2019款 B 260 运动型','2019款',5,1,331800,331800);
insert into t_car_model(cm_id , cs_id , cm_name,cm_type ,cm_order , cm_state , cm_min_price , cm_max_price) values(34143,398,'2018款 B 180','2018款',1,1,225800,225800);
insert into t_car_model(cm_id , cs_id , cm_name,cm_type ,cm_order , cm_state , cm_min_price , cm_max_price) values(34144,398,'2018款 B 200 动感型','2018款',2,1,243800,243800);
insert into t_car_model(cm_id , cs_id , cm_name,cm_type ,cm_order , cm_state , cm_min_price , cm_max_price) values(34145,398,'2018款 B 200 时尚型','2018款',3,1,262800,262800);
insert into t_car_model(cm_id , cs_id , cm_name,cm_type ,cm_order , cm_state , cm_min_price , cm_max_price) values(34146,398,'2018款 B 200 豪华型','2018款',4,1,283800,283800);
insert into t_car_model(cm_id , cs_id , cm_name,cm_type ,cm_order , cm_state , cm_min_price , cm_max_price) values(34155,398,'2018款 B 260 运动型','2018款',5,1,339800,339800);
insert into t_car_model(cm_id , cs_id , cm_name,cm_type ,cm_order , cm_state , cm_min_price , cm_max_price) values(30811,398,'2017款 B 180','2017款',1,1,242000,242000);
insert into t_car_model(cm_id , cs_id , cm_name,cm_type ,cm_order , cm_state , cm_min_price , cm_max_price) values(30812,398,'2017款 B 200 动感型','2017款',2,1,262000,262000);
insert into t_car_model(cm_id , cs_id , cm_name,cm_type ,cm_order , cm_state , cm_min_price , cm_max_price) values(30813,398,'2017款 B 200 时尚型','2017款',3,1,282000,282000);
insert into t_car_model(cm_id , cs_id , cm_name,cm_type ,cm_order , cm_state , cm_min_price , cm_max_price) values(30814,398,'2017款 B 200 豪华型','2017款',4,1,305000,305000);
insert into t_car_model(cm_id , cs_id , cm_name,cm_type ,cm_order , cm_state , cm_min_price , cm_max_price) values(30980,398,'2017款 B 200 极地限量版','2017款',5,1,305500,305500);
insert into t_car_model(cm_id , cs_id , cm_name,cm_type ,cm_order , cm_state , cm_min_price , cm_max_price) values(30815,398,'2017款 B 260 运动型','2017款',6,1,368000,368000);
insert into t_car_model(cm_id , cs_id , cm_name,cm_type ,cm_order , cm_state , cm_min_price , cm_max_price) values(26468,398,'2016款 B 180','2016款',1,1,242000,242000);
insert into t_car_model(cm_id , cs_id , cm_name,cm_type ,cm_order , cm_state , cm_min_price , cm_max_price) values(27614,398,'2016款 B 200 臻藏版','2016款',2,1,292000,292000);
insert into t_car_model(cm_id , cs_id , cm_name,cm_type ,cm_order , cm_state , cm_min_price , cm_max_price) values(21448,398,'2015款 B 200 动感型','2015款',1,1,262000,262000);
insert into t_car_model(cm_id , cs_id , cm_name,cm_type ,cm_order , cm_state , cm_min_price , cm_max_price) values(21449,398,'2015款 B 200 时尚型','2015款',2,1,282000,282000);
insert into t_car_model(cm_id , cs_id , cm_name,cm_type ,cm_order , cm_state , cm_min_price , cm_max_price) values(21450,398,'2015款 B 200 豪华型','2015款',3,1,305000,305000);
insert into t_car_model(cm_id , cs_id , cm_name,cm_type ,cm_order , cm_state , cm_min_price , cm_max_price) values(21451,398,'2015款 B 260 运动型','2015款',4,1,368000,368000);
insert into t_car_model(cm_id , cs_id , cm_name,cm_type ,cm_order , cm_state , cm_min_price , cm_max_price) values(16494,398,'2013款 B 260','2013款',1,1,368000,368000);
insert into t_car_model(cm_id , cs_id , cm_name,cm_type ,cm_order , cm_state , cm_min_price , cm_max_price) values(13671,398,'2012款 B 180','2012款',1,1,278000,278000);
insert into t_car_model(cm_id , cs_id , cm_name,cm_type ,cm_order , cm_state , cm_min_price , cm_max_price) values(10725,398,'2012款 B 200','2012款',2,1,318000,318000);
insert into t_car_model(cm_id , cs_id , cm_name,cm_type ,cm_order , cm_state , cm_min_price , cm_max_price) values(1405,398,'2009款 B 200 动感型','2009款',1,1,288000,288000);
insert into t_car_model(cm_id , cs_id , cm_name,cm_type ,cm_order , cm_state , cm_min_price , cm_max_price) values(4716,398,'2009款 B 200 时尚型','2009款',2,1,319000,319000);
insert into t_car_model(cm_id , cs_id , cm_name,cm_type ,cm_order , cm_state , cm_min_price , cm_max_price) values(7114,398,'2009款 B 200 豪华型','2009款',3,1,358000,358000);
insert into t_car_series(cs_id,cbf_id,cs_name,cs_order,cs_letter) values(2966,47,'奔驰CLA',546,'B');
insert into t_car_model(cm_id , cs_id , cm_name,cm_type ,cm_order , cm_state , cm_min_price , cm_max_price) values(53958,2966,'2022款 CLA 200','2022款',1,1,299800,299800);
insert into t_car_model(cm_id , cs_id , cm_name,cm_type ,cm_order , cm_state , cm_min_price , cm_max_price) values(53959,2966,'2022款 CLA 200 4MATIC','2022款',2,1,333700,333700);
insert into t_car_model(cm_id , cs_id , cm_name,cm_type ,cm_order , cm_state , cm_min_price , cm_max_price) values(53960,2966,'2022款 CLA 260 4MATIC','2022款',3,1,376100,376100);
insert into t_car_model(cm_id , cs_id , cm_name,cm_type ,cm_order , cm_state , cm_min_price , cm_max_price) values(53961,2966,'2022款 CLA 200 猎跑车','2022款',4,1,299800,299800);
insert into t_car_model(cm_id , cs_id , cm_name,cm_type ,cm_order , cm_state , cm_min_price , cm_max_price) values(53962,2966,'2022款 CLA 260 4MATIC 猎跑车','2022款',5,1,379100,379100);
insert into t_car_model(cm_id , cs_id , cm_name,cm_type ,cm_order , cm_state , cm_min_price , cm_max_price) values(50295,2966,'2021款 CLA 200','2021款',1,1,299800,299800);
insert into t_car_model(cm_id , cs_id , cm_name,cm_type ,cm_order , cm_state , cm_min_price , cm_max_price) values(50297,2966,'2021款 CLA 200 4MATIC','2021款',2,1,337800,337800);
insert into t_car_model(cm_id , cs_id , cm_name,cm_type ,cm_order , cm_state , cm_min_price , cm_max_price) values(50298,2966,'2021款 CLA 260 4MATIC','2021款',3,1,382800,382800);
insert into t_car_model(cm_id , cs_id , cm_name,cm_type ,cm_order , cm_state , cm_min_price , cm_max_price) values(50299,2966,'2021款 CLA 200 猎跑车','2021款',4,1,299800,299800);
insert into t_car_model(cm_id , cs_id , cm_name,cm_type ,cm_order , cm_state , cm_min_price , cm_max_price) values(50300,2966,'2021款 CLA 260 4MATIC 猎跑车','2021款',5,1,385800,385800);
insert into t_car_model(cm_id , cs_id , cm_name,cm_type ,cm_order , cm_state , cm_min_price , cm_max_price) values(46768,2966,'2020款 CLA 200','2020款',1,1,299800,299800);
insert into t_car_model(cm_id , cs_id , cm_name,cm_type ,cm_order , cm_state , cm_min_price , cm_max_price) values(46769,2966,'2020款 CLA 260 4MATIC','2020款',2,1,378800,378800);
insert into t_car_model(cm_id , cs_id , cm_name,cm_type ,cm_order , cm_state , cm_min_price , cm_max_price) values(46770,2966,'2020款 CLA 200 猎跑车','2020款',3,1,299800,299800);
insert into t_car_model(cm_id , cs_id , cm_name,cm_type ,cm_order , cm_state , cm_min_price , cm_max_price) values(46771,2966,'2020款 CLA 260 4MATIC 猎跑车','2020款',4,1,381800,381800);
insert into t_car_model(cm_id , cs_id , cm_name,cm_type ,cm_order , cm_state , cm_min_price , cm_max_price) values(35832,2966,'2019款 CLA 180','2019款',1,1,232800,232800);
insert into t_car_model(cm_id , cs_id , cm_name,cm_type ,cm_order , cm_state , cm_min_price , cm_max_price) values(35833,2966,'2019款 CLA 200 动感型','2019款',2,1,250800,250800);
insert into t_car_model(cm_id , cs_id , cm_name,cm_type ,cm_order , cm_state , cm_min_price , cm_max_price) values(35834,2966,'2019款 CLA 200 时尚型','2019款',3,1,268800,268800);
insert into t_car_model(cm_id , cs_id , cm_name,cm_type ,cm_order , cm_state , cm_min_price , cm_max_price) values(35822,2966,'2019款 CLA 200 暗夜特别版','2019款',4,1,275800,275800);
insert into t_car_model(cm_id , cs_id , cm_name,cm_type ,cm_order , cm_state , cm_min_price , cm_max_price) values(35835,2966,'2019款 CLA 220 4MATIC','2019款',5,1,299800,299800);
insert into t_car_model(cm_id , cs_id , cm_name,cm_type ,cm_order , cm_state , cm_min_price , cm_max_price) values(35836,2966,'2019款 CLA 260 4MATIC','2019款',6,1,351800,351800);
insert into t_car_model(cm_id , cs_id , cm_name,cm_type ,cm_order , cm_state , cm_min_price , cm_max_price) values(34097,2966,'2018款 CLA 180','2018款',1,1,237800,237800);
insert into t_car_model(cm_id , cs_id , cm_name,cm_type ,cm_order , cm_state , cm_min_price , cm_max_price) values(34098,2966,'2018款 CLA 200 动感型','2018款',2,1,256800,256800);
insert into t_car_model(cm_id , cs_id , cm_name,cm_type ,cm_order , cm_state , cm_min_price , cm_max_price) values(34099,2966,'2018款 CLA 200 时尚型','2018款',3,1,274800,274800);
insert into t_car_model(cm_id , cs_id , cm_name,cm_type ,cm_order , cm_state , cm_min_price , cm_max_price) values(34100,2966,'2018款 CLA 220 4MATIC','2018款',4,1,306800,306800);
insert into t_car_model(cm_id , cs_id , cm_name,cm_type ,cm_order , cm_state , cm_min_price , cm_max_price) values(34101,2966,'2018款 CLA 260 4MATIC','2018款',5,1,359800,359800);
insert into t_car_model(cm_id , cs_id , cm_name,cm_type ,cm_order , cm_state , cm_min_price , cm_max_price) values(28846,2966,'2017款 CLA 180','2017款',1,1,247000,247000);
insert into t_car_model(cm_id , cs_id , cm_name,cm_type ,cm_order , cm_state , cm_min_price , cm_max_price) values(28847,2966,'2017款 CLA 200 动感型','2017款',2,1,267000,267000);
insert into t_car_model(cm_id , cs_id , cm_name,cm_type ,cm_order , cm_state , cm_min_price , cm_max_price) values(28848,2966,'2017款 CLA 200 时尚型','2017款',3,1,287000,287000);
insert into t_car_model(cm_id , cs_id , cm_name,cm_type ,cm_order , cm_state , cm_min_price , cm_max_price) values(28849,2966,'2017款 CLA 220 4MATIC','2017款',4,1,319000,319000);
insert into t_car_model(cm_id , cs_id , cm_name,cm_type ,cm_order , cm_state , cm_min_price , cm_max_price) values(28850,2966,'2017款 CLA 260 4MATIC','2017款',5,1,378000,378000);
insert into t_car_model(cm_id , cs_id , cm_name,cm_type ,cm_order , cm_state , cm_min_price , cm_max_price) values(30804,2966,'2017款 改款 CLA 180','2017款',6,1,249000,249000);
insert into t_car_model(cm_id , cs_id , cm_name,cm_type ,cm_order , cm_state , cm_min_price , cm_max_price) values(30805,2966,'2017款 改款 CLA 200 动感型','2017款',7,1,269000,269000);
insert into t_car_model(cm_id , cs_id , cm_name,cm_type ,cm_order , cm_state , cm_min_price , cm_max_price) values(30806,2966,'2017款 改款 CLA 200 时尚型','2017款',8,1,289000,289000);
insert into t_car_model(cm_id , cs_id , cm_name,cm_type ,cm_order , cm_state , cm_min_price , cm_max_price) values(30807,2966,'2017款 改款 CLA 220 4MATIC','2017款',9,1,319000,319000);
insert into t_car_model(cm_id , cs_id , cm_name,cm_type ,cm_order , cm_state , cm_min_price , cm_max_price) values(30217,2966,'2017款 CLA 220 4MATIC 极地限量版','2017款',10,1,340000,340000);
insert into t_car_model(cm_id , cs_id , cm_name,cm_type ,cm_order , cm_state , cm_min_price , cm_max_price) values(30808,2966,'2017款 改款 CLA 260 4MATIC','2017款',11,1,379000,379000);
insert into t_car_model(cm_id , cs_id , cm_name,cm_type ,cm_order , cm_state , cm_min_price , cm_max_price) values(24871,2966,'2016款 CLA 200 动感型','2016款',1,1,266000,266000);
insert into t_car_model(cm_id , cs_id , cm_name,cm_type ,cm_order , cm_state , cm_min_price , cm_max_price) values(24874,2966,'2016款 CLA 200 时尚型','2016款',2,1,286000,286000);
insert into t_car_model(cm_id , cs_id , cm_name,cm_type ,cm_order , cm_state , cm_min_price , cm_max_price) values(24875,2966,'2016款 CLA 220 4MATIC','2016款',3,1,318000,318000);
insert into t_car_model(cm_id , cs_id , cm_name,cm_type ,cm_order , cm_state , cm_min_price , cm_max_price) values(24876,2966,'2016款 CLA 260 4MATIC','2016款',4,1,378000,378000);
insert into t_car_model(cm_id , cs_id , cm_name,cm_type ,cm_order , cm_state , cm_min_price , cm_max_price) values(27598,2966,'2016款 改款 CLA 200 动感型','2016款',5,1,267000,267000);
insert into t_car_model(cm_id , cs_id , cm_name,cm_type ,cm_order , cm_state , cm_min_price , cm_max_price) values(27599,2966,'2016款 改款 CLA 200 时尚型','2016款',6,1,287000,287000);
insert into t_car_model(cm_id , cs_id , cm_name,cm_type ,cm_order , cm_state , cm_min_price , cm_max_price) values(27600,2966,'2016款 改款 CLA 220 4MATIC','2016款',7,1,319000,319000);
insert into t_car_model(cm_id , cs_id , cm_name,cm_type ,cm_order , cm_state , cm_min_price , cm_max_price) values(27601,2966,'2016款 改款 CLA 260 4MATIC','2016款',8,1,378000,378000);
insert into t_car_model(cm_id , cs_id , cm_name,cm_type ,cm_order , cm_state , cm_min_price , cm_max_price) values(21578,2966,'2015款 CLA 200','2015款',1,1,286000,286000);
insert into t_car_model(cm_id , cs_id , cm_name,cm_type ,cm_order , cm_state , cm_min_price , cm_max_price) values(21579,2966,'2015款 CLA 220 4MATIC','2015款',2,1,318000,318000);
insert into t_car_model(cm_id , cs_id , cm_name,cm_type ,cm_order , cm_state , cm_min_price , cm_max_price) values(18711,2966,'2014款 CLA 260 4MATIC','2014款',1,1,378000,378000);
insert into t_car_series(cs_id,cbf_id,cs_name,cs_order,cs_letter) values(56,47,'奔驰C级(进口)',547,'B');
insert into t_car_model(cm_id , cs_id , cm_name,cm_type ,cm_order , cm_state , cm_min_price , cm_max_price) values(55314,56,'2022款 改款 C 200 轿跑车','2022款',1,1,346800,346800);
insert into t_car_model(cm_id , cs_id , cm_name,cm_type ,cm_order , cm_state , cm_min_price , cm_max_price) values(55315,56,'2022款 改款 C 260 轿跑车','2022款',2,1,380000,380000);
insert into t_car_model(cm_id , cs_id , cm_name,cm_type ,cm_order , cm_state , cm_min_price , cm_max_price) values(54886,56,'2022款 C 200 轿跑车','2022款',3,1,346800,346800);
insert into t_car_model(cm_id , cs_id , cm_name,cm_type ,cm_order , cm_state , cm_min_price , cm_max_price) values(54882,56,'2022款 C 260 轿跑车','2022款',4,1,365000,365000);
insert into t_car_model(cm_id , cs_id , cm_name,cm_type ,cm_order , cm_state , cm_min_price , cm_max_price) values(48538,56,'2021款 C 200 轿跑车','2021款',1,1,346800,346800);
insert into t_car_model(cm_id , cs_id , cm_name,cm_type ,cm_order , cm_state , cm_min_price , cm_max_price) values(48539,56,'2021款 C 260 轿跑车','2021款',2,1,366800,366800);
insert into t_car_model(cm_id , cs_id , cm_name,cm_type ,cm_order , cm_state , cm_min_price , cm_max_price) values(46540,56,'2020款 改款 C 200 旅行轿车','2020款',1,1,360800,360800);
insert into t_car_model(cm_id , cs_id , cm_name,cm_type ,cm_order , cm_state , cm_min_price , cm_max_price) values(46536,56,'2020款 改款 C 260 旅行轿车','2020款',2,1,392800,392800);
insert into t_car_model(cm_id , cs_id , cm_name,cm_type ,cm_order , cm_state , cm_min_price , cm_max_price) values(42961,56,'2020款 C 200 旅行轿车','2020款',3,1,360800,360800);
insert into t_car_model(cm_id , cs_id , cm_name,cm_type ,cm_order , cm_state , cm_min_price , cm_max_price) values(42500,56,'2020款 C 260 旅行轿车','2020款',4,1,390800,390800);
insert into t_car_model(cm_id , cs_id , cm_name,cm_type ,cm_order , cm_state , cm_min_price , cm_max_price) values(42962,56,'2020款 C 260 4MATIC 旅行轿车','2020款',5,1,445800,445800);
insert into t_car_model(cm_id , cs_id , cm_name,cm_type ,cm_order , cm_state , cm_min_price , cm_max_price) values(42955,56,'2020款 C 200 轿跑车','2020款',6,1,346800,346800);
insert into t_car_model(cm_id , cs_id , cm_name,cm_type ,cm_order , cm_state , cm_min_price , cm_max_price) values(42956,56,'2020款 C 260 轿跑车','2020款',7,1,360800,360800);
insert into t_car_model(cm_id , cs_id , cm_name,cm_type ,cm_order , cm_state , cm_min_price , cm_max_price) values(42957,56,'2020款 C 260 4MATIC 轿跑车','2020款',8,1,395800,395800);
insert into t_car_model(cm_id , cs_id , cm_name,cm_type ,cm_order , cm_state , cm_min_price , cm_max_price) values(42958,56,'2020款 C 300 轿跑车','2020款',9,1,459800,459800);
insert into t_car_model(cm_id , cs_id , cm_name,cm_type ,cm_order , cm_state , cm_min_price , cm_max_price) values(36886,56,'2019款 C 260 轿跑车','2019款',1,1,360800,360800);
insert into t_car_model(cm_id , cs_id , cm_name,cm_type ,cm_order , cm_state , cm_min_price , cm_max_price) values(36888,56,'2019款 C 260 4MATIC 轿跑车','2019款',2,1,395800,395800);
insert into t_car_model(cm_id , cs_id , cm_name,cm_type ,cm_order , cm_state , cm_min_price , cm_max_price) values(36889,56,'2019款 C 300 轿跑车','2019款',3,1,459800,459800);
insert into t_car_model(cm_id , cs_id , cm_name,cm_type ,cm_order , cm_state , cm_min_price , cm_max_price) values(36890,56,'2019款 C 180 旅行轿车','2019款',4,1,355800,355800);
insert into t_car_model(cm_id , cs_id , cm_name,cm_type ,cm_order , cm_state , cm_min_price , cm_max_price) values(36891,56,'2019款 C 260 旅行轿车','2019款',5,1,390800,390800);
insert into t_car_model(cm_id , cs_id , cm_name,cm_type ,cm_order , cm_state , cm_min_price , cm_max_price) values(36892,56,'2019款 C 260 4MATIC 旅行轿车','2019款',6,1,445800,445800);
insert into t_car_model(cm_id , cs_id , cm_name,cm_type ,cm_order , cm_state , cm_min_price , cm_max_price) values(36893,56,'2019款 C 300 旅行轿车','2019款',7,1,526800,526800);
insert into t_car_model(cm_id , cs_id , cm_name,cm_type ,cm_order , cm_state , cm_min_price , cm_max_price) values(32666,56,'2018款 C 180 旅行轿车','2018款',1,1,358800,358800);
insert into t_car_model(cm_id , cs_id , cm_name,cm_type ,cm_order , cm_state , cm_min_price , cm_max_price) values(32667,56,'2018款 C 200 旅行轿车','2018款',2,1,388800,388800);
insert into t_car_model(cm_id , cs_id , cm_name,cm_type ,cm_order , cm_state , cm_min_price , cm_max_price) values(32668,56,'2018款 C 200 4MATIC 旅行轿车','2018款',3,1,452800,452800);
insert into t_car_model(cm_id , cs_id , cm_name,cm_type ,cm_order , cm_state , cm_min_price , cm_max_price) values(32669,56,'2018款 C 300 旅行轿车','2018款',4,1,528800,528800);
insert into t_car_model(cm_id , cs_id , cm_name,cm_type ,cm_order , cm_state , cm_min_price , cm_max_price) values(32670,56,'2018款 C 200 轿跑车','2018款',5,1,358800,358800);
insert into t_car_model(cm_id , cs_id , cm_name,cm_type ,cm_order , cm_state , cm_min_price , cm_max_price) values(32671,56,'2018款 C 200 4MATIC 轿跑车','2018款',6,1,396800,396800);
insert into t_car_model(cm_id , cs_id , cm_name,cm_type ,cm_order , cm_state , cm_min_price , cm_max_price) values(31549,56,'2018款 C 300 轿跑璨夜特别版','2018款',7,1,468800,468800);
insert into t_car_model(cm_id , cs_id , cm_name,cm_type ,cm_order , cm_state , cm_min_price , cm_max_price) values(28851,56,'2017款 C 180 旅行轿车','2017款',1,1,383000,383000);
insert into t_car_model(cm_id , cs_id , cm_name,cm_type ,cm_order , cm_state , cm_min_price , cm_max_price) values(28852,56,'2017款 C 200 旅行轿车','2017款',2,1,419000,419000);
insert into t_car_model(cm_id , cs_id , cm_name,cm_type ,cm_order , cm_state , cm_min_price , cm_max_price) values(28853,56,'2017款 C 200 4MATIC 旅行轿车','2017款',3,1,489000,489000);
insert into t_car_model(cm_id , cs_id , cm_name,cm_type ,cm_order , cm_state , cm_min_price , cm_max_price) values(28854,56,'2017款 C 300 旅行轿车','2017款',4,1,570000,570000);
insert into t_car_model(cm_id , cs_id , cm_name,cm_type ,cm_order , cm_state , cm_min_price , cm_max_price) values(28855,56,'2017款 C 200 轿跑版','2017款',5,1,382800,382800);
insert into t_car_model(cm_id , cs_id , cm_name,cm_type ,cm_order , cm_state , cm_min_price , cm_max_price) values(28856,56,'2017款 C 200 4MATIC 轿跑版','2017款',6,1,421800,421800);
insert into t_car_model(cm_id , cs_id , cm_name,cm_type ,cm_order , cm_state , cm_min_price , cm_max_price) values(28857,56,'2017款 C 300 轿跑版','2017款',7,1,488800,488800);
insert into t_car_model(cm_id , cs_id , cm_name,cm_type ,cm_order , cm_state , cm_min_price , cm_max_price) values(30371,56,'2017款 改款 C 200 轿跑版','2017款',8,1,382800,382800);
insert into t_car_model(cm_id , cs_id , cm_name,cm_type ,cm_order , cm_state , cm_min_price , cm_max_price) values(30372,56,'2017款 改款 C 300 轿跑版','2017款',9,1,488800,488800);
insert into t_car_model(cm_id , cs_id , cm_name,cm_type ,cm_order , cm_state , cm_min_price , cm_max_price) values(30373,56,'2017款 改款 C 180 旅行轿车','2017款',10,1,383000,383000);
insert into t_car_model(cm_id , cs_id , cm_name,cm_type ,cm_order , cm_state , cm_min_price , cm_max_price) values(30374,56,'2017款 改款 C 200 旅行轿车','2017款',11,1,419000,419000);
insert into t_car_model(cm_id , cs_id , cm_name,cm_type ,cm_order , cm_state , cm_min_price , cm_max_price) values(30375,56,'2017款 改款 C 200 4MATIC 旅行轿车','2017款',12,1,489000,489000);
insert into t_car_model(cm_id , cs_id , cm_name,cm_type ,cm_order , cm_state , cm_min_price , cm_max_price) values(30376,56,'2017款 改款 C 300 旅行轿车','2017款',13,1,570000,570000);
insert into t_car_model(cm_id , cs_id , cm_name,cm_type ,cm_order , cm_state , cm_min_price , cm_max_price) values(25855,56,'2016款 C 200 轿跑版','2016款',1,1,382800,382800);
insert into t_car_model(cm_id , cs_id , cm_name,cm_type ,cm_order , cm_state , cm_min_price , cm_max_price) values(27563,56,'2016款 C 200 4MATIC 轿跑版','2016款',2,1,421800,421800);
insert into t_car_model(cm_id , cs_id , cm_name,cm_type ,cm_order , cm_state , cm_min_price , cm_max_price) values(23520,56,'2016款 C 300 轿跑版','2016款',3,1,488800,488800);
insert into t_car_model(cm_id , cs_id , cm_name,cm_type ,cm_order , cm_state , cm_min_price , cm_max_price) values(25147,56,'2016款 C 180 旅行轿车','2016款',4,1,383000,383000);
insert into t_car_model(cm_id , cs_id , cm_name,cm_type ,cm_order , cm_state , cm_min_price , cm_max_price) values(24460,56,'2016款 C 200 4MATIC 旅行轿车','2016款',5,1,489000,489000);
insert into t_car_model(cm_id , cs_id , cm_name,cm_type ,cm_order , cm_state , cm_min_price , cm_max_price) values(24746,56,'2016款 C 300 旅行轿车','2016款',6,1,570000,570000);
insert into t_car_model(cm_id , cs_id , cm_name,cm_type ,cm_order , cm_state , cm_min_price , cm_max_price) values(22582,56,'2015款 C 200 旅行轿车','2015款',1,1,419000,419000);
insert into t_car_model(cm_id , cs_id , cm_name,cm_type ,cm_order , cm_state , cm_min_price , cm_max_price) values(18055,56,'2014款 C 200','2014款',1,1,0,0);
insert into t_car_model(cm_id , cs_id , cm_name,cm_type ,cm_order , cm_state , cm_min_price , cm_max_price) values(17269,56,'2014款 C 250','2014款',2,1,0,0);
insert into t_car_model(cm_id , cs_id , cm_name,cm_type ,cm_order , cm_state , cm_min_price , cm_max_price) values(15835,56,'2013款 C 180 轿跑版','2013款',1,1,368000,368000);
insert into t_car_model(cm_id , cs_id , cm_name,cm_type ,cm_order , cm_state , cm_min_price , cm_max_price) values(10304,56,'2011款 C 200 时尚旅行版','2011款',1,1,425000,425000);
insert into t_car_model(cm_id , cs_id , cm_name,cm_type ,cm_order , cm_state , cm_min_price , cm_max_price) values(9239,56,'2011款 C 200 豪华运动旅行版','2011款',2,1,485000,485000);
insert into t_car_model(cm_id , cs_id , cm_name,cm_type ,cm_order , cm_state , cm_min_price , cm_max_price) values(7578,56,'2010款 C 200 CGI旅行版','2010款',1,1,430000,430000);
insert into t_car_model(cm_id , cs_id , cm_name,cm_type ,cm_order , cm_state , cm_min_price , cm_max_price) values(7902,56,'2010款 C 300 旅行版','2010款',2,1,548000,548000);
insert into t_car_model(cm_id , cs_id , cm_name,cm_type ,cm_order , cm_state , cm_min_price , cm_max_price) values(2784,56,'2008款 C 180K','2008款',1,1,370000,370000);
insert into t_car_model(cm_id , cs_id , cm_name,cm_type ,cm_order , cm_state , cm_min_price , cm_max_price) values(2796,56,'2008款 C 230','2008款',2,1,470000,470000);
insert into t_car_model(cm_id , cs_id , cm_name,cm_type ,cm_order , cm_state , cm_min_price , cm_max_price) values(2798,56,'2008款 C 350','2008款',3,1,650000,650000);
insert into t_car_model(cm_id , cs_id , cm_name,cm_type ,cm_order , cm_state , cm_min_price , cm_max_price) values(3411,56,'2007款 C 200K 优雅型','2007款',1,1,398000,398000);
insert into t_car_model(cm_id , cs_id , cm_name,cm_type ,cm_order , cm_state , cm_min_price , cm_max_price) values(2795,56,'2007款 C 200K 时尚型','2007款',2,1,395000,395000);
insert into t_car_model(cm_id , cs_id , cm_name,cm_type ,cm_order , cm_state , cm_min_price , cm_max_price) values(2797,56,'2007款 C 280 时尚型','2007款',3,1,497000,497000);
insert into t_car_model(cm_id , cs_id , cm_name,cm_type ,cm_order , cm_state , cm_min_price , cm_max_price) values(2183,56,'2006款 C 230 优雅型','2006款',1,1,458000,458000);
insert into t_car_model(cm_id , cs_id , cm_name,cm_type ,cm_order , cm_state , cm_min_price , cm_max_price) values(2173,56,'2006款 C 230 时尚型','2006款',2,1,458000,458000);
insert into t_car_model(cm_id , cs_id , cm_name,cm_type ,cm_order , cm_state , cm_min_price , cm_max_price) values(2172,56,'2006款 C 200K Coupe','2006款',3,1,398000,398000);
insert into t_car_model(cm_id , cs_id , cm_name,cm_type ,cm_order , cm_state , cm_min_price , cm_max_price) values(1286,56,'2005款 C 200K Coupe','2005款',1,1,560000,560000);
insert into t_car_model(cm_id , cs_id , cm_name,cm_type ,cm_order , cm_state , cm_min_price , cm_max_price) values(961,56,'2004款 C 200K','2004款',1,1,398000,398000);
insert into t_car_series(cs_id,cbf_id,cs_name,cs_order,cs_letter) values(450,47,'奔驰E级(进口)',548,'B');
insert into t_car_model(cm_id , cs_id , cm_name,cm_type ,cm_order , cm_state , cm_min_price , cm_max_price) values(54519,450,'2021款 改款 E 260 轿跑车','2021款',1,1,524800,524800);
insert into t_car_model(cm_id , cs_id , cm_name,cm_type ,cm_order , cm_state , cm_min_price , cm_max_price) values(54520,450,'2021款 改款 E 260 4MATIC 轿跑车','2021款',2,1,550800,550800);
insert into t_car_model(cm_id , cs_id , cm_name,cm_type ,cm_order , cm_state , cm_min_price , cm_max_price) values(54521,450,'2021款 改款 E 300 轿跑车','2021款',3,1,598200,598200);
insert into t_car_model(cm_id , cs_id , cm_name,cm_type ,cm_order , cm_state , cm_min_price , cm_max_price) values(54522,450,'2021款 改款 E 260 敞篷轿跑车','2021款',4,1,636800,636800);
insert into t_car_model(cm_id , cs_id , cm_name,cm_type ,cm_order , cm_state , cm_min_price , cm_max_price) values(54523,450,'2021款 改款 E 260 4MATIC 敞篷轿跑车','2021款',5,1,656800,656800);
insert into t_car_model(cm_id , cs_id , cm_name,cm_type ,cm_order , cm_state , cm_min_price , cm_max_price) values(50392,450,'2021款 改款 E 260 时尚型运动版','2021款',6,1,442800,442800);
insert into t_car_model(cm_id , cs_id , cm_name,cm_type ,cm_order , cm_state , cm_min_price , cm_max_price) values(50393,450,'2021款 改款 E 260 豪华型运动版','2021款',7,1,468800,468800);
insert into t_car_model(cm_id , cs_id , cm_name,cm_type ,cm_order , cm_state , cm_min_price , cm_max_price) values(50394,450,'2021款 改款 E 300 运动版','2021款',8,1,528800,528800);
insert into t_car_model(cm_id , cs_id , cm_name,cm_type ,cm_order , cm_state , cm_min_price , cm_max_price) values(48941,450,'2021款 E 260 时尚型运动版','2021款',9,1,438800,438800);
insert into t_car_model(cm_id , cs_id , cm_name,cm_type ,cm_order , cm_state , cm_min_price , cm_max_price) values(48782,450,'2021款 E 260 豪华型运动版','2021款',10,1,464800,464800);
insert into t_car_model(cm_id , cs_id , cm_name,cm_type ,cm_order , cm_state , cm_min_price , cm_max_price) values(48050,450,'2021款 E 300 运动版','2021款',11,1,528800,528800);
insert into t_car_model(cm_id , cs_id , cm_name,cm_type ,cm_order , cm_state , cm_min_price , cm_max_price) values(48738,450,'2021款 E 260 轿跑车','2021款',12,1,524800,524800);
insert into t_car_model(cm_id , cs_id , cm_name,cm_type ,cm_order , cm_state , cm_min_price , cm_max_price) values(48739,450,'2021款 E 260 4MATIC 轿跑车','2021款',13,1,550800,550800);
insert into t_car_model(cm_id , cs_id , cm_name,cm_type ,cm_order , cm_state , cm_min_price , cm_max_price) values(48558,450,'2021款 E 300 轿跑车','2021款',14,1,598800,598800);
insert into t_car_model(cm_id , cs_id , cm_name,cm_type ,cm_order , cm_state , cm_min_price , cm_max_price) values(48559,450,'2021款 E 260 敞篷轿跑车','2021款',15,1,636800,636800);
insert into t_car_model(cm_id , cs_id , cm_name,cm_type ,cm_order , cm_state , cm_min_price , cm_max_price) values(48733,450,'2021款 E 260 4MATIC 敞篷轿跑车','2021款',16,1,656800,656800);
insert into t_car_model(cm_id , cs_id , cm_name,cm_type ,cm_order , cm_state , cm_min_price , cm_max_price) values(42437,450,'2020款 E 260 运动版','2020款',1,1,442800,442800);
insert into t_car_model(cm_id , cs_id , cm_name,cm_type ,cm_order , cm_state , cm_min_price , cm_max_price) values(45719,450,'2020款 改款 E 260 运动版','2020款',2,1,425800,425800);
insert into t_car_model(cm_id , cs_id , cm_name,cm_type ,cm_order , cm_state , cm_min_price , cm_max_price) values(42704,450,'2020款 E 260 运动版 4MATIC','2020款',3,1,463800,463800);
insert into t_car_model(cm_id , cs_id , cm_name,cm_type ,cm_order , cm_state , cm_min_price , cm_max_price) values(42705,450,'2020款 E 300 运动版','2020款',4,1,499800,499800);
insert into t_car_model(cm_id , cs_id , cm_name,cm_type ,cm_order , cm_state , cm_min_price , cm_max_price) values(43281,450,'2020款 E 260 轿跑车','2020款',5,1,521800,521800);
insert into t_car_model(cm_id , cs_id , cm_name,cm_type ,cm_order , cm_state , cm_min_price , cm_max_price) values(43282,450,'2020款 E 260 4MATIC 轿跑车','2020款',6,1,547800,547800);
insert into t_car_model(cm_id , cs_id , cm_name,cm_type ,cm_order , cm_state , cm_min_price , cm_max_price) values(43283,450,'2020款 E 300 轿跑车','2020款',7,1,595800,595800);
insert into t_car_model(cm_id , cs_id , cm_name,cm_type ,cm_order , cm_state , cm_min_price , cm_max_price) values(43284,450,'2020款 E 350 4MATIC 轿跑车','2020款',8,1,689800,689800);
insert into t_car_model(cm_id , cs_id , cm_name,cm_type ,cm_order , cm_state , cm_min_price , cm_max_price) values(43285,450,'2020款 E 260 敞篷轿跑车','2020款',9,1,633800,633800);
insert into t_car_model(cm_id , cs_id , cm_name,cm_type ,cm_order , cm_state , cm_min_price , cm_max_price) values(43286,450,'2020款 E 260 4MATIC 敞篷轿跑车','2020款',10,1,653800,653800);
insert into t_car_model(cm_id , cs_id , cm_name,cm_type ,cm_order , cm_state , cm_min_price , cm_max_price) values(43287,450,'2020款 E 300 敞篷轿跑车','2020款',11,1,707800,707800);
insert into t_car_model(cm_id , cs_id , cm_name,cm_type ,cm_order , cm_state , cm_min_price , cm_max_price) values(35709,450,'2019款 E 300 运动型','2019款',1,1,516800,516800);
insert into t_car_model(cm_id , cs_id , cm_name,cm_type ,cm_order , cm_state , cm_min_price , cm_max_price) values(35708,450,'2019款 E 200 运动型 4MATIC','2019款',2,1,474800,474800);
insert into t_car_model(cm_id , cs_id , cm_name,cm_type ,cm_order , cm_state , cm_min_price , cm_max_price) values(35707,450,'2019款 E 200 运动型','2019款',3,1,453800,453800);
insert into t_car_model(cm_id , cs_id , cm_name,cm_type ,cm_order , cm_state , cm_min_price , cm_max_price) values(38297,450,'2019款 改款 E 300 运动版','2019款',4,1,504800,504800);
insert into t_car_model(cm_id , cs_id , cm_name,cm_type ,cm_order , cm_state , cm_min_price , cm_max_price) values(38295,450,'2019款 E 260 运动版','2019款',5,1,442800,442800);
insert into t_car_model(cm_id , cs_id , cm_name,cm_type ,cm_order , cm_state , cm_min_price , cm_max_price) values(38296,450,'2019款 E 260 运动版 4MATIC','2019款',6,1,463800,463800);
insert into t_car_model(cm_id , cs_id , cm_name,cm_type ,cm_order , cm_state , cm_min_price , cm_max_price) values(36098,450,'2019款 E 350 4MATIC 轿跑车','2019款',7,1,668800,668800);
insert into t_car_model(cm_id , cs_id , cm_name,cm_type ,cm_order , cm_state , cm_min_price , cm_max_price) values(35803,450,'2019款 E 300 轿跑车','2019款',8,1,590800,590800);
insert into t_car_model(cm_id , cs_id , cm_name,cm_type ,cm_order , cm_state , cm_min_price , cm_max_price) values(35802,450,'2019款 E 200 4MATIC 轿跑车','2019款',9,1,542800,542800);
insert into t_car_model(cm_id , cs_id , cm_name,cm_type ,cm_order , cm_state , cm_min_price , cm_max_price) values(35801,450,'2019款 E 200 轿跑车','2019款',10,1,516800,516800);
insert into t_car_model(cm_id , cs_id , cm_name,cm_type ,cm_order , cm_state , cm_min_price , cm_max_price) values(38298,450,'2019款 E 300 敞篷轿跑车','2019款',11,1,702800,702800);
insert into t_car_model(cm_id , cs_id , cm_name,cm_type ,cm_order , cm_state , cm_min_price , cm_max_price) values(34341,450,'2018款 E 300 轿跑车','2018款',1,1,598800,598800);
insert into t_car_model(cm_id , cs_id , cm_name,cm_type ,cm_order , cm_state , cm_min_price , cm_max_price) values(34340,450,'2018款 E 200 4MATIC 轿跑车','2018款',2,1,548800,548800);
insert into t_car_model(cm_id , cs_id , cm_name,cm_type ,cm_order , cm_state , cm_min_price , cm_max_price) values(34339,450,'2018款 E 200 轿跑车','2018款',3,1,522800,522800);
insert into t_car_model(cm_id , cs_id , cm_name,cm_type ,cm_order , cm_state , cm_min_price , cm_max_price) values(34613,450,'2018款 E 200 4MATIC 敞篷轿跑车','2018款',4,1,648800,648800);
insert into t_car_model(cm_id , cs_id , cm_name,cm_type ,cm_order , cm_state , cm_min_price , cm_max_price) values(34558,450,'2018款 E 200 敞篷轿跑车 先型特别版','2018款',5,1,658800,658800);
insert into t_car_model(cm_id , cs_id , cm_name,cm_type ,cm_order , cm_state , cm_min_price , cm_max_price) values(34612,450,'2018款 E 200 敞篷轿跑车','2018款',6,1,628800,628800);
insert into t_car_model(cm_id , cs_id , cm_name,cm_type ,cm_order , cm_state , cm_min_price , cm_max_price) values(30707,450,'2017款 E 300 轿跑车','2017款',1,1,642000,642000);
insert into t_car_model(cm_id , cs_id , cm_name,cm_type ,cm_order , cm_state , cm_min_price , cm_max_price) values(30693,450,'2017款 E 200 4MATIC 轿跑车','2017款',2,1,583000,583000);
insert into t_car_model(cm_id , cs_id , cm_name,cm_type ,cm_order , cm_state , cm_min_price , cm_max_price) values(30706,450,'2017款 E 200 轿跑车','2017款',3,1,558000,558000);
insert into t_car_model(cm_id , cs_id , cm_name,cm_type ,cm_order , cm_state , cm_min_price , cm_max_price) values(26962,450,'2016款 E 200 轿跑车 灵动版','2016款',1,1,530000,530000);
insert into t_car_model(cm_id , cs_id , cm_name,cm_type ,cm_order , cm_state , cm_min_price , cm_max_price) values(26963,450,'2016款 E 260 轿跑车 灵动版','2016款',2,1,599000,599000);
insert into t_car_model(cm_id , cs_id , cm_name,cm_type ,cm_order , cm_state , cm_min_price , cm_max_price) values(26964,450,'2016款 E 320 轿跑车 灵动版','2016款',3,1,693000,693000);
insert into t_car_model(cm_id , cs_id , cm_name,cm_type ,cm_order , cm_state , cm_min_price , cm_max_price) values(26965,450,'2016款 E 400 轿跑车 灵动版','2016款',4,1,743000,743000);
insert into t_car_model(cm_id , cs_id , cm_name,cm_type ,cm_order , cm_state , cm_min_price , cm_max_price) values(27620,450,'2016款 E 400 敞篷轿跑车 灵动版','2016款',5,1,846000,846000);
insert into t_car_model(cm_id , cs_id , cm_name,cm_type ,cm_order , cm_state , cm_min_price , cm_max_price) values(27621,450,'2016款 E 260 敞篷轿跑车 灵动版','2016款',6,1,713000,713000);
insert into t_car_model(cm_id , cs_id , cm_name,cm_type ,cm_order , cm_state , cm_min_price , cm_max_price) values(18051,450,'2014款 E 200 轿跑版','2014款',1,1,530000,530000);
insert into t_car_model(cm_id , cs_id , cm_name,cm_type ,cm_order , cm_state , cm_min_price , cm_max_price) values(18018,450,'2014款 E 260 轿跑版','2014款',2,1,599000,599000);
insert into t_car_model(cm_id , cs_id , cm_name,cm_type ,cm_order , cm_state , cm_min_price , cm_max_price) values(18466,450,'2014款 E 320 轿跑版','2014款',3,1,693000,693000);
insert into t_car_model(cm_id , cs_id , cm_name,cm_type ,cm_order , cm_state , cm_min_price , cm_max_price) values(16143,450,'2014款 E 400 轿跑版','2014款',4,1,743000,743000);
insert into t_car_model(cm_id , cs_id , cm_name,cm_type ,cm_order , cm_state , cm_min_price , cm_max_price) values(19179,450,'2014款 E 260 敞篷轿跑车','2014款',5,1,719000,719000);
insert into t_car_model(cm_id , cs_id , cm_name,cm_type ,cm_order , cm_state , cm_min_price , cm_max_price) values(19292,450,'2014款 E 400 敞篷轿跑车','2014款',6,1,853000,853000);
insert into t_car_model(cm_id , cs_id , cm_name,cm_type ,cm_order , cm_state , cm_min_price , cm_max_price) values(14003,450,'2012款 E 200 CGI Coupe','2012款',1,1,538000,538000);
insert into t_car_model(cm_id , cs_id , cm_name,cm_type ,cm_order , cm_state , cm_min_price , cm_max_price) values(14010,450,'2012款 E 260 CGI Coupe','2012款',2,1,618000,618000);
insert into t_car_model(cm_id , cs_id , cm_name,cm_type ,cm_order , cm_state , cm_min_price , cm_max_price) values(14011,450,'2012款 E 350 Coupe','2012款',3,1,768000,768000);
insert into t_car_model(cm_id , cs_id , cm_name,cm_type ,cm_order , cm_state , cm_min_price , cm_max_price) values(14361,450,'2012款 E 260 CGI 敞篷版','2012款',4,1,738000,738000);
insert into t_car_model(cm_id , cs_id , cm_name,cm_type ,cm_order , cm_state , cm_min_price , cm_max_price) values(11501,450,'2011款 E 260 CGI Coupe','2011款',1,1,618000,618000);
insert into t_car_model(cm_id , cs_id , cm_name,cm_type ,cm_order , cm_state , cm_min_price , cm_max_price) values(11502,450,'2011款 E 260 CGI 敞篷版','2011款',2,1,738000,738000);
insert into t_car_model(cm_id , cs_id , cm_name,cm_type ,cm_order , cm_state , cm_min_price , cm_max_price) values(13067,450,'2011款 E 350 CGI 敞篷版','2011款',3,1,898000,898000);
insert into t_car_model(cm_id , cs_id , cm_name,cm_type ,cm_order , cm_state , cm_min_price , cm_max_price) values(6538,450,'2010款 E 200 CGI 优雅型','2010款',1,1,488000,488000);
insert into t_car_model(cm_id , cs_id , cm_name,cm_type ,cm_order , cm_state , cm_min_price , cm_max_price) values(6540,450,'2010款 E 260 CGI 时尚型','2010款',2,1,548000,548000);
insert into t_car_model(cm_id , cs_id , cm_name,cm_type ,cm_order , cm_state , cm_min_price , cm_max_price) values(6856,450,'2010款 E 300 优雅型豪华版','2010款',3,1,698000,698000);
insert into t_car_model(cm_id , cs_id , cm_name,cm_type ,cm_order , cm_state , cm_min_price , cm_max_price) values(6857,450,'2010款 E 300 时尚型豪华版','2010款',4,1,698000,698000);
insert into t_car_model(cm_id , cs_id , cm_name,cm_type ,cm_order , cm_state , cm_min_price , cm_max_price) values(6541,450,'2010款 E 260 CGI Coupe','2010款',5,1,618000,618000);
insert into t_car_model(cm_id , cs_id , cm_name,cm_type ,cm_order , cm_state , cm_min_price , cm_max_price) values(8317,450,'2010款 E 260 CGI 敞篷版','2010款',6,1,738000,738000);
insert into t_car_model(cm_id , cs_id , cm_name,cm_type ,cm_order , cm_state , cm_min_price , cm_max_price) values(6737,450,'2010款 E 350 敞篷版','2010款',7,1,898000,898000);
insert into t_car_model(cm_id , cs_id , cm_name,cm_type ,cm_order , cm_state , cm_min_price , cm_max_price) values(5577,450,'2009款 E 300 优雅型','2009款',1,1,618000,618000);
insert into t_car_model(cm_id , cs_id , cm_name,cm_type ,cm_order , cm_state , cm_min_price , cm_max_price) values(5576,450,'2009款 E 300 时尚型','2009款',2,1,668000,668000);
insert into t_car_model(cm_id , cs_id , cm_name,cm_type ,cm_order , cm_state , cm_min_price , cm_max_price) values(4962,450,'2009款 E 350 Coupe','2009款',3,1,768000,768000);
insert into t_car_model(cm_id , cs_id , cm_name,cm_type ,cm_order , cm_state , cm_min_price , cm_max_price) values(2201,450,'2006款 E 350 时尚型','2006款',1,1,765000,765000);
insert into t_car_model(cm_id , cs_id , cm_name,cm_type ,cm_order , cm_state , cm_min_price , cm_max_price) values(2202,450,'2006款 E 350 优雅型','2006款',2,1,765000,765000);
insert into t_car_model(cm_id , cs_id , cm_name,cm_type ,cm_order , cm_state , cm_min_price , cm_max_price) values(2203,450,'2006款 E 500 时尚型','2006款',3,1,1098000,1098000);
insert into t_car_model(cm_id , cs_id , cm_name,cm_type ,cm_order , cm_state , cm_min_price , cm_max_price) values(2204,450,'2006款 E 500 优雅型','2006款',4,1,1098000,1098000);
insert into t_car_model(cm_id , cs_id , cm_name,cm_type ,cm_order , cm_state , cm_min_price , cm_max_price) values(6793,450,'2004款 E 240','2004款',1,1,705000,705000);
insert into t_car_series(cs_id,cbf_id,cs_name,cs_order,cs_letter) values(365,47,'奔驰CLS',549,'B');
insert into t_car_model(cm_id , cs_id , cm_name,cm_type ,cm_order , cm_state , cm_min_price , cm_max_price) values(55151,365,'2022款 CLS 260','2022款',1,1,576800,576800);
insert into t_car_model(cm_id , cs_id , cm_name,cm_type ,cm_order , cm_state , cm_min_price , cm_max_price) values(55152,365,'2022款 CLS 300 动感型','2022款',2,1,637800,637800);
insert into t_car_model(cm_id , cs_id , cm_name,cm_type ,cm_order , cm_state , cm_min_price , cm_max_price) values(55153,365,'2022款 CLS 300 豪华型','2022款',3,1,690200,690200);
insert into t_car_model(cm_id , cs_id , cm_name,cm_type ,cm_order , cm_state , cm_min_price , cm_max_price) values(50916,365,'2022款 CLS 350 4MATIC','2022款',4,1,783200,783200);
insert into t_car_model(cm_id , cs_id , cm_name,cm_type ,cm_order , cm_state , cm_min_price , cm_max_price) values(54227,365,'2021款 改款 CLS 260','2021款',1,1,576800,576800);
insert into t_car_model(cm_id , cs_id , cm_name,cm_type ,cm_order , cm_state , cm_min_price , cm_max_price) values(54224,365,'2021款 改款 CLS 300 动感型','2021款',2,1,637800,637800);
insert into t_car_model(cm_id , cs_id , cm_name,cm_type ,cm_order , cm_state , cm_min_price , cm_max_price) values(54228,365,'2021款 改款 CLS 300 豪华型','2021款',3,1,690800,690800);
insert into t_car_model(cm_id , cs_id , cm_name,cm_type ,cm_order , cm_state , cm_min_price , cm_max_price) values(54229,365,'2021款 改款 CLS 350 4MATIC','2021款',4,1,783800,783800);
insert into t_car_model(cm_id , cs_id , cm_name,cm_type ,cm_order , cm_state , cm_min_price , cm_max_price) values(48520,365,'2021款 CLS 260','2021款',5,1,576800,576800);
insert into t_car_model(cm_id , cs_id , cm_name,cm_type ,cm_order , cm_state , cm_min_price , cm_max_price) values(48523,365,'2021款 CLS 300 动感型','2021款',6,1,637800,637800);
insert into t_car_model(cm_id , cs_id , cm_name,cm_type ,cm_order , cm_state , cm_min_price , cm_max_price) values(48524,365,'2021款 CLS 300 豪华型','2021款',7,1,690800,690800);
insert into t_car_model(cm_id , cs_id , cm_name,cm_type ,cm_order , cm_state , cm_min_price , cm_max_price) values(45911,365,'2021款 CLS 350 4MATIC','2021款',8,1,783800,783800);
insert into t_car_model(cm_id , cs_id , cm_name,cm_type ,cm_order , cm_state , cm_min_price , cm_max_price) values(45405,365,'2020款 CLS 260 ','2020款',1,1,576800,576800);
insert into t_car_model(cm_id , cs_id , cm_name,cm_type ,cm_order , cm_state , cm_min_price , cm_max_price) values(43289,365,'2020款 CLS 300 动感型','2020款',2,1,637800,637800);
insert into t_car_model(cm_id , cs_id , cm_name,cm_type ,cm_order , cm_state , cm_min_price , cm_max_price) values(43290,365,'2020款 CLS 300 豪华型','2020款',3,1,681800,681800);
insert into t_car_model(cm_id , cs_id , cm_name,cm_type ,cm_order , cm_state , cm_min_price , cm_max_price) values(43291,365,'2020款 CLS 350 4MATIC','2020款',4,1,789800,789800);
insert into t_car_model(cm_id , cs_id , cm_name,cm_type ,cm_order , cm_state , cm_min_price , cm_max_price) values(35120,365,'2018款 CLS 300 动感型','2018款',1,1,633800,633800);
insert into t_car_model(cm_id , cs_id , cm_name,cm_type ,cm_order , cm_state , cm_min_price , cm_max_price) values(35121,365,'2018款 CLS 300 豪华型','2018款',2,1,691800,691800);
insert into t_car_model(cm_id , cs_id , cm_name,cm_type ,cm_order , cm_state , cm_min_price , cm_max_price) values(34852,365,'2018款 CLS 350 4MATIC','2018款',3,1,789800,789800);
insert into t_car_model(cm_id , cs_id , cm_name,cm_type ,cm_order , cm_state , cm_min_price , cm_max_price) values(34611,365,'2018款  CLS 350 4MATIC先型特别版','2018款',4,1,828800,828800);
insert into t_car_model(cm_id , cs_id , cm_name,cm_type ,cm_order , cm_state , cm_min_price , cm_max_price) values(28871,365,'2017款 CLS 260逸彩版','2017款',1,1,648800,648800);
insert into t_car_model(cm_id , cs_id , cm_name,cm_type ,cm_order , cm_state , cm_min_price , cm_max_price) values(28721,365,'2017款 CLS 320逸彩版','2017款',2,1,712800,712800);
insert into t_car_model(cm_id , cs_id , cm_name,cm_type ,cm_order , cm_state , cm_min_price , cm_max_price) values(28873,365,'2017款 CLS 400 4MATIC逸彩版','2017款',3,1,918800,918800);
insert into t_car_model(cm_id , cs_id , cm_name,cm_type ,cm_order , cm_state , cm_min_price , cm_max_price) values(28874,365,'2017款 CLS 260 猎装版','2017款',4,1,668800,668800);
insert into t_car_model(cm_id , cs_id , cm_name,cm_type ,cm_order , cm_state , cm_min_price , cm_max_price) values(28876,365,'2017款 CLS 400 4MATIC猎装版','2017款',5,1,918800,918800);
insert into t_car_model(cm_id , cs_id , cm_name,cm_type ,cm_order , cm_state , cm_min_price , cm_max_price) values(26665,365,'2016款 CLS 260 逸彩版','2016款',1,1,698000,698000);
insert into t_car_model(cm_id , cs_id , cm_name,cm_type ,cm_order , cm_state , cm_min_price , cm_max_price) values(26609,365,'2016款 CLS 260 猎装版','2016款',2,1,718000,718000);
insert into t_car_model(cm_id , cs_id , cm_name,cm_type ,cm_order , cm_state , cm_min_price , cm_max_price) values(26663,365,'2016款 CLS 320 逸彩版','2016款',3,1,768000,768000);
insert into t_car_model(cm_id , cs_id , cm_name,cm_type ,cm_order , cm_state , cm_min_price , cm_max_price) values(26664,365,'2016款 CLS 400 4MATIC逸彩版','2016款',4,1,988000,988000);
insert into t_car_model(cm_id , cs_id , cm_name,cm_type ,cm_order , cm_state , cm_min_price , cm_max_price) values(26610,365,'2016款 CLS 400 4MATIC猎装版','2016款',5,1,988000,988000);
insert into t_car_model(cm_id , cs_id , cm_name,cm_type ,cm_order , cm_state , cm_min_price , cm_max_price) values(21542,365,'2015款 CLS 260','2015款',1,1,718000,718000);
insert into t_car_model(cm_id , cs_id , cm_name,cm_type ,cm_order , cm_state , cm_min_price , cm_max_price) values(21543,365,'2015款 CLS 320','2015款',2,1,768000,768000);
insert into t_car_model(cm_id , cs_id , cm_name,cm_type ,cm_order , cm_state , cm_min_price , cm_max_price) values(21067,365,'2015款 CLS 400 4MATIC','2015款',3,1,988000,988000);
insert into t_car_model(cm_id , cs_id , cm_name,cm_type ,cm_order , cm_state , cm_min_price , cm_max_price) values(15622,365,'2013款 CLS 350 猎装时尚型','2013款',1,1,918000,918000);
insert into t_car_model(cm_id , cs_id , cm_name,cm_type ,cm_order , cm_state , cm_min_price , cm_max_price) values(15392,365,'2013款 CLS 350 猎装豪华型','2013款',2,1,968000,968000);
insert into t_car_model(cm_id , cs_id , cm_name,cm_type ,cm_order , cm_state , cm_min_price , cm_max_price) values(11088,365,'2012款 CLS 300 CGI','2012款',1,1,768000,768000);
insert into t_car_model(cm_id , cs_id , cm_name,cm_type ,cm_order , cm_state , cm_min_price , cm_max_price) values(8377,365,'2012款 CLS 350 CGI','2012款',2,1,968000,968000);
insert into t_car_model(cm_id , cs_id , cm_name,cm_type ,cm_order , cm_state , cm_min_price , cm_max_price) values(5912,365,'2009款 CLS 300','2009款',1,1,798000,798000);
insert into t_car_model(cm_id , cs_id , cm_name,cm_type ,cm_order , cm_state , cm_min_price , cm_max_price) values(5925,365,'2009款 CLS 350','2009款',2,1,1198000,1198000);
insert into t_car_model(cm_id , cs_id , cm_name,cm_type ,cm_order , cm_state , cm_min_price , cm_max_price) values(5926,365,'2009款 CLS 500','2009款',3,1,1498000,1498000);
insert into t_car_model(cm_id , cs_id , cm_name,cm_type ,cm_order , cm_state , cm_min_price , cm_max_price) values(4311,365,'2008款 CLS 350','2008款',1,1,1058000,1058000);
insert into t_car_model(cm_id , cs_id , cm_name,cm_type ,cm_order , cm_state , cm_min_price , cm_max_price) values(4312,365,'2008款 CLS 500','2008款',2,1,1498000,1498000);
insert into t_car_model(cm_id , cs_id , cm_name,cm_type ,cm_order , cm_state , cm_min_price , cm_max_price) values(1365,365,'2007款 CLS 350','2007款',1,1,998000,998000);
insert into t_car_model(cm_id , cs_id , cm_name,cm_type ,cm_order , cm_state , cm_min_price , cm_max_price) values(1366,365,'2007款 CLS 500','2007款',2,1,1227000,1227000);
insert into t_car_series(cs_id,cbf_id,cs_name,cs_order,cs_letter) values(59,47,'奔驰S级',550,'B');
insert into t_car_model(cm_id , cs_id , cm_name,cm_type ,cm_order , cm_state , cm_min_price , cm_max_price) values(54234,59,'2022款 S 400 L 商务型','2022款',1,1,917800,917800);
insert into t_car_model(cm_id , cs_id , cm_name,cm_type ,cm_order , cm_state , cm_min_price , cm_max_price) values(54235,59,'2022款 S 400 L 豪华型','2022款',2,1,1038900,1038900);
insert into t_car_model(cm_id , cs_id , cm_name,cm_type ,cm_order , cm_state , cm_min_price , cm_max_price) values(54236,59,'2022款 S 450 L','2022款',3,1,1179500,1179500);
insert into t_car_model(cm_id , cs_id , cm_name,cm_type ,cm_order , cm_state , cm_min_price , cm_max_price) values(54237,59,'2022款 S 450 L 4MATIC','2022款',4,1,1238900,1238900);
insert into t_car_model(cm_id , cs_id , cm_name,cm_type ,cm_order , cm_state , cm_min_price , cm_max_price) values(54238,59,'2022款 S 500 L 4MATIC','2022款',5,1,1781700,1781700);
insert into t_car_model(cm_id , cs_id , cm_name,cm_type ,cm_order , cm_state , cm_min_price , cm_max_price) values(49710,59,'2021款 S 400 L 商务型','2021款',1,1,899800,899800);
insert into t_car_model(cm_id , cs_id , cm_name,cm_type ,cm_order , cm_state , cm_min_price , cm_max_price) values(49711,59,'2021款 S 400 L 豪华型','2021款',2,1,1058800,1058800);
insert into t_car_model(cm_id , cs_id , cm_name,cm_type ,cm_order , cm_state , cm_min_price , cm_max_price) values(49712,59,'2021款 S 450 L','2021款',3,1,1158800,1158800);
insert into t_car_model(cm_id , cs_id , cm_name,cm_type ,cm_order , cm_state , cm_min_price , cm_max_price) values(47450,59,'2021款 S 450 L 4MATIC','2021款',4,1,1258800,1258800);
insert into t_car_model(cm_id , cs_id , cm_name,cm_type ,cm_order , cm_state , cm_min_price , cm_max_price) values(47152,59,'2021款 S 500 L 4MATIC','2021款',5,1,1818800,1818800);
insert into t_car_model(cm_id , cs_id , cm_name,cm_type ,cm_order , cm_state , cm_min_price , cm_max_price) values(52961,59,'2021款 改款 S 400 L 商务型','2021款',6,1,917800,917800);
insert into t_car_model(cm_id , cs_id , cm_name,cm_type ,cm_order , cm_state , cm_min_price , cm_max_price) values(52962,59,'2021款 改款 S 400 L 豪华型','2021款',7,1,1084800,1084800);
insert into t_car_model(cm_id , cs_id , cm_name,cm_type ,cm_order , cm_state , cm_min_price , cm_max_price) values(52963,59,'2021款 改款 S 450 L','2021款',8,1,1184800,1184800);
insert into t_car_model(cm_id , cs_id , cm_name,cm_type ,cm_order , cm_state , cm_min_price , cm_max_price) values(52964,59,'2021款 改款 S 450 L 4MATIC','2021款',9,1,1284800,1284800);
insert into t_car_model(cm_id , cs_id , cm_name,cm_type ,cm_order , cm_state , cm_min_price , cm_max_price) values(52965,59,'2021款 改款 S 500 L 4MATIC','2021款',10,1,1838800,1838800);
insert into t_car_model(cm_id , cs_id , cm_name,cm_type ,cm_order , cm_state , cm_min_price , cm_max_price) values(45048,59,'2020款 S 350 L 商务型 臻藏版','2020款',1,1,852800,852800);
insert into t_car_model(cm_id , cs_id , cm_name,cm_type ,cm_order , cm_state , cm_min_price , cm_max_price) values(45049,59,'2020款 S 350 L 尊享型 臻藏版','2020款',2,1,949800,949800);
insert into t_car_model(cm_id , cs_id , cm_name,cm_type ,cm_order , cm_state , cm_min_price , cm_max_price) values(45050,59,'2020款 S 450 L 臻藏版','2020款',3,1,1115800,1115800);
insert into t_car_model(cm_id , cs_id , cm_name,cm_type ,cm_order , cm_state , cm_min_price , cm_max_price) values(45051,59,'2020款 S 450 L 4MATIC 臻藏版','2020款',4,1,1201800,1201800);
insert into t_car_model(cm_id , cs_id , cm_name,cm_type ,cm_order , cm_state , cm_min_price , cm_max_price) values(35855,59,'2019款 S 500 L 4MATIC','2019款',1,1,1692800,1692800);
insert into t_car_model(cm_id , cs_id , cm_name,cm_type ,cm_order , cm_state , cm_min_price , cm_max_price) values(41542,59,'2019款 S 500 L 4MATIC 臻藏版','2019款',2,1,1692800,1692800);
insert into t_car_model(cm_id , cs_id , cm_name,cm_type ,cm_order , cm_state , cm_min_price , cm_max_price) values(35854,59,'2019款 S 450 L 4MATIC','2019款',3,1,1201800,1201800);
insert into t_car_model(cm_id , cs_id , cm_name,cm_type ,cm_order , cm_state , cm_min_price , cm_max_price) values(35852,59,'2019款 S 450 L','2019款',4,1,1115800,1115800);
insert into t_car_model(cm_id , cs_id , cm_name,cm_type ,cm_order , cm_state , cm_min_price , cm_max_price) values(35648,59,'2019款 S 350 L 豪华型','2019款',5,1,1006800,1006800);
insert into t_car_model(cm_id , cs_id , cm_name,cm_type ,cm_order , cm_state , cm_min_price , cm_max_price) values(35647,59,'2019款 S 350 L 尊贵型','2019款',6,1,926800,926800);
insert into t_car_model(cm_id , cs_id , cm_name,cm_type ,cm_order , cm_state , cm_min_price , cm_max_price) values(35646,59,'2019款 S 320 L','2019款',7,1,842800,842800);
insert into t_car_model(cm_id , cs_id , cm_name,cm_type ,cm_order , cm_state , cm_min_price , cm_max_price) values(41541,59,'2019款 S 450 L 4MATIC 臻藏版','2019款',8,1,1201800,1201800);
insert into t_car_model(cm_id , cs_id , cm_name,cm_type ,cm_order , cm_state , cm_min_price , cm_max_price) values(41540,59,'2019款 S 450 L 臻藏版','2019款',9,1,1115800,1115800);
insert into t_car_model(cm_id , cs_id , cm_name,cm_type ,cm_order , cm_state , cm_min_price , cm_max_price) values(41539,59,'2019款 S 350 L 豪华型 臻藏版','2019款',10,1,1006800,1006800);
insert into t_car_model(cm_id , cs_id , cm_name,cm_type ,cm_order , cm_state , cm_min_price , cm_max_price) values(41538,59,'2019款 S 350 L 尊贵型 臻藏版','2019款',11,1,926800,926800);
insert into t_car_model(cm_id , cs_id , cm_name,cm_type ,cm_order , cm_state , cm_min_price , cm_max_price) values(41537,59,'2019款 S 320 L 臻藏版','2019款',12,1,842800,842800);
insert into t_car_model(cm_id , cs_id , cm_name,cm_type ,cm_order , cm_state , cm_min_price , cm_max_price) values(32783,59,'2018款 S 500 L 4MATIC','2018款',1,1,1732800,1732800);
insert into t_car_model(cm_id , cs_id , cm_name,cm_type ,cm_order , cm_state , cm_min_price , cm_max_price) values(31814,59,'2018款 S 450 L 4MATIC','2018款',2,1,1318000,1318000);
insert into t_car_model(cm_id , cs_id , cm_name,cm_type ,cm_order , cm_state , cm_min_price , cm_max_price) values(34122,59,'2018款 S 450 L 4MATIC 卓越特别版','2018款',3,1,1228800,1228800);
insert into t_car_model(cm_id , cs_id , cm_name,cm_type ,cm_order , cm_state , cm_min_price , cm_max_price) values(31813,59,'2018款 S 450 L','2018款',4,1,1139800,1139800);
insert into t_car_model(cm_id , cs_id , cm_name,cm_type ,cm_order , cm_state , cm_min_price , cm_max_price) values(30273,59,'2018款 S 350 L','2018款',5,1,1028800,1028800);
insert into t_car_model(cm_id , cs_id , cm_name,cm_type ,cm_order , cm_state , cm_min_price , cm_max_price) values(31477,59,'2018款 S 320 L','2018款',6,1,876800,876800);
insert into t_car_model(cm_id , cs_id , cm_name,cm_type ,cm_order , cm_state , cm_min_price , cm_max_price) values(34557,59,'2018款 S 450 4MATIC 轿跑版','2018款',7,1,1218800,1218800);
insert into t_car_model(cm_id , cs_id , cm_name,cm_type ,cm_order , cm_state , cm_min_price , cm_max_price) values(28890,59,'2017款 S 500 4MATIC 轿跑版','2017款',1,1,1981000,1981000);
insert into t_car_model(cm_id , cs_id , cm_name,cm_type ,cm_order , cm_state , cm_min_price , cm_max_price) values(28889,59,'2017款 S 400 4MATIC 轿跑版','2017款',2,1,1243800,1243800);
insert into t_car_model(cm_id , cs_id , cm_name,cm_type ,cm_order , cm_state , cm_min_price , cm_max_price) values(28888,59,'2017款 S 500 L 4MATIC','2017款',3,1,1998000,1998000);
insert into t_car_model(cm_id , cs_id , cm_name,cm_type ,cm_order , cm_state , cm_min_price , cm_max_price) values(28886,59,'2017款 S 400 L 4MATIC','2017款',4,1,1358000,1358000);
insert into t_car_model(cm_id , cs_id , cm_name,cm_type ,cm_order , cm_state , cm_min_price , cm_max_price) values(28885,59,'2017款 S 400 L','2017款',5,1,1248000,1248000);
insert into t_car_model(cm_id , cs_id , cm_name,cm_type ,cm_order , cm_state , cm_min_price , cm_max_price) values(28884,59,'2017款 S 320 L 豪华型','2017款',6,1,1108000,1108000);
insert into t_car_model(cm_id , cs_id , cm_name,cm_type ,cm_order , cm_state , cm_min_price , cm_max_price) values(30974,59,'2017款 S 320 L 商务型升级版','2017款',7,1,938000,938000);
insert into t_car_model(cm_id , cs_id , cm_name,cm_type ,cm_order , cm_state , cm_min_price , cm_max_price) values(28883,59,'2017款 S 320 L 商务型','2017款',8,1,938000,938000);
insert into t_car_model(cm_id , cs_id , cm_name,cm_type ,cm_order , cm_state , cm_min_price , cm_max_price) values(24796,59,'2016款 S 400 4MATIC 轿跑版','2016款',1,1,1308000,1308000);
insert into t_car_model(cm_id , cs_id , cm_name,cm_type ,cm_order , cm_state , cm_min_price , cm_max_price) values(27175,59,'2016款 S 500 4MATIC 轿跑版','2016款',2,1,1998000,1998000);
insert into t_car_model(cm_id , cs_id , cm_name,cm_type ,cm_order , cm_state , cm_min_price , cm_max_price) values(27322,59,'2016款 S 320 L 商务型','2016款',3,1,938000,938000);
insert into t_car_model(cm_id , cs_id , cm_name,cm_type ,cm_order , cm_state , cm_min_price , cm_max_price) values(25502,59,'2016款 S 320 L 豪华型','2016款',4,1,1108000,1108000);
insert into t_car_model(cm_id , cs_id , cm_name,cm_type ,cm_order , cm_state , cm_min_price , cm_max_price) values(25503,59,'2016款 S 400 L','2016款',5,1,1248000,1248000);
insert into t_car_model(cm_id , cs_id , cm_name,cm_type ,cm_order , cm_state , cm_min_price , cm_max_price) values(25504,59,'2016款 S 400 L 4MATIC','2016款',6,1,1358000,1358000);
insert into t_car_model(cm_id , cs_id , cm_name,cm_type ,cm_order , cm_state , cm_min_price , cm_max_price) values(25505,59,'2016款 S 500 L 4MATIC','2016款',7,1,1998000,1998000);
insert into t_car_model(cm_id , cs_id , cm_name,cm_type ,cm_order , cm_state , cm_min_price , cm_max_price) values(23141,59,'2015款 S 400 L','2015款',1,1,1315000,1315000);
insert into t_car_model(cm_id , cs_id , cm_name,cm_type ,cm_order , cm_state , cm_min_price , cm_max_price) values(21010,59,'2015款 S 400 L 4MATIC','2015款',2,1,1345000,1345000);
insert into t_car_model(cm_id , cs_id , cm_name,cm_type ,cm_order , cm_state , cm_min_price , cm_max_price) values(18176,59,'2015款 S 500 4MATIC 轿跑版','2015款',3,1,1998000,1998000);
insert into t_car_model(cm_id , cs_id , cm_name,cm_type ,cm_order , cm_state , cm_min_price , cm_max_price) values(19246,59,'2014款 S 320 L 商务型','2014款',1,1,938000,938000);
insert into t_car_model(cm_id , cs_id , cm_name,cm_type ,cm_order , cm_state , cm_min_price , cm_max_price) values(19247,59,'2014款 S 320 L 豪华型','2014款',2,1,1108000,1108000);
insert into t_car_model(cm_id , cs_id , cm_name,cm_type ,cm_order , cm_state , cm_min_price , cm_max_price) values(17098,59,'2014款 S 400 L 尊贵型','2014款',3,1,1248000,1248000);
insert into t_car_model(cm_id , cs_id , cm_name,cm_type ,cm_order , cm_state , cm_min_price , cm_max_price) values(16488,59,'2014款 S 400 L 豪华型','2014款',4,1,1428000,1428000);
insert into t_car_model(cm_id , cs_id , cm_name,cm_type ,cm_order , cm_state , cm_min_price , cm_max_price) values(16050,59,'2014款 S 400 L HYBRID','2014款',5,1,1498000,1498000);
insert into t_car_model(cm_id , cs_id , cm_name,cm_type ,cm_order , cm_state , cm_min_price , cm_max_price) values(15354,59,'2014款 S 500 L','2014款',6,1,2098000,2098000);
insert into t_car_model(cm_id , cs_id , cm_name,cm_type ,cm_order , cm_state , cm_min_price , cm_max_price) values(18271,59,'2014款 S 500 L 4MATIC','2014款',7,1,2098000,2098000);
insert into t_car_model(cm_id , cs_id , cm_name,cm_type ,cm_order , cm_state , cm_min_price , cm_max_price) values(54658,59,'2014款 改款 S 500 L 4MATIC','2014款',8,1,2098000,2098000);
insert into t_car_model(cm_id , cs_id , cm_name,cm_type ,cm_order , cm_state , cm_min_price , cm_max_price) values(18002,59,'2014款 S 600 L','2014款',9,1,2698000,2698000);
insert into t_car_model(cm_id , cs_id , cm_name,cm_type ,cm_order , cm_state , cm_min_price , cm_max_price) values(14404,59,'2012款 S 300 L 商务简配型','2012款',1,1,858000,858000);
insert into t_car_model(cm_id , cs_id , cm_name,cm_type ,cm_order , cm_state , cm_min_price , cm_max_price) values(13058,59,'2012款 S 300 L 商务型 Grand Edition','2012款',2,1,930000,930000);
insert into t_car_model(cm_id , cs_id , cm_name,cm_type ,cm_order , cm_state , cm_min_price , cm_max_price) values(13059,59,'2012款 S 300 L 尊贵型 Grand Edition','2012款',3,1,998000,998000);
insert into t_car_model(cm_id , cs_id , cm_name,cm_type ,cm_order , cm_state , cm_min_price , cm_max_price) values(13060,59,'2012款 S 300 L 豪华型 Grand Edition','2012款',4,1,1108000,1108000);
insert into t_car_model(cm_id , cs_id , cm_name,cm_type ,cm_order , cm_state , cm_min_price , cm_max_price) values(12568,59,'2012款 S 350 L Grand Edition','2012款',5,1,1398000,1398000);
insert into t_car_model(cm_id , cs_id , cm_name,cm_type ,cm_order , cm_state , cm_min_price , cm_max_price) values(13061,59,'2012款 S 350 L 4MATIC Grand Edition','2012款',6,1,1448000,1448000);
insert into t_car_model(cm_id , cs_id , cm_name,cm_type ,cm_order , cm_state , cm_min_price , cm_max_price) values(13062,59,'2012款 S 400 L HYBRID Grand Edition','2012款',7,1,1458000,1458000);
insert into t_car_model(cm_id , cs_id , cm_name,cm_type ,cm_order , cm_state , cm_min_price , cm_max_price) values(13063,59,'2012款 S 500 L 4MATIC Grand Edition','2012款',8,1,2188000,2188000);
insert into t_car_model(cm_id , cs_id , cm_name,cm_type ,cm_order , cm_state , cm_min_price , cm_max_price) values(13064,59,'2012款 S 600 L Grand Edition','2012款',9,1,2598000,2598000);
insert into t_car_model(cm_id , cs_id , cm_name,cm_type ,cm_order , cm_state , cm_min_price , cm_max_price) values(15028,59,'2012款 S 600 L Grand Edition designo','2012款',10,1,2988000,2988000);
insert into t_car_model(cm_id , cs_id , cm_name,cm_type ,cm_order , cm_state , cm_min_price , cm_max_price) values(9941,59,'2011款 S 350 L CGI','2011款',1,1,1398000,1398000);
insert into t_car_model(cm_id , cs_id , cm_name,cm_type ,cm_order , cm_state , cm_min_price , cm_max_price) values(9916,59,'2011款 S 350 L CGI 4MATIC','2011款',2,1,1448000,1448000);
insert into t_car_model(cm_id , cs_id , cm_name,cm_type ,cm_order , cm_state , cm_min_price , cm_max_price) values(9915,59,'2011款 S 500 L CGI 4MATIC','2011款',3,1,2188000,2188000);
insert into t_car_model(cm_id , cs_id , cm_name,cm_type ,cm_order , cm_state , cm_min_price , cm_max_price) values(5913,59,'2010款 S 300 L 商务型','2010款',1,1,930000,930000);
insert into t_car_model(cm_id , cs_id , cm_name,cm_type ,cm_order , cm_state , cm_min_price , cm_max_price) values(5914,59,'2010款 S 300 L 尊贵型','2010款',2,1,1048000,1048000);
insert into t_car_model(cm_id , cs_id , cm_name,cm_type ,cm_order , cm_state , cm_min_price , cm_max_price) values(5915,59,'2010款 S 300 L 豪华型','2010款',3,1,1108000,1108000);
insert into t_car_model(cm_id , cs_id , cm_name,cm_type ,cm_order , cm_state , cm_min_price , cm_max_price) values(5916,59,'2010款 S 350 L 豪华型','2010款',4,1,1398000,1398000);
insert into t_car_model(cm_id , cs_id , cm_name,cm_type ,cm_order , cm_state , cm_min_price , cm_max_price) values(5918,59,'2010款 S 350 L 4MATIC','2010款',5,1,1448000,1448000);
insert into t_car_model(cm_id , cs_id , cm_name,cm_type ,cm_order , cm_state , cm_min_price , cm_max_price) values(4963,59,'2010款 S 400 L HYBRID','2010款',6,1,1458000,1458000);
insert into t_car_model(cm_id , cs_id , cm_name,cm_type ,cm_order , cm_state , cm_min_price , cm_max_price) values(5919,59,'2010款 S 500 L','2010款',7,1,2098000,2098000);
insert into t_car_model(cm_id , cs_id , cm_name,cm_type ,cm_order , cm_state , cm_min_price , cm_max_price) values(5920,59,'2010款 S 500 L 4MATIC','2010款',8,1,2153000,2153000);
insert into t_car_model(cm_id , cs_id , cm_name,cm_type ,cm_order , cm_state , cm_min_price , cm_max_price) values(5921,59,'2010款 S 600 L','2010款',9,1,2598000,2598000);
insert into t_car_model(cm_id , cs_id , cm_name,cm_type ,cm_order , cm_state , cm_min_price , cm_max_price) values(3714,59,'2008款 S 300 L 商务型','2008款',1,1,930000,930000);
insert into t_car_model(cm_id , cs_id , cm_name,cm_type ,cm_order , cm_state , cm_min_price , cm_max_price) values(3715,59,'2008款 S 300 L 尊贵型','2008款',2,1,993000,993000);
insert into t_car_model(cm_id , cs_id , cm_name,cm_type ,cm_order , cm_state , cm_min_price , cm_max_price) values(4768,59,'2008款 S 300 L 豪华型','2008款',3,1,1148000,1148000);
insert into t_car_model(cm_id , cs_id , cm_name,cm_type ,cm_order , cm_state , cm_min_price , cm_max_price) values(1725,59,'2008款 S 350 L 豪华型','2008款',4,1,1398000,1398000);
insert into t_car_model(cm_id , cs_id , cm_name,cm_type ,cm_order , cm_state , cm_min_price , cm_max_price) values(4766,59,'2008款 S 350 L 动感型','2008款',5,1,1448000,1448000);
insert into t_car_model(cm_id , cs_id , cm_name,cm_type ,cm_order , cm_state , cm_min_price , cm_max_price) values(4121,59,'2008款 S 350 L 4MATIC','2008款',6,1,1448000,1448000);
insert into t_car_model(cm_id , cs_id , cm_name,cm_type ,cm_order , cm_state , cm_min_price , cm_max_price) values(1845,59,'2008款 S 500 L','2008款',7,1,2098000,2098000);
insert into t_car_model(cm_id , cs_id , cm_name,cm_type ,cm_order , cm_state , cm_min_price , cm_max_price) values(4139,59,'2008款 S 500 L 4MATIC','2008款',8,1,2153000,2153000);
insert into t_car_model(cm_id , cs_id , cm_name,cm_type ,cm_order , cm_state , cm_min_price , cm_max_price) values(2686,59,'2008款 S 600 L','2008款',9,1,2598000,2598000);
insert into t_car_model(cm_id , cs_id , cm_name,cm_type ,cm_order , cm_state , cm_min_price , cm_max_price) values(2687,59,'2006款 S 300','2006款',1,1,993000,993000);
insert into t_car_model(cm_id , cs_id , cm_name,cm_type ,cm_order , cm_state , cm_min_price , cm_max_price) values(1738,59,'2004款 S 280','2004款',1,1,840000,840000);
insert into t_car_model(cm_id , cs_id , cm_name,cm_type ,cm_order , cm_state , cm_min_price , cm_max_price) values(546,59,'2004款 S 350','2004款',2,1,1020000,1020000);
insert into t_car_model(cm_id , cs_id , cm_name,cm_type ,cm_order , cm_state , cm_min_price , cm_max_price) values(805,59,'2004款 S 500','2004款',3,1,1290000,1290000);
insert into t_car_model(cm_id , cs_id , cm_name,cm_type ,cm_order , cm_state , cm_min_price , cm_max_price) values(806,59,'2004款 S 600','2004款',4,1,1660000,1660000);
insert into t_car_model(cm_id , cs_id , cm_name,cm_type ,cm_order , cm_state , cm_min_price , cm_max_price) values(29155,59,'1999款 S 320','1999款',1,1,0,0);
insert into t_car_series(cs_id,cbf_id,cs_name,cs_order,cs_letter) values(3339,47,'奔驰GLC轿跑',551,'B');
insert into t_car_model(cm_id , cs_id , cm_name,cm_type ,cm_order , cm_state , cm_min_price , cm_max_price) values(55196,3339,'2022款 改款 GLC 260 4MATIC 轿跑SUV','2022款',1,1,471800,471800);
insert into t_car_model(cm_id , cs_id , cm_name,cm_type ,cm_order , cm_state , cm_min_price , cm_max_price) values(55197,3339,'2022款 改款 GLC 300 4MATIC 轿跑SUV','2022款',2,1,527500,527500);
insert into t_car_model(cm_id , cs_id , cm_name,cm_type ,cm_order , cm_state , cm_min_price , cm_max_price) values(55198,3339,'2022款 GLC 300 4MATIC 轿跑SUV 豪华版','2022款',3,1,563200,563200);
insert into t_car_model(cm_id , cs_id , cm_name,cm_type ,cm_order , cm_state , cm_min_price , cm_max_price) values(54723,3339,'2022款 GLC 260 4MATIC 轿跑SUV','2022款',4,1,460800,460800);
insert into t_car_model(cm_id , cs_id , cm_name,cm_type ,cm_order , cm_state , cm_min_price , cm_max_price) values(54724,3339,'2022款 GLC 300 4MATIC 轿跑SUV','2022款',5,1,516100,516100);
insert into t_car_model(cm_id , cs_id , cm_name,cm_type ,cm_order , cm_state , cm_min_price , cm_max_price) values(54725,3339,'2022款 GLC 300 4MATIC AMG Line 轿跑SUV','2022款',6,1,580800,580800);
insert into t_car_model(cm_id , cs_id , cm_name,cm_type ,cm_order , cm_state , cm_min_price , cm_max_price) values(49474,3339,'2021款 GLC 260 4MATIC 轿跑SUV','2021款',1,1,460800,460800);
insert into t_car_model(cm_id , cs_id , cm_name,cm_type ,cm_order , cm_state , cm_min_price , cm_max_price) values(49475,3339,'2021款 GLC 300 4MATIC 轿跑SUV','2021款',2,1,518800,518800);
insert into t_car_model(cm_id , cs_id , cm_name,cm_type ,cm_order , cm_state , cm_min_price , cm_max_price) values(49476,3339,'2021款 GLC 300 4MATIC AMG Line 轿跑SUV','2021款',3,1,598800,598800);
insert into t_car_model(cm_id , cs_id , cm_name,cm_type ,cm_order , cm_state , cm_min_price , cm_max_price) values(52336,3339,'2021款 改款 GLC 300 4MATIC AMG Line 轿跑SUV','2021款',4,1,598800,598800);
insert into t_car_model(cm_id , cs_id , cm_name,cm_type ,cm_order , cm_state , cm_min_price , cm_max_price) values(43079,3339,'2020款 GLC 260 4MATIC 轿跑SUV','2020款',1,1,458800,458800);
insert into t_car_model(cm_id , cs_id , cm_name,cm_type ,cm_order , cm_state , cm_min_price , cm_max_price) values(38999,3339,'2020款 GLC 300 4MATIC 轿跑SUV','2020款',2,1,517800,517800);
insert into t_car_model(cm_id , cs_id , cm_name,cm_type ,cm_order , cm_state , cm_min_price , cm_max_price) values(43080,3339,'2020款 GLC 300 4MATIC AMG Line 轿跑SUV','2020款',3,1,598800,598800);
insert into t_car_model(cm_id , cs_id , cm_name,cm_type ,cm_order , cm_state , cm_min_price , cm_max_price) values(35863,3339,'2019款 GLC 200 4MATIC 轿跑SUV','2019款',1,1,452800,452800);
insert into t_car_model(cm_id , cs_id , cm_name,cm_type ,cm_order , cm_state , cm_min_price , cm_max_price) values(35864,3339,'2019款 GLC 260 4MATIC 轿跑SUV','2019款',2,1,486800,486800);
insert into t_car_model(cm_id , cs_id , cm_name,cm_type ,cm_order , cm_state , cm_min_price , cm_max_price) values(35865,3339,'2019款 GLC 300 4MATIC 轿跑SUV','2019款',3,1,580800,580800);
insert into t_car_model(cm_id , cs_id , cm_name,cm_type ,cm_order , cm_state , cm_min_price , cm_max_price) values(38272,3339,'2019款 改款 GLC 200 4MATIC 轿跑SUV','2019款',4,1,452800,452800);
insert into t_car_model(cm_id , cs_id , cm_name,cm_type ,cm_order , cm_state , cm_min_price , cm_max_price) values(38273,3339,'2019款 改款 GLC 260 4MATIC 轿跑SUV','2019款',5,1,486800,486800);
insert into t_car_model(cm_id , cs_id , cm_name,cm_type ,cm_order , cm_state , cm_min_price , cm_max_price) values(38274,3339,'2019款 改款 GLC 300 4MATIC 轿跑SUV','2019款',6,1,580800,580800);
insert into t_car_model(cm_id , cs_id , cm_name,cm_type ,cm_order , cm_state , cm_min_price , cm_max_price) values(34125,3339,'2018款 GLC 200 4MATIC 轿跑SUV','2018款',1,1,463800,463800);
insert into t_car_model(cm_id , cs_id , cm_name,cm_type ,cm_order , cm_state , cm_min_price , cm_max_price) values(34126,3339,'2018款 GLC 260 4MATIC 轿跑SUV','2018款',2,1,498800,498800);
insert into t_car_model(cm_id , cs_id , cm_name,cm_type ,cm_order , cm_state , cm_min_price , cm_max_price) values(34140,3339,'2018款 GLC 300 4MATIC 轿跑SUV','2018款',3,1,594800,594800);
insert into t_car_model(cm_id , cs_id , cm_name,cm_type ,cm_order , cm_state , cm_min_price , cm_max_price) values(28423,3339,'2017款 GLC 200 4MATIC 轿跑SUV','2017款',1,1,496000,496000);
insert into t_car_model(cm_id , cs_id , cm_name,cm_type ,cm_order , cm_state , cm_min_price , cm_max_price) values(28424,3339,'2017款 GLC 260 4MATIC 轿跑SUV','2017款',2,1,532000,532000);
insert into t_car_model(cm_id , cs_id , cm_name,cm_type ,cm_order , cm_state , cm_min_price , cm_max_price) values(28425,3339,'2017款 GLC 300 4MATIC 轿跑SUV','2017款',3,1,638000,638000);
insert into t_car_series(cs_id,cbf_id,cs_name,cs_order,cs_letter) values(3683,47,'奔驰GLE',552,'B');
insert into t_car_model(cm_id , cs_id , cm_name,cm_type ,cm_order , cm_state , cm_min_price , cm_max_price) values(54694,3683,'2022款 GLE 350 4MATIC 动感型','2022款',1,1,699800,699800);
insert into t_car_model(cm_id , cs_id , cm_name,cm_type ,cm_order , cm_state , cm_min_price , cm_max_price) values(54693,3683,'2022款 GLE 350 4MATIC 时尚型','2022款',2,1,735800,735800);
insert into t_car_model(cm_id , cs_id , cm_name,cm_type ,cm_order , cm_state , cm_min_price , cm_max_price) values(54695,3683,'2022款 GLE 350 4MATIC 豪华型','2022款',3,1,790300,790300);
insert into t_car_model(cm_id , cs_id , cm_name,cm_type ,cm_order , cm_state , cm_min_price , cm_max_price) values(54696,3683,'2022款 GLE 450 4MATIC 动感型','2022款',4,1,804800,804800);
insert into t_car_model(cm_id , cs_id , cm_name,cm_type ,cm_order , cm_state , cm_min_price , cm_max_price) values(54697,3683,'2022款 GLE 450 4MATIC 时尚型','2022款',5,1,837400,837400);
insert into t_car_model(cm_id , cs_id , cm_name,cm_type ,cm_order , cm_state , cm_min_price , cm_max_price) values(54698,3683,'2022款 GLE 450 4MATIC 豪华型','2022款',6,1,880300,880300);
insert into t_car_model(cm_id , cs_id , cm_name,cm_type ,cm_order , cm_state , cm_min_price , cm_max_price) values(48946,3683,'2021款 GLE 350 4MATIC 动感型','2021款',1,1,699800,699800);
insert into t_car_model(cm_id , cs_id , cm_name,cm_type ,cm_order , cm_state , cm_min_price , cm_max_price) values(48947,3683,'2021款 GLE 350 4MATIC 时尚型','2021款',2,1,738800,738800);
insert into t_car_model(cm_id , cs_id , cm_name,cm_type ,cm_order , cm_state , cm_min_price , cm_max_price) values(48948,3683,'2021款 GLE 350 4MATIC 豪华型','2021款',3,1,784800,784800);
insert into t_car_model(cm_id , cs_id , cm_name,cm_type ,cm_order , cm_state , cm_min_price , cm_max_price) values(48949,3683,'2021款 GLE 450 4MATIC 动感型','2021款',4,1,799800,799800);
insert into t_car_model(cm_id , cs_id , cm_name,cm_type ,cm_order , cm_state , cm_min_price , cm_max_price) values(48950,3683,'2021款 GLE 450 4MATIC 时尚型','2021款',5,1,834800,834800);
insert into t_car_model(cm_id , cs_id , cm_name,cm_type ,cm_order , cm_state , cm_min_price , cm_max_price) values(48951,3683,'2021款 GLE 450 4MATIC 豪华型','2021款',6,1,889800,889800);
insert into t_car_model(cm_id , cs_id , cm_name,cm_type ,cm_order , cm_state , cm_min_price , cm_max_price) values(43294,3683,'2020款 GLE 350 4MATIC 动感型','2020款',1,1,709800,709800);
insert into t_car_model(cm_id , cs_id , cm_name,cm_type ,cm_order , cm_state , cm_min_price , cm_max_price) values(42895,3683,'2020款 改款 GLE 350 4MATIC 时尚型','2020款',2,1,727800,727800);
insert into t_car_model(cm_id , cs_id , cm_name,cm_type ,cm_order , cm_state , cm_min_price , cm_max_price) values(43295,3683,'2020款 GLE 350 4MATIC 动感型特别版','2020款',3,1,714800,714800);
insert into t_car_model(cm_id , cs_id , cm_name,cm_type ,cm_order , cm_state , cm_min_price , cm_max_price) values(38570,3683,'2020款 GLE 350 4MATIC 时尚型','2020款',4,1,727800,727800);
insert into t_car_model(cm_id , cs_id , cm_name,cm_type ,cm_order , cm_state , cm_min_price , cm_max_price) values(38435,3683,'2020款 GLE 350 4MATIC 豪华型','2020款',5,1,779800,779800);
insert into t_car_model(cm_id , cs_id , cm_name,cm_type ,cm_order , cm_state , cm_min_price , cm_max_price) values(38569,3683,'2020款 GLE 450 4MATIC 时尚型','2020款',6,1,843800,843800);
insert into t_car_model(cm_id , cs_id , cm_name,cm_type ,cm_order , cm_state , cm_min_price , cm_max_price) values(47400,3683,'2020款 改款 GLE 350 4MATIC 动感型','2020款',7,1,714800,714800);
insert into t_car_model(cm_id , cs_id , cm_name,cm_type ,cm_order , cm_state , cm_min_price , cm_max_price) values(42896,3683,'2020款 改款 GLE 350 4MATIC 时尚型特别版','2020款',8,1,738800,738800);
insert into t_car_model(cm_id , cs_id , cm_name,cm_type ,cm_order , cm_state , cm_min_price , cm_max_price) values(47399,3683,'2020款 改款二 GLE 350 4MATIC 时尚型','2020款',9,1,738800,738800);
insert into t_car_model(cm_id , cs_id , cm_name,cm_type ,cm_order , cm_state , cm_min_price , cm_max_price) values(42897,3683,'2020款 改款 GLE 350 4MATIC 豪华型','2020款',10,1,784800,784800);
insert into t_car_model(cm_id , cs_id , cm_name,cm_type ,cm_order , cm_state , cm_min_price , cm_max_price) values(42899,3683,'2020款 改款 GLE 450 4MATIC 时尚型','2020款',11,1,843800,843800);
insert into t_car_model(cm_id , cs_id , cm_name,cm_type ,cm_order , cm_state , cm_min_price , cm_max_price) values(42898,3683,'2020款 改款 GLE 450 4MATIC 动感型','2020款',12,1,834800,834800);
insert into t_car_model(cm_id , cs_id , cm_name,cm_type ,cm_order , cm_state , cm_min_price , cm_max_price) values(42900,3683,'2020款 改款 GLE 450 4MATIC 豪华型','2020款',13,1,889800,889800);
insert into t_car_model(cm_id , cs_id , cm_name,cm_type ,cm_order , cm_state , cm_min_price , cm_max_price) values(36381,3683,'2019款 GLE 320 4MATIC 动感型臻藏版','2019款',1,1,701800,701800);
insert into t_car_model(cm_id , cs_id , cm_name,cm_type ,cm_order , cm_state , cm_min_price , cm_max_price) values(37145,3683,'2019款 GLE 320 4MATIC 豪华型臻藏版','2019款',2,1,743800,743800);
insert into t_car_model(cm_id , cs_id , cm_name,cm_type ,cm_order , cm_state , cm_min_price , cm_max_price) values(37318,3683,'2019款 GLE 400 4MATIC 臻藏版(特殊配置)','2019款',3,1,817800,817800);
insert into t_car_model(cm_id , cs_id , cm_name,cm_type ,cm_order , cm_state , cm_min_price , cm_max_price) values(37147,3683,'2019款 GLE 400 4MATIC 臻藏版','2019款',4,1,840800,840800);
insert into t_car_model(cm_id , cs_id , cm_name,cm_type ,cm_order , cm_state , cm_min_price , cm_max_price) values(37144,3683,'2019款 GLE 300 d 4MATIC','2019款',5,1,693800,693800);
insert into t_car_model(cm_id , cs_id , cm_name,cm_type ,cm_order , cm_state , cm_min_price , cm_max_price) values(37146,3683,'2019款 GLE 350 d 4MATIC','2019款',6,1,775800,775800);
insert into t_car_model(cm_id , cs_id , cm_name,cm_type ,cm_order , cm_state , cm_min_price , cm_max_price) values(34276,3683,'2018款 GLE 320 4MATIC 动感型臻藏版','2018款',1,1,749800,749800);
insert into t_car_model(cm_id , cs_id , cm_name,cm_type ,cm_order , cm_state , cm_min_price , cm_max_price) values(34277,3683,'2018款 GLE 320 4MATIC 豪华型臻藏版','2018款',2,1,793800,793800);
insert into t_car_model(cm_id , cs_id , cm_name,cm_type ,cm_order , cm_state , cm_min_price , cm_max_price) values(34279,3683,'2018款 GLE 400 4MATIC 臻藏版','2018款',3,1,898800,898800);
insert into t_car_model(cm_id , cs_id , cm_name,cm_type ,cm_order , cm_state , cm_min_price , cm_max_price) values(34275,3683,'2018款 GLE 300 d 4MATIC','2018款',4,1,739800,739800);
insert into t_car_model(cm_id , cs_id , cm_name,cm_type ,cm_order , cm_state , cm_min_price , cm_max_price) values(34278,3683,'2018款 GLE 350 d 4MATIC','2018款',5,1,828800,828800);
insert into t_car_model(cm_id , cs_id , cm_name,cm_type ,cm_order , cm_state , cm_min_price , cm_max_price) values(28617,3683,'2017款 GLE 320 4MATIC 动感型','2017款',1,1,778000,778000);
insert into t_car_model(cm_id , cs_id , cm_name,cm_type ,cm_order , cm_state , cm_min_price , cm_max_price) values(28618,3683,'2017款 GLE 320 4MATIC 豪华型','2017款',2,1,822000,822000);
insert into t_car_model(cm_id , cs_id , cm_name,cm_type ,cm_order , cm_state , cm_min_price , cm_max_price) values(28619,3683,'2017款 GLE 400 4MATIC','2017款',3,1,932000,932000);
insert into t_car_model(cm_id , cs_id , cm_name,cm_type ,cm_order , cm_state , cm_min_price , cm_max_price) values(28882,3683,'2017款 GLE 450 AMG 4MATIC','2017款',4,1,1038000,1038000);
insert into t_car_model(cm_id , cs_id , cm_name,cm_type ,cm_order , cm_state , cm_min_price , cm_max_price) values(28880,3683,'2017款 GLE 300 d 4MATIC','2017款',5,1,768000,768000);
insert into t_car_model(cm_id , cs_id , cm_name,cm_type ,cm_order , cm_state , cm_min_price , cm_max_price) values(28881,3683,'2017款 GLE 350 d 4MATIC','2017款',6,1,858000,858000);
insert into t_car_model(cm_id , cs_id , cm_name,cm_type ,cm_order , cm_state , cm_min_price , cm_max_price) values(25594,3683,'2016款 GLE 320 4MATIC 动感型','2016款',1,1,778000,778000);
insert into t_car_model(cm_id , cs_id , cm_name,cm_type ,cm_order , cm_state , cm_min_price , cm_max_price) values(25589,3683,'2016款 GLE 320 4MATIC 豪华型','2016款',2,1,822000,822000);
insert into t_car_model(cm_id , cs_id , cm_name,cm_type ,cm_order , cm_state , cm_min_price , cm_max_price) values(25596,3683,'2016款 GLE 400 4MATIC','2016款',3,1,932000,932000);
insert into t_car_model(cm_id , cs_id , cm_name,cm_type ,cm_order , cm_state , cm_min_price , cm_max_price) values(24214,3683,'2016款 GLE 450 AMG 4MATIC','2016款',4,1,1038000,1038000);
insert into t_car_model(cm_id , cs_id , cm_name,cm_type ,cm_order , cm_state , cm_min_price , cm_max_price) values(25588,3683,'2016款 GLE 300 d 4MATIC','2016款',5,1,768000,768000);
insert into t_car_model(cm_id , cs_id , cm_name,cm_type ,cm_order , cm_state , cm_min_price , cm_max_price) values(25595,3683,'2016款 GLE 350 d 4MATIC','2016款',6,1,858000,858000);
insert into t_car_model(cm_id , cs_id , cm_name,cm_type ,cm_order , cm_state , cm_min_price , cm_max_price) values(24223,3683,'2015款 GLE 320 4MATIC','2015款',1,1,778000,778000);
insert into t_car_model(cm_id , cs_id , cm_name,cm_type ,cm_order , cm_state , cm_min_price , cm_max_price) values(23116,3683,'2015款 GLE 400 4MATIC','2015款',2,1,932000,932000);
insert into t_car_model(cm_id , cs_id , cm_name,cm_type ,cm_order , cm_state , cm_min_price , cm_max_price) values(24226,3683,'2015款 GLE 350 d 4MATIC','2015款',3,1,865000,865000);
insert into t_car_series(cs_id,cbf_id,cs_name,cs_order,cs_letter) values(6207,47,'奔驰GLE轿跑',553,'B');
insert into t_car_model(cm_id , cs_id , cm_name,cm_type ,cm_order , cm_state , cm_min_price , cm_max_price) values(55375,6207,'2022款 GLE 350 4MATIC 轿跑SUV 时尚型','2022款',1,1,795800,795800);
insert into t_car_model(cm_id , cs_id , cm_name,cm_type ,cm_order , cm_state , cm_min_price , cm_max_price) values(55376,6207,'2022款 GLE 350 4MATIC 轿跑SUV 豪华型','2022款',2,1,814300,814300);
insert into t_car_model(cm_id , cs_id , cm_name,cm_type ,cm_order , cm_state , cm_min_price , cm_max_price) values(55377,6207,'2022款 GLE 450 4MATIC 轿跑SUV 时尚型','2022款',3,1,871800,871800);
insert into t_car_model(cm_id , cs_id , cm_name,cm_type ,cm_order , cm_state , cm_min_price , cm_max_price) values(55378,6207,'2022款 GLE 450 4MATIC 轿跑SUV 豪华型','2022款',4,1,923300,923300);
insert into t_car_model(cm_id , cs_id , cm_name,cm_type ,cm_order , cm_state , cm_min_price , cm_max_price) values(47605,6207,'2020款 GLE 350 4MATIC 轿跑SUV 时尚型','2020款',1,1,788800,788800);
insert into t_car_model(cm_id , cs_id , cm_name,cm_type ,cm_order , cm_state , cm_min_price , cm_max_price) values(47606,6207,'2020款 GLE 350 4MATIC 轿跑SUV 豪华型','2020款',2,1,818800,818800);
insert into t_car_model(cm_id , cs_id , cm_name,cm_type ,cm_order , cm_state , cm_min_price , cm_max_price) values(47607,6207,'2020款 GLE 450 4MATIC 轿跑SUV 时尚型','2020款',3,1,866800,866800);
insert into t_car_model(cm_id , cs_id , cm_name,cm_type ,cm_order , cm_state , cm_min_price , cm_max_price) values(41349,6207,'2020款 GLE 450 4MATIC 轿跑SUV 豪华型','2020款',4,1,917800,917800);
insert into t_car_model(cm_id , cs_id , cm_name,cm_type ,cm_order , cm_state , cm_min_price , cm_max_price) values(34147,6207,'2018款 GLE 320 4MATIC 轿跑SUV','2018款',1,1,784800,784800);
insert into t_car_model(cm_id , cs_id , cm_name,cm_type ,cm_order , cm_state , cm_min_price , cm_max_price) values(34148,6207,'2018款 GLE 400 4MATIC 轿跑SUV','2018款',2,1,872800,872800);
insert into t_car_model(cm_id , cs_id , cm_name,cm_type ,cm_order , cm_state , cm_min_price , cm_max_price) values(34149,6207,'2018款 GLE 500 4MATIC 轿跑SUV','2018款',3,1,1353800,1353800);
insert into t_car_model(cm_id , cs_id , cm_name,cm_type ,cm_order , cm_state , cm_min_price , cm_max_price) values(28891,6207,'2017款 GLE 320 4MATIC 轿跑SUV','2017款',1,1,868000,868000);
insert into t_car_model(cm_id , cs_id , cm_name,cm_type ,cm_order , cm_state , cm_min_price , cm_max_price) values(28892,6207,'2017款 GLE 400 4MATIC 轿跑SUV','2017款',2,1,968000,968000);
insert into t_car_model(cm_id , cs_id , cm_name,cm_type ,cm_order , cm_state , cm_min_price , cm_max_price) values(28684,6207,'2017款 GLE 450 AMG 4MATIC 轿跑SUV','2017款',3,1,1068000,1068000);
insert into t_car_model(cm_id , cs_id , cm_name,cm_type ,cm_order , cm_state , cm_min_price , cm_max_price) values(24320,6207,'2017款 GLE 500 4MATIC 轿跑SUV','2017款',4,1,1498000,1498000);
insert into t_car_model(cm_id , cs_id , cm_name,cm_type ,cm_order , cm_state , cm_min_price , cm_max_price) values(23725,6207,'2015款 GLE 320 4MATIC 轿跑SUV','2015款',1,1,868000,868000);
insert into t_car_model(cm_id , cs_id , cm_name,cm_type ,cm_order , cm_state , cm_min_price , cm_max_price) values(21182,6207,'2015款 GLE 400 4MATIC 轿跑SUV','2015款',2,1,968000,968000);
insert into t_car_model(cm_id , cs_id , cm_name,cm_type ,cm_order , cm_state , cm_min_price , cm_max_price) values(21181,6207,'2015款 GLE 450 AMG 4MATIC 轿跑SUV','2015款',3,1,1058000,1058000);
insert into t_car_series(cs_id,cbf_id,cs_name,cs_order,cs_letter) values(6208,47,'奔驰GLE轿跑新能源',554,'B');
insert into t_car_model(cm_id , cs_id , cm_name,cm_type ,cm_order , cm_state , cm_min_price , cm_max_price) values(54947,6208,'2022款 GLE 350 e 4MATIC 轿跑SUV','2022款',1,1,851400,851400);
insert into t_car_model(cm_id , cs_id , cm_name,cm_type ,cm_order , cm_state , cm_min_price , cm_max_price) values(48939,6208,'2021款 GLE 350 e 4MATIC 轿跑SUV','2021款',1,1,828800,828800);
insert into t_car_series(cs_id,cbf_id,cs_name,cs_order,cs_letter) values(4346,47,'奔驰GLE新能源',555,'B');
insert into t_car_model(cm_id , cs_id , cm_name,cm_type ,cm_order , cm_state , cm_min_price , cm_max_price) values(54699,4346,'2022款 GLE 350 e 4MATIC','2022款',1,1,0,0);
insert into t_car_model(cm_id , cs_id , cm_name,cm_type ,cm_order , cm_state , cm_min_price , cm_max_price) values(50762,4346,'2021款 GLE 350 e 4MATIC','2021款',1,1,799800,799800);
insert into t_car_model(cm_id , cs_id , cm_name,cm_type ,cm_order , cm_state , cm_min_price , cm_max_price) values(48938,4346,'2021款 GLE 350 e 4MATIC 智享版','2021款',2,1,818800,818800);
insert into t_car_model(cm_id , cs_id , cm_name,cm_type ,cm_order , cm_state , cm_min_price , cm_max_price) values(28620,4346,'2017款 GLE 500e 4MATIC','2017款',1,1,1099800,1099800);
insert into t_car_model(cm_id , cs_id , cm_name,cm_type ,cm_order , cm_state , cm_min_price , cm_max_price) values(22124,4346,'2016款 GLE 500e 4MATIC','2016款',1,1,1198000,1198000);
insert into t_car_series(cs_id,cbf_id,cs_name,cs_order,cs_letter) values(60,47,'奔驰G级',556,'B');
insert into t_car_model(cm_id , cs_id , cm_name,cm_type ,cm_order , cm_state , cm_min_price , cm_max_price) values(54726,60,'2022款 G 350','2022款',1,1,1468000,1468000);
insert into t_car_model(cm_id , cs_id , cm_name,cm_type ,cm_order , cm_state , cm_min_price , cm_max_price) values(54727,60,'2022款 G 500','2022款',2,1,1842000,1842000);
insert into t_car_model(cm_id , cs_id , cm_name,cm_type ,cm_order , cm_state , cm_min_price , cm_max_price) values(51511,60,'2021款 G 500 炽炎特别版','2021款',1,1,2127000,2127000);
insert into t_car_model(cm_id , cs_id , cm_name,cm_type ,cm_order , cm_state , cm_min_price , cm_max_price) values(52538,60,'2021款 G 500','2021款',2,1,1820000,1820000);
insert into t_car_model(cm_id , cs_id , cm_name,cm_type ,cm_order , cm_state , cm_min_price , cm_max_price) values(47356,60,'2020款 G 350','2020款',1,1,1429800,1429800);
insert into t_car_model(cm_id , cs_id , cm_name,cm_type ,cm_order , cm_state , cm_min_price , cm_max_price) values(43082,60,'2020款 G 500','2020款',2,1,1628800,1628800);
insert into t_car_model(cm_id , cs_id , cm_name,cm_type ,cm_order , cm_state , cm_min_price , cm_max_price) values(44225,60,'2020款 G 500 暗夜特别版','2020款',3,1,1858800,1858800);
insert into t_car_model(cm_id , cs_id , cm_name,cm_type ,cm_order , cm_state , cm_min_price , cm_max_price) values(40013,60,'2020款 G 500 时光铭刻特别版','2020款',4,1,1898800,1898800);
insert into t_car_model(cm_id , cs_id , cm_name,cm_type ,cm_order , cm_state , cm_min_price , cm_max_price) values(33268,60,'2019款 G 500','2019款',1,1,1558800,1558800);
insert into t_car_model(cm_id , cs_id , cm_name,cm_type ,cm_order , cm_state , cm_min_price , cm_max_price) values(39584,60,'2019款 改款 G 500','2019款',2,1,1588000,1588000);
insert into t_car_model(cm_id , cs_id , cm_name,cm_type ,cm_order , cm_state , cm_min_price , cm_max_price) values(30460,60,'2018款 G 500 designo 匠心典藏版','2018款',1,1,1698800,1698800);
insert into t_car_model(cm_id , cs_id , cm_name,cm_type ,cm_order , cm_state , cm_min_price , cm_max_price) values(22690,60,'2017款 G 350 d','2017款',1,1,1228800,1228800);
insert into t_car_model(cm_id , cs_id , cm_name,cm_type ,cm_order , cm_state , cm_min_price , cm_max_price) values(28573,60,'2017款 G 500 卓越版','2017款',2,1,1798000,1798000);
insert into t_car_model(cm_id , cs_id , cm_name,cm_type ,cm_order , cm_state , cm_min_price , cm_max_price) values(28602,60,'2017款 G 500','2017款',3,1,1568800,1568800);
insert into t_car_model(cm_id , cs_id , cm_name,cm_type ,cm_order , cm_state , cm_min_price , cm_max_price) values(25070,60,'2016款 G 500','2016款',1,1,1698000,1698000);
insert into t_car_model(cm_id , cs_id , cm_name,cm_type ,cm_order , cm_state , cm_min_price , cm_max_price) values(22608,60,'2015款 G 500 重装版','2015款',1,1,1818000,1818000);
insert into t_car_model(cm_id , cs_id , cm_name,cm_type ,cm_order , cm_state , cm_min_price , cm_max_price) values(12545,60,'2013款 G 500','2013款',1,1,1698000,1698000);
insert into t_car_model(cm_id , cs_id , cm_name,cm_type ,cm_order , cm_state , cm_min_price , cm_max_price) values(6157,60,'2010款 G 500','2010款',1,1,1698000,1698000);
insert into t_car_model(cm_id , cs_id , cm_name,cm_type ,cm_order , cm_state , cm_min_price , cm_max_price) values(5486,60,'2009款 G 55 AMG','2009款',1,1,2258000,2258000);
insert into t_car_model(cm_id , cs_id , cm_name,cm_type ,cm_order , cm_state , cm_min_price , cm_max_price) values(2948,60,'2007款 G 55 AMG','2007款',1,1,1898000,1898000);
insert into t_car_model(cm_id , cs_id , cm_name,cm_type ,cm_order , cm_state , cm_min_price , cm_max_price) values(323,60,'2004款 G 500','2004款',1,1,1385000,1385000);
insert into t_car_series(cs_id,cbf_id,cs_name,cs_order,cs_letter) values(3688,47,'奔驰GLS',557,'B');
insert into t_car_model(cm_id , cs_id , cm_name,cm_type ,cm_order , cm_state , cm_min_price , cm_max_price) values(48943,3688,'2021款 GLS 400 4MATIC','2021款',1,1,1028000,1028000);
insert into t_car_model(cm_id , cs_id , cm_name,cm_type ,cm_order , cm_state , cm_min_price , cm_max_price) values(52043,3688,'2021款 改款 GLS 450 4MATIC 时尚型','2021款',2,1,1164000,1164000);
insert into t_car_model(cm_id , cs_id , cm_name,cm_type ,cm_order , cm_state , cm_min_price , cm_max_price) values(52044,3688,'2021款 改款 GLS 450 4MATIC 豪华型','2021款',3,1,1327000,1327000);
insert into t_car_model(cm_id , cs_id , cm_name,cm_type ,cm_order , cm_state , cm_min_price , cm_max_price) values(48944,3688,'2021款 GLS 450 4MATIC 时尚型','2021款',4,1,1136000,1136000);
insert into t_car_model(cm_id , cs_id , cm_name,cm_type ,cm_order , cm_state , cm_min_price , cm_max_price) values(48945,3688,'2021款 GLS 450 4MATIC 豪华型','2021款',5,1,1299000,1299000);
insert into t_car_model(cm_id , cs_id , cm_name,cm_type ,cm_order , cm_state , cm_min_price , cm_max_price) values(43000,3688,'2020款 GLS 450 4MATIC 动感型','2020款',1,1,1038000,1038000);
insert into t_car_model(cm_id , cs_id , cm_name,cm_type ,cm_order , cm_state , cm_min_price , cm_max_price) values(39007,3688,'2020款 GLS 450 4MATIC 豪华型','2020款',2,1,1268000,1268000);
insert into t_car_model(cm_id , cs_id , cm_name,cm_type ,cm_order , cm_state , cm_min_price , cm_max_price) values(37316,3688,'2019款 GLS 320 4MATIC臻藏版','2019款',1,1,934800,934800);
insert into t_car_model(cm_id , cs_id , cm_name,cm_type ,cm_order , cm_state , cm_min_price , cm_max_price) values(37317,3688,'2019款 GLS 400 4MATIC动感型臻藏版','2019款',2,1,1049800,1049800);
insert into t_car_model(cm_id , cs_id , cm_name,cm_type ,cm_order , cm_state , cm_min_price , cm_max_price) values(32471,3688,'2018款 GLS 320 4MATIC','2018款',1,1,1028000,1028000);
insert into t_car_model(cm_id , cs_id , cm_name,cm_type ,cm_order , cm_state , cm_min_price , cm_max_price) values(32474,3688,'2018款 GLS 350d 4MATIC','2018款',2,1,1076000,1076000);
insert into t_car_model(cm_id , cs_id , cm_name,cm_type ,cm_order , cm_state , cm_min_price , cm_max_price) values(32475,3688,'2018款 GLS 400 4MATIC动感型','2018款',3,1,1158000,1158000);
insert into t_car_model(cm_id , cs_id , cm_name,cm_type ,cm_order , cm_state , cm_min_price , cm_max_price) values(32476,3688,'2018款 GLS 400 4MATIC豪华型','2018款',4,1,1343000,1343000);
insert into t_car_model(cm_id , cs_id , cm_name,cm_type ,cm_order , cm_state , cm_min_price , cm_max_price) values(32477,3688,'2018款 GLS 500 4MATIC','2018款',5,1,1598000,1598000);
insert into t_car_model(cm_id , cs_id , cm_name,cm_type ,cm_order , cm_state , cm_min_price , cm_max_price) values(34132,3688,'2018款 改款 GLS 320 4MATIC','2018款',6,1,934800,934800);
insert into t_car_model(cm_id , cs_id , cm_name,cm_type ,cm_order , cm_state , cm_min_price , cm_max_price) values(34133,3688,'2018款 改款 GLS 350d 4MATIC','2018款',7,1,975800,975800);
insert into t_car_model(cm_id , cs_id , cm_name,cm_type ,cm_order , cm_state , cm_min_price , cm_max_price) values(34134,3688,'2018款 改款 GLS 400 4MATIC动感型','2018款',8,1,1049800,1049800);
insert into t_car_model(cm_id , cs_id , cm_name,cm_type ,cm_order , cm_state , cm_min_price , cm_max_price) values(34135,3688,'2018款 改款 GLS 400 4MATIC豪华型','2018款',9,1,1219800,1219800);
insert into t_car_model(cm_id , cs_id , cm_name,cm_type ,cm_order , cm_state , cm_min_price , cm_max_price) values(34136,3688,'2018款 改款 GLS 500 4MATIC','2018款',10,1,1488800,1488800);
insert into t_car_model(cm_id , cs_id , cm_name,cm_type ,cm_order , cm_state , cm_min_price , cm_max_price) values(28858,3688,'2017款 GLS 350d 4MATIC','2017款',1,1,1076000,1076000);
insert into t_car_model(cm_id , cs_id , cm_name,cm_type ,cm_order , cm_state , cm_min_price , cm_max_price) values(28450,3688,'2017款 GLS 400 4MATIC时尚型','2017款',2,1,1082000,1082000);
insert into t_car_model(cm_id , cs_id , cm_name,cm_type ,cm_order , cm_state , cm_min_price , cm_max_price) values(28859,3688,'2017款 GLS 400 4MATIC动感型','2017款',3,1,1158000,1158000);
insert into t_car_model(cm_id , cs_id , cm_name,cm_type ,cm_order , cm_state , cm_min_price , cm_max_price) values(28861,3688,'2017款 GLS 400 4MATIC豪华型','2017款',4,1,1343000,1343000);
insert into t_car_model(cm_id , cs_id , cm_name,cm_type ,cm_order , cm_state , cm_min_price , cm_max_price) values(28862,3688,'2017款 GLS 500 4MATIC','2017款',5,1,1598000,1598000);
insert into t_car_model(cm_id , cs_id , cm_name,cm_type ,cm_order , cm_state , cm_min_price , cm_max_price) values(24426,3688,'2016款 GLS 350d 4MATIC','2016款',1,1,1076000,1076000);
insert into t_car_model(cm_id , cs_id , cm_name,cm_type ,cm_order , cm_state , cm_min_price , cm_max_price) values(25592,3688,'2016款 GLS 400 4MATIC动感型','2016款',2,1,1158000,1158000);
insert into t_car_model(cm_id , cs_id , cm_name,cm_type ,cm_order , cm_state , cm_min_price , cm_max_price) values(25593,3688,'2016款 GLS 400 4MATIC豪华型','2016款',3,1,1343000,1343000);
insert into t_car_model(cm_id , cs_id , cm_name,cm_type ,cm_order , cm_state , cm_min_price , cm_max_price) values(24427,3688,'2016款 GLS 500 4MATIC','2016款',4,1,1598000,1598000);
insert into t_car_series(cs_id,cbf_id,cs_name,cs_order,cs_letter) values(4344,47,'奔驰S级新能源',563,'B');
insert into t_car_model(cm_id , cs_id , cm_name,cm_type ,cm_order , cm_state , cm_min_price , cm_max_price) values(28887,4344,'2017款 S 500 e L','2017款',1,1,1758000,1758000);
insert into t_car_model(cm_id , cs_id , cm_name,cm_type ,cm_order , cm_state , cm_min_price , cm_max_price) values(22610,4344,'2016款 S 500 e L','2016款',1,1,1758000,1758000);
insert into t_car_series(cs_id,cbf_id,cs_name,cs_order,cs_letter) values(3079,47,'奔驰GLA(进口)',564,'B');
insert into t_car_model(cm_id , cs_id , cm_name,cm_type ,cm_order , cm_state , cm_min_price , cm_max_price) values(22366,3079,'2015款 GLA 260 4MATIC劳伦斯特别版','2015款',1,1,398000,398000);
insert into t_car_model(cm_id , cs_id , cm_name,cm_type ,cm_order , cm_state , cm_min_price , cm_max_price) values(20664,3079,'2015款 GLA 260 4MATIC','2015款',2,1,398000,398000);
insert into t_car_model(cm_id , cs_id , cm_name,cm_type ,cm_order , cm_state , cm_min_price , cm_max_price) values(20665,3079,'2015款 GLA 200','2015款',3,1,289800,289800);
insert into t_car_series(cs_id,cbf_id,cs_name,cs_order,cs_letter) values(192,47,'威霆(进口)',574,'W');
insert into t_car_model(cm_id , cs_id , cm_name,cm_type ,cm_order , cm_state , cm_min_price , cm_max_price) values(7246,192,'2010款 VITO 3.2L 紧凑型','2010款',1,1,330000,330000);
insert into t_car_model(cm_id , cs_id , cm_name,cm_type ,cm_order , cm_state , cm_min_price , cm_max_price) values(7247,192,'2010款 VITO 3.2L 长型','2010款',2,1,340000,340000);
insert into t_car_model(cm_id , cs_id , cm_name,cm_type ,cm_order , cm_state , cm_min_price , cm_max_price) values(7248,192,'2010款 VITO 3.2L 加长型','2010款',3,1,350000,350000);
insert into t_car_model(cm_id , cs_id , cm_name,cm_type ,cm_order , cm_state , cm_min_price , cm_max_price) values(765,192,'2004款 VITO 2.3L','2004款',1,1,380000,380000);
insert into t_car_series(cs_id,cbf_id,cs_name,cs_order,cs_letter) values(2005,47,'Sprinter',576,'S');
insert into t_car_model(cm_id , cs_id , cm_name,cm_type ,cm_order , cm_state , cm_min_price , cm_max_price) values(6775,2005,'2009款 增配版','2009款',1,1,1250000,1250000);
insert into t_car_series(cs_id,cbf_id,cs_name,cs_order,cs_letter) values(595,47,'奔驰GLK级(进口)',587,'B');
insert into t_car_model(cm_id , cs_id , cm_name,cm_type ,cm_order , cm_state , cm_min_price , cm_max_price) values(8548,595,'2011款 GLK 300 4MATIC 动感型','2011款',1,1,448000,448000);
insert into t_car_model(cm_id , cs_id , cm_name,cm_type ,cm_order , cm_state , cm_min_price , cm_max_price) values(8612,595,'2011款 GLK 300 4MATIC 时尚型','2011款',2,1,495000,495000);
insert into t_car_model(cm_id , cs_id , cm_name,cm_type ,cm_order , cm_state , cm_min_price , cm_max_price) values(8152,595,'2011款 GLK 300 4MATIC 豪华型','2011款',3,1,618000,618000);
insert into t_car_model(cm_id , cs_id , cm_name,cm_type ,cm_order , cm_state , cm_min_price , cm_max_price) values(6726,595,'2011款 GLK 350 4MATIC','2011款',4,1,728000,728000);
insert into t_car_model(cm_id , cs_id , cm_name,cm_type ,cm_order , cm_state , cm_min_price , cm_max_price) values(7211,595,'2010款 GLK 300 4MATIC 时尚型','2010款',1,1,528000,528000);
insert into t_car_model(cm_id , cs_id , cm_name,cm_type ,cm_order , cm_state , cm_min_price , cm_max_price) values(3901,595,'2008款 GLK 300 4MATIC 豪华型','2008款',1,1,598000,598000);
insert into t_car_model(cm_id , cs_id , cm_name,cm_type ,cm_order , cm_state , cm_min_price , cm_max_price) values(3903,595,'2008款 GLK 350 4MATIC','2008款',2,1,698000,698000);
insert into t_car_series(cs_id,cbf_id,cs_name,cs_order,cs_letter) values(57,47,'奔驰M级',588,'B');
insert into t_car_model(cm_id , cs_id , cm_name,cm_type ,cm_order , cm_state , cm_min_price , cm_max_price) values(22851,57,'2015款 ML 350 CDI 4MATIC','2015款',1,1,852000,852000);
insert into t_car_model(cm_id , cs_id , cm_name,cm_type ,cm_order , cm_state , cm_min_price , cm_max_price) values(22850,57,'2015款 ML 320 4MATIC','2015款',2,1,812000,812000);
insert into t_car_model(cm_id , cs_id , cm_name,cm_type ,cm_order , cm_state , cm_min_price , cm_max_price) values(22852,57,'2015款 ML 400 4MATIC动感型','2015款',3,1,916000,916000);
insert into t_car_model(cm_id , cs_id , cm_name,cm_type ,cm_order , cm_state , cm_min_price , cm_max_price) values(22853,57,'2015款 ML 400 4MATIC豪华型','2015款',4,1,998000,998000);
insert into t_car_model(cm_id , cs_id , cm_name,cm_type ,cm_order , cm_state , cm_min_price , cm_max_price) values(17515,57,'2014款 ML 320 4MATIC','2014款',1,1,808000,808000);
insert into t_car_model(cm_id , cs_id , cm_name,cm_type ,cm_order , cm_state , cm_min_price , cm_max_price) values(17649,57,'2014款 ML 350 CDI 4MATIC','2014款',2,1,848000,848000);
insert into t_car_model(cm_id , cs_id , cm_name,cm_type ,cm_order , cm_state , cm_min_price , cm_max_price) values(17516,57,'2014款 ML 400 4MATIC动感型','2014款',3,1,908000,908000);
insert into t_car_model(cm_id , cs_id , cm_name,cm_type ,cm_order , cm_state , cm_min_price , cm_max_price) values(17517,57,'2014款 ML 400 4MATIC豪华型','2014款',4,1,998000,998000);
insert into t_car_model(cm_id , cs_id , cm_name,cm_type ,cm_order , cm_state , cm_min_price , cm_max_price) values(13735,57,'2012款 ML 300','2012款',1,1,799000,799000);
insert into t_car_model(cm_id , cs_id , cm_name,cm_type ,cm_order , cm_state , cm_min_price , cm_max_price) values(12340,57,'2012款 ML 350 动感型','2012款',2,1,898000,898000);
insert into t_car_model(cm_id , cs_id , cm_name,cm_type ,cm_order , cm_state , cm_min_price , cm_max_price) values(12372,57,'2012款 ML 350 豪华型','2012款',3,1,998000,998000);
insert into t_car_model(cm_id , cs_id , cm_name,cm_type ,cm_order , cm_state , cm_min_price , cm_max_price) values(7356,57,'2010款 ML 300 4MATIC','2010款',1,1,778000,778000);
insert into t_car_model(cm_id , cs_id , cm_name,cm_type ,cm_order , cm_state , cm_min_price , cm_max_price) values(7733,57,'2010款 ML 350 4MATIC豪华型','2010款',2,1,898000,898000);
insert into t_car_model(cm_id , cs_id , cm_name,cm_type ,cm_order , cm_state , cm_min_price , cm_max_price) values(8553,57,'2010款 ML 350 4MATIC豪华型特别版','2010款',3,1,898000,898000);
insert into t_car_model(cm_id , cs_id , cm_name,cm_type ,cm_order , cm_state , cm_min_price , cm_max_price) values(7734,57,'2010款 ML 500 4MATIC','2010款',4,1,1392000,1392000);
insert into t_car_model(cm_id , cs_id , cm_name,cm_type ,cm_order , cm_state , cm_min_price , cm_max_price) values(8554,57,'2010款 ML 500 4MATIC特别版','2010款',5,1,1418000,1418000);
insert into t_car_model(cm_id , cs_id , cm_name,cm_type ,cm_order , cm_state , cm_min_price , cm_max_price) values(3586,57,'2008款 ML 350 4MATIC动感型','2008款',1,1,848000,848000);
insert into t_car_model(cm_id , cs_id , cm_name,cm_type ,cm_order , cm_state , cm_min_price , cm_max_price) values(3587,57,'2008款 ML 350 4MATIC豪华型','2008款',2,1,898000,898000);
insert into t_car_model(cm_id , cs_id , cm_name,cm_type ,cm_order , cm_state , cm_min_price , cm_max_price) values(3619,57,'2008款 ML 500 4MATIC','2008款',3,1,1298000,1298000);
insert into t_car_model(cm_id , cs_id , cm_name,cm_type ,cm_order , cm_state , cm_min_price , cm_max_price) values(2947,57,'2007款 ML 63 AMG','2007款',1,1,1958000,1958000);
insert into t_car_model(cm_id , cs_id , cm_name,cm_type ,cm_order , cm_state , cm_min_price , cm_max_price) values(2193,57,'2006款 ML 350 运动型','2006款',1,1,858000,858000);
insert into t_car_model(cm_id , cs_id , cm_name,cm_type ,cm_order , cm_state , cm_min_price , cm_max_price) values(2174,57,'2006款 ML 350 尊贵型','2006款',2,1,888000,888000);
insert into t_car_model(cm_id , cs_id , cm_name,cm_type ,cm_order , cm_state , cm_min_price , cm_max_price) values(2175,57,'2006款 ML 500','2006款',3,1,1198000,1198000);
insert into t_car_model(cm_id , cs_id , cm_name,cm_type ,cm_order , cm_state , cm_min_price , cm_max_price) values(335,57,'2005款 ML 350','2005款',1,1,858000,858000);
insert into t_car_model(cm_id , cs_id , cm_name,cm_type ,cm_order , cm_state , cm_min_price , cm_max_price) values(343,57,'2005款 ML 500','2005款',2,1,1198000,1198000);
insert into t_car_series(cs_id,cbf_id,cs_name,cs_order,cs_letter) values(467,47,'奔驰GL级',590,'B');
insert into t_car_model(cm_id , cs_id , cm_name,cm_type ,cm_order , cm_state , cm_min_price , cm_max_price) values(23143,467,'2015款 GL 350 CDI 4MATIC','2015款',1,1,1045000,1045000);
insert into t_car_model(cm_id , cs_id , cm_name,cm_type ,cm_order , cm_state , cm_min_price , cm_max_price) values(23144,467,'2015款 GL 400 4MATIC动感型','2015款',2,1,1105000,1105000);
insert into t_car_model(cm_id , cs_id , cm_name,cm_type ,cm_order , cm_state , cm_min_price , cm_max_price) values(23145,467,'2015款 GL 400 4MATIC豪华型','2015款',3,1,1305000,1305000);
insert into t_car_model(cm_id , cs_id , cm_name,cm_type ,cm_order , cm_state , cm_min_price , cm_max_price) values(22308,467,'2015款 GL 500 4MATIC','2015款',4,1,1598000,1598000);
insert into t_car_model(cm_id , cs_id , cm_name,cm_type ,cm_order , cm_state , cm_min_price , cm_max_price) values(17653,467,'2014款 GL 350 CDI 4MATIC','2014款',1,1,1038000,1038000);
insert into t_car_model(cm_id , cs_id , cm_name,cm_type ,cm_order , cm_state , cm_min_price , cm_max_price) values(17645,467,'2014款 GL 400 4MATIC动感型','2014款',2,1,1098000,1098000);
insert into t_car_model(cm_id , cs_id , cm_name,cm_type ,cm_order , cm_state , cm_min_price , cm_max_price) values(17646,467,'2014款 GL 400 4MATIC豪华型','2014款',3,1,1298000,1298000);
insert into t_car_model(cm_id , cs_id , cm_name,cm_type ,cm_order , cm_state , cm_min_price , cm_max_price) values(15810,467,'2013款 GL 500 4MATIC','2013款',1,1,1598000,1598000);
insert into t_car_model(cm_id , cs_id , cm_name,cm_type ,cm_order , cm_state , cm_min_price , cm_max_price) values(9207,467,'2011款 GL 450 4MATIC尊贵型','2011款',1,1,1598000,1598000);
insert into t_car_model(cm_id , cs_id , cm_name,cm_type ,cm_order , cm_state , cm_min_price , cm_max_price) values(10257,467,'2011款 GL 450 尊贵型 Grand Edition','2011款',2,1,1598000,1598000);
insert into t_car_model(cm_id , cs_id , cm_name,cm_type ,cm_order , cm_state , cm_min_price , cm_max_price) values(4643,467,'2008款 GL 450 4MATIC经典型','2008款',1,1,1478000,1478000);
insert into t_car_model(cm_id , cs_id , cm_name,cm_type ,cm_order , cm_state , cm_min_price , cm_max_price) values(4644,467,'2008款 GL 450 4MATIC尊贵型','2008款',2,1,1598000,1598000);
insert into t_car_model(cm_id , cs_id , cm_name,cm_type ,cm_order , cm_state , cm_min_price , cm_max_price) values(2466,467,'2006款 GL 450 4MATIC','2006款',1,1,1478000,1478000);
insert into t_car_series(cs_id,cbf_id,cs_name,cs_order,cs_letter) values(469,47,'奔驰R级',594,'B');
insert into t_car_model(cm_id , cs_id , cm_name,cm_type ,cm_order , cm_state , cm_min_price , cm_max_price) values(28685,469,'2017款 R 320 4MATIC 商务型臻藏版','2017款',1,1,548800,548800);
insert into t_car_model(cm_id , cs_id , cm_name,cm_type ,cm_order , cm_state , cm_min_price , cm_max_price) values(28686,469,'2017款 R 320 4MATIC 豪华型臻藏版','2017款',2,1,632800,632800);
insert into t_car_model(cm_id , cs_id , cm_name,cm_type ,cm_order , cm_state , cm_min_price , cm_max_price) values(28687,469,'2017款 R 400 4MATIC 臻藏版','2017款',3,1,726800,726800);
insert into t_car_model(cm_id , cs_id , cm_name,cm_type ,cm_order , cm_state , cm_min_price , cm_max_price) values(23384,469,'2015款 R 320 4MATIC 豪华型','2015款',1,1,686000,686000);
insert into t_car_model(cm_id , cs_id , cm_name,cm_type ,cm_order , cm_state , cm_min_price , cm_max_price) values(23385,469,'2015款 R 400 4MATIC 商务型','2015款',2,1,756000,756000);
insert into t_car_model(cm_id , cs_id , cm_name,cm_type ,cm_order , cm_state , cm_min_price , cm_max_price) values(23386,469,'2015款 R 400 4MATIC 豪华型','2015款',3,1,806000,806000);
insert into t_car_model(cm_id , cs_id , cm_name,cm_type ,cm_order , cm_state , cm_min_price , cm_max_price) values(18958,469,'2014款 R 320 4MATIC 商务型','2014款',1,1,598000,598000);
insert into t_car_model(cm_id , cs_id , cm_name,cm_type ,cm_order , cm_state , cm_min_price , cm_max_price) values(18959,469,'2014款 R 320 4MATIC 豪华型','2014款',2,1,678000,678000);
insert into t_car_model(cm_id , cs_id , cm_name,cm_type ,cm_order , cm_state , cm_min_price , cm_max_price) values(18960,469,'2014款 R 400 4MATIC 商务型','2014款',3,1,748000,748000);
insert into t_car_model(cm_id , cs_id , cm_name,cm_type ,cm_order , cm_state , cm_min_price , cm_max_price) values(18961,469,'2014款 R 400 4MATIC 豪华型','2014款',4,1,798000,798000);
insert into t_car_model(cm_id , cs_id , cm_name,cm_type ,cm_order , cm_state , cm_min_price , cm_max_price) values(17241,469,'2011款 R 300 L 商务型','2011款',1,1,598000,598000);
insert into t_car_model(cm_id , cs_id , cm_name,cm_type ,cm_order , cm_state , cm_min_price , cm_max_price) values(18046,469,'2011款 R 300 L 豪华型','2011款',2,1,728000,728000);
insert into t_car_model(cm_id , cs_id , cm_name,cm_type ,cm_order , cm_state , cm_min_price , cm_max_price) values(18047,469,'2011款 R 350 L 4MATIC','2011款',3,1,798000,798000);
insert into t_car_model(cm_id , cs_id , cm_name,cm_type ,cm_order , cm_state , cm_min_price , cm_max_price) values(7045,469,'2010款 R 350 L 4MATIC Grand Edition','2010款',1,1,848000,848000);
insert into t_car_model(cm_id , cs_id , cm_name,cm_type ,cm_order , cm_state , cm_min_price , cm_max_price) values(7046,469,'2010款 R 500 L 4MATIC Grand Edition','2010款',2,1,1212000,1212000);
insert into t_car_model(cm_id , cs_id , cm_name,cm_type ,cm_order , cm_state , cm_min_price , cm_max_price) values(8556,469,'2010款 R 500 L 4MATIC','2010款',3,1,1248000,1248000);
insert into t_car_model(cm_id , cs_id , cm_name,cm_type ,cm_order , cm_state , cm_min_price , cm_max_price) values(8551,469,'2010款 R 300 L 商务型','2010款',4,1,598000,598000);
insert into t_car_model(cm_id , cs_id , cm_name,cm_type ,cm_order , cm_state , cm_min_price , cm_max_price) values(8552,469,'2010款 R 300 L 豪华型','2010款',5,1,728000,728000);
insert into t_car_model(cm_id , cs_id , cm_name,cm_type ,cm_order , cm_state , cm_min_price , cm_max_price) values(8555,469,'2010款 R 350 L 4MATIC','2010款',6,1,798000,798000);
insert into t_car_model(cm_id , cs_id , cm_name,cm_type ,cm_order , cm_state , cm_min_price , cm_max_price) values(5201,469,'2009款 R 300 L 商务型','2009款',1,1,698000,698000);
insert into t_car_model(cm_id , cs_id , cm_name,cm_type ,cm_order , cm_state , cm_min_price , cm_max_price) values(4019,469,'2009款 R 300 L 豪华型','2009款',2,1,768000,768000);
insert into t_car_model(cm_id , cs_id , cm_name,cm_type ,cm_order , cm_state , cm_min_price , cm_max_price) values(3545,469,'2007款 R 350 L 4MATIC','2007款',1,1,838000,838000);
insert into t_car_model(cm_id , cs_id , cm_name,cm_type ,cm_order , cm_state , cm_min_price , cm_max_price) values(3546,469,'2007款 R 500 L 4MATIC','2007款',2,1,1168000,1168000);
insert into t_car_model(cm_id , cs_id , cm_name,cm_type ,cm_order , cm_state , cm_min_price , cm_max_price) values(2502,469,'2006款 R 350 4MATIC','2006款',1,1,750000,750000);
insert into t_car_model(cm_id , cs_id , cm_name,cm_type ,cm_order , cm_state , cm_min_price , cm_max_price) values(2503,469,'2006款 R 500 4MATIC','2006款',2,1,899000,899000);
insert into t_car_series(cs_id,cbf_id,cs_name,cs_order,cs_letter) values(300,47,'唯雅诺(进口)',595,'W');
insert into t_car_model(cm_id , cs_id , cm_name,cm_type ,cm_order , cm_state , cm_min_price , cm_max_price) values(9373,300,'2011款 3.2L 马可波罗','2011款',1,1,0,0);
insert into t_car_model(cm_id , cs_id , cm_name,cm_type ,cm_order , cm_state , cm_min_price , cm_max_price) values(10975,300,'2011款 3.5L 125周年纪念版 6座','2011款',2,1,868000,868000);
insert into t_car_model(cm_id , cs_id , cm_name,cm_type ,cm_order , cm_state , cm_min_price , cm_max_price) values(11144,300,'2011款 3.5L 125周年纪念版 7座','2011款',3,1,868000,868000);
insert into t_car_model(cm_id , cs_id , cm_name,cm_type ,cm_order , cm_state , cm_min_price , cm_max_price) values(7245,300,'2010款 Viano 3.2L','2010款',1,1,728000,728000);
insert into t_car_model(cm_id , cs_id , cm_name,cm_type ,cm_order , cm_state , cm_min_price , cm_max_price) values(8729,300,'2010款 Viano 3.5L','2010款',2,1,828000,828000);
insert into t_car_model(cm_id , cs_id , cm_name,cm_type ,cm_order , cm_state , cm_min_price , cm_max_price) values(2437,300,'2006款 Viano 3.2L','2006款',1,1,650000,650000);
insert into t_car_model(cm_id , cs_id , cm_name,cm_type ,cm_order , cm_state , cm_min_price , cm_max_price) values(1141,300,'2004款 Viano 3.2L','2004款',1,1,570000,570000);
insert into t_car_series(cs_id,cbf_id,cs_name,cs_order,cs_letter) values(235,47,'奔驰CLK级',601,'B');
insert into t_car_model(cm_id , cs_id , cm_name,cm_type ,cm_order , cm_state , cm_min_price , cm_max_price) values(2195,235,'2006款 CLK 200K 双门轿跑车','2006款',1,1,661000,661000);
insert into t_car_model(cm_id , cs_id , cm_name,cm_type ,cm_order , cm_state , cm_min_price , cm_max_price) values(2198,235,'2006款 CLK 200K 敞篷跑车','2006款',2,1,731000,731000);
insert into t_car_model(cm_id , cs_id , cm_name,cm_type ,cm_order , cm_state , cm_min_price , cm_max_price) values(2196,235,'2006款 CLK 280 双门轿跑车','2006款',3,1,750000,750000);
insert into t_car_model(cm_id , cs_id , cm_name,cm_type ,cm_order , cm_state , cm_min_price , cm_max_price) values(2199,235,'2006款 CLK 280 敞篷跑车','2006款',4,1,820000,820000);
insert into t_car_model(cm_id , cs_id , cm_name,cm_type ,cm_order , cm_state , cm_min_price , cm_max_price) values(2197,235,'2006款 CLK 350 双门轿跑车','2006款',5,1,822000,822000);
insert into t_car_model(cm_id , cs_id , cm_name,cm_type ,cm_order , cm_state , cm_min_price , cm_max_price) values(2200,235,'2006款 CLK 350 敞篷跑车','2006款',6,1,918000,918000);
insert into t_car_model(cm_id , cs_id , cm_name,cm_type ,cm_order , cm_state , cm_min_price , cm_max_price) values(807,235,'2004款 CLK 240 跑车版','2004款',1,1,640000,640000);
insert into t_car_model(cm_id , cs_id , cm_name,cm_type ,cm_order , cm_state , cm_min_price , cm_max_price) values(209,235,'2004款 CLK 240 敞蓬版','2004款',2,1,650000,650000);
insert into t_car_series(cs_id,cbf_id,cs_name,cs_order,cs_letter) values(683,47,'奔驰CL级',602,'B');
insert into t_car_model(cm_id , cs_id , cm_name,cm_type ,cm_order , cm_state , cm_min_price , cm_max_price) values(4556,683,'2008款 CL 600','2008款',1,1,2498000,2498000);
insert into t_car_series(cs_id,cbf_id,cs_name,cs_order,cs_letter) values(3278,47,'奔驰SLC',606,'B');
insert into t_car_model(cm_id , cs_id , cm_name,cm_type ,cm_order , cm_state , cm_min_price , cm_max_price) values(40744,3278,'2019款 SLC 260 瑾瑜典藏版','2019款',1,1,508800,508800);
insert into t_car_model(cm_id , cs_id , cm_name,cm_type ,cm_order , cm_state , cm_min_price , cm_max_price) values(34609,3278,'2018款 SLC 260 朱颜特别版','2018款',1,1,583000,583000);
insert into t_car_model(cm_id , cs_id , cm_name,cm_type ,cm_order , cm_state , cm_min_price , cm_max_price) values(34607,3278,'2018款 SLC 260 动感型','2018款',2,1,506800,506800);
insert into t_car_model(cm_id , cs_id , cm_name,cm_type ,cm_order , cm_state , cm_min_price , cm_max_price) values(34610,3278,'2018款 SLC 300 豪华运动型','2018款',3,1,623800,623800);
insert into t_car_model(cm_id , cs_id , cm_name,cm_type ,cm_order , cm_state , cm_min_price , cm_max_price) values(27596,3278,'2016款 SLC 200 时尚型','2016款',1,1,595000,595000);
insert into t_car_model(cm_id , cs_id , cm_name,cm_type ,cm_order , cm_state , cm_min_price , cm_max_price) values(27595,3278,'2016款 SLC 200 动感型','2016款',2,1,559600,559600);
insert into t_car_model(cm_id , cs_id , cm_name,cm_type ,cm_order , cm_state , cm_min_price , cm_max_price) values(27597,3278,'2016款 SLC 300 豪华运动型','2016款',3,1,688000,688000);
insert into t_car_series(cs_id,cbf_id,cs_name,cs_order,cs_letter) values(267,47,'奔驰SLK级',607,'B');
insert into t_car_model(cm_id , cs_id , cm_name,cm_type ,cm_order , cm_state , cm_min_price , cm_max_price) values(21581,267,'2015款 SLK 200 碳纤维限量版','2015款',1,1,663000,663000);
insert into t_car_model(cm_id , cs_id , cm_name,cm_type ,cm_order , cm_state , cm_min_price , cm_max_price) values(9362,267,'2011款 SLK 350','2011款',1,1,898000,898000);
insert into t_car_model(cm_id , cs_id , cm_name,cm_type ,cm_order , cm_state , cm_min_price , cm_max_price) values(10949,267,'2011款 SLK 200 豪华运动型','2011款',2,1,663000,663000);
insert into t_car_model(cm_id , cs_id , cm_name,cm_type ,cm_order , cm_state , cm_min_price , cm_max_price) values(10948,267,'2011款 SLK 200 时尚型','2011款',3,1,588000,588000);
insert into t_car_model(cm_id , cs_id , cm_name,cm_type ,cm_order , cm_state , cm_min_price , cm_max_price) values(8076,267,'2010款 SLK 200K','2010款',1,1,598000,598000);
insert into t_car_model(cm_id , cs_id , cm_name,cm_type ,cm_order , cm_state , cm_min_price , cm_max_price) values(8073,267,'2010款 SLK 200K Grand Edition','2010款',2,1,598000,598000);
insert into t_car_model(cm_id , cs_id , cm_name,cm_type ,cm_order , cm_state , cm_min_price , cm_max_price) values(8074,267,'2010款 SLK 300 Grand Edition','2010款',3,1,739000,739000);
insert into t_car_model(cm_id , cs_id , cm_name,cm_type ,cm_order , cm_state , cm_min_price , cm_max_price) values(8075,267,'2010款 SLK 350 Grand Edition','2010款',4,1,861000,861000);
insert into t_car_model(cm_id , cs_id , cm_name,cm_type ,cm_order , cm_state , cm_min_price , cm_max_price) values(4386,267,'2009款 SLK 200K','2009款',1,1,598000,598000);
insert into t_car_model(cm_id , cs_id , cm_name,cm_type ,cm_order , cm_state , cm_min_price , cm_max_price) values(4387,267,'2009款 SLK 300','2009款',2,1,739000,739000);
insert into t_car_model(cm_id , cs_id , cm_name,cm_type ,cm_order , cm_state , cm_min_price , cm_max_price) values(5987,267,'2009款 SLK 300 黑白经典版','2009款',3,1,779000,779000);
insert into t_car_model(cm_id , cs_id , cm_name,cm_type ,cm_order , cm_state , cm_min_price , cm_max_price) values(4388,267,'2009款 SLK 350','2009款',4,1,861000,861000);
insert into t_car_model(cm_id , cs_id , cm_name,cm_type ,cm_order , cm_state , cm_min_price , cm_max_price) values(6002,267,'2009款 SLK 350 黑白经典版','2009款',5,1,908000,908000);
insert into t_car_model(cm_id , cs_id , cm_name,cm_type ,cm_order , cm_state , cm_min_price , cm_max_price) values(3916,267,'2008款 SLK 200K PASSION','2008款',1,1,676000,676000);
insert into t_car_model(cm_id , cs_id , cm_name,cm_type ,cm_order , cm_state , cm_min_price , cm_max_price) values(3917,267,'2008款 SLK 280 PASSION','2008款',2,1,754000,754000);
insert into t_car_model(cm_id , cs_id , cm_name,cm_type ,cm_order , cm_state , cm_min_price , cm_max_price) values(3918,267,'2008款 SLK 350 PASSION','2008款',3,1,814000,814000);
insert into t_car_model(cm_id , cs_id , cm_name,cm_type ,cm_order , cm_state , cm_min_price , cm_max_price) values(2194,267,'2006款 SLK 280','2006款',1,1,754000,754000);
insert into t_car_model(cm_id , cs_id , cm_name,cm_type ,cm_order , cm_state , cm_min_price , cm_max_price) values(996,267,'2004款 SLK 200K','2004款',1,1,676000,676000);
insert into t_car_model(cm_id , cs_id , cm_name,cm_type ,cm_order , cm_state , cm_min_price , cm_max_price) values(1368,267,'2004款 SLK 350','2004款',2,1,814000,814000);
insert into t_car_series(cs_id,cbf_id,cs_name,cs_order,cs_letter) values(237,47,'奔驰SL级',609,'B');
insert into t_car_model(cm_id , cs_id , cm_name,cm_type ,cm_order , cm_state , cm_min_price , cm_max_price) values(32854,237,'2018款 SL 400 倾情特别版','2018款',1,1,1198000,1198000);
insert into t_car_model(cm_id , cs_id , cm_name,cm_type ,cm_order , cm_state , cm_min_price , cm_max_price) values(28599,237,'2017款 SL 400','2017款',1,1,993800,993800);
insert into t_car_model(cm_id , cs_id , cm_name,cm_type ,cm_order , cm_state , cm_min_price , cm_max_price) values(24872,237,'2016款 SL 400 时尚型','2016款',1,1,1068000,1068000);
insert into t_car_model(cm_id , cs_id , cm_name,cm_type ,cm_order , cm_state , cm_min_price , cm_max_price) values(24873,237,'2016款 SL 400 豪华运动型','2016款',2,1,1308000,1308000);
insert into t_car_model(cm_id , cs_id , cm_name,cm_type ,cm_order , cm_state , cm_min_price , cm_max_price) values(14172,237,'2013款 SL 350 时尚型','2013款',1,1,1228000,1228000);
insert into t_car_model(cm_id , cs_id , cm_name,cm_type ,cm_order , cm_state , cm_min_price , cm_max_price) values(14173,237,'2013款 SL 350 豪华运动型','2013款',2,1,1548000,1548000);
insert into t_car_model(cm_id , cs_id , cm_name,cm_type ,cm_order , cm_state , cm_min_price , cm_max_price) values(10547,237,'2011款 SL 300 Grand Edition','2011款',1,1,1198000,1198000);
insert into t_car_model(cm_id , cs_id , cm_name,cm_type ,cm_order , cm_state , cm_min_price , cm_max_price) values(10548,237,'2011款 SL 350 Grand Edition','2011款',2,1,1498000,1498000);
insert into t_car_model(cm_id , cs_id , cm_name,cm_type ,cm_order , cm_state , cm_min_price , cm_max_price) values(10549,237,'2011款 SL 500 Grand Edition','2011款',3,1,1998000,1998000);
insert into t_car_model(cm_id , cs_id , cm_name,cm_type ,cm_order , cm_state , cm_min_price , cm_max_price) values(6899,237,'2010款 SL 300','2010款',1,1,1198000,1198000);
insert into t_car_model(cm_id , cs_id , cm_name,cm_type ,cm_order , cm_state , cm_min_price , cm_max_price) values(6931,237,'2010款 SL 350','2010款',2,1,1468000,1468000);
insert into t_car_model(cm_id , cs_id , cm_name,cm_type ,cm_order , cm_state , cm_min_price , cm_max_price) values(7732,237,'2010款 SL 500','2010款',3,1,1988000,1988000);
insert into t_car_model(cm_id , cs_id , cm_name,cm_type ,cm_order , cm_state , cm_min_price , cm_max_price) values(4384,237,'2008款 SL 350','2008款',1,1,1398000,1398000);
insert into t_car_model(cm_id , cs_id , cm_name,cm_type ,cm_order , cm_state , cm_min_price , cm_max_price) values(4385,237,'2008款 SL 500','2008款',2,1,1988000,1988000);
insert into t_car_model(cm_id , cs_id , cm_name,cm_type ,cm_order , cm_state , cm_min_price , cm_max_price) values(965,237,'2004款 SL 350','2004款',1,1,1249000,1249000);
insert into t_car_model(cm_id , cs_id , cm_name,cm_type ,cm_order , cm_state , cm_min_price , cm_max_price) values(775,237,'2004款 SL 500','2004款',2,1,1512000,1512000);
insert into t_car_brand_factory(cbf_id , cb_id , cbf_name ,cbf_letter) values(344,36,'梅赛德斯-AMG','M');
insert into t_car_series(cs_id,cbf_id,cs_name,cs_order,cs_letter) values(2842,344,'奔驰A级AMG(进口)',611,'B');
insert into t_car_model(cm_id , cs_id , cm_name,cm_type ,cm_order , cm_state , cm_min_price , cm_max_price) values(54672,2842,'2022款 AMG A 35 4MATIC','2022款',1,1,395700,395700);
insert into t_car_model(cm_id , cs_id , cm_name,cm_type ,cm_order , cm_state , cm_min_price , cm_max_price) values(54673,2842,'2022款 AMG A 45 4MATIC+','2022款',2,1,489900,489900);
insert into t_car_model(cm_id , cs_id , cm_name,cm_type ,cm_order , cm_state , cm_min_price , cm_max_price) values(54676,2842,'2022款 AMG A 45 S 4MATIC+','2022款',3,1,549900,549900);
insert into t_car_model(cm_id , cs_id , cm_name,cm_type ,cm_order , cm_state , cm_min_price , cm_max_price) values(45603,2842,'2020款 AMG A 35 4MATIC','2020款',1,1,399800,399800);
insert into t_car_model(cm_id , cs_id , cm_name,cm_type ,cm_order , cm_state , cm_min_price , cm_max_price) values(45604,2842,'2020款 AMG A 35 4MATIC 先型特别版','2020款',2,1,429800,429800);
insert into t_car_model(cm_id , cs_id , cm_name,cm_type ,cm_order , cm_state , cm_min_price , cm_max_price) values(46795,2842,'2020款 AMG A 45 4MATIC+','2020款',3,1,499800,499800);
insert into t_car_model(cm_id , cs_id , cm_name,cm_type ,cm_order , cm_state , cm_min_price , cm_max_price) values(40462,2842,'2020款 AMG A 45 S 4MATIC+','2020款',4,1,549800,549800);
insert into t_car_model(cm_id , cs_id , cm_name,cm_type ,cm_order , cm_state , cm_min_price , cm_max_price) values(46796,2842,'2020款 AMG A 45 S 4MATIC+ 先型特别版','2020款',5,1,579800,579800);
insert into t_car_model(cm_id , cs_id , cm_name,cm_type ,cm_order , cm_state , cm_min_price , cm_max_price) values(52466,2842,'2020款 改款 AMG A 35 4MATIC','2020款',6,1,399800,399800);
insert into t_car_model(cm_id , cs_id , cm_name,cm_type ,cm_order , cm_state , cm_min_price , cm_max_price) values(52467,2842,'2020款 改款 AMG A 35 4MATIC 先型特别版','2020款',7,1,429800,429800);
insert into t_car_model(cm_id , cs_id , cm_name,cm_type ,cm_order , cm_state , cm_min_price , cm_max_price) values(52468,2842,'2020款 改款 AMG A 45 4MATIC+','2020款',8,1,498800,498800);
insert into t_car_model(cm_id , cs_id , cm_name,cm_type ,cm_order , cm_state , cm_min_price , cm_max_price) values(52469,2842,'2020款 改款 AMG A 45 S 4MATIC+','2020款',9,1,549800,549800);
insert into t_car_model(cm_id , cs_id , cm_name,cm_type ,cm_order , cm_state , cm_min_price , cm_max_price) values(52470,2842,'2020款 改款 AMG A 45 S 4MATIC+ 先型特别版','2020款',10,1,579800,579800);
insert into t_car_model(cm_id , cs_id , cm_name,cm_type ,cm_order , cm_state , cm_min_price , cm_max_price) values(35144,2842,'2018款 AMG A 45 4MATIC 臻藏版','2018款',1,1,521800,521800);
insert into t_car_model(cm_id , cs_id , cm_name,cm_type ,cm_order , cm_state , cm_min_price , cm_max_price) values(28896,2842,'2017款 AMG A 45 4MATIC','2017款',1,1,498000,498000);
insert into t_car_model(cm_id , cs_id , cm_name,cm_type ,cm_order , cm_state , cm_min_price , cm_max_price) values(30746,2842,'2017款 AMG A 45 4MATIC 暗夜雷霆限量版','2017款',2,1,521800,521800);
insert into t_car_model(cm_id , cs_id , cm_name,cm_type ,cm_order , cm_state , cm_min_price , cm_max_price) values(30826,2842,'2017款 改款 AMG A 45 4MATIC','2017款',3,1,453800,453800);
insert into t_car_model(cm_id , cs_id , cm_name,cm_type ,cm_order , cm_state , cm_min_price , cm_max_price) values(43296,2842,'2017款 改款 AMG A 45 4MATIC 国VI','2017款',4,1,453800,453800);
insert into t_car_model(cm_id , cs_id , cm_name,cm_type ,cm_order , cm_state , cm_min_price , cm_max_price) values(23149,2842,'2016款 AMG A 45 4MATIC','2016款',1,1,498000,498000);
insert into t_car_model(cm_id , cs_id , cm_name,cm_type ,cm_order , cm_state , cm_min_price , cm_max_price) values(24710,2842,'2016款 AMG A 45 4MATIC 冠军版','2016款',2,1,592000,592000);
insert into t_car_model(cm_id , cs_id , cm_name,cm_type ,cm_order , cm_state , cm_min_price , cm_max_price) values(13111,2842,'2014款 AMG A 45 4MATIC','2014款',1,1,498000,498000);
insert into t_car_series(cs_id,cbf_id,cs_name,cs_order,cs_letter) values(2967,344,'奔驰CLA AMG',612,'B');
insert into t_car_model(cm_id , cs_id , cm_name,cm_type ,cm_order , cm_state , cm_min_price , cm_max_price) values(55140,2967,'2022款 AMG CLA 35 4MATIC','2022款',1,1,435100,435100);
insert into t_car_model(cm_id , cs_id , cm_name,cm_type ,cm_order , cm_state , cm_min_price , cm_max_price) values(55396,2967,'2022款 AMG CLA 45 4MATIC+','2022款',2,1,549300,549300);
insert into t_car_model(cm_id , cs_id , cm_name,cm_type ,cm_order , cm_state , cm_min_price , cm_max_price) values(55141,2967,'2022款 AMG CLA 45 S 4MATIC+','2022款',3,1,611300,611300);
insert into t_car_model(cm_id , cs_id , cm_name,cm_type ,cm_order , cm_state , cm_min_price , cm_max_price) values(52135,2967,'2021款 AMG CLA 45 4MATIC+','2021款',1,1,558800,558800);
insert into t_car_model(cm_id , cs_id , cm_name,cm_type ,cm_order , cm_state , cm_min_price , cm_max_price) values(51691,2967,'2021款 AMG CLA 35 4MATIC','2021款',2,1,439800,439800);
insert into t_car_model(cm_id , cs_id , cm_name,cm_type ,cm_order , cm_state , cm_min_price , cm_max_price) values(48953,2967,'2021款 AMG CLA 45 S 4MATIC+','2021款',3,1,611800,611800);
insert into t_car_model(cm_id , cs_id , cm_name,cm_type ,cm_order , cm_state , cm_min_price , cm_max_price) values(38630,2967,'2020款 AMG CLA 35 4MATIC','2020款',1,1,439800,439800);
insert into t_car_model(cm_id , cs_id , cm_name,cm_type ,cm_order , cm_state , cm_min_price , cm_max_price) values(47273,2967,'2020款 AMG CLA 45 4MATIC+','2020款',2,1,558800,558800);
insert into t_car_model(cm_id , cs_id , cm_name,cm_type ,cm_order , cm_state , cm_min_price , cm_max_price) values(40463,2967,'2020款 AMG CLA 45 S 4MATIC+','2020款',3,1,599800,599800);
insert into t_car_model(cm_id , cs_id , cm_name,cm_type ,cm_order , cm_state , cm_min_price , cm_max_price) values(30747,2967,'2017款 AMG CLA 45 4MATIC 暗夜雷霆限量版','2017款',1,1,591800,591800);
insert into t_car_model(cm_id , cs_id , cm_name,cm_type ,cm_order , cm_state , cm_min_price , cm_max_price) values(27603,2967,'2017款 AMG CLA 45 4MATIC','2017款',2,1,598000,598000);
insert into t_car_model(cm_id , cs_id , cm_name,cm_type ,cm_order , cm_state , cm_min_price , cm_max_price) values(30809,2967,'2017款 改款 AMG CLA 45 4MATIC','2017款',3,1,545800,545800);
insert into t_car_model(cm_id , cs_id , cm_name,cm_type ,cm_order , cm_state , cm_min_price , cm_max_price) values(27441,2967,'2016款 AMG CLA 45 4MATIC','2016款',1,1,598000,598000);
insert into t_car_model(cm_id , cs_id , cm_name,cm_type ,cm_order , cm_state , cm_min_price , cm_max_price) values(21829,2967,'2015款 AMG CLA 45 4MATIC','2015款',1,1,598000,598000);
insert into t_car_model(cm_id , cs_id , cm_name,cm_type ,cm_order , cm_state , cm_min_price , cm_max_price) values(14598,2967,'2014款 AMG CLA 45 4MATIC','2014款',1,1,598000,598000);
insert into t_car_series(cs_id,cbf_id,cs_name,cs_order,cs_letter) values(2717,344,'奔驰C级AMG',613,'B');
insert into t_car_model(cm_id , cs_id , cm_name,cm_type ,cm_order , cm_state , cm_min_price , cm_max_price) values(51747,2717,'2021款 AMG C 43 4MATIC','2021款',1,1,573800,573800);
insert into t_car_model(cm_id , cs_id , cm_name,cm_type ,cm_order , cm_state , cm_min_price , cm_max_price) values(51748,2717,'2021款 AMG C 63','2021款',2,1,899800,899800);
insert into t_car_model(cm_id , cs_id , cm_name,cm_type ,cm_order , cm_state , cm_min_price , cm_max_price) values(51746,2717,'2021款 AMG C 63 暗夜特别版','2021款',3,1,988800,988800);
insert into t_car_model(cm_id , cs_id , cm_name,cm_type ,cm_order , cm_state , cm_min_price , cm_max_price) values(51025,2717,'2021款 AMG C 63 轿跑车','2021款',4,1,935800,935800);
insert into t_car_model(cm_id , cs_id , cm_name,cm_type ,cm_order , cm_state , cm_min_price , cm_max_price) values(50500,2717,'2021款 AMG C 63 轿跑车 暗夜特别版','2021款',5,1,1048800,1048800);
insert into t_car_model(cm_id , cs_id , cm_name,cm_type ,cm_order , cm_state , cm_min_price , cm_max_price) values(52820,2717,'2021款 AMG C 43 4MATIC 轿跑车','2021款',6,1,0,0);
insert into t_car_model(cm_id , cs_id , cm_name,cm_type ,cm_order , cm_state , cm_min_price , cm_max_price) values(36899,2717,'2019款 AMG C 43 4MATIC 轿跑车','2019款',1,1,634800,634800);
insert into t_car_model(cm_id , cs_id , cm_name,cm_type ,cm_order , cm_state , cm_min_price , cm_max_price) values(36900,2717,'2019款 AMG C 43 4MATIC 旅行轿车 特别版','2019款',2,1,653800,653800);
insert into t_car_model(cm_id , cs_id , cm_name,cm_type ,cm_order , cm_state , cm_min_price , cm_max_price) values(36902,2717,'2019款 AMG C 63 S','2019款',3,1,1130800,1130800);
insert into t_car_model(cm_id , cs_id , cm_name,cm_type ,cm_order , cm_state , cm_min_price , cm_max_price) values(36905,2717,'2019款 AMG C 63 S 轿跑车','2019款',4,1,1160800,1160800);
insert into t_car_model(cm_id , cs_id , cm_name,cm_type ,cm_order , cm_state , cm_min_price , cm_max_price) values(36897,2717,'2019款 AMG C 43 4MATIC','2019款',5,1,599800,599800);
insert into t_car_model(cm_id , cs_id , cm_name,cm_type ,cm_order , cm_state , cm_min_price , cm_max_price) values(34051,2717,'2019款 AMG C 63','2019款',6,1,922800,922800);
insert into t_car_model(cm_id , cs_id , cm_name,cm_type ,cm_order , cm_state , cm_min_price , cm_max_price) values(36904,2717,'2019款 AMG C 63 轿跑车','2019款',7,1,952800,952800);
insert into t_car_model(cm_id , cs_id , cm_name,cm_type ,cm_order , cm_state , cm_min_price , cm_max_price) values(30064,2717,'2017款 AMG C 43 4MATIC 特别版','2017款',1,1,639800,639800);
insert into t_car_model(cm_id , cs_id , cm_name,cm_type ,cm_order , cm_state , cm_min_price , cm_max_price) values(28893,2717,'2017款 AMG C 63','2017款',2,1,928800,928800);
insert into t_car_model(cm_id , cs_id , cm_name,cm_type ,cm_order , cm_state , cm_min_price , cm_max_price) values(28894,2717,'2017款 AMG C 63 S','2017款',3,1,1165800,1165800);
insert into t_car_model(cm_id , cs_id , cm_name,cm_type ,cm_order , cm_state , cm_min_price , cm_max_price) values(29417,2717,'2017款 AMG C 63 S 中国限量版','2017款',4,1,1298000,1298000);
insert into t_car_model(cm_id , cs_id , cm_name,cm_type ,cm_order , cm_state , cm_min_price , cm_max_price) values(26775,2717,'2016款 AMG C 63 Coupe','2016款',1,1,958800,958800);
insert into t_car_model(cm_id , cs_id , cm_name,cm_type ,cm_order , cm_state , cm_min_price , cm_max_price) values(26774,2717,'2016款 AMG C 63 S Coupe','2016款',2,1,1195800,1195800);
insert into t_car_model(cm_id , cs_id , cm_name,cm_type ,cm_order , cm_state , cm_min_price , cm_max_price) values(27398,2717,'2016款 AMG C 63 S Coupe 限量特别版','2016款',3,1,1348000,1348000);
insert into t_car_model(cm_id , cs_id , cm_name,cm_type ,cm_order , cm_state , cm_min_price , cm_max_price) values(21712,2717,'2015款 AMG C 63','2015款',1,1,998000,998000);
insert into t_car_model(cm_id , cs_id , cm_name,cm_type ,cm_order , cm_state , cm_min_price , cm_max_price) values(20428,2717,'2015款 AMG C 63 S','2015款',2,1,1248000,1248000);
insert into t_car_model(cm_id , cs_id , cm_name,cm_type ,cm_order , cm_state , cm_min_price , cm_max_price) values(17840,2717,'2014款 AMG C 63 Edition 507','2014款',1,1,1148000,1148000);
insert into t_car_model(cm_id , cs_id , cm_name,cm_type ,cm_order , cm_state , cm_min_price , cm_max_price) values(14961,2717,'2014款 AMG C 63 Coupe Edition 507','2014款',2,1,1198000,1198000);
insert into t_car_model(cm_id , cs_id , cm_name,cm_type ,cm_order , cm_state , cm_min_price , cm_max_price) values(9404,2717,'2012款 AMG C 63 动感型','2012款',1,1,998000,998000);
insert into t_car_model(cm_id , cs_id , cm_name,cm_type ,cm_order , cm_state , cm_min_price , cm_max_price) values(9734,2717,'2012款 AMG C 63 Coupe 动感型','2012款',2,1,1048000,1048000);
insert into t_car_model(cm_id , cs_id , cm_name,cm_type ,cm_order , cm_state , cm_min_price , cm_max_price) values(12550,2717,'2012款 AMG C 63 高性能版','2012款',3,1,1348000,1348000);
insert into t_car_model(cm_id , cs_id , cm_name,cm_type ,cm_order , cm_state , cm_min_price , cm_max_price) values(12551,2717,'2012款 AMG C 63 Coupe 高性能版','2012款',4,1,1388000,1388000);
insert into t_car_model(cm_id , cs_id , cm_name,cm_type ,cm_order , cm_state , cm_min_price , cm_max_price) values(8473,2717,'2010款 AMG C 63 动感型增强版','2010款',1,1,1128000,1128000);
insert into t_car_model(cm_id , cs_id , cm_name,cm_type ,cm_order , cm_state , cm_min_price , cm_max_price) values(8474,2717,'2010款 AMG C 63 高性能版','2010款',2,1,1338000,1338000);
insert into t_car_model(cm_id , cs_id , cm_name,cm_type ,cm_order , cm_state , cm_min_price , cm_max_price) values(5301,2717,'2009款 AMG C 63 动感型','2009款',1,1,998000,998000);
insert into t_car_series(cs_id,cbf_id,cs_name,cs_order,cs_letter) values(2718,344,'奔驰E级AMG',614,'B');
insert into t_car_model(cm_id , cs_id , cm_name,cm_type ,cm_order , cm_state , cm_min_price , cm_max_price) values(54883,2718,'2022款 AMG E 53 4MATIC+','2022款',1,1,948200,948200);
insert into t_car_model(cm_id , cs_id , cm_name,cm_type ,cm_order , cm_state , cm_min_price , cm_max_price) values(50493,2718,'2021款 AMG E 53 4MATIC+ 轿跑车','2021款',1,1,978800,978800);
insert into t_car_model(cm_id , cs_id , cm_name,cm_type ,cm_order , cm_state , cm_min_price , cm_max_price) values(46105,2718,'2021款 AMG E 63 S 4MATIC+','2021款',2,1,1468800,1468800);
insert into t_car_model(cm_id , cs_id , cm_name,cm_type ,cm_order , cm_state , cm_min_price , cm_max_price) values(44285,2718,'2021款 AMG E 53 4MATIC+','2021款',3,1,948800,948800);
insert into t_car_model(cm_id , cs_id , cm_name,cm_type ,cm_order , cm_state , cm_min_price , cm_max_price) values(39238,2718,'2019款 AMG E 53 4MATIC+','2019款',1,1,948800,948800);
insert into t_car_model(cm_id , cs_id , cm_name,cm_type ,cm_order , cm_state , cm_min_price , cm_max_price) values(38941,2718,'2019款 AMG E 53 4MATIC+ 轿跑车','2019款',2,1,978800,978800);
insert into t_car_model(cm_id , cs_id , cm_name,cm_type ,cm_order , cm_state , cm_min_price , cm_max_price) values(40732,2718,'2019款 AMG E 63 S 4MATIC+','2019款',3,1,1560800,1560800);
insert into t_car_model(cm_id , cs_id , cm_name,cm_type ,cm_order , cm_state , cm_min_price , cm_max_price) values(32776,2718,'2018款 AMG E 63 S 4MATIC+ 特别版','2018款',1,1,1629800,1629800);
insert into t_car_model(cm_id , cs_id , cm_name,cm_type ,cm_order , cm_state , cm_min_price , cm_max_price) values(30063,2718,'2017款 AMG E 43 4MATIC 特别版','2017款',1,1,895800,895800);
insert into t_car_model(cm_id , cs_id , cm_name,cm_type ,cm_order , cm_state , cm_min_price , cm_max_price) values(2946,2718,'2007款 AMG E 63','2007款',1,1,1488000,1488000);
insert into t_car_series(cs_id,cbf_id,cs_name,cs_order,cs_letter) values(3264,344,'奔驰GLA AMG',615,'B');
insert into t_car_model(cm_id , cs_id , cm_name,cm_type ,cm_order , cm_state , cm_min_price , cm_max_price) values(54700,3264,'2022款 AMG GLA 35 4MATIC','2022款',1,1,435100,435100);
insert into t_car_model(cm_id , cs_id , cm_name,cm_type ,cm_order , cm_state , cm_min_price , cm_max_price) values(48952,3264,'2021款 AMG GLA 45 4MATIC+','2021款',1,1,544800,544800);
insert into t_car_model(cm_id , cs_id , cm_name,cm_type ,cm_order , cm_state , cm_min_price , cm_max_price) values(43219,3264,'2021款 AMG GLA 35 4MATIC','2021款',2,1,439800,439800);
insert into t_car_model(cm_id , cs_id , cm_name,cm_type ,cm_order , cm_state , cm_min_price , cm_max_price) values(28897,3264,'2017款 AMG GLA 45 4MATIC','2017款',1,1,578000,578000);
insert into t_car_model(cm_id , cs_id , cm_name,cm_type ,cm_order , cm_state , cm_min_price , cm_max_price) values(30593,3264,'2017款 改款 AMG GLA 45 4MATIC','2017款',2,1,526800,526800);
insert into t_car_model(cm_id , cs_id , cm_name,cm_type ,cm_order , cm_state , cm_min_price , cm_max_price) values(30748,3264,'2017款 AMG GLA 45 4MATIC 暗夜雷霆限量版','2017款',3,1,589800,589800);
insert into t_car_model(cm_id , cs_id , cm_name,cm_type ,cm_order , cm_state , cm_min_price , cm_max_price) values(26993,3264,'2016款 AMG GLA 45 4MATIC','2016款',1,1,578000,578000);
insert into t_car_model(cm_id , cs_id , cm_name,cm_type ,cm_order , cm_state , cm_min_price , cm_max_price) values(18000,3264,'2015款 AMG GLA 45 4MATIC','2015款',1,1,578000,578000);
insert into t_car_series(cs_id,cbf_id,cs_name,cs_order,cs_letter) values(5038,344,'奔驰GLB AMG',616,'B');
insert into t_car_model(cm_id , cs_id , cm_name,cm_type ,cm_order , cm_state , cm_min_price , cm_max_price) values(51334,5038,'2021款 改款 AMG GLB 35 4MATIC','2021款',1,1,449800,449800);
insert into t_car_model(cm_id , cs_id , cm_name,cm_type ,cm_order , cm_state , cm_min_price , cm_max_price) values(37080,5038,'2021款 AMG GLB 35 4MATIC','2021款',2,1,449800,449800);
insert into t_car_series(cs_id,cbf_id,cs_name,cs_order,cs_letter) values(4074,344,'奔驰GLC AMG',617,'B');
insert into t_car_model(cm_id , cs_id , cm_name,cm_type ,cm_order , cm_state , cm_min_price , cm_max_price) values(54965,4074,'2022款 AMG GLC 43 4MATIC','2022款',1,1,661200,661200);
insert into t_car_model(cm_id , cs_id , cm_name,cm_type ,cm_order , cm_state , cm_min_price , cm_max_price) values(54967,4074,'2022款 改款 AMG GLC 63 4MATIC+','2022款',2,1,959400,959400);
insert into t_car_model(cm_id , cs_id , cm_name,cm_type ,cm_order , cm_state , cm_min_price , cm_max_price) values(54707,4074,'2022款 AMG GLC 63 4MATIC+','2022款',3,1,969800,969800);
insert into t_car_model(cm_id , cs_id , cm_name,cm_type ,cm_order , cm_state , cm_min_price , cm_max_price) values(40822,4074,'2020款 AMG GLC 43 4MATIC','2020款',1,1,658800,658800);
insert into t_car_model(cm_id , cs_id , cm_name,cm_type ,cm_order , cm_state , cm_min_price , cm_max_price) values(39004,4074,'2020款 AMG GLC 63 4MATIC+','2020款',2,1,965800,965800);
insert into t_car_model(cm_id , cs_id , cm_name,cm_type ,cm_order , cm_state , cm_min_price , cm_max_price) values(35166,4074,'2018款 AMG GLC 63 4MATIC+','2018款',1,1,965800,965800);
insert into t_car_model(cm_id , cs_id , cm_name,cm_type ,cm_order , cm_state , cm_min_price , cm_max_price) values(30721,4074,'2017款 AMG GLC 43 4MATIC','2017款',1,1,636800,636800);
insert into t_car_model(cm_id , cs_id , cm_name,cm_type ,cm_order , cm_state , cm_min_price , cm_max_price) values(30061,4074,'2017款 AMG GLC 43 4MATIC 特别版','2017款',2,1,722800,722800);
insert into t_car_series(cs_id,cbf_id,cs_name,cs_order,cs_letter) values(6210,344,'奔驰GLC轿跑 AMG',618,'B');
insert into t_car_model(cm_id , cs_id , cm_name,cm_type ,cm_order , cm_state , cm_min_price , cm_max_price) values(51589,6210,'2022款 AMG GLC 43 4MATIC 轿跑SUV','2022款',1,1,688200,688200);
insert into t_car_model(cm_id , cs_id , cm_name,cm_type ,cm_order , cm_state , cm_min_price , cm_max_price) values(39005,6210,'2020款 AMG GLC 63 4MATIC+  轿跑SUV','2020款',1,1,994800,994800);
insert into t_car_model(cm_id , cs_id , cm_name,cm_type ,cm_order , cm_state , cm_min_price , cm_max_price) values(38964,6210,'2020款 AMG GLC 63 S 4MATIC+  轿跑SUV','2020款',2,1,1180800,1180800);
insert into t_car_model(cm_id , cs_id , cm_name,cm_type ,cm_order , cm_state , cm_min_price , cm_max_price) values(40823,6210,'2020款 AMG GLC 43 4MATIC 轿跑SUV','2020款',3,1,686800,686800);
insert into t_car_model(cm_id , cs_id , cm_name,cm_type ,cm_order , cm_state , cm_min_price , cm_max_price) values(35167,6210,'2018款 AMG GLC 63 4MATIC+ 轿跑SUV','2018款',1,1,994800,994800);
insert into t_car_model(cm_id , cs_id , cm_name,cm_type ,cm_order , cm_state , cm_min_price , cm_max_price) values(35655,6210,'2018款 AMG GLC 63 S 4MATIC+ 轿跑SUV','2018款',2,1,1180800,1180800);
insert into t_car_model(cm_id , cs_id , cm_name,cm_type ,cm_order , cm_state , cm_min_price , cm_max_price) values(35656,6210,'2018款 AMG GLC 63 S 4MATIC+ 轿跑SUV先型特别版','2018款',3,1,1288800,1288800);
insert into t_car_model(cm_id , cs_id , cm_name,cm_type ,cm_order , cm_state , cm_min_price , cm_max_price) values(30723,6210,'2017款 AMG GLC 43 4MATIC 轿跑SUV','2017款',1,1,663800,663800);
insert into t_car_model(cm_id , cs_id , cm_name,cm_type ,cm_order , cm_state , cm_min_price , cm_max_price) values(30062,6210,'2017款 AMG GLC 43 4MATIC 轿跑SUV特别版','2017款',2,1,751800,751800);
insert into t_car_series(cs_id,cbf_id,cs_name,cs_order,cs_letter) values(3704,344,'奔驰GLE AMG',619,'B');
insert into t_car_model(cm_id , cs_id , cm_name,cm_type ,cm_order , cm_state , cm_min_price , cm_max_price) values(54946,3704,'2022款 AMG GLE 53 4MATIC+','2022款',1,1,994300,994300);
insert into t_car_model(cm_id , cs_id , cm_name,cm_type ,cm_order , cm_state , cm_min_price , cm_max_price) values(49019,3704,'2020款 AMG GLE 63 4MATIC+','2020款',1,1,1468800,1468800);
insert into t_car_model(cm_id , cs_id , cm_name,cm_type ,cm_order , cm_state , cm_min_price , cm_max_price) values(37958,3704,'2020款 AMG GLE 53 4MATIC+','2020款',2,1,988800,988800);
insert into t_car_model(cm_id , cs_id , cm_name,cm_type ,cm_order , cm_state , cm_min_price , cm_max_price) values(28279,3704,'2017款 AMG GLE 43 4MATIC','2017款',1,1,941800,941800);
insert into t_car_model(cm_id , cs_id , cm_name,cm_type ,cm_order , cm_state , cm_min_price , cm_max_price) values(22126,3704,'2015款 AMG GLE 63 4MATIC','2015款',1,1,1685800,1685800);
insert into t_car_model(cm_id , cs_id , cm_name,cm_type ,cm_order , cm_state , cm_min_price , cm_max_price) values(22240,3704,'2015款 AMG GLE 63 S 4MATIC','2015款',2,1,1801800,1801800);
insert into t_car_series(cs_id,cbf_id,cs_name,cs_order,cs_letter) values(6209,344,'奔驰GLE轿跑 AMG',620,'B');
insert into t_car_model(cm_id , cs_id , cm_name,cm_type ,cm_order , cm_state , cm_min_price , cm_max_price) values(54948,6209,'2022款 AMG GLE 53 4MATIC+ 轿跑SUV','2022款',1,1,1019300,1019300);
insert into t_car_model(cm_id , cs_id , cm_name,cm_type ,cm_order , cm_state , cm_min_price , cm_max_price) values(41350,6209,'2020款 AMG GLE 53 4MATIC+ 轿跑SUV','2020款',1,1,1028800,1028800);
insert into t_car_model(cm_id , cs_id , cm_name,cm_type ,cm_order , cm_state , cm_min_price , cm_max_price) values(34556,6209,'2018款 AMG GLE 43 4MATIC 轿跑SUV 幻橙特别版','2018款',1,1,1078800,1078800);
insert into t_car_model(cm_id , cs_id , cm_name,cm_type ,cm_order , cm_state , cm_min_price , cm_max_price) values(31438,6209,'2017款 AMG GLE 43 4MATIC 轿跑SUV','2017款',1,1,964800,964800);
insert into t_car_model(cm_id , cs_id , cm_name,cm_type ,cm_order , cm_state , cm_min_price , cm_max_price) values(21361,6209,'2015款 AMG GLE 63 4MATIC 轿跑SUV','2015款',1,1,1753800,1753800);
insert into t_car_series(cs_id,cbf_id,cs_name,cs_order,cs_letter) values(2723,344,'奔驰G级AMG',621,'B');
insert into t_car_model(cm_id , cs_id , cm_name,cm_type ,cm_order , cm_state , cm_min_price , cm_max_price) values(54944,2723,'2022款 AMG G 63','2022款',1,1,2478000,2478000);
insert into t_car_model(cm_id , cs_id , cm_name,cm_type ,cm_order , cm_state , cm_min_price , cm_max_price) values(52745,2723,'2021款 AMG G 63','2021款',1,1,2458000,2458000);
insert into t_car_model(cm_id , cs_id , cm_name,cm_type ,cm_order , cm_state , cm_min_price , cm_max_price) values(44230,2723,'2020款 AMG G 63','2020款',1,1,2228800,2228800);
insert into t_car_model(cm_id , cs_id , cm_name,cm_type ,cm_order , cm_state , cm_min_price , cm_max_price) values(46804,2723,'2020款 AMG G 63 暗影之翼特别版','2020款',2,1,2458800,2458800);
insert into t_car_model(cm_id , cs_id , cm_name,cm_type ,cm_order , cm_state , cm_min_price , cm_max_price) values(43047,2723,'2020款 AMG G 63 时光铭刻特别版','2020款',3,1,2458800,2458800);
insert into t_car_model(cm_id , cs_id , cm_name,cm_type ,cm_order , cm_state , cm_min_price , cm_max_price) values(33574,2723,'2019款 AMG G 63','2019款',1,1,2158800,2158800);
insert into t_car_model(cm_id , cs_id , cm_name,cm_type ,cm_order , cm_state , cm_min_price , cm_max_price) values(39582,2723,'2019款 改款 AMG G 63','2019款',2,1,2208000,2208000);
insert into t_car_model(cm_id , cs_id , cm_name,cm_type ,cm_order , cm_state , cm_min_price , cm_max_price) values(33583,2723,'2019款 AMG G 63 先型特别版','2019款',3,1,2406800,2406800);
insert into t_car_model(cm_id , cs_id , cm_name,cm_type ,cm_order , cm_state , cm_min_price , cm_max_price) values(39583,2723,'2019款 改款 AMG G 63 先型特别版','2019款',4,1,2458000,2458000);
insert into t_car_model(cm_id , cs_id , cm_name,cm_type ,cm_order , cm_state , cm_min_price , cm_max_price) values(31780,2723,'2018款 AMG G 63 典藏版','2018款',1,1,2398800,2398800);
insert into t_car_model(cm_id , cs_id , cm_name,cm_type ,cm_order , cm_state , cm_min_price , cm_max_price) values(24766,2723,'2016款 AMG G 63','2016款',1,1,2146800,2146800);
insert into t_car_model(cm_id , cs_id , cm_name,cm_type ,cm_order , cm_state , cm_min_price , cm_max_price) values(22688,2723,'2016款 AMG G 65','2016款',2,1,3532800,3532800);
insert into t_car_model(cm_id , cs_id , cm_name,cm_type ,cm_order , cm_state , cm_min_price , cm_max_price) values(22691,2723,'2016款 AMG G 63 Edition 463','2016款',3,1,2498000,2498000);
insert into t_car_model(cm_id , cs_id , cm_name,cm_type ,cm_order , cm_state , cm_min_price , cm_max_price) values(22687,2723,'2015款 AMG G 63 悍野限量版','2015款',1,1,2638000,2638000);
insert into t_car_model(cm_id , cs_id , cm_name,cm_type ,cm_order , cm_state , cm_min_price , cm_max_price) values(12576,2723,'2013款 AMG G 63','2013款',1,1,2298000,2298000);
insert into t_car_model(cm_id , cs_id , cm_name,cm_type ,cm_order , cm_state , cm_min_price , cm_max_price) values(12710,2723,'2013款 AMG G 65','2013款',2,1,3780000,3780000);
insert into t_car_model(cm_id , cs_id , cm_name,cm_type ,cm_order , cm_state , cm_min_price , cm_max_price) values(8324,2723,'2009款 AMG G 55','2009款',1,1,2258000,2258000);
insert into t_car_model(cm_id , cs_id , cm_name,cm_type ,cm_order , cm_state , cm_min_price , cm_max_price) values(8326,2723,'2007款 AMG G 55','2007款',1,1,1898000,1898000);
insert into t_car_series(cs_id,cbf_id,cs_name,cs_order,cs_letter) values(3451,344,'AMG GT',622,'A');
insert into t_car_model(cm_id , cs_id , cm_name,cm_type ,cm_order , cm_state , cm_min_price , cm_max_price) values(54467,3451,'2022款 AMG GT 50 四门跑车','2022款',1,1,986800,986800);
insert into t_car_model(cm_id , cs_id , cm_name,cm_type ,cm_order , cm_state , cm_min_price , cm_max_price) values(54517,3451,'2022款 AMG GT 50 4MATIC+ 四门跑车','2022款',2,1,1135800,1135800);
insert into t_car_model(cm_id , cs_id , cm_name,cm_type ,cm_order , cm_state , cm_min_price , cm_max_price) values(54518,3451,'2022款 AMG GT 50 4MATIC+ 四门跑车特别版','2022款',3,1,1306800,1306800);
insert into t_car_model(cm_id , cs_id , cm_name,cm_type ,cm_order , cm_state , cm_min_price , cm_max_price) values(51715,3451,'2022款 AMG GT 53 4MATIC+ 四门跑车','2022款',4,1,1338800,1338800);
insert into t_car_model(cm_id , cs_id , cm_name,cm_type ,cm_order , cm_state , cm_min_price , cm_max_price) values(47071,3451,'2021款 AMG GT 暗夜特别版','2021款',1,1,1468800,1468800);
insert into t_car_model(cm_id , cs_id , cm_name,cm_type ,cm_order , cm_state , cm_min_price , cm_max_price) values(46557,3451,'2021款 AMG GT Black Series','2021款',2,1,3688800,3688800);
insert into t_car_model(cm_id , cs_id , cm_name,cm_type ,cm_order , cm_state , cm_min_price , cm_max_price) values(52823,3451,'2020款 AMG GT 50 四门跑车','2020款',1,1,984800,984800);
insert into t_car_model(cm_id , cs_id , cm_name,cm_type ,cm_order , cm_state , cm_min_price , cm_max_price) values(52824,3451,'2020款 AMG GT 53 4MATIC+ 四门跑车','2020款',2,1,1461800,1461800);
insert into t_car_model(cm_id , cs_id , cm_name,cm_type ,cm_order , cm_state , cm_min_price , cm_max_price) values(52825,3451,'2020款 AMG GT 63 S 4MATIC+ 四门跑车','2020款',3,1,2046800,2046800);
insert into t_car_model(cm_id , cs_id , cm_name,cm_type ,cm_order , cm_state , cm_min_price , cm_max_price) values(37174,3451,'2019款 AMG GT','2019款',1,1,1318800,1318800);
insert into t_car_model(cm_id , cs_id , cm_name,cm_type ,cm_order , cm_state , cm_min_price , cm_max_price) values(39752,3451,'2019款 AMG GT C','2019款',2,1,1826800,1826800);
insert into t_car_model(cm_id , cs_id , cm_name,cm_type ,cm_order , cm_state , cm_min_price , cm_max_price) values(37165,3451,'2019款 AMG GT C 敞篷跑车','2019款',3,1,1948800,1948800);
insert into t_car_model(cm_id , cs_id , cm_name,cm_type ,cm_order , cm_state , cm_min_price , cm_max_price) values(37164,3451,'2019款 AMG GT R','2019款',4,1,2128800,2128800);
insert into t_car_model(cm_id , cs_id , cm_name,cm_type ,cm_order , cm_state , cm_min_price , cm_max_price) values(37163,3451,'2019款 AMG GT R PRO','2019款',5,1,2298800,2298800);
insert into t_car_model(cm_id , cs_id , cm_name,cm_type ,cm_order , cm_state , cm_min_price , cm_max_price) values(37045,3451,'2019款 AMG GT 50 四门跑车','2019款',6,1,973800,973800);
insert into t_car_model(cm_id , cs_id , cm_name,cm_type ,cm_order , cm_state , cm_min_price , cm_max_price) values(37476,3451,'2019款 AMG GT 53 4MATIC+ 四门跑车','2019款',7,1,1456800,1456800);
insert into t_car_model(cm_id , cs_id , cm_name,cm_type ,cm_order , cm_state , cm_min_price , cm_max_price) values(33767,3451,'2019款 AMG GT 63 S 4MATIC+ 四门跑车','2019款',8,1,2046800,2046800);
insert into t_car_model(cm_id , cs_id , cm_name,cm_type ,cm_order , cm_state , cm_min_price , cm_max_price) values(37477,3451,'2019款 AMG GT 63 S 4MATIC+ 四门跑车 先型特别版','2019款',9,1,2242800,2242800);
insert into t_car_model(cm_id , cs_id , cm_name,cm_type ,cm_order , cm_state , cm_min_price , cm_max_price) values(39751,3451,'2019款 AMG GT S','2019款',10,1,1592800,1592800);
insert into t_car_model(cm_id , cs_id , cm_name,cm_type ,cm_order , cm_state , cm_min_price , cm_max_price) values(34291,3451,'2018款 AMG GT C 中国特别版','2018款',1,1,1816800,1816800);
insert into t_car_model(cm_id , cs_id , cm_name,cm_type ,cm_order , cm_state , cm_min_price , cm_max_price) values(31470,3451,'2017款 AMG GT','2017款',1,1,1291800,1291800);
insert into t_car_model(cm_id , cs_id , cm_name,cm_type ,cm_order , cm_state , cm_min_price , cm_max_price) values(31469,3451,'2017款 AMG GT S','2017款',2,1,1559800,1559800);
insert into t_car_model(cm_id , cs_id , cm_name,cm_type ,cm_order , cm_state , cm_min_price , cm_max_price) values(29449,3451,'2017款 AMG GT S 限量特别版','2017款',3,1,1968000,1968000);
insert into t_car_model(cm_id , cs_id , cm_name,cm_type ,cm_order , cm_state , cm_min_price , cm_max_price) values(30060,3451,'2017款 AMG GT R','2017款',4,1,2106800,2106800);
insert into t_car_model(cm_id , cs_id , cm_name,cm_type ,cm_order , cm_state , cm_min_price , cm_max_price) values(24357,3451,'2016款 AMG GT','2016款',1,1,1418000,1418000);
insert into t_car_model(cm_id , cs_id , cm_name,cm_type ,cm_order , cm_state , cm_min_price , cm_max_price) values(20769,3451,'2015款 AMG GT S','2015款',1,1,1688000,1688000);
insert into t_car_series(cs_id,cbf_id,cs_name,cs_order,cs_letter) values(2719,344,'奔驰CLS AMG',623,'B');
insert into t_car_model(cm_id , cs_id , cm_name,cm_type ,cm_order , cm_state , cm_min_price , cm_max_price) values(19456,2719,'2015款 AMG CLS 63 4MATIC','2015款',1,1,1651800,1651800);
insert into t_car_model(cm_id , cs_id , cm_name,cm_type ,cm_order , cm_state , cm_min_price , cm_max_price) values(14836,2719,'2015款 AMG CLS 63 S 4MATIC','2015款',2,1,1735800,1735800);
insert into t_car_model(cm_id , cs_id , cm_name,cm_type ,cm_order , cm_state , cm_min_price , cm_max_price) values(19925,2719,'2013款 AMG CLS 63','2013款',1,1,1778000,1778000);
insert into t_car_model(cm_id , cs_id , cm_name,cm_type ,cm_order , cm_state , cm_min_price , cm_max_price) values(8964,2719,'2012款 AMG CLS 63','2012款',1,1,1778000,1778000);
insert into t_car_model(cm_id , cs_id , cm_name,cm_type ,cm_order , cm_state , cm_min_price , cm_max_price) values(4189,2719,'2008款 AMG CLS 63','2008款',1,1,1828000,1828000);
insert into t_car_series(cs_id,cbf_id,cs_name,cs_order,cs_letter) values(3901,344,'奔驰GLS AMG',626,'B');
insert into t_car_model(cm_id , cs_id , cm_name,cm_type ,cm_order , cm_state , cm_min_price , cm_max_price) values(28895,3901,'2017款 AMG GLS 63 4MATIC','2017款',1,1,1799800,1799800);
insert into t_car_model(cm_id , cs_id , cm_name,cm_type ,cm_order , cm_state , cm_min_price , cm_max_price) values(24428,3901,'2016款 AMG GLS 63 4MATIC','2016款',1,1,1998000,1998000);
insert into t_car_series(cs_id,cbf_id,cs_name,cs_order,cs_letter) values(2720,344,'奔驰SL级AMG',627,'B');
insert into t_car_model(cm_id , cs_id , cm_name,cm_type ,cm_order , cm_state , cm_min_price , cm_max_price) values(12098,2720,'2013款 AMG SL 63','2013款',1,1,2398000,2398000);
insert into t_car_model(cm_id , cs_id , cm_name,cm_type ,cm_order , cm_state , cm_min_price , cm_max_price) values(5300,2720,'2009款 AMG SL 63','2009款',1,1,2568000,2568000);
insert into t_car_series(cs_id,cbf_id,cs_name,cs_order,cs_letter) values(2197,344,'奔驰S级AMG',630,'B');
insert into t_car_model(cm_id , cs_id , cm_name,cm_type ,cm_order , cm_state , cm_min_price , cm_max_price) values(41570,2197,'2019款 AMG S 65 L 典藏版','2019款',1,1,3078800,3078800);
insert into t_car_model(cm_id , cs_id , cm_name,cm_type ,cm_order , cm_state , cm_min_price , cm_max_price) values(32846,2197,'2018款 AMG S 65 L','2018款',1,1,2738800,2738800);
insert into t_car_model(cm_id , cs_id , cm_name,cm_type ,cm_order , cm_state , cm_min_price , cm_max_price) values(32845,2197,'2018款 AMG S 63 L 4MATIC+','2018款',2,1,2278800,2278800);
insert into t_car_model(cm_id , cs_id , cm_name,cm_type ,cm_order , cm_state , cm_min_price , cm_max_price) values(31657,2197,'2018款 AMG S 63 4MATIC+ Coupe','2018款',3,1,2298800,2298800);
insert into t_car_model(cm_id , cs_id , cm_name,cm_type ,cm_order , cm_state , cm_min_price , cm_max_price) values(25509,2197,'2016款 AMG S 63 L 4MATIC','2016款',1,1,2498000,2498000);
insert into t_car_model(cm_id , cs_id , cm_name,cm_type ,cm_order , cm_state , cm_min_price , cm_max_price) values(18608,2197,'2015款 AMG S 63 4MATIC Coupe','2015款',1,1,2323800,2323800);
insert into t_car_model(cm_id , cs_id , cm_name,cm_type ,cm_order , cm_state , cm_min_price , cm_max_price) values(23794,2197,'2015款 AMG S 63 L 4MATIC','2015款',2,1,2538000,2538000);
insert into t_car_model(cm_id , cs_id , cm_name,cm_type ,cm_order , cm_state , cm_min_price , cm_max_price) values(17445,2197,'2014款 AMG S 65 L','2014款',1,1,2998000,2998000);
insert into t_car_model(cm_id , cs_id , cm_name,cm_type ,cm_order , cm_state , cm_min_price , cm_max_price) values(17671,2197,'2014款 AMG S 63 L 4MATIC','2014款',2,1,2498000,2498000);
insert into t_car_model(cm_id , cs_id , cm_name,cm_type ,cm_order , cm_state , cm_min_price , cm_max_price) values(16111,2197,'2013款 AMG S 65 L Grand Edition','2013款',1,1,3298000,3298000);
insert into t_car_model(cm_id , cs_id , cm_name,cm_type ,cm_order , cm_state , cm_min_price , cm_max_price) values(5922,2197,'2010款 AMG S 65','2010款',1,1,3298000,3298000);
insert into t_car_model(cm_id , cs_id , cm_name,cm_type ,cm_order , cm_state , cm_min_price , cm_max_price) values(2945,2197,'2007款 AMG S 65','2007款',1,1,3618000,3618000);
insert into t_car_series(cs_id,cbf_id,cs_name,cs_order,cs_letter) values(2722,344,'奔驰M级AMG',631,'B');
insert into t_car_model(cm_id , cs_id , cm_name,cm_type ,cm_order , cm_state , cm_min_price , cm_max_price) values(22854,2722,'2015款 AMG ML 63','2015款',1,1,1908000,1908000);
insert into t_car_model(cm_id , cs_id , cm_name,cm_type ,cm_order , cm_state , cm_min_price , cm_max_price) values(18122,2722,'2014款 AMG ML 63','2014款',1,1,1898000,1898000);
insert into t_car_model(cm_id , cs_id , cm_name,cm_type ,cm_order , cm_state , cm_min_price , cm_max_price) values(11287,2722,'2012款 AMG ML 63','2012款',1,1,1998000,1998000);
insert into t_car_model(cm_id , cs_id , cm_name,cm_type ,cm_order , cm_state , cm_min_price , cm_max_price) values(8323,2722,'2011款 AMG ML 63','2011款',1,1,1958000,1958000);
insert into t_car_model(cm_id , cs_id , cm_name,cm_type ,cm_order , cm_state , cm_min_price , cm_max_price) values(8322,2722,'2007款 AMG ML 63','2007款',1,1,1958000,1958000);
insert into t_car_series(cs_id,cbf_id,cs_name,cs_order,cs_letter) values(2833,344,'奔驰GL级AMG',632,'B');
insert into t_car_model(cm_id , cs_id , cm_name,cm_type ,cm_order , cm_state , cm_min_price , cm_max_price) values(18123,2833,'2014款 AMG GL 63','2014款',1,1,1980000,1980000);
insert into t_car_model(cm_id , cs_id , cm_name,cm_type ,cm_order , cm_state , cm_min_price , cm_max_price) values(12976,2833,'2013款 AMG GL 63','2013款',1,1,2148000,2148000);
insert into t_car_series(cs_id,cbf_id,cs_name,cs_order,cs_letter) values(2721,344,'奔驰SLK级AMG',633,'B');
insert into t_car_model(cm_id , cs_id , cm_name,cm_type ,cm_order , cm_state , cm_min_price , cm_max_price) values(8077,2721,'2010款 AMG SLK 55','2010款',1,1,1299000,1299000);
insert into t_car_model(cm_id , cs_id , cm_name,cm_type ,cm_order , cm_state , cm_min_price , cm_max_price) values(5299,2721,'2009款 AMG SLK 55','2009款',1,1,1299000,1299000);
insert into t_car_series(cs_id,cbf_id,cs_name,cs_order,cs_letter) values(914,344,'奔驰SLS级AMG',638,'B');
insert into t_car_model(cm_id , cs_id , cm_name,cm_type ,cm_order , cm_state , cm_min_price , cm_max_price) values(14298,914,'2014款 SLS AMG Black Series','2014款',1,1,3800000,3800000);
insert into t_car_model(cm_id , cs_id , cm_name,cm_type ,cm_order , cm_state , cm_min_price , cm_max_price) values(14517,914,'2013款 SLS AMG 45周年中国限量版','2013款',1,1,3080000,3080000);
insert into t_car_model(cm_id , cs_id , cm_name,cm_type ,cm_order , cm_state , cm_min_price , cm_max_price) values(8550,914,'2011款 SLS AMG','2011款',1,1,3080000,3080000);
insert into t_car_brand_factory(cbf_id , cb_id , cbf_name ,cbf_letter) values(514,36,'梅赛德斯-EQ','M');
insert into t_car_series(cs_id,cbf_id,cs_name,cs_order,cs_letter) values(5382,514,'奔驰EQS',639,'B');
insert into t_car_model(cm_id , cs_id , cm_name,cm_type ,cm_order , cm_state , cm_min_price , cm_max_price) values(55056,5382,'2022款 450+ 先锋版','2022款',1,1,1079600,1079600);
insert into t_car_model(cm_id , cs_id , cm_name,cm_type ,cm_order , cm_state , cm_min_price , cm_max_price) values(50979,5382,'2022款 450+ 豪华版','2022款',2,1,1193600,1193600);
insert into t_car_model(cm_id , cs_id , cm_name,cm_type ,cm_order , cm_state , cm_min_price , cm_max_price) values(55057,5382,'2022款 450+ 先型特别版','2022款',3,1,1317600,1317600);
insert into t_car_model(cm_id , cs_id , cm_name,cm_type ,cm_order , cm_state , cm_min_price , cm_max_price) values(50367,5382,'2022款 580 4MATIC','2022款',4,1,1518600,1518600);
insert into t_car_brand_factory(cbf_id , cb_id , cbf_name ,cbf_letter) values(407,36,'梅赛德斯-迈巴赫','M');
insert into t_car_series(cs_id,cbf_id,cs_name,cs_order,cs_letter) values(3665,407,'迈巴赫S级',650,'M');
insert into t_car_model(cm_id , cs_id , cm_name,cm_type ,cm_order , cm_state , cm_min_price , cm_max_price) values(50580,3665,'2021款 S 480 4MATIC','2021款',1,1,1468000,1468000);
insert into t_car_model(cm_id , cs_id , cm_name,cm_type ,cm_order , cm_state , cm_min_price , cm_max_price) values(52848,3665,'2021款 S 580 4MATIC','2021款',2,1,2388000,2388000);
insert into t_car_model(cm_id , cs_id , cm_name,cm_type ,cm_order , cm_state , cm_min_price , cm_max_price) values(41632,3665,'2020款 S 450 4MATIC','2020款',1,1,1398800,1398800);
insert into t_car_model(cm_id , cs_id , cm_name,cm_type ,cm_order , cm_state , cm_min_price , cm_max_price) values(44584,3665,'2020款 S 450 4MATIC 典藏版','2020款',2,1,1458800,1458800);
insert into t_car_model(cm_id , cs_id , cm_name,cm_type ,cm_order , cm_state , cm_min_price , cm_max_price) values(41640,3665,'2020款 S 560 4MATIC','2020款',3,1,2198800,2198800);
insert into t_car_model(cm_id , cs_id , cm_name,cm_type ,cm_order , cm_state , cm_min_price , cm_max_price) values(41641,3665,'2020款 S 680','2020款',4,1,2998800,2998800);
insert into t_car_model(cm_id , cs_id , cm_name,cm_type ,cm_order , cm_state , cm_min_price , cm_max_price) values(41642,3665,'2020款 S 680 双调典藏版','2020款',5,1,3198800,3198800);
insert into t_car_model(cm_id , cs_id , cm_name,cm_type ,cm_order , cm_state , cm_min_price , cm_max_price) values(35641,3665,'2019款 S 450 4MATIC','2019款',1,1,1380800,1380800);
insert into t_car_model(cm_id , cs_id , cm_name,cm_type ,cm_order , cm_state , cm_min_price , cm_max_price) values(33573,3665,'2019款 S 560 4MATIC','2019款',2,1,2106800,2106800);
insert into t_car_model(cm_id , cs_id , cm_name,cm_type ,cm_order , cm_state , cm_min_price , cm_max_price) values(34539,3665,'2019款 S 680','2019款',3,1,2838800,2838800);
insert into t_car_model(cm_id , cs_id , cm_name,cm_type ,cm_order , cm_state , cm_min_price , cm_max_price) values(37056,3665,'2019款 S 680 双调典藏版','2019款',4,1,3038800,3038800);
insert into t_car_model(cm_id , cs_id , cm_name,cm_type ,cm_order , cm_state , cm_min_price , cm_max_price) values(40283,3665,'2019款 改款 S 450 4MATIC','2019款',5,1,1380800,1380800);
insert into t_car_model(cm_id , cs_id , cm_name,cm_type ,cm_order , cm_state , cm_min_price , cm_max_price) values(40284,3665,'2019款 改款 S 560 4MATIC','2019款',6,1,2198800,2198800);
insert into t_car_model(cm_id , cs_id , cm_name,cm_type ,cm_order , cm_state , cm_min_price , cm_max_price) values(40285,3665,'2019款 改款 S 680','2019款',7,1,2998800,2998800);
insert into t_car_model(cm_id , cs_id , cm_name,cm_type ,cm_order , cm_state , cm_min_price , cm_max_price) values(40286,3665,'2019款 改款 S 680 双调典藏版','2019款',8,1,3198800,3198800);
insert into t_car_model(cm_id , cs_id , cm_name,cm_type ,cm_order , cm_state , cm_min_price , cm_max_price) values(31543,3665,'2018款 S 450 4MATIC','2018款',1,1,1398800,1398800);
insert into t_car_model(cm_id , cs_id , cm_name,cm_type ,cm_order , cm_state , cm_min_price , cm_max_price) values(30186,3665,'2018款 S 560 4MATIC','2018款',2,1,2138800,2138800);
insert into t_car_model(cm_id , cs_id , cm_name,cm_type ,cm_order , cm_state , cm_min_price , cm_max_price) values(32792,3665,'2018款 S 680','2018款',3,1,2888800,2888800);
insert into t_car_model(cm_id , cs_id , cm_name,cm_type ,cm_order , cm_state , cm_min_price , cm_max_price) values(28817,3665,'2017款 S 400 4MATIC','2017款',1,1,1468000,1468000);
insert into t_car_model(cm_id , cs_id , cm_name,cm_type ,cm_order , cm_state , cm_min_price , cm_max_price) values(28818,3665,'2017款 S 500 4MATIC','2017款',2,1,2198000,2198000);
insert into t_car_model(cm_id , cs_id , cm_name,cm_type ,cm_order , cm_state , cm_min_price , cm_max_price) values(28819,3665,'2017款 S 600','2017款',3,1,2888000,2888000);
insert into t_car_model(cm_id , cs_id , cm_name,cm_type ,cm_order , cm_state , cm_min_price , cm_max_price) values(25507,3665,'2016款 S 400 4MATIC','2016款',1,1,1468000,1468000);
insert into t_car_model(cm_id , cs_id , cm_name,cm_type ,cm_order , cm_state , cm_min_price , cm_max_price) values(21475,3665,'2015款 S 400 4MATIC','2015款',1,1,1438000,1438000);
insert into t_car_model(cm_id , cs_id , cm_name,cm_type ,cm_order , cm_state , cm_min_price , cm_max_price) values(23617,3665,'2015款 S 500 4MATIC','2015款',2,1,2198000,2198000);
insert into t_car_model(cm_id , cs_id , cm_name,cm_type ,cm_order , cm_state , cm_min_price , cm_max_price) values(20909,3665,'2015款 S 600','2015款',3,1,2888000,2888000);
insert into t_car_series(cs_id,cbf_id,cs_name,cs_order,cs_letter) values(5462,407,'迈巴赫GLS',651,'M');
insert into t_car_model(cm_id , cs_id , cm_name,cm_type ,cm_order , cm_state , cm_min_price , cm_max_price) values(48893,5462,'2021款 GLS 480 4MATIC','2021款',1,1,1740000,1740000);
insert into t_car_model(cm_id , cs_id , cm_name,cm_type ,cm_order , cm_state , cm_min_price , cm_max_price) values(48892,5462,'2021款 GLS 600 4MATIC 礼乐版','2021款',2,1,2370000,2370000);
insert into t_car_model(cm_id , cs_id , cm_name,cm_type ,cm_order , cm_state , cm_min_price , cm_max_price) values(42966,5462,'2021款 GLS 600 4MATIC 礼尚版','2021款',3,1,2980000,2980000);
