insert into t_car_brand_factory(cbf_id , cb_id , cbf_name ,cbf_letter) values(628,33,'上汽奥迪','S');
insert into t_car_series(cs_id,cbf_id,cs_name,cs_order,cs_letter) values(6336,628,'奥迪Q5 e-tron',141,'A');
insert into t_car_model(cm_id , cs_id , cm_name,cm_type ,cm_order , cm_state , cm_min_price , cm_max_price) values(54581,6336,'2022款 40 e-tron 星耀型 机甲套装','2022款',1,1,400000,400000);
insert into t_car_model(cm_id , cs_id , cm_name,cm_type ,cm_order , cm_state , cm_min_price , cm_max_price) values(54423,6336,'2022款 40 e-tron 星耀型 锦衣套装','2022款',2,1,400000,400000);
insert into t_car_model(cm_id , cs_id , cm_name,cm_type ,cm_order , cm_state , cm_min_price , cm_max_price) values(54580,6336,'2022款 50 e-tron quattro 荣耀型 机甲套装','2022款',3,1,500000,500000);
insert into t_car_model(cm_id , cs_id , cm_name,cm_type ,cm_order , cm_state , cm_min_price , cm_max_price) values(52586,6336,'2022款 50 e-tron quattro 荣耀型 锦衣套装','2022款',4,1,500000,500000);
insert into t_car_model(cm_id , cs_id , cm_name,cm_type ,cm_order , cm_state , cm_min_price , cm_max_price) values(54498,6336,'2022款 50 e-tron quattro edition one 艺创典藏版','2022款',5,1,520000,520000);
insert into t_car_series(cs_id,cbf_id,cs_name,cs_order,cs_letter) values(5998,628,'奥迪A7L',142,'A');
insert into t_car_model(cm_id , cs_id , cm_name,cm_type ,cm_order , cm_state , cm_min_price , cm_max_price) values(55227,5998,'2022款 45 TFSI S-line 筑梦型','2022款',1,1,459700,459700);
insert into t_car_model(cm_id , cs_id , cm_name,cm_type ,cm_order , cm_state , cm_min_price , cm_max_price) values(55228,5998,'2022款 45 TFSI quattro S-line 见远型流晶套装','2022款',2,1,499700,499700);
insert into t_car_model(cm_id , cs_id , cm_name,cm_type ,cm_order , cm_state , cm_min_price , cm_max_price) values(55229,5998,'2022款 45 TFSI quattro S-line 见远型曜黑套装','2022款',3,1,507700,507700);
insert into t_car_model(cm_id , cs_id , cm_name,cm_type ,cm_order , cm_state , cm_min_price , cm_max_price) values(55230,5998,'2022款 45 TFSI quattro S-line 黑武士版','2022款',4,1,519700,519700);
insert into t_car_model(cm_id , cs_id , cm_name,cm_type ,cm_order , cm_state , cm_min_price , cm_max_price) values(55231,5998,'2022款 45 TFSI quattro S-line 白法师版','2022款',5,1,519700,519700);
insert into t_car_model(cm_id , cs_id , cm_name,cm_type ,cm_order , cm_state , cm_min_price , cm_max_price) values(53488,5998,'2022款 55 TFSI quattro S-line 志远型流晶套装','2022款',6,1,599700,599700);
insert into t_car_model(cm_id , cs_id , cm_name,cm_type ,cm_order , cm_state , cm_min_price , cm_max_price) values(53486,5998,'2022款 55 TFSI quattro S-line 志远型曜黑套装','2022款',7,1,607700,607700);
insert into t_car_model(cm_id , cs_id , cm_name,cm_type ,cm_order , cm_state , cm_min_price , cm_max_price) values(49281,5998,'2022款 55 TFSI quattro S-line edition one先行版','2022款',8,1,677700,677700);
insert into t_car_model(cm_id , cs_id , cm_name,cm_type ,cm_order , cm_state , cm_min_price , cm_max_price) values(53484,5998,'2022款 55 TFSI quattro S-line 境远型流晶套装','2022款',9,1,688700,688700);
insert into t_car_model(cm_id , cs_id , cm_name,cm_type ,cm_order , cm_state , cm_min_price , cm_max_price) values(53483,5998,'2022款 55 TFSI quattro S-line 境远型曜黑套装','2022款',10,1,696700,696700);
insert into t_car_model(cm_id , cs_id , cm_name,cm_type ,cm_order , cm_state , cm_min_price , cm_max_price) values(53490,5998,'2022款 55 TFSI quattro S-line edition executive先见版','2022款',11,1,777700,777700);
insert into t_car_brand_factory(cbf_id , cb_id , cbf_name ,cbf_letter) values(9,33,'一汽-大众奥迪','Y');
insert into t_car_series(cs_id,cbf_id,cs_name,cs_order,cs_letter) values(3170,9,'奥迪A3',145,'A');
insert into t_car_model(cm_id , cs_id , cm_name,cm_type ,cm_order , cm_state , cm_min_price , cm_max_price) values(52498,3170,'2022款 Sportback 35 TFSI RS套件燃速型','2022款',1,1,0,0);
insert into t_car_model(cm_id , cs_id , cm_name,cm_type ,cm_order , cm_state , cm_min_price , cm_max_price) values(52499,3170,'2022款 A3L Limousine 35 TFSI RS套件燃速型','2022款',2,1,0,0);
insert into t_car_model(cm_id , cs_id , cm_name,cm_type ,cm_order , cm_state , cm_min_price , cm_max_price) values(48989,3170,'2021款 Sportback 35 TFSI 进取致雅型','2021款',1,1,203100,203100);
insert into t_car_model(cm_id , cs_id , cm_name,cm_type ,cm_order , cm_state , cm_min_price , cm_max_price) values(48991,3170,'2021款 Sportback 35 TFSI 进取运动型','2021款',2,1,203100,203100);
insert into t_car_model(cm_id , cs_id , cm_name,cm_type ,cm_order , cm_state , cm_min_price , cm_max_price) values(48990,3170,'2021款 Sportback 35 TFSI 时尚致雅型','2021款',3,1,223300,223300);
insert into t_car_model(cm_id , cs_id , cm_name,cm_type ,cm_order , cm_state , cm_min_price , cm_max_price) values(48992,3170,'2021款 Sportback 35 TFSI 时尚运动型','2021款',4,1,223300,223300);
insert into t_car_model(cm_id , cs_id , cm_name,cm_type ,cm_order , cm_state , cm_min_price , cm_max_price) values(51385,3170,'2021款 Sportback 35 TFSI 进享人生版','2021款',5,1,233000,233000);
insert into t_car_model(cm_id , cs_id , cm_name,cm_type ,cm_order , cm_state , cm_min_price , cm_max_price) values(48685,3170,'2021款 Sportback 35 TFSI 豪华致雅型','2021款',6,1,243200,243200);
insert into t_car_model(cm_id , cs_id , cm_name,cm_type ,cm_order , cm_state , cm_min_price , cm_max_price) values(48686,3170,'2021款 Sportback 35 TFSI 豪华运动型','2021款',7,1,243200,243200);
insert into t_car_model(cm_id , cs_id , cm_name,cm_type ,cm_order , cm_state , cm_min_price , cm_max_price) values(48993,3170,'2021款 A3L Limousine 35 TFSI 进取致雅型','2021款',8,1,209600,209600);
insert into t_car_model(cm_id , cs_id , cm_name,cm_type ,cm_order , cm_state , cm_min_price , cm_max_price) values(48995,3170,'2021款 A3L Limousine 35 TFSI 进取运动型','2021款',9,1,209600,209600);
insert into t_car_model(cm_id , cs_id , cm_name,cm_type ,cm_order , cm_state , cm_min_price , cm_max_price) values(48994,3170,'2021款 A3L Limousine 35 TFSI 时尚致雅型','2021款',10,1,229800,229800);
insert into t_car_model(cm_id , cs_id , cm_name,cm_type ,cm_order , cm_state , cm_min_price , cm_max_price) values(48996,3170,'2021款 A3L Limousine 35 TFSI 时尚运动型','2021款',11,1,229800,229800);
insert into t_car_model(cm_id , cs_id , cm_name,cm_type ,cm_order , cm_state , cm_min_price , cm_max_price) values(51386,3170,'2021款 A3L Limousine 35 TFSI 进享人生版','2021款',12,1,239500,239500);
insert into t_car_model(cm_id , cs_id , cm_name,cm_type ,cm_order , cm_state , cm_min_price , cm_max_price) values(48812,3170,'2021款 A3L Limousine 35 TFSI 豪华致雅型','2021款',13,1,249700,249700);
insert into t_car_model(cm_id , cs_id , cm_name,cm_type ,cm_order , cm_state , cm_min_price , cm_max_price) values(48813,3170,'2021款 A3L Limousine 35 TFSI 豪华运动型','2021款',14,1,249700,249700);
insert into t_car_model(cm_id , cs_id , cm_name,cm_type ,cm_order , cm_state , cm_min_price , cm_max_price) values(48770,3170,'2021款 Sportback 35 TFSI 王一博联名限量款','2021款',15,1,268500,268500);
insert into t_car_model(cm_id , cs_id , cm_name,cm_type ,cm_order , cm_state , cm_min_price , cm_max_price) values(43603,3170,'2020款 Sportback 35 TFSI 进取型 国V','2020款',1,1,189200,189200);
insert into t_car_model(cm_id , cs_id , cm_name,cm_type ,cm_order , cm_state , cm_min_price , cm_max_price) values(43604,3170,'2020款 Sportback 35 TFSI 时尚型 国V','2020款',2,1,213700,213700);
insert into t_car_model(cm_id , cs_id , cm_name,cm_type ,cm_order , cm_state , cm_min_price , cm_max_price) values(43605,3170,'2020款 Sportback 35 TFSI 风尚型 国V','2020款',3,1,228600,228600);
insert into t_car_model(cm_id , cs_id , cm_name,cm_type ,cm_order , cm_state , cm_min_price , cm_max_price) values(43606,3170,'2020款 Sportback 35 TFSI 运动型 国V','2020款',4,1,228600,228600);
insert into t_car_model(cm_id , cs_id , cm_name,cm_type ,cm_order , cm_state , cm_min_price , cm_max_price) values(43607,3170,'2020款 Sportback 40 TFSI 风尚型 国V','2020款',5,1,247200,247200);
insert into t_car_model(cm_id , cs_id , cm_name,cm_type ,cm_order , cm_state , cm_min_price , cm_max_price) values(43608,3170,'2020款 Sportback 40 TFSI 运动型 国V','2020款',6,1,247200,247200);
insert into t_car_model(cm_id , cs_id , cm_name,cm_type ,cm_order , cm_state , cm_min_price , cm_max_price) values(42417,3170,'2020款 Sportback 35 TFSI 进取型 国VI','2020款',7,1,189200,189200);
insert into t_car_model(cm_id , cs_id , cm_name,cm_type ,cm_order , cm_state , cm_min_price , cm_max_price) values(43593,3170,'2020款 改款 Sportback 35 TFSI 进取型 国VI','2020款',8,1,193200,193200);
insert into t_car_model(cm_id , cs_id , cm_name,cm_type ,cm_order , cm_state , cm_min_price , cm_max_price) values(42418,3170,'2020款 Sportback 35 TFSI 时尚型 国VI','2020款',9,1,213700,213700);
insert into t_car_model(cm_id , cs_id , cm_name,cm_type ,cm_order , cm_state , cm_min_price , cm_max_price) values(42419,3170,'2020款 Sportback 35 TFSI 风尚型 国VI','2020款',10,1,228600,228600);
insert into t_car_model(cm_id , cs_id , cm_name,cm_type ,cm_order , cm_state , cm_min_price , cm_max_price) values(42420,3170,'2020款 Sportback 35 TFSI 运动型 国VI','2020款',11,1,228600,228600);
insert into t_car_model(cm_id , cs_id , cm_name,cm_type ,cm_order , cm_state , cm_min_price , cm_max_price) values(42421,3170,'2020款 Sportback 40 TFSI 风尚型 国VI','2020款',12,1,247200,247200);
insert into t_car_model(cm_id , cs_id , cm_name,cm_type ,cm_order , cm_state , cm_min_price , cm_max_price) values(42422,3170,'2020款 Sportback 40 TFSI 运动型 国VI','2020款',13,1,247200,247200);
insert into t_car_model(cm_id , cs_id , cm_name,cm_type ,cm_order , cm_state , cm_min_price , cm_max_price) values(43596,3170,'2020款 Limousine 35 TFSI 进取型 国V','2020款',14,1,195200,195200);
insert into t_car_model(cm_id , cs_id , cm_name,cm_type ,cm_order , cm_state , cm_min_price , cm_max_price) values(43597,3170,'2020款 Limousine 35 TFSI 时尚型 国V','2020款',15,1,219700,219700);
insert into t_car_model(cm_id , cs_id , cm_name,cm_type ,cm_order , cm_state , cm_min_price , cm_max_price) values(43598,3170,'2020款 Limousine 35 TFSI 风尚型 国V','2020款',16,1,234600,234600);
insert into t_car_model(cm_id , cs_id , cm_name,cm_type ,cm_order , cm_state , cm_min_price , cm_max_price) values(43599,3170,'2020款 Limousine 35 TFSI 运动型 国V','2020款',17,1,234600,234600);
insert into t_car_model(cm_id , cs_id , cm_name,cm_type ,cm_order , cm_state , cm_min_price , cm_max_price) values(43600,3170,'2020款 Limousine 40 TFSI 风尚型 国V','2020款',18,1,252700,252700);
insert into t_car_model(cm_id , cs_id , cm_name,cm_type ,cm_order , cm_state , cm_min_price , cm_max_price) values(43601,3170,'2020款 Limousine 40 TFSI 运动型 国V','2020款',19,1,252700,252700);
insert into t_car_model(cm_id , cs_id , cm_name,cm_type ,cm_order , cm_state , cm_min_price , cm_max_price) values(42423,3170,'2020款 Limousine 35 TFSI 进取型 国VI','2020款',20,1,195200,195200);
insert into t_car_model(cm_id , cs_id , cm_name,cm_type ,cm_order , cm_state , cm_min_price , cm_max_price) values(43594,3170,'2020款 改款 Limousine 35 TFSI 进取型 国VI','2020款',21,1,199200,199200);
insert into t_car_model(cm_id , cs_id , cm_name,cm_type ,cm_order , cm_state , cm_min_price , cm_max_price) values(42424,3170,'2020款 Limousine 35 TFSI 时尚型 国VI','2020款',22,1,219700,219700);
insert into t_car_model(cm_id , cs_id , cm_name,cm_type ,cm_order , cm_state , cm_min_price , cm_max_price) values(42425,3170,'2020款 Limousine 35 TFSI 风尚型 国VI','2020款',23,1,234600,234600);
insert into t_car_model(cm_id , cs_id , cm_name,cm_type ,cm_order , cm_state , cm_min_price , cm_max_price) values(42426,3170,'2020款  Limousine 35 TFSI 运动型 国VI','2020款',24,1,234600,234600);
insert into t_car_model(cm_id , cs_id , cm_name,cm_type ,cm_order , cm_state , cm_min_price , cm_max_price) values(42427,3170,'2020款 Limousine 40 TFSI 风尚型 国VI','2020款',25,1,252700,252700);
insert into t_car_model(cm_id , cs_id , cm_name,cm_type ,cm_order , cm_state , cm_min_price , cm_max_price) values(42428,3170,'2020款 Limousine 40 TFSI 运动型 国VI','2020款',26,1,252700,252700);
insert into t_car_model(cm_id , cs_id , cm_name,cm_type ,cm_order , cm_state , cm_min_price , cm_max_price) values(36622,3170,'2019款 Sportback 35 TFSI 进取型 国V','2019款',1,1,188600,188600);
insert into t_car_model(cm_id , cs_id , cm_name,cm_type ,cm_order , cm_state , cm_min_price , cm_max_price) values(36600,3170,'2019款 Sportback 35 TFSI 进取型 国VI','2019款',2,1,188600,188600);
insert into t_car_model(cm_id , cs_id , cm_name,cm_type ,cm_order , cm_state , cm_min_price , cm_max_price) values(36623,3170,'2019款 Sportback 35 TFSI 时尚型 国V','2019款',3,1,212800,212800);
insert into t_car_model(cm_id , cs_id , cm_name,cm_type ,cm_order , cm_state , cm_min_price , cm_max_price) values(36601,3170,'2019款 Sportback 35 TFSI 时尚型 国VI','2019款',4,1,212800,212800);
insert into t_car_model(cm_id , cs_id , cm_name,cm_type ,cm_order , cm_state , cm_min_price , cm_max_price) values(36624,3170,'2019款 Sportback 35 TFSI 风尚型 国V','2019款',5,1,226700,226700);
insert into t_car_model(cm_id , cs_id , cm_name,cm_type ,cm_order , cm_state , cm_min_price , cm_max_price) values(36602,3170,'2019款 Sportback 35 TFSI 风尚型 国VI','2019款',6,1,226700,226700);
insert into t_car_model(cm_id , cs_id , cm_name,cm_type ,cm_order , cm_state , cm_min_price , cm_max_price) values(36625,3170,'2019款 Sportback 35 TFSI 运动型 国V','2019款',7,1,226700,226700);
insert into t_car_model(cm_id , cs_id , cm_name,cm_type ,cm_order , cm_state , cm_min_price , cm_max_price) values(36603,3170,'2019款 Sportback 35 TFSI 运动型 国VI','2019款',8,1,226700,226700);
insert into t_car_model(cm_id , cs_id , cm_name,cm_type ,cm_order , cm_state , cm_min_price , cm_max_price) values(36626,3170,'2019款 Sportback 40 TFSI 风尚型 国V','2019款',9,1,245500,245500);
insert into t_car_model(cm_id , cs_id , cm_name,cm_type ,cm_order , cm_state , cm_min_price , cm_max_price) values(36604,3170,'2019款 Sportback 40 TFSI 风尚型 国VI','2019款',10,1,245500,245500);
insert into t_car_model(cm_id , cs_id , cm_name,cm_type ,cm_order , cm_state , cm_min_price , cm_max_price) values(36627,3170,'2019款 Sportback 40 TFSI 运动型 国V','2019款',11,1,245500,245500);
insert into t_car_model(cm_id , cs_id , cm_name,cm_type ,cm_order , cm_state , cm_min_price , cm_max_price) values(36605,3170,'2019款 Sportback 40 TFSI 运动型 国VI','2019款',12,1,245500,245500);
insert into t_car_model(cm_id , cs_id , cm_name,cm_type ,cm_order , cm_state , cm_min_price , cm_max_price) values(36628,3170,'2019款 Limousine 35 TFSI 进取型 国V','2019款',13,1,194600,194600);
insert into t_car_model(cm_id , cs_id , cm_name,cm_type ,cm_order , cm_state , cm_min_price , cm_max_price) values(36606,3170,'2019款 Limousine 35 TFSI 进取型 国VI','2019款',14,1,194600,194600);
insert into t_car_model(cm_id , cs_id , cm_name,cm_type ,cm_order , cm_state , cm_min_price , cm_max_price) values(36629,3170,'2019款 Limousine 35 TFSI 时尚型 国V','2019款',15,1,218800,218800);
insert into t_car_model(cm_id , cs_id , cm_name,cm_type ,cm_order , cm_state , cm_min_price , cm_max_price) values(36607,3170,'2019款 Limousine 35 TFSI 时尚型 国VI','2019款',16,1,218800,218800);
insert into t_car_model(cm_id , cs_id , cm_name,cm_type ,cm_order , cm_state , cm_min_price , cm_max_price) values(36630,3170,'2019款 Limousine 35 TFSI 风尚型 国V','2019款',17,1,232700,232700);
insert into t_car_model(cm_id , cs_id , cm_name,cm_type ,cm_order , cm_state , cm_min_price , cm_max_price) values(36608,3170,'2019款 Limousine 35 TFSI 风尚型 国VI','2019款',18,1,232700,232700);
insert into t_car_model(cm_id , cs_id , cm_name,cm_type ,cm_order , cm_state , cm_min_price , cm_max_price) values(36631,3170,'2019款 Limousine 35 TFSI 运动型 国V','2019款',19,1,232700,232700);
insert into t_car_model(cm_id , cs_id , cm_name,cm_type ,cm_order , cm_state , cm_min_price , cm_max_price) values(36609,3170,'2019款 Limousine 35 TFSI 运动型 国VI','2019款',20,1,232700,232700);
insert into t_car_model(cm_id , cs_id , cm_name,cm_type ,cm_order , cm_state , cm_min_price , cm_max_price) values(36632,3170,'2019款 Limousine 40 TFSI 风尚型 国V','2019款',21,1,250900,250900);
insert into t_car_model(cm_id , cs_id , cm_name,cm_type ,cm_order , cm_state , cm_min_price , cm_max_price) values(36610,3170,'2019款 Limousine 40 TFSI 风尚型 国VI','2019款',22,1,250900,250900);
insert into t_car_model(cm_id , cs_id , cm_name,cm_type ,cm_order , cm_state , cm_min_price , cm_max_price) values(36633,3170,'2019款 Limousine 40 TFSI 运动型 国V','2019款',23,1,250900,250900);
insert into t_car_model(cm_id , cs_id , cm_name,cm_type ,cm_order , cm_state , cm_min_price , cm_max_price) values(36611,3170,'2019款 Limousine 40 TFSI 运动型 国VI','2019款',24,1,250900,250900);
insert into t_car_model(cm_id , cs_id , cm_name,cm_type ,cm_order , cm_state , cm_min_price , cm_max_price) values(32040,3170,'2018款 30周年年型 Sportback 35 TFSI 进取型','2018款',1,1,190500,190500);
insert into t_car_model(cm_id , cs_id , cm_name,cm_type ,cm_order , cm_state , cm_min_price , cm_max_price) values(32041,3170,'2018款 30周年年型 Sportback 35 TFSI 时尚型','2018款',2,1,213800,213800);
insert into t_car_model(cm_id , cs_id , cm_name,cm_type ,cm_order , cm_state , cm_min_price , cm_max_price) values(32042,3170,'2018款 30周年年型 Sportback 35 TFSI 风尚型','2018款',3,1,233700,233700);
insert into t_car_model(cm_id , cs_id , cm_name,cm_type ,cm_order , cm_state , cm_min_price , cm_max_price) values(32043,3170,'2018款 30周年年型 Sportback 35 TFSI 运动型','2018款',4,1,233700,233700);
insert into t_car_model(cm_id , cs_id , cm_name,cm_type ,cm_order , cm_state , cm_min_price , cm_max_price) values(32044,3170,'2018款 30周年年型 Sportback 40 TFSI 风尚型','2018款',5,1,250700,250700);
insert into t_car_model(cm_id , cs_id , cm_name,cm_type ,cm_order , cm_state , cm_min_price , cm_max_price) values(32045,3170,'2018款 30周年年型 Sportback 40 TFSI 运动型','2018款',6,1,250700,250700);
insert into t_car_model(cm_id , cs_id , cm_name,cm_type ,cm_order , cm_state , cm_min_price , cm_max_price) values(32046,3170,'2018款 30周年年型 Limousine 35 TFSI 进取型','2018款',7,1,196500,196500);
insert into t_car_model(cm_id , cs_id , cm_name,cm_type ,cm_order , cm_state , cm_min_price , cm_max_price) values(32047,3170,'2018款 30周年年型 Limousine 35 TFSI 时尚型','2018款',8,1,219800,219800);
insert into t_car_model(cm_id , cs_id , cm_name,cm_type ,cm_order , cm_state , cm_min_price , cm_max_price) values(32048,3170,'2018款 30周年年型 Limousine 35 TFSI 风尚型','2018款',9,1,239700,239700);
insert into t_car_model(cm_id , cs_id , cm_name,cm_type ,cm_order , cm_state , cm_min_price , cm_max_price) values(32049,3170,'2018款 30周年年型 Limousine 35 TFSI 运动型','2018款',10,1,239700,239700);
insert into t_car_model(cm_id , cs_id , cm_name,cm_type ,cm_order , cm_state , cm_min_price , cm_max_price) values(32050,3170,'2018款 30周年年型 Limousine 40 TFSI 风尚型','2018款',11,1,256200,256200);
insert into t_car_model(cm_id , cs_id , cm_name,cm_type ,cm_order , cm_state , cm_min_price , cm_max_price) values(32051,3170,'2018款 30周年年型 Limousine 40 TFSI 运动型','2018款',12,1,256200,256200);
insert into t_car_model(cm_id , cs_id , cm_name,cm_type ,cm_order , cm_state , cm_min_price , cm_max_price) values(30293,3170,'2017款 Sportback 35 TFSI 进取型','2017款',1,1,188000,188000);
insert into t_car_model(cm_id , cs_id , cm_name,cm_type ,cm_order , cm_state , cm_min_price , cm_max_price) values(30294,3170,'2017款 Sportback 35 TFSI 时尚型','2017款',2,1,212600,212600);
insert into t_car_model(cm_id , cs_id , cm_name,cm_type ,cm_order , cm_state , cm_min_price , cm_max_price) values(30295,3170,'2017款 Sportback 35 TFSI 风尚型','2017款',3,1,232500,232500);
insert into t_car_model(cm_id , cs_id , cm_name,cm_type ,cm_order , cm_state , cm_min_price , cm_max_price) values(30296,3170,'2017款 Sportback 35 TFSI 运动型','2017款',4,1,232500,232500);
insert into t_car_model(cm_id , cs_id , cm_name,cm_type ,cm_order , cm_state , cm_min_price , cm_max_price) values(30297,3170,'2017款 Sportback 40 TFSI 风尚型','2017款',5,1,249500,249500);
insert into t_car_model(cm_id , cs_id , cm_name,cm_type ,cm_order , cm_state , cm_min_price , cm_max_price) values(30088,3170,'2017款 Sportback 40 TFSI 运动型','2017款',6,1,249500,249500);
insert into t_car_model(cm_id , cs_id , cm_name,cm_type ,cm_order , cm_state , cm_min_price , cm_max_price) values(30298,3170,'2017款 Limousine 35 TFSI 进取型','2017款',7,1,194000,194000);
insert into t_car_model(cm_id , cs_id , cm_name,cm_type ,cm_order , cm_state , cm_min_price , cm_max_price) values(30299,3170,'2017款 Limousine 35 TFSI 时尚型','2017款',8,1,218600,218600);
insert into t_car_model(cm_id , cs_id , cm_name,cm_type ,cm_order , cm_state , cm_min_price , cm_max_price) values(30300,3170,'2017款 Limousine 35 TFSI 风尚型','2017款',9,1,238500,238500);
insert into t_car_model(cm_id , cs_id , cm_name,cm_type ,cm_order , cm_state , cm_min_price , cm_max_price) values(30305,3170,'2017款 Limousine 35 TFSI 运动型','2017款',10,1,238500,238500);
insert into t_car_model(cm_id , cs_id , cm_name,cm_type ,cm_order , cm_state , cm_min_price , cm_max_price) values(30306,3170,'2017款 Limousine 40 TFSI 风尚型','2017款',11,1,255000,255000);
insert into t_car_model(cm_id , cs_id , cm_name,cm_type ,cm_order , cm_state , cm_min_price , cm_max_price) values(30307,3170,'2017款 Limousine 40 TFSI 运动型','2017款',12,1,255000,255000);
insert into t_car_model(cm_id , cs_id , cm_name,cm_type ,cm_order , cm_state , cm_min_price , cm_max_price) values(25898,3170,'2016款 Sportback 35 TFSI 进取型','2016款',1,1,184900,184900);
insert into t_car_model(cm_id , cs_id , cm_name,cm_type ,cm_order , cm_state , cm_min_price , cm_max_price) values(25899,3170,'2016款 Sportback 35 TFSI 领英型','2016款',2,1,209200,209200);
insert into t_car_model(cm_id , cs_id , cm_name,cm_type ,cm_order , cm_state , cm_min_price , cm_max_price) values(25900,3170,'2016款 Sportback 35 TFSI 风尚型','2016款',3,1,225900,225900);
insert into t_car_model(cm_id , cs_id , cm_name,cm_type ,cm_order , cm_state , cm_min_price , cm_max_price) values(27076,3170,'2016款 Sportback 35 TFSI 特别版','2016款',4,1,238800,238800);
insert into t_car_model(cm_id , cs_id , cm_name,cm_type ,cm_order , cm_state , cm_min_price , cm_max_price) values(25901,3170,'2016款 Sportback 40 TFSI 风尚型','2016款',5,1,249900,249900);
insert into t_car_model(cm_id , cs_id , cm_name,cm_type ,cm_order , cm_state , cm_min_price , cm_max_price) values(25902,3170,'2016款 Sportback 40 TFSI 豪华型','2016款',6,1,277000,277000);
insert into t_car_model(cm_id , cs_id , cm_name,cm_type ,cm_order , cm_state , cm_min_price , cm_max_price) values(25903,3170,'2016款 Limousine 35 TFSI 进取型','2016款',7,1,190900,190900);
insert into t_car_model(cm_id , cs_id , cm_name,cm_type ,cm_order , cm_state , cm_min_price , cm_max_price) values(25904,3170,'2016款 Limousine 35 TFSI 领英型','2016款',8,1,215200,215200);
insert into t_car_model(cm_id , cs_id , cm_name,cm_type ,cm_order , cm_state , cm_min_price , cm_max_price) values(25905,3170,'2016款 Limousine 35 TFSI 风尚型','2016款',9,1,231900,231900);
insert into t_car_model(cm_id , cs_id , cm_name,cm_type ,cm_order , cm_state , cm_min_price , cm_max_price) values(27078,3170,'2016款 Limousine 35 TFSI 特别版','2016款',10,1,242800,242800);
insert into t_car_model(cm_id , cs_id , cm_name,cm_type ,cm_order , cm_state , cm_min_price , cm_max_price) values(25906,3170,'2016款 Limousine 40 TFSI 风尚型','2016款',11,1,253900,253900);
insert into t_car_model(cm_id , cs_id , cm_name,cm_type ,cm_order , cm_state , cm_min_price , cm_max_price) values(25907,3170,'2016款 Limousine 40 TFSI 豪华型','2016款',12,1,281000,281000);
insert into t_car_model(cm_id , cs_id , cm_name,cm_type ,cm_order , cm_state , cm_min_price , cm_max_price) values(21598,3170,'2015款 Limousine 35 TFSI 手动进取型','2015款',1,1,190900,190900);
insert into t_car_model(cm_id , cs_id , cm_name,cm_type ,cm_order , cm_state , cm_min_price , cm_max_price) values(22884,3170,'2015款 Limousine 35 TFSI 百万纪念智领型','2015款',2,1,233900,233900);
insert into t_car_model(cm_id , cs_id , cm_name,cm_type ,cm_order , cm_state , cm_min_price , cm_max_price) values(22886,3170,'2015款 Limousine 35 TFSI 百万纪念舒享型','2015款',3,1,245800,245800);
insert into t_car_model(cm_id , cs_id , cm_name,cm_type ,cm_order , cm_state , cm_min_price , cm_max_price) values(22888,3170,'2015款 Limousine 35 TFSI 百万纪念乐享型','2015款',4,1,281700,281700);
insert into t_car_model(cm_id , cs_id , cm_name,cm_type ,cm_order , cm_state , cm_min_price , cm_max_price) values(21569,3170,'2015款 Limousine 40 TFSI 自动舒适型','2015款',5,1,269600,269600);
insert into t_car_model(cm_id , cs_id , cm_name,cm_type ,cm_order , cm_state , cm_min_price , cm_max_price) values(21570,3170,'2015款 Limousine 40 TFSI 自动豪华型','2015款',6,1,296700,296700);
insert into t_car_model(cm_id , cs_id , cm_name,cm_type ,cm_order , cm_state , cm_min_price , cm_max_price) values(18658,3170,'2015款 Sportback 35 TFSI 手动进取型','2015款',7,1,184900,184900);
insert into t_car_model(cm_id , cs_id , cm_name,cm_type ,cm_order , cm_state , cm_min_price , cm_max_price) values(22883,3170,'2015款 Sportback 35 TFSI 百万纪念智领型','2015款',8,1,227900,227900);
insert into t_car_model(cm_id , cs_id , cm_name,cm_type ,cm_order , cm_state , cm_min_price , cm_max_price) values(22885,3170,'2015款 Sportback 35 TFSI 百万纪念舒享型','2015款',9,1,239800,239800);
insert into t_car_model(cm_id , cs_id , cm_name,cm_type ,cm_order , cm_state , cm_min_price , cm_max_price) values(22887,3170,'2015款 Sportback 35 TFSI 百万纪念乐享型','2015款',10,1,275700,275700);
insert into t_car_model(cm_id , cs_id , cm_name,cm_type ,cm_order , cm_state , cm_min_price , cm_max_price) values(21567,3170,'2015款 Sportback 40 TFSI 自动舒适型','2015款',11,1,265600,265600);
insert into t_car_model(cm_id , cs_id , cm_name,cm_type ,cm_order , cm_state , cm_min_price , cm_max_price) values(21568,3170,'2015款 Sportback 40 TFSI 自动豪华型','2015款',12,1,292700,292700);
insert into t_car_model(cm_id , cs_id , cm_name,cm_type ,cm_order , cm_state , cm_min_price , cm_max_price) values(18637,3170,'2014款 Sportback 35 TFSI 自动进取型','2014款',1,1,199900,199900);
insert into t_car_model(cm_id , cs_id , cm_name,cm_type ,cm_order , cm_state , cm_min_price , cm_max_price) values(18638,3170,'2014款 Sportback 35 TFSI 自动时尚型','2014款',2,1,218900,218900);
insert into t_car_model(cm_id , cs_id , cm_name,cm_type ,cm_order , cm_state , cm_min_price , cm_max_price) values(18639,3170,'2014款 Sportback 35 TFSI 自动舒适型','2014款',3,1,248800,248800);
insert into t_car_model(cm_id , cs_id , cm_name,cm_type ,cm_order , cm_state , cm_min_price , cm_max_price) values(16571,3170,'2014款 Sportback 35 TFSI 自动豪华型','2014款',4,1,286700,286700);
insert into t_car_model(cm_id , cs_id , cm_name,cm_type ,cm_order , cm_state , cm_min_price , cm_max_price) values(20245,3170,'2014款 Limousine 35 TFSI 自动进取型','2014款',5,1,205900,205900);
insert into t_car_model(cm_id , cs_id , cm_name,cm_type ,cm_order , cm_state , cm_min_price , cm_max_price) values(20246,3170,'2014款 Limousine 35 TFSI 自动时尚型','2014款',6,1,224900,224900);
insert into t_car_model(cm_id , cs_id , cm_name,cm_type ,cm_order , cm_state , cm_min_price , cm_max_price) values(20247,3170,'2014款 Limousine 35 TFSI 自动舒适型','2014款',7,1,254800,254800);
insert into t_car_model(cm_id , cs_id , cm_name,cm_type ,cm_order , cm_state , cm_min_price , cm_max_price) values(20248,3170,'2014款 Limousine 35 TFSI 自动豪华型','2014款',8,1,292700,292700);
insert into t_car_series(cs_id,cbf_id,cs_name,cs_order,cs_letter) values(692,9,'奥迪A4L',146,'A');
insert into t_car_model(cm_id , cs_id , cm_name,cm_type ,cm_order , cm_state , cm_min_price , cm_max_price) values(51933,692,'2022款 40 TFSI 时尚动感型','2022款',1,1,321800,321800);
insert into t_car_model(cm_id , cs_id , cm_name,cm_type ,cm_order , cm_state , cm_min_price , cm_max_price) values(51934,692,'2022款 40 TFSI 时尚致雅型','2022款',2,1,321800,321800);
insert into t_car_model(cm_id , cs_id , cm_name,cm_type ,cm_order , cm_state , cm_min_price , cm_max_price) values(51935,692,'2022款 40 TFSI 豪华动感型','2022款',3,1,343800,343800);
insert into t_car_model(cm_id , cs_id , cm_name,cm_type ,cm_order , cm_state , cm_min_price , cm_max_price) values(51936,692,'2022款 40 TFSI 豪华致雅型','2022款',4,1,343800,343800);
insert into t_car_model(cm_id , cs_id , cm_name,cm_type ,cm_order , cm_state , cm_min_price , cm_max_price) values(51937,692,'2022款 40 TFSI quattro RS套件燃速型','2022款',5,1,366800,366800);
insert into t_car_model(cm_id , cs_id , cm_name,cm_type ,cm_order , cm_state , cm_min_price , cm_max_price) values(51938,692,'2022款 45 TFSI quattro 臻选动感型','2022款',6,1,396800,396800);
insert into t_car_model(cm_id , cs_id , cm_name,cm_type ,cm_order , cm_state , cm_min_price , cm_max_price) values(51932,692,'2022款 35 TFSI 时尚动感型','2022款',7,1,306800,306800);
insert into t_car_model(cm_id , cs_id , cm_name,cm_type ,cm_order , cm_state , cm_min_price , cm_max_price) values(51392,692,'2021款 40 TFSI 进享人生版','2021款',1,1,354400,354400);
insert into t_car_model(cm_id , cs_id , cm_name,cm_type ,cm_order , cm_state , cm_min_price , cm_max_price) values(44081,692,'2020款 35 TFSI 时尚动感型','2020款',1,1,305800,305800);
insert into t_car_model(cm_id , cs_id , cm_name,cm_type ,cm_order , cm_state , cm_min_price , cm_max_price) values(44082,692,'2020款 40 TFSI 时尚动感型','2020款',2,1,318800,318800);
insert into t_car_model(cm_id , cs_id , cm_name,cm_type ,cm_order , cm_state , cm_min_price , cm_max_price) values(44083,692,'2020款 40 TFSI 时尚致雅型','2020款',3,1,318800,318800);
insert into t_car_model(cm_id , cs_id , cm_name,cm_type ,cm_order , cm_state , cm_min_price , cm_max_price) values(44084,692,'2020款 40 TFSI 豪华动感型','2020款',4,1,343800,343800);
insert into t_car_model(cm_id , cs_id , cm_name,cm_type ,cm_order , cm_state , cm_min_price , cm_max_price) values(44085,692,'2020款 40 TFSI 豪华致雅型','2020款',5,1,343800,343800);
insert into t_car_model(cm_id , cs_id , cm_name,cm_type ,cm_order , cm_state , cm_min_price , cm_max_price) values(44086,692,'2020款 40 TFSI quattro 豪华动感型','2020款',6,1,363800,363800);
insert into t_car_model(cm_id , cs_id , cm_name,cm_type ,cm_order , cm_state , cm_min_price , cm_max_price) values(44087,692,'2020款 40 TFSI quattro 豪华致雅型','2020款',7,1,363800,363800);
insert into t_car_model(cm_id , cs_id , cm_name,cm_type ,cm_order , cm_state , cm_min_price , cm_max_price) values(44088,692,'2020款 45 TFSI quattro 臻选动感型','2020款',8,1,396800,396800);
insert into t_car_model(cm_id , cs_id , cm_name,cm_type ,cm_order , cm_state , cm_min_price , cm_max_price) values(44089,692,'2020款 45 TFSI quattro 臻选致雅型','2020款',9,1,396800,396800);
insert into t_car_model(cm_id , cs_id , cm_name,cm_type ,cm_order , cm_state , cm_min_price , cm_max_price) values(35367,692,'2019款 35 TFSI 进取型 国VI','2019款',1,1,286800,286800);
insert into t_car_model(cm_id , cs_id , cm_name,cm_type ,cm_order , cm_state , cm_min_price , cm_max_price) values(36412,692,'2019款 40 TFSI 进取型 国VI','2019款',2,1,300800,300800);
insert into t_car_model(cm_id , cs_id , cm_name,cm_type ,cm_order , cm_state , cm_min_price , cm_max_price) values(36413,692,'2019款 40 TFSI 时尚型 国VI','2019款',3,1,335800,335800);
insert into t_car_model(cm_id , cs_id , cm_name,cm_type ,cm_order , cm_state , cm_min_price , cm_max_price) values(36414,692,'2019款 40 TFSI 运动型 国VI','2019款',4,1,362800,362800);
insert into t_car_model(cm_id , cs_id , cm_name,cm_type ,cm_order , cm_state , cm_min_price , cm_max_price) values(36415,692,'2019款 45 TFSI quattro 个性运动版 国VI','2019款',5,1,362800,362800);
insert into t_car_model(cm_id , cs_id , cm_name,cm_type ,cm_order , cm_state , cm_min_price , cm_max_price) values(36416,692,'2019款 45 TFSI quattro 运动型 国VI','2019款',6,1,401800,401800);
insert into t_car_model(cm_id , cs_id , cm_name,cm_type ,cm_order , cm_state , cm_min_price , cm_max_price) values(35368,692,'2019款 35 TFSI 进取型 国V','2019款',7,1,286800,286800);
insert into t_car_model(cm_id , cs_id , cm_name,cm_type ,cm_order , cm_state , cm_min_price , cm_max_price) values(35369,692,'2019款 40 TFSI 进取型 国V','2019款',8,1,300800,300800);
insert into t_car_model(cm_id , cs_id , cm_name,cm_type ,cm_order , cm_state , cm_min_price , cm_max_price) values(35370,692,'2019款 40 TFSI 时尚型 国V','2019款',9,1,335800,335800);
insert into t_car_model(cm_id , cs_id , cm_name,cm_type ,cm_order , cm_state , cm_min_price , cm_max_price) values(35371,692,'2019款 40 TFSI 运动型 国V','2019款',10,1,362800,362800);
insert into t_car_model(cm_id , cs_id , cm_name,cm_type ,cm_order , cm_state , cm_min_price , cm_max_price) values(35372,692,'2019款 45 TFSI quattro 个性运动版 国V','2019款',11,1,362800,362800);
insert into t_car_model(cm_id , cs_id , cm_name,cm_type ,cm_order , cm_state , cm_min_price , cm_max_price) values(35373,692,'2019款 45 TFSI quattro 运动型 国V','2019款',12,1,401800,401800);
insert into t_car_model(cm_id , cs_id , cm_name,cm_type ,cm_order , cm_state , cm_min_price , cm_max_price) values(32014,692,'2018款 30周年年型 30 TFSI 进取型','2018款',1,1,290000,290000);
insert into t_car_model(cm_id , cs_id , cm_name,cm_type ,cm_order , cm_state , cm_min_price , cm_max_price) values(32015,692,'2018款 30周年年型 40 TFSI 进取型','2018款',2,1,307000,307000);
insert into t_car_model(cm_id , cs_id , cm_name,cm_type ,cm_order , cm_state , cm_min_price , cm_max_price) values(32016,692,'2018款 30周年年型 40 TFSI 时尚型','2018款',3,1,342900,342900);
insert into t_car_model(cm_id , cs_id , cm_name,cm_type ,cm_order , cm_state , cm_min_price , cm_max_price) values(32017,692,'2018款 30周年年型 40 TFSI 运动型','2018款',4,1,367000,367000);
insert into t_car_model(cm_id , cs_id , cm_name,cm_type ,cm_order , cm_state , cm_min_price , cm_max_price) values(32018,692,'2018款 30周年年型 45 TFSI quattro 个性运动版','2018款',5,1,367000,367000);
insert into t_car_model(cm_id , cs_id , cm_name,cm_type ,cm_order , cm_state , cm_min_price , cm_max_price) values(32019,692,'2018款 30周年年型 45 TFSI quattro 运动型','2018款',6,1,407000,407000);
insert into t_car_model(cm_id , cs_id , cm_name,cm_type ,cm_order , cm_state , cm_min_price , cm_max_price) values(27436,692,'2017款 40 TFSI 进取型','2017款',1,1,299800,299800);
insert into t_car_model(cm_id , cs_id , cm_name,cm_type ,cm_order , cm_state , cm_min_price , cm_max_price) values(27318,692,'2017款 40 TFSI 时尚型','2017款',2,1,339800,339800);
insert into t_car_model(cm_id , cs_id , cm_name,cm_type ,cm_order , cm_state , cm_min_price , cm_max_price) values(27319,692,'2017款 40 TFSI 风尚型','2017款',3,1,368800,368800);
insert into t_car_model(cm_id , cs_id , cm_name,cm_type ,cm_order , cm_state , cm_min_price , cm_max_price) values(27320,692,'2017款 40 TFSI 运动型','2017款',4,1,372800,372800);
insert into t_car_model(cm_id , cs_id , cm_name,cm_type ,cm_order , cm_state , cm_min_price , cm_max_price) values(27317,692,'2017款 45 TFSI quattro 风尚型','2017款',5,1,408800,408800);
insert into t_car_model(cm_id , cs_id , cm_name,cm_type ,cm_order , cm_state , cm_min_price , cm_max_price) values(26201,692,'2017款 45 TFSI quattro 运动型','2017款',6,1,412800,412800);
insert into t_car_model(cm_id , cs_id , cm_name,cm_type ,cm_order , cm_state , cm_min_price , cm_max_price) values(28656,692,'2017款 45 TFSI quattro 特别版','2017款',7,1,430000,430000);
insert into t_car_model(cm_id , cs_id , cm_name,cm_type ,cm_order , cm_state , cm_min_price , cm_max_price) values(29973,692,'2017款 Plus 40 TFSI 进取型','2017款',8,1,299800,299800);
insert into t_car_model(cm_id , cs_id , cm_name,cm_type ,cm_order , cm_state , cm_min_price , cm_max_price) values(29974,692,'2017款 Plus 40 TFSI 时尚型','2017款',9,1,345700,345700);
insert into t_car_model(cm_id , cs_id , cm_name,cm_type ,cm_order , cm_state , cm_min_price , cm_max_price) values(29975,692,'2017款 Plus 40 TFSI 风尚型','2017款',10,1,374000,374000);
insert into t_car_model(cm_id , cs_id , cm_name,cm_type ,cm_order , cm_state , cm_min_price , cm_max_price) values(29976,692,'2017款 Plus 40 TFSI 运动型','2017款',11,1,372800,372800);
insert into t_car_model(cm_id , cs_id , cm_name,cm_type ,cm_order , cm_state , cm_min_price , cm_max_price) values(29977,692,'2017款 Plus 45 TFSI quattro 风尚型','2017款',12,1,414000,414000);
insert into t_car_model(cm_id , cs_id , cm_name,cm_type ,cm_order , cm_state , cm_min_price , cm_max_price) values(29978,692,'2017款 Plus 45 TFSI quattro 运动型','2017款',13,1,412800,412800);
insert into t_car_model(cm_id , cs_id , cm_name,cm_type ,cm_order , cm_state , cm_min_price , cm_max_price) values(23924,692,'2016款 35 TFSI 自动标准型','2016款',1,1,312800,312800);
insert into t_car_model(cm_id , cs_id , cm_name,cm_type ,cm_order , cm_state , cm_min_price , cm_max_price) values(23925,692,'2016款 35 TFSI 自动舒适型','2016款',2,1,332900,332900);
insert into t_car_model(cm_id , cs_id , cm_name,cm_type ,cm_order , cm_state , cm_min_price , cm_max_price) values(23922,692,'2016款 30 TFSI 手动舒适型','2016款',3,1,272800,272800);
insert into t_car_model(cm_id , cs_id , cm_name,cm_type ,cm_order , cm_state , cm_min_price , cm_max_price) values(23923,692,'2016款 30 TFSI 自动舒适型','2016款',4,1,291000,291000);
insert into t_car_model(cm_id , cs_id , cm_name,cm_type ,cm_order , cm_state , cm_min_price , cm_max_price) values(23839,692,'2016款 35 TFSI 自动运动型','2016款',5,1,349000,349000);
insert into t_car_model(cm_id , cs_id , cm_name,cm_type ,cm_order , cm_state , cm_min_price , cm_max_price) values(23926,692,'2016款 35 TFSI 自动技术型','2016款',6,1,372800,372800);
insert into t_car_model(cm_id , cs_id , cm_name,cm_type ,cm_order , cm_state , cm_min_price , cm_max_price) values(23927,692,'2016款 35 TFSI 自动豪华型','2016款',7,1,402000,402000);
insert into t_car_model(cm_id , cs_id , cm_name,cm_type ,cm_order , cm_state , cm_min_price , cm_max_price) values(23928,692,'2016款 45 TFSI quattro个性运动型','2016款',8,1,363000,363000);
insert into t_car_model(cm_id , cs_id , cm_name,cm_type ,cm_order , cm_state , cm_min_price , cm_max_price) values(23929,692,'2016款 45 TFSI quattro运动型','2016款',9,1,464600,464600);
insert into t_car_model(cm_id , cs_id , cm_name,cm_type ,cm_order , cm_state , cm_min_price , cm_max_price) values(24829,692,'2016款 30 TFSI 典藏版 自动舒适型','2016款',10,1,289900,289900);
insert into t_car_model(cm_id , cs_id , cm_name,cm_type ,cm_order , cm_state , cm_min_price , cm_max_price) values(24830,692,'2016款 35 TFSI 典藏版 自动标准型','2016款',11,1,312800,312800);
insert into t_car_model(cm_id , cs_id , cm_name,cm_type ,cm_order , cm_state , cm_min_price , cm_max_price) values(24831,692,'2016款 35 TFSI 典藏版 S line舒适型','2016款',12,1,332900,332900);
insert into t_car_model(cm_id , cs_id , cm_name,cm_type ,cm_order , cm_state , cm_min_price , cm_max_price) values(24832,692,'2016款 35 TFSI 典藏版 S line豪华型','2016款',13,1,393900,393900);
insert into t_car_model(cm_id , cs_id , cm_name,cm_type ,cm_order , cm_state , cm_min_price , cm_max_price) values(24833,692,'2016款 45 TFSI 典藏版 quattro个性运动型','2016款',14,1,363000,363000);
insert into t_car_model(cm_id , cs_id , cm_name,cm_type ,cm_order , cm_state , cm_min_price , cm_max_price) values(19485,692,'2015款 30 TFSI 手动舒适型','2015款',1,1,272800,272800);
insert into t_car_model(cm_id , cs_id , cm_name,cm_type ,cm_order , cm_state , cm_min_price , cm_max_price) values(19486,692,'2015款 30 TFSI 自动舒适型','2015款',2,1,291000,291000);
insert into t_car_model(cm_id , cs_id , cm_name,cm_type ,cm_order , cm_state , cm_min_price , cm_max_price) values(19487,692,'2015款 35 TFSI 自动标准型','2015款',3,1,312800,312800);
insert into t_car_model(cm_id , cs_id , cm_name,cm_type ,cm_order , cm_state , cm_min_price , cm_max_price) values(19488,692,'2015款 35 TFSI 自动舒适型','2015款',4,1,332900,332900);
insert into t_car_model(cm_id , cs_id , cm_name,cm_type ,cm_order , cm_state , cm_min_price , cm_max_price) values(19489,692,'2015款 35 TFSI 自动技术型','2015款',5,1,372800,372800);
insert into t_car_model(cm_id , cs_id , cm_name,cm_type ,cm_order , cm_state , cm_min_price , cm_max_price) values(19490,692,'2015款 35 TFSI 自动豪华型','2015款',6,1,402000,402000);
insert into t_car_model(cm_id , cs_id , cm_name,cm_type ,cm_order , cm_state , cm_min_price , cm_max_price) values(19491,692,'2015款 45 TFSI quattro个性运动型','2015款',7,1,353000,353000);
insert into t_car_model(cm_id , cs_id , cm_name,cm_type ,cm_order , cm_state , cm_min_price , cm_max_price) values(19492,692,'2015款 45 TFSI quattro运动型','2015款',8,1,473600,473600);
insert into t_car_model(cm_id , cs_id , cm_name,cm_type ,cm_order , cm_state , cm_min_price , cm_max_price) values(19493,692,'2015款 50 TFSI quattro旗舰型','2015款',9,1,578100,578100);
insert into t_car_model(cm_id , cs_id , cm_name,cm_type ,cm_order , cm_state , cm_min_price , cm_max_price) values(22889,692,'2015款 35 TFSI 百万纪念智领型','2015款',10,1,305600,305600);
insert into t_car_model(cm_id , cs_id , cm_name,cm_type ,cm_order , cm_state , cm_min_price , cm_max_price) values(22890,692,'2015款 35 TFSI 百万纪念舒享版型','2015款',11,1,321600,321600);
insert into t_car_model(cm_id , cs_id , cm_name,cm_type ,cm_order , cm_state , cm_min_price , cm_max_price) values(13521,692,'2013款 30 TFSI 手动舒适型','2013款',1,1,272800,272800);
insert into t_car_model(cm_id , cs_id , cm_name,cm_type ,cm_order , cm_state , cm_min_price , cm_max_price) values(13522,692,'2013款 30 TFSI 自动舒适型','2013款',2,1,291000,291000);
insert into t_car_model(cm_id , cs_id , cm_name,cm_type ,cm_order , cm_state , cm_min_price , cm_max_price) values(13515,692,'2013款 35 TFSI 自动标准型','2013款',3,1,309800,309800);
insert into t_car_model(cm_id , cs_id , cm_name,cm_type ,cm_order , cm_state , cm_min_price , cm_max_price) values(13523,692,'2013款 35 TFSI 自动舒适型','2013款',4,1,329900,329900);
insert into t_car_model(cm_id , cs_id , cm_name,cm_type ,cm_order , cm_state , cm_min_price , cm_max_price) values(13524,692,'2013款 35 TFSI 自动技术型','2013款',5,1,369800,369800);
insert into t_car_model(cm_id , cs_id , cm_name,cm_type ,cm_order , cm_state , cm_min_price , cm_max_price) values(13525,692,'2013款 35 TFSI 自动豪华型','2013款',6,1,399000,399000);
insert into t_car_model(cm_id , cs_id , cm_name,cm_type ,cm_order , cm_state , cm_min_price , cm_max_price) values(16957,692,'2013款 40 TFSI quattro个性运动型','2013款',7,1,349000,349000);
insert into t_car_model(cm_id , cs_id , cm_name,cm_type ,cm_order , cm_state , cm_min_price , cm_max_price) values(13526,692,'2013款 40 TFSI quattro运动型','2013款',8,1,469600,469600);
insert into t_car_model(cm_id , cs_id , cm_name,cm_type ,cm_order , cm_state , cm_min_price , cm_max_price) values(13527,692,'2013款 50 TFSI quattro旗舰型','2013款',9,1,578100,578100);
insert into t_car_model(cm_id , cs_id , cm_name,cm_type ,cm_order , cm_state , cm_min_price , cm_max_price) values(10760,692,'2012款 1.8 TFSI 手动舒适型','2012款',1,1,272800,272800);
insert into t_car_model(cm_id , cs_id , cm_name,cm_type ,cm_order , cm_state , cm_min_price , cm_max_price) values(10761,692,'2012款 1.8 TFSI 自动舒适型','2012款',2,1,291000,291000);
insert into t_car_model(cm_id , cs_id , cm_name,cm_type ,cm_order , cm_state , cm_min_price , cm_max_price) values(10762,692,'2012款 2.0 TFSI 自动标准型','2012款',3,1,309800,309800);
insert into t_car_model(cm_id , cs_id , cm_name,cm_type ,cm_order , cm_state , cm_min_price , cm_max_price) values(10763,692,'2012款 2.0 TFSI 自动舒适型','2012款',4,1,329900,329900);
insert into t_car_model(cm_id , cs_id , cm_name,cm_type ,cm_order , cm_state , cm_min_price , cm_max_price) values(10764,692,'2012款 2.0 TFSI 自动技术型','2012款',5,1,369800,369800);
insert into t_car_model(cm_id , cs_id , cm_name,cm_type ,cm_order , cm_state , cm_min_price , cm_max_price) values(10765,692,'2012款 2.0 TFSI 自动豪华型','2012款',6,1,399000,399000);
insert into t_car_model(cm_id , cs_id , cm_name,cm_type ,cm_order , cm_state , cm_min_price , cm_max_price) values(10766,692,'2012款 2.0 TFSI 自动运动型','2012款',7,1,423800,423800);
insert into t_car_model(cm_id , cs_id , cm_name,cm_type ,cm_order , cm_state , cm_min_price , cm_max_price) values(10767,692,'2012款 2.0 TFSI 自动尊享型','2012款',8,1,464500,464500);
insert into t_car_model(cm_id , cs_id , cm_name,cm_type ,cm_order , cm_state , cm_min_price , cm_max_price) values(8575,692,'2011款 1.8 TFSI 舒适型','2011款',1,1,291000,291000);
insert into t_car_model(cm_id , cs_id , cm_name,cm_type ,cm_order , cm_state , cm_min_price , cm_max_price) values(8578,692,'2011款 2.0 TFSI 标准型','2011款',2,1,309800,309800);
insert into t_car_model(cm_id , cs_id , cm_name,cm_type ,cm_order , cm_state , cm_min_price , cm_max_price) values(8579,692,'2011款 2.0 TFSI 舒适型','2011款',3,1,329900,329900);
insert into t_car_model(cm_id , cs_id , cm_name,cm_type ,cm_order , cm_state , cm_min_price , cm_max_price) values(8580,692,'2011款 2.0 TFSI 技术型','2011款',4,1,369800,369800);
insert into t_car_model(cm_id , cs_id , cm_name,cm_type ,cm_order , cm_state , cm_min_price , cm_max_price) values(8581,692,'2011款 2.0 TFSI 豪华型','2011款',5,1,399000,399000);
insert into t_car_model(cm_id , cs_id , cm_name,cm_type ,cm_order , cm_state , cm_min_price , cm_max_price) values(8583,692,'2011款 2.0 TFSI 运动型','2011款',6,1,423800,423800);
insert into t_car_model(cm_id , cs_id , cm_name,cm_type ,cm_order , cm_state , cm_min_price , cm_max_price) values(8584,692,'2011款 2.0 TFSI 尊享型','2011款',7,1,471200,471200);
insert into t_car_model(cm_id , cs_id , cm_name,cm_type ,cm_order , cm_state , cm_min_price , cm_max_price) values(8585,692,'2011款 3.2 FSI quattro 旗舰型','2011款',8,1,578100,578100);
insert into t_car_model(cm_id , cs_id , cm_name,cm_type ,cm_order , cm_state , cm_min_price , cm_max_price) values(5863,692,'2010款 1.8 TFSI 舒适型','2010款',1,1,291000,291000);
insert into t_car_model(cm_id , cs_id , cm_name,cm_type ,cm_order , cm_state , cm_min_price , cm_max_price) values(5886,692,'2010款 2.0 TFSI 标准型','2010款',2,1,309800,309800);
insert into t_car_model(cm_id , cs_id , cm_name,cm_type ,cm_order , cm_state , cm_min_price , cm_max_price) values(5887,692,'2010款 2.0 TFSI 舒适型','2010款',3,1,329900,329900);
insert into t_car_model(cm_id , cs_id , cm_name,cm_type ,cm_order , cm_state , cm_min_price , cm_max_price) values(5888,692,'2010款 2.0 TFSI 技术型','2010款',4,1,369800,369800);
insert into t_car_model(cm_id , cs_id , cm_name,cm_type ,cm_order , cm_state , cm_min_price , cm_max_price) values(5889,692,'2010款 2.0 TFSI 豪华型','2010款',5,1,399000,399000);
insert into t_car_model(cm_id , cs_id , cm_name,cm_type ,cm_order , cm_state , cm_min_price , cm_max_price) values(5864,692,'2010款 2.0 TFSI 运动型','2010款',6,1,423800,423800);
insert into t_car_model(cm_id , cs_id , cm_name,cm_type ,cm_order , cm_state , cm_min_price , cm_max_price) values(5890,692,'2010款 3.2 FSI quattro 旗舰型','2010款',7,1,578100,578100);
insert into t_car_model(cm_id , cs_id , cm_name,cm_type ,cm_order , cm_state , cm_min_price , cm_max_price) values(4637,692,'2009款 2.0 TFSI 标准型','2009款',1,1,298800,298800);
insert into t_car_model(cm_id , cs_id , cm_name,cm_type ,cm_order , cm_state , cm_min_price , cm_max_price) values(4641,692,'2009款 2.0 TFSI 舒适型','2009款',2,1,329900,329900);
insert into t_car_model(cm_id , cs_id , cm_name,cm_type ,cm_order , cm_state , cm_min_price , cm_max_price) values(4642,692,'2009款 2.0 TFSI 技术型','2009款',3,1,361800,361800);
insert into t_car_model(cm_id , cs_id , cm_name,cm_type ,cm_order , cm_state , cm_min_price , cm_max_price) values(4640,692,'2009款 2.0 TFSI 豪华型','2009款',4,1,388600,388600);
insert into t_car_model(cm_id , cs_id , cm_name,cm_type ,cm_order , cm_state , cm_min_price , cm_max_price) values(4639,692,'2009款 3.2 FSI quattro 旗舰型','2009款',5,1,538800,538800);
insert into t_car_series(cs_id,cbf_id,cs_name,cs_order,cs_letter) values(18,9,'奥迪A6L',147,'A');
insert into t_car_model(cm_id , cs_id , cm_name,cm_type ,cm_order , cm_state , cm_min_price , cm_max_price) values(53941,18,'2022款 40 TFSI 豪华致雅型','2022款',1,1,419800,419800);
insert into t_car_model(cm_id , cs_id , cm_name,cm_type ,cm_order , cm_state , cm_min_price , cm_max_price) values(53942,18,'2022款 40 TFSI 豪华动感型','2022款',2,1,419800,419800);
insert into t_car_model(cm_id , cs_id , cm_name,cm_type ,cm_order , cm_state , cm_min_price , cm_max_price) values(53943,18,'2022款 45 TFSI 臻选致雅型','2022款',3,1,443800,443800);
insert into t_car_model(cm_id , cs_id , cm_name,cm_type ,cm_order , cm_state , cm_min_price , cm_max_price) values(53944,18,'2022款 45 TFSI 臻选动感型','2022款',4,1,443800,443800);
insert into t_car_model(cm_id , cs_id , cm_name,cm_type ,cm_order , cm_state , cm_min_price , cm_max_price) values(53945,18,'2022款 45 TFSI quattro 臻选致雅型','2022款',5,1,468800,468800);
insert into t_car_model(cm_id , cs_id , cm_name,cm_type ,cm_order , cm_state , cm_min_price , cm_max_price) values(54192,18,'2022款 45 TFSI quattro 臻选动感型','2022款',6,1,468800,468800);
insert into t_car_model(cm_id , cs_id , cm_name,cm_type ,cm_order , cm_state , cm_min_price , cm_max_price) values(54193,18,'2022款 45 TFSI quattro 尊享致雅型','2022款',7,1,505800,505800);
insert into t_car_model(cm_id , cs_id , cm_name,cm_type ,cm_order , cm_state , cm_min_price , cm_max_price) values(54194,18,'2022款 45 TFSI quattro 尊享动感型','2022款',8,1,505800,505800);
insert into t_car_model(cm_id , cs_id , cm_name,cm_type ,cm_order , cm_state , cm_min_price , cm_max_price) values(54195,18,'2022款 55 TFSI quattro 尊享致雅型','2022款',9,1,547000,547000);
insert into t_car_model(cm_id , cs_id , cm_name,cm_type ,cm_order , cm_state , cm_min_price , cm_max_price) values(54196,18,'2022款 55 TFSI quattro 尊享动感型','2022款',10,1,547000,547000);
insert into t_car_model(cm_id , cs_id , cm_name,cm_type ,cm_order , cm_state , cm_min_price , cm_max_price) values(54197,18,'2022款 55 TFSI quattro 旗舰致雅型','2022款',11,1,656000,656000);
insert into t_car_model(cm_id , cs_id , cm_name,cm_type ,cm_order , cm_state , cm_min_price , cm_max_price) values(54198,18,'2022款 55 TFSI quattro 旗舰动感型','2022款',12,1,656000,656000);
insert into t_car_model(cm_id , cs_id , cm_name,cm_type ,cm_order , cm_state , cm_min_price , cm_max_price) values(48113,18,'2021款 40 TFSI 豪华致雅型','2021款',1,1,419800,419800);
insert into t_car_model(cm_id , cs_id , cm_name,cm_type ,cm_order , cm_state , cm_min_price , cm_max_price) values(48114,18,'2021款 40 TFSI 豪华动感型','2021款',2,1,419800,419800);
insert into t_car_model(cm_id , cs_id , cm_name,cm_type ,cm_order , cm_state , cm_min_price , cm_max_price) values(48115,18,'2021款 45 TFSI 臻选致雅型','2021款',3,1,443800,443800);
insert into t_car_model(cm_id , cs_id , cm_name,cm_type ,cm_order , cm_state , cm_min_price , cm_max_price) values(48116,18,'2021款 45 TFSI 臻选动感型','2021款',4,1,443800,443800);
insert into t_car_model(cm_id , cs_id , cm_name,cm_type ,cm_order , cm_state , cm_min_price , cm_max_price) values(51370,18,'2021款 45 TFSI 进享人生版','2021款',5,1,445500,445500);
insert into t_car_model(cm_id , cs_id , cm_name,cm_type ,cm_order , cm_state , cm_min_price , cm_max_price) values(48117,18,'2021款 45 TFSI quattro 臻选致雅型','2021款',6,1,468800,468800);
insert into t_car_model(cm_id , cs_id , cm_name,cm_type ,cm_order , cm_state , cm_min_price , cm_max_price) values(48118,18,'2021款 45 TFSI quattro 臻选动感型','2021款',7,1,468800,468800);
insert into t_car_model(cm_id , cs_id , cm_name,cm_type ,cm_order , cm_state , cm_min_price , cm_max_price) values(48119,18,'2021款 45 TFSI quattro 尊享致雅型','2021款',8,1,505800,505800);
insert into t_car_model(cm_id , cs_id , cm_name,cm_type ,cm_order , cm_state , cm_min_price , cm_max_price) values(48120,18,'2021款 45 TFSI quattro 尊享动感型','2021款',9,1,505800,505800);
insert into t_car_model(cm_id , cs_id , cm_name,cm_type ,cm_order , cm_state , cm_min_price , cm_max_price) values(48121,18,'2021款 55 TFSI quattro 尊享致雅型','2021款',10,1,544800,544800);
insert into t_car_model(cm_id , cs_id , cm_name,cm_type ,cm_order , cm_state , cm_min_price , cm_max_price) values(48122,18,'2021款 55 TFSI quattro 尊享动感型','2021款',11,1,544800,544800);
insert into t_car_model(cm_id , cs_id , cm_name,cm_type ,cm_order , cm_state , cm_min_price , cm_max_price) values(48123,18,'2021款 55 TFSI quattro 旗舰致雅型','2021款',12,1,653800,653800);
insert into t_car_model(cm_id , cs_id , cm_name,cm_type ,cm_order , cm_state , cm_min_price , cm_max_price) values(48124,18,'2021款 55 TFSI quattro 旗舰动感型','2021款',13,1,653800,653800);
insert into t_car_model(cm_id , cs_id , cm_name,cm_type ,cm_order , cm_state , cm_min_price , cm_max_price) values(44492,18,'2020款 40 TFSI 豪华致雅型','2020款',1,1,409800,409800);
insert into t_car_model(cm_id , cs_id , cm_name,cm_type ,cm_order , cm_state , cm_min_price , cm_max_price) values(44493,18,'2020款 40 TFSI 豪华动感型','2020款',2,1,409800,409800);
insert into t_car_model(cm_id , cs_id , cm_name,cm_type ,cm_order , cm_state , cm_min_price , cm_max_price) values(44494,18,'2020款 45 TFSI 臻选致雅型','2020款',3,1,439800,439800);
insert into t_car_model(cm_id , cs_id , cm_name,cm_type ,cm_order , cm_state , cm_min_price , cm_max_price) values(44495,18,'2020款 45 TFSI 臻选动感型','2020款',4,1,439800,439800);
insert into t_car_model(cm_id , cs_id , cm_name,cm_type ,cm_order , cm_state , cm_min_price , cm_max_price) values(44496,18,'2020款 45 TFSI quattro 臻选致雅型','2020款',5,1,469800,469800);
insert into t_car_model(cm_id , cs_id , cm_name,cm_type ,cm_order , cm_state , cm_min_price , cm_max_price) values(44497,18,'2020款 45 TFSI quattro 臻选动感型','2020款',6,1,469800,469800);
insert into t_car_model(cm_id , cs_id , cm_name,cm_type ,cm_order , cm_state , cm_min_price , cm_max_price) values(44498,18,'2020款 45 TFSI quattro 尊享致雅型','2020款',7,1,506800,506800);
insert into t_car_model(cm_id , cs_id , cm_name,cm_type ,cm_order , cm_state , cm_min_price , cm_max_price) values(44499,18,'2020款 45 TFSI quattro 尊享动感型','2020款',8,1,506800,506800);
insert into t_car_model(cm_id , cs_id , cm_name,cm_type ,cm_order , cm_state , cm_min_price , cm_max_price) values(44500,18,'2020款 55 TFSI quattro 尊享致雅型','2020款',9,1,544800,544800);
insert into t_car_model(cm_id , cs_id , cm_name,cm_type ,cm_order , cm_state , cm_min_price , cm_max_price) values(44501,18,'2020款 55 TFSI quattro 尊享动感型','2020款',10,1,544800,544800);
insert into t_car_model(cm_id , cs_id , cm_name,cm_type ,cm_order , cm_state , cm_min_price , cm_max_price) values(44502,18,'2020款 55 TFSI quattro 旗舰致雅型','2020款',11,1,653800,653800);
insert into t_car_model(cm_id , cs_id , cm_name,cm_type ,cm_order , cm_state , cm_min_price , cm_max_price) values(44503,18,'2020款 55 TFSI quattro 旗舰动感型','2020款',12,1,653800,653800);
insert into t_car_model(cm_id , cs_id , cm_name,cm_type ,cm_order , cm_state , cm_min_price , cm_max_price) values(37344,18,'2019款 40 TFSI 豪华致雅型','2019款',1,1,409800,409800);
insert into t_car_model(cm_id , cs_id , cm_name,cm_type ,cm_order , cm_state , cm_min_price , cm_max_price) values(37345,18,'2019款 40 TFSI 豪华动感型','2019款',2,1,409800,409800);
insert into t_car_model(cm_id , cs_id , cm_name,cm_type ,cm_order , cm_state , cm_min_price , cm_max_price) values(37346,18,'2019款 45 TFSI 臻选致雅型','2019款',3,1,433800,433800);
insert into t_car_model(cm_id , cs_id , cm_name,cm_type ,cm_order , cm_state , cm_min_price , cm_max_price) values(37347,18,'2019款 45 TFSI 臻选动感型','2019款',4,1,433800,433800);
insert into t_car_model(cm_id , cs_id , cm_name,cm_type ,cm_order , cm_state , cm_min_price , cm_max_price) values(37348,18,'2019款 45 TFSI quattro 臻选致雅型','2019款',5,1,463800,463800);
insert into t_car_model(cm_id , cs_id , cm_name,cm_type ,cm_order , cm_state , cm_min_price , cm_max_price) values(37204,18,'2019款 45 TFSI quattro 臻选动感型','2019款',6,1,463800,463800);
insert into t_car_model(cm_id , cs_id , cm_name,cm_type ,cm_order , cm_state , cm_min_price , cm_max_price) values(37349,18,'2019款 45 TFSI quattro 尊享致雅型','2019款',7,1,506800,506800);
insert into t_car_model(cm_id , cs_id , cm_name,cm_type ,cm_order , cm_state , cm_min_price , cm_max_price) values(37350,18,'2019款 45 TFSI quattro 尊享动感型','2019款',8,1,506800,506800);
insert into t_car_model(cm_id , cs_id , cm_name,cm_type ,cm_order , cm_state , cm_min_price , cm_max_price) values(36844,18,'2019款 55 TFSI quattro 尊享致雅型','2019款',9,1,541800,541800);
insert into t_car_model(cm_id , cs_id , cm_name,cm_type ,cm_order , cm_state , cm_min_price , cm_max_price) values(37351,18,'2019款 55 TFSI quattro 尊享动感型','2019款',10,1,541800,541800);
insert into t_car_model(cm_id , cs_id , cm_name,cm_type ,cm_order , cm_state , cm_min_price , cm_max_price) values(37352,18,'2019款 55 TFSI quattro 旗舰致雅型','2019款',11,1,650800,650800);
insert into t_car_model(cm_id , cs_id , cm_name,cm_type ,cm_order , cm_state , cm_min_price , cm_max_price) values(37353,18,'2019款 55 TFSI quattro 旗舰动感型','2019款',12,1,650800,650800);
insert into t_car_model(cm_id , cs_id , cm_name,cm_type ,cm_order , cm_state , cm_min_price , cm_max_price) values(37389,18,'2018款 TFSI 典藏版','2018款',1,1,402800,402800);
insert into t_car_model(cm_id , cs_id , cm_name,cm_type ,cm_order , cm_state , cm_min_price , cm_max_price) values(37390,18,'2018款 35 TFSI 典藏版','2018款',2,1,417800,417800);
insert into t_car_model(cm_id , cs_id , cm_name,cm_type ,cm_order , cm_state , cm_min_price , cm_max_price) values(37391,18,'2018款 30 FSI 典藏版','2018款',3,1,463800,463800);
insert into t_car_model(cm_id , cs_id , cm_name,cm_type ,cm_order , cm_state , cm_min_price , cm_max_price) values(31523,18,'2018款 30周年年型 TFSI 进取型','2018款',4,1,402800,402800);
insert into t_car_model(cm_id , cs_id , cm_name,cm_type ,cm_order , cm_state , cm_min_price , cm_max_price) values(31524,18,'2018款 30周年年型 35 TFSI 时尚型','2018款',5,1,417800,417800);
insert into t_car_model(cm_id , cs_id , cm_name,cm_type ,cm_order , cm_state , cm_min_price , cm_max_price) values(31525,18,'2018款 30周年年型 35 TFSI 运动型','2018款',6,1,445000,445000);
insert into t_car_model(cm_id , cs_id , cm_name,cm_type ,cm_order , cm_state , cm_min_price , cm_max_price) values(31526,18,'2018款 30周年年型 30 FSI 风尚型','2018款',7,1,463800,463800);
insert into t_car_model(cm_id , cs_id , cm_name,cm_type ,cm_order , cm_state , cm_min_price , cm_max_price) values(31527,18,'2018款 30周年年型 45 TFSI quattro 运动型','2018款',8,1,506600,506600);
insert into t_car_model(cm_id , cs_id , cm_name,cm_type ,cm_order , cm_state , cm_min_price , cm_max_price) values(31529,18,'2018款 30周年年型 45 TFSI quattro 豪华型','2018款',9,1,586600,586600);
insert into t_car_model(cm_id , cs_id , cm_name,cm_type ,cm_order , cm_state , cm_min_price , cm_max_price) values(31530,18,'2018款 30周年年型 50 TFSI quattro 尊享型','2018款',10,1,694800,694800);
insert into t_car_model(cm_id , cs_id , cm_name,cm_type ,cm_order , cm_state , cm_min_price , cm_max_price) values(27954,18,'2017款 TFSI 技术型','2017款',1,1,418800,418800);
insert into t_car_model(cm_id , cs_id , cm_name,cm_type ,cm_order , cm_state , cm_min_price , cm_max_price) values(27955,18,'2017款 TFSI 舒适型','2017款',2,1,456500,456500);
insert into t_car_model(cm_id , cs_id , cm_name,cm_type ,cm_order , cm_state , cm_min_price , cm_max_price) values(27956,18,'2017款 TFSI 运动型','2017款',3,1,466800,466800);
insert into t_car_model(cm_id , cs_id , cm_name,cm_type ,cm_order , cm_state , cm_min_price , cm_max_price) values(27957,18,'2017款 30 FSI 技术型','2017款',4,1,438800,438800);
insert into t_car_model(cm_id , cs_id , cm_name,cm_type ,cm_order , cm_state , cm_min_price , cm_max_price) values(27958,18,'2017款 30 FSI 舒适型','2017款',5,1,476500,476500);
insert into t_car_model(cm_id , cs_id , cm_name,cm_type ,cm_order , cm_state , cm_min_price , cm_max_price) values(27959,18,'2017款 45 TFSI quattro 运动型','2017款',6,1,530500,530500);
insert into t_car_model(cm_id , cs_id , cm_name,cm_type ,cm_order , cm_state , cm_min_price , cm_max_price) values(27960,18,'2017款 50 TFSI quattro 豪华型','2017款',7,1,663200,663200);
insert into t_car_model(cm_id , cs_id , cm_name,cm_type ,cm_order , cm_state , cm_min_price , cm_max_price) values(27961,18,'2017款 50 TFSI quattro 尊享型','2017款',8,1,746000,746000);
insert into t_car_model(cm_id , cs_id , cm_name,cm_type ,cm_order , cm_state , cm_min_price , cm_max_price) values(25014,18,'2016款 TFSI 技术型','2016款',1,1,415300,415300);
insert into t_car_model(cm_id , cs_id , cm_name,cm_type ,cm_order , cm_state , cm_min_price , cm_max_price) values(25062,18,'2016款 TFSI 舒适型','2016款',2,1,448500,448500);
insert into t_car_model(cm_id , cs_id , cm_name,cm_type ,cm_order , cm_state , cm_min_price , cm_max_price) values(24969,18,'2016款 TFSI 运动型','2016款',3,1,461200,461200);
insert into t_car_model(cm_id , cs_id , cm_name,cm_type ,cm_order , cm_state , cm_min_price , cm_max_price) values(25063,18,'2016款 30 FSI 技术型','2016款',4,1,435300,435300);
insert into t_car_model(cm_id , cs_id , cm_name,cm_type ,cm_order , cm_state , cm_min_price , cm_max_price) values(25064,18,'2016款 30 FSI 舒适型','2016款',5,1,468500,468500);
insert into t_car_model(cm_id , cs_id , cm_name,cm_type ,cm_order , cm_state , cm_min_price , cm_max_price) values(27080,18,'2016款 30 FSI 特别版','2016款',6,1,478800,478800);
insert into t_car_model(cm_id , cs_id , cm_name,cm_type ,cm_order , cm_state , cm_min_price , cm_max_price) values(25065,18,'2016款 45 TFSI quattro 运动型','2016款',7,1,524900,524900);
insert into t_car_model(cm_id , cs_id , cm_name,cm_type ,cm_order , cm_state , cm_min_price , cm_max_price) values(25066,18,'2016款 50 TFSI quattro 豪华型','2016款',8,1,662200,662200);
insert into t_car_model(cm_id , cs_id , cm_name,cm_type ,cm_order , cm_state , cm_min_price , cm_max_price) values(25067,18,'2016款 50 TFSI quattro 尊享型','2016款',9,1,757600,757600);
insert into t_car_model(cm_id , cs_id , cm_name,cm_type ,cm_order , cm_state , cm_min_price , cm_max_price) values(22881,18,'2015款 TFSI 百万纪念智领型','2015款',1,1,398200,398200);
insert into t_car_model(cm_id , cs_id , cm_name,cm_type ,cm_order , cm_state , cm_min_price , cm_max_price) values(22882,18,'2015款 30 FSI 百万纪念舒享型','2015款',2,1,449700,449700);
insert into t_car_model(cm_id , cs_id , cm_name,cm_type ,cm_order , cm_state , cm_min_price , cm_max_price) values(22632,18,'2015款 35 FSI quattro 技术型','2015款',3,1,499800,499800);
insert into t_car_model(cm_id , cs_id , cm_name,cm_type ,cm_order , cm_state , cm_min_price , cm_max_price) values(22633,18,'2015款 35 FSI quattro 舒适型','2015款',4,1,561300,561300);
insert into t_car_model(cm_id , cs_id , cm_name,cm_type ,cm_order , cm_state , cm_min_price , cm_max_price) values(18103,18,'2014款 TFSI 手动基本型','2014款',1,1,383000,383000);
insert into t_car_model(cm_id , cs_id , cm_name,cm_type ,cm_order , cm_state , cm_min_price , cm_max_price) values(18104,18,'2014款 TFSI 标准型','2014款',2,1,409800,409800);
insert into t_car_model(cm_id , cs_id , cm_name,cm_type ,cm_order , cm_state , cm_min_price , cm_max_price) values(18105,18,'2014款 TFSI 舒适型','2014款',3,1,446600,446600);
insert into t_car_model(cm_id , cs_id , cm_name,cm_type ,cm_order , cm_state , cm_min_price , cm_max_price) values(18106,18,'2014款 30 FSI 技术型','2014款',4,1,429500,429500);
insert into t_car_model(cm_id , cs_id , cm_name,cm_type ,cm_order , cm_state , cm_min_price , cm_max_price) values(18107,18,'2014款 30 FSI 舒适型','2014款',5,1,468700,468700);
insert into t_car_model(cm_id , cs_id , cm_name,cm_type ,cm_order , cm_state , cm_min_price , cm_max_price) values(18108,18,'2014款 30 FSI 豪华型','2014款',6,1,506600,506600);
insert into t_car_model(cm_id , cs_id , cm_name,cm_type ,cm_order , cm_state , cm_min_price , cm_max_price) values(18109,18,'2014款 35 FSI 舒适型','2014款',7,1,551600,551600);
insert into t_car_model(cm_id , cs_id , cm_name,cm_type ,cm_order , cm_state , cm_min_price , cm_max_price) values(18110,18,'2014款 35 FSI 豪华型','2014款',8,1,627600,627600);
insert into t_car_model(cm_id , cs_id , cm_name,cm_type ,cm_order , cm_state , cm_min_price , cm_max_price) values(18111,18,'2014款 35 FSI quattro 豪华型','2014款',9,1,669600,669600);
insert into t_car_model(cm_id , cs_id , cm_name,cm_type ,cm_order , cm_state , cm_min_price , cm_max_price) values(18112,18,'2014款 50 TFSI quattro 豪华型','2014款',10,1,742600,742600);
insert into t_car_model(cm_id , cs_id , cm_name,cm_type ,cm_order , cm_state , cm_min_price , cm_max_price) values(12412,18,'2012款 TFSI 手动基本型','2012款',1,1,383000,383000);
insert into t_car_model(cm_id , cs_id , cm_name,cm_type ,cm_order , cm_state , cm_min_price , cm_max_price) values(12413,18,'2012款 TFSI 标准型','2012款',2,1,409800,409800);
insert into t_car_model(cm_id , cs_id , cm_name,cm_type ,cm_order , cm_state , cm_min_price , cm_max_price) values(12414,18,'2012款 TFSI 舒适型','2012款',3,1,446600,446600);
insert into t_car_model(cm_id , cs_id , cm_name,cm_type ,cm_order , cm_state , cm_min_price , cm_max_price) values(12203,18,'2012款 30 FSI 技术型','2012款',4,1,432800,432800);
insert into t_car_model(cm_id , cs_id , cm_name,cm_type ,cm_order , cm_state , cm_min_price , cm_max_price) values(12418,18,'2012款 30 FSI 舒适型','2012款',5,1,472600,472600);
insert into t_car_model(cm_id , cs_id , cm_name,cm_type ,cm_order , cm_state , cm_min_price , cm_max_price) values(12419,18,'2012款 30 FSI 豪华型','2012款',6,1,506600,506600);
insert into t_car_model(cm_id , cs_id , cm_name,cm_type ,cm_order , cm_state , cm_min_price , cm_max_price) values(12415,18,'2012款 35 FSI 舒适型','2012款',7,1,551600,551600);
insert into t_car_model(cm_id , cs_id , cm_name,cm_type ,cm_order , cm_state , cm_min_price , cm_max_price) values(12416,18,'2012款 35 FSI 豪华型','2012款',8,1,627600,627600);
insert into t_car_model(cm_id , cs_id , cm_name,cm_type ,cm_order , cm_state , cm_min_price , cm_max_price) values(12417,18,'2012款 35 FSI quattro 豪华型','2012款',9,1,669600,669600);
insert into t_car_model(cm_id , cs_id , cm_name,cm_type ,cm_order , cm_state , cm_min_price , cm_max_price) values(12268,18,'2012款 50 TFSI quattro 豪华型','2012款',10,1,742600,742600);
insert into t_car_model(cm_id , cs_id , cm_name,cm_type ,cm_order , cm_state , cm_min_price , cm_max_price) values(9305,18,'2011款 2.0 TFSI 手动基本型','2011款',1,1,355000,355000);
insert into t_car_model(cm_id , cs_id , cm_name,cm_type ,cm_order , cm_state , cm_min_price , cm_max_price) values(9306,18,'2011款 2.0 TFSI 手动标准型','2011款',2,1,377500,377500);
insert into t_car_model(cm_id , cs_id , cm_name,cm_type ,cm_order , cm_state , cm_min_price , cm_max_price) values(9307,18,'2011款 2.0 TFSI 自动标准型','2011款',3,1,389900,389900);
insert into t_car_model(cm_id , cs_id , cm_name,cm_type ,cm_order , cm_state , cm_min_price , cm_max_price) values(9316,18,'2011款 2.0 TFSI 自动舒适型','2011款',4,1,415200,415200);
insert into t_car_model(cm_id , cs_id , cm_name,cm_type ,cm_order , cm_state , cm_min_price , cm_max_price) values(9308,18,'2011款 2.4L 技术型','2011款',5,1,441000,441000);
insert into t_car_model(cm_id , cs_id , cm_name,cm_type ,cm_order , cm_state , cm_min_price , cm_max_price) values(9309,18,'2011款 2.4L 舒适型','2011款',6,1,475800,475800);
insert into t_car_model(cm_id , cs_id , cm_name,cm_type ,cm_order , cm_state , cm_min_price , cm_max_price) values(9310,18,'2011款 2.4L 豪华型','2011款',7,1,542000,542000);
insert into t_car_model(cm_id , cs_id , cm_name,cm_type ,cm_order , cm_state , cm_min_price , cm_max_price) values(9315,18,'2011款 2.7 TDI 舒适型','2011款',8,1,488800,488800);
insert into t_car_model(cm_id , cs_id , cm_name,cm_type ,cm_order , cm_state , cm_min_price , cm_max_price) values(9311,18,'2011款 2.8 FSI 舒适型','2011款',9,1,537700,537700);
insert into t_car_model(cm_id , cs_id , cm_name,cm_type ,cm_order , cm_state , cm_min_price , cm_max_price) values(9312,18,'2011款 2.8 FSI 豪华型','2011款',10,1,623700,623700);
insert into t_car_model(cm_id , cs_id , cm_name,cm_type ,cm_order , cm_state , cm_min_price , cm_max_price) values(9313,18,'2011款 2.8 FSI quattro 豪华型','2011款',11,1,653000,653000);
insert into t_car_model(cm_id , cs_id , cm_name,cm_type ,cm_order , cm_state , cm_min_price , cm_max_price) values(9314,18,'2011款 3.0 TFSI quattro 豪华型','2011款',12,1,699900,699900);
insert into t_car_model(cm_id , cs_id , cm_name,cm_type ,cm_order , cm_state , cm_min_price , cm_max_price) values(5774,18,'2010款 2.0 TFSI 基本型','2010款',1,1,355000,355000);
insert into t_car_model(cm_id , cs_id , cm_name,cm_type ,cm_order , cm_state , cm_min_price , cm_max_price) values(5775,18,'2010款 2.0 TFSI 手动标准型','2010款',2,1,377500,377500);
insert into t_car_model(cm_id , cs_id , cm_name,cm_type ,cm_order , cm_state , cm_min_price , cm_max_price) values(5779,18,'2010款 2.0 TFSI 自动标准型','2010款',3,1,399900,399900);
insert into t_car_model(cm_id , cs_id , cm_name,cm_type ,cm_order , cm_state , cm_min_price , cm_max_price) values(5782,18,'2010款 2.4L 技术型','2010款',4,1,431500,431500);
insert into t_car_model(cm_id , cs_id , cm_name,cm_type ,cm_order , cm_state , cm_min_price , cm_max_price) values(5783,18,'2010款 2.4L 舒适型','2010款',5,1,475800,475800);
insert into t_car_model(cm_id , cs_id , cm_name,cm_type ,cm_order , cm_state , cm_min_price , cm_max_price) values(5781,18,'2010款 2.4L 豪华型','2010款',6,1,533300,533300);
insert into t_car_model(cm_id , cs_id , cm_name,cm_type ,cm_order , cm_state , cm_min_price , cm_max_price) values(5895,18,'2010款 2.7 TDI','2010款',7,1,488800,488800);
insert into t_car_model(cm_id , cs_id , cm_name,cm_type ,cm_order , cm_state , cm_min_price , cm_max_price) values(5780,18,'2010款 2.8 FSI 舒适型','2010款',8,1,537700,537700);
insert into t_car_model(cm_id , cs_id , cm_name,cm_type ,cm_order , cm_state , cm_min_price , cm_max_price) values(5778,18,'2010款 2.8 FSI 豪华型','2010款',9,1,618200,618200);
insert into t_car_model(cm_id , cs_id , cm_name,cm_type ,cm_order , cm_state , cm_min_price , cm_max_price) values(5777,18,'2010款 2.8 FSI quattro 豪华型','2010款',10,1,650200,650200);
insert into t_car_model(cm_id , cs_id , cm_name,cm_type ,cm_order , cm_state , cm_min_price , cm_max_price) values(5776,18,'2010款 3.0 TFSI quattro 豪华型','2010款',11,1,696000,696000);
insert into t_car_model(cm_id , cs_id , cm_name,cm_type ,cm_order , cm_state , cm_min_price , cm_max_price) values(4441,18,'2009款 2.0 TFSI 基本型','2009款',1,1,348200,348200);
insert into t_car_model(cm_id , cs_id , cm_name,cm_type ,cm_order , cm_state , cm_min_price , cm_max_price) values(4442,18,'2009款 2.0 TFSI 手动标准型','2009款',2,1,372500,372500);
insert into t_car_model(cm_id , cs_id , cm_name,cm_type ,cm_order , cm_state , cm_min_price , cm_max_price) values(4443,18,'2009款 2.0 TFSI 自动标准型','2009款',3,1,398000,398000);
insert into t_car_model(cm_id , cs_id , cm_name,cm_type ,cm_order , cm_state , cm_min_price , cm_max_price) values(4444,18,'2009款 2.4L 技术型','2009款',4,1,424500,424500);
insert into t_car_model(cm_id , cs_id , cm_name,cm_type ,cm_order , cm_state , cm_min_price , cm_max_price) values(4445,18,'2009款 2.4L 舒适型','2009款',5,1,468800,468800);
insert into t_car_model(cm_id , cs_id , cm_name,cm_type ,cm_order , cm_state , cm_min_price , cm_max_price) values(4446,18,'2009款 2.4L 豪华型','2009款',6,1,529800,529800);
insert into t_car_model(cm_id , cs_id , cm_name,cm_type ,cm_order , cm_state , cm_min_price , cm_max_price) values(4447,18,'2009款 2.8 FSI 舒适娱乐型','2009款',7,1,526200,526200);
insert into t_car_model(cm_id , cs_id , cm_name,cm_type ,cm_order , cm_state , cm_min_price , cm_max_price) values(4448,18,'2009款 2.8 FSI 豪华型','2009款',8,1,618200,618200);
insert into t_car_model(cm_id , cs_id , cm_name,cm_type ,cm_order , cm_state , cm_min_price , cm_max_price) values(4430,18,'2009款 2.8 FSI quattro 豪华型','2009款',9,1,650200,650200);
insert into t_car_model(cm_id , cs_id , cm_name,cm_type ,cm_order , cm_state , cm_min_price , cm_max_price) values(4449,18,'2009款 3.0 TFSI quattro 豪华型','2009款',10,1,696000,696000);
insert into t_car_model(cm_id , cs_id , cm_name,cm_type ,cm_order , cm_state , cm_min_price , cm_max_price) values(6767,18,'2008款 2.0T 奥运限量版','2008款',1,1,343000,343000);
insert into t_car_model(cm_id , cs_id , cm_name,cm_type ,cm_order , cm_state , cm_min_price , cm_max_price) values(3665,18,'2008款 2.0T 手动标准型','2008款',2,1,372500,372500);
insert into t_car_model(cm_id , cs_id , cm_name,cm_type ,cm_order , cm_state , cm_min_price , cm_max_price) values(3666,18,'2008款 2.0T 自动标准型','2008款',3,1,398000,398000);
insert into t_car_model(cm_id , cs_id , cm_name,cm_type ,cm_order , cm_state , cm_min_price , cm_max_price) values(3667,18,'2008款 2.4L 技术型','2008款',4,1,424500,424500);
insert into t_car_model(cm_id , cs_id , cm_name,cm_type ,cm_order , cm_state , cm_min_price , cm_max_price) values(3668,18,'2008款 2.4L 舒适型','2008款',5,1,468800,468800);
insert into t_car_model(cm_id , cs_id , cm_name,cm_type ,cm_order , cm_state , cm_min_price , cm_max_price) values(3669,18,'2008款 2.4L 尊贵型','2008款',6,1,526100,526100);
insert into t_car_model(cm_id , cs_id , cm_name,cm_type ,cm_order , cm_state , cm_min_price , cm_max_price) values(3670,18,'2008款 2.8 FSI 舒适娱乐型','2008款',7,1,525000,525000);
insert into t_car_model(cm_id , cs_id , cm_name,cm_type ,cm_order , cm_state , cm_min_price , cm_max_price) values(3671,18,'2008款 2.8 FSI 尊享型','2008款',8,1,606800,606800);
insert into t_car_model(cm_id , cs_id , cm_name,cm_type ,cm_order , cm_state , cm_min_price , cm_max_price) values(6765,18,'2008款 3.2 FSI 尊享型','2008款',9,1,675700,675700);
insert into t_car_model(cm_id , cs_id , cm_name,cm_type ,cm_order , cm_state , cm_min_price , cm_max_price) values(3672,18,'2008款 3.2 FSI quattro 舒适娱乐型','2008款',10,1,579900,579900);
insert into t_car_model(cm_id , cs_id , cm_name,cm_type ,cm_order , cm_state , cm_min_price , cm_max_price) values(3673,18,'2008款 3.2 FSI quattro 豪华型','2008款',11,1,655700,655700);
insert into t_car_model(cm_id , cs_id , cm_name,cm_type ,cm_order , cm_state , cm_min_price , cm_max_price) values(3674,18,'2008款 4.2 FSI quattro 至尊旗舰','2008款',12,1,853300,853300);
insert into t_car_model(cm_id , cs_id , cm_name,cm_type ,cm_order , cm_state , cm_min_price , cm_max_price) values(2641,18,'2006款 3.2 FSI 舒适娱乐型','2006款',1,1,573900,573900);
insert into t_car_model(cm_id , cs_id , cm_name,cm_type ,cm_order , cm_state , cm_min_price , cm_max_price) values(2652,18,'2006款 3.2 FSI 技术领先型','2006款',2,1,642200,642200);
insert into t_car_model(cm_id , cs_id , cm_name,cm_type ,cm_order , cm_state , cm_min_price , cm_max_price) values(2653,18,'2006款 3.2 FSI 尊享型','2006款',3,1,647200,647200);
insert into t_car_model(cm_id , cs_id , cm_name,cm_type ,cm_order , cm_state , cm_min_price , cm_max_price) values(2642,18,'2006款 3.2 FSI quattro 领先尊享型','2006款',4,1,721300,721300);
insert into t_car_model(cm_id , cs_id , cm_name,cm_type ,cm_order , cm_state , cm_min_price , cm_max_price) values(2643,18,'2006款 4.2 FSI quattro 至尊旗舰','2006款',5,1,856300,856300);
insert into t_car_model(cm_id , cs_id , cm_name,cm_type ,cm_order , cm_state , cm_min_price , cm_max_price) values(1397,18,'2005款 2.0T 基本型','2005款',1,1,349800,349800);
insert into t_car_model(cm_id , cs_id , cm_name,cm_type ,cm_order , cm_state , cm_min_price , cm_max_price) values(1598,18,'2005款 2.0T 手动标准型','2005款',2,1,374300,374300);
insert into t_car_model(cm_id , cs_id , cm_name,cm_type ,cm_order , cm_state , cm_min_price , cm_max_price) values(1878,18,'2005款 2.0T 自动标准型','2005款',3,1,399800,399800);
insert into t_car_model(cm_id , cs_id , cm_name,cm_type ,cm_order , cm_state , cm_min_price , cm_max_price) values(1596,18,'2005款 2.4L 技术型','2005款',4,1,432600,432600);
insert into t_car_model(cm_id , cs_id , cm_name,cm_type ,cm_order , cm_state , cm_min_price , cm_max_price) values(1720,18,'2005款 2.4L 舒适型','2005款',5,1,468400,468400);
insert into t_car_model(cm_id , cs_id , cm_name,cm_type ,cm_order , cm_state , cm_min_price , cm_max_price) values(1721,18,'2005款 2.4L 技术领先型','2005款',6,1,526800,526800);
insert into t_car_model(cm_id , cs_id , cm_name,cm_type ,cm_order , cm_state , cm_min_price , cm_max_price) values(2562,18,'2005款 2.4L 尊贵型','2005款',7,1,529100,529100);
insert into t_car_model(cm_id , cs_id , cm_name,cm_type ,cm_order , cm_state , cm_min_price , cm_max_price) values(1723,18,'2005款 3.0L 技术领先型','2005款',8,1,649800,649800);
insert into t_car_model(cm_id , cs_id , cm_name,cm_type ,cm_order , cm_state , cm_min_price , cm_max_price) values(1599,18,'2005款 3.0L quattro 领先尊享型','2005款',9,1,753300,753300);
insert into t_car_model(cm_id , cs_id , cm_name,cm_type ,cm_order , cm_state , cm_min_price , cm_max_price) values(1597,18,'2005款 4.2L quattro 至尊旗舰型','2005款',10,1,855900,855900);
insert into t_car_series(cs_id,cbf_id,cs_name,cs_order,cs_letter) values(4526,9,'奥迪A6L新能源',148,'A');
insert into t_car_model(cm_id , cs_id , cm_name,cm_type ,cm_order , cm_state , cm_min_price , cm_max_price) values(49401,4526,'2021款 55 TFSI e quattro','2021款',1,1,0,0);
insert into t_car_model(cm_id , cs_id , cm_name,cm_type ,cm_order , cm_state , cm_min_price , cm_max_price) values(42454,4526,'2020款 55 TFSI e quattro','2020款',1,1,508000,508000);
insert into t_car_model(cm_id , cs_id , cm_name,cm_type ,cm_order , cm_state , cm_min_price , cm_max_price) values(31521,4526,'2018款 40 e-tron','2018款',1,1,454800,454800);
insert into t_car_series(cs_id,cbf_id,cs_name,cs_order,cs_letter) values(4871,9,'奥迪Q2L',149,'A');
insert into t_car_model(cm_id , cs_id , cm_name,cm_type ,cm_order , cm_state , cm_min_price , cm_max_price) values(52977,4871,'2022款 35 TFSI 进取致雅型','2022款',1,1,228800,228800);
insert into t_car_model(cm_id , cs_id , cm_name,cm_type ,cm_order , cm_state , cm_min_price , cm_max_price) values(52978,4871,'2022款 35 TFSI 进取动感型','2022款',2,1,228800,228800);
insert into t_car_model(cm_id , cs_id , cm_name,cm_type ,cm_order , cm_state , cm_min_price , cm_max_price) values(52551,4871,'2022款 35 TFSI 时尚致雅型','2022款',3,1,246800,246800);
insert into t_car_model(cm_id , cs_id , cm_name,cm_type ,cm_order , cm_state , cm_min_price , cm_max_price) values(52747,4871,'2022款 35 TFSI 时尚动感型','2022款',4,1,246800,246800);
insert into t_car_model(cm_id , cs_id , cm_name,cm_type ,cm_order , cm_state , cm_min_price , cm_max_price) values(52980,4871,'2022款 35 TFSI RS套件燃速型','2022款',5,1,251600,251600);
insert into t_car_model(cm_id , cs_id , cm_name,cm_type ,cm_order , cm_state , cm_min_price , cm_max_price) values(52979,4871,'2022款 35 TFSI 豪华致雅型','2022款',6,1,268800,268800);
insert into t_car_model(cm_id , cs_id , cm_name,cm_type ,cm_order , cm_state , cm_min_price , cm_max_price) values(52666,4871,'2022款 35 TFSI 豪华动感型','2022款',7,1,268800,268800);
insert into t_car_model(cm_id , cs_id , cm_name,cm_type ,cm_order , cm_state , cm_min_price , cm_max_price) values(48474,4871,'2021款 35 TFSI 进取动感型','2021款',1,1,218800,218800);
insert into t_car_model(cm_id , cs_id , cm_name,cm_type ,cm_order , cm_state , cm_min_price , cm_max_price) values(49121,4871,'2021款 35 TFSI 时尚致雅型','2021款',2,1,236600,236600);
insert into t_car_model(cm_id , cs_id , cm_name,cm_type ,cm_order , cm_state , cm_min_price , cm_max_price) values(48440,4871,'2021款 35 TFSI 时尚动感型','2021款',3,1,238400,238400);
insert into t_car_model(cm_id , cs_id , cm_name,cm_type ,cm_order , cm_state , cm_min_price , cm_max_price) values(49122,4871,'2021款 35 TFSI 豪华致雅型','2021款',4,1,265000,265000);
insert into t_car_model(cm_id , cs_id , cm_name,cm_type ,cm_order , cm_state , cm_min_price , cm_max_price) values(49123,4871,'2021款 35 TFSI 豪华动感型','2021款',5,1,265000,265000);
insert into t_car_model(cm_id , cs_id , cm_name,cm_type ,cm_order , cm_state , cm_min_price , cm_max_price) values(43974,4871,'2020款 35 TFSI 进取动感型','2020款',1,1,218800,218800);
insert into t_car_model(cm_id , cs_id , cm_name,cm_type ,cm_order , cm_state , cm_min_price , cm_max_price) values(43975,4871,'2020款 35 TFSI 时尚致雅型','2020款',2,1,236600,236600);
insert into t_car_model(cm_id , cs_id , cm_name,cm_type ,cm_order , cm_state , cm_min_price , cm_max_price) values(43976,4871,'2020款 35 TFSI 时尚动感型','2020款',3,1,238400,238400);
insert into t_car_model(cm_id , cs_id , cm_name,cm_type ,cm_order , cm_state , cm_min_price , cm_max_price) values(43977,4871,'2020款 35 TFSI 豪华致雅型','2020款',4,1,268500,268500);
insert into t_car_model(cm_id , cs_id , cm_name,cm_type ,cm_order , cm_state , cm_min_price , cm_max_price) values(43978,4871,'2020款 35 TFSI 豪华动感型','2020款',5,1,268500,268500);
insert into t_car_model(cm_id , cs_id , cm_name,cm_type ,cm_order , cm_state , cm_min_price , cm_max_price) values(35951,4871,'2018款 35 TFSI 进取动感型 国V','2018款',1,1,217700,217700);
insert into t_car_model(cm_id , cs_id , cm_name,cm_type ,cm_order , cm_state , cm_min_price , cm_max_price) values(39962,4871,'2018款 35 TFSI 进取动感型 国VI','2018款',2,1,217700,217700);
insert into t_car_model(cm_id , cs_id , cm_name,cm_type ,cm_order , cm_state , cm_min_price , cm_max_price) values(34968,4871,'2018款 35 TFSI 上市专享版 国V','2018款',3,1,218800,218800);
insert into t_car_model(cm_id , cs_id , cm_name,cm_type ,cm_order , cm_state , cm_min_price , cm_max_price) values(39963,4871,'2018款 35 TFSI 上市专享版 国VI','2018款',4,1,218800,218800);
insert into t_car_model(cm_id , cs_id , cm_name,cm_type ,cm_order , cm_state , cm_min_price , cm_max_price) values(35657,4871,'2018款 35 TFSI 时尚致雅型 国V','2018款',5,1,236600,236600);
insert into t_car_model(cm_id , cs_id , cm_name,cm_type ,cm_order , cm_state , cm_min_price , cm_max_price) values(39964,4871,'2018款 35 TFSI 时尚致雅型 国VI','2018款',6,1,236600,236600);
insert into t_car_model(cm_id , cs_id , cm_name,cm_type ,cm_order , cm_state , cm_min_price , cm_max_price) values(35658,4871,'2018款 35 TFSI 时尚动感型 国V','2018款',7,1,238400,238400);
insert into t_car_model(cm_id , cs_id , cm_name,cm_type ,cm_order , cm_state , cm_min_price , cm_max_price) values(39965,4871,'2018款 35 TFSI 时尚动感型 国VI','2018款',8,1,238400,238400);
insert into t_car_model(cm_id , cs_id , cm_name,cm_type ,cm_order , cm_state , cm_min_price , cm_max_price) values(35659,4871,'2018款 35 TFSI 豪华致雅型 国V','2018款',9,1,268500,268500);
insert into t_car_model(cm_id , cs_id , cm_name,cm_type ,cm_order , cm_state , cm_min_price , cm_max_price) values(39966,4871,'2018款 35 TFSI 豪华致雅型 国VI','2018款',10,1,268500,268500);
insert into t_car_series(cs_id,cbf_id,cs_name,cs_order,cs_letter) values(5240,9,'奥迪Q2L e-tron',150,'A');
insert into t_car_model(cm_id , cs_id , cm_name,cm_type ,cm_order , cm_state , cm_min_price , cm_max_price) values(55144,5240,'2022款 Q2L e-tron 纯电智享型','2022款',1,1,243800,243800);
insert into t_car_model(cm_id , cs_id , cm_name,cm_type ,cm_order , cm_state , cm_min_price , cm_max_price) values(42875,5240,'2019款 Q2L e-tron 纯电智酷型','2019款',1,1,226800,226800);
insert into t_car_model(cm_id , cs_id , cm_name,cm_type ,cm_order , cm_state , cm_min_price , cm_max_price) values(39893,5240,'2019款 Q2L e-tron 纯电智享型','2019款',2,1,237300,237300);
insert into t_car_series(cs_id,cbf_id,cs_name,cs_order,cs_letter) values(2951,9,'奥迪Q3',151,'A');
insert into t_car_model(cm_id , cs_id , cm_name,cm_type ,cm_order , cm_state , cm_min_price , cm_max_price) values(53586,2951,'2022款 35 TFSI 进取动感型','2022款',1,1,278800,278800);
insert into t_car_model(cm_id , cs_id , cm_name,cm_type ,cm_order , cm_state , cm_min_price , cm_max_price) values(53587,2951,'2022款 35 TFSI 时尚致雅型','2022款',2,1,292800,292800);
insert into t_car_model(cm_id , cs_id , cm_name,cm_type ,cm_order , cm_state , cm_min_price , cm_max_price) values(53588,2951,'2022款 35 TFSI 时尚动感型','2022款',3,1,292800,292800);
insert into t_car_model(cm_id , cs_id , cm_name,cm_type ,cm_order , cm_state , cm_min_price , cm_max_price) values(53589,2951,'2022款 40 TFSI 时尚动感型','2022款',4,1,305800,305800);
insert into t_car_model(cm_id , cs_id , cm_name,cm_type ,cm_order , cm_state , cm_min_price , cm_max_price) values(52500,2951,'2022款 40 TFSI RS套件燃速型','2022款',5,1,309300,309300);
insert into t_car_model(cm_id , cs_id , cm_name,cm_type ,cm_order , cm_state , cm_min_price , cm_max_price) values(53590,2951,'2022款 45 TFSI quattro 时尚动感型','2022款',6,1,323600,323600);
insert into t_car_model(cm_id , cs_id , cm_name,cm_type ,cm_order , cm_state , cm_min_price , cm_max_price) values(48103,2951,'2021款 35 TFSI 进取致雅型','2021款',1,1,274300,274300);
insert into t_car_model(cm_id , cs_id , cm_name,cm_type ,cm_order , cm_state , cm_min_price , cm_max_price) values(48104,2951,'2021款 35 TFSI 进取动感型','2021款',2,1,274300,274300);
insert into t_car_model(cm_id , cs_id , cm_name,cm_type ,cm_order , cm_state , cm_min_price , cm_max_price) values(48105,2951,'2021款 35 TFSI 时尚致雅型','2021款',3,1,287800,287800);
insert into t_car_model(cm_id , cs_id , cm_name,cm_type ,cm_order , cm_state , cm_min_price , cm_max_price) values(48106,2951,'2021款 35 TFSI 时尚动感型','2021款',4,1,287800,287800);
insert into t_car_model(cm_id , cs_id , cm_name,cm_type ,cm_order , cm_state , cm_min_price , cm_max_price) values(51368,2951,'2021款 35 TFSI 进享人生版','2021款',5,1,290300,290300);
insert into t_car_model(cm_id , cs_id , cm_name,cm_type ,cm_order , cm_state , cm_min_price , cm_max_price) values(48107,2951,'2021款 40 TFSI 时尚致雅型','2021款',6,1,302800,302800);
insert into t_car_model(cm_id , cs_id , cm_name,cm_type ,cm_order , cm_state , cm_min_price , cm_max_price) values(48108,2951,'2021款 40 TFSI 时尚动感型','2021款',7,1,302800,302800);
insert into t_car_model(cm_id , cs_id , cm_name,cm_type ,cm_order , cm_state , cm_min_price , cm_max_price) values(48109,2951,'2021款 45 TFSI quattro 时尚动感型','2021款',8,1,322800,322800);
insert into t_car_model(cm_id , cs_id , cm_name,cm_type ,cm_order , cm_state , cm_min_price , cm_max_price) values(48110,2951,'2021款 45 TFSI quattro 豪华动感型','2021款',9,1,356800,356800);
insert into t_car_model(cm_id , cs_id , cm_name,cm_type ,cm_order , cm_state , cm_min_price , cm_max_price) values(44786,2951,'2020款 35 TFSI 进取致雅型','2020款',1,1,271800,271800);
insert into t_car_model(cm_id , cs_id , cm_name,cm_type ,cm_order , cm_state , cm_min_price , cm_max_price) values(44787,2951,'2020款 35 TFSI 进取动感型','2020款',2,1,271800,271800);
insert into t_car_model(cm_id , cs_id , cm_name,cm_type ,cm_order , cm_state , cm_min_price , cm_max_price) values(44788,2951,'2020款 35 TFSI 时尚致雅型','2020款',3,1,286800,286800);
insert into t_car_model(cm_id , cs_id , cm_name,cm_type ,cm_order , cm_state , cm_min_price , cm_max_price) values(44789,2951,'2020款 35 TFSI 时尚动感型','2020款',4,1,286800,286800);
insert into t_car_model(cm_id , cs_id , cm_name,cm_type ,cm_order , cm_state , cm_min_price , cm_max_price) values(44790,2951,'2020款 40 TFSI 时尚致雅型','2020款',5,1,301800,301800);
insert into t_car_model(cm_id , cs_id , cm_name,cm_type ,cm_order , cm_state , cm_min_price , cm_max_price) values(44791,2951,'2020款 40 TFSI 时尚动感型','2020款',6,1,301800,301800);
insert into t_car_model(cm_id , cs_id , cm_name,cm_type ,cm_order , cm_state , cm_min_price , cm_max_price) values(44792,2951,'2020款 45 TFSI quattro 时尚动感型','2020款',7,1,321800,321800);
insert into t_car_model(cm_id , cs_id , cm_name,cm_type ,cm_order , cm_state , cm_min_price , cm_max_price) values(44793,2951,'2020款 45 TFSI quattro 豪华动感型','2020款',8,1,355800,355800);
insert into t_car_model(cm_id , cs_id , cm_name,cm_type ,cm_order , cm_state , cm_min_price , cm_max_price) values(38819,2951,'2019款 35 TFSI 进取致雅型','2019款',1,1,271800,271800);
insert into t_car_model(cm_id , cs_id , cm_name,cm_type ,cm_order , cm_state , cm_min_price , cm_max_price) values(38820,2951,'2019款 35 TFSI 进取动感型','2019款',2,1,271800,271800);
insert into t_car_model(cm_id , cs_id , cm_name,cm_type ,cm_order , cm_state , cm_min_price , cm_max_price) values(38821,2951,'2019款 35 TFSI 时尚致雅型','2019款',3,1,286800,286800);
insert into t_car_model(cm_id , cs_id , cm_name,cm_type ,cm_order , cm_state , cm_min_price , cm_max_price) values(38822,2951,'2019款 35 TFSI 时尚动感型','2019款',4,1,286800,286800);
insert into t_car_model(cm_id , cs_id , cm_name,cm_type ,cm_order , cm_state , cm_min_price , cm_max_price) values(38823,2951,'2019款 40 TFSI 时尚致雅型','2019款',5,1,301800,301800);
insert into t_car_model(cm_id , cs_id , cm_name,cm_type ,cm_order , cm_state , cm_min_price , cm_max_price) values(38699,2951,'2019款 40 TFSI 时尚动感型','2019款',6,1,301800,301800);
insert into t_car_model(cm_id , cs_id , cm_name,cm_type ,cm_order , cm_state , cm_min_price , cm_max_price) values(38825,2951,'2019款 40 TFSI quattro 时尚动感型','2019款',7,1,318800,318800);
insert into t_car_model(cm_id , cs_id , cm_name,cm_type ,cm_order , cm_state , cm_min_price , cm_max_price) values(38826,2951,'2019款 45 TFSI quattro 豪华动感型','2019款',8,1,359800,359800);
insert into t_car_model(cm_id , cs_id , cm_name,cm_type ,cm_order , cm_state , cm_min_price , cm_max_price) values(38400,2951,'2018款 30 TFSI 时尚型典藏版','2018款',1,1,260000,260000);
insert into t_car_model(cm_id , cs_id , cm_name,cm_type ,cm_order , cm_state , cm_min_price , cm_max_price) values(38401,2951,'2018款 30 TFSI 风尚型典藏版','2018款',2,1,282800,282800);
insert into t_car_model(cm_id , cs_id , cm_name,cm_type ,cm_order , cm_state , cm_min_price , cm_max_price) values(38402,2951,'2018款 35 TFSI 时尚型典藏版','2018款',3,1,279800,279800);
insert into t_car_model(cm_id , cs_id , cm_name,cm_type ,cm_order , cm_state , cm_min_price , cm_max_price) values(38403,2951,'2018款 35 TFSI 运动型典藏版','2018款',4,1,301600,301600);
insert into t_car_model(cm_id , cs_id , cm_name,cm_type ,cm_order , cm_state , cm_min_price , cm_max_price) values(32892,2951,'2018款 30周年年型 30 TFSI 标准型','2018款',5,1,246900,246900);
insert into t_car_model(cm_id , cs_id , cm_name,cm_type ,cm_order , cm_state , cm_min_price , cm_max_price) values(32893,2951,'2018款 30周年年型 30 TFSI 时尚型','2018款',6,1,265600,265600);
insert into t_car_model(cm_id , cs_id , cm_name,cm_type ,cm_order , cm_state , cm_min_price , cm_max_price) values(32894,2951,'2018款 30周年年型 30 TFSI 风尚型','2018款',7,1,288700,288700);
insert into t_car_model(cm_id , cs_id , cm_name,cm_type ,cm_order , cm_state , cm_min_price , cm_max_price) values(32895,2951,'2018款 30周年年型 35 TFSI 时尚型','2018款',8,1,285600,285600);
insert into t_car_model(cm_id , cs_id , cm_name,cm_type ,cm_order , cm_state , cm_min_price , cm_max_price) values(32896,2951,'2018款 30周年年型 35 TFSI 运动型','2018款',9,1,308700,308700);
insert into t_car_model(cm_id , cs_id , cm_name,cm_type ,cm_order , cm_state , cm_min_price , cm_max_price) values(32897,2951,'2018款 30周年年型 35 TFSI quattro 全时四驱运动型','2018款',10,1,325700,325700);
insert into t_car_model(cm_id , cs_id , cm_name,cm_type ,cm_order , cm_state , cm_min_price , cm_max_price) values(32898,2951,'2018款 30周年年型 40 TFSI quattro 全时四驱运动型','2018款',11,1,340700,340700);
insert into t_car_model(cm_id , cs_id , cm_name,cm_type ,cm_order , cm_state , cm_min_price , cm_max_price) values(29125,2951,'2017款 30 TFSI 标准型','2017款',1,1,234200,234200);
insert into t_car_model(cm_id , cs_id , cm_name,cm_type ,cm_order , cm_state , cm_min_price , cm_max_price) values(29126,2951,'2017款 30 TFSI 时尚型','2017款',2,1,259200,259200);
insert into t_car_model(cm_id , cs_id , cm_name,cm_type ,cm_order , cm_state , cm_min_price , cm_max_price) values(29127,2951,'2017款 30 TFSI 风尚型','2017款',3,1,290800,290800);
insert into t_car_model(cm_id , cs_id , cm_name,cm_type ,cm_order , cm_state , cm_min_price , cm_max_price) values(29128,2951,'2017款 30 TFSI 运动型','2017款',4,1,290800,290800);
insert into t_car_model(cm_id , cs_id , cm_name,cm_type ,cm_order , cm_state , cm_min_price , cm_max_price) values(29129,2951,'2017款 35 TFSI 时尚型','2017款',5,1,279200,279200);
insert into t_car_model(cm_id , cs_id , cm_name,cm_type ,cm_order , cm_state , cm_min_price , cm_max_price) values(29130,2951,'2017款 35 TFSI 风尚型','2017款',6,1,310800,310800);
insert into t_car_model(cm_id , cs_id , cm_name,cm_type ,cm_order , cm_state , cm_min_price , cm_max_price) values(29131,2951,'2017款 35 TFSI 运动型','2017款',7,1,310800,310800);
insert into t_car_model(cm_id , cs_id , cm_name,cm_type ,cm_order , cm_state , cm_min_price , cm_max_price) values(29132,2951,'2017款 35 TFSI quattro 全时四驱风尚型','2017款',8,1,327800,327800);
insert into t_car_model(cm_id , cs_id , cm_name,cm_type ,cm_order , cm_state , cm_min_price , cm_max_price) values(29133,2951,'2017款 35 TFSI quattro 全时四驱运动型','2017款',9,1,327800,327800);
insert into t_car_model(cm_id , cs_id , cm_name,cm_type ,cm_order , cm_state , cm_min_price , cm_max_price) values(29134,2951,'2017款 40 TFSI quattro 全时四驱运动型','2017款',10,1,342800,342800);
insert into t_car_model(cm_id , cs_id , cm_name,cm_type ,cm_order , cm_state , cm_min_price , cm_max_price) values(29135,2951,'2017款 40 TFSI quattro 全时四驱风尚型','2017款',11,1,342800,342800);
insert into t_car_model(cm_id , cs_id , cm_name,cm_type ,cm_order , cm_state , cm_min_price , cm_max_price) values(24989,2951,'2016款 30 TFSI 典藏版 智领型','2016款',1,1,251800,251800);
insert into t_car_model(cm_id , cs_id , cm_name,cm_type ,cm_order , cm_state , cm_min_price , cm_max_price) values(24990,2951,'2016款 30 TFSI 典藏版 舒享型','2016款',2,1,274800,274800);
insert into t_car_model(cm_id , cs_id , cm_name,cm_type ,cm_order , cm_state , cm_min_price , cm_max_price) values(24991,2951,'2016款 35 TFSI 典藏版 智领型','2016款',3,1,263000,263000);
insert into t_car_model(cm_id , cs_id , cm_name,cm_type ,cm_order , cm_state , cm_min_price , cm_max_price) values(24992,2951,'2016款 35 TFSI 典藏版 舒享型','2016款',4,1,286100,286100);
insert into t_car_model(cm_id , cs_id , cm_name,cm_type ,cm_order , cm_state , cm_min_price , cm_max_price) values(24993,2951,'2016款 35 TFSI 典藏版 quattro进享型','2016款',5,1,303900,303900);
insert into t_car_model(cm_id , cs_id , cm_name,cm_type ,cm_order , cm_state , cm_min_price , cm_max_price) values(26229,2951,'2016款 30 TFSI 标准型','2016款',6,1,234200,234200);
insert into t_car_model(cm_id , cs_id , cm_name,cm_type ,cm_order , cm_state , cm_min_price , cm_max_price) values(26232,2951,'2016款 30 TFSI 时尚型','2016款',7,1,259200,259200);
insert into t_car_model(cm_id , cs_id , cm_name,cm_type ,cm_order , cm_state , cm_min_price , cm_max_price) values(26156,2951,'2016款 30 TFSI 风尚型','2016款',8,1,283800,283800);
insert into t_car_model(cm_id , cs_id , cm_name,cm_type ,cm_order , cm_state , cm_min_price , cm_max_price) values(26234,2951,'2016款 35 TFSI 时尚型','2016款',9,1,279200,279200);
insert into t_car_model(cm_id , cs_id , cm_name,cm_type ,cm_order , cm_state , cm_min_price , cm_max_price) values(26235,2951,'2016款 35 TFSI 风尚型','2016款',10,1,303800,303800);
insert into t_car_model(cm_id , cs_id , cm_name,cm_type ,cm_order , cm_state , cm_min_price , cm_max_price) values(26236,2951,'2016款 35 TFSI quattro 全时四驱风尚型','2016款',11,1,320800,320800);
insert into t_car_model(cm_id , cs_id , cm_name,cm_type ,cm_order , cm_state , cm_min_price , cm_max_price) values(27079,2951,'2016款 35 TFSI quattro 全时四驱特别版','2016款',12,1,320800,320800);
insert into t_car_model(cm_id , cs_id , cm_name,cm_type ,cm_order , cm_state , cm_min_price , cm_max_price) values(26237,2951,'2016款 40 TFSI quattro 全时四驱运动型','2016款',13,1,344900,344900);
insert into t_car_model(cm_id , cs_id , cm_name,cm_type ,cm_order , cm_state , cm_min_price , cm_max_price) values(26238,2951,'2016款 40 TFSI quattro 全时四驱风尚型','2016款',14,1,335800,335800);
insert into t_car_model(cm_id , cs_id , cm_name,cm_type ,cm_order , cm_state , cm_min_price , cm_max_price) values(22891,2951,'2015款 35 TFSI 百万纪念智领型','2015款',1,1,278000,278000);
insert into t_car_model(cm_id , cs_id , cm_name,cm_type ,cm_order , cm_state , cm_min_price , cm_max_price) values(22892,2951,'2015款 35 TFSI 百万纪念舒享型','2015款',2,1,301100,301100);
insert into t_car_model(cm_id , cs_id , cm_name,cm_type ,cm_order , cm_state , cm_min_price , cm_max_price) values(22893,2951,'2015款 35 TFSI quattro百万纪念进享型','2015款',3,1,318900,318900);
insert into t_car_model(cm_id , cs_id , cm_name,cm_type ,cm_order , cm_state , cm_min_price , cm_max_price) values(22894,2951,'2015款 35 TFSI quattro百万纪念舒享型','2015款',4,1,341900,341900);
insert into t_car_model(cm_id , cs_id , cm_name,cm_type ,cm_order , cm_state , cm_min_price , cm_max_price) values(22895,2951,'2015款 35 TFSI quattro百万纪念乐享型','2015款',5,1,381900,381900);
insert into t_car_model(cm_id , cs_id , cm_name,cm_type ,cm_order , cm_state , cm_min_price , cm_max_price) values(22896,2951,'2015款 40 TFSI quattro百万纪念乐享型','2015款',6,1,413900,413900);
insert into t_car_model(cm_id , cs_id , cm_name,cm_type ,cm_order , cm_state , cm_min_price , cm_max_price) values(18971,2951,'2015款 30 TFSI 标准型','2015款',7,1,249800,249800);
insert into t_car_model(cm_id , cs_id , cm_name,cm_type ,cm_order , cm_state , cm_min_price , cm_max_price) values(19460,2951,'2015款 35 TFSI 进取型','2015款',8,1,289800,289800);
insert into t_car_model(cm_id , cs_id , cm_name,cm_type ,cm_order , cm_state , cm_min_price , cm_max_price) values(19461,2951,'2015款 35 TFSI 舒适型','2015款',9,1,316000,316000);
insert into t_car_model(cm_id , cs_id , cm_name,cm_type ,cm_order , cm_state , cm_min_price , cm_max_price) values(18972,2951,'2015款 30 TFSI 进取型','2015款',10,1,266800,266800);
insert into t_car_model(cm_id , cs_id , cm_name,cm_type ,cm_order , cm_state , cm_min_price , cm_max_price) values(18973,2951,'2015款 30 TFSI 舒适型','2015款',11,1,289800,289800);
insert into t_car_model(cm_id , cs_id , cm_name,cm_type ,cm_order , cm_state , cm_min_price , cm_max_price) values(19462,2951,'2015款 35 TFSI quattro 技术型','2015款',12,1,333800,333800);
insert into t_car_model(cm_id , cs_id , cm_name,cm_type ,cm_order , cm_state , cm_min_price , cm_max_price) values(19463,2951,'2015款 35 TFSI quattro 舒适型','2015款',13,1,356800,356800);
insert into t_car_model(cm_id , cs_id , cm_name,cm_type ,cm_order , cm_state , cm_min_price , cm_max_price) values(19464,2951,'2015款 35 TFSI quattro 豪华型','2015款',14,1,396800,396800);
insert into t_car_model(cm_id , cs_id , cm_name,cm_type ,cm_order , cm_state , cm_min_price , cm_max_price) values(19465,2951,'2015款 40 TFSI quattro 豪华型','2015款',15,1,428800,428800);
insert into t_car_model(cm_id , cs_id , cm_name,cm_type ,cm_order , cm_state , cm_min_price , cm_max_price) values(14775,2951,'2013款 35 TFSI 进取型','2013款',1,1,285000,285000);
insert into t_car_model(cm_id , cs_id , cm_name,cm_type ,cm_order , cm_state , cm_min_price , cm_max_price) values(15533,2951,'2013款 35 TFSI 舒适型','2013款',2,1,316000,316000);
insert into t_car_model(cm_id , cs_id , cm_name,cm_type ,cm_order , cm_state , cm_min_price , cm_max_price) values(15534,2951,'2013款 35 TFSI quattro 技术型','2013款',3,1,333800,333800);
insert into t_car_model(cm_id , cs_id , cm_name,cm_type ,cm_order , cm_state , cm_min_price , cm_max_price) values(14774,2951,'2013款 35 TFSI quattro 舒适型','2013款',4,1,356800,356800);
insert into t_car_model(cm_id , cs_id , cm_name,cm_type ,cm_order , cm_state , cm_min_price , cm_max_price) values(15535,2951,'2013款 35 TFSI quattro 豪华型','2013款',5,1,396800,396800);
insert into t_car_model(cm_id , cs_id , cm_name,cm_type ,cm_order , cm_state , cm_min_price , cm_max_price) values(14411,2951,'2013款 40 TFSI quattro 豪华型','2013款',6,1,428800,428800);
insert into t_car_series(cs_id,cbf_id,cs_name,cs_order,cs_letter) values(5933,9,'奥迪Q3 Sportback',152,'A');
insert into t_car_model(cm_id , cs_id , cm_name,cm_type ,cm_order , cm_state , cm_min_price , cm_max_price) values(53582,5933,'2022款 35 TFSI 进取型','2022款',1,1,289300,289300);
insert into t_car_model(cm_id , cs_id , cm_name,cm_type ,cm_order , cm_state , cm_min_price , cm_max_price) values(53583,5933,'2022款 40 TFSI 时尚型','2022款',2,1,309300,309300);
insert into t_car_model(cm_id , cs_id , cm_name,cm_type ,cm_order , cm_state , cm_min_price , cm_max_price) values(52501,5933,'2022款 40 TFSI RS套件燃速型','2022款',3,1,312800,312800);
insert into t_car_model(cm_id , cs_id , cm_name,cm_type ,cm_order , cm_state , cm_min_price , cm_max_price) values(53584,5933,'2022款 45 TFSI quattro 时尚型','2022款',4,1,334300,334300);
insert into t_car_model(cm_id , cs_id , cm_name,cm_type ,cm_order , cm_state , cm_min_price , cm_max_price) values(53585,5933,'2022款 45 TFSI quattro 豪华型','2022款',5,1,361800,361800);
insert into t_car_model(cm_id , cs_id , cm_name,cm_type ,cm_order , cm_state , cm_min_price , cm_max_price) values(51369,5933,'2021款 40 TFSI 进享人生版','2021款',1,1,309800,309800);
insert into t_car_model(cm_id , cs_id , cm_name,cm_type ,cm_order , cm_state , cm_min_price , cm_max_price) values(45702,5933,'2020款 45 TFSI quattro 定制尊享版','2020款',1,1,336300,336300);
insert into t_car_model(cm_id , cs_id , cm_name,cm_type ,cm_order , cm_state , cm_min_price , cm_max_price) values(45637,5933,'2020款 35 TFSI 进取型','2020款',2,1,287300,287300);
insert into t_car_model(cm_id , cs_id , cm_name,cm_type ,cm_order , cm_state , cm_min_price , cm_max_price) values(45599,5933,'2020款 40 TFSI 时尚型','2020款',3,1,307300,307300);
insert into t_car_model(cm_id , cs_id , cm_name,cm_type ,cm_order , cm_state , cm_min_price , cm_max_price) values(45638,5933,'2020款 45 TFSI quattro 时尚型','2020款',4,1,334300,334300);
insert into t_car_model(cm_id , cs_id , cm_name,cm_type ,cm_order , cm_state , cm_min_price , cm_max_price) values(45353,5933,'2020款 45 TFSI quattro 豪华型','2020款',5,1,361800,361800);
insert into t_car_series(cs_id,cbf_id,cs_name,cs_order,cs_letter) values(4851,9,'奥迪Q5L',153,'A');
insert into t_car_model(cm_id , cs_id , cm_name,cm_type ,cm_order , cm_state , cm_min_price , cm_max_price) values(53887,4851,'2022款 40T 时尚动感型','2022款',1,1,396800,396800);
insert into t_car_model(cm_id , cs_id , cm_name,cm_type ,cm_order , cm_state , cm_min_price , cm_max_price) values(53882,4851,'2022款 40T 时尚致雅型','2022款',2,1,396800,396800);
insert into t_car_model(cm_id , cs_id , cm_name,cm_type ,cm_order , cm_state , cm_min_price , cm_max_price) values(53889,4851,'2022款 40T 豪华动感型','2022款',3,1,415800,415800);
insert into t_car_model(cm_id , cs_id , cm_name,cm_type ,cm_order , cm_state , cm_min_price , cm_max_price) values(51464,4851,'2022款 40T RS套件燃速型','2022款',4,1,422600,422600);
insert into t_car_model(cm_id , cs_id , cm_name,cm_type ,cm_order , cm_state , cm_min_price , cm_max_price) values(53890,4851,'2022款 40T 豪华致雅型','2022款',5,1,415800,415800);
insert into t_car_model(cm_id , cs_id , cm_name,cm_type ,cm_order , cm_state , cm_min_price , cm_max_price) values(53727,4851,'2022款 45T 豪华动感型','2022款',6,1,450200,450200);
insert into t_car_model(cm_id , cs_id , cm_name,cm_type ,cm_order , cm_state , cm_min_price , cm_max_price) values(53862,4851,'2022款 45T 豪华致雅型','2022款',7,1,450200,450200);
insert into t_car_model(cm_id , cs_id , cm_name,cm_type ,cm_order , cm_state , cm_min_price , cm_max_price) values(53888,4851,'2022款 45T 臻选动感型','2022款',8,1,487000,487000);
insert into t_car_model(cm_id , cs_id , cm_name,cm_type ,cm_order , cm_state , cm_min_price , cm_max_price) values(50281,4851,'2021款 40 TFSI 时尚动感型','2021款',1,1,396800,396800);
insert into t_car_model(cm_id , cs_id , cm_name,cm_type ,cm_order , cm_state , cm_min_price , cm_max_price) values(50282,4851,'2021款 40 TFSI 时尚致雅型','2021款',2,1,396800,396800);
insert into t_car_model(cm_id , cs_id , cm_name,cm_type ,cm_order , cm_state , cm_min_price , cm_max_price) values(50283,4851,'2021款 40 TFSI 豪华动感型','2021款',3,1,415800,415800);
insert into t_car_model(cm_id , cs_id , cm_name,cm_type ,cm_order , cm_state , cm_min_price , cm_max_price) values(50284,4851,'2021款 40 TFSI 豪华致雅型','2021款',4,1,415800,415800);
insert into t_car_model(cm_id , cs_id , cm_name,cm_type ,cm_order , cm_state , cm_min_price , cm_max_price) values(51390,4851,'2021款 40 TFSI 进享人生版','2021款',5,1,427700,427700);
insert into t_car_model(cm_id , cs_id , cm_name,cm_type ,cm_order , cm_state , cm_min_price , cm_max_price) values(50285,4851,'2021款 45 TFSI 豪华动感型','2021款',6,1,450200,450200);
insert into t_car_model(cm_id , cs_id , cm_name,cm_type ,cm_order , cm_state , cm_min_price , cm_max_price) values(50286,4851,'2021款 45 TFSI 豪华致雅型','2021款',7,1,450200,450200);
insert into t_car_model(cm_id , cs_id , cm_name,cm_type ,cm_order , cm_state , cm_min_price , cm_max_price) values(50287,4851,'2021款 45 TFSI 臻选动感型','2021款',8,1,487000,487000);
insert into t_car_model(cm_id , cs_id , cm_name,cm_type ,cm_order , cm_state , cm_min_price , cm_max_price) values(43097,4851,'2020款 40 TFSI 荣享进取型','2020款',1,1,387800,387800);
insert into t_car_model(cm_id , cs_id , cm_name,cm_type ,cm_order , cm_state , cm_min_price , cm_max_price) values(43098,4851,'2020款 40 TFSI 荣享时尚型','2020款',2,1,415800,415800);
insert into t_car_model(cm_id , cs_id , cm_name,cm_type ,cm_order , cm_state , cm_min_price , cm_max_price) values(49151,4851,'2020款 改款 40 TFSI 荣享进取型','2020款',3,1,387800,387800);
insert into t_car_model(cm_id , cs_id , cm_name,cm_type ,cm_order , cm_state , cm_min_price , cm_max_price) values(49152,4851,'2020款 改款 40 TFSI 荣享时尚型','2020款',4,1,415800,415800);
insert into t_car_model(cm_id , cs_id , cm_name,cm_type ,cm_order , cm_state , cm_min_price , cm_max_price) values(43099,4851,'2020款 45 TFSI 尊享时尚型','2020款',5,1,445200,445200);
insert into t_car_model(cm_id , cs_id , cm_name,cm_type ,cm_order , cm_state , cm_min_price , cm_max_price) values(43101,4851,'2020款 45 TFSI 尊享运动型','2020款',6,1,470900,470900);
insert into t_car_model(cm_id , cs_id , cm_name,cm_type ,cm_order , cm_state , cm_min_price , cm_max_price) values(43100,4851,'2020款 45 TFSI 尊享风雅型','2020款',7,1,475000,475000);
insert into t_car_model(cm_id , cs_id , cm_name,cm_type ,cm_order , cm_state , cm_min_price , cm_max_price) values(43102,4851,'2020款 45 TFSI 尊享豪华运动型','2020款',8,1,498000,498000);
insert into t_car_model(cm_id , cs_id , cm_name,cm_type ,cm_order , cm_state , cm_min_price , cm_max_price) values(34853,4851,'2018款 40 TFSI 荣享进取型 国V','2018款',1,1,382800,382800);
insert into t_car_model(cm_id , cs_id , cm_name,cm_type ,cm_order , cm_state , cm_min_price , cm_max_price) values(39929,4851,'2018款 40 TFSI 荣享进取型 国VI','2018款',2,1,382800,382800);
insert into t_car_model(cm_id , cs_id , cm_name,cm_type ,cm_order , cm_state , cm_min_price , cm_max_price) values(34851,4851,'2018款 40 TFSI 荣享时尚型 国V','2018款',3,1,413800,413800);
insert into t_car_model(cm_id , cs_id , cm_name,cm_type ,cm_order , cm_state , cm_min_price , cm_max_price) values(39930,4851,'2018款 40 TFSI 荣享时尚型 国VI','2018款',4,1,413800,413800);
insert into t_car_model(cm_id , cs_id , cm_name,cm_type ,cm_order , cm_state , cm_min_price , cm_max_price) values(34854,4851,'2018款 45 TFSI 尊享时尚型 国V','2018款',5,1,445200,445200);
insert into t_car_model(cm_id , cs_id , cm_name,cm_type ,cm_order , cm_state , cm_min_price , cm_max_price) values(39931,4851,'2018款 45 TFSI 尊享时尚型 国VI','2018款',6,1,445200,445200);
insert into t_car_model(cm_id , cs_id , cm_name,cm_type ,cm_order , cm_state , cm_min_price , cm_max_price) values(34855,4851,'2018款 45 TFSI 尊享风雅型 国V','2018款',7,1,475000,475000);
insert into t_car_model(cm_id , cs_id , cm_name,cm_type ,cm_order , cm_state , cm_min_price , cm_max_price) values(39932,4851,'2018款 45 TFSI 尊享风雅型 国VI','2018款',8,1,475000,475000);
insert into t_car_model(cm_id , cs_id , cm_name,cm_type ,cm_order , cm_state , cm_min_price , cm_max_price) values(34856,4851,'2018款 45 TFSI 尊享运动型 国V','2018款',9,1,470900,470900);
insert into t_car_model(cm_id , cs_id , cm_name,cm_type ,cm_order , cm_state , cm_min_price , cm_max_price) values(39933,4851,'2018款 45 TFSI 尊享运动型 国VI','2018款',10,1,470900,470900);
insert into t_car_model(cm_id , cs_id , cm_name,cm_type ,cm_order , cm_state , cm_min_price , cm_max_price) values(34646,4851,'2018款 45 TFSI 尊享豪华运动型 国V','2018款',11,1,498000,498000);
insert into t_car_model(cm_id , cs_id , cm_name,cm_type ,cm_order , cm_state , cm_min_price , cm_max_price) values(39934,4851,'2018款 45 TFSI 尊享豪华运动型 国VI','2018款',12,1,498000,498000);
insert into t_car_series(cs_id,cbf_id,cs_name,cs_order,cs_letter) values(5912,9,'奥迪Q5L Sportback',154,'A');
insert into t_car_model(cm_id , cs_id , cm_name,cm_type ,cm_order , cm_state , cm_min_price , cm_max_price) values(54819,5912,'2022款 40 TFSI 时尚型','2022款',1,1,426800,426800);
insert into t_car_model(cm_id , cs_id , cm_name,cm_type ,cm_order , cm_state , cm_min_price , cm_max_price) values(53946,5912,'2022款 40 TFSI 豪华型','2022款',2,1,444500,444500);
insert into t_car_model(cm_id , cs_id , cm_name,cm_type ,cm_order , cm_state , cm_min_price , cm_max_price) values(54820,5912,'2022款 40 TFSI RS套件燃速型','2022款',3,1,445600,445600);
insert into t_car_model(cm_id , cs_id , cm_name,cm_type ,cm_order , cm_state , cm_min_price , cm_max_price) values(53947,5912,'2022款 45 TFSI 豪华型','2022款',4,1,480500,480500);
insert into t_car_model(cm_id , cs_id , cm_name,cm_type ,cm_order , cm_state , cm_min_price , cm_max_price) values(53948,5912,'2022款 45 TFSI 臻选型','2022款',5,1,499900,499900);
insert into t_car_model(cm_id , cs_id , cm_name,cm_type ,cm_order , cm_state , cm_min_price , cm_max_price) values(48928,5912,'2021款 40 TFSI 时尚型','2021款',1,1,426800,426800);
insert into t_car_model(cm_id , cs_id , cm_name,cm_type ,cm_order , cm_state , cm_min_price , cm_max_price) values(48929,5912,'2021款 40 TFSI 豪华型','2021款',2,1,444500,444500);
insert into t_car_model(cm_id , cs_id , cm_name,cm_type ,cm_order , cm_state , cm_min_price , cm_max_price) values(51391,5912,'2021款 40 TFSI 进享人生版','2021款',3,1,452100,452100);
insert into t_car_model(cm_id , cs_id , cm_name,cm_type ,cm_order , cm_state , cm_min_price , cm_max_price) values(48930,5912,'2021款 40 TFSI 上市特别版','2021款',4,1,459200,459200);
insert into t_car_model(cm_id , cs_id , cm_name,cm_type ,cm_order , cm_state , cm_min_price , cm_max_price) values(48931,5912,'2021款 45 TFSI 豪华型','2021款',5,1,480500,480500);
insert into t_car_model(cm_id , cs_id , cm_name,cm_type ,cm_order , cm_state , cm_min_price , cm_max_price) values(47934,5912,'2021款 45 TFSI 臻选型','2021款',6,1,499900,499900);
insert into t_car_series(cs_id,cbf_id,cs_name,cs_order,cs_letter) values(5765,9,'奥迪e-tron',155,'A');
insert into t_car_model(cm_id , cs_id , cm_name,cm_type ,cm_order , cm_state , cm_min_price , cm_max_price) values(50627,5765,'2021款 50 quattro 豪华型','2021款',1,1,546800,546800);
insert into t_car_model(cm_id , cs_id , cm_name,cm_type ,cm_order , cm_state , cm_min_price , cm_max_price) values(50628,5765,'2021款 50 quattro 臻选型','2021款',2,1,585800,585800);
insert into t_car_model(cm_id , cs_id , cm_name,cm_type ,cm_order , cm_state , cm_min_price , cm_max_price) values(45606,5765,'2021款 50 quattro 尊享型','2021款',3,1,648800,648800);
insert into t_car_series(cs_id,cbf_id,cs_name,cs_order,cs_letter) values(19,9,'奥迪A4',157,'A');
insert into t_car_model(cm_id , cs_id , cm_name,cm_type ,cm_order , cm_state , cm_min_price , cm_max_price) values(3621,19,'2008款 1.8T 手动舒适型','2008款',1,1,274900,274900);
insert into t_car_model(cm_id , cs_id , cm_name,cm_type ,cm_order , cm_state , cm_min_price , cm_max_price) values(3622,19,'2008款 1.8T 自动舒适型','2008款',2,1,294300,294300);
insert into t_car_model(cm_id , cs_id , cm_name,cm_type ,cm_order , cm_state , cm_min_price , cm_max_price) values(3623,19,'2008款 1.8T 个性风格版','2008款',3,1,309000,309000);
insert into t_car_model(cm_id , cs_id , cm_name,cm_type ,cm_order , cm_state , cm_min_price , cm_max_price) values(3624,19,'2008款 1.8T 自动豪华型','2008款',4,1,321500,321500);
insert into t_car_model(cm_id , cs_id , cm_name,cm_type ,cm_order , cm_state , cm_min_price , cm_max_price) values(3625,19,'2008款 2.0T 个性风格版','2008款',5,1,330900,330900);
insert into t_car_model(cm_id , cs_id , cm_name,cm_type ,cm_order , cm_state , cm_min_price , cm_max_price) values(3626,19,'2008款 2.0T 自动豪华型','2008款',6,1,343400,343400);
insert into t_car_model(cm_id , cs_id , cm_name,cm_type ,cm_order , cm_state , cm_min_price , cm_max_price) values(2915,19,'2007款 1.8T 手动标准型','2007款',1,1,275400,275400);
insert into t_car_model(cm_id , cs_id , cm_name,cm_type ,cm_order , cm_state , cm_min_price , cm_max_price) values(2916,19,'2007款 1.8T 手动舒适型','2007款',2,1,283400,283400);
insert into t_car_model(cm_id , cs_id , cm_name,cm_type ,cm_order , cm_state , cm_min_price , cm_max_price) values(2917,19,'2007款 1.8T 自动标准型','2007款',3,1,295400,295400);
insert into t_car_model(cm_id , cs_id , cm_name,cm_type ,cm_order , cm_state , cm_min_price , cm_max_price) values(2918,19,'2007款 1.8T 自动舒适型','2007款',4,1,303400,303400);
insert into t_car_model(cm_id , cs_id , cm_name,cm_type ,cm_order , cm_state , cm_min_price , cm_max_price) values(3211,19,'2007款 1.8T 个性风格版','2007款',5,1,319000,319000);
insert into t_car_model(cm_id , cs_id , cm_name,cm_type ,cm_order , cm_state , cm_min_price , cm_max_price) values(2919,19,'2007款 1.8T 自动豪华型','2007款',6,1,335500,335500);
insert into t_car_model(cm_id , cs_id , cm_name,cm_type ,cm_order , cm_state , cm_min_price , cm_max_price) values(2920,19,'2007款 2.0T 自动标准型','2007款',7,1,317500,317500);
insert into t_car_model(cm_id , cs_id , cm_name,cm_type ,cm_order , cm_state , cm_min_price , cm_max_price) values(2921,19,'2007款 2.0T 自动舒适型','2007款',8,1,325500,325500);
insert into t_car_model(cm_id , cs_id , cm_name,cm_type ,cm_order , cm_state , cm_min_price , cm_max_price) values(2922,19,'2007款 2.0T 自动豪华型','2007款',9,1,357600,357600);
insert into t_car_model(cm_id , cs_id , cm_name,cm_type ,cm_order , cm_state , cm_min_price , cm_max_price) values(1920,19,'2006款 1.8T 7挡自动舒适型','2006款',1,1,335500,335500);
insert into t_car_model(cm_id , cs_id , cm_name,cm_type ,cm_order , cm_state , cm_min_price , cm_max_price) values(1916,19,'2006款 1.8T 手动基本','2006款',2,1,283400,283400);
insert into t_car_model(cm_id , cs_id , cm_name,cm_type ,cm_order , cm_state , cm_min_price , cm_max_price) values(1917,19,'2006款 1.8T 自动基本','2006款',3,1,303400,303400);
insert into t_car_model(cm_id , cs_id , cm_name,cm_type ,cm_order , cm_state , cm_min_price , cm_max_price) values(1922,19,'2006款 1.8T 豪华型','2006款',4,1,341000,341000);
insert into t_car_model(cm_id , cs_id , cm_name,cm_type ,cm_order , cm_state , cm_min_price , cm_max_price) values(1923,19,'2006款 1.8T 领先型','2006款',5,1,371600,371600);
insert into t_car_model(cm_id , cs_id , cm_name,cm_type ,cm_order , cm_state , cm_min_price , cm_max_price) values(1398,19,'2006款 2.0T 尊享型','2006款',6,1,399100,399100);
insert into t_car_model(cm_id , cs_id , cm_name,cm_type ,cm_order , cm_state , cm_min_price , cm_max_price) values(1918,19,'2006款 3.0L quattro 旗舰型','2006款',7,1,500900,500900);
insert into t_car_model(cm_id , cs_id , cm_name,cm_type ,cm_order , cm_state , cm_min_price , cm_max_price) values(2564,19,'2006款 2.0T 标准型','2006款',8,1,373100,373100);
insert into t_car_model(cm_id , cs_id , cm_name,cm_type ,cm_order , cm_state , cm_min_price , cm_max_price) values(1522,19,'2005款 1.8T 入门型','2005款',1,1,318000,318000);
insert into t_car_model(cm_id , cs_id , cm_name,cm_type ,cm_order , cm_state , cm_min_price , cm_max_price) values(1523,19,'2005款 1.8T 手动基本型','2005款',2,1,353500,353500);
insert into t_car_model(cm_id , cs_id , cm_name,cm_type ,cm_order , cm_state , cm_min_price , cm_max_price) values(1524,19,'2005款 1.8T 自动基本型','2005款',3,1,349500,349500);
insert into t_car_model(cm_id , cs_id , cm_name,cm_type ,cm_order , cm_state , cm_min_price , cm_max_price) values(1525,19,'2005款 1.8T 6挡自动舒适型','2005款',4,1,373500,373500);
insert into t_car_model(cm_id , cs_id , cm_name,cm_type ,cm_order , cm_state , cm_min_price , cm_max_price) values(1526,19,'2005款 1.8T 技术型','2005款',5,1,392900,392900);
insert into t_car_model(cm_id , cs_id , cm_name,cm_type ,cm_order , cm_state , cm_min_price , cm_max_price) values(1527,19,'2005款 2.4L 舒适型','2005款',6,1,425900,425900);
insert into t_car_model(cm_id , cs_id , cm_name,cm_type ,cm_order , cm_state , cm_min_price , cm_max_price) values(1528,19,'2005款 2.4L 运动型','2005款',7,1,455900,455900);
insert into t_car_model(cm_id , cs_id , cm_name,cm_type ,cm_order , cm_state , cm_min_price , cm_max_price) values(1653,19,'2005款 2.4L 尊贵型','2005款',8,1,509000,509000);
insert into t_car_model(cm_id , cs_id , cm_name,cm_type ,cm_order , cm_state , cm_min_price , cm_max_price) values(1529,19,'2005款 3.0L','2005款',9,1,566500,566500);
insert into t_car_model(cm_id , cs_id , cm_name,cm_type ,cm_order , cm_state , cm_min_price , cm_max_price) values(1530,19,'2005款 3.0L 运动版','2005款',10,1,562400,562400);
insert into t_car_model(cm_id , cs_id , cm_name,cm_type ,cm_order , cm_state , cm_min_price , cm_max_price) values(981,19,'2004款 1.8T','2004款',1,1,333500,333500);
insert into t_car_model(cm_id , cs_id , cm_name,cm_type ,cm_order , cm_state , cm_min_price , cm_max_price) values(146,19,'2004款 1.8T 标准型','2004款',2,1,359000,359000);
insert into t_car_model(cm_id , cs_id , cm_name,cm_type ,cm_order , cm_state , cm_min_price , cm_max_price) values(325,19,'2004款 1.8T 舒适型','2004款',3,1,353500,353500);
insert into t_car_model(cm_id , cs_id , cm_name,cm_type ,cm_order , cm_state , cm_min_price , cm_max_price) values(147,19,'2004款 1.8T 技术型','2004款',4,1,372900,372900);
insert into t_car_model(cm_id , cs_id , cm_name,cm_type ,cm_order , cm_state , cm_min_price , cm_max_price) values(1227,19,'2004款 1.8T Sline','2004款',5,1,368500,368500);
insert into t_car_model(cm_id , cs_id , cm_name,cm_type ,cm_order , cm_state , cm_min_price , cm_max_price) values(982,19,'2004款 2.4L 舒适型','2004款',6,1,435900,435900);
insert into t_car_model(cm_id , cs_id , cm_name,cm_type ,cm_order , cm_state , cm_min_price , cm_max_price) values(870,19,'2004款 2.4L 尊享型','2004款',7,1,500900,500900);
insert into t_car_model(cm_id , cs_id , cm_name,cm_type ,cm_order , cm_state , cm_min_price , cm_max_price) values(326,19,'2004款 3.0L 舒适型','2004款',8,1,507000,507000);
insert into t_car_model(cm_id , cs_id , cm_name,cm_type ,cm_order , cm_state , cm_min_price , cm_max_price) values(327,19,'2004款 3.0L 加温型','2004款',9,1,521000,521000);
insert into t_car_model(cm_id , cs_id , cm_name,cm_type ,cm_order , cm_state , cm_min_price , cm_max_price) values(145,19,'2004款 3.0L 娱乐型','2004款',10,1,545000,545000);
insert into t_car_model(cm_id , cs_id , cm_name,cm_type ,cm_order , cm_state , cm_min_price , cm_max_price) values(854,19,'2004款 3.0L 尊享型','2004款',11,1,500900,500900);
insert into t_car_model(cm_id , cs_id , cm_name,cm_type ,cm_order , cm_state , cm_min_price , cm_max_price) values(329,19,'2004款 3.0L 豪华型','2004款',12,1,559000,559000);
insert into t_car_series(cs_id,cbf_id,cs_name,cs_order,cs_letter) values(509,9,'奥迪A6',158,'A');
insert into t_car_model(cm_id , cs_id , cm_name,cm_type ,cm_order , cm_state , cm_min_price , cm_max_price) values(331,509,'2004款 1.8L 手动基本型','2004款',1,1,308000,308000);
insert into t_car_model(cm_id , cs_id , cm_name,cm_type ,cm_order , cm_state , cm_min_price , cm_max_price) values(149,509,'2004款 1.8T 手动基本型','2004款',2,1,348500,348500);
insert into t_car_model(cm_id , cs_id , cm_name,cm_type ,cm_order , cm_state , cm_min_price , cm_max_price) values(642,509,'2004款 1.8T 自动基本型','2004款',3,1,368500,368500);
insert into t_car_model(cm_id , cs_id , cm_name,cm_type ,cm_order , cm_state , cm_min_price , cm_max_price) values(643,509,'2004款 1.8T 自动舒适型','2004款',4,1,415100,415100);
insert into t_car_model(cm_id , cs_id , cm_name,cm_type ,cm_order , cm_state , cm_min_price , cm_max_price) values(984,509,'2004款 2.4L 手动基本型','2004款',5,1,365000,365000);
insert into t_car_model(cm_id , cs_id , cm_name,cm_type ,cm_order , cm_state , cm_min_price , cm_max_price) values(148,509,'2004款 2.4L 豪华舒适型','2004款',6,1,429600,429600);
insert into t_car_model(cm_id , cs_id , cm_name,cm_type ,cm_order , cm_state , cm_min_price , cm_max_price) values(644,509,'2004款 2.4L 技术领先型','2004款',7,1,469700,469700);
insert into t_car_model(cm_id , cs_id , cm_name,cm_type ,cm_order , cm_state , cm_min_price , cm_max_price) values(985,509,'2004款 2.4L 自动基本型','2004款',8,1,395500,395500);
insert into t_car_model(cm_id , cs_id , cm_name,cm_type ,cm_order , cm_state , cm_min_price , cm_max_price) values(1072,509,'2004款 2.4L 行政版','2004款',9,1,516200,516200);
insert into t_car_model(cm_id , cs_id , cm_name,cm_type ,cm_order , cm_state , cm_min_price , cm_max_price) values(647,509,'2004款 2.8L 技术领先型','2004款',10,1,495200,495200);
insert into t_car_model(cm_id , cs_id , cm_name,cm_type ,cm_order , cm_state , cm_min_price , cm_max_price) values(1071,509,'2004款 2.8L 行政版','2004款',11,1,541700,541700);
insert into t_car_model(cm_id , cs_id , cm_name,cm_type ,cm_order , cm_state , cm_min_price , cm_max_price) values(646,509,'2004款 2.8L 豪华型','2004款',12,1,493200,493200);
insert into t_car_series(cs_id,cbf_id,cs_name,cs_order,cs_letter) values(812,9,'奥迪Q5',160,'A');
insert into t_car_model(cm_id , cs_id , cm_name,cm_type ,cm_order , cm_state , cm_min_price , cm_max_price) values(34703,812,'2018款 典藏版 40 TFSI 进取型','2018款',1,1,396400,396400);
insert into t_car_model(cm_id , cs_id , cm_name,cm_type ,cm_order , cm_state , cm_min_price , cm_max_price) values(34704,812,'2018款 典藏版 40 TFSI 技术型                      ','2018款',2,1,423700,423700);
insert into t_car_model(cm_id , cs_id , cm_name,cm_type ,cm_order , cm_state , cm_min_price , cm_max_price) values(27901,812,'2017款 40 TFSI 进取型','2017款',1,1,400400,400400);
insert into t_car_model(cm_id , cs_id , cm_name,cm_type ,cm_order , cm_state , cm_min_price , cm_max_price) values(27902,812,'2017款 40 TFSI 技术型','2017款',2,1,427600,427600);
insert into t_car_model(cm_id , cs_id , cm_name,cm_type ,cm_order , cm_state , cm_min_price , cm_max_price) values(27903,812,'2017款 40 TFSI 舒适型','2017款',3,1,469500,469500);
insert into t_car_model(cm_id , cs_id , cm_name,cm_type ,cm_order , cm_state , cm_min_price , cm_max_price) values(27904,812,'2017款 40 TFSI 动感型','2017款',4,1,489300,489300);
insert into t_car_model(cm_id , cs_id , cm_name,cm_type ,cm_order , cm_state , cm_min_price , cm_max_price) values(27905,812,'2017款 40 TFSI 豪华型','2017款',5,1,525300,525300);
insert into t_car_model(cm_id , cs_id , cm_name,cm_type ,cm_order , cm_state , cm_min_price , cm_max_price) values(30961,812,'2017款 Plus 40 TFSI 进取型','2017款',6,1,399600,399600);
insert into t_car_model(cm_id , cs_id , cm_name,cm_type ,cm_order , cm_state , cm_min_price , cm_max_price) values(30962,812,'2017款 Plus 40 TFSI 技术型','2017款',7,1,427600,427600);
insert into t_car_model(cm_id , cs_id , cm_name,cm_type ,cm_order , cm_state , cm_min_price , cm_max_price) values(30963,812,'2017款 Plus 40 TFSI 舒适型','2017款',8,1,470900,470900);
insert into t_car_model(cm_id , cs_id , cm_name,cm_type ,cm_order , cm_state , cm_min_price , cm_max_price) values(30964,812,'2017款 Plus 40 TFSI 动感型','2017款',9,1,505100,505100);
insert into t_car_model(cm_id , cs_id , cm_name,cm_type ,cm_order , cm_state , cm_min_price , cm_max_price) values(30965,812,'2017款 Plus 40 TFSI 豪华型','2017款',10,1,519200,519200);
insert into t_car_model(cm_id , cs_id , cm_name,cm_type ,cm_order , cm_state , cm_min_price , cm_max_price) values(24079,812,'2016款 40 TFSI 进取型','2016款',1,1,383400,383400);
insert into t_car_model(cm_id , cs_id , cm_name,cm_type ,cm_order , cm_state , cm_min_price , cm_max_price) values(24080,812,'2016款 40 TFSI 技术型','2016款',2,1,427600,427600);
insert into t_car_model(cm_id , cs_id , cm_name,cm_type ,cm_order , cm_state , cm_min_price , cm_max_price) values(27077,812,'2016款 40 TFSI 特别版','2016款',3,1,437800,437800);
insert into t_car_model(cm_id , cs_id , cm_name,cm_type ,cm_order , cm_state , cm_min_price , cm_max_price) values(24082,812,'2016款 40 TFSI 舒适型','2016款',4,1,479000,479000);
insert into t_car_model(cm_id , cs_id , cm_name,cm_type ,cm_order , cm_state , cm_min_price , cm_max_price) values(25450,812,'2016款 Plus 40 TFSI 动感型','2016款',5,1,509000,509000);
insert into t_car_model(cm_id , cs_id , cm_name,cm_type ,cm_order , cm_state , cm_min_price , cm_max_price) values(25451,812,'2016款 Plus 40 TFSI 豪华型','2016款',6,1,534000,534000);
insert into t_car_model(cm_id , cs_id , cm_name,cm_type ,cm_order , cm_state , cm_min_price , cm_max_price) values(24081,812,'2016款 40 TFSI 动感型','2016款',7,1,541000,541000);
insert into t_car_model(cm_id , cs_id , cm_name,cm_type ,cm_order , cm_state , cm_min_price , cm_max_price) values(24083,812,'2016款 40 TFSI 豪华型','2016款',8,1,567000,567000);
insert into t_car_model(cm_id , cs_id , cm_name,cm_type ,cm_order , cm_state , cm_min_price , cm_max_price) values(21117,812,'2015款 35 TFSI 标准型','2015款',1,1,358500,358500);
insert into t_car_model(cm_id , cs_id , cm_name,cm_type ,cm_order , cm_state , cm_min_price , cm_max_price) values(21118,812,'2015款 40 TFSI 进取型','2015款',2,1,387600,387600);
insert into t_car_model(cm_id , cs_id , cm_name,cm_type ,cm_order , cm_state , cm_min_price , cm_max_price) values(21119,812,'2015款 40 TFSI 技术型','2015款',3,1,431600,431600);
insert into t_car_model(cm_id , cs_id , cm_name,cm_type ,cm_order , cm_state , cm_min_price , cm_max_price) values(21120,812,'2015款 40 TFSI 舒适型','2015款',4,1,485900,485900);
insert into t_car_model(cm_id , cs_id , cm_name,cm_type ,cm_order , cm_state , cm_min_price , cm_max_price) values(21121,812,'2015款 40 TFSI 动感型','2015款',5,1,545700,545700);
insert into t_car_model(cm_id , cs_id , cm_name,cm_type ,cm_order , cm_state , cm_min_price , cm_max_price) values(21122,812,'2015款 40 TFSI 豪华型','2015款',6,1,571700,571700);
insert into t_car_model(cm_id , cs_id , cm_name,cm_type ,cm_order , cm_state , cm_min_price , cm_max_price) values(15734,812,'2013款 35 TFSI 标准型','2013款',1,1,358500,358500);
insert into t_car_model(cm_id , cs_id , cm_name,cm_type ,cm_order , cm_state , cm_min_price , cm_max_price) values(15837,812,'2013款 40 TFSI 进取型','2013款',2,1,383600,383600);
insert into t_car_model(cm_id , cs_id , cm_name,cm_type ,cm_order , cm_state , cm_min_price , cm_max_price) values(15838,812,'2013款 40 TFSI 技术型','2013款',3,1,427600,427600);
insert into t_car_model(cm_id , cs_id , cm_name,cm_type ,cm_order , cm_state , cm_min_price , cm_max_price) values(15839,812,'2013款 40 TFSI 舒适型','2013款',4,1,481900,481900);
insert into t_car_model(cm_id , cs_id , cm_name,cm_type ,cm_order , cm_state , cm_min_price , cm_max_price) values(15840,812,'2013款 40 TFSI 动感型','2013款',5,1,541700,541700);
insert into t_car_model(cm_id , cs_id , cm_name,cm_type ,cm_order , cm_state , cm_min_price , cm_max_price) values(15841,812,'2013款 40 TFSI 豪华型','2013款',6,1,567700,567700);
insert into t_car_model(cm_id , cs_id , cm_name,cm_type ,cm_order , cm_state , cm_min_price , cm_max_price) values(11446,812,'2012款 2.0TFSI 进取型','2012款',1,1,383600,383600);
insert into t_car_model(cm_id , cs_id , cm_name,cm_type ,cm_order , cm_state , cm_min_price , cm_max_price) values(11447,812,'2012款 2.0TFSI 技术型','2012款',2,1,427600,427600);
insert into t_car_model(cm_id , cs_id , cm_name,cm_type ,cm_order , cm_state , cm_min_price , cm_max_price) values(11448,812,'2012款 2.0TFSI 舒适型','2012款',3,1,481900,481900);
insert into t_car_model(cm_id , cs_id , cm_name,cm_type ,cm_order , cm_state , cm_min_price , cm_max_price) values(11449,812,'2012款 2.0TFSI 动感型','2012款',4,1,541700,541700);
insert into t_car_model(cm_id , cs_id , cm_name,cm_type ,cm_order , cm_state , cm_min_price , cm_max_price) values(11450,812,'2012款 2.0TFSI 豪华型','2012款',5,1,567700,567700);
insert into t_car_model(cm_id , cs_id , cm_name,cm_type ,cm_order , cm_state , cm_min_price , cm_max_price) values(9017,812,'2011款 2.0TFSI 进取型','2011款',1,1,379800,379800);
insert into t_car_model(cm_id , cs_id , cm_name,cm_type ,cm_order , cm_state , cm_min_price , cm_max_price) values(9019,812,'2011款 2.0TFSI 技术型','2011款',2,1,423800,423800);
insert into t_car_model(cm_id , cs_id , cm_name,cm_type ,cm_order , cm_state , cm_min_price , cm_max_price) values(9020,812,'2011款 2.0TFSI 舒适型','2011款',3,1,475800,475800);
insert into t_car_model(cm_id , cs_id , cm_name,cm_type ,cm_order , cm_state , cm_min_price , cm_max_price) values(9022,812,'2011款 2.0TFSI 动感型','2011款',4,1,528700,528700);
insert into t_car_model(cm_id , cs_id , cm_name,cm_type ,cm_order , cm_state , cm_min_price , cm_max_price) values(9021,812,'2011款 2.0TFSI 豪华型','2011款',5,1,567700,567700);
insert into t_car_model(cm_id , cs_id , cm_name,cm_type ,cm_order , cm_state , cm_min_price , cm_max_price) values(5302,812,'2010款 2.0TFSI 进取型','2010款',1,1,379800,379800);
insert into t_car_model(cm_id , cs_id , cm_name,cm_type ,cm_order , cm_state , cm_min_price , cm_max_price) values(7362,812,'2010款 2.0TFSI 技术型','2010款',2,1,423800,423800);
insert into t_car_model(cm_id , cs_id , cm_name,cm_type ,cm_order , cm_state , cm_min_price , cm_max_price) values(7363,812,'2010款 2.0TFSI 舒适型','2010款',3,1,475800,475800);
insert into t_car_model(cm_id , cs_id , cm_name,cm_type ,cm_order , cm_state , cm_min_price , cm_max_price) values(7364,812,'2010款 2.0TFSI 豪华型','2010款',4,1,539800,539800);
insert into t_car_brand_factory(cbf_id , cb_id , cbf_name ,cbf_letter) values(346,33,'Audi Sport','A');
insert into t_car_series(cs_id,cbf_id,cs_name,cs_order,cs_letter) values(2733,346,'奥迪RS 4',161,'A');
insert into t_car_model(cm_id , cs_id , cm_name,cm_type ,cm_order , cm_state , cm_min_price , cm_max_price) values(55124,2733,'2022款 RS4 Avant 暗金版','2022款',1,1,828800,828800);
insert into t_car_model(cm_id , cs_id , cm_name,cm_type ,cm_order , cm_state , cm_min_price , cm_max_price) values(55125,2733,'2022款 RS4 Avant 黑曜版','2022款',2,1,828800,828800);
insert into t_car_model(cm_id , cs_id , cm_name,cm_type ,cm_order , cm_state , cm_min_price , cm_max_price) values(51264,2733,'2021款 RS4 Avant 暗金版','2021款',1,1,828800,828800);
insert into t_car_model(cm_id , cs_id , cm_name,cm_type ,cm_order , cm_state , cm_min_price , cm_max_price) values(51265,2733,'2021款 RS4 Avant 黑曜版','2021款',2,1,828800,828800);
insert into t_car_model(cm_id , cs_id , cm_name,cm_type ,cm_order , cm_state , cm_min_price , cm_max_price) values(47274,2733,'2020款 RS 4 2.9T Avant','2020款',1,1,812800,812800);
insert into t_car_model(cm_id , cs_id , cm_name,cm_type ,cm_order , cm_state , cm_min_price , cm_max_price) values(31753,2733,'2019款  RS 4 2.9T Avant','2019款',1,1,822800,822800);
insert into t_car_series(cs_id,cbf_id,cs_name,cs_order,cs_letter) values(2735,346,'奥迪RS 5',162,'A');
insert into t_car_model(cm_id , cs_id , cm_name,cm_type ,cm_order , cm_state , cm_min_price , cm_max_price) values(55120,2735,'2022款 RS 5 2.9T Sportback 暗金版','2022款',1,1,852800,852800);
insert into t_car_model(cm_id , cs_id , cm_name,cm_type ,cm_order , cm_state , cm_min_price , cm_max_price) values(55121,2735,'2022款 RS 5 2.9T Sportback 黑曜版','2022款',2,1,852800,852800);
insert into t_car_model(cm_id , cs_id , cm_name,cm_type ,cm_order , cm_state , cm_min_price , cm_max_price) values(55122,2735,'2022款 RS 5 2.9T Coupe 暗金版','2022款',3,1,874800,874800);
insert into t_car_model(cm_id , cs_id , cm_name,cm_type ,cm_order , cm_state , cm_min_price , cm_max_price) values(55123,2735,'2022款 RS 5 2.9T Coupe 黑曜版','2022款',4,1,874800,874800);
insert into t_car_model(cm_id , cs_id , cm_name,cm_type ,cm_order , cm_state , cm_min_price , cm_max_price) values(51268,2735,'2021款 RS 5 2.9T Sportback 暗金版','2021款',1,1,836800,836800);
insert into t_car_model(cm_id , cs_id , cm_name,cm_type ,cm_order , cm_state , cm_min_price , cm_max_price) values(51269,2735,'2021款 RS 5 2.9T Sportback 黑曜版','2021款',2,1,836800,836800);
insert into t_car_model(cm_id , cs_id , cm_name,cm_type ,cm_order , cm_state , cm_min_price , cm_max_price) values(51266,2735,'2021款 RS 5 2.9T Coupe 暗金版','2021款',3,1,859800,859800);
insert into t_car_model(cm_id , cs_id , cm_name,cm_type ,cm_order , cm_state , cm_min_price , cm_max_price) values(51267,2735,'2021款 RS 5 2.9T Coupe 黑曜版','2021款',4,1,859800,859800);
insert into t_car_model(cm_id , cs_id , cm_name,cm_type ,cm_order , cm_state , cm_min_price , cm_max_price) values(43209,2735,'2020款 RS 5 2.9T Sportback','2020款',1,1,836800,836800);
insert into t_car_model(cm_id , cs_id , cm_name,cm_type ,cm_order , cm_state , cm_min_price , cm_max_price) values(43208,2735,'2020款 RS 5 2.9T Coupe','2020款',2,1,859800,859800);
insert into t_car_model(cm_id , cs_id , cm_name,cm_type ,cm_order , cm_state , cm_min_price , cm_max_price) values(41988,2735,'2019款 RS 5 2.9T Sportback','2019款',1,1,846800,846800);
insert into t_car_model(cm_id , cs_id , cm_name,cm_type ,cm_order , cm_state , cm_min_price , cm_max_price) values(38432,2735,'2019款 RS 5 2.9T Coupe','2019款',2,1,869800,869800);
insert into t_car_model(cm_id , cs_id , cm_name,cm_type ,cm_order , cm_state , cm_min_price , cm_max_price) values(19447,2735,'2014款 RS 5 Coupe 特别版','2014款',1,1,1098000,1098000);
insert into t_car_model(cm_id , cs_id , cm_name,cm_type ,cm_order , cm_state , cm_min_price , cm_max_price) values(13802,2735,'2013款 RS 5 Cabriolet','2013款',1,1,1288000,1288000);
insert into t_car_model(cm_id , cs_id , cm_name,cm_type ,cm_order , cm_state , cm_min_price , cm_max_price) values(10863,2735,'2012款 RS 5 Coupe','2012款',1,1,1198000,1198000);
insert into t_car_series(cs_id,cbf_id,cs_name,cs_order,cs_letter) values(2737,346,'奥迪RS 6',163,'A');
insert into t_car_model(cm_id , cs_id , cm_name,cm_type ,cm_order , cm_state , cm_min_price , cm_max_price) values(55119,2737,'2022款 RS 6 4.0T Avant','2022款',1,1,1453800,1453800);
insert into t_car_model(cm_id , cs_id , cm_name,cm_type ,cm_order , cm_state , cm_min_price , cm_max_price) values(49333,2737,'2021款 RS 6 4.0T Avant','2021款',1,1,1428800,1428800);
insert into t_car_model(cm_id , cs_id , cm_name,cm_type ,cm_order , cm_state , cm_min_price , cm_max_price) values(49700,2737,'2021款 RS 6 4.0T Avant 尊享版','2021款',2,1,1773900,1773900);
insert into t_car_model(cm_id , cs_id , cm_name,cm_type ,cm_order , cm_state , cm_min_price , cm_max_price) values(35333,2737,'2018款 RS 6 4.0T Avant尊享运动限量版','2018款',1,1,1357800,1357800);
insert into t_car_model(cm_id , cs_id , cm_name,cm_type ,cm_order , cm_state , cm_min_price , cm_max_price) values(24290,2737,'2016款 RS 6 4.0T Avant','2016款',1,1,1391000,1391000);
insert into t_car_series(cs_id,cbf_id,cs_name,cs_order,cs_letter) values(2994,346,'奥迪RS 7',164,'A');
insert into t_car_model(cm_id , cs_id , cm_name,cm_type ,cm_order , cm_state , cm_min_price , cm_max_price) values(55118,2994,'2022款 RS 7 4.0T Sportback','2022款',1,1,1468800,1468800);
insert into t_car_model(cm_id , cs_id , cm_name,cm_type ,cm_order , cm_state , cm_min_price , cm_max_price) values(41697,2994,'2021款 RS 7 4.0T Sportback','2021款',1,1,1448800,1448800);
insert into t_car_model(cm_id , cs_id , cm_name,cm_type ,cm_order , cm_state , cm_min_price , cm_max_price) values(49701,2994,'2021款 RS 7 4.0T Sportback 尊享版','2021款',2,1,1722300,1722300);
insert into t_car_model(cm_id , cs_id , cm_name,cm_type ,cm_order , cm_state , cm_min_price , cm_max_price) values(24289,2994,'2016款 RS 7 4.0T Sportback performance','2016款',1,1,1539800,1539800);
insert into t_car_model(cm_id , cs_id , cm_name,cm_type ,cm_order , cm_state , cm_min_price , cm_max_price) values(19314,2994,'2016款 RS 7 4.0T Sportback','2016款',2,1,1577000,1577000);
insert into t_car_model(cm_id , cs_id , cm_name,cm_type ,cm_order , cm_state , cm_min_price , cm_max_price) values(14861,2994,'2014款 RS 7 4.0T Sportback','2014款',1,1,1788000,1788000);
insert into t_car_series(cs_id,cbf_id,cs_name,cs_order,cs_letter) values(5508,346,'奥迪RS Q8',165,'A');
insert into t_car_model(cm_id , cs_id , cm_name,cm_type ,cm_order , cm_state , cm_min_price , cm_max_price) values(55117,5508,'2022款 RS Q8 4.0T','2022款',1,1,1468800,1468800);
insert into t_car_model(cm_id , cs_id , cm_name,cm_type ,cm_order , cm_state , cm_min_price , cm_max_price) values(49334,5508,'2021款 RS Q8 4.0T','2021款',1,1,1468800,1468800);
insert into t_car_model(cm_id , cs_id , cm_name,cm_type ,cm_order , cm_state , cm_min_price , cm_max_price) values(49702,5508,'2021款 RS Q8 4.0T 尊享版','2021款',2,1,1847400,1847400);
insert into t_car_series(cs_id,cbf_id,cs_name,cs_order,cs_letter) values(511,346,'奥迪R8',166,'A');
insert into t_car_model(cm_id , cs_id , cm_name,cm_type ,cm_order , cm_state , cm_min_price , cm_max_price) values(55115,511,'2022款 V10 Coupe performance','2022款',1,1,2323800,2323800);
insert into t_car_model(cm_id , cs_id , cm_name,cm_type ,cm_order , cm_state , cm_min_price , cm_max_price) values(49703,511,'2021款 V10 Coupe performance 收藏家版','2021款',1,1,2753400,2753400);
insert into t_car_model(cm_id , cs_id , cm_name,cm_type ,cm_order , cm_state , cm_min_price , cm_max_price) values(48014,511,'2021款 V10 Coupe performance','2021款',2,1,2288800,2288800);
insert into t_car_model(cm_id , cs_id , cm_name,cm_type ,cm_order , cm_state , cm_min_price , cm_max_price) values(39448,511,'2019款 基本型','2019款',1,1,0,0);
insert into t_car_model(cm_id , cs_id , cm_name,cm_type ,cm_order , cm_state , cm_min_price , cm_max_price) values(30129,511,'2017款 V10 Coupe','2017款',1,1,1952800,1952800);
insert into t_car_model(cm_id , cs_id , cm_name,cm_type ,cm_order , cm_state , cm_min_price , cm_max_price) values(30130,511,'2017款 V10 Spyder','2017款',2,1,2136800,2136800);
insert into t_car_model(cm_id , cs_id , cm_name,cm_type ,cm_order , cm_state , cm_min_price , cm_max_price) values(26925,511,'2016款 V10 Coupe Performance','2016款',1,1,2299800,2299800);
insert into t_car_model(cm_id , cs_id , cm_name,cm_type ,cm_order , cm_state , cm_min_price , cm_max_price) values(17195,511,'2014款 5.2 FSI quattro','2014款',1,1,2353000,2353000);
insert into t_car_model(cm_id , cs_id , cm_name,cm_type ,cm_order , cm_state , cm_min_price , cm_max_price) values(17306,511,'2014款 4.2 FSI quattro','2014款',2,1,1823000,1823000);
insert into t_car_model(cm_id , cs_id , cm_name,cm_type ,cm_order , cm_state , cm_min_price , cm_max_price) values(17307,511,'2014款 Spyder 4.2 FSI quattro','2014款',3,1,1988000,1988000);
insert into t_car_model(cm_id , cs_id , cm_name,cm_type ,cm_order , cm_state , cm_min_price , cm_max_price) values(17305,511,'2014款 Spyder 5.2 FSI quattro','2014款',4,1,2523000,2523000);
insert into t_car_model(cm_id , cs_id , cm_name,cm_type ,cm_order , cm_state , cm_min_price , cm_max_price) values(14300,511,'2013款 5.2 FSI quattro 中国专享型','2013款',1,1,2628000,2628000);
insert into t_car_model(cm_id , cs_id , cm_name,cm_type ,cm_order , cm_state , cm_min_price , cm_max_price) values(11394,511,'2012款 5.2 FSI quattro 限量版','2012款',1,1,2628000,2628000);
insert into t_car_model(cm_id , cs_id , cm_name,cm_type ,cm_order , cm_state , cm_min_price , cm_max_price) values(6071,511,'2011款 Spyder 5.2 FSI quattro','2011款',1,1,2498000,2498000);
insert into t_car_model(cm_id , cs_id , cm_name,cm_type ,cm_order , cm_state , cm_min_price , cm_max_price) values(4747,511,'2010款 5.2 FSI quattro','2010款',1,1,2328000,2328000);
insert into t_car_model(cm_id , cs_id , cm_name,cm_type ,cm_order , cm_state , cm_min_price , cm_max_price) values(2828,511,'2007款 4.2 FSI quattro','2007款',1,1,2398000,2398000);
insert into t_car_series(cs_id,cbf_id,cs_name,cs_order,cs_letter) values(2731,346,'奥迪RS 3',167,'A');
insert into t_car_model(cm_id , cs_id , cm_name,cm_type ,cm_order , cm_state , cm_min_price , cm_max_price) values(31663,2731,'2017款 RS 3 2.5T Limousine','2017款',1,1,513800,513800);
insert into t_car_series(cs_id,cbf_id,cs_name,cs_order,cs_letter) values(2741,346,'奥迪TT RS',171,'A');
insert into t_car_model(cm_id , cs_id , cm_name,cm_type ,cm_order , cm_state , cm_min_price , cm_max_price) values(26290,2741,'2017款 TT RS 2.5T Coupe','2017款',1,1,769800,769800);
insert into t_car_brand_factory(cbf_id , cb_id , cbf_name ,cbf_letter) values(79,33,'奥迪(进口)','A');
insert into t_car_series(cs_id,cbf_id,cs_name,cs_order,cs_letter) values(2730,79,'奥迪S3',172,'A');
insert into t_car_model(cm_id , cs_id , cm_name,cm_type ,cm_order , cm_state , cm_min_price , cm_max_price) values(47121,2730,'2021款 S3 Limousine edition one 欧洲版','2021款',1,1,0,0);
insert into t_car_model(cm_id , cs_id , cm_name,cm_type ,cm_order , cm_state , cm_min_price , cm_max_price) values(47122,2730,'2021款 S3 Sportback edition one 欧洲版','2021款',2,1,0,0);
insert into t_car_model(cm_id , cs_id , cm_name,cm_type ,cm_order , cm_state , cm_min_price , cm_max_price) values(36481,2730,'2019款 S3 2.0T Limousine','2019款',1,1,363800,363800);
insert into t_car_model(cm_id , cs_id , cm_name,cm_type ,cm_order , cm_state , cm_min_price , cm_max_price) values(25912,2730,'2017款 S3  2.0T Limousine','2017款',1,1,399800,399800);
insert into t_car_model(cm_id , cs_id , cm_name,cm_type ,cm_order , cm_state , cm_min_price , cm_max_price) values(25914,2730,'2017款 改款 S3 2.0T Limousine','2017款',2,1,371500,371500);
insert into t_car_model(cm_id , cs_id , cm_name,cm_type ,cm_order , cm_state , cm_min_price , cm_max_price) values(15427,2730,'2015款 S3 2.0T Limousine','2015款',1,1,399800,399800);
insert into t_car_series(cs_id,cbf_id,cs_name,cs_order,cs_letter) values(471,79,'奥迪A4(进口)',173,'A');
insert into t_car_model(cm_id , cs_id , cm_name,cm_type ,cm_order , cm_state , cm_min_price , cm_max_price) values(54141,471,'2022款 Avant 40 TFSI 时尚致雅型','2022款',1,1,359800,359800);
insert into t_car_model(cm_id , cs_id , cm_name,cm_type ,cm_order , cm_state , cm_min_price , cm_max_price) values(54179,471,'2022款 Avant 40 TFSI 时尚动感型','2022款',2,1,359800,359800);
insert into t_car_model(cm_id , cs_id , cm_name,cm_type ,cm_order , cm_state , cm_min_price , cm_max_price) values(54140,471,'2022款 Avant 40 TFSI 豪华动感型','2022款',3,1,401800,401800);
insert into t_car_model(cm_id , cs_id , cm_name,cm_type ,cm_order , cm_state , cm_min_price , cm_max_price) values(54142,471,'2022款 allroad quattro','2022款',4,1,428800,428800);
insert into t_car_model(cm_id , cs_id , cm_name,cm_type ,cm_order , cm_state , cm_min_price , cm_max_price) values(54119,471,'2022款 allroad quattro 冰雪运动版','2022款',5,1,433800,433800);
insert into t_car_model(cm_id , cs_id , cm_name,cm_type ,cm_order , cm_state , cm_min_price , cm_max_price) values(48681,471,'2021款 Avant 先锋派 40 TFSI 时尚致雅型','2021款',1,1,349800,349800);
insert into t_car_model(cm_id , cs_id , cm_name,cm_type ,cm_order , cm_state , cm_min_price , cm_max_price) values(48682,471,'2021款 Avant 先锋派 40 TFSI 时尚动感型','2021款',2,1,349800,349800);
insert into t_car_model(cm_id , cs_id , cm_name,cm_type ,cm_order , cm_state , cm_min_price , cm_max_price) values(52241,471,'2021款 Avant 40 TFSI 先锋派星辰版','2021款',3,1,369800,369800);
insert into t_car_model(cm_id , cs_id , cm_name,cm_type ,cm_order , cm_state , cm_min_price , cm_max_price) values(48683,471,'2021款 Avant 先锋派 40 TFSI 豪华动感型','2021款',4,1,389800,389800);
insert into t_car_model(cm_id , cs_id , cm_name,cm_type ,cm_order , cm_state , cm_min_price , cm_max_price) values(48684,471,'2021款 allroad quattro 探索家','2021款',5,1,418800,418800);
insert into t_car_model(cm_id , cs_id , cm_name,cm_type ,cm_order , cm_state , cm_min_price , cm_max_price) values(52593,471,'2021款 allroad quattro 探索家觅境版','2021款',6,1,435800,435800);
insert into t_car_model(cm_id , cs_id , cm_name,cm_type ,cm_order , cm_state , cm_min_price , cm_max_price) values(43012,471,'2020款 Avant 先锋派 40 TFSI 时尚动感型','2020款',1,1,341800,341800);
insert into t_car_model(cm_id , cs_id , cm_name,cm_type ,cm_order , cm_state , cm_min_price , cm_max_price) values(42959,471,'2020款 Avant 先锋派 40 TFSI 豪华动感型','2020款',2,1,368800,368800);
insert into t_car_model(cm_id , cs_id , cm_name,cm_type ,cm_order , cm_state , cm_min_price , cm_max_price) values(37110,471,'2019款 45 TFSI allroad quattro 时尚型','2019款',1,1,392800,392800);
insert into t_car_model(cm_id , cs_id , cm_name,cm_type ,cm_order , cm_state , cm_min_price , cm_max_price) values(37111,471,'2019款 45 TFSI allroad quattro 运动型','2019款',2,1,427800,427800);
insert into t_car_model(cm_id , cs_id , cm_name,cm_type ,cm_order , cm_state , cm_min_price , cm_max_price) values(28681,471,'2017款 45 TFSI allroad quattro 时尚型','2017款',1,1,395800,395800);
insert into t_car_model(cm_id , cs_id , cm_name,cm_type ,cm_order , cm_state , cm_min_price , cm_max_price) values(28682,471,'2017款 45 TFSI allroad quattro 运动型','2017款',2,1,435500,435500);
insert into t_car_model(cm_id , cs_id , cm_name,cm_type ,cm_order , cm_state , cm_min_price , cm_max_price) values(18320,471,'2014款 40 TFSI allroad quattro plus版','2014款',1,1,418000,418000);
insert into t_car_model(cm_id , cs_id , cm_name,cm_type ,cm_order , cm_state , cm_min_price , cm_max_price) values(18019,471,'2014款 40 TFSI allroad quattro','2014款',2,1,469800,469800);
insert into t_car_model(cm_id , cs_id , cm_name,cm_type ,cm_order , cm_state , cm_min_price , cm_max_price) values(13878,471,'2013款 40 TFSI allroad quattro 舒适型','2013款',1,1,489800,489800);
insert into t_car_model(cm_id , cs_id , cm_name,cm_type ,cm_order , cm_state , cm_min_price , cm_max_price) values(11191,471,'2013款 40 TFSI allroad quattro 豪华型','2013款',2,1,519800,519800);
insert into t_car_model(cm_id , cs_id , cm_name,cm_type ,cm_order , cm_state , cm_min_price , cm_max_price) values(6837,471,'2003款 2.0','2003款',1,1,428000,428000);
insert into t_car_model(cm_id , cs_id , cm_name,cm_type ,cm_order , cm_state , cm_min_price , cm_max_price) values(6736,471,'2003款 A4 3.0敞篷版','2003款',2,1,780000,780000);
insert into t_car_series(cs_id,cbf_id,cs_name,cs_order,cs_letter) values(538,79,'奥迪A5',174,'A');
insert into t_car_model(cm_id , cs_id , cm_name,cm_type ,cm_order , cm_state , cm_min_price , cm_max_price) values(52356,538,'2022款 Sportback 40 TFSI 时尚致雅型','2022款',1,1,379800,379800);
insert into t_car_model(cm_id , cs_id , cm_name,cm_type ,cm_order , cm_state , cm_min_price , cm_max_price) values(52357,538,'2022款 Sportback 40 TFSI 时尚动感型','2022款',2,1,379800,379800);
insert into t_car_model(cm_id , cs_id , cm_name,cm_type ,cm_order , cm_state , cm_min_price , cm_max_price) values(52359,538,'2022款 Sportback 40 TFSI quattro 豪华动感型','2022款',3,1,412800,412800);
insert into t_car_model(cm_id , cs_id , cm_name,cm_type ,cm_order , cm_state , cm_min_price , cm_max_price) values(52360,538,'2022款 Sportback 45 TFSI quattro 臻选动感型','2022款',4,1,488800,488800);
insert into t_car_model(cm_id , cs_id , cm_name,cm_type ,cm_order , cm_state , cm_min_price , cm_max_price) values(52554,538,'2022款 Coupe 40 TFSI 时尚动感型','2022款',5,1,379800,379800);
insert into t_car_model(cm_id , cs_id , cm_name,cm_type ,cm_order , cm_state , cm_min_price , cm_max_price) values(52555,538,'2022款 Coupe 45 TFSI quattro 臻选动感型','2022款',6,1,488800,488800);
insert into t_car_model(cm_id , cs_id , cm_name,cm_type ,cm_order , cm_state , cm_min_price , cm_max_price) values(52556,538,'2022款 Cabriolet 40 TFSI 时尚动感型','2022款',7,1,484800,484800);
insert into t_car_model(cm_id , cs_id , cm_name,cm_type ,cm_order , cm_state , cm_min_price , cm_max_price) values(52557,538,'2022款 Cabriolet 45 TFSI quattro 臻选动感型','2022款',8,1,559800,559800);
insert into t_car_model(cm_id , cs_id , cm_name,cm_type ,cm_order , cm_state , cm_min_price , cm_max_price) values(52358,538,'2022款 Sportback 40 TFSI quattro 豪华致雅型','2022款',9,1,0,0);
insert into t_car_model(cm_id , cs_id , cm_name,cm_type ,cm_order , cm_state , cm_min_price , cm_max_price) values(48765,538,'2021款 Coupe 40 TFSI 时尚动感型','2021款',1,1,371800,371800);
insert into t_car_model(cm_id , cs_id , cm_name,cm_type ,cm_order , cm_state , cm_min_price , cm_max_price) values(48766,538,'2021款 Coupe 45 TFSI quattro 臻选动感型','2021款',2,1,479800,479800);
insert into t_car_model(cm_id , cs_id , cm_name,cm_type ,cm_order , cm_state , cm_min_price , cm_max_price) values(48767,538,'2021款 Cabriolet 40 TFSI 时尚动感型','2021款',3,1,476800,476800);
insert into t_car_model(cm_id , cs_id , cm_name,cm_type ,cm_order , cm_state , cm_min_price , cm_max_price) values(48768,538,'2021款 Cabriolet 45 TFSI quattro 臻选动感型','2021款',4,1,551800,551800);
insert into t_car_model(cm_id , cs_id , cm_name,cm_type ,cm_order , cm_state , cm_min_price , cm_max_price) values(48665,538,'2021款 Sportback 40 TFSI 时尚致雅型','2021款',5,1,371800,371800);
insert into t_car_model(cm_id , cs_id , cm_name,cm_type ,cm_order , cm_state , cm_min_price , cm_max_price) values(48666,538,'2021款 Sportback 40 TFSI 时尚动感型','2021款',6,1,371800,371800);
insert into t_car_model(cm_id , cs_id , cm_name,cm_type ,cm_order , cm_state , cm_min_price , cm_max_price) values(48667,538,'2021款 Sportback 40 TFSI quattro 豪华致雅型','2021款',7,1,404800,404800);
insert into t_car_model(cm_id , cs_id , cm_name,cm_type ,cm_order , cm_state , cm_min_price , cm_max_price) values(48668,538,'2021款 Sportback 40 TFSI quattro 豪华动感型','2021款',8,1,404800,404800);
insert into t_car_model(cm_id , cs_id , cm_name,cm_type ,cm_order , cm_state , cm_min_price , cm_max_price) values(47664,538,'2021款 Sportback 45 TFSI quattro 臻选动感型','2021款',9,1,479800,479800);
insert into t_car_model(cm_id , cs_id , cm_name,cm_type ,cm_order , cm_state , cm_min_price , cm_max_price) values(42807,538,'2020款 Coupe 40 TFSI 时尚型 国VI','2020款',1,1,379800,379800);
insert into t_car_model(cm_id , cs_id , cm_name,cm_type ,cm_order , cm_state , cm_min_price , cm_max_price) values(42808,538,'2020款 Coupe 45 TFSI quattro 运动型 国VI','2020款',2,1,489800,489800);
insert into t_car_model(cm_id , cs_id , cm_name,cm_type ,cm_order , cm_state , cm_min_price , cm_max_price) values(42809,538,'2020款 Cabriolet 40 TFSI 时尚型 国VI','2020款',3,1,486800,486800);
insert into t_car_model(cm_id , cs_id , cm_name,cm_type ,cm_order , cm_state , cm_min_price , cm_max_price) values(42810,538,'2020款 Cabriolet 45 TFSI quattro 运动型 国VI','2020款',4,1,563800,563800);
insert into t_car_model(cm_id , cs_id , cm_name,cm_type ,cm_order , cm_state , cm_min_price , cm_max_price) values(37087,538,'2019款 Sportback 40 TFSI 时尚型','2019款',1,1,371800,371800);
insert into t_car_model(cm_id , cs_id , cm_name,cm_type ,cm_order , cm_state , cm_min_price , cm_max_price) values(37088,538,'2019款 Sportback 45 TFSI 时尚型','2019款',2,1,428800,428800);
insert into t_car_model(cm_id , cs_id , cm_name,cm_type ,cm_order , cm_state , cm_min_price , cm_max_price) values(37089,538,'2019款 Sportback 45 TFSI 运动型','2019款',3,1,455800,455800);
insert into t_car_model(cm_id , cs_id , cm_name,cm_type ,cm_order , cm_state , cm_min_price , cm_max_price) values(37090,538,'2019款 Sportback 45 TFSI quattro 运动型','2019款',4,1,479800,479800);
insert into t_car_model(cm_id , cs_id , cm_name,cm_type ,cm_order , cm_state , cm_min_price , cm_max_price) values(37091,538,'2019款 Coupe 40 TFSI 时尚型 国V','2019款',5,1,371800,371800);
insert into t_car_model(cm_id , cs_id , cm_name,cm_type ,cm_order , cm_state , cm_min_price , cm_max_price) values(37092,538,'2019款 Coupe 45 TFSI quattro 运动型 国V','2019款',6,1,479800,479800);
insert into t_car_model(cm_id , cs_id , cm_name,cm_type ,cm_order , cm_state , cm_min_price , cm_max_price) values(37093,538,'2019款 Cabriolet 40 TFSI 时尚型 国V','2019款',7,1,476800,476800);
insert into t_car_model(cm_id , cs_id , cm_name,cm_type ,cm_order , cm_state , cm_min_price , cm_max_price) values(37094,538,'2019款 Cabriolet 45 TFSI quattro 运动型 国V','2019款',8,1,551800,551800);
insert into t_car_model(cm_id , cs_id , cm_name,cm_type ,cm_order , cm_state , cm_min_price , cm_max_price) values(30844,538,'2017款 Sportback 40 TFSI 时尚型','2017款',1,1,369800,369800);
insert into t_car_model(cm_id , cs_id , cm_name,cm_type ,cm_order , cm_state , cm_min_price , cm_max_price) values(30858,538,'2017款 Sportback 45 TFSI 时尚型','2017款',2,1,424800,424800);
insert into t_car_model(cm_id , cs_id , cm_name,cm_type ,cm_order , cm_state , cm_min_price , cm_max_price) values(30859,538,'2017款 Sportback 45 TFSI 运动型','2017款',3,1,465800,465800);
insert into t_car_model(cm_id , cs_id , cm_name,cm_type ,cm_order , cm_state , cm_min_price , cm_max_price) values(30667,538,'2017款 Sportback 45 TFSI quattro 运动型','2017款',4,1,484800,484800);
insert into t_car_model(cm_id , cs_id , cm_name,cm_type ,cm_order , cm_state , cm_min_price , cm_max_price) values(30810,538,'2017款 Coupe 40 TFSI 时尚型','2017款',5,1,369800,369800);
insert into t_car_model(cm_id , cs_id , cm_name,cm_type ,cm_order , cm_state , cm_min_price , cm_max_price) values(30668,538,'2017款 Coupe 45 TFSI quattro 运动型','2017款',6,1,484800,484800);
insert into t_car_model(cm_id , cs_id , cm_name,cm_type ,cm_order , cm_state , cm_min_price , cm_max_price) values(30958,538,'2017款 Cabriolet 40 TFSI 时尚型','2017款',7,1,476800,476800);
insert into t_car_model(cm_id , cs_id , cm_name,cm_type ,cm_order , cm_state , cm_min_price , cm_max_price) values(30959,538,'2017款 Cabriolet 45 TFSI quattro 运动型','2017款',8,1,563800,563800);
insert into t_car_model(cm_id , cs_id , cm_name,cm_type ,cm_order , cm_state , cm_min_price , cm_max_price) values(23746,538,'2016款 Sportback 45 TFSI','2016款',1,1,458800,458800);
insert into t_car_model(cm_id , cs_id , cm_name,cm_type ,cm_order , cm_state , cm_min_price , cm_max_price) values(23747,538,'2016款 Sportback 45 TFSI quattro','2016款',2,1,548800,548800);
insert into t_car_model(cm_id , cs_id , cm_name,cm_type ,cm_order , cm_state , cm_min_price , cm_max_price) values(23748,538,'2016款 Coupe 45 TFSI 进取型','2016款',3,1,499800,499800);
insert into t_car_model(cm_id , cs_id , cm_name,cm_type ,cm_order , cm_state , cm_min_price , cm_max_price) values(23749,538,'2016款 Coupe 45 TFSI 舒适型','2016款',4,1,525000,525000);
insert into t_car_model(cm_id , cs_id , cm_name,cm_type ,cm_order , cm_state , cm_min_price , cm_max_price) values(23750,538,'2016款 Coupe 45 TFSI quattro','2016款',5,1,578000,578000);
insert into t_car_model(cm_id , cs_id , cm_name,cm_type ,cm_order , cm_state , cm_min_price , cm_max_price) values(23751,538,'2016款 Cabriolet 45 TFSI 进取型','2016款',6,1,569800,569800);
insert into t_car_model(cm_id , cs_id , cm_name,cm_type ,cm_order , cm_state , cm_min_price , cm_max_price) values(23752,538,'2016款  Cabriolet 45 TFSI 舒适型','2016款',7,1,598000,598000);
insert into t_car_model(cm_id , cs_id , cm_name,cm_type ,cm_order , cm_state , cm_min_price , cm_max_price) values(23754,538,'2016款  Cabriolet 45 TFSI quattro','2016款',8,1,628000,628000);
insert into t_car_model(cm_id , cs_id , cm_name,cm_type ,cm_order , cm_state , cm_min_price , cm_max_price) values(25306,538,'2016款 改款 Sportback 35 TFSI 进取型','2016款',9,1,398000,398000);
insert into t_car_model(cm_id , cs_id , cm_name,cm_type ,cm_order , cm_state , cm_min_price , cm_max_price) values(25307,538,'2016款 改款 Sportback 45 TFSI 舒适型','2016款',10,1,438000,438000);
insert into t_car_model(cm_id , cs_id , cm_name,cm_type ,cm_order , cm_state , cm_min_price , cm_max_price) values(25308,538,'2016款 改款 Sportback 45 TFSI quattro','2016款',11,1,536800,536800);
insert into t_car_model(cm_id , cs_id , cm_name,cm_type ,cm_order , cm_state , cm_min_price , cm_max_price) values(25312,538,'2016款 改款 Cabriolet 45 TFSI 进取型','2016款',12,1,569800,569800);
insert into t_car_model(cm_id , cs_id , cm_name,cm_type ,cm_order , cm_state , cm_min_price , cm_max_price) values(25313,538,'2016款 改款 Cabriolet 45 TFSI 舒适型','2016款',13,1,598000,598000);
insert into t_car_model(cm_id , cs_id , cm_name,cm_type ,cm_order , cm_state , cm_min_price , cm_max_price) values(25314,538,'2016款 改款 Cabriolet 45 TFSI quattro','2016款',14,1,628000,628000);
insert into t_car_model(cm_id , cs_id , cm_name,cm_type ,cm_order , cm_state , cm_min_price , cm_max_price) values(25309,538,'2016款 改款 Coupe 35 TFSI 进取型','2016款',15,1,457800,457800);
insert into t_car_model(cm_id , cs_id , cm_name,cm_type ,cm_order , cm_state , cm_min_price , cm_max_price) values(25310,538,'2016款 改款 Coupe 45 TFSI 舒适型','2016款',16,1,525000,525000);
insert into t_car_model(cm_id , cs_id , cm_name,cm_type ,cm_order , cm_state , cm_min_price , cm_max_price) values(25311,538,'2016款 改款 Coupe 45 TFSI quattro','2016款',17,1,586000,586000);
insert into t_car_model(cm_id , cs_id , cm_name,cm_type ,cm_order , cm_state , cm_min_price , cm_max_price) values(18285,538,'2014款 Coupe 45 TFSI','2014款',1,1,525000,525000);
insert into t_car_model(cm_id , cs_id , cm_name,cm_type ,cm_order , cm_state , cm_min_price , cm_max_price) values(18286,538,'2014款 Coupe 45 TFSI风尚版','2014款',2,1,544900,544900);
insert into t_car_model(cm_id , cs_id , cm_name,cm_type ,cm_order , cm_state , cm_min_price , cm_max_price) values(18287,538,'2014款 Coupe 45 TFSI quattro','2014款',3,1,578000,578000);
insert into t_car_model(cm_id , cs_id , cm_name,cm_type ,cm_order , cm_state , cm_min_price , cm_max_price) values(18288,538,'2014款 Coupe 45 TFSI quattro风尚版','2014款',4,1,597900,597900);
insert into t_car_model(cm_id , cs_id , cm_name,cm_type ,cm_order , cm_state , cm_min_price , cm_max_price) values(18291,538,'2014款 Cabriolet 45 TFSI','2014款',5,1,598000,598000);
insert into t_car_model(cm_id , cs_id , cm_name,cm_type ,cm_order , cm_state , cm_min_price , cm_max_price) values(18292,538,'2014款 Cabriolet 45 TFSI风尚版','2014款',6,1,617900,617900);
insert into t_car_model(cm_id , cs_id , cm_name,cm_type ,cm_order , cm_state , cm_min_price , cm_max_price) values(18290,538,'2014款 Cabriolet 45 TFSI quattro','2014款',7,1,628000,628000);
insert into t_car_model(cm_id , cs_id , cm_name,cm_type ,cm_order , cm_state , cm_min_price , cm_max_price) values(18289,538,'2014款 Cabriolet 45 TFSI quattro风尚版','2014款',8,1,647900,647900);
insert into t_car_model(cm_id , cs_id , cm_name,cm_type ,cm_order , cm_state , cm_min_price , cm_max_price) values(18294,538,'2014款 Sportback 45 TFSI','2014款',9,1,499800,499800);
insert into t_car_model(cm_id , cs_id , cm_name,cm_type ,cm_order , cm_state , cm_min_price , cm_max_price) values(18296,538,'2014款 Sportback 45 TFSI风尚版','2014款',10,1,519700,519700);
insert into t_car_model(cm_id , cs_id , cm_name,cm_type ,cm_order , cm_state , cm_min_price , cm_max_price) values(18298,538,'2014款 Sportback 45 TFSI quattro','2014款',11,1,585000,585000);
insert into t_car_model(cm_id , cs_id , cm_name,cm_type ,cm_order , cm_state , cm_min_price , cm_max_price) values(18299,538,'2014款 Sportback 45 TFSI quattro风尚版','2014款',12,1,604900,604900);
insert into t_car_model(cm_id , cs_id , cm_name,cm_type ,cm_order , cm_state , cm_min_price , cm_max_price) values(14315,538,'2013款 Coupe 50 TFSI quattro','2013款',1,1,660000,660000);
insert into t_car_model(cm_id , cs_id , cm_name,cm_type ,cm_order , cm_state , cm_min_price , cm_max_price) values(16124,538,'2013款 Coupe 50 TFSI quattro风尚版','2013款',2,1,679900,679900);
insert into t_car_model(cm_id , cs_id , cm_name,cm_type ,cm_order , cm_state , cm_min_price , cm_max_price) values(14313,538,'2013款 Coupe 40 TFSI','2013款',3,1,525000,525000);
insert into t_car_model(cm_id , cs_id , cm_name,cm_type ,cm_order , cm_state , cm_min_price , cm_max_price) values(16120,538,'2013款 Coupe 40 TFSI风尚版','2013款',4,1,544900,544900);
insert into t_car_model(cm_id , cs_id , cm_name,cm_type ,cm_order , cm_state , cm_min_price , cm_max_price) values(14314,538,'2013款 Coupe 40 TFSI quattro','2013款',5,1,578000,578000);
insert into t_car_model(cm_id , cs_id , cm_name,cm_type ,cm_order , cm_state , cm_min_price , cm_max_price) values(16121,538,'2013款 Coupe 40 TFSI quattro风尚版','2013款',6,1,597900,597900);
insert into t_car_model(cm_id , cs_id , cm_name,cm_type ,cm_order , cm_state , cm_min_price , cm_max_price) values(14316,538,'2013款 Cabriolet 40 TFSI','2013款',7,1,598000,598000);
insert into t_car_model(cm_id , cs_id , cm_name,cm_type ,cm_order , cm_state , cm_min_price , cm_max_price) values(16125,538,'2013款 Cabriolet 40 TFSI风尚版','2013款',8,1,617900,617900);
insert into t_car_model(cm_id , cs_id , cm_name,cm_type ,cm_order , cm_state , cm_min_price , cm_max_price) values(14317,538,'2013款 Cabriolet 40 TFSI quattro','2013款',9,1,628000,628000);
insert into t_car_model(cm_id , cs_id , cm_name,cm_type ,cm_order , cm_state , cm_min_price , cm_max_price) values(16126,538,'2013款 Cabriolet 40 TFSI quattro风尚版','2013款',10,1,647900,647900);
insert into t_car_model(cm_id , cs_id , cm_name,cm_type ,cm_order , cm_state , cm_min_price , cm_max_price) values(14318,538,'2013款 Sportback 40 TFSI','2013款',11,1,499800,499800);
insert into t_car_model(cm_id , cs_id , cm_name,cm_type ,cm_order , cm_state , cm_min_price , cm_max_price) values(16127,538,'2013款 Sportback 40 TFSI风尚版','2013款',12,1,519700,519700);
insert into t_car_model(cm_id , cs_id , cm_name,cm_type ,cm_order , cm_state , cm_min_price , cm_max_price) values(14319,538,'2013款 Sportback 40 TFSI quattro','2013款',13,1,585000,585000);
insert into t_car_model(cm_id , cs_id , cm_name,cm_type ,cm_order , cm_state , cm_min_price , cm_max_price) values(16128,538,'2013款 Sportback 40 TFSI quattro风尚版','2013款',14,1,604900,604900);
insert into t_car_model(cm_id , cs_id , cm_name,cm_type ,cm_order , cm_state , cm_min_price , cm_max_price) values(14320,538,'2013款 Sportback 50 TFSI quattro','2013款',15,1,630000,630000);
insert into t_car_model(cm_id , cs_id , cm_name,cm_type ,cm_order , cm_state , cm_min_price , cm_max_price) values(16129,538,'2013款 Sportback 50 TFSI quattro风尚版','2013款',16,1,649900,649900);
insert into t_car_model(cm_id , cs_id , cm_name,cm_type ,cm_order , cm_state , cm_min_price , cm_max_price) values(10464,538,'2012款 2.0TFSI Coupe','2012款',1,1,525000,525000);
insert into t_car_model(cm_id , cs_id , cm_name,cm_type ,cm_order , cm_state , cm_min_price , cm_max_price) values(12117,538,'2012款 2.0TFSI Coupe quattro','2012款',2,1,578000,578000);
insert into t_car_model(cm_id , cs_id , cm_name,cm_type ,cm_order , cm_state , cm_min_price , cm_max_price) values(12118,538,'2012款 3.0TFSI Coupe quattro','2012款',3,1,660000,660000);
insert into t_car_model(cm_id , cs_id , cm_name,cm_type ,cm_order , cm_state , cm_min_price , cm_max_price) values(10469,538,'2012款 2.0TFSI Cabriolet','2012款',4,1,598000,598000);
insert into t_car_model(cm_id , cs_id , cm_name,cm_type ,cm_order , cm_state , cm_min_price , cm_max_price) values(12120,538,'2012款 2.0TFSI Cabriolet quattro','2012款',5,1,628000,628000);
insert into t_car_model(cm_id , cs_id , cm_name,cm_type ,cm_order , cm_state , cm_min_price , cm_max_price) values(10470,538,'2012款 2.0TFSI Sportback','2012款',6,1,499800,499800);
insert into t_car_model(cm_id , cs_id , cm_name,cm_type ,cm_order , cm_state , cm_min_price , cm_max_price) values(12121,538,'2012款 2.0TFSI Sportback quattro','2012款',7,1,585000,585000);
insert into t_car_model(cm_id , cs_id , cm_name,cm_type ,cm_order , cm_state , cm_min_price , cm_max_price) values(12122,538,'2012款 3.0TFSI Sportback quattro','2012款',8,1,630000,630000);
insert into t_car_model(cm_id , cs_id , cm_name,cm_type ,cm_order , cm_state , cm_min_price , cm_max_price) values(7819,538,'2010款 2.0TFSI Coupe','2010款',1,1,525000,525000);
insert into t_car_model(cm_id , cs_id , cm_name,cm_type ,cm_order , cm_state , cm_min_price , cm_max_price) values(7820,538,'2010款 2.0TFSI Coupe 风尚版','2010款',2,1,568000,568000);
insert into t_car_model(cm_id , cs_id , cm_name,cm_type ,cm_order , cm_state , cm_min_price , cm_max_price) values(5677,538,'2010款 2.0TFSI Sportback 舒适型','2010款',3,1,493900,493900);
insert into t_car_model(cm_id , cs_id , cm_name,cm_type ,cm_order , cm_state , cm_min_price , cm_max_price) values(7823,538,'2010款 2.0TFSI Sportback 技术型','2010款',4,1,528000,528000);
insert into t_car_model(cm_id , cs_id , cm_name,cm_type ,cm_order , cm_state , cm_min_price , cm_max_price) values(7824,538,'2010款 2.0TFSI Sportback 豪华型','2010款',5,1,578000,578000);
insert into t_car_model(cm_id , cs_id , cm_name,cm_type ,cm_order , cm_state , cm_min_price , cm_max_price) values(4727,538,'2010款 2.0TFSI Cabriolet','2010款',6,1,598000,598000);
insert into t_car_model(cm_id , cs_id , cm_name,cm_type ,cm_order , cm_state , cm_min_price , cm_max_price) values(7821,538,'2010款 3.2 coupe quattro','2010款',7,1,670000,670000);
insert into t_car_model(cm_id , cs_id , cm_name,cm_type ,cm_order , cm_state , cm_min_price , cm_max_price) values(5034,538,'2009款 2.0TFSI coupe','2009款',1,1,525000,525000);
insert into t_car_model(cm_id , cs_id , cm_name,cm_type ,cm_order , cm_state , cm_min_price , cm_max_price) values(3021,538,'2008款 3.2 coupe','2008款',1,1,640000,640000);
insert into t_car_model(cm_id , cs_id , cm_name,cm_type ,cm_order , cm_state , cm_min_price , cm_max_price) values(3129,538,'2008款 3.2 coupe quattro','2008款',2,1,670000,670000);
insert into t_car_series(cs_id,cbf_id,cs_name,cs_order,cs_letter) values(2732,79,'奥迪S4',175,'A');
insert into t_car_model(cm_id , cs_id , cm_name,cm_type ,cm_order , cm_state , cm_min_price , cm_max_price) values(51596,2732,'2022款 S4 3.0TFSI','2022款',1,1,480800,480800);
insert into t_car_model(cm_id , cs_id , cm_name,cm_type ,cm_order , cm_state , cm_min_price , cm_max_price) values(47208,2732,'2020款 S4 3.0TFSI','2020款',1,1,468800,468800);
insert into t_car_model(cm_id , cs_id , cm_name,cm_type ,cm_order , cm_state , cm_min_price , cm_max_price) values(23869,2732,'2018款 S4 3.0TFSI','2018款',1,1,459800,459800);
insert into t_car_series(cs_id,cbf_id,cs_name,cs_order,cs_letter) values(2734,79,'奥迪S5',176,'A');
insert into t_car_model(cm_id , cs_id , cm_name,cm_type ,cm_order , cm_state , cm_min_price , cm_max_price) values(52362,2734,'2022款 S5 3.0T Sportback','2022款',1,1,631800,631800);
insert into t_car_model(cm_id , cs_id , cm_name,cm_type ,cm_order , cm_state , cm_min_price , cm_max_price) values(52552,2734,'2022款 S5 3.0T Coupe','2022款',2,1,631800,631800);
insert into t_car_model(cm_id , cs_id , cm_name,cm_type ,cm_order , cm_state , cm_min_price , cm_max_price) values(52553,2734,'2022款 S5 3.0T Cabriolet','2022款',3,1,708800,708800);
insert into t_car_model(cm_id , cs_id , cm_name,cm_type ,cm_order , cm_state , cm_min_price , cm_max_price) values(44563,2734,'2020款 S5 3.0T Sportback','2020款',1,1,619800,619800);
insert into t_car_model(cm_id , cs_id , cm_name,cm_type ,cm_order , cm_state , cm_min_price , cm_max_price) values(47275,2734,'2020款 S5 3.0T Coupe','2020款',2,1,619800,619800);
insert into t_car_model(cm_id , cs_id , cm_name,cm_type ,cm_order , cm_state , cm_min_price , cm_max_price) values(44478,2734,'2020款 S5 3.0T Cabriolet','2020款',3,1,698800,698800);
insert into t_car_model(cm_id , cs_id , cm_name,cm_type ,cm_order , cm_state , cm_min_price , cm_max_price) values(27632,2734,'2017款 S5 3.0T Sportback','2017款',1,1,622800,622800);
insert into t_car_model(cm_id , cs_id , cm_name,cm_type ,cm_order , cm_state , cm_min_price , cm_max_price) values(26651,2734,'2017款 S5 3.0T Coupe','2017款',2,1,622800,622800);
insert into t_car_model(cm_id , cs_id , cm_name,cm_type ,cm_order , cm_state , cm_min_price , cm_max_price) values(28299,2734,'2017款 S5 3.0T Cabriolet','2017款',3,1,698800,698800);
insert into t_car_model(cm_id , cs_id , cm_name,cm_type ,cm_order , cm_state , cm_min_price , cm_max_price) values(23755,2734,'2016款 S5 3.0T Sportback','2016款',1,1,679000,679000);
insert into t_car_model(cm_id , cs_id , cm_name,cm_type ,cm_order , cm_state , cm_min_price , cm_max_price) values(23756,2734,'2016款 S5 3.0T Coupe','2016款',2,1,758000,758000);
insert into t_car_model(cm_id , cs_id , cm_name,cm_type ,cm_order , cm_state , cm_min_price , cm_max_price) values(23757,2734,'2016款 S5 3.0T Cabriolet','2016款',3,1,858000,858000);
insert into t_car_model(cm_id , cs_id , cm_name,cm_type ,cm_order , cm_state , cm_min_price , cm_max_price) values(10463,2734,'2012款 S5 3.0T Sportback','2012款',1,1,728000,728000);
insert into t_car_model(cm_id , cs_id , cm_name,cm_type ,cm_order , cm_state , cm_min_price , cm_max_price) values(10480,2734,'2012款 S5 3.0T Coupe','2012款',2,1,758000,758000);
insert into t_car_model(cm_id , cs_id , cm_name,cm_type ,cm_order , cm_state , cm_min_price , cm_max_price) values(10468,2734,'2012款 S5 3.0T Cabriolet','2012款',3,1,858000,858000);
insert into t_car_model(cm_id , cs_id , cm_name,cm_type ,cm_order , cm_state , cm_min_price , cm_max_price) values(5955,2734,'2010款 S5 3.0T Sportback','2010款',1,1,718000,718000);
insert into t_car_model(cm_id , cs_id , cm_name,cm_type ,cm_order , cm_state , cm_min_price , cm_max_price) values(4726,2734,'2010款 S5 3.0T Cabriolet','2010款',2,1,848000,848000);
insert into t_car_model(cm_id , cs_id , cm_name,cm_type ,cm_order , cm_state , cm_min_price , cm_max_price) values(7822,2734,'2010款 S5 4.2 Coupe','2010款',3,1,998000,998000);
insert into t_car_model(cm_id , cs_id , cm_name,cm_type ,cm_order , cm_state , cm_min_price , cm_max_price) values(4265,2734,'2009款 S5 4.2 Coupe','2009款',1,1,980000,980000);
insert into t_car_series(cs_id,cbf_id,cs_name,cs_order,cs_letter) values(472,79,'奥迪A6(进口)',177,'A');
insert into t_car_model(cm_id , cs_id , cm_name,cm_type ,cm_order , cm_state , cm_min_price , cm_max_price) values(53243,472,'2022款 Avant 先锋派 40 TFSI 豪华动感型','2022款',1,1,461800,461800);
insert into t_car_model(cm_id , cs_id , cm_name,cm_type ,cm_order , cm_state , cm_min_price , cm_max_price) values(53244,472,'2022款 Avant 先锋派 45 TFSI 臻选动感型','2022款',2,1,489800,489800);
insert into t_car_model(cm_id , cs_id , cm_name,cm_type ,cm_order , cm_state , cm_min_price , cm_max_price) values(52680,472,'2022款 allroad quattro 探索家 55 TFSI 尊享越野型','2022款',3,1,581800,581800);
insert into t_car_model(cm_id , cs_id , cm_name,cm_type ,cm_order , cm_state , cm_min_price , cm_max_price) values(54120,472,'2022款 allroad quattro 55 TFSI 冰雪运动版','2022款',4,1,604800,604800);
insert into t_car_model(cm_id , cs_id , cm_name,cm_type ,cm_order , cm_state , cm_min_price , cm_max_price) values(52754,472,'2021款 Avant 先锋派 45 TFSI 星辰版','2021款',1,1,505800,505800);
insert into t_car_model(cm_id , cs_id , cm_name,cm_type ,cm_order , cm_state , cm_min_price , cm_max_price) values(52854,472,'2021款 allroad quattro 探索家 55 TFSI 觅境版','2021款',2,1,622800,622800);
insert into t_car_model(cm_id , cs_id , cm_name,cm_type ,cm_order , cm_state , cm_min_price , cm_max_price) values(48142,472,'2021款 Avant 先锋派 40 TFSI 豪华动感型','2021款',3,1,452800,452800);
insert into t_car_model(cm_id , cs_id , cm_name,cm_type ,cm_order , cm_state , cm_min_price , cm_max_price) values(48143,472,'2021款 Avant 先锋派 45 TFSI 臻选动感型','2021款',4,1,479800,479800);
insert into t_car_model(cm_id , cs_id , cm_name,cm_type ,cm_order , cm_state , cm_min_price , cm_max_price) values(48144,472,'2021款 allroad quattro 探索家 55 TFSI 尊享越野型','2021款',5,1,569800,569800);
insert into t_car_model(cm_id , cs_id , cm_name,cm_type ,cm_order , cm_state , cm_min_price , cm_max_price) values(43030,472,'2020款 Avant 先锋派 40 TFSI 豪华动感型','2020款',1,1,449800,449800);
insert into t_car_model(cm_id , cs_id , cm_name,cm_type ,cm_order , cm_state , cm_min_price , cm_max_price) values(43031,472,'2020款 Avant 先锋派 45 TFSI 臻选动感型','2020款',2,1,476800,476800);
insert into t_car_model(cm_id , cs_id , cm_name,cm_type ,cm_order , cm_state , cm_min_price , cm_max_price) values(43032,472,'2020款 allroad quattro 探索家 55 TFSI 尊享越野型','2020款',3,1,560800,560800);
insert into t_car_model(cm_id , cs_id , cm_name,cm_type ,cm_order , cm_state , cm_min_price , cm_max_price) values(31522,472,'2018款 3.0T allroad quattro','2018款',1,1,546800,546800);
insert into t_car_model(cm_id , cs_id , cm_name,cm_type ,cm_order , cm_state , cm_min_price , cm_max_price) values(30839,472,'2017款 Avant 35 TFSI 时尚型','2017款',1,1,419800,419800);
insert into t_car_model(cm_id , cs_id , cm_name,cm_type ,cm_order , cm_state , cm_min_price , cm_max_price) values(30840,472,'2017款 Avant 40 TFSI 运动型','2017款',2,1,454800,454800);
insert into t_car_model(cm_id , cs_id , cm_name,cm_type ,cm_order , cm_state , cm_min_price , cm_max_price) values(27820,472,'2017款 3.0T allroad quattro','2017款',3,1,599800,599800);
insert into t_car_model(cm_id , cs_id , cm_name,cm_type ,cm_order , cm_state , cm_min_price , cm_max_price) values(20237,472,'2015款 3.0T allroad quattro','2015款',1,1,599800,599800);
insert into t_car_model(cm_id , cs_id , cm_name,cm_type ,cm_order , cm_state , cm_min_price , cm_max_price) values(9057,472,'2013款 40 hybrid','2013款',1,1,638000,638000);
insert into t_car_model(cm_id , cs_id , cm_name,cm_type ,cm_order , cm_state , cm_min_price , cm_max_price) values(6849,472,'2005款 2.4 AT','2005款',1,1,765000,765000);
insert into t_car_model(cm_id , cs_id , cm_name,cm_type ,cm_order , cm_state , cm_min_price , cm_max_price) values(191,472,'2004款 allroad 2.7T','2004款',1,1,750000,750000);
insert into t_car_model(cm_id , cs_id , cm_name,cm_type ,cm_order , cm_state , cm_min_price , cm_max_price) values(6847,472,'2004款 3.0 quattro','2004款',2,1,770000,770000);
insert into t_car_model(cm_id , cs_id , cm_name,cm_type ,cm_order , cm_state , cm_min_price , cm_max_price) values(746,472,'2004款 allroad 4.2','2004款',3,1,1100000,1100000);
insert into t_car_series(cs_id,cbf_id,cs_name,cs_order,cs_letter) values(2736,79,'奥迪S6',178,'A');
insert into t_car_model(cm_id , cs_id , cm_name,cm_type ,cm_order , cm_state , cm_min_price , cm_max_price) values(53245,2736,'2022款 S6 2.9T','2022款',1,1,946800,946800);
insert into t_car_model(cm_id , cs_id , cm_name,cm_type ,cm_order , cm_state , cm_min_price , cm_max_price) values(47268,2736,'2020款 S6 2.9T','2020款',1,1,929800,929800);
insert into t_car_model(cm_id , cs_id , cm_name,cm_type ,cm_order , cm_state , cm_min_price , cm_max_price) values(31532,2736,'2018款 S6 4.0TFSI','2018款',1,1,905800,905800);
insert into t_car_model(cm_id , cs_id , cm_name,cm_type ,cm_order , cm_state , cm_min_price , cm_max_price) values(27822,2736,'2017款 S6 4.0TFSI','2017款',1,1,999800,999800);
insert into t_car_model(cm_id , cs_id , cm_name,cm_type ,cm_order , cm_state , cm_min_price , cm_max_price) values(20239,2736,'2016款 S6 4.0TFSI','2016款',1,1,999800,999800);
insert into t_car_model(cm_id , cs_id , cm_name,cm_type ,cm_order , cm_state , cm_min_price , cm_max_price) values(10771,2736,'2013款 S6 4.0TFSI','2013款',1,1,1058000,1058000);
insert into t_car_series(cs_id,cbf_id,cs_name,cs_order,cs_letter) values(740,79,'奥迪A7',179,'A');
insert into t_car_model(cm_id , cs_id , cm_name,cm_type ,cm_order , cm_state , cm_min_price , cm_max_price) values(52017,740,'2022款 40 TFSI 豪华型','2022款',1,1,585800,585800);
insert into t_car_model(cm_id , cs_id , cm_name,cm_type ,cm_order , cm_state , cm_min_price , cm_max_price) values(52018,740,'2022款 45 TFSI 臻选型','2022款',2,1,623800,623800);
insert into t_car_model(cm_id , cs_id , cm_name,cm_type ,cm_order , cm_state , cm_min_price , cm_max_price) values(52019,740,'2022款 45 TFSI 尊享型','2022款',3,1,684800,684800);
insert into t_car_model(cm_id , cs_id , cm_name,cm_type ,cm_order , cm_state , cm_min_price , cm_max_price) values(48139,740,'2021款 40 TFSI 豪华型','2021款',1,1,573800,573800);
insert into t_car_model(cm_id , cs_id , cm_name,cm_type ,cm_order , cm_state , cm_min_price , cm_max_price) values(48140,740,'2021款 45 TFSI 臻选型','2021款',2,1,612800,612800);
insert into t_car_model(cm_id , cs_id , cm_name,cm_type ,cm_order , cm_state , cm_min_price , cm_max_price) values(48141,740,'2021款 45 TFSI 专享型','2021款',3,1,704800,704800);
insert into t_car_model(cm_id , cs_id , cm_name,cm_type ,cm_order , cm_state , cm_min_price , cm_max_price) values(43025,740,'2020款 40 TFSI 豪华型','2020款',1,1,573800,573800);
insert into t_car_model(cm_id , cs_id , cm_name,cm_type ,cm_order , cm_state , cm_min_price , cm_max_price) values(43026,740,'2020款 45 TFSI 臻选型','2020款',2,1,612800,612800);
insert into t_car_model(cm_id , cs_id , cm_name,cm_type ,cm_order , cm_state , cm_min_price , cm_max_price) values(43027,740,'2020款 45 TFSI 专享型','2020款',3,1,704800,704800);
insert into t_car_model(cm_id , cs_id , cm_name,cm_type ,cm_order , cm_state , cm_min_price , cm_max_price) values(35416,740,'2019款 55 TFSI quattro 动感型','2019款',1,1,790800,790800);
insert into t_car_model(cm_id , cs_id , cm_name,cm_type ,cm_order , cm_state , cm_min_price , cm_max_price) values(35417,740,'2019款 55 TFSI quattro 竞技版','2019款',2,1,859800,859800);
insert into t_car_model(cm_id , cs_id , cm_name,cm_type ,cm_order , cm_state , cm_min_price , cm_max_price) values(31515,740,'2018款 35 TFSI 时尚型','2018款',1,1,556000,556000);
insert into t_car_model(cm_id , cs_id , cm_name,cm_type ,cm_order , cm_state , cm_min_price , cm_max_price) values(31516,740,'2018款 40 TFSI 进取型','2018款',2,1,612000,612000);
insert into t_car_model(cm_id , cs_id , cm_name,cm_type ,cm_order , cm_state , cm_min_price , cm_max_price) values(31517,740,'2018款 40 TFSI quattro 技术型','2018款',3,1,658000,658000);
insert into t_car_model(cm_id , cs_id , cm_name,cm_type ,cm_order , cm_state , cm_min_price , cm_max_price) values(31518,740,'2018款 50 TFSI quattro 舒适型','2018款',4,1,760000,760000);
insert into t_car_model(cm_id , cs_id , cm_name,cm_type ,cm_order , cm_state , cm_min_price , cm_max_price) values(31519,740,'2018款 50 TFSI quattro 动感型','2018款',5,1,835000,835000);
insert into t_car_model(cm_id , cs_id , cm_name,cm_type ,cm_order , cm_state , cm_min_price , cm_max_price) values(27970,740,'2017款 35 TFSI 时尚型','2017款',1,1,598000,598000);
insert into t_car_model(cm_id , cs_id , cm_name,cm_type ,cm_order , cm_state , cm_min_price , cm_max_price) values(27971,740,'2017款 40 TFSI 进取型','2017款',2,1,658000,658000);
insert into t_car_model(cm_id , cs_id , cm_name,cm_type ,cm_order , cm_state , cm_min_price , cm_max_price) values(27972,740,'2017款 40 TFSI quattro 技术型','2017款',3,1,708000,708000);
insert into t_car_model(cm_id , cs_id , cm_name,cm_type ,cm_order , cm_state , cm_min_price , cm_max_price) values(27973,740,'2017款 50 TFSI quattro 舒适型','2017款',4,1,818000,818000);
insert into t_car_model(cm_id , cs_id , cm_name,cm_type ,cm_order , cm_state , cm_min_price , cm_max_price) values(27974,740,'2017款 50 TFSI quattro 动感型','2017款',5,1,898000,898000);
insert into t_car_model(cm_id , cs_id , cm_name,cm_type ,cm_order , cm_state , cm_min_price , cm_max_price) values(25232,740,'2016款 35 TFSI 时尚型','2016款',1,1,598000,598000);
insert into t_car_model(cm_id , cs_id , cm_name,cm_type ,cm_order , cm_state , cm_min_price , cm_max_price) values(23674,740,'2016款 40 TFSI 进取型','2016款',2,1,658000,658000);
insert into t_car_model(cm_id , cs_id , cm_name,cm_type ,cm_order , cm_state , cm_min_price , cm_max_price) values(25233,740,'2016款 40 TFSI quattro 技术型','2016款',3,1,708000,708000);
insert into t_car_model(cm_id , cs_id , cm_name,cm_type ,cm_order , cm_state , cm_min_price , cm_max_price) values(23714,740,'2016款 50 TFSI quattro 舒适型','2016款',4,1,818000,818000);
insert into t_car_model(cm_id , cs_id , cm_name,cm_type ,cm_order , cm_state , cm_min_price , cm_max_price) values(23818,740,'2016款 50 TFSI quattro 动感型','2016款',5,1,938000,938000);
insert into t_car_model(cm_id , cs_id , cm_name,cm_type ,cm_order , cm_state , cm_min_price , cm_max_price) values(18224,740,'2014款 30 FSI 时尚型','2014款',1,1,628000,628000);
insert into t_car_model(cm_id , cs_id , cm_name,cm_type ,cm_order , cm_state , cm_min_price , cm_max_price) values(18225,740,'2014款 30 FSI 进取型','2014款',2,1,698000,698000);
insert into t_car_model(cm_id , cs_id , cm_name,cm_type ,cm_order , cm_state , cm_min_price , cm_max_price) values(18226,740,'2014款 35 FSI quattro 技术型','2014款',3,1,728000,728000);
insert into t_car_model(cm_id , cs_id , cm_name,cm_type ,cm_order , cm_state , cm_min_price , cm_max_price) values(18227,740,'2014款 50 TFSI quattro 舒适型','2014款',4,1,828000,828000);
insert into t_car_model(cm_id , cs_id , cm_name,cm_type ,cm_order , cm_state , cm_min_price , cm_max_price) values(18228,740,'2014款 50 TFSI quattro 豪华型','2014款',5,1,958000,958000);
insert into t_car_model(cm_id , cs_id , cm_name,cm_type ,cm_order , cm_state , cm_min_price , cm_max_price) values(13832,740,'2013款 30 FSI 标准型','2013款',1,1,698000,698000);
insert into t_car_model(cm_id , cs_id , cm_name,cm_type ,cm_order , cm_state , cm_min_price , cm_max_price) values(12676,740,'2013款 35 FSI quattro进取型','2013款',2,1,728000,728000);
insert into t_car_model(cm_id , cs_id , cm_name,cm_type ,cm_order , cm_state , cm_min_price , cm_max_price) values(13830,740,'2013款 50 TFSI quattro舒适型','2013款',3,1,818000,818000);
insert into t_car_model(cm_id , cs_id , cm_name,cm_type ,cm_order , cm_state , cm_min_price , cm_max_price) values(13831,740,'2013款 50 TFSI quattro豪华型','2013款',4,1,958000,958000);
insert into t_car_model(cm_id , cs_id , cm_name,cm_type ,cm_order , cm_state , cm_min_price , cm_max_price) values(10596,740,'2012款 2.8FSI quattro进取型','2012款',1,1,728000,728000);
insert into t_car_model(cm_id , cs_id , cm_name,cm_type ,cm_order , cm_state , cm_min_price , cm_max_price) values(11344,740,'2012款 3.0TFSI quattro舒适型','2012款',2,1,818000,818000);
insert into t_car_model(cm_id , cs_id , cm_name,cm_type ,cm_order , cm_state , cm_min_price , cm_max_price) values(10218,740,'2012款 3.0TFSI quattro豪华型','2012款',3,1,958000,958000);
insert into t_car_series(cs_id,cbf_id,cs_name,cs_order,cs_letter) values(2738,79,'奥迪S7',180,'A');
insert into t_car_model(cm_id , cs_id , cm_name,cm_type ,cm_order , cm_state , cm_min_price , cm_max_price) values(52020,2738,'2022款 2.9 TFSI quattro','2022款',1,1,1032800,1032800);
insert into t_car_model(cm_id , cs_id , cm_name,cm_type ,cm_order , cm_state , cm_min_price , cm_max_price) values(43394,2738,'2020款 2.9 TFSI quattro','2020款',1,1,1009800,1009800);
insert into t_car_model(cm_id , cs_id , cm_name,cm_type ,cm_order , cm_state , cm_min_price , cm_max_price) values(31520,2738,'2018款 4.0 TFSI quattro','2018款',1,1,1230800,1230800);
insert into t_car_model(cm_id , cs_id , cm_name,cm_type ,cm_order , cm_state , cm_min_price , cm_max_price) values(19241,2738,'2016款 4.0 TFSI quattro','2016款',1,1,1358000,1358000);
insert into t_car_model(cm_id , cs_id , cm_name,cm_type ,cm_order , cm_state , cm_min_price , cm_max_price) values(10772,2738,'2013款 4.0 TFSI quattro','2013款',1,1,1348000,1348000);
insert into t_car_series(cs_id,cbf_id,cs_name,cs_order,cs_letter) values(146,79,'奥迪A8',181,'A');
insert into t_car_model(cm_id , cs_id , cm_name,cm_type ,cm_order , cm_state , cm_min_price , cm_max_price) values(51982,146,'2022款 A8L 50 TFSI quattro 舒适型典藏版','2022款',1,1,858800,858800);
insert into t_car_model(cm_id , cs_id , cm_name,cm_type ,cm_order , cm_state , cm_min_price , cm_max_price) values(51983,146,'2022款 A8L 50 TFSI quattro 豪华型典藏版','2022款',2,1,998800,998800);
insert into t_car_model(cm_id , cs_id , cm_name,cm_type ,cm_order , cm_state , cm_min_price , cm_max_price) values(51984,146,'2022款 A8L 55 TFSI quattro 豪华型典藏版','2022款',3,1,1094800,1094800);
insert into t_car_model(cm_id , cs_id , cm_name,cm_type ,cm_order , cm_state , cm_min_price , cm_max_price) values(51985,146,'2022款 A8L 55 TFSI quattro 尊贵型典藏版','2022款',4,1,1216800,1216800);
insert into t_car_model(cm_id , cs_id , cm_name,cm_type ,cm_order , cm_state , cm_min_price , cm_max_price) values(53150,146,'2022款 A8L 60 TFSI quattro 尊贵型典藏版','2022款',5,1,1971800,1971800);
insert into t_car_model(cm_id , cs_id , cm_name,cm_type ,cm_order , cm_state , cm_min_price , cm_max_price) values(47759,146,'2021款 A8L 50 TFSI quattro 舒适型','2021款',1,1,842800,842800);
insert into t_car_model(cm_id , cs_id , cm_name,cm_type ,cm_order , cm_state , cm_min_price , cm_max_price) values(47760,146,'2021款 A8L 50 TFSI quattro 豪华型','2021款',2,1,988800,988800);
insert into t_car_model(cm_id , cs_id , cm_name,cm_type ,cm_order , cm_state , cm_min_price , cm_max_price) values(47761,146,'2021款 A8L 55 TFSI quattro 豪华型','2021款',3,1,1066800,1066800);
insert into t_car_model(cm_id , cs_id , cm_name,cm_type ,cm_order , cm_state , cm_min_price , cm_max_price) values(47762,146,'2021款 A8L 55 TFSI quattro 尊贵型','2021款',4,1,1198800,1198800);
insert into t_car_model(cm_id , cs_id , cm_name,cm_type ,cm_order , cm_state , cm_min_price , cm_max_price) values(50018,146,'2021款 A8L 60 TFSI quattro 尊贵型','2021款',5,1,1942800,1942800);
insert into t_car_model(cm_id , cs_id , cm_name,cm_type ,cm_order , cm_state , cm_min_price , cm_max_price) values(38601,146,'2019款 A8L 50 TFSI quattro 舒适型','2019款',1,1,868800,868800);
insert into t_car_model(cm_id , cs_id , cm_name,cm_type ,cm_order , cm_state , cm_min_price , cm_max_price) values(38602,146,'2019款 A8L 50 TFSI quattro 豪华型','2019款',2,1,1007800,1007800);
insert into t_car_model(cm_id , cs_id , cm_name,cm_type ,cm_order , cm_state , cm_min_price , cm_max_price) values(38603,146,'2019款 A8L 55 TFSI quattro 豪华型','2019款',3,1,1073800,1073800);
insert into t_car_model(cm_id , cs_id , cm_name,cm_type ,cm_order , cm_state , cm_min_price , cm_max_price) values(38604,146,'2019款 A8L 55 TFSI quattro 尊贵型','2019款',4,1,1220800,1220800);
insert into t_car_model(cm_id , cs_id , cm_name,cm_type ,cm_order , cm_state , cm_min_price , cm_max_price) values(41076,146,'2019款 Plus A8L 50 TFSI quattro 舒适型','2019款',5,1,838800,838800);
insert into t_car_model(cm_id , cs_id , cm_name,cm_type ,cm_order , cm_state , cm_min_price , cm_max_price) values(41077,146,'2019款 Plus A8L 50 TFSI quattro 豪华型','2019款',6,1,972800,972800);
insert into t_car_model(cm_id , cs_id , cm_name,cm_type ,cm_order , cm_state , cm_min_price , cm_max_price) values(41078,146,'2019款 Plus A8L 55 TFSI quattro 豪华型','2019款',7,1,1042800,1042800);
insert into t_car_model(cm_id , cs_id , cm_name,cm_type ,cm_order , cm_state , cm_min_price , cm_max_price) values(41079,146,'2019款 Plus A8L 55 TFSI quattro 尊贵型','2019款',8,1,1148800,1148800);
insert into t_car_model(cm_id , cs_id , cm_name,cm_type ,cm_order , cm_state , cm_min_price , cm_max_price) values(46620,146,'2019款 改款 Plus A8L 50 TFSI quattro 舒适型','2019款',9,1,838800,838800);
insert into t_car_model(cm_id , cs_id , cm_name,cm_type ,cm_order , cm_state , cm_min_price , cm_max_price) values(46621,146,'2019款 改款 Plus A8L 50 TFSI quattro 豪华型','2019款',10,1,972800,972800);
insert into t_car_model(cm_id , cs_id , cm_name,cm_type ,cm_order , cm_state , cm_min_price , cm_max_price) values(46622,146,'2019款 改款 Plus A8L 55 TFSI quattro 豪华型','2019款',11,1,1042800,1042800);
insert into t_car_model(cm_id , cs_id , cm_name,cm_type ,cm_order , cm_state , cm_min_price , cm_max_price) values(46623,146,'2019款 改款 Plus A8L 55 TFSI quattro 尊贵型','2019款',12,1,1148800,1148800);
insert into t_car_model(cm_id , cs_id , cm_name,cm_type ,cm_order , cm_state , cm_min_price , cm_max_price) values(33896,146,'2018款 A8L 55 TFSI quattro投放版精英型','2018款',1,1,856800,856800);
insert into t_car_model(cm_id , cs_id , cm_name,cm_type ,cm_order , cm_state , cm_min_price , cm_max_price) values(33897,146,'2018款 A8L 55 TFSI quattro投放版尊享型','2018款',2,1,917800,917800);
insert into t_car_model(cm_id , cs_id , cm_name,cm_type ,cm_order , cm_state , cm_min_price , cm_max_price) values(33750,146,'2018款 A8L 55 TFSI quattro豪华型','2018款',3,1,1048800,1048800);
insert into t_car_model(cm_id , cs_id , cm_name,cm_type ,cm_order , cm_state , cm_min_price , cm_max_price) values(33678,146,'2018款 A8L 55 TFSI quattro尊贵型','2018款',4,1,1196800,1196800);
insert into t_car_model(cm_id , cs_id , cm_name,cm_type ,cm_order , cm_state , cm_min_price , cm_max_price) values(29089,146,'2017款 A8L 40 TFSI 舒适型','2017款',1,1,879800,879800);
insert into t_car_model(cm_id , cs_id , cm_name,cm_type ,cm_order , cm_state , cm_min_price , cm_max_price) values(29945,146,'2017款 A8L 45 TFSI quattro卓越先锋版','2017款',2,1,927800,927800);
insert into t_car_model(cm_id , cs_id , cm_name,cm_type ,cm_order , cm_state , cm_min_price , cm_max_price) values(32827,146,'2017款 A8L 45 TFSI quattro卓越先锋典藏版','2017款',3,1,927800,927800);
insert into t_car_model(cm_id , cs_id , cm_name,cm_type ,cm_order , cm_state , cm_min_price , cm_max_price) values(29946,146,'2017款 A8L 45 TFSI quattro领先精英版','2017款',4,1,1028800,1028800);
insert into t_car_model(cm_id , cs_id , cm_name,cm_type ,cm_order , cm_state , cm_min_price , cm_max_price) values(32828,146,'2017款 A8L 45 TFSI quattro领先精英典藏版','2017款',5,1,1028800,1028800);
insert into t_car_model(cm_id , cs_id , cm_name,cm_type ,cm_order , cm_state , cm_min_price , cm_max_price) values(29094,146,'2017款 A8L 50 TFSI quattro豪华型','2017款',6,1,1188000,1188000);
insert into t_car_model(cm_id , cs_id , cm_name,cm_type ,cm_order , cm_state , cm_min_price , cm_max_price) values(32829,146,'2017款 A8L 50 TFSI quattro都市尊荣典藏版','2017款',7,1,1188800,1188800);
insert into t_car_model(cm_id , cs_id , cm_name,cm_type ,cm_order , cm_state , cm_min_price , cm_max_price) values(29095,146,'2017款 A8L 50 TFSI quattro尊贵型','2017款',8,1,1382000,1382000);
insert into t_car_model(cm_id , cs_id , cm_name,cm_type ,cm_order , cm_state , cm_min_price , cm_max_price) values(29096,146,'2017款 A8L 60 TFSI quattro豪华型','2017款',9,1,1848000,1848000);
insert into t_car_model(cm_id , cs_id , cm_name,cm_type ,cm_order , cm_state , cm_min_price , cm_max_price) values(29097,146,'2017款 A8L 6.3 FSI W12 quattro旗舰型','2017款',10,1,2568000,2568000);
insert into t_car_model(cm_id , cs_id , cm_name,cm_type ,cm_order , cm_state , cm_min_price , cm_max_price) values(29092,146,'2017款 A8L 45 TFSI quattro舒适型','2017款',11,1,926800,926800);
insert into t_car_model(cm_id , cs_id , cm_name,cm_type ,cm_order , cm_state , cm_min_price , cm_max_price) values(29093,146,'2017款 A8L 45 TFSI quattro豪华型','2017款',12,1,1022000,1022000);
insert into t_car_model(cm_id , cs_id , cm_name,cm_type ,cm_order , cm_state , cm_min_price , cm_max_price) values(25189,146,'2016款 A8L 30 FSI 舒适型','2016款',1,1,879800,879800);
insert into t_car_model(cm_id , cs_id , cm_name,cm_type ,cm_order , cm_state , cm_min_price , cm_max_price) values(25188,146,'2016款 A8L 45 TFSI quattro时尚型','2016款',2,1,898800,898800);
insert into t_car_model(cm_id , cs_id , cm_name,cm_type ,cm_order , cm_state , cm_min_price , cm_max_price) values(25193,146,'2016款 A8L 40 hybrid','2016款',3,1,1098000,1098000);
insert into t_car_model(cm_id , cs_id , cm_name,cm_type ,cm_order , cm_state , cm_min_price , cm_max_price) values(25190,146,'2016款 A8L 45 TFSI quattro舒适型','2016款',4,1,926800,926800);
insert into t_car_model(cm_id , cs_id , cm_name,cm_type ,cm_order , cm_state , cm_min_price , cm_max_price) values(25191,146,'2016款 A8L 45 TFSI quattro豪华型','2016款',5,1,1022000,1022000);
insert into t_car_model(cm_id , cs_id , cm_name,cm_type ,cm_order , cm_state , cm_min_price , cm_max_price) values(25192,146,'2016款 A8L 45 TFSI quattro专享型','2016款',6,1,1119000,1119000);
insert into t_car_model(cm_id , cs_id , cm_name,cm_type ,cm_order , cm_state , cm_min_price , cm_max_price) values(25194,146,'2016款 A8L 50 TFSI quattro豪华型','2016款',7,1,1222000,1222000);
insert into t_car_model(cm_id , cs_id , cm_name,cm_type ,cm_order , cm_state , cm_min_price , cm_max_price) values(25195,146,'2016款 A8L 50 TFSI quattro尊贵型','2016款',8,1,1382000,1382000);
insert into t_car_model(cm_id , cs_id , cm_name,cm_type ,cm_order , cm_state , cm_min_price , cm_max_price) values(25196,146,'2016款 A8L 50 TFSI quattro专享型','2016款',9,1,1482000,1482000);
insert into t_car_model(cm_id , cs_id , cm_name,cm_type ,cm_order , cm_state , cm_min_price , cm_max_price) values(25197,146,'2016款 A8L 60 TFSI quattro豪华型','2016款',10,1,1848000,1848000);
insert into t_car_model(cm_id , cs_id , cm_name,cm_type ,cm_order , cm_state , cm_min_price , cm_max_price) values(25198,146,'2016款 A8L 60 TFSI quattro专享型','2016款',11,1,1945000,1945000);
insert into t_car_model(cm_id , cs_id , cm_name,cm_type ,cm_order , cm_state , cm_min_price , cm_max_price) values(25199,146,'2016款 A8L 6.3 FSI W12 quattro旗舰型','2016款',12,1,2568000,2568000);
insert into t_car_model(cm_id , cs_id , cm_name,cm_type ,cm_order , cm_state , cm_min_price , cm_max_price) values(25200,146,'2016款 A8L 6.3 FSI W12 quattro专享型','2016款',13,1,2715000,2715000);
insert into t_car_model(cm_id , cs_id , cm_name,cm_type ,cm_order , cm_state , cm_min_price , cm_max_price) values(19738,146,'2014款 A8L 30 FSI 舒适型','2014款',1,1,879800,879800);
insert into t_car_model(cm_id , cs_id , cm_name,cm_type ,cm_order , cm_state , cm_min_price , cm_max_price) values(19841,146,'2014款 A8L 40 hybrid','2014款',2,1,1098000,1098000);
insert into t_car_model(cm_id , cs_id , cm_name,cm_type ,cm_order , cm_state , cm_min_price , cm_max_price) values(19739,146,'2014款 A8L 45 TFSI quattro舒适型','2014款',3,1,926800,926800);
insert into t_car_model(cm_id , cs_id , cm_name,cm_type ,cm_order , cm_state , cm_min_price , cm_max_price) values(19740,146,'2014款 A8L 45 TFSI quattro豪华型','2014款',4,1,1022000,1022000);
insert into t_car_model(cm_id , cs_id , cm_name,cm_type ,cm_order , cm_state , cm_min_price , cm_max_price) values(19741,146,'2014款 A8L 45 TFSI quattro专享型','2014款',5,1,1139000,1139000);
insert into t_car_model(cm_id , cs_id , cm_name,cm_type ,cm_order , cm_state , cm_min_price , cm_max_price) values(19742,146,'2014款 A8L 50 TFSI quattro豪华型','2014款',6,1,1222000,1222000);
insert into t_car_model(cm_id , cs_id , cm_name,cm_type ,cm_order , cm_state , cm_min_price , cm_max_price) values(19743,146,'2014款 A8L 50 TFSI quattro尊贵型','2014款',7,1,1382000,1382000);
insert into t_car_model(cm_id , cs_id , cm_name,cm_type ,cm_order , cm_state , cm_min_price , cm_max_price) values(19744,146,'2014款 A8L 50 TFSI quattro专享型','2014款',8,1,1502000,1502000);
insert into t_car_model(cm_id , cs_id , cm_name,cm_type ,cm_order , cm_state , cm_min_price , cm_max_price) values(19745,146,'2014款 A8L 60 TFSI quattro豪华型','2014款',9,1,1848000,1848000);
insert into t_car_model(cm_id , cs_id , cm_name,cm_type ,cm_order , cm_state , cm_min_price , cm_max_price) values(19746,146,'2014款 A8L 60 TFSI quattro专享型','2014款',10,1,1965000,1965000);
insert into t_car_model(cm_id , cs_id , cm_name,cm_type ,cm_order , cm_state , cm_min_price , cm_max_price) values(19747,146,'2014款 A8L 6.3 FSI W12 quattro旗舰型','2014款',11,1,2568000,2568000);
insert into t_car_model(cm_id , cs_id , cm_name,cm_type ,cm_order , cm_state , cm_min_price , cm_max_price) values(19748,146,'2014款 A8L 6.3 FSI W12 quattro专享型','2014款',12,1,2715000,2715000);
insert into t_car_model(cm_id , cs_id , cm_name,cm_type ,cm_order , cm_state , cm_min_price , cm_max_price) values(13812,146,'2013款 A8L 30 FSI 舒适型','2013款',1,1,871000,871000);
insert into t_car_model(cm_id , cs_id , cm_name,cm_type ,cm_order , cm_state , cm_min_price , cm_max_price) values(13813,146,'2013款 A8L 30 FSI 专享型','2013款',2,1,981000,981000);
insert into t_car_model(cm_id , cs_id , cm_name,cm_type ,cm_order , cm_state , cm_min_price , cm_max_price) values(10695,146,'2013款 A8L 40 hybrid','2013款',3,1,1090000,1090000);
insert into t_car_model(cm_id , cs_id , cm_name,cm_type ,cm_order , cm_state , cm_min_price , cm_max_price) values(13820,146,'2013款 A8L 45 TFSI quattro舒适型','2013款',4,1,931000,931000);
insert into t_car_model(cm_id , cs_id , cm_name,cm_type ,cm_order , cm_state , cm_min_price , cm_max_price) values(13821,146,'2013款 A8L 45 TFSI quattro豪华型','2013款',5,1,1001000,1001000);
insert into t_car_model(cm_id , cs_id , cm_name,cm_type ,cm_order , cm_state , cm_min_price , cm_max_price) values(13818,146,'2013款 A8L 45 TFSI quattro专享型','2013款',6,1,1108000,1108000);
insert into t_car_model(cm_id , cs_id , cm_name,cm_type ,cm_order , cm_state , cm_min_price , cm_max_price) values(13822,146,'2013款 A8L 50 TFSI quattro舒适型','2013款',7,1,1168000,1168000);
insert into t_car_model(cm_id , cs_id , cm_name,cm_type ,cm_order , cm_state , cm_min_price , cm_max_price) values(13823,146,'2013款 A8L 50 TFSI quattro豪华型','2013款',8,1,1228000,1228000);
insert into t_car_model(cm_id , cs_id , cm_name,cm_type ,cm_order , cm_state , cm_min_price , cm_max_price) values(13824,146,'2013款 A8L 50 TFSI quattro尊贵型','2013款',9,1,1365000,1365000);
insert into t_car_model(cm_id , cs_id , cm_name,cm_type ,cm_order , cm_state , cm_min_price , cm_max_price) values(13817,146,'2013款 A8L 50 TFSI quattro专享型','2013款',10,1,1475000,1475000);
insert into t_car_model(cm_id , cs_id , cm_name,cm_type ,cm_order , cm_state , cm_min_price , cm_max_price) values(13814,146,'2013款 A8L 55 TFSI quattro豪华型','2013款',11,1,1791000,1791000);
insert into t_car_model(cm_id , cs_id , cm_name,cm_type ,cm_order , cm_state , cm_min_price , cm_max_price) values(13815,146,'2013款 A8L 55 TFSI quattro尊贵型','2013款',12,1,1931000,1931000);
insert into t_car_model(cm_id , cs_id , cm_name,cm_type ,cm_order , cm_state , cm_min_price , cm_max_price) values(13816,146,'2013款 A8L 55 TFSI quattro专享型','2013款',13,1,2048000,2048000);
insert into t_car_model(cm_id , cs_id , cm_name,cm_type ,cm_order , cm_state , cm_min_price , cm_max_price) values(13828,146,'2013款 A8L 6.3 FSI W12 quattro旗舰型','2013款',14,1,2501000,2501000);
insert into t_car_model(cm_id , cs_id , cm_name,cm_type ,cm_order , cm_state , cm_min_price , cm_max_price) values(13829,146,'2013款 A8L 6.3 FSI W12 quattro专享型','2013款',15,1,2648000,2648000);
insert into t_car_model(cm_id , cs_id , cm_name,cm_type ,cm_order , cm_state , cm_min_price , cm_max_price) values(12097,146,'2012款 A8L 45 TFSI quattro舒适型','2012款',1,1,928000,928000);
insert into t_car_model(cm_id , cs_id , cm_name,cm_type ,cm_order , cm_state , cm_min_price , cm_max_price) values(12099,146,'2012款 A8L 45 TFSI quattro豪华型','2012款',2,1,998000,998000);
insert into t_car_model(cm_id , cs_id , cm_name,cm_type ,cm_order , cm_state , cm_min_price , cm_max_price) values(12100,146,'2012款 A8L 50 TFSI quattro舒适型','2012款',3,1,1165000,1165000);
insert into t_car_model(cm_id , cs_id , cm_name,cm_type ,cm_order , cm_state , cm_min_price , cm_max_price) values(12101,146,'2012款 A8L 50 TFSI quattro豪华型','2012款',4,1,1225000,1225000);
insert into t_car_model(cm_id , cs_id , cm_name,cm_type ,cm_order , cm_state , cm_min_price , cm_max_price) values(12103,146,'2012款 A8L 50 TFSI quattro尊贵型','2012款',5,1,1362000,1362000);
insert into t_car_model(cm_id , cs_id , cm_name,cm_type ,cm_order , cm_state , cm_min_price , cm_max_price) values(12102,146,'2012款 A8L 6.3 FSI W12 quattro','2012款',6,1,2498000,2498000);
insert into t_car_model(cm_id , cs_id , cm_name,cm_type ,cm_order , cm_state , cm_min_price , cm_max_price) values(8967,146,'2011款 A8L 3.0 TFSI quattro舒适型(213kW)','2011款',1,1,928000,928000);
insert into t_car_model(cm_id , cs_id , cm_name,cm_type ,cm_order , cm_state , cm_min_price , cm_max_price) values(8968,146,'2011款 A8L 3.0 TFSI quattro豪华型(213kW)','2011款',2,1,998000,998000);
insert into t_car_model(cm_id , cs_id , cm_name,cm_type ,cm_order , cm_state , cm_min_price , cm_max_price) values(8966,146,'2011款 A8L 3.0 TFSI quattro舒适型(245kW)','2011款',3,1,1165000,1165000);
insert into t_car_model(cm_id , cs_id , cm_name,cm_type ,cm_order , cm_state , cm_min_price , cm_max_price) values(8965,146,'2011款 A8L 3.0 TFSI quattro豪华型(245kW)','2011款',4,1,1225000,1225000);
insert into t_car_model(cm_id , cs_id , cm_name,cm_type ,cm_order , cm_state , cm_min_price , cm_max_price) values(7533,146,'2011款 A8L 3.0 TFSI quattro尊贵型(245kW)','2011款',5,1,1362000,1362000);
insert into t_car_model(cm_id , cs_id , cm_name,cm_type ,cm_order , cm_state , cm_min_price , cm_max_price) values(7534,146,'2011款 A8L W12 6.3 FSI quattro','2011款',6,1,2498000,2498000);
insert into t_car_model(cm_id , cs_id , cm_name,cm_type ,cm_order , cm_state , cm_min_price , cm_max_price) values(6463,146,'2010款 A8L 3.0 FSI 百年纪念版','2010款',1,1,1058000,1058000);
insert into t_car_model(cm_id , cs_id , cm_name,cm_type ,cm_order , cm_state , cm_min_price , cm_max_price) values(6464,146,'2010款 A8L 6.0 W12 quattro 百年纪念版','2010款',2,1,2540000,2540000);
insert into t_car_model(cm_id , cs_id , cm_name,cm_type ,cm_order , cm_state , cm_min_price , cm_max_price) values(4689,146,'2009款 A8L 2.8 FSI 标准型','2009款',1,1,858000,858000);
insert into t_car_model(cm_id , cs_id , cm_name,cm_type ,cm_order , cm_state , cm_min_price , cm_max_price) values(5387,146,'2009款 A8L 3.0 FSI 标准型','2009款',2,1,928000,928000);
insert into t_car_model(cm_id , cs_id , cm_name,cm_type ,cm_order , cm_state , cm_min_price , cm_max_price) values(5518,146,'2009款 A8L 3.0 FSI 豪华型','2009款',3,1,958000,958000);
insert into t_car_model(cm_id , cs_id , cm_name,cm_type ,cm_order , cm_state , cm_min_price , cm_max_price) values(5519,146,'2009款 A8L 3.0 FSI 尊贵型','2009款',4,1,998000,998000);
insert into t_car_model(cm_id , cs_id , cm_name,cm_type ,cm_order , cm_state , cm_min_price , cm_max_price) values(4693,146,'2009款 A8L 4.2 FSI quattro 尊贵型','2009款',5,1,1680000,1680000);
insert into t_car_model(cm_id , cs_id , cm_name,cm_type ,cm_order , cm_state , cm_min_price , cm_max_price) values(4863,146,'2009款 A8L 6.0 W12 quattro 旗舰型','2009款',6,1,2498000,2498000);
insert into t_car_model(cm_id , cs_id , cm_name,cm_type ,cm_order , cm_state , cm_min_price , cm_max_price) values(4694,146,'2009款 A8L 6.0 W12 quattro 专享尊崇型','2009款',7,1,2919000,2919000);
insert into t_car_model(cm_id , cs_id , cm_name,cm_type ,cm_order , cm_state , cm_min_price , cm_max_price) values(3532,146,'2008款 A8L 2.8 FSI标准型','2008款',1,1,875000,875000);
insert into t_car_model(cm_id , cs_id , cm_name,cm_type ,cm_order , cm_state , cm_min_price , cm_max_price) values(3533,146,'2008款 A8L 2.8 FSI豪华型','2008款',2,1,970000,970000);
insert into t_car_model(cm_id , cs_id , cm_name,cm_type ,cm_order , cm_state , cm_min_price , cm_max_price) values(3530,146,'2008款 A8L 3.2 FSI标准型','2008款',3,1,950000,950000);
insert into t_car_model(cm_id , cs_id , cm_name,cm_type ,cm_order , cm_state , cm_min_price , cm_max_price) values(3531,146,'2008款 A8L 3.2 FSI豪华型','2008款',4,1,1040000,1040000);
insert into t_car_model(cm_id , cs_id , cm_name,cm_type ,cm_order , cm_state , cm_min_price , cm_max_price) values(3529,146,'2008款 A8L 4.2 FSI尊贵型','2008款',5,1,1424000,1424000);
insert into t_car_model(cm_id , cs_id , cm_name,cm_type ,cm_order , cm_state , cm_min_price , cm_max_price) values(3528,146,'2008款 A8L 6.0 W12至尊旗舰型','2008款',6,1,1988000,1988000);
insert into t_car_model(cm_id , cs_id , cm_name,cm_type ,cm_order , cm_state , cm_min_price , cm_max_price) values(2595,146,'2007款 A8L 3.2 FSI 标准型','2007款',1,1,936000,936000);
insert into t_car_model(cm_id , cs_id , cm_name,cm_type ,cm_order , cm_state , cm_min_price , cm_max_price) values(3044,146,'2007款 A8L 3.2 FSI 豪华型','2007款',2,1,979200,979200);
insert into t_car_model(cm_id , cs_id , cm_name,cm_type ,cm_order , cm_state , cm_min_price , cm_max_price) values(3045,146,'2007款 A8L 3.2 FSI 技术型','2007款',3,1,985500,985500);
insert into t_car_model(cm_id , cs_id , cm_name,cm_type ,cm_order , cm_state , cm_min_price , cm_max_price) values(3049,146,'2007款 A8L 3.2 FSI 尊享型','2007款',4,1,1028700,1028700);
insert into t_car_model(cm_id , cs_id , cm_name,cm_type ,cm_order , cm_state , cm_min_price , cm_max_price) values(2596,146,'2007款 A8L 4.2 FSI quattro尊贵型','2007款',5,1,1424000,1424000);
insert into t_car_model(cm_id , cs_id , cm_name,cm_type ,cm_order , cm_state , cm_min_price , cm_max_price) values(2597,146,'2006款 A8L 6.0 W12 quattro旗舰型','2006款',1,1,1935000,1935000);
insert into t_car_model(cm_id , cs_id , cm_name,cm_type ,cm_order , cm_state , cm_min_price , cm_max_price) values(1848,146,'2005款 A8L 3.0L','2005款',1,1,899000,899000);
insert into t_car_model(cm_id , cs_id , cm_name,cm_type ,cm_order , cm_state , cm_min_price , cm_max_price) values(1849,146,'2005款 A8L 4.2L','2005款',2,1,1270000,1270000);
insert into t_car_model(cm_id , cs_id , cm_name,cm_type ,cm_order , cm_state , cm_min_price , cm_max_price) values(1850,146,'2005款 A8L 6.0L W12','2005款',3,1,1740000,1740000);
insert into t_car_model(cm_id , cs_id , cm_name,cm_type ,cm_order , cm_state , cm_min_price , cm_max_price) values(479,146,'2004款 A8L 3.0L','2004款',1,1,860000,860000);
insert into t_car_model(cm_id , cs_id , cm_name,cm_type ,cm_order , cm_state , cm_min_price , cm_max_price) values(467,146,'2004款 A8L 3.7L','2004款',2,1,1130000,1130000);
insert into t_car_model(cm_id , cs_id , cm_name,cm_type ,cm_order , cm_state , cm_min_price , cm_max_price) values(476,146,'2004款 A8L 4.2L','2004款',3,1,1300000,1300000);
insert into t_car_series(cs_id,cbf_id,cs_name,cs_order,cs_letter) values(5128,79,'奥迪A8新能源',182,'A');
insert into t_car_model(cm_id , cs_id , cm_name,cm_type ,cm_order , cm_state , cm_min_price , cm_max_price) values(51986,5128,'2022款 A8L 60 TFSIe quattro 典藏版','2022款',1,1,1117800,1117800);
insert into t_car_model(cm_id , cs_id , cm_name,cm_type ,cm_order , cm_state , cm_min_price , cm_max_price) values(47672,5128,'2021款 A8L 60 TFSIe quattro','2021款',1,1,1088800,1088800);
insert into t_car_series(cs_id,cbf_id,cs_name,cs_order,cs_letter) values(2739,79,'奥迪S8',183,'A');
insert into t_car_model(cm_id , cs_id , cm_name,cm_type ,cm_order , cm_state , cm_min_price , cm_max_price) values(52021,2739,'2022款 S8L 4.0TFSI quattro 典藏版','2022款',1,1,2107800,2107800);
insert into t_car_model(cm_id , cs_id , cm_name,cm_type ,cm_order , cm_state , cm_min_price , cm_max_price) values(47267,2739,'2021款 S8L 4.0TFSI quattro','2021款',1,1,2076800,2076800);
insert into t_car_model(cm_id , cs_id , cm_name,cm_type ,cm_order , cm_state , cm_min_price , cm_max_price) values(25201,2739,'2016款 S8 4.0TFSI quattro','2016款',1,1,1988000,1988000);
insert into t_car_model(cm_id , cs_id , cm_name,cm_type ,cm_order , cm_state , cm_min_price , cm_max_price) values(16732,2739,'2014款 S8 4.0TFSI quattro','2014款',1,1,1988000,1988000);
insert into t_car_model(cm_id , cs_id , cm_name,cm_type ,cm_order , cm_state , cm_min_price , cm_max_price) values(10768,2739,'2013款 S8 4.0TFSI quattro','2013款',1,1,1983000,1983000);
insert into t_car_model(cm_id , cs_id , cm_name,cm_type ,cm_order , cm_state , cm_min_price , cm_max_price) values(4687,2739,'2009款 S8 5.2 FSI quattro','2009款',1,1,1980000,1980000);
insert into t_car_model(cm_id , cs_id , cm_name,cm_type ,cm_order , cm_state , cm_min_price , cm_max_price) values(3519,2739,'2008款 S8 5.2FSI quattro','2008款',1,1,1650000,1650000);
insert into t_car_model(cm_id , cs_id , cm_name,cm_type ,cm_order , cm_state , cm_min_price , cm_max_price) values(1905,2739,'2007款 S8 5.2','2007款',1,1,1700000,1700000);
insert into t_car_series(cs_id,cbf_id,cs_name,cs_order,cs_letter) values(2841,79,'奥迪SQ5',184,'A');
insert into t_car_model(cm_id , cs_id , cm_name,cm_type ,cm_order , cm_state , cm_min_price , cm_max_price) values(50041,2841,'2021款 3.0 TFSI quattro','2021款',1,1,632800,632800);
insert into t_car_model(cm_id , cs_id , cm_name,cm_type ,cm_order , cm_state , cm_min_price , cm_max_price) values(27819,2841,'2017款 SQ5 3.0 TFSI quattro','2017款',1,1,668000,668000);
insert into t_car_model(cm_id , cs_id , cm_name,cm_type ,cm_order , cm_state , cm_min_price , cm_max_price) values(17924,2841,'2014款 SQ5 3.0 TFSI quattro','2014款',1,1,668000,668000);
insert into t_car_series(cs_id,cbf_id,cs_name,cs_order,cs_letter) values(3894,79,'奥迪e-tron(进口)',185,'A');
insert into t_car_model(cm_id , cs_id , cm_name,cm_type ,cm_order , cm_state , cm_min_price , cm_max_price) values(54932,3894,'2022款 Sportback 55 quattro 豪华型','2022款',1,1,669800,669800);
insert into t_car_model(cm_id , cs_id , cm_name,cm_type ,cm_order , cm_state , cm_min_price , cm_max_price) values(54933,3894,'2022款 Sportback 55 quattro 臻选型','2022款',2,1,729800,729800);
insert into t_car_model(cm_id , cs_id , cm_name,cm_type ,cm_order , cm_state , cm_min_price , cm_max_price) values(54934,3894,'2022款 Sportback 55 quattro 限量版','2022款',3,1,735800,735800);
insert into t_car_model(cm_id , cs_id , cm_name,cm_type ,cm_order , cm_state , cm_min_price , cm_max_price) values(50629,3894,'2021款 Sportback 55 quattro 豪华型','2021款',1,1,658800,658800);
insert into t_car_model(cm_id , cs_id , cm_name,cm_type ,cm_order , cm_state , cm_min_price , cm_max_price) values(50185,3894,'2021款 Sportback 55 quattro 臻选型','2021款',2,1,718800,718800);
insert into t_car_model(cm_id , cs_id , cm_name,cm_type ,cm_order , cm_state , cm_min_price , cm_max_price) values(38827,3894,'2019款 55 quattro 时尚型','2019款',1,1,692800,692800);
insert into t_car_model(cm_id , cs_id , cm_name,cm_type ,cm_order , cm_state , cm_min_price , cm_max_price) values(38828,3894,'2019款 55 quattro 技术型','2019款',2,1,760800,760800);
insert into t_car_model(cm_id , cs_id , cm_name,cm_type ,cm_order , cm_state , cm_min_price , cm_max_price) values(38829,3894,'2019款 55 quattro 专享型','2019款',3,1,800800,800800);
insert into t_car_model(cm_id , cs_id , cm_name,cm_type ,cm_order , cm_state , cm_min_price , cm_max_price) values(38831,3894,'2019款 55 quattro 全球限量版Edition 1','2019款',4,1,828600,828600);
insert into t_car_series(cs_id,cbf_id,cs_name,cs_order,cs_letter) values(412,79,'奥迪Q7',186,'A');
insert into t_car_model(cm_id , cs_id , cm_name,cm_type ,cm_order , cm_state , cm_min_price , cm_max_price) values(51945,412,'2022款 45 TFSI quattro S line运动型','2022款',1,1,701800,701800);
insert into t_car_model(cm_id , cs_id , cm_name,cm_type ,cm_order , cm_state , cm_min_price , cm_max_price) values(51946,412,'2022款 45 TFSI quattro S line豪华型','2022款',2,1,738800,738800);
insert into t_car_model(cm_id , cs_id , cm_name,cm_type ,cm_order , cm_state , cm_min_price , cm_max_price) values(51947,412,'2022款 55 TFSI quattro S line运动型','2022款',3,1,773800,773800);
insert into t_car_model(cm_id , cs_id , cm_name,cm_type ,cm_order , cm_state , cm_min_price , cm_max_price) values(53926,412,'2022款 55 TFSI quattro S line冰雪运动版','2022款',4,1,819800,819800);
insert into t_car_model(cm_id , cs_id , cm_name,cm_type ,cm_order , cm_state , cm_min_price , cm_max_price) values(51948,412,'2022款 55 TFSI quattro S line尊贵型','2022款',5,1,869800,869800);
insert into t_car_model(cm_id , cs_id , cm_name,cm_type ,cm_order , cm_state , cm_min_price , cm_max_price) values(48252,412,'2021款 45 TFSI quattro S line运动型','2021款',1,1,688800,688800);
insert into t_car_model(cm_id , cs_id , cm_name,cm_type ,cm_order , cm_state , cm_min_price , cm_max_price) values(48253,412,'2021款 45 TFSI quattro S line豪华型','2021款',2,1,725800,725800);
insert into t_car_model(cm_id , cs_id , cm_name,cm_type ,cm_order , cm_state , cm_min_price , cm_max_price) values(48254,412,'2021款 55 TFSI quattro S line运动型','2021款',3,1,758800,758800);
insert into t_car_model(cm_id , cs_id , cm_name,cm_type ,cm_order , cm_state , cm_min_price , cm_max_price) values(48255,412,'2021款 55 TFSI quattro S line尊贵型','2021款',4,1,838800,838800);
insert into t_car_model(cm_id , cs_id , cm_name,cm_type ,cm_order , cm_state , cm_min_price , cm_max_price) values(44920,412,'2020款 45 TFSI quattro S line运动限量版','2020款',1,1,689800,689800);
insert into t_car_model(cm_id , cs_id , cm_name,cm_type ,cm_order , cm_state , cm_min_price , cm_max_price) values(44376,412,'2020款 45 TFSI quattro 致享专享版','2020款',2,1,699800,699800);
insert into t_car_model(cm_id , cs_id , cm_name,cm_type ,cm_order , cm_state , cm_min_price , cm_max_price) values(44921,412,'2020款 55 TFSI quattro S line运动型','2020款',3,1,788800,788800);
insert into t_car_model(cm_id , cs_id , cm_name,cm_type ,cm_order , cm_state , cm_min_price , cm_max_price) values(44377,412,'2020款 55 TFSI quattro 黑武士专享版','2020款',4,1,808800,808800);
insert into t_car_model(cm_id , cs_id , cm_name,cm_type ,cm_order , cm_state , cm_min_price , cm_max_price) values(44922,412,'2020款 55 TFSI quattro S line尊贵型','2020款',5,1,866800,866800);
insert into t_car_model(cm_id , cs_id , cm_name,cm_type ,cm_order , cm_state , cm_min_price , cm_max_price) values(44378,412,'2020款 55 TFSI quattro 至尊专享版','2020款',6,1,998800,998800);
insert into t_car_model(cm_id , cs_id , cm_name,cm_type ,cm_order , cm_state , cm_min_price , cm_max_price) values(37248,412,'2019款 45 TFSI 舒适型','2019款',1,1,683800,683800);
insert into t_car_model(cm_id , cs_id , cm_name,cm_type ,cm_order , cm_state , cm_min_price , cm_max_price) values(37249,412,'2019款 45 TFSI S line运动型','2019款',2,1,718800,718800);
insert into t_car_model(cm_id , cs_id , cm_name,cm_type ,cm_order , cm_state , cm_min_price , cm_max_price) values(37250,412,'2019款 55 TFSI 技术型','2019款',3,1,781800,781800);
insert into t_car_model(cm_id , cs_id , cm_name,cm_type ,cm_order , cm_state , cm_min_price , cm_max_price) values(37251,412,'2019款 55 TFSI S line运动型','2019款',4,1,839800,839800);
insert into t_car_model(cm_id , cs_id , cm_name,cm_type ,cm_order , cm_state , cm_min_price , cm_max_price) values(37252,412,'2019款 55 TFSI 尊贵型','2019款',5,1,962800,962800);
insert into t_car_model(cm_id , cs_id , cm_name,cm_type ,cm_order , cm_state , cm_min_price , cm_max_price) values(31921,412,'2018款 40 TFSI 舒适型','2018款',1,1,699800,699800);
insert into t_car_model(cm_id , cs_id , cm_name,cm_type ,cm_order , cm_state , cm_min_price , cm_max_price) values(31922,412,'2018款 40 TFSI S line运动型','2018款',2,1,732800,732800);
insert into t_car_model(cm_id , cs_id , cm_name,cm_type ,cm_order , cm_state , cm_min_price , cm_max_price) values(31923,412,'2018款 45 TFSI 技术型','2018款',3,1,787800,787800);
insert into t_car_model(cm_id , cs_id , cm_name,cm_type ,cm_order , cm_state , cm_min_price , cm_max_price) values(31924,412,'2018款 45 TFSI S line运动型','2018款',4,1,845000,845000);
insert into t_car_model(cm_id , cs_id , cm_name,cm_type ,cm_order , cm_state , cm_min_price , cm_max_price) values(31925,412,'2018款 45 TFSI 尊贵型','2018款',5,1,974000,974000);
insert into t_car_model(cm_id , cs_id , cm_name,cm_type ,cm_order , cm_state , cm_min_price , cm_max_price) values(23393,412,'2016款 40 TFSI 舒适型','2016款',1,1,753800,753800);
insert into t_car_model(cm_id , cs_id , cm_name,cm_type ,cm_order , cm_state , cm_min_price , cm_max_price) values(23394,412,'2016款 40 TFSI S line运动型','2016款',2,1,788800,788800);
insert into t_car_model(cm_id , cs_id , cm_name,cm_type ,cm_order , cm_state , cm_min_price , cm_max_price) values(23395,412,'2016款 45 TFSI 技术型','2016款',3,1,847800,847800);
insert into t_car_model(cm_id , cs_id , cm_name,cm_type ,cm_order , cm_state , cm_min_price , cm_max_price) values(23396,412,'2016款 45 TFSI S line运动型','2016款',4,1,909800,909800);
insert into t_car_model(cm_id , cs_id , cm_name,cm_type ,cm_order , cm_state , cm_min_price , cm_max_price) values(22450,412,'2016款 45 TFSI S line尊贵型','2016款',5,1,1048800,1048800);
insert into t_car_model(cm_id , cs_id , cm_name,cm_type ,cm_order , cm_state , cm_min_price , cm_max_price) values(20807,412,'2015款 35 TFSI 进取型','2015款',1,1,828000,828000);
insert into t_car_model(cm_id , cs_id , cm_name,cm_type ,cm_order , cm_state , cm_min_price , cm_max_price) values(20808,412,'2015款 35 TFSI 运动型','2015款',2,1,897000,897000);
insert into t_car_model(cm_id , cs_id , cm_name,cm_type ,cm_order , cm_state , cm_min_price , cm_max_price) values(20809,412,'2015款 40 TFSI 典藏型','2015款',3,1,939800,939800);
insert into t_car_model(cm_id , cs_id , cm_name,cm_type ,cm_order , cm_state , cm_min_price , cm_max_price) values(20810,412,'2015款 40 TFSI 尊藏型','2015款',4,1,1239800,1239800);
insert into t_car_model(cm_id , cs_id , cm_name,cm_type ,cm_order , cm_state , cm_min_price , cm_max_price) values(20811,412,'2015款 35 TDI 卓越版','2015款',5,1,874800,874800);
insert into t_car_model(cm_id , cs_id , cm_name,cm_type ,cm_order , cm_state , cm_min_price , cm_max_price) values(15649,412,'2014款 35 TDI 运动型','2014款',1,1,902800,902800);
insert into t_car_model(cm_id , cs_id , cm_name,cm_type ,cm_order , cm_state , cm_min_price , cm_max_price) values(15650,412,'2014款 35 TDI 越野型','2014款',2,1,902800,902800);
insert into t_car_model(cm_id , cs_id , cm_name,cm_type ,cm_order , cm_state , cm_min_price , cm_max_price) values(15651,412,'2014款 35 TDI 专享型','2014款',3,1,1051800,1051800);
insert into t_car_model(cm_id , cs_id , cm_name,cm_type ,cm_order , cm_state , cm_min_price , cm_max_price) values(15642,412,'2014款 35 TFSI 进取型','2014款',4,1,827000,827000);
insert into t_car_model(cm_id , cs_id , cm_name,cm_type ,cm_order , cm_state , cm_min_price , cm_max_price) values(15643,412,'2014款 35 TFSI 运动型','2014款',5,1,897800,897800);
insert into t_car_model(cm_id , cs_id , cm_name,cm_type ,cm_order , cm_state , cm_min_price , cm_max_price) values(15644,412,'2014款 35 TFSI 越野型','2014款',6,1,971800,971800);
insert into t_car_model(cm_id , cs_id , cm_name,cm_type ,cm_order , cm_state , cm_min_price , cm_max_price) values(15645,412,'2014款 35 TFSI 专享型','2014款',7,1,1112000,1112000);
insert into t_car_model(cm_id , cs_id , cm_name,cm_type ,cm_order , cm_state , cm_min_price , cm_max_price) values(15646,412,'2014款 40 TFSI 运动型','2014款',8,1,1111800,1111800);
insert into t_car_model(cm_id , cs_id , cm_name,cm_type ,cm_order , cm_state , cm_min_price , cm_max_price) values(15647,412,'2014款 40 TFSI 越野型','2014款',9,1,1183800,1183800);
insert into t_car_model(cm_id , cs_id , cm_name,cm_type ,cm_order , cm_state , cm_min_price , cm_max_price) values(15648,412,'2014款 40 TFSI 专享型','2014款',10,1,1339000,1339000);
insert into t_car_model(cm_id , cs_id , cm_name,cm_type ,cm_order , cm_state , cm_min_price , cm_max_price) values(13627,412,'2013款 35 TFSI 进取型','2013款',1,1,821000,821000);
insert into t_car_model(cm_id , cs_id , cm_name,cm_type ,cm_order , cm_state , cm_min_price , cm_max_price) values(13628,412,'2013款 35 TFSI 技术型','2013款',2,1,881000,881000);
insert into t_car_model(cm_id , cs_id , cm_name,cm_type ,cm_order , cm_state , cm_min_price , cm_max_price) values(13629,412,'2013款 35 TFSI 舒适型','2013款',3,1,955000,955000);
insert into t_car_model(cm_id , cs_id , cm_name,cm_type ,cm_order , cm_state , cm_min_price , cm_max_price) values(13630,412,'2013款 35 TFSI 专享型','2013款',4,1,1106000,1106000);
insert into t_car_model(cm_id , cs_id , cm_name,cm_type ,cm_order , cm_state , cm_min_price , cm_max_price) values(13631,412,'2013款 40 TFSI 技术型','2013款',5,1,1095000,1095000);
insert into t_car_model(cm_id , cs_id , cm_name,cm_type ,cm_order , cm_state , cm_min_price , cm_max_price) values(13632,412,'2013款 40 TFSI 舒适型','2013款',6,1,1167000,1167000);
insert into t_car_model(cm_id , cs_id , cm_name,cm_type ,cm_order , cm_state , cm_min_price , cm_max_price) values(13633,412,'2013款 40 TFSI 专享型','2013款',7,1,1333000,1333000);
insert into t_car_model(cm_id , cs_id , cm_name,cm_type ,cm_order , cm_state , cm_min_price , cm_max_price) values(13634,412,'2013款 35 TDI 领先型','2013款',8,1,886000,886000);
insert into t_car_model(cm_id , cs_id , cm_name,cm_type ,cm_order , cm_state , cm_min_price , cm_max_price) values(13635,412,'2013款 35 TDI 专享型','2013款',9,1,1045800,1045800);
insert into t_car_model(cm_id , cs_id , cm_name,cm_type ,cm_order , cm_state , cm_min_price , cm_max_price) values(10568,412,'2012款 3.0 TFSI 进取型(200kW)','2012款',1,1,821000,821000);
insert into t_car_model(cm_id , cs_id , cm_name,cm_type ,cm_order , cm_state , cm_min_price , cm_max_price) values(10569,412,'2012款 3.0 TFSI 技术型(200kW)','2012款',2,1,881000,881000);
insert into t_car_model(cm_id , cs_id , cm_name,cm_type ,cm_order , cm_state , cm_min_price , cm_max_price) values(10570,412,'2012款 3.0 TFSI 舒适型(200kW)','2012款',3,1,955000,955000);
insert into t_car_model(cm_id , cs_id , cm_name,cm_type ,cm_order , cm_state , cm_min_price , cm_max_price) values(10571,412,'2012款 3.0 TFSI 专享型(200kW)','2012款',4,1,1106000,1106000);
insert into t_car_model(cm_id , cs_id , cm_name,cm_type ,cm_order , cm_state , cm_min_price , cm_max_price) values(10572,412,'2012款 3.0 TFSI 技术型(245kW)','2012款',5,1,1095000,1095000);
insert into t_car_model(cm_id , cs_id , cm_name,cm_type ,cm_order , cm_state , cm_min_price , cm_max_price) values(10573,412,'2012款 3.0 TFSI 舒适型(245kW)','2012款',6,1,1167000,1167000);
insert into t_car_model(cm_id , cs_id , cm_name,cm_type ,cm_order , cm_state , cm_min_price , cm_max_price) values(10574,412,'2012款 3.0 TFSI 专享型(245kW)','2012款',7,1,1319000,1319000);
insert into t_car_model(cm_id , cs_id , cm_name,cm_type ,cm_order , cm_state , cm_min_price , cm_max_price) values(8830,412,'2012款 3.0 TDI 领先型','2012款',8,1,886000,886000);
insert into t_car_model(cm_id , cs_id , cm_name,cm_type ,cm_order , cm_state , cm_min_price , cm_max_price) values(11028,412,'2012款 3.0 TDI 专享型','2012款',9,1,1045800,1045800);
insert into t_car_model(cm_id , cs_id , cm_name,cm_type ,cm_order , cm_state , cm_min_price , cm_max_price) values(9971,412,'2012款 6.0 V12 TDI 旗舰型','2012款',10,1,2578000,2578000);
insert into t_car_model(cm_id , cs_id , cm_name,cm_type ,cm_order , cm_state , cm_min_price , cm_max_price) values(8557,412,'2011款 3.0 TFSI 进取型(200kW)','2011款',1,1,815000,815000);
insert into t_car_model(cm_id , cs_id , cm_name,cm_type ,cm_order , cm_state , cm_min_price , cm_max_price) values(8558,412,'2011款 3.0 TFSI 技术型(200kW)','2011款',2,1,875000,875000);
insert into t_car_model(cm_id , cs_id , cm_name,cm_type ,cm_order , cm_state , cm_min_price , cm_max_price) values(8559,412,'2011款 3.0 TFSI 舒适型(200kW)','2011款',3,1,948000,948000);
insert into t_car_model(cm_id , cs_id , cm_name,cm_type ,cm_order , cm_state , cm_min_price , cm_max_price) values(7492,412,'2011款 3.0 TFSI 专享型(200kW)','2011款',4,1,1098000,1098000);
insert into t_car_model(cm_id , cs_id , cm_name,cm_type ,cm_order , cm_state , cm_min_price , cm_max_price) values(8560,412,'2011款 3.0 TFSI 技术型(245kW)','2011款',5,1,1088000,1088000);
insert into t_car_model(cm_id , cs_id , cm_name,cm_type ,cm_order , cm_state , cm_min_price , cm_max_price) values(8561,412,'2011款 3.0 TFSI 舒适型(245kW)','2011款',6,1,1161000,1161000);
insert into t_car_model(cm_id , cs_id , cm_name,cm_type ,cm_order , cm_state , cm_min_price , cm_max_price) values(8562,412,'2011款 3.0 TFSI 专享型(245kW)','2011款',7,1,1311000,1311000);
insert into t_car_model(cm_id , cs_id , cm_name,cm_type ,cm_order , cm_state , cm_min_price , cm_max_price) values(5994,412,'2010款 3.0 TDI quattro 领先型','2010款',1,1,876000,876000);
insert into t_car_model(cm_id , cs_id , cm_name,cm_type ,cm_order , cm_state , cm_min_price , cm_max_price) values(6282,412,'2010款 3.0 TDI领先型运动典藏版','2010款',2,1,957100,957100);
insert into t_car_model(cm_id , cs_id , cm_name,cm_type ,cm_order , cm_state , cm_min_price , cm_max_price) values(5988,412,'2010款 3.6 FSI quattro 基本型','2010款',3,1,815000,815000);
insert into t_car_model(cm_id , cs_id , cm_name,cm_type ,cm_order , cm_state , cm_min_price , cm_max_price) values(5989,412,'2010款 3.6 FSI quattro 技术型','2010款',4,1,875000,875000);
insert into t_car_model(cm_id , cs_id , cm_name,cm_type ,cm_order , cm_state , cm_min_price , cm_max_price) values(5990,412,'2010款 3.6 FSI quattro 舒适型','2010款',5,1,948000,948000);
insert into t_car_model(cm_id , cs_id , cm_name,cm_type ,cm_order , cm_state , cm_min_price , cm_max_price) values(5991,412,'2010款 3.6 FSI quattro 豪华型','2010款',6,1,998000,998000);
insert into t_car_model(cm_id , cs_id , cm_name,cm_type ,cm_order , cm_state , cm_min_price , cm_max_price) values(6307,412,'2010款 3.6 FSI技术型越野典藏版','2010款',7,1,919000,919000);
insert into t_car_model(cm_id , cs_id , cm_name,cm_type ,cm_order , cm_state , cm_min_price , cm_max_price) values(6305,412,'2010款 3.6 FSI技术型运动典藏版','2010款',8,1,956100,956100);
insert into t_car_model(cm_id , cs_id , cm_name,cm_type ,cm_order , cm_state , cm_min_price , cm_max_price) values(6306,412,'2010款 3.6 FSI舒适型越野典藏版','2010款',9,1,980000,980000);
insert into t_car_model(cm_id , cs_id , cm_name,cm_type ,cm_order , cm_state , cm_min_price , cm_max_price) values(6298,412,'2010款 3.6 FSI舒适型运动典藏版','2010款',10,1,1020100,1020100);
insert into t_car_model(cm_id , cs_id , cm_name,cm_type ,cm_order , cm_state , cm_min_price , cm_max_price) values(5992,412,'2010款 4.2 FSI quattro 技术型','2010款',11,1,1498000,1498000);
insert into t_car_model(cm_id , cs_id , cm_name,cm_type ,cm_order , cm_state , cm_min_price , cm_max_price) values(5993,412,'2010款 4.2 FSI quattro 豪华型','2010款',12,1,1650000,1650000);
insert into t_car_model(cm_id , cs_id , cm_name,cm_type ,cm_order , cm_state , cm_min_price , cm_max_price) values(5639,412,'2010款 6.0 V12 TDI旗舰型','2010款',13,1,2568000,2568000);
insert into t_car_model(cm_id , cs_id , cm_name,cm_type ,cm_order , cm_state , cm_min_price , cm_max_price) values(3036,412,'2007款 3.6 FSI quattro 技术型','2007款',1,1,875000,875000);
insert into t_car_model(cm_id , cs_id , cm_name,cm_type ,cm_order , cm_state , cm_min_price , cm_max_price) values(3037,412,'2007款 3.6 FSI quattro 舒适型','2007款',2,1,968000,968000);
insert into t_car_model(cm_id , cs_id , cm_name,cm_type ,cm_order , cm_state , cm_min_price , cm_max_price) values(3038,412,'2007款 3.6 FSI quattro 豪华型','2007款',3,1,1020000,1020000);
insert into t_car_model(cm_id , cs_id , cm_name,cm_type ,cm_order , cm_state , cm_min_price , cm_max_price) values(3039,412,'2007款 4.2 FSI quattro 舒适型','2007款',4,1,1580000,1580000);
insert into t_car_model(cm_id , cs_id , cm_name,cm_type ,cm_order , cm_state , cm_min_price , cm_max_price) values(3040,412,'2007款 4.2 FSI quattro 豪华型','2007款',5,1,1650000,1650000);
insert into t_car_model(cm_id , cs_id , cm_name,cm_type ,cm_order , cm_state , cm_min_price , cm_max_price) values(2422,412,'2006款 3.0 TDI quattro','2006款',1,1,800000,800000);
insert into t_car_model(cm_id , cs_id , cm_name,cm_type ,cm_order , cm_state , cm_min_price , cm_max_price) values(2598,412,'2006款 3.6 FSI quattro 基本型','2006款',2,1,815000,815000);
insert into t_car_model(cm_id , cs_id , cm_name,cm_type ,cm_order , cm_state , cm_min_price , cm_max_price) values(1675,412,'2006款 4.2 FSI quattro 技术型','2006款',3,1,1498000,1498000);
insert into t_car_series(cs_id,cbf_id,cs_name,cs_order,cs_letter) values(4288,79,'奥迪Q8',187,'A');
insert into t_car_model(cm_id , cs_id , cm_name,cm_type ,cm_order , cm_state , cm_min_price , cm_max_price) values(51952,4288,'2022款 45 TFSI 豪华动感型','2022款',1,1,782800,782800);
insert into t_car_model(cm_id , cs_id , cm_name,cm_type ,cm_order , cm_state , cm_min_price , cm_max_price) values(51953,4288,'2022款 45 TFSI 臻选动感型','2022款',2,1,833800,833800);
insert into t_car_model(cm_id , cs_id , cm_name,cm_type ,cm_order , cm_state , cm_min_price , cm_max_price) values(51955,4288,'2022款 55 TFSI 豪华动感型','2022款',3,1,874800,874800);
insert into t_car_model(cm_id , cs_id , cm_name,cm_type ,cm_order , cm_state , cm_min_price , cm_max_price) values(51956,4288,'2022款 55 TFSI 臻选动感型','2022款',4,1,954800,954800);
insert into t_car_model(cm_id , cs_id , cm_name,cm_type ,cm_order , cm_state , cm_min_price , cm_max_price) values(53936,4288,'2022款 55 TFSI 冰雪运动版','2022款',5,1,1020800,1020800);
insert into t_car_model(cm_id , cs_id , cm_name,cm_type ,cm_order , cm_state , cm_min_price , cm_max_price) values(51957,4288,'2022款 55 TFSI 尊享动感型','2022款',6,1,1037800,1037800);
insert into t_car_model(cm_id , cs_id , cm_name,cm_type ,cm_order , cm_state , cm_min_price , cm_max_price) values(54369,4288,'2022款 55 TFSI 暗夜骑士殿堂版','2022款',7,1,1146800,1146800);
insert into t_car_model(cm_id , cs_id , cm_name,cm_type ,cm_order , cm_state , cm_min_price , cm_max_price) values(48443,4288,'2021款 45 TFSI 豪华致雅型','2021款',1,1,768800,768800);
insert into t_car_model(cm_id , cs_id , cm_name,cm_type ,cm_order , cm_state , cm_min_price , cm_max_price) values(48444,4288,'2021款 45 TFSI 臻选动感型','2021款',2,1,818800,818800);
insert into t_car_model(cm_id , cs_id , cm_name,cm_type ,cm_order , cm_state , cm_min_price , cm_max_price) values(48445,4288,'2021款 55 TFSI 豪华动感型','2021款',3,1,858800,858800);
insert into t_car_model(cm_id , cs_id , cm_name,cm_type ,cm_order , cm_state , cm_min_price , cm_max_price) values(48441,4288,'2021款 55 TFSI 臻选动感型','2021款',4,1,898800,898800);
insert into t_car_model(cm_id , cs_id , cm_name,cm_type ,cm_order , cm_state , cm_min_price , cm_max_price) values(48446,4288,'2021款 55 TFSI 尊享动感型','2021款',5,1,1018800,1018800);
insert into t_car_model(cm_id , cs_id , cm_name,cm_type ,cm_order , cm_state , cm_min_price , cm_max_price) values(48728,4288,'2021款 55 TFSI 暗夜骑士限量版','2021款',6,1,1048800,1048800);
insert into t_car_model(cm_id , cs_id , cm_name,cm_type ,cm_order , cm_state , cm_min_price , cm_max_price) values(41435,4288,'2019款 45 TFSI 豪华致雅型','2019款',1,1,768800,768800);
insert into t_car_model(cm_id , cs_id , cm_name,cm_type ,cm_order , cm_state , cm_min_price , cm_max_price) values(41436,4288,'2019款 45 TFSI 臻选动感型','2019款',2,1,818800,818800);
insert into t_car_model(cm_id , cs_id , cm_name,cm_type ,cm_order , cm_state , cm_min_price , cm_max_price) values(41437,4288,'2019款 55 TFSI 豪华动感型','2019款',3,1,858800,858800);
insert into t_car_model(cm_id , cs_id , cm_name,cm_type ,cm_order , cm_state , cm_min_price , cm_max_price) values(41373,4288,'2019款 55 TFSI 臻选动感型','2019款',4,1,898800,898800);
insert into t_car_model(cm_id , cs_id , cm_name,cm_type ,cm_order , cm_state , cm_min_price , cm_max_price) values(41292,4288,'2019款 55 TFSI 尊享动感型','2019款',5,1,1018800,1018800);
insert into t_car_model(cm_id , cs_id , cm_name,cm_type ,cm_order , cm_state , cm_min_price , cm_max_price) values(41533,4288,'2019款 55 TFSI 至尊限量版','2019款',6,1,1097600,1097600);
insert into t_car_series(cs_id,cbf_id,cs_name,cs_order,cs_letter) values(650,79,'奥迪A1',188,'A');
insert into t_car_model(cm_id , cs_id , cm_name,cm_type ,cm_order , cm_state , cm_min_price , cm_max_price) values(34756,650,'2018款 30 TFSI 限量典藏版','2018款',1,1,218500,218500);
insert into t_car_model(cm_id , cs_id , cm_name,cm_type ,cm_order , cm_state , cm_min_price , cm_max_price) values(24937,650,'2016款 30 TFSI Sportback Design风尚版','2016款',1,1,189800,189800);
insert into t_car_model(cm_id , cs_id , cm_name,cm_type ,cm_order , cm_state , cm_min_price , cm_max_price) values(24813,650,'2016款 30 TFSI Sportback S Line运动版','2016款',2,1,218500,218500);
insert into t_car_model(cm_id , cs_id , cm_name,cm_type ,cm_order , cm_state , cm_min_price , cm_max_price) values(17050,650,'2014款 30 TFSI 时尚型','2014款',1,1,199800,199800);
insert into t_car_model(cm_id , cs_id , cm_name,cm_type ,cm_order , cm_state , cm_min_price , cm_max_price) values(17051,650,'2014款 30 TFSI 技术型','2014款',2,1,224800,224800);
insert into t_car_model(cm_id , cs_id , cm_name,cm_type ,cm_order , cm_state , cm_min_price , cm_max_price) values(17052,650,'2014款 30 TFSI 舒适型','2014款',3,1,249800,249800);
insert into t_car_model(cm_id , cs_id , cm_name,cm_type ,cm_order , cm_state , cm_min_price , cm_max_price) values(17053,650,'2014款 30 TFSI 豪华型','2014款',4,1,289800,289800);
insert into t_car_model(cm_id , cs_id , cm_name,cm_type ,cm_order , cm_state , cm_min_price , cm_max_price) values(17054,650,'2014款 30 TFSI Sportback时尚型','2014款',5,1,209800,209800);
insert into t_car_model(cm_id , cs_id , cm_name,cm_type ,cm_order , cm_state , cm_min_price , cm_max_price) values(17055,650,'2014款 30 TFSI Sportback技术型','2014款',6,1,234800,234800);
insert into t_car_model(cm_id , cs_id , cm_name,cm_type ,cm_order , cm_state , cm_min_price , cm_max_price) values(17056,650,'2014款 30 TFSI Sportback舒适型','2014款',7,1,259800,259800);
insert into t_car_model(cm_id , cs_id , cm_name,cm_type ,cm_order , cm_state , cm_min_price , cm_max_price) values(17057,650,'2014款 30 TFSI Sportback豪华型','2014款',8,1,299800,299800);
insert into t_car_model(cm_id , cs_id , cm_name,cm_type ,cm_order , cm_state , cm_min_price , cm_max_price) values(14965,650,'2013款 30 TFSI 中国限量版 Ego','2013款',1,1,271800,271800);
insert into t_car_model(cm_id , cs_id , cm_name,cm_type ,cm_order , cm_state , cm_min_price , cm_max_price) values(13854,650,'2013款 30 TFSI Sportback Ego plus','2013款',2,1,299800,299800);
insert into t_car_model(cm_id , cs_id , cm_name,cm_type ,cm_order , cm_state , cm_min_price , cm_max_price) values(13934,650,'2013款 30 TFSI Sportback Ego','2013款',3,1,259800,259800);
insert into t_car_model(cm_id , cs_id , cm_name,cm_type ,cm_order , cm_state , cm_min_price , cm_max_price) values(13936,650,'2013款 30 TFSI Sportback Urban','2013款',4,1,234800,234800);
insert into t_car_model(cm_id , cs_id , cm_name,cm_type ,cm_order , cm_state , cm_min_price , cm_max_price) values(14966,650,'2013款 30 TFSI 中国限量版 Ego plus','2013款',5,1,311800,311800);
insert into t_car_model(cm_id , cs_id , cm_name,cm_type ,cm_order , cm_state , cm_min_price , cm_max_price) values(7244,650,'2012款 1.4 TFSI Ego plus','2012款',1,1,289800,289800);
insert into t_car_model(cm_id , cs_id , cm_name,cm_type ,cm_order , cm_state , cm_min_price , cm_max_price) values(7117,650,'2012款 1.4 TFSI Ego','2012款',2,1,249800,249800);
insert into t_car_model(cm_id , cs_id , cm_name,cm_type ,cm_order , cm_state , cm_min_price , cm_max_price) values(11069,650,'2012款 1.4 TFSI Urban','2012款',3,1,224800,224800);
insert into t_car_series(cs_id,cbf_id,cs_name,cs_order,cs_letter) values(370,79,'奥迪A3(进口)',189,'A');
insert into t_car_model(cm_id , cs_id , cm_name,cm_type ,cm_order , cm_state , cm_min_price , cm_max_price) values(30309,370,'2017款 Cabriolet 40 TFSI','2017款',1,1,335800,335800);
insert into t_car_model(cm_id , cs_id , cm_name,cm_type ,cm_order , cm_state , cm_min_price , cm_max_price) values(21573,370,'2015款 Sportback 45 TFSI S line 运动型','2015款',1,1,299800,299800);
insert into t_car_model(cm_id , cs_id , cm_name,cm_type ,cm_order , cm_state , cm_min_price , cm_max_price) values(21627,370,'2015款 Limousine 45 TFSI S line 豪华型','2015款',2,1,304800,304800);
insert into t_car_model(cm_id , cs_id , cm_name,cm_type ,cm_order , cm_state , cm_min_price , cm_max_price) values(21572,370,'2015款 Cabriolet 40 TFSI','2015款',3,1,369800,369800);
insert into t_car_model(cm_id , cs_id , cm_name,cm_type ,cm_order , cm_state , cm_min_price , cm_max_price) values(18528,370,'2014款 Sportback 40 TFSI S line 舒适型','2014款',1,1,269800,269800);
insert into t_car_model(cm_id , cs_id , cm_name,cm_type ,cm_order , cm_state , cm_min_price , cm_max_price) values(18500,370,'2014款 Sportback 40 TFSI S line 豪华型','2014款',2,1,324300,324300);
insert into t_car_model(cm_id , cs_id , cm_name,cm_type ,cm_order , cm_state , cm_min_price , cm_max_price) values(18643,370,'2014款 Limousine 40 TFSI S line 舒适型','2014款',3,1,279800,279800);
insert into t_car_model(cm_id , cs_id , cm_name,cm_type ,cm_order , cm_state , cm_min_price , cm_max_price) values(18513,370,'2014款 Limousine 40 TFSI S line 豪华型','2014款',4,1,334300,334300);
insert into t_car_model(cm_id , cs_id , cm_name,cm_type ,cm_order , cm_state , cm_min_price , cm_max_price) values(14308,370,'2013款 Sportback 30 TFSI 技术型','2013款',1,1,255000,255000);
insert into t_car_model(cm_id , cs_id , cm_name,cm_type ,cm_order , cm_state , cm_min_price , cm_max_price) values(14309,370,'2013款 Sportback 30 TFSI 舒适型','2013款',2,1,268000,268000);
insert into t_car_model(cm_id , cs_id , cm_name,cm_type ,cm_order , cm_state , cm_min_price , cm_max_price) values(14310,370,'2013款 Sportback 30 TFSI 豪华型','2013款',3,1,289000,289000);
insert into t_car_model(cm_id , cs_id , cm_name,cm_type ,cm_order , cm_state , cm_min_price , cm_max_price) values(14311,370,'2013款 Sportback 35 TFSI 豪华型','2013款',4,1,309000,309000);
insert into t_car_model(cm_id , cs_id , cm_name,cm_type ,cm_order , cm_state , cm_min_price , cm_max_price) values(14312,370,'2013款 Sportback 35 TFSI 尊贵型','2013款',5,1,328000,328000);
insert into t_car_model(cm_id , cs_id , cm_name,cm_type ,cm_order , cm_state , cm_min_price , cm_max_price) values(10584,370,'2012款 Sportback 1.4T 技术型','2012款',1,1,255000,255000);
insert into t_car_model(cm_id , cs_id , cm_name,cm_type ,cm_order , cm_state , cm_min_price , cm_max_price) values(10583,370,'2012款 Sportback 1.4T 舒适型','2012款',2,1,268000,268000);
insert into t_car_model(cm_id , cs_id , cm_name,cm_type ,cm_order , cm_state , cm_min_price , cm_max_price) values(10582,370,'2012款 Sportback 1.4T 豪华型','2012款',3,1,289000,289000);
insert into t_car_model(cm_id , cs_id , cm_name,cm_type ,cm_order , cm_state , cm_min_price , cm_max_price) values(10581,370,'2012款 Sportback 1.8T 豪华型','2012款',4,1,309000,309000);
insert into t_car_model(cm_id , cs_id , cm_name,cm_type ,cm_order , cm_state , cm_min_price , cm_max_price) values(7489,370,'2012款 Sportback 1.8T 尊贵型','2012款',5,1,328000,328000);
insert into t_car_model(cm_id , cs_id , cm_name,cm_type ,cm_order , cm_state , cm_min_price , cm_max_price) values(7771,370,'2010款 Sportback 1.4T 舒适型','2010款',1,1,268000,268000);
insert into t_car_model(cm_id , cs_id , cm_name,cm_type ,cm_order , cm_state , cm_min_price , cm_max_price) values(7772,370,'2010款 Sportback 1.4T 豪华型','2010款',2,1,289000,289000);
insert into t_car_model(cm_id , cs_id , cm_name,cm_type ,cm_order , cm_state , cm_min_price , cm_max_price) values(7773,370,'2010款 Sportback 1.8T 豪华型','2010款',3,1,309000,309000);
insert into t_car_model(cm_id , cs_id , cm_name,cm_type ,cm_order , cm_state , cm_min_price , cm_max_price) values(7774,370,'2010款 Sportback 1.8T 尊贵型','2010款',4,1,328000,328000);
insert into t_car_series(cs_id,cbf_id,cs_name,cs_order,cs_letter) values(4325,79,'奥迪A3新能源(进口)',190,'A');
insert into t_car_model(cm_id , cs_id , cm_name,cm_type ,cm_order , cm_state , cm_min_price , cm_max_price) values(25917,4325,'2017款 Sportback e-tron 舒适型','2017款',1,1,399800,399800);
insert into t_car_model(cm_id , cs_id , cm_name,cm_type ,cm_order , cm_state , cm_min_price , cm_max_price) values(23351,4325,'2015款 Sportback e-tron 舒适型','2015款',1,1,399800,399800);
insert into t_car_model(cm_id , cs_id , cm_name,cm_type ,cm_order , cm_state , cm_min_price , cm_max_price) values(19657,4325,'2015款 Sportback e-tron 运动型','2015款',2,1,407800,407800);
insert into t_car_series(cs_id,cbf_id,cs_name,cs_order,cs_letter) values(2264,79,'奥迪Q3(进口)',199,'A');
insert into t_car_model(cm_id , cs_id , cm_name,cm_type ,cm_order , cm_state , cm_min_price , cm_max_price) values(19647,2264,'2015款 40 TFSI quattro 越野型','2015款',1,1,428800,428800);
insert into t_car_model(cm_id , cs_id , cm_name,cm_type ,cm_order , cm_state , cm_min_price , cm_max_price) values(13467,2264,'2012款 35 TFSI quattro 舒适型','2012款',1,1,377000,377000);
insert into t_car_model(cm_id , cs_id , cm_name,cm_type ,cm_order , cm_state , cm_min_price , cm_max_price) values(13466,2264,'2012款 40 TFSI quattro 运动型','2012款',2,1,455000,455000);
insert into t_car_model(cm_id , cs_id , cm_name,cm_type ,cm_order , cm_state , cm_min_price , cm_max_price) values(13468,2264,'2012款 40 TFSI quattro 越野型','2012款',3,1,479000,479000);
insert into t_car_series(cs_id,cbf_id,cs_name,cs_order,cs_letter) values(593,79,'奥迪Q5(进口)',202,'A');
insert into t_car_model(cm_id , cs_id , cm_name,cm_type ,cm_order , cm_state , cm_min_price , cm_max_price) values(15389,593,'2013款 45 TFSI quattro 运动型','2013款',1,1,588000,588000);
insert into t_car_model(cm_id , cs_id , cm_name,cm_type ,cm_order , cm_state , cm_min_price , cm_max_price) values(15842,593,'2013款 45 TFSI quattro 越野型','2013款',2,1,618000,618000);
insert into t_car_model(cm_id , cs_id , cm_name,cm_type ,cm_order , cm_state , cm_min_price , cm_max_price) values(14973,593,'2013款 40 TFSI hybrid','2013款',3,1,608000,608000);
insert into t_car_model(cm_id , cs_id , cm_name,cm_type ,cm_order , cm_state , cm_min_price , cm_max_price) values(8901,593,'2012款 2.0TFSI hybrid','2012款',1,1,608000,608000);
insert into t_car_model(cm_id , cs_id , cm_name,cm_type ,cm_order , cm_state , cm_min_price , cm_max_price) values(3844,593,'2010款 2.0TFSI 运动版','2010款',1,1,577000,577000);
insert into t_car_model(cm_id , cs_id , cm_name,cm_type ,cm_order , cm_state , cm_min_price , cm_max_price) values(6315,593,'2010款 2.0TFSI 越野版','2010款',2,1,635000,635000);
insert into t_car_model(cm_id , cs_id , cm_name,cm_type ,cm_order , cm_state , cm_min_price , cm_max_price) values(5388,593,'2010款 3.2FSI 运动版','2010款',3,1,658000,658000);
insert into t_car_model(cm_id , cs_id , cm_name,cm_type ,cm_order , cm_state , cm_min_price , cm_max_price) values(6316,593,'2010款 3.2FSI 越野版','2010款',4,1,678000,678000);
insert into t_car_series(cs_id,cbf_id,cs_name,cs_order,cs_letter) values(4460,79,'奥迪Q7新能源',206,'A');
insert into t_car_model(cm_id , cs_id , cm_name,cm_type ,cm_order , cm_state , cm_min_price , cm_max_price) values(37077,4460,'2019款 55 e-tron','2019款',1,1,790800,790800);
insert into t_car_model(cm_id , cs_id , cm_name,cm_type ,cm_order , cm_state , cm_min_price , cm_max_price) values(30620,4460,'2017款 45 e-tron','2017款',1,1,875000,875000);
insert into t_car_series(cs_id,cbf_id,cs_name,cs_order,cs_letter) values(148,79,'奥迪TT',210,'A');
insert into t_car_model(cm_id , cs_id , cm_name,cm_type ,cm_order , cm_state , cm_min_price , cm_max_price) values(31981,148,'2017款 TT Coupe 40 TFSI','2017款',1,1,453800,453800);
insert into t_car_model(cm_id , cs_id , cm_name,cm_type ,cm_order , cm_state , cm_min_price , cm_max_price) values(29947,148,'2017款 TT Coupe 45 TFSI','2017款',2,1,471800,471800);
insert into t_car_model(cm_id , cs_id , cm_name,cm_type ,cm_order , cm_state , cm_min_price , cm_max_price) values(29948,148,'2017款 TT Coupe 45 TFSI quattro','2017款',3,1,496800,496800);
insert into t_car_model(cm_id , cs_id , cm_name,cm_type ,cm_order , cm_state , cm_min_price , cm_max_price) values(29955,148,'2017款 TT Roadster 45 TFSI','2017款',4,1,507800,507800);
insert into t_car_model(cm_id , cs_id , cm_name,cm_type ,cm_order , cm_state , cm_min_price , cm_max_price) values(29956,148,'2017款 TT Roadster 45 TFSI quattro','2017款',5,1,532800,532800);
insert into t_car_model(cm_id , cs_id , cm_name,cm_type ,cm_order , cm_state , cm_min_price , cm_max_price) values(22589,148,'2015款 TT Coupe 45 TFSI quattro 复仇者联盟决胜版','2015款',1,1,621800,621800);
insert into t_car_model(cm_id , cs_id , cm_name,cm_type ,cm_order , cm_state , cm_min_price , cm_max_price) values(23166,148,'2015款 TT Coupe 45 TFSI','2015款',2,1,542800,542800);
insert into t_car_model(cm_id , cs_id , cm_name,cm_type ,cm_order , cm_state , cm_min_price , cm_max_price) values(22681,148,'2015款 TT Coupe 45 TFSI quattro','2015款',3,1,569800,569800);
insert into t_car_model(cm_id , cs_id , cm_name,cm_type ,cm_order , cm_state , cm_min_price , cm_max_price) values(23173,148,'2015款 TT Roadster 45 TFSI','2015款',4,1,590800,590800);
insert into t_car_model(cm_id , cs_id , cm_name,cm_type ,cm_order , cm_state , cm_min_price , cm_max_price) values(23174,148,'2015款 TT Roadster 45 TFSI quattro','2015款',5,1,617800,617800);
insert into t_car_model(cm_id , cs_id , cm_name,cm_type ,cm_order , cm_state , cm_min_price , cm_max_price) values(19514,148,'2014款 TT Coupe 45 TFSI quattro 劲动型','2014款',1,1,561000,561000);
insert into t_car_model(cm_id , cs_id , cm_name,cm_type ,cm_order , cm_state , cm_min_price , cm_max_price) values(19513,148,'2014款 TT Coupe 45 TFSI 悦尚型','2014款',2,1,529400,529400);
insert into t_car_model(cm_id , cs_id , cm_name,cm_type ,cm_order , cm_state , cm_min_price , cm_max_price) values(19512,148,'2014款 TT Coupe 45 TFSI 劲动型','2014款',3,1,535000,535000);
insert into t_car_model(cm_id , cs_id , cm_name,cm_type ,cm_order , cm_state , cm_min_price , cm_max_price) values(19515,148,'2014款 TT Coupe 45 TFSI quattro 悦尚型','2014款',4,1,555400,555400);
insert into t_car_model(cm_id , cs_id , cm_name,cm_type ,cm_order , cm_state , cm_min_price , cm_max_price) values(15264,148,'2013款 TT Coupe 45 TFSI 白色经典版','2013款',1,1,533000,533000);
insert into t_car_model(cm_id , cs_id , cm_name,cm_type ,cm_order , cm_state , cm_min_price , cm_max_price) values(15265,148,'2013款 TT Coupe 45 TFSI quattro 白色经典版','2013款',2,1,560000,560000);
insert into t_car_model(cm_id , cs_id , cm_name,cm_type ,cm_order , cm_state , cm_min_price , cm_max_price) values(15266,148,'2013款 TT Coupe 45 TFSI 黑色旋风版','2013款',3,1,539000,539000);
insert into t_car_model(cm_id , cs_id , cm_name,cm_type ,cm_order , cm_state , cm_min_price , cm_max_price) values(15267,148,'2013款 TT Coupe 45 TFSI quattro 黑色旋风版','2013款',4,1,566000,566000);
insert into t_car_model(cm_id , cs_id , cm_name,cm_type ,cm_order , cm_state , cm_min_price , cm_max_price) values(15268,148,'2013款 TT Coupe 45 TFSI 彩色梦幻版','2013款',5,1,536000,536000);
insert into t_car_model(cm_id , cs_id , cm_name,cm_type ,cm_order , cm_state , cm_min_price , cm_max_price) values(15269,148,'2013款 TT Coupe 45 TFSI quattro 彩色梦幻版','2013款',6,1,563000,563000);
insert into t_car_model(cm_id , cs_id , cm_name,cm_type ,cm_order , cm_state , cm_min_price , cm_max_price) values(13794,148,'2013款 TT Roadster 45 TFSI','2013款',7,1,565000,565000);
insert into t_car_model(cm_id , cs_id , cm_name,cm_type ,cm_order , cm_state , cm_min_price , cm_max_price) values(13796,148,'2013款 TT Roadster 45 TFSI quattro','2013款',8,1,592000,592000);
insert into t_car_model(cm_id , cs_id , cm_name,cm_type ,cm_order , cm_state , cm_min_price , cm_max_price) values(13793,148,'2013款 TT Coupe 45 TFSI','2013款',9,1,519000,519000);
insert into t_car_model(cm_id , cs_id , cm_name,cm_type ,cm_order , cm_state , cm_min_price , cm_max_price) values(13795,148,'2013款 TT Coupe 45 TFSI quattro','2013款',10,1,546000,546000);
insert into t_car_model(cm_id , cs_id , cm_name,cm_type ,cm_order , cm_state , cm_min_price , cm_max_price) values(12607,148,'2012款 TT Roadster 2.0TFSI典雅版','2012款',1,1,580000,580000);
insert into t_car_model(cm_id , cs_id , cm_name,cm_type ,cm_order , cm_state , cm_min_price , cm_max_price) values(12608,148,'2012款 TT Roadster 2.0TFSI quattro典雅版','2012款',2,1,607000,607000);
insert into t_car_model(cm_id , cs_id , cm_name,cm_type ,cm_order , cm_state , cm_min_price , cm_max_price) values(9047,148,'2011款 TT Coupe 2.0TFSI','2011款',1,1,519000,519000);
insert into t_car_model(cm_id , cs_id , cm_name,cm_type ,cm_order , cm_state , cm_min_price , cm_max_price) values(9048,148,'2011款 TT Roadster 2.0TFSI','2011款',2,1,565000,565000);
insert into t_car_model(cm_id , cs_id , cm_name,cm_type ,cm_order , cm_state , cm_min_price , cm_max_price) values(12604,148,'2011款 TT Coupe 2.0TFSI quattro','2011款',3,1,546000,546000);
insert into t_car_model(cm_id , cs_id , cm_name,cm_type ,cm_order , cm_state , cm_min_price , cm_max_price) values(12605,148,'2011款 TT Roadster 2.0TFSI quattro','2011款',4,1,592000,592000);
insert into t_car_model(cm_id , cs_id , cm_name,cm_type ,cm_order , cm_state , cm_min_price , cm_max_price) values(6952,148,'2010款 TT 2.0TFSI典藏版','2010款',1,1,539000,539000);
insert into t_car_model(cm_id , cs_id , cm_name,cm_type ,cm_order , cm_state , cm_min_price , cm_max_price) values(4082,148,'2008款 TT Coupe 2.0TFSI','2008款',1,1,509000,509000);
insert into t_car_model(cm_id , cs_id , cm_name,cm_type ,cm_order , cm_state , cm_min_price , cm_max_price) values(4583,148,'2008款 TT Roadster 2.0TFSI','2008款',2,1,555000,555000);
insert into t_car_model(cm_id , cs_id , cm_name,cm_type ,cm_order , cm_state , cm_min_price , cm_max_price) values(4081,148,'2008款 TT 3.2 Quattro','2008款',3,1,645000,645000);
insert into t_car_model(cm_id , cs_id , cm_name,cm_type ,cm_order , cm_state , cm_min_price , cm_max_price) values(193,148,'2004款 TT Coupe 1.8T','2004款',1,1,490000,490000);
insert into t_car_model(cm_id , cs_id , cm_name,cm_type ,cm_order , cm_state , cm_min_price , cm_max_price) values(619,148,'2004款 TT Roadster 1.8T','2004款',2,1,485000,485000);
insert into t_car_model(cm_id , cs_id , cm_name,cm_type ,cm_order , cm_state , cm_min_price , cm_max_price) values(1772,148,'2004款 TT Coupe 3.2','2004款',3,1,650000,650000);
insert into t_car_model(cm_id , cs_id , cm_name,cm_type ,cm_order , cm_state , cm_min_price , cm_max_price) values(745,148,'2004款 TT Roadster 3.2','2004款',4,1,690000,690000);
insert into t_car_series(cs_id,cbf_id,cs_name,cs_order,cs_letter) values(2740,79,'奥迪TTS',211,'A');
insert into t_car_model(cm_id , cs_id , cm_name,cm_type ,cm_order , cm_state , cm_min_price , cm_max_price) values(29957,2740,'2017款 TTS Coupe 2.0TFSI quattro','2017款',1,1,597800,597800);
insert into t_car_model(cm_id , cs_id , cm_name,cm_type ,cm_order , cm_state , cm_min_price , cm_max_price) values(29958,2740,'2017款 TTS Roadster 2.0TFSI quattro','2017款',2,1,634800,634800);
insert into t_car_model(cm_id , cs_id , cm_name,cm_type ,cm_order , cm_state , cm_min_price , cm_max_price) values(18414,2740,'2016款 TTS Coupe 2.0TFSI quattro','2016款',1,1,681800,681800);
insert into t_car_model(cm_id , cs_id , cm_name,cm_type ,cm_order , cm_state , cm_min_price , cm_max_price) values(20427,2740,'2016款 TTS Roadster 2.0TFSI quattro','2016款',2,1,729800,729800);
insert into t_car_model(cm_id , cs_id , cm_name,cm_type ,cm_order , cm_state , cm_min_price , cm_max_price) values(13791,2740,'2013款 TTS Coupe 2.0TFSI quattro','2013款',1,1,662000,662000);
insert into t_car_model(cm_id , cs_id , cm_name,cm_type ,cm_order , cm_state , cm_min_price , cm_max_price) values(13792,2740,'2013款 TTS Roadster 2.0TFSI quattro','2013款',2,1,708000,708000);
insert into t_car_model(cm_id , cs_id , cm_name,cm_type ,cm_order , cm_state , cm_min_price , cm_max_price) values(7834,2740,'2011款 TTS Coupe 2.0TFSI quattro','2011款',1,1,662000,662000);
insert into t_car_model(cm_id , cs_id , cm_name,cm_type ,cm_order , cm_state , cm_min_price , cm_max_price) values(7480,2740,'2011款 TTS Roadster 2.0TFSI quattro','2011款',2,1,708000,708000);
insert into t_car_model(cm_id , cs_id , cm_name,cm_type ,cm_order , cm_state , cm_min_price , cm_max_price) values(4245,2740,'2008款 TTS Coupe 2.0TFSI quattro','2008款',1,1,659000,659000);
insert into t_car_model(cm_id , cs_id , cm_name,cm_type ,cm_order , cm_state , cm_min_price , cm_max_price) values(2607,2740,'2008款 TTS Roadster 2.0TFSI quattro','2008款',2,1,705000,705000);
