insert into t_car_brand_factory(cbf_id , cb_id , cbf_name ,cbf_letter) values(33,102,'奇瑞汽车','Q');
insert into t_car_series(cs_id,cbf_id,cs_name,cs_order,cs_letter) values(613,33,'威麟X5',4432,'W');
insert into t_car_model(cm_id , cs_id , cm_name,cm_type ,cm_order , cm_state , cm_min_price , cm_max_price) values(7726,613,'2011款 2.0T 两驱标准型','2011款',1,1,109800,109800);
insert into t_car_model(cm_id , cs_id , cm_name,cm_type ,cm_order , cm_state , cm_min_price , cm_max_price) values(7728,613,'2011款 2.0T 两驱舒适型','2011款',2,1,116800,116800);
insert into t_car_model(cm_id , cs_id , cm_name,cm_type ,cm_order , cm_state , cm_min_price , cm_max_price) values(7729,613,'2011款 2.0T 两驱精英型','2011款',3,1,122800,122800);
insert into t_car_model(cm_id , cs_id , cm_name,cm_type ,cm_order , cm_state , cm_min_price , cm_max_price) values(7730,613,'2011款 2.0T 四驱舒适型','2011款',4,1,131800,131800);
insert into t_car_model(cm_id , cs_id , cm_name,cm_type ,cm_order , cm_state , cm_min_price , cm_max_price) values(10628,613,'2011款 2.0T 四驱精英型','2011款',5,1,137800,137800);
insert into t_car_model(cm_id , cs_id , cm_name,cm_type ,cm_order , cm_state , cm_min_price , cm_max_price) values(10629,613,'2011款 2.0T 四驱豪华型','2011款',6,1,141800,141800);
insert into t_car_model(cm_id , cs_id , cm_name,cm_type ,cm_order , cm_state , cm_min_price , cm_max_price) values(3889,613,'2010款 2.0T 四驱舒适型','2010款',1,1,135800,135800);
insert into t_car_model(cm_id , cs_id , cm_name,cm_type ,cm_order , cm_state , cm_min_price , cm_max_price) values(7727,613,'2010款 2.0T 四驱精英型','2010款',2,1,143800,143800);
insert into t_car_series(cs_id,cbf_id,cs_name,cs_order,cs_letter) values(909,33,'威麟V5',4433,'W');
insert into t_car_model(cm_id , cs_id , cm_name,cm_type ,cm_order , cm_state , cm_min_price , cm_max_price) values(10637,909,'2012款 2.0L 自动豪华型','2012款',1,1,124800,124800);
insert into t_car_model(cm_id , cs_id , cm_name,cm_type ,cm_order , cm_state , cm_min_price , cm_max_price) values(10636,909,'2012款 2.0L 手动豪华型','2012款',2,1,109800,109800);
insert into t_car_model(cm_id , cs_id , cm_name,cm_type ,cm_order , cm_state , cm_min_price , cm_max_price) values(10635,909,'2012款 2.0L 手动舒适型','2012款',3,1,99800,99800);
insert into t_car_model(cm_id , cs_id , cm_name,cm_type ,cm_order , cm_state , cm_min_price , cm_max_price) values(10634,909,'2012款 1.9T 手动豪华型','2012款',4,1,132800,132800);
insert into t_car_model(cm_id , cs_id , cm_name,cm_type ,cm_order , cm_state , cm_min_price , cm_max_price) values(10633,909,'2012款 1.9T 手动舒适型','2012款',5,1,122800,122800);
insert into t_car_model(cm_id , cs_id , cm_name,cm_type ,cm_order , cm_state , cm_min_price , cm_max_price) values(10632,909,'2012款 1.8L 手动豪华型','2012款',6,1,104800,104800);
insert into t_car_model(cm_id , cs_id , cm_name,cm_type ,cm_order , cm_state , cm_min_price , cm_max_price) values(10631,909,'2012款 1.8L 手动舒适型','2012款',7,1,94800,94800);
insert into t_car_model(cm_id , cs_id , cm_name,cm_type ,cm_order , cm_state , cm_min_price , cm_max_price) values(8177,909,'2009款 1.8L 手动经典型','2009款',1,1,85800,85800);
insert into t_car_model(cm_id , cs_id , cm_name,cm_type ,cm_order , cm_state , cm_min_price , cm_max_price) values(5983,909,'2009款 1.8L 手动舒适型','2009款',2,1,99800,99800);
insert into t_car_model(cm_id , cs_id , cm_name,cm_type ,cm_order , cm_state , cm_min_price , cm_max_price) values(5984,909,'2009款 1.8L 手动豪华型','2009款',3,1,109800,109800);
insert into t_car_model(cm_id , cs_id , cm_name,cm_type ,cm_order , cm_state , cm_min_price , cm_max_price) values(5985,909,'2009款 1.9T 手动舒适型','2009款',4,1,127800,127800);
insert into t_car_model(cm_id , cs_id , cm_name,cm_type ,cm_order , cm_state , cm_min_price , cm_max_price) values(5986,909,'2009款 1.9T 手动豪华型','2009款',5,1,137800,137800);
insert into t_car_model(cm_id , cs_id , cm_name,cm_type ,cm_order , cm_state , cm_min_price , cm_max_price) values(5982,909,'2009款 2.0L 手动舒适型','2009款',6,1,104800,104800);
insert into t_car_model(cm_id , cs_id , cm_name,cm_type ,cm_order , cm_state , cm_min_price , cm_max_price) values(5981,909,'2009款 2.0L 手动豪华型','2009款',7,1,114800,114800);
insert into t_car_model(cm_id , cs_id , cm_name,cm_type ,cm_order , cm_state , cm_min_price , cm_max_price) values(5964,909,'2009款 2.0L 自动豪华型','2009款',8,1,129800,129800);
insert into t_car_brand_factory(cbf_id , cb_id , cbf_name ,cbf_letter) values(502,102,'奇瑞万达客车','Q');
insert into t_car_series(cs_id,cbf_id,cs_name,cs_order,cs_letter) values(4796,502,'威麟H6',4435,'W');
insert into t_car_model(cm_id , cs_id , cm_name,cm_type ,cm_order , cm_state , cm_min_price , cm_max_price) values(1006676,4796,'2018款 2.7L汽油公务型','2018款',1,1,226800,226800);
insert into t_car_model(cm_id , cs_id , cm_name,cm_type ,cm_order , cm_state , cm_min_price , cm_max_price) values(1006675,4796,'2018款 2.8T柴油公务型','2018款',2,1,236800,236800);
insert into t_car_model(cm_id , cs_id , cm_name,cm_type ,cm_order , cm_state , cm_min_price , cm_max_price) values(1006677,4796,'2018款 2.8T柴油商务型','2018款',3,1,246800,246800);
insert into t_car_model(cm_id , cs_id , cm_name,cm_type ,cm_order , cm_state , cm_min_price , cm_max_price) values(1006287,4796,'2018款 2.8T手动豪华型','2018款',4,1,226800,226800);
insert into t_car_series(cs_id,cbf_id,cs_name,cs_order,cs_letter) values(2538,502,'威麟H3',4436,'W');
insert into t_car_model(cm_id , cs_id , cm_name,cm_type ,cm_order , cm_state , cm_min_price , cm_max_price) values(1000531,2538,'2011款 2.0T豪华型','2011款',1,1,159800,159800);
insert into t_car_series(cs_id,cbf_id,cs_name,cs_order,cs_letter) values(2539,502,'威麟H5',4437,'W');
insert into t_car_model(cm_id , cs_id , cm_name,cm_type ,cm_order , cm_state , cm_min_price , cm_max_price) values(1006673,2539,'2018款 2.7L汽油公务型','2018款',1,1,206800,206800);
insert into t_car_model(cm_id , cs_id , cm_name,cm_type ,cm_order , cm_state , cm_min_price , cm_max_price) values(1006679,2539,'2018款 2.7L汽油商务型','2018款',2,1,216800,216800);
insert into t_car_model(cm_id , cs_id , cm_name,cm_type ,cm_order , cm_state , cm_min_price , cm_max_price) values(1006678,2539,'2018款 2.8T柴油公务型','2018款',3,1,216800,216800);
insert into t_car_model(cm_id , cs_id , cm_name,cm_type ,cm_order , cm_state , cm_min_price , cm_max_price) values(1006671,2539,'2018款 2.8T柴油商务型','2018款',4,1,226800,226800);
insert into t_car_model(cm_id , cs_id , cm_name,cm_type ,cm_order , cm_state , cm_min_price , cm_max_price) values(1006286,2539,'2018款 2.8T手动豪华型','2018款',5,1,216800,216800);
insert into t_car_model(cm_id , cs_id , cm_name,cm_type ,cm_order , cm_state , cm_min_price , cm_max_price) values(1000534,2539,'2011款 2.0T商务舒适型','2011款',1,1,193800,193800);
insert into t_car_model(cm_id , cs_id , cm_name,cm_type ,cm_order , cm_state , cm_min_price , cm_max_price) values(1000532,2539,'2011款 2.0T商务豪华型','2011款',2,1,213800,213800);
insert into t_car_model(cm_id , cs_id , cm_name,cm_type ,cm_order , cm_state , cm_min_price , cm_max_price) values(1000533,2539,'2010款 2.0T豪华型','2010款',1,1,179800,179800);
