insert into t_car_brand_factory(cbf_id , cb_id , cbf_name ,cbf_letter) values(32,329,'广汽本田','G');
insert into t_car_series(cs_id,cbf_id,cs_name,cs_order,cs_letter) values(5953,32,'绎乐',2139,'Y');
insert into t_car_model(cm_id , cs_id , cm_name,cm_type ,cm_order , cm_state , cm_min_price , cm_max_price) values(50120,5953,'2021款 豪华版','2021款',1,1,167800,167800);
insert into t_car_model(cm_id , cs_id , cm_name,cm_type ,cm_order , cm_state , cm_min_price , cm_max_price) values(48662,5953,'2021款 尊贵版','2021款',2,1,189800,189800);
insert into t_car_series(cs_id,cbf_id,cs_name,cs_order,cs_letter) values(4985,32,'世锐PHEV',2140,'S');
insert into t_car_model(cm_id , cs_id , cm_name,cm_type ,cm_order , cm_state , cm_min_price , cm_max_price) values(36979,4985,'2019款 精英版','2019款',1,1,196800,196800);
insert into t_car_model(cm_id , cs_id , cm_name,cm_type ,cm_order , cm_state , cm_min_price , cm_max_price) values(36335,4985,'2019款 豪华版','2019款',2,1,206800,206800);
insert into t_car_brand_factory(cbf_id , cb_id , cbf_name ,cbf_letter) values(155,329,'广汽丰田','G');
insert into t_car_series(cs_id,cbf_id,cs_name,cs_order,cs_letter) values(5372,155,'广汽丰田iA5',2144,'G');
insert into t_car_model(cm_id , cs_id , cm_name,cm_type ,cm_order , cm_state , cm_min_price , cm_max_price) values(49623,5372,'2021款 领先版','2021款',1,1,169800,169800);
insert into t_car_model(cm_id , cs_id , cm_name,cm_type ,cm_order , cm_state , cm_min_price , cm_max_price) values(49624,5372,'2021款 豪华版','2021款',2,1,182800,182800);
insert into t_car_model(cm_id , cs_id , cm_name,cm_type ,cm_order , cm_state , cm_min_price , cm_max_price) values(49625,5372,'2021款 尊贵版','2021款',3,1,192800,192800);
insert into t_car_model(cm_id , cs_id , cm_name,cm_type ,cm_order , cm_state , cm_min_price , cm_max_price) values(41455,5372,'2019款 领先版','2019款',1,1,169800,169800);
insert into t_car_model(cm_id , cs_id , cm_name,cm_type ,cm_order , cm_state , cm_min_price , cm_max_price) values(41456,5372,'2019款 豪华版','2019款',2,1,182800,182800);
insert into t_car_model(cm_id , cs_id , cm_name,cm_type ,cm_order , cm_state , cm_min_price , cm_max_price) values(40811,5372,'2019款 尊贵版','2019款',3,1,192800,192800);
insert into t_car_series(cs_id,cbf_id,cs_name,cs_order,cs_letter) values(4793,155,'广汽ix4',2145,'G');
insert into t_car_model(cm_id , cs_id , cm_name,cm_type ,cm_order , cm_state , cm_min_price , cm_max_price) values(35594,4793,'2018款 领先版','2018款',1,1,214800,214800);
insert into t_car_model(cm_id , cs_id , cm_name,cm_type ,cm_order , cm_state , cm_min_price , cm_max_price) values(35603,4793,'2018款 豪华版','2018款',2,1,224800,224800);
insert into t_car_brand_factory(cbf_id , cb_id , cbf_name ,cbf_letter) values(355,329,'广汽三菱','G');
insert into t_car_series(cs_id,cbf_id,cs_name,cs_order,cs_letter) values(4932,355,'祺智EV',2147,'Q');
insert into t_car_model(cm_id , cs_id , cm_name,cm_type ,cm_order , cm_state , cm_min_price , cm_max_price) values(40739,4932,'2020款 畅行版','2020款',1,1,129800,129800);
insert into t_car_model(cm_id , cs_id , cm_name,cm_type ,cm_order , cm_state , cm_min_price , cm_max_price) values(38986,4932,'2020款 睿行版','2020款',2,1,139800,139800);
insert into t_car_model(cm_id , cs_id , cm_name,cm_type ,cm_order , cm_state , cm_min_price , cm_max_price) values(35785,4932,'2019款 EV530 锋行版','2019款',1,1,226500,226500);
insert into t_car_model(cm_id , cs_id , cm_name,cm_type ,cm_order , cm_state , cm_min_price , cm_max_price) values(35786,4932,'2019款 EV530 智行版','2019款',2,1,230500,230500);
insert into t_car_series(cs_id,cbf_id,cs_name,cs_order,cs_letter) values(4431,355,'祺智PHEV',2148,'Q');
insert into t_car_model(cm_id , cs_id , cm_name,cm_type ,cm_order , cm_state , cm_min_price , cm_max_price) values(35138,4431,'2019款 1.5L 智联豪华版','2019款',1,1,209800,209800);
insert into t_car_model(cm_id , cs_id , cm_name,cm_type ,cm_order , cm_state , cm_min_price , cm_max_price) values(35139,4431,'2019款 1.5L 智联尊贵版','2019款',2,1,219800,219800);
insert into t_car_model(cm_id , cs_id , cm_name,cm_type ,cm_order , cm_state , cm_min_price , cm_max_price) values(33130,4431,'2018款 1.5L 智联豪华版','2018款',1,1,209800,209800);
insert into t_car_model(cm_id , cs_id , cm_name,cm_type ,cm_order , cm_state , cm_min_price , cm_max_price) values(30278,4431,'2018款 1.5L 智联尊贵版','2018款',2,1,219800,219800);
