insert into t_car_brand_factory(cbf_id , cb_id , cbf_name ,cbf_letter) values(505,330,'江淮大众','J');
insert into t_car_series(cs_id,cbf_id,cs_name,cs_order,cs_letter) values(4795,505,'思皓E20X',4257,'S');
insert into t_car_model(cm_id , cs_id , cm_name,cm_type ,cm_order , cm_state , cm_min_price , cm_max_price) values(42055,4795,'2020款 心声版','2020款',1,1,128000,128000);
insert into t_car_model(cm_id , cs_id , cm_name,cm_type ,cm_order , cm_state , cm_min_price , cm_max_price) values(41925,4795,'2020款 不凡版','2020款',2,1,138000,138000);
insert into t_car_brand_factory(cbf_id , cb_id , cbf_name ,cbf_letter) values(618,330,'江汽集团','J');
insert into t_car_series(cs_id,cbf_id,cs_name,cs_order,cs_letter) values(6439,618,'思皓E50X',4258,'S');
insert into t_car_model(cm_id , cs_id , cm_name,cm_type ,cm_order , cm_state , cm_min_price , cm_max_price) values(53683,6439,'2022款 基本型','2022款',1,1,0,0);
insert into t_car_series(cs_id,cbf_id,cs_name,cs_order,cs_letter) values(5973,618,'思皓E10X',4259,'S');
insert into t_car_model(cm_id , cs_id , cm_name,cm_type ,cm_order , cm_state , cm_min_price , cm_max_price) values(54537,5973,'2022款 花仙子款 四叶草','2022款',1,1,69900,69900);
insert into t_car_model(cm_id , cs_id , cm_name,cm_type ,cm_order , cm_state , cm_min_price , cm_max_price) values(54538,5973,'2022款 花仙子款 满天星','2022款',2,1,72900,72900);
insert into t_car_model(cm_id , cs_id , cm_name,cm_type ,cm_order , cm_state , cm_min_price , cm_max_price) values(54516,5973,'2022款 花仙子款 向日葵','2022款',3,1,76900,76900);
insert into t_car_model(cm_id , cs_id , cm_name,cm_type ,cm_order , cm_state , cm_min_price , cm_max_price) values(49761,5973,'2021款 150km 基本型','2021款',1,1,39900,39900);
insert into t_car_model(cm_id , cs_id , cm_name,cm_type ,cm_order , cm_state , cm_min_price , cm_max_price) values(49760,5973,'2021款 150km 进取型','2021款',2,1,41900,41900);
insert into t_car_model(cm_id , cs_id , cm_name,cm_type ,cm_order , cm_state , cm_min_price , cm_max_price) values(49759,5973,'2021款 200km 经典型','2021款',3,1,46900,46900);
insert into t_car_model(cm_id , cs_id , cm_name,cm_type ,cm_order , cm_state , cm_min_price , cm_max_price) values(49758,5973,'2021款 200km 舒享型','2021款',4,1,49900,49900);
insert into t_car_model(cm_id , cs_id , cm_name,cm_type ,cm_order , cm_state , cm_min_price , cm_max_price) values(49757,5973,'2021款 302km 时尚型 30.2kWh','2021款',5,1,66900,66900);
insert into t_car_model(cm_id , cs_id , cm_name,cm_type ,cm_order , cm_state , cm_min_price , cm_max_price) values(48860,5973,'2021款 302km 豪华型 30.2kWh','2021款',6,1,69900,69900);
insert into t_car_model(cm_id , cs_id , cm_name,cm_type ,cm_order , cm_state , cm_min_price , cm_max_price) values(49756,5973,'2021款 302km 超越型 30.2kWh','2021款',7,1,75900,75900);
insert into t_car_model(cm_id , cs_id , cm_name,cm_type ,cm_order , cm_state , cm_min_price , cm_max_price) values(54054,5973,'2021款 302km 时尚型 31.4kWh','2021款',8,1,66900,66900);
insert into t_car_model(cm_id , cs_id , cm_name,cm_type ,cm_order , cm_state , cm_min_price , cm_max_price) values(54055,5973,'2021款 302km 豪华型 31.4kWh','2021款',9,1,69900,69900);
insert into t_car_model(cm_id , cs_id , cm_name,cm_type ,cm_order , cm_state , cm_min_price , cm_max_price) values(54056,5973,'2021款 302km 超越型 31.4kWh','2021款',10,1,75900,75900);
insert into t_car_model(cm_id , cs_id , cm_name,cm_type ,cm_order , cm_state , cm_min_price , cm_max_price) values(52547,5973,'2021款 集美版 302km 时尚型','2021款',11,1,66900,66900);
insert into t_car_model(cm_id , cs_id , cm_name,cm_type ,cm_order , cm_state , cm_min_price , cm_max_price) values(52658,5973,'2021款 集美版 302km 豪华型','2021款',12,1,70400,70400);
insert into t_car_model(cm_id , cs_id , cm_name,cm_type ,cm_order , cm_state , cm_min_price , cm_max_price) values(52659,5973,'2021款 集美版 302km 超越型','2021款',13,1,76400,76400);
insert into t_car_series(cs_id,cbf_id,cs_name,cs_order,cs_letter) values(5914,618,'思皓A5',4260,'S');
insert into t_car_model(cm_id , cs_id , cm_name,cm_type ,cm_order , cm_state , cm_min_price , cm_max_price) values(48688,5914,'2021款 1.5T 手动舒适型','2021款',1,1,78800,78800);
insert into t_car_model(cm_id , cs_id , cm_name,cm_type ,cm_order , cm_state , cm_min_price , cm_max_price) values(48689,5914,'2021款 1.5T 手动豪华型','2021款',2,1,88800,88800);
insert into t_car_model(cm_id , cs_id , cm_name,cm_type ,cm_order , cm_state , cm_min_price , cm_max_price) values(48690,5914,'2021款 1.5T CVT豪华智能型','2021款',3,1,98800,98800);
insert into t_car_model(cm_id , cs_id , cm_name,cm_type ,cm_order , cm_state , cm_min_price , cm_max_price) values(48691,5914,'2021款 1.5T CVT尊贵智联型','2021款',4,1,105800,105800);
insert into t_car_model(cm_id , cs_id , cm_name,cm_type ,cm_order , cm_state , cm_min_price , cm_max_price) values(47938,5914,'2021款 1.5T CVT旗舰型','2021款',5,1,115800,115800);
insert into t_car_model(cm_id , cs_id , cm_name,cm_type ,cm_order , cm_state , cm_min_price , cm_max_price) values(51204,5914,'2021款 1.5T CVT旗舰智尊型','2021款',6,1,145800,145800);
insert into t_car_series(cs_id,cbf_id,cs_name,cs_order,cs_letter) values(5833,618,'思皓E50A',4261,'S');
insert into t_car_model(cm_id , cs_id , cm_name,cm_type ,cm_order , cm_state , cm_min_price , cm_max_price) values(50745,5833,'2021款 尊享版','2021款',1,1,140900,140900);
insert into t_car_model(cm_id , cs_id , cm_name,cm_type ,cm_order , cm_state , cm_min_price , cm_max_price) values(50746,5833,'2021款 出行版','2021款',2,1,149900,149900);
insert into t_car_model(cm_id , cs_id , cm_name,cm_type ,cm_order , cm_state , cm_min_price , cm_max_price) values(50747,5833,'2021款 运动版','2021款',3,1,155900,155900);
insert into t_car_model(cm_id , cs_id , cm_name,cm_type ,cm_order , cm_state , cm_min_price , cm_max_price) values(52756,5833,'2021款 畅享版','2021款',4,1,161900,161900);
insert into t_car_model(cm_id , cs_id , cm_name,cm_type ,cm_order , cm_state , cm_min_price , cm_max_price) values(50748,5833,'2021款 都市版','2021款',5,1,164900,164900);
insert into t_car_model(cm_id , cs_id , cm_name,cm_type ,cm_order , cm_state , cm_min_price , cm_max_price) values(51443,5833,'2021款 悦享出行版','2021款',6,1,161900,161900);
insert into t_car_series(cs_id,cbf_id,cs_name,cs_order,cs_letter) values(6319,618,'思皓曜',4262,'S');
insert into t_car_model(cm_id , cs_id , cm_name,cm_type ,cm_order , cm_state , cm_min_price , cm_max_price) values(52930,6319,'2021款 1.5TGDI DCT风轻版','2021款',1,1,98800,98800);
insert into t_car_model(cm_id , cs_id , cm_name,cm_type ,cm_order , cm_state , cm_min_price , cm_max_price) values(52931,6319,'2021款 1.5TGDI DCT急速版','2021款',2,1,105800,105800);
insert into t_car_model(cm_id , cs_id , cm_name,cm_type ,cm_order , cm_state , cm_min_price , cm_max_price) values(52932,6319,'2021款 1.5TGDI DCT穿云版','2021款',3,1,112800,112800);
insert into t_car_model(cm_id , cs_id , cm_name,cm_type ,cm_order , cm_state , cm_min_price , cm_max_price) values(52933,6319,'2021款 1.5TGDI DCT穿云RACE版','2021款',4,1,118800,118800);
insert into t_car_model(cm_id , cs_id , cm_name,cm_type ,cm_order , cm_state , cm_min_price , cm_max_price) values(52934,6319,'2021款 1.5TGDI DCT闪电RACE版','2021款',5,1,126800,126800);
insert into t_car_model(cm_id , cs_id , cm_name,cm_type ,cm_order , cm_state , cm_min_price , cm_max_price) values(52935,6319,'2021款 1.5TGDI DCT逐日RACE版','2021款',6,1,134800,134800);
insert into t_car_series(cs_id,cbf_id,cs_name,cs_order,cs_letter) values(5832,618,'思皓E40X',4263,'S');
insert into t_car_model(cm_id , cs_id , cm_name,cm_type ,cm_order , cm_state , cm_min_price , cm_max_price) values(49460,5832,'2021款 银甲版','2021款',1,1,130000,130000);
insert into t_car_model(cm_id , cs_id , cm_name,cm_type ,cm_order , cm_state , cm_min_price , cm_max_price) values(49219,5832,'2021款 金甲版','2021款',2,1,135900,135900);
insert into t_car_model(cm_id , cs_id , cm_name,cm_type ,cm_order , cm_state , cm_min_price , cm_max_price) values(53167,5832,'2021款 出行版','2021款',3,1,140900,140900);
insert into t_car_model(cm_id , cs_id , cm_name,cm_type ,cm_order , cm_state , cm_min_price , cm_max_price) values(48096,5832,'2021款 金甲版Pro','2021款',4,1,155900,155900);
insert into t_car_series(cs_id,cbf_id,cs_name,cs_order,cs_letter) values(5983,618,'思皓X4',4264,'S');
insert into t_car_model(cm_id , cs_id , cm_name,cm_type ,cm_order , cm_state , cm_min_price , cm_max_price) values(55226,5983,'2022款 1.5T CVT酋长定制版','2022款',1,1,118800,118800);
insert into t_car_model(cm_id , cs_id , cm_name,cm_type ,cm_order , cm_state , cm_min_price , cm_max_price) values(50019,5983,'2021款 1.5T 手动机甲版','2021款',1,1,89800,89800);
insert into t_car_model(cm_id , cs_id , cm_name,cm_type ,cm_order , cm_state , cm_min_price , cm_max_price) values(50020,5983,'2021款 1.5T CVT机甲版','2021款',2,1,97800,97800);
insert into t_car_model(cm_id , cs_id , cm_name,cm_type ,cm_order , cm_state , cm_min_price , cm_max_price) values(53122,5983,'2021款 1.5T CVT酋长版','2021款',3,1,105800,105800);
insert into t_car_model(cm_id , cs_id , cm_name,cm_type ,cm_order , cm_state , cm_min_price , cm_max_price) values(48997,5983,'2021款 1.5T CVT顶配版','2021款',4,1,0,0);
insert into t_car_series(cs_id,cbf_id,cs_name,cs_order,cs_letter) values(6006,618,'思皓QX',4265,'S');
insert into t_car_model(cm_id , cs_id , cm_name,cm_type ,cm_order , cm_state , cm_min_price , cm_max_price) values(55174,6006,'2022款 300T DCT探月版','2022款',1,1,132900,132900);
insert into t_car_model(cm_id , cs_id , cm_name,cm_type ,cm_order , cm_state , cm_min_price , cm_max_price) values(50862,6006,'2021款 300T 手动豪华型','2021款',1,1,101900,101900);
insert into t_car_model(cm_id , cs_id , cm_name,cm_type ,cm_order , cm_state , cm_min_price , cm_max_price) values(50863,6006,'2021款 300T 手动豪华智联型','2021款',2,1,111900,111900);
insert into t_car_model(cm_id , cs_id , cm_name,cm_type ,cm_order , cm_state , cm_min_price , cm_max_price) values(50860,6006,'2021款 300T DCT豪华型','2021款',3,1,109900,109900);
insert into t_car_model(cm_id , cs_id , cm_name,cm_type ,cm_order , cm_state , cm_min_price , cm_max_price) values(50859,6006,'2021款 300T DCT豪华智联型','2021款',4,1,119900,119900);
insert into t_car_model(cm_id , cs_id , cm_name,cm_type ,cm_order , cm_state , cm_min_price , cm_max_price) values(50857,6006,'2021款 300T DCT尊贵智联型','2021款',5,1,126900,126900);
insert into t_car_model(cm_id , cs_id , cm_name,cm_type ,cm_order , cm_state , cm_min_price , cm_max_price) values(55347,6006,'2021款 300T DCT豪华天籁型','2021款',6,1,130900,130900);
insert into t_car_model(cm_id , cs_id , cm_name,cm_type ,cm_order , cm_state , cm_min_price , cm_max_price) values(50855,6006,'2021款 300T DCT尊享智联型','2021款',7,1,132900,132900);
insert into t_car_model(cm_id , cs_id , cm_name,cm_type ,cm_order , cm_state , cm_min_price , cm_max_price) values(53089,6006,'2021款 300T DCT追光版','2021款',8,1,134900,134900);
insert into t_car_model(cm_id , cs_id , cm_name,cm_type ,cm_order , cm_state , cm_min_price , cm_max_price) values(50854,6006,'2021款 300T DCT尊荣智联型','2021款',9,1,138900,138900);
insert into t_car_model(cm_id , cs_id , cm_name,cm_type ,cm_order , cm_state , cm_min_price , cm_max_price) values(49418,6006,'2021款 300T DCT旗舰智联型','2021款',10,1,148900,148900);
insert into t_car_model(cm_id , cs_id , cm_name,cm_type ,cm_order , cm_state , cm_min_price , cm_max_price) values(55348,6006,'2021款 300T DCT豪华乐享型','2021款',11,1,159800,159800);
insert into t_car_model(cm_id , cs_id , cm_name,cm_type ,cm_order , cm_state , cm_min_price , cm_max_price) values(55349,6006,'2021款 300T DCT旗舰尊享型','2021款',12,1,196900,196900);
insert into t_car_series(cs_id,cbf_id,cs_name,cs_order,cs_letter) values(5984,618,'思皓X7',4266,'S');
insert into t_car_model(cm_id , cs_id , cm_name,cm_type ,cm_order , cm_state , cm_min_price , cm_max_price) values(49878,5984,'2021款 1.5T 豪华型','2021款',1,1,134800,134800);
insert into t_car_model(cm_id , cs_id , cm_name,cm_type ,cm_order , cm_state , cm_min_price , cm_max_price) values(49877,5984,'2021款 1.5T 尊贵型','2021款',2,1,139800,139800);
insert into t_car_model(cm_id , cs_id , cm_name,cm_type ,cm_order , cm_state , cm_min_price , cm_max_price) values(48998,5984,'2021款 1.5T 旗舰型','2021款',3,1,149800,149800);
insert into t_car_model(cm_id , cs_id , cm_name,cm_type ,cm_order , cm_state , cm_min_price , cm_max_price) values(50242,5984,'2021款 1.5T 旗舰智尊型','2021款',4,1,179800,179800);
insert into t_car_series(cs_id,cbf_id,cs_name,cs_order,cs_letter) values(5641,618,'思皓X8',4267,'S');
insert into t_car_model(cm_id , cs_id , cm_name,cm_type ,cm_order , cm_state , cm_min_price , cm_max_price) values(55096,5641,'2022款 大圣版 300T DCT行者型 6座','2022款',1,1,123800,123800);
insert into t_car_model(cm_id , cs_id , cm_name,cm_type ,cm_order , cm_state , cm_min_price , cm_max_price) values(55097,5641,'2022款 大圣版 300T DCT行者型 7座','2022款',2,1,123800,123800);
insert into t_car_model(cm_id , cs_id , cm_name,cm_type ,cm_order , cm_state , cm_min_price , cm_max_price) values(55099,5641,'2022款 大圣版 300T DCT悟空型 6座','2022款',3,1,129800,129800);
insert into t_car_model(cm_id , cs_id , cm_name,cm_type ,cm_order , cm_state , cm_min_price , cm_max_price) values(55100,5641,'2022款 大圣版 300T DCT悟空型 7座','2022款',4,1,129800,129800);
insert into t_car_model(cm_id , cs_id , cm_name,cm_type ,cm_order , cm_state , cm_min_price , cm_max_price) values(54607,5641,'2022款 途岳版','2022款',5,1,121800,121800);
insert into t_car_model(cm_id , cs_id , cm_name,cm_type ,cm_order , cm_state , cm_min_price , cm_max_price) values(47987,5641,'2021款 300T 手动舒适版 5座','2021款',1,1,88800,88800);
insert into t_car_model(cm_id , cs_id , cm_name,cm_type ,cm_order , cm_state , cm_min_price , cm_max_price) values(47988,5641,'2021款 300T 手动舒适版 6座','2021款',2,1,91800,91800);
insert into t_car_model(cm_id , cs_id , cm_name,cm_type ,cm_order , cm_state , cm_min_price , cm_max_price) values(47989,5641,'2021款 300T 手动舒适版 7座','2021款',3,1,91800,91800);
insert into t_car_model(cm_id , cs_id , cm_name,cm_type ,cm_order , cm_state , cm_min_price , cm_max_price) values(47990,5641,'2021款 300T 手动全景豪华版 5座','2021款',4,1,96800,96800);
insert into t_car_model(cm_id , cs_id , cm_name,cm_type ,cm_order , cm_state , cm_min_price , cm_max_price) values(47991,5641,'2021款 300T 手动全景豪华版 6座','2021款',5,1,99800,99800);
insert into t_car_model(cm_id , cs_id , cm_name,cm_type ,cm_order , cm_state , cm_min_price , cm_max_price) values(47993,5641,'2021款 300T 手动全景豪华版 7座','2021款',6,1,99800,99800);
insert into t_car_model(cm_id , cs_id , cm_name,cm_type ,cm_order , cm_state , cm_min_price , cm_max_price) values(50495,5641,'2021款 300T 手动领先智联版 5座','2021款',7,1,103800,103800);
insert into t_car_model(cm_id , cs_id , cm_name,cm_type ,cm_order , cm_state , cm_min_price , cm_max_price) values(50496,5641,'2021款 300T 手动领先智联版 6座','2021款',8,1,106800,106800);
insert into t_car_model(cm_id , cs_id , cm_name,cm_type ,cm_order , cm_state , cm_min_price , cm_max_price) values(50497,5641,'2021款 300T 手动领先智联版 7座','2021款',9,1,106800,106800);
insert into t_car_model(cm_id , cs_id , cm_name,cm_type ,cm_order , cm_state , cm_min_price , cm_max_price) values(47997,5641,'2021款 300T DCT舒适版 5座','2021款',10,1,95800,95800);
insert into t_car_model(cm_id , cs_id , cm_name,cm_type ,cm_order , cm_state , cm_min_price , cm_max_price) values(47998,5641,'2021款 300T DCT舒适版 6座','2021款',11,1,98800,98800);
insert into t_car_model(cm_id , cs_id , cm_name,cm_type ,cm_order , cm_state , cm_min_price , cm_max_price) values(48000,5641,'2021款 300T DCT舒适版 7座','2021款',12,1,98800,98800);
insert into t_car_model(cm_id , cs_id , cm_name,cm_type ,cm_order , cm_state , cm_min_price , cm_max_price) values(48001,5641,'2021款 300T DCT全景豪华版 5座','2021款',13,1,103800,103800);
insert into t_car_model(cm_id , cs_id , cm_name,cm_type ,cm_order , cm_state , cm_min_price , cm_max_price) values(48002,5641,'2021款 300T DCT全景豪华版 6座','2021款',14,1,106800,106800);
insert into t_car_model(cm_id , cs_id , cm_name,cm_type ,cm_order , cm_state , cm_min_price , cm_max_price) values(48003,5641,'2021款 300T DCT全景豪华版 7座','2021款',15,1,106800,106800);
insert into t_car_model(cm_id , cs_id , cm_name,cm_type ,cm_order , cm_state , cm_min_price , cm_max_price) values(50502,5641,'2021款 300T DCT领先智联版 5座','2021款',16,1,110800,110800);
insert into t_car_model(cm_id , cs_id , cm_name,cm_type ,cm_order , cm_state , cm_min_price , cm_max_price) values(50503,5641,'2021款 300T DCT领先智联版 6座','2021款',17,1,113800,113800);
insert into t_car_model(cm_id , cs_id , cm_name,cm_type ,cm_order , cm_state , cm_min_price , cm_max_price) values(50504,5641,'2021款 300T DCT领先智联版 7座','2021款',18,1,113800,113800);
insert into t_car_model(cm_id , cs_id , cm_name,cm_type ,cm_order , cm_state , cm_min_price , cm_max_price) values(48007,5641,'2021款 300T DCT尊贵智联版 5座','2021款',19,1,114800,114800);
insert into t_car_model(cm_id , cs_id , cm_name,cm_type ,cm_order , cm_state , cm_min_price , cm_max_price) values(48008,5641,'2021款 300T DCT尊贵智联版 6座','2021款',20,1,117800,117800);
insert into t_car_model(cm_id , cs_id , cm_name,cm_type ,cm_order , cm_state , cm_min_price , cm_max_price) values(50391,5641,'2021款 300T DCT尊贵智联版 7座','2021款',21,1,117800,117800);
insert into t_car_model(cm_id , cs_id , cm_name,cm_type ,cm_order , cm_state , cm_min_price , cm_max_price) values(48009,5641,'2021款 300T DCT旗舰智联版 5座','2021款',22,1,134800,134800);
insert into t_car_model(cm_id , cs_id , cm_name,cm_type ,cm_order , cm_state , cm_min_price , cm_max_price) values(48006,5641,'2021款 300T DCT旗舰智联版 6座','2021款',23,1,137800,137800);
insert into t_car_model(cm_id , cs_id , cm_name,cm_type ,cm_order , cm_state , cm_min_price , cm_max_price) values(51093,5641,'2021款 300T DCT旗舰智尊版 5座','2021款',24,1,169800,169800);
insert into t_car_model(cm_id , cs_id , cm_name,cm_type ,cm_order , cm_state , cm_min_price , cm_max_price) values(51094,5641,'2021款 300T DCT旗舰智尊版 6座','2021款',25,1,172800,172800);
insert into t_car_model(cm_id , cs_id , cm_name,cm_type ,cm_order , cm_state , cm_min_price , cm_max_price) values(51095,5641,'2021款 300T DCT旗舰智尊版 7座','2021款',26,1,172800,172800);
insert into t_car_model(cm_id , cs_id , cm_name,cm_type ,cm_order , cm_state , cm_min_price , cm_max_price) values(50491,5641,'2021款 改款 300T 手动豪华智联版 5座','2021款',27,1,99800,99800);
insert into t_car_model(cm_id , cs_id , cm_name,cm_type ,cm_order , cm_state , cm_min_price , cm_max_price) values(50492,5641,'2021款 改款 300T 手动豪华智联版 6座','2021款',28,1,102800,102800);
insert into t_car_model(cm_id , cs_id , cm_name,cm_type ,cm_order , cm_state , cm_min_price , cm_max_price) values(50494,5641,'2021款 改款 300T 手动豪华智联版 7座','2021款',29,1,102800,102800);
insert into t_car_model(cm_id , cs_id , cm_name,cm_type ,cm_order , cm_state , cm_min_price , cm_max_price) values(50498,5641,'2021款 改款 300T DCT豪华智联版 5座','2021款',30,1,106800,106800);
insert into t_car_model(cm_id , cs_id , cm_name,cm_type ,cm_order , cm_state , cm_min_price , cm_max_price) values(50499,5641,'2021款 改款 300T DCT豪华智联版 6座','2021款',31,1,109800,109800);
insert into t_car_model(cm_id , cs_id , cm_name,cm_type ,cm_order , cm_state , cm_min_price , cm_max_price) values(50501,5641,'2021款 改款 300T DCT豪华智联版 7座','2021款',32,1,109800,109800);
insert into t_car_model(cm_id , cs_id , cm_name,cm_type ,cm_order , cm_state , cm_min_price , cm_max_price) values(47994,5641,'2021款 300T 手动豪华智联版 5座','2021款',33,1,99800,99800);
insert into t_car_model(cm_id , cs_id , cm_name,cm_type ,cm_order , cm_state , cm_min_price , cm_max_price) values(47995,5641,'2021款 300T 手动豪华智联版 6座','2021款',34,1,102800,102800);
insert into t_car_model(cm_id , cs_id , cm_name,cm_type ,cm_order , cm_state , cm_min_price , cm_max_price) values(47996,5641,'2021款 300T 手动豪华智联版 7座','2021款',35,1,102800,102800);
insert into t_car_model(cm_id , cs_id , cm_name,cm_type ,cm_order , cm_state , cm_min_price , cm_max_price) values(48004,5641,'2021款 300T DCT豪华智联版 5座','2021款',36,1,106800,106800);
insert into t_car_model(cm_id , cs_id , cm_name,cm_type ,cm_order , cm_state , cm_min_price , cm_max_price) values(48005,5641,'2021款 300T DCT豪华智联版 6座','2021款',37,1,109800,109800);
insert into t_car_model(cm_id , cs_id , cm_name,cm_type ,cm_order , cm_state , cm_min_price , cm_max_price) values(47918,5641,'2021款 300T DCT豪华智联版 7座','2021款',38,1,109800,109800);
