insert into t_car_brand_factory(cbf_id , cb_id , cbf_name ,cbf_letter) values(162,67,'上汽大众斯柯达','S');
insert into t_car_series(cs_id,cbf_id,cs_name,cs_order,cs_letter) values(519,162,'明锐',4299,'M');
insert into t_car_model(cm_id , cs_id , cm_name,cm_type ,cm_order , cm_state , cm_min_price , cm_max_price) values(51023,519,'2021款 PRO TSI280 DSG性能版','2021款',1,1,124900,124900);
insert into t_car_model(cm_id , cs_id , cm_name,cm_type ,cm_order , cm_state , cm_min_price , cm_max_price) values(50971,519,'2021款 PRO TSI280 DSG豪华版','2021款',2,1,136900,136900);
insert into t_car_model(cm_id , cs_id , cm_name,cm_type ,cm_order , cm_state , cm_min_price , cm_max_price) values(50590,519,'2021款 PRO TSI280 DSG尊贵版','2021款',3,1,147900,147900);
insert into t_car_model(cm_id , cs_id , cm_name,cm_type ,cm_order , cm_state , cm_min_price , cm_max_price) values(49666,519,'2021款 PRO TSI280 DSG旗舰版','2021款',4,1,157900,157900);
insert into t_car_model(cm_id , cs_id , cm_name,cm_type ,cm_order , cm_state , cm_min_price , cm_max_price) values(52597,519,'2021款 1.5L 手动舒适版','2021款',5,1,109900,109900);
insert into t_car_model(cm_id , cs_id , cm_name,cm_type ,cm_order , cm_state , cm_min_price , cm_max_price) values(52565,519,'2021款 1.5L 自动舒适版','2021款',6,1,116900,116900);
insert into t_car_model(cm_id , cs_id , cm_name,cm_type ,cm_order , cm_state , cm_min_price , cm_max_price) values(52598,519,'2021款 1.5L 自动豪华版','2021款',7,1,126900,126900);
insert into t_car_model(cm_id , cs_id , cm_name,cm_type ,cm_order , cm_state , cm_min_price , cm_max_price) values(47658,519,'2020款 TSI230 DSG智行舒适版','2020款',1,1,119900,119900);
insert into t_car_model(cm_id , cs_id , cm_name,cm_type ,cm_order , cm_state , cm_min_price , cm_max_price) values(47661,519,'2020款 TSI230 DSG智行豪华版','2020款',2,1,129900,129900);
insert into t_car_model(cm_id , cs_id , cm_name,cm_type ,cm_order , cm_state , cm_min_price , cm_max_price) values(47662,519,'2020款 TSI280 DSG智行豪华版','2020款',3,1,139900,139900);
insert into t_car_model(cm_id , cs_id , cm_name,cm_type ,cm_order , cm_state , cm_min_price , cm_max_price) values(47663,519,'2020款 TSI280 DSG智行旗舰版','2020款',4,1,149900,149900);
insert into t_car_model(cm_id , cs_id , cm_name,cm_type ,cm_order , cm_state , cm_min_price , cm_max_price) values(47655,519,'2020款 1.5L 手动标准版','2020款',5,1,99900,99900);
insert into t_car_model(cm_id , cs_id , cm_name,cm_type ,cm_order , cm_state , cm_min_price , cm_max_price) values(47656,519,'2020款 1.5L 手动智行舒适版','2020款',6,1,109900,109900);
insert into t_car_model(cm_id , cs_id , cm_name,cm_type ,cm_order , cm_state , cm_min_price , cm_max_price) values(47657,519,'2020款 1.5L 自动智行舒适版','2020款',7,1,116900,116900);
insert into t_car_model(cm_id , cs_id , cm_name,cm_type ,cm_order , cm_state , cm_min_price , cm_max_price) values(47659,519,'2020款 1.5L 手动智行豪华版','2020款',8,1,119900,119900);
insert into t_car_model(cm_id , cs_id , cm_name,cm_type ,cm_order , cm_state , cm_min_price , cm_max_price) values(47660,519,'2020款 1.5L 自动智行豪华版','2020款',9,1,126900,126900);
insert into t_car_model(cm_id , cs_id , cm_name,cm_type ,cm_order , cm_state , cm_min_price , cm_max_price) values(35987,519,'2019款 1.5L 手动舒适版','2019款',1,1,129900,129900);
insert into t_car_model(cm_id , cs_id , cm_name,cm_type ,cm_order , cm_state , cm_min_price , cm_max_price) values(35988,519,'2019款 1.5L 自动舒适版','2019款',2,1,136900,136900);
insert into t_car_model(cm_id , cs_id , cm_name,cm_type ,cm_order , cm_state , cm_min_price , cm_max_price) values(35990,519,'2019款 1.5L 手动豪华版','2019款',3,1,139900,139900);
insert into t_car_model(cm_id , cs_id , cm_name,cm_type ,cm_order , cm_state , cm_min_price , cm_max_price) values(35991,519,'2019款 1.5L 自动豪华版','2019款',4,1,146900,146900);
insert into t_car_model(cm_id , cs_id , cm_name,cm_type ,cm_order , cm_state , cm_min_price , cm_max_price) values(35989,519,'2019款 TSI230 DSG舒适版','2019款',5,1,139900,139900);
insert into t_car_model(cm_id , cs_id , cm_name,cm_type ,cm_order , cm_state , cm_min_price , cm_max_price) values(35992,519,'2019款 TSI230 DSG豪华版','2019款',6,1,149900,149900);
insert into t_car_model(cm_id , cs_id , cm_name,cm_type ,cm_order , cm_state , cm_min_price , cm_max_price) values(35993,519,'2019款 TSI280 DSG豪华版','2019款',7,1,159900,159900);
insert into t_car_model(cm_id , cs_id , cm_name,cm_type ,cm_order , cm_state , cm_min_price , cm_max_price) values(35994,519,'2019款 TSI280 DSG旗舰版','2019款',8,1,169900,169900);
insert into t_car_model(cm_id , cs_id , cm_name,cm_type ,cm_order , cm_state , cm_min_price , cm_max_price) values(35986,519,'2019款 1.5L 手动标准版 国V','2019款',9,1,99900,99900);
insert into t_car_model(cm_id , cs_id , cm_name,cm_type ,cm_order , cm_state , cm_min_price , cm_max_price) values(38038,519,'2019款 1.5L 手动智行舒适版 国V','2019款',10,1,109900,109900);
insert into t_car_model(cm_id , cs_id , cm_name,cm_type ,cm_order , cm_state , cm_min_price , cm_max_price) values(38039,519,'2019款 1.5L 自动智行舒适版 国V','2019款',11,1,116900,116900);
insert into t_car_model(cm_id , cs_id , cm_name,cm_type ,cm_order , cm_state , cm_min_price , cm_max_price) values(38041,519,'2019款 1.5L 手动智行豪华版 国V','2019款',12,1,119900,119900);
insert into t_car_model(cm_id , cs_id , cm_name,cm_type ,cm_order , cm_state , cm_min_price , cm_max_price) values(38042,519,'2019款 1.5L 自动智行豪华版 国V','2019款',13,1,126900,126900);
insert into t_car_model(cm_id , cs_id , cm_name,cm_type ,cm_order , cm_state , cm_min_price , cm_max_price) values(38040,519,'2019款 TSI230 DSG智行舒适版 国V','2019款',14,1,119900,119900);
insert into t_car_model(cm_id , cs_id , cm_name,cm_type ,cm_order , cm_state , cm_min_price , cm_max_price) values(38043,519,'2019款 TSI230 DSG智行豪华版 国V','2019款',15,1,129900,129900);
insert into t_car_model(cm_id , cs_id , cm_name,cm_type ,cm_order , cm_state , cm_min_price , cm_max_price) values(38044,519,'2019款 TSI280 DSG智行豪华版 国V','2019款',16,1,139900,139900);
insert into t_car_model(cm_id , cs_id , cm_name,cm_type ,cm_order , cm_state , cm_min_price , cm_max_price) values(38045,519,'2019款 TSI280 DSG智行旗舰版 国V','2019款',17,1,149900,149900);
insert into t_car_model(cm_id , cs_id , cm_name,cm_type ,cm_order , cm_state , cm_min_price , cm_max_price) values(37946,519,'2019款 旅行车 TSI230 DSG舒适版 国V','2019款',18,1,129900,129900);
insert into t_car_model(cm_id , cs_id , cm_name,cm_type ,cm_order , cm_state , cm_min_price , cm_max_price) values(37947,519,'2019款 旅行车 TSI230 DSG豪华版 国V','2019款',19,1,139900,139900);
insert into t_car_model(cm_id , cs_id , cm_name,cm_type ,cm_order , cm_state , cm_min_price , cm_max_price) values(37948,519,'2019款 旅行车 TSI280 DSG豪华版 国V','2019款',20,1,149900,149900);
insert into t_car_model(cm_id , cs_id , cm_name,cm_type ,cm_order , cm_state , cm_min_price , cm_max_price) values(37950,519,'2019款 旅行车 TSI280 DSG旗舰版 国V','2019款',21,1,159900,159900);
insert into t_car_model(cm_id , cs_id , cm_name,cm_type ,cm_order , cm_state , cm_min_price , cm_max_price) values(38250,519,'2019款 1.5L 手动标准版 国VI','2019款',22,1,99900,99900);
insert into t_car_model(cm_id , cs_id , cm_name,cm_type ,cm_order , cm_state , cm_min_price , cm_max_price) values(38251,519,'2019款 1.5L 手动智行舒适版 国VI','2019款',23,1,109900,109900);
insert into t_car_model(cm_id , cs_id , cm_name,cm_type ,cm_order , cm_state , cm_min_price , cm_max_price) values(38252,519,'2019款 1.5L 自动智行舒适版 国VI','2019款',24,1,116900,116900);
insert into t_car_model(cm_id , cs_id , cm_name,cm_type ,cm_order , cm_state , cm_min_price , cm_max_price) values(38257,519,'2019款 1.5L 手动智行豪华版 国VI','2019款',25,1,119900,119900);
insert into t_car_model(cm_id , cs_id , cm_name,cm_type ,cm_order , cm_state , cm_min_price , cm_max_price) values(38260,519,'2019款 1.5L 自动智行豪华版 国VI','2019款',26,1,126900,126900);
insert into t_car_model(cm_id , cs_id , cm_name,cm_type ,cm_order , cm_state , cm_min_price , cm_max_price) values(39134,519,'2019款 TSI230 DSG智行舒适版 国VI','2019款',27,1,119900,119900);
insert into t_car_model(cm_id , cs_id , cm_name,cm_type ,cm_order , cm_state , cm_min_price , cm_max_price) values(39135,519,'2019款 TSI230 DSG智行豪华版 国VI','2019款',28,1,129900,129900);
insert into t_car_model(cm_id , cs_id , cm_name,cm_type ,cm_order , cm_state , cm_min_price , cm_max_price) values(37944,519,'2019款 TSI280 DSG智行豪华版 国VI','2019款',29,1,139900,139900);
insert into t_car_model(cm_id , cs_id , cm_name,cm_type ,cm_order , cm_state , cm_min_price , cm_max_price) values(37945,519,'2019款 TSI280 DSG智行旗舰版 国VI','2019款',30,1,149900,149900);
insert into t_car_model(cm_id , cs_id , cm_name,cm_type ,cm_order , cm_state , cm_min_price , cm_max_price) values(39197,519,'2019款 旅行车 TSI230 DSG舒适版 国VI','2019款',31,1,131400,131400);
insert into t_car_model(cm_id , cs_id , cm_name,cm_type ,cm_order , cm_state , cm_min_price , cm_max_price) values(39198,519,'2019款 旅行车 TSI230 DSG豪华版 国VI','2019款',32,1,141400,141400);
insert into t_car_model(cm_id , cs_id , cm_name,cm_type ,cm_order , cm_state , cm_min_price , cm_max_price) values(37949,519,'2019款 旅行车 TSI280 DSG豪华版 国VI','2019款',33,1,151400,151400);
insert into t_car_model(cm_id , cs_id , cm_name,cm_type ,cm_order , cm_state , cm_min_price , cm_max_price) values(37951,519,'2019款 旅行车 TSI280 DSG旗舰版 国VI','2019款',34,1,161400,161400);
insert into t_car_model(cm_id , cs_id , cm_name,cm_type ,cm_order , cm_state , cm_min_price , cm_max_price) values(31310,519,'2018款 1.6L 手动标准版','2018款',1,1,119900,119900);
insert into t_car_model(cm_id , cs_id , cm_name,cm_type ,cm_order , cm_state , cm_min_price , cm_max_price) values(31311,519,'2018款 1.6L 手动舒适版','2018款',2,1,129900,129900);
insert into t_car_model(cm_id , cs_id , cm_name,cm_type ,cm_order , cm_state , cm_min_price , cm_max_price) values(32173,519,'2018款 1.6L 自动舒适版','2018款',3,1,136900,136900);
insert into t_car_model(cm_id , cs_id , cm_name,cm_type ,cm_order , cm_state , cm_min_price , cm_max_price) values(32174,519,'2018款 1.6L 自动豪华版','2018款',4,1,146900,146900);
insert into t_car_model(cm_id , cs_id , cm_name,cm_type ,cm_order , cm_state , cm_min_price , cm_max_price) values(31312,519,'2018款 TSI230 DSG舒适版','2018款',5,1,139900,139900);
insert into t_car_model(cm_id , cs_id , cm_name,cm_type ,cm_order , cm_state , cm_min_price , cm_max_price) values(31313,519,'2018款 TSI230 DSG豪华版','2018款',6,1,149900,149900);
insert into t_car_model(cm_id , cs_id , cm_name,cm_type ,cm_order , cm_state , cm_min_price , cm_max_price) values(34864,519,'2018款 TSI230 DSG豪华优享版','2018款',7,1,150400,150400);
insert into t_car_model(cm_id , cs_id , cm_name,cm_type ,cm_order , cm_state , cm_min_price , cm_max_price) values(31314,519,'2018款 TSI230 DSG旗舰版','2018款',8,1,159900,159900);
insert into t_car_model(cm_id , cs_id , cm_name,cm_type ,cm_order , cm_state , cm_min_price , cm_max_price) values(31315,519,'2018款 TSI280 DSG豪华版','2018款',9,1,159900,159900);
insert into t_car_model(cm_id , cs_id , cm_name,cm_type ,cm_order , cm_state , cm_min_price , cm_max_price) values(31113,519,'2018款 TSI280 DSG旗舰版','2018款',10,1,169900,169900);
insert into t_car_model(cm_id , cs_id , cm_name,cm_type ,cm_order , cm_state , cm_min_price , cm_max_price) values(31285,519,'2018款 旅行车 1.6L 手动标准版','2018款',11,1,124900,124900);
insert into t_car_model(cm_id , cs_id , cm_name,cm_type ,cm_order , cm_state , cm_min_price , cm_max_price) values(32175,519,'2018款 旅行车 1.6L 自动舒适版','2018款',12,1,141900,141900);
insert into t_car_model(cm_id , cs_id , cm_name,cm_type ,cm_order , cm_state , cm_min_price , cm_max_price) values(32176,519,'2018款 旅行车 1.6L 自动豪华版','2018款',13,1,151900,151900);
insert into t_car_model(cm_id , cs_id , cm_name,cm_type ,cm_order , cm_state , cm_min_price , cm_max_price) values(31284,519,'2018款 旅行车 TSI230 DSG舒适版','2018款',14,1,144900,144900);
insert into t_car_model(cm_id , cs_id , cm_name,cm_type ,cm_order , cm_state , cm_min_price , cm_max_price) values(31283,519,'2018款 旅行车 TSI230 DSG豪华版','2018款',15,1,154900,154900);
insert into t_car_model(cm_id , cs_id , cm_name,cm_type ,cm_order , cm_state , cm_min_price , cm_max_price) values(31282,519,'2018款 旅行车 TSI280 DSG豪华版','2018款',16,1,164900,164900);
insert into t_car_model(cm_id , cs_id , cm_name,cm_type ,cm_order , cm_state , cm_min_price , cm_max_price) values(30155,519,'2018款 旅行车 TSI280 DSG旗舰版','2018款',17,1,174900,174900);
insert into t_car_model(cm_id , cs_id , cm_name,cm_type ,cm_order , cm_state , cm_min_price , cm_max_price) values(26143,519,'2017款 1.6L 手动前行版','2017款',1,1,119900,119900);
insert into t_car_model(cm_id , cs_id , cm_name,cm_type ,cm_order , cm_state , cm_min_price , cm_max_price) values(26144,519,'2017款 1.6L 自动前行版','2017款',2,1,136900,136900);
insert into t_car_model(cm_id , cs_id , cm_name,cm_type ,cm_order , cm_state , cm_min_price , cm_max_price) values(26145,519,'2017款 1.6L 手动创行版','2017款',3,1,128900,128900);
insert into t_car_model(cm_id , cs_id , cm_name,cm_type ,cm_order , cm_state , cm_min_price , cm_max_price) values(25606,519,'2017款 1.6L 自动创行版','2017款',4,1,141900,141900);
insert into t_car_model(cm_id , cs_id , cm_name,cm_type ,cm_order , cm_state , cm_min_price , cm_max_price) values(25605,519,'2017款 1.6L 手动智行版','2017款',5,1,139900,139900);
insert into t_car_model(cm_id , cs_id , cm_name,cm_type ,cm_order , cm_state , cm_min_price , cm_max_price) values(25625,519,'2017款 1.6L 自动智行版','2017款',6,1,151900,151900);
insert into t_car_model(cm_id , cs_id , cm_name,cm_type ,cm_order , cm_state , cm_min_price , cm_max_price) values(26146,519,'2017款 TSI280 DSG智行版','2017款',7,1,166900,166900);
insert into t_car_model(cm_id , cs_id , cm_name,cm_type ,cm_order , cm_state , cm_min_price , cm_max_price) values(26147,519,'2017款 TSI280 DSG尊行版','2017款',8,1,179900,179900);
insert into t_car_model(cm_id , cs_id , cm_name,cm_type ,cm_order , cm_state , cm_min_price , cm_max_price) values(31432,519,'2017款 经典款 1.6L 手动标准版','2017款',9,1,119900,119900);
insert into t_car_model(cm_id , cs_id , cm_name,cm_type ,cm_order , cm_state , cm_min_price , cm_max_price) values(31433,519,'2017款 经典款 1.6L 自动标准版','2017款',10,1,136900,136900);
insert into t_car_model(cm_id , cs_id , cm_name,cm_type ,cm_order , cm_state , cm_min_price , cm_max_price) values(31434,519,'2017款 经典款 1.6L 手动舒适版','2017款',11,1,128900,128900);
insert into t_car_model(cm_id , cs_id , cm_name,cm_type ,cm_order , cm_state , cm_min_price , cm_max_price) values(31435,519,'2017款 经典款 1.6L 自动舒适版','2017款',12,1,141900,141900);
insert into t_car_model(cm_id , cs_id , cm_name,cm_type ,cm_order , cm_state , cm_min_price , cm_max_price) values(23648,519,'2016款 1.6L 手动前行版','2016款',1,1,119900,119900);
insert into t_car_model(cm_id , cs_id , cm_name,cm_type ,cm_order , cm_state , cm_min_price , cm_max_price) values(23640,519,'2016款 1.6L 自动前行版','2016款',2,1,136900,136900);
insert into t_car_model(cm_id , cs_id , cm_name,cm_type ,cm_order , cm_state , cm_min_price , cm_max_price) values(23641,519,'2016款 1.6L 手动创行版','2016款',3,1,128900,128900);
insert into t_car_model(cm_id , cs_id , cm_name,cm_type ,cm_order , cm_state , cm_min_price , cm_max_price) values(23642,519,'2016款 1.6L 自动创行版','2016款',4,1,141900,141900);
insert into t_car_model(cm_id , cs_id , cm_name,cm_type ,cm_order , cm_state , cm_min_price , cm_max_price) values(23643,519,'2016款 1.6L 手动智行版','2016款',5,1,139900,139900);
insert into t_car_model(cm_id , cs_id , cm_name,cm_type ,cm_order , cm_state , cm_min_price , cm_max_price) values(23644,519,'2016款 1.6L 自动智行版','2016款',6,1,151900,151900);
insert into t_car_model(cm_id , cs_id , cm_name,cm_type ,cm_order , cm_state , cm_min_price , cm_max_price) values(23645,519,'2016款 TSI280 DSG前行版','2016款',7,1,151900,151900);
insert into t_car_model(cm_id , cs_id , cm_name,cm_type ,cm_order , cm_state , cm_min_price , cm_max_price) values(23646,519,'2016款 TSI280 DSG智行版','2016款',8,1,166900,166900);
insert into t_car_model(cm_id , cs_id , cm_name,cm_type ,cm_order , cm_state , cm_min_price , cm_max_price) values(23613,519,'2016款 TSI280 DSG尊行版','2016款',9,1,179900,179900);
insert into t_car_model(cm_id , cs_id , cm_name,cm_type ,cm_order , cm_state , cm_min_price , cm_max_price) values(18812,519,'2015款 1.6L 手动逸致版','2015款',1,1,119900,119900);
insert into t_car_model(cm_id , cs_id , cm_name,cm_type ,cm_order , cm_state , cm_min_price , cm_max_price) values(18813,519,'2015款 1.6L 自动逸致版','2015款',2,1,136900,136900);
insert into t_car_model(cm_id , cs_id , cm_name,cm_type ,cm_order , cm_state , cm_min_price , cm_max_price) values(18814,519,'2015款 1.6L 手动逸杰版','2015款',3,1,128900,128900);
insert into t_car_model(cm_id , cs_id , cm_name,cm_type ,cm_order , cm_state , cm_min_price , cm_max_price) values(18815,519,'2015款 1.6L 自动逸杰版','2015款',4,1,141900,141900);
insert into t_car_model(cm_id , cs_id , cm_name,cm_type ,cm_order , cm_state , cm_min_price , cm_max_price) values(18816,519,'2015款 1.6L 手动逸俊版','2015款',5,1,139900,139900);
insert into t_car_model(cm_id , cs_id , cm_name,cm_type ,cm_order , cm_state , cm_min_price , cm_max_price) values(18817,519,'2015款 1.6L 自动逸俊版','2015款',6,1,151900,151900);
insert into t_car_model(cm_id , cs_id , cm_name,cm_type ,cm_order , cm_state , cm_min_price , cm_max_price) values(18818,519,'2015款 1.4TSI DSG逸致版','2015款',7,1,151900,151900);
insert into t_car_model(cm_id , cs_id , cm_name,cm_type ,cm_order , cm_state , cm_min_price , cm_max_price) values(18819,519,'2015款 1.4TSI 手动逸俊版','2015款',8,1,152900,152900);
insert into t_car_model(cm_id , cs_id , cm_name,cm_type ,cm_order , cm_state , cm_min_price , cm_max_price) values(18820,519,'2015款 1.4TSI DSG逸俊版','2015款',9,1,166900,166900);
insert into t_car_model(cm_id , cs_id , cm_name,cm_type ,cm_order , cm_state , cm_min_price , cm_max_price) values(18821,519,'2015款 1.4TSI DSG逸尊版','2015款',10,1,179900,179900);
insert into t_car_model(cm_id , cs_id , cm_name,cm_type ,cm_order , cm_state , cm_min_price , cm_max_price) values(20491,519,'2015款 经典款 1.6L 手动逸致版','2015款',11,1,99800,99800);
insert into t_car_model(cm_id , cs_id , cm_name,cm_type ,cm_order , cm_state , cm_min_price , cm_max_price) values(20492,519,'2015款 经典款 1.6L 自动逸致版','2015款',12,1,112800,112800);
insert into t_car_model(cm_id , cs_id , cm_name,cm_type ,cm_order , cm_state , cm_min_price , cm_max_price) values(20493,519,'2015款 经典款 1.6L 手动逸杰版','2015款',13,1,109800,109800);
insert into t_car_model(cm_id , cs_id , cm_name,cm_type ,cm_order , cm_state , cm_min_price , cm_max_price) values(20494,519,'2015款 经典款 1.6L 自动逸杰版','2015款',14,1,121800,121800);
insert into t_car_model(cm_id , cs_id , cm_name,cm_type ,cm_order , cm_state , cm_min_price , cm_max_price) values(16544,519,'2014款 1.6L 手动逸致版','2014款',1,1,122000,122000);
insert into t_car_model(cm_id , cs_id , cm_name,cm_type ,cm_order , cm_state , cm_min_price , cm_max_price) values(16547,519,'2014款 1.6L 自动逸致版','2014款',2,1,134000,134000);
insert into t_car_model(cm_id , cs_id , cm_name,cm_type ,cm_order , cm_state , cm_min_price , cm_max_price) values(16546,519,'2014款 1.6L 手动逸杰版','2014款',3,1,126600,126600);
insert into t_car_model(cm_id , cs_id , cm_name,cm_type ,cm_order , cm_state , cm_min_price , cm_max_price) values(16548,519,'2014款 1.6L 自动逸杰版','2014款',4,1,138600,138600);
insert into t_car_model(cm_id , cs_id , cm_name,cm_type ,cm_order , cm_state , cm_min_price , cm_max_price) values(16545,519,'2014款 1.6L 手动逸俊版','2014款',5,1,135600,135600);
insert into t_car_model(cm_id , cs_id , cm_name,cm_type ,cm_order , cm_state , cm_min_price , cm_max_price) values(16549,519,'2014款 1.6L 自动逸俊版','2014款',6,1,147600,147600);
insert into t_car_model(cm_id , cs_id , cm_name,cm_type ,cm_order , cm_state , cm_min_price , cm_max_price) values(16551,519,'2014款 2.0L 自动逸杰版','2014款',7,1,141600,141600);
insert into t_car_model(cm_id , cs_id , cm_name,cm_type ,cm_order , cm_state , cm_min_price , cm_max_price) values(16552,519,'2014款 1.4TSI 手动逸俊版','2014款',8,1,148600,148600);
insert into t_car_model(cm_id , cs_id , cm_name,cm_type ,cm_order , cm_state , cm_min_price , cm_max_price) values(16738,519,'2014款 1.4TSI DSG逸致版','2014款',9,1,147600,147600);
insert into t_car_model(cm_id , cs_id , cm_name,cm_type ,cm_order , cm_state , cm_min_price , cm_max_price) values(16553,519,'2014款 1.4TSI DSG逸俊版','2014款',10,1,162600,162600);
insert into t_car_model(cm_id , cs_id , cm_name,cm_type ,cm_order , cm_state , cm_min_price , cm_max_price) values(16555,519,'2014款 1.4TSI DSG逸尊版','2014款',11,1,170600,170600);
insert into t_car_model(cm_id , cs_id , cm_name,cm_type ,cm_order , cm_state , cm_min_price , cm_max_price) values(16554,519,'2014款 1.4TSI GreenLine','2014款',12,1,166600,166600);
insert into t_car_model(cm_id , cs_id , cm_name,cm_type ,cm_order , cm_state , cm_min_price , cm_max_price) values(16556,519,'2014款 1.8TSI DSG逸俊版','2014款',13,1,170600,170600);
insert into t_car_model(cm_id , cs_id , cm_name,cm_type ,cm_order , cm_state , cm_min_price , cm_max_price) values(16557,519,'2014款 1.8TSI DSG逸尊版','2014款',14,1,182000,182000);
insert into t_car_model(cm_id , cs_id , cm_name,cm_type ,cm_order , cm_state , cm_min_price , cm_max_price) values(13324,519,'2013款 1.6L 手动逸致版','2013款',1,1,122000,122000);
insert into t_car_model(cm_id , cs_id , cm_name,cm_type ,cm_order , cm_state , cm_min_price , cm_max_price) values(16406,519,'2013款 1.6L 自动逸致版','2013款',2,1,134000,134000);
insert into t_car_model(cm_id , cs_id , cm_name,cm_type ,cm_order , cm_state , cm_min_price , cm_max_price) values(13325,519,'2013款 1.6L 手动逸杰版','2013款',3,1,127600,127600);
insert into t_car_model(cm_id , cs_id , cm_name,cm_type ,cm_order , cm_state , cm_min_price , cm_max_price) values(13326,519,'2013款 1.6L 自动逸杰版','2013款',4,1,139600,139600);
insert into t_car_model(cm_id , cs_id , cm_name,cm_type ,cm_order , cm_state , cm_min_price , cm_max_price) values(13327,519,'2013款 1.6L 手动逸俊版','2013款',5,1,137600,137600);
insert into t_car_model(cm_id , cs_id , cm_name,cm_type ,cm_order , cm_state , cm_min_price , cm_max_price) values(13328,519,'2013款 1.6L 自动逸俊版','2013款',6,1,149600,149600);
insert into t_car_model(cm_id , cs_id , cm_name,cm_type ,cm_order , cm_state , cm_min_price , cm_max_price) values(13314,519,'2013款 1.6L 五周年典藏版','2013款',7,1,148400,148400);
insert into t_car_model(cm_id , cs_id , cm_name,cm_type ,cm_order , cm_state , cm_min_price , cm_max_price) values(13329,519,'2013款 2.0L 手动逸杰版','2013款',8,1,130600,130600);
insert into t_car_model(cm_id , cs_id , cm_name,cm_type ,cm_order , cm_state , cm_min_price , cm_max_price) values(13330,519,'2013款 2.0L 自动逸杰版','2013款',9,1,142600,142600);
insert into t_car_model(cm_id , cs_id , cm_name,cm_type ,cm_order , cm_state , cm_min_price , cm_max_price) values(13331,519,'2013款 1.4TSI 手动逸俊版','2013款',10,1,148900,148900);
insert into t_car_model(cm_id , cs_id , cm_name,cm_type ,cm_order , cm_state , cm_min_price , cm_max_price) values(13332,519,'2013款 1.4TSI DSG逸俊版','2013款',11,1,162900,162900);
insert into t_car_model(cm_id , cs_id , cm_name,cm_type ,cm_order , cm_state , cm_min_price , cm_max_price) values(13333,519,'2013款 1.4TSI DSG逸尊版','2013款',12,1,170600,170600);
insert into t_car_model(cm_id , cs_id , cm_name,cm_type ,cm_order , cm_state , cm_min_price , cm_max_price) values(13385,519,'2013款 1.4TSI GreenLine2','2013款',13,1,166600,166600);
insert into t_car_model(cm_id , cs_id , cm_name,cm_type ,cm_order , cm_state , cm_min_price , cm_max_price) values(13334,519,'2013款 1.8TSI DSG逸俊版','2013款',14,1,170900,170900);
insert into t_car_model(cm_id , cs_id , cm_name,cm_type ,cm_order , cm_state , cm_min_price , cm_max_price) values(13335,519,'2013款 1.8TSI DSG逸尊版','2013款',15,1,182000,182000);
insert into t_car_model(cm_id , cs_id , cm_name,cm_type ,cm_order , cm_state , cm_min_price , cm_max_price) values(10702,519,'2012款 1.6L 手动逸致版','2012款',1,1,123400,123400);
insert into t_car_model(cm_id , cs_id , cm_name,cm_type ,cm_order , cm_state , cm_min_price , cm_max_price) values(10696,519,'2012款 1.6L 手动逸杰版','2012款',2,1,128500,128500);
insert into t_car_model(cm_id , cs_id , cm_name,cm_type ,cm_order , cm_state , cm_min_price , cm_max_price) values(10697,519,'2012款 1.6L 自动逸杰版','2012款',3,1,140500,140500);
insert into t_car_model(cm_id , cs_id , cm_name,cm_type ,cm_order , cm_state , cm_min_price , cm_max_price) values(10703,519,'2012款 1.6L 手动逸俊版','2012款',4,1,137000,137000);
insert into t_car_model(cm_id , cs_id , cm_name,cm_type ,cm_order , cm_state , cm_min_price , cm_max_price) values(10704,519,'2012款 1.6L 自动逸俊版','2012款',5,1,149000,149000);
insert into t_car_model(cm_id , cs_id , cm_name,cm_type ,cm_order , cm_state , cm_min_price , cm_max_price) values(10698,519,'2012款 2.0L 手动逸杰版','2012款',6,1,131500,131500);
insert into t_car_model(cm_id , cs_id , cm_name,cm_type ,cm_order , cm_state , cm_min_price , cm_max_price) values(10699,519,'2012款 2.0L 自动逸杰版','2012款',7,1,143500,143500);
insert into t_car_model(cm_id , cs_id , cm_name,cm_type ,cm_order , cm_state , cm_min_price , cm_max_price) values(10705,519,'2012款 1.4TSI 手动逸俊版','2012款',8,1,147000,147000);
insert into t_car_model(cm_id , cs_id , cm_name,cm_type ,cm_order , cm_state , cm_min_price , cm_max_price) values(10706,519,'2012款 1.4TSI DSG逸俊版','2012款',9,1,161000,161000);
insert into t_car_model(cm_id , cs_id , cm_name,cm_type ,cm_order , cm_state , cm_min_price , cm_max_price) values(10707,519,'2012款 1.4TSI DSG逸尊版','2012款',10,1,167000,167000);
insert into t_car_model(cm_id , cs_id , cm_name,cm_type ,cm_order , cm_state , cm_min_price , cm_max_price) values(10708,519,'2012款 1.8TSI DSG逸俊版','2012款',11,1,169000,169000);
insert into t_car_model(cm_id , cs_id , cm_name,cm_type ,cm_order , cm_state , cm_min_price , cm_max_price) values(10709,519,'2012款 1.8TSI DSG逸尊版','2012款',12,1,180500,180500);
insert into t_car_model(cm_id , cs_id , cm_name,cm_type ,cm_order , cm_state , cm_min_price , cm_max_price) values(7709,519,'2010款 2.0TSI RS','2010款',1,1,210900,210900);
insert into t_car_model(cm_id , cs_id , cm_name,cm_type ,cm_order , cm_state , cm_min_price , cm_max_price) values(7490,519,'2010款 1.6L 手动逸致版','2010款',2,1,123400,123400);
insert into t_car_model(cm_id , cs_id , cm_name,cm_type ,cm_order , cm_state , cm_min_price , cm_max_price) values(7498,519,'2010款 1.6L 自动逸致版','2010款',3,1,135400,135400);
insert into t_car_model(cm_id , cs_id , cm_name,cm_type ,cm_order , cm_state , cm_min_price , cm_max_price) values(7499,519,'2010款 1.6L 手动逸俊版','2010款',4,1,137000,137000);
insert into t_car_model(cm_id , cs_id , cm_name,cm_type ,cm_order , cm_state , cm_min_price , cm_max_price) values(7500,519,'2010款 1.6L 自动逸俊版','2010款',5,1,149000,149000);
insert into t_car_model(cm_id , cs_id , cm_name,cm_type ,cm_order , cm_state , cm_min_price , cm_max_price) values(7501,519,'2010款 1.6L 自动逸尊版','2010款',6,1,165500,165500);
insert into t_car_model(cm_id , cs_id , cm_name,cm_type ,cm_order , cm_state , cm_min_price , cm_max_price) values(7475,519,'2010款 2.0L 手动逸俊版','2010款',7,1,140000,140000);
insert into t_car_model(cm_id , cs_id , cm_name,cm_type ,cm_order , cm_state , cm_min_price , cm_max_price) values(7474,519,'2010款 2.0L 自动逸俊版','2010款',8,1,152000,152000);
insert into t_car_model(cm_id , cs_id , cm_name,cm_type ,cm_order , cm_state , cm_min_price , cm_max_price) values(7502,519,'2010款 1.4TSI 手动逸俊版','2010款',9,1,147000,147000);
insert into t_car_model(cm_id , cs_id , cm_name,cm_type ,cm_order , cm_state , cm_min_price , cm_max_price) values(8023,519,'2010款 1.4TSI GreenLine','2010款',10,1,149300,149300);
insert into t_car_model(cm_id , cs_id , cm_name,cm_type ,cm_order , cm_state , cm_min_price , cm_max_price) values(7503,519,'2010款 1.4TSI DSG逸俊版','2010款',11,1,161000,161000);
insert into t_car_model(cm_id , cs_id , cm_name,cm_type ,cm_order , cm_state , cm_min_price , cm_max_price) values(7504,519,'2010款 1.4TSI DSG逸尊版','2010款',12,1,177500,177500);
insert into t_car_model(cm_id , cs_id , cm_name,cm_type ,cm_order , cm_state , cm_min_price , cm_max_price) values(7470,519,'2010款 1.8TSI DSG逸俊版','2010款',13,1,169000,169000);
insert into t_car_model(cm_id , cs_id , cm_name,cm_type ,cm_order , cm_state , cm_min_price , cm_max_price) values(7505,519,'2010款 1.8TSI DSG逸尊版','2010款',14,1,185500,185500);
insert into t_car_model(cm_id , cs_id , cm_name,cm_type ,cm_order , cm_state , cm_min_price , cm_max_price) values(5085,519,'2009款 1.6L 手动逸致版','2009款',1,1,124900,124900);
insert into t_car_model(cm_id , cs_id , cm_name,cm_type ,cm_order , cm_state , cm_min_price , cm_max_price) values(5086,519,'2009款 1.6L 自动逸致版','2009款',2,1,136900,136900);
insert into t_car_model(cm_id , cs_id , cm_name,cm_type ,cm_order , cm_state , cm_min_price , cm_max_price) values(5087,519,'2009款 1.6L 手动逸仕版','2009款',3,1,134900,134900);
insert into t_car_model(cm_id , cs_id , cm_name,cm_type ,cm_order , cm_state , cm_min_price , cm_max_price) values(5088,519,'2009款 1.6L 自动逸仕版','2009款',4,1,146900,146900);
insert into t_car_model(cm_id , cs_id , cm_name,cm_type ,cm_order , cm_state , cm_min_price , cm_max_price) values(5581,519,'2009款 1.6L 手动逸尊版','2009款',5,1,149900,149900);
insert into t_car_model(cm_id , cs_id , cm_name,cm_type ,cm_order , cm_state , cm_min_price , cm_max_price) values(5582,519,'2009款 1.6L 自动逸尊版','2009款',6,1,161900,161900);
insert into t_car_model(cm_id , cs_id , cm_name,cm_type ,cm_order , cm_state , cm_min_price , cm_max_price) values(5089,519,'2009款 2.0L 手动逸仕版','2009款',7,1,137900,137900);
insert into t_car_model(cm_id , cs_id , cm_name,cm_type ,cm_order , cm_state , cm_min_price , cm_max_price) values(5090,519,'2009款 2.0L 自动逸仕版','2009款',8,1,149900,149900);
insert into t_car_model(cm_id , cs_id , cm_name,cm_type ,cm_order , cm_state , cm_min_price , cm_max_price) values(5091,519,'2009款 1.8TSI 自动逸仕版','2009款',9,1,164900,164900);
insert into t_car_model(cm_id , cs_id , cm_name,cm_type ,cm_order , cm_state , cm_min_price , cm_max_price) values(5092,519,'2009款 1.8TSI 自动逸尊版','2009款',10,1,179900,179900);
insert into t_car_model(cm_id , cs_id , cm_name,cm_type ,cm_order , cm_state , cm_min_price , cm_max_price) values(3973,519,'2008款 2.0L 手动逸致版','2008款',1,1,129900,129900);
insert into t_car_model(cm_id , cs_id , cm_name,cm_type ,cm_order , cm_state , cm_min_price , cm_max_price) values(2914,519,'2008款 2.0L 手动逸仕版','2008款',2,1,139900,139900);
insert into t_car_model(cm_id , cs_id , cm_name,cm_type ,cm_order , cm_state , cm_min_price , cm_max_price) values(6750,519,'2008款 2.0L 手动奥运版','2008款',3,1,129900,129900);
insert into t_car_model(cm_id , cs_id , cm_name,cm_type ,cm_order , cm_state , cm_min_price , cm_max_price) values(4603,519,'2008款 1.8T 手动夺金版','2008款',4,1,154900,154900);
insert into t_car_model(cm_id , cs_id , cm_name,cm_type ,cm_order , cm_state , cm_min_price , cm_max_price) values(3585,519,'2008款 1.8T 逸尊DVD导航版','2008款',5,1,200800,200800);
insert into t_car_model(cm_id , cs_id , cm_name,cm_type ,cm_order , cm_state , cm_min_price , cm_max_price) values(3005,519,'2007款 1.6L 手动逸致版','2007款',1,1,124900,124900);
insert into t_car_model(cm_id , cs_id , cm_name,cm_type ,cm_order , cm_state , cm_min_price , cm_max_price) values(3153,519,'2007款 1.6L 自动逸致版','2007款',2,1,136900,136900);
insert into t_car_model(cm_id , cs_id , cm_name,cm_type ,cm_order , cm_state , cm_min_price , cm_max_price) values(3154,519,'2007款 1.6L 手动逸仕版','2007款',3,1,134900,134900);
insert into t_car_model(cm_id , cs_id , cm_name,cm_type ,cm_order , cm_state , cm_min_price , cm_max_price) values(3152,519,'2007款 1.6L 自动逸仕版','2007款',4,1,146900,146900);
insert into t_car_model(cm_id , cs_id , cm_name,cm_type ,cm_order , cm_state , cm_min_price , cm_max_price) values(2912,519,'2007款 1.8T 自动逸仕版','2007款',5,1,166900,166900);
insert into t_car_model(cm_id , cs_id , cm_name,cm_type ,cm_order , cm_state , cm_min_price , cm_max_price) values(2901,519,'2007款 1.8T 自动逸尊版','2007款',6,1,185900,185900);
insert into t_car_model(cm_id , cs_id , cm_name,cm_type ,cm_order , cm_state , cm_min_price , cm_max_price) values(2913,519,'2007款 2.0L 自动逸仕版','2007款',7,1,151900,151900);
insert into t_car_series(cs_id,cbf_id,cs_name,cs_order,cs_letter) values(3290,162,'昕动',4300,'X');
insert into t_car_model(cm_id , cs_id , cm_name,cm_type ,cm_order , cm_state , cm_min_price , cm_max_price) values(43840,3290,'2020款 1.5L 手动标准版','2020款',1,1,77900,77900);
insert into t_car_model(cm_id , cs_id , cm_name,cm_type ,cm_order , cm_state , cm_min_price , cm_max_price) values(43841,3290,'2020款 1.5L 自动标准版','2020款',2,1,87900,87900);
insert into t_car_model(cm_id , cs_id , cm_name,cm_type ,cm_order , cm_state , cm_min_price , cm_max_price) values(43842,3290,'2020款 1.5L 自动舒适版','2020款',3,1,99900,99900);
insert into t_car_model(cm_id , cs_id , cm_name,cm_type ,cm_order , cm_state , cm_min_price , cm_max_price) values(43843,3290,'2020款 1.5L 自动运动版','2020款',4,1,109900,109900);
insert into t_car_model(cm_id , cs_id , cm_name,cm_type ,cm_order , cm_state , cm_min_price , cm_max_price) values(37191,3290,'2019款 1.5L 手动入门版','2019款',1,1,69900,69900);
insert into t_car_model(cm_id , cs_id , cm_name,cm_type ,cm_order , cm_state , cm_min_price , cm_max_price) values(37192,3290,'2019款 1.5L 手动标准版','2019款',2,1,79900,79900);
insert into t_car_model(cm_id , cs_id , cm_name,cm_type ,cm_order , cm_state , cm_min_price , cm_max_price) values(37193,3290,'2019款 1.5L 自动标准版','2019款',3,1,89900,89900);
insert into t_car_model(cm_id , cs_id , cm_name,cm_type ,cm_order , cm_state , cm_min_price , cm_max_price) values(37194,3290,'2019款 1.5L 手动舒适版','2019款',4,1,89900,89900);
insert into t_car_model(cm_id , cs_id , cm_name,cm_type ,cm_order , cm_state , cm_min_price , cm_max_price) values(37195,3290,'2019款 1.5L 自动舒适版','2019款',5,1,99900,99900);
insert into t_car_model(cm_id , cs_id , cm_name,cm_type ,cm_order , cm_state , cm_min_price , cm_max_price) values(37196,3290,'2019款 1.5L 自动运动版 国V','2019款',6,1,109900,109900);
insert into t_car_model(cm_id , cs_id , cm_name,cm_type ,cm_order , cm_state , cm_min_price , cm_max_price) values(40752,3290,'2019款 1.5L 自动运动版 国VI','2019款',7,1,111400,111400);
insert into t_car_model(cm_id , cs_id , cm_name,cm_type ,cm_order , cm_state , cm_min_price , cm_max_price) values(40755,3290,'2019款 改款 1.5L 手动入门版 国V','2019款',8,1,69900,69900);
insert into t_car_model(cm_id , cs_id , cm_name,cm_type ,cm_order , cm_state , cm_min_price , cm_max_price) values(40747,3290,'2019款 改款 1.5L 手动入门版 国VI','2019款',9,1,71400,71400);
insert into t_car_model(cm_id , cs_id , cm_name,cm_type ,cm_order , cm_state , cm_min_price , cm_max_price) values(40756,3290,'2019款 改款 1.5L 手动标准版 国V','2019款',10,1,79900,79900);
insert into t_car_model(cm_id , cs_id , cm_name,cm_type ,cm_order , cm_state , cm_min_price , cm_max_price) values(40748,3290,'2019款 改款 1.5L 手动标准版 国VI','2019款',11,1,81400,81400);
insert into t_car_model(cm_id , cs_id , cm_name,cm_type ,cm_order , cm_state , cm_min_price , cm_max_price) values(40757,3290,'2019款 改款 1.5L 自动标准版 国V','2019款',12,1,89900,89900);
insert into t_car_model(cm_id , cs_id , cm_name,cm_type ,cm_order , cm_state , cm_min_price , cm_max_price) values(40749,3290,'2019款 改款 1.5L 自动标准版 国VI','2019款',13,1,91400,91400);
insert into t_car_model(cm_id , cs_id , cm_name,cm_type ,cm_order , cm_state , cm_min_price , cm_max_price) values(40758,3290,'2019款 改款  1.5L 手动舒适版 国V','2019款',14,1,89900,89900);
insert into t_car_model(cm_id , cs_id , cm_name,cm_type ,cm_order , cm_state , cm_min_price , cm_max_price) values(40750,3290,'2019款 改款 1.5L 手动舒适版 国VI','2019款',15,1,91400,91400);
insert into t_car_model(cm_id , cs_id , cm_name,cm_type ,cm_order , cm_state , cm_min_price , cm_max_price) values(40759,3290,'2019款 改款  1.5L 自动舒适版 国V','2019款',16,1,99900,99900);
insert into t_car_model(cm_id , cs_id , cm_name,cm_type ,cm_order , cm_state , cm_min_price , cm_max_price) values(40751,3290,'2019款 改款 1.5L 自动舒适版 国VI','2019款',17,1,101400,101400);
insert into t_car_model(cm_id , cs_id , cm_name,cm_type ,cm_order , cm_state , cm_min_price , cm_max_price) values(32410,3290,'2018款 1.4L 手动标准版','2018款',1,1,69900,69900);
insert into t_car_model(cm_id , cs_id , cm_name,cm_type ,cm_order , cm_state , cm_min_price , cm_max_price) values(32411,3290,'2018款 1.6L 手动标准版','2018款',2,1,79900,79900);
insert into t_car_model(cm_id , cs_id , cm_name,cm_type ,cm_order , cm_state , cm_min_price , cm_max_price) values(32412,3290,'2018款 1.6L 自动标准版','2018款',3,1,89900,89900);
insert into t_car_model(cm_id , cs_id , cm_name,cm_type ,cm_order , cm_state , cm_min_price , cm_max_price) values(32413,3290,'2018款 1.6L 手动舒适版','2018款',4,1,89900,89900);
insert into t_car_model(cm_id , cs_id , cm_name,cm_type ,cm_order , cm_state , cm_min_price , cm_max_price) values(32414,3290,'2018款 1.6L 自动舒适版','2018款',5,1,99900,99900);
insert into t_car_model(cm_id , cs_id , cm_name,cm_type ,cm_order , cm_state , cm_min_price , cm_max_price) values(32415,3290,'2018款 1.6L 自动运动版','2018款',6,1,109900,109900);
insert into t_car_model(cm_id , cs_id , cm_name,cm_type ,cm_order , cm_state , cm_min_price , cm_max_price) values(32416,3290,'2018款 TSI230 DSG运动版','2018款',7,1,119900,119900);
insert into t_car_model(cm_id , cs_id , cm_name,cm_type ,cm_order , cm_state , cm_min_price , cm_max_price) values(23658,3290,'2016款 1.4L 手动前行版','2016款',1,1,84900,84900);
insert into t_car_model(cm_id , cs_id , cm_name,cm_type ,cm_order , cm_state , cm_min_price , cm_max_price) values(23652,3290,'2016款 1.6L 手动前行版','2016款',2,1,89900,89900);
insert into t_car_model(cm_id , cs_id , cm_name,cm_type ,cm_order , cm_state , cm_min_price , cm_max_price) values(23659,3290,'2016款 1.6L 自动前行版','2016款',3,1,99900,99900);
insert into t_car_model(cm_id , cs_id , cm_name,cm_type ,cm_order , cm_state , cm_min_price , cm_max_price) values(23660,3290,'2016款 1.6L 手动创行版','2016款',4,1,99900,99900);
insert into t_car_model(cm_id , cs_id , cm_name,cm_type ,cm_order , cm_state , cm_min_price , cm_max_price) values(23661,3290,'2016款 1.6L 自动创行版','2016款',5,1,109900,109900);
insert into t_car_model(cm_id , cs_id , cm_name,cm_type ,cm_order , cm_state , cm_min_price , cm_max_price) values(23662,3290,'2016款 1.6L 自动智行版','2016款',6,1,115900,115900);
insert into t_car_model(cm_id , cs_id , cm_name,cm_type ,cm_order , cm_state , cm_min_price , cm_max_price) values(23663,3290,'2016款 1.4TSI DSG智行版','2016款',7,1,131900,131900);
insert into t_car_model(cm_id , cs_id , cm_name,cm_type ,cm_order , cm_state , cm_min_price , cm_max_price) values(25347,3290,'2016款 改款 1.4L 手动前行版','2016款',8,1,69900,69900);
insert into t_car_model(cm_id , cs_id , cm_name,cm_type ,cm_order , cm_state , cm_min_price , cm_max_price) values(25348,3290,'2016款 改款 1.6L 手动前行版','2016款',9,1,79900,79900);
insert into t_car_model(cm_id , cs_id , cm_name,cm_type ,cm_order , cm_state , cm_min_price , cm_max_price) values(25349,3290,'2016款 改款 1.6L 自动前行版','2016款',10,1,89900,89900);
insert into t_car_model(cm_id , cs_id , cm_name,cm_type ,cm_order , cm_state , cm_min_price , cm_max_price) values(25350,3290,'2016款 改款 1.6L 手动创行版','2016款',11,1,89900,89900);
insert into t_car_model(cm_id , cs_id , cm_name,cm_type ,cm_order , cm_state , cm_min_price , cm_max_price) values(25351,3290,'2016款 改款 1.6L 自动创行版','2016款',12,1,99900,99900);
insert into t_car_model(cm_id , cs_id , cm_name,cm_type ,cm_order , cm_state , cm_min_price , cm_max_price) values(25352,3290,'2016款 改款 1.6L 自动智行版','2016款',13,1,109900,109900);
insert into t_car_model(cm_id , cs_id , cm_name,cm_type ,cm_order , cm_state , cm_min_price , cm_max_price) values(25353,3290,'2016款 改款 TSI230 DSG智行版','2016款',14,1,119900,119900);
insert into t_car_model(cm_id , cs_id , cm_name,cm_type ,cm_order , cm_state , cm_min_price , cm_max_price) values(18804,3290,'2014款 1.6L 手动乐享版','2014款',1,1,89900,89900);
insert into t_car_model(cm_id , cs_id , cm_name,cm_type ,cm_order , cm_state , cm_min_price , cm_max_price) values(18805,3290,'2014款 1.6L 自动乐享版','2014款',2,1,99900,99900);
insert into t_car_model(cm_id , cs_id , cm_name,cm_type ,cm_order , cm_state , cm_min_price , cm_max_price) values(18807,3290,'2014款 1.6L 手动悦享版','2014款',3,1,99900,99900);
insert into t_car_model(cm_id , cs_id , cm_name,cm_type ,cm_order , cm_state , cm_min_price , cm_max_price) values(17789,3290,'2014款 1.6L 自动悦享版','2014款',4,1,109900,109900);
insert into t_car_model(cm_id , cs_id , cm_name,cm_type ,cm_order , cm_state , cm_min_price , cm_max_price) values(18808,3290,'2014款 1.6L 自动致享版','2014款',5,1,122900,122900);
insert into t_car_model(cm_id , cs_id , cm_name,cm_type ,cm_order , cm_state , cm_min_price , cm_max_price) values(18806,3290,'2014款 1.4TSI DSG乐享版','2014款',6,1,117900,117900);
insert into t_car_model(cm_id , cs_id , cm_name,cm_type ,cm_order , cm_state , cm_min_price , cm_max_price) values(18737,3290,'2014款 1.4TSI DSG舒享版','2014款',7,1,129900,129900);
insert into t_car_model(cm_id , cs_id , cm_name,cm_type ,cm_order , cm_state , cm_min_price , cm_max_price) values(18738,3290,'2014款 1.4TSI DSG致享版','2014款',8,1,136900,136900);
insert into t_car_series(cs_id,cbf_id,cs_name,cs_order,cs_letter) values(2962,162,'昕锐',4301,'X');
insert into t_car_model(cm_id , cs_id , cm_name,cm_type ,cm_order , cm_state , cm_min_price , cm_max_price) values(43845,2962,'2020款 1.5L 手动标准版','2020款',1,1,77900,77900);
insert into t_car_model(cm_id , cs_id , cm_name,cm_type ,cm_order , cm_state , cm_min_price , cm_max_price) values(43846,2962,'2020款 1.5L 自动标准版','2020款',2,1,87900,87900);
insert into t_car_model(cm_id , cs_id , cm_name,cm_type ,cm_order , cm_state , cm_min_price , cm_max_price) values(43847,2962,'2020款 1.5L 手动舒适版','2020款',3,1,89900,89900);
insert into t_car_model(cm_id , cs_id , cm_name,cm_type ,cm_order , cm_state , cm_min_price , cm_max_price) values(43587,2962,'2020款 1.5L 自动舒适版','2020款',4,1,99900,99900);
insert into t_car_model(cm_id , cs_id , cm_name,cm_type ,cm_order , cm_state , cm_min_price , cm_max_price) values(35917,2962,'2019款 1.5L 手动舒适版 国V','2019款',1,1,90900,90900);
insert into t_car_model(cm_id , cs_id , cm_name,cm_type ,cm_order , cm_state , cm_min_price , cm_max_price) values(40767,2962,'2019款 1.5L 手动舒适版 国VI','2019款',2,1,92400,92400);
insert into t_car_model(cm_id , cs_id , cm_name,cm_type ,cm_order , cm_state , cm_min_price , cm_max_price) values(35913,2962,'2019款 1.5L 手动入门版','2019款',3,1,71900,71900);
insert into t_car_model(cm_id , cs_id , cm_name,cm_type ,cm_order , cm_state , cm_min_price , cm_max_price) values(35914,2962,'2019款 1.5L 手动标准版','2019款',4,1,76900,76900);
insert into t_car_model(cm_id , cs_id , cm_name,cm_type ,cm_order , cm_state , cm_min_price , cm_max_price) values(35915,2962,'2019款 1.5L 自动标准版','2019款',5,1,86900,86900);
insert into t_car_model(cm_id , cs_id , cm_name,cm_type ,cm_order , cm_state , cm_min_price , cm_max_price) values(35918,2962,'2019款 1.5L 自动舒适版 国V','2019款',6,1,100900,100900);
insert into t_car_model(cm_id , cs_id , cm_name,cm_type ,cm_order , cm_state , cm_min_price , cm_max_price) values(40768,2962,'2019款 1.5L 自动舒适版 国VI','2019款',7,1,102400,102400);
insert into t_car_model(cm_id , cs_id , cm_name,cm_type ,cm_order , cm_state , cm_min_price , cm_max_price) values(35919,2962,'2019款 1.5L 自动智享版 国V','2019款',8,1,104900,104900);
insert into t_car_model(cm_id , cs_id , cm_name,cm_type ,cm_order , cm_state , cm_min_price , cm_max_price) values(40769,2962,'2019款 1.5L 自动智享版 国VI','2019款',9,1,106400,106400);
insert into t_car_model(cm_id , cs_id , cm_name,cm_type ,cm_order , cm_state , cm_min_price , cm_max_price) values(40760,2962,'2019款 改款 1.5L 手动入门版 国V','2019款',10,1,71900,71900);
insert into t_car_model(cm_id , cs_id , cm_name,cm_type ,cm_order , cm_state , cm_min_price , cm_max_price) values(40764,2962,'2019款 改款 1.5L 手动入门版 国VI','2019款',11,1,73400,73400);
insert into t_car_model(cm_id , cs_id , cm_name,cm_type ,cm_order , cm_state , cm_min_price , cm_max_price) values(40761,2962,'2019款 改款 1.5L 手动标准版 国V','2019款',12,1,76900,76900);
insert into t_car_model(cm_id , cs_id , cm_name,cm_type ,cm_order , cm_state , cm_min_price , cm_max_price) values(40765,2962,'2019款 改款 1.5L 手动标准版 国VI','2019款',13,1,78400,78400);
insert into t_car_model(cm_id , cs_id , cm_name,cm_type ,cm_order , cm_state , cm_min_price , cm_max_price) values(40762,2962,'2019款 改款 1.5L 自动标准版 国V','2019款',14,1,86900,86900);
insert into t_car_model(cm_id , cs_id , cm_name,cm_type ,cm_order , cm_state , cm_min_price , cm_max_price) values(40766,2962,'2019款 改款 1.5L 自动标准版 国VI','2019款',15,1,88400,88400);
insert into t_car_model(cm_id , cs_id , cm_name,cm_type ,cm_order , cm_state , cm_min_price , cm_max_price) values(32421,2962,'2018款 1.4L 手动标准版','2018款',1,1,76900,76900);
insert into t_car_model(cm_id , cs_id , cm_name,cm_type ,cm_order , cm_state , cm_min_price , cm_max_price) values(32422,2962,'2018款 1.4L 手动舒适版','2018款',2,1,90900,90900);
insert into t_car_model(cm_id , cs_id , cm_name,cm_type ,cm_order , cm_state , cm_min_price , cm_max_price) values(32423,2962,'2018款 1.6L 手动标准版','2018款',3,1,81900,81900);
insert into t_car_model(cm_id , cs_id , cm_name,cm_type ,cm_order , cm_state , cm_min_price , cm_max_price) values(32424,2962,'2018款 1.6L 手动舒适版','2018款',4,1,95900,95900);
insert into t_car_model(cm_id , cs_id , cm_name,cm_type ,cm_order , cm_state , cm_min_price , cm_max_price) values(32425,2962,'2018款 1.6L 自动舒适版','2018款',5,1,105900,105900);
insert into t_car_model(cm_id , cs_id , cm_name,cm_type ,cm_order , cm_state , cm_min_price , cm_max_price) values(23664,2962,'2016款 1.4L 手动前行版','2016款',1,1,79900,79900);
insert into t_car_model(cm_id , cs_id , cm_name,cm_type ,cm_order , cm_state , cm_min_price , cm_max_price) values(23667,2962,'2016款 1.4L 手动创行版','2016款',2,1,90900,90900);
insert into t_car_model(cm_id , cs_id , cm_name,cm_type ,cm_order , cm_state , cm_min_price , cm_max_price) values(23665,2962,'2016款 1.6L 手动前行版','2016款',3,1,84900,84900);
insert into t_car_model(cm_id , cs_id , cm_name,cm_type ,cm_order , cm_state , cm_min_price , cm_max_price) values(23666,2962,'2016款 1.6L 自动前行版','2016款',4,1,94900,94900);
insert into t_car_model(cm_id , cs_id , cm_name,cm_type ,cm_order , cm_state , cm_min_price , cm_max_price) values(23668,2962,'2016款 1.6L 手动创行版','2016款',5,1,95900,95900);
insert into t_car_model(cm_id , cs_id , cm_name,cm_type ,cm_order , cm_state , cm_min_price , cm_max_price) values(23669,2962,'2016款 1.6L 自动创行版','2016款',6,1,105900,105900);
insert into t_car_model(cm_id , cs_id , cm_name,cm_type ,cm_order , cm_state , cm_min_price , cm_max_price) values(23670,2962,'2016款 1.6L 手动尊行版','2016款',7,1,106900,106900);
insert into t_car_model(cm_id , cs_id , cm_name,cm_type ,cm_order , cm_state , cm_min_price , cm_max_price) values(23671,2962,'2016款 1.6L 自动尊行版','2016款',8,1,116900,116900);
insert into t_car_model(cm_id , cs_id , cm_name,cm_type ,cm_order , cm_state , cm_min_price , cm_max_price) values(19770,2962,'2015款 1.4L 手动乐选型','2015款',1,1,79900,79900);
insert into t_car_model(cm_id , cs_id , cm_name,cm_type ,cm_order , cm_state , cm_min_price , cm_max_price) values(19771,2962,'2015款 1.4L 手动智选型','2015款',2,1,90900,90900);
insert into t_car_model(cm_id , cs_id , cm_name,cm_type ,cm_order , cm_state , cm_min_price , cm_max_price) values(19772,2962,'2015款 1.6L 手动乐选型','2015款',3,1,84900,84900);
insert into t_car_model(cm_id , cs_id , cm_name,cm_type ,cm_order , cm_state , cm_min_price , cm_max_price) values(19773,2962,'2015款 1.6L 自动乐选型','2015款',4,1,94900,94900);
insert into t_car_model(cm_id , cs_id , cm_name,cm_type ,cm_order , cm_state , cm_min_price , cm_max_price) values(19774,2962,'2015款 1.6L 手动智选型','2015款',5,1,95900,95900);
insert into t_car_model(cm_id , cs_id , cm_name,cm_type ,cm_order , cm_state , cm_min_price , cm_max_price) values(19775,2962,'2015款 1.6L 自动智选型','2015款',6,1,105900,105900);
insert into t_car_model(cm_id , cs_id , cm_name,cm_type ,cm_order , cm_state , cm_min_price , cm_max_price) values(19776,2962,'2015款 1.6L 手动优选型','2015款',7,1,106900,106900);
insert into t_car_model(cm_id , cs_id , cm_name,cm_type ,cm_order , cm_state , cm_min_price , cm_max_price) values(19777,2962,'2015款 1.6L 自动优选型','2015款',8,1,116900,116900);
insert into t_car_model(cm_id , cs_id , cm_name,cm_type ,cm_order , cm_state , cm_min_price , cm_max_price) values(15527,2962,'2013款 1.4L 手动乐选型','2013款',1,1,79900,79900);
insert into t_car_model(cm_id , cs_id , cm_name,cm_type ,cm_order , cm_state , cm_min_price , cm_max_price) values(15529,2962,'2013款 1.4L 手动智选型','2013款',2,1,90900,90900);
insert into t_car_model(cm_id , cs_id , cm_name,cm_type ,cm_order , cm_state , cm_min_price , cm_max_price) values(15528,2962,'2013款 1.6L 手动乐选型','2013款',3,1,84900,84900);
insert into t_car_model(cm_id , cs_id , cm_name,cm_type ,cm_order , cm_state , cm_min_price , cm_max_price) values(18521,2962,'2013款 1.6L 自动乐选型','2013款',4,1,94900,94900);
insert into t_car_model(cm_id , cs_id , cm_name,cm_type ,cm_order , cm_state , cm_min_price , cm_max_price) values(15530,2962,'2013款 1.6L 手动智选型','2013款',5,1,95900,95900);
insert into t_car_model(cm_id , cs_id , cm_name,cm_type ,cm_order , cm_state , cm_min_price , cm_max_price) values(15167,2962,'2013款 1.6L 自动智选型','2013款',6,1,105900,105900);
insert into t_car_model(cm_id , cs_id , cm_name,cm_type ,cm_order , cm_state , cm_min_price , cm_max_price) values(15531,2962,'2013款 1.6L 手动优选型','2013款',7,1,106900,106900);
insert into t_car_model(cm_id , cs_id , cm_name,cm_type ,cm_order , cm_state , cm_min_price , cm_max_price) values(14574,2962,'2013款 1.6L 自动优选型','2013款',8,1,116900,116900);
insert into t_car_series(cs_id,cbf_id,cs_name,cs_order,cs_letter) values(3171,162,'速派',4302,'S');
insert into t_car_model(cm_id , cs_id , cm_name,cm_type ,cm_order , cm_state , cm_min_price , cm_max_price) values(48963,3171,'2021款 TSI280 DSG标准版','2021款',1,1,154900,154900);
insert into t_car_model(cm_id , cs_id , cm_name,cm_type ,cm_order , cm_state , cm_min_price , cm_max_price) values(49765,3171,'2021款 TSI280 DSG舒适版','2021款',2,1,167900,167900);
insert into t_car_model(cm_id , cs_id , cm_name,cm_type ,cm_order , cm_state , cm_min_price , cm_max_price) values(49583,3171,'2021款 TSI330 DSG舒适版','2021款',3,1,186900,186900);
insert into t_car_model(cm_id , cs_id , cm_name,cm_type ,cm_order , cm_state , cm_min_price , cm_max_price) values(51017,3171,'2021款 TSI330 DSG豪华版','2021款',4,1,201900,201900);
insert into t_car_model(cm_id , cs_id , cm_name,cm_type ,cm_order , cm_state , cm_min_price , cm_max_price) values(48964,3171,'2021款 TSI380 DSG旗舰版','2021款',5,1,229900,229900);
insert into t_car_model(cm_id , cs_id , cm_name,cm_type ,cm_order , cm_state , cm_min_price , cm_max_price) values(40783,3171,'2019款 TSI280 DSG标准版','2019款',1,1,154900,154900);
insert into t_car_model(cm_id , cs_id , cm_name,cm_type ,cm_order , cm_state , cm_min_price , cm_max_price) values(40784,3171,'2019款 TSI280 DSG舒适版','2019款',2,1,167900,167900);
insert into t_car_model(cm_id , cs_id , cm_name,cm_type ,cm_order , cm_state , cm_min_price , cm_max_price) values(40785,3171,'2019款 TSI330 DSG舒适版 ','2019款',3,1,186900,186900);
insert into t_car_model(cm_id , cs_id , cm_name,cm_type ,cm_order , cm_state , cm_min_price , cm_max_price) values(39706,3171,'2019款 TSI330 DSG豪华版','2019款',4,1,201900,201900);
insert into t_car_model(cm_id , cs_id , cm_name,cm_type ,cm_order , cm_state , cm_min_price , cm_max_price) values(45874,3171,'2019款 改款 TSI280 DSG标准版','2019款',5,1,154900,154900);
insert into t_car_model(cm_id , cs_id , cm_name,cm_type ,cm_order , cm_state , cm_min_price , cm_max_price) values(45875,3171,'2019款 改款 TSI280 DSG舒适版','2019款',6,1,167900,167900);
insert into t_car_model(cm_id , cs_id , cm_name,cm_type ,cm_order , cm_state , cm_min_price , cm_max_price) values(46655,3171,'2019款 改款 TSI330 DSG舒适版','2019款',7,1,186900,186900);
insert into t_car_model(cm_id , cs_id , cm_name,cm_type ,cm_order , cm_state , cm_min_price , cm_max_price) values(46656,3171,'2019款 改款 TSI330 DSG豪华版','2019款',8,1,201900,201900);
insert into t_car_model(cm_id , cs_id , cm_name,cm_type ,cm_order , cm_state , cm_min_price , cm_max_price) values(39537,3171,'2019款 TSI380 DSG旗舰版','2019款',9,1,229900,229900);
insert into t_car_model(cm_id , cs_id , cm_name,cm_type ,cm_order , cm_state , cm_min_price , cm_max_price) values(31785,3171,'2018款 TSI280 手动标准版 国V','2018款',1,1,159800,159800);
insert into t_car_model(cm_id , cs_id , cm_name,cm_type ,cm_order , cm_state , cm_min_price , cm_max_price) values(31786,3171,'2018款 TSI280 DSG标准版 国V','2018款',2,1,169800,169800);
insert into t_car_model(cm_id , cs_id , cm_name,cm_type ,cm_order , cm_state , cm_min_price , cm_max_price) values(37968,3171,'2018款 TSI280 DSG标准版 国VI','2018款',3,1,171300,171300);
insert into t_car_model(cm_id , cs_id , cm_name,cm_type ,cm_order , cm_state , cm_min_price , cm_max_price) values(31787,3171,'2018款 TSI280 DSG舒适版 国V','2018款',4,1,179800,179800);
insert into t_car_model(cm_id , cs_id , cm_name,cm_type ,cm_order , cm_state , cm_min_price , cm_max_price) values(37969,3171,'2018款 TSI280 DSG舒适版 国VI','2018款',5,1,181300,181300);
insert into t_car_model(cm_id , cs_id , cm_name,cm_type ,cm_order , cm_state , cm_min_price , cm_max_price) values(37963,3171,'2018款 TSI280 DSG豪华版 国V','2018款',6,1,202800,202800);
insert into t_car_model(cm_id , cs_id , cm_name,cm_type ,cm_order , cm_state , cm_min_price , cm_max_price) values(37970,3171,'2018款 TSI280 DSG豪华版 国VI','2018款',7,1,204300,204300);
insert into t_car_model(cm_id , cs_id , cm_name,cm_type ,cm_order , cm_state , cm_min_price , cm_max_price) values(31788,3171,'2018款 TSI330 DSG舒适版 国V','2018款',8,1,189800,189800);
insert into t_car_model(cm_id , cs_id , cm_name,cm_type ,cm_order , cm_state , cm_min_price , cm_max_price) values(37971,3171,'2018款 TSI330 DSG舒适版 国VI','2018款',9,1,191800,191800);
insert into t_car_model(cm_id , cs_id , cm_name,cm_type ,cm_order , cm_state , cm_min_price , cm_max_price) values(31789,3171,'2018款 TSI330 DSG豪华版 国V','2018款',10,1,209800,209800);
insert into t_car_model(cm_id , cs_id , cm_name,cm_type ,cm_order , cm_state , cm_min_price , cm_max_price) values(37972,3171,'2018款 TSI330 DSG豪华版 国VI','2018款',11,1,211800,211800);
insert into t_car_model(cm_id , cs_id , cm_name,cm_type ,cm_order , cm_state , cm_min_price , cm_max_price) values(31790,3171,'2018款 TSI380 DSG旗舰版 国V','2018款',12,1,239800,239800);
insert into t_car_model(cm_id , cs_id , cm_name,cm_type ,cm_order , cm_state , cm_min_price , cm_max_price) values(37973,3171,'2018款 TSI380 DSG旗舰版 国VI','2018款',13,1,241300,241300);
insert into t_car_model(cm_id , cs_id , cm_name,cm_type ,cm_order , cm_state , cm_min_price , cm_max_price) values(31784,3171,'2017款 TSI280 DSG冠军版','2017款',1,1,212800,212800);
insert into t_car_model(cm_id , cs_id , cm_name,cm_type ,cm_order , cm_state , cm_min_price , cm_max_price) values(24884,3171,'2016款 TSI280 DSG智行版','2016款',1,1,212800,212800);
insert into t_car_model(cm_id , cs_id , cm_name,cm_type ,cm_order , cm_state , cm_min_price , cm_max_price) values(24036,3171,'2016款 TSI280 手动前行版','2016款',2,1,169800,169800);
insert into t_car_model(cm_id , cs_id , cm_name,cm_type ,cm_order , cm_state , cm_min_price , cm_max_price) values(24031,3171,'2016款 TSI380 DSG尊行版','2016款',3,1,249800,249800);
insert into t_car_model(cm_id , cs_id , cm_name,cm_type ,cm_order , cm_state , cm_min_price , cm_max_price) values(23568,3171,'2016款 TSI380 DSG旗舰版','2016款',4,1,276800,276800);
insert into t_car_model(cm_id , cs_id , cm_name,cm_type ,cm_order , cm_state , cm_min_price , cm_max_price) values(24035,3171,'2016款 TSI280 DSG前行版','2016款',5,1,179800,179800);
insert into t_car_model(cm_id , cs_id , cm_name,cm_type ,cm_order , cm_state , cm_min_price , cm_max_price) values(24034,3171,'2016款 TSI280 DSG创行版','2016款',6,1,189800,189800);
insert into t_car_model(cm_id , cs_id , cm_name,cm_type ,cm_order , cm_state , cm_min_price , cm_max_price) values(28112,3171,'2016款 TSI280 DSG冠军版','2016款',7,1,212800,212800);
insert into t_car_model(cm_id , cs_id , cm_name,cm_type ,cm_order , cm_state , cm_min_price , cm_max_price) values(24033,3171,'2016款 TSI330 DSG创行版','2016款',8,1,199800,199800);
insert into t_car_model(cm_id , cs_id , cm_name,cm_type ,cm_order , cm_state , cm_min_price , cm_max_price) values(24032,3171,'2016款 TSI330 DSG智行版','2016款',9,1,219800,219800);
insert into t_car_model(cm_id , cs_id , cm_name,cm_type ,cm_order , cm_state , cm_min_price , cm_max_price) values(27192,3171,'2016款 改款 TSI380 DSG尊行版','2016款',10,1,249800,249800);
insert into t_car_model(cm_id , cs_id , cm_name,cm_type ,cm_order , cm_state , cm_min_price , cm_max_price) values(27193,3171,'2016款 改款 TSI380 DSG旗舰版','2016款',11,1,272800,272800);
insert into t_car_model(cm_id , cs_id , cm_name,cm_type ,cm_order , cm_state , cm_min_price , cm_max_price) values(21801,3171,'2015款 1.8TSI 手动绅仕版','2015款',1,1,177600,177600);
insert into t_car_model(cm_id , cs_id , cm_name,cm_type ,cm_order , cm_state , cm_min_price , cm_max_price) values(16659,3171,'2013款 1.4TSI 手动绅仕版','2013款',1,1,167600,167600);
insert into t_car_model(cm_id , cs_id , cm_name,cm_type ,cm_order , cm_state , cm_min_price , cm_max_price) values(16660,3171,'2013款 1.4TSI DSG绅仕版','2013款',2,1,181600,181600);
insert into t_car_model(cm_id , cs_id , cm_name,cm_type ,cm_order , cm_state , cm_min_price , cm_max_price) values(16661,3171,'2013款 1.4TSI DSG名仕版','2013款',3,1,196600,196600);
insert into t_car_model(cm_id , cs_id , cm_name,cm_type ,cm_order , cm_state , cm_min_price , cm_max_price) values(16662,3171,'2013款 1.4TSI DSG绿动版','2013款',4,1,199600,199600);
insert into t_car_model(cm_id , cs_id , cm_name,cm_type ,cm_order , cm_state , cm_min_price , cm_max_price) values(16663,3171,'2013款 1.8TSI 手动名仕版','2013款',5,1,192600,192600);
insert into t_car_model(cm_id , cs_id , cm_name,cm_type ,cm_order , cm_state , cm_min_price , cm_max_price) values(16664,3171,'2013款 1.8TSI 自动名仕版','2013款',6,1,203600,203600);
insert into t_car_model(cm_id , cs_id , cm_name,cm_type ,cm_order , cm_state , cm_min_price , cm_max_price) values(16665,3171,'2013款 1.8TSI 自动雅仕版','2013款',7,1,216600,216600);
insert into t_car_model(cm_id , cs_id , cm_name,cm_type ,cm_order , cm_state , cm_min_price , cm_max_price) values(16572,3171,'2013款 2.0TSI DSG尊仕版','2013款',8,1,247600,247600);
insert into t_car_series(cs_id,cbf_id,cs_name,cs_order,cs_letter) values(4690,162,'柯米克',4303,'K');
insert into t_car_model(cm_id , cs_id , cm_name,cm_type ,cm_order , cm_state , cm_min_price , cm_max_price) values(51940,4690,'2021款 1.5L 手动标准版','2021款',1,1,89900,89900);
insert into t_car_model(cm_id , cs_id , cm_name,cm_type ,cm_order , cm_state , cm_min_price , cm_max_price) values(51941,4690,'2021款 1.5L 自动标准版','2021款',2,1,99900,99900);
insert into t_car_model(cm_id , cs_id , cm_name,cm_type ,cm_order , cm_state , cm_min_price , cm_max_price) values(51942,4690,'2021款 1.5L 手动舒适版','2021款',3,1,99900,99900);
insert into t_car_model(cm_id , cs_id , cm_name,cm_type ,cm_order , cm_state , cm_min_price , cm_max_price) values(50477,4690,'2021款 1.5L 自动舒适版','2021款',4,1,111900,111900);
insert into t_car_model(cm_id , cs_id , cm_name,cm_type ,cm_order , cm_state , cm_min_price , cm_max_price) values(55157,4690,'2021款 GT 1.5L 自动舒适版','2021款',5,1,111900,111900);
insert into t_car_model(cm_id , cs_id , cm_name,cm_type ,cm_order , cm_state , cm_min_price , cm_max_price) values(55158,4690,'2021款 GT TSI230 DSG舒适版','2021款',6,1,118900,118900);
insert into t_car_model(cm_id , cs_id , cm_name,cm_type ,cm_order , cm_state , cm_min_price , cm_max_price) values(55159,4690,'2021款 GT 1.5L 自动旗舰版','2021款',7,1,118900,118900);
insert into t_car_model(cm_id , cs_id , cm_name,cm_type ,cm_order , cm_state , cm_min_price , cm_max_price) values(55160,4690,'2021款 GT TSI230 DSG旗舰版','2021款',8,1,125900,125900);
insert into t_car_model(cm_id , cs_id , cm_name,cm_type ,cm_order , cm_state , cm_min_price , cm_max_price) values(42836,4690,'2020款 GT 1.5L 自动舒适版 国VI','2020款',1,1,111900,111900);
insert into t_car_model(cm_id , cs_id , cm_name,cm_type ,cm_order , cm_state , cm_min_price , cm_max_price) values(42837,4690,'2020款 GT TSI230 DSG舒适版 国VI','2020款',2,1,118900,118900);
insert into t_car_model(cm_id , cs_id , cm_name,cm_type ,cm_order , cm_state , cm_min_price , cm_max_price) values(42838,4690,'2020款 GT 1.5L 自动旗舰版 国VI','2020款',3,1,118900,118900);
insert into t_car_model(cm_id , cs_id , cm_name,cm_type ,cm_order , cm_state , cm_min_price , cm_max_price) values(42002,4690,'2020款 GT TSI230 DSG旗舰版 国VI','2020款',4,1,125900,125900);
insert into t_car_model(cm_id , cs_id , cm_name,cm_type ,cm_order , cm_state , cm_min_price , cm_max_price) values(45332,4690,'2020款 1.5L 手动标准版','2020款',5,1,89900,89900);
insert into t_car_model(cm_id , cs_id , cm_name,cm_type ,cm_order , cm_state , cm_min_price , cm_max_price) values(45333,4690,'2020款 1.5L 自动标准版 ','2020款',6,1,99900,99900);
insert into t_car_model(cm_id , cs_id , cm_name,cm_type ,cm_order , cm_state , cm_min_price , cm_max_price) values(45334,4690,'2020款 1.5L 手动舒适版','2020款',7,1,99900,99900);
insert into t_car_model(cm_id , cs_id , cm_name,cm_type ,cm_order , cm_state , cm_min_price , cm_max_price) values(45335,4690,'2020款 1.5L 自动舒适版','2020款',8,1,111900,111900);
insert into t_car_model(cm_id , cs_id , cm_name,cm_type ,cm_order , cm_state , cm_min_price , cm_max_price) values(46163,4690,'2020款 改款 GT 1.5L 自动舒适版 国VI','2020款',9,1,111900,111900);
insert into t_car_model(cm_id , cs_id , cm_name,cm_type ,cm_order , cm_state , cm_min_price , cm_max_price) values(46167,4690,'2020款 改款 GT TSI230 DSG舒适版 国VI','2020款',10,1,118900,118900);
insert into t_car_model(cm_id , cs_id , cm_name,cm_type ,cm_order , cm_state , cm_min_price , cm_max_price) values(46168,4690,'2020款 改款 GT 1.5L 自动旗舰版 国VI','2020款',11,1,118900,118900);
insert into t_car_model(cm_id , cs_id , cm_name,cm_type ,cm_order , cm_state , cm_min_price , cm_max_price) values(46169,4690,'2020款 改款 GT TSI230 DSG旗舰版 国VI','2020款',12,1,125900,125900);
insert into t_car_model(cm_id , cs_id , cm_name,cm_type ,cm_order , cm_state , cm_min_price , cm_max_price) values(40188,4690,'2018款 1.5L 手动标准版 国VI','2018款',1,1,89900,89900);
insert into t_car_model(cm_id , cs_id , cm_name,cm_type ,cm_order , cm_state , cm_min_price , cm_max_price) values(40189,4690,'2018款 1.5L 自动标准版 国VI','2018款',2,1,99900,99900);
insert into t_car_model(cm_id , cs_id , cm_name,cm_type ,cm_order , cm_state , cm_min_price , cm_max_price) values(40190,4690,'2018款 1.5L 手动舒适版 国VI','2018款',3,1,99900,99900);
insert into t_car_model(cm_id , cs_id , cm_name,cm_type ,cm_order , cm_state , cm_min_price , cm_max_price) values(40191,4690,'2018款 1.5L 自动舒适版 国VI','2018款',4,1,111900,111900);
insert into t_car_model(cm_id , cs_id , cm_name,cm_type ,cm_order , cm_state , cm_min_price , cm_max_price) values(34491,4690,'2018款 1.5L 手动标准版 国V','2018款',5,1,89900,89900);
insert into t_car_model(cm_id , cs_id , cm_name,cm_type ,cm_order , cm_state , cm_min_price , cm_max_price) values(34794,4690,'2018款 1.5L 自动标准版 国V','2018款',6,1,99900,99900);
insert into t_car_model(cm_id , cs_id , cm_name,cm_type ,cm_order , cm_state , cm_min_price , cm_max_price) values(34793,4690,'2018款 1.5L 手动舒适版 国V','2018款',7,1,99900,99900);
insert into t_car_model(cm_id , cs_id , cm_name,cm_type ,cm_order , cm_state , cm_min_price , cm_max_price) values(33502,4690,'2018款 1.5L 自动舒适版 国V','2018款',8,1,111900,111900);
insert into t_car_series(cs_id,cbf_id,cs_name,cs_order,cs_letter) values(4453,162,'柯珞克',4304,'K');
insert into t_car_model(cm_id , cs_id , cm_name,cm_type ,cm_order , cm_state , cm_min_price , cm_max_price) values(53930,4453,'2022款 TSI280 豪华版','2022款',1,1,149900,149900);
insert into t_car_model(cm_id , cs_id , cm_name,cm_type ,cm_order , cm_state , cm_min_price , cm_max_price) values(53931,4453,'2022款 TSI280 尊贵版','2022款',2,1,154900,154900);
insert into t_car_model(cm_id , cs_id , cm_name,cm_type ,cm_order , cm_state , cm_min_price , cm_max_price) values(47966,4453,'2021款 TSI280 舒适版','2021款',1,1,129900,129900);
insert into t_car_model(cm_id , cs_id , cm_name,cm_type ,cm_order , cm_state , cm_min_price , cm_max_price) values(47968,4453,'2021款 TSI280 科技版','2021款',2,1,139900,139900);
insert into t_car_model(cm_id , cs_id , cm_name,cm_type ,cm_order , cm_state , cm_min_price , cm_max_price) values(47969,4453,'2021款 TSI280 豪华版','2021款',3,1,149900,149900);
insert into t_car_model(cm_id , cs_id , cm_name,cm_type ,cm_order , cm_state , cm_min_price , cm_max_price) values(47970,4453,'2021款 TSI280 旗舰版','2021款',4,1,159900,159900);
insert into t_car_model(cm_id , cs_id , cm_name,cm_type ,cm_order , cm_state , cm_min_price , cm_max_price) values(45153,4453,'2020款 TSI280 智行舒适版 国VI','2020款',1,1,129900,129900);
insert into t_car_model(cm_id , cs_id , cm_name,cm_type ,cm_order , cm_state , cm_min_price , cm_max_price) values(45152,4453,'2020款 TSI280 智行科技版 国VI','2020款',2,1,139900,139900);
insert into t_car_model(cm_id , cs_id , cm_name,cm_type ,cm_order , cm_state , cm_min_price , cm_max_price) values(45154,4453,'2020款 TSI280 智行豪华版 国VI','2020款',3,1,149900,149900);
insert into t_car_model(cm_id , cs_id , cm_name,cm_type ,cm_order , cm_state , cm_min_price , cm_max_price) values(45155,4453,'2020款 TSI280 智行旗舰版 国VI','2020款',4,1,159900,159900);
insert into t_car_model(cm_id , cs_id , cm_name,cm_type ,cm_order , cm_state , cm_min_price , cm_max_price) values(38326,4453,'2019款 TSI230 标准版 国V','2019款',1,1,139900,139900);
insert into t_car_model(cm_id , cs_id , cm_name,cm_type ,cm_order , cm_state , cm_min_price , cm_max_price) values(38327,4453,'2019款 TSI280 智行舒适版 国V','2019款',2,1,129900,129900);
insert into t_car_model(cm_id , cs_id , cm_name,cm_type ,cm_order , cm_state , cm_min_price , cm_max_price) values(38329,4453,'2019款 TSI280 智行优享版 国V','2019款',3,1,139900,139900);
insert into t_car_model(cm_id , cs_id , cm_name,cm_type ,cm_order , cm_state , cm_min_price , cm_max_price) values(38333,4453,'2019款 TSI280 智行豪华版 国V','2019款',4,1,149900,149900);
insert into t_car_model(cm_id , cs_id , cm_name,cm_type ,cm_order , cm_state , cm_min_price , cm_max_price) values(38338,4453,'2019款 TSI280 智行旗舰版 国V','2019款',5,1,159900,159900);
insert into t_car_model(cm_id , cs_id , cm_name,cm_type ,cm_order , cm_state , cm_min_price , cm_max_price) values(38328,4453,'2019款 TSI280 智行舒适版 国VI','2019款',6,1,129900,129900);
insert into t_car_model(cm_id , cs_id , cm_name,cm_type ,cm_order , cm_state , cm_min_price , cm_max_price) values(38330,4453,'2019款 TSI280 智行优享版 国VI','2019款',7,1,139900,139900);
insert into t_car_model(cm_id , cs_id , cm_name,cm_type ,cm_order , cm_state , cm_min_price , cm_max_price) values(38335,4453,'2019款 TSI280 智行豪华版 国VI','2019款',8,1,149900,149900);
insert into t_car_model(cm_id , cs_id , cm_name,cm_type ,cm_order , cm_state , cm_min_price , cm_max_price) values(38339,4453,'2019款 TSI280 智行旗舰版 国VI','2019款',9,1,159900,159900);
insert into t_car_model(cm_id , cs_id , cm_name,cm_type ,cm_order , cm_state , cm_min_price , cm_max_price) values(33561,4453,'2018款 TSI230 标准版','2018款',1,1,139900,139900);
insert into t_car_model(cm_id , cs_id , cm_name,cm_type ,cm_order , cm_state , cm_min_price , cm_max_price) values(33562,4453,'2018款 TSI280 舒适版 国V','2018款',2,1,149900,149900);
insert into t_car_model(cm_id , cs_id , cm_name,cm_type ,cm_order , cm_state , cm_min_price , cm_max_price) values(37964,4453,'2018款 TSI280 舒适版 国VI','2018款',3,1,151400,151400);
insert into t_car_model(cm_id , cs_id , cm_name,cm_type ,cm_order , cm_state , cm_min_price , cm_max_price) values(36665,4453,'2018款 TSI280 优享版 国V','2018款',4,1,157900,157900);
insert into t_car_model(cm_id , cs_id , cm_name,cm_type ,cm_order , cm_state , cm_min_price , cm_max_price) values(37965,4453,'2018款 TSI280 优享版 国VI','2018款',5,1,159400,159400);
insert into t_car_model(cm_id , cs_id , cm_name,cm_type ,cm_order , cm_state , cm_min_price , cm_max_price) values(33563,4453,'2018款 TSI280 豪华版 国V','2018款',6,1,165900,165900);
insert into t_car_model(cm_id , cs_id , cm_name,cm_type ,cm_order , cm_state , cm_min_price , cm_max_price) values(37966,4453,'2018款 TSI280 豪华版 国VI','2018款',7,1,167400,167400);
insert into t_car_model(cm_id , cs_id , cm_name,cm_type ,cm_order , cm_state , cm_min_price , cm_max_price) values(30461,4453,'2018款 TSI280 旗舰版 国V','2018款',8,1,175900,175900);
insert into t_car_model(cm_id , cs_id , cm_name,cm_type ,cm_order , cm_state , cm_min_price , cm_max_price) values(37967,4453,'2018款 TSI280 旗舰版 国VI','2018款',9,1,177400,177400);
insert into t_car_series(cs_id,cbf_id,cs_name,cs_order,cs_letter) values(4217,162,'柯迪亚克',4305,'K');
insert into t_car_model(cm_id , cs_id , cm_name,cm_type ,cm_order , cm_state , cm_min_price , cm_max_price) values(48959,4217,'2021款 TSI330 5座两驱标准版','2021款',1,1,177900,177900);
insert into t_car_model(cm_id , cs_id , cm_name,cm_type ,cm_order , cm_state , cm_min_price , cm_max_price) values(49489,4217,'2021款 TSI330 5座两驱舒适版','2021款',2,1,187900,187900);
insert into t_car_model(cm_id , cs_id , cm_name,cm_type ,cm_order , cm_state , cm_min_price , cm_max_price) values(49490,4217,'2021款 TSI330 5座两驱豪华优享版','2021款',3,1,199900,199900);
insert into t_car_model(cm_id , cs_id , cm_name,cm_type ,cm_order , cm_state , cm_min_price , cm_max_price) values(49491,4217,'2021款 TSI330 7座两驱豪华优享版','2021款',4,1,203900,203900);
insert into t_car_model(cm_id , cs_id , cm_name,cm_type ,cm_order , cm_state , cm_min_price , cm_max_price) values(48960,4217,'2021款 TSI380 7座四驱旗舰版','2021款',5,1,247900,247900);
insert into t_car_model(cm_id , cs_id , cm_name,cm_type ,cm_order , cm_state , cm_min_price , cm_max_price) values(45693,4217,'2020款 TSI330 5座两驱标准版','2020款',1,1,177900,177900);
insert into t_car_model(cm_id , cs_id , cm_name,cm_type ,cm_order , cm_state , cm_min_price , cm_max_price) values(45694,4217,'2020款 TSI330 5座两驱舒适版','2020款',2,1,187900,187900);
insert into t_car_model(cm_id , cs_id , cm_name,cm_type ,cm_order , cm_state , cm_min_price , cm_max_price) values(45695,4217,'2020款 TSI330 7座两驱舒适版','2020款',3,1,191900,191900);
insert into t_car_model(cm_id , cs_id , cm_name,cm_type ,cm_order , cm_state , cm_min_price , cm_max_price) values(45696,4217,'2020款 TSI330 5座两驱豪华优享版','2020款',4,1,199900,199900);
insert into t_car_model(cm_id , cs_id , cm_name,cm_type ,cm_order , cm_state , cm_min_price , cm_max_price) values(45697,4217,'2020款 TSI330 7座两驱豪华优享版','2020款',5,1,203900,203900);
insert into t_car_model(cm_id , cs_id , cm_name,cm_type ,cm_order , cm_state , cm_min_price , cm_max_price) values(36810,4217,'2019款 TSI330 5座两驱标准版 国V','2019款',1,1,186900,186900);
insert into t_car_model(cm_id , cs_id , cm_name,cm_type ,cm_order , cm_state , cm_min_price , cm_max_price) values(36811,4217,'2019款 TSI330 5座两驱标准版 国VI','2019款',2,1,188400,188400);
insert into t_car_model(cm_id , cs_id , cm_name,cm_type ,cm_order , cm_state , cm_min_price , cm_max_price) values(36812,4217,'2019款 TSI330 5座两驱舒适版 国V','2019款',3,1,208900,208900);
insert into t_car_model(cm_id , cs_id , cm_name,cm_type ,cm_order , cm_state , cm_min_price , cm_max_price) values(36813,4217,'2019款 TSI330 5座两驱舒适版 国VI','2019款',4,1,210400,210400);
insert into t_car_model(cm_id , cs_id , cm_name,cm_type ,cm_order , cm_state , cm_min_price , cm_max_price) values(36814,4217,'2019款 TSI330 7座两驱舒适版 国V','2019款',5,1,212900,212900);
insert into t_car_model(cm_id , cs_id , cm_name,cm_type ,cm_order , cm_state , cm_min_price , cm_max_price) values(36815,4217,'2019款 TSI330 7座两驱舒适版 国VI','2019款',6,1,214400,214400);
insert into t_car_model(cm_id , cs_id , cm_name,cm_type ,cm_order , cm_state , cm_min_price , cm_max_price) values(36816,4217,'2019款 TSI330 5座两驱豪华优享版 国V','2019款',7,1,222900,222900);
insert into t_car_model(cm_id , cs_id , cm_name,cm_type ,cm_order , cm_state , cm_min_price , cm_max_price) values(36817,4217,'2019款 TSI330 5座两驱豪华优享版 国VI','2019款',8,1,224400,224400);
insert into t_car_model(cm_id , cs_id , cm_name,cm_type ,cm_order , cm_state , cm_min_price , cm_max_price) values(36818,4217,'2019款 TSI330 7座两驱豪华优享版 国V','2019款',9,1,226900,226900);
insert into t_car_model(cm_id , cs_id , cm_name,cm_type ,cm_order , cm_state , cm_min_price , cm_max_price) values(36819,4217,'2019款 TSI330 7座两驱豪华优享版 国VI','2019款',10,1,228400,228400);
insert into t_car_model(cm_id , cs_id , cm_name,cm_type ,cm_order , cm_state , cm_min_price , cm_max_price) values(36820,4217,'2019款 TSI380 7座四驱豪华优享版 国V','2019款',11,1,250900,250900);
insert into t_car_model(cm_id , cs_id , cm_name,cm_type ,cm_order , cm_state , cm_min_price , cm_max_price) values(36821,4217,'2019款 TSI380 7座四驱豪华优享版 国VI','2019款',12,1,252400,252400);
insert into t_car_model(cm_id , cs_id , cm_name,cm_type ,cm_order , cm_state , cm_min_price , cm_max_price) values(36822,4217,'2019款 TSI380 7座四驱旗舰版 国V','2019款',13,1,266900,266900);
insert into t_car_model(cm_id , cs_id , cm_name,cm_type ,cm_order , cm_state , cm_min_price , cm_max_price) values(36823,4217,'2019款 TSI380 7座四驱旗舰版 国VI','2019款',14,1,268400,268400);
insert into t_car_model(cm_id , cs_id , cm_name,cm_type ,cm_order , cm_state , cm_min_price , cm_max_price) values(38138,4217,'2019款 改款 TSI330 5座两驱标准版 国VI','2019款',15,1,177900,177900);
insert into t_car_model(cm_id , cs_id , cm_name,cm_type ,cm_order , cm_state , cm_min_price , cm_max_price) values(38140,4217,'2019款 改款 TSI330 5座两驱舒适版 国VI','2019款',16,1,187900,187900);
insert into t_car_model(cm_id , cs_id , cm_name,cm_type ,cm_order , cm_state , cm_min_price , cm_max_price) values(38142,4217,'2019款 改款 TSI330 7座两驱舒适版 国VI','2019款',17,1,191900,191900);
insert into t_car_model(cm_id , cs_id , cm_name,cm_type ,cm_order , cm_state , cm_min_price , cm_max_price) values(38144,4217,'2019款 改款 TSI330 5座两驱豪华优享版 国VI','2019款',18,1,199900,199900);
insert into t_car_model(cm_id , cs_id , cm_name,cm_type ,cm_order , cm_state , cm_min_price , cm_max_price) values(38147,4217,'2019款 改款 TSI330 7座两驱豪华优享版 国VI','2019款',19,1,203900,203900);
insert into t_car_model(cm_id , cs_id , cm_name,cm_type ,cm_order , cm_state , cm_min_price , cm_max_price) values(38137,4217,'2019款 改款 TSI330 5座两驱标准版 国V','2019款',20,1,177900,177900);
insert into t_car_model(cm_id , cs_id , cm_name,cm_type ,cm_order , cm_state , cm_min_price , cm_max_price) values(38139,4217,'2019款 改款 TSI330 5座两驱舒适版 国V','2019款',21,1,187900,187900);
insert into t_car_model(cm_id , cs_id , cm_name,cm_type ,cm_order , cm_state , cm_min_price , cm_max_price) values(38141,4217,'2019款 改款 TSI330 7座两驱舒适版 国V','2019款',22,1,191900,191900);
insert into t_car_model(cm_id , cs_id , cm_name,cm_type ,cm_order , cm_state , cm_min_price , cm_max_price) values(38143,4217,'2019款 改款 TSI330 5座两驱豪华优享版 国V','2019款',23,1,199900,199900);
insert into t_car_model(cm_id , cs_id , cm_name,cm_type ,cm_order , cm_state , cm_min_price , cm_max_price) values(38145,4217,'2019款 改款 TSI330 7座两驱豪华优享版 国V','2019款',24,1,203900,203900);
insert into t_car_model(cm_id , cs_id , cm_name,cm_type ,cm_order , cm_state , cm_min_price , cm_max_price) values(38148,4217,'2019款 改款 TSI380 7座四驱豪华优享版 国V','2019款',25,1,227900,227900);
insert into t_car_model(cm_id , cs_id , cm_name,cm_type ,cm_order , cm_state , cm_min_price , cm_max_price) values(38150,4217,'2019款 改款 TSI380 7座四驱旗舰版 国V','2019款',26,1,247900,247900);
insert into t_car_model(cm_id , cs_id , cm_name,cm_type ,cm_order , cm_state , cm_min_price , cm_max_price) values(38149,4217,'2019款 改款 TSI380 7座四驱豪华优享版 国VI','2019款',27,1,227900,227900);
insert into t_car_model(cm_id , cs_id , cm_name,cm_type ,cm_order , cm_state , cm_min_price , cm_max_price) values(38151,4217,'2019款 改款 TSI380 7座四驱旗舰版 国VI','2019款',28,1,247900,247900);
insert into t_car_model(cm_id , cs_id , cm_name,cm_type ,cm_order , cm_state , cm_min_price , cm_max_price) values(32096,4217,'2018款 TSI330 5座两驱标准版','2018款',1,1,189800,189800);
insert into t_car_model(cm_id , cs_id , cm_name,cm_type ,cm_order , cm_state , cm_min_price , cm_max_price) values(32097,4217,'2018款 TSI330 5座两驱舒适版','2018款',2,1,209800,209800);
insert into t_car_model(cm_id , cs_id , cm_name,cm_type ,cm_order , cm_state , cm_min_price , cm_max_price) values(32098,4217,'2018款 TSI330 5座两驱豪华版','2018款',3,1,219800,219800);
insert into t_car_model(cm_id , cs_id , cm_name,cm_type ,cm_order , cm_state , cm_min_price , cm_max_price) values(32099,4217,'2018款 TSI330 5座两驱豪华优享版','2018款',4,1,225300,225300);
insert into t_car_model(cm_id , cs_id , cm_name,cm_type ,cm_order , cm_state , cm_min_price , cm_max_price) values(32100,4217,'2018款 TSI330 7座两驱豪华优享版','2018款',5,1,229800,229800);
insert into t_car_model(cm_id , cs_id , cm_name,cm_type ,cm_order , cm_state , cm_min_price , cm_max_price) values(32101,4217,'2018款 TSI330 7座两驱豪华科技版','2018款',6,1,249800,249800);
insert into t_car_model(cm_id , cs_id , cm_name,cm_type ,cm_order , cm_state , cm_min_price , cm_max_price) values(33399,4217,'2018款 改款 TSI330 5座两驱标准版','2018款',7,1,189800,189800);
insert into t_car_model(cm_id , cs_id , cm_name,cm_type ,cm_order , cm_state , cm_min_price , cm_max_price) values(33400,4217,'2018款 改款 TSI330 5座两驱舒适版','2018款',8,1,209800,209800);
insert into t_car_model(cm_id , cs_id , cm_name,cm_type ,cm_order , cm_state , cm_min_price , cm_max_price) values(33401,4217,'2018款 改款 TSI330 5座两驱豪华版','2018款',9,1,219800,219800);
insert into t_car_model(cm_id , cs_id , cm_name,cm_type ,cm_order , cm_state , cm_min_price , cm_max_price) values(33402,4217,'2018款 改款 TSI330 5座两驱豪华优享版','2018款',10,1,225300,225300);
insert into t_car_model(cm_id , cs_id , cm_name,cm_type ,cm_order , cm_state , cm_min_price , cm_max_price) values(33403,4217,'2018款 改款 TSI330 7座两驱豪华优享版','2018款',11,1,229800,229800);
insert into t_car_model(cm_id , cs_id , cm_name,cm_type ,cm_order , cm_state , cm_min_price , cm_max_price) values(33404,4217,'2018款 改款 TSI330 7座两驱豪华科技版','2018款',12,1,249800,249800);
insert into t_car_model(cm_id , cs_id , cm_name,cm_type ,cm_order , cm_state , cm_min_price , cm_max_price) values(32102,4217,'2018款 TSI380 7座四驱旗舰版','2018款',13,1,269800,269800);
insert into t_car_model(cm_id , cs_id , cm_name,cm_type ,cm_order , cm_state , cm_min_price , cm_max_price) values(29893,4217,'2017款 TSI330 5座两驱标准版','2017款',1,1,189800,189800);
insert into t_car_model(cm_id , cs_id , cm_name,cm_type ,cm_order , cm_state , cm_min_price , cm_max_price) values(29894,4217,'2017款 TSI330  5座两驱舒适版','2017款',2,1,209800,209800);
insert into t_car_model(cm_id , cs_id , cm_name,cm_type ,cm_order , cm_state , cm_min_price , cm_max_price) values(29895,4217,'2017款 TSI330 5座两驱豪华版','2017款',3,1,219800,219800);
insert into t_car_model(cm_id , cs_id , cm_name,cm_type ,cm_order , cm_state , cm_min_price , cm_max_price) values(29896,4217,'2017款 TSI330 7座两驱豪华版','2017款',4,1,229800,229800);
insert into t_car_model(cm_id , cs_id , cm_name,cm_type ,cm_order , cm_state , cm_min_price , cm_max_price) values(29892,4217,'2017款 TSI330 7座两驱豪华科技版','2017款',5,1,249800,249800);
insert into t_car_model(cm_id , cs_id , cm_name,cm_type ,cm_order , cm_state , cm_min_price , cm_max_price) values(28047,4217,'2017款 TSI380 7座四驱旗舰版','2017款',6,1,269800,269800);
insert into t_car_series(cs_id,cbf_id,cs_name,cs_order,cs_letter) values(4986,162,'柯迪亚克GT',4306,'K');
insert into t_car_model(cm_id , cs_id , cm_name,cm_type ,cm_order , cm_state , cm_min_price , cm_max_price) values(48961,4986,'2021款 TSI330 两驱舒适版','2021款',1,1,191900,191900);
insert into t_car_model(cm_id , cs_id , cm_name,cm_type ,cm_order , cm_state , cm_min_price , cm_max_price) values(49639,4986,'2021款 TSI330 两驱豪华版','2021款',2,1,203900,203900);
insert into t_car_model(cm_id , cs_id , cm_name,cm_type ,cm_order , cm_state , cm_min_price , cm_max_price) values(49992,4986,'2021款 TSI380 四驱豪华版','2021款',3,1,227900,227900);
insert into t_car_model(cm_id , cs_id , cm_name,cm_type ,cm_order , cm_state , cm_min_price , cm_max_price) values(48962,4986,'2021款 TSI380 四驱旗舰版','2021款',4,1,247900,247900);
insert into t_car_model(cm_id , cs_id , cm_name,cm_type ,cm_order , cm_state , cm_min_price , cm_max_price) values(36755,4986,'2019款 TSI330 两驱标准版 国VI','2019款',1,1,179900,179900);
insert into t_car_model(cm_id , cs_id , cm_name,cm_type ,cm_order , cm_state , cm_min_price , cm_max_price) values(36757,4986,'2019款 TSI330 两驱舒适版 国VI','2019款',2,1,191900,191900);
insert into t_car_model(cm_id , cs_id , cm_name,cm_type ,cm_order , cm_state , cm_min_price , cm_max_price) values(36859,4986,'2019款 TSI280 两驱标准版 国VI','2019款',3,1,183400,183400);
insert into t_car_model(cm_id , cs_id , cm_name,cm_type ,cm_order , cm_state , cm_min_price , cm_max_price) values(36742,4986,'2019款 TSI380 四驱火星特工版 国VI','2019款',4,1,269900,269900);
insert into t_car_model(cm_id , cs_id , cm_name,cm_type ,cm_order , cm_state , cm_min_price , cm_max_price) values(36761,4986,'2019款 TSI330 两驱豪华版 国VI','2019款',5,1,203900,203900);
insert into t_car_model(cm_id , cs_id , cm_name,cm_type ,cm_order , cm_state , cm_min_price , cm_max_price) values(36759,4986,'2019款 TSI380 四驱舒适版 国VI','2019款',6,1,215900,215900);
insert into t_car_model(cm_id , cs_id , cm_name,cm_type ,cm_order , cm_state , cm_min_price , cm_max_price) values(36397,4986,'2019款 TSI380 四驱豪华版 国VI','2019款',7,1,227900,227900);
insert into t_car_model(cm_id , cs_id , cm_name,cm_type ,cm_order , cm_state , cm_min_price , cm_max_price) values(36763,4986,'2019款 TSI380 四驱旗舰版 国VI','2019款',8,1,247900,247900);
insert into t_car_model(cm_id , cs_id , cm_name,cm_type ,cm_order , cm_state , cm_min_price , cm_max_price) values(36754,4986,'2019款 TSI330 两驱标准版 国V','2019款',9,1,179900,179900);
insert into t_car_model(cm_id , cs_id , cm_name,cm_type ,cm_order , cm_state , cm_min_price , cm_max_price) values(36756,4986,'2019款 TSI330 两驱舒适版 国V','2019款',10,1,191900,191900);
insert into t_car_model(cm_id , cs_id , cm_name,cm_type ,cm_order , cm_state , cm_min_price , cm_max_price) values(36760,4986,'2019款 TSI330 两驱豪华版 国V','2019款',11,1,203900,203900);
insert into t_car_model(cm_id , cs_id , cm_name,cm_type ,cm_order , cm_state , cm_min_price , cm_max_price) values(36758,4986,'2019款 TSI380 四驱舒适版 国V','2019款',12,1,215900,215900);
insert into t_car_model(cm_id , cs_id , cm_name,cm_type ,cm_order , cm_state , cm_min_price , cm_max_price) values(36360,4986,'2019款 TSI380 四驱豪华版 国V','2019款',13,1,227900,227900);
insert into t_car_model(cm_id , cs_id , cm_name,cm_type ,cm_order , cm_state , cm_min_price , cm_max_price) values(36762,4986,'2019款 TSI380 四驱旗舰版 国V','2019款',14,1,247900,247900);
insert into t_car_model(cm_id , cs_id , cm_name,cm_type ,cm_order , cm_state , cm_min_price , cm_max_price) values(38434,4986,'2019款 TSI280 两驱标准版 国V','2019款',15,1,181900,181900);
insert into t_car_model(cm_id , cs_id , cm_name,cm_type ,cm_order , cm_state , cm_min_price , cm_max_price) values(36684,4986,'2019款 TSI380 四驱火星特工版 国V','2019款',16,1,269900,269900);
insert into t_car_series(cs_id,cbf_id,cs_name,cs_order,cs_letter) values(382,162,'晶锐',4307,'J');
insert into t_car_model(cm_id , cs_id , cm_name,cm_type ,cm_order , cm_state , cm_min_price , cm_max_price) values(29038,382,'2017款 1.4L 手动前行版','2017款',1,1,69900,69900);
insert into t_car_model(cm_id , cs_id , cm_name,cm_type ,cm_order , cm_state , cm_min_price , cm_max_price) values(29039,382,'2017款 1.4L 自动前行版','2017款',2,1,79900,79900);
insert into t_car_model(cm_id , cs_id , cm_name,cm_type ,cm_order , cm_state , cm_min_price , cm_max_price) values(29040,382,'2017款 1.4L 手动车享版','2017款',3,1,74900,74900);
insert into t_car_model(cm_id , cs_id , cm_name,cm_type ,cm_order , cm_state , cm_min_price , cm_max_price) values(29041,382,'2017款 1.4L 自动车享版','2017款',4,1,84900,84900);
insert into t_car_model(cm_id , cs_id , cm_name,cm_type ,cm_order , cm_state , cm_min_price , cm_max_price) values(29042,382,'2017款 1.4L 手动创行版','2017款',5,1,79900,79900);
insert into t_car_model(cm_id , cs_id , cm_name,cm_type ,cm_order , cm_state , cm_min_price , cm_max_price) values(29043,382,'2017款 1.4L 自动创行版','2017款',6,1,89900,89900);
insert into t_car_model(cm_id , cs_id , cm_name,cm_type ,cm_order , cm_state , cm_min_price , cm_max_price) values(29044,382,'2017款 1.6L 自动创行版','2017款',7,1,94900,94900);
insert into t_car_model(cm_id , cs_id , cm_name,cm_type ,cm_order , cm_state , cm_min_price , cm_max_price) values(29046,382,'2017款 1.6L 自动运动版','2017款',8,1,99900,99900);
insert into t_car_model(cm_id , cs_id , cm_name,cm_type ,cm_order , cm_state , cm_min_price , cm_max_price) values(29047,382,'2017款 1.6L 自动智行版','2017款',9,1,109900,109900);
insert into t_car_model(cm_id , cs_id , cm_name,cm_type ,cm_order , cm_state , cm_min_price , cm_max_price) values(26113,382,'2016款 1.4L 自动车享版','2016款',1,1,84900,84900);
insert into t_car_model(cm_id , cs_id , cm_name,cm_type ,cm_order , cm_state , cm_min_price , cm_max_price) values(22440,382,'2015款 1.4L 手动前行版','2015款',1,1,69900,69900);
insert into t_car_model(cm_id , cs_id , cm_name,cm_type ,cm_order , cm_state , cm_min_price , cm_max_price) values(22441,382,'2015款 1.4L 自动前行版','2015款',2,1,79900,79900);
insert into t_car_model(cm_id , cs_id , cm_name,cm_type ,cm_order , cm_state , cm_min_price , cm_max_price) values(22442,382,'2015款 1.4L 手动创行版','2015款',3,1,79900,79900);
insert into t_car_model(cm_id , cs_id , cm_name,cm_type ,cm_order , cm_state , cm_min_price , cm_max_price) values(22341,382,'2015款 1.4L 自动创行版','2015款',4,1,89900,89900);
insert into t_car_model(cm_id , cs_id , cm_name,cm_type ,cm_order , cm_state , cm_min_price , cm_max_price) values(22444,382,'2015款 1.6L 自动创行版','2015款',5,1,94900,94900);
insert into t_car_model(cm_id , cs_id , cm_name,cm_type ,cm_order , cm_state , cm_min_price , cm_max_price) values(22443,382,'2015款 1.6L 手动运动版','2015款',6,1,89900,89900);
insert into t_car_model(cm_id , cs_id , cm_name,cm_type ,cm_order , cm_state , cm_min_price , cm_max_price) values(22203,382,'2015款 1.6L 自动运动版','2015款',7,1,99900,99900);
insert into t_car_model(cm_id , cs_id , cm_name,cm_type ,cm_order , cm_state , cm_min_price , cm_max_price) values(22312,382,'2015款 1.6L 自动智行版','2015款',8,1,109900,109900);
insert into t_car_model(cm_id , cs_id , cm_name,cm_type ,cm_order , cm_state , cm_min_price , cm_max_price) values(16705,382,'2014款 1.4L 手动晶致版','2014款',1,1,78900,78900);
insert into t_car_model(cm_id , cs_id , cm_name,cm_type ,cm_order , cm_state , cm_min_price , cm_max_price) values(16706,382,'2014款 1.4L 自动晶致版','2014款',2,1,90900,90900);
insert into t_car_model(cm_id , cs_id , cm_name,cm_type ,cm_order , cm_state , cm_min_price , cm_max_price) values(16707,382,'2014款 1.4L 手动晶灵版','2014款',3,1,87900,87900);
insert into t_car_model(cm_id , cs_id , cm_name,cm_type ,cm_order , cm_state , cm_min_price , cm_max_price) values(16708,382,'2014款 1.4L 自动晶灵版','2014款',4,1,99900,99900);
insert into t_car_model(cm_id , cs_id , cm_name,cm_type ,cm_order , cm_state , cm_min_price , cm_max_price) values(16709,382,'2014款 1.6L 自动晶享版','2014款',5,1,114600,114600);
insert into t_car_model(cm_id , cs_id , cm_name,cm_type ,cm_order , cm_state , cm_min_price , cm_max_price) values(16712,382,'2014款 1.6L 手动Sport版','2014款',6,1,98800,98800);
insert into t_car_model(cm_id , cs_id , cm_name,cm_type ,cm_order , cm_state , cm_min_price , cm_max_price) values(16714,382,'2014款 1.6L 自动Sport版','2014款',7,1,110800,110800);
insert into t_car_model(cm_id , cs_id , cm_name,cm_type ,cm_order , cm_state , cm_min_price , cm_max_price) values(16710,382,'2014款 1.6L 自动Monte carlo版','2014款',8,1,114600,114600);
insert into t_car_model(cm_id , cs_id , cm_name,cm_type ,cm_order , cm_state , cm_min_price , cm_max_price) values(16711,382,'2014款 1.6L Scout','2014款',9,1,115900,115900);
insert into t_car_model(cm_id , cs_id , cm_name,cm_type ,cm_order , cm_state , cm_min_price , cm_max_price) values(11131,382,'2012款 1.4L 手动晶致版','2012款',1,1,78900,78900);
insert into t_car_model(cm_id , cs_id , cm_name,cm_type ,cm_order , cm_state , cm_min_price , cm_max_price) values(11132,382,'2012款 1.4L 自动晶致版','2012款',2,1,90900,90900);
insert into t_car_model(cm_id , cs_id , cm_name,cm_type ,cm_order , cm_state , cm_min_price , cm_max_price) values(11133,382,'2012款 1.4L 手动晶灵版','2012款',3,1,87900,87900);
insert into t_car_model(cm_id , cs_id , cm_name,cm_type ,cm_order , cm_state , cm_min_price , cm_max_price) values(11134,382,'2012款 1.4L 自动晶灵版','2012款',4,1,99900,99900);
insert into t_car_model(cm_id , cs_id , cm_name,cm_type ,cm_order , cm_state , cm_min_price , cm_max_price) values(11124,382,'2012款 1.6L 自动晶享版','2012款',5,1,114600,114600);
insert into t_car_model(cm_id , cs_id , cm_name,cm_type ,cm_order , cm_state , cm_min_price , cm_max_price) values(11135,382,'2012款 1.6L 手动酷黑版','2012款',6,1,96600,96600);
insert into t_car_model(cm_id , cs_id , cm_name,cm_type ,cm_order , cm_state , cm_min_price , cm_max_price) values(11136,382,'2012款 1.6L 自动酷黑版','2012款',7,1,108600,108600);
insert into t_car_model(cm_id , cs_id , cm_name,cm_type ,cm_order , cm_state , cm_min_price , cm_max_price) values(13313,382,'2012款 1.6L 五周年典藏版','2012款',8,1,109800,109800);
insert into t_car_model(cm_id , cs_id , cm_name,cm_type ,cm_order , cm_state , cm_min_price , cm_max_price) values(13762,382,'2012款 1.6L 手动Sport版','2012款',9,1,98800,98800);
insert into t_car_model(cm_id , cs_id , cm_name,cm_type ,cm_order , cm_state , cm_min_price , cm_max_price) values(13763,382,'2012款 1.6L 自动Sport版','2012款',10,1,110800,110800);
insert into t_car_model(cm_id , cs_id , cm_name,cm_type ,cm_order , cm_state , cm_min_price , cm_max_price) values(11421,382,'2012款 1.6L Scout','2012款',11,1,115900,115900);
insert into t_car_model(cm_id , cs_id , cm_name,cm_type ,cm_order , cm_state , cm_min_price , cm_max_price) values(8123,382,'2011款 1.4L 手动晶致版','2011款',1,1,78900,78900);
insert into t_car_model(cm_id , cs_id , cm_name,cm_type ,cm_order , cm_state , cm_min_price , cm_max_price) values(8124,382,'2011款 1.4L 自动晶致版','2011款',2,1,90900,90900);
insert into t_car_model(cm_id , cs_id , cm_name,cm_type ,cm_order , cm_state , cm_min_price , cm_max_price) values(8118,382,'2011款 1.4L 手动晶灵版','2011款',3,1,87900,87900);
insert into t_car_model(cm_id , cs_id , cm_name,cm_type ,cm_order , cm_state , cm_min_price , cm_max_price) values(8119,382,'2011款 1.4L 自动晶灵版','2011款',4,1,99900,99900);
insert into t_car_model(cm_id , cs_id , cm_name,cm_type ,cm_order , cm_state , cm_min_price , cm_max_price) values(10457,382,'2011款 1.4L 手动酷炫版','2011款',5,1,91100,91100);
insert into t_car_model(cm_id , cs_id , cm_name,cm_type ,cm_order , cm_state , cm_min_price , cm_max_price) values(10458,382,'2011款 1.4L 自动酷炫版','2011款',6,1,103100,103100);
insert into t_car_model(cm_id , cs_id , cm_name,cm_type ,cm_order , cm_state , cm_min_price , cm_max_price) values(8120,382,'2011款 1.6L 自动晶灵版','2011款',7,1,104900,104900);
insert into t_car_model(cm_id , cs_id , cm_name,cm_type ,cm_order , cm_state , cm_min_price , cm_max_price) values(8125,382,'2011款 1.6L 自动晶享版','2011款',8,1,113900,113900);
insert into t_car_model(cm_id , cs_id , cm_name,cm_type ,cm_order , cm_state , cm_min_price , cm_max_price) values(8121,382,'2011款 1.6L 手动酷黑版','2011款',9,1,96600,96600);
insert into t_car_model(cm_id , cs_id , cm_name,cm_type ,cm_order , cm_state , cm_min_price , cm_max_price) values(7710,382,'2011款 1.6L 自动酷黑版','2011款',10,1,108600,108600);
insert into t_car_model(cm_id , cs_id , cm_name,cm_type ,cm_order , cm_state , cm_min_price , cm_max_price) values(5583,382,'2009款 1.4L 自动晶致版','2009款',1,1,93900,93900);
insert into t_car_model(cm_id , cs_id , cm_name,cm_type ,cm_order , cm_state , cm_min_price , cm_max_price) values(5584,382,'2009款 1.4L 自动晶灵版','2009款',2,1,104900,104900);
insert into t_car_model(cm_id , cs_id , cm_name,cm_type ,cm_order , cm_state , cm_min_price , cm_max_price) values(5585,382,'2009款 1.6L 自动晶灵版','2009款',3,1,109900,109900);
insert into t_car_model(cm_id , cs_id , cm_name,cm_type ,cm_order , cm_state , cm_min_price , cm_max_price) values(4292,382,'2008款 1.4L 手动晶致版','2008款',1,1,81900,81900);
insert into t_car_model(cm_id , cs_id , cm_name,cm_type ,cm_order , cm_state , cm_min_price , cm_max_price) values(4681,382,'2008款 1.4L 手动晶灵版','2008款',2,1,92900,92900);
insert into t_car_model(cm_id , cs_id , cm_name,cm_type ,cm_order , cm_state , cm_min_price , cm_max_price) values(4683,382,'2008款 1.4L 自动晶享版','2008款',3,1,112900,112900);
insert into t_car_model(cm_id , cs_id , cm_name,cm_type ,cm_order , cm_state , cm_min_price , cm_max_price) values(4682,382,'2008款 1.6L 手动晶灵版','2008款',4,1,97900,97900);
insert into t_car_model(cm_id , cs_id , cm_name,cm_type ,cm_order , cm_state , cm_min_price , cm_max_price) values(4684,382,'2008款 1.6L 自动晶享版','2008款',5,1,117900,117900);
insert into t_car_series(cs_id,cbf_id,cs_name,cs_order,cs_letter) values(772,162,'昊锐',4308,'H');
insert into t_car_model(cm_id , cs_id , cm_name,cm_type ,cm_order , cm_state , cm_min_price , cm_max_price) values(14482,772,'2013款 1.4TSI GreenLine2','2013款',1,1,199600,199600);
insert into t_car_model(cm_id , cs_id , cm_name,cm_type ,cm_order , cm_state , cm_min_price , cm_max_price) values(11622,772,'2012款 1.4TSI 手动智雅版','2012款',1,1,171900,171900);
insert into t_car_model(cm_id , cs_id , cm_name,cm_type ,cm_order , cm_state , cm_min_price , cm_max_price) values(11621,772,'2012款 1.4TSI DSG智雅版','2012款',2,1,185900,185900);
insert into t_car_model(cm_id , cs_id , cm_name,cm_type ,cm_order , cm_state , cm_min_price , cm_max_price) values(13315,772,'2012款 1.4TSI 五周年典藏版','2012款',3,1,195200,195200);
insert into t_car_model(cm_id , cs_id , cm_name,cm_type ,cm_order , cm_state , cm_min_price , cm_max_price) values(11620,772,'2012款 1.4TSI DSG优雅版','2012款',4,1,199900,199900);
insert into t_car_model(cm_id , cs_id , cm_name,cm_type ,cm_order , cm_state , cm_min_price , cm_max_price) values(11625,772,'2012款 1.8TSI 手动优雅版','2012款',5,1,195900,195900);
insert into t_car_model(cm_id , cs_id , cm_name,cm_type ,cm_order , cm_state , cm_min_price , cm_max_price) values(11624,772,'2012款 1.8TSI 自动优雅版','2012款',6,1,207900,207900);
insert into t_car_model(cm_id , cs_id , cm_name,cm_type ,cm_order , cm_state , cm_min_price , cm_max_price) values(11623,772,'2012款 1.8TSI 自动贵雅版','2012款',7,1,217900,217900);
insert into t_car_model(cm_id , cs_id , cm_name,cm_type ,cm_order , cm_state , cm_min_price , cm_max_price) values(11627,772,'2012款 2.0TSI 自动典雅版','2012款',8,1,222900,222900);
insert into t_car_model(cm_id , cs_id , cm_name,cm_type ,cm_order , cm_state , cm_min_price , cm_max_price) values(11626,772,'2012款 2.0TSI 自动尊雅版','2012款',9,1,243900,243900);
insert into t_car_model(cm_id , cs_id , cm_name,cm_type ,cm_order , cm_state , cm_min_price , cm_max_price) values(7663,772,'2010款 1.4TSI 手动智雅版','2010款',1,1,171900,171900);
insert into t_car_model(cm_id , cs_id , cm_name,cm_type ,cm_order , cm_state , cm_min_price , cm_max_price) values(7664,772,'2010款 1.4TSI DSG智雅版','2010款',2,1,185900,185900);
insert into t_car_model(cm_id , cs_id , cm_name,cm_type ,cm_order , cm_state , cm_min_price , cm_max_price) values(7665,772,'2010款 1.4TSI DSG优雅版','2010款',3,1,199900,199900);
insert into t_car_model(cm_id , cs_id , cm_name,cm_type ,cm_order , cm_state , cm_min_price , cm_max_price) values(5614,772,'2009款 1.8TSI 手动智雅版','2009款',1,1,179900,179900);
insert into t_car_model(cm_id , cs_id , cm_name,cm_type ,cm_order , cm_state , cm_min_price , cm_max_price) values(5615,772,'2009款 1.8TSI 自动智雅版','2009款',2,1,191900,191900);
insert into t_car_model(cm_id , cs_id , cm_name,cm_type ,cm_order , cm_state , cm_min_price , cm_max_price) values(5612,772,'2009款 1.8TSI 自动优雅版','2009款',3,1,205900,205900);
insert into t_car_model(cm_id , cs_id , cm_name,cm_type ,cm_order , cm_state , cm_min_price , cm_max_price) values(5613,772,'2009款 1.8TSI 自动贵雅版','2009款',4,1,215900,215900);
insert into t_car_model(cm_id , cs_id , cm_name,cm_type ,cm_order , cm_state , cm_min_price , cm_max_price) values(5617,772,'2009款 1.8TSI 自动尊雅版','2009款',5,1,235900,235900);
insert into t_car_model(cm_id , cs_id , cm_name,cm_type ,cm_order , cm_state , cm_min_price , cm_max_price) values(5618,772,'2009款 2.0TSI 自动优雅版','2009款',6,1,220900,220900);
insert into t_car_model(cm_id , cs_id , cm_name,cm_type ,cm_order , cm_state , cm_min_price , cm_max_price) values(5616,772,'2009款 2.0TSI 自动贵雅版','2009款',7,1,230900,230900);
insert into t_car_model(cm_id , cs_id , cm_name,cm_type ,cm_order , cm_state , cm_min_price , cm_max_price) values(5004,772,'2009款 2.0TSI 自动尊雅版','2009款',8,1,250900,250900);
insert into t_car_model(cm_id , cs_id , cm_name,cm_type ,cm_order , cm_state , cm_min_price , cm_max_price) values(5681,772,'2009款 2.0TSI 自动旗舰版','2009款',9,1,271300,271300);
insert into t_car_series(cs_id,cbf_id,cs_name,cs_order,cs_letter) values(3013,162,'Yeti',4310,'Y');
insert into t_car_model(cm_id , cs_id , cm_name,cm_type ,cm_order , cm_state , cm_min_price , cm_max_price) values(27789,3013,'2017款 1.6L 手动前行版','2017款',1,1,129800,129800);
insert into t_car_model(cm_id , cs_id , cm_name,cm_type ,cm_order , cm_state , cm_min_price , cm_max_price) values(27790,3013,'2017款 TSI280 DSG前行版','2017款',2,1,149800,149800);
insert into t_car_model(cm_id , cs_id , cm_name,cm_type ,cm_order , cm_state , cm_min_price , cm_max_price) values(27524,3013,'2017款 TSI280 DSG车享兄弟版','2017款',3,1,159800,159800);
insert into t_car_model(cm_id , cs_id , cm_name,cm_type ,cm_order , cm_state , cm_min_price , cm_max_price) values(27791,3013,'2017款 TSI280 DSG创行版','2017款',4,1,171800,171800);
insert into t_car_model(cm_id , cs_id , cm_name,cm_type ,cm_order , cm_state , cm_min_price , cm_max_price) values(27792,3013,'2017款 TSI280 DSG尊行版','2017款',5,1,189800,189800);
insert into t_car_model(cm_id , cs_id , cm_name,cm_type ,cm_order , cm_state , cm_min_price , cm_max_price) values(27793,3013,'2017款 TSI300 DSG尊行版','2017款',6,1,209800,209800);
insert into t_car_model(cm_id , cs_id , cm_name,cm_type ,cm_order , cm_state , cm_min_price , cm_max_price) values(23435,3013,'2016款 1.6L 手动前行版','2016款',1,1,129800,129800);
insert into t_car_model(cm_id , cs_id , cm_name,cm_type ,cm_order , cm_state , cm_min_price , cm_max_price) values(23439,3013,'2016款 1.4TSI DSG尊行版','2016款',2,1,189800,189800);
insert into t_car_model(cm_id , cs_id , cm_name,cm_type ,cm_order , cm_state , cm_min_price , cm_max_price) values(23436,3013,'2016款 1.4TSI 手动前行版','2016款',3,1,139800,139800);
insert into t_car_model(cm_id , cs_id , cm_name,cm_type ,cm_order , cm_state , cm_min_price , cm_max_price) values(23437,3013,'2016款 1.4TSI DSG前行版','2016款',4,1,149800,149800);
insert into t_car_model(cm_id , cs_id , cm_name,cm_type ,cm_order , cm_state , cm_min_price , cm_max_price) values(23438,3013,'2016款 1.4TSI DSG创行版','2016款',5,1,169800,169800);
insert into t_car_model(cm_id , cs_id , cm_name,cm_type ,cm_order , cm_state , cm_min_price , cm_max_price) values(23372,3013,'2016款 1.8TSI DSG尊行版','2016款',6,1,209800,209800);
insert into t_car_model(cm_id , cs_id , cm_name,cm_type ,cm_order , cm_state , cm_min_price , cm_max_price) values(19284,3013,'2014款 1.6L 手动炫彩版','2014款',1,1,149800,149800);
insert into t_car_model(cm_id , cs_id , cm_name,cm_type ,cm_order , cm_state , cm_min_price , cm_max_price) values(17534,3013,'2014款 1.4TSI 手动探索版','2014款',2,1,165800,165800);
insert into t_car_model(cm_id , cs_id , cm_name,cm_type ,cm_order , cm_state , cm_min_price , cm_max_price) values(19285,3013,'2014款 1.4TSI 手动炫彩版','2014款',3,1,167800,167800);
insert into t_car_model(cm_id , cs_id , cm_name,cm_type ,cm_order , cm_state , cm_min_price , cm_max_price) values(19286,3013,'2014款 1.4TSI DSG炫彩版','2014款',4,1,179800,179800);
insert into t_car_model(cm_id , cs_id , cm_name,cm_type ,cm_order , cm_state , cm_min_price , cm_max_price) values(17535,3013,'2014款 1.4TSI DSG探索版','2014款',5,1,179800,179800);
insert into t_car_model(cm_id , cs_id , cm_name,cm_type ,cm_order , cm_state , cm_min_price , cm_max_price) values(17536,3013,'2014款 1.4TSI 手动极地版','2014款',6,1,185800,185800);
insert into t_car_model(cm_id , cs_id , cm_name,cm_type ,cm_order , cm_state , cm_min_price , cm_max_price) values(19287,3013,'2014款 1.4TSI DSG魅影版','2014款',7,1,194800,194800);
insert into t_car_model(cm_id , cs_id , cm_name,cm_type ,cm_order , cm_state , cm_min_price , cm_max_price) values(17537,3013,'2014款 1.4TSI DSG极地版','2014款',8,1,200800,200800);
insert into t_car_model(cm_id , cs_id , cm_name,cm_type ,cm_order , cm_state , cm_min_price , cm_max_price) values(17538,3013,'2014款 1.4TSI DSG野驱版','2014款',9,1,219800,219800);
insert into t_car_model(cm_id , cs_id , cm_name,cm_type ,cm_order , cm_state , cm_min_price , cm_max_price) values(17132,3013,'2014款 1.8TSI DSG极地版','2014款',10,1,223800,223800);
insert into t_car_model(cm_id , cs_id , cm_name,cm_type ,cm_order , cm_state , cm_min_price , cm_max_price) values(15007,3013,'2014款 1.8TSI DSG野驱版','2014款',11,1,241800,241800);
insert into t_car_brand_factory(cbf_id , cb_id , cbf_name ,cbf_letter) values(138,67,'斯柯达(进口)','S');
insert into t_car_series(cs_id,cbf_id,cs_name,cs_order,cs_letter) values(356,138,'明锐(进口)',4316,'M');
insert into t_car_model(cm_id , cs_id , cm_name,cm_type ,cm_order , cm_state , cm_min_price , cm_max_price) values(22097,356,'2015款 1.8T 逸享旅行版','2015款',1,1,199200,199200);
insert into t_car_model(cm_id , cs_id , cm_name,cm_type ,cm_order , cm_state , cm_min_price , cm_max_price) values(22098,356,'2015款 1.8T 逸臻旅行版','2015款',2,1,237800,237800);
insert into t_car_series(cs_id,cbf_id,cs_name,cs_order,cs_letter) values(357,138,'速派(进口)',4320,'S');
insert into t_car_model(cm_id , cs_id , cm_name,cm_type ,cm_order , cm_state , cm_min_price , cm_max_price) values(15918,357,'2013款 旅行版 2.0TSI L&K限量版','2013款',1,1,334800,334800);
insert into t_car_model(cm_id , cs_id , cm_name,cm_type ,cm_order , cm_state , cm_min_price , cm_max_price) values(15917,357,'2013款 旅行版 2.0TSI 尊贵版','2013款',2,1,299800,299800);
insert into t_car_model(cm_id , cs_id , cm_name,cm_type ,cm_order , cm_state , cm_min_price , cm_max_price) values(1347,357,'2004款 1.8T','2004款',1,1,295000,295000);
insert into t_car_model(cm_id , cs_id , cm_name,cm_type ,cm_order , cm_state , cm_min_price , cm_max_price) values(1348,357,'2004款 2.8','2004款',2,1,337800,337800);
insert into t_car_series(cs_id,cbf_id,cs_name,cs_order,cs_letter) values(3269,138,'速尊',4337,'S');
insert into t_car_model(cm_id , cs_id , cm_name,cm_type ,cm_order , cm_state , cm_min_price , cm_max_price) values(17813,3269,'2014款 2.0TSI 尊贵版','2014款',1,1,299800,299800);
insert into t_car_model(cm_id , cs_id , cm_name,cm_type ,cm_order , cm_state , cm_min_price , cm_max_price) values(17647,3269,'2014款 2.0TSI L&K限量版','2014款',2,1,334800,334800);
insert into t_car_series(cs_id,cbf_id,cs_name,cs_order,cs_letter) values(858,138,'Yeti(进口)',4340,'Y');
insert into t_car_model(cm_id , cs_id , cm_name,cm_type ,cm_order , cm_state , cm_min_price , cm_max_price) values(15916,858,'2013款 1.8T DSG尊享版','2013款',1,1,293000,293000);
insert into t_car_model(cm_id , cs_id , cm_name,cm_type ,cm_order , cm_state , cm_min_price , cm_max_price) values(5474,858,'2013款 1.8T DSG尊贵版','2013款',2,1,332800,332800);
