insert into t_car_brand_factory(cbf_id , cb_id , cbf_name ,cbf_letter) values(92,63,'东风日产','D');
insert into t_car_series(cs_id,cbf_id,cs_name,cs_order,cs_letter) values(425,92,'骐达TIIDA',3859,'Q');
insert into t_car_model(cm_id , cs_id , cm_name,cm_type ,cm_order , cm_state , cm_min_price , cm_max_price) values(46333,425,'2021款 1.6L 手动乐动版','2021款',1,1,99900,99900);
insert into t_car_model(cm_id , cs_id , cm_name,cm_type ,cm_order , cm_state , cm_min_price , cm_max_price) values(46334,425,'2021款 1.6L CVT酷动版','2021款',2,1,113900,113900);
insert into t_car_model(cm_id , cs_id , cm_name,cm_type ,cm_order , cm_state , cm_min_price , cm_max_price) values(46335,425,'2021款 1.6L CVT智行版','2021款',3,1,123900,123900);
insert into t_car_model(cm_id , cs_id , cm_name,cm_type ,cm_order , cm_state , cm_min_price , cm_max_price) values(46336,425,'2021款 1.6L CVT智尊版','2021款',4,1,135900,135900);
insert into t_car_model(cm_id , cs_id , cm_name,cm_type ,cm_order , cm_state , cm_min_price , cm_max_price) values(42671,425,'2020款 1.6L CVT酷动版','2020款',1,1,113900,113900);
insert into t_car_model(cm_id , cs_id , cm_name,cm_type ,cm_order , cm_state , cm_min_price , cm_max_price) values(42672,425,'2020款 1.6L CVT智行版','2020款',2,1,123900,123900);
insert into t_car_model(cm_id , cs_id , cm_name,cm_type ,cm_order , cm_state , cm_min_price , cm_max_price) values(42673,425,'2020款 1.6L CVT智享版','2020款',3,1,125900,125900);
insert into t_car_model(cm_id , cs_id , cm_name,cm_type ,cm_order , cm_state , cm_min_price , cm_max_price) values(42674,425,'2020款 1.6L CVT智尊版','2020款',4,1,135900,135900);
insert into t_car_model(cm_id , cs_id , cm_name,cm_type ,cm_order , cm_state , cm_min_price , cm_max_price) values(42670,425,'2020款 1.6L 手动乐动版','2020款',5,1,99900,99900);
insert into t_car_model(cm_id , cs_id , cm_name,cm_type ,cm_order , cm_state , cm_min_price , cm_max_price) values(36839,425,'2019款 1.6L 手动乐动版 国V','2019款',1,1,99900,99900);
insert into t_car_model(cm_id , cs_id , cm_name,cm_type ,cm_order , cm_state , cm_min_price , cm_max_price) values(36840,425,'2019款 1.6L CVT酷动版 国V','2019款',2,1,113900,113900);
insert into t_car_model(cm_id , cs_id , cm_name,cm_type ,cm_order , cm_state , cm_min_price , cm_max_price) values(36841,425,'2019款 1.6L CVT智行版 国V','2019款',3,1,122900,122900);
insert into t_car_model(cm_id , cs_id , cm_name,cm_type ,cm_order , cm_state , cm_min_price , cm_max_price) values(36842,425,'2019款 1.6L CVT智享版 国V','2019款',4,1,125900,125900);
insert into t_car_model(cm_id , cs_id , cm_name,cm_type ,cm_order , cm_state , cm_min_price , cm_max_price) values(36843,425,'2019款 1.6L CVT智尊版 国V','2019款',5,1,134900,134900);
insert into t_car_model(cm_id , cs_id , cm_name,cm_type ,cm_order , cm_state , cm_min_price , cm_max_price) values(38413,425,'2019款 1.6L 手动乐动版 国VI','2019款',6,1,99900,99900);
insert into t_car_model(cm_id , cs_id , cm_name,cm_type ,cm_order , cm_state , cm_min_price , cm_max_price) values(38414,425,'2019款 1.6L CVT酷动版 国VI','2019款',7,1,113900,113900);
insert into t_car_model(cm_id , cs_id , cm_name,cm_type ,cm_order , cm_state , cm_min_price , cm_max_price) values(38415,425,'2019款 1.6L CVT智行版 国VI','2019款',8,1,122900,122900);
insert into t_car_model(cm_id , cs_id , cm_name,cm_type ,cm_order , cm_state , cm_min_price , cm_max_price) values(38416,425,'2019款 1.6L CVT智享版 国VI','2019款',9,1,125900,125900);
insert into t_car_model(cm_id , cs_id , cm_name,cm_type ,cm_order , cm_state , cm_min_price , cm_max_price) values(38417,425,'2019款 1.6L CVT智尊版 国VI','2019款',10,1,134900,134900);
insert into t_car_model(cm_id , cs_id , cm_name,cm_type ,cm_order , cm_state , cm_min_price , cm_max_price) values(26341,425,'2016款 1.6L 手动乐动版','2016款',1,1,99900,99900);
insert into t_car_model(cm_id , cs_id , cm_name,cm_type ,cm_order , cm_state , cm_min_price , cm_max_price) values(26342,425,'2016款 1.6L CVT乐动版','2016款',2,1,109900,109900);
insert into t_car_model(cm_id , cs_id , cm_name,cm_type ,cm_order , cm_state , cm_min_price , cm_max_price) values(26343,425,'2016款 1.6L 手动酷动版','2016款',3,1,103900,103900);
insert into t_car_model(cm_id , cs_id , cm_name,cm_type ,cm_order , cm_state , cm_min_price , cm_max_price) values(26344,425,'2016款 1.6L CVT酷动版','2016款',4,1,113900,113900);
insert into t_car_model(cm_id , cs_id , cm_name,cm_type ,cm_order , cm_state , cm_min_price , cm_max_price) values(26346,425,'2016款 1.6L CVT智行版','2016款',5,1,122900,122900);
insert into t_car_model(cm_id , cs_id , cm_name,cm_type ,cm_order , cm_state , cm_min_price , cm_max_price) values(26287,425,'2016款 1.6L CVT智尊版','2016款',6,1,134900,134900);
insert into t_car_model(cm_id , cs_id , cm_name,cm_type ,cm_order , cm_state , cm_min_price , cm_max_price) values(22249,425,'2015款 1.6T 手动GTS限量版','2015款',1,1,116000,116000);
insert into t_car_model(cm_id , cs_id , cm_name,cm_type ,cm_order , cm_state , cm_min_price , cm_max_price) values(22250,425,'2015款 1.6T M-CVT GTS限量版','2015款',2,1,127000,127000);
insert into t_car_model(cm_id , cs_id , cm_name,cm_type ,cm_order , cm_state , cm_min_price , cm_max_price) values(21095,425,'2014款 1.6L 手动舒适型','2014款',1,1,105300,105300);
insert into t_car_model(cm_id , cs_id , cm_name,cm_type ,cm_order , cm_state , cm_min_price , cm_max_price) values(21096,425,'2014款 1.6L CVT舒适型','2014款',2,1,115300,115300);
insert into t_car_model(cm_id , cs_id , cm_name,cm_type ,cm_order , cm_state , cm_min_price , cm_max_price) values(21097,425,'2014款 1.6L 手动智能型','2014款',3,1,115300,115300);
insert into t_car_model(cm_id , cs_id , cm_name,cm_type ,cm_order , cm_state , cm_min_price , cm_max_price) values(21098,425,'2014款 1.6L CVT智能型','2014款',4,1,125300,125300);
insert into t_car_model(cm_id , cs_id , cm_name,cm_type ,cm_order , cm_state , cm_min_price , cm_max_price) values(20381,425,'2014款 1.6L CVT酷咖版','2014款',5,1,126300,126300);
insert into t_car_model(cm_id , cs_id , cm_name,cm_type ,cm_order , cm_state , cm_min_price , cm_max_price) values(21099,425,'2014款 1.6L CVT豪华型','2014款',6,1,137300,137300);
insert into t_car_model(cm_id , cs_id , cm_name,cm_type ,cm_order , cm_state , cm_min_price , cm_max_price) values(16786,425,'2013款 1.6L CVT酷咖版','2013款',1,1,127300,127300);
insert into t_car_model(cm_id , cs_id , cm_name,cm_type ,cm_order , cm_state , cm_min_price , cm_max_price) values(13307,425,'2012款 1.6T GTS极速限量版','2012款',1,1,158800,158800);
insert into t_car_model(cm_id , cs_id , cm_name,cm_type ,cm_order , cm_state , cm_min_price , cm_max_price) values(10017,425,'2011款 1.6L 手动舒适型','2011款',1,1,105300,105300);
insert into t_car_model(cm_id , cs_id , cm_name,cm_type ,cm_order , cm_state , cm_min_price , cm_max_price) values(10018,425,'2011款 1.6L CVT舒适型','2011款',2,1,115300,115300);
insert into t_car_model(cm_id , cs_id , cm_name,cm_type ,cm_order , cm_state , cm_min_price , cm_max_price) values(10019,425,'2011款 1.6L 手动智能型','2011款',3,1,115300,115300);
insert into t_car_model(cm_id , cs_id , cm_name,cm_type ,cm_order , cm_state , cm_min_price , cm_max_price) values(10020,425,'2011款 1.6L CVT智能型','2011款',4,1,125300,125300);
insert into t_car_model(cm_id , cs_id , cm_name,cm_type ,cm_order , cm_state , cm_min_price , cm_max_price) values(10021,425,'2011款 1.6L CVT豪华型','2011款',5,1,137300,137300);
insert into t_car_model(cm_id , cs_id , cm_name,cm_type ,cm_order , cm_state , cm_min_price , cm_max_price) values(10268,425,'2011款 1.6T 手动炫动版','2011款',6,1,138800,138800);
insert into t_car_model(cm_id , cs_id , cm_name,cm_type ,cm_order , cm_state , cm_min_price , cm_max_price) values(10269,425,'2011款 1.6T M-CVT炫动版','2011款',7,1,148800,148800);
insert into t_car_model(cm_id , cs_id , cm_name,cm_type ,cm_order , cm_state , cm_min_price , cm_max_price) values(10270,425,'2011款 1.6T 手动致酷版','2011款',8,1,148800,148800);
insert into t_car_model(cm_id , cs_id , cm_name,cm_type ,cm_order , cm_state , cm_min_price , cm_max_price) values(9937,425,'2011款 1.6T M-CVT致酷版','2011款',9,1,158800,158800);
insert into t_car_model(cm_id , cs_id , cm_name,cm_type ,cm_order , cm_state , cm_min_price , cm_max_price) values(3460,425,'2008款 1.6L 手动时尚型','2008款',1,1,106800,106800);
insert into t_car_model(cm_id , cs_id , cm_name,cm_type ,cm_order , cm_state , cm_min_price , cm_max_price) values(3461,425,'2008款 1.6L 自动时尚型','2008款',2,1,116800,116800);
insert into t_car_model(cm_id , cs_id , cm_name,cm_type ,cm_order , cm_state , cm_min_price , cm_max_price) values(3462,425,'2008款 1.6L 手动智能型','2008款',3,1,116800,116800);
insert into t_car_model(cm_id , cs_id , cm_name,cm_type ,cm_order , cm_state , cm_min_price , cm_max_price) values(3463,425,'2008款 1.6L 自动智能型','2008款',4,1,126800,126800);
insert into t_car_model(cm_id , cs_id , cm_name,cm_type ,cm_order , cm_state , cm_min_price , cm_max_price) values(4723,425,'2008款 1.6L 自动科技型','2008款',5,1,132800,132800);
insert into t_car_model(cm_id , cs_id , cm_name,cm_type ,cm_order , cm_state , cm_min_price , cm_max_price) values(3464,425,'2008款 1.6L 自动豪华型','2008款',6,1,139800,139800);
insert into t_car_model(cm_id , cs_id , cm_name,cm_type ,cm_order , cm_state , cm_min_price , cm_max_price) values(3465,425,'2008款 1.6L 自动尊贵型','2008款',7,1,149800,149800);
insert into t_car_model(cm_id , cs_id , cm_name,cm_type ,cm_order , cm_state , cm_min_price , cm_max_price) values(2286,425,'2006款 1.6G MT','2006款',1,1,119800,119800);
insert into t_car_model(cm_id , cs_id , cm_name,cm_type ,cm_order , cm_state , cm_min_price , cm_max_price) values(2287,425,'2006款 1.6G AT','2006款',2,1,129800,129800);
insert into t_car_model(cm_id , cs_id , cm_name,cm_type ,cm_order , cm_state , cm_min_price , cm_max_price) values(2288,425,'2006款 1.6GE MT','2006款',3,1,129800,129800);
insert into t_car_model(cm_id , cs_id , cm_name,cm_type ,cm_order , cm_state , cm_min_price , cm_max_price) values(2289,425,'2006款 1.6GE AT','2006款',4,1,139800,139800);
insert into t_car_model(cm_id , cs_id , cm_name,cm_type ,cm_order , cm_state , cm_min_price , cm_max_price) values(2290,425,'2006款 1.6GS AT','2006款',5,1,152800,152800);
insert into t_car_model(cm_id , cs_id , cm_name,cm_type ,cm_order , cm_state , cm_min_price , cm_max_price) values(2291,425,'2006款 1.6GS AT（NAVI）','2006款',6,1,169800,169800);
insert into t_car_model(cm_id , cs_id , cm_name,cm_type ,cm_order , cm_state , cm_min_price , cm_max_price) values(1803,425,'2005款 1.6G MT','2005款',1,1,119800,119800);
insert into t_car_model(cm_id , cs_id , cm_name,cm_type ,cm_order , cm_state , cm_min_price , cm_max_price) values(1800,425,'2005款 1.6G AT','2005款',2,1,129800,129800);
insert into t_car_model(cm_id , cs_id , cm_name,cm_type ,cm_order , cm_state , cm_min_price , cm_max_price) values(1804,425,'2005款 1.6GE AT','2005款',3,1,139800,139800);
insert into t_car_model(cm_id , cs_id , cm_name,cm_type ,cm_order , cm_state , cm_min_price , cm_max_price) values(1805,425,'2005款 1.6GS AT','2005款',4,1,159800,159800);
insert into t_car_model(cm_id , cs_id , cm_name,cm_type ,cm_order , cm_state , cm_min_price , cm_max_price) values(1835,425,'2005款 1.6GS AT（NAVI）','2005款',5,1,179800,179800);
insert into t_car_series(cs_id,cbf_id,cs_name,cs_order,cs_letter) values(448,92,'轩逸',3860,'X');
insert into t_car_model(cm_id , cs_id , cm_name,cm_type ,cm_order , cm_state , cm_min_price , cm_max_price) values(53308,448,'2022款 1.6XE CVT舒享版','2022款',1,1,119000,119000);
insert into t_car_model(cm_id , cs_id , cm_name,cm_type ,cm_order , cm_state , cm_min_price , cm_max_price) values(53309,448,'2022款 1.6L XL CVT悦享版','2022款',2,1,129900,129900);
insert into t_car_model(cm_id , cs_id , cm_name,cm_type ,cm_order , cm_state , cm_min_price , cm_max_price) values(53310,448,'2022款 1.6L XL CVT智享版','2022款',3,1,133900,133900);
insert into t_car_model(cm_id , cs_id , cm_name,cm_type ,cm_order , cm_state , cm_min_price , cm_max_price) values(53311,448,'2022款 1.6L TOP CVT奢享版','2022款',4,1,144900,144900);
insert into t_car_model(cm_id , cs_id , cm_name,cm_type ,cm_order , cm_state , cm_min_price , cm_max_price) values(54504,448,'2022款 e-POWER 全电驱Pro','2022款',5,1,138900,138900);
insert into t_car_model(cm_id , cs_id , cm_name,cm_type ,cm_order , cm_state , cm_min_price , cm_max_price) values(54503,448,'2022款 e-POWER 超智联PLUS','2022款',6,1,149900,149900);
insert into t_car_model(cm_id , cs_id , cm_name,cm_type ,cm_order , cm_state , cm_min_price , cm_max_price) values(54530,448,'2022款 e-POWER 超智驾MAX','2022款',7,1,155900,155900);
insert into t_car_model(cm_id , cs_id , cm_name,cm_type ,cm_order , cm_state , cm_min_price , cm_max_price) values(51725,448,'2022款 e-POWER 超豪华Ultra','2022款',8,1,174900,174900);
insert into t_car_model(cm_id , cs_id , cm_name,cm_type ,cm_order , cm_state , cm_min_price , cm_max_price) values(53314,448,'2022款 经典 1.6XE 手动舒适版','2022款',9,1,99800,99800);
insert into t_car_model(cm_id , cs_id , cm_name,cm_type ,cm_order , cm_state , cm_min_price , cm_max_price) values(53315,448,'2022款 经典 1.6XE CVT舒适版','2022款',10,1,108600,108600);
insert into t_car_model(cm_id , cs_id , cm_name,cm_type ,cm_order , cm_state , cm_min_price , cm_max_price) values(53316,448,'2022款 经典 1.6XL CVT豪华版','2022款',11,1,118600,118600);
insert into t_car_model(cm_id , cs_id , cm_name,cm_type ,cm_order , cm_state , cm_min_price , cm_max_price) values(47387,448,'2021款 1.6L XE CVT舒享版','2021款',1,1,119000,119000);
insert into t_car_model(cm_id , cs_id , cm_name,cm_type ,cm_order , cm_state , cm_min_price , cm_max_price) values(47388,448,'2021款 1.6L XL CVT悦享版','2021款',2,1,129900,129900);
insert into t_car_model(cm_id , cs_id , cm_name,cm_type ,cm_order , cm_state , cm_min_price , cm_max_price) values(47389,448,'2021款 1.6L XL CVT智享版','2021款',3,1,133900,133900);
insert into t_car_model(cm_id , cs_id , cm_name,cm_type ,cm_order , cm_state , cm_min_price , cm_max_price) values(47390,448,'2021款 1.6L TOP CVT奢享版','2021款',4,1,143000,143000);
insert into t_car_model(cm_id , cs_id , cm_name,cm_type ,cm_order , cm_state , cm_min_price , cm_max_price) values(46563,448,'2021款 经典 1.6XE 手动舒适版','2021款',5,1,99800,99800);
insert into t_car_model(cm_id , cs_id , cm_name,cm_type ,cm_order , cm_state , cm_min_price , cm_max_price) values(46564,448,'2021款 经典 1.6XE CVT舒适版','2021款',6,1,108600,108600);
insert into t_car_model(cm_id , cs_id , cm_name,cm_type ,cm_order , cm_state , cm_min_price , cm_max_price) values(46565,448,'2021款 经典 1.6XL 手动豪华版','2021款',7,1,107800,107800);
insert into t_car_model(cm_id , cs_id , cm_name,cm_type ,cm_order , cm_state , cm_min_price , cm_max_price) values(46566,448,'2021款 经典 1.6XL CVT豪华版','2021款',8,1,118600,118600);
insert into t_car_model(cm_id , cs_id , cm_name,cm_type ,cm_order , cm_state , cm_min_price , cm_max_price) values(40786,448,'2020款 1.6L XE 手动舒享版','2020款',1,1,109000,109000);
insert into t_car_model(cm_id , cs_id , cm_name,cm_type ,cm_order , cm_state , cm_min_price , cm_max_price) values(40787,448,'2020款 1.6L XE CVT舒享版','2020款',2,1,119000,119000);
insert into t_car_model(cm_id , cs_id , cm_name,cm_type ,cm_order , cm_state , cm_min_price , cm_max_price) values(40788,448,'2020款 1.6L XL 手动悦享版','2020款',3,1,120000,120000);
insert into t_car_model(cm_id , cs_id , cm_name,cm_type ,cm_order , cm_state , cm_min_price , cm_max_price) values(40789,448,'2020款 1.6L XL CVT悦享版','2020款',4,1,129900,129900);
insert into t_car_model(cm_id , cs_id , cm_name,cm_type ,cm_order , cm_state , cm_min_price , cm_max_price) values(40790,448,'2020款 1.6L XL CVT智享版','2020款',5,1,133900,133900);
insert into t_car_model(cm_id , cs_id , cm_name,cm_type ,cm_order , cm_state , cm_min_price , cm_max_price) values(38890,448,'2020款 1.6L TOP CVT奢享版','2020款',6,1,143000,143000);
insert into t_car_model(cm_id , cs_id , cm_name,cm_type ,cm_order , cm_state , cm_min_price , cm_max_price) values(46567,448,'2020款 改款 1.6L XE CVT舒享版','2020款',7,1,119000,119000);
insert into t_car_model(cm_id , cs_id , cm_name,cm_type ,cm_order , cm_state , cm_min_price , cm_max_price) values(46568,448,'2020款 改款 1.6L XL CVT悦享版','2020款',8,1,129900,129900);
insert into t_car_model(cm_id , cs_id , cm_name,cm_type ,cm_order , cm_state , cm_min_price , cm_max_price) values(46569,448,'2020款 改款 1.6L XL CVT智享版','2020款',9,1,133900,133900);
insert into t_car_model(cm_id , cs_id , cm_name,cm_type ,cm_order , cm_state , cm_min_price , cm_max_price) values(46570,448,'2020款 改款 1.6L TOP CVT奢享版','2020款',10,1,143000,143000);
insert into t_car_model(cm_id , cs_id , cm_name,cm_type ,cm_order , cm_state , cm_min_price , cm_max_price) values(36075,448,'2019款 1.6XE 手动舒适版 国V','2019款',1,1,119000,119000);
insert into t_car_model(cm_id , cs_id , cm_name,cm_type ,cm_order , cm_state , cm_min_price , cm_max_price) values(36078,448,'2019款 1.6XE 手动舒适版 国VI','2019款',2,1,119000,119000);
insert into t_car_model(cm_id , cs_id , cm_name,cm_type ,cm_order , cm_state , cm_min_price , cm_max_price) values(36077,448,'2019款 1.6XL 手动豪华版 国V','2019款',3,1,125000,125000);
insert into t_car_model(cm_id , cs_id , cm_name,cm_type ,cm_order , cm_state , cm_min_price , cm_max_price) values(36080,448,'2019款 1.6XL 手动豪华版 国VI','2019款',4,1,125000,125000);
insert into t_car_model(cm_id , cs_id , cm_name,cm_type ,cm_order , cm_state , cm_min_price , cm_max_price) values(36076,448,'2019款 1.6XE CVT舒适版 国V','2019款',5,1,129000,129000);
insert into t_car_model(cm_id , cs_id , cm_name,cm_type ,cm_order , cm_state , cm_min_price , cm_max_price) values(36079,448,'2019款 1.6XE CVT舒适版 国VI','2019款',6,1,129000,129000);
insert into t_car_model(cm_id , cs_id , cm_name,cm_type ,cm_order , cm_state , cm_min_price , cm_max_price) values(36032,448,'2019款 1.6XV CVT智联尊享版 国V','2019款',7,1,140300,140300);
insert into t_car_model(cm_id , cs_id , cm_name,cm_type ,cm_order , cm_state , cm_min_price , cm_max_price) values(36081,448,'2019款 1.6XV CVT智联尊享版 国VI','2019款',8,1,140300,140300);
insert into t_car_model(cm_id , cs_id , cm_name,cm_type ,cm_order , cm_state , cm_min_price , cm_max_price) values(36033,448,'2019款 1.6XV  CVT智联智尊版 国V','2019款',9,1,149300,149300);
insert into t_car_model(cm_id , cs_id , cm_name,cm_type ,cm_order , cm_state , cm_min_price , cm_max_price) values(36082,448,'2019款 1.6XV CVT智联智尊版 国VI','2019款',10,1,149300,149300);
insert into t_car_model(cm_id , cs_id , cm_name,cm_type ,cm_order , cm_state , cm_min_price , cm_max_price) values(36034,448,'2019款 1.8XV CVT智联智尊版 国V','2019款',11,1,161500,161500);
insert into t_car_model(cm_id , cs_id , cm_name,cm_type ,cm_order , cm_state , cm_min_price , cm_max_price) values(35458,448,'2019款 经典 1.6XE+ 手动智联领先版','2019款',12,1,106300,106300);
insert into t_car_model(cm_id , cs_id , cm_name,cm_type ,cm_order , cm_state , cm_min_price , cm_max_price) values(35459,448,'2019款 经典 1.6XE+ CVT智联领先版','2019款',13,1,116300,116300);
insert into t_car_model(cm_id , cs_id , cm_name,cm_type ,cm_order , cm_state , cm_min_price , cm_max_price) values(35460,448,'2019款 经典 1.6XE+ 手动智联豪华版','2019款',14,1,108300,108300);
insert into t_car_model(cm_id , cs_id , cm_name,cm_type ,cm_order , cm_state , cm_min_price , cm_max_price) values(35461,448,'2019款 经典 1.6XE+ CVT智联豪华版','2019款',15,1,118300,118300);
insert into t_car_model(cm_id , cs_id , cm_name,cm_type ,cm_order , cm_state , cm_min_price , cm_max_price) values(40337,448,'2019款 经典 1.6XE 手动舒适版','2019款',16,1,99800,99800);
insert into t_car_model(cm_id , cs_id , cm_name,cm_type ,cm_order , cm_state , cm_min_price , cm_max_price) values(40338,448,'2019款 经典 1.6XE CVT舒适版','2019款',17,1,108600,108600);
insert into t_car_model(cm_id , cs_id , cm_name,cm_type ,cm_order , cm_state , cm_min_price , cm_max_price) values(40339,448,'2019款 经典 1.6XL 手动豪华版','2019款',18,1,107800,107800);
insert into t_car_model(cm_id , cs_id , cm_name,cm_type ,cm_order , cm_state , cm_min_price , cm_max_price) values(40340,448,'2019款 经典 1.6XL CVT豪华版','2019款',19,1,118600,118600);
insert into t_car_model(cm_id , cs_id , cm_name,cm_type ,cm_order , cm_state , cm_min_price , cm_max_price) values(33317,448,'2018款 1.6XE 手动舒适版','2018款',1,1,119000,119000);
insert into t_car_model(cm_id , cs_id , cm_name,cm_type ,cm_order , cm_state , cm_min_price , cm_max_price) values(33319,448,'2018款 1.6XL 手动豪华版','2018款',2,1,125000,125000);
insert into t_car_model(cm_id , cs_id , cm_name,cm_type ,cm_order , cm_state , cm_min_price , cm_max_price) values(33318,448,'2018款 1.6XE CVT舒适版','2018款',3,1,129000,129000);
insert into t_car_model(cm_id , cs_id , cm_name,cm_type ,cm_order , cm_state , cm_min_price , cm_max_price) values(33320,448,'2018款 1.6XV CVT尊享版','2018款',4,1,137800,137800);
insert into t_car_model(cm_id , cs_id , cm_name,cm_type ,cm_order , cm_state , cm_min_price , cm_max_price) values(33321,448,'2018款 1.6XV+ CVT智尊版','2018款',5,1,146800,146800);
insert into t_car_model(cm_id , cs_id , cm_name,cm_type ,cm_order , cm_state , cm_min_price , cm_max_price) values(33322,448,'2018款 1.8XV CVT智尊版','2018款',6,1,159000,159000);
insert into t_car_model(cm_id , cs_id , cm_name,cm_type ,cm_order , cm_state , cm_min_price , cm_max_price) values(33253,448,'2018款 经典 1.6XE 手动舒适版','2018款',7,1,99800,99800);
insert into t_car_model(cm_id , cs_id , cm_name,cm_type ,cm_order , cm_state , cm_min_price , cm_max_price) values(33254,448,'2018款 经典 1.6XE CVT舒适版','2018款',8,1,109800,109800);
insert into t_car_model(cm_id , cs_id , cm_name,cm_type ,cm_order , cm_state , cm_min_price , cm_max_price) values(33255,448,'2018款 经典 1.6XE+ 手动领先版','2018款',9,1,102800,102800);
insert into t_car_model(cm_id , cs_id , cm_name,cm_type ,cm_order , cm_state , cm_min_price , cm_max_price) values(33256,448,'2018款 经典 1.6XE+ CVT领先版','2018款',10,1,112800,112800);
insert into t_car_model(cm_id , cs_id , cm_name,cm_type ,cm_order , cm_state , cm_min_price , cm_max_price) values(33257,448,'2018款 经典 1.6XE+ 手动豪华版','2018款',11,1,104800,104800);
insert into t_car_model(cm_id , cs_id , cm_name,cm_type ,cm_order , cm_state , cm_min_price , cm_max_price) values(33258,448,'2018款 经典 1.6XE+ CVT豪华版','2018款',12,1,114800,114800);
insert into t_car_model(cm_id , cs_id , cm_name,cm_type ,cm_order , cm_state , cm_min_price , cm_max_price) values(25392,448,'2016款 1.6XE 手动舒适版','2016款',1,1,119000,119000);
insert into t_car_model(cm_id , cs_id , cm_name,cm_type ,cm_order , cm_state , cm_min_price , cm_max_price) values(25394,448,'2016款 1.6XL 手动豪华版','2016款',2,1,125000,125000);
insert into t_car_model(cm_id , cs_id , cm_name,cm_type ,cm_order , cm_state , cm_min_price , cm_max_price) values(25393,448,'2016款 1.6XE CVT舒适版','2016款',3,1,129000,129000);
insert into t_car_model(cm_id , cs_id , cm_name,cm_type ,cm_order , cm_state , cm_min_price , cm_max_price) values(25395,448,'2016款 1.6XL CVT豪华版','2016款',4,1,135000,135000);
insert into t_car_model(cm_id , cs_id , cm_name,cm_type ,cm_order , cm_state , cm_min_price , cm_max_price) values(25396,448,'2016款 1.6XL  CVT尊享版','2016款',5,1,137800,137800);
insert into t_car_model(cm_id , cs_id , cm_name,cm_type ,cm_order , cm_state , cm_min_price , cm_max_price) values(25397,448,'2016款 1.6XV CVT智享版','2016款',6,1,139800,139800);
insert into t_car_model(cm_id , cs_id , cm_name,cm_type ,cm_order , cm_state , cm_min_price , cm_max_price) values(25398,448,'2016款 1.6XV  CVT智尊版','2016款',7,1,146800,146800);
insert into t_car_model(cm_id , cs_id , cm_name,cm_type ,cm_order , cm_state , cm_min_price , cm_max_price) values(25399,448,'2016款 1.8XL CVT豪华版','2016款',8,1,150000,150000);
insert into t_car_model(cm_id , cs_id , cm_name,cm_type ,cm_order , cm_state , cm_min_price , cm_max_price) values(25295,448,'2016款 1.8XV CVT智尊版','2016款',9,1,159000,159000);
insert into t_car_model(cm_id , cs_id , cm_name,cm_type ,cm_order , cm_state , cm_min_price , cm_max_price) values(28042,448,'2016款 经典 1.6XE 手动舒适版','2016款',10,1,99800,99800);
insert into t_car_model(cm_id , cs_id , cm_name,cm_type ,cm_order , cm_state , cm_min_price , cm_max_price) values(28043,448,'2016款 经典 1.6XE 自动舒适版','2016款',11,1,109800,109800);
insert into t_car_model(cm_id , cs_id , cm_name,cm_type ,cm_order , cm_state , cm_min_price , cm_max_price) values(27571,448,'2016款 经典 1.6XE 手动领先版','2016款',12,1,102300,102300);
insert into t_car_model(cm_id , cs_id , cm_name,cm_type ,cm_order , cm_state , cm_min_price , cm_max_price) values(27572,448,'2016款 经典 1.6XE 自动领先版','2016款',13,1,112300,112300);
insert into t_car_model(cm_id , cs_id , cm_name,cm_type ,cm_order , cm_state , cm_min_price , cm_max_price) values(28044,448,'2016款 经典 1.6XL 手动豪华版','2016款',14,1,110800,110800);
insert into t_car_model(cm_id , cs_id , cm_name,cm_type ,cm_order , cm_state , cm_min_price , cm_max_price) values(28045,448,'2016款 经典 1.6XL 自动豪华版','2016款',15,1,120800,120800);
insert into t_car_model(cm_id , cs_id , cm_name,cm_type ,cm_order , cm_state , cm_min_price , cm_max_price) values(19027,448,'2014款 1.6XV CVT尊享版','2014款',1,1,137800,137800);
insert into t_car_model(cm_id , cs_id , cm_name,cm_type ,cm_order , cm_state , cm_min_price , cm_max_price) values(13431,448,'2012款 1.6XE 手动舒适版','2012款',1,1,119000,119000);
insert into t_car_model(cm_id , cs_id , cm_name,cm_type ,cm_order , cm_state , cm_min_price , cm_max_price) values(13432,448,'2012款 1.6XE CVT舒适版','2012款',2,1,129000,129000);
insert into t_car_model(cm_id , cs_id , cm_name,cm_type ,cm_order , cm_state , cm_min_price , cm_max_price) values(13433,448,'2012款 1.6XL 手动豪华版','2012款',3,1,125000,125000);
insert into t_car_model(cm_id , cs_id , cm_name,cm_type ,cm_order , cm_state , cm_min_price , cm_max_price) values(13434,448,'2012款 1.6XL CVT豪华版','2012款',4,1,135000,135000);
insert into t_car_model(cm_id , cs_id , cm_name,cm_type ,cm_order , cm_state , cm_min_price , cm_max_price) values(13435,448,'2012款 1.8XE CVT舒适版','2012款',5,1,137000,137000);
insert into t_car_model(cm_id , cs_id , cm_name,cm_type ,cm_order , cm_state , cm_min_price , cm_max_price) values(13132,448,'2012款 1.8XL 手动豪华版','2012款',6,1,140000,140000);
insert into t_car_model(cm_id , cs_id , cm_name,cm_type ,cm_order , cm_state , cm_min_price , cm_max_price) values(13436,448,'2012款 1.8XL CVT豪华版','2012款',7,1,150000,150000);
insert into t_car_model(cm_id , cs_id , cm_name,cm_type ,cm_order , cm_state , cm_min_price , cm_max_price) values(12650,448,'2012款 1.8XV CVT尊享版','2012款',8,1,169000,169000);
insert into t_car_model(cm_id , cs_id , cm_name,cm_type ,cm_order , cm_state , cm_min_price , cm_max_price) values(13437,448,'2012款 经典 1.6XE 手动舒适版','2012款',9,1,99800,99800);
insert into t_car_model(cm_id , cs_id , cm_name,cm_type ,cm_order , cm_state , cm_min_price , cm_max_price) values(13438,448,'2012款 经典 1.6XE 自动舒适版','2012款',10,1,109800,109800);
insert into t_car_model(cm_id , cs_id , cm_name,cm_type ,cm_order , cm_state , cm_min_price , cm_max_price) values(13439,448,'2012款 经典 1.6XL 手动豪华版','2012款',11,1,110800,110800);
insert into t_car_model(cm_id , cs_id , cm_name,cm_type ,cm_order , cm_state , cm_min_price , cm_max_price) values(13440,448,'2012款 经典 1.6XL 自动豪华版','2012款',12,1,120800,120800);
insert into t_car_model(cm_id , cs_id , cm_name,cm_type ,cm_order , cm_state , cm_min_price , cm_max_price) values(5212,448,'2009款 1.6XE 手动舒适版','2009款',1,1,124800,124800);
insert into t_car_model(cm_id , cs_id , cm_name,cm_type ,cm_order , cm_state , cm_min_price , cm_max_price) values(5252,448,'2009款 1.6XE 自动舒适版','2009款',2,1,134800,134800);
insert into t_car_model(cm_id , cs_id , cm_name,cm_type ,cm_order , cm_state , cm_min_price , cm_max_price) values(5253,448,'2009款 1.6XL 手动豪华天窗版','2009款',3,1,135800,135800);
insert into t_car_model(cm_id , cs_id , cm_name,cm_type ,cm_order , cm_state , cm_min_price , cm_max_price) values(5213,448,'2009款 1.6XL 自动豪华天窗版','2009款',4,1,145800,145800);
insert into t_car_model(cm_id , cs_id , cm_name,cm_type ,cm_order , cm_state , cm_min_price , cm_max_price) values(5214,448,'2009款 2.0XL CVT豪华版','2009款',5,1,154800,154800);
insert into t_car_model(cm_id , cs_id , cm_name,cm_type ,cm_order , cm_state , cm_min_price , cm_max_price) values(5215,448,'2009款 2.0XL CVT科技版','2009款',6,1,160800,160800);
insert into t_car_model(cm_id , cs_id , cm_name,cm_type ,cm_order , cm_state , cm_min_price , cm_max_price) values(5216,448,'2009款 2.0XL CVT豪华天窗版','2009款',7,1,161800,161800);
insert into t_car_model(cm_id , cs_id , cm_name,cm_type ,cm_order , cm_state , cm_min_price , cm_max_price) values(5217,448,'2009款 2.0XL CVT科技天窗版','2009款',8,1,167800,167800);
insert into t_car_model(cm_id , cs_id , cm_name,cm_type ,cm_order , cm_state , cm_min_price , cm_max_price) values(4320,448,'2008款 1.6XE 舒适版','2008款',1,1,141800,141800);
insert into t_car_model(cm_id , cs_id , cm_name,cm_type ,cm_order , cm_state , cm_min_price , cm_max_price) values(4321,448,'2008款 1.6XL 豪华版','2008款',2,1,152800,152800);
insert into t_car_model(cm_id , cs_id , cm_name,cm_type ,cm_order , cm_state , cm_min_price , cm_max_price) values(4322,448,'2008款 2.0XE 舒适版','2008款',3,1,159800,159800);
insert into t_car_model(cm_id , cs_id , cm_name,cm_type ,cm_order , cm_state , cm_min_price , cm_max_price) values(4323,448,'2008款 2.0XL 豪华版','2008款',4,1,162800,162800);
insert into t_car_model(cm_id , cs_id , cm_name,cm_type ,cm_order , cm_state , cm_min_price , cm_max_price) values(4324,448,'2008款 2.0XL 科技版','2008款',5,1,168800,168800);
insert into t_car_model(cm_id , cs_id , cm_name,cm_type ,cm_order , cm_state , cm_min_price , cm_max_price) values(4325,448,'2008款 2.0XL 致酷版','2008款',6,1,182800,182800);
insert into t_car_model(cm_id , cs_id , cm_name,cm_type ,cm_order , cm_state , cm_min_price , cm_max_price) values(4326,448,'2008款 2.0XV DVD版','2008款',7,1,199800,199800);
insert into t_car_model(cm_id , cs_id , cm_name,cm_type ,cm_order , cm_state , cm_min_price , cm_max_price) values(4327,448,'2008款 2.0XV NAVI','2008款',8,1,204800,204800);
insert into t_car_model(cm_id , cs_id , cm_name,cm_type ,cm_order , cm_state , cm_min_price , cm_max_price) values(3201,448,'2007款 1.6 XE 舒适版','2007款',1,1,141800,141800);
insert into t_car_model(cm_id , cs_id , cm_name,cm_type ,cm_order , cm_state , cm_min_price , cm_max_price) values(3202,448,'2007款 1.6 XE 豪华版','2007款',2,1,152800,152800);
insert into t_car_model(cm_id , cs_id , cm_name,cm_type ,cm_order , cm_state , cm_min_price , cm_max_price) values(3203,448,'2007款 2.0 XE 舒适版','2007款',3,1,159800,159800);
insert into t_car_model(cm_id , cs_id , cm_name,cm_type ,cm_order , cm_state , cm_min_price , cm_max_price) values(3204,448,'2007款 2.0 XL 豪华版','2007款',4,1,162800,162800);
insert into t_car_model(cm_id , cs_id , cm_name,cm_type ,cm_order , cm_state , cm_min_price , cm_max_price) values(3205,448,'2007款 2.0 XL 科技版','2007款',5,1,168800,168800);
insert into t_car_model(cm_id , cs_id , cm_name,cm_type ,cm_order , cm_state , cm_min_price , cm_max_price) values(3206,448,'2007款 2.0 XL 天窗版','2007款',6,1,175800,175800);
insert into t_car_model(cm_id , cs_id , cm_name,cm_type ,cm_order , cm_state , cm_min_price , cm_max_price) values(3785,448,'2007款 2.0 XL 致酷版','2007款',7,1,182800,182800);
insert into t_car_model(cm_id , cs_id , cm_name,cm_type ,cm_order , cm_state , cm_min_price , cm_max_price) values(3207,448,'2007款 2.0 XV DVD版','2007款',8,1,199800,199800);
insert into t_car_model(cm_id , cs_id , cm_name,cm_type ,cm_order , cm_state , cm_min_price , cm_max_price) values(3208,448,'2007款 2.0 XV NAVI','2007款',9,1,204800,204800);
insert into t_car_model(cm_id , cs_id , cm_name,cm_type ,cm_order , cm_state , cm_min_price , cm_max_price) values(2760,448,'2006款 1.6 XE','2006款',1,1,143800,143800);
insert into t_car_model(cm_id , cs_id , cm_name,cm_type ,cm_order , cm_state , cm_min_price , cm_max_price) values(2445,448,'2006款 2.0 XE','2006款',2,1,167800,167800);
insert into t_car_model(cm_id , cs_id , cm_name,cm_type ,cm_order , cm_state , cm_min_price , cm_max_price) values(2446,448,'2006款 2.0 XL','2006款',3,1,176800,176800);
insert into t_car_model(cm_id , cs_id , cm_name,cm_type ,cm_order , cm_state , cm_min_price , cm_max_price) values(2448,448,'2006款 2.0 XL天窗版','2006款',4,1,183800,183800);
insert into t_car_model(cm_id , cs_id , cm_name,cm_type ,cm_order , cm_state , cm_min_price , cm_max_price) values(6756,448,'2006款 2.0 XL 科技版','2006款',5,1,192800,192800);
insert into t_car_model(cm_id , cs_id , cm_name,cm_type ,cm_order , cm_state , cm_min_price , cm_max_price) values(2447,448,'2006款 2.0 XV','2006款',6,1,199800,199800);
insert into t_car_model(cm_id , cs_id , cm_name,cm_type ,cm_order , cm_state , cm_min_price , cm_max_price) values(2606,448,'2006款 2.0 XV NAVI','2006款',7,1,214800,214800);
insert into t_car_series(cs_id,cbf_id,cs_name,cs_order,cs_letter) values(3817,92,'蓝鸟',3861,'L');
insert into t_car_model(cm_id , cs_id , cm_name,cm_type ,cm_order , cm_state , cm_min_price , cm_max_price) values(48098,3817,'2021款 1.6L CVT炫酷版','2021款',1,1,125900,125900);
insert into t_car_model(cm_id , cs_id , cm_name,cm_type ,cm_order , cm_state , cm_min_price , cm_max_price) values(48099,3817,'2021款 1.6L CVT智联智酷版','2021款',2,1,133900,133900);
insert into t_car_model(cm_id , cs_id , cm_name,cm_type ,cm_order , cm_state , cm_min_price , cm_max_price) values(42675,3817,'2020款 1.6L 手动时尚版','2020款',1,1,95900,95900);
insert into t_car_model(cm_id , cs_id , cm_name,cm_type ,cm_order , cm_state , cm_min_price , cm_max_price) values(42676,3817,'2020款 1.6L 手动炫酷版','2020款',2,1,103900,103900);
insert into t_car_model(cm_id , cs_id , cm_name,cm_type ,cm_order , cm_state , cm_min_price , cm_max_price) values(42677,3817,'2020款 1.6L CVT炫酷版','2020款',3,1,113900,113900);
insert into t_car_model(cm_id , cs_id , cm_name,cm_type ,cm_order , cm_state , cm_min_price , cm_max_price) values(42678,3817,'2020款 1.6L CVT智联智酷版','2020款',4,1,121900,121900);
insert into t_car_model(cm_id , cs_id , cm_name,cm_type ,cm_order , cm_state , cm_min_price , cm_max_price) values(42679,3817,'2020款 1.6L CVT智联高能版','2020款',5,1,133900,133900);
insert into t_car_model(cm_id , cs_id , cm_name,cm_type ,cm_order , cm_state , cm_min_price , cm_max_price) values(36422,3817,'2019款 1.6L 手动时尚版 国V','2019款',1,1,105900,105900);
insert into t_car_model(cm_id , cs_id , cm_name,cm_type ,cm_order , cm_state , cm_min_price , cm_max_price) values(36423,3817,'2019款 1.6L 手动炫酷版 国V','2019款',2,1,113900,113900);
insert into t_car_model(cm_id , cs_id , cm_name,cm_type ,cm_order , cm_state , cm_min_price , cm_max_price) values(36424,3817,'2019款 1.6L CVT炫酷版 国V','2019款',3,1,123900,123900);
insert into t_car_model(cm_id , cs_id , cm_name,cm_type ,cm_order , cm_state , cm_min_price , cm_max_price) values(36425,3817,'2019款 1.6L CVT智联智酷版 国V','2019款',4,1,131900,131900);
insert into t_car_model(cm_id , cs_id , cm_name,cm_type ,cm_order , cm_state , cm_min_price , cm_max_price) values(36426,3817,'2019款 1.6L CVT智联高能版 国V','2019款',5,1,143900,143900);
insert into t_car_model(cm_id , cs_id , cm_name,cm_type ,cm_order , cm_state , cm_min_price , cm_max_price) values(36534,3817,'2019款 1.6L 手动时尚版 国VI','2019款',6,1,105900,105900);
insert into t_car_model(cm_id , cs_id , cm_name,cm_type ,cm_order , cm_state , cm_min_price , cm_max_price) values(36535,3817,'2019款 1.6L 手动炫酷版 国VI','2019款',7,1,113900,113900);
insert into t_car_model(cm_id , cs_id , cm_name,cm_type ,cm_order , cm_state , cm_min_price , cm_max_price) values(36536,3817,'2019款 1.6L CVT炫酷版 国VI','2019款',8,1,123900,123900);
insert into t_car_model(cm_id , cs_id , cm_name,cm_type ,cm_order , cm_state , cm_min_price , cm_max_price) values(36537,3817,'2019款 1.6L CVT智联智酷版 国VI','2019款',9,1,131900,131900);
insert into t_car_model(cm_id , cs_id , cm_name,cm_type ,cm_order , cm_state , cm_min_price , cm_max_price) values(36538,3817,'2019款 1.6L CVT智联高能版 国VI','2019款',10,1,143900,143900);
insert into t_car_model(cm_id , cs_id , cm_name,cm_type ,cm_order , cm_state , cm_min_price , cm_max_price) values(34737,3817,'2018款 1.6L 手动时尚潮音版','2018款',1,1,108400,108400);
insert into t_car_model(cm_id , cs_id , cm_name,cm_type ,cm_order , cm_state , cm_min_price , cm_max_price) values(34738,3817,'2018款 1.6L 手动炫酷潮音版','2018款',2,1,116400,116400);
insert into t_car_model(cm_id , cs_id , cm_name,cm_type ,cm_order , cm_state , cm_min_price , cm_max_price) values(34739,3817,'2018款 1.6L CVT炫酷潮音版','2018款',3,1,126400,126400);
insert into t_car_model(cm_id , cs_id , cm_name,cm_type ,cm_order , cm_state , cm_min_price , cm_max_price) values(34740,3817,'2018款 1.6L CVT智酷潮音版','2018款',4,1,134400,134400);
insert into t_car_model(cm_id , cs_id , cm_name,cm_type ,cm_order , cm_state , cm_min_price , cm_max_price) values(34736,3817,'2018款 1.6L CVT高能潮音版','2018款',5,1,146400,146400);
insert into t_car_model(cm_id , cs_id , cm_name,cm_type ,cm_order , cm_state , cm_min_price , cm_max_price) values(24316,3817,'2016款 1.6L 手动时尚版','2016款',1,1,105900,105900);
insert into t_car_model(cm_id , cs_id , cm_name,cm_type ,cm_order , cm_state , cm_min_price , cm_max_price) values(24003,3817,'2016款 1.6L 手动炫酷版','2016款',2,1,113900,113900);
insert into t_car_model(cm_id , cs_id , cm_name,cm_type ,cm_order , cm_state , cm_min_price , cm_max_price) values(24002,3817,'2016款 1.6L CVT炫酷版','2016款',3,1,123900,123900);
insert into t_car_model(cm_id , cs_id , cm_name,cm_type ,cm_order , cm_state , cm_min_price , cm_max_price) values(24001,3817,'2016款 1.6L CVT智酷版','2016款',4,1,131900,131900);
insert into t_car_model(cm_id , cs_id , cm_name,cm_type ,cm_order , cm_state , cm_min_price , cm_max_price) values(26036,3817,'2016款 1.6L CVT智炫版','2016款',5,1,135400,135400);
insert into t_car_model(cm_id , cs_id , cm_name,cm_type ,cm_order , cm_state , cm_min_price , cm_max_price) values(22586,3817,'2016款 1.6L CVT高能版','2016款',6,1,143900,143900);
insert into t_car_series(cs_id,cbf_id,cs_name,cs_order,cs_letter) values(4766,92,'轩逸・纯电',3862,'X');
insert into t_car_model(cm_id , cs_id , cm_name,cm_type ,cm_order , cm_state , cm_min_price , cm_max_price) values(45133,4766,'2020款 舒适版','2020款',1,1,238000,238000);
insert into t_car_model(cm_id , cs_id , cm_name,cm_type ,cm_order , cm_state , cm_min_price , cm_max_price) values(34282,4766,'2018款 智尊版','2018款',1,1,254000,254000);
insert into t_car_model(cm_id , cs_id , cm_name,cm_type ,cm_order , cm_state , cm_min_price , cm_max_price) values(35010,4766,'2018款 智领版','2018款',2,1,243000,243000);
insert into t_car_series(cs_id,cbf_id,cs_name,cs_order,cs_letter) values(634,92,'天籁',3863,'T');
insert into t_car_model(cm_id , cs_id , cm_name,cm_type ,cm_order , cm_state , cm_min_price , cm_max_price) values(48493,634,'2021款 2.0L XE 时尚版','2021款',1,1,179800,179800);
insert into t_car_model(cm_id , cs_id , cm_name,cm_type ,cm_order , cm_state , cm_min_price , cm_max_price) values(48494,634,'2021款 2.0L XL 舒适版','2021款',2,1,187800,187800);
insert into t_car_model(cm_id , cs_id , cm_name,cm_type ,cm_order , cm_state , cm_min_price , cm_max_price) values(48495,634,'2021款 2.0L XL Upper AD1 智行领航版','2021款',3,1,199800,199800);
insert into t_car_model(cm_id , cs_id , cm_name,cm_type ,cm_order , cm_state , cm_min_price , cm_max_price) values(48496,634,'2021款 2.0T XL 智进版','2021款',4,1,216800,216800);
insert into t_car_model(cm_id , cs_id , cm_name,cm_type ,cm_order , cm_state , cm_min_price , cm_max_price) values(48497,634,'2021款 2.0T XL Upper AD1 智享领航版','2021款',5,1,229800,229800);
insert into t_car_model(cm_id , cs_id , cm_name,cm_type ,cm_order , cm_state , cm_min_price , cm_max_price) values(48498,634,'2021款 2.0T XV AD1 智尊领航版','2021款',6,1,269800,269800);
insert into t_car_model(cm_id , cs_id , cm_name,cm_type ,cm_order , cm_state , cm_min_price , cm_max_price) values(42398,634,'2020款 2.0L XE 时尚版','2020款',1,1,179800,179800);
insert into t_car_model(cm_id , cs_id , cm_name,cm_type ,cm_order , cm_state , cm_min_price , cm_max_price) values(42399,634,'2020款 2.0L XL 舒适版','2020款',2,1,187800,187800);
insert into t_car_model(cm_id , cs_id , cm_name,cm_type ,cm_order , cm_state , cm_min_price , cm_max_price) values(42400,634,'2020款 2.0L XL Upper 智行版','2020款',3,1,199800,199800);
insert into t_car_model(cm_id , cs_id , cm_name,cm_type ,cm_order , cm_state , cm_min_price , cm_max_price) values(42402,634,'2020款 2.0T XL 智领版','2020款',4,1,216800,216800);
insert into t_car_model(cm_id , cs_id , cm_name,cm_type ,cm_order , cm_state , cm_min_price , cm_max_price) values(42403,634,'2020款 2.0T XL Upper AD1 智享领航版','2020款',5,1,229800,229800);
insert into t_car_model(cm_id , cs_id , cm_name,cm_type ,cm_order , cm_state , cm_min_price , cm_max_price) values(42404,634,'2020款 2.0T XV AD1 智尊领航版','2020款',6,1,269800,269800);
insert into t_car_model(cm_id , cs_id , cm_name,cm_type ,cm_order , cm_state , cm_min_price , cm_max_price) values(46925,634,'2020款 改款 2.0L XE 时尚版','2020款',7,1,179800,179800);
insert into t_car_model(cm_id , cs_id , cm_name,cm_type ,cm_order , cm_state , cm_min_price , cm_max_price) values(46926,634,'2020款 改款 2.0L XL 舒适版','2020款',8,1,187800,187800);
insert into t_car_model(cm_id , cs_id , cm_name,cm_type ,cm_order , cm_state , cm_min_price , cm_max_price) values(46927,634,'2020款 改款 2.0L XL Upper 智行版','2020款',9,1,199800,199800);
insert into t_car_model(cm_id , cs_id , cm_name,cm_type ,cm_order , cm_state , cm_min_price , cm_max_price) values(46928,634,'2020款 改款 2.0T XL 智领版','2020款',10,1,216800,216800);
insert into t_car_model(cm_id , cs_id , cm_name,cm_type ,cm_order , cm_state , cm_min_price , cm_max_price) values(46929,634,'2020款 改款 2.0T XL Upper AD1 智享领航版','2020款',11,1,229800,229800);
insert into t_car_model(cm_id , cs_id , cm_name,cm_type ,cm_order , cm_state , cm_min_price , cm_max_price) values(46930,634,'2020款 改款 2.0T XV AD1 智尊领航版','2020款',12,1,269800,269800);
insert into t_car_model(cm_id , cs_id , cm_name,cm_type ,cm_order , cm_state , cm_min_price , cm_max_price) values(37326,634,'2019款 2.0L XE 时尚版','2019款',1,1,179800,179800);
insert into t_car_model(cm_id , cs_id , cm_name,cm_type ,cm_order , cm_state , cm_min_price , cm_max_price) values(37327,634,'2019款 2.0L XL 舒适版','2019款',2,1,186800,186800);
insert into t_car_model(cm_id , cs_id , cm_name,cm_type ,cm_order , cm_state , cm_min_price , cm_max_price) values(36540,634,'2019款 2.0L XL Upper 智行版','2019款',3,1,199800,199800);
insert into t_car_model(cm_id , cs_id , cm_name,cm_type ,cm_order , cm_state , cm_min_price , cm_max_price) values(37328,634,'2019款 2.0T XL 智领版','2019款',4,1,215800,215800);
insert into t_car_model(cm_id , cs_id , cm_name,cm_type ,cm_order , cm_state , cm_min_price , cm_max_price) values(37329,634,'2019款 2.0T XL Upper 智享版','2019款',5,1,229800,229800);
insert into t_car_model(cm_id , cs_id , cm_name,cm_type ,cm_order , cm_state , cm_min_price , cm_max_price) values(37330,634,'2019款 2.0T XV 智尊版','2019款',6,1,265800,265800);
insert into t_car_model(cm_id , cs_id , cm_name,cm_type ,cm_order , cm_state , cm_min_price , cm_max_price) values(36308,634,'2019款 2.0T XV AD1 智尊领航版','2019款',7,1,269800,269800);
insert into t_car_model(cm_id , cs_id , cm_name,cm_type ,cm_order , cm_state , cm_min_price , cm_max_price) values(34360,634,'2018款 2.0L XL 智进版','2018款',1,1,186800,186800);
insert into t_car_model(cm_id , cs_id , cm_name,cm_type ,cm_order , cm_state , cm_min_price , cm_max_price) values(27180,634,'2016款 2.0L XE 时尚版','2016款',1,1,175800,175800);
insert into t_car_model(cm_id , cs_id , cm_name,cm_type ,cm_order , cm_state , cm_min_price , cm_max_price) values(27181,634,'2016款 2.0L XL舒适版','2016款',2,1,185800,185800);
insert into t_car_model(cm_id , cs_id , cm_name,cm_type ,cm_order , cm_state , cm_min_price , cm_max_price) values(29512,634,'2016款 改款 2.0L XL舒适版','2016款',3,1,186800,186800);
insert into t_car_model(cm_id , cs_id , cm_name,cm_type ,cm_order , cm_state , cm_min_price , cm_max_price) values(27182,634,'2016款 2.0L XL-Upper 智尚版','2016款',4,1,196400,196400);
insert into t_car_model(cm_id , cs_id , cm_name,cm_type ,cm_order , cm_state , cm_min_price , cm_max_price) values(27183,634,'2016款 2.5L XL 舒享版','2016款',5,1,206800,206800);
insert into t_car_model(cm_id , cs_id , cm_name,cm_type ,cm_order , cm_state , cm_min_price , cm_max_price) values(27184,634,'2016款 2.5L XL-Upper 智享版','2016款',6,1,214800,214800);
insert into t_car_model(cm_id , cs_id , cm_name,cm_type ,cm_order , cm_state , cm_min_price , cm_max_price) values(27149,634,'2016款 2.5L XL-UpperNAVI Tech 智尊版','2016款',7,1,247800,247800);
insert into t_car_model(cm_id , cs_id , cm_name,cm_type ,cm_order , cm_state , cm_min_price , cm_max_price) values(27185,634,'2016款 公爵 2.5L XV 尊享版','2016款',8,1,232800,232800);
insert into t_car_model(cm_id , cs_id , cm_name,cm_type ,cm_order , cm_state , cm_min_price , cm_max_price) values(27019,634,'2016款 公爵 2.5L XV-VIP 旗舰版','2016款',9,1,298800,298800);
insert into t_car_model(cm_id , cs_id , cm_name,cm_type ,cm_order , cm_state , cm_min_price , cm_max_price) values(22640,634,'2015款 2.0L XE-Sporty欧冠运动版','2015款',1,1,182800,182800);
insert into t_car_model(cm_id , cs_id , cm_name,cm_type ,cm_order , cm_state , cm_min_price , cm_max_price) values(22641,634,'2015款 2.0L XL-Sporty欧冠运动版','2015款',2,1,190800,190800);
insert into t_car_model(cm_id , cs_id , cm_name,cm_type ,cm_order , cm_state , cm_min_price , cm_max_price) values(22642,634,'2015款 2.0L XL Upper欧冠科技版','2015款',3,1,195400,195400);
insert into t_car_model(cm_id , cs_id , cm_name,cm_type ,cm_order , cm_state , cm_min_price , cm_max_price) values(22643,634,'2015款 2.5L XL Upper欧冠科技版','2015款',4,1,213800,213800);
insert into t_car_model(cm_id , cs_id , cm_name,cm_type ,cm_order , cm_state , cm_min_price , cm_max_price) values(22644,634,'2015款 2.5L XL-NAVI Tech欧冠智享版','2015款',5,1,226800,226800);
insert into t_car_model(cm_id , cs_id , cm_name,cm_type ,cm_order , cm_state , cm_min_price , cm_max_price) values(22645,634,'2015款 2.5L XL-UpperNAVI Tech欧冠尊贵版','2015款',6,1,248800,248800);
insert into t_car_model(cm_id , cs_id , cm_name,cm_type ,cm_order , cm_state , cm_min_price , cm_max_price) values(22646,634,'2015款 公爵 2.5L XV欧冠荣耀版','2015款',7,1,231800,231800);
insert into t_car_model(cm_id , cs_id , cm_name,cm_type ,cm_order , cm_state , cm_min_price , cm_max_price) values(22647,634,'2015款 公爵 2.5L XV欧冠尊雅版','2015款',8,1,262800,262800);
insert into t_car_model(cm_id , cs_id , cm_name,cm_type ,cm_order , cm_state , cm_min_price , cm_max_price) values(22648,634,'2015款 公爵 2.5L XV-NAVI-FES欧冠尊尚版','2015款',9,1,285800,285800);
insert into t_car_model(cm_id , cs_id , cm_name,cm_type ,cm_order , cm_state , cm_min_price , cm_max_price) values(22649,634,'2015款 公爵 2.5L XV-VIP欧冠尊领版','2015款',10,1,299800,299800);
insert into t_car_model(cm_id , cs_id , cm_name,cm_type ,cm_order , cm_state , cm_min_price , cm_max_price) values(19025,634,'2014款 2.0L XL Upper科技版','2014款',1,1,191400,191400);
insert into t_car_model(cm_id , cs_id , cm_name,cm_type ,cm_order , cm_state , cm_min_price , cm_max_price) values(19026,634,'2014款 2.5L XL Upper科技版','2014款',2,1,209800,209800);
insert into t_car_model(cm_id , cs_id , cm_name,cm_type ,cm_order , cm_state , cm_min_price , cm_max_price) values(18970,634,'2014款 公爵 2.5L XV荣耀版','2014款',3,1,231800,231800);
insert into t_car_model(cm_id , cs_id , cm_name,cm_type ,cm_order , cm_state , cm_min_price , cm_max_price) values(17638,634,'2014款 公爵 2.5L XV尊享版','2014款',4,1,251800,251800);
insert into t_car_model(cm_id , cs_id , cm_name,cm_type ,cm_order , cm_state , cm_min_price , cm_max_price) values(17639,634,'2014款 公爵 2.5L XV尊雅版','2014款',5,1,262800,262800);
insert into t_car_model(cm_id , cs_id , cm_name,cm_type ,cm_order , cm_state , cm_min_price , cm_max_price) values(17640,634,'2014款 公爵 2.5L XV-NAVI-FES尊尚版','2014款',6,1,285800,285800);
insert into t_car_model(cm_id , cs_id , cm_name,cm_type ,cm_order , cm_state , cm_min_price , cm_max_price) values(17337,634,'2014款 公爵 2.5L XV-VIP尊领版','2014款',7,1,299800,299800);
insert into t_car_model(cm_id , cs_id , cm_name,cm_type ,cm_order , cm_state , cm_min_price , cm_max_price) values(15128,634,'2013款 2.0L XE时尚版','2013款',1,1,177800,177800);
insert into t_car_model(cm_id , cs_id , cm_name,cm_type ,cm_order , cm_state , cm_min_price , cm_max_price) values(15104,634,'2013款 2.0L XL舒适版','2013款',2,1,185800,185800);
insert into t_car_model(cm_id , cs_id , cm_name,cm_type ,cm_order , cm_state , cm_min_price , cm_max_price) values(15127,634,'2013款 2.0L XL-NAVI智领版','2013款',3,1,196800,196800);
insert into t_car_model(cm_id , cs_id , cm_name,cm_type ,cm_order , cm_state , cm_min_price , cm_max_price) values(15126,634,'2013款 2.5L XL领先版','2013款',4,1,205800,205800);
insert into t_car_model(cm_id , cs_id , cm_name,cm_type ,cm_order , cm_state , cm_min_price , cm_max_price) values(15125,634,'2013款 2.5L XL-NAVI豪华版','2013款',5,1,216800,216800);
insert into t_car_model(cm_id , cs_id , cm_name,cm_type ,cm_order , cm_state , cm_min_price , cm_max_price) values(14881,634,'2013款 2.5L XL-NAVI Tech智享版','2013款',6,1,222800,222800);
insert into t_car_model(cm_id , cs_id , cm_name,cm_type ,cm_order , cm_state , cm_min_price , cm_max_price) values(15124,634,'2013款 2.5L XL-UpperNAVI Tech尊贵版','2013款',7,1,244800,244800);
insert into t_car_model(cm_id , cs_id , cm_name,cm_type ,cm_order , cm_state , cm_min_price , cm_max_price) values(11867,634,'2012款 2.0L XL智享版','2012款',1,1,219800,219800);
insert into t_car_model(cm_id , cs_id , cm_name,cm_type ,cm_order , cm_state , cm_min_price , cm_max_price) values(13075,634,'2012款 2.5L XL-NAVI云安全版','2012款',2,1,236800,236800);
insert into t_car_model(cm_id , cs_id , cm_name,cm_type ,cm_order , cm_state , cm_min_price , cm_max_price) values(11868,634,'2012款 2.5L XL智享版','2012款',3,1,244800,244800);
insert into t_car_model(cm_id , cs_id , cm_name,cm_type ,cm_order , cm_state , cm_min_price , cm_max_price) values(13076,634,'2012款 2.5L XV云安全版','2012款',4,1,259800,259800);
insert into t_car_model(cm_id , cs_id , cm_name,cm_type ,cm_order , cm_state , cm_min_price , cm_max_price) values(13077,634,'2012款 2.5L XV VIP云安全版','2012款',5,1,283800,283800);
insert into t_car_model(cm_id , cs_id , cm_name,cm_type ,cm_order , cm_state , cm_min_price , cm_max_price) values(9012,634,'2011款 2.0L XE标准版','2011款',1,1,190800,190800);
insert into t_car_model(cm_id , cs_id , cm_name,cm_type ,cm_order , cm_state , cm_min_price , cm_max_price) values(9013,634,'2011款 2.0L XL舒适版','2011款',2,1,199800,199800);
insert into t_car_model(cm_id , cs_id , cm_name,cm_type ,cm_order , cm_state , cm_min_price , cm_max_price) values(9710,634,'2011款 2.0L XL荣耀版','2011款',3,1,219800,219800);
insert into t_car_model(cm_id , cs_id , cm_name,cm_type ,cm_order , cm_state , cm_min_price , cm_max_price) values(9014,634,'2011款 2.0L XL-NAVI智尚版','2011款',4,1,225800,225800);
insert into t_car_model(cm_id , cs_id , cm_name,cm_type ,cm_order , cm_state , cm_min_price , cm_max_price) values(9010,634,'2011款 2.5L XL领先版','2011款',5,1,224800,224800);
insert into t_car_model(cm_id , cs_id , cm_name,cm_type ,cm_order , cm_state , cm_min_price , cm_max_price) values(9711,634,'2011款 2.5L XL荣耀版','2011款',6,1,244800,244800);
insert into t_car_model(cm_id , cs_id , cm_name,cm_type ,cm_order , cm_state , cm_min_price , cm_max_price) values(9011,634,'2011款 2.5L XL-NAVI智领版','2011款',7,1,249800,249800);
insert into t_car_model(cm_id , cs_id , cm_name,cm_type ,cm_order , cm_state , cm_min_price , cm_max_price) values(9009,634,'2011款 公爵 2.5L XV尊雅版','2011款',8,1,264800,264800);
insert into t_car_model(cm_id , cs_id , cm_name,cm_type ,cm_order , cm_state , cm_min_price , cm_max_price) values(9004,634,'2011款 公爵 2.5L XV VIP尊尚版','2011款',9,1,296800,296800);
insert into t_car_model(cm_id , cs_id , cm_name,cm_type ,cm_order , cm_state , cm_min_price , cm_max_price) values(9008,634,'2011款 公爵 3.5L XV VIP尊领版','2011款',10,1,371800,371800);
insert into t_car_model(cm_id , cs_id , cm_name,cm_type ,cm_order , cm_state , cm_min_price , cm_max_price) values(8019,634,'2010款 2.0L XL周年纪念版','2010款',1,1,214800,214800);
insert into t_car_model(cm_id , cs_id , cm_name,cm_type ,cm_order , cm_state , cm_min_price , cm_max_price) values(8020,634,'2010款 2.5L XL周年纪念版','2010款',2,1,239800,239800);
insert into t_car_model(cm_id , cs_id , cm_name,cm_type ,cm_order , cm_state , cm_min_price , cm_max_price) values(5565,634,'2009款 公爵 2.5L XV VIP尊享版','2009款',1,1,289800,289800);
insert into t_car_model(cm_id , cs_id , cm_name,cm_type ,cm_order , cm_state , cm_min_price , cm_max_price) values(3928,634,'2008款 2.0L XE标准版','2008款',1,1,190800,190800);
insert into t_car_model(cm_id , cs_id , cm_name,cm_type ,cm_order , cm_state , cm_min_price , cm_max_price) values(3919,634,'2008款 2.0L XL舒适版','2008款',2,1,199800,199800);
insert into t_car_model(cm_id , cs_id , cm_name,cm_type ,cm_order , cm_state , cm_min_price , cm_max_price) values(3990,634,'2008款 2.0L XL Opt豪华版','2008款',3,1,212800,212800);
insert into t_car_model(cm_id , cs_id , cm_name,cm_type ,cm_order , cm_state , cm_min_price , cm_max_price) values(3920,634,'2008款 2.5L XL领先版','2008款',4,1,224800,224800);
insert into t_car_model(cm_id , cs_id , cm_name,cm_type ,cm_order , cm_state , cm_min_price , cm_max_price) values(4662,634,'2008款 2.5L RX酷动版','2008款',5,1,249800,249800);
insert into t_car_model(cm_id , cs_id , cm_name,cm_type ,cm_order , cm_state , cm_min_price , cm_max_price) values(3991,634,'2008款 2.5L XL Res剧院版','2008款',6,1,249800,249800);
insert into t_car_model(cm_id , cs_id , cm_name,cm_type ,cm_order , cm_state , cm_min_price , cm_max_price) values(3992,634,'2008款 公爵 2.5L XV尊雅版','2008款',7,1,259800,259800);
insert into t_car_model(cm_id , cs_id , cm_name,cm_type ,cm_order , cm_state , cm_min_price , cm_max_price) values(3993,634,'2008款 公爵 3.5L XV VIP至尊版','2008款',8,1,365800,365800);
insert into t_car_model(cm_id , cs_id , cm_name,cm_type ,cm_order , cm_state , cm_min_price , cm_max_price) values(3921,634,'2008款 公爵 3.5L XV尊驭版','2008款',9,1,322800,322800);
insert into t_car_model(cm_id , cs_id , cm_name,cm_type ,cm_order , cm_state , cm_min_price , cm_max_price) values(3146,634,'2007款 御 230JK豪华版','2007款',1,1,233800,233800);
insert into t_car_model(cm_id , cs_id , cm_name,cm_type ,cm_order , cm_state , cm_min_price , cm_max_price) values(3147,634,'2007款 御 230JK豪华天窗','2007款',2,1,239800,239800);
insert into t_car_model(cm_id , cs_id , cm_name,cm_type ,cm_order , cm_state , cm_min_price , cm_max_price) values(3148,634,'2007款 御 230JM-S科技版','2007款',3,1,256800,256800);
insert into t_car_model(cm_id , cs_id , cm_name,cm_type ,cm_order , cm_state , cm_min_price , cm_max_price) values(3149,634,'2007款 御 230JM尊贵版','2007款',4,1,289800,289800);
insert into t_car_model(cm_id , cs_id , cm_name,cm_type ,cm_order , cm_state , cm_min_price , cm_max_price) values(3150,634,'2007款 御 350JM-VIP旗舰','2007款',5,1,349800,349800);
insert into t_car_model(cm_id , cs_id , cm_name,cm_type ,cm_order , cm_state , cm_min_price , cm_max_price) values(6748,634,'2007款 230JK豪华天窗','2007款',6,1,224800,224800);
insert into t_car_model(cm_id , cs_id , cm_name,cm_type ,cm_order , cm_state , cm_min_price , cm_max_price) values(6749,634,'2007款 230JM-S科技版','2007款',7,1,249800,249800);
insert into t_car_model(cm_id , cs_id , cm_name,cm_type ,cm_order , cm_state , cm_min_price , cm_max_price) values(6751,634,'2007款 230JM尊贵版','2007款',8,1,280800,280800);
insert into t_car_model(cm_id , cs_id , cm_name,cm_type ,cm_order , cm_state , cm_min_price , cm_max_price) values(6755,634,'2007款 天籁350JM-VIP','2007款',9,1,346800,346800);
insert into t_car_model(cm_id , cs_id , cm_name,cm_type ,cm_order , cm_state , cm_min_price , cm_max_price) values(2177,634,'2006款 230JK-S舒适','2006款',1,1,213800,213800);
insert into t_car_model(cm_id , cs_id , cm_name,cm_type ,cm_order , cm_state , cm_min_price , cm_max_price) values(2185,634,'2006款 230JK-S舒适天窗','2006款',2,1,219800,219800);
insert into t_car_model(cm_id , cs_id , cm_name,cm_type ,cm_order , cm_state , cm_min_price , cm_max_price) values(2176,634,'2006款 200JK豪华版','2006款',3,1,199800,199800);
insert into t_car_model(cm_id , cs_id , cm_name,cm_type ,cm_order , cm_state , cm_min_price , cm_max_price) values(2184,634,'2006款 200JK豪华天窗','2006款',4,1,206800,206800);
insert into t_car_model(cm_id , cs_id , cm_name,cm_type ,cm_order , cm_state , cm_min_price , cm_max_price) values(6742,634,'2006款 230JK 2周年纪念版','2006款',5,1,231800,231800);
insert into t_car_model(cm_id , cs_id , cm_name,cm_type ,cm_order , cm_state , cm_min_price , cm_max_price) values(2178,634,'2005款 230JM-S','2005款',1,1,264800,264800);
insert into t_car_model(cm_id , cs_id , cm_name,cm_type ,cm_order , cm_state , cm_min_price , cm_max_price) values(2179,634,'2005款 230JM','2005款',2,1,295800,295800);
insert into t_car_model(cm_id , cs_id , cm_name,cm_type ,cm_order , cm_state , cm_min_price , cm_max_price) values(2180,634,'2005款 350JM-VIP','2005款',3,1,361800,361800);
insert into t_car_model(cm_id , cs_id , cm_name,cm_type ,cm_order , cm_state , cm_min_price , cm_max_price) values(1335,634,'2004款 230JK','2004款',1,1,249800,249800);
insert into t_car_model(cm_id , cs_id , cm_name,cm_type ,cm_order , cm_state , cm_min_price , cm_max_price) values(1463,634,'2004款 230JK(天窗版)','2004款',2,1,256800,256800);
insert into t_car_model(cm_id , cs_id , cm_name,cm_type ,cm_order , cm_state , cm_min_price , cm_max_price) values(1933,634,'2004款 230JM-S','2004款',3,1,264800,264800);
insert into t_car_model(cm_id , cs_id , cm_name,cm_type ,cm_order , cm_state , cm_min_price , cm_max_price) values(1271,634,'2004款 230JM','2004款',4,1,292800,292800);
insert into t_car_model(cm_id , cs_id , cm_name,cm_type ,cm_order , cm_state , cm_min_price , cm_max_price) values(1464,634,'2004款 230JM(天窗版)','2004款',5,1,299800,299800);
insert into t_car_model(cm_id , cs_id , cm_name,cm_type ,cm_order , cm_state , cm_min_price , cm_max_price) values(1081,634,'2004款 350JM-VIP','2004款',6,1,349800,349800);
insert into t_car_series(cs_id,cbf_id,cs_name,cs_order,cs_letter) values(4305,92,'劲客',3864,'J');
insert into t_car_model(cm_id , cs_id , cm_name,cm_type ,cm_order , cm_state , cm_min_price , cm_max_price) values(53545,4305,'2022款 1.5L XL CVT时尚版','2022款',1,1,119800,119800);
insert into t_car_model(cm_id , cs_id , cm_name,cm_type ,cm_order , cm_state , cm_min_price , cm_max_price) values(53441,4305,'2022款 1.5L XV CVT豪华版','2022款',2,1,132800,132800);
insert into t_car_model(cm_id , cs_id , cm_name,cm_type ,cm_order , cm_state , cm_min_price , cm_max_price) values(53337,4305,'2022款 1.5L XV TOP CVT旗舰版','2022款',3,1,137800,137800);
insert into t_car_model(cm_id , cs_id , cm_name,cm_type ,cm_order , cm_state , cm_min_price , cm_max_price) values(46886,4305,'2021款 1.5L XE 手动酷动版','2021款',1,1,99800,99800);
insert into t_car_model(cm_id , cs_id , cm_name,cm_type ,cm_order , cm_state , cm_min_price , cm_max_price) values(46659,4305,'2021款 1.5L XL CVT酷享版','2021款',2,1,119800,119800);
insert into t_car_model(cm_id , cs_id , cm_name,cm_type ,cm_order , cm_state , cm_min_price , cm_max_price) values(46887,4305,'2021款 1.5L XV CVT智联豪华版','2021款',3,1,132300,132300);
insert into t_car_model(cm_id , cs_id , cm_name,cm_type ,cm_order , cm_state , cm_min_price , cm_max_price) values(46888,4305,'2021款 1.5L XV TOP CVT智联尊享版','2021款',4,1,138800,138800);
insert into t_car_model(cm_id , cs_id , cm_name,cm_type ,cm_order , cm_state , cm_min_price , cm_max_price) values(42650,4305,'2020款 1.5L XE 手动酷动版','2020款',1,1,99800,99800);
insert into t_car_model(cm_id , cs_id , cm_name,cm_type ,cm_order , cm_state , cm_min_price , cm_max_price) values(42651,4305,'2020款 1.5L XL CVT酷享版','2020款',2,1,119800,119800);
insert into t_car_model(cm_id , cs_id , cm_name,cm_type ,cm_order , cm_state , cm_min_price , cm_max_price) values(42652,4305,'2020款 1.5L XV CVT智联豪华版','2020款',3,1,132300,132300);
insert into t_car_model(cm_id , cs_id , cm_name,cm_type ,cm_order , cm_state , cm_min_price , cm_max_price) values(42653,4305,'2020款 1.5L XV TOP CVT智联尊享版','2020款',4,1,138800,138800);
insert into t_car_model(cm_id , cs_id , cm_name,cm_type ,cm_order , cm_state , cm_min_price , cm_max_price) values(38394,4305,'2019款 1.5L 手动酷动版','2019款',1,1,99800,99800);
insert into t_car_model(cm_id , cs_id , cm_name,cm_type ,cm_order , cm_state , cm_min_price , cm_max_price) values(38395,4305,'2019款 1.5L CVT酷享版','2019款',2,1,122800,122800);
insert into t_car_model(cm_id , cs_id , cm_name,cm_type ,cm_order , cm_state , cm_min_price , cm_max_price) values(38396,4305,'2019款 1.5L CVT智联豪华版','2019款',3,1,132300,132300);
insert into t_car_model(cm_id , cs_id , cm_name,cm_type ,cm_order , cm_state , cm_min_price , cm_max_price) values(38397,4305,'2019款 1.5L CVT智联尊享版','2019款',4,1,137300,137300);
insert into t_car_model(cm_id , cs_id , cm_name,cm_type ,cm_order , cm_state , cm_min_price , cm_max_price) values(34923,4305,'2018款 1.5L CVT智联豪华版','2018款',1,1,132300,132300);
insert into t_car_model(cm_id , cs_id , cm_name,cm_type ,cm_order , cm_state , cm_min_price , cm_max_price) values(34924,4305,'2018款 1.5L CVT智联尊享版','2018款',2,1,137300,137300);
insert into t_car_model(cm_id , cs_id , cm_name,cm_type ,cm_order , cm_state , cm_min_price , cm_max_price) values(30952,4305,'2017款 1.5L 手动酷动版','2017款',1,1,99800,99800);
insert into t_car_model(cm_id , cs_id , cm_name,cm_type ,cm_order , cm_state , cm_min_price , cm_max_price) values(30799,4305,'2017款 1.5L CVT酷享版','2017款',2,1,122800,122800);
insert into t_car_model(cm_id , cs_id , cm_name,cm_type ,cm_order , cm_state , cm_min_price , cm_max_price) values(30800,4305,'2017款 1.5L CVT智行版','2017款',3,1,129800,129800);
insert into t_car_model(cm_id , cs_id , cm_name,cm_type ,cm_order , cm_state , cm_min_price , cm_max_price) values(29342,4305,'2017款 1.5L CVT智领版','2017款',4,1,134800,134800);
insert into t_car_series(cs_id,cbf_id,cs_name,cs_order,cs_letter) values(564,92,'逍客',3865,'X');
insert into t_car_model(cm_id , cs_id , cm_name,cm_type ,cm_order , cm_state , cm_min_price , cm_max_price) values(53437,564,'2022款 2.0L CVT XV智享版','2022款',1,1,154900,154900);
insert into t_car_model(cm_id , cs_id , cm_name,cm_type ,cm_order , cm_state , cm_min_price , cm_max_price) values(53438,564,'2022款 2.0L CVT XV Prem.豪华版','2022款',2,1,168800,168800);
insert into t_car_model(cm_id , cs_id , cm_name,cm_type ,cm_order , cm_state , cm_min_price , cm_max_price) values(53439,564,'2022款 2.0L CVT XV Prem.Pro豪华领航版','2022款',3,1,173800,173800);
insert into t_car_model(cm_id , cs_id , cm_name,cm_type ,cm_order , cm_state , cm_min_price , cm_max_price) values(53440,564,'2022款 2.0L CVT XV TOP旗舰版','2022款',4,1,188900,188900);
insert into t_car_model(cm_id , cs_id , cm_name,cm_type ,cm_order , cm_state , cm_min_price , cm_max_price) values(47184,564,'2021款 2.0L CVT智享版','2021款',1,1,154900,154900);
insert into t_car_model(cm_id , cs_id , cm_name,cm_type ,cm_order , cm_state , cm_min_price , cm_max_price) values(47185,564,'2021款 2.0L CVT豪华版','2021款',2,1,168800,168800);
insert into t_car_model(cm_id , cs_id , cm_name,cm_type ,cm_order , cm_state , cm_min_price , cm_max_price) values(47186,564,'2021款 2.0L CVT豪华领航版','2021款',3,1,173800,173800);
insert into t_car_model(cm_id , cs_id , cm_name,cm_type ,cm_order , cm_state , cm_min_price , cm_max_price) values(47165,564,'2021款 2.0L CVT旗舰版','2021款',4,1,188900,188900);
insert into t_car_model(cm_id , cs_id , cm_name,cm_type ,cm_order , cm_state , cm_min_price , cm_max_price) values(38611,564,'2019款 2.0L CVT智享版','2019款',1,1,154900,154900);
insert into t_car_model(cm_id , cs_id , cm_name,cm_type ,cm_order , cm_state , cm_min_price , cm_max_price) values(38546,564,'2019款 2.0L CVT豪华版','2019款',2,1,168800,168800);
insert into t_car_model(cm_id , cs_id , cm_name,cm_type ,cm_order , cm_state , cm_min_price , cm_max_price) values(38612,564,'2019款 2.0L CVT旗舰版','2019款',3,1,185900,185900);
insert into t_car_model(cm_id , cs_id , cm_name,cm_type ,cm_order , cm_state , cm_min_price , cm_max_price) values(30528,564,'2017款 1.2T 手动时尚版','2017款',1,1,139800,139800);
insert into t_car_model(cm_id , cs_id , cm_name,cm_type ,cm_order , cm_state , cm_min_price , cm_max_price) values(30529,564,'2017款 1.2T CVT时尚版','2017款',2,1,149800,149800);
insert into t_car_model(cm_id , cs_id , cm_name,cm_type ,cm_order , cm_state , cm_min_price , cm_max_price) values(38385,564,'2017款 2.0L CVT精英版 国VI','2017款',3,1,153800,153800);
insert into t_car_model(cm_id , cs_id , cm_name,cm_type ,cm_order , cm_state , cm_min_price , cm_max_price) values(38386,564,'2017款 2.0L CVT智享版 国VI','2017款',4,1,157800,157800);
insert into t_car_model(cm_id , cs_id , cm_name,cm_type ,cm_order , cm_state , cm_min_price , cm_max_price) values(38387,564,'2017款 2.0L CVT豪华版 国VI','2017款',5,1,168800,168800);
insert into t_car_model(cm_id , cs_id , cm_name,cm_type ,cm_order , cm_state , cm_min_price , cm_max_price) values(38388,564,'2017款 2.0L CVT旗舰版 国VI','2017款',6,1,189800,189800);
insert into t_car_model(cm_id , cs_id , cm_name,cm_type ,cm_order , cm_state , cm_min_price , cm_max_price) values(30530,564,'2017款 2.0L CVT精英版 国V','2017款',7,1,153800,153800);
insert into t_car_model(cm_id , cs_id , cm_name,cm_type ,cm_order , cm_state , cm_min_price , cm_max_price) values(30531,564,'2017款 2.0L CVT智享版 国V','2017款',8,1,157800,157800);
insert into t_car_model(cm_id , cs_id , cm_name,cm_type ,cm_order , cm_state , cm_min_price , cm_max_price) values(30532,564,'2017款 2.0L CVT豪华版 国V','2017款',9,1,168800,168800);
insert into t_car_model(cm_id , cs_id , cm_name,cm_type ,cm_order , cm_state , cm_min_price , cm_max_price) values(30533,564,'2017款 2.0L CVT旗舰版 国V','2017款',10,1,189800,189800);
insert into t_car_model(cm_id , cs_id , cm_name,cm_type ,cm_order , cm_state , cm_min_price , cm_max_price) values(24208,564,'2016款 1.2T 手动时尚版','2016款',1,1,139800,139800);
insert into t_car_model(cm_id , cs_id , cm_name,cm_type ,cm_order , cm_state , cm_min_price , cm_max_price) values(24209,564,'2016款 1.2T CVT时尚版','2016款',2,1,149800,149800);
insert into t_car_model(cm_id , cs_id , cm_name,cm_type ,cm_order , cm_state , cm_min_price , cm_max_price) values(24210,564,'2016款 2.0L CVT精英版','2016款',3,1,152800,152800);
insert into t_car_model(cm_id , cs_id , cm_name,cm_type ,cm_order , cm_state , cm_min_price , cm_max_price) values(24134,564,'2016款 2.0L CVT领先版','2016款',4,1,161800,161800);
insert into t_car_model(cm_id , cs_id , cm_name,cm_type ,cm_order , cm_state , cm_min_price , cm_max_price) values(24211,564,'2016款 2.0L CVT豪华版','2016款',5,1,167800,167800);
insert into t_car_model(cm_id , cs_id , cm_name,cm_type ,cm_order , cm_state , cm_min_price , cm_max_price) values(24212,564,'2016款 2.0L CVT尊享版','2016款',6,1,179800,179800);
insert into t_car_model(cm_id , cs_id , cm_name,cm_type ,cm_order , cm_state , cm_min_price , cm_max_price) values(23944,564,'2016款 2.0L CVT旗舰版','2016款',7,1,189800,189800);
insert into t_car_model(cm_id , cs_id , cm_name,cm_type ,cm_order , cm_state , cm_min_price , cm_max_price) values(20230,564,'2015款 2.0XL 酷火 MT 2WD','2015款',1,1,153800,153800);
insert into t_car_model(cm_id , cs_id , cm_name,cm_type ,cm_order , cm_state , cm_min_price , cm_max_price) values(20231,564,'2015款 2.0XL 酷火 CVT 2WD','2015款',2,1,166800,166800);
insert into t_car_model(cm_id , cs_id , cm_name,cm_type ,cm_order , cm_state , cm_min_price , cm_max_price) values(20232,564,'2015款 2.0XV 酷雷 CVT 2WD','2015款',3,1,183800,183800);
insert into t_car_model(cm_id , cs_id , cm_name,cm_type ,cm_order , cm_state , cm_min_price , cm_max_price) values(20233,564,'2015款 2.0XV 酷炫 CVT 2WD','2015款',4,1,186800,186800);
insert into t_car_model(cm_id , cs_id , cm_name,cm_type ,cm_order , cm_state , cm_min_price , cm_max_price) values(16785,564,'2013款 2.0XV 炫 CVT 2WD','2013款',1,1,183800,183800);
insert into t_car_model(cm_id , cs_id , cm_name,cm_type ,cm_order , cm_state , cm_min_price , cm_max_price) values(12760,564,'2012款 1.6XE 风 5MT 2WD','2012款',1,1,139800,139800);
insert into t_car_model(cm_id , cs_id , cm_name,cm_type ,cm_order , cm_state , cm_min_price , cm_max_price) values(12761,564,'2012款 2.0XL 火 6MT 2WD','2012款',2,1,151800,151800);
insert into t_car_model(cm_id , cs_id , cm_name,cm_type ,cm_order , cm_state , cm_min_price , cm_max_price) values(12762,564,'2012款 2.0XL 火 CVT 2WD','2012款',3,1,164800,164800);
insert into t_car_model(cm_id , cs_id , cm_name,cm_type ,cm_order , cm_state , cm_min_price , cm_max_price) values(12763,564,'2012款 2.0XV 雷 CVT 2WD','2012款',4,1,180800,180800);
insert into t_car_model(cm_id , cs_id , cm_name,cm_type ,cm_order , cm_state , cm_min_price , cm_max_price) values(12764,564,'2012款 2.0XV 虎 CVT 4WD','2012款',5,1,201800,201800);
insert into t_car_model(cm_id , cs_id , cm_name,cm_type ,cm_order , cm_state , cm_min_price , cm_max_price) values(12765,564,'2012款 2.0XV 龙 CVT 4WD','2012款',6,1,219800,219800);
insert into t_car_model(cm_id , cs_id , cm_name,cm_type ,cm_order , cm_state , cm_min_price , cm_max_price) values(9274,564,'2011款 1.6XE 风 5MT 2WD','2011款',1,1,139800,139800);
insert into t_car_model(cm_id , cs_id , cm_name,cm_type ,cm_order , cm_state , cm_min_price , cm_max_price) values(9277,564,'2011款 2.0XL 火 6MT 2WD','2011款',2,1,151800,151800);
insert into t_car_model(cm_id , cs_id , cm_name,cm_type ,cm_order , cm_state , cm_min_price , cm_max_price) values(9278,564,'2011款 2.0XL 火 CVT 2WD','2011款',3,1,164800,164800);
insert into t_car_model(cm_id , cs_id , cm_name,cm_type ,cm_order , cm_state , cm_min_price , cm_max_price) values(9279,564,'2011款 2.0XV 雷 CVT 2WD','2011款',4,1,180800,180800);
insert into t_car_model(cm_id , cs_id , cm_name,cm_type ,cm_order , cm_state , cm_min_price , cm_max_price) values(9280,564,'2011款 2.0XV 虎 CVT 4WD','2011款',5,1,201800,201800);
insert into t_car_model(cm_id , cs_id , cm_name,cm_type ,cm_order , cm_state , cm_min_price , cm_max_price) values(9248,564,'2011款 2.0XV 龙 CVT 4WD','2011款',6,1,219800,219800);
insert into t_car_model(cm_id , cs_id , cm_name,cm_type ,cm_order , cm_state , cm_min_price , cm_max_price) values(6287,564,'2010款 20S火 6MT 2WD','2010款',1,1,167800,167800);
insert into t_car_model(cm_id , cs_id , cm_name,cm_type ,cm_order , cm_state , cm_min_price , cm_max_price) values(6288,564,'2010款 20S火 CVT 2WD','2010款',2,1,177800,177800);
insert into t_car_model(cm_id , cs_id , cm_name,cm_type ,cm_order , cm_state , cm_min_price , cm_max_price) values(6291,564,'2010款 20X雷 CVT 2WD','2010款',3,1,188800,188800);
insert into t_car_model(cm_id , cs_id , cm_name,cm_type ,cm_order , cm_state , cm_min_price , cm_max_price) values(6293,564,'2010款 20XFOUR 虎 CVT 4WD','2010款',4,1,204800,204800);
insert into t_car_model(cm_id , cs_id , cm_name,cm_type ,cm_order , cm_state , cm_min_price , cm_max_price) values(6295,564,'2010款 20XFOUR 龙 CVT 4WD','2010款',5,1,219800,219800);
insert into t_car_model(cm_id , cs_id , cm_name,cm_type ,cm_order , cm_state , cm_min_price , cm_max_price) values(3716,564,'2008款 16G风 5MT 2WD','2008款',1,1,153800,153800);
insert into t_car_model(cm_id , cs_id , cm_name,cm_type ,cm_order , cm_state , cm_min_price , cm_max_price) values(3572,564,'2008款 20S火 6MT 2WD','2008款',2,1,167800,167800);
insert into t_car_model(cm_id , cs_id , cm_name,cm_type ,cm_order , cm_state , cm_min_price , cm_max_price) values(3573,564,'2008款 20S火 CVT 2WD','2008款',3,1,177800,177800);
insert into t_car_model(cm_id , cs_id , cm_name,cm_type ,cm_order , cm_state , cm_min_price , cm_max_price) values(3574,564,'2008款 20S炎 CVT 2WD','2008款',4,1,180800,180800);
insert into t_car_model(cm_id , cs_id , cm_name,cm_type ,cm_order , cm_state , cm_min_price , cm_max_price) values(3575,564,'2008款 20X雷 CVT 2WD','2008款',5,1,188800,188800);
insert into t_car_model(cm_id , cs_id , cm_name,cm_type ,cm_order , cm_state , cm_min_price , cm_max_price) values(3576,564,'2008款 20X虎 CVT 4WD','2008款',6,1,204800,204800);
insert into t_car_model(cm_id , cs_id , cm_name,cm_type ,cm_order , cm_state , cm_min_price , cm_max_price) values(3253,564,'2008款 20XV龙 CVT 4WD','2008款',7,1,219800,219800);
insert into t_car_series(cs_id,cbf_id,cs_name,cs_order,cs_letter) values(656,92,'奇骏',3866,'Q');
insert into t_car_model(cm_id , cs_id , cm_name,cm_type ,cm_order , cm_state , cm_min_price , cm_max_price) values(52437,656,'2021款 VC-Turbo 300 CVT 2WD时尚版','2021款',1,1,181900,181900);
insert into t_car_model(cm_id , cs_id , cm_name,cm_type ,cm_order , cm_state , cm_min_price , cm_max_price) values(52438,656,'2021款 VC-Turbo 300 CVT 2WD舒适版','2021款',2,1,191900,191900);
insert into t_car_model(cm_id , cs_id , cm_name,cm_type ,cm_order , cm_state , cm_min_price , cm_max_price) values(51914,656,'2021款 VC-Turbo 300 CVT 2WD豪华版','2021款',3,1,199900,199900);
insert into t_car_model(cm_id , cs_id , cm_name,cm_type ,cm_order , cm_state , cm_min_price , cm_max_price) values(52439,656,'2021款 VC-Turbo 300 CVT 2WD豪华版 7座','2021款',4,1,207900,207900);
insert into t_car_model(cm_id , cs_id , cm_name,cm_type ,cm_order , cm_state , cm_min_price , cm_max_price) values(51915,656,'2021款 VC-Turbo 300 CVT 4WD豪华版','2021款',5,1,212900,212900);
insert into t_car_model(cm_id , cs_id , cm_name,cm_type ,cm_order , cm_state , cm_min_price , cm_max_price) values(51814,656,'2021款 VC-Turbo 300 CVT 4WD尊享版','2021款',6,1,232900,232900);
insert into t_car_model(cm_id , cs_id , cm_name,cm_type ,cm_order , cm_state , cm_min_price , cm_max_price) values(52440,656,'2021款 VC-Turbo 300 CVT 4WD尊享版 7座','2021款',7,1,240900,240900);
insert into t_car_model(cm_id , cs_id , cm_name,cm_type ,cm_order , cm_state , cm_min_price , cm_max_price) values(50821,656,'2021款 VC-Turbo 300 CVT 4WD至尊版','2021款',8,1,262900,262900);
insert into t_car_model(cm_id , cs_id , cm_name,cm_type ,cm_order , cm_state , cm_min_price , cm_max_price) values(47144,656,'2021款 2.0L CVT 2WD XL ITS智联舒适版','2021款',9,1,199300,199300);
insert into t_car_model(cm_id , cs_id , cm_name,cm_type ,cm_order , cm_state , cm_min_price , cm_max_price) values(47146,656,'2021款 2.0L CVT 2WD XL Premium智联尊享版','2021款',10,1,202800,202800);
insert into t_car_model(cm_id , cs_id , cm_name,cm_type ,cm_order , cm_state , cm_min_price , cm_max_price) values(47148,656,'2021款 2.5L CVT 4WD XL ITS豪华领航版','2021款',11,1,244300,244300);
insert into t_car_model(cm_id , cs_id , cm_name,cm_type ,cm_order , cm_state , cm_min_price , cm_max_price) values(47104,656,'2021款 2.0L CVT 2WD XE时尚版','2021款',12,1,188800,188800);
insert into t_car_model(cm_id , cs_id , cm_name,cm_type ,cm_order , cm_state , cm_min_price , cm_max_price) values(48562,656,'2021款 2.0L CVT 2WD XL ITS舒适纪念版','2021款',13,1,195800,195800);
insert into t_car_model(cm_id , cs_id , cm_name,cm_type ,cm_order , cm_state , cm_min_price , cm_max_price) values(48563,656,'2021款 2.0L CVT 2WD XL Premium尊享纪念版','2021款',14,1,199300,199300);
insert into t_car_model(cm_id , cs_id , cm_name,cm_type ,cm_order , cm_state , cm_min_price , cm_max_price) values(47145,656,'2021款 2.0L CVT 2WD XL ITS 3rows智联七座舒适版','2021款',15,1,207300,207300);
insert into t_car_model(cm_id , cs_id , cm_name,cm_type ,cm_order , cm_state , cm_min_price , cm_max_price) values(47147,656,'2021款 2.5L CVT 4WD XL智联领先版','2021款',16,1,231300,231300);
insert into t_car_model(cm_id , cs_id , cm_name,cm_type ,cm_order , cm_state , cm_min_price , cm_max_price) values(48564,656,'2021款 2.5L CVT 4WD XL ITS豪华纪念版','2021款',17,1,244300,244300);
insert into t_car_model(cm_id , cs_id , cm_name,cm_type ,cm_order , cm_state , cm_min_price , cm_max_price) values(47149,656,'2021款 2.5L CVT 4WD XL ITS 3rows七座豪华领航版','2021款',18,1,247300,247300);
insert into t_car_model(cm_id , cs_id , cm_name,cm_type ,cm_order , cm_state , cm_min_price , cm_max_price) values(47150,656,'2021款 2.5L CVT 4WD XV Premium至尊领航版','2021款',19,1,273300,273300);
insert into t_car_model(cm_id , cs_id , cm_name,cm_type ,cm_order , cm_state , cm_min_price , cm_max_price) values(41928,656,'2020款 2.0L XE CVT 2WD时尚版','2020款',1,1,188800,188800);
insert into t_car_model(cm_id , cs_id , cm_name,cm_type ,cm_order , cm_state , cm_min_price , cm_max_price) values(41929,656,'2020款 2.0L XL ITS CVT 2WD智联舒适版','2020款',2,1,199300,199300);
insert into t_car_model(cm_id , cs_id , cm_name,cm_type ,cm_order , cm_state , cm_min_price , cm_max_price) values(41931,656,'2020款 2.0L XL ITS 3rows CVT 2WD智联七座舒适版','2020款',3,1,207300,207300);
insert into t_car_model(cm_id , cs_id , cm_name,cm_type ,cm_order , cm_state , cm_min_price , cm_max_price) values(41930,656,'2020款 2.0L XL Premium CVT 2WD智联尊享版','2020款',4,1,202800,202800);
insert into t_car_model(cm_id , cs_id , cm_name,cm_type ,cm_order , cm_state , cm_min_price , cm_max_price) values(41932,656,'2020款 2.5L XL CVT 4WD智联领先版','2020款',5,1,231300,231300);
insert into t_car_model(cm_id , cs_id , cm_name,cm_type ,cm_order , cm_state , cm_min_price , cm_max_price) values(41933,656,'2020款  2.5L XL ITS CVT 4WD豪华领航版','2020款',6,1,244300,244300);
insert into t_car_model(cm_id , cs_id , cm_name,cm_type ,cm_order , cm_state , cm_min_price , cm_max_price) values(41934,656,'2020款 2.5L XL ITS 3rows CVT 4WD七座豪华领航版','2020款',7,1,247300,247300);
insert into t_car_model(cm_id , cs_id , cm_name,cm_type ,cm_order , cm_state , cm_min_price , cm_max_price) values(41935,656,'2020款 2.5L XV Premium CVT 4WD至尊领航版','2020款',8,1,273300,273300);
insert into t_car_model(cm_id , cs_id , cm_name,cm_type ,cm_order , cm_state , cm_min_price , cm_max_price) values(35475,656,'2019款 2.0L CVT时尚版 2WD','2019款',1,1,188800,188800);
insert into t_car_model(cm_id , cs_id , cm_name,cm_type ,cm_order , cm_state , cm_min_price , cm_max_price) values(35476,656,'2019款 2.0L CVT舒适版 2WD','2019款',2,1,196800,196800);
insert into t_car_model(cm_id , cs_id , cm_name,cm_type ,cm_order , cm_state , cm_min_price , cm_max_price) values(36404,656,'2019款 2.0L CVT智联舒适版 2WD','2019款',3,1,199300,199300);
insert into t_car_model(cm_id , cs_id , cm_name,cm_type ,cm_order , cm_state , cm_min_price , cm_max_price) values(35477,656,'2019款 2.0L CVT七座舒适版 2WD','2019款',4,1,204800,204800);
insert into t_car_model(cm_id , cs_id , cm_name,cm_type ,cm_order , cm_state , cm_min_price , cm_max_price) values(36405,656,'2019款 2.0L CVT智联七座舒适版 2WD','2019款',5,1,207300,207300);
insert into t_car_model(cm_id , cs_id , cm_name,cm_type ,cm_order , cm_state , cm_min_price , cm_max_price) values(35478,656,'2019款 2.5L CVT智联领先版 4WD','2019款',6,1,231300,231300);
insert into t_car_model(cm_id , cs_id , cm_name,cm_type ,cm_order , cm_state , cm_min_price , cm_max_price) values(35479,656,'2019款 2.5L CVT智联七座领先版 4WD','2019款',7,1,239300,239300);
insert into t_car_model(cm_id , cs_id , cm_name,cm_type ,cm_order , cm_state , cm_min_price , cm_max_price) values(35480,656,'2019款 2.5L CVT智联豪华版 4WD','2019款',8,1,242300,242300);
insert into t_car_model(cm_id , cs_id , cm_name,cm_type ,cm_order , cm_state , cm_min_price , cm_max_price) values(35481,656,'2019款 2.5L CVT智联至尊版 4WD','2019款',9,1,271300,271300);
insert into t_car_model(cm_id , cs_id , cm_name,cm_type ,cm_order , cm_state , cm_min_price , cm_max_price) values(30034,656,'2017款 2.0L 手动经典版 2WD','2017款',1,1,179800,179800);
insert into t_car_model(cm_id , cs_id , cm_name,cm_type ,cm_order , cm_state , cm_min_price , cm_max_price) values(29995,656,'2017款 2.0L CVT时尚版 2WD','2017款',2,1,188800,188800);
insert into t_car_model(cm_id , cs_id , cm_name,cm_type ,cm_order , cm_state , cm_min_price , cm_max_price) values(29994,656,'2017款 2.0L CVT舒适版 2WD','2017款',3,1,196800,196800);
insert into t_car_model(cm_id , cs_id , cm_name,cm_type ,cm_order , cm_state , cm_min_price , cm_max_price) values(29993,656,'2017款 2.0L CVT七座舒适版 2WD','2017款',4,1,204800,204800);
insert into t_car_model(cm_id , cs_id , cm_name,cm_type ,cm_order , cm_state , cm_min_price , cm_max_price) values(29992,656,'2017款 2.0L CVT智享版 2WD','2017款',5,1,202800,202800);
insert into t_car_model(cm_id , cs_id , cm_name,cm_type ,cm_order , cm_state , cm_min_price , cm_max_price) values(29991,656,'2017款 2.5L CVT领先版 4WD','2017款',6,1,228800,228800);
insert into t_car_model(cm_id , cs_id , cm_name,cm_type ,cm_order , cm_state , cm_min_price , cm_max_price) values(29990,656,'2017款 2.5L CVT七座领先版 4WD','2017款',7,1,235800,235800);
insert into t_car_model(cm_id , cs_id , cm_name,cm_type ,cm_order , cm_state , cm_min_price , cm_max_price) values(29989,656,'2017款 2.5L CVT豪华版 4WD','2017款',8,1,239800,239800);
insert into t_car_model(cm_id , cs_id , cm_name,cm_type ,cm_order , cm_state , cm_min_price , cm_max_price) values(29897,656,'2017款 2.5L CVT至尊版 4WD','2017款',9,1,268800,268800);
insert into t_car_model(cm_id , cs_id , cm_name,cm_type ,cm_order , cm_state , cm_min_price , cm_max_price) values(25840,656,'2016款 2.0L CVT智享版 4WD','2016款',1,1,209800,209800);
insert into t_car_model(cm_id , cs_id , cm_name,cm_type ,cm_order , cm_state , cm_min_price , cm_max_price) values(27567,656,'2016款 2.5L CVT运动版 4WD','2016款',2,1,247800,247800);
insert into t_car_model(cm_id , cs_id , cm_name,cm_type ,cm_order , cm_state , cm_min_price , cm_max_price) values(23279,656,'2015款 2.0L CVT舒适MAX版 2WD','2015款',1,1,202800,202800);
insert into t_car_model(cm_id , cs_id , cm_name,cm_type ,cm_order , cm_state , cm_min_price , cm_max_price) values(23280,656,'2015款 2.5L CVT领先MAX版 4WD','2015款',2,1,234800,234800);
insert into t_car_model(cm_id , cs_id , cm_name,cm_type ,cm_order , cm_state , cm_min_price , cm_max_price) values(18354,656,'2014款 2.0L 手动时尚版 2WD','2014款',1,1,181800,181800);
insert into t_car_model(cm_id , cs_id , cm_name,cm_type ,cm_order , cm_state , cm_min_price , cm_max_price) values(18353,656,'2014款 2.0L CVT时尚版 2WD','2014款',2,1,188800,188800);
insert into t_car_model(cm_id , cs_id , cm_name,cm_type ,cm_order , cm_state , cm_min_price , cm_max_price) values(18350,656,'2014款 2.0L CVT智驱版 4WD','2014款',3,1,218800,218800);
insert into t_car_model(cm_id , cs_id , cm_name,cm_type ,cm_order , cm_state , cm_min_price , cm_max_price) values(18352,656,'2014款 2.0L CVT舒适版 2WD','2014款',4,1,196800,196800);
insert into t_car_model(cm_id , cs_id , cm_name,cm_type ,cm_order , cm_state , cm_min_price , cm_max_price) values(18351,656,'2014款 2.0L CVT智领版 2WD','2014款',5,1,209800,209800);
insert into t_car_model(cm_id , cs_id , cm_name,cm_type ,cm_order , cm_state , cm_min_price , cm_max_price) values(18349,656,'2014款 2.5L CVT领先版 4WD','2014款',6,1,228800,228800);
insert into t_car_model(cm_id , cs_id , cm_name,cm_type ,cm_order , cm_state , cm_min_price , cm_max_price) values(18348,656,'2014款 2.5L CVT豪华版 4WD','2014款',7,1,238800,238800);
insert into t_car_model(cm_id , cs_id , cm_name,cm_type ,cm_order , cm_state , cm_min_price , cm_max_price) values(18347,656,'2014款 2.5L CVT尊享版 4WD','2014款',8,1,250800,250800);
insert into t_car_model(cm_id , cs_id , cm_name,cm_type ,cm_order , cm_state , cm_min_price , cm_max_price) values(17986,656,'2014款 2.5L CVT至尊版 4WD','2014款',9,1,267800,267800);
insert into t_car_model(cm_id , cs_id , cm_name,cm_type ,cm_order , cm_state , cm_min_price , cm_max_price) values(11357,656,'2012款 2.0L 手动舒适版 4WD','2012款',1,1,207800,207800);
insert into t_car_model(cm_id , cs_id , cm_name,cm_type ,cm_order , cm_state , cm_min_price , cm_max_price) values(11358,656,'2012款 2.0L CVT舒适版 4WD','2012款',2,1,217800,217800);
insert into t_car_model(cm_id , cs_id , cm_name,cm_type ,cm_order , cm_state , cm_min_price , cm_max_price) values(11359,656,'2012款 2.5L 手动豪华版 4WD','2012款',3,1,229800,229800);
insert into t_car_model(cm_id , cs_id , cm_name,cm_type ,cm_order , cm_state , cm_min_price , cm_max_price) values(11360,656,'2012款 2.5L CVT豪华版 4WD','2012款',4,1,239800,239800);
insert into t_car_model(cm_id , cs_id , cm_name,cm_type ,cm_order , cm_state , cm_min_price , cm_max_price) values(11361,656,'2012款 2.5L CVT旗舰版 4WD','2012款',5,1,258800,258800);
insert into t_car_model(cm_id , cs_id , cm_name,cm_type ,cm_order , cm_state , cm_min_price , cm_max_price) values(11362,656,'2012款 2.5L CVT尊享版 4WD','2012款',6,1,269800,269800);
insert into t_car_model(cm_id , cs_id , cm_name,cm_type ,cm_order , cm_state , cm_min_price , cm_max_price) values(11254,656,'2012款 2.5L CVT至尊版 4WD','2012款',7,1,269800,269800);
insert into t_car_model(cm_id , cs_id , cm_name,cm_type ,cm_order , cm_state , cm_min_price , cm_max_price) values(6289,656,'2010款 2.0L 手动舒适版 4WD','2010款',1,1,207800,207800);
insert into t_car_model(cm_id , cs_id , cm_name,cm_type ,cm_order , cm_state , cm_min_price , cm_max_price) values(6290,656,'2010款 2.0L CVT舒适版 4WD','2010款',2,1,217800,217800);
insert into t_car_model(cm_id , cs_id , cm_name,cm_type ,cm_order , cm_state , cm_min_price , cm_max_price) values(6292,656,'2010款 2.5L 手动豪华版 4WD','2010款',3,1,229800,229800);
insert into t_car_model(cm_id , cs_id , cm_name,cm_type ,cm_order , cm_state , cm_min_price , cm_max_price) values(6294,656,'2010款 2.5L CVT豪华版 4WD','2010款',4,1,239800,239800);
insert into t_car_model(cm_id , cs_id , cm_name,cm_type ,cm_order , cm_state , cm_min_price , cm_max_price) values(6296,656,'2010款 2.5L CVT旗舰版 4WD','2010款',5,1,258800,258800);
insert into t_car_model(cm_id , cs_id , cm_name,cm_type ,cm_order , cm_state , cm_min_price , cm_max_price) values(6297,656,'2010款 2.5L CVT至尊版 4WD','2010款',6,1,269800,269800);
insert into t_car_model(cm_id , cs_id , cm_name,cm_type ,cm_order , cm_state , cm_min_price , cm_max_price) values(4335,656,'2008款 2.0L XE MT 4WD','2008款',1,1,207800,207800);
insert into t_car_model(cm_id , cs_id , cm_name,cm_type ,cm_order , cm_state , cm_min_price , cm_max_price) values(4356,656,'2008款 2.0L XE CVT 4WD','2008款',2,1,217800,217800);
insert into t_car_model(cm_id , cs_id , cm_name,cm_type ,cm_order , cm_state , cm_min_price , cm_max_price) values(4357,656,'2008款 2.5L XL MT 4WD','2008款',3,1,229800,229800);
insert into t_car_model(cm_id , cs_id , cm_name,cm_type ,cm_order , cm_state , cm_min_price , cm_max_price) values(4358,656,'2008款 2.5L XL CVT 4WD','2008款',4,1,239800,239800);
insert into t_car_model(cm_id , cs_id , cm_name,cm_type ,cm_order , cm_state , cm_min_price , cm_max_price) values(4359,656,'2008款 2.5L XV CVT 4WD','2008款',5,1,258800,258800);
insert into t_car_series(cs_id,cbf_id,cs_name,cs_order,cs_letter) values(6517,92,'奇骏・荣耀',3867,'Q');
insert into t_car_model(cm_id , cs_id , cm_name,cm_type ,cm_order , cm_state , cm_min_price , cm_max_price) values(54432,6517,'2022款 2.0L 两驱智联舒享版','2022款',1,1,189300,189300);
insert into t_car_model(cm_id , cs_id , cm_name,cm_type ,cm_order , cm_state , cm_min_price , cm_max_price) values(54407,6517,'2022款 2.0L 两驱智联臻享版','2022款',2,1,192800,192800);
insert into t_car_series(cs_id,cbf_id,cs_name,cs_order,cs_letter) values(2381,92,'楼兰',3868,'L');
insert into t_car_model(cm_id , cs_id , cm_name,cm_type ,cm_order , cm_state , cm_min_price , cm_max_price) values(47164,2381,'2021款 2.5L XE 两驱精英版','2021款',1,1,238800,238800);
insert into t_car_model(cm_id , cs_id , cm_name,cm_type ,cm_order , cm_state , cm_min_price , cm_max_price) values(47163,2381,'2021款 2.5L XL 两驱智联豪华版','2021款',2,1,271300,271300);
insert into t_car_model(cm_id , cs_id , cm_name,cm_type ,cm_order , cm_state , cm_min_price , cm_max_price) values(47162,2381,'2021款 2.5L XL Plus 两驱智联领先版','2021款',3,1,283800,283800);
insert into t_car_model(cm_id , cs_id , cm_name,cm_type ,cm_order , cm_state , cm_min_price , cm_max_price) values(47161,2381,'2021款 2.5 S/C HEV XE 四驱混动智联尊尚版','2021款',4,1,300300,300300);
insert into t_car_model(cm_id , cs_id , cm_name,cm_type ,cm_order , cm_state , cm_min_price , cm_max_price) values(47160,2381,'2021款 2.5 S/C HEV XL 四驱混动智联尊贵版','2021款',5,1,336300,336300);
insert into t_car_model(cm_id , cs_id , cm_name,cm_type ,cm_order , cm_state , cm_min_price , cm_max_price) values(47003,2381,'2021款 2.5 S/C HEV XV 四驱混动智联旗舰版','2021款',6,1,375800,375800);
insert into t_car_model(cm_id , cs_id , cm_name,cm_type ,cm_order , cm_state , cm_min_price , cm_max_price) values(35283,2381,'2019款 2.5L XE 两驱精英版 国V','2019款',1,1,238800,238800);
insert into t_car_model(cm_id , cs_id , cm_name,cm_type ,cm_order , cm_state , cm_min_price , cm_max_price) values(35284,2381,'2019款 2.5L XL 两驱智联豪华版 国V','2019款',2,1,271300,271300);
insert into t_car_model(cm_id , cs_id , cm_name,cm_type ,cm_order , cm_state , cm_min_price , cm_max_price) values(35285,2381,'2019款 2.5L XL Plus 两驱智联领先版 国V','2019款',3,1,283800,283800);
insert into t_car_model(cm_id , cs_id , cm_name,cm_type ,cm_order , cm_state , cm_min_price , cm_max_price) values(35286,2381,'2019款 2.5 S/C HEV XE 四驱混动智联尊尚版 国V','2019款',4,1,300300,300300);
insert into t_car_model(cm_id , cs_id , cm_name,cm_type ,cm_order , cm_state , cm_min_price , cm_max_price) values(35287,2381,'2019款 2.5 S/C HEV XL 四驱混动智联尊贵版 国V','2019款',5,1,336300,336300);
insert into t_car_model(cm_id , cs_id , cm_name,cm_type ,cm_order , cm_state , cm_min_price , cm_max_price) values(35288,2381,'2019款 2.5 S/C HEV XV 四驱混动智联旗舰版 国V','2019款',6,1,375800,375800);
insert into t_car_model(cm_id , cs_id , cm_name,cm_type ,cm_order , cm_state , cm_min_price , cm_max_price) values(38420,2381,'2019款 2.5L XE 两驱精英版 国VI','2019款',7,1,238800,238800);
insert into t_car_model(cm_id , cs_id , cm_name,cm_type ,cm_order , cm_state , cm_min_price , cm_max_price) values(38421,2381,'2019款 2.5L XL 两驱智联豪华版 国VI','2019款',8,1,271300,271300);
insert into t_car_model(cm_id , cs_id , cm_name,cm_type ,cm_order , cm_state , cm_min_price , cm_max_price) values(38422,2381,'2019款 2.5L XL Plus 两驱智联领先版 国VI','2019款',9,1,283800,283800);
insert into t_car_model(cm_id , cs_id , cm_name,cm_type ,cm_order , cm_state , cm_min_price , cm_max_price) values(38423,2381,'2019款 2.5 S/C HEV XE 四驱混动智联尊尚版 国VI','2019款',10,1,300300,300300);
insert into t_car_model(cm_id , cs_id , cm_name,cm_type ,cm_order , cm_state , cm_min_price , cm_max_price) values(38424,2381,'2019款 2.5 S/C HEV XL 四驱混动智联尊贵版 国VI','2019款',11,1,336300,336300);
insert into t_car_model(cm_id , cs_id , cm_name,cm_type ,cm_order , cm_state , cm_min_price , cm_max_price) values(38425,2381,'2019款 2.5 S/C HEV XV 四驱混动智联旗舰版 国VI','2019款',12,1,375800,375800);
insert into t_car_model(cm_id , cs_id , cm_name,cm_type ,cm_order , cm_state , cm_min_price , cm_max_price) values(29476,2381,'2017款 2.5L XE 两驱精英版','2017款',1,1,238800,238800);
insert into t_car_model(cm_id , cs_id , cm_name,cm_type ,cm_order , cm_state , cm_min_price , cm_max_price) values(29477,2381,'2017款 2.5L XL 两驱智尚版','2017款',2,1,268800,268800);
insert into t_car_model(cm_id , cs_id , cm_name,cm_type ,cm_order , cm_state , cm_min_price , cm_max_price) values(29478,2381,'2017款 2.5L XL NAVI Plus 两驱智领版','2017款',3,1,291800,291800);
insert into t_car_model(cm_id , cs_id , cm_name,cm_type ,cm_order , cm_state , cm_min_price , cm_max_price) values(29479,2381,'2017款 2.5 S/C HEV XE 四驱混动尊尚版','2017款',4,1,297800,297800);
insert into t_car_model(cm_id , cs_id , cm_name,cm_type ,cm_order , cm_state , cm_min_price , cm_max_price) values(29480,2381,'2017款 2.5 S/C HEV XL 四驱混动尊贵版','2017款',5,1,333800,333800);
insert into t_car_model(cm_id , cs_id , cm_name,cm_type ,cm_order , cm_state , cm_min_price , cm_max_price) values(29481,2381,'2017款 2.5 S/C HEV XV 四驱混动旗舰版','2017款',6,1,379800,379800);
insert into t_car_model(cm_id , cs_id , cm_name,cm_type ,cm_order , cm_state , cm_min_price , cm_max_price) values(25841,2381,'2016款 2.5 S/C HEV XL 两驱混动尊锐版','2016款',1,1,312800,312800);
insert into t_car_model(cm_id , cs_id , cm_name,cm_type ,cm_order , cm_state , cm_min_price , cm_max_price) values(25842,2381,'2016款 2.5 S/C HEV XL 四驱混动尊贵版','2016款',2,1,333800,333800);
insert into t_car_model(cm_id , cs_id , cm_name,cm_type ,cm_order , cm_state , cm_min_price , cm_max_price) values(23165,2381,'2015款 2.5L XE 两驱精英版','2015款',1,1,238800,238800);
insert into t_car_model(cm_id , cs_id , cm_name,cm_type ,cm_order , cm_state , cm_min_price , cm_max_price) values(23164,2381,'2015款 2.5L XL 两驱智尚版','2015款',2,1,268800,268800);
insert into t_car_model(cm_id , cs_id , cm_name,cm_type ,cm_order , cm_state , cm_min_price , cm_max_price) values(23473,2381,'2015款 2.5L XL NAVI 两驱智享版','2015款',3,1,286800,286800);
insert into t_car_model(cm_id , cs_id , cm_name,cm_type ,cm_order , cm_state , cm_min_price , cm_max_price) values(23474,2381,'2015款 2.5L XL NAVI Plus 两驱智领版','2015款',4,1,291800,291800);
insert into t_car_model(cm_id , cs_id , cm_name,cm_type ,cm_order , cm_state , cm_min_price , cm_max_price) values(23475,2381,'2015款 2.5L XV RES 两驱豪华版','2015款',5,1,296800,296800);
insert into t_car_model(cm_id , cs_id , cm_name,cm_type ,cm_order , cm_state , cm_min_price , cm_max_price) values(23476,2381,'2015款 2.5L XV RES Plus 两驱豪雅版','2015款',6,1,301800,301800);
insert into t_car_model(cm_id , cs_id , cm_name,cm_type ,cm_order , cm_state , cm_min_price , cm_max_price) values(23477,2381,'2015款 2.5 S/C HEV XE 两驱混动尊享版','2015款',7,1,297800,297800);
insert into t_car_model(cm_id , cs_id , cm_name,cm_type ,cm_order , cm_state , cm_min_price , cm_max_price) values(22314,2381,'2015款 2.5 S/C HEV XL 两驱混动尊雅版','2015款',8,1,325800,325800);
insert into t_car_model(cm_id , cs_id , cm_name,cm_type ,cm_order , cm_state , cm_min_price , cm_max_price) values(23163,2381,'2015款 2.5 S/C HEV XV 四驱混动旗舰版','2015款',9,1,379800,379800);
insert into t_car_model(cm_id , cs_id , cm_name,cm_type ,cm_order , cm_state , cm_min_price , cm_max_price) values(15881,2381,'2013款 3.5L CVT 荣耀版','2013款',1,1,365800,365800);
insert into t_car_model(cm_id , cs_id , cm_name,cm_type ,cm_order , cm_state , cm_min_price , cm_max_price) values(10471,2381,'2011款 3.5L CVT','2011款',1,1,488800,488800);
insert into t_car_series(cs_id,cbf_id,cs_name,cs_order,cs_letter) values(2086,92,'玛驰',3869,'M');
insert into t_car_model(cm_id , cs_id , cm_name,cm_type ,cm_order , cm_state , cm_min_price , cm_max_price) values(20983,2086,'2015款 1.2L 手动易享版','2015款',1,1,59800,59800);
insert into t_car_model(cm_id , cs_id , cm_name,cm_type ,cm_order , cm_state , cm_min_price , cm_max_price) values(20984,2086,'2015款 1.5L 自动易型版','2015款',2,1,72800,72800);
insert into t_car_model(cm_id , cs_id , cm_name,cm_type ,cm_order , cm_state , cm_min_price , cm_max_price) values(20985,2086,'2015款 1.5L 手动易炫版','2015款',3,1,70900,70900);
insert into t_car_model(cm_id , cs_id , cm_name,cm_type ,cm_order , cm_state , cm_min_price , cm_max_price) values(20987,2086,'2015款 1.5L 自动易炫版','2015款',4,1,78500,78500);
insert into t_car_model(cm_id , cs_id , cm_name,cm_type ,cm_order , cm_state , cm_min_price , cm_max_price) values(20895,2086,'2015款 1.5L 自动易智版','2015款',5,1,87500,87500);
insert into t_car_model(cm_id , cs_id , cm_name,cm_type ,cm_order , cm_state , cm_min_price , cm_max_price) values(8175,2086,'2010款 1.5L 手动易型版','2010款',1,1,66900,66900);
insert into t_car_model(cm_id , cs_id , cm_name,cm_type ,cm_order , cm_state , cm_min_price , cm_max_price) values(7410,2086,'2010款 1.5L 手动易炫版','2010款',2,1,70900,70900);
insert into t_car_model(cm_id , cs_id , cm_name,cm_type ,cm_order , cm_state , cm_min_price , cm_max_price) values(8174,2086,'2010款 1.5L 自动易炫版','2010款',3,1,78500,78500);
insert into t_car_model(cm_id , cs_id , cm_name,cm_type ,cm_order , cm_state , cm_min_price , cm_max_price) values(8176,2086,'2010款 1.5L 自动易智版','2010款',4,1,87500,87500);
insert into t_car_series(cs_id,cbf_id,cs_name,cs_order,cs_letter) values(522,92,'骊威',3870,'L');
insert into t_car_model(cm_id , cs_id , cm_name,cm_type ,cm_order , cm_state , cm_min_price , cm_max_price) values(30467,522,'2015款 1.6XE 手动舒适版','2015款',1,1,85800,85800);
insert into t_car_model(cm_id , cs_id , cm_name,cm_type ,cm_order , cm_state , cm_min_price , cm_max_price) values(30469,522,'2015款 1.6XE 手动舒适互联版','2015款',2,1,88200,88200);
insert into t_car_model(cm_id , cs_id , cm_name,cm_type ,cm_order , cm_state , cm_min_price , cm_max_price) values(30468,522,'2015款 1.6XE CVT舒适版','2015款',3,1,95800,95800);
insert into t_car_model(cm_id , cs_id , cm_name,cm_type ,cm_order , cm_state , cm_min_price , cm_max_price) values(30470,522,'2015款 1.6XE CVT舒适互联版','2015款',4,1,98200,98200);
insert into t_car_model(cm_id , cs_id , cm_name,cm_type ,cm_order , cm_state , cm_min_price , cm_max_price) values(30471,522,'2015款 1.6XL 手动豪华版','2015款',5,1,95800,95800);
insert into t_car_model(cm_id , cs_id , cm_name,cm_type ,cm_order , cm_state , cm_min_price , cm_max_price) values(30472,522,'2015款 1.6XL CVT豪华版','2015款',6,1,105800,105800);
insert into t_car_model(cm_id , cs_id , cm_name,cm_type ,cm_order , cm_state , cm_min_price , cm_max_price) values(22761,522,'2015款 1.6XL CVT豪华真皮版','2015款',7,1,101800,101800);
insert into t_car_model(cm_id , cs_id , cm_name,cm_type ,cm_order , cm_state , cm_min_price , cm_max_price) values(30473,522,'2015款 劲锐 1.6XV 手动豪华版','2015款',8,1,107200,107200);
insert into t_car_model(cm_id , cs_id , cm_name,cm_type ,cm_order , cm_state , cm_min_price , cm_max_price) values(22760,522,'2015款 劲锐 1.6XV CVT酷咖版','2015款',9,1,111800,111800);
insert into t_car_model(cm_id , cs_id , cm_name,cm_type ,cm_order , cm_state , cm_min_price , cm_max_price) values(30474,522,'2015款 劲锐 1.6XV CVT豪华版','2015款',10,1,117200,117200);
insert into t_car_model(cm_id , cs_id , cm_name,cm_type ,cm_order , cm_state , cm_min_price , cm_max_price) values(15541,522,'2013款 1.6XE 手动舒适版','2013款',1,1,85800,85800);
insert into t_car_model(cm_id , cs_id , cm_name,cm_type ,cm_order , cm_state , cm_min_price , cm_max_price) values(15542,522,'2013款 1.6XE CVT舒适版','2013款',2,1,95800,95800);
insert into t_car_model(cm_id , cs_id , cm_name,cm_type ,cm_order , cm_state , cm_min_price , cm_max_price) values(15539,522,'2013款 1.6XL 手动豪华版','2013款',3,1,95800,95800);
insert into t_car_model(cm_id , cs_id , cm_name,cm_type ,cm_order , cm_state , cm_min_price , cm_max_price) values(15540,522,'2013款 1.6XL CVT豪华版','2013款',4,1,105800,105800);
insert into t_car_model(cm_id , cs_id , cm_name,cm_type ,cm_order , cm_state , cm_min_price , cm_max_price) values(15538,522,'2013款 劲锐 1.6XL 手动舒适版','2013款',5,1,97800,97800);
insert into t_car_model(cm_id , cs_id , cm_name,cm_type ,cm_order , cm_state , cm_min_price , cm_max_price) values(15537,522,'2013款 劲锐 1.6XL CVT舒适版','2013款',6,1,107800,107800);
insert into t_car_model(cm_id , cs_id , cm_name,cm_type ,cm_order , cm_state , cm_min_price , cm_max_price) values(15536,522,'2013款 劲锐 1.6XV 手动豪华版','2013款',7,1,107200,107200);
insert into t_car_model(cm_id , cs_id , cm_name,cm_type ,cm_order , cm_state , cm_min_price , cm_max_price) values(14436,522,'2013款 劲锐 1.6XV CVT豪华版','2013款',8,1,117200,117200);
insert into t_car_model(cm_id , cs_id , cm_name,cm_type ,cm_order , cm_state , cm_min_price , cm_max_price) values(7387,522,'2010款 劲悦版 1.6L 自动炫能型','2010款',1,1,111800,111800);
insert into t_car_model(cm_id , cs_id , cm_name,cm_type ,cm_order , cm_state , cm_min_price , cm_max_price) values(7395,522,'2010款 劲锐版 1.6L 手动标准型','2010款',2,1,99800,99800);
insert into t_car_model(cm_id , cs_id , cm_name,cm_type ,cm_order , cm_state , cm_min_price , cm_max_price) values(7396,522,'2010款 劲锐版 1.6L 自动标准型','2010款',3,1,109800,109800);
insert into t_car_model(cm_id , cs_id , cm_name,cm_type ,cm_order , cm_state , cm_min_price , cm_max_price) values(7397,522,'2010款 劲锐版 1.6L 手动智能型','2010款',4,1,102800,102800);
insert into t_car_model(cm_id , cs_id , cm_name,cm_type ,cm_order , cm_state , cm_min_price , cm_max_price) values(7398,522,'2010款 劲锐版 1.6L 自动智能型','2010款',5,1,112800,112800);
insert into t_car_model(cm_id , cs_id , cm_name,cm_type ,cm_order , cm_state , cm_min_price , cm_max_price) values(7399,522,'2010款 劲锐版 1.6L 自动智能高配型','2010款',6,1,116800,116800);
insert into t_car_model(cm_id , cs_id , cm_name,cm_type ,cm_order , cm_state , cm_min_price , cm_max_price) values(7391,522,'2010款 劲悦版 1.6L 手动全能型','2010款',7,1,85800,85800);
insert into t_car_model(cm_id , cs_id , cm_name,cm_type ,cm_order , cm_state , cm_min_price , cm_max_price) values(7392,522,'2010款 劲悦版 1.6L 自动全能型','2010款',8,1,95800,95800);
insert into t_car_model(cm_id , cs_id , cm_name,cm_type ,cm_order , cm_state , cm_min_price , cm_max_price) values(7393,522,'2010款 劲悦版 1.6L 手动超能型','2010款',9,1,95800,95800);
insert into t_car_model(cm_id , cs_id , cm_name,cm_type ,cm_order , cm_state , cm_min_price , cm_max_price) values(7394,522,'2010款 劲悦版 1.6L 自动超能型','2010款',10,1,105800,105800);
insert into t_car_model(cm_id , cs_id , cm_name,cm_type ,cm_order , cm_state , cm_min_price , cm_max_price) values(7411,522,'2010款 劲逸版 1.8L 手动标准型','2010款',11,1,119800,119800);
insert into t_car_model(cm_id , cs_id , cm_name,cm_type ,cm_order , cm_state , cm_min_price , cm_max_price) values(7412,522,'2010款 劲逸版 1.8L 自动标准型','2010款',12,1,129800,129800);
insert into t_car_model(cm_id , cs_id , cm_name,cm_type ,cm_order , cm_state , cm_min_price , cm_max_price) values(6858,522,'2009款 1.6L 手动全能型','2009款',1,1,85800,85800);
insert into t_car_model(cm_id , cs_id , cm_name,cm_type ,cm_order , cm_state , cm_min_price , cm_max_price) values(6859,522,'2009款 1.6L 自动全能型','2009款',2,1,95800,95800);
insert into t_car_model(cm_id , cs_id , cm_name,cm_type ,cm_order , cm_state , cm_min_price , cm_max_price) values(3780,522,'2008款 1.6L 自动炫能型','2008款',1,1,106800,106800);
insert into t_car_model(cm_id , cs_id , cm_name,cm_type ,cm_order , cm_state , cm_min_price , cm_max_price) values(3781,522,'2008款 劲锐 1.6L 手动标准版','2008款',2,1,99800,99800);
insert into t_car_model(cm_id , cs_id , cm_name,cm_type ,cm_order , cm_state , cm_min_price , cm_max_price) values(3782,522,'2008款 劲锐 1.6L 自动标准版','2008款',3,1,109800,109800);
insert into t_car_model(cm_id , cs_id , cm_name,cm_type ,cm_order , cm_state , cm_min_price , cm_max_price) values(3783,522,'2008款 劲锐 1.6L 手动智能版','2008款',4,1,102800,102800);
insert into t_car_model(cm_id , cs_id , cm_name,cm_type ,cm_order , cm_state , cm_min_price , cm_max_price) values(3784,522,'2008款 劲锐 1.6L 自动智能版','2008款',5,1,112800,112800);
insert into t_car_model(cm_id , cs_id , cm_name,cm_type ,cm_order , cm_state , cm_min_price , cm_max_price) values(3779,522,'2008款 1.6L 手动炫能型','2008款',6,1,96800,96800);
insert into t_car_model(cm_id , cs_id , cm_name,cm_type ,cm_order , cm_state , cm_min_price , cm_max_price) values(2938,522,'2007款 1.6L 手动多能型','2007款',1,1,79800,79800);
insert into t_car_model(cm_id , cs_id , cm_name,cm_type ,cm_order , cm_state , cm_min_price , cm_max_price) values(2939,522,'2007款 1.6L 自动多能型','2007款',2,1,89800,89800);
insert into t_car_model(cm_id , cs_id , cm_name,cm_type ,cm_order , cm_state , cm_min_price , cm_max_price) values(3437,522,'2007款 改款 1.6L 手动多能型','2007款',3,1,82800,82800);
insert into t_car_model(cm_id , cs_id , cm_name,cm_type ,cm_order , cm_state , cm_min_price , cm_max_price) values(3438,522,'2007款 改款 1.6L 自动多能型','2007款',4,1,92800,92800);
insert into t_car_model(cm_id , cs_id , cm_name,cm_type ,cm_order , cm_state , cm_min_price , cm_max_price) values(2940,522,'2007款 1.6L 手动全能型','2007款',5,1,85800,85800);
insert into t_car_model(cm_id , cs_id , cm_name,cm_type ,cm_order , cm_state , cm_min_price , cm_max_price) values(2941,522,'2007款 1.6L 自动全能型','2007款',6,1,95800,95800);
insert into t_car_model(cm_id , cs_id , cm_name,cm_type ,cm_order , cm_state , cm_min_price , cm_max_price) values(2942,522,'2007款 1.6L 手动超能型','2007款',7,1,93800,93800);
insert into t_car_model(cm_id , cs_id , cm_name,cm_type ,cm_order , cm_state , cm_min_price , cm_max_price) values(2943,522,'2007款 1.6L 自动超能型','2007款',8,1,103800,103800);
insert into t_car_series(cs_id,cbf_id,cs_name,cs_order,cs_letter) values(64,92,'阳光',3871,'Y');
insert into t_car_model(cm_id , cs_id , cm_name,cm_type ,cm_order , cm_state , cm_min_price , cm_max_price) values(28012,64,'2016款 1.5XE 手动领先版','2016款',1,1,81000,81000);
insert into t_car_model(cm_id , cs_id , cm_name,cm_type ,cm_order , cm_state , cm_min_price , cm_max_price) values(28013,64,'2016款 1.5XE CVT领先版','2016款',2,1,91000,91000);
insert into t_car_model(cm_id , cs_id , cm_name,cm_type ,cm_order , cm_state , cm_min_price , cm_max_price) values(26369,64,'2015款 1.5XE 手动精英版','2015款',1,1,82800,82800);
insert into t_car_model(cm_id , cs_id , cm_name,cm_type ,cm_order , cm_state , cm_min_price , cm_max_price) values(26370,64,'2015款 1.5XE CVT精英版','2015款',2,1,92800,92800);
insert into t_car_model(cm_id , cs_id , cm_name,cm_type ,cm_order , cm_state , cm_min_price , cm_max_price) values(23051,64,'2015款 1.5XE 手动大师版','2015款',3,1,84000,84000);
insert into t_car_model(cm_id , cs_id , cm_name,cm_type ,cm_order , cm_state , cm_min_price , cm_max_price) values(23052,64,'2015款 1.5XE CVT大师版','2015款',4,1,94000,94000);
insert into t_car_model(cm_id , cs_id , cm_name,cm_type ,cm_order , cm_state , cm_min_price , cm_max_price) values(26367,64,'2015款 1.5XE 手动舒适版','2015款',5,1,79800,79800);
insert into t_car_model(cm_id , cs_id , cm_name,cm_type ,cm_order , cm_state , cm_min_price , cm_max_price) values(26368,64,'2015款 1.5XE CVT舒适版','2015款',6,1,89800,89800);
insert into t_car_model(cm_id , cs_id , cm_name,cm_type ,cm_order , cm_state , cm_min_price , cm_max_price) values(18222,64,'2014款 1.5XE 手动舒适版','2014款',1,1,79800,79800);
insert into t_car_model(cm_id , cs_id , cm_name,cm_type ,cm_order , cm_state , cm_min_price , cm_max_price) values(18223,64,'2014款 1.5XE CVT舒适版','2014款',2,1,89800,89800);
insert into t_car_model(cm_id , cs_id , cm_name,cm_type ,cm_order , cm_state , cm_min_price , cm_max_price) values(18220,64,'2014款 1.5XE 手动精英版','2014款',3,1,82800,82800);
insert into t_car_model(cm_id , cs_id , cm_name,cm_type ,cm_order , cm_state , cm_min_price , cm_max_price) values(18221,64,'2014款 1.5XE CVT精英版','2014款',4,1,92800,92800);
insert into t_car_model(cm_id , cs_id , cm_name,cm_type ,cm_order , cm_state , cm_min_price , cm_max_price) values(18219,64,'2014款 1.5XL 手动豪华版','2014款',5,1,92800,92800);
insert into t_car_model(cm_id , cs_id , cm_name,cm_type ,cm_order , cm_state , cm_min_price , cm_max_price) values(18191,64,'2014款 1.5XL CVT豪华版','2014款',6,1,102800,102800);
insert into t_car_model(cm_id , cs_id , cm_name,cm_type ,cm_order , cm_state , cm_min_price , cm_max_price) values(18179,64,'2014款 1.5XV CVT尊贵版','2014款',7,1,112800,112800);
insert into t_car_model(cm_id , cs_id , cm_name,cm_type ,cm_order , cm_state , cm_min_price , cm_max_price) values(9164,64,'2011款 1.5XE CVT舒适版','2011款',1,1,92800,92800);
insert into t_car_model(cm_id , cs_id , cm_name,cm_type ,cm_order , cm_state , cm_min_price , cm_max_price) values(9163,64,'2011款 1.5XL 手动豪华版','2011款',2,1,92800,92800);
insert into t_car_model(cm_id , cs_id , cm_name,cm_type ,cm_order , cm_state , cm_min_price , cm_max_price) values(9165,64,'2011款 1.5XL CVT豪华版','2011款',3,1,102800,102800);
insert into t_car_model(cm_id , cs_id , cm_name,cm_type ,cm_order , cm_state , cm_min_price , cm_max_price) values(9166,64,'2011款 1.5XV 手动尊贵版','2011款',4,1,102800,102800);
insert into t_car_model(cm_id , cs_id , cm_name,cm_type ,cm_order , cm_state , cm_min_price , cm_max_price) values(9167,64,'2011款 1.5XV CVT尊贵版','2011款',5,1,112800,112800);
insert into t_car_model(cm_id , cs_id , cm_name,cm_type ,cm_order , cm_state , cm_min_price , cm_max_price) values(9162,64,'2011款 1.5XE 手动舒适版','2011款',6,1,82800,82800);
insert into t_car_model(cm_id , cs_id , cm_name,cm_type ,cm_order , cm_state , cm_min_price , cm_max_price) values(1354,64,'2005款 2.0E 手动','2005款',1,1,143800,143800);
insert into t_car_model(cm_id , cs_id , cm_name,cm_type ,cm_order , cm_state , cm_min_price , cm_max_price) values(1353,64,'2005款 2.0E 自动','2005款',2,1,153800,153800);
insert into t_car_model(cm_id , cs_id , cm_name,cm_type ,cm_order , cm_state , cm_min_price , cm_max_price) values(1355,64,'2005款 2.0LE 自动','2005款',3,1,159800,159800);
insert into t_car_model(cm_id , cs_id , cm_name,cm_type ,cm_order , cm_state , cm_min_price , cm_max_price) values(1356,64,'2005款 2.0LS 自动','2005款',4,1,166800,166800);
insert into t_car_model(cm_id , cs_id , cm_name,cm_type ,cm_order , cm_state , cm_min_price , cm_max_price) values(1357,64,'2005款 2.0LS-NAVI','2005款',5,1,183800,183800);
insert into t_car_model(cm_id , cs_id , cm_name,cm_type ,cm_order , cm_state , cm_min_price , cm_max_price) values(413,64,'2004款 2.0E 手动','2004款',1,1,167800,167800);
insert into t_car_model(cm_id , cs_id , cm_name,cm_type ,cm_order , cm_state , cm_min_price , cm_max_price) values(412,64,'2004款 2.0E 自动','2004款',2,1,177800,177800);
insert into t_car_model(cm_id , cs_id , cm_name,cm_type ,cm_order , cm_state , cm_min_price , cm_max_price) values(414,64,'2004款 2.0LE 自动','2004款',3,1,183800,183800);
insert into t_car_model(cm_id , cs_id , cm_name,cm_type ,cm_order , cm_state , cm_min_price , cm_max_price) values(415,64,'2004款 2.0LS 自动','2004款',4,1,189800,189800);
insert into t_car_series(cs_id,cbf_id,cs_name,cs_order,cs_letter) values(355,92,'颐达',3872,'Y');
insert into t_car_model(cm_id , cs_id , cm_name,cm_type ,cm_order , cm_state , cm_min_price , cm_max_price) values(4724,355,'2009款 1.6L 自动科技版','2009款',1,1,132800,132800);
insert into t_car_model(cm_id , cs_id , cm_name,cm_type ,cm_order , cm_state , cm_min_price , cm_max_price) values(3466,355,'2008款 1.6L 手动时尚型','2008款',1,1,106800,106800);
insert into t_car_model(cm_id , cs_id , cm_name,cm_type ,cm_order , cm_state , cm_min_price , cm_max_price) values(3467,355,'2008款 1.6L 自动时尚型','2008款',2,1,116800,116800);
insert into t_car_model(cm_id , cs_id , cm_name,cm_type ,cm_order , cm_state , cm_min_price , cm_max_price) values(3468,355,'2008款 1.6L 手动智能型','2008款',3,1,116800,116800);
insert into t_car_model(cm_id , cs_id , cm_name,cm_type ,cm_order , cm_state , cm_min_price , cm_max_price) values(3469,355,'2008款 1.6L 自动智能型','2008款',4,1,126800,126800);
insert into t_car_model(cm_id , cs_id , cm_name,cm_type ,cm_order , cm_state , cm_min_price , cm_max_price) values(3470,355,'2008款 1.6L 自动豪华型','2008款',5,1,139800,139800);
insert into t_car_model(cm_id , cs_id , cm_name,cm_type ,cm_order , cm_state , cm_min_price , cm_max_price) values(3471,355,'2008款 1.6L 自动尊贵型','2008款',6,1,149800,149800);
insert into t_car_model(cm_id , cs_id , cm_name,cm_type ,cm_order , cm_state , cm_min_price , cm_max_price) values(2280,355,'2006款 1.6J MT','2006款',1,1,119800,119800);
insert into t_car_model(cm_id , cs_id , cm_name,cm_type ,cm_order , cm_state , cm_min_price , cm_max_price) values(2282,355,'2006款 1.6JE MT','2006款',2,1,129800,129800);
insert into t_car_model(cm_id , cs_id , cm_name,cm_type ,cm_order , cm_state , cm_min_price , cm_max_price) values(2281,355,'2006款 1.6JC AT','2006款',3,1,132800,132800);
insert into t_car_model(cm_id , cs_id , cm_name,cm_type ,cm_order , cm_state , cm_min_price , cm_max_price) values(2283,355,'2006款 1.6JE AT','2006款',4,1,139800,139800);
insert into t_car_model(cm_id , cs_id , cm_name,cm_type ,cm_order , cm_state , cm_min_price , cm_max_price) values(2284,355,'2006款 1.6JS AT','2006款',5,1,152800,152800);
insert into t_car_model(cm_id , cs_id , cm_name,cm_type ,cm_order , cm_state , cm_min_price , cm_max_price) values(2285,355,'2006款 1.6JS AT（NAVI）','2006款',6,1,169800,169800);
insert into t_car_model(cm_id , cs_id , cm_name,cm_type ,cm_order , cm_state , cm_min_price , cm_max_price) values(1386,355,'2005款 1.6L','2005款',1,1,110000,110000);
insert into t_car_model(cm_id , cs_id , cm_name,cm_type ,cm_order , cm_state , cm_min_price , cm_max_price) values(1496,355,'2005款 1.6J MT','2005款',2,1,119800,119800);
insert into t_car_model(cm_id , cs_id , cm_name,cm_type ,cm_order , cm_state , cm_min_price , cm_max_price) values(1497,355,'2005款 1.6J AT','2005款',3,1,129800,129800);
insert into t_car_model(cm_id , cs_id , cm_name,cm_type ,cm_order , cm_state , cm_min_price , cm_max_price) values(1610,355,'2005款 1.6JE AT','2005款',4,1,139800,139800);
insert into t_car_model(cm_id , cs_id , cm_name,cm_type ,cm_order , cm_state , cm_min_price , cm_max_price) values(1611,355,'2005款 1.6JS AT','2005款',5,1,159800,159800);
insert into t_car_model(cm_id , cs_id , cm_name,cm_type ,cm_order , cm_state , cm_min_price , cm_max_price) values(1836,355,'2005款 1.6JS AT（NAVI）','2005款',6,1,179800,179800);
insert into t_car_series(cs_id,cbf_id,cs_name,cs_order,cs_letter) values(63,92,'蓝鸟经典',3873,'L');
insert into t_car_model(cm_id , cs_id , cm_name,cm_type ,cm_order , cm_state , cm_min_price , cm_max_price) values(390,63,'2004款 2.0L 手动尊贵型','2004款',1,1,197500,197500);
insert into t_car_model(cm_id , cs_id , cm_name,cm_type ,cm_order , cm_state , cm_min_price , cm_max_price) values(880,63,'2004款 2.0L 自动豪华型','2004款',2,1,218800,218800);
insert into t_car_model(cm_id , cs_id , cm_name,cm_type ,cm_order , cm_state , cm_min_price , cm_max_price) values(391,63,'2004款 2.0L 自动尊贵型','2004款',3,1,219800,219800);
insert into t_car_model(cm_id , cs_id , cm_name,cm_type ,cm_order , cm_state , cm_min_price , cm_max_price) values(392,63,'2004款 2.0L 自动旗舰型','2004款',4,1,199800,199800);
insert into t_car_model(cm_id , cs_id , cm_name,cm_type ,cm_order , cm_state , cm_min_price , cm_max_price) values(1360,63,'2004款 智尊 2.0L 手动舒适型','2004款',5,1,158800,158800);
insert into t_car_model(cm_id , cs_id , cm_name,cm_type ,cm_order , cm_state , cm_min_price , cm_max_price) values(1359,63,'2004款 智尊 2.0L 自动舒适型','2004款',6,1,168800,168800);
insert into t_car_model(cm_id , cs_id , cm_name,cm_type ,cm_order , cm_state , cm_min_price , cm_max_price) values(1084,63,'2004款 智尊 2.0L 自动豪华型','2004款',7,1,185800,185800);
insert into t_car_model(cm_id , cs_id , cm_name,cm_type ,cm_order , cm_state , cm_min_price , cm_max_price) values(1358,63,'2004款 智尊 2.0L 自动尊贵型','2004款',8,1,193800,193800);
insert into t_car_model(cm_id , cs_id , cm_name,cm_type ,cm_order , cm_state , cm_min_price , cm_max_price) values(1039,63,'2004款 智尊 2.0L 自动旗舰型','2004款',9,1,199800,199800);
insert into t_car_series(cs_id,cbf_id,cs_name,cs_order,cs_letter) values(3957,92,'西玛',3874,'X');
insert into t_car_model(cm_id , cs_id , cm_name,cm_type ,cm_order , cm_state , cm_min_price , cm_max_price) values(25746,3957,'2016款 2.5L XE 精英版','2016款',1,1,234800,234800);
insert into t_car_model(cm_id , cs_id , cm_name,cm_type ,cm_order , cm_state , cm_min_price , cm_max_price) values(25747,3957,'2016款 2.5L XL 豪华版','2016款',2,1,249800,249800);
insert into t_car_model(cm_id , cs_id , cm_name,cm_type ,cm_order , cm_state , cm_min_price , cm_max_price) values(24553,3957,'2016款 2.5L XV 至尊版','2016款',3,1,267800,267800);
insert into t_car_series(cs_id,cbf_id,cs_name,cs_order,cs_letter) values(475,92,'骏逸',3875,'J');
insert into t_car_model(cm_id , cs_id , cm_name,cm_type ,cm_order , cm_state , cm_min_price , cm_max_price) values(3589,475,'2008款 1.8L 手动舒适型','2008款',1,1,145800,145800);
insert into t_car_model(cm_id , cs_id , cm_name,cm_type ,cm_order , cm_state , cm_min_price , cm_max_price) values(2621,475,'2006款 1.8L 手动标准型','2006款',1,1,138800,138800);
insert into t_car_model(cm_id , cs_id , cm_name,cm_type ,cm_order , cm_state , cm_min_price , cm_max_price) values(2622,475,'2006款 1.8L 自动标准型','2006款',2,1,148800,148800);
insert into t_car_model(cm_id , cs_id , cm_name,cm_type ,cm_order , cm_state , cm_min_price , cm_max_price) values(2623,475,'2006款 1.8L 自动舒适型','2006款',3,1,156800,156800);
insert into t_car_model(cm_id , cs_id , cm_name,cm_type ,cm_order , cm_state , cm_min_price , cm_max_price) values(2561,475,'2006款 1.8L 自动时尚版','2006款',4,1,162300,162300);
insert into t_car_model(cm_id , cs_id , cm_name,cm_type ,cm_order , cm_state , cm_min_price , cm_max_price) values(2624,475,'2006款 1.8L 自动尊贵型','2006款',5,1,161800,161800);
insert into t_car_brand_factory(cbf_id , cb_id , cbf_name ,cbf_letter) values(173,63,'郑州日产','Z');
insert into t_car_series(cs_id,cbf_id,cs_name,cs_order,cs_letter) values(4691,173,'途达',3876,'T');
insert into t_car_model(cm_id , cs_id , cm_name,cm_type ,cm_order , cm_state , cm_min_price , cm_max_price) values(42720,4691,'2020款 2.5L XE 手动两驱精英版','2020款',1,1,169800,169800);
insert into t_car_model(cm_id , cs_id , cm_name,cm_type ,cm_order , cm_state , cm_min_price , cm_max_price) values(42721,4691,'2020款 2.5L XL 手动两驱领先版','2020款',2,1,189800,189800);
insert into t_car_model(cm_id , cs_id , cm_name,cm_type ,cm_order , cm_state , cm_min_price , cm_max_price) values(42722,4691,'2020款 2.5L XL Upper 自动两驱豪华版','2020款',3,1,199800,199800);
insert into t_car_model(cm_id , cs_id , cm_name,cm_type ,cm_order , cm_state , cm_min_price , cm_max_price) values(42723,4691,'2020款 2.5L XV 自动两驱智享版','2020款',4,1,222300,222300);
insert into t_car_model(cm_id , cs_id , cm_name,cm_type ,cm_order , cm_state , cm_min_price , cm_max_price) values(42724,4691,'2020款 2.5L XL Upper 4WD 自动四驱豪华版','2020款',5,1,228300,228300);
insert into t_car_model(cm_id , cs_id , cm_name,cm_type ,cm_order , cm_state , cm_min_price , cm_max_price) values(42725,4691,'2020款 2.5L XV 4WD 自动四驱旗舰版','2020款',6,1,248300,248300);
insert into t_car_model(cm_id , cs_id , cm_name,cm_type ,cm_order , cm_state , cm_min_price , cm_max_price) values(34171,4691,'2018款 2.5L 手动两驱精英版','2018款',1,1,169800,169800);
insert into t_car_model(cm_id , cs_id , cm_name,cm_type ,cm_order , cm_state , cm_min_price , cm_max_price) values(34172,4691,'2018款 2.5L 手动两驱领先版','2018款',2,1,189800,189800);
insert into t_car_model(cm_id , cs_id , cm_name,cm_type ,cm_order , cm_state , cm_min_price , cm_max_price) values(34173,4691,'2018款 2.5L 自动两驱豪华版','2018款',3,1,199800,199800);
insert into t_car_model(cm_id , cs_id , cm_name,cm_type ,cm_order , cm_state , cm_min_price , cm_max_price) values(34141,4691,'2018款 2.5L 自动两驱智享版','2018款',4,1,219800,219800);
insert into t_car_model(cm_id , cs_id , cm_name,cm_type ,cm_order , cm_state , cm_min_price , cm_max_price) values(34174,4691,'2018款 2.5L 自动四驱豪华版','2018款',5,1,225800,225800);
insert into t_car_model(cm_id , cs_id , cm_name,cm_type ,cm_order , cm_state , cm_min_price , cm_max_price) values(33503,4691,'2018款 2.5L 自动四驱旗舰版','2018款',6,1,245800,245800);
insert into t_car_series(cs_id,cbf_id,cs_name,cs_order,cs_letter) values(4307,173,'纳瓦拉',3877,'N');
insert into t_car_model(cm_id , cs_id , cm_name,cm_type ,cm_order , cm_state , cm_min_price , cm_max_price) values(1011837,4307,'2021款 2.5L改款 手动两驱舒适型QR25','2021款',1,1,142800,142800);
insert into t_car_model(cm_id , cs_id , cm_name,cm_type ,cm_order , cm_state , cm_min_price , cm_max_price) values(1011836,4307,'2021款 2.5L改款 手动两驱尊享型QR25','2021款',2,1,153800,153800);
insert into t_car_model(cm_id , cs_id , cm_name,cm_type ,cm_order , cm_state , cm_min_price , cm_max_price) values(1011835,4307,'2021款 2.5L改款 手动两驱智尊型QR25','2021款',3,1,159800,159800);
insert into t_car_model(cm_id , cs_id , cm_name,cm_type ,cm_order , cm_state , cm_min_price , cm_max_price) values(1011834,4307,'2021款 2.5L改款 手动两驱旗舰型QR25','2021款',4,1,171800,171800);
insert into t_car_model(cm_id , cs_id , cm_name,cm_type ,cm_order , cm_state , cm_min_price , cm_max_price) values(1011833,4307,'2021款 2.5L改款 手动四驱舒适型QR25','2021款',5,1,166800,166800);
insert into t_car_model(cm_id , cs_id , cm_name,cm_type ,cm_order , cm_state , cm_min_price , cm_max_price) values(1011832,4307,'2021款 2.5L改款 手动四驱尊享型QR25','2021款',6,1,177800,177800);
insert into t_car_model(cm_id , cs_id , cm_name,cm_type ,cm_order , cm_state , cm_min_price , cm_max_price) values(1011831,4307,'2021款 2.5L改款 手动四驱旗舰型QR25','2021款',7,1,195800,195800);
insert into t_car_model(cm_id , cs_id , cm_name,cm_type ,cm_order , cm_state , cm_min_price , cm_max_price) values(1010545,4307,'2021款 2.5L自动四驱尊贵型QR25','2021款',8,1,199800,199800);
insert into t_car_model(cm_id , cs_id , cm_name,cm_type ,cm_order , cm_state , cm_min_price , cm_max_price) values(1011830,4307,'2021款 2.5L自动四驱智尊型QR25','2021款',9,1,202800,202800);
insert into t_car_model(cm_id , cs_id , cm_name,cm_type ,cm_order , cm_state , cm_min_price , cm_max_price) values(1010749,4307,'2021款 2.5L手动两驱舒适型QR25','2021款',10,1,142800,142800);
insert into t_car_model(cm_id , cs_id , cm_name,cm_type ,cm_order , cm_state , cm_min_price , cm_max_price) values(1010748,4307,'2021款 2.5L手动两驱尊享型QR25','2021款',11,1,153800,153800);
insert into t_car_model(cm_id , cs_id , cm_name,cm_type ,cm_order , cm_state , cm_min_price , cm_max_price) values(1010747,4307,'2021款 2.5L手动两驱智尊型QR25','2021款',12,1,159800,159800);
insert into t_car_model(cm_id , cs_id , cm_name,cm_type ,cm_order , cm_state , cm_min_price , cm_max_price) values(1010746,4307,'2021款 2.5L手动两驱旗舰型QR25','2021款',13,1,171800,171800);
insert into t_car_model(cm_id , cs_id , cm_name,cm_type ,cm_order , cm_state , cm_min_price , cm_max_price) values(1010745,4307,'2021款 2.5L手动两驱智享型QR25','2021款',14,1,175800,175800);
insert into t_car_model(cm_id , cs_id , cm_name,cm_type ,cm_order , cm_state , cm_min_price , cm_max_price) values(1010744,4307,'2021款 2.5L手动四驱舒适型QR25','2021款',15,1,166800,166800);
insert into t_car_model(cm_id , cs_id , cm_name,cm_type ,cm_order , cm_state , cm_min_price , cm_max_price) values(1010743,4307,'2021款 2.5L手动四驱尊享型QR25','2021款',16,1,177800,177800);
insert into t_car_model(cm_id , cs_id , cm_name,cm_type ,cm_order , cm_state , cm_min_price , cm_max_price) values(1010742,4307,'2021款 2.5L手动四驱智尊型QR25','2021款',17,1,183800,183800);
insert into t_car_model(cm_id , cs_id , cm_name,cm_type ,cm_order , cm_state , cm_min_price , cm_max_price) values(1010741,4307,'2021款 2.5L手动四驱旗舰型QR25','2021款',18,1,195800,195800);
insert into t_car_model(cm_id , cs_id , cm_name,cm_type ,cm_order , cm_state , cm_min_price , cm_max_price) values(1010740,4307,'2021款 2.5L手动四驱智享型QR25','2021款',19,1,199800,199800);
insert into t_car_model(cm_id , cs_id , cm_name,cm_type ,cm_order , cm_state , cm_min_price , cm_max_price) values(1008321,4307,'2019款 2.5L手动两驱舒适型国VI QR25','2019款',1,1,142800,142800);
insert into t_car_model(cm_id , cs_id , cm_name,cm_type ,cm_order , cm_state , cm_min_price , cm_max_price) values(1008320,4307,'2019款 2.5L手动两驱尊享型国VI QR25','2019款',2,1,153800,153800);
insert into t_car_model(cm_id , cs_id , cm_name,cm_type ,cm_order , cm_state , cm_min_price , cm_max_price) values(1008319,4307,'2019款 2.5L手动两驱旗舰型国VI QR25','2019款',3,1,171800,171800);
insert into t_car_model(cm_id , cs_id , cm_name,cm_type ,cm_order , cm_state , cm_min_price , cm_max_price) values(1008318,4307,'2019款 2.5L手动四驱舒适型国VI QR25','2019款',4,1,166800,166800);
insert into t_car_model(cm_id , cs_id , cm_name,cm_type ,cm_order , cm_state , cm_min_price , cm_max_price) values(1008317,4307,'2019款 2.5L手动四驱尊享型国VI QR25','2019款',5,1,177800,177800);
insert into t_car_model(cm_id , cs_id , cm_name,cm_type ,cm_order , cm_state , cm_min_price , cm_max_price) values(1008316,4307,'2019款 2.5L手动四驱旗舰型国VI QR25','2019款',6,1,195800,195800);
insert into t_car_model(cm_id , cs_id , cm_name,cm_type ,cm_order , cm_state , cm_min_price , cm_max_price) values(1005090,4307,'2017款 2.5L手动两驱标准版QR25','2017款',1,1,139800,139800);
insert into t_car_model(cm_id , cs_id , cm_name,cm_type ,cm_order , cm_state , cm_min_price , cm_max_price) values(1005259,4307,'2017款 2.5L手动两驱豪华版QR25','2017款',2,1,148800,148800);
insert into t_car_model(cm_id , cs_id , cm_name,cm_type ,cm_order , cm_state , cm_min_price , cm_max_price) values(1005258,4307,'2017款 2.5L手动两驱旗舰版QR25','2017款',3,1,156800,156800);
insert into t_car_model(cm_id , cs_id , cm_name,cm_type ,cm_order , cm_state , cm_min_price , cm_max_price) values(1005257,4307,'2017款 2.5L自动两驱豪华版QR25','2017款',4,1,161800,161800);
insert into t_car_model(cm_id , cs_id , cm_name,cm_type ,cm_order , cm_state , cm_min_price , cm_max_price) values(1005256,4307,'2017款 2.5L手动四驱标准版QR25','2017款',5,1,163800,163800);
insert into t_car_model(cm_id , cs_id , cm_name,cm_type ,cm_order , cm_state , cm_min_price , cm_max_price) values(1005255,4307,'2017款 2.5L手动四驱豪华版QR25','2017款',6,1,172800,172800);
insert into t_car_model(cm_id , cs_id , cm_name,cm_type ,cm_order , cm_state , cm_min_price , cm_max_price) values(1005254,4307,'2017款 2.5L手动四驱旗舰版QR25','2017款',7,1,180800,180800);
insert into t_car_model(cm_id , cs_id , cm_name,cm_type ,cm_order , cm_state , cm_min_price , cm_max_price) values(1005253,4307,'2017款 2.5L自动四驱豪华版QR25','2017款',8,1,187800,187800);
insert into t_car_series(cs_id,cbf_id,cs_name,cs_order,cs_letter) values(53,173,'帕拉丁',3878,'P');
insert into t_car_model(cm_id , cs_id , cm_name,cm_type ,cm_order , cm_state , cm_min_price , cm_max_price) values(16133,53,'2013款 2.4L 两驱标准型 国V','2013款',1,1,167800,167800);
insert into t_car_model(cm_id , cs_id , cm_name,cm_type ,cm_order , cm_state , cm_min_price , cm_max_price) values(16134,53,'2013款 2.4L 两驱豪华型 国V','2013款',2,1,205800,205800);
insert into t_car_model(cm_id , cs_id , cm_name,cm_type ,cm_order , cm_state , cm_min_price , cm_max_price) values(16135,53,'2013款 2.4L 四驱标准型 国V','2013款',3,1,207800,207800);
insert into t_car_model(cm_id , cs_id , cm_name,cm_type ,cm_order , cm_state , cm_min_price , cm_max_price) values(15335,53,'2013款 2.4L 四驱豪华型 国IV','2013款',4,1,244800,244800);
insert into t_car_model(cm_id , cs_id , cm_name,cm_type ,cm_order , cm_state , cm_min_price , cm_max_price) values(16055,53,'2013款 2.4L 四驱豪华纪念版 国IV','2013款',5,1,247800,247800);
insert into t_car_model(cm_id , cs_id , cm_name,cm_type ,cm_order , cm_state , cm_min_price , cm_max_price) values(16136,53,'2013款 2.4L 四驱豪华型 国V','2013款',6,1,247800,247800);
insert into t_car_model(cm_id , cs_id , cm_name,cm_type ,cm_order , cm_state , cm_min_price , cm_max_price) values(15331,53,'2013款 2.4L 两驱舒适型','2013款',7,1,172800,172800);
insert into t_car_model(cm_id , cs_id , cm_name,cm_type ,cm_order , cm_state , cm_min_price , cm_max_price) values(15334,53,'2013款 2.4L 四驱舒适型','2013款',8,1,212800,212800);
insert into t_car_model(cm_id , cs_id , cm_name,cm_type ,cm_order , cm_state , cm_min_price , cm_max_price) values(15333,53,'2013款 2.4L 两驱行政型','2013款',9,1,210800,210800);
insert into t_car_model(cm_id , cs_id , cm_name,cm_type ,cm_order , cm_state , cm_min_price , cm_max_price) values(15336,53,'2013款 2.4L 四驱行政型','2013款',10,1,252800,252800);
insert into t_car_model(cm_id , cs_id , cm_name,cm_type ,cm_order , cm_state , cm_min_price , cm_max_price) values(15330,53,'2013款 2.4L 两驱标准型 国IV','2013款',11,1,164800,164800);
insert into t_car_model(cm_id , cs_id , cm_name,cm_type ,cm_order , cm_state , cm_min_price , cm_max_price) values(16053,53,'2013款 2.4L 两驱标准纪念版 国IV','2013款',12,1,167800,167800);
insert into t_car_model(cm_id , cs_id , cm_name,cm_type ,cm_order , cm_state , cm_min_price , cm_max_price) values(15332,53,'2013款 2.4L 两驱豪华型 国IV','2013款',13,1,202800,202800);
insert into t_car_model(cm_id , cs_id , cm_name,cm_type ,cm_order , cm_state , cm_min_price , cm_max_price) values(15325,53,'2013款 2.4L 四驱标准型 国IV','2013款',14,1,204800,204800);
insert into t_car_model(cm_id , cs_id , cm_name,cm_type ,cm_order , cm_state , cm_min_price , cm_max_price) values(16054,53,'2013款 2.4L 四驱标准纪念版 国IV','2013款',15,1,207800,207800);
insert into t_car_model(cm_id , cs_id , cm_name,cm_type ,cm_order , cm_state , cm_min_price , cm_max_price) values(6745,53,'2008款 2.4L 两驱标准型','2008款',1,1,166800,166800);
insert into t_car_model(cm_id , cs_id , cm_name,cm_type ,cm_order , cm_state , cm_min_price , cm_max_price) values(6744,53,'2008款 2.4L 四驱标准型','2008款',2,1,205800,205800);
insert into t_car_model(cm_id , cs_id , cm_name,cm_type ,cm_order , cm_state , cm_min_price , cm_max_price) values(6746,53,'2007款 2.4L XE 两驱标准型','2007款',1,1,164800,164800);
insert into t_car_model(cm_id , cs_id , cm_name,cm_type ,cm_order , cm_state , cm_min_price , cm_max_price) values(6733,53,'2007款 2.4L XE 四驱标准型','2007款',2,1,204800,204800);
insert into t_car_model(cm_id , cs_id , cm_name,cm_type ,cm_order , cm_state , cm_min_price , cm_max_price) values(6734,53,'2007款 2.4L XE 四驱超豪华型','2007款',3,1,254800,254800);
insert into t_car_model(cm_id , cs_id , cm_name,cm_type ,cm_order , cm_state , cm_min_price , cm_max_price) values(6735,53,'2007款 3.3L 四驱超豪华型','2007款',4,1,299800,299800);
insert into t_car_model(cm_id , cs_id , cm_name,cm_type ,cm_order , cm_state , cm_min_price , cm_max_price) values(2121,53,'2006款 2.4L 两驱标准型','2006款',1,1,164800,164800);
insert into t_car_model(cm_id , cs_id , cm_name,cm_type ,cm_order , cm_state , cm_min_price , cm_max_price) values(5761,53,'2006款 2.4L 两驱舒适型','2006款',2,1,169800,169800);
insert into t_car_model(cm_id , cs_id , cm_name,cm_type ,cm_order , cm_state , cm_min_price , cm_max_price) values(2124,53,'2006款 2.4L 两驱豪华型','2006款',3,1,202800,202800);
insert into t_car_model(cm_id , cs_id , cm_name,cm_type ,cm_order , cm_state , cm_min_price , cm_max_price) values(6731,53,'2006款 2.4L XE 两驱豪华版','2006款',4,1,204800,204800);
insert into t_car_model(cm_id , cs_id , cm_name,cm_type ,cm_order , cm_state , cm_min_price , cm_max_price) values(5762,53,'2006款 2.4L 两驱行政型','2006款',5,1,207800,207800);
insert into t_car_model(cm_id , cs_id , cm_name,cm_type ,cm_order , cm_state , cm_min_price , cm_max_price) values(6732,53,'2006款 2.4L XE 四驱标准型','2006款',6,1,244800,244800);
insert into t_car_model(cm_id , cs_id , cm_name,cm_type ,cm_order , cm_state , cm_min_price , cm_max_price) values(2122,53,'2006款 2.4L 四驱标准型','2006款',7,1,204800,204800);
insert into t_car_model(cm_id , cs_id , cm_name,cm_type ,cm_order , cm_state , cm_min_price , cm_max_price) values(5763,53,'2006款 2.4L 四驱舒适型','2006款',8,1,209800,209800);
insert into t_car_model(cm_id , cs_id , cm_name,cm_type ,cm_order , cm_state , cm_min_price , cm_max_price) values(2125,53,'2006款 2.4L 四驱豪华型','2006款',9,1,244800,244800);
insert into t_car_model(cm_id , cs_id , cm_name,cm_type ,cm_order , cm_state , cm_min_price , cm_max_price) values(5764,53,'2006款 2.4L 四驱行政型','2006款',10,1,249800,249800);
insert into t_car_model(cm_id , cs_id , cm_name,cm_type ,cm_order , cm_state , cm_min_price , cm_max_price) values(2123,53,'2006款 3.3L 四驱豪华型','2006款',11,1,299800,299800);
insert into t_car_model(cm_id , cs_id , cm_name,cm_type ,cm_order , cm_state , cm_min_price , cm_max_price) values(133,53,'2004款 2.4L 两驱标准型','2004款',1,1,164800,164800);
insert into t_car_model(cm_id , cs_id , cm_name,cm_type ,cm_order , cm_state , cm_min_price , cm_max_price) values(1180,53,'2004款 2.4L 两驱黑内饰型','2004款',2,1,199800,199800);
insert into t_car_model(cm_id , cs_id , cm_name,cm_type ,cm_order , cm_state , cm_min_price , cm_max_price) values(4218,53,'2004款 2.4L 两驱豪华型','2004款',3,1,202800,202800);
insert into t_car_model(cm_id , cs_id , cm_name,cm_type ,cm_order , cm_state , cm_min_price , cm_max_price) values(132,53,'2004款 2.4L 四驱标准型','2004款',4,1,204800,204800);
insert into t_car_model(cm_id , cs_id , cm_name,cm_type ,cm_order , cm_state , cm_min_price , cm_max_price) values(4219,53,'2004款 2.4L 四驱豪华型','2004款',5,1,244800,244800);
insert into t_car_model(cm_id , cs_id , cm_name,cm_type ,cm_order , cm_state , cm_min_price , cm_max_price) values(134,53,'2004款 3.3L 四驱标准型','2004款',6,1,289800,289800);
insert into t_car_series(cs_id,cbf_id,cs_name,cs_order,cs_letter) values(2113,173,'日产NV200',3879,'R');
insert into t_car_model(cm_id , cs_id , cm_name,cm_type ,cm_order , cm_state , cm_min_price , cm_max_price) values(33176,2113,'2018款 1.6L CVT豪华型','2018款',1,1,119800,119800);
insert into t_car_model(cm_id , cs_id , cm_name,cm_type ,cm_order , cm_state , cm_min_price , cm_max_price) values(33177,2113,'2018款 1.6L CVT尊享型','2018款',2,1,125800,125800);
insert into t_car_model(cm_id , cs_id , cm_name,cm_type ,cm_order , cm_state , cm_min_price , cm_max_price) values(24651,2113,'2016款 1.6L 手动豪华型','2016款',1,1,107800,107800);
insert into t_car_model(cm_id , cs_id , cm_name,cm_type ,cm_order , cm_state , cm_min_price , cm_max_price) values(26688,2113,'2016款 1.6L 手动尊雅型','2016款',2,1,112800,112800);
insert into t_car_model(cm_id , cs_id , cm_name,cm_type ,cm_order , cm_state , cm_min_price , cm_max_price) values(26689,2113,'2016款 1.6L CVT豪华型','2016款',3,1,118800,118800);
insert into t_car_model(cm_id , cs_id , cm_name,cm_type ,cm_order , cm_state , cm_min_price , cm_max_price) values(24598,2113,'2016款 1.6L CVT尊享型','2016款',4,1,123800,123800);
insert into t_car_model(cm_id , cs_id , cm_name,cm_type ,cm_order , cm_state , cm_min_price , cm_max_price) values(27285,2113,'2016款 改款 1.6L 手动豪华型','2016款',5,1,107800,107800);
insert into t_car_model(cm_id , cs_id , cm_name,cm_type ,cm_order , cm_state , cm_min_price , cm_max_price) values(27286,2113,'2016款 改款 1.6L 手动尊雅型','2016款',6,1,112800,112800);
insert into t_car_model(cm_id , cs_id , cm_name,cm_type ,cm_order , cm_state , cm_min_price , cm_max_price) values(27287,2113,'2016款 改款 1.6L CVT豪华型','2016款',7,1,118800,118800);
insert into t_car_model(cm_id , cs_id , cm_name,cm_type ,cm_order , cm_state , cm_min_price , cm_max_price) values(27288,2113,'2016款 改款 1.6L CVT尊享型','2016款',8,1,123800,123800);
insert into t_car_model(cm_id , cs_id , cm_name,cm_type ,cm_order , cm_state , cm_min_price , cm_max_price) values(18202,2113,'2014款 1.6L 手动豪华型 国IV','2014款',1,1,104800,104800);
insert into t_car_model(cm_id , cs_id , cm_name,cm_type ,cm_order , cm_state , cm_min_price , cm_max_price) values(18203,2113,'2014款 1.6L 手动尊雅型 国IV','2014款',2,1,109800,109800);
insert into t_car_model(cm_id , cs_id , cm_name,cm_type ,cm_order , cm_state , cm_min_price , cm_max_price) values(18204,2113,'2014款 1.6L 手动尊享型 国IV','2014款',3,1,115800,115800);
insert into t_car_model(cm_id , cs_id , cm_name,cm_type ,cm_order , cm_state , cm_min_price , cm_max_price) values(18205,2113,'2014款 1.6L 手动尊贵型 国IV','2014款',4,1,129800,129800);
insert into t_car_model(cm_id , cs_id , cm_name,cm_type ,cm_order , cm_state , cm_min_price , cm_max_price) values(18364,2113,'2014款 1.6L 手动豪华型 国V','2014款',5,1,107800,107800);
insert into t_car_model(cm_id , cs_id , cm_name,cm_type ,cm_order , cm_state , cm_min_price , cm_max_price) values(18365,2113,'2014款 1.6L 手动尊雅型 国V','2014款',6,1,112800,112800);
insert into t_car_model(cm_id , cs_id , cm_name,cm_type ,cm_order , cm_state , cm_min_price , cm_max_price) values(18366,2113,'2014款 1.6L 手动尊享型 国V','2014款',7,1,118800,118800);
insert into t_car_model(cm_id , cs_id , cm_name,cm_type ,cm_order , cm_state , cm_min_price , cm_max_price) values(18367,2113,'2014款 1.6L 手动尊贵型 国V','2014款',8,1,132800,132800);
insert into t_car_model(cm_id , cs_id , cm_name,cm_type ,cm_order , cm_state , cm_min_price , cm_max_price) values(18187,2113,'2014款 1.6L CVT豪华型 国IV','2014款',9,1,114800,114800);
insert into t_car_model(cm_id , cs_id , cm_name,cm_type ,cm_order , cm_state , cm_min_price , cm_max_price) values(18194,2113,'2014款 1.6L CVT尊雅型 国IV','2014款',10,1,119800,119800);
insert into t_car_model(cm_id , cs_id , cm_name,cm_type ,cm_order , cm_state , cm_min_price , cm_max_price) values(18195,2113,'2014款 1.6L CVT尊享型 国IV','2014款',11,1,125800,125800);
insert into t_car_model(cm_id , cs_id , cm_name,cm_type ,cm_order , cm_state , cm_min_price , cm_max_price) values(18196,2113,'2014款 1.6L CVT尊贵型 国IV','2014款',12,1,139800,139800);
insert into t_car_model(cm_id , cs_id , cm_name,cm_type ,cm_order , cm_state , cm_min_price , cm_max_price) values(21197,2113,'2014款 1.6L CVT豪华型 国V','2014款',13,1,117800,117800);
insert into t_car_model(cm_id , cs_id , cm_name,cm_type ,cm_order , cm_state , cm_min_price , cm_max_price) values(21198,2113,'2014款 1.6L CVT尊雅型 国V','2014款',14,1,122800,122800);
insert into t_car_model(cm_id , cs_id , cm_name,cm_type ,cm_order , cm_state , cm_min_price , cm_max_price) values(21199,2113,'2014款 1.6L CVT尊享型 国V','2014款',15,1,128800,128800);
insert into t_car_model(cm_id , cs_id , cm_name,cm_type ,cm_order , cm_state , cm_min_price , cm_max_price) values(21200,2113,'2014款 1.6L CVT尊贵型 国V','2014款',16,1,142800,142800);
insert into t_car_model(cm_id , cs_id , cm_name,cm_type ,cm_order , cm_state , cm_min_price , cm_max_price) values(15049,2113,'2013款 1.6L 豪华型 国IV','2013款',1,1,105800,105800);
insert into t_car_model(cm_id , cs_id , cm_name,cm_type ,cm_order , cm_state , cm_min_price , cm_max_price) values(15050,2113,'2013款 1.6L 尊雅型 国IV','2013款',2,1,110800,110800);
insert into t_car_model(cm_id , cs_id , cm_name,cm_type ,cm_order , cm_state , cm_min_price , cm_max_price) values(15051,2113,'2013款 1.6L 尊贵型 国IV','2013款',3,1,128800,128800);
insert into t_car_model(cm_id , cs_id , cm_name,cm_type ,cm_order , cm_state , cm_min_price , cm_max_price) values(15032,2113,'2013款 1.6L 豪华型 国V','2013款',4,1,108800,108800);
insert into t_car_model(cm_id , cs_id , cm_name,cm_type ,cm_order , cm_state , cm_min_price , cm_max_price) values(15033,2113,'2013款 1.6L 尊雅型 国V','2013款',5,1,113800,113800);
insert into t_car_model(cm_id , cs_id , cm_name,cm_type ,cm_order , cm_state , cm_min_price , cm_max_price) values(15034,2113,'2013款 1.6L 尊贵型 国V','2013款',6,1,131800,131800);
insert into t_car_model(cm_id , cs_id , cm_name,cm_type ,cm_order , cm_state , cm_min_price , cm_max_price) values(13922,2113,'2012款 1.6L 232座 豪华型','2012款',1,1,105800,105800);
insert into t_car_model(cm_id , cs_id , cm_name,cm_type ,cm_order , cm_state , cm_min_price , cm_max_price) values(13923,2113,'2012款 1.6L 232座 尊雅型','2012款',2,1,108800,108800);
insert into t_car_model(cm_id , cs_id , cm_name,cm_type ,cm_order , cm_state , cm_min_price , cm_max_price) values(13925,2113,'2012款 1.6L 232座 尊贵型','2012款',3,1,128800,128800);
insert into t_car_model(cm_id , cs_id , cm_name,cm_type ,cm_order , cm_state , cm_min_price , cm_max_price) values(13924,2113,'2012款 1.6L 223座 尊雅型','2012款',4,1,110800,110800);
insert into t_car_model(cm_id , cs_id , cm_name,cm_type ,cm_order , cm_state , cm_min_price , cm_max_price) values(13926,2113,'2012款 1.6L 223座 尊贵型','2012款',5,1,130800,130800);
insert into t_car_model(cm_id , cs_id , cm_name,cm_type ,cm_order , cm_state , cm_min_price , cm_max_price) values(9289,2113,'2011款 1.6L 232座 尊雅型','2011款',1,1,105800,105800);
insert into t_car_model(cm_id , cs_id , cm_name,cm_type ,cm_order , cm_state , cm_min_price , cm_max_price) values(10351,2113,'2011款 1.6L 223座 尊雅型','2011款',2,1,107800,107800);
insert into t_car_model(cm_id , cs_id , cm_name,cm_type ,cm_order , cm_state , cm_min_price , cm_max_price) values(10352,2113,'2011款 1.6L 223座 尊贵型','2011款',3,1,127800,127800);
insert into t_car_model(cm_id , cs_id , cm_name,cm_type ,cm_order , cm_state , cm_min_price , cm_max_price) values(7580,2113,'2010款 1.6L 基本型','2010款',1,1,79800,79800);
insert into t_car_model(cm_id , cs_id , cm_name,cm_type ,cm_order , cm_state , cm_min_price , cm_max_price) values(7581,2113,'2010款 1.6L 标准型','2010款',2,1,89800,89800);
insert into t_car_model(cm_id , cs_id , cm_name,cm_type ,cm_order , cm_state , cm_min_price , cm_max_price) values(7582,2113,'2010款 1.6L 舒适型','2010款',3,1,97800,97800);
insert into t_car_model(cm_id , cs_id , cm_name,cm_type ,cm_order , cm_state , cm_min_price , cm_max_price) values(7583,2113,'2010款 1.6L 豪华型','2010款',4,1,102800,102800);
insert into t_car_model(cm_id , cs_id , cm_name,cm_type ,cm_order , cm_state , cm_min_price , cm_max_price) values(7585,2113,'2010款 1.6L 232座 尊贵型','2010款',5,1,125800,125800);
insert into t_car_series(cs_id,cbf_id,cs_name,cs_order,cs_letter) values(2466,173,'日产D22',3880,'R');
insert into t_car_model(cm_id , cs_id , cm_name,cm_type ,cm_order , cm_state , cm_min_price , cm_max_price) values(1001890,2466,'2013款 2.2T柴油两驱标准型','2013款',1,1,0,0);
insert into t_car_model(cm_id , cs_id , cm_name,cm_type ,cm_order , cm_state , cm_min_price , cm_max_price) values(1001891,2466,'2013款 2.2T柴油四驱标准型','2013款',2,1,0,0);
insert into t_car_model(cm_id , cs_id , cm_name,cm_type ,cm_order , cm_state , cm_min_price , cm_max_price) values(1001534,2466,'2013款 2.4L汽油两驱标准型','2013款',3,1,141800,141800);
insert into t_car_model(cm_id , cs_id , cm_name,cm_type ,cm_order , cm_state , cm_min_price , cm_max_price) values(1001535,2466,'2013款 2.4L汽油两驱高级型','2013款',4,1,156800,156800);
insert into t_car_model(cm_id , cs_id , cm_name,cm_type ,cm_order , cm_state , cm_min_price , cm_max_price) values(1001536,2466,'2013款 2.4L汽油四驱标准型','2013款',5,1,176800,176800);
insert into t_car_model(cm_id , cs_id , cm_name,cm_type ,cm_order , cm_state , cm_min_price , cm_max_price) values(1001537,2466,'2013款 2.4L汽油四驱高级型','2013款',6,1,186800,186800);
insert into t_car_model(cm_id , cs_id , cm_name,cm_type ,cm_order , cm_state , cm_min_price , cm_max_price) values(1000107,2466,'2011款 2.5T柴油两驱标准型','2011款',1,1,143800,143800);
insert into t_car_model(cm_id , cs_id , cm_name,cm_type ,cm_order , cm_state , cm_min_price , cm_max_price) values(1000108,2466,'2011款 2.5T柴油两驱高级型','2011款',2,1,158800,158800);
insert into t_car_model(cm_id , cs_id , cm_name,cm_type ,cm_order , cm_state , cm_min_price , cm_max_price) values(1000109,2466,'2011款 2.5T柴油四驱标准型','2011款',3,1,178800,178800);
insert into t_car_model(cm_id , cs_id , cm_name,cm_type ,cm_order , cm_state , cm_min_price , cm_max_price) values(1000110,2466,'2011款 2.5T柴油四驱高级型','2011款',4,1,188800,188800);
insert into t_car_model(cm_id , cs_id , cm_name,cm_type ,cm_order , cm_state , cm_min_price , cm_max_price) values(1000111,2466,'2011款 2.4L汽油两驱标准型','2011款',5,1,138800,138800);
insert into t_car_model(cm_id , cs_id , cm_name,cm_type ,cm_order , cm_state , cm_min_price , cm_max_price) values(1000112,2466,'2011款 2.4L汽油两驱高级型','2011款',6,1,153800,153800);
insert into t_car_model(cm_id , cs_id , cm_name,cm_type ,cm_order , cm_state , cm_min_price , cm_max_price) values(1000113,2466,'2011款 2.4L汽油四驱标准型','2011款',7,1,173800,173800);
insert into t_car_model(cm_id , cs_id , cm_name,cm_type ,cm_order , cm_state , cm_min_price , cm_max_price) values(1000114,2466,'2011款 2.4L汽油四驱高级型','2011款',8,1,183800,183800);
insert into t_car_series(cs_id,cbf_id,cs_name,cs_order,cs_letter) values(2853,173,'日产ZN厢式车',3881,'R');
insert into t_car_model(cm_id , cs_id , cm_name,cm_type ,cm_order , cm_state , cm_min_price , cm_max_price) values(1001453,2853,'2013款 2.4L两驱标准型5座','2013款',1,1,151800,154800);
insert into t_car_model(cm_id , cs_id , cm_name,cm_type ,cm_order , cm_state , cm_min_price , cm_max_price) values(1001454,2853,'2013款 2.4L两驱豪华型5座','2013款',2,1,163800,166800);
insert into t_car_model(cm_id , cs_id , cm_name,cm_type ,cm_order , cm_state , cm_min_price , cm_max_price) values(1001455,2853,'2013款 2.4L四驱标准型5座','2013款',3,1,186800,189800);
insert into t_car_model(cm_id , cs_id , cm_name,cm_type ,cm_order , cm_state , cm_min_price , cm_max_price) values(1001456,2853,'2013款 2.4L四驱豪华型5座','2013款',4,1,193800,196800);
insert into t_car_model(cm_id , cs_id , cm_name,cm_type ,cm_order , cm_state , cm_min_price , cm_max_price) values(1001162,2853,'2012款 2.4L两驱标准版7座','2012款',1,1,151800,151800);
insert into t_car_model(cm_id , cs_id , cm_name,cm_type ,cm_order , cm_state , cm_min_price , cm_max_price) values(1001167,2853,'2012款 2.4L两驱高级版7座','2012款',2,1,163800,163800);
insert into t_car_model(cm_id , cs_id , cm_name,cm_type ,cm_order , cm_state , cm_min_price , cm_max_price) values(1001165,2853,'2012款 2.4L四驱标准版7座','2012款',3,1,186800,186800);
insert into t_car_model(cm_id , cs_id , cm_name,cm_type ,cm_order , cm_state , cm_min_price , cm_max_price) values(1001169,2853,'2012款 2.4L四驱高级版7座','2012款',4,1,193800,193800);
insert into t_car_model(cm_id , cs_id , cm_name,cm_type ,cm_order , cm_state , cm_min_price , cm_max_price) values(1001879,2853,'2011款 2.4L两驱标准型5座ZN6493','2011款',1,1,148800,148800);
insert into t_car_model(cm_id , cs_id , cm_name,cm_type ,cm_order , cm_state , cm_min_price , cm_max_price) values(1001878,2853,'2011款 2.4L两驱标准型7座ZN6493','2011款',2,1,151800,151800);
insert into t_car_model(cm_id , cs_id , cm_name,cm_type ,cm_order , cm_state , cm_min_price , cm_max_price) values(1001881,2853,'2011款 2.4L两驱高级型5座ZN6493','2011款',3,1,163800,163800);
insert into t_car_model(cm_id , cs_id , cm_name,cm_type ,cm_order , cm_state , cm_min_price , cm_max_price) values(1001880,2853,'2011款 2.4L两驱高级型7座ZN6493','2011款',4,1,163800,163800);
insert into t_car_model(cm_id , cs_id , cm_name,cm_type ,cm_order , cm_state , cm_min_price , cm_max_price) values(1001882,2853,'2011款 2.4L四驱标准型5座ZN6493','2011款',5,1,183800,183800);
insert into t_car_model(cm_id , cs_id , cm_name,cm_type ,cm_order , cm_state , cm_min_price , cm_max_price) values(1001883,2853,'2011款 2.4L四驱标准型7座ZN6493','2011款',6,1,186800,186800);
insert into t_car_model(cm_id , cs_id , cm_name,cm_type ,cm_order , cm_state , cm_min_price , cm_max_price) values(1001884,2853,'2011款 2.4L四驱高级型5座ZN6493','2011款',7,1,193800,193800);
insert into t_car_model(cm_id , cs_id , cm_name,cm_type ,cm_order , cm_state , cm_min_price , cm_max_price) values(1001885,2853,'2011款 2.4L四驱高级型7座ZN6493','2011款',8,1,193800,193800);
insert into t_car_brand_factory(cbf_id , cb_id , cbf_name ,cbf_letter) values(73,63,'日产(进口)','R');
insert into t_car_series(cs_id,cbf_id,cs_name,cs_order,cs_letter) values(958,73,'楼兰(海外)',3901,'L');
insert into t_car_model(cm_id , cs_id , cm_name,cm_type ,cm_order , cm_state , cm_min_price , cm_max_price) values(6845,958,'2008款 3.5L','2008款',1,1,558000,558000);
insert into t_car_series(cs_id,cbf_id,cs_name,cs_order,cs_letter) values(264,73,'途乐',3904,'T');
insert into t_car_model(cm_id , cs_id , cm_name,cm_type ,cm_order , cm_state , cm_min_price , cm_max_price) values(30709,264,'2018款 4.0L 领英型','2018款',1,1,558000,558000);
insert into t_car_model(cm_id , cs_id , cm_name,cm_type ,cm_order , cm_state , cm_min_price , cm_max_price) values(30710,264,'2018款 4.0L 旗舰型','2018款',2,1,619000,619000);
insert into t_car_model(cm_id , cs_id , cm_name,cm_type ,cm_order , cm_state , cm_min_price , cm_max_price) values(30711,264,'2018款 4.0L 铂金型','2018款',3,1,689000,689000);
insert into t_car_model(cm_id , cs_id , cm_name,cm_type ,cm_order , cm_state , cm_min_price , cm_max_price) values(30764,264,'2018款 5.6L 标准型','2018款',4,1,841800,841800);
insert into t_car_model(cm_id , cs_id , cm_name,cm_type ,cm_order , cm_state , cm_min_price , cm_max_price) values(27906,264,'2017款 5.6L 标准型','2017款',1,1,898000,898000);
insert into t_car_model(cm_id , cs_id , cm_name,cm_type ,cm_order , cm_state , cm_min_price , cm_max_price) values(23919,264,'2016款 5.6L 标准型','2016款',1,1,798000,798000);
insert into t_car_model(cm_id , cs_id , cm_name,cm_type ,cm_order , cm_state , cm_min_price , cm_max_price) values(17596,264,'2014款 5.6L LE','2014款',1,1,1198000,1198000);
insert into t_car_model(cm_id , cs_id , cm_name,cm_type ,cm_order , cm_state , cm_min_price , cm_max_price) values(7129,264,'2012款 5.6L V8旗舰版','2012款',1,1,1390000,1390000);
insert into t_car_model(cm_id , cs_id , cm_name,cm_type ,cm_order , cm_state , cm_min_price , cm_max_price) values(973,264,'2004款 4800 GRX','2004款',1,1,655000,655000);
insert into t_car_series(cs_id,cbf_id,cs_name,cs_order,cs_letter) values(2550,73,'日产NV3500',3916,'R');
insert into t_car_model(cm_id , cs_id , cm_name,cm_type ,cm_order , cm_state , cm_min_price , cm_max_price) values(45551,2550,'2017款 基本型','2017款',1,1,0,0);
insert into t_car_series(cs_id,cbf_id,cs_name,cs_order,cs_letter) values(702,73,'日产370Z',3919,'R');
insert into t_car_model(cm_id , cs_id , cm_name,cm_type ,cm_order , cm_state , cm_min_price , cm_max_price) values(20992,702,'2015款 3.7L Coupe','2015款',1,1,525000,525000);
insert into t_car_model(cm_id , cs_id , cm_name,cm_type ,cm_order , cm_state , cm_min_price , cm_max_price) values(19202,702,'2015款 3.7L NISMO','2015款',2,1,645000,645000);
insert into t_car_model(cm_id , cs_id , cm_name,cm_type ,cm_order , cm_state , cm_min_price , cm_max_price) values(11929,702,'2013款 3.7L Coupe','2013款',1,1,608000,608000);
insert into t_car_model(cm_id , cs_id , cm_name,cm_type ,cm_order , cm_state , cm_min_price , cm_max_price) values(14505,702,'2013款 3.7L Roadster','2013款',2,1,668000,668000);
insert into t_car_series(cs_id,cbf_id,cs_name,cs_order,cs_letter) values(436,73,'日产GT-R',3920,'R');
insert into t_car_model(cm_id , cs_id , cm_name,cm_type ,cm_order , cm_state , cm_min_price , cm_max_price) values(28544,436,'2017款 3.8T 旗舰版','2017款',1,1,1628000,1628000);
insert into t_car_model(cm_id , cs_id , cm_name,cm_type ,cm_order , cm_state , cm_min_price , cm_max_price) values(28587,436,'2017款 3.8T 定制版','2017款',2,1,1678000,1678000);
insert into t_car_model(cm_id , cs_id , cm_name,cm_type ,cm_order , cm_state , cm_min_price , cm_max_price) values(28588,436,'2017款 3.8T 限量定制版','2017款',3,1,1678000,1678000);
insert into t_car_model(cm_id , cs_id , cm_name,cm_type ,cm_order , cm_state , cm_min_price , cm_max_price) values(28545,436,'2017款 3.8T 黑金刚版','2017款',4,1,1728000,1728000);
insert into t_car_model(cm_id , cs_id , cm_name,cm_type ,cm_order , cm_state , cm_min_price , cm_max_price) values(17692,436,'2015款 3.8T 动感酷黑内饰版','2015款',1,1,1580000,1580000);
insert into t_car_model(cm_id , cs_id , cm_name,cm_type ,cm_order , cm_state , cm_min_price , cm_max_price) values(17691,436,'2015款 3.8T 豪华棕红内饰版','2015款',2,1,1630000,1630000);
insert into t_car_model(cm_id , cs_id , cm_name,cm_type ,cm_order , cm_state , cm_min_price , cm_max_price) values(17557,436,'2015款 3.8T 时尚米白内饰版','2015款',3,1,1630000,1630000);
insert into t_car_model(cm_id , cs_id , cm_name,cm_type ,cm_order , cm_state , cm_min_price , cm_max_price) values(17542,436,'2015款 3.8T NISMO','2015款',4,1,2350000,2350000);
insert into t_car_model(cm_id , cs_id , cm_name,cm_type ,cm_order , cm_state , cm_min_price , cm_max_price) values(17693,436,'2015款 3.8T 特别版','2015款',5,1,1680000,1680000);
insert into t_car_model(cm_id , cs_id , cm_name,cm_type ,cm_order , cm_state , cm_min_price , cm_max_price) values(18964,436,'2015款 3.8T 黑金刚版','2015款',6,1,1680000,1680000);
insert into t_car_model(cm_id , cs_id , cm_name,cm_type ,cm_order , cm_state , cm_min_price , cm_max_price) values(15836,436,'2014款 3.8T Premium Edition 黑色内饰','2014款',1,1,1505000,1505000);
insert into t_car_model(cm_id , cs_id , cm_name,cm_type ,cm_order , cm_state , cm_min_price , cm_max_price) values(14818,436,'2014款 3.8T Premium Edition 棕红内饰','2014款',2,1,1530000,1530000);
insert into t_car_model(cm_id , cs_id , cm_name,cm_type ,cm_order , cm_state , cm_min_price , cm_max_price) values(11255,436,'2013款 3.8T Premium Edition','2013款',1,1,1600000,1600000);
insert into t_car_model(cm_id , cs_id , cm_name,cm_type ,cm_order , cm_state , cm_min_price , cm_max_price) values(8778,436,'2012款 3.8T Premium Edition','2012款',1,1,1505000,1505000);
insert into t_car_model(cm_id , cs_id , cm_name,cm_type ,cm_order , cm_state , cm_min_price , cm_max_price) values(6703,436,'2010款 3.8T Premium Edition','2010款',1,1,1480000,1480000);
insert into t_car_model(cm_id , cs_id , cm_name,cm_type ,cm_order , cm_state , cm_min_price , cm_max_price) values(1907,436,'2009款 R35','2009款',1,1,1580000,1580000);
insert into t_car_series(cs_id,cbf_id,cs_name,cs_order,cs_letter) values(205,73,'风度',3942,'F');
insert into t_car_model(cm_id , cs_id , cm_name,cm_type ,cm_order , cm_state , cm_min_price , cm_max_price) values(774,205,'2004款 2.0 G','2004款',1,1,288000,288000);
insert into t_car_model(cm_id , cs_id , cm_name,cm_type ,cm_order , cm_state , cm_min_price , cm_max_price) values(772,205,'2004款 3.0','2004款',2,1,328000,328000);
insert into t_car_series(cs_id,cbf_id,cs_name,cs_order,cs_letter) values(376,73,'风雅',3944,'F');
insert into t_car_model(cm_id , cs_id , cm_name,cm_type ,cm_order , cm_state , cm_min_price , cm_max_price) values(2547,376,'2007款 350','2007款',1,1,500000,500000);
insert into t_car_model(cm_id , cs_id , cm_name,cm_type ,cm_order , cm_state , cm_min_price , cm_max_price) values(6830,376,'2007款 3.5 豪华导航版','2007款',2,1,555000,555000);
insert into t_car_model(cm_id , cs_id , cm_name,cm_type ,cm_order , cm_state , cm_min_price , cm_max_price) values(6829,376,'2007款 3.5 VIP版','2007款',3,1,585000,585000);
insert into t_car_model(cm_id , cs_id , cm_name,cm_type ,cm_order , cm_state , cm_min_price , cm_max_price) values(1390,376,'2005款 350 豪华版','2005款',1,1,515000,515000);
insert into t_car_model(cm_id , cs_id , cm_name,cm_type ,cm_order , cm_state , cm_min_price , cm_max_price) values(1754,376,'2005款 350 豪华导航版','2005款',2,1,555000,555000);
insert into t_car_model(cm_id , cs_id , cm_name,cm_type ,cm_order , cm_state , cm_min_price , cm_max_price) values(1755,376,'2005款 350 VIP版','2005款',3,1,585000,585000);
insert into t_car_series(cs_id,cbf_id,cs_name,cs_order,cs_letter) values(204,73,'CIMA',3947,'C');
insert into t_car_model(cm_id , cs_id , cm_name,cm_type ,cm_order , cm_state , cm_min_price , cm_max_price) values(410,204,'2004款 4.5 CIMA','2004款',1,1,660000,660000);
insert into t_car_series(cs_id,cbf_id,cs_name,cs_order,cs_letter) values(208,73,'奇骏(进口)',3952,'Q');
insert into t_car_model(cm_id , cs_id , cm_name,cm_type ,cm_order , cm_state , cm_min_price , cm_max_price) values(1172,208,'2004款 2.5 标准型','2004款',1,1,291000,291000);
insert into t_car_model(cm_id , cs_id , cm_name,cm_type ,cm_order , cm_state , cm_min_price , cm_max_price) values(769,208,'2004款 2.5 俊朗型','2004款',2,1,311000,311000);
insert into t_car_model(cm_id , cs_id , cm_name,cm_type ,cm_order , cm_state , cm_min_price , cm_max_price) values(1171,208,'2004款 2.5 豪华型','2004款',3,1,333000,333000);
insert into t_car_series(cs_id,cbf_id,cs_name,cs_order,cs_letter) values(438,73,'贵士',3955,'G');
insert into t_car_model(cm_id , cs_id , cm_name,cm_type ,cm_order , cm_state , cm_min_price , cm_max_price) values(21615,438,'2015款 3.5L SL','2015款',1,1,468000,468000);
insert into t_car_model(cm_id , cs_id , cm_name,cm_type ,cm_order , cm_state , cm_min_price , cm_max_price) values(15859,438,'2013款 3.5L SL','2013款',1,1,668000,668000);
insert into t_car_model(cm_id , cs_id , cm_name,cm_type ,cm_order , cm_state , cm_min_price , cm_max_price) values(11407,438,'2012款 3.5L SL','2012款',1,1,668000,668000);
insert into t_car_model(cm_id , cs_id , cm_name,cm_type ,cm_order , cm_state , cm_min_price , cm_max_price) values(2546,438,'2006款 3.5L','2006款',1,1,493000,493000);
insert into t_car_model(cm_id , cs_id , cm_name,cm_type ,cm_order , cm_state , cm_min_price , cm_max_price) values(1932,438,'2005款 3.5L','2005款',1,1,493000,493000);
insert into t_car_series(cs_id,cbf_id,cs_name,cs_order,cs_letter) values(316,73,'日产350Z',3962,'R');
insert into t_car_model(cm_id , cs_id , cm_name,cm_type ,cm_order , cm_state , cm_min_price , cm_max_price) values(2545,316,'2006款 3.5 MT','2006款',1,1,582000,582000);
insert into t_car_model(cm_id , cs_id , cm_name,cm_type ,cm_order , cm_state , cm_min_price , cm_max_price) values(1193,316,'2004款 3.5 AT','2004款',1,1,580000,580000);
insert into t_car_series(cs_id,cbf_id,cs_name,cs_order,cs_letter) values(2578,73,'碧莲',3964,'B');
insert into t_car_model(cm_id , cs_id , cm_name,cm_type ,cm_order , cm_state , cm_min_price , cm_max_price) values(1000765,2578,'2011款 4.5L-STD','2011款',1,1,798000,798000);
insert into t_car_model(cm_id , cs_id , cm_name,cm_type ,cm_order , cm_state , cm_min_price , cm_max_price) values(1000764,2578,'2011款 4.5L-VIP','2011款',2,1,978000,978000);
insert into t_car_model(cm_id , cs_id , cm_name,cm_type ,cm_order , cm_state , cm_min_price , cm_max_price) values(1000766,2578,'2011款 4.5L-尊贵VIP','2011款',3,1,1268000,1268000);
