insert into t_car_brand_factory(cbf_id , cb_id , cbf_name ,cbf_letter) values(563,51,'长安林肯','C');
insert into t_car_series(cs_id,cbf_id,cs_name,cs_order,cs_letter) values(6477,563,'林肯Z',3153,'L');
insert into t_car_model(cm_id , cs_id , cm_name,cm_type ,cm_order , cm_state , cm_min_price , cm_max_price) values(54247,6477,'2022款 i酷 尊悦版','2022款',1,1,255000,255000);
insert into t_car_model(cm_id , cs_id , cm_name,cm_type ,cm_order , cm_state , cm_min_price , cm_max_price) values(54540,6477,'2022款 i酷 尊享版','2022款',2,1,270000,270000);
insert into t_car_model(cm_id , cs_id , cm_name,cm_type ,cm_order , cm_state , cm_min_price , cm_max_price) values(54543,6477,'2022款 i享 尊享版','2022款',3,1,270000,270000);
insert into t_car_model(cm_id , cs_id , cm_name,cm_type ,cm_order , cm_state , cm_min_price , cm_max_price) values(54541,6477,'2022款 i酷 尊雅版','2022款',4,1,300000,300000);
insert into t_car_model(cm_id , cs_id , cm_name,cm_type ,cm_order , cm_state , cm_min_price , cm_max_price) values(54544,6477,'2022款 i享 尊雅版','2022款',5,1,300000,300000);
insert into t_car_model(cm_id , cs_id , cm_name,cm_type ,cm_order , cm_state , cm_min_price , cm_max_price) values(54542,6477,'2022款 i酷 尊耀版','2022款',6,1,336000,336000);
insert into t_car_model(cm_id , cs_id , cm_name,cm_type ,cm_order , cm_state , cm_min_price , cm_max_price) values(54545,6477,'2022款 i享 尊耀版','2022款',7,1,342000,342000);
insert into t_car_series(cs_id,cbf_id,cs_name,cs_order,cs_letter) values(5385,563,'冒险家',3154,'M');
insert into t_car_model(cm_id , cs_id , cm_name,cm_type ,cm_order , cm_state , cm_min_price , cm_max_price) values(51633,5385,'2022款 2.0T 两驱尊悦版','2022款',1,1,246800,246800);
insert into t_car_model(cm_id , cs_id , cm_name,cm_type ,cm_order , cm_state , cm_min_price , cm_max_price) values(51634,5385,'2022款 2.0T 两驱尊享版','2022款',2,1,259800,259800);
insert into t_car_model(cm_id , cs_id , cm_name,cm_type ,cm_order , cm_state , cm_min_price , cm_max_price) values(51635,5385,'2022款 2.0T 两驱尊雅版','2022款',3,1,279800,279800);
insert into t_car_model(cm_id , cs_id , cm_name,cm_type ,cm_order , cm_state , cm_min_price , cm_max_price) values(52793,5385,'2022款 2.0T 两驱MONO限量版','2022款',4,1,289800,289800);
insert into t_car_model(cm_id , cs_id , cm_name,cm_type ,cm_order , cm_state , cm_min_price , cm_max_price) values(51636,5385,'2022款 2.0T 四驱尊雅版','2022款',5,1,302800,302800);
insert into t_car_model(cm_id , cs_id , cm_name,cm_type ,cm_order , cm_state , cm_min_price , cm_max_price) values(51637,5385,'2022款 2.0T 四驱尊耀版','2022款',6,1,345800,345800);
insert into t_car_model(cm_id , cs_id , cm_name,cm_type ,cm_order , cm_state , cm_min_price , cm_max_price) values(48897,5385,'2021款 2.0T 两驱尊悦版','2021款',1,1,246800,246800);
insert into t_car_model(cm_id , cs_id , cm_name,cm_type ,cm_order , cm_state , cm_min_price , cm_max_price) values(48898,5385,'2021款 2.0T 两驱尊享版','2021款',2,1,259800,259800);
insert into t_car_model(cm_id , cs_id , cm_name,cm_type ,cm_order , cm_state , cm_min_price , cm_max_price) values(48899,5385,'2021款 2.0T 两驱尊雅版','2021款',3,1,279800,279800);
insert into t_car_model(cm_id , cs_id , cm_name,cm_type ,cm_order , cm_state , cm_min_price , cm_max_price) values(48900,5385,'2021款 2.0T 四驱尊雅版','2021款',4,1,302800,302800);
insert into t_car_model(cm_id , cs_id , cm_name,cm_type ,cm_order , cm_state , cm_min_price , cm_max_price) values(48901,5385,'2021款 2.0T 四驱尊耀版','2021款',5,1,345800,345800);
insert into t_car_model(cm_id , cs_id , cm_name,cm_type ,cm_order , cm_state , cm_min_price , cm_max_price) values(43368,5385,'2020款 2.0T 两驱尊悦版','2020款',1,1,246800,246800);
insert into t_car_model(cm_id , cs_id , cm_name,cm_type ,cm_order , cm_state , cm_min_price , cm_max_price) values(43369,5385,'2020款 2.0T 两驱尊享版','2020款',2,1,259800,259800);
insert into t_car_model(cm_id , cs_id , cm_name,cm_type ,cm_order , cm_state , cm_min_price , cm_max_price) values(43370,5385,'2020款 2.0T 两驱尊雅版','2020款',3,1,279800,279800);
insert into t_car_model(cm_id , cs_id , cm_name,cm_type ,cm_order , cm_state , cm_min_price , cm_max_price) values(47869,5385,'2020款 2.0T 两驱黑骑士限量版','2020款',4,1,285800,285800);
insert into t_car_model(cm_id , cs_id , cm_name,cm_type ,cm_order , cm_state , cm_min_price , cm_max_price) values(43371,5385,'2020款 2.0T 四驱尊雅版','2020款',5,1,302800,302800);
insert into t_car_model(cm_id , cs_id , cm_name,cm_type ,cm_order , cm_state , cm_min_price , cm_max_price) values(41065,5385,'2020款 2.0T 四驱尊耀版','2020款',6,1,345800,345800);
insert into t_car_series(cs_id,cbf_id,cs_name,cs_order,cs_letter) values(5386,563,'冒险家新能源',3155,'M');
insert into t_car_model(cm_id , cs_id , cm_name,cm_type ,cm_order , cm_state , cm_min_price , cm_max_price) values(53009,5386,'2021款 PHEV 四驱e享版','2021款',1,1,309800,309800);
insert into t_car_model(cm_id , cs_id , cm_name,cm_type ,cm_order , cm_state , cm_min_price , cm_max_price) values(41066,5386,'2021款 PHEV 四驱e雅版','2021款',2,1,345800,345800);
insert into t_car_series(cs_id,cbf_id,cs_name,cs_order,cs_letter) values(5757,563,'航海家',3156,'H');
insert into t_car_model(cm_id , cs_id , cm_name,cm_type ,cm_order , cm_state , cm_min_price , cm_max_price) values(49584,5757,'2021款 2.0T 两驱尊悦版','2021款',1,1,328800,328800);
insert into t_car_model(cm_id , cs_id , cm_name,cm_type ,cm_order , cm_state , cm_min_price , cm_max_price) values(49585,5757,'2021款 2.0T 四驱尊享版','2021款',2,1,348800,348800);
insert into t_car_model(cm_id , cs_id , cm_name,cm_type ,cm_order , cm_state , cm_min_price , cm_max_price) values(49586,5757,'2021款 2.0T 四驱尊雅版','2021款',3,1,378800,378800);
insert into t_car_model(cm_id , cs_id , cm_name,cm_type ,cm_order , cm_state , cm_min_price , cm_max_price) values(54163,5757,'2021款 2.0T 四驱加州海岸限量版','2021款',4,1,388800,388800);
insert into t_car_model(cm_id , cs_id , cm_name,cm_type ,cm_order , cm_state , cm_min_price , cm_max_price) values(49580,5757,'2021款 2.7T 四驱尊耀版','2021款',5,1,418800,418800);
insert into t_car_model(cm_id , cs_id , cm_name,cm_type ,cm_order , cm_state , cm_min_price , cm_max_price) values(45544,5757,'2021款 2.7T 四驱总统版','2021款',6,1,478800,478800);
insert into t_car_series(cs_id,cbf_id,cs_name,cs_order,cs_letter) values(5554,563,'飞行家',3157,'F');
insert into t_car_model(cm_id , cs_id , cm_name,cm_type ,cm_order , cm_state , cm_min_price , cm_max_price) values(52262,5554,'2021款 3.0T V6 两驱尊悦版','2021款',1,1,509800,509800);
insert into t_car_model(cm_id , cs_id , cm_name,cm_type ,cm_order , cm_state , cm_min_price , cm_max_price) values(52263,5554,'2021款 3.0T V6 四驱尊享版','2021款',2,1,549800,549800);
insert into t_car_model(cm_id , cs_id , cm_name,cm_type ,cm_order , cm_state , cm_min_price , cm_max_price) values(52264,5554,'2021款 3.0T V6 四驱尊雅版','2021款',3,1,599800,599800);
insert into t_car_model(cm_id , cs_id , cm_name,cm_type ,cm_order , cm_state , cm_min_price , cm_max_price) values(52265,5554,'2021款 3.0T V6 四驱行政版','2021款',4,1,689800,689800);
insert into t_car_model(cm_id , cs_id , cm_name,cm_type ,cm_order , cm_state , cm_min_price , cm_max_price) values(52996,5554,'2021款 3.0T V6 四驱MONO限量版','2021款',5,1,699800,699800);
insert into t_car_model(cm_id , cs_id , cm_name,cm_type ,cm_order , cm_state , cm_min_price , cm_max_price) values(52266,5554,'2021款 3.0T V6 四驱总统版','2021款',6,1,759800,759800);
insert into t_car_model(cm_id , cs_id , cm_name,cm_type ,cm_order , cm_state , cm_min_price , cm_max_price) values(46499,5554,'2020款 3.0T V6 两驱尊悦版','2020款',1,1,509800,509800);
insert into t_car_model(cm_id , cs_id , cm_name,cm_type ,cm_order , cm_state , cm_min_price , cm_max_price) values(46016,5554,'2020款 3.0T V6 四驱尊享版','2020款',2,1,549800,549800);
insert into t_car_model(cm_id , cs_id , cm_name,cm_type ,cm_order , cm_state , cm_min_price , cm_max_price) values(46017,5554,'2020款 3.0T V6 四驱尊雅版','2020款',3,1,599800,599800);
insert into t_car_model(cm_id , cs_id , cm_name,cm_type ,cm_order , cm_state , cm_min_price , cm_max_price) values(46018,5554,'2020款 3.0T V6 四驱行政版','2020款',4,1,689800,689800);
insert into t_car_model(cm_id , cs_id , cm_name,cm_type ,cm_order , cm_state , cm_min_price , cm_max_price) values(43241,5554,'2020款 3.0T V6 四驱总统版','2020款',5,1,759800,759800);
insert into t_car_brand_factory(cbf_id , cb_id , cbf_name ,cbf_letter) values(56,51,'林肯(进口)','L');
insert into t_car_series(cs_id,cbf_id,cs_name,cs_order,cs_letter) values(3731,56,'林肯大陆',3158,'L');
insert into t_car_model(cm_id , cs_id , cm_name,cm_type ,cm_order , cm_state , cm_min_price , cm_max_price) values(45060,3731,'2020款 2.0T 两驱MONO限量尊耀版 MONO BLACK','2020款',1,1,460800,460800);
insert into t_car_model(cm_id , cs_id , cm_name,cm_type ,cm_order , cm_state , cm_min_price , cm_max_price) values(45061,3731,'2020款 2.0T 两驱MONO限量尊耀版 MONO WHITE','2020款',2,1,462800,462800);
insert into t_car_model(cm_id , cs_id , cm_name,cm_type ,cm_order , cm_state , cm_min_price , cm_max_price) values(37445,3731,'2019款 2.0T 两驱尊悦版 国VI','2019款',1,1,360800,360800);
insert into t_car_model(cm_id , cs_id , cm_name,cm_type ,cm_order , cm_state , cm_min_price , cm_max_price) values(37446,3731,'2019款 2.0T 两驱尊享版 国VI','2019款',2,1,380800,380800);
insert into t_car_model(cm_id , cs_id , cm_name,cm_type ,cm_order , cm_state , cm_min_price , cm_max_price) values(37448,3731,'2019款 2.0T 两驱尊雅版 国VI','2019款',3,1,400800,400800);
insert into t_car_model(cm_id , cs_id , cm_name,cm_type ,cm_order , cm_state , cm_min_price , cm_max_price) values(37450,3731,'2019款 2.0T 两驱尊耀版 国VI','2019款',4,1,435800,435800);
insert into t_car_model(cm_id , cs_id , cm_name,cm_type ,cm_order , cm_state , cm_min_price , cm_max_price) values(37453,3731,'2019款 2.0T 两驱总统版 国VI','2019款',5,1,485800,485800);
insert into t_car_model(cm_id , cs_id , cm_name,cm_type ,cm_order , cm_state , cm_min_price , cm_max_price) values(37452,3731,'2019款 3.0T 四驱总统版 国V','2019款',6,1,555800,555800);
insert into t_car_model(cm_id , cs_id , cm_name,cm_type ,cm_order , cm_state , cm_min_price , cm_max_price) values(37451,3731,'2019款 3.0T 四驱尊耀版 国V','2019款',7,1,505800,505800);
insert into t_car_model(cm_id , cs_id , cm_name,cm_type ,cm_order , cm_state , cm_min_price , cm_max_price) values(37449,3731,'2019款 2.0T 两驱尊耀版 国V','2019款',8,1,435800,435800);
insert into t_car_model(cm_id , cs_id , cm_name,cm_type ,cm_order , cm_state , cm_min_price , cm_max_price) values(37447,3731,'2019款 2.0T 两驱尊雅版 国V','2019款',9,1,400800,400800);
insert into t_car_model(cm_id , cs_id , cm_name,cm_type ,cm_order , cm_state , cm_min_price , cm_max_price) values(37444,3731,'2019款 2.0T 两驱尊享版 国V','2019款',10,1,380800,380800);
insert into t_car_model(cm_id , cs_id , cm_name,cm_type ,cm_order , cm_state , cm_min_price , cm_max_price) values(37443,3731,'2019款 2.0T 两驱尊悦版 国V','2019款',11,1,360800,360800);
insert into t_car_model(cm_id , cs_id , cm_name,cm_type ,cm_order , cm_state , cm_min_price , cm_max_price) values(33623,3731,'2018款 2.0T 两驱尊悦版','2018款',1,1,368800,368800);
insert into t_car_model(cm_id , cs_id , cm_name,cm_type ,cm_order , cm_state , cm_min_price , cm_max_price) values(33624,3731,'2018款 2.0T 两驱尊享版','2018款',2,1,389800,389800);
insert into t_car_model(cm_id , cs_id , cm_name,cm_type ,cm_order , cm_state , cm_min_price , cm_max_price) values(33625,3731,'2018款 2.0T 两驱尊雅版','2018款',3,1,411800,411800);
insert into t_car_model(cm_id , cs_id , cm_name,cm_type ,cm_order , cm_state , cm_min_price , cm_max_price) values(33626,3731,'2018款 2.0T 两驱尊耀版','2018款',4,1,445800,445800);
insert into t_car_model(cm_id , cs_id , cm_name,cm_type ,cm_order , cm_state , cm_min_price , cm_max_price) values(33627,3731,'2018款 3.0T 四驱尊耀版','2018款',5,1,520800,520800);
insert into t_car_model(cm_id , cs_id , cm_name,cm_type ,cm_order , cm_state , cm_min_price , cm_max_price) values(33628,3731,'2018款 3.0T 四驱总统版','2018款',6,1,566800,566800);
insert into t_car_model(cm_id , cs_id , cm_name,cm_type ,cm_order , cm_state , cm_min_price , cm_max_price) values(28232,3731,'2017款 2.0T 两驱尊享版','2017款',1,1,418800,418800);
insert into t_car_model(cm_id , cs_id , cm_name,cm_type ,cm_order , cm_state , cm_min_price , cm_max_price) values(28233,3731,'2017款 2.0T 两驱尊雅版','2017款',2,1,443800,443800);
insert into t_car_model(cm_id , cs_id , cm_name,cm_type ,cm_order , cm_state , cm_min_price , cm_max_price) values(28643,3731,'2017款 2.0T 两驱尊耀版','2017款',3,1,483800,483800);
insert into t_car_model(cm_id , cs_id , cm_name,cm_type ,cm_order , cm_state , cm_min_price , cm_max_price) values(25031,3731,'2017款 3.0T 四驱尊耀版','2017款',4,1,563800,563800);
insert into t_car_model(cm_id , cs_id , cm_name,cm_type ,cm_order , cm_state , cm_min_price , cm_max_price) values(28382,3731,'2017款 3.0T 四驱总统版','2017款',5,1,613800,613800);
insert into t_car_series(cs_id,cbf_id,cs_name,cs_order,cs_letter) values(5045,56,'飞行家新能源(进口)',3159,'F');
insert into t_car_model(cm_id , cs_id , cm_name,cm_type ,cm_order , cm_state , cm_min_price , cm_max_price) values(37141,5045,'2020款 3.0T V6全驱高性能插电式混动版','2020款',1,1,818800,818800);
insert into t_car_series(cs_id,cbf_id,cs_name,cs_order,cs_letter) values(95,56,'领航员',3160,'L');
insert into t_car_model(cm_id , cs_id , cm_name,cm_type ,cm_order , cm_state , cm_min_price , cm_max_price) values(44239,95,'2020款 3.5T 尊耀版','2020款',1,1,1098000,1098000);
insert into t_car_model(cm_id , cs_id , cm_name,cm_type ,cm_order , cm_state , cm_min_price , cm_max_price) values(45601,95,'2020款 3.5T MONO限量尊耀版 MONO BLACK','2020款',2,1,1108000,1108000);
insert into t_car_model(cm_id , cs_id , cm_name,cm_type ,cm_order , cm_state , cm_min_price , cm_max_price) values(45602,95,'2020款 3.5T MONO限量尊耀版 MONO WHITE','2020款',3,1,1113000,1113000);
insert into t_car_model(cm_id , cs_id , cm_name,cm_type ,cm_order , cm_state , cm_min_price , cm_max_price) values(44240,95,'2020款 3.5T 总统系列','2020款',4,1,1198000,1198000);
insert into t_car_model(cm_id , cs_id , cm_name,cm_type ,cm_order , cm_state , cm_min_price , cm_max_price) values(45600,95,'2020款 3.5T L 长轴总统版','2020款',5,1,1298000,1298000);
insert into t_car_model(cm_id , cs_id , cm_name,cm_type ,cm_order , cm_state , cm_min_price , cm_max_price) values(41650,95,'2019款 3.5T 尊耀版 国VI','2019款',1,1,1098000,1098000);
insert into t_car_model(cm_id , cs_id , cm_name,cm_type ,cm_order , cm_state , cm_min_price , cm_max_price) values(41651,95,'2019款 3.5T 总统系列 国VI','2019款',2,1,1198000,1198000);
insert into t_car_model(cm_id , cs_id , cm_name,cm_type ,cm_order , cm_state , cm_min_price , cm_max_price) values(33478,95,'2018款 3.5T 尊耀版 国V','2018款',1,1,1098000,1098000);
insert into t_car_model(cm_id , cs_id , cm_name,cm_type ,cm_order , cm_state , cm_min_price , cm_max_price) values(33479,95,'2018款 3.5T 总统系列 国V','2018款',2,1,1198000,1198000);
insert into t_car_model(cm_id , cs_id , cm_name,cm_type ,cm_order , cm_state , cm_min_price , cm_max_price) values(29842,95,'2017款 3.5T AWD','2017款',1,1,988800,988800);
insert into t_car_model(cm_id , cs_id , cm_name,cm_type ,cm_order , cm_state , cm_min_price , cm_max_price) values(21288,95,'2016款 3.5T AWD','2016款',1,1,988800,988800);
insert into t_car_model(cm_id , cs_id , cm_name,cm_type ,cm_order , cm_state , cm_min_price , cm_max_price) values(5601,95,'2010款 5.4L AWD','2010款',1,1,1350000,1350000);
insert into t_car_model(cm_id , cs_id , cm_name,cm_type ,cm_order , cm_state , cm_min_price , cm_max_price) values(423,95,'2005款 5.4L','2005款',1,1,788300,788300);
insert into t_car_model(cm_id , cs_id , cm_name,cm_type ,cm_order , cm_state , cm_min_price , cm_max_price) values(980,95,'2004款 5.4L','2004款',1,1,700000,700000);
insert into t_car_series(cs_id,cbf_id,cs_name,cs_order,cs_letter) values(4635,56,'航海家(进口)',3165,'H');
insert into t_car_model(cm_id , cs_id , cm_name,cm_type ,cm_order , cm_state , cm_min_price , cm_max_price) values(47912,4635,'2020款 2.0T 潜航版','2020款',1,1,408800,408800);
insert into t_car_model(cm_id , cs_id , cm_name,cm_type ,cm_order , cm_state , cm_min_price , cm_max_price) values(48734,4635,'2020款 2.0T 两驱尊享版','2020款',2,1,408800,408800);
insert into t_car_model(cm_id , cs_id , cm_name,cm_type ,cm_order , cm_state , cm_min_price , cm_max_price) values(48735,4635,'2020款 2.0T 四驱尊雅版','2020款',3,1,458800,458800);
insert into t_car_model(cm_id , cs_id , cm_name,cm_type ,cm_order , cm_state , cm_min_price , cm_max_price) values(48736,4635,'2020款 2.7T 四驱尊耀版','2020款',4,1,518800,518800);
insert into t_car_model(cm_id , cs_id , cm_name,cm_type ,cm_order , cm_state , cm_min_price , cm_max_price) values(45934,4635,'2020款 2.7T 四驱尊耀限量版 国VI','2020款',5,1,498800,498800);
insert into t_car_model(cm_id , cs_id , cm_name,cm_type ,cm_order , cm_state , cm_min_price , cm_max_price) values(37841,4635,'2019款 2.0T 两驱尊悦版 国V','2019款',1,1,388800,388800);
insert into t_car_model(cm_id , cs_id , cm_name,cm_type ,cm_order , cm_state , cm_min_price , cm_max_price) values(37860,4635,'2019款 2.0T 两驱尊享版 国V','2019款',2,1,408800,408800);
insert into t_car_model(cm_id , cs_id , cm_name,cm_type ,cm_order , cm_state , cm_min_price , cm_max_price) values(37861,4635,'2019款 2.0T 四驱尊雅版 国V','2019款',3,1,458800,458800);
insert into t_car_model(cm_id , cs_id , cm_name,cm_type ,cm_order , cm_state , cm_min_price , cm_max_price) values(37862,4635,'2019款 2.7T 四驱尊耀版 国V','2019款',4,1,518800,518800);
insert into t_car_model(cm_id , cs_id , cm_name,cm_type ,cm_order , cm_state , cm_min_price , cm_max_price) values(37859,4635,'2019款 2.0T 两驱尊悦版 国VI','2019款',5,1,388800,388800);
insert into t_car_model(cm_id , cs_id , cm_name,cm_type ,cm_order , cm_state , cm_min_price , cm_max_price) values(36850,4635,'2019款 2.0T 两驱尊享版 国VI','2019款',6,1,408800,408800);
insert into t_car_model(cm_id , cs_id , cm_name,cm_type ,cm_order , cm_state , cm_min_price , cm_max_price) values(37746,4635,'2019款 2.0T 四驱尊雅版 国VI','2019款',7,1,458800,458800);
insert into t_car_model(cm_id , cs_id , cm_name,cm_type ,cm_order , cm_state , cm_min_price , cm_max_price) values(37842,4635,'2019款 2.7T 四驱尊耀版 国VI','2019款',8,1,518800,518800);
insert into t_car_series(cs_id,cbf_id,cs_name,cs_order,cs_letter) values(4749,56,'飞行家(进口)',3166,'F');
insert into t_car_model(cm_id , cs_id , cm_name,cm_type ,cm_order , cm_state , cm_min_price , cm_max_price) values(41546,4749,'2020款 3.0T V6全驱尊享版','2020款',1,1,628800,628800);
insert into t_car_model(cm_id , cs_id , cm_name,cm_type ,cm_order , cm_state , cm_min_price , cm_max_price) values(37140,4749,'2020款 3.0T V6全驱尊雅版','2020款',2,1,688800,688800);
insert into t_car_series(cs_id,cbf_id,cs_name,cs_order,cs_letter) values(793,56,'林肯MKZ',3168,'L');
insert into t_car_model(cm_id , cs_id , cm_name,cm_type ,cm_order , cm_state , cm_min_price , cm_max_price) values(45464,793,'2020款 2.0T 尊悦版','2020款',1,1,255800,255800);
insert into t_car_model(cm_id , cs_id , cm_name,cm_type ,cm_order , cm_state , cm_min_price , cm_max_price) values(45465,793,'2020款 2.0T 尊享版','2020款',2,1,275800,275800);
insert into t_car_model(cm_id , cs_id , cm_name,cm_type ,cm_order , cm_state , cm_min_price , cm_max_price) values(45467,793,'2020款 2.0T 尊雅版','2020款',3,1,299800,299800);
insert into t_car_model(cm_id , cs_id , cm_name,cm_type ,cm_order , cm_state , cm_min_price , cm_max_price) values(45062,793,'2020款 2.0T MONO限量尊雅版 MONO BLACK','2020款',4,1,317800,317800);
insert into t_car_model(cm_id , cs_id , cm_name,cm_type ,cm_order , cm_state , cm_min_price , cm_max_price) values(45063,793,'2020款 2.0T MONO限量尊雅版 MONO WHITE','2020款',5,1,319800,319800);
insert into t_car_model(cm_id , cs_id , cm_name,cm_type ,cm_order , cm_state , cm_min_price , cm_max_price) values(45468,793,'2020款 2.0T 尊耀版','2020款',6,1,349800,349800);
insert into t_car_model(cm_id , cs_id , cm_name,cm_type ,cm_order , cm_state , cm_min_price , cm_max_price) values(45064,793,'2020款 2.0T MONO限量尊耀版 MONO BLACK','2020款',7,1,352800,352800);
insert into t_car_model(cm_id , cs_id , cm_name,cm_type ,cm_order , cm_state , cm_min_price , cm_max_price) values(45065,793,'2020款 2.0T MONO限量尊耀版 MONO WHITE','2020款',8,1,354800,354800);
insert into t_car_model(cm_id , cs_id , cm_name,cm_type ,cm_order , cm_state , cm_min_price , cm_max_price) values(45470,793,'2020款 2.0H 混动尊享版','2020款',9,1,295800,295800);
insert into t_car_model(cm_id , cs_id , cm_name,cm_type ,cm_order , cm_state , cm_min_price , cm_max_price) values(45472,793,'2020款 2.0H 混动尊雅版','2020款',10,1,319800,319800);
insert into t_car_model(cm_id , cs_id , cm_name,cm_type ,cm_order , cm_state , cm_min_price , cm_max_price) values(45473,793,'2020款 2.0H 混动尊耀版','2020款',11,1,369800,369800);
insert into t_car_model(cm_id , cs_id , cm_name,cm_type ,cm_order , cm_state , cm_min_price , cm_max_price) values(37461,793,'2019款 2.0T 尊悦版 国V','2019款',1,1,255800,255800);
insert into t_car_model(cm_id , cs_id , cm_name,cm_type ,cm_order , cm_state , cm_min_price , cm_max_price) values(37462,793,'2019款 2.0T 尊享版 国V','2019款',2,1,275800,275800);
insert into t_car_model(cm_id , cs_id , cm_name,cm_type ,cm_order , cm_state , cm_min_price , cm_max_price) values(37463,793,'2019款 2.0T 尊雅版 国V','2019款',3,1,299800,299800);
insert into t_car_model(cm_id , cs_id , cm_name,cm_type ,cm_order , cm_state , cm_min_price , cm_max_price) values(37464,793,'2019款 2.0T 尊耀版 国V','2019款',4,1,349800,349800);
insert into t_car_model(cm_id , cs_id , cm_name,cm_type ,cm_order , cm_state , cm_min_price , cm_max_price) values(37465,793,'2019款 2.0H 混动尊享版 国V','2019款',5,1,295800,295800);
insert into t_car_model(cm_id , cs_id , cm_name,cm_type ,cm_order , cm_state , cm_min_price , cm_max_price) values(37466,793,'2019款 2.0H 混动尊雅版 国V','2019款',6,1,319800,319800);
insert into t_car_model(cm_id , cs_id , cm_name,cm_type ,cm_order , cm_state , cm_min_price , cm_max_price) values(37467,793,'2019款 2.0H 混动尊耀版 国V','2019款',7,1,369800,369800);
insert into t_car_model(cm_id , cs_id , cm_name,cm_type ,cm_order , cm_state , cm_min_price , cm_max_price) values(37454,793,'2019款 2.0T 尊悦版 国VI','2019款',8,1,255800,255800);
insert into t_car_model(cm_id , cs_id , cm_name,cm_type ,cm_order , cm_state , cm_min_price , cm_max_price) values(37455,793,'2019款 2.0T 尊享版 国VI','2019款',9,1,275800,275800);
insert into t_car_model(cm_id , cs_id , cm_name,cm_type ,cm_order , cm_state , cm_min_price , cm_max_price) values(37456,793,'2019款 2.0T 尊雅版 国VI','2019款',10,1,299800,299800);
insert into t_car_model(cm_id , cs_id , cm_name,cm_type ,cm_order , cm_state , cm_min_price , cm_max_price) values(37457,793,'2019款 2.0T 尊耀版 国VI','2019款',11,1,349800,349800);
insert into t_car_model(cm_id , cs_id , cm_name,cm_type ,cm_order , cm_state , cm_min_price , cm_max_price) values(37458,793,'2019款 2.0H 混动尊享版 国VI','2019款',12,1,295800,295800);
insert into t_car_model(cm_id , cs_id , cm_name,cm_type ,cm_order , cm_state , cm_min_price , cm_max_price) values(37459,793,'2019款 2.0H 混动尊雅版 国VI','2019款',13,1,319800,319800);
insert into t_car_model(cm_id , cs_id , cm_name,cm_type ,cm_order , cm_state , cm_min_price , cm_max_price) values(37460,793,'2019款 2.0H 混动尊耀版 国VI','2019款',14,1,369800,369800);
insert into t_car_model(cm_id , cs_id , cm_name,cm_type ,cm_order , cm_state , cm_min_price , cm_max_price) values(34185,793,'2018款 2.0T 尊悦版','2018款',1,1,261800,261800);
insert into t_car_model(cm_id , cs_id , cm_name,cm_type ,cm_order , cm_state , cm_min_price , cm_max_price) values(34186,793,'2018款 2.0T 尊享版','2018款',2,1,281800,281800);
insert into t_car_model(cm_id , cs_id , cm_name,cm_type ,cm_order , cm_state , cm_min_price , cm_max_price) values(34187,793,'2018款 2.0T 尊雅版','2018款',3,1,308800,308800);
insert into t_car_model(cm_id , cs_id , cm_name,cm_type ,cm_order , cm_state , cm_min_price , cm_max_price) values(34188,793,'2018款 2.0T 尊耀版','2018款',4,1,361800,361800);
insert into t_car_model(cm_id , cs_id , cm_name,cm_type ,cm_order , cm_state , cm_min_price , cm_max_price) values(34189,793,'2018款 2.0H 混动尊享版','2018款',5,1,302800,302800);
insert into t_car_model(cm_id , cs_id , cm_name,cm_type ,cm_order , cm_state , cm_min_price , cm_max_price) values(34190,793,'2018款 2.0H 混动尊雅版','2018款',6,1,328800,328800);
insert into t_car_model(cm_id , cs_id , cm_name,cm_type ,cm_order , cm_state , cm_min_price , cm_max_price) values(34191,793,'2018款 2.0H 混动尊耀版','2018款',7,1,378800,378800);
insert into t_car_model(cm_id , cs_id , cm_name,cm_type ,cm_order , cm_state , cm_min_price , cm_max_price) values(26966,793,'2017款 2.0T 尊悦版','2017款',1,1,284800,284800);
insert into t_car_model(cm_id , cs_id , cm_name,cm_type ,cm_order , cm_state , cm_min_price , cm_max_price) values(26967,793,'2017款 2.0T 尊享版','2017款',2,1,304800,304800);
insert into t_car_model(cm_id , cs_id , cm_name,cm_type ,cm_order , cm_state , cm_min_price , cm_max_price) values(26968,793,'2017款 2.0T 尊雅版','2017款',3,1,332800,332800);
insert into t_car_model(cm_id , cs_id , cm_name,cm_type ,cm_order , cm_state , cm_min_price , cm_max_price) values(26969,793,'2017款 2.0T 尊耀版','2017款',4,1,388800,388800);
insert into t_car_model(cm_id , cs_id , cm_name,cm_type ,cm_order , cm_state , cm_min_price , cm_max_price) values(29840,793,'2017款 2.0H 混动尊享版','2017款',5,1,329800,329800);
insert into t_car_model(cm_id , cs_id , cm_name,cm_type ,cm_order , cm_state , cm_min_price , cm_max_price) values(29841,793,'2017款 2.0H 混动尊雅版','2017款',6,1,357800,357800);
insert into t_car_model(cm_id , cs_id , cm_name,cm_type ,cm_order , cm_state , cm_min_price , cm_max_price) values(29800,793,'2017款 2.0H 混动尊耀版','2017款',7,1,408800,408800);
insert into t_car_model(cm_id , cs_id , cm_name,cm_type ,cm_order , cm_state , cm_min_price , cm_max_price) values(24954,793,'2016款 2.0T 尊享版','2016款',1,1,315800,315800);
insert into t_car_model(cm_id , cs_id , cm_name,cm_type ,cm_order , cm_state , cm_min_price , cm_max_price) values(24955,793,'2016款 2.0T 尊雅版','2016款',2,1,349800,349800);
insert into t_car_model(cm_id , cs_id , cm_name,cm_type ,cm_order , cm_state , cm_min_price , cm_max_price) values(24956,793,'2016款 2.0T 尊耀版','2016款',3,1,395800,395800);
insert into t_car_model(cm_id , cs_id , cm_name,cm_type ,cm_order , cm_state , cm_min_price , cm_max_price) values(24957,793,'2016款 2.0T 总统系列','2016款',4,1,449800,449800);
insert into t_car_model(cm_id , cs_id , cm_name,cm_type ,cm_order , cm_state , cm_min_price , cm_max_price) values(22151,793,'2015款 2.0T 总统系列','2015款',1,1,449800,449800);
insert into t_car_model(cm_id , cs_id , cm_name,cm_type ,cm_order , cm_state , cm_min_price , cm_max_price) values(18904,793,'2014款 2.0T 尊享版','2014款',1,1,315800,315800);
insert into t_car_model(cm_id , cs_id , cm_name,cm_type ,cm_order , cm_state , cm_min_price , cm_max_price) values(18905,793,'2014款 2.0T 尊雅版','2014款',2,1,349800,349800);
insert into t_car_model(cm_id , cs_id , cm_name,cm_type ,cm_order , cm_state , cm_min_price , cm_max_price) values(18906,793,'2014款 2.0T 尊耀版','2014款',3,1,395800,395800);
insert into t_car_model(cm_id , cs_id , cm_name,cm_type ,cm_order , cm_state , cm_min_price , cm_max_price) values(5173,793,'2010款 3.5L AWD','2010款',1,1,808000,808000);
insert into t_car_series(cs_id,cbf_id,cs_name,cs_order,cs_letter) values(869,56,'林肯MKS',3169,'L');
insert into t_car_model(cm_id , cs_id , cm_name,cm_type ,cm_order , cm_state , cm_min_price , cm_max_price) values(5690,869,'2010款 3.5L EcoBoost AWD','2010款',1,1,1098000,1098000);
insert into t_car_series(cs_id,cbf_id,cs_name,cs_order,cs_letter) values(103,56,'城市',3172,'C');
insert into t_car_model(cm_id , cs_id , cm_name,cm_type ,cm_order , cm_state , cm_min_price , cm_max_price) values(616,103,'2004款 4.1 Signature','2004款',1,1,750000,750000);
insert into t_car_model(cm_id , cs_id , cm_name,cm_type ,cm_order , cm_state , cm_min_price , cm_max_price) values(974,103,'2004款 4.6 加长礼宾车','2004款',2,1,1380000,1380000);
insert into t_car_series(cs_id,cbf_id,cs_name,cs_order,cs_letter) values(2991,56,'林肯MKC',3173,'L');
insert into t_car_model(cm_id , cs_id , cm_name,cm_type ,cm_order , cm_state , cm_min_price , cm_max_price) values(36845,2991,'2019款 2.0T 两驱尊悦版 国VI','2019款',1,1,279800,279800);
insert into t_car_model(cm_id , cs_id , cm_name,cm_type ,cm_order , cm_state , cm_min_price , cm_max_price) values(36846,2991,'2019款 2.0T 两驱尊享版 国VI','2019款',2,1,306800,306800);
insert into t_car_model(cm_id , cs_id , cm_name,cm_type ,cm_order , cm_state , cm_min_price , cm_max_price) values(36847,2991,'2019款 2.0T 两驱尊雅版 国VI','2019款',3,1,326800,326800);
insert into t_car_model(cm_id , cs_id , cm_name,cm_type ,cm_order , cm_state , cm_min_price , cm_max_price) values(36848,2991,'2019款 2.0T 四驱尊雅版 国VI','2019款',4,1,346800,346800);
insert into t_car_model(cm_id , cs_id , cm_name,cm_type ,cm_order , cm_state , cm_min_price , cm_max_price) values(36849,2991,'2019款 2.0T 四驱尊耀版 国VI','2019款',5,1,376800,376800);
insert into t_car_model(cm_id , cs_id , cm_name,cm_type ,cm_order , cm_state , cm_min_price , cm_max_price) values(36824,2991,'2019款 2.0T 两驱尊悦版 国V','2019款',6,1,279800,279800);
insert into t_car_model(cm_id , cs_id , cm_name,cm_type ,cm_order , cm_state , cm_min_price , cm_max_price) values(36825,2991,'2019款 2.0T 两驱尊享版 国V','2019款',7,1,306800,306800);
insert into t_car_model(cm_id , cs_id , cm_name,cm_type ,cm_order , cm_state , cm_min_price , cm_max_price) values(36826,2991,'2019款 2.0T 两驱尊雅版 国V','2019款',8,1,326800,326800);
insert into t_car_model(cm_id , cs_id , cm_name,cm_type ,cm_order , cm_state , cm_min_price , cm_max_price) values(36827,2991,'2019款 2.0T 四驱尊雅版 国V','2019款',9,1,346800,346800);
insert into t_car_model(cm_id , cs_id , cm_name,cm_type ,cm_order , cm_state , cm_min_price , cm_max_price) values(36828,2991,'2019款 2.0T 四驱尊耀版 国V','2019款',10,1,376800,376800);
insert into t_car_model(cm_id , cs_id , cm_name,cm_type ,cm_order , cm_state , cm_min_price , cm_max_price) values(34343,2991,'2018款 2.0T 两驱尊悦版','2018款',1,1,275800,275800);
insert into t_car_model(cm_id , cs_id , cm_name,cm_type ,cm_order , cm_state , cm_min_price , cm_max_price) values(34344,2991,'2018款 2.0T 两驱尊享版','2018款',2,1,305800,305800);
insert into t_car_model(cm_id , cs_id , cm_name,cm_type ,cm_order , cm_state , cm_min_price , cm_max_price) values(34345,2991,'2018款 2.0T 两驱尊雅版','2018款',3,1,326800,326800);
insert into t_car_model(cm_id , cs_id , cm_name,cm_type ,cm_order , cm_state , cm_min_price , cm_max_price) values(34346,2991,'2018款 2.0T 四驱尊雅版','2018款',4,1,346800,346800);
insert into t_car_model(cm_id , cs_id , cm_name,cm_type ,cm_order , cm_state , cm_min_price , cm_max_price) values(34347,2991,'2018款 2.0T 四驱尊耀版','2018款',5,1,385800,385800);
insert into t_car_model(cm_id , cs_id , cm_name,cm_type ,cm_order , cm_state , cm_min_price , cm_max_price) values(28396,2991,'2017款 2.0T 两驱尊悦版','2017款',1,1,298800,298800);
insert into t_car_model(cm_id , cs_id , cm_name,cm_type ,cm_order , cm_state , cm_min_price , cm_max_price) values(28395,2991,'2017款 2.0T 两驱尊享版','2017款',2,1,331800,331800);
insert into t_car_model(cm_id , cs_id , cm_name,cm_type ,cm_order , cm_state , cm_min_price , cm_max_price) values(28402,2991,'2017款 2.0T 两驱尊雅版','2017款',3,1,353800,353800);
insert into t_car_model(cm_id , cs_id , cm_name,cm_type ,cm_order , cm_state , cm_min_price , cm_max_price) values(28397,2991,'2017款 2.0T 四驱尊雅版','2017款',4,1,373800,373800);
insert into t_car_model(cm_id , cs_id , cm_name,cm_type ,cm_order , cm_state , cm_min_price , cm_max_price) values(28536,2991,'2017款 2.0T 四驱尊耀版','2017款',5,1,413800,413800);
insert into t_car_model(cm_id , cs_id , cm_name,cm_type ,cm_order , cm_state , cm_min_price , cm_max_price) values(28537,2991,'2017款 2.3T 四驱总统系列','2017款',6,1,458800,458800);
insert into t_car_model(cm_id , cs_id , cm_name,cm_type ,cm_order , cm_state , cm_min_price , cm_max_price) values(24971,2991,'2016款 2.0T 两驱尊享版','2016款',1,1,339800,339800);
insert into t_car_model(cm_id , cs_id , cm_name,cm_type ,cm_order , cm_state , cm_min_price , cm_max_price) values(24972,2991,'2016款 2.0T 两驱尊雅版','2016款',2,1,379800,379800);
insert into t_car_model(cm_id , cs_id , cm_name,cm_type ,cm_order , cm_state , cm_min_price , cm_max_price) values(24973,2991,'2016款 2.0T 四驱尊雅版','2016款',3,1,397800,397800);
insert into t_car_model(cm_id , cs_id , cm_name,cm_type ,cm_order , cm_state , cm_min_price , cm_max_price) values(24974,2991,'2016款 2.0T 四驱尊耀版','2016款',4,1,438800,438800);
insert into t_car_model(cm_id , cs_id , cm_name,cm_type ,cm_order , cm_state , cm_min_price , cm_max_price) values(22150,2991,'2015款 2.0T 四驱总统系列','2015款',1,1,485800,485800);
insert into t_car_model(cm_id , cs_id , cm_name,cm_type ,cm_order , cm_state , cm_min_price , cm_max_price) values(19326,2991,'2014款 2.0T 两驱尊享版','2014款',1,1,339800,339800);
insert into t_car_model(cm_id , cs_id , cm_name,cm_type ,cm_order , cm_state , cm_min_price , cm_max_price) values(19327,2991,'2014款 2.0T 两驱尊雅版','2014款',2,1,379800,379800);
insert into t_car_model(cm_id , cs_id , cm_name,cm_type ,cm_order , cm_state , cm_min_price , cm_max_price) values(20440,2991,'2014款 2.0T 四驱尊雅版','2014款',3,1,397800,397800);
insert into t_car_model(cm_id , cs_id , cm_name,cm_type ,cm_order , cm_state , cm_min_price , cm_max_price) values(17496,2991,'2014款 2.0T 四驱尊耀版','2014款',4,1,438800,438800);
insert into t_car_series(cs_id,cbf_id,cs_name,cs_order,cs_letter) values(758,56,'林肯MKX',3174,'L');
insert into t_car_model(cm_id , cs_id , cm_name,cm_type ,cm_order , cm_state , cm_min_price , cm_max_price) values(34356,758,'2018款 2.0T 两驱尊享版','2018款',1,1,418800,418800);
insert into t_car_model(cm_id , cs_id , cm_name,cm_type ,cm_order , cm_state , cm_min_price , cm_max_price) values(34357,758,'2018款 2.0T 四驱尊雅版','2018款',2,1,468800,468800);
insert into t_car_model(cm_id , cs_id , cm_name,cm_type ,cm_order , cm_state , cm_min_price , cm_max_price) values(34358,758,'2018款 2.7T 四驱尊耀版','2018款',3,1,518800,518800);
insert into t_car_model(cm_id , cs_id , cm_name,cm_type ,cm_order , cm_state , cm_min_price , cm_max_price) values(34359,758,'2018款 2.7T 四驱总统系列','2018款',4,1,618800,618800);
insert into t_car_model(cm_id , cs_id , cm_name,cm_type ,cm_order , cm_state , cm_min_price , cm_max_price) values(29843,758,'2017款 2.0T 两驱尊享版','2017款',1,1,449800,449800);
insert into t_car_model(cm_id , cs_id , cm_name,cm_type ,cm_order , cm_state , cm_min_price , cm_max_price) values(29844,758,'2017款 2.0T 四驱尊雅版','2017款',2,1,499800,499800);
insert into t_car_model(cm_id , cs_id , cm_name,cm_type ,cm_order , cm_state , cm_min_price , cm_max_price) values(29845,758,'2017款 2.7T 四驱尊耀版','2017款',3,1,559800,559800);
insert into t_car_model(cm_id , cs_id , cm_name,cm_type ,cm_order , cm_state , cm_min_price , cm_max_price) values(29846,758,'2017款 2.7T 四驱总统系列','2017款',4,1,659800,659800);
insert into t_car_model(cm_id , cs_id , cm_name,cm_type ,cm_order , cm_state , cm_min_price , cm_max_price) values(22437,758,'2015款 2.0T 两驱尊享版','2015款',1,1,449800,449800);
insert into t_car_model(cm_id , cs_id , cm_name,cm_type ,cm_order , cm_state , cm_min_price , cm_max_price) values(22436,758,'2015款 2.0T 四驱尊雅版','2015款',2,1,499800,499800);
insert into t_car_model(cm_id , cs_id , cm_name,cm_type ,cm_order , cm_state , cm_min_price , cm_max_price) values(22435,758,'2015款 2.7T 四驱尊耀版','2015款',3,1,559800,559800);
insert into t_car_model(cm_id , cs_id , cm_name,cm_type ,cm_order , cm_state , cm_min_price , cm_max_price) values(22458,758,'2015款 2.7T 四驱总统系列','2015款',4,1,659800,659800);
insert into t_car_model(cm_id , cs_id , cm_name,cm_type ,cm_order , cm_state , cm_min_price , cm_max_price) values(6990,758,'2010款 3.5L AWD','2010款',1,1,880000,880000);
insert into t_car_series(cs_id,cbf_id,cs_name,cs_order,cs_letter) values(794,56,'林肯MKT',3175,'L');
insert into t_car_model(cm_id , cs_id , cm_name,cm_type ,cm_order , cm_state , cm_min_price , cm_max_price) values(5186,794,'2010款 3.5T EcoBoost AWD','2010款',1,1,1198000,1198000);
