insert into t_car_brand_factory(cbf_id , cb_id , cbf_name ,cbf_letter) values(38,13,'东风标致','D');
insert into t_car_series(cs_id,cbf_id,cs_name,cs_order,cs_letter) values(987,38,'标致408',833,'B');
insert into t_car_model(cm_id , cs_id , cm_name,cm_type ,cm_order , cm_state , cm_min_price , cm_max_price) values(46125,987,'2020款 230THP 十周年质趣版','2020款',1,1,119700,119700);
insert into t_car_model(cm_id , cs_id , cm_name,cm_type ,cm_order , cm_state , cm_min_price , cm_max_price) values(46126,987,'2020款 230THP 十周年质臻版','2020款',2,1,129700,129700);
insert into t_car_model(cm_id , cs_id , cm_name,cm_type ,cm_order , cm_state , cm_min_price , cm_max_price) values(46127,987,'2020款 360THP 十周年质臻版','2020款',3,1,139700,139700);
insert into t_car_model(cm_id , cs_id , cm_name,cm_type ,cm_order , cm_state , cm_min_price , cm_max_price) values(46128,987,'2020款 360THP 十周年纪念版','2020款',4,1,147700,147700);
insert into t_car_model(cm_id , cs_id , cm_name,cm_type ,cm_order , cm_state , cm_min_price , cm_max_price) values(45956,987,'2020款 360THP 十周年质耀版','2020款',5,1,159700,159700);
insert into t_car_model(cm_id , cs_id , cm_name,cm_type ,cm_order , cm_state , cm_min_price , cm_max_price) values(42213,987,'2019款 230THP 自动豪华版 国VI','2019款',1,1,139700,139700);
insert into t_car_model(cm_id , cs_id , cm_name,cm_type ,cm_order , cm_state , cm_min_price , cm_max_price) values(40064,987,'2019款 360THP 自动豪华版 国VI','2019款',2,1,149700,149700);
insert into t_car_model(cm_id , cs_id , cm_name,cm_type ,cm_order , cm_state , cm_min_price , cm_max_price) values(42214,987,'2019款 360THP 自动尊贵版 国VI','2019款',3,1,159700,159700);
insert into t_car_model(cm_id , cs_id , cm_name,cm_type ,cm_order , cm_state , cm_min_price , cm_max_price) values(40065,987,'2019款 360THP 自动至尊版 国VI','2019款',4,1,169700,169700);
insert into t_car_model(cm_id , cs_id , cm_name,cm_type ,cm_order , cm_state , cm_min_price , cm_max_price) values(35584,987,'2019款 230THP 手动领先版 国V','2019款',5,1,117700,117700);
insert into t_car_model(cm_id , cs_id , cm_name,cm_type ,cm_order , cm_state , cm_min_price , cm_max_price) values(35585,987,'2019款 230THP 自动领先版 国V','2019款',6,1,129700,129700);
insert into t_car_model(cm_id , cs_id , cm_name,cm_type ,cm_order , cm_state , cm_min_price , cm_max_price) values(35395,987,'2019款 230THP 自动豪华版 国V','2019款',7,1,139700,139700);
insert into t_car_model(cm_id , cs_id , cm_name,cm_type ,cm_order , cm_state , cm_min_price , cm_max_price) values(35470,987,'2019款 350THP 自动豪华版 国V','2019款',8,1,149700,149700);
insert into t_car_model(cm_id , cs_id , cm_name,cm_type ,cm_order , cm_state , cm_min_price , cm_max_price) values(35586,987,'2019款 350THP 自动尊贵版 国V','2019款',9,1,159700,159700);
insert into t_car_model(cm_id , cs_id , cm_name,cm_type ,cm_order , cm_state , cm_min_price , cm_max_price) values(35466,987,'2019款 350THP 自动至尊版 国V','2019款',10,1,169700,169700);
insert into t_car_model(cm_id , cs_id , cm_name,cm_type ,cm_order , cm_state , cm_min_price , cm_max_price) values(42212,987,'2019款 230THP 自动领先版 国VI','2019款',11,1,129700,129700);
insert into t_car_model(cm_id , cs_id , cm_name,cm_type ,cm_order , cm_state , cm_min_price , cm_max_price) values(31735,987,'2018款 1.8L 手动领先版','2018款',1,1,129700,129700);
insert into t_car_model(cm_id , cs_id , cm_name,cm_type ,cm_order , cm_state , cm_min_price , cm_max_price) values(31736,987,'2018款 1.8L 自动豪华版','2018款',2,1,149700,149700);
insert into t_car_model(cm_id , cs_id , cm_name,cm_type ,cm_order , cm_state , cm_min_price , cm_max_price) values(31737,987,'2018款 230THP 手动豪华版','2018款',3,1,139700,139700);
insert into t_car_model(cm_id , cs_id , cm_name,cm_type ,cm_order , cm_state , cm_min_price , cm_max_price) values(31738,987,'2018款 230THP 自动豪华版','2018款',4,1,151700,151700);
insert into t_car_model(cm_id , cs_id , cm_name,cm_type ,cm_order , cm_state , cm_min_price , cm_max_price) values(31739,987,'2018款 350THP 自动豪华版','2018款',5,1,161700,161700);
insert into t_car_model(cm_id , cs_id , cm_name,cm_type ,cm_order , cm_state , cm_min_price , cm_max_price) values(31740,987,'2018款 350THP 自动至尊版','2018款',6,1,189700,189700);
insert into t_car_model(cm_id , cs_id , cm_name,cm_type ,cm_order , cm_state , cm_min_price , cm_max_price) values(33455,987,'2018款 改款 1.8L 手动领先版','2018款',7,1,129700,129700);
insert into t_car_model(cm_id , cs_id , cm_name,cm_type ,cm_order , cm_state , cm_min_price , cm_max_price) values(33456,987,'2018款 改款 1.8L 自动豪华版','2018款',8,1,149700,149700);
insert into t_car_model(cm_id , cs_id , cm_name,cm_type ,cm_order , cm_state , cm_min_price , cm_max_price) values(33457,987,'2018款 改款 230THP 手动豪华版','2018款',9,1,139700,139700);
insert into t_car_model(cm_id , cs_id , cm_name,cm_type ,cm_order , cm_state , cm_min_price , cm_max_price) values(33458,987,'2018款 改款 230THP 自动豪华版','2018款',10,1,151700,151700);
insert into t_car_model(cm_id , cs_id , cm_name,cm_type ,cm_order , cm_state , cm_min_price , cm_max_price) values(33459,987,'2018款 改款 350THP 自动豪华版','2018款',11,1,161700,161700);
insert into t_car_model(cm_id , cs_id , cm_name,cm_type ,cm_order , cm_state , cm_min_price , cm_max_price) values(33460,987,'2018款 改款 350THP 自动至尊版','2018款',12,1,189700,189700);
insert into t_car_model(cm_id , cs_id , cm_name,cm_type ,cm_order , cm_state , cm_min_price , cm_max_price) values(24521,987,'2016款 1.2T 手动豪华型','2016款',1,1,139700,139700);
insert into t_car_model(cm_id , cs_id , cm_name,cm_type ,cm_order , cm_state , cm_min_price , cm_max_price) values(26386,987,'2016款 1.6T 自动豪华版','2016款',2,1,161700,161700);
insert into t_car_model(cm_id , cs_id , cm_name,cm_type ,cm_order , cm_state , cm_min_price , cm_max_price) values(14134,987,'2015款 1.2T 自动豪华版','2015款',1,1,151700,151700);
insert into t_car_model(cm_id , cs_id , cm_name,cm_type ,cm_order , cm_state , cm_min_price , cm_max_price) values(23595,987,'2015款 1.2T 自动荣耀版','2015款',2,1,161700,161700);
insert into t_car_model(cm_id , cs_id , cm_name,cm_type ,cm_order , cm_state , cm_min_price , cm_max_price) values(19502,987,'2014款 1.8L 手动领先版','2014款',1,1,129700,129700);
insert into t_car_model(cm_id , cs_id , cm_name,cm_type ,cm_order , cm_state , cm_min_price , cm_max_price) values(19503,987,'2014款 1.8L 自动领先版','2014款',2,1,141700,141700);
insert into t_car_model(cm_id , cs_id , cm_name,cm_type ,cm_order , cm_state , cm_min_price , cm_max_price) values(19504,987,'2014款 1.8L 自动豪华版','2014款',3,1,149700,149700);
insert into t_car_model(cm_id , cs_id , cm_name,cm_type ,cm_order , cm_state , cm_min_price , cm_max_price) values(19505,987,'2014款 1.6T 自动尊贵版','2014款',4,1,178700,178700);
insert into t_car_model(cm_id , cs_id , cm_name,cm_type ,cm_order , cm_state , cm_min_price , cm_max_price) values(18913,987,'2014款 1.6T 自动至尊版','2014款',5,1,189700,189700);
insert into t_car_model(cm_id , cs_id , cm_name,cm_type ,cm_order , cm_state , cm_min_price , cm_max_price) values(14127,987,'2013款 1.6L 手动舒适版','2013款',1,1,126900,126900);
insert into t_car_model(cm_id , cs_id , cm_name,cm_type ,cm_order , cm_state , cm_min_price , cm_max_price) values(18127,987,'2013款 1.6L 手动舒适版CNG','2013款',2,1,135900,135900);
insert into t_car_model(cm_id , cs_id , cm_name,cm_type ,cm_order , cm_state , cm_min_price , cm_max_price) values(14128,987,'2013款 1.6L 自动舒适版','2013款',3,1,136900,136900);
insert into t_car_model(cm_id , cs_id , cm_name,cm_type ,cm_order , cm_state , cm_min_price , cm_max_price) values(14129,987,'2013款 2.0L 手动舒适版','2013款',4,1,131900,131900);
insert into t_car_model(cm_id , cs_id , cm_name,cm_type ,cm_order , cm_state , cm_min_price , cm_max_price) values(14130,987,'2013款 2.0L 自动舒适版','2013款',5,1,143900,143900);
insert into t_car_model(cm_id , cs_id , cm_name,cm_type ,cm_order , cm_state , cm_min_price , cm_max_price) values(14131,987,'2013款 2.0L 手动豪华版','2013款',6,1,145900,145900);
insert into t_car_model(cm_id , cs_id , cm_name,cm_type ,cm_order , cm_state , cm_min_price , cm_max_price) values(14132,987,'2013款 2.0L 自动豪华版','2013款',7,1,157900,157900);
insert into t_car_model(cm_id , cs_id , cm_name,cm_type ,cm_order , cm_state , cm_min_price , cm_max_price) values(14049,987,'2013款 2.0L 自动尊贵版','2013款',8,1,171900,171900);
insert into t_car_model(cm_id , cs_id , cm_name,cm_type ,cm_order , cm_state , cm_min_price , cm_max_price) values(17339,987,'2013款 2.0L 车载互联豪华版','2013款',9,1,162900,162900);
insert into t_car_model(cm_id , cs_id , cm_name,cm_type ,cm_order , cm_state , cm_min_price , cm_max_price) values(17340,987,'2013款 2.0L 车载互联尊贵版','2013款',10,1,176900,176900);
insert into t_car_model(cm_id , cs_id , cm_name,cm_type ,cm_order , cm_state , cm_min_price , cm_max_price) values(12734,987,'2012款 2.0L 罗兰・加洛斯版','2012款',1,1,159900,159900);
insert into t_car_model(cm_id , cs_id , cm_name,cm_type ,cm_order , cm_state , cm_min_price , cm_max_price) values(10210,987,'2011款 1.6L 手动舒适版','2011款',1,1,121900,121900);
insert into t_car_model(cm_id , cs_id , cm_name,cm_type ,cm_order , cm_state , cm_min_price , cm_max_price) values(10211,987,'2011款 1.6L 自动舒适版','2011款',2,1,133900,133900);
insert into t_car_model(cm_id , cs_id , cm_name,cm_type ,cm_order , cm_state , cm_min_price , cm_max_price) values(10213,987,'2011款 1.6L 手动豪华版','2011款',3,1,135900,135900);
insert into t_car_model(cm_id , cs_id , cm_name,cm_type ,cm_order , cm_state , cm_min_price , cm_max_price) values(10214,987,'2011款 1.6L 自动豪华版','2011款',4,1,147900,147900);
insert into t_car_model(cm_id , cs_id , cm_name,cm_type ,cm_order , cm_state , cm_min_price , cm_max_price) values(10212,987,'2011款 2.0L 手动舒适版','2011款',5,1,129900,129900);
insert into t_car_model(cm_id , cs_id , cm_name,cm_type ,cm_order , cm_state , cm_min_price , cm_max_price) values(10160,987,'2011款 2.0L 自动舒适版','2011款',6,1,141900,141900);
insert into t_car_model(cm_id , cs_id , cm_name,cm_type ,cm_order , cm_state , cm_min_price , cm_max_price) values(10215,987,'2011款 2.0L 手动豪华版','2011款',7,1,143900,143900);
insert into t_car_model(cm_id , cs_id , cm_name,cm_type ,cm_order , cm_state , cm_min_price , cm_max_price) values(10216,987,'2011款 2.0L 自动豪华版','2011款',8,1,155900,155900);
insert into t_car_model(cm_id , cs_id , cm_name,cm_type ,cm_order , cm_state , cm_min_price , cm_max_price) values(10217,987,'2011款 2.0L 自动尊贵版','2011款',9,1,169900,169900);
insert into t_car_model(cm_id , cs_id , cm_name,cm_type ,cm_order , cm_state , cm_min_price , cm_max_price) values(7069,987,'2010款 1.6L 手动舒适版','2010款',1,1,121900,121900);
insert into t_car_model(cm_id , cs_id , cm_name,cm_type ,cm_order , cm_state , cm_min_price , cm_max_price) values(8105,987,'2010款 1.6L 自动舒适版','2010款',2,1,133900,133900);
insert into t_car_model(cm_id , cs_id , cm_name,cm_type ,cm_order , cm_state , cm_min_price , cm_max_price) values(8563,987,'2010款 1.6L 手动舒适纪念版','2010款',3,1,123900,123900);
insert into t_car_model(cm_id , cs_id , cm_name,cm_type ,cm_order , cm_state , cm_min_price , cm_max_price) values(8564,987,'2010款 1.6L 自动舒适周年纪念版','2010款',4,1,135900,135900);
insert into t_car_model(cm_id , cs_id , cm_name,cm_type ,cm_order , cm_state , cm_min_price , cm_max_price) values(7071,987,'2010款 1.6L 手动豪华版','2010款',5,1,135900,135900);
insert into t_car_model(cm_id , cs_id , cm_name,cm_type ,cm_order , cm_state , cm_min_price , cm_max_price) values(8106,987,'2010款 1.6L 自动豪华版','2010款',6,1,147900,147900);
insert into t_car_model(cm_id , cs_id , cm_name,cm_type ,cm_order , cm_state , cm_min_price , cm_max_price) values(7067,987,'2010款 2.0L 手动舒适版','2010款',7,1,129900,129900);
insert into t_car_model(cm_id , cs_id , cm_name,cm_type ,cm_order , cm_state , cm_min_price , cm_max_price) values(7068,987,'2010款 2.0L 自动舒适版','2010款',8,1,141900,141900);
insert into t_car_model(cm_id , cs_id , cm_name,cm_type ,cm_order , cm_state , cm_min_price , cm_max_price) values(8565,987,'2010款 2.0L 手动舒适纪念版','2010款',9,1,131900,131900);
insert into t_car_model(cm_id , cs_id , cm_name,cm_type ,cm_order , cm_state , cm_min_price , cm_max_price) values(8566,987,'2010款 2.0L 自动舒适纪念版','2010款',10,1,143900,143900);
insert into t_car_model(cm_id , cs_id , cm_name,cm_type ,cm_order , cm_state , cm_min_price , cm_max_price) values(7065,987,'2010款 2.0L 手动豪华版','2010款',11,1,143900,143900);
insert into t_car_model(cm_id , cs_id , cm_name,cm_type ,cm_order , cm_state , cm_min_price , cm_max_price) values(7066,987,'2010款 2.0L 自动豪华版','2010款',12,1,155900,155900);
insert into t_car_model(cm_id , cs_id , cm_name,cm_type ,cm_order , cm_state , cm_min_price , cm_max_price) values(6467,987,'2010款 2.0L 自动尊贵版','2010款',13,1,169900,169900);
insert into t_car_series(cs_id,cbf_id,cs_name,cs_order,cs_letter) values(2299,38,'标致508',834,'B');
insert into t_car_model(cm_id , cs_id , cm_name,cm_type ,cm_order , cm_state , cm_min_price , cm_max_price) values(52705,2299,'2022款 508L 360THP PureTech 先锋版','2022款',1,1,159700,159700);
insert into t_car_model(cm_id , cs_id , cm_name,cm_type ,cm_order , cm_state , cm_min_price , cm_max_price) values(52706,2299,'2022款 508L 360THP PureTech 驾趣版','2022款',2,1,175700,175700);
insert into t_car_model(cm_id , cs_id , cm_name,cm_type ,cm_order , cm_state , cm_min_price , cm_max_price) values(52707,2299,'2022款 508L 400THP PureTech 驾控版','2022款',3,1,189700,189700);
insert into t_car_model(cm_id , cs_id , cm_name,cm_type ,cm_order , cm_state , cm_min_price , cm_max_price) values(52708,2299,'2022款 508L 400THP PureTech 驭动版','2022款',4,1,205700,205700);
insert into t_car_model(cm_id , cs_id , cm_name,cm_type ,cm_order , cm_state , cm_min_price , cm_max_price) values(52709,2299,'2022款 508L 400THP PureTech 激情版','2022款',5,1,224700,224700);
insert into t_car_model(cm_id , cs_id , cm_name,cm_type ,cm_order , cm_state , cm_min_price , cm_max_price) values(47846,2299,'2021款 508L 360THP PureTech 先锋版','2021款',1,1,159700,159700);
insert into t_car_model(cm_id , cs_id , cm_name,cm_type ,cm_order , cm_state , cm_min_price , cm_max_price) values(47847,2299,'2021款 508L 360THP PureTech 驾趣版','2021款',2,1,175700,175700);
insert into t_car_model(cm_id , cs_id , cm_name,cm_type ,cm_order , cm_state , cm_min_price , cm_max_price) values(47849,2299,'2021款 508L 400THP PureTech 驾控版','2021款',3,1,189700,189700);
insert into t_car_model(cm_id , cs_id , cm_name,cm_type ,cm_order , cm_state , cm_min_price , cm_max_price) values(47770,2299,'2021款 508L 400THP PureTech 驭动版','2021款',4,1,205700,205700);
insert into t_car_model(cm_id , cs_id , cm_name,cm_type ,cm_order , cm_state , cm_min_price , cm_max_price) values(47850,2299,'2021款 508L 400THP PureTech 激情版','2021款',5,1,224700,224700);
insert into t_car_model(cm_id , cs_id , cm_name,cm_type ,cm_order , cm_state , cm_min_price , cm_max_price) values(37692,2299,'2019款 508L 350THP PureTech 先锋版 国V','2019款',1,1,159700,159700);
insert into t_car_model(cm_id , cs_id , cm_name,cm_type ,cm_order , cm_state , cm_min_price , cm_max_price) values(38307,2299,'2019款 508L 350THP PureTech 驾趣版 国V','2019款',2,1,175700,175700);
insert into t_car_model(cm_id , cs_id , cm_name,cm_type ,cm_order , cm_state , cm_min_price , cm_max_price) values(39697,2299,'2019款 508L 400THP PureTech 夜行版 国VI','2019款',3,1,250700,250700);
insert into t_car_model(cm_id , cs_id , cm_name,cm_type ,cm_order , cm_state , cm_min_price , cm_max_price) values(39698,2299,'2019款 508L 400THP PureTech X凤凰版 国VI','2019款',4,1,254700,254700);
insert into t_car_model(cm_id , cs_id , cm_name,cm_type ,cm_order , cm_state , cm_min_price , cm_max_price) values(38316,2299,'2019款 508L 360THP PureTech 先锋版 国VI','2019款',5,1,159700,159700);
insert into t_car_model(cm_id , cs_id , cm_name,cm_type ,cm_order , cm_state , cm_min_price , cm_max_price) values(38317,2299,'2019款 508L 360THP PureTech 驾趣版 国VI','2019款',6,1,175700,175700);
insert into t_car_model(cm_id , cs_id , cm_name,cm_type ,cm_order , cm_state , cm_min_price , cm_max_price) values(38308,2299,'2019款 508L 400THP PureTech 驾控版 国VI','2019款',7,1,189700,189700);
insert into t_car_model(cm_id , cs_id , cm_name,cm_type ,cm_order , cm_state , cm_min_price , cm_max_price) values(35950,2299,'2019款 508L 400THP PureTech 激情版 国VI','2019款',8,1,225700,225700);
insert into t_car_model(cm_id , cs_id , cm_name,cm_type ,cm_order , cm_state , cm_min_price , cm_max_price) values(31003,2299,'2017款 350THP 自动致逸版','2017款',1,1,200700,200700);
insert into t_car_model(cm_id , cs_id , cm_name,cm_type ,cm_order , cm_state , cm_min_price , cm_max_price) values(31004,2299,'2017款 350THP 自动致臻版','2017款',2,1,219700,219700);
insert into t_car_model(cm_id , cs_id , cm_name,cm_type ,cm_order , cm_state , cm_min_price , cm_max_price) values(31005,2299,'2017款 380THP 自动致臻版','2017款',3,1,229700,229700);
insert into t_car_model(cm_id , cs_id , cm_name,cm_type ,cm_order , cm_state , cm_min_price , cm_max_price) values(31006,2299,'2017款 380THP 自动致尊版','2017款',4,1,249700,249700);
insert into t_car_model(cm_id , cs_id , cm_name,cm_type ,cm_order , cm_state , cm_min_price , cm_max_price) values(31007,2299,'2017款 380THP 自动旗舰版','2017款',5,1,269700,269700);
insert into t_car_model(cm_id , cs_id , cm_name,cm_type ,cm_order , cm_state , cm_min_price , cm_max_price) values(26575,2299,'2016款 1.6THP 自动智享版','2016款',1,1,219700,219700);
insert into t_car_model(cm_id , cs_id , cm_name,cm_type ,cm_order , cm_state , cm_min_price , cm_max_price) values(21364,2299,'2015款 2.0L 手动致逸版','2015款',1,1,173700,173700);
insert into t_car_model(cm_id , cs_id , cm_name,cm_type ,cm_order , cm_state , cm_min_price , cm_max_price) values(21346,2299,'2015款 2.0L 自动致逸版','2015款',2,1,185700,185700);
insert into t_car_model(cm_id , cs_id , cm_name,cm_type ,cm_order , cm_state , cm_min_price , cm_max_price) values(20890,2299,'2015款 1.6THP 自动致逸版','2015款',3,1,200700,200700);
insert into t_car_model(cm_id , cs_id , cm_name,cm_type ,cm_order , cm_state , cm_min_price , cm_max_price) values(21348,2299,'2015款 2.0L 自动致臻版','2015款',4,1,203700,203700);
insert into t_car_model(cm_id , cs_id , cm_name,cm_type ,cm_order , cm_state , cm_min_price , cm_max_price) values(20889,2299,'2015款 1.6THP 自动致臻版','2015款',5,1,219700,219700);
insert into t_car_model(cm_id , cs_id , cm_name,cm_type ,cm_order , cm_state , cm_min_price , cm_max_price) values(20888,2299,'2015款 1.8THP 自动致臻版','2015款',6,1,229700,229700);
insert into t_car_model(cm_id , cs_id , cm_name,cm_type ,cm_order , cm_state , cm_min_price , cm_max_price) values(20887,2299,'2015款 1.8THP 自动致尊版','2015款',7,1,249700,249700);
insert into t_car_model(cm_id , cs_id , cm_name,cm_type ,cm_order , cm_state , cm_min_price , cm_max_price) values(20106,2299,'2015款 1.8THP 自动旗舰版','2015款',8,1,269700,269700);
insert into t_car_model(cm_id , cs_id , cm_name,cm_type ,cm_order , cm_state , cm_min_price , cm_max_price) values(18980,2299,'2014款 2.3L 罗兰・加洛斯版','2014款',1,1,234300,234300);
insert into t_car_model(cm_id , cs_id , cm_name,cm_type ,cm_order , cm_state , cm_min_price , cm_max_price) values(15708,2299,'2013款 2.3L 罗兰・加洛斯版','2013款',1,1,231700,231700);
insert into t_car_model(cm_id , cs_id , cm_name,cm_type ,cm_order , cm_state , cm_min_price , cm_max_price) values(16511,2299,'2013款 2.0L 两周年纪念 自动天窗经典版','2013款',2,1,181700,181700);
insert into t_car_model(cm_id , cs_id , cm_name,cm_type ,cm_order , cm_state , cm_min_price , cm_max_price) values(16512,2299,'2013款 2.0L 两周年纪念 自动智享版','2013款',3,1,204700,204700);
insert into t_car_model(cm_id , cs_id , cm_name,cm_type ,cm_order , cm_state , cm_min_price , cm_max_price) values(16513,2299,'2013款 2.3L 两周年纪念 自动智享版','2013款',4,1,214700,214700);
insert into t_car_model(cm_id , cs_id , cm_name,cm_type ,cm_order , cm_state , cm_min_price , cm_max_price) values(16514,2299,'2013款 2.3L 两周年纪念 自动旗舰版','2013款',5,1,229700,229700);
insert into t_car_model(cm_id , cs_id , cm_name,cm_type ,cm_order , cm_state , cm_min_price , cm_max_price) values(11308,2299,'2012款 2.0L 自动经典版','2012款',1,1,181700,181700);
insert into t_car_model(cm_id , cs_id , cm_name,cm_type ,cm_order , cm_state , cm_min_price , cm_max_price) values(14240,2299,'2012款 2.0L 自动天窗经典版','2012款',2,1,181700,181700);
insert into t_car_model(cm_id , cs_id , cm_name,cm_type ,cm_order , cm_state , cm_min_price , cm_max_price) values(11288,2299,'2012款 2.0L 自动豪华版','2012款',3,1,199700,199700);
insert into t_car_model(cm_id , cs_id , cm_name,cm_type ,cm_order , cm_state , cm_min_price , cm_max_price) values(13653,2299,'2012款 2.0L 自动智享版','2012款',4,1,204700,204700);
insert into t_car_model(cm_id , cs_id , cm_name,cm_type ,cm_order , cm_state , cm_min_price , cm_max_price) values(12735,2299,'2012款 2.3L 罗兰・加洛斯版','2012款',5,1,209700,209700);
insert into t_car_model(cm_id , cs_id , cm_name,cm_type ,cm_order , cm_state , cm_min_price , cm_max_price) values(13654,2299,'2012款 2.3L 自动智享版','2012款',6,1,214700,214700);
insert into t_car_model(cm_id , cs_id , cm_name,cm_type ,cm_order , cm_state , cm_min_price , cm_max_price) values(10423,2299,'2011款 2.0L 手动经典版','2011款',1,1,169700,169700);
insert into t_car_model(cm_id , cs_id , cm_name,cm_type ,cm_order , cm_state , cm_min_price , cm_max_price) values(10424,2299,'2011款 2.3L 自动经典版','2011款',2,1,191700,191700);
insert into t_car_model(cm_id , cs_id , cm_name,cm_type ,cm_order , cm_state , cm_min_price , cm_max_price) values(10422,2299,'2011款 2.3L 自动豪华版','2011款',3,1,209700,209700);
insert into t_car_model(cm_id , cs_id , cm_name,cm_type ,cm_order , cm_state , cm_min_price , cm_max_price) values(9782,2299,'2011款 2.3L 自动旗舰版','2011款',4,1,229700,229700);
insert into t_car_series(cs_id,cbf_id,cs_name,cs_order,cs_letter) values(5250,38,'标致508L新能源',835,'B');
insert into t_car_model(cm_id , cs_id , cm_name,cm_type ,cm_order , cm_state , cm_min_price , cm_max_price) values(48925,5250,'2021款 1.6T 插混驾控版','2021款',1,1,215700,215700);
insert into t_car_model(cm_id , cs_id , cm_name,cm_type ,cm_order , cm_state , cm_min_price , cm_max_price) values(48926,5250,'2021款 1.6T 插混科技版','2021款',2,1,227700,227700);
insert into t_car_series(cs_id,cbf_id,cs_name,cs_order,cs_letter) values(3234,38,'标致2008',836,'B');
insert into t_car_model(cm_id , cs_id , cm_name,cm_type ,cm_order , cm_state , cm_min_price , cm_max_price) values(53883,3234,'2022款 230THP THE ONE','2022款',1,1,99700,99700);
insert into t_car_model(cm_id , cs_id , cm_name,cm_type ,cm_order , cm_state , cm_min_price , cm_max_price) values(45457,3234,'2020款 230THP 时尚版','2020款',1,1,109900,109900);
insert into t_car_model(cm_id , cs_id , cm_name,cm_type ,cm_order , cm_state , cm_min_price , cm_max_price) values(45118,3234,'2020款 230THP 风尚版','2020款',2,1,123900,123900);
insert into t_car_model(cm_id , cs_id , cm_name,cm_type ,cm_order , cm_state , cm_min_price , cm_max_price) values(45659,3234,'2020款 230THP 风尚天窗版','2020款',3,1,128900,128900);
insert into t_car_model(cm_id , cs_id , cm_name,cm_type ,cm_order , cm_state , cm_min_price , cm_max_price) values(44937,3234,'2020款 230THP 锐尚版','2020款',4,1,137900,137900);
insert into t_car_model(cm_id , cs_id , cm_name,cm_type ,cm_order , cm_state , cm_min_price , cm_max_price) values(42913,3234,'2020款 230THP 3D臻尚版','2020款',5,1,149900,149900);
insert into t_car_model(cm_id , cs_id , cm_name,cm_type ,cm_order , cm_state , cm_min_price , cm_max_price) values(33220,3234,'2018款 1.6L 手动潮流版','2018款',1,1,89700,89700);
insert into t_car_model(cm_id , cs_id , cm_name,cm_type ,cm_order , cm_state , cm_min_price , cm_max_price) values(33221,3234,'2018款 1.6L 自动潮流版','2018款',2,1,102700,102700);
insert into t_car_model(cm_id , cs_id , cm_name,cm_type ,cm_order , cm_state , cm_min_price , cm_max_price) values(33222,3234,'2018款 1.6L 自动时尚版','2018款',3,1,113700,113700);
insert into t_car_model(cm_id , cs_id , cm_name,cm_type ,cm_order , cm_state , cm_min_price , cm_max_price) values(34179,3234,'2018款 1.6L 自动互联版','2018款',4,1,116000,116000);
insert into t_car_model(cm_id , cs_id , cm_name,cm_type ,cm_order , cm_state , cm_min_price , cm_max_price) values(33223,3234,'2018款 230THP 自动时尚版','2018款',5,1,120700,120700);
insert into t_car_model(cm_id , cs_id , cm_name,cm_type ,cm_order , cm_state , cm_min_price , cm_max_price) values(34180,3234,'2018款 230THP 自动互联版','2018款',6,1,123000,123000);
insert into t_car_model(cm_id , cs_id , cm_name,cm_type ,cm_order , cm_state , cm_min_price , cm_max_price) values(33224,3234,'2018款 230THP 自动豪华版','2018款',7,1,128700,128700);
insert into t_car_model(cm_id , cs_id , cm_name,cm_type ,cm_order , cm_state , cm_min_price , cm_max_price) values(27150,3234,'2016款 230THP 自动时尚版','2016款',1,1,138700,138700);
insert into t_car_model(cm_id , cs_id , cm_name,cm_type ,cm_order , cm_state , cm_min_price , cm_max_price) values(27151,3234,'2016款 230THP 自动领航版','2016款',2,1,151700,151700);
insert into t_car_model(cm_id , cs_id , cm_name,cm_type ,cm_order , cm_state , cm_min_price , cm_max_price) values(26879,3234,'2015款 1.6L 自动玩酷版','2015款',1,1,118200,118200);
insert into t_car_model(cm_id , cs_id , cm_name,cm_type ,cm_order , cm_state , cm_min_price , cm_max_price) values(24924,3234,'2015款 玩酷版 1.6L 自动翡翠型','2015款',2,1,133000,133000);
insert into t_car_model(cm_id , cs_id , cm_name,cm_type ,cm_order , cm_state , cm_min_price , cm_max_price) values(24925,3234,'2015款 玩酷版 1.6L 自动金钻型','2015款',3,1,140500,140500);
insert into t_car_model(cm_id , cs_id , cm_name,cm_type ,cm_order , cm_state , cm_min_price , cm_max_price) values(22525,3234,'2015款 1.6THP 自动时尚版','2015款',4,1,149700,149700);
insert into t_car_model(cm_id , cs_id , cm_name,cm_type ,cm_order , cm_state , cm_min_price , cm_max_price) values(22445,3234,'2015款 1.6THP 罗兰・加洛斯版','2015款',5,1,155200,155200);
insert into t_car_model(cm_id , cs_id , cm_name,cm_type ,cm_order , cm_state , cm_min_price , cm_max_price) values(22332,3234,'2015款 1.6THP 自动领航版','2015款',6,1,163700,163700);
insert into t_car_model(cm_id , cs_id , cm_name,cm_type ,cm_order , cm_state , cm_min_price , cm_max_price) values(18581,3234,'2014款 1.6L 手动潮流版','2014款',1,1,99700,99700);
insert into t_car_model(cm_id , cs_id , cm_name,cm_type ,cm_order , cm_state , cm_min_price , cm_max_price) values(18586,3234,'2014款 1.6L 自动潮流版','2014款',2,1,109700,109700);
insert into t_car_model(cm_id , cs_id , cm_name,cm_type ,cm_order , cm_state , cm_min_price , cm_max_price) values(18582,3234,'2014款 1.6L 手动时尚版','2014款',3,1,111700,111700);
insert into t_car_model(cm_id , cs_id , cm_name,cm_type ,cm_order , cm_state , cm_min_price , cm_max_price) values(18587,3234,'2014款 1.6L 自动时尚版','2014款',4,1,121700,121700);
insert into t_car_model(cm_id , cs_id , cm_name,cm_type ,cm_order , cm_state , cm_min_price , cm_max_price) values(20289,3234,'2014款 1.6L 手动卓越版','2014款',5,1,119700,119700);
insert into t_car_model(cm_id , cs_id , cm_name,cm_type ,cm_order , cm_state , cm_min_price , cm_max_price) values(18583,3234,'2014款 1.6L 自动卓越版','2014款',6,1,129700,129700);
insert into t_car_model(cm_id , cs_id , cm_name,cm_type ,cm_order , cm_state , cm_min_price , cm_max_price) values(17313,3234,'2014款 1.6L 自动领航版','2014款',7,1,136700,136700);
insert into t_car_series(cs_id,cbf_id,cs_name,cs_order,cs_letter) values(5529,38,'标致e2008',837,'B');
insert into t_car_model(cm_id , cs_id , cm_name,cm_type ,cm_order , cm_state , cm_min_price , cm_max_price) values(45119,5529,'2020款 锋尚版','2020款',1,1,166000,166000);
insert into t_car_model(cm_id , cs_id , cm_name,cm_type ,cm_order , cm_state , cm_min_price , cm_max_price) values(42880,5529,'2020款 3D臻尚版','2020款',2,1,188000,188000);
insert into t_car_series(cs_id,cbf_id,cs_name,cs_order,cs_letter) values(4167,38,'标致4008',838,'B');
insert into t_car_model(cm_id , cs_id , cm_name,cm_type ,cm_order , cm_state , cm_min_price , cm_max_price) values(54570,4167,'2022款 400THP 创享版','2022款',1,1,167700,167700);
insert into t_car_model(cm_id , cs_id , cm_name,cm_type ,cm_order , cm_state , cm_min_price , cm_max_price) values(50693,4167,'2021款 360THP 锋锐版','2021款',1,1,169700,169700);
insert into t_car_model(cm_id , cs_id , cm_name,cm_type ,cm_order , cm_state , cm_min_price , cm_max_price) values(50694,4167,'2021款 360THP 实力版','2021款',2,1,183700,183700);
insert into t_car_model(cm_id , cs_id , cm_name,cm_type ,cm_order , cm_state , cm_min_price , cm_max_price) values(50261,4167,'2021款 360THP 科技版','2021款',3,1,201700,201700);
insert into t_car_model(cm_id , cs_id , cm_name,cm_type ,cm_order , cm_state , cm_min_price , cm_max_price) values(50696,4167,'2021款 400THP 科技版','2021款',4,1,211700,211700);
insert into t_car_model(cm_id , cs_id , cm_name,cm_type ,cm_order , cm_state , cm_min_price , cm_max_price) values(48171,4167,'2021款 400THP 至臻GT版','2021款',5,1,233700,233700);
insert into t_car_model(cm_id , cs_id , cm_name,cm_type ,cm_order , cm_state , cm_min_price , cm_max_price) values(50695,4167,'2021款 400THP 实力版','2021款',6,1,193700,193700);
insert into t_car_model(cm_id , cs_id , cm_name,cm_type ,cm_order , cm_state , cm_min_price , cm_max_price) values(41846,4167,'2019款 改款 360THP 领先版','2019款',1,1,169700,169700);
insert into t_car_model(cm_id , cs_id , cm_name,cm_type ,cm_order , cm_state , cm_min_price , cm_max_price) values(36482,4167,'2019款 350THP 领先版','2019款',2,1,169700,169700);
insert into t_car_model(cm_id , cs_id , cm_name,cm_type ,cm_order , cm_state , cm_min_price , cm_max_price) values(36431,4167,'2019款 350THP 尝先版','2019款',3,1,189700,189700);
insert into t_car_model(cm_id , cs_id , cm_name,cm_type ,cm_order , cm_state , cm_min_price , cm_max_price) values(36483,4167,'2019款 380THP 尝先版','2019款',4,1,199700,199700);
insert into t_car_model(cm_id , cs_id , cm_name,cm_type ,cm_order , cm_state , cm_min_price , cm_max_price) values(36484,4167,'2019款 350THP 卓越版','2019款',5,1,209700,209700);
insert into t_car_model(cm_id , cs_id , cm_name,cm_type ,cm_order , cm_state , cm_min_price , cm_max_price) values(36485,4167,'2019款 380THP 卓越版','2019款',6,1,219700,219700);
insert into t_car_model(cm_id , cs_id , cm_name,cm_type ,cm_order , cm_state , cm_min_price , cm_max_price) values(36432,4167,'2019款 380THP 豪华GT版','2019款',7,1,241700,241700);
insert into t_car_model(cm_id , cs_id , cm_name,cm_type ,cm_order , cm_state , cm_min_price , cm_max_price) values(40446,4167,'2019款 360THP 领先版','2019款',8,1,169700,169700);
insert into t_car_model(cm_id , cs_id , cm_name,cm_type ,cm_order , cm_state , cm_min_price , cm_max_price) values(39805,4167,'2019款 360THP 尝先版','2019款',9,1,189700,189700);
insert into t_car_model(cm_id , cs_id , cm_name,cm_type ,cm_order , cm_state , cm_min_price , cm_max_price) values(39804,4167,'2019款 360THP 卓越版','2019款',10,1,209700,209700);
insert into t_car_model(cm_id , cs_id , cm_name,cm_type ,cm_order , cm_state , cm_min_price , cm_max_price) values(41847,4167,'2019款 改款 360THP 尝先版','2019款',11,1,189700,189700);
insert into t_car_model(cm_id , cs_id , cm_name,cm_type ,cm_order , cm_state , cm_min_price , cm_max_price) values(41420,4167,'2019款 360THP BLACKPACK黑曜版','2019款',12,1,191700,191700);
insert into t_car_model(cm_id , cs_id , cm_name,cm_type ,cm_order , cm_state , cm_min_price , cm_max_price) values(41848,4167,'2019款 改款 360THP 卓越版','2019款',13,1,209700,209700);
insert into t_car_model(cm_id , cs_id , cm_name,cm_type ,cm_order , cm_state , cm_min_price , cm_max_price) values(40447,4167,'2019款 400THP 尝先版','2019款',14,1,201700,201700);
insert into t_car_model(cm_id , cs_id , cm_name,cm_type ,cm_order , cm_state , cm_min_price , cm_max_price) values(40448,4167,'2019款 400THP 卓越版','2019款',15,1,221700,221700);
insert into t_car_model(cm_id , cs_id , cm_name,cm_type ,cm_order , cm_state , cm_min_price , cm_max_price) values(40449,4167,'2019款 400THP 豪华GT版','2019款',16,1,243700,243700);
insert into t_car_model(cm_id , cs_id , cm_name,cm_type ,cm_order , cm_state , cm_min_price , cm_max_price) values(33440,4167,'2018款 350THP 舒适版','2018款',1,1,185700,185700);
insert into t_car_model(cm_id , cs_id , cm_name,cm_type ,cm_order , cm_state , cm_min_price , cm_max_price) values(33441,4167,'2018款 350THP 精英版','2018款',2,1,208700,208700);
insert into t_car_model(cm_id , cs_id , cm_name,cm_type ,cm_order , cm_state , cm_min_price , cm_max_price) values(33443,4167,'2018款 350THP 豪华版','2018款',3,1,230700,230700);
insert into t_car_model(cm_id , cs_id , cm_name,cm_type ,cm_order , cm_state , cm_min_price , cm_max_price) values(33442,4167,'2018款 380THP 精英版','2018款',4,1,223700,223700);
insert into t_car_model(cm_id , cs_id , cm_name,cm_type ,cm_order , cm_state , cm_min_price , cm_max_price) values(33444,4167,'2018款 380THP 豪华版','2018款',5,1,243700,243700);
insert into t_car_model(cm_id , cs_id , cm_name,cm_type ,cm_order , cm_state , cm_min_price , cm_max_price) values(33445,4167,'2018款 380THP 豪华GT版','2018款',6,1,273700,273700);
insert into t_car_model(cm_id , cs_id , cm_name,cm_type ,cm_order , cm_state , cm_min_price , cm_max_price) values(28036,4167,'2017款 350THP 舒适版','2017款',1,1,185700,185700);
insert into t_car_model(cm_id , cs_id , cm_name,cm_type ,cm_order , cm_state , cm_min_price , cm_max_price) values(28037,4167,'2017款 350THP 精英版','2017款',2,1,208700,208700);
insert into t_car_model(cm_id , cs_id , cm_name,cm_type ,cm_order , cm_state , cm_min_price , cm_max_price) values(28038,4167,'2017款 350THP 豪华版','2017款',3,1,230700,230700);
insert into t_car_model(cm_id , cs_id , cm_name,cm_type ,cm_order , cm_state , cm_min_price , cm_max_price) values(28039,4167,'2017款 380THP 精英版','2017款',4,1,223700,223700);
insert into t_car_model(cm_id , cs_id , cm_name,cm_type ,cm_order , cm_state , cm_min_price , cm_max_price) values(28040,4167,'2017款 380THP 豪华版','2017款',5,1,243700,243700);
insert into t_car_model(cm_id , cs_id , cm_name,cm_type ,cm_order , cm_state , cm_min_price , cm_max_price) values(28041,4167,'2017款 380THP 豪华GT版','2017款',6,1,273700,273700);
insert into t_car_series(cs_id,cbf_id,cs_name,cs_order,cs_letter) values(5414,38,'标致4008新能源',839,'B');
insert into t_car_model(cm_id , cs_id , cm_name,cm_type ,cm_order , cm_state , cm_min_price , cm_max_price) values(50708,5414,'2021款 1.6T PHEV 三擎版','2021款',1,1,249700,249700);
insert into t_car_model(cm_id , cs_id , cm_name,cm_type ,cm_order , cm_state , cm_min_price , cm_max_price) values(50579,5414,'2021款 1.6T PHEV 三擎豪华版','2021款',2,1,259700,259700);
insert into t_car_model(cm_id , cs_id , cm_name,cm_type ,cm_order , cm_state , cm_min_price , cm_max_price) values(46794,5414,'2020款 1.6T PHEV 三擎版','2020款',1,1,249700,249700);
insert into t_car_model(cm_id , cs_id , cm_name,cm_type ,cm_order , cm_state , cm_min_price , cm_max_price) values(41421,5414,'2020款 1.6T PHEV 三擎豪华版','2020款',2,1,259700,259700);
insert into t_car_series(cs_id,cbf_id,cs_name,cs_order,cs_letter) values(4271,38,'标致5008',840,'B');
insert into t_car_model(cm_id , cs_id , cm_name,cm_type ,cm_order , cm_state , cm_min_price , cm_max_price) values(50262,4271,'2021款 360THP 5座锋锐版','2021款',1,1,187700,187700);
insert into t_car_model(cm_id , cs_id , cm_name,cm_type ,cm_order , cm_state , cm_min_price , cm_max_price) values(50702,4271,'2021款 360THP 5座实力版','2021款',2,1,209700,209700);
insert into t_car_model(cm_id , cs_id , cm_name,cm_type ,cm_order , cm_state , cm_min_price , cm_max_price) values(50703,4271,'2021款 360THP 7座实力版','2021款',3,1,213700,213700);
insert into t_car_model(cm_id , cs_id , cm_name,cm_type ,cm_order , cm_state , cm_min_price , cm_max_price) values(50704,4271,'2021款 400THP 5座实力版','2021款',4,1,219700,219700);
insert into t_car_model(cm_id , cs_id , cm_name,cm_type ,cm_order , cm_state , cm_min_price , cm_max_price) values(50705,4271,'2021款 400THP 7座实力版','2021款',5,1,223700,223700);
insert into t_car_model(cm_id , cs_id , cm_name,cm_type ,cm_order , cm_state , cm_min_price , cm_max_price) values(50706,4271,'2021款 400THP 7座豪华版','2021款',6,1,246700,246700);
insert into t_car_model(cm_id , cs_id , cm_name,cm_type ,cm_order , cm_state , cm_min_price , cm_max_price) values(48172,4271,'2021款 400THP 7座旗舰GT版','2021款',7,1,263700,263700);
insert into t_car_model(cm_id , cs_id , cm_name,cm_type ,cm_order , cm_state , cm_min_price , cm_max_price) values(40258,4271,'2019款 360THP 5座领先版','2019款',1,1,187700,187700);
insert into t_car_model(cm_id , cs_id , cm_name,cm_type ,cm_order , cm_state , cm_min_price , cm_max_price) values(39806,4271,'2019款 360THP 5座精英版','2019款',2,1,215700,215700);
insert into t_car_model(cm_id , cs_id , cm_name,cm_type ,cm_order , cm_state , cm_min_price , cm_max_price) values(40260,4271,'2019款 360THP 7座旗舰版','2019款',3,1,219700,219700);
insert into t_car_model(cm_id , cs_id , cm_name,cm_type ,cm_order , cm_state , cm_min_price , cm_max_price) values(40259,4271,'2019款 400THP 5座精英版','2019款',4,1,227700,227700);
insert into t_car_model(cm_id , cs_id , cm_name,cm_type ,cm_order , cm_state , cm_min_price , cm_max_price) values(36458,4271,'2019款 350THP 5座领先版','2019款',5,1,187700,187700);
insert into t_car_model(cm_id , cs_id , cm_name,cm_type ,cm_order , cm_state , cm_min_price , cm_max_price) values(36473,4271,'2019款 350THP 5座精英版','2019款',6,1,215700,215700);
insert into t_car_model(cm_id , cs_id , cm_name,cm_type ,cm_order , cm_state , cm_min_price , cm_max_price) values(36474,4271,'2019款 350THP 7座精英版','2019款',7,1,219700,219700);
insert into t_car_model(cm_id , cs_id , cm_name,cm_type ,cm_order , cm_state , cm_min_price , cm_max_price) values(40262,4271,'2019款 400THP 7座旗舰版','2019款',8,1,231700,231700);
insert into t_car_model(cm_id , cs_id , cm_name,cm_type ,cm_order , cm_state , cm_min_price , cm_max_price) values(40263,4271,'2019款 400THP 7座旗舰豪华版','2019款',9,1,256700,256700);
insert into t_car_model(cm_id , cs_id , cm_name,cm_type ,cm_order , cm_state , cm_min_price , cm_max_price) values(40264,4271,'2019款 400THP 7座旗舰GT版','2019款',10,1,273700,273700);
insert into t_car_model(cm_id , cs_id , cm_name,cm_type ,cm_order , cm_state , cm_min_price , cm_max_price) values(36475,4271,'2019款 380THP 5座精英版','2019款',11,1,225700,225700);
insert into t_car_model(cm_id , cs_id , cm_name,cm_type ,cm_order , cm_state , cm_min_price , cm_max_price) values(36476,4271,'2019款 380THP 7座精英版','2019款',12,1,229700,229700);
insert into t_car_model(cm_id , cs_id , cm_name,cm_type ,cm_order , cm_state , cm_min_price , cm_max_price) values(36478,4271,'2019款 380THP 7座豪华版','2019款',13,1,254700,254700);
insert into t_car_model(cm_id , cs_id , cm_name,cm_type ,cm_order , cm_state , cm_min_price , cm_max_price) values(36479,4271,'2019款 380THP 7座豪华GT版','2019款',14,1,271700,271700);
insert into t_car_model(cm_id , cs_id , cm_name,cm_type ,cm_order , cm_state , cm_min_price , cm_max_price) values(45523,4271,'2019款 改款 360THP 5座领先版','2019款',15,1,187700,187700);
insert into t_car_model(cm_id , cs_id , cm_name,cm_type ,cm_order , cm_state , cm_min_price , cm_max_price) values(45524,4271,'2019款 改款 360THP 5座精英版','2019款',16,1,215700,215700);
insert into t_car_model(cm_id , cs_id , cm_name,cm_type ,cm_order , cm_state , cm_min_price , cm_max_price) values(45525,4271,'2019款 改款 360THP 7座旗舰版','2019款',17,1,219700,219700);
insert into t_car_model(cm_id , cs_id , cm_name,cm_type ,cm_order , cm_state , cm_min_price , cm_max_price) values(47649,4271,'2019款 改款 400THP 5座精英版','2019款',18,1,227700,227700);
insert into t_car_model(cm_id , cs_id , cm_name,cm_type ,cm_order , cm_state , cm_min_price , cm_max_price) values(47650,4271,'2019款 改款 400THP 7座旗舰版','2019款',19,1,231700,231700);
insert into t_car_model(cm_id , cs_id , cm_name,cm_type ,cm_order , cm_state , cm_min_price , cm_max_price) values(47651,4271,'2019款 改款 400THP 7座旗舰豪华版','2019款',20,1,256700,256700);
insert into t_car_model(cm_id , cs_id , cm_name,cm_type ,cm_order , cm_state , cm_min_price , cm_max_price) values(47652,4271,'2019款 改款 400THP 7座旗舰GT版','2019款',21,1,273700,273700);
insert into t_car_model(cm_id , cs_id , cm_name,cm_type ,cm_order , cm_state , cm_min_price , cm_max_price) values(30792,4271,'2017款 350THP 5座领先版','2017款',1,1,187700,187700);
insert into t_car_model(cm_id , cs_id , cm_name,cm_type ,cm_order , cm_state , cm_min_price , cm_max_price) values(30793,4271,'2017款 350THP 5座精英版','2017款',2,1,215700,215700);
insert into t_car_model(cm_id , cs_id , cm_name,cm_type ,cm_order , cm_state , cm_min_price , cm_max_price) values(30326,4271,'2017款 350THP 7座精英版','2017款',3,1,219700,219700);
insert into t_car_model(cm_id , cs_id , cm_name,cm_type ,cm_order , cm_state , cm_min_price , cm_max_price) values(32492,4271,'2017款 350THP 7座无界版','2017款',4,1,225700,225700);
insert into t_car_model(cm_id , cs_id , cm_name,cm_type ,cm_order , cm_state , cm_min_price , cm_max_price) values(30794,4271,'2017款 380THP 5座精英版','2017款',5,1,225700,225700);
insert into t_car_model(cm_id , cs_id , cm_name,cm_type ,cm_order , cm_state , cm_min_price , cm_max_price) values(30327,4271,'2017款 380THP 7座精英版','2017款',6,1,229700,229700);
insert into t_car_model(cm_id , cs_id , cm_name,cm_type ,cm_order , cm_state , cm_min_price , cm_max_price) values(32493,4271,'2017款 380THP 7座无界版','2017款',7,1,235700,235700);
insert into t_car_model(cm_id , cs_id , cm_name,cm_type ,cm_order , cm_state , cm_min_price , cm_max_price) values(30328,4271,'2017款 380THP 7座豪华版','2017款',8,1,254700,254700);
insert into t_car_model(cm_id , cs_id , cm_name,cm_type ,cm_order , cm_state , cm_min_price , cm_max_price) values(28723,4271,'2017款 380THP 7座豪华GT版','2017款',9,1,279700,279700);
insert into t_car_series(cs_id,cbf_id,cs_name,cs_order,cs_letter) values(437,38,'标致206',841,'B');
insert into t_car_model(cm_id , cs_id , cm_name,cm_type ,cm_order , cm_state , cm_min_price , cm_max_price) values(3569,437,'2008款 1.4L 手动炫动版','2008款',1,1,82800,82800);
insert into t_car_model(cm_id , cs_id , cm_name,cm_type ,cm_order , cm_state , cm_min_price , cm_max_price) values(3570,437,'2008款 1.6L 手动炫动版','2008款',2,1,91800,91800);
insert into t_car_model(cm_id , cs_id , cm_name,cm_type ,cm_order , cm_state , cm_min_price , cm_max_price) values(3571,437,'2008款 1.6L 自动炫动版','2008款',3,1,102800,102800);
insert into t_car_model(cm_id , cs_id , cm_name,cm_type ,cm_order , cm_state , cm_min_price , cm_max_price) values(2820,437,'2007款 1.4L 手动跃动版','2007款',1,1,78800,78800);
insert into t_car_model(cm_id , cs_id , cm_name,cm_type ,cm_order , cm_state , cm_min_price , cm_max_price) values(2821,437,'2007款 1.6L 手动跃动版','2007款',2,1,87800,87800);
insert into t_car_model(cm_id , cs_id , cm_name,cm_type ,cm_order , cm_state , cm_min_price , cm_max_price) values(2822,437,'2007款 1.6L 自动跃动版','2007款',3,1,98800,98800);
insert into t_car_model(cm_id , cs_id , cm_name,cm_type ,cm_order , cm_state , cm_min_price , cm_max_price) values(2839,437,'2007款 1.6L 手动睿动版','2007款',4,1,98800,98800);
insert into t_car_model(cm_id , cs_id , cm_name,cm_type ,cm_order , cm_state , cm_min_price , cm_max_price) values(2840,437,'2007款 1.6L 自动睿动版','2007款',5,1,109800,109800);
insert into t_car_model(cm_id , cs_id , cm_name,cm_type ,cm_order , cm_state , cm_min_price , cm_max_price) values(2841,437,'2007款 1.6L 手动天窗悦尚版','2007款',6,1,102800,102800);
insert into t_car_model(cm_id , cs_id , cm_name,cm_type ,cm_order , cm_state , cm_min_price , cm_max_price) values(2842,437,'2007款 1.6L 自动天窗悦尚版','2007款',7,1,113800,113800);
insert into t_car_model(cm_id , cs_id , cm_name,cm_type ,cm_order , cm_state , cm_min_price , cm_max_price) values(2453,437,'2006款 1.4L 手动风尚版','2006款',1,1,77800,77800);
insert into t_car_model(cm_id , cs_id , cm_name,cm_type ,cm_order , cm_state , cm_min_price , cm_max_price) values(2454,437,'2006款 1.4L 自动','2006款',2,1,85000,85000);
insert into t_car_model(cm_id , cs_id , cm_name,cm_type ,cm_order , cm_state , cm_min_price , cm_max_price) values(1927,437,'2005款 1.6L 手动风尚版','2005款',1,1,86800,86800);
insert into t_car_model(cm_id , cs_id , cm_name,cm_type ,cm_order , cm_state , cm_min_price , cm_max_price) values(1928,437,'2005款 1.6L 自动风尚版','2005款',2,1,97800,97800);
insert into t_car_model(cm_id , cs_id , cm_name,cm_type ,cm_order , cm_state , cm_min_price , cm_max_price) values(1929,437,'2005款 1.6L 手动智尚版','2005款',3,1,97800,97800);
insert into t_car_model(cm_id , cs_id , cm_name,cm_type ,cm_order , cm_state , cm_min_price , cm_max_price) values(1930,437,'2005款 1.6L 自动智尚版','2005款',4,1,108800,108800);
insert into t_car_model(cm_id , cs_id , cm_name,cm_type ,cm_order , cm_state , cm_min_price , cm_max_price) values(1022,437,'2004款 1.6','2004款',1,1,330000,330000);
insert into t_car_series(cs_id,cbf_id,cs_name,cs_order,cs_letter) values(688,38,'标致207',842,'B');
insert into t_car_model(cm_id , cs_id , cm_name,cm_type ,cm_order , cm_state , cm_min_price , cm_max_price) values(14458,688,'2013款 CROSS 1.4L 手动驭乐型','2013款',1,1,74800,74800);
insert into t_car_model(cm_id , cs_id , cm_name,cm_type ,cm_order , cm_state , cm_min_price , cm_max_price) values(14457,688,'2013款 CROSS 1.4L 手动品乐型','2013款',2,1,85800,85800);
insert into t_car_model(cm_id , cs_id , cm_name,cm_type ,cm_order , cm_state , cm_min_price , cm_max_price) values(14447,688,'2013款 CROSS 1.6L 手动驭乐型','2013款',3,1,83800,83800);
insert into t_car_model(cm_id , cs_id , cm_name,cm_type ,cm_order , cm_state , cm_min_price , cm_max_price) values(14460,688,'2013款 CROSS 1.6L 自动驭乐型','2013款',4,1,94800,94800);
insert into t_car_model(cm_id , cs_id , cm_name,cm_type ,cm_order , cm_state , cm_min_price , cm_max_price) values(14459,688,'2013款 CROSS 1.6L 手动品乐型','2013款',5,1,94800,94800);
insert into t_car_model(cm_id , cs_id , cm_name,cm_type ,cm_order , cm_state , cm_min_price , cm_max_price) values(14461,688,'2013款 CROSS 1.6L 自动品乐型','2013款',6,1,105800,105800);
insert into t_car_model(cm_id , cs_id , cm_name,cm_type ,cm_order , cm_state , cm_min_price , cm_max_price) values(10181,688,'2011款 三厢 1.4L 手动驭乐版','2011款',1,1,74800,74800);
insert into t_car_model(cm_id , cs_id , cm_name,cm_type ,cm_order , cm_state , cm_min_price , cm_max_price) values(10186,688,'2011款 三厢 1.4L 手动品乐版','2011款',2,1,85800,85800);
insert into t_car_model(cm_id , cs_id , cm_name,cm_type ,cm_order , cm_state , cm_min_price , cm_max_price) values(10162,688,'2011款 三厢 1.6L 手动驭乐版','2011款',3,1,83800,83800);
insert into t_car_model(cm_id , cs_id , cm_name,cm_type ,cm_order , cm_state , cm_min_price , cm_max_price) values(10182,688,'2011款 三厢 1.6L 自动驭乐版','2011款',4,1,94800,94800);
insert into t_car_model(cm_id , cs_id , cm_name,cm_type ,cm_order , cm_state , cm_min_price , cm_max_price) values(10187,688,'2011款 三厢 1.6L 手动品乐版','2011款',5,1,94800,94800);
insert into t_car_model(cm_id , cs_id , cm_name,cm_type ,cm_order , cm_state , cm_min_price , cm_max_price) values(10189,688,'2011款 三厢 1.6L 自动品乐版','2011款',6,1,105800,105800);
insert into t_car_model(cm_id , cs_id , cm_name,cm_type ,cm_order , cm_state , cm_min_price , cm_max_price) values(10161,688,'2011款 两厢 1.4L 手动驭乐版','2011款',7,1,71800,71800);
insert into t_car_model(cm_id , cs_id , cm_name,cm_type ,cm_order , cm_state , cm_min_price , cm_max_price) values(10185,688,'2011款 两厢 1.4L 手动品乐版','2011款',8,1,82800,82800);
insert into t_car_model(cm_id , cs_id , cm_name,cm_type ,cm_order , cm_state , cm_min_price , cm_max_price) values(10180,688,'2011款 两厢 1.6L 手动驭乐版','2011款',9,1,80800,80800);
insert into t_car_model(cm_id , cs_id , cm_name,cm_type ,cm_order , cm_state , cm_min_price , cm_max_price) values(10040,688,'2011款 两厢 1.6L 自动驭乐版','2011款',10,1,91800,91800);
insert into t_car_model(cm_id , cs_id , cm_name,cm_type ,cm_order , cm_state , cm_min_price , cm_max_price) values(10183,688,'2011款 两厢 1.6L 手动品乐版','2011款',11,1,91800,91800);
insert into t_car_model(cm_id , cs_id , cm_name,cm_type ,cm_order , cm_state , cm_min_price , cm_max_price) values(10184,688,'2011款 两厢 1.6L 自动品乐版','2011款',12,1,102800,102800);
insert into t_car_model(cm_id , cs_id , cm_name,cm_type ,cm_order , cm_state , cm_min_price , cm_max_price) values(7863,688,'2010款 三厢 1.4L 手动驭乐版','2010款',1,1,74800,74800);
insert into t_car_model(cm_id , cs_id , cm_name,cm_type ,cm_order , cm_state , cm_min_price , cm_max_price) values(7866,688,'2010款 三厢 1.4L 手动品乐版','2010款',2,1,79800,79800);
insert into t_car_model(cm_id , cs_id , cm_name,cm_type ,cm_order , cm_state , cm_min_price , cm_max_price) values(8568,688,'2010款 三厢 1.4L 手动品乐纪念版','2010款',3,1,81800,81800);
insert into t_car_model(cm_id , cs_id , cm_name,cm_type ,cm_order , cm_state , cm_min_price , cm_max_price) values(7868,688,'2010款 三厢 1.6L 手动驭乐版','2010款',4,1,83800,83800);
insert into t_car_model(cm_id , cs_id , cm_name,cm_type ,cm_order , cm_state , cm_min_price , cm_max_price) values(7872,688,'2010款 三厢 1.6L 自动驭乐版','2010款',5,1,94800,94800);
insert into t_car_model(cm_id , cs_id , cm_name,cm_type ,cm_order , cm_state , cm_min_price , cm_max_price) values(7870,688,'2010款 三厢 1.6L 手动品乐版','2010款',6,1,88800,88800);
insert into t_car_model(cm_id , cs_id , cm_name,cm_type ,cm_order , cm_state , cm_min_price , cm_max_price) values(7874,688,'2010款 三厢 1.6L 自动品乐版','2010款',7,1,99800,99800);
insert into t_car_model(cm_id , cs_id , cm_name,cm_type ,cm_order , cm_state , cm_min_price , cm_max_price) values(7864,688,'2010款 两厢 1.4L 手动驭乐版','2010款',8,1,71800,71800);
insert into t_car_model(cm_id , cs_id , cm_name,cm_type ,cm_order , cm_state , cm_min_price , cm_max_price) values(7867,688,'2010款 两厢 1.4L 手动品乐版','2010款',9,1,76800,76800);
insert into t_car_model(cm_id , cs_id , cm_name,cm_type ,cm_order , cm_state , cm_min_price , cm_max_price) values(7869,688,'2010款 两厢 1.6L 手动驭乐版','2010款',10,1,80800,80800);
insert into t_car_model(cm_id , cs_id , cm_name,cm_type ,cm_order , cm_state , cm_min_price , cm_max_price) values(7873,688,'2010款 两厢 1.6L 自动驭乐版','2010款',11,1,91800,91800);
insert into t_car_model(cm_id , cs_id , cm_name,cm_type ,cm_order , cm_state , cm_min_price , cm_max_price) values(7871,688,'2010款 两厢 1.6L 手动品乐版','2010款',12,1,85800,85800);
insert into t_car_model(cm_id , cs_id , cm_name,cm_type ,cm_order , cm_state , cm_min_price , cm_max_price) values(7875,688,'2010款 两厢 1.6L 自动品乐版','2010款',13,1,96800,96800);
insert into t_car_model(cm_id , cs_id , cm_name,cm_type ,cm_order , cm_state , cm_min_price , cm_max_price) values(5135,688,'2009款 两厢 1.4L 手动驭乐版','2009款',1,1,71800,71800);
insert into t_car_model(cm_id , cs_id , cm_name,cm_type ,cm_order , cm_state , cm_min_price , cm_max_price) values(5136,688,'2009款 两厢 1.4L 手动品乐版','2009款',2,1,76800,76800);
insert into t_car_model(cm_id , cs_id , cm_name,cm_type ,cm_order , cm_state , cm_min_price , cm_max_price) values(5137,688,'2009款 两厢 1.6L 手动驭乐版','2009款',3,1,80800,80800);
insert into t_car_model(cm_id , cs_id , cm_name,cm_type ,cm_order , cm_state , cm_min_price , cm_max_price) values(5138,688,'2009款 两厢 1.6L 手动品乐版','2009款',4,1,85800,85800);
insert into t_car_model(cm_id , cs_id , cm_name,cm_type ,cm_order , cm_state , cm_min_price , cm_max_price) values(5139,688,'2009款 两厢 1.6L 自动品乐版','2009款',5,1,96800,96800);
insert into t_car_model(cm_id , cs_id , cm_name,cm_type ,cm_order , cm_state , cm_min_price , cm_max_price) values(5140,688,'2009款 两厢 1.6L 自动享乐版','2009款',6,1,104800,104800);
insert into t_car_model(cm_id , cs_id , cm_name,cm_type ,cm_order , cm_state , cm_min_price , cm_max_price) values(4596,688,'2009款 三厢 1.4L 手动驭乐版','2009款',7,1,74800,74800);
insert into t_car_model(cm_id , cs_id , cm_name,cm_type ,cm_order , cm_state , cm_min_price , cm_max_price) values(4606,688,'2009款 三厢 1.4L 手动品乐版','2009款',8,1,79800,79800);
insert into t_car_model(cm_id , cs_id , cm_name,cm_type ,cm_order , cm_state , cm_min_price , cm_max_price) values(4597,688,'2009款 三厢 1.6L 手动驭乐版','2009款',9,1,83800,83800);
insert into t_car_model(cm_id , cs_id , cm_name,cm_type ,cm_order , cm_state , cm_min_price , cm_max_price) values(4607,688,'2009款 三厢 1.6L 手动品乐版','2009款',10,1,88800,88800);
insert into t_car_model(cm_id , cs_id , cm_name,cm_type ,cm_order , cm_state , cm_min_price , cm_max_price) values(4605,688,'2009款 三厢 1.6L 自动品乐版','2009款',11,1,99800,99800);
insert into t_car_model(cm_id , cs_id , cm_name,cm_type ,cm_order , cm_state , cm_min_price , cm_max_price) values(4608,688,'2009款 三厢 1.6L 自动享乐版','2009款',12,1,107800,107800);
insert into t_car_series(cs_id,cbf_id,cs_name,cs_order,cs_letter) values(3068,38,'标致301',843,'B');
insert into t_car_model(cm_id , cs_id , cm_name,cm_type ,cm_order , cm_state , cm_min_price , cm_max_price) values(33437,3068,'2018款 1.6L 手动舒适版','2018款',1,1,84700,84700);
insert into t_car_model(cm_id , cs_id , cm_name,cm_type ,cm_order , cm_state , cm_min_price , cm_max_price) values(33438,3068,'2018款 1.6L 自动舒适版','2018款',2,1,96700,96700);
insert into t_car_model(cm_id , cs_id , cm_name,cm_type ,cm_order , cm_state , cm_min_price , cm_max_price) values(33439,3068,'2018款 1.6L 自动豪华版','2018款',3,1,107700,107700);
insert into t_car_model(cm_id , cs_id , cm_name,cm_type ,cm_order , cm_state , cm_min_price , cm_max_price) values(29813,3068,'2017款 1.6L 手动舒适版','2017款',1,1,84700,84700);
insert into t_car_model(cm_id , cs_id , cm_name,cm_type ,cm_order , cm_state , cm_min_price , cm_max_price) values(29814,3068,'2017款 1.6L 自动舒适版','2017款',2,1,96700,96700);
insert into t_car_model(cm_id , cs_id , cm_name,cm_type ,cm_order , cm_state , cm_min_price , cm_max_price) values(29620,3068,'2017款 1.6L 自动豪华版','2017款',3,1,107700,107700);
insert into t_car_model(cm_id , cs_id , cm_name,cm_type ,cm_order , cm_state , cm_min_price , cm_max_price) values(24943,3068,'2016款 1.6L 手动舒适版','2016款',1,1,85700,85700);
insert into t_car_model(cm_id , cs_id , cm_name,cm_type ,cm_order , cm_state , cm_min_price , cm_max_price) values(24944,3068,'2016款 1.6L 自动舒适版','2016款',2,1,97700,97700);
insert into t_car_model(cm_id , cs_id , cm_name,cm_type ,cm_order , cm_state , cm_min_price , cm_max_price) values(24945,3068,'2016款 1.6L 手动豪华版','2016款',3,1,96700,96700);
insert into t_car_model(cm_id , cs_id , cm_name,cm_type ,cm_order , cm_state , cm_min_price , cm_max_price) values(24946,3068,'2016款 1.6L 自动豪华版','2016款',4,1,108700,108700);
insert into t_car_model(cm_id , cs_id , cm_name,cm_type ,cm_order , cm_state , cm_min_price , cm_max_price) values(24947,3068,'2016款 1.6L 自动尊贵版','2016款',5,1,119700,119700);
insert into t_car_model(cm_id , cs_id , cm_name,cm_type ,cm_order , cm_state , cm_min_price , cm_max_price) values(16771,3068,'2014款 1.6L 手动舒适版','2014款',1,1,84700,84700);
insert into t_car_model(cm_id , cs_id , cm_name,cm_type ,cm_order , cm_state , cm_min_price , cm_max_price) values(16772,3068,'2014款 1.6L 自动舒适版','2014款',2,1,94700,94700);
insert into t_car_model(cm_id , cs_id , cm_name,cm_type ,cm_order , cm_state , cm_min_price , cm_max_price) values(16773,3068,'2014款 1.6L 手动豪华版','2014款',3,1,95700,95700);
insert into t_car_model(cm_id , cs_id , cm_name,cm_type ,cm_order , cm_state , cm_min_price , cm_max_price) values(16774,3068,'2014款 1.6L 自动豪华版','2014款',4,1,105700,105700);
insert into t_car_model(cm_id , cs_id , cm_name,cm_type ,cm_order , cm_state , cm_min_price , cm_max_price) values(16775,3068,'2014款 1.6L 自动尊贵版','2014款',5,1,116700,116700);
insert into t_car_model(cm_id , cs_id , cm_name,cm_type ,cm_order , cm_state , cm_min_price , cm_max_price) values(20725,3068,'2014款 1.6L 手动舒适版CNG','2014款',6,1,95700,95700);
insert into t_car_series(cs_id,cbf_id,cs_name,cs_order,cs_letter) values(99,38,'标致307',844,'B');
insert into t_car_model(cm_id , cs_id , cm_name,cm_type ,cm_order , cm_state , cm_min_price , cm_max_price) values(16122,99,'2013款 两厢 1.6L 手动舒适版','2013款',1,1,96800,96800);
insert into t_car_model(cm_id , cs_id , cm_name,cm_type ,cm_order , cm_state , cm_min_price , cm_max_price) values(16123,99,'2013款 两厢 1.6L 自动舒适版','2013款',2,1,109800,109800);
insert into t_car_model(cm_id , cs_id , cm_name,cm_type ,cm_order , cm_state , cm_min_price , cm_max_price) values(16130,99,'2013款 1.6L 手动CROSS','2013款',3,1,101800,101800);
insert into t_car_model(cm_id , cs_id , cm_name,cm_type ,cm_order , cm_state , cm_min_price , cm_max_price) values(16131,99,'2013款 1.6L 自动CROSS','2013款',4,1,114800,114800);
insert into t_car_model(cm_id , cs_id , cm_name,cm_type ,cm_order , cm_state , cm_min_price , cm_max_price) values(12148,99,'2012款 两厢 1.6L 手动舒适版','2012款',1,1,92800,92800);
insert into t_car_model(cm_id , cs_id , cm_name,cm_type ,cm_order , cm_state , cm_min_price , cm_max_price) values(12150,99,'2012款 两厢 1.6L 自动舒适版','2012款',2,1,105800,105800);
insert into t_car_model(cm_id , cs_id , cm_name,cm_type ,cm_order , cm_state , cm_min_price , cm_max_price) values(12149,99,'2012款 两厢 1.6L 手动豪华版','2012款',3,1,102800,102800);
insert into t_car_model(cm_id , cs_id , cm_name,cm_type ,cm_order , cm_state , cm_min_price , cm_max_price) values(12151,99,'2012款 两厢 1.6L 自动豪华版','2012款',4,1,115800,115800);
insert into t_car_model(cm_id , cs_id , cm_name,cm_type ,cm_order , cm_state , cm_min_price , cm_max_price) values(12152,99,'2012款 1.6L 手动CROSS','2012款',5,1,97800,97800);
insert into t_car_model(cm_id , cs_id , cm_name,cm_type ,cm_order , cm_state , cm_min_price , cm_max_price) values(12153,99,'2012款 1.6L 自动CROSS','2012款',6,1,110800,110800);
insert into t_car_model(cm_id , cs_id , cm_name,cm_type ,cm_order , cm_state , cm_min_price , cm_max_price) values(10951,99,'2011款 1.6L 手动CROSS','2011款',1,1,97800,97800);
insert into t_car_model(cm_id , cs_id , cm_name,cm_type ,cm_order , cm_state , cm_min_price , cm_max_price) values(6094,99,'2010款 两厢 1.6L 手动舒适版','2010款',1,1,92800,92800);
insert into t_car_model(cm_id , cs_id , cm_name,cm_type ,cm_order , cm_state , cm_min_price , cm_max_price) values(6095,99,'2010款 两厢 1.6L 自动舒适版','2010款',2,1,105800,105800);
insert into t_car_model(cm_id , cs_id , cm_name,cm_type ,cm_order , cm_state , cm_min_price , cm_max_price) values(6098,99,'2010款 两厢 1.6L 手动豪华版','2010款',3,1,106800,106800);
insert into t_car_model(cm_id , cs_id , cm_name,cm_type ,cm_order , cm_state , cm_min_price , cm_max_price) values(6099,99,'2010款 两厢 1.6L 自动豪华版','2010款',4,1,119800,119800);
insert into t_car_model(cm_id , cs_id , cm_name,cm_type ,cm_order , cm_state , cm_min_price , cm_max_price) values(6096,99,'2010款 两厢 2.0L 手动舒适版','2010款',5,1,105800,105800);
insert into t_car_model(cm_id , cs_id , cm_name,cm_type ,cm_order , cm_state , cm_min_price , cm_max_price) values(6097,99,'2010款 两厢 2.0L 自动舒适版','2010款',6,1,118800,118800);
insert into t_car_model(cm_id , cs_id , cm_name,cm_type ,cm_order , cm_state , cm_min_price , cm_max_price) values(6100,99,'2010款 两厢 2.0L 自动运动版','2010款',7,1,142800,142800);
insert into t_car_model(cm_id , cs_id , cm_name,cm_type ,cm_order , cm_state , cm_min_price , cm_max_price) values(6104,99,'2010款 三厢 1.6L 手动舒适版','2010款',8,1,92800,92800);
insert into t_car_model(cm_id , cs_id , cm_name,cm_type ,cm_order , cm_state , cm_min_price , cm_max_price) values(8567,99,'2010款 三厢 1.6L 手动舒适纪念版','2010款',9,1,108800,108800);
insert into t_car_model(cm_id , cs_id , cm_name,cm_type ,cm_order , cm_state , cm_min_price , cm_max_price) values(6105,99,'2010款 三厢 1.6L 自动舒适版','2010款',10,1,105800,105800);
insert into t_car_model(cm_id , cs_id , cm_name,cm_type ,cm_order , cm_state , cm_min_price , cm_max_price) values(6103,99,'2010款 三厢 1.6L 手动豪华版','2010款',11,1,106800,106800);
insert into t_car_model(cm_id , cs_id , cm_name,cm_type ,cm_order , cm_state , cm_min_price , cm_max_price) values(6102,99,'2010款 三厢 1.6L 自动豪华版','2010款',12,1,119800,119800);
insert into t_car_model(cm_id , cs_id , cm_name,cm_type ,cm_order , cm_state , cm_min_price , cm_max_price) values(6106,99,'2010款 三厢 2.0L 手动舒适版','2010款',13,1,105800,105800);
insert into t_car_model(cm_id , cs_id , cm_name,cm_type ,cm_order , cm_state , cm_min_price , cm_max_price) values(6107,99,'2010款 三厢 2.0L 自动舒适版','2010款',14,1,118800,118800);
insert into t_car_model(cm_id , cs_id , cm_name,cm_type ,cm_order , cm_state , cm_min_price , cm_max_price) values(6101,99,'2010款 三厢 2.0L 自动豪华版','2010款',15,1,132800,132800);
insert into t_car_model(cm_id , cs_id , cm_name,cm_type ,cm_order , cm_state , cm_min_price , cm_max_price) values(5492,99,'2009款 两厢 1.6L 自动爱乐版','2009款',1,1,129800,129800);
insert into t_car_model(cm_id , cs_id , cm_name,cm_type ,cm_order , cm_state , cm_min_price , cm_max_price) values(5491,99,'2009款 三厢 1.6L 手动爱乐版','2009款',2,1,114800,114800);
insert into t_car_model(cm_id , cs_id , cm_name,cm_type ,cm_order , cm_state , cm_min_price , cm_max_price) values(3656,99,'2008款 两厢 1.6L 手动精致版','2008款',1,1,109800,109800);
insert into t_car_model(cm_id , cs_id , cm_name,cm_type ,cm_order , cm_state , cm_min_price , cm_max_price) values(3655,99,'2008款 两厢 1.6L 自动精致版','2008款',2,1,124800,124800);
insert into t_car_model(cm_id , cs_id , cm_name,cm_type ,cm_order , cm_state , cm_min_price , cm_max_price) values(3657,99,'2008款 两厢 1.6L 手动雅致版','2008款',3,1,122800,122800);
insert into t_car_model(cm_id , cs_id , cm_name,cm_type ,cm_order , cm_state , cm_min_price , cm_max_price) values(3658,99,'2008款 两厢 1.6L 自动雅致版','2008款',4,1,137800,137800);
insert into t_car_model(cm_id , cs_id , cm_name,cm_type ,cm_order , cm_state , cm_min_price , cm_max_price) values(3654,99,'2008款 两厢 2.0L 手动精致版','2008款',5,1,122800,122800);
insert into t_car_model(cm_id , cs_id , cm_name,cm_type ,cm_order , cm_state , cm_min_price , cm_max_price) values(3653,99,'2008款 两厢 2.0L 自动精致版','2008款',6,1,137800,137800);
insert into t_car_model(cm_id , cs_id , cm_name,cm_type ,cm_order , cm_state , cm_min_price , cm_max_price) values(3652,99,'2008款 两厢 2.0L 手动雅致版','2008款',7,1,135800,135800);
insert into t_car_model(cm_id , cs_id , cm_name,cm_type ,cm_order , cm_state , cm_min_price , cm_max_price) values(3651,99,'2008款 两厢 2.0L 自动雅致版','2008款',8,1,150800,150800);
insert into t_car_model(cm_id , cs_id , cm_name,cm_type ,cm_order , cm_state , cm_min_price , cm_max_price) values(3650,99,'2008款 两厢 2.0L 手动逸致版','2008款',9,1,154800,154800);
insert into t_car_model(cm_id , cs_id , cm_name,cm_type ,cm_order , cm_state , cm_min_price , cm_max_price) values(3649,99,'2008款 两厢 2.0L 自动逸致版','2008款',10,1,169800,169800);
insert into t_car_model(cm_id , cs_id , cm_name,cm_type ,cm_order , cm_state , cm_min_price , cm_max_price) values(2761,99,'2007款 1.6L 手动舒适版','2007款',1,1,132800,132800);
insert into t_car_model(cm_id , cs_id , cm_name,cm_type ,cm_order , cm_state , cm_min_price , cm_max_price) values(2762,99,'2007款 1.6L 自动舒适版','2007款',2,1,147800,147800);
insert into t_car_model(cm_id , cs_id , cm_name,cm_type ,cm_order , cm_state , cm_min_price , cm_max_price) values(2763,99,'2007款 2.0L 手动舒适版','2007款',3,1,145800,145800);
insert into t_car_model(cm_id , cs_id , cm_name,cm_type ,cm_order , cm_state , cm_min_price , cm_max_price) values(2764,99,'2007款 2.0L 自动舒适版','2007款',4,1,160800,160800);
insert into t_car_model(cm_id , cs_id , cm_name,cm_type ,cm_order , cm_state , cm_min_price , cm_max_price) values(3327,99,'2007款 改款 1.6L 手动舒适版','2007款',5,1,109800,109800);
insert into t_car_model(cm_id , cs_id , cm_name,cm_type ,cm_order , cm_state , cm_min_price , cm_max_price) values(3328,99,'2007款 改款 1.6L 自动舒适版','2007款',6,1,124800,124800);
insert into t_car_model(cm_id , cs_id , cm_name,cm_type ,cm_order , cm_state , cm_min_price , cm_max_price) values(3329,99,'2007款 改款 1.6L 手动尊贵版','2007款',7,1,122800,122800);
insert into t_car_model(cm_id , cs_id , cm_name,cm_type ,cm_order , cm_state , cm_min_price , cm_max_price) values(3330,99,'2007款 改款 1.6L 自动尊贵版','2007款',8,1,137800,137800);
insert into t_car_model(cm_id , cs_id , cm_name,cm_type ,cm_order , cm_state , cm_min_price , cm_max_price) values(3331,99,'2007款 改款 2.0L 手动舒适版','2007款',9,1,122800,122800);
insert into t_car_model(cm_id , cs_id , cm_name,cm_type ,cm_order , cm_state , cm_min_price , cm_max_price) values(3332,99,'2007款 改款 2.0L 自动舒适版','2007款',10,1,137800,137800);
insert into t_car_model(cm_id , cs_id , cm_name,cm_type ,cm_order , cm_state , cm_min_price , cm_max_price) values(3333,99,'2007款 改款 2.0L 手动尊贵版','2007款',11,1,135800,135800);
insert into t_car_model(cm_id , cs_id , cm_name,cm_type ,cm_order , cm_state , cm_min_price , cm_max_price) values(3334,99,'2007款 改款 2.0L 自动尊贵版','2007款',12,1,150800,150800);
insert into t_car_model(cm_id , cs_id , cm_name,cm_type ,cm_order , cm_state , cm_min_price , cm_max_price) values(3335,99,'2007款 改款 2.0L 手动尊享版','2007款',13,1,150800,150800);
insert into t_car_model(cm_id , cs_id , cm_name,cm_type ,cm_order , cm_state , cm_min_price , cm_max_price) values(3336,99,'2007款 改款 2.0L 自动尊享版','2007款',14,1,165800,165800);
insert into t_car_model(cm_id , cs_id , cm_name,cm_type ,cm_order , cm_state , cm_min_price , cm_max_price) values(2264,99,'2006款 1.6L 手动XS','2006款',1,1,119800,119800);
insert into t_car_model(cm_id , cs_id , cm_name,cm_type ,cm_order , cm_state , cm_min_price , cm_max_price) values(2293,99,'2006款 1.6L 自动XS','2006款',2,1,134800,134800);
insert into t_car_model(cm_id , cs_id , cm_name,cm_type ,cm_order , cm_state , cm_min_price , cm_max_price) values(2294,99,'2006款 1.6L 手动XT','2006款',3,1,144800,144800);
insert into t_car_model(cm_id , cs_id , cm_name,cm_type ,cm_order , cm_state , cm_min_price , cm_max_price) values(2295,99,'2006款 1.6L 自动XT','2006款',4,1,159800,159800);
insert into t_car_model(cm_id , cs_id , cm_name,cm_type ,cm_order , cm_state , cm_min_price , cm_max_price) values(2296,99,'2006款 2.0L 手动XT','2006款',5,1,161800,161800);
insert into t_car_model(cm_id , cs_id , cm_name,cm_type ,cm_order , cm_state , cm_min_price , cm_max_price) values(2300,99,'2006款 2.0L 自动XT','2006款',6,1,177800,177800);
insert into t_car_model(cm_id , cs_id , cm_name,cm_type ,cm_order , cm_state , cm_min_price , cm_max_price) values(2265,99,'2006款 2.0L 手动驾御版','2006款',7,1,132800,132800);
insert into t_car_model(cm_id , cs_id , cm_name,cm_type ,cm_order , cm_state , cm_min_price , cm_max_price) values(2553,99,'2006款 2.0L 自动驾御版','2006款',8,1,147800,147800);
insert into t_car_model(cm_id , cs_id , cm_name,cm_type ,cm_order , cm_state , cm_min_price , cm_max_price) values(2301,99,'2006款 2.0L 手动Prestige','2006款',9,1,157800,157800);
insert into t_car_model(cm_id , cs_id , cm_name,cm_type ,cm_order , cm_state , cm_min_price , cm_max_price) values(2302,99,'2006款 2.0L 自动Prestige','2006款',10,1,172800,172800);
insert into t_car_model(cm_id , cs_id , cm_name,cm_type ,cm_order , cm_state , cm_min_price , cm_max_price) values(1902,99,'2005款 2.0L 驾御版','2005款',1,1,146800,146800);
insert into t_car_model(cm_id , cs_id , cm_name,cm_type ,cm_order , cm_state , cm_min_price , cm_max_price) values(1207,99,'2004款 1.6L 手动XS','2004款',1,1,129800,129800);
insert into t_car_model(cm_id , cs_id , cm_name,cm_type ,cm_order , cm_state , cm_min_price , cm_max_price) values(1223,99,'2004款 1.6L 自动XS','2004款',2,1,144800,144800);
insert into t_car_model(cm_id , cs_id , cm_name,cm_type ,cm_order , cm_state , cm_min_price , cm_max_price) values(989,99,'2004款 1.6L 手动XT','2004款',3,1,144800,144800);
insert into t_car_model(cm_id , cs_id , cm_name,cm_type ,cm_order , cm_state , cm_min_price , cm_max_price) values(1229,99,'2004款 1.6L 自动XT','2004款',4,1,159800,159800);
insert into t_car_model(cm_id , cs_id , cm_name,cm_type ,cm_order , cm_state , cm_min_price , cm_max_price) values(1241,99,'2004款 2.0L 手动XT','2004款',5,1,161800,161800);
insert into t_car_model(cm_id , cs_id , cm_name,cm_type ,cm_order , cm_state , cm_min_price , cm_max_price) values(1247,99,'2004款 2.0L 自动XT','2004款',6,1,177800,177800);
insert into t_car_model(cm_id , cs_id , cm_name,cm_type ,cm_order , cm_state , cm_min_price , cm_max_price) values(1236,99,'2004款 1.6L 自动Prestige','2004款',7,1,172800,172800);
insert into t_car_model(cm_id , cs_id , cm_name,cm_type ,cm_order , cm_state , cm_min_price , cm_max_price) values(1269,99,'2004款 2.0L 手动Prestige','2004款',8,1,175800,175800);
insert into t_car_model(cm_id , cs_id , cm_name,cm_type ,cm_order , cm_state , cm_min_price , cm_max_price) values(988,99,'2004款 2.0L 自动Prestige','2004款',9,1,191800,191800);
insert into t_car_series(cs_id,cbf_id,cs_name,cs_order,cs_letter) values(877,38,'标致308',845,'B');
insert into t_car_model(cm_id , cs_id , cm_name,cm_type ,cm_order , cm_state , cm_min_price , cm_max_price) values(40458,877,'2019款 230THP 自动豪华版 国VI','2019款',1,1,120700,120700);
insert into t_car_model(cm_id , cs_id , cm_name,cm_type ,cm_order , cm_state , cm_min_price , cm_max_price) values(37361,877,'2019款 1.6L 手动时尚版 国V','2019款',2,1,89700,89700);
insert into t_car_model(cm_id , cs_id , cm_name,cm_type ,cm_order , cm_state , cm_min_price , cm_max_price) values(37595,877,'2019款 1.6L 自动时尚版 国V','2019款',3,1,102700,102700);
insert into t_car_model(cm_id , cs_id , cm_name,cm_type ,cm_order , cm_state , cm_min_price , cm_max_price) values(37596,877,'2019款 190THP 自动时尚版 国V','2019款',4,1,99700,99700);
insert into t_car_model(cm_id , cs_id , cm_name,cm_type ,cm_order , cm_state , cm_min_price , cm_max_price) values(37362,877,'2019款 1.6L 自动豪华版 国V','2019款',5,1,115700,115700);
insert into t_car_model(cm_id , cs_id , cm_name,cm_type ,cm_order , cm_state , cm_min_price , cm_max_price) values(37597,877,'2019款 190THP 自动豪华版 国V','2019款',6,1,112700,112700);
insert into t_car_model(cm_id , cs_id , cm_name,cm_type ,cm_order , cm_state , cm_min_price , cm_max_price) values(37598,877,'2019款 230THP 自动豪华版 国V','2019款',7,1,120700,120700);
insert into t_car_model(cm_id , cs_id , cm_name,cm_type ,cm_order , cm_state , cm_min_price , cm_max_price) values(37599,877,'2019款 230THP 自动尊贵版 国V','2019款',8,1,130700,130700);
insert into t_car_model(cm_id , cs_id , cm_name,cm_type ,cm_order , cm_state , cm_min_price , cm_max_price) values(33425,877,'2018款 1.6L 手动时尚版','2018款',1,1,99700,99700);
insert into t_car_model(cm_id , cs_id , cm_name,cm_type ,cm_order , cm_state , cm_min_price , cm_max_price) values(33426,877,'2018款 1.6L 自动时尚版','2018款',2,1,112700,112700);
insert into t_car_model(cm_id , cs_id , cm_name,cm_type ,cm_order , cm_state , cm_min_price , cm_max_price) values(33427,877,'2018款 1.6L 自动豪华版','2018款',3,1,127700,127700);
insert into t_car_model(cm_id , cs_id , cm_name,cm_type ,cm_order , cm_state , cm_min_price , cm_max_price) values(33428,877,'2018款 230THP 手动时尚版','2018款',4,1,109700,109700);
insert into t_car_model(cm_id , cs_id , cm_name,cm_type ,cm_order , cm_state , cm_min_price , cm_max_price) values(33429,877,'2018款 230THP 自动豪华版','2018款',5,1,135700,135700);
insert into t_car_model(cm_id , cs_id , cm_name,cm_type ,cm_order , cm_state , cm_min_price , cm_max_price) values(33430,877,'2018款 350THP 自动尊贵版','2018款',6,1,159700,159700);
insert into t_car_model(cm_id , cs_id , cm_name,cm_type ,cm_order , cm_state , cm_min_price , cm_max_price) values(27442,877,'2016款 1.6L 手动时尚版','2016款',1,1,99700,99700);
insert into t_car_model(cm_id , cs_id , cm_name,cm_type ,cm_order , cm_state , cm_min_price , cm_max_price) values(27443,877,'2016款 1.6L 自动时尚版','2016款',2,1,112700,112700);
insert into t_car_model(cm_id , cs_id , cm_name,cm_type ,cm_order , cm_state , cm_min_price , cm_max_price) values(27445,877,'2016款 1.6L 自动豪华版','2016款',3,1,127700,127700);
insert into t_car_model(cm_id , cs_id , cm_name,cm_type ,cm_order , cm_state , cm_min_price , cm_max_price) values(27444,877,'2016款 230THP 手动时尚版','2016款',4,1,109700,109700);
insert into t_car_model(cm_id , cs_id , cm_name,cm_type ,cm_order , cm_state , cm_min_price , cm_max_price) values(27446,877,'2016款 230THP 自动豪华版','2016款',5,1,135700,135700);
insert into t_car_model(cm_id , cs_id , cm_name,cm_type ,cm_order , cm_state , cm_min_price , cm_max_price) values(26289,877,'2016款 350THP 自动尊贵版','2016款',6,1,159700,159700);
insert into t_car_model(cm_id , cs_id , cm_name,cm_type ,cm_order , cm_state , cm_min_price , cm_max_price) values(15679,877,'2014款 乐享版 2.0L 手动风尚型','2014款',1,1,124900,124900);
insert into t_car_model(cm_id , cs_id , cm_name,cm_type ,cm_order , cm_state , cm_min_price , cm_max_price) values(18679,877,'2014款 乐享版 2.0L 自动风尚型','2014款',2,1,134900,134900);
insert into t_car_model(cm_id , cs_id , cm_name,cm_type ,cm_order , cm_state , cm_min_price , cm_max_price) values(18678,877,'2014款 乐享版 经典 1.6L 手动优尚型CNG','2014款',3,1,114900,114900);
insert into t_car_model(cm_id , cs_id , cm_name,cm_type ,cm_order , cm_state , cm_min_price , cm_max_price) values(15675,877,'2014款 乐享版 经典 1.6L 手动优尚型','2014款',4,1,105900,105900);
insert into t_car_model(cm_id , cs_id , cm_name,cm_type ,cm_order , cm_state , cm_min_price , cm_max_price) values(15676,877,'2014款 乐享版 经典 1.6L 自动优尚型','2014款',5,1,115900,115900);
insert into t_car_model(cm_id , cs_id , cm_name,cm_type ,cm_order , cm_state , cm_min_price , cm_max_price) values(15673,877,'2014款 乐享版 经典 1.6L 手动风尚型','2014款',6,1,113900,113900);
insert into t_car_model(cm_id , cs_id , cm_name,cm_type ,cm_order , cm_state , cm_min_price , cm_max_price) values(15674,877,'2014款 乐享版 经典 1.6L 自动风尚型','2014款',7,1,123900,123900);
insert into t_car_model(cm_id , cs_id , cm_name,cm_type ,cm_order , cm_state , cm_min_price , cm_max_price) values(15669,877,'2013款 1.6L 手动优尚型','2013款',1,1,105900,105900);
insert into t_car_model(cm_id , cs_id , cm_name,cm_type ,cm_order , cm_state , cm_min_price , cm_max_price) values(17018,877,'2013款 1.6L 手动优尚型CNG','2013款',2,1,114900,114900);
insert into t_car_model(cm_id , cs_id , cm_name,cm_type ,cm_order , cm_state , cm_min_price , cm_max_price) values(15670,877,'2013款 1.6L 自动优尚型','2013款',3,1,115900,115900);
insert into t_car_model(cm_id , cs_id , cm_name,cm_type ,cm_order , cm_state , cm_min_price , cm_max_price) values(15671,877,'2013款 1.6L 手动风尚型','2013款',4,1,113900,113900);
insert into t_car_model(cm_id , cs_id , cm_name,cm_type ,cm_order , cm_state , cm_min_price , cm_max_price) values(15672,877,'2013款 1.6L 自动风尚型','2013款',5,1,123900,123900);
insert into t_car_model(cm_id , cs_id , cm_name,cm_type ,cm_order , cm_state , cm_min_price , cm_max_price) values(15677,877,'2013款 2.0L 手动风尚型','2013款',6,1,124900,124900);
insert into t_car_model(cm_id , cs_id , cm_name,cm_type ,cm_order , cm_state , cm_min_price , cm_max_price) values(15678,877,'2013款 2.0L 自动风尚型','2013款',7,1,134900,134900);
insert into t_car_model(cm_id , cs_id , cm_name,cm_type ,cm_order , cm_state , cm_min_price , cm_max_price) values(15680,877,'2013款 2.0L 自动尊尚型','2013款',8,1,144900,144900);
insert into t_car_model(cm_id , cs_id , cm_name,cm_type ,cm_order , cm_state , cm_min_price , cm_max_price) values(16204,877,'2013款 1.6L 手动优尚陈坤出色版','2013款',9,1,115900,115900);
insert into t_car_model(cm_id , cs_id , cm_name,cm_type ,cm_order , cm_state , cm_min_price , cm_max_price) values(16241,877,'2013款 1.6L 自动优尚陈坤出色版','2013款',10,1,125900,125900);
insert into t_car_model(cm_id , cs_id , cm_name,cm_type ,cm_order , cm_state , cm_min_price , cm_max_price) values(16242,877,'2013款 1.6L 自动风尚陈坤出色版','2013款',11,1,133900,133900);
insert into t_car_model(cm_id , cs_id , cm_name,cm_type ,cm_order , cm_state , cm_min_price , cm_max_price) values(16243,877,'2013款 2.0L 自动尊尚陈坤出色版','2013款',12,1,154900,154900);
insert into t_car_model(cm_id , cs_id , cm_name,cm_type ,cm_order , cm_state , cm_min_price , cm_max_price) values(11137,877,'2012款 1.6L 手动优尚型','2012款',1,1,103900,103900);
insert into t_car_model(cm_id , cs_id , cm_name,cm_type ,cm_order , cm_state , cm_min_price , cm_max_price) values(11138,877,'2012款 1.6L 自动优尚型','2012款',2,1,113900,113900);
insert into t_car_model(cm_id , cs_id , cm_name,cm_type ,cm_order , cm_state , cm_min_price , cm_max_price) values(11139,877,'2012款 1.6L 手动风尚型','2012款',3,1,111900,111900);
insert into t_car_model(cm_id , cs_id , cm_name,cm_type ,cm_order , cm_state , cm_min_price , cm_max_price) values(11140,877,'2012款 1.6L 自动风尚型','2012款',4,1,121900,121900);
insert into t_car_model(cm_id , cs_id , cm_name,cm_type ,cm_order , cm_state , cm_min_price , cm_max_price) values(12736,877,'2012款 1.6L 罗兰・加洛斯版','2012款',5,1,125900,125900);
insert into t_car_model(cm_id , cs_id , cm_name,cm_type ,cm_order , cm_state , cm_min_price , cm_max_price) values(11141,877,'2012款 2.0L 手动风尚型','2012款',6,1,121900,121900);
insert into t_car_model(cm_id , cs_id , cm_name,cm_type ,cm_order , cm_state , cm_min_price , cm_max_price) values(11142,877,'2012款 2.0L 自动风尚型','2012款',7,1,131900,131900);
insert into t_car_model(cm_id , cs_id , cm_name,cm_type ,cm_order , cm_state , cm_min_price , cm_max_price) values(5697,877,'2012款 2.0L 自动尊尚型','2012款',8,1,141900,141900);
insert into t_car_series(cs_id,cbf_id,cs_name,cs_order,cs_letter) values(3632,38,'标致308S',846,'B');
insert into t_car_model(cm_id , cs_id , cm_name,cm_type ,cm_order , cm_state , cm_min_price , cm_max_price) values(21494,3632,'2015款 1.6L 手动尚驰版','2015款',1,1,112700,112700);
insert into t_car_model(cm_id , cs_id , cm_name,cm_type ,cm_order , cm_state , cm_min_price , cm_max_price) values(21492,3632,'2015款 1.6L 手动劲驰版','2015款',2,1,124700,124700);
insert into t_car_model(cm_id , cs_id , cm_name,cm_type ,cm_order , cm_state , cm_min_price , cm_max_price) values(24520,3632,'2015款 1.2T 手动尚弛版','2015款',3,1,120700,120700);
insert into t_car_model(cm_id , cs_id , cm_name,cm_type ,cm_order , cm_state , cm_min_price , cm_max_price) values(21493,3632,'2015款 1.2T 自动尚驰版','2015款',4,1,132700,132700);
insert into t_car_model(cm_id , cs_id , cm_name,cm_type ,cm_order , cm_state , cm_min_price , cm_max_price) values(21491,3632,'2015款 1.2T 自动劲驰版','2015款',5,1,144700,144700);
insert into t_car_model(cm_id , cs_id , cm_name,cm_type ,cm_order , cm_state , cm_min_price , cm_max_price) values(21490,3632,'2015款 1.6T 自动劲驰版','2015款',6,1,157700,157700);
insert into t_car_model(cm_id , cs_id , cm_name,cm_type ,cm_order , cm_state , cm_min_price , cm_max_price) values(20668,3632,'2015款 1.6T 自动睿驰版','2015款',7,1,179700,179700);
insert into t_car_series(cs_id,cbf_id,cs_name,cs_order,cs_letter) values(2619,38,'标致3008',847,'B');
insert into t_car_model(cm_id , cs_id , cm_name,cm_type ,cm_order , cm_state , cm_min_price , cm_max_price) values(36492,2619,'2019款 350THP 自动领先版','2019款',1,1,139700,139700);
insert into t_car_model(cm_id , cs_id , cm_name,cm_type ,cm_order , cm_state , cm_min_price , cm_max_price) values(36493,2619,'2019款 350THP 自动精英版','2019款',2,1,149700,149700);
insert into t_car_model(cm_id , cs_id , cm_name,cm_type ,cm_order , cm_state , cm_min_price , cm_max_price) values(33431,2619,'2018款 2.0L 手动经典版','2018款',1,1,140700,140700);
insert into t_car_model(cm_id , cs_id , cm_name,cm_type ,cm_order , cm_state , cm_min_price , cm_max_price) values(33432,2619,'2018款 2.0L 自动经典版','2018款',2,1,152700,152700);
insert into t_car_model(cm_id , cs_id , cm_name,cm_type ,cm_order , cm_state , cm_min_price , cm_max_price) values(33434,2619,'2018款 2.0L 自动潮流版','2018款',3,1,167700,167700);
insert into t_car_model(cm_id , cs_id , cm_name,cm_type ,cm_order , cm_state , cm_min_price , cm_max_price) values(33433,2619,'2018款 350THP 自动经典版','2018款',4,1,169700,169700);
insert into t_car_model(cm_id , cs_id , cm_name,cm_type ,cm_order , cm_state , cm_min_price , cm_max_price) values(33435,2619,'2018款 350THP 自动潮流版','2018款',5,1,184700,184700);
insert into t_car_model(cm_id , cs_id , cm_name,cm_type ,cm_order , cm_state , cm_min_price , cm_max_price) values(33436,2619,'2018款 350THP 自动至尚版','2018款',6,1,207700,207700);
insert into t_car_model(cm_id , cs_id , cm_name,cm_type ,cm_order , cm_state , cm_min_price , cm_max_price) values(26502,2619,'2016款 2.0L 手动经典版','2016款',1,1,140700,140700);
insert into t_car_model(cm_id , cs_id , cm_name,cm_type ,cm_order , cm_state , cm_min_price , cm_max_price) values(28252,2619,'2016款 2.0L 自动标准版','2016款',2,1,148700,148700);
insert into t_car_model(cm_id , cs_id , cm_name,cm_type ,cm_order , cm_state , cm_min_price , cm_max_price) values(26503,2619,'2016款 2.0L 自动经典版','2016款',3,1,152700,152700);
insert into t_car_model(cm_id , cs_id , cm_name,cm_type ,cm_order , cm_state , cm_min_price , cm_max_price) values(26505,2619,'2016款 2.0L 自动潮流版','2016款',4,1,167700,167700);
insert into t_car_model(cm_id , cs_id , cm_name,cm_type ,cm_order , cm_state , cm_min_price , cm_max_price) values(28253,2619,'2016款 1.6THP 自动标准版','2016款',5,1,165700,165700);
insert into t_car_model(cm_id , cs_id , cm_name,cm_type ,cm_order , cm_state , cm_min_price , cm_max_price) values(26504,2619,'2016款 1.6THP 自动经典版','2016款',6,1,169700,169700);
insert into t_car_model(cm_id , cs_id , cm_name,cm_type ,cm_order , cm_state , cm_min_price , cm_max_price) values(26506,2619,'2016款 1.6THP 自动潮流版','2016款',7,1,184700,184700);
insert into t_car_model(cm_id , cs_id , cm_name,cm_type ,cm_order , cm_state , cm_min_price , cm_max_price) values(26310,2619,'2016款 1.6THP 自动至尚版','2016款',8,1,207700,207700);
insert into t_car_model(cm_id , cs_id , cm_name,cm_type ,cm_order , cm_state , cm_min_price , cm_max_price) values(21013,2619,'2015款 2.0L 手动经典版','2015款',1,1,159700,159700);
insert into t_car_model(cm_id , cs_id , cm_name,cm_type ,cm_order , cm_state , cm_min_price , cm_max_price) values(21014,2619,'2015款 2.0L 自动经典版','2015款',2,1,171700,171700);
insert into t_car_model(cm_id , cs_id , cm_name,cm_type ,cm_order , cm_state , cm_min_price , cm_max_price) values(21017,2619,'2015款 1.6THP 自动经典版','2015款',3,1,188700,188700);
insert into t_car_model(cm_id , cs_id , cm_name,cm_type ,cm_order , cm_state , cm_min_price , cm_max_price) values(21015,2619,'2015款 2.0L 手动潮流版','2015款',4,1,174700,174700);
insert into t_car_model(cm_id , cs_id , cm_name,cm_type ,cm_order , cm_state , cm_min_price , cm_max_price) values(21016,2619,'2015款 2.0L 自动潮流版','2015款',5,1,186700,186700);
insert into t_car_model(cm_id , cs_id , cm_name,cm_type ,cm_order , cm_state , cm_min_price , cm_max_price) values(21020,2619,'2015款 1.6THP 自动潮流版','2015款',6,1,203700,203700);
insert into t_car_model(cm_id , cs_id , cm_name,cm_type ,cm_order , cm_state , cm_min_price , cm_max_price) values(20718,2619,'2015款 1.6THP 自动至尚版','2015款',7,1,220700,220700);
insert into t_car_model(cm_id , cs_id , cm_name,cm_type ,cm_order , cm_state , cm_min_price , cm_max_price) values(22447,2619,'2015款 1.6THP 罗兰・加洛斯版','2015款',8,1,223200,223200);
insert into t_car_model(cm_id , cs_id , cm_name,cm_type ,cm_order , cm_state , cm_min_price , cm_max_price) values(20462,2619,'2014款 1.6THP 自动逐乐版','2014款',1,1,219700,219700);
insert into t_car_model(cm_id , cs_id , cm_name,cm_type ,cm_order , cm_state , cm_min_price , cm_max_price) values(18979,2619,'2014款 1.6THP 罗兰・加洛斯版','2014款',2,1,220800,220800);
insert into t_car_model(cm_id , cs_id , cm_name,cm_type ,cm_order , cm_state , cm_min_price , cm_max_price) values(14815,2619,'2013款 2.0L 手动经典版','2013款',1,1,159700,159700);
insert into t_car_model(cm_id , cs_id , cm_name,cm_type ,cm_order , cm_state , cm_min_price , cm_max_price) values(16579,2619,'2013款 2.0L 自动经典版','2013款',2,1,171700,171700);
insert into t_car_model(cm_id , cs_id , cm_name,cm_type ,cm_order , cm_state , cm_min_price , cm_max_price) values(16580,2619,'2013款 2.0L 手动潮流版','2013款',3,1,174700,174700);
insert into t_car_model(cm_id , cs_id , cm_name,cm_type ,cm_order , cm_state , cm_min_price , cm_max_price) values(14415,2619,'2013款 2.0L 自动潮流版','2013款',4,1,186700,186700);
insert into t_car_model(cm_id , cs_id , cm_name,cm_type ,cm_order , cm_state , cm_min_price , cm_max_price) values(14414,2619,'2013款 1.6THP 自动潮流版','2013款',5,1,201700,201700);
insert into t_car_model(cm_id , cs_id , cm_name,cm_type ,cm_order , cm_state , cm_min_price , cm_max_price) values(11619,2619,'2013款 1.6THP 自动至尚版','2013款',6,1,214700,214700);
insert into t_car_model(cm_id , cs_id , cm_name,cm_type ,cm_order , cm_state , cm_min_price , cm_max_price) values(15709,2619,'2013款 1.6THP 罗兰・加洛斯版','2013款',7,1,216700,216700);
insert into t_car_brand_factory(cbf_id , cb_id , cbf_name ,cbf_letter) values(88,13,'标致(进口)','B');
insert into t_car_series(cs_id,cbf_id,cs_name,cs_order,cs_letter) values(689,88,'标致308(进口)',852,'B');
insert into t_car_model(cm_id , cs_id , cm_name,cm_type ,cm_order , cm_state , cm_min_price , cm_max_price) values(16114,689,'2013款 1.6T CC 罗兰・加洛斯版','2013款',1,1,341800,341800);
insert into t_car_model(cm_id , cs_id , cm_name,cm_type ,cm_order , cm_state , cm_min_price , cm_max_price) values(17492,689,'2013款 1.6T SW 时尚型','2013款',2,1,228800,228800);
insert into t_car_model(cm_id , cs_id , cm_name,cm_type ,cm_order , cm_state , cm_min_price , cm_max_price) values(17493,689,'2013款 1.6T SW 豪华型','2013款',3,1,248800,248800);
insert into t_car_model(cm_id , cs_id , cm_name,cm_type ,cm_order , cm_state , cm_min_price , cm_max_price) values(9414,689,'2012款 1.6T SW 时尚版','2012款',1,1,228800,228800);
insert into t_car_model(cm_id , cs_id , cm_name,cm_type ,cm_order , cm_state , cm_min_price , cm_max_price) values(12432,689,'2012款 1.6T SW 豪华型','2012款',2,1,248800,248800);
insert into t_car_model(cm_id , cs_id , cm_name,cm_type ,cm_order , cm_state , cm_min_price , cm_max_price) values(12111,689,'2012款 1.6T CC 时尚型','2012款',3,1,318100,318100);
insert into t_car_model(cm_id , cs_id , cm_name,cm_type ,cm_order , cm_state , cm_min_price , cm_max_price) values(9413,689,'2012款 1.6T CC 豪华型','2012款',4,1,348400,348400);
insert into t_car_model(cm_id , cs_id , cm_name,cm_type ,cm_order , cm_state , cm_min_price , cm_max_price) values(5668,689,'2009款 1.6T SW 时尚型','2009款',1,1,223800,223800);
insert into t_car_model(cm_id , cs_id , cm_name,cm_type ,cm_order , cm_state , cm_min_price , cm_max_price) values(4826,689,'2009款 1.6T SW 豪华型','2009款',2,1,243800,243800);
insert into t_car_model(cm_id , cs_id , cm_name,cm_type ,cm_order , cm_state , cm_min_price , cm_max_price) values(5667,689,'2009款 1.6T CC 自动时尚型','2009款',3,1,299800,299800);
insert into t_car_model(cm_id , cs_id , cm_name,cm_type ,cm_order , cm_state , cm_min_price , cm_max_price) values(4829,689,'2009款 1.6T CC 自动豪华型','2009款',4,1,333800,333800);
insert into t_car_series(cs_id,cbf_id,cs_name,cs_order,cs_letter) values(724,88,'标致3008(进口)',859,'B');
insert into t_car_model(cm_id , cs_id , cm_name,cm_type ,cm_order , cm_state , cm_min_price , cm_max_price) values(9139,724,'2011款 1.6T 时尚型','2011款',1,1,246800,246800);
insert into t_car_model(cm_id , cs_id , cm_name,cm_type ,cm_order , cm_state , cm_min_price , cm_max_price) values(4866,724,'2011款 1.6T 豪华型','2011款',2,1,266800,266800);
insert into t_car_series(cs_id,cbf_id,cs_name,cs_order,cs_letter) values(184,88,'标致206(进口)',876,'B');
insert into t_car_model(cm_id , cs_id , cm_name,cm_type ,cm_order , cm_state , cm_min_price , cm_max_price) values(6828,184,'2007款 206CC 1.6','2007款',1,1,255000,255000);
insert into t_car_model(cm_id , cs_id , cm_name,cm_type ,cm_order , cm_state , cm_min_price , cm_max_price) values(41,184,'2004款 206CC 1.6','2004款',1,1,255000,255000);
insert into t_car_series(cs_id,cbf_id,cs_name,cs_order,cs_letter) values(640,88,'标致207(进口)',877,'B');
insert into t_car_model(cm_id , cs_id , cm_name,cm_type ,cm_order , cm_state , cm_min_price , cm_max_price) values(14764,640,'2013款 1.6L CC 自动时尚型','2013款',1,1,216800,216800);
insert into t_car_model(cm_id , cs_id , cm_name,cm_type ,cm_order , cm_state , cm_min_price , cm_max_price) values(14765,640,'2013款 1.6L CC 自动豪华型','2013款',2,1,226800,226800);
insert into t_car_model(cm_id , cs_id , cm_name,cm_type ,cm_order , cm_state , cm_min_price , cm_max_price) values(16118,640,'2013款 1.6L CC 罗兰・加洛斯时尚型','2013款',3,1,219800,219800);
insert into t_car_model(cm_id , cs_id , cm_name,cm_type ,cm_order , cm_state , cm_min_price , cm_max_price) values(16113,640,'2013款 1.6L CC 罗兰・加洛斯豪华型','2013款',4,1,229800,229800);
insert into t_car_model(cm_id , cs_id , cm_name,cm_type ,cm_order , cm_state , cm_min_price , cm_max_price) values(10386,640,'2011款 1.6T CC 风尚版','2011款',1,1,226800,226800);
insert into t_car_model(cm_id , cs_id , cm_name,cm_type ,cm_order , cm_state , cm_min_price , cm_max_price) values(4115,640,'2008款 1.6T CC GT150 时尚版','2008款',1,1,235800,235800);
insert into t_car_model(cm_id , cs_id , cm_name,cm_type ,cm_order , cm_state , cm_min_price , cm_max_price) values(4272,640,'2008款 1.6T CC GT150 精英版','2008款',2,1,265800,265800);
insert into t_car_series(cs_id,cbf_id,cs_name,cs_order,cs_letter) values(277,88,'标致307(进口)',880,'B');
insert into t_car_model(cm_id , cs_id , cm_name,cm_type ,cm_order , cm_state , cm_min_price , cm_max_price) values(3337,277,'2007款 SW 2.0 精装版','2007款',1,1,239800,239800);
insert into t_car_model(cm_id , cs_id , cm_name,cm_type ,cm_order , cm_state , cm_min_price , cm_max_price) values(3477,277,'2007款 SW 2.0 豪华版','2007款',2,1,265000,265000);
insert into t_car_model(cm_id , cs_id , cm_name,cm_type ,cm_order , cm_state , cm_min_price , cm_max_price) values(6824,277,'2007款 CC 2.0','2007款',3,1,360000,360000);
insert into t_car_model(cm_id , cs_id , cm_name,cm_type ,cm_order , cm_state , cm_min_price , cm_max_price) values(551,277,'2005款 SW 2.0','2005款',1,1,290000,290000);
insert into t_car_model(cm_id , cs_id , cm_name,cm_type ,cm_order , cm_state , cm_min_price , cm_max_price) values(1023,277,'2004款 CC 2.0','2004款',1,1,360000,360000);
insert into t_car_series(cs_id,cbf_id,cs_name,cs_order,cs_letter) values(185,88,'标致407',884,'B');
insert into t_car_model(cm_id , cs_id , cm_name,cm_type ,cm_order , cm_state , cm_min_price , cm_max_price) values(6147,185,'2008款 2.2 精装版','2008款',1,1,304800,304800);
insert into t_car_model(cm_id , cs_id , cm_name,cm_type ,cm_order , cm_state , cm_min_price , cm_max_price) values(3733,185,'2008款 2.2 豪华版','2008款',2,1,320800,320800);
insert into t_car_model(cm_id , cs_id , cm_name,cm_type ,cm_order , cm_state , cm_min_price , cm_max_price) values(3734,185,'2008款 2.2 SW 豪华多媒体版','2008款',3,1,379800,379800);
insert into t_car_model(cm_id , cs_id , cm_name,cm_type ,cm_order , cm_state , cm_min_price , cm_max_price) values(6148,185,'2008款 3.0 豪华版','2008款',4,1,425300,425300);
insert into t_car_model(cm_id , cs_id , cm_name,cm_type ,cm_order , cm_state , cm_min_price , cm_max_price) values(2605,185,'2007款 2.2 SW 豪华版','2007款',1,1,379800,379800);
insert into t_car_model(cm_id , cs_id , cm_name,cm_type ,cm_order , cm_state , cm_min_price , cm_max_price) values(2603,185,'2007款 3.0 Coupe','2007款',2,1,490000,490000);
insert into t_car_model(cm_id , cs_id , cm_name,cm_type ,cm_order , cm_state , cm_min_price , cm_max_price) values(2604,185,'2006款 2.2 精装版','2006款',1,1,324800,324800);
insert into t_car_model(cm_id , cs_id , cm_name,cm_type ,cm_order , cm_state , cm_min_price , cm_max_price) values(1624,185,'2005款 3.0 豪华版','2005款',1,1,395000,395000);
insert into t_car_model(cm_id , cs_id , cm_name,cm_type ,cm_order , cm_state , cm_min_price , cm_max_price) values(1629,185,'2005款 3.0 SW','2005款',2,1,410000,410000);
insert into t_car_model(cm_id , cs_id , cm_name,cm_type ,cm_order , cm_state , cm_min_price , cm_max_price) values(6821,185,'2005款 2.2 SW','2005款',3,1,372500,372500);
insert into t_car_model(cm_id , cs_id , cm_name,cm_type ,cm_order , cm_state , cm_min_price , cm_max_price) values(1392,185,'2004款 2.2','2004款',1,1,398000,398000);
insert into t_car_model(cm_id , cs_id , cm_name,cm_type ,cm_order , cm_state , cm_min_price , cm_max_price) values(780,185,'2004款 ST 1.8','2004款',2,1,280000,280000);
insert into t_car_model(cm_id , cs_id , cm_name,cm_type ,cm_order , cm_state , cm_min_price , cm_max_price) values(939,185,'2004款 ST 2.0','2004款',3,1,325000,325000);
insert into t_car_model(cm_id , cs_id , cm_name,cm_type ,cm_order , cm_state , cm_min_price , cm_max_price) values(60,185,'2004款 SV 2.0','2004款',4,1,358000,358000);
insert into t_car_model(cm_id , cs_id , cm_name,cm_type ,cm_order , cm_state , cm_min_price , cm_max_price) values(1148,185,'2004款 Coupe 3.0','2004款',5,1,320000,320000);
insert into t_car_series(cs_id,cbf_id,cs_name,cs_order,cs_letter) values(186,88,'标致607',885,'B');
insert into t_car_model(cm_id , cs_id , cm_name,cm_type ,cm_order , cm_state , cm_min_price , cm_max_price) values(6699,186,'2006款 3.0','2006款',1,1,470000,470000);
insert into t_car_model(cm_id , cs_id , cm_name,cm_type ,cm_order , cm_state , cm_min_price , cm_max_price) values(1055,186,'2004款 2.2','2004款',1,1,430000,430000);
insert into t_car_model(cm_id , cs_id , cm_name,cm_type ,cm_order , cm_state , cm_min_price , cm_max_price) values(40,186,'2004款 3.0','2004款',2,1,470000,470000);
insert into t_car_series(cs_id,cbf_id,cs_name,cs_order,cs_letter) values(2472,88,'标致4008(进口)',892,'B');
insert into t_car_model(cm_id , cs_id , cm_name,cm_type ,cm_order , cm_state , cm_min_price , cm_max_price) values(15938,2472,'2013款 2.0L 两驱进取型','2013款',1,1,199800,199800);
insert into t_car_model(cm_id , cs_id , cm_name,cm_type ,cm_order , cm_state , cm_min_price , cm_max_price) values(15934,2472,'2013款 2.0L 两驱时尚型','2013款',2,1,219800,219800);
insert into t_car_model(cm_id , cs_id , cm_name,cm_type ,cm_order , cm_state , cm_min_price , cm_max_price) values(15935,2472,'2013款 2.0L 四驱时尚型','2013款',3,1,239800,239800);
insert into t_car_model(cm_id , cs_id , cm_name,cm_type ,cm_order , cm_state , cm_min_price , cm_max_price) values(15936,2472,'2013款 2.0L 两驱豪华型','2013款',4,1,259800,259800);
insert into t_car_model(cm_id , cs_id , cm_name,cm_type ,cm_order , cm_state , cm_min_price , cm_max_price) values(15937,2472,'2013款 2.0L 四驱豪华型','2013款',5,1,279800,279800);
insert into t_car_model(cm_id , cs_id , cm_name,cm_type ,cm_order , cm_state , cm_min_price , cm_max_price) values(12620,2472,'2012款 2.0L 两驱时尚型','2012款',1,1,219800,219800);
insert into t_car_model(cm_id , cs_id , cm_name,cm_type ,cm_order , cm_state , cm_min_price , cm_max_price) values(12621,2472,'2012款 2.0L 四驱时尚型','2012款',2,1,239800,239800);
insert into t_car_model(cm_id , cs_id , cm_name,cm_type ,cm_order , cm_state , cm_min_price , cm_max_price) values(12619,2472,'2012款 2.0L 两驱豪华型','2012款',3,1,259800,259800);
insert into t_car_model(cm_id , cs_id , cm_name,cm_type ,cm_order , cm_state , cm_min_price , cm_max_price) values(11047,2472,'2012款 2.0L 四驱豪华型','2012款',4,1,279800,279800);
insert into t_car_series(cs_id,cbf_id,cs_name,cs_order,cs_letter) values(2047,88,'标致RCZ',901,'B');
insert into t_car_model(cm_id , cs_id , cm_name,cm_type ,cm_order , cm_state , cm_min_price , cm_max_price) values(18953,2047,'2014款 1.6T 时尚型','2014款',1,1,328800,328800);
insert into t_car_model(cm_id , cs_id , cm_name,cm_type ,cm_order , cm_state , cm_min_price , cm_max_price) values(18954,2047,'2014款 1.6T 豪华版浅色风格','2014款',2,1,352800,352800);
insert into t_car_model(cm_id , cs_id , cm_name,cm_type ,cm_order , cm_state , cm_min_price , cm_max_price) values(18955,2047,'2014款 1.6T 豪华版深色风格','2014款',3,1,356800,356800);
insert into t_car_model(cm_id , cs_id , cm_name,cm_type ,cm_order , cm_state , cm_min_price , cm_max_price) values(10794,2047,'2011款 1.6T 时尚型','2011款',1,1,328800,328800);
insert into t_car_model(cm_id , cs_id , cm_name,cm_type ,cm_order , cm_state , cm_min_price , cm_max_price) values(10793,2047,'2011款 1.6T 豪华优雅型','2011款',2,1,352800,352800);
insert into t_car_model(cm_id , cs_id , cm_name,cm_type ,cm_order , cm_state , cm_min_price , cm_max_price) values(7063,2047,'2011款 1.6T 豪华运动型','2011款',3,1,356800,356800);
