insert into t_car_brand_factory(cbf_id , cb_id , cbf_name ,cbf_letter) values(181,70,'长安沃尔沃','C');
insert into t_car_series(cs_id,cbf_id,cs_name,cs_order,cs_letter) values(463,181,'沃尔沃S40',4483,'W');
insert into t_car_model(cm_id , cs_id , cm_name,cm_type ,cm_order , cm_state , cm_min_price , cm_max_price) values(12758,463,'2012款 2.0L 自动典雅版','2012款',1,1,209000,209000);
insert into t_car_model(cm_id , cs_id , cm_name,cm_type ,cm_order , cm_state , cm_min_price , cm_max_price) values(12759,463,'2012款 2.0L 自动尊享版','2012款',2,1,219000,219000);
insert into t_car_model(cm_id , cs_id , cm_name,cm_type ,cm_order , cm_state , cm_min_price , cm_max_price) values(8974,463,'2011款 2.0L 自动智雅版','2011款',1,1,288000,288000);
insert into t_car_model(cm_id , cs_id , cm_name,cm_type ,cm_order , cm_state , cm_min_price , cm_max_price) values(9281,463,'2011款 2.0L 自动智尚版','2011款',2,1,268000,268000);
insert into t_car_model(cm_id , cs_id , cm_name,cm_type ,cm_order , cm_state , cm_min_price , cm_max_price) values(9282,463,'2011款 2.0L 自动智尊版','2011款',3,1,308000,308000);
insert into t_car_model(cm_id , cs_id , cm_name,cm_type ,cm_order , cm_state , cm_min_price , cm_max_price) values(8024,463,'2010款 2.0L 手动标准型','2010款',1,1,248000,248000);
insert into t_car_model(cm_id , cs_id , cm_name,cm_type ,cm_order , cm_state , cm_min_price , cm_max_price) values(8025,463,'2010款 2.0L 自动智尚版','2010款',2,1,268000,268000);
insert into t_car_model(cm_id , cs_id , cm_name,cm_type ,cm_order , cm_state , cm_min_price , cm_max_price) values(8026,463,'2010款 2.0L 自动智雅版','2010款',3,1,288000,288000);
insert into t_car_model(cm_id , cs_id , cm_name,cm_type ,cm_order , cm_state , cm_min_price , cm_max_price) values(8027,463,'2010款 2.0L 自动智尊版','2010款',4,1,308000,308000);
insert into t_car_model(cm_id , cs_id , cm_name,cm_type ,cm_order , cm_state , cm_min_price , cm_max_price) values(4794,463,'2009款 2.0L 手动标准型','2009款',1,1,248000,248000);
insert into t_car_model(cm_id , cs_id , cm_name,cm_type ,cm_order , cm_state , cm_min_price , cm_max_price) values(4795,463,'2009款 2.0L 自动智尚版','2009款',2,1,268000,268000);
insert into t_car_model(cm_id , cs_id , cm_name,cm_type ,cm_order , cm_state , cm_min_price , cm_max_price) values(4796,463,'2009款 2.0L 自动智雅版','2009款',3,1,288000,288000);
insert into t_car_model(cm_id , cs_id , cm_name,cm_type ,cm_order , cm_state , cm_min_price , cm_max_price) values(4581,463,'2009款 2.5L T5 R-Design','2009款',4,1,378000,378000);
insert into t_car_model(cm_id , cs_id , cm_name,cm_type ,cm_order , cm_state , cm_min_price , cm_max_price) values(4565,463,'2008款 2.4i R-Design','2008款',1,1,293000,293000);
insert into t_car_model(cm_id , cs_id , cm_name,cm_type ,cm_order , cm_state , cm_min_price , cm_max_price) values(3389,463,'2007款 2.4i 智尚版','2007款',1,1,250000,250000);
insert into t_car_model(cm_id , cs_id , cm_name,cm_type ,cm_order , cm_state , cm_min_price , cm_max_price) values(3390,463,'2007款 2.4i 智雅版','2007款',2,1,298000,298000);
insert into t_car_model(cm_id , cs_id , cm_name,cm_type ,cm_order , cm_state , cm_min_price , cm_max_price) values(3391,463,'2007款 2.5L T5','2007款',3,1,358000,358000);
insert into t_car_model(cm_id , cs_id , cm_name,cm_type ,cm_order , cm_state , cm_min_price , cm_max_price) values(2428,463,'2006款 2.4i','2006款',1,1,305000,305000);
insert into t_car_model(cm_id , cs_id , cm_name,cm_type ,cm_order , cm_state , cm_min_price , cm_max_price) values(2429,463,'2006款 2.5L T5','2006款',2,1,368000,368000);
insert into t_car_series(cs_id,cbf_id,cs_name,cs_order,cs_letter) values(693,181,'沃尔沃S80L',4484,'W');
insert into t_car_model(cm_id , cs_id , cm_name,cm_type ,cm_order , cm_state , cm_min_price , cm_max_price) values(22037,693,'2015款 2.0T T5 智逸版','2015款',1,1,399900,399900);
insert into t_car_model(cm_id , cs_id , cm_name,cm_type ,cm_order , cm_state , cm_min_price , cm_max_price) values(22038,693,'2015款 2.0T T5 智雅版','2015款',2,1,434900,434900);
insert into t_car_model(cm_id , cs_id , cm_name,cm_type ,cm_order , cm_state , cm_min_price , cm_max_price) values(22039,693,'2015款 2.0T T5 智尊行政版','2015款',3,1,499900,499900);
insert into t_car_model(cm_id , cs_id , cm_name,cm_type ,cm_order , cm_state , cm_min_price , cm_max_price) values(16808,693,'2014款 2.0T T5 智逸版','2014款',1,1,399900,399900);
insert into t_car_model(cm_id , cs_id , cm_name,cm_type ,cm_order , cm_state , cm_min_price , cm_max_price) values(16807,693,'2014款 2.0T T5 智雅版','2014款',2,1,434900,434900);
insert into t_car_model(cm_id , cs_id , cm_name,cm_type ,cm_order , cm_state , cm_min_price , cm_max_price) values(16178,693,'2014款 2.0T T5 智尊行政版','2014款',3,1,489900,489900);
insert into t_car_model(cm_id , cs_id , cm_name,cm_type ,cm_order , cm_state , cm_min_price , cm_max_price) values(16809,693,'2014款 3.0T T6 AWD 智尊行政版','2014款',4,1,719900,719900);
insert into t_car_model(cm_id , cs_id , cm_name,cm_type ,cm_order , cm_state , cm_min_price , cm_max_price) values(12553,693,'2012款 2.0T 智尚版','2012款',1,1,374900,374900);
insert into t_car_model(cm_id , cs_id , cm_name,cm_type ,cm_order , cm_state , cm_min_price , cm_max_price) values(12554,693,'2012款 2.0T T5 智雅版','2012款',2,1,404900,404900);
insert into t_car_model(cm_id , cs_id , cm_name,cm_type ,cm_order , cm_state , cm_min_price , cm_max_price) values(12555,693,'2012款 2.0T T5 智尊版','2012款',3,1,449900,449900);
insert into t_car_model(cm_id , cs_id , cm_name,cm_type ,cm_order , cm_state , cm_min_price , cm_max_price) values(12556,693,'2012款 3.0T T6 AWD 智雅版','2012款',4,1,593900,593900);
insert into t_car_model(cm_id , cs_id , cm_name,cm_type ,cm_order , cm_state , cm_min_price , cm_max_price) values(12557,693,'2012款 3.0T T6 AWD 智尊版','2012款',5,1,659900,659900);
insert into t_car_model(cm_id , cs_id , cm_name,cm_type ,cm_order , cm_state , cm_min_price , cm_max_price) values(9049,693,'2011款 2.0T 智尚版','2011款',1,1,368000,368000);
insert into t_car_model(cm_id , cs_id , cm_name,cm_type ,cm_order , cm_state , cm_min_price , cm_max_price) values(9050,693,'2011款 2.0T 智雅版','2011款',2,1,399900,399900);
insert into t_car_model(cm_id , cs_id , cm_name,cm_type ,cm_order , cm_state , cm_min_price , cm_max_price) values(9051,693,'2011款 2.0T 智尊版','2011款',3,1,438500,438500);
insert into t_car_model(cm_id , cs_id , cm_name,cm_type ,cm_order , cm_state , cm_min_price , cm_max_price) values(9052,693,'2011款 3.0T AWD 智雅版','2011款',4,1,593800,593800);
insert into t_car_model(cm_id , cs_id , cm_name,cm_type ,cm_order , cm_state , cm_min_price , cm_max_price) values(9053,693,'2011款 3.0T AWD 智尊版','2011款',5,1,658600,658600);
insert into t_car_model(cm_id , cs_id , cm_name,cm_type ,cm_order , cm_state , cm_min_price , cm_max_price) values(6273,693,'2010款 2.5T 智尚版','2010款',1,1,398000,398000);
insert into t_car_model(cm_id , cs_id , cm_name,cm_type ,cm_order , cm_state , cm_min_price , cm_max_price) values(6274,693,'2010款 2.5T 智雅版','2010款',2,1,433000,433000);
insert into t_car_model(cm_id , cs_id , cm_name,cm_type ,cm_order , cm_state , cm_min_price , cm_max_price) values(6275,693,'2010款 2.5T 智尊版','2010款',3,1,468500,468500);
insert into t_car_model(cm_id , cs_id , cm_name,cm_type ,cm_order , cm_state , cm_min_price , cm_max_price) values(6276,693,'2010款 3.0T AWD 智雅版','2010款',4,1,613800,613800);
insert into t_car_model(cm_id , cs_id , cm_name,cm_type ,cm_order , cm_state , cm_min_price , cm_max_price) values(6277,693,'2010款 3.0T AWD 智尊版','2010款',5,1,678600,678600);
insert into t_car_model(cm_id , cs_id , cm_name,cm_type ,cm_order , cm_state , cm_min_price , cm_max_price) values(5106,693,'2009款 2.5T 智尚版','2009款',1,1,398000,398000);
insert into t_car_model(cm_id , cs_id , cm_name,cm_type ,cm_order , cm_state , cm_min_price , cm_max_price) values(5107,693,'2009款 2.5T 智雅版','2009款',2,1,429800,429800);
insert into t_car_model(cm_id , cs_id , cm_name,cm_type ,cm_order , cm_state , cm_min_price , cm_max_price) values(5108,693,'2009款 2.5T 智尊版','2009款',3,1,463800,463800);
insert into t_car_model(cm_id , cs_id , cm_name,cm_type ,cm_order , cm_state , cm_min_price , cm_max_price) values(4659,693,'2009款 3.0T AWD 智雅版','2009款',4,1,608000,608000);
insert into t_car_model(cm_id , cs_id , cm_name,cm_type ,cm_order , cm_state , cm_min_price , cm_max_price) values(5109,693,'2009款 3.0T AWD 智尊版','2009款',5,1,678600,678600);
insert into t_car_brand_factory(cbf_id , cb_id , cbf_name ,cbf_letter) values(367,70,'沃尔沃亚太','W');
insert into t_car_series(cs_id,cbf_id,cs_name,cs_order,cs_letter) values(3158,367,'沃尔沃S60',4485,'W');
insert into t_car_model(cm_id , cs_id , cm_name,cm_type ,cm_order , cm_state , cm_min_price , cm_max_price) values(51732,3158,'2022款 B3 智行豪华版','2022款',1,1,296900,296900);
insert into t_car_model(cm_id , cs_id , cm_name,cm_type ,cm_order , cm_state , cm_min_price , cm_max_price) values(51733,3158,'2022款 B4 智逸豪华版','2022款',2,1,306900,306900);
insert into t_car_model(cm_id , cs_id , cm_name,cm_type ,cm_order , cm_state , cm_min_price , cm_max_price) values(51734,3158,'2022款 B4 智远豪华版','2022款',3,1,339800,339800);
insert into t_car_model(cm_id , cs_id , cm_name,cm_type ,cm_order , cm_state , cm_min_price , cm_max_price) values(51735,3158,'2022款 B4 智远运动版','2022款',4,1,339800,339800);
insert into t_car_model(cm_id , cs_id , cm_name,cm_type ,cm_order , cm_state , cm_min_price , cm_max_price) values(51736,3158,'2022款 B5 智雅运动版','2022款',5,1,384900,384900);
insert into t_car_model(cm_id , cs_id , cm_name,cm_type ,cm_order , cm_state , cm_min_price , cm_max_price) values(47626,3158,'2021款 T3 智行豪华版','2021款',1,1,286900,286900);
insert into t_car_model(cm_id , cs_id , cm_name,cm_type ,cm_order , cm_state , cm_min_price , cm_max_price) values(47627,3158,'2021款 T4 智逸豪华版','2021款',2,1,302900,302900);
insert into t_car_model(cm_id , cs_id , cm_name,cm_type ,cm_order , cm_state , cm_min_price , cm_max_price) values(47628,3158,'2021款 T4 智远豪华版','2021款',3,1,335800,335800);
insert into t_car_model(cm_id , cs_id , cm_name,cm_type ,cm_order , cm_state , cm_min_price , cm_max_price) values(47629,3158,'2021款 T4 智远运动版','2021款',4,1,335800,335800);
insert into t_car_model(cm_id , cs_id , cm_name,cm_type ,cm_order , cm_state , cm_min_price , cm_max_price) values(47630,3158,'2021款 T5 智雅运动版','2021款',5,1,380900,380900);
insert into t_car_model(cm_id , cs_id , cm_name,cm_type ,cm_order , cm_state , cm_min_price , cm_max_price) values(42946,3158,'2020款 T3 智行豪华版','2020款',1,1,286900,286900);
insert into t_car_model(cm_id , cs_id , cm_name,cm_type ,cm_order , cm_state , cm_min_price , cm_max_price) values(42945,3158,'2020款 T4 智逸豪华版','2020款',2,1,302900,302900);
insert into t_car_model(cm_id , cs_id , cm_name,cm_type ,cm_order , cm_state , cm_min_price , cm_max_price) values(42521,3158,'2020款 T4 智远豪华版','2020款',3,1,335800,335800);
insert into t_car_model(cm_id , cs_id , cm_name,cm_type ,cm_order , cm_state , cm_min_price , cm_max_price) values(42511,3158,'2020款 T4 智远运动版','2020款',4,1,335800,335800);
insert into t_car_model(cm_id , cs_id , cm_name,cm_type ,cm_order , cm_state , cm_min_price , cm_max_price) values(41802,3158,'2020款 T5 智雅运动版','2020款',5,1,379900,379900);
insert into t_car_model(cm_id , cs_id , cm_name,cm_type ,cm_order , cm_state , cm_min_price , cm_max_price) values(35224,3158,'2019款 S60L T3 智进版','2019款',1,1,271900,271900);
insert into t_car_model(cm_id , cs_id , cm_name,cm_type ,cm_order , cm_state , cm_min_price , cm_max_price) values(35225,3158,'2019款 S60L T5 智远版','2019款',2,1,303900,303900);
insert into t_car_model(cm_id , cs_id , cm_name,cm_type ,cm_order , cm_state , cm_min_price , cm_max_price) values(35226,3158,'2019款 S60L T5 智驭版','2019款',3,1,333900,333900);
insert into t_car_model(cm_id , cs_id , cm_name,cm_type ,cm_order , cm_state , cm_min_price , cm_max_price) values(39620,3158,'2019款 S60L 改款 T5 智进进阶版','2019款',4,1,249800,249800);
insert into t_car_model(cm_id , cs_id , cm_name,cm_type ,cm_order , cm_state , cm_min_price , cm_max_price) values(39621,3158,'2019款 S60L 改款 T5 智驭菁英版','2019款',5,1,309800,309800);
insert into t_car_model(cm_id , cs_id , cm_name,cm_type ,cm_order , cm_state , cm_min_price , cm_max_price) values(30994,3158,'2018款 S60L T3 智行版','2018款',1,1,266900,266900);
insert into t_car_model(cm_id , cs_id , cm_name,cm_type ,cm_order , cm_state , cm_min_price , cm_max_price) values(30995,3158,'2018款 S60L T3 智进版','2018款',2,1,276900,276900);
insert into t_car_model(cm_id , cs_id , cm_name,cm_type ,cm_order , cm_state , cm_min_price , cm_max_price) values(30996,3158,'2018款 S60L T4 智远版','2018款',3,1,309900,309900);
insert into t_car_model(cm_id , cs_id , cm_name,cm_type ,cm_order , cm_state , cm_min_price , cm_max_price) values(30997,3158,'2018款 S60L T5 智驭版','2018款',4,1,340900,340900);
insert into t_car_model(cm_id , cs_id , cm_name,cm_type ,cm_order , cm_state , cm_min_price , cm_max_price) values(30999,3158,'2018款 S60L T5 智越版','2018款',5,1,390900,390900);
insert into t_car_model(cm_id , cs_id , cm_name,cm_type ,cm_order , cm_state , cm_min_price , cm_max_price) values(32918,3158,'2018款 S60L T3 智进进取版','2018款',6,1,276900,276900);
insert into t_car_model(cm_id , cs_id , cm_name,cm_type ,cm_order , cm_state , cm_min_price , cm_max_price) values(32919,3158,'2018款 S60L T4 智远进取版','2018款',7,1,309900,309900);
insert into t_car_model(cm_id , cs_id , cm_name,cm_type ,cm_order , cm_state , cm_min_price , cm_max_price) values(32920,3158,'2018款 S60L T5 智驭进取版','2018款',8,1,340900,340900);
insert into t_car_model(cm_id , cs_id , cm_name,cm_type ,cm_order , cm_state , cm_min_price , cm_max_price) values(26380,3158,'2017款 S60L T3 智行版','2017款',1,1,266900,266900);
insert into t_car_model(cm_id , cs_id , cm_name,cm_type ,cm_order , cm_state , cm_min_price , cm_max_price) values(26366,3158,'2017款 S60L T3 智进版','2017款',2,1,276900,276900);
insert into t_car_model(cm_id , cs_id , cm_name,cm_type ,cm_order , cm_state , cm_min_price , cm_max_price) values(26381,3158,'2017款 S60L T4 智远版','2017款',3,1,309900,309900);
insert into t_car_model(cm_id , cs_id , cm_name,cm_type ,cm_order , cm_state , cm_min_price , cm_max_price) values(26382,3158,'2017款 S60L T5 智驭版','2017款',4,1,340900,340900);
insert into t_car_model(cm_id , cs_id , cm_name,cm_type ,cm_order , cm_state , cm_min_price , cm_max_price) values(26383,3158,'2017款 S60L T5 智越版','2017款',5,1,390900,390900);
insert into t_car_model(cm_id , cs_id , cm_name,cm_type ,cm_order , cm_state , cm_min_price , cm_max_price) values(22964,3158,'2016款 S60L T3 智行版','2016款',1,1,266900,266900);
insert into t_car_model(cm_id , cs_id , cm_name,cm_type ,cm_order , cm_state , cm_min_price , cm_max_price) values(22965,3158,'2016款 S60L T4 智远版','2016款',2,1,309900,309900);
insert into t_car_model(cm_id , cs_id , cm_name,cm_type ,cm_order , cm_state , cm_min_price , cm_max_price) values(22966,3158,'2016款 S60L T5 智驭版','2016款',3,1,340900,340900);
insert into t_car_model(cm_id , cs_id , cm_name,cm_type ,cm_order , cm_state , cm_min_price , cm_max_price) values(22915,3158,'2016款 S60L T5 智越版','2016款',4,1,390900,390900);
insert into t_car_model(cm_id , cs_id , cm_name,cm_type ,cm_order , cm_state , cm_min_price , cm_max_price) values(19400,3158,'2015款 S60L 2.0T 智行版','2015款',1,1,269900,269900);
insert into t_car_model(cm_id , cs_id , cm_name,cm_type ,cm_order , cm_state , cm_min_price , cm_max_price) values(19401,3158,'2015款 S60L 2.0T 智进版','2015款',2,1,294900,294900);
insert into t_car_model(cm_id , cs_id , cm_name,cm_type ,cm_order , cm_state , cm_min_price , cm_max_price) values(19402,3158,'2015款 S60L 2.0T 智远版','2015款',3,1,309900,309900);
insert into t_car_model(cm_id , cs_id , cm_name,cm_type ,cm_order , cm_state , cm_min_price , cm_max_price) values(19403,3158,'2015款 S60L T5 智驭版','2015款',4,1,340900,340900);
insert into t_car_model(cm_id , cs_id , cm_name,cm_type ,cm_order , cm_state , cm_min_price , cm_max_price) values(19404,3158,'2015款 S60L T5 智越版','2015款',5,1,390900,390900);
insert into t_car_model(cm_id , cs_id , cm_name,cm_type ,cm_order , cm_state , cm_min_price , cm_max_price) values(17841,3158,'2014款 S60L 2.0T 智行版','2014款',1,1,269900,269900);
insert into t_car_model(cm_id , cs_id , cm_name,cm_type ,cm_order , cm_state , cm_min_price , cm_max_price) values(17842,3158,'2014款 S60L 2.0T 智进版','2014款',2,1,294900,294900);
insert into t_car_model(cm_id , cs_id , cm_name,cm_type ,cm_order , cm_state , cm_min_price , cm_max_price) values(17843,3158,'2014款 S60L 2.0T 智远版','2014款',3,1,309900,309900);
insert into t_car_model(cm_id , cs_id , cm_name,cm_type ,cm_order , cm_state , cm_min_price , cm_max_price) values(17844,3158,'2014款 S60L T5 智驭版','2014款',4,1,334900,334900);
insert into t_car_model(cm_id , cs_id , cm_name,cm_type ,cm_order , cm_state , cm_min_price , cm_max_price) values(16409,3158,'2014款 S60L T5 智越版','2014款',5,1,384900,384900);
insert into t_car_series(cs_id,cbf_id,cs_name,cs_order,cs_letter) values(4335,367,'沃尔沃S60新能源',4486,'W');
insert into t_car_model(cm_id , cs_id , cm_name,cm_type ,cm_order , cm_state , cm_min_price , cm_max_price) values(50817,4335,'2022款 T8 E驱混动 四驱智逸豪华版','2022款',1,1,399900,399900);
insert into t_car_model(cm_id , cs_id , cm_name,cm_type ,cm_order , cm_state , cm_min_price , cm_max_price) values(51737,4335,'2022款 T8 E驱混动 四驱智雅运动版','2022款',2,1,461900,461900);
insert into t_car_model(cm_id , cs_id , cm_name,cm_type ,cm_order , cm_state , cm_min_price , cm_max_price) values(47631,4335,'2021款 T8 E驱混动 四驱智逸豪华版','2021款',1,1,399900,399900);
insert into t_car_model(cm_id , cs_id , cm_name,cm_type ,cm_order , cm_state , cm_min_price , cm_max_price) values(47632,4335,'2021款 T8 E驱混动 四驱智雅运动版','2021款',2,1,461900,461900);
insert into t_car_model(cm_id , cs_id , cm_name,cm_type ,cm_order , cm_state , cm_min_price , cm_max_price) values(42948,4335,'2020款 T8 E驱混动 四驱智逸豪华版','2020款',1,1,399900,399900);
insert into t_car_model(cm_id , cs_id , cm_name,cm_type ,cm_order , cm_state , cm_min_price , cm_max_price) values(41801,4335,'2020款 T8 E驱混动 四驱智雅运动版','2020款',2,1,461900,461900);
insert into t_car_model(cm_id , cs_id , cm_name,cm_type ,cm_order , cm_state , cm_min_price , cm_max_price) values(35294,4335,'2019款 S60L T6 E驱混动版','2019款',1,1,505900,505900);
insert into t_car_model(cm_id , cs_id , cm_name,cm_type ,cm_order , cm_state , cm_min_price , cm_max_price) values(32921,4335,'2018款 S60L E驱混动 T6进取版','2018款',1,1,505900,505900);
insert into t_car_model(cm_id , cs_id , cm_name,cm_type ,cm_order , cm_state , cm_min_price , cm_max_price) values(22617,4335,'2015款 S60L E驱混动 T6智驭版','2015款',1,1,505900,505900);
insert into t_car_model(cm_id , cs_id , cm_name,cm_type ,cm_order , cm_state , cm_min_price , cm_max_price) values(18883,4335,'2015款 S60L E驱混动 T6智越版','2015款',2,1,559900,559900);
insert into t_car_series(cs_id,cbf_id,cs_name,cs_order,cs_letter) values(4206,367,'沃尔沃S90',4487,'W');
insert into t_car_model(cm_id , cs_id , cm_name,cm_type ,cm_order , cm_state , cm_min_price , cm_max_price) values(51839,4206,'2022款 B5 智逸豪华版','2022款',1,1,406900,406900);
insert into t_car_model(cm_id , cs_id , cm_name,cm_type ,cm_order , cm_state , cm_min_price , cm_max_price) values(51840,4206,'2022款 B5 智逸运动版','2022款',2,1,406900,406900);
insert into t_car_model(cm_id , cs_id , cm_name,cm_type ,cm_order , cm_state , cm_min_price , cm_max_price) values(51820,4206,'2022款 B5 智远豪华版','2022款',3,1,450900,450900);
insert into t_car_model(cm_id , cs_id , cm_name,cm_type ,cm_order , cm_state , cm_min_price , cm_max_price) values(51842,4206,'2022款 B5 智雅豪华版','2022款',4,1,505900,505900);
insert into t_car_model(cm_id , cs_id , cm_name,cm_type ,cm_order , cm_state , cm_min_price , cm_max_price) values(47039,4206,'2021款 B5 智逸豪华版','2021款',1,1,406900,406900);
insert into t_car_model(cm_id , cs_id , cm_name,cm_type ,cm_order , cm_state , cm_min_price , cm_max_price) values(47041,4206,'2021款 B5 智逸运动版','2021款',2,1,406900,406900);
insert into t_car_model(cm_id , cs_id , cm_name,cm_type ,cm_order , cm_state , cm_min_price , cm_max_price) values(47040,4206,'2021款 B5 智远豪华版','2021款',3,1,445900,445900);
insert into t_car_model(cm_id , cs_id , cm_name,cm_type ,cm_order , cm_state , cm_min_price , cm_max_price) values(47042,4206,'2021款 B5 智远运动版','2021款',4,1,445900,445900);
insert into t_car_model(cm_id , cs_id , cm_name,cm_type ,cm_order , cm_state , cm_min_price , cm_max_price) values(46897,4206,'2021款 B5 智雅豪华版','2021款',5,1,505900,505900);
insert into t_car_model(cm_id , cs_id , cm_name,cm_type ,cm_order , cm_state , cm_min_price , cm_max_price) values(39733,4206,'2020款 T4 智行豪华版','2020款',1,1,372900,372900);
insert into t_car_model(cm_id , cs_id , cm_name,cm_type ,cm_order , cm_state , cm_min_price , cm_max_price) values(39734,4206,'2020款 T5 智逸豪华版','2020款',2,1,402900,402900);
insert into t_car_model(cm_id , cs_id , cm_name,cm_type ,cm_order , cm_state , cm_min_price , cm_max_price) values(39735,4206,'2020款 T5 智逸运动版','2020款',3,1,402900,402900);
insert into t_car_model(cm_id , cs_id , cm_name,cm_type ,cm_order , cm_state , cm_min_price , cm_max_price) values(39739,4206,'2020款 T5 智远豪华版','2020款',4,1,439900,439900);
insert into t_car_model(cm_id , cs_id , cm_name,cm_type ,cm_order , cm_state , cm_min_price , cm_max_price) values(39736,4206,'2020款 T5 智远运动版','2020款',5,1,439900,439900);
insert into t_car_model(cm_id , cs_id , cm_name,cm_type ,cm_order , cm_state , cm_min_price , cm_max_price) values(39737,4206,'2020款 T5 智雅豪华版','2020款',6,1,495900,495900);
insert into t_car_model(cm_id , cs_id , cm_name,cm_type ,cm_order , cm_state , cm_min_price , cm_max_price) values(46183,4206,'2020款 改款 T4 智行豪华版','2020款',7,1,372900,372900);
insert into t_car_model(cm_id , cs_id , cm_name,cm_type ,cm_order , cm_state , cm_min_price , cm_max_price) values(46184,4206,'2020款 改款 T5 智逸豪华版','2020款',8,1,402900,402900);
insert into t_car_model(cm_id , cs_id , cm_name,cm_type ,cm_order , cm_state , cm_min_price , cm_max_price) values(46186,4206,'2020款 改款 T5 智逸运动版','2020款',9,1,402900,402900);
insert into t_car_model(cm_id , cs_id , cm_name,cm_type ,cm_order , cm_state , cm_min_price , cm_max_price) values(46187,4206,'2020款 改款 T5 智远豪华版','2020款',10,1,439900,439900);
insert into t_car_model(cm_id , cs_id , cm_name,cm_type ,cm_order , cm_state , cm_min_price , cm_max_price) values(46188,4206,'2020款 改款 T5 智远运动版','2020款',11,1,439900,439900);
insert into t_car_model(cm_id , cs_id , cm_name,cm_type ,cm_order , cm_state , cm_min_price , cm_max_price) values(46189,4206,'2020款 改款 T5 智雅豪华版','2020款',12,1,495900,495900);
insert into t_car_model(cm_id , cs_id , cm_name,cm_type ,cm_order , cm_state , cm_min_price , cm_max_price) values(34903,4206,'2019款 T4 智逸版','2019款',1,1,372900,372900);
insert into t_car_model(cm_id , cs_id , cm_name,cm_type ,cm_order , cm_state , cm_min_price , cm_max_price) values(34904,4206,'2019款 T5 智逸版','2019款',2,1,402900,402900);
insert into t_car_model(cm_id , cs_id , cm_name,cm_type ,cm_order , cm_state , cm_min_price , cm_max_price) values(34905,4206,'2019款 T5 智远版','2019款',3,1,439900,439900);
insert into t_car_model(cm_id , cs_id , cm_name,cm_type ,cm_order , cm_state , cm_min_price , cm_max_price) values(34906,4206,'2019款 T5 智雅版','2019款',4,1,486900,486900);
insert into t_car_model(cm_id , cs_id , cm_name,cm_type ,cm_order , cm_state , cm_min_price , cm_max_price) values(34907,4206,'2019款 T5 智尊版','2019款',5,1,539900,539900);
insert into t_car_model(cm_id , cs_id , cm_name,cm_type ,cm_order , cm_state , cm_min_price , cm_max_price) values(31984,4206,'2018款 T4 智逸版','2018款',1,1,369800,369800);
insert into t_car_model(cm_id , cs_id , cm_name,cm_type ,cm_order , cm_state , cm_min_price , cm_max_price) values(31985,4206,'2018款 T4 智远版','2018款',2,1,406800,406800);
insert into t_car_model(cm_id , cs_id , cm_name,cm_type ,cm_order , cm_state , cm_min_price , cm_max_price) values(31986,4206,'2018款 T5 智远版','2018款',3,1,448800,448800);
insert into t_car_model(cm_id , cs_id , cm_name,cm_type ,cm_order , cm_state , cm_min_price , cm_max_price) values(31987,4206,'2018款 T5 智雅版','2018款',4,1,484800,484800);
insert into t_car_model(cm_id , cs_id , cm_name,cm_type ,cm_order , cm_state , cm_min_price , cm_max_price) values(31988,4206,'2018款 T5 智尊版','2018款',5,1,551800,551800);
insert into t_car_model(cm_id , cs_id , cm_name,cm_type ,cm_order , cm_state , cm_min_price , cm_max_price) values(28644,4206,'2017款 T4 智逸版','2017款',1,1,369800,369800);
insert into t_car_model(cm_id , cs_id , cm_name,cm_type ,cm_order , cm_state , cm_min_price , cm_max_price) values(28645,4206,'2017款 T4 智远版','2017款',2,1,406800,406800);
insert into t_car_model(cm_id , cs_id , cm_name,cm_type ,cm_order , cm_state , cm_min_price , cm_max_price) values(28646,4206,'2017款 T5 智远版','2017款',3,1,448800,448800);
insert into t_car_model(cm_id , cs_id , cm_name,cm_type ,cm_order , cm_state , cm_min_price , cm_max_price) values(28647,4206,'2017款 T5 智雅版','2017款',4,1,484800,484800);
insert into t_car_model(cm_id , cs_id , cm_name,cm_type ,cm_order , cm_state , cm_min_price , cm_max_price) values(28280,4206,'2017款 T5 智尊版','2017款',5,1,551800,551800);
insert into t_car_series(cs_id,cbf_id,cs_name,cs_order,cs_letter) values(4864,367,'沃尔沃S90新能源',4488,'W');
insert into t_car_model(cm_id , cs_id , cm_name,cm_type ,cm_order , cm_state , cm_min_price , cm_max_price) values(55434,4864,'2022款 改款 T8 E驱混动 智逸豪华版','2022款',1,1,499900,499900);
insert into t_car_model(cm_id , cs_id , cm_name,cm_type ,cm_order , cm_state , cm_min_price , cm_max_price) values(55435,4864,'2022款 改款 T8 E驱混动 智雅豪华版','2022款',2,1,613900,613900);
insert into t_car_model(cm_id , cs_id , cm_name,cm_type ,cm_order , cm_state , cm_min_price , cm_max_price) values(51844,4864,'2022款 T8 E驱混动 智逸豪华版','2022款',3,1,499900,499900);
insert into t_car_model(cm_id , cs_id , cm_name,cm_type ,cm_order , cm_state , cm_min_price , cm_max_price) values(51845,4864,'2022款 T8 E驱混动 智雅豪华版','2022款',4,1,613900,613900);
insert into t_car_model(cm_id , cs_id , cm_name,cm_type ,cm_order , cm_state , cm_min_price , cm_max_price) values(47107,4864,'2021款 T8 E驱混动 智逸豪华版','2021款',1,1,499900,499900);
insert into t_car_model(cm_id , cs_id , cm_name,cm_type ,cm_order , cm_state , cm_min_price , cm_max_price) values(47108,4864,'2021款 T8 E驱混动 智雅豪华版','2021款',2,1,613900,613900);
insert into t_car_model(cm_id , cs_id , cm_name,cm_type ,cm_order , cm_state , cm_min_price , cm_max_price) values(41248,4864,'2020款 T8 E驱混动 智逸豪华版','2020款',1,1,499900,499900);
insert into t_car_model(cm_id , cs_id , cm_name,cm_type ,cm_order , cm_state , cm_min_price , cm_max_price) values(41249,4864,'2020款 T8 E驱混动 智雅豪华版','2020款',2,1,613900,613900);
insert into t_car_model(cm_id , cs_id , cm_name,cm_type ,cm_order , cm_state , cm_min_price , cm_max_price) values(46196,4864,'2020款 改款 T8 E驱混动 智逸豪华版','2020款',3,1,499900,499900);
insert into t_car_model(cm_id , cs_id , cm_name,cm_type ,cm_order , cm_state , cm_min_price , cm_max_price) values(46198,4864,'2020款 改款 T8 E驱混动 智雅豪华版','2020款',4,1,613900,613900);
insert into t_car_model(cm_id , cs_id , cm_name,cm_type ,cm_order , cm_state , cm_min_price , cm_max_price) values(34902,4864,'2019款 T8 E驱混动 智雅版 国V','2019款',1,1,575900,575900);
insert into t_car_model(cm_id , cs_id , cm_name,cm_type ,cm_order , cm_state , cm_min_price , cm_max_price) values(39719,4864,'2019款 T8 E驱混动 智雅版 国VI','2019款',2,1,575900,575900);
insert into t_car_model(cm_id , cs_id , cm_name,cm_type ,cm_order , cm_state , cm_min_price , cm_max_price) values(39720,4864,'2019款 T8 E驱混动 荣誉版 4座 国VI','2019款',3,1,1043900,1043900);
insert into t_car_model(cm_id , cs_id , cm_name,cm_type ,cm_order , cm_state , cm_min_price , cm_max_price) values(39721,4864,'2019款 T8 E驱混动 荣誉版 3座 国VI','2019款',4,1,1043900,1043900);
insert into t_car_model(cm_id , cs_id , cm_name,cm_type ,cm_order , cm_state , cm_min_price , cm_max_price) values(34895,4864,'2019款 T8 E驱混动 荣誉版 4座 国V','2019款',5,1,1043900,1043900);
insert into t_car_model(cm_id , cs_id , cm_name,cm_type ,cm_order , cm_state , cm_min_price , cm_max_price) values(34896,4864,'2019款 T8 E驱混动 荣誉版 3座 国V','2019款',6,1,1043900,1043900);
insert into t_car_series(cs_id,cbf_id,cs_name,cs_order,cs_letter) values(5198,367,'沃尔沃XC40',4489,'W');
insert into t_car_model(cm_id , cs_id , cm_name,cm_type ,cm_order , cm_state , cm_min_price , cm_max_price) values(51855,5198,'2022款 T3 智行时尚版','2022款',1,1,264800,264800);
insert into t_car_model(cm_id , cs_id , cm_name,cm_type ,cm_order , cm_state , cm_min_price , cm_max_price) values(51856,5198,'2022款 T4 四驱智行时尚版','2022款',2,1,286800,286800);
insert into t_car_model(cm_id , cs_id , cm_name,cm_type ,cm_order , cm_state , cm_min_price , cm_max_price) values(51857,5198,'2022款 T4 四驱智远豪华版','2022款',3,1,318800,318800);
insert into t_car_model(cm_id , cs_id , cm_name,cm_type ,cm_order , cm_state , cm_min_price , cm_max_price) values(51858,5198,'2022款 T4 四驱智远运动版','2022款',4,1,318800,318800);
insert into t_car_model(cm_id , cs_id , cm_name,cm_type ,cm_order , cm_state , cm_min_price , cm_max_price) values(51859,5198,'2022款 T4 四驱智雅豪华版','2022款',5,1,354800,354800);
insert into t_car_model(cm_id , cs_id , cm_name,cm_type ,cm_order , cm_state , cm_min_price , cm_max_price) values(51860,5198,'2022款 T4 四驱智雅运动版','2022款',6,1,354800,354800);
insert into t_car_model(cm_id , cs_id , cm_name,cm_type ,cm_order , cm_state , cm_min_price , cm_max_price) values(46689,5198,'2021款 T3 智行时尚版','2021款',1,1,264800,264800);
insert into t_car_model(cm_id , cs_id , cm_name,cm_type ,cm_order , cm_state , cm_min_price , cm_max_price) values(46690,5198,'2021款 T3 智远豪华版','2021款',2,1,282800,282800);
insert into t_car_model(cm_id , cs_id , cm_name,cm_type ,cm_order , cm_state , cm_min_price , cm_max_price) values(49201,5198,'2021款 T4 四驱智行时尚版','2021款',3,1,286800,286800);
insert into t_car_model(cm_id , cs_id , cm_name,cm_type ,cm_order , cm_state , cm_min_price , cm_max_price) values(46698,5198,'2021款 T4 四驱智远豪华版','2021款',4,1,318800,318800);
insert into t_car_model(cm_id , cs_id , cm_name,cm_type ,cm_order , cm_state , cm_min_price , cm_max_price) values(46692,5198,'2021款 T4 四驱智远运动版','2021款',5,1,318800,318800);
insert into t_car_model(cm_id , cs_id , cm_name,cm_type ,cm_order , cm_state , cm_min_price , cm_max_price) values(46691,5198,'2021款 T4 四驱智雅豪华版','2021款',6,1,354800,354800);
insert into t_car_model(cm_id , cs_id , cm_name,cm_type ,cm_order , cm_state , cm_min_price , cm_max_price) values(46697,5198,'2021款 T4 四驱智雅运动版','2021款',7,1,354800,354800);
insert into t_car_model(cm_id , cs_id , cm_name,cm_type ,cm_order , cm_state , cm_min_price , cm_max_price) values(46693,5198,'2021款 T5 四驱智雅运动版','2021款',8,1,385800,385800);
insert into t_car_model(cm_id , cs_id , cm_name,cm_type ,cm_order , cm_state , cm_min_price , cm_max_price) values(38824,5198,'2020款 T3 智行时尚版','2020款',1,1,264800,264800);
insert into t_car_model(cm_id , cs_id , cm_name,cm_type ,cm_order , cm_state , cm_min_price , cm_max_price) values(38640,5198,'2020款 T3 智远豪华版','2020款',2,1,282800,282800);
insert into t_car_model(cm_id , cs_id , cm_name,cm_type ,cm_order , cm_state , cm_min_price , cm_max_price) values(38870,5198,'2020款 T4 四驱智远豪华版','2020款',3,1,318800,318800);
insert into t_car_model(cm_id , cs_id , cm_name,cm_type ,cm_order , cm_state , cm_min_price , cm_max_price) values(38871,5198,'2020款 T4 四驱智远运动版','2020款',4,1,318800,318800);
insert into t_car_model(cm_id , cs_id , cm_name,cm_type ,cm_order , cm_state , cm_min_price , cm_max_price) values(38872,5198,'2020款 T4 四驱智雅豪华版','2020款',5,1,354800,354800);
insert into t_car_model(cm_id , cs_id , cm_name,cm_type ,cm_order , cm_state , cm_min_price , cm_max_price) values(38873,5198,'2020款 T4 四驱智雅运动版','2020款',6,1,354800,354800);
insert into t_car_model(cm_id , cs_id , cm_name,cm_type ,cm_order , cm_state , cm_min_price , cm_max_price) values(38488,5198,'2020款 T5 四驱智雅运动版','2020款',7,1,385800,385800);
insert into t_car_model(cm_id , cs_id , cm_name,cm_type ,cm_order , cm_state , cm_min_price , cm_max_price) values(46182,5198,'2020款 改款 T5 四驱智雅运动版','2020款',8,1,385800,385800);
insert into t_car_series(cs_id,cbf_id,cs_name,cs_order,cs_letter) values(5904,367,'沃尔沃XC40新能源',4490,'W');
insert into t_car_model(cm_id , cs_id , cm_name,cm_type ,cm_order , cm_state , cm_min_price , cm_max_price) values(52550,5904,'2022款 P8 纯电 四驱智雅运动版','2022款',1,1,286000,286000);
insert into t_car_model(cm_id , cs_id , cm_name,cm_type ,cm_order , cm_state , cm_min_price , cm_max_price) values(52526,5904,'2022款 P8 纯电 四驱智尊运动版','2022款',2,1,315000,315000);
insert into t_car_model(cm_id , cs_id , cm_name,cm_type ,cm_order , cm_state , cm_min_price , cm_max_price) values(47795,5904,'2021款 P8 纯电 四驱智雅运动版','2021款',1,1,299000,299000);
insert into t_car_series(cs_id,cbf_id,cs_name,cs_order,cs_letter) values(3411,367,'沃尔沃XC60',4491,'W');
insert into t_car_model(cm_id , cs_id , cm_name,cm_type ,cm_order , cm_state , cm_min_price , cm_max_price) values(51598,3411,'2022款 B4 智行豪华版','2022款',1,1,373900,373900);
insert into t_car_model(cm_id , cs_id , cm_name,cm_type ,cm_order , cm_state , cm_min_price , cm_max_price) values(51599,3411,'2022款 B5 四驱智逸豪华版','2022款',2,1,396900,396900);
insert into t_car_model(cm_id , cs_id , cm_name,cm_type ,cm_order , cm_state , cm_min_price , cm_max_price) values(51600,3411,'2022款 B5 四驱智逸运动版','2022款',3,1,396900,396900);
insert into t_car_model(cm_id , cs_id , cm_name,cm_type ,cm_order , cm_state , cm_min_price , cm_max_price) values(51597,3411,'2022款 B5 四驱智远豪华版','2022款',4,1,425900,425900);
insert into t_car_model(cm_id , cs_id , cm_name,cm_type ,cm_order , cm_state , cm_min_price , cm_max_price) values(51493,3411,'2022款 B5 四驱智远运动版','2022款',5,1,425900,425900);
insert into t_car_model(cm_id , cs_id , cm_name,cm_type ,cm_order , cm_state , cm_min_price , cm_max_price) values(50804,3411,'2022款 B5 四驱智雅豪华版','2022款',6,1,474900,474900);
insert into t_car_model(cm_id , cs_id , cm_name,cm_type ,cm_order , cm_state , cm_min_price , cm_max_price) values(46185,3411,'2021款 T4 智行豪华版','2021款',1,1,362900,362900);
insert into t_car_model(cm_id , cs_id , cm_name,cm_type ,cm_order , cm_state , cm_min_price , cm_max_price) values(46190,3411,'2021款 T5 四驱智逸豪华版','2021款',2,1,390900,390900);
insert into t_car_model(cm_id , cs_id , cm_name,cm_type ,cm_order , cm_state , cm_min_price , cm_max_price) values(46191,3411,'2021款 T5 四驱智逸运动版','2021款',3,1,390900,390900);
insert into t_car_model(cm_id , cs_id , cm_name,cm_type ,cm_order , cm_state , cm_min_price , cm_max_price) values(46192,3411,'2021款 T5 四驱智远豪华版','2021款',4,1,419900,419900);
insert into t_car_model(cm_id , cs_id , cm_name,cm_type ,cm_order , cm_state , cm_min_price , cm_max_price) values(46193,3411,'2021款 T5 四驱智远运动版','2021款',5,1,419900,419900);
insert into t_car_model(cm_id , cs_id , cm_name,cm_type ,cm_order , cm_state , cm_min_price , cm_max_price) values(46194,3411,'2021款 T5 四驱智雅豪华版','2021款',6,1,470900,470900);
insert into t_car_model(cm_id , cs_id , cm_name,cm_type ,cm_order , cm_state , cm_min_price , cm_max_price) values(41184,3411,'2020款 T4 智行豪华版','2020款',1,1,362900,362900);
insert into t_car_model(cm_id , cs_id , cm_name,cm_type ,cm_order , cm_state , cm_min_price , cm_max_price) values(41185,3411,'2020款 T5 四驱智逸豪华版','2020款',2,1,390900,390900);
insert into t_car_model(cm_id , cs_id , cm_name,cm_type ,cm_order , cm_state , cm_min_price , cm_max_price) values(41186,3411,'2020款 T5 四驱智远豪华版','2020款',3,1,419900,419900);
insert into t_car_model(cm_id , cs_id , cm_name,cm_type ,cm_order , cm_state , cm_min_price , cm_max_price) values(41187,3411,'2020款 T5 四驱智远运动版','2020款',4,1,419900,419900);
insert into t_car_model(cm_id , cs_id , cm_name,cm_type ,cm_order , cm_state , cm_min_price , cm_max_price) values(41188,3411,'2020款 T5 四驱智雅豪华版','2020款',5,1,469900,469900);
insert into t_car_model(cm_id , cs_id , cm_name,cm_type ,cm_order , cm_state , cm_min_price , cm_max_price) values(34868,3411,'2019款 T4 智逸版 国V','2019款',1,1,362900,362900);
insert into t_car_model(cm_id , cs_id , cm_name,cm_type ,cm_order , cm_state , cm_min_price , cm_max_price) values(39712,3411,'2019款 T4 智逸版 国VI','2019款',2,1,362900,362900);
insert into t_car_model(cm_id , cs_id , cm_name,cm_type ,cm_order , cm_state , cm_min_price , cm_max_price) values(34869,3411,'2019款 T5 四驱智逸版 国V','2019款',3,1,391900,391900);
insert into t_car_model(cm_id , cs_id , cm_name,cm_type ,cm_order , cm_state , cm_min_price , cm_max_price) values(39713,3411,'2019款 T5 四驱智逸版 国VI','2019款',4,1,391900,391900);
insert into t_car_model(cm_id , cs_id , cm_name,cm_type ,cm_order , cm_state , cm_min_price , cm_max_price) values(34870,3411,'2019款 T5 四驱智远版 国V','2019款',5,1,421900,421900);
insert into t_car_model(cm_id , cs_id , cm_name,cm_type ,cm_order , cm_state , cm_min_price , cm_max_price) values(39714,3411,'2019款 T5 四驱智远版 国VI','2019款',6,1,421900,421900);
insert into t_car_model(cm_id , cs_id , cm_name,cm_type ,cm_order , cm_state , cm_min_price , cm_max_price) values(34871,3411,'2019款 T5 四驱智远运动版 国V','2019款',7,1,421900,421900);
insert into t_car_model(cm_id , cs_id , cm_name,cm_type ,cm_order , cm_state , cm_min_price , cm_max_price) values(39715,3411,'2019款 T5 四驱智远运动版 国VI','2019款',8,1,421900,421900);
insert into t_car_model(cm_id , cs_id , cm_name,cm_type ,cm_order , cm_state , cm_min_price , cm_max_price) values(34872,3411,'2019款 T5 四驱智雅豪华版 国V','2019款',9,1,469900,469900);
insert into t_car_model(cm_id , cs_id , cm_name,cm_type ,cm_order , cm_state , cm_min_price , cm_max_price) values(39716,3411,'2019款 T5 四驱智雅豪华版 国VI','2019款',10,1,469900,469900);
insert into t_car_model(cm_id , cs_id , cm_name,cm_type ,cm_order , cm_state , cm_min_price , cm_max_price) values(34873,3411,'2019款 T5 四驱智雅运动版 国V','2019款',11,1,469900,469900);
insert into t_car_model(cm_id , cs_id , cm_name,cm_type ,cm_order , cm_state , cm_min_price , cm_max_price) values(39717,3411,'2019款 T5 四驱智雅运动版 国VI','2019款',12,1,469900,469900);
insert into t_car_model(cm_id , cs_id , cm_name,cm_type ,cm_order , cm_state , cm_min_price , cm_max_price) values(32683,3411,'2018款 T4 智逸版','2018款',1,1,369900,369900);
insert into t_car_model(cm_id , cs_id , cm_name,cm_type ,cm_order , cm_state , cm_min_price , cm_max_price) values(32684,3411,'2018款 T5 四驱智逸版','2018款',2,1,399900,399900);
insert into t_car_model(cm_id , cs_id , cm_name,cm_type ,cm_order , cm_state , cm_min_price , cm_max_price) values(32685,3411,'2018款 T5 四驱智远版','2018款',3,1,429900,429900);
insert into t_car_model(cm_id , cs_id , cm_name,cm_type ,cm_order , cm_state , cm_min_price , cm_max_price) values(32686,3411,'2018款 T5 四驱智远运动版','2018款',4,1,429900,429900);
insert into t_car_model(cm_id , cs_id , cm_name,cm_type ,cm_order , cm_state , cm_min_price , cm_max_price) values(32687,3411,'2018款 T5 四驱智雅豪华版','2018款',5,1,479900,479900);
insert into t_car_model(cm_id , cs_id , cm_name,cm_type ,cm_order , cm_state , cm_min_price , cm_max_price) values(32688,3411,'2018款 T5 四驱智雅运动版','2018款',6,1,479900,479900);
insert into t_car_model(cm_id , cs_id , cm_name,cm_type ,cm_order , cm_state , cm_min_price , cm_max_price) values(26418,3411,'2017款 T5 智行版','2017款',1,1,358900,358900);
insert into t_car_model(cm_id , cs_id , cm_name,cm_type ,cm_order , cm_state , cm_min_price , cm_max_price) values(26419,3411,'2017款 T5 智进版','2017款',2,1,378900,378900);
insert into t_car_model(cm_id , cs_id , cm_name,cm_type ,cm_order , cm_state , cm_min_price , cm_max_price) values(26420,3411,'2017款 T5 AWD 智进版','2017款',3,1,398900,398900);
insert into t_car_model(cm_id , cs_id , cm_name,cm_type ,cm_order , cm_state , cm_min_price , cm_max_price) values(26421,3411,'2017款 T5 AWD 智远版','2017款',4,1,429900,429900);
insert into t_car_model(cm_id , cs_id , cm_name,cm_type ,cm_order , cm_state , cm_min_price , cm_max_price) values(26435,3411,'2017款 T5 AWD 个性运动版','2017款',5,1,439900,439900);
insert into t_car_model(cm_id , cs_id , cm_name,cm_type ,cm_order , cm_state , cm_min_price , cm_max_price) values(26422,3411,'2017款 T5 AWD 智驭版','2017款',6,1,469900,469900);
insert into t_car_model(cm_id , cs_id , cm_name,cm_type ,cm_order , cm_state , cm_min_price , cm_max_price) values(26423,3411,'2017款 T5 AWD 智越版','2017款',7,1,519900,519900);
insert into t_car_model(cm_id , cs_id , cm_name,cm_type ,cm_order , cm_state , cm_min_price , cm_max_price) values(28938,3411,'2017款 T5 智行升级版','2017款',8,1,358900,358900);
insert into t_car_model(cm_id , cs_id , cm_name,cm_type ,cm_order , cm_state , cm_min_price , cm_max_price) values(28939,3411,'2017款 T5 智进升级版','2017款',9,1,378900,378900);
insert into t_car_model(cm_id , cs_id , cm_name,cm_type ,cm_order , cm_state , cm_min_price , cm_max_price) values(28940,3411,'2017款 T5 AWD 智进升级版','2017款',10,1,398900,398900);
insert into t_car_model(cm_id , cs_id , cm_name,cm_type ,cm_order , cm_state , cm_min_price , cm_max_price) values(28941,3411,'2017款 T5 AWD 智远升级版','2017款',11,1,429900,429900);
insert into t_car_model(cm_id , cs_id , cm_name,cm_type ,cm_order , cm_state , cm_min_price , cm_max_price) values(28942,3411,'2017款 T5 AWD 个性运动升级版','2017款',12,1,439900,439900);
insert into t_car_model(cm_id , cs_id , cm_name,cm_type ,cm_order , cm_state , cm_min_price , cm_max_price) values(23054,3411,'2016款 T5 智行版','2016款',1,1,366900,366900);
insert into t_car_model(cm_id , cs_id , cm_name,cm_type ,cm_order , cm_state , cm_min_price , cm_max_price) values(23056,3411,'2016款 T5 智进版','2016款',2,1,396900,396900);
insert into t_car_model(cm_id , cs_id , cm_name,cm_type ,cm_order , cm_state , cm_min_price , cm_max_price) values(23273,3411,'2016款 T5  智远版','2016款',3,1,416900,416900);
insert into t_car_model(cm_id , cs_id , cm_name,cm_type ,cm_order , cm_state , cm_min_price , cm_max_price) values(22994,3411,'2016款 T5 AWD 智远版','2016款',4,1,439900,439900);
insert into t_car_model(cm_id , cs_id , cm_name,cm_type ,cm_order , cm_state , cm_min_price , cm_max_price) values(23053,3411,'2016款 T5 AWD 智驭版','2016款',5,1,469900,469900);
insert into t_car_model(cm_id , cs_id , cm_name,cm_type ,cm_order , cm_state , cm_min_price , cm_max_price) values(23274,3411,'2016款 T6 AWD 智越版','2016款',6,1,539900,539900);
insert into t_car_model(cm_id , cs_id , cm_name,cm_type ,cm_order , cm_state , cm_min_price , cm_max_price) values(20822,3411,'2015款 T5 智行版','2015款',1,1,366900,366900);
insert into t_car_model(cm_id , cs_id , cm_name,cm_type ,cm_order , cm_state , cm_min_price , cm_max_price) values(20823,3411,'2015款 T5 智进版','2015款',2,1,396900,396900);
insert into t_car_model(cm_id , cs_id , cm_name,cm_type ,cm_order , cm_state , cm_min_price , cm_max_price) values(20824,3411,'2015款 T5 AWD 智远版','2015款',3,1,439900,439900);
insert into t_car_model(cm_id , cs_id , cm_name,cm_type ,cm_order , cm_state , cm_min_price , cm_max_price) values(18523,3411,'2015款 T5 AWD 智驭版','2015款',4,1,469900,469900);
insert into t_car_model(cm_id , cs_id , cm_name,cm_type ,cm_order , cm_state , cm_min_price , cm_max_price) values(20825,3411,'2015款 T6 AWD 智越版','2015款',5,1,539900,539900);
insert into t_car_series(cs_id,cbf_id,cs_name,cs_order,cs_letter) values(4609,367,'沃尔沃XC60新能源',4492,'W');
insert into t_car_model(cm_id , cs_id , cm_name,cm_type ,cm_order , cm_state , cm_min_price , cm_max_price) values(55431,4609,'2022款 改款 T8 插电混动 四驱智远豪华版','2022款',1,1,527900,527900);
insert into t_car_model(cm_id , cs_id , cm_name,cm_type ,cm_order , cm_state , cm_min_price , cm_max_price) values(55432,4609,'2022款 改款 T8 插电混动 四驱智远运动版','2022款',2,1,527900,527900);
insert into t_car_model(cm_id , cs_id , cm_name,cm_type ,cm_order , cm_state , cm_min_price , cm_max_price) values(55433,4609,'2022款 改款 T8 插电混动 四驱智雅豪华版','2022款',3,1,603900,603900);
insert into t_car_model(cm_id , cs_id , cm_name,cm_type ,cm_order , cm_state , cm_min_price , cm_max_price) values(51602,4609,'2022款 T8 插电混动 四驱智远豪华版','2022款',4,1,527900,527900);
insert into t_car_model(cm_id , cs_id , cm_name,cm_type ,cm_order , cm_state , cm_min_price , cm_max_price) values(51601,4609,'2022款 T8 插电混动 四驱智远运动版','2022款',5,1,527900,527900);
insert into t_car_model(cm_id , cs_id , cm_name,cm_type ,cm_order , cm_state , cm_min_price , cm_max_price) values(50808,4609,'2022款 T8 插电混动 四驱智雅豪华版','2022款',6,1,603900,603900);
insert into t_car_model(cm_id , cs_id , cm_name,cm_type ,cm_order , cm_state , cm_min_price , cm_max_price) values(46197,4609,'2021款 T8 E驱混动 智远运动版','2021款',1,1,527900,527900);
insert into t_car_model(cm_id , cs_id , cm_name,cm_type ,cm_order , cm_state , cm_min_price , cm_max_price) values(46199,4609,'2021款 T8 E驱混动 智雅豪华版','2021款',2,1,605900,605900);
insert into t_car_model(cm_id , cs_id , cm_name,cm_type ,cm_order , cm_state , cm_min_price , cm_max_price) values(43575,4609,'2020款 T8 E驱混动 智远运动版','2020款',1,1,527900,527900);
insert into t_car_model(cm_id , cs_id , cm_name,cm_type ,cm_order , cm_state , cm_min_price , cm_max_price) values(43576,4609,'2020款 T8 E驱混动 智雅豪华版','2020款',2,1,605900,605900);
insert into t_car_model(cm_id , cs_id , cm_name,cm_type ,cm_order , cm_state , cm_min_price , cm_max_price) values(34874,4609,'2019款 T8 E驱混动 智雅运动版 国V','2019款',1,1,527900,527900);
insert into t_car_model(cm_id , cs_id , cm_name,cm_type ,cm_order , cm_state , cm_min_price , cm_max_price) values(39749,4609,'2019款 T8 E驱混动 智雅运动版 国VI','2019款',2,1,527900,527900);
insert into t_car_model(cm_id , cs_id , cm_name,cm_type ,cm_order , cm_state , cm_min_price , cm_max_price) values(34875,4609,'2019款 T8 E驱混动 智尊豪华版 国V','2019款',3,1,585900,585900);
insert into t_car_model(cm_id , cs_id , cm_name,cm_type ,cm_order , cm_state , cm_min_price , cm_max_price) values(39750,4609,'2019款 T8 E驱混动 智尊豪华版 国VI','2019款',4,1,585900,585900);
insert into t_car_model(cm_id , cs_id , cm_name,cm_type ,cm_order , cm_state , cm_min_price , cm_max_price) values(32714,4609,'2018款 T8 E驱混动 智雅运动版','2018款',1,1,549900,549900);
insert into t_car_model(cm_id , cs_id , cm_name,cm_type ,cm_order , cm_state , cm_min_price , cm_max_price) values(32715,4609,'2018款 T8 E驱混动 智尊豪华版','2018款',2,1,609900,609900);
insert into t_car_series(cs_id,cbf_id,cs_name,cs_order,cs_letter) values(3420,367,'XC Classic',4493,'X');
insert into t_car_model(cm_id , cs_id , cm_name,cm_type ,cm_order , cm_state , cm_min_price , cm_max_price) values(18659,3420,'2014款 T5 豪华版','2014款',1,1,548900,548900);
insert into t_car_model(cm_id , cs_id , cm_name,cm_type ,cm_order , cm_state , cm_min_price , cm_max_price) values(20343,3420,'2014款 T5 行政版','2014款',2,1,638900,638900);
insert into t_car_brand_factory(cbf_id , cb_id , cbf_name ,cbf_letter) values(84,70,'沃尔沃(进口)','W');
insert into t_car_series(cs_id,cbf_id,cs_name,cs_order,cs_letter) values(2190,84,'沃尔沃V60',4494,'W');
insert into t_car_model(cm_id , cs_id , cm_name,cm_type ,cm_order , cm_state , cm_min_price , cm_max_price) values(52875,2190,'2022款 B4 智逸豪华版','2022款',1,1,304300,304300);
insert into t_car_model(cm_id , cs_id , cm_name,cm_type ,cm_order , cm_state , cm_min_price , cm_max_price) values(52876,2190,'2022款 B5 智远豪华版','2022款',2,1,349800,349800);
insert into t_car_model(cm_id , cs_id , cm_name,cm_type ,cm_order , cm_state , cm_min_price , cm_max_price) values(52877,2190,'2022款 B5 智远运动版','2022款',3,1,349800,349800);
insert into t_car_model(cm_id , cs_id , cm_name,cm_type ,cm_order , cm_state , cm_min_price , cm_max_price) values(52878,2190,'2022款 B5 智雅运动版','2022款',4,1,395800,395800);
insert into t_car_model(cm_id , cs_id , cm_name,cm_type ,cm_order , cm_state , cm_min_price , cm_max_price) values(49323,2190,'2021款 B4 智逸豪华版','2021款',1,1,304300,304300);
insert into t_car_model(cm_id , cs_id , cm_name,cm_type ,cm_order , cm_state , cm_min_price , cm_max_price) values(49324,2190,'2021款 B5 智远豪华版','2021款',2,1,349800,349800);
insert into t_car_model(cm_id , cs_id , cm_name,cm_type ,cm_order , cm_state , cm_min_price , cm_max_price) values(49325,2190,'2021款 B5 智远运动版','2021款',3,1,349800,349800);
insert into t_car_model(cm_id , cs_id , cm_name,cm_type ,cm_order , cm_state , cm_min_price , cm_max_price) values(49326,2190,'2021款 B5 智雅运动版','2021款',4,1,395800,395800);
insert into t_car_model(cm_id , cs_id , cm_name,cm_type ,cm_order , cm_state , cm_min_price , cm_max_price) values(41102,2190,'2020款 T4 智逸豪华版','2020款',1,1,339900,339900);
insert into t_car_model(cm_id , cs_id , cm_name,cm_type ,cm_order , cm_state , cm_min_price , cm_max_price) values(46202,2190,'2020款 改款 T4 智逸豪华版','2020款',2,1,339900,339900);
insert into t_car_model(cm_id , cs_id , cm_name,cm_type ,cm_order , cm_state , cm_min_price , cm_max_price) values(40770,2190,'2020款 T5 智远豪华版','2020款',3,1,389900,389900);
insert into t_car_model(cm_id , cs_id , cm_name,cm_type ,cm_order , cm_state , cm_min_price , cm_max_price) values(41103,2190,'2020款 T5 智远运动版','2020款',4,1,389900,389900);
insert into t_car_model(cm_id , cs_id , cm_name,cm_type ,cm_order , cm_state , cm_min_price , cm_max_price) values(41104,2190,'2020款 T5 智雅运动版','2020款',5,1,439900,439900);
insert into t_car_model(cm_id , cs_id , cm_name,cm_type ,cm_order , cm_state , cm_min_price , cm_max_price) values(35366,2190,'2018款 2.0T Polestar 国V','2018款',1,1,589900,589900);
insert into t_car_model(cm_id , cs_id , cm_name,cm_type ,cm_order , cm_state , cm_min_price , cm_max_price) values(27227,2190,'2017款 T4 智尚版 国V','2017款',1,1,289900,289900);
insert into t_car_model(cm_id , cs_id , cm_name,cm_type ,cm_order , cm_state , cm_min_price , cm_max_price) values(39718,2190,'2017款 T4 智尚版 国VI','2017款',2,1,289900,289900);
insert into t_car_model(cm_id , cs_id , cm_name,cm_type ,cm_order , cm_state , cm_min_price , cm_max_price) values(27228,2190,'2017款 T5 智逸版 国V','2017款',3,1,312900,312900);
insert into t_car_model(cm_id , cs_id , cm_name,cm_type ,cm_order , cm_state , cm_min_price , cm_max_price) values(27608,2190,'2017款 2.0T Polestar','2017款',4,1,589900,589900);
insert into t_car_model(cm_id , cs_id , cm_name,cm_type ,cm_order , cm_state , cm_min_price , cm_max_price) values(39722,2190,'2017款 T5 智逸版 国VI','2017款',5,1,312900,312900);
insert into t_car_model(cm_id , cs_id , cm_name,cm_type ,cm_order , cm_state , cm_min_price , cm_max_price) values(27229,2190,'2017款 T5 智雅版 国V','2017款',6,1,342900,342900);
insert into t_car_model(cm_id , cs_id , cm_name,cm_type ,cm_order , cm_state , cm_min_price , cm_max_price) values(39723,2190,'2017款 T5 智雅版 国VI','2017款',7,1,342900,342900);
insert into t_car_model(cm_id , cs_id , cm_name,cm_type ,cm_order , cm_state , cm_min_price , cm_max_price) values(28720,2190,'2017款 T5 个性运动版 国V','2017款',8,1,351900,351900);
insert into t_car_model(cm_id , cs_id , cm_name,cm_type ,cm_order , cm_state , cm_min_price , cm_max_price) values(27230,2190,'2017款 T5 智尊版 国V','2017款',9,1,388900,388900);
insert into t_car_model(cm_id , cs_id , cm_name,cm_type ,cm_order , cm_state , cm_min_price , cm_max_price) values(39725,2190,'2017款 T5 智尊版 国VI','2017款',10,1,388900,388900);
insert into t_car_model(cm_id , cs_id , cm_name,cm_type ,cm_order , cm_state , cm_min_price , cm_max_price) values(28249,2190,'2017款 Cross Country T5 AWD 国V','2017款',11,1,371900,371900);
insert into t_car_model(cm_id , cs_id , cm_name,cm_type ,cm_order , cm_state , cm_min_price , cm_max_price) values(39726,2190,'2017款 Cross Country T5 AWD 国VI','2017款',12,1,371900,371900);
insert into t_car_model(cm_id , cs_id , cm_name,cm_type ,cm_order , cm_state , cm_min_price , cm_max_price) values(24738,2190,'2016款 T4 智尚版','2016款',1,1,309900,309900);
insert into t_car_model(cm_id , cs_id , cm_name,cm_type ,cm_order , cm_state , cm_min_price , cm_max_price) values(24868,2190,'2016款 T5 智逸版','2016款',2,1,334900,334900);
insert into t_car_model(cm_id , cs_id , cm_name,cm_type ,cm_order , cm_state , cm_min_price , cm_max_price) values(24869,2190,'2016款 T5 智雅版','2016款',3,1,366900,366900);
insert into t_car_model(cm_id , cs_id , cm_name,cm_type ,cm_order , cm_state , cm_min_price , cm_max_price) values(24870,2190,'2016款 T5 智雅个性运动版','2016款',4,1,386900,386900);
insert into t_car_model(cm_id , cs_id , cm_name,cm_type ,cm_order , cm_state , cm_min_price , cm_max_price) values(24739,2190,'2016款 T5 智尊版','2016款',5,1,416900,416900);
insert into t_car_model(cm_id , cs_id , cm_name,cm_type ,cm_order , cm_state , cm_min_price , cm_max_price) values(24227,2190,'2016款 Cross Country T6 AWD','2016款',6,1,399900,399900);
insert into t_car_model(cm_id , cs_id , cm_name,cm_type ,cm_order , cm_state , cm_min_price , cm_max_price) values(19582,2190,'2015款 T5 智逸版','2015款',1,1,334900,334900);
insert into t_car_model(cm_id , cs_id , cm_name,cm_type ,cm_order , cm_state , cm_min_price , cm_max_price) values(19584,2190,'2015款 T5 智逸个性运动版','2015款',2,1,364900,364900);
insert into t_car_model(cm_id , cs_id , cm_name,cm_type ,cm_order , cm_state , cm_min_price , cm_max_price) values(19585,2190,'2015款 T5 智雅版','2015款',3,1,366900,366900);
insert into t_car_model(cm_id , cs_id , cm_name,cm_type ,cm_order , cm_state , cm_min_price , cm_max_price) values(19586,2190,'2015款 T5 智雅个性运动版','2015款',4,1,386900,386900);
insert into t_car_model(cm_id , cs_id , cm_name,cm_type ,cm_order , cm_state , cm_min_price , cm_max_price) values(19587,2190,'2015款 T6 AWD 个性运动版','2015款',5,1,506900,506900);
insert into t_car_model(cm_id , cs_id , cm_name,cm_type ,cm_order , cm_state , cm_min_price , cm_max_price) values(16593,2190,'2014款 T5 智逸版','2014款',1,1,322900,322900);
insert into t_car_model(cm_id , cs_id , cm_name,cm_type ,cm_order , cm_state , cm_min_price , cm_max_price) values(16506,2190,'2014款 T5 智雅版','2014款',2,1,347900,347900);
insert into t_car_model(cm_id , cs_id , cm_name,cm_type ,cm_order , cm_state , cm_min_price , cm_max_price) values(17573,2190,'2014款 T5 个性运动版','2014款',3,1,389900,389900);
insert into t_car_model(cm_id , cs_id , cm_name,cm_type ,cm_order , cm_state , cm_min_price , cm_max_price) values(18378,2190,'2014款 改款 T5 智逸版','2014款',4,1,334900,334900);
insert into t_car_model(cm_id , cs_id , cm_name,cm_type ,cm_order , cm_state , cm_min_price , cm_max_price) values(18379,2190,'2014款 改款 T5 智雅版','2014款',5,1,359900,359900);
insert into t_car_model(cm_id , cs_id , cm_name,cm_type ,cm_order , cm_state , cm_min_price , cm_max_price) values(18380,2190,'2014款 改款 T5 个性运动版','2014款',6,1,409900,409900);
insert into t_car_model(cm_id , cs_id , cm_name,cm_type ,cm_order , cm_state , cm_min_price , cm_max_price) values(17574,2190,'2014款 T6 AWD 个性运动版','2014款',7,1,499900,499900);
insert into t_car_model(cm_id , cs_id , cm_name,cm_type ,cm_order , cm_state , cm_min_price , cm_max_price) values(13448,2190,'2013款 T5 舒适版','2013款',1,1,322900,322900);
insert into t_car_model(cm_id , cs_id , cm_name,cm_type ,cm_order , cm_state , cm_min_price , cm_max_price) values(13447,2190,'2013款 T5 智尚版','2013款',2,1,299900,299900);
insert into t_car_model(cm_id , cs_id , cm_name,cm_type ,cm_order , cm_state , cm_min_price , cm_max_price) values(13450,2190,'2013款 T5 智雅版','2013款',3,1,342900,342900);
insert into t_car_model(cm_id , cs_id , cm_name,cm_type ,cm_order , cm_state , cm_min_price , cm_max_price) values(13451,2190,'2013款 T5 智尊版','2013款',4,1,379900,379900);
insert into t_car_model(cm_id , cs_id , cm_name,cm_type ,cm_order , cm_state , cm_min_price , cm_max_price) values(12773,2190,'2012款 T6 AWD 运动版','2012款',1,1,449900,449900);
insert into t_car_model(cm_id , cs_id , cm_name,cm_type ,cm_order , cm_state , cm_min_price , cm_max_price) values(8610,2190,'2012款 T6 AWD 个性运动版','2012款',2,1,499900,499900);
insert into t_car_series(cs_id,cbf_id,cs_name,cs_order,cs_letter) values(4029,84,'沃尔沃V90',4495,'W');
insert into t_car_model(cm_id , cs_id , cm_name,cm_type ,cm_order , cm_state , cm_min_price , cm_max_price) values(52872,4029,'2022款 Cross Country B5 AWD 智远版','2022款',1,1,447900,447900);
insert into t_car_model(cm_id , cs_id , cm_name,cm_type ,cm_order , cm_state , cm_min_price , cm_max_price) values(52873,4029,'2022款 Cross Country B5 AWD 智尊版','2022款',2,1,556900,556900);
insert into t_car_model(cm_id , cs_id , cm_name,cm_type ,cm_order , cm_state , cm_min_price , cm_max_price) values(48447,4029,'2021款 Cross Country B5 AWD 智远版','2021款',1,1,447900,447900);
insert into t_car_model(cm_id , cs_id , cm_name,cm_type ,cm_order , cm_state , cm_min_price , cm_max_price) values(48448,4029,'2021款 Cross Country B5 AWD 智尊版','2021款',2,1,556900,556900);
insert into t_car_model(cm_id , cs_id , cm_name,cm_type ,cm_order , cm_state , cm_min_price , cm_max_price) values(41954,4029,'2020款 Cross Country T5 AWD 智远版','2020款',1,1,443900,443900);
insert into t_car_model(cm_id , cs_id , cm_name,cm_type ,cm_order , cm_state , cm_min_price , cm_max_price) values(41955,4029,'2020款 Cross Country T5 AWD 智尊版','2020款',2,1,552900,552900);
insert into t_car_model(cm_id , cs_id , cm_name,cm_type ,cm_order , cm_state , cm_min_price , cm_max_price) values(46179,4029,'2020款 改款 Cross Country T5 AWD 智远版','2020款',3,1,443900,443900);
insert into t_car_model(cm_id , cs_id , cm_name,cm_type ,cm_order , cm_state , cm_min_price , cm_max_price) values(46180,4029,'2020款 改款 Cross Country T5 AWD 智尊版','2020款',4,1,552900,552900);
insert into t_car_model(cm_id , cs_id , cm_name,cm_type ,cm_order , cm_state , cm_min_price , cm_max_price) values(39709,4029,'2019款 Cross Country T5 AWD 智远版 国VI','2019款',1,1,437900,437900);
insert into t_car_model(cm_id , cs_id , cm_name,cm_type ,cm_order , cm_state , cm_min_price , cm_max_price) values(39710,4029,'2019款 Cross Country T5 AWD 智尊版 国VI','2019款',2,1,546900,546900);
insert into t_car_model(cm_id , cs_id , cm_name,cm_type ,cm_order , cm_state , cm_min_price , cm_max_price) values(35750,4029,'2019款 Cross Country T5 AWD 智远版 国V','2019款',3,1,437900,437900);
insert into t_car_model(cm_id , cs_id , cm_name,cm_type ,cm_order , cm_state , cm_min_price , cm_max_price) values(35751,4029,'2019款 Cross Country T5 AWD 智尊版 国V','2019款',4,1,546900,546900);
insert into t_car_model(cm_id , cs_id , cm_name,cm_type ,cm_order , cm_state , cm_min_price , cm_max_price) values(32452,4029,'2018款 Cross Country T5 AWD Volvo Ocean Race','2018款',1,1,594800,594800);
insert into t_car_model(cm_id , cs_id , cm_name,cm_type ,cm_order , cm_state , cm_min_price , cm_max_price) values(29904,4029,'2017款 Cross Country T5 AWD 智远版','2017款',1,1,446800,446800);
insert into t_car_model(cm_id , cs_id , cm_name,cm_type ,cm_order , cm_state , cm_min_price , cm_max_price) values(29782,4029,'2017款 Cross Country T5 AWD 智尊版','2017款',2,1,538800,538800);
insert into t_car_series(cs_id,cbf_id,cs_name,cs_order,cs_letter) values(177,84,'沃尔沃XC90',4496,'W');
insert into t_car_model(cm_id , cs_id , cm_name,cm_type ,cm_order , cm_state , cm_min_price , cm_max_price) values(53794,177,'2022款 B5 智行豪华版 5座','2022款',1,1,638900,638900);
insert into t_car_model(cm_id , cs_id , cm_name,cm_type ,cm_order , cm_state , cm_min_price , cm_max_price) values(53795,177,'2022款 B5 智行豪华版 7座','2022款',2,1,657900,657900);
insert into t_car_model(cm_id , cs_id , cm_name,cm_type ,cm_order , cm_state , cm_min_price , cm_max_price) values(53796,177,'2022款 B6 智逸豪华版 7座','2022款',3,1,695900,695900);
insert into t_car_model(cm_id , cs_id , cm_name,cm_type ,cm_order , cm_state , cm_min_price , cm_max_price) values(53797,177,'2022款 B6 智逸运动版 7座','2022款',4,1,695900,695900);
insert into t_car_model(cm_id , cs_id , cm_name,cm_type ,cm_order , cm_state , cm_min_price , cm_max_price) values(53798,177,'2022款 B6 智雅豪华版 7座','2022款',5,1,781900,781900);
insert into t_car_model(cm_id , cs_id , cm_name,cm_type ,cm_order , cm_state , cm_min_price , cm_max_price) values(47479,177,'2021款 B5 智行豪华版 5座','2021款',1,1,638900,638900);
insert into t_car_model(cm_id , cs_id , cm_name,cm_type ,cm_order , cm_state , cm_min_price , cm_max_price) values(47480,177,'2021款 B5 智行豪华版 7座','2021款',2,1,657900,657900);
insert into t_car_model(cm_id , cs_id , cm_name,cm_type ,cm_order , cm_state , cm_min_price , cm_max_price) values(47481,177,'2021款 B6 智逸豪华版 7座','2021款',3,1,695900,695900);
insert into t_car_model(cm_id , cs_id , cm_name,cm_type ,cm_order , cm_state , cm_min_price , cm_max_price) values(47482,177,'2021款 B6 智逸运动版 7座','2021款',4,1,695900,695900);
insert into t_car_model(cm_id , cs_id , cm_name,cm_type ,cm_order , cm_state , cm_min_price , cm_max_price) values(47483,177,'2021款 B6 智雅豪华版 7座','2021款',5,1,781900,781900);
insert into t_car_model(cm_id , cs_id , cm_name,cm_type ,cm_order , cm_state , cm_min_price , cm_max_price) values(47484,177,'2021款 B6 智雅运动版 7座','2021款',6,1,779900,779900);
insert into t_car_model(cm_id , cs_id , cm_name,cm_type ,cm_order , cm_state , cm_min_price , cm_max_price) values(46203,177,'2020款 改款 T6 智逸豪华版 7座','2020款',1,1,690900,690900);
insert into t_car_model(cm_id , cs_id , cm_name,cm_type ,cm_order , cm_state , cm_min_price , cm_max_price) values(46204,177,'2020款 改款 T6 智逸运动版 7座','2020款',2,1,690900,690900);
insert into t_car_model(cm_id , cs_id , cm_name,cm_type ,cm_order , cm_state , cm_min_price , cm_max_price) values(46205,177,'2020款 改款 T6 智雅豪华版 7座','2020款',3,1,774900,774900);
insert into t_car_model(cm_id , cs_id , cm_name,cm_type ,cm_order , cm_state , cm_min_price , cm_max_price) values(46206,177,'2020款 改款 T6 智雅运动版 7座','2020款',4,1,774900,774900);
insert into t_car_model(cm_id , cs_id , cm_name,cm_type ,cm_order , cm_state , cm_min_price , cm_max_price) values(46207,177,'2020款 改款 T6 智尊豪华版 7座','2020款',5,1,833900,833900);
insert into t_car_model(cm_id , cs_id , cm_name,cm_type ,cm_order , cm_state , cm_min_price , cm_max_price) values(41362,177,'2020款 T5 智行豪华版 5座','2020款',6,1,633900,633900);
insert into t_car_model(cm_id , cs_id , cm_name,cm_type ,cm_order , cm_state , cm_min_price , cm_max_price) values(41302,177,'2020款 T5 智行豪华版 7座','2020款',7,1,652900,652900);
insert into t_car_model(cm_id , cs_id , cm_name,cm_type ,cm_order , cm_state , cm_min_price , cm_max_price) values(41301,177,'2020款 T6 智逸豪华版 7座','2020款',8,1,690900,690900);
insert into t_car_model(cm_id , cs_id , cm_name,cm_type ,cm_order , cm_state , cm_min_price , cm_max_price) values(41361,177,'2020款 T6 智逸运动版 7座','2020款',9,1,690900,690900);
insert into t_car_model(cm_id , cs_id , cm_name,cm_type ,cm_order , cm_state , cm_min_price , cm_max_price) values(41303,177,'2020款 T6 智雅豪华版 7座','2020款',10,1,774900,774900);
insert into t_car_model(cm_id , cs_id , cm_name,cm_type ,cm_order , cm_state , cm_min_price , cm_max_price) values(41363,177,'2020款 T6 智雅运动版 7座','2020款',11,1,774900,774900);
insert into t_car_model(cm_id , cs_id , cm_name,cm_type ,cm_order , cm_state , cm_min_price , cm_max_price) values(41364,177,'2020款 T6 智尊豪华版 7座','2020款',12,1,833900,833900);
insert into t_car_model(cm_id , cs_id , cm_name,cm_type ,cm_order , cm_state , cm_min_price , cm_max_price) values(35759,177,'2019款 T5 智逸版 5座 国V','2019款',1,1,630900,630900);
insert into t_car_model(cm_id , cs_id , cm_name,cm_type ,cm_order , cm_state , cm_min_price , cm_max_price) values(39727,177,'2019款 T5 智逸版 5座 国VI','2019款',2,1,630900,630900);
insert into t_car_model(cm_id , cs_id , cm_name,cm_type ,cm_order , cm_state , cm_min_price , cm_max_price) values(35764,177,'2019款 T5 智逸版 7座 国V','2019款',3,1,649900,649900);
insert into t_car_model(cm_id , cs_id , cm_name,cm_type ,cm_order , cm_state , cm_min_price , cm_max_price) values(39728,177,'2019款 T5 智逸版 7座 国VI','2019款',4,1,649900,649900);
insert into t_car_model(cm_id , cs_id , cm_name,cm_type ,cm_order , cm_state , cm_min_price , cm_max_price) values(35760,177,'2019款 T6 智逸版 7座 国V','2019款',5,1,687900,687900);
insert into t_car_model(cm_id , cs_id , cm_name,cm_type ,cm_order , cm_state , cm_min_price , cm_max_price) values(39729,177,'2019款 T6 智逸版 7座 国VI','2019款',6,1,687900,687900);
insert into t_car_model(cm_id , cs_id , cm_name,cm_type ,cm_order , cm_state , cm_min_price , cm_max_price) values(35761,177,'2019款 T6 智雅版 7座 国V','2019款',7,1,759900,759900);
insert into t_car_model(cm_id , cs_id , cm_name,cm_type ,cm_order , cm_state , cm_min_price , cm_max_price) values(39730,177,'2019款 T6 智雅版 7座 国VI','2019款',8,1,759900,759900);
insert into t_car_model(cm_id , cs_id , cm_name,cm_type ,cm_order , cm_state , cm_min_price , cm_max_price) values(35762,177,'2019款 T6 运动版 7座 国V','2019款',9,1,759900,759900);
insert into t_car_model(cm_id , cs_id , cm_name,cm_type ,cm_order , cm_state , cm_min_price , cm_max_price) values(39731,177,'2019款 T6 运动版 7座 国VI','2019款',10,1,759900,759900);
insert into t_car_model(cm_id , cs_id , cm_name,cm_type ,cm_order , cm_state , cm_min_price , cm_max_price) values(35763,177,'2019款 T6 智尊版 7座 国V','2019款',11,1,849900,849900);
insert into t_car_model(cm_id , cs_id , cm_name,cm_type ,cm_order , cm_state , cm_min_price , cm_max_price) values(39732,177,'2019款 T6 智尊版 7座 国VI','2019款',12,1,849900,849900);
insert into t_car_model(cm_id , cs_id , cm_name,cm_type ,cm_order , cm_state , cm_min_price , cm_max_price) values(30993,177,'2018款 T5 智逸版 5座','2018款',1,1,636800,636800);
insert into t_car_model(cm_id , cs_id , cm_name,cm_type ,cm_order , cm_state , cm_min_price , cm_max_price) values(33486,177,'2018款 T5 智逸版 7座','2018款',2,1,652800,652800);
insert into t_car_model(cm_id , cs_id , cm_name,cm_type ,cm_order , cm_state , cm_min_price , cm_max_price) values(30998,177,'2018款 T6 智逸版 5座','2018款',3,1,682800,682800);
insert into t_car_model(cm_id , cs_id , cm_name,cm_type ,cm_order , cm_state , cm_min_price , cm_max_price) values(33487,177,'2018款 T6 智逸版 7座','2018款',4,1,698800,698800);
insert into t_car_model(cm_id , cs_id , cm_name,cm_type ,cm_order , cm_state , cm_min_price , cm_max_price) values(31000,177,'2018款 T6 智雅版 7座','2018款',5,1,774800,774800);
insert into t_car_model(cm_id , cs_id , cm_name,cm_type ,cm_order , cm_state , cm_min_price , cm_max_price) values(31001,177,'2018款 T6 智尊版 7座','2018款',6,1,866800,866800);
insert into t_car_model(cm_id , cs_id , cm_name,cm_type ,cm_order , cm_state , cm_min_price , cm_max_price) values(27221,177,'2017款 T5 智逸版 5座','2017款',1,1,688000,688000);
insert into t_car_model(cm_id , cs_id , cm_name,cm_type ,cm_order , cm_state , cm_min_price , cm_max_price) values(27222,177,'2017款 T6 智逸版 5座','2017款',2,1,738800,738800);
insert into t_car_model(cm_id , cs_id , cm_name,cm_type ,cm_order , cm_state , cm_min_price , cm_max_price) values(27223,177,'2017款 T6 智雅版 5座','2017款',3,1,818800,818800);
insert into t_car_model(cm_id , cs_id , cm_name,cm_type ,cm_order , cm_state , cm_min_price , cm_max_price) values(27224,177,'2017款 T6 智尊版 5座','2017款',4,1,918800,918800);
insert into t_car_model(cm_id , cs_id , cm_name,cm_type ,cm_order , cm_state , cm_min_price , cm_max_price) values(24970,177,'2016款 T5 智逸版 5座','2016款',1,1,688000,688000);
insert into t_car_model(cm_id , cs_id , cm_name,cm_type ,cm_order , cm_state , cm_min_price , cm_max_price) values(23817,177,'2016款 T5 智逸版 7座','2016款',2,1,704800,704800);
insert into t_car_model(cm_id , cs_id , cm_name,cm_type ,cm_order , cm_state , cm_min_price , cm_max_price) values(22584,177,'2015款 T6 智逸版 5座','2015款',1,1,738800,738800);
insert into t_car_model(cm_id , cs_id , cm_name,cm_type ,cm_order , cm_state , cm_min_price , cm_max_price) values(22785,177,'2015款 T6 智逸版 7座','2015款',2,1,755600,755600);
insert into t_car_model(cm_id , cs_id , cm_name,cm_type ,cm_order , cm_state , cm_min_price , cm_max_price) values(22587,177,'2015款 T6 智雅版 5座','2015款',3,1,818800,818800);
insert into t_car_model(cm_id , cs_id , cm_name,cm_type ,cm_order , cm_state , cm_min_price , cm_max_price) values(22786,177,'2015款 T6 智雅版 7座','2015款',4,1,838600,838600);
insert into t_car_model(cm_id , cs_id , cm_name,cm_type ,cm_order , cm_state , cm_min_price , cm_max_price) values(22588,177,'2015款 T6 智尊版 5座','2015款',5,1,918800,918800);
insert into t_car_model(cm_id , cs_id , cm_name,cm_type ,cm_order , cm_state , cm_min_price , cm_max_price) values(22787,177,'2015款 T6 智尊版 7座','2015款',6,1,938600,938600);
insert into t_car_model(cm_id , cs_id , cm_name,cm_type ,cm_order , cm_state , cm_min_price , cm_max_price) values(20078,177,'2015款 T6 限量版','2015款',7,1,1058000,1058000);
insert into t_car_model(cm_id , cs_id , cm_name,cm_type ,cm_order , cm_state , cm_min_price , cm_max_price) values(14393,177,'2013款 2.5T T5 豪华版','2013款',1,1,598900,598900);
insert into t_car_model(cm_id , cs_id , cm_name,cm_type ,cm_order , cm_state , cm_min_price , cm_max_price) values(15222,177,'2013款 2.5T T5 豪华升级版','2013款',2,1,618900,618900);
insert into t_car_model(cm_id , cs_id , cm_name,cm_type ,cm_order , cm_state , cm_min_price , cm_max_price) values(14394,177,'2013款 2.5T T5 行政版','2013款',3,1,688900,688900);
insert into t_car_model(cm_id , cs_id , cm_name,cm_type ,cm_order , cm_state , cm_min_price , cm_max_price) values(15223,177,'2013款 2.5T T5 行政升级版','2013款',4,1,708900,708900);
insert into t_car_model(cm_id , cs_id , cm_name,cm_type ,cm_order , cm_state , cm_min_price , cm_max_price) values(10826,177,'2012款 改款 2.5T 豪华版','2012款',1,1,598900,598900);
insert into t_car_model(cm_id , cs_id , cm_name,cm_type ,cm_order , cm_state , cm_min_price , cm_max_price) values(12191,177,'2012款 改款 2.5T 行政版','2012款',2,1,688900,688900);
insert into t_car_model(cm_id , cs_id , cm_name,cm_type ,cm_order , cm_state , cm_min_price , cm_max_price) values(10617,177,'2012款 2.5T 北欧豪华版','2012款',3,1,598000,598000);
insert into t_car_model(cm_id , cs_id , cm_name,cm_type ,cm_order , cm_state , cm_min_price , cm_max_price) values(10618,177,'2012款 2.5T 北欧行政版','2012款',4,1,688000,688000);
insert into t_car_model(cm_id , cs_id , cm_name,cm_type ,cm_order , cm_state , cm_min_price , cm_max_price) values(10619,177,'2012款 2.5T 北欧个性运动版','2012款',5,1,728000,728000);
insert into t_car_model(cm_id , cs_id , cm_name,cm_type ,cm_order , cm_state , cm_min_price , cm_max_price) values(10620,177,'2012款 3.2 北欧行政版','2012款',6,1,788000,788000);
insert into t_car_model(cm_id , cs_id , cm_name,cm_type ,cm_order , cm_state , cm_min_price , cm_max_price) values(10621,177,'2012款 3.2 北欧个性运动版','2012款',7,1,818000,818000);
insert into t_car_model(cm_id , cs_id , cm_name,cm_type ,cm_order , cm_state , cm_min_price , cm_max_price) values(9290,177,'2011款 2.5T AWD','2011款',1,1,743000,743000);
insert into t_car_model(cm_id , cs_id , cm_name,cm_type ,cm_order , cm_state , cm_min_price , cm_max_price) values(9291,177,'2011款 2.5T R-Design','2011款',2,1,784000,784000);
insert into t_car_model(cm_id , cs_id , cm_name,cm_type ,cm_order , cm_state , cm_min_price , cm_max_price) values(10173,177,'2011款 2.5T 北欧豪华版','2011款',3,1,598000,598000);
insert into t_car_model(cm_id , cs_id , cm_name,cm_type ,cm_order , cm_state , cm_min_price , cm_max_price) values(10172,177,'2011款 2.5T 北欧行政版','2011款',4,1,688000,688000);
insert into t_car_model(cm_id , cs_id , cm_name,cm_type ,cm_order , cm_state , cm_min_price , cm_max_price) values(10174,177,'2011款 2.5T 北欧个性运动版','2011款',5,1,728000,728000);
insert into t_car_model(cm_id , cs_id , cm_name,cm_type ,cm_order , cm_state , cm_min_price , cm_max_price) values(10175,177,'2011款 3.2 北欧行政版','2011款',6,1,788000,788000);
insert into t_car_model(cm_id , cs_id , cm_name,cm_type ,cm_order , cm_state , cm_min_price , cm_max_price) values(10176,177,'2011款 3.2 北欧个性运动版','2011款',7,1,818000,818000);
insert into t_car_model(cm_id , cs_id , cm_name,cm_type ,cm_order , cm_state , cm_min_price , cm_max_price) values(9292,177,'2011款 3.2 AWD','2011款',8,1,855000,855000);
insert into t_car_model(cm_id , cs_id , cm_name,cm_type ,cm_order , cm_state , cm_min_price , cm_max_price) values(9293,177,'2011款 3.2 R-Design','2011款',9,1,916000,916000);
insert into t_car_model(cm_id , cs_id , cm_name,cm_type ,cm_order , cm_state , cm_min_price , cm_max_price) values(6960,177,'2010款 2.5T AWD','2010款',1,1,738000,738000);
insert into t_car_model(cm_id , cs_id , cm_name,cm_type ,cm_order , cm_state , cm_min_price , cm_max_price) values(6583,177,'2010款 2.5T AWD运动版','2010款',2,1,779000,779000);
insert into t_car_model(cm_id , cs_id , cm_name,cm_type ,cm_order , cm_state , cm_min_price , cm_max_price) values(9288,177,'2010款 3.2 AWD','2010款',3,1,850000,850000);
insert into t_car_model(cm_id , cs_id , cm_name,cm_type ,cm_order , cm_state , cm_min_price , cm_max_price) values(6961,177,'2010款 3.2 AWD运动版','2010款',4,1,911000,911000);
insert into t_car_model(cm_id , cs_id , cm_name,cm_type ,cm_order , cm_state , cm_min_price , cm_max_price) values(6962,177,'2010款 4.4 V8 AWD行政版','2010款',5,1,1478000,1478000);
insert into t_car_model(cm_id , cs_id , cm_name,cm_type ,cm_order , cm_state , cm_min_price , cm_max_price) values(4798,177,'2009款 2.5T AWD','2009款',1,1,638000,638000);
insert into t_car_model(cm_id , cs_id , cm_name,cm_type ,cm_order , cm_state , cm_min_price , cm_max_price) values(4468,177,'2009款 2.5T AWD航海版','2009款',2,1,658000,658000);
insert into t_car_model(cm_id , cs_id , cm_name,cm_type ,cm_order , cm_state , cm_min_price , cm_max_price) values(4799,177,'2009款 2.5T AWD运动版','2009款',3,1,678000,678000);
insert into t_car_model(cm_id , cs_id , cm_name,cm_type ,cm_order , cm_state , cm_min_price , cm_max_price) values(4800,177,'2009款 3.2 AWD','2009款',4,1,748000,748000);
insert into t_car_model(cm_id , cs_id , cm_name,cm_type ,cm_order , cm_state , cm_min_price , cm_max_price) values(4362,177,'2009款 3.2 AWD运动版','2009款',5,1,808000,808000);
insert into t_car_model(cm_id , cs_id , cm_name,cm_type ,cm_order , cm_state , cm_min_price , cm_max_price) values(4801,177,'2009款 4.4 V8 AWD七座行政版','2009款',6,1,1380000,1380000);
insert into t_car_model(cm_id , cs_id , cm_name,cm_type ,cm_order , cm_state , cm_min_price , cm_max_price) values(4266,177,'2008款 4.4 V8 Inscription典藏版','2008款',1,1,1138000,1138000);
insert into t_car_model(cm_id , cs_id , cm_name,cm_type ,cm_order , cm_state , cm_min_price , cm_max_price) values(2694,177,'2007款 2.5T AWD','2007款',1,1,708000,708000);
insert into t_car_model(cm_id , cs_id , cm_name,cm_type ,cm_order , cm_state , cm_min_price , cm_max_price) values(3199,177,'2007款 3.2 AWD运动版','2007款',2,1,858000,858000);
insert into t_car_model(cm_id , cs_id , cm_name,cm_type ,cm_order , cm_state , cm_min_price , cm_max_price) values(2170,177,'2006款 2.5T L5','2006款',1,1,668000,668000);
insert into t_car_model(cm_id , cs_id , cm_name,cm_type ,cm_order , cm_state , cm_min_price , cm_max_price) values(2680,177,'2006款 3.2 AWD','2006款',2,1,808000,808000);
insert into t_car_model(cm_id , cs_id , cm_name,cm_type ,cm_order , cm_state , cm_min_price , cm_max_price) values(2681,177,'2006款 4.4 V8 AWD五座行政版','2006款',3,1,1046000,1046000);
insert into t_car_model(cm_id , cs_id , cm_name,cm_type ,cm_order , cm_state , cm_min_price , cm_max_price) values(2435,177,'2006款 4.4 V8 AWD七座行政版','2006款',4,1,1088000,1088000);
insert into t_car_model(cm_id , cs_id , cm_name,cm_type ,cm_order , cm_state , cm_min_price , cm_max_price) values(1622,177,'2005款 4.4L V8','2005款',1,1,990000,990000);
insert into t_car_model(cm_id , cs_id , cm_name,cm_type ,cm_order , cm_state , cm_min_price , cm_max_price) values(779,177,'2004款 2.9L T6','2004款',1,1,758000,758000);
insert into t_car_series(cs_id,cbf_id,cs_name,cs_order,cs_letter) values(4337,84,'沃尔沃XC90新能源',4497,'W');
insert into t_car_model(cm_id , cs_id , cm_name,cm_type ,cm_order , cm_state , cm_min_price , cm_max_price) values(53799,4337,'2022款 E驱混动 T8 智尊豪华版 7座','2022款',1,1,894900,894900);
insert into t_car_model(cm_id , cs_id , cm_name,cm_type ,cm_order , cm_state , cm_min_price , cm_max_price) values(47485,4337,'2021款 E驱混动 T8 智尊豪华版 7座','2021款',1,1,894900,894900);
insert into t_car_model(cm_id , cs_id , cm_name,cm_type ,cm_order , cm_state , cm_min_price , cm_max_price) values(43577,4337,'2020款 E驱混动 T8 智尊豪华版 7座','2020款',1,1,894900,894900);
insert into t_car_model(cm_id , cs_id , cm_name,cm_type ,cm_order , cm_state , cm_min_price , cm_max_price) values(46209,4337,'2020款 改款 E驱混动 T8 智尊豪华版 7座','2020款',2,1,894900,894900);
insert into t_car_model(cm_id , cs_id , cm_name,cm_type ,cm_order , cm_state , cm_min_price , cm_max_price) values(35765,4337,'2019款 E驱混动 T8 个性运动版 7座 国V','2019款',1,1,891900,891900);
insert into t_car_model(cm_id , cs_id , cm_name,cm_type ,cm_order , cm_state , cm_min_price , cm_max_price) values(39743,4337,'2019款 E驱混动 T8 个性运动版 7座 国VI','2019款',2,1,891900,891900);
insert into t_car_model(cm_id , cs_id , cm_name,cm_type ,cm_order , cm_state , cm_min_price , cm_max_price) values(35766,4337,'2019款 E驱混动 T8 智尊版 7座 国V','2019款',3,1,891900,891900);
insert into t_car_model(cm_id , cs_id , cm_name,cm_type ,cm_order , cm_state , cm_min_price , cm_max_price) values(39744,4337,'2019款 E驱混动 T8 智尊版 7座 国VI','2019款',4,1,891900,891900);
insert into t_car_model(cm_id , cs_id , cm_name,cm_type ,cm_order , cm_state , cm_min_price , cm_max_price) values(35767,4337,'2019款 E驱混动 T8 荣誉版 4座 国V','2019款',5,1,1225800,1225800);
insert into t_car_model(cm_id , cs_id , cm_name,cm_type ,cm_order , cm_state , cm_min_price , cm_max_price) values(39745,4337,'2019款 E驱混动 T8 荣誉版 4座 国VI','2019款',6,1,1225800,1225800);
insert into t_car_model(cm_id , cs_id , cm_name,cm_type ,cm_order , cm_state , cm_min_price , cm_max_price) values(35768,4337,'2019款 E驱混动 T8 荣誉版 3座 国V','2019款',7,1,1225800,1225800);
insert into t_car_model(cm_id , cs_id , cm_name,cm_type ,cm_order , cm_state , cm_min_price , cm_max_price) values(39746,4337,'2019款 E驱混动 T8 荣誉版 3座 国VI','2019款',8,1,1225800,1225800);
insert into t_car_model(cm_id , cs_id , cm_name,cm_type ,cm_order , cm_state , cm_min_price , cm_max_price) values(31008,4337,'2018款 E驱混动 T8 个性运动版 7座','2018款',1,1,921800,921800);
insert into t_car_model(cm_id , cs_id , cm_name,cm_type ,cm_order , cm_state , cm_min_price , cm_max_price) values(31009,4337,'2018款 E驱混动 T8 智尊版 7座','2018款',2,1,921800,921800);
insert into t_car_model(cm_id , cs_id , cm_name,cm_type ,cm_order , cm_state , cm_min_price , cm_max_price) values(31010,4337,'2018款 E驱混动 T8 荣誉版 4座','2018款',3,1,1285800,1285800);
insert into t_car_model(cm_id , cs_id , cm_name,cm_type ,cm_order , cm_state , cm_min_price , cm_max_price) values(27225,4337,'2017款 E驱混动 T8 个性运动版 7座','2017款',1,1,1098000,1098000);
insert into t_car_model(cm_id , cs_id , cm_name,cm_type ,cm_order , cm_state , cm_min_price , cm_max_price) values(27226,4337,'2017款 E驱混动 T8 智尊版 7座','2017款',2,1,1228000,1228000);
insert into t_car_model(cm_id , cs_id , cm_name,cm_type ,cm_order , cm_state , cm_min_price , cm_max_price) values(27686,4337,'2017款 E驱混动 T8 荣誉版 4座','2017款',3,1,1358000,1358000);
insert into t_car_model(cm_id , cs_id , cm_name,cm_type ,cm_order , cm_state , cm_min_price , cm_max_price) values(24650,4337,'2016款 E驱混动 T8 个性运动版 7座','2016款',1,1,1098000,1098000);
insert into t_car_model(cm_id , cs_id , cm_name,cm_type ,cm_order , cm_state , cm_min_price , cm_max_price) values(23292,4337,'2016款 E驱混动 T8 智尊版 7座','2016款',2,1,1228000,1228000);
insert into t_car_model(cm_id , cs_id , cm_name,cm_type ,cm_order , cm_state , cm_min_price , cm_max_price) values(25552,4337,'2016款 E驱混动 2.0T T8 荣誉版 4座','2016款',3,1,1358000,1358000);
insert into t_car_series(cs_id,cbf_id,cs_name,cs_order,cs_letter) values(404,84,'沃尔沃S60(进口)',4498,'W');
insert into t_car_model(cm_id , cs_id , cm_name,cm_type ,cm_order , cm_state , cm_min_price , cm_max_price) values(30445,404,'2017款 T5 个性运动版','2017款',1,1,392900,392900);
insert into t_car_model(cm_id , cs_id , cm_name,cm_type ,cm_order , cm_state , cm_min_price , cm_max_price) values(25553,404,'2017款 2.0T Polestar','2017款',2,1,606900,606900);
insert into t_car_model(cm_id , cs_id , cm_name,cm_type ,cm_order , cm_state , cm_min_price , cm_max_price) values(19583,404,'2015款 T6 AWD 个性运动版','2015款',1,1,506900,506900);
insert into t_car_model(cm_id , cs_id , cm_name,cm_type ,cm_order , cm_state , cm_min_price , cm_max_price) values(19581,404,'2015款 T5 个性运动版','2015款',2,1,402900,402900);
insert into t_car_model(cm_id , cs_id , cm_name,cm_type ,cm_order , cm_state , cm_min_price , cm_max_price) values(16590,404,'2014款 T5 智逸版','2014款',1,1,322900,322900);
insert into t_car_model(cm_id , cs_id , cm_name,cm_type ,cm_order , cm_state , cm_min_price , cm_max_price) values(16510,404,'2014款 T5 智雅版','2014款',2,1,342900,342900);
insert into t_car_model(cm_id , cs_id , cm_name,cm_type ,cm_order , cm_state , cm_min_price , cm_max_price) values(17566,404,'2014款 T5 个性运动版','2014款',3,1,385900,385900);
insert into t_car_model(cm_id , cs_id , cm_name,cm_type ,cm_order , cm_state , cm_min_price , cm_max_price) values(17570,404,'2014款 T6 AWD 个性运动版','2014款',4,1,499900,499900);
insert into t_car_model(cm_id , cs_id , cm_name,cm_type ,cm_order , cm_state , cm_min_price , cm_max_price) values(18381,404,'2014款 改款 T5 个性运动版','2014款',5,1,395900,395900);
insert into t_car_model(cm_id , cs_id , cm_name,cm_type ,cm_order , cm_state , cm_min_price , cm_max_price) values(13850,404,'2013款 2.0T 进取版','2013款',1,1,282900,282900);
insert into t_car_model(cm_id , cs_id , cm_name,cm_type ,cm_order , cm_state , cm_min_price , cm_max_price) values(13931,404,'2013款 T5 智尚版','2013款',2,1,299900,299900);
insert into t_car_model(cm_id , cs_id , cm_name,cm_type ,cm_order , cm_state , cm_min_price , cm_max_price) values(13932,404,'2013款 T5 舒适版','2013款',3,1,322900,322900);
insert into t_car_model(cm_id , cs_id , cm_name,cm_type ,cm_order , cm_state , cm_min_price , cm_max_price) values(13933,404,'2013款 T5 智雅版','2013款',4,1,342900,342900);
insert into t_car_model(cm_id , cs_id , cm_name,cm_type ,cm_order , cm_state , cm_min_price , cm_max_price) values(13935,404,'2013款 T5 智尊版','2013款',5,1,379900,379900);
insert into t_car_model(cm_id , cs_id , cm_name,cm_type ,cm_order , cm_state , cm_min_price , cm_max_price) values(13937,404,'2013款 T6 AWD 智尊版','2013款',6,1,499900,499900);
insert into t_car_model(cm_id , cs_id , cm_name,cm_type ,cm_order , cm_state , cm_min_price , cm_max_price) values(10431,404,'2012款 1.6T DRIVe 智尚版','2012款',1,1,282800,282800);
insert into t_car_model(cm_id , cs_id , cm_name,cm_type ,cm_order , cm_state , cm_min_price , cm_max_price) values(10432,404,'2012款 1.6T DRIVe 舒适版','2012款',2,1,306800,306800);
insert into t_car_model(cm_id , cs_id , cm_name,cm_type ,cm_order , cm_state , cm_min_price , cm_max_price) values(10433,404,'2012款 1.6T DRIVe 智雅版','2012款',3,1,334800,334800);
insert into t_car_model(cm_id , cs_id , cm_name,cm_type ,cm_order , cm_state , cm_min_price , cm_max_price) values(12369,404,'2012款 T5 智尚版','2012款',4,1,299900,299900);
insert into t_car_model(cm_id , cs_id , cm_name,cm_type ,cm_order , cm_state , cm_min_price , cm_max_price) values(12368,404,'2012款 T5 舒适版','2012款',5,1,319900,319900);
insert into t_car_model(cm_id , cs_id , cm_name,cm_type ,cm_order , cm_state , cm_min_price , cm_max_price) values(10434,404,'2012款 T5 智雅版','2012款',6,1,339800,339800);
insert into t_car_model(cm_id , cs_id , cm_name,cm_type ,cm_order , cm_state , cm_min_price , cm_max_price) values(10435,404,'2012款 T5 智尊版','2012款',7,1,369800,369800);
insert into t_car_model(cm_id , cs_id , cm_name,cm_type ,cm_order , cm_state , cm_min_price , cm_max_price) values(10436,404,'2012款 T6 AWD 智尊版','2012款',8,1,529800,529800);
insert into t_car_model(cm_id , cs_id , cm_name,cm_type ,cm_order , cm_state , cm_min_price , cm_max_price) values(9647,404,'2011款 2.0T 智尚版','2011款',1,1,288800,288800);
insert into t_car_model(cm_id , cs_id , cm_name,cm_type ,cm_order , cm_state , cm_min_price , cm_max_price) values(9441,404,'2011款 2.0T 舒适版','2011款',2,1,305000,305000);
insert into t_car_model(cm_id , cs_id , cm_name,cm_type ,cm_order , cm_state , cm_min_price , cm_max_price) values(9442,404,'2011款 2.0T 智雅版','2011款',3,1,339800,339800);
insert into t_car_model(cm_id , cs_id , cm_name,cm_type ,cm_order , cm_state , cm_min_price , cm_max_price) values(7116,404,'2011款 2.0T 智尊版','2011款',4,1,369800,369800);
insert into t_car_model(cm_id , cs_id , cm_name,cm_type ,cm_order , cm_state , cm_min_price , cm_max_price) values(9653,404,'2011款 T6 AWD 智雅版','2011款',5,1,429800,429800);
insert into t_car_model(cm_id , cs_id , cm_name,cm_type ,cm_order , cm_state , cm_min_price , cm_max_price) values(9443,404,'2011款 T6 AWD 智尊版','2011款',6,1,529800,529800);
insert into t_car_model(cm_id , cs_id , cm_name,cm_type ,cm_order , cm_state , cm_min_price , cm_max_price) values(1572,404,'2004款 2.4M','2004款',1,1,599000,599000);
insert into t_car_model(cm_id , cs_id , cm_name,cm_type ,cm_order , cm_state , cm_min_price , cm_max_price) values(1573,404,'2004款 2.5R','2004款',2,1,838000,838000);
insert into t_car_series(cs_id,cbf_id,cs_name,cs_order,cs_letter) values(3689,84,'沃尔沃XC40(进口)',4504,'W');
insert into t_car_model(cm_id , cs_id , cm_name,cm_type ,cm_order , cm_state , cm_min_price , cm_max_price) values(35341,3689,'2019款 T4 四驱破晓冰雪白','2019款',1,1,315900,315900);
insert into t_car_model(cm_id , cs_id , cm_name,cm_type ,cm_order , cm_state , cm_min_price , cm_max_price) values(35342,3689,'2019款 T4 四驱正午熔岩红','2019款',2,1,315900,315900);
insert into t_car_model(cm_id , cs_id , cm_name,cm_type ,cm_order , cm_state , cm_min_price , cm_max_price) values(35343,3689,'2019款 T4 四驱子夜亚马逊蓝','2019款',3,1,318900,318900);
insert into t_car_model(cm_id , cs_id , cm_name,cm_type ,cm_order , cm_state , cm_min_price , cm_max_price) values(34458,3689,'2019款 T5 四驱运动日暮水晶白','2019款',4,1,390900,390900);
insert into t_car_model(cm_id , cs_id , cm_name,cm_type ,cm_order , cm_state , cm_min_price , cm_max_price) values(21221,3689,'2019款 T5 四驱运动日暮水晶白限定版','2019款',5,1,403900,403900);
insert into t_car_series(cs_id,cbf_id,cs_name,cs_order,cs_letter) values(585,84,'沃尔沃XC60(进口)',4506,'W');
insert into t_car_model(cm_id , cs_id , cm_name,cm_type ,cm_order , cm_state , cm_min_price , cm_max_price) values(19573,585,'2015款 T5 智逸版','2015款',1,1,414900,414900);
insert into t_car_model(cm_id , cs_id , cm_name,cm_type ,cm_order , cm_state , cm_min_price , cm_max_price) values(19574,585,'2015款 T5 智雅版','2015款',2,1,485900,485900);
insert into t_car_model(cm_id , cs_id , cm_name,cm_type ,cm_order , cm_state , cm_min_price , cm_max_price) values(19577,585,'2015款 T5 个性运动版','2015款',3,1,526900,526900);
insert into t_car_model(cm_id , cs_id , cm_name,cm_type ,cm_order , cm_state , cm_min_price , cm_max_price) values(19578,585,'2015款 T6 智逸版','2015款',4,1,546900,546900);
insert into t_car_model(cm_id , cs_id , cm_name,cm_type ,cm_order , cm_state , cm_min_price , cm_max_price) values(19579,585,'2015款 T6 智雅版','2015款',5,1,606900,606900);
insert into t_car_model(cm_id , cs_id , cm_name,cm_type ,cm_order , cm_state , cm_min_price , cm_max_price) values(19580,585,'2015款 T6 个性运动版','2015款',6,1,676900,676900);
insert into t_car_model(cm_id , cs_id , cm_name,cm_type ,cm_order , cm_state , cm_min_price , cm_max_price) values(16609,585,'2014款 T5 智尚版','2014款',1,1,389900,389900);
insert into t_car_model(cm_id , cs_id , cm_name,cm_type ,cm_order , cm_state , cm_min_price , cm_max_price) values(16591,585,'2014款 T5 智逸版','2014款',2,1,414900,414900);
insert into t_car_model(cm_id , cs_id , cm_name,cm_type ,cm_order , cm_state , cm_min_price , cm_max_price) values(16507,585,'2014款 T5 智雅版','2014款',3,1,469900,469900);
insert into t_car_model(cm_id , cs_id , cm_name,cm_type ,cm_order , cm_state , cm_min_price , cm_max_price) values(15450,585,'2014款 T5 个性运动版','2014款',4,1,519900,519900);
insert into t_car_model(cm_id , cs_id , cm_name,cm_type ,cm_order , cm_state , cm_min_price , cm_max_price) values(16611,585,'2014款 T6 智尚版','2014款',5,1,499900,499900);
insert into t_car_model(cm_id , cs_id , cm_name,cm_type ,cm_order , cm_state , cm_min_price , cm_max_price) values(16613,585,'2014款 T6 智逸版','2014款',6,1,539900,539900);
insert into t_car_model(cm_id , cs_id , cm_name,cm_type ,cm_order , cm_state , cm_min_price , cm_max_price) values(16614,585,'2014款 T6 智雅版','2014款',7,1,599900,599900);
insert into t_car_model(cm_id , cs_id , cm_name,cm_type ,cm_order , cm_state , cm_min_price , cm_max_price) values(17650,585,'2014款 T6 AWD个性运动版','2014款',8,1,669900,669900);
insert into t_car_model(cm_id , cs_id , cm_name,cm_type ,cm_order , cm_state , cm_min_price , cm_max_price) values(18373,585,'2014款 改款 T5 智逸版','2014款',9,1,423900,423900);
insert into t_car_model(cm_id , cs_id , cm_name,cm_type ,cm_order , cm_state , cm_min_price , cm_max_price) values(18368,585,'2014款 改款 T5 智雅版','2014款',10,1,478900,478900);
insert into t_car_model(cm_id , cs_id , cm_name,cm_type ,cm_order , cm_state , cm_min_price , cm_max_price) values(18374,585,'2014款 改款 T5 个性运动版','2014款',11,1,519900,519900);
insert into t_car_model(cm_id , cs_id , cm_name,cm_type ,cm_order , cm_state , cm_min_price , cm_max_price) values(14014,585,'2013款 T5 智尚版','2013款',1,1,389900,389900);
insert into t_car_model(cm_id , cs_id , cm_name,cm_type ,cm_order , cm_state , cm_min_price , cm_max_price) values(14015,585,'2013款 T5 舒适版','2013款',2,1,409900,409900);
insert into t_car_model(cm_id , cs_id , cm_name,cm_type ,cm_order , cm_state , cm_min_price , cm_max_price) values(13849,585,'2013款 T5 智雅版','2013款',3,1,474900,474900);
insert into t_car_model(cm_id , cs_id , cm_name,cm_type ,cm_order , cm_state , cm_min_price , cm_max_price) values(14016,585,'2013款 T5 智尊版','2013款',4,1,519900,519900);
insert into t_car_model(cm_id , cs_id , cm_name,cm_type ,cm_order , cm_state , cm_min_price , cm_max_price) values(14017,585,'2013款 T6 AWD舒适版','2013款',5,1,524900,524900);
insert into t_car_model(cm_id , cs_id , cm_name,cm_type ,cm_order , cm_state , cm_min_price , cm_max_price) values(14018,585,'2013款 T6 AWD智雅版','2013款',6,1,589900,589900);
insert into t_car_model(cm_id , cs_id , cm_name,cm_type ,cm_order , cm_state , cm_min_price , cm_max_price) values(14019,585,'2013款 T6 AWD个性运动版','2013款',7,1,659900,659900);
insert into t_car_model(cm_id , cs_id , cm_name,cm_type ,cm_order , cm_state , cm_min_price , cm_max_price) values(10502,585,'2012款 T5 舒适版','2012款',1,1,408000,408000);
insert into t_car_model(cm_id , cs_id , cm_name,cm_type ,cm_order , cm_state , cm_min_price , cm_max_price) values(10503,585,'2012款 T5 智雅版','2012款',2,1,468000,468000);
insert into t_car_model(cm_id , cs_id , cm_name,cm_type ,cm_order , cm_state , cm_min_price , cm_max_price) values(10504,585,'2012款 T5 个性运动版','2012款',3,1,498000,498000);
insert into t_car_model(cm_id , cs_id , cm_name,cm_type ,cm_order , cm_state , cm_min_price , cm_max_price) values(10505,585,'2012款 T5 环球帆船赛纪念版','2012款',4,1,498000,498000);
insert into t_car_model(cm_id , cs_id , cm_name,cm_type ,cm_order , cm_state , cm_min_price , cm_max_price) values(10506,585,'2012款 T5 智尊版','2012款',5,1,508000,508000);
insert into t_car_model(cm_id , cs_id , cm_name,cm_type ,cm_order , cm_state , cm_min_price , cm_max_price) values(10507,585,'2012款 T6 AWD舒适版','2012款',6,1,508000,508000);
insert into t_car_model(cm_id , cs_id , cm_name,cm_type ,cm_order , cm_state , cm_min_price , cm_max_price) values(10508,585,'2012款 T6 AWD智雅版','2012款',7,1,568000,568000);
insert into t_car_model(cm_id , cs_id , cm_name,cm_type ,cm_order , cm_state , cm_min_price , cm_max_price) values(10509,585,'2012款 T6 AWD个性运动版','2012款',8,1,658000,658000);
insert into t_car_model(cm_id , cs_id , cm_name,cm_type ,cm_order , cm_state , cm_min_price , cm_max_price) values(8666,585,'2011款 2.0T 舒适版','2011款',1,1,398000,398000);
insert into t_car_model(cm_id , cs_id , cm_name,cm_type ,cm_order , cm_state , cm_min_price , cm_max_price) values(8538,585,'2011款 2.0T 智雅版','2011款',2,1,458000,458000);
insert into t_car_model(cm_id , cs_id , cm_name,cm_type ,cm_order , cm_state , cm_min_price , cm_max_price) values(8668,585,'2011款 2.0T R-Design 个性运动版','2011款',3,1,498000,498000);
insert into t_car_model(cm_id , cs_id , cm_name,cm_type ,cm_order , cm_state , cm_min_price , cm_max_price) values(8667,585,'2011款 2.0T 智尊版','2011款',4,1,508000,508000);
insert into t_car_model(cm_id , cs_id , cm_name,cm_type ,cm_order , cm_state , cm_min_price , cm_max_price) values(8674,585,'2011款 T6 AWD智雅版','2011款',5,1,568000,568000);
insert into t_car_model(cm_id , cs_id , cm_name,cm_type ,cm_order , cm_state , cm_min_price , cm_max_price) values(8676,585,'2011款 T6 R-Design 个性运动版','2011款',6,1,608000,608000);
insert into t_car_model(cm_id , cs_id , cm_name,cm_type ,cm_order , cm_state , cm_min_price , cm_max_price) values(8675,585,'2011款 T6 AWD智尊版','2011款',7,1,678000,678000);
insert into t_car_model(cm_id , cs_id , cm_name,cm_type ,cm_order , cm_state , cm_min_price , cm_max_price) values(6475,585,'2010款 T6 AWD舒适版','2010款',1,1,538000,538000);
insert into t_car_model(cm_id , cs_id , cm_name,cm_type ,cm_order , cm_state , cm_min_price , cm_max_price) values(6982,585,'2010款 T6 AWD智雅版','2010款',2,1,570000,570000);
insert into t_car_model(cm_id , cs_id , cm_name,cm_type ,cm_order , cm_state , cm_min_price , cm_max_price) values(7268,585,'2010款 T6 R-Design 个性运动版','2010款',3,1,610000,610000);
insert into t_car_model(cm_id , cs_id , cm_name,cm_type ,cm_order , cm_state , cm_min_price , cm_max_price) values(6983,585,'2010款 T6 AWD智尊版','2010款',4,1,661000,661000);
insert into t_car_model(cm_id , cs_id , cm_name,cm_type ,cm_order , cm_state , cm_min_price , cm_max_price) values(3696,585,'2009款 T6 AWD智雅版','2009款',1,1,558000,558000);
insert into t_car_model(cm_id , cs_id , cm_name,cm_type ,cm_order , cm_state , cm_min_price , cm_max_price) values(5243,585,'2009款 T6 AWD智尊版','2009款',2,1,648000,648000);
insert into t_car_series(cs_id,cbf_id,cs_name,cs_order,cs_letter) values(494,84,'沃尔沃C30',4512,'W');
insert into t_car_model(cm_id , cs_id , cm_name,cm_type ,cm_order , cm_state , cm_min_price , cm_max_price) values(13848,494,'2013款 2.0L 炫动版','2013款',1,1,249900,249900);
insert into t_car_model(cm_id , cs_id , cm_name,cm_type ,cm_order , cm_state , cm_min_price , cm_max_price) values(10575,494,'2012款 2.0L Aktiv','2012款',1,1,225000,225000);
insert into t_car_model(cm_id , cs_id , cm_name,cm_type ,cm_order , cm_state , cm_min_price , cm_max_price) values(10576,494,'2012款 2.0L Aktiv 乐动套装版','2012款',2,1,233800,233800);
insert into t_car_model(cm_id , cs_id , cm_name,cm_type ,cm_order , cm_state , cm_min_price , cm_max_price) values(10577,494,'2012款 2.0L Aktiv 炫动套装版','2012款',3,1,249800,249800);
insert into t_car_model(cm_id , cs_id , cm_name,cm_type ,cm_order , cm_state , cm_min_price , cm_max_price) values(9370,494,'2011款 2.0 智尚版','2011款',1,1,258000,258000);
insert into t_car_model(cm_id , cs_id , cm_name,cm_type ,cm_order , cm_state , cm_min_price , cm_max_price) values(9371,494,'2011款 2.0 智雅版','2011款',2,1,288000,288000);
insert into t_car_model(cm_id , cs_id , cm_name,cm_type ,cm_order , cm_state , cm_min_price , cm_max_price) values(9372,494,'2011款 2.0 R-Design','2011款',3,1,299000,299000);
insert into t_car_model(cm_id , cs_id , cm_name,cm_type ,cm_order , cm_state , cm_min_price , cm_max_price) values(6028,494,'2010款 2.0智尚版','2010款',1,1,298000,298000);
insert into t_car_model(cm_id , cs_id , cm_name,cm_type ,cm_order , cm_state , cm_min_price , cm_max_price) values(6118,494,'2010款 2.0智雅版','2010款',2,1,328000,328000);
insert into t_car_model(cm_id , cs_id , cm_name,cm_type ,cm_order , cm_state , cm_min_price , cm_max_price) values(6119,494,'2010款 2.0个性运动版','2010款',3,1,358000,358000);
insert into t_car_model(cm_id , cs_id , cm_name,cm_type ,cm_order , cm_state , cm_min_price , cm_max_price) values(6120,494,'2010款 2.4i','2010款',4,1,368000,368000);
insert into t_car_model(cm_id , cs_id , cm_name,cm_type ,cm_order , cm_state , cm_min_price , cm_max_price) values(6121,494,'2010款 2.4i个性运动版','2010款',5,1,398000,398000);
insert into t_car_model(cm_id , cs_id , cm_name,cm_type ,cm_order , cm_state , cm_min_price , cm_max_price) values(6581,494,'2010款 改款 2.0智尚版','2010款',6,1,298000,298000);
insert into t_car_model(cm_id , cs_id , cm_name,cm_type ,cm_order , cm_state , cm_min_price , cm_max_price) values(7281,494,'2010款 改款 2.0智雅版','2010款',7,1,328000,328000);
insert into t_car_model(cm_id , cs_id , cm_name,cm_type ,cm_order , cm_state , cm_min_price , cm_max_price) values(7282,494,'2010款 改款 2.4i','2010款',8,1,368000,368000);
insert into t_car_model(cm_id , cs_id , cm_name,cm_type ,cm_order , cm_state , cm_min_price , cm_max_price) values(7283,494,'2010款 改款 2.4i个性运动版','2010款',9,1,398000,398000);
insert into t_car_model(cm_id , cs_id , cm_name,cm_type ,cm_order , cm_state , cm_min_price , cm_max_price) values(4467,494,'2008款 2.4i','2008款',1,1,368000,368000);
insert into t_car_model(cm_id , cs_id , cm_name,cm_type ,cm_order , cm_state , cm_min_price , cm_max_price) values(3813,494,'2008款 2.4i 个性运动版','2008款',2,1,398000,398000);
insert into t_car_model(cm_id , cs_id , cm_name,cm_type ,cm_order , cm_state , cm_min_price , cm_max_price) values(4564,494,'2008款 2.4i Rdesign','2008款',3,1,348000,348000);
insert into t_car_model(cm_id , cs_id , cm_name,cm_type ,cm_order , cm_state , cm_min_price , cm_max_price) values(2670,494,'2006款 2.4i','2006款',1,1,338000,338000);
insert into t_car_model(cm_id , cs_id , cm_name,cm_type ,cm_order , cm_state , cm_min_price , cm_max_price) values(2688,494,'2006款 2.5 T5','2006款',2,1,400000,400000);
insert into t_car_series(cs_id,cbf_id,cs_name,cs_order,cs_letter) values(981,84,'沃尔沃S40(进口)',4514,'W');
insert into t_car_model(cm_id , cs_id , cm_name,cm_type ,cm_order , cm_state , cm_min_price , cm_max_price) values(1329,981,'2004款 1.9 SE','2004款',1,1,325000,325000);
insert into t_car_model(cm_id , cs_id , cm_name,cm_type ,cm_order , cm_state , cm_min_price , cm_max_price) values(1328,981,'2004款 1.9T','2004款',2,1,325000,325000);
insert into t_car_model(cm_id , cs_id , cm_name,cm_type ,cm_order , cm_state , cm_min_price , cm_max_price) values(1330,981,'2004款 2.5 T5','2004款',3,1,468000,468000);
insert into t_car_model(cm_id , cs_id , cm_name,cm_type ,cm_order , cm_state , cm_min_price , cm_max_price) values(1331,981,'2004款 2.5 T5 AWD','2004款',4,1,325000,325000);
insert into t_car_series(cs_id,cbf_id,cs_name,cs_order,cs_letter) values(2678,84,'沃尔沃V40',4515,'W');
insert into t_car_model(cm_id , cs_id , cm_name,cm_type ,cm_order , cm_state , cm_min_price , cm_max_price) values(36279,2678,'2019款 T3 智逸版','2019款',1,1,226900,226900);
insert into t_car_model(cm_id , cs_id , cm_name,cm_type ,cm_order , cm_state , cm_min_price , cm_max_price) values(36280,2678,'2019款 T3 智雅版','2019款',2,1,243900,243900);
insert into t_car_model(cm_id , cs_id , cm_name,cm_type ,cm_order , cm_state , cm_min_price , cm_max_price) values(36282,2678,'2019款 T4 智雅版','2019款',3,1,256900,256900);
insert into t_car_model(cm_id , cs_id , cm_name,cm_type ,cm_order , cm_state , cm_min_price , cm_max_price) values(36283,2678,'2019款 Cross Country T3 智雅版','2019款',4,1,247900,247900);
insert into t_car_model(cm_id , cs_id , cm_name,cm_type ,cm_order , cm_state , cm_min_price , cm_max_price) values(36284,2678,'2019款 Cross Country T5 AWD 智雅版','2019款',5,1,283900,283900);
insert into t_car_model(cm_id , cs_id , cm_name,cm_type ,cm_order , cm_state , cm_min_price , cm_max_price) values(32501,2678,'2018款 T3 智尚版','2018款',1,1,215900,215900);
insert into t_car_model(cm_id , cs_id , cm_name,cm_type ,cm_order , cm_state , cm_min_price , cm_max_price) values(32502,2678,'2018款 T3 智逸版','2018款',2,1,230900,230900);
insert into t_car_model(cm_id , cs_id , cm_name,cm_type ,cm_order , cm_state , cm_min_price , cm_max_price) values(32503,2678,'2018款 T3 智雅版','2018款',3,1,248900,248900);
insert into t_car_model(cm_id , cs_id , cm_name,cm_type ,cm_order , cm_state , cm_min_price , cm_max_price) values(32504,2678,'2018款 T4 智雅版','2018款',4,1,261900,261900);
insert into t_car_model(cm_id , cs_id , cm_name,cm_type ,cm_order , cm_state , cm_min_price , cm_max_price) values(32505,2678,'2018款 Cross Country T3 智雅版','2018款',5,1,252900,252900);
insert into t_car_model(cm_id , cs_id , cm_name,cm_type ,cm_order , cm_state , cm_min_price , cm_max_price) values(32506,2678,'2018款 Cross Country T5 AWD 智雅版','2018款',6,1,289900,289900);
insert into t_car_model(cm_id , cs_id , cm_name,cm_type ,cm_order , cm_state , cm_min_price , cm_max_price) values(26668,2678,'2017款 T3 智尚版','2017款',1,1,223900,223900);
insert into t_car_model(cm_id , cs_id , cm_name,cm_type ,cm_order , cm_state , cm_min_price , cm_max_price) values(26669,2678,'2017款 T3 智逸版','2017款',2,1,245900,245900);
insert into t_car_model(cm_id , cs_id , cm_name,cm_type ,cm_order , cm_state , cm_min_price , cm_max_price) values(26670,2678,'2017款 T3 智雅版','2017款',3,1,265900,265900);
insert into t_car_model(cm_id , cs_id , cm_name,cm_type ,cm_order , cm_state , cm_min_price , cm_max_price) values(26671,2678,'2017款 T4 智雅版','2017款',4,1,279900,279900);
insert into t_car_model(cm_id , cs_id , cm_name,cm_type ,cm_order , cm_state , cm_min_price , cm_max_price) values(26672,2678,'2017款 Cross Country T3 智雅版','2017款',5,1,269900,269900);
insert into t_car_model(cm_id , cs_id , cm_name,cm_type ,cm_order , cm_state , cm_min_price , cm_max_price) values(26673,2678,'2017款 Cross Country T5 AWD 智雅版','2017款',6,1,309900,309900);
insert into t_car_model(cm_id , cs_id , cm_name,cm_type ,cm_order , cm_state , cm_min_price , cm_max_price) values(23496,2678,'2016款 T3 智尚版','2016款',1,1,223900,223900);
insert into t_car_model(cm_id , cs_id , cm_name,cm_type ,cm_order , cm_state , cm_min_price , cm_max_price) values(23497,2678,'2016款 T3 智逸版','2016款',2,1,244900,244900);
insert into t_car_model(cm_id , cs_id , cm_name,cm_type ,cm_order , cm_state , cm_min_price , cm_max_price) values(26361,2678,'2016款 T3 智雅版','2016款',3,1,264900,264900);
insert into t_car_model(cm_id , cs_id , cm_name,cm_type ,cm_order , cm_state , cm_min_price , cm_max_price) values(23498,2678,'2016款 T4 智雅版','2016款',4,1,280900,280900);
insert into t_car_model(cm_id , cs_id , cm_name,cm_type ,cm_order , cm_state , cm_min_price , cm_max_price) values(23499,2678,'2016款 T4 个性运动版','2016款',5,1,299900,299900);
insert into t_car_model(cm_id , cs_id , cm_name,cm_type ,cm_order , cm_state , cm_min_price , cm_max_price) values(19570,2678,'2015款 1.6T 智尚版','2015款',1,1,239900,239900);
insert into t_car_model(cm_id , cs_id , cm_name,cm_type ,cm_order , cm_state , cm_min_price , cm_max_price) values(19571,2678,'2015款 1.6T 智逸版','2015款',2,1,265900,265900);
insert into t_car_model(cm_id , cs_id , cm_name,cm_type ,cm_order , cm_state , cm_min_price , cm_max_price) values(19572,2678,'2015款 1.6T 智雅版','2015款',3,1,280900,280900);
insert into t_car_model(cm_id , cs_id , cm_name,cm_type ,cm_order , cm_state , cm_min_price , cm_max_price) values(19575,2678,'2015款 1.6T 智雅个性运动版','2015款',4,1,295900,295900);
insert into t_car_model(cm_id , cs_id , cm_name,cm_type ,cm_order , cm_state , cm_min_price , cm_max_price) values(19576,2678,'2015款 2.0T 智尊个性运动版','2015款',5,1,361900,361900);
insert into t_car_model(cm_id , cs_id , cm_name,cm_type ,cm_order , cm_state , cm_min_price , cm_max_price) values(21238,2678,'2015款 Cross Country 2.0T 智逸版','2015款',6,1,284900,284900);
insert into t_car_model(cm_id , cs_id , cm_name,cm_type ,cm_order , cm_state , cm_min_price , cm_max_price) values(21239,2678,'2015款 Cross Country T5 AWD 智雅版','2015款',7,1,324900,324900);
insert into t_car_model(cm_id , cs_id , cm_name,cm_type ,cm_order , cm_state , cm_min_price , cm_max_price) values(21240,2678,'2015款 Cross Country T5 AWD 智尊版','2015款',8,1,370900,370900);
insert into t_car_model(cm_id , cs_id , cm_name,cm_type ,cm_order , cm_state , cm_min_price , cm_max_price) values(17074,2678,'2014款 2.0T 智尚版','2014款',1,1,239900,239900);
insert into t_car_model(cm_id , cs_id , cm_name,cm_type ,cm_order , cm_state , cm_min_price , cm_max_price) values(17075,2678,'2014款 2.0T 智逸版','2014款',2,1,259900,259900);
insert into t_car_model(cm_id , cs_id , cm_name,cm_type ,cm_order , cm_state , cm_min_price , cm_max_price) values(16592,2678,'2014款 2.0T 智雅版','2014款',3,1,279900,279900);
insert into t_car_model(cm_id , cs_id , cm_name,cm_type ,cm_order , cm_state , cm_min_price , cm_max_price) values(17077,2678,'2014款 T5 智尊版','2014款',4,1,325900,325900);
insert into t_car_model(cm_id , cs_id , cm_name,cm_type ,cm_order , cm_state , cm_min_price , cm_max_price) values(18610,2678,'2014款 Cross Country 2.0T 智逸版','2014款',5,1,284900,284900);
insert into t_car_model(cm_id , cs_id , cm_name,cm_type ,cm_order , cm_state , cm_min_price , cm_max_price) values(18609,2678,'2014款 Cross Country T5 AWD 智雅版','2014款',6,1,324900,324900);
insert into t_car_model(cm_id , cs_id , cm_name,cm_type ,cm_order , cm_state , cm_min_price , cm_max_price) values(13917,2678,'2014款 Cross Country T5 AWD 智尊版','2014款',7,1,364900,364900);
insert into t_car_model(cm_id , cs_id , cm_name,cm_type ,cm_order , cm_state , cm_min_price , cm_max_price) values(15339,2678,'2013款 2.0T 智尚版','2013款',1,1,239900,239900);
insert into t_car_model(cm_id , cs_id , cm_name,cm_type ,cm_order , cm_state , cm_min_price , cm_max_price) values(15340,2678,'2013款 2.0T 智逸版','2013款',2,1,259900,259900);
insert into t_car_model(cm_id , cs_id , cm_name,cm_type ,cm_order , cm_state , cm_min_price , cm_max_price) values(15341,2678,'2013款 2.0T 智雅版','2013款',3,1,279900,279900);
insert into t_car_model(cm_id , cs_id , cm_name,cm_type ,cm_order , cm_state , cm_min_price , cm_max_price) values(15342,2678,'2013款 T5 智尊版','2013款',4,1,325900,325900);
insert into t_car_series(cs_id,cbf_id,cs_name,cs_order,cs_letter) values(175,84,'沃尔沃S80',4517,'W');
insert into t_car_model(cm_id , cs_id , cm_name,cm_type ,cm_order , cm_state , cm_min_price , cm_max_price) values(3292,175,'2007款 2.5T 智雅版','2007款',1,1,498000,498000);
insert into t_car_model(cm_id , cs_id , cm_name,cm_type ,cm_order , cm_state , cm_min_price , cm_max_price) values(3293,175,'2007款 3.0 T6 AWD','2007款',2,1,618000,618000);
insert into t_car_model(cm_id , cs_id , cm_name,cm_type ,cm_order , cm_state , cm_min_price , cm_max_price) values(2628,175,'2006款 3.2','2006款',1,1,668000,668000);
insert into t_car_model(cm_id , cs_id , cm_name,cm_type ,cm_order , cm_state , cm_min_price , cm_max_price) values(2629,175,'2006款 2.5T 智尊版','2006款',2,1,458000,458000);
insert into t_car_model(cm_id , cs_id , cm_name,cm_type ,cm_order , cm_state , cm_min_price , cm_max_price) values(2069,175,'2006款 4.4 V8 AWD','2006款',3,1,895000,895000);
insert into t_car_model(cm_id , cs_id , cm_name,cm_type ,cm_order , cm_state , cm_min_price , cm_max_price) values(4244,175,'2006款 4.4 V8 AWD 行政版','2006款',4,1,1239800,1239800);
insert into t_car_model(cm_id , cs_id , cm_name,cm_type ,cm_order , cm_state , cm_min_price , cm_max_price) values(338,175,'2004款 2.4','2004款',1,1,535000,535000);
insert into t_car_model(cm_id , cs_id , cm_name,cm_type ,cm_order , cm_state , cm_min_price , cm_max_price) values(901,175,'2004款 2.5T','2004款',2,1,608000,608000);
insert into t_car_model(cm_id , cs_id , cm_name,cm_type ,cm_order , cm_state , cm_min_price , cm_max_price) values(900,175,'2004款 2.9','2004款',3,1,628000,628000);
insert into t_car_model(cm_id , cs_id , cm_name,cm_type ,cm_order , cm_state , cm_min_price , cm_max_price) values(897,175,'2004款 2.9 T6','2004款',4,1,708000,708000);
insert into t_car_series(cs_id,cbf_id,cs_name,cs_order,cs_letter) values(3861,84,'沃尔沃S90(进口)',4518,'W');
insert into t_car_model(cm_id , cs_id , cm_name,cm_type ,cm_order , cm_state , cm_min_price , cm_max_price) values(26659,3861,'2016款 T6 AWD智雅版','2016款',1,1,569800,569800);
insert into t_car_model(cm_id , cs_id , cm_name,cm_type ,cm_order , cm_state , cm_min_price , cm_max_price) values(26660,3861,'2016款 T6 AWD智尊版','2016款',2,1,712800,712800);
insert into t_car_series(cs_id,cbf_id,cs_name,cs_order,cs_letter) values(406,84,'沃尔沃C70',4526,'W');
insert into t_car_model(cm_id , cs_id , cm_name,cm_type ,cm_order , cm_state , cm_min_price , cm_max_price) values(5965,406,'2010款 2.5T T5','2010款',1,1,661000,661000);
insert into t_car_model(cm_id , cs_id , cm_name,cm_type ,cm_order , cm_state , cm_min_price , cm_max_price) values(8056,406,'2010款 2.4i','2010款',2,1,610000,610000);
insert into t_car_model(cm_id , cs_id , cm_name,cm_type ,cm_order , cm_state , cm_min_price , cm_max_price) values(4069,406,'2008款 2.4i','2008款',1,1,598000,598000);
insert into t_car_model(cm_id , cs_id , cm_name,cm_type ,cm_order , cm_state , cm_min_price , cm_max_price) values(2759,406,'2008款 2.5T T5','2008款',2,1,648000,648000);
insert into t_car_model(cm_id , cs_id , cm_name,cm_type ,cm_order , cm_state , cm_min_price , cm_max_price) values(1575,406,'2004款 2.3T Convertible','2004款',1,1,800000,800000);
