insert into t_car_brand_factory(cbf_id , cb_id , cbf_name ,cbf_letter) values(341,86,'海马汽车','H');
insert into t_car_series(cs_id,cbf_id,cs_name,cs_order,cs_letter) values(4459,341,'海马爱尚EV',2229,'H');
insert into t_car_model(cm_id , cs_id , cm_name,cm_type ,cm_order , cm_state , cm_min_price , cm_max_price) values(46029,4459,'2021款 小雁 舒适版','2021款',1,1,39800,39800);
insert into t_car_model(cm_id , cs_id , cm_name,cm_type ,cm_order , cm_state , cm_min_price , cm_max_price) values(49388,4459,'2021款 小雁 豪华版','2021款',2,1,42800,42800);
insert into t_car_model(cm_id , cs_id , cm_name,cm_type ,cm_order , cm_state , cm_min_price , cm_max_price) values(40631,4459,'2019款 爱尚360 领先版','2019款',1,1,59800,59800);
insert into t_car_model(cm_id , cs_id , cm_name,cm_type ,cm_order , cm_state , cm_min_price , cm_max_price) values(40634,4459,'2019款 爱尚360 智炫版32.54kWh','2019款',2,1,69800,69800);
insert into t_car_model(cm_id , cs_id , cm_name,cm_type ,cm_order , cm_state , cm_min_price , cm_max_price) values(40632,4459,'2019款 爱尚360 智炫版34.05kWh','2019款',3,1,69800,69800);
insert into t_car_model(cm_id , cs_id , cm_name,cm_type ,cm_order , cm_state , cm_min_price , cm_max_price) values(35492,4459,'2018款 标准型','2018款',1,1,99800,99800);
insert into t_car_model(cm_id , cs_id , cm_name,cm_type ,cm_order , cm_state , cm_min_price , cm_max_price) values(30587,4459,'2017款 EV160','2017款',1,1,123800,123800);
insert into t_car_series(cs_id,cbf_id,cs_name,cs_order,cs_letter) values(5626,341,'海马6P',2230,'H');
insert into t_car_model(cm_id , cs_id , cm_name,cm_type ,cm_order , cm_state , cm_min_price , cm_max_price) values(49993,5626,'2021款 1.2T PHEV 长续航精英型','2021款',1,1,162800,162800);
insert into t_car_model(cm_id , cs_id , cm_name,cm_type ,cm_order , cm_state , cm_min_price , cm_max_price) values(43891,5626,'2021款 1.2T PHEV 长续航豪华型','2021款',2,1,175800,175800);
insert into t_car_series(cs_id,cbf_id,cs_name,cs_order,cs_letter) values(4770,341,'海马8S',2231,'H');
insert into t_car_model(cm_id , cs_id , cm_name,cm_type ,cm_order , cm_state , cm_min_price , cm_max_price) values(45971,4770,'2020款 1.6TGDI 手动舒适型','2020款',1,1,79900,79900);
insert into t_car_model(cm_id , cs_id , cm_name,cm_type ,cm_order , cm_state , cm_min_price , cm_max_price) values(45972,4770,'2020款 1.6TGDI 手动精英型','2020款',2,1,89900,89900);
insert into t_car_model(cm_id , cs_id , cm_name,cm_type ,cm_order , cm_state , cm_min_price , cm_max_price) values(45973,4770,'2020款 1.6TGDI 自动舒适型','2020款',3,1,89900,89900);
insert into t_car_model(cm_id , cs_id , cm_name,cm_type ,cm_order , cm_state , cm_min_price , cm_max_price) values(45974,4770,'2020款 1.6TGDI 自动精英型','2020款',4,1,99900,99900);
insert into t_car_model(cm_id , cs_id , cm_name,cm_type ,cm_order , cm_state , cm_min_price , cm_max_price) values(45975,4770,'2020款 1.6TGDI 自动豪华型','2020款',5,1,109900,109900);
insert into t_car_model(cm_id , cs_id , cm_name,cm_type ,cm_order , cm_state , cm_min_price , cm_max_price) values(48645,4770,'2020款 1.6TGDI DCT尊贵型','2020款',6,1,119900,119900);
insert into t_car_model(cm_id , cs_id , cm_name,cm_type ,cm_order , cm_state , cm_min_price , cm_max_price) values(45976,4770,'2020款 1.6TGDI 自动旗舰型','2020款',7,1,125900,125900);
insert into t_car_model(cm_id , cs_id , cm_name,cm_type ,cm_order , cm_state , cm_min_price , cm_max_price) values(48646,4770,'2020款 1.6TGDI 自动至尊型','2020款',8,1,136900,136900);
insert into t_car_model(cm_id , cs_id , cm_name,cm_type ,cm_order , cm_state , cm_min_price , cm_max_price) values(40032,4770,'2019款 1.6TGDI 手动劲版','2019款',1,1,79900,79900);
insert into t_car_model(cm_id , cs_id , cm_name,cm_type ,cm_order , cm_state , cm_min_price , cm_max_price) values(40033,4770,'2019款 1.6TGDI 手动潮版','2019款',2,1,91900,91900);
insert into t_car_model(cm_id , cs_id , cm_name,cm_type ,cm_order , cm_state , cm_min_price , cm_max_price) values(40034,4770,'2019款 1.6TGDI 自动劲版','2019款',3,1,89900,89900);
insert into t_car_model(cm_id , cs_id , cm_name,cm_type ,cm_order , cm_state , cm_min_price , cm_max_price) values(40035,4770,'2019款 1.6TGDI 自动潮版','2019款',4,1,99900,99900);
insert into t_car_model(cm_id , cs_id , cm_name,cm_type ,cm_order , cm_state , cm_min_price , cm_max_price) values(40036,4770,'2019款 1.6TGDI 自动智版','2019款',5,1,111900,111900);
insert into t_car_model(cm_id , cs_id , cm_name,cm_type ,cm_order , cm_state , cm_min_price , cm_max_price) values(40037,4770,'2019款 1.6TGDI 自动炫版','2019款',6,1,125900,125900);
insert into t_car_series(cs_id,cbf_id,cs_name,cs_order,cs_letter) values(2318,341,'海马爱尚',2235,'H');
insert into t_car_model(cm_id , cs_id , cm_name,cm_type ,cm_order , cm_state , cm_min_price , cm_max_price) values(23232,2318,'2014款 1.2L 豪华型','2014款',1,1,44800,44800);
insert into t_car_model(cm_id , cs_id , cm_name,cm_type ,cm_order , cm_state , cm_min_price , cm_max_price) values(23233,2318,'2014款 1.2L AMT舒适型','2014款',2,1,42800,42800);
insert into t_car_model(cm_id , cs_id , cm_name,cm_type ,cm_order , cm_state , cm_min_price , cm_max_price) values(12381,2318,'2012款 1.0L 基本型','2012款',1,1,35800,35800);
insert into t_car_model(cm_id , cs_id , cm_name,cm_type ,cm_order , cm_state , cm_min_price , cm_max_price) values(12380,2318,'2012款 1.0L 标准型','2012款',2,1,37800,37800);
insert into t_car_model(cm_id , cs_id , cm_name,cm_type ,cm_order , cm_state , cm_min_price , cm_max_price) values(12379,2318,'2012款 1.0L 舒适型','2012款',3,1,40800,40800);
insert into t_car_model(cm_id , cs_id , cm_name,cm_type ,cm_order , cm_state , cm_min_price , cm_max_price) values(9891,2318,'2012款 1.0L 豪华型','2012款',4,1,45800,45800);
insert into t_car_series(cs_id,cbf_id,cs_name,cs_order,cs_letter) values(855,341,'海马王子',2236,'H');
insert into t_car_model(cm_id , cs_id , cm_name,cm_type ,cm_order , cm_state , cm_min_price , cm_max_price) values(9260,855,'2011款 1.0L 经济型','2011款',1,1,29800,29800);
insert into t_car_model(cm_id , cs_id , cm_name,cm_type ,cm_order , cm_state , cm_min_price , cm_max_price) values(9261,855,'2011款 1.0L 基本型','2011款',2,1,34800,34800);
insert into t_car_model(cm_id , cs_id , cm_name,cm_type ,cm_order , cm_state , cm_min_price , cm_max_price) values(9262,855,'2011款 1.0L 舒适型','2011款',3,1,37800,37800);
insert into t_car_model(cm_id , cs_id , cm_name,cm_type ,cm_order , cm_state , cm_min_price , cm_max_price) values(9263,855,'2011款 1.0L 豪华型','2011款',4,1,43800,43800);
insert into t_car_model(cm_id , cs_id , cm_name,cm_type ,cm_order , cm_state , cm_min_price , cm_max_price) values(7589,855,'2010款 1.0L 实力型','2010款',1,1,33800,33800);
insert into t_car_model(cm_id , cs_id , cm_name,cm_type ,cm_order , cm_state , cm_min_price , cm_max_price) values(5408,855,'2010款 1.0L 标准型','2010款',2,1,35800,35800);
insert into t_car_model(cm_id , cs_id , cm_name,cm_type ,cm_order , cm_state , cm_min_price , cm_max_price) values(7590,855,'2010款 1.0L 进取型','2010款',3,1,38800,38800);
insert into t_car_model(cm_id , cs_id , cm_name,cm_type ,cm_order , cm_state , cm_min_price , cm_max_price) values(7586,855,'2010款 1.0L 精英型','2010款',4,1,42800,42800);
insert into t_car_series(cs_id,cbf_id,cs_name,cs_order,cs_letter) values(4156,341,'海马E3',2238,'H');
insert into t_car_model(cm_id , cs_id , cm_name,cm_type ,cm_order , cm_state , cm_min_price , cm_max_price) values(35170,4156,'2018款 时尚版','2018款',1,1,157800,157800);
insert into t_car_model(cm_id , cs_id , cm_name,cm_type ,cm_order , cm_state , cm_min_price , cm_max_price) values(36805,4156,'2018款 豪华版','2018款',2,1,163800,163800);
insert into t_car_model(cm_id , cs_id , cm_name,cm_type ,cm_order , cm_state , cm_min_price , cm_max_price) values(32055,4156,'2017款 纯电动 舒适型','2017款',1,1,149800,149800);
insert into t_car_model(cm_id , cs_id , cm_name,cm_type ,cm_order , cm_state , cm_min_price , cm_max_price) values(32056,4156,'2017款 纯电动 豪华型','2017款',2,1,157800,157800);
insert into t_car_model(cm_id , cs_id , cm_name,cm_type ,cm_order , cm_state , cm_min_price , cm_max_price) values(26923,4156,'2016款 纯电动 舒适版','2016款',1,1,209800,209800);
insert into t_car_series(cs_id,cbf_id,cs_name,cs_order,cs_letter) values(2941,341,'海马M3',2239,'H');
insert into t_car_model(cm_id , cs_id , cm_name,cm_type ,cm_order , cm_state , cm_min_price , cm_max_price) values(30416,2941,'2017款 1.5L 手动时尚型','2017款',1,1,49900,49900);
insert into t_car_model(cm_id , cs_id , cm_name,cm_type ,cm_order , cm_state , cm_min_price , cm_max_price) values(30417,2941,'2017款 1.5L 手动舒适型','2017款',2,1,54900,54900);
insert into t_car_model(cm_id , cs_id , cm_name,cm_type ,cm_order , cm_state , cm_min_price , cm_max_price) values(30418,2941,'2017款 1.5L 手动豪华型','2017款',3,1,59900,59900);
insert into t_car_model(cm_id , cs_id , cm_name,cm_type ,cm_order , cm_state , cm_min_price , cm_max_price) values(30419,2941,'2017款 1.5L CVT豪华型','2017款',4,1,69900,69900);
insert into t_car_model(cm_id , cs_id , cm_name,cm_type ,cm_order , cm_state , cm_min_price , cm_max_price) values(25256,2941,'2016款 1.5L 手动时尚型','2016款',1,1,55800,55800);
insert into t_car_model(cm_id , cs_id , cm_name,cm_type ,cm_order , cm_state , cm_min_price , cm_max_price) values(25257,2941,'2016款 1.5L 手动舒适型','2016款',2,1,58800,58800);
insert into t_car_model(cm_id , cs_id , cm_name,cm_type ,cm_order , cm_state , cm_min_price , cm_max_price) values(25258,2941,'2016款 1.5L 手动舒适型天窗版','2016款',3,1,60800,60800);
insert into t_car_model(cm_id , cs_id , cm_name,cm_type ,cm_order , cm_state , cm_min_price , cm_max_price) values(25259,2941,'2016款 1.5L 手动智能舒适型','2016款',4,1,64800,64800);
insert into t_car_model(cm_id , cs_id , cm_name,cm_type ,cm_order , cm_state , cm_min_price , cm_max_price) values(25159,2941,'2016款 1.5L 手动智能豪华型','2016款',5,1,71800,71800);
insert into t_car_model(cm_id , cs_id , cm_name,cm_type ,cm_order , cm_state , cm_min_price , cm_max_price) values(25260,2941,'2016款 1.5L CVT舒适型','2016款',6,1,68800,68800);
insert into t_car_model(cm_id , cs_id , cm_name,cm_type ,cm_order , cm_state , cm_min_price , cm_max_price) values(25261,2941,'2016款 1.5L CVT智能舒适型','2016款',7,1,74800,74800);
insert into t_car_model(cm_id , cs_id , cm_name,cm_type ,cm_order , cm_state , cm_min_price , cm_max_price) values(25262,2941,'2016款 1.5L CVT智能豪华型','2016款',8,1,81800,81800);
insert into t_car_model(cm_id , cs_id , cm_name,cm_type ,cm_order , cm_state , cm_min_price , cm_max_price) values(22315,2941,'2015款 1.5L 手动标准型','2015款',1,1,53800,53800);
insert into t_car_model(cm_id , cs_id , cm_name,cm_type ,cm_order , cm_state , cm_min_price , cm_max_price) values(23614,2941,'2015款 1.5L 手动标准天窗版','2015款',2,1,55800,55800);
insert into t_car_model(cm_id , cs_id , cm_name,cm_type ,cm_order , cm_state , cm_min_price , cm_max_price) values(22316,2941,'2015款 1.5L 手动精英型','2015款',3,1,56800,56800);
insert into t_car_model(cm_id , cs_id , cm_name,cm_type ,cm_order , cm_state , cm_min_price , cm_max_price) values(23615,2941,'2015款 1.5L 手动精英天窗版','2015款',4,1,58800,58800);
insert into t_car_model(cm_id , cs_id , cm_name,cm_type ,cm_order , cm_state , cm_min_price , cm_max_price) values(22320,2941,'2015款 1.5L CVT精英型','2015款',5,1,66800,66800);
insert into t_car_model(cm_id , cs_id , cm_name,cm_type ,cm_order , cm_state , cm_min_price , cm_max_price) values(23616,2941,'2015款 1.5L CVT精英天窗版','2015款',6,1,68800,68800);
insert into t_car_model(cm_id , cs_id , cm_name,cm_type ,cm_order , cm_state , cm_min_price , cm_max_price) values(22323,2941,'2015款 1.5L 手动七彩领航版','2015款',7,1,64800,64800);
insert into t_car_model(cm_id , cs_id , cm_name,cm_type ,cm_order , cm_state , cm_min_price , cm_max_price) values(22324,2941,'2015款 1.5L CVT七彩领航版','2015款',8,1,74800,74800);
insert into t_car_model(cm_id , cs_id , cm_name,cm_type ,cm_order , cm_state , cm_min_price , cm_max_price) values(22317,2941,'2015款 1.5L 手动舒适型','2015款',9,1,68800,68800);
insert into t_car_model(cm_id , cs_id , cm_name,cm_type ,cm_order , cm_state , cm_min_price , cm_max_price) values(22318,2941,'2015款 1.5L 手动豪华型','2015款',10,1,73800,73800);
insert into t_car_model(cm_id , cs_id , cm_name,cm_type ,cm_order , cm_state , cm_min_price , cm_max_price) values(22319,2941,'2015款 1.5L 手动旗舰型','2015款',11,1,79800,79800);
insert into t_car_model(cm_id , cs_id , cm_name,cm_type ,cm_order , cm_state , cm_min_price , cm_max_price) values(22321,2941,'2015款 1.5L CVT舒适型','2015款',12,1,78800,78800);
insert into t_car_model(cm_id , cs_id , cm_name,cm_type ,cm_order , cm_state , cm_min_price , cm_max_price) values(22322,2941,'2015款 1.5L CVT旗舰型','2015款',13,1,89800,89800);
insert into t_car_model(cm_id , cs_id , cm_name,cm_type ,cm_order , cm_state , cm_min_price , cm_max_price) values(17416,2941,'2014款 1.5L 手动标准型','2014款',1,1,59800,59800);
insert into t_car_model(cm_id , cs_id , cm_name,cm_type ,cm_order , cm_state , cm_min_price , cm_max_price) values(17417,2941,'2014款 1.5L 手动精英型','2014款',2,1,62800,62800);
insert into t_car_model(cm_id , cs_id , cm_name,cm_type ,cm_order , cm_state , cm_min_price , cm_max_price) values(17418,2941,'2014款 1.5L 手动舒适型','2014款',3,1,68800,68800);
insert into t_car_model(cm_id , cs_id , cm_name,cm_type ,cm_order , cm_state , cm_min_price , cm_max_price) values(17419,2941,'2014款 1.5L 手动豪华型','2014款',4,1,73800,73800);
insert into t_car_model(cm_id , cs_id , cm_name,cm_type ,cm_order , cm_state , cm_min_price , cm_max_price) values(17420,2941,'2014款 1.5L 手动旗舰型','2014款',5,1,79800,79800);
insert into t_car_model(cm_id , cs_id , cm_name,cm_type ,cm_order , cm_state , cm_min_price , cm_max_price) values(15228,2941,'2014款 1.5L CVT精英型','2014款',6,1,72800,72800);
insert into t_car_model(cm_id , cs_id , cm_name,cm_type ,cm_order , cm_state , cm_min_price , cm_max_price) values(15229,2941,'2014款 1.5L CVT舒适型','2014款',7,1,78800,78800);
insert into t_car_model(cm_id , cs_id , cm_name,cm_type ,cm_order , cm_state , cm_min_price , cm_max_price) values(15230,2941,'2014款 1.5L CVT旗舰型','2014款',8,1,89800,89800);
insert into t_car_model(cm_id , cs_id , cm_name,cm_type ,cm_order , cm_state , cm_min_price , cm_max_price) values(20484,2941,'2014款 1.5L 手动七彩领航版','2014款',9,1,64800,64800);
insert into t_car_model(cm_id , cs_id , cm_name,cm_type ,cm_order , cm_state , cm_min_price , cm_max_price) values(20485,2941,'2014款 1.5L CVT七彩领航版','2014款',10,1,74800,74800);
insert into t_car_model(cm_id , cs_id , cm_name,cm_type ,cm_order , cm_state , cm_min_price , cm_max_price) values(15811,2941,'2013款 1.5L 手动基本型','2013款',1,1,59800,59800);
insert into t_car_model(cm_id , cs_id , cm_name,cm_type ,cm_order , cm_state , cm_min_price , cm_max_price) values(14280,2941,'2013款 1.5L 手动标准型','2013款',2,1,62800,62800);
insert into t_car_model(cm_id , cs_id , cm_name,cm_type ,cm_order , cm_state , cm_min_price , cm_max_price) values(15224,2941,'2013款 1.5L 手动精英型','2013款',3,1,67800,67800);
insert into t_car_model(cm_id , cs_id , cm_name,cm_type ,cm_order , cm_state , cm_min_price , cm_max_price) values(15225,2941,'2013款 1.5L 手动舒适型','2013款',4,1,68800,68800);
insert into t_car_model(cm_id , cs_id , cm_name,cm_type ,cm_order , cm_state , cm_min_price , cm_max_price) values(15226,2941,'2013款 1.5L 手动豪华型','2013款',5,1,73800,73800);
insert into t_car_model(cm_id , cs_id , cm_name,cm_type ,cm_order , cm_state , cm_min_price , cm_max_price) values(15227,2941,'2013款 1.5L 手动旗舰型','2013款',6,1,79800,79800);
insert into t_car_model(cm_id , cs_id , cm_name,cm_type ,cm_order , cm_state , cm_min_price , cm_max_price) values(15231,2941,'2013款 1.5L CVT旗舰型','2013款',7,1,89800,89800);
insert into t_car_series(cs_id,cbf_id,cs_name,cs_order,cs_letter) values(3006,341,'海马M6',2240,'H');
insert into t_car_model(cm_id , cs_id , cm_name,cm_type ,cm_order , cm_state , cm_min_price , cm_max_price) values(27529,3006,'2017款 1.6L 手动舒适型','2017款',1,1,69800,69800);
insert into t_car_model(cm_id , cs_id , cm_name,cm_type ,cm_order , cm_state , cm_min_price , cm_max_price) values(27530,3006,'2017款 1.6L 手动运动智能型','2017款',2,1,79800,79800);
insert into t_car_model(cm_id , cs_id , cm_name,cm_type ,cm_order , cm_state , cm_min_price , cm_max_price) values(27531,3006,'2017款 1.5T 手动豪华型','2017款',3,1,82800,82800);
insert into t_car_model(cm_id , cs_id , cm_name,cm_type ,cm_order , cm_state , cm_min_price , cm_max_price) values(27528,3006,'2017款 1.5T CVT豪华型','2017款',4,1,90800,90800);
insert into t_car_model(cm_id , cs_id , cm_name,cm_type ,cm_order , cm_state , cm_min_price , cm_max_price) values(27527,3006,'2017款 1.5T CVT运动尊贵型','2017款',5,1,102800,102800);
insert into t_car_model(cm_id , cs_id , cm_name,cm_type ,cm_order , cm_state , cm_min_price , cm_max_price) values(25249,3006,'2016款 1.6L 手动舒适型','2016款',1,1,69800,69800);
insert into t_car_model(cm_id , cs_id , cm_name,cm_type ,cm_order , cm_state , cm_min_price , cm_max_price) values(25296,3006,'2016款 1.6L 手动运动智能型','2016款',2,1,79800,79800);
insert into t_car_model(cm_id , cs_id , cm_name,cm_type ,cm_order , cm_state , cm_min_price , cm_max_price) values(22527,3006,'2015款 1.5T 手动舒适型','2015款',1,1,76800,76800);
insert into t_car_model(cm_id , cs_id , cm_name,cm_type ,cm_order , cm_state , cm_min_price , cm_max_price) values(22528,3006,'2015款 1.5T 手动豪华型','2015款',2,1,82800,82800);
insert into t_car_model(cm_id , cs_id , cm_name,cm_type ,cm_order , cm_state , cm_min_price , cm_max_price) values(22535,3006,'2015款 1.5T 手动运动智能型','2015款',3,1,88800,88800);
insert into t_car_model(cm_id , cs_id , cm_name,cm_type ,cm_order , cm_state , cm_min_price , cm_max_price) values(22536,3006,'2015款 1.5T 手动运动尊贵型','2015款',4,1,93800,93800);
insert into t_car_model(cm_id , cs_id , cm_name,cm_type ,cm_order , cm_state , cm_min_price , cm_max_price) values(22537,3006,'2015款 1.5T CVT豪华型','2015款',5,1,90800,90800);
insert into t_car_model(cm_id , cs_id , cm_name,cm_type ,cm_order , cm_state , cm_min_price , cm_max_price) values(22538,3006,'2015款 1.5T CVT运动智能型','2015款',6,1,96800,96800);
insert into t_car_model(cm_id , cs_id , cm_name,cm_type ,cm_order , cm_state , cm_min_price , cm_max_price) values(22365,3006,'2015款 1.5T CVT运动尊贵型','2015款',7,1,102800,102800);
insert into t_car_series(cs_id,cbf_id,cs_name,cs_order,cs_letter) values(4169,341,'海马S5青春版',2242,'H');
insert into t_car_model(cm_id , cs_id , cm_name,cm_type ,cm_order , cm_state , cm_min_price , cm_max_price) values(34269,4169,'2018款 1.6L 手动精英定制版','2018款',1,1,66800,66800);
insert into t_car_model(cm_id , cs_id , cm_name,cm_type ,cm_order , cm_state , cm_min_price , cm_max_price) values(34270,4169,'2018款 1.6L 手动豪华定制版','2018款',2,1,74800,74800);
insert into t_car_model(cm_id , cs_id , cm_name,cm_type ,cm_order , cm_state , cm_min_price , cm_max_price) values(34271,4169,'2018款 1.6L CVT豪华定制版','2018款',3,1,82800,82800);
insert into t_car_model(cm_id , cs_id , cm_name,cm_type ,cm_order , cm_state , cm_min_price , cm_max_price) values(34272,4169,'2018款 1.6L CVT旗舰定制版','2018款',4,1,90800,90800);
insert into t_car_model(cm_id , cs_id , cm_name,cm_type ,cm_order , cm_state , cm_min_price , cm_max_price) values(31539,4169,'2018款 1.6L 手动舒适型','2018款',5,1,59800,59800);
insert into t_car_model(cm_id , cs_id , cm_name,cm_type ,cm_order , cm_state , cm_min_price , cm_max_price) values(31540,4169,'2018款 1.6L 手动精英型','2018款',6,1,66800,66800);
insert into t_car_model(cm_id , cs_id , cm_name,cm_type ,cm_order , cm_state , cm_min_price , cm_max_price) values(31541,4169,'2018款 1.6L 手动豪华型','2018款',7,1,72800,72800);
insert into t_car_model(cm_id , cs_id , cm_name,cm_type ,cm_order , cm_state , cm_min_price , cm_max_price) values(31237,4169,'2018款 1.6L CVT精英型','2018款',8,1,76800,76800);
insert into t_car_model(cm_id , cs_id , cm_name,cm_type ,cm_order , cm_state , cm_min_price , cm_max_price) values(31238,4169,'2018款 1.6L CVT豪华型','2018款',9,1,82800,82800);
insert into t_car_model(cm_id , cs_id , cm_name,cm_type ,cm_order , cm_state , cm_min_price , cm_max_price) values(31193,4169,'2018款 1.6L CVT旗舰型','2018款',10,1,88800,88800);
insert into t_car_model(cm_id , cs_id , cm_name,cm_type ,cm_order , cm_state , cm_min_price , cm_max_price) values(29856,4169,'2017款 1.6L 手动豪华型','2017款',1,1,75800,75800);
insert into t_car_model(cm_id , cs_id , cm_name,cm_type ,cm_order , cm_state , cm_min_price , cm_max_price) values(27074,4169,'2017款 1.6L 手动尊贵型','2017款',2,1,79800,79800);
insert into t_car_series(cs_id,cbf_id,cs_name,cs_order,cs_letter) values(3214,341,'海马S5',2244,'H');
insert into t_car_model(cm_id , cs_id , cm_name,cm_type ,cm_order , cm_state , cm_min_price , cm_max_price) values(35149,3214,'2019款 160 手动舒适型','2019款',1,1,69800,69800);
insert into t_car_model(cm_id , cs_id , cm_name,cm_type ,cm_order , cm_state , cm_min_price , cm_max_price) values(35150,3214,'2019款 160 手动精英型','2019款',2,1,75800,75800);
insert into t_car_model(cm_id , cs_id , cm_name,cm_type ,cm_order , cm_state , cm_min_price , cm_max_price) values(35151,3214,'2019款 160 手动豪华型','2019款',3,1,82800,82800);
insert into t_car_model(cm_id , cs_id , cm_name,cm_type ,cm_order , cm_state , cm_min_price , cm_max_price) values(35152,3214,'2019款 230T 手动精英型','2019款',4,1,79800,79800);
insert into t_car_model(cm_id , cs_id , cm_name,cm_type ,cm_order , cm_state , cm_min_price , cm_max_price) values(35153,3214,'2019款 230T 自动精英型','2019款',5,1,89800,89800);
insert into t_car_model(cm_id , cs_id , cm_name,cm_type ,cm_order , cm_state , cm_min_price , cm_max_price) values(35154,3214,'2019款 230T 自动豪华型','2019款',6,1,96800,96800);
insert into t_car_model(cm_id , cs_id , cm_name,cm_type ,cm_order , cm_state , cm_min_price , cm_max_price) values(35206,3214,'2019款 230T 自动旗舰型','2019款',7,1,102800,102800);
insert into t_car_model(cm_id , cs_id , cm_name,cm_type ,cm_order , cm_state , cm_min_price , cm_max_price) values(34300,3214,'2019款 230T 自动智联旗舰型','2019款',8,1,109800,109800);
insert into t_car_model(cm_id , cs_id , cm_name,cm_type ,cm_order , cm_state , cm_min_price , cm_max_price) values(32352,3214,'2018款 1.6L 手动舒适型','2018款',1,1,79800,79800);
insert into t_car_model(cm_id , cs_id , cm_name,cm_type ,cm_order , cm_state , cm_min_price , cm_max_price) values(32353,3214,'2018款 1.6L 手动豪华型','2018款',2,1,82800,82800);
insert into t_car_model(cm_id , cs_id , cm_name,cm_type ,cm_order , cm_state , cm_min_price , cm_max_price) values(32354,3214,'2018款 1.5T 手动豪华型','2018款',3,1,89800,89800);
insert into t_car_model(cm_id , cs_id , cm_name,cm_type ,cm_order , cm_state , cm_min_price , cm_max_price) values(32355,3214,'2018款 1.5T CVT尊贵型','2018款',4,1,99800,99800);
insert into t_car_model(cm_id , cs_id , cm_name,cm_type ,cm_order , cm_state , cm_min_price , cm_max_price) values(32357,3214,'2018款 1.5T CVT旗舰型','2018款',5,1,106800,106800);
insert into t_car_model(cm_id , cs_id , cm_name,cm_type ,cm_order , cm_state , cm_min_price , cm_max_price) values(29857,3214,'2017款 强动力版 1.6L 手动经典型','2017款',1,1,73800,73800);
insert into t_car_model(cm_id , cs_id , cm_name,cm_type ,cm_order , cm_state , cm_min_price , cm_max_price) values(29858,3214,'2017款 强动力版 1.6L 手动舒适型','2017款',2,1,79800,79800);
insert into t_car_model(cm_id , cs_id , cm_name,cm_type ,cm_order , cm_state , cm_min_price , cm_max_price) values(30785,3214,'2017款 强动力版 1.6L 手动豪华型','2017款',3,1,85800,85800);
insert into t_car_model(cm_id , cs_id , cm_name,cm_type ,cm_order , cm_state , cm_min_price , cm_max_price) values(29859,3214,'2017款 强动力版 1.5T 手动舒适型','2017款',4,1,83800,83800);
insert into t_car_model(cm_id , cs_id , cm_name,cm_type ,cm_order , cm_state , cm_min_price , cm_max_price) values(29860,3214,'2017款 强动力版 1.5T 手动豪华型','2017款',5,1,87800,87800);
insert into t_car_model(cm_id , cs_id , cm_name,cm_type ,cm_order , cm_state , cm_min_price , cm_max_price) values(29861,3214,'2017款 强动力版 1.5T 手动尊贵型','2017款',6,1,93800,93800);
insert into t_car_model(cm_id , cs_id , cm_name,cm_type ,cm_order , cm_state , cm_min_price , cm_max_price) values(29862,3214,'2017款 强动力版 1.5T CVT豪华型','2017款',7,1,95800,95800);
insert into t_car_model(cm_id , cs_id , cm_name,cm_type ,cm_order , cm_state , cm_min_price , cm_max_price) values(29863,3214,'2017款 强动力版 1.5T CVT尊贵型','2017款',8,1,99800,99800);
insert into t_car_model(cm_id , cs_id , cm_name,cm_type ,cm_order , cm_state , cm_min_price , cm_max_price) values(29864,3214,'2017款 强动力版 1.5T CVT旗舰型','2017款',9,1,106800,106800);
insert into t_car_model(cm_id , cs_id , cm_name,cm_type ,cm_order , cm_state , cm_min_price , cm_max_price) values(25794,3214,'2016款 1.6L 手动豪华型科技版','2016款',1,1,85800,85800);
insert into t_car_model(cm_id , cs_id , cm_name,cm_type ,cm_order , cm_state , cm_min_price , cm_max_price) values(25795,3214,'2016款 1.6L 手动智能豪华型科技版','2016款',2,1,95800,95800);
insert into t_car_model(cm_id , cs_id , cm_name,cm_type ,cm_order , cm_state , cm_min_price , cm_max_price) values(26018,3214,'2016款 1.5T CVT创享版','2016款',3,1,99800,99800);
insert into t_car_model(cm_id , cs_id , cm_name,cm_type ,cm_order , cm_state , cm_min_price , cm_max_price) values(21901,3214,'2015款 1.6L 手动舒适型','2015款',1,1,79800,79800);
insert into t_car_model(cm_id , cs_id , cm_name,cm_type ,cm_order , cm_state , cm_min_price , cm_max_price) values(21902,3214,'2015款 1.6L 手动豪华型天窗版','2015款',2,1,85800,85800);
insert into t_car_model(cm_id , cs_id , cm_name,cm_type ,cm_order , cm_state , cm_min_price , cm_max_price) values(21903,3214,'2015款 1.6L 手动智能豪华型','2015款',3,1,90800,90800);
insert into t_car_model(cm_id , cs_id , cm_name,cm_type ,cm_order , cm_state , cm_min_price , cm_max_price) values(21904,3214,'2015款 1.6L 手动旗舰型','2015款',4,1,97800,97800);
insert into t_car_model(cm_id , cs_id , cm_name,cm_type ,cm_order , cm_state , cm_min_price , cm_max_price) values(21905,3214,'2015款 1.6L 手动智臻型','2015款',5,1,113800,113800);
insert into t_car_model(cm_id , cs_id , cm_name,cm_type ,cm_order , cm_state , cm_min_price , cm_max_price) values(23716,3214,'2015款 1.5T 手动旗舰型','2015款',6,1,106800,106800);
insert into t_car_model(cm_id , cs_id , cm_name,cm_type ,cm_order , cm_state , cm_min_price , cm_max_price) values(20441,3214,'2015款 1.5T CVT豪华型','2015款',7,1,99800,99800);
insert into t_car_model(cm_id , cs_id , cm_name,cm_type ,cm_order , cm_state , cm_min_price , cm_max_price) values(20495,3214,'2015款 1.5T CVT豪华型运动版','2015款',8,1,108800,108800);
insert into t_car_model(cm_id , cs_id , cm_name,cm_type ,cm_order , cm_state , cm_min_price , cm_max_price) values(23720,3214,'2015款 1.5T 手动舒适型运动版','2015款',9,1,89800,89800);
insert into t_car_model(cm_id , cs_id , cm_name,cm_type ,cm_order , cm_state , cm_min_price , cm_max_price) values(23719,3214,'2015款 1.5T 手动豪华型运动版','2015款',10,1,93800,93800);
insert into t_car_model(cm_id , cs_id , cm_name,cm_type ,cm_order , cm_state , cm_min_price , cm_max_price) values(23718,3214,'2015款 1.5T 手动智能豪华型运动版','2015款',11,1,99800,99800);
insert into t_car_model(cm_id , cs_id , cm_name,cm_type ,cm_order , cm_state , cm_min_price , cm_max_price) values(20496,3214,'2015款 1.5T CVT旗舰型','2015款',12,1,116800,116800);
insert into t_car_model(cm_id , cs_id , cm_name,cm_type ,cm_order , cm_state , cm_min_price , cm_max_price) values(18683,3214,'2014款 1.6L 手动智尚型','2014款',1,1,89800,89800);
insert into t_car_model(cm_id , cs_id , cm_name,cm_type ,cm_order , cm_state , cm_min_price , cm_max_price) values(18684,3214,'2014款 1.6L 手动智乐型','2014款',2,1,93800,93800);
insert into t_car_model(cm_id , cs_id , cm_name,cm_type ,cm_order , cm_state , cm_min_price , cm_max_price) values(18685,3214,'2014款 1.6L 手动智炫型','2014款',3,1,97800,97800);
insert into t_car_model(cm_id , cs_id , cm_name,cm_type ,cm_order , cm_state , cm_min_price , cm_max_price) values(18686,3214,'2014款 1.6L 手动智骋型','2014款',4,1,103800,103800);
insert into t_car_model(cm_id , cs_id , cm_name,cm_type ,cm_order , cm_state , cm_min_price , cm_max_price) values(17042,3214,'2014款 1.6L 手动智尊型','2014款',5,1,107800,107800);
insert into t_car_model(cm_id , cs_id , cm_name,cm_type ,cm_order , cm_state , cm_min_price , cm_max_price) values(18687,3214,'2014款 1.6L 手动智臻型','2014款',6,1,113800,113800);
insert into t_car_series(cs_id,cbf_id,cs_name,cs_order,cs_letter) values(3160,341,'福仕达鸿达',2246,'F');
insert into t_car_model(cm_id , cs_id , cm_name,cm_type ,cm_order , cm_state , cm_min_price , cm_max_price) values(1001750,3160,'2012款 1.0L新鸿达 实用型','2012款',1,1,35800,35800);
insert into t_car_model(cm_id , cs_id , cm_name,cm_type ,cm_order , cm_state , cm_min_price , cm_max_price) values(1001751,3160,'2012款 1.2L新鸿达 标准型','2012款',2,1,37800,37800);
insert into t_car_model(cm_id , cs_id , cm_name,cm_type ,cm_order , cm_state , cm_min_price , cm_max_price) values(1001752,3160,'2012款 1.2L新鸿达 豪华型','2012款',3,1,42800,42800);
insert into t_car_model(cm_id , cs_id , cm_name,cm_type ,cm_order , cm_state , cm_min_price , cm_max_price) values(1001738,3160,'2009款 1.0L鸿达 超值版','2009款',1,1,29800,29800);
insert into t_car_model(cm_id , cs_id , cm_name,cm_type ,cm_order , cm_state , cm_min_price , cm_max_price) values(1001739,3160,'2009款 1.0L鸿达 实用型','2009款',2,1,33800,33800);
insert into t_car_model(cm_id , cs_id , cm_name,cm_type ,cm_order , cm_state , cm_min_price , cm_max_price) values(1001740,3160,'2009款 1.0L鸿达 标准型','2009款',3,1,35800,35800);
insert into t_car_model(cm_id , cs_id , cm_name,cm_type ,cm_order , cm_state , cm_min_price , cm_max_price) values(1001741,3160,'2009款 1.0L鸿达 舒适型','2009款',4,1,38800,38800);
insert into t_car_model(cm_id , cs_id , cm_name,cm_type ,cm_order , cm_state , cm_min_price , cm_max_price) values(1001742,3160,'2009款 1.0L鸿达 豪华型','2009款',5,1,43800,43800);
insert into t_car_series(cs_id,cbf_id,cs_name,cs_order,cs_letter) values(2481,341,'福仕达荣达',2247,'F');
insert into t_car_model(cm_id , cs_id , cm_name,cm_type ,cm_order , cm_state , cm_min_price , cm_max_price) values(1002384,2481,'2014款 1.2L荣达 标准型HMA GM12-NR','2014款',1,1,39800,39800);
insert into t_car_model(cm_id , cs_id , cm_name,cm_type ,cm_order , cm_state , cm_min_price , cm_max_price) values(1002385,2481,'2014款 1.2L荣达 豪华型HMA GM12-NR','2014款',2,1,45800,45800);
insert into t_car_model(cm_id , cs_id , cm_name,cm_type ,cm_order , cm_state , cm_min_price , cm_max_price) values(1001085,2481,'2012款 1.0L标准型LJ465QR1E2','2012款',1,1,32800,32800);
insert into t_car_model(cm_id , cs_id , cm_name,cm_type ,cm_order , cm_state , cm_min_price , cm_max_price) values(1001087,2481,'2012款 1.0L舒适型LJ465QR1E2','2012款',2,1,39800,39800);
insert into t_car_model(cm_id , cs_id , cm_name,cm_type ,cm_order , cm_state , cm_min_price , cm_max_price) values(1001089,2481,'2012款 1.0L豪华型LJ465QR1E2','2012款',3,1,44800,44800);
insert into t_car_model(cm_id , cs_id , cm_name,cm_type ,cm_order , cm_state , cm_min_price , cm_max_price) values(1001201,2481,'2012款 1.2L荣达 标准型HMA GM12-NR','2012款',4,1,39800,39800);
insert into t_car_model(cm_id , cs_id , cm_name,cm_type ,cm_order , cm_state , cm_min_price , cm_max_price) values(1001202,2481,'2012款 1.2L荣达 舒适型HMA GM12-NR','2012款',5,1,43800,43800);
insert into t_car_model(cm_id , cs_id , cm_name,cm_type ,cm_order , cm_state , cm_min_price , cm_max_price) values(1001203,2481,'2012款 1.2L荣达 豪华型HMA GM12-NR','2012款',6,1,46800,46800);
insert into t_car_model(cm_id , cs_id , cm_name,cm_type ,cm_order , cm_state , cm_min_price , cm_max_price) values(1001200,2481,'2012款 1.2L荣达 旗舰型HMA GM12-NR','2012款',7,1,50800,50800);
insert into t_car_model(cm_id , cs_id , cm_name,cm_type ,cm_order , cm_state , cm_min_price , cm_max_price) values(1000168,2481,'2009款 1.0L箱货LJ465QR1E2','2009款',1,1,0,0);
insert into t_car_series(cs_id,cbf_id,cs_name,cs_order,cs_letter) values(3162,341,'福仕达腾达',2248,'F');
insert into t_car_model(cm_id , cs_id , cm_name,cm_type ,cm_order , cm_state , cm_min_price , cm_max_price) values(1001756,3162,'2012款 1.2L新腾达 实用型','2012款',1,1,38800,38800);
insert into t_car_model(cm_id , cs_id , cm_name,cm_type ,cm_order , cm_state , cm_min_price , cm_max_price) values(1001753,3162,'2010款 1.0L实用型','2010款',1,1,36800,36800);
insert into t_car_model(cm_id , cs_id , cm_name,cm_type ,cm_order , cm_state , cm_min_price , cm_max_price) values(1001754,3162,'2010款 1.0L标准型','2010款',2,1,41800,41800);
insert into t_car_model(cm_id , cs_id , cm_name,cm_type ,cm_order , cm_state , cm_min_price , cm_max_price) values(1001755,3162,'2010款 1.0L豪华型','2010款',3,1,45800,45800);
insert into t_car_series(cs_id,cbf_id,cs_name,cs_order,cs_letter) values(3163,341,'福仕达福卡',2249,'F');
insert into t_car_model(cm_id , cs_id , cm_name,cm_type ,cm_order , cm_state , cm_min_price , cm_max_price) values(1001743,3163,'2012款 1.2L单排基本型','2012款',1,1,34800,34800);
insert into t_car_model(cm_id , cs_id , cm_name,cm_type ,cm_order , cm_state , cm_min_price , cm_max_price) values(1001757,3163,'2012款 1.2L单排加长版','2012款',2,1,36800,36800);
insert into t_car_model(cm_id , cs_id , cm_name,cm_type ,cm_order , cm_state , cm_min_price , cm_max_price) values(1001760,3163,'2012款 1.2L双排基本型','2012款',3,1,38800,38800);
insert into t_car_model(cm_id , cs_id , cm_name,cm_type ,cm_order , cm_state , cm_min_price , cm_max_price) values(1001758,3163,'2012款 1.2L双排加长版','2012款',4,1,40800,40800);
insert into t_car_brand_factory(cbf_id , cb_id , cbf_name ,cbf_letter) values(26,86,'一汽海马','Y');
insert into t_car_series(cs_id,cbf_id,cs_name,cs_order,cs_letter) values(5374,26,'海马7X',2250,'H');
insert into t_car_model(cm_id , cs_id , cm_name,cm_type ,cm_order , cm_state , cm_min_price , cm_max_price) values(46291,5374,'2020款 1.5T 自动精英型','2020款',1,1,125800,125800);
insert into t_car_model(cm_id , cs_id , cm_name,cm_type ,cm_order , cm_state , cm_min_price , cm_max_price) values(47276,5374,'2020款 1.6TGDI 自动豪华型','2020款',2,1,139800,139800);
insert into t_car_model(cm_id , cs_id , cm_name,cm_type ,cm_order , cm_state , cm_min_price , cm_max_price) values(46292,5374,'2020款 1.6TGDI 自动旗舰型','2020款',3,1,149800,149800);
insert into t_car_series(cs_id,cbf_id,cs_name,cs_order,cs_letter) values(824,26,'丘比特',2251,'Q');
insert into t_car_model(cm_id , cs_id , cm_name,cm_type ,cm_order , cm_state , cm_min_price , cm_max_price) values(22335,824,'2015款 1.3L 手动青葱版','2015款',1,1,49900,49900);
insert into t_car_model(cm_id , cs_id , cm_name,cm_type ,cm_order , cm_state , cm_min_price , cm_max_price) values(22336,824,'2015款 1.3L 手动清新版','2015款',2,1,55900,55900);
insert into t_car_model(cm_id , cs_id , cm_name,cm_type ,cm_order , cm_state , cm_min_price , cm_max_price) values(22337,824,'2015款 1.5L AMT清悦版','2015款',3,1,63900,63900);
insert into t_car_model(cm_id , cs_id , cm_name,cm_type ,cm_order , cm_state , cm_min_price , cm_max_price) values(16610,824,'2013款 1.3L 手动炫酷版','2013款',1,1,53900,53900);
insert into t_car_model(cm_id , cs_id , cm_name,cm_type ,cm_order , cm_state , cm_min_price , cm_max_price) values(16615,824,'2013款 1.3L 手动灵悦版','2013款',2,1,58900,58900);
insert into t_car_model(cm_id , cs_id , cm_name,cm_type ,cm_order , cm_state , cm_min_price , cm_max_price) values(16612,824,'2013款 1.3L 手动劲酷版','2013款',3,1,66900,66900);
insert into t_car_model(cm_id , cs_id , cm_name,cm_type ,cm_order , cm_state , cm_min_price , cm_max_price) values(16616,824,'2013款 1.5L AMT灵动版','2013款',4,1,68900,68900);
insert into t_car_model(cm_id , cs_id , cm_name,cm_type ,cm_order , cm_state , cm_min_price , cm_max_price) values(12921,824,'2012款 1.3L 手动炫酷版','2012款',1,1,53900,53900);
insert into t_car_model(cm_id , cs_id , cm_name,cm_type ,cm_order , cm_state , cm_min_price , cm_max_price) values(12923,824,'2012款 1.3L 手动灵悦版','2012款',2,1,58900,58900);
insert into t_car_model(cm_id , cs_id , cm_name,cm_type ,cm_order , cm_state , cm_min_price , cm_max_price) values(12922,824,'2012款 1.3L 手动劲酷版','2012款',3,1,66900,66900);
insert into t_car_model(cm_id , cs_id , cm_name,cm_type ,cm_order , cm_state , cm_min_price , cm_max_price) values(12924,824,'2012款 1.5L AMT灵动版','2012款',4,1,68900,68900);
insert into t_car_model(cm_id , cs_id , cm_name,cm_type ,cm_order , cm_state , cm_min_price , cm_max_price) values(9548,824,'2011款 1.3L 手动标准型','2011款',1,1,53900,53900);
insert into t_car_model(cm_id , cs_id , cm_name,cm_type ,cm_order , cm_state , cm_min_price , cm_max_price) values(9549,824,'2011款 1.3L 手动舒适型','2011款',2,1,58900,58900);
insert into t_car_model(cm_id , cs_id , cm_name,cm_type ,cm_order , cm_state , cm_min_price , cm_max_price) values(9550,824,'2011款 1.3L C-sport','2011款',3,1,66900,66900);
insert into t_car_model(cm_id , cs_id , cm_name,cm_type ,cm_order , cm_state , cm_min_price , cm_max_price) values(9551,824,'2011款 1.5L AMT舒适型','2011款',4,1,68900,68900);
insert into t_car_model(cm_id , cs_id , cm_name,cm_type ,cm_order , cm_state , cm_min_price , cm_max_price) values(6623,824,'2010款 1.3L 手动实用型','2010款',1,1,53900,53900);
insert into t_car_model(cm_id , cs_id , cm_name,cm_type ,cm_order , cm_state , cm_min_price , cm_max_price) values(6624,824,'2010款 1.3L 手动舒适型','2010款',2,1,58900,58900);
insert into t_car_model(cm_id , cs_id , cm_name,cm_type ,cm_order , cm_state , cm_min_price , cm_max_price) values(7384,824,'2010款 1.3L C-sport','2010款',3,1,66900,66900);
insert into t_car_model(cm_id , cs_id , cm_name,cm_type ,cm_order , cm_state , cm_min_price , cm_max_price) values(8293,824,'2010款 1.5L AMT舒适型','2010款',4,1,68900,68900);
insert into t_car_model(cm_id , cs_id , cm_name,cm_type ,cm_order , cm_state , cm_min_price , cm_max_price) values(6625,824,'2010款 1.3L 手动豪华型','2010款',5,1,62900,62900);
insert into t_car_model(cm_id , cs_id , cm_name,cm_type ,cm_order , cm_state , cm_min_price , cm_max_price) values(5341,824,'2010款 1.5L 手动豪华型','2010款',6,1,65900,65900);
insert into t_car_model(cm_id , cs_id , cm_name,cm_type ,cm_order , cm_state , cm_min_price , cm_max_price) values(7385,824,'2010款 1.5L C-sport','2010款',7,1,69900,69900);
insert into t_car_model(cm_id , cs_id , cm_name,cm_type ,cm_order , cm_state , cm_min_price , cm_max_price) values(8342,824,'2010款 1.5L AMT实用型','2010款',8,1,63900,63900);
insert into t_car_model(cm_id , cs_id , cm_name,cm_type ,cm_order , cm_state , cm_min_price , cm_max_price) values(8343,824,'2010款 1.5L ASG C-sport','2010款',9,1,71900,71900);
insert into t_car_series(cs_id,cbf_id,cs_name,cs_order,cs_letter) values(470,26,'福美来',2252,'F');
insert into t_car_model(cm_id , cs_id , cm_name,cm_type ,cm_order , cm_state , cm_min_price , cm_max_price) values(28816,470,'2017款 1.6L 手动金融版','2017款',1,1,68800,68800);
insert into t_car_model(cm_id , cs_id , cm_name,cm_type ,cm_order , cm_state , cm_min_price , cm_max_price) values(27696,470,'2017款 1.6L 手动舒适型','2017款',2,1,76800,76800);
insert into t_car_model(cm_id , cs_id , cm_name,cm_type ,cm_order , cm_state , cm_min_price , cm_max_price) values(27849,470,'2017款 1.6L 手动豪华型','2017款',3,1,82800,82800);
insert into t_car_model(cm_id , cs_id , cm_name,cm_type ,cm_order , cm_state , cm_min_price , cm_max_price) values(27865,470,'2017款 1.6L 自动舒适型','2017款',4,1,87800,87800);
insert into t_car_model(cm_id , cs_id , cm_name,cm_type ,cm_order , cm_state , cm_min_price , cm_max_price) values(27850,470,'2017款 1.6L 自动豪华型','2017款',5,1,92800,92800);
insert into t_car_model(cm_id , cs_id , cm_name,cm_type ,cm_order , cm_state , cm_min_price , cm_max_price) values(25354,470,'2016款 1.6L 手动品尚型升级版','2016款',1,1,78900,78900);
insert into t_car_model(cm_id , cs_id , cm_name,cm_type ,cm_order , cm_state , cm_min_price , cm_max_price) values(25356,470,'2016款 1.6L 手动悦尚型升级版','2016款',2,1,84900,84900);
insert into t_car_model(cm_id , cs_id , cm_name,cm_type ,cm_order , cm_state , cm_min_price , cm_max_price) values(21557,470,'2015款 M5 1.6L 手动挚爱版','2015款',1,1,88900,88900);
insert into t_car_model(cm_id , cs_id , cm_name,cm_type ,cm_order , cm_state , cm_min_price , cm_max_price) values(22749,470,'2015款 1.6L 手动风尚型','2015款',2,1,74900,74900);
insert into t_car_model(cm_id , cs_id , cm_name,cm_type ,cm_order , cm_state , cm_min_price , cm_max_price) values(22753,470,'2015款 1.6L 自动风尚型','2015款',3,1,84900,84900);
insert into t_car_model(cm_id , cs_id , cm_name,cm_type ,cm_order , cm_state , cm_min_price , cm_max_price) values(22750,470,'2015款 1.6L 手动品尚型','2015款',4,1,78900,78900);
insert into t_car_model(cm_id , cs_id , cm_name,cm_type ,cm_order , cm_state , cm_min_price , cm_max_price) values(22754,470,'2015款 1.6L 自动品尚型','2015款',5,1,88900,88900);
insert into t_car_model(cm_id , cs_id , cm_name,cm_type ,cm_order , cm_state , cm_min_price , cm_max_price) values(22755,470,'2015款 1.5T 自动品尚型','2015款',6,1,94900,94900);
insert into t_car_model(cm_id , cs_id , cm_name,cm_type ,cm_order , cm_state , cm_min_price , cm_max_price) values(22751,470,'2015款 1.6L 手动悦尚型','2015款',7,1,84900,84900);
insert into t_car_model(cm_id , cs_id , cm_name,cm_type ,cm_order , cm_state , cm_min_price , cm_max_price) values(22752,470,'2015款 1.6L 手动智尚型','2015款',8,1,88900,88900);
insert into t_car_model(cm_id , cs_id , cm_name,cm_type ,cm_order , cm_state , cm_min_price , cm_max_price) values(22756,470,'2015款 1.5T 自动悦尚型','2015款',9,1,99900,99900);
insert into t_car_model(cm_id , cs_id , cm_name,cm_type ,cm_order , cm_state , cm_min_price , cm_max_price) values(22757,470,'2015款 1.5T 自动行政尊尚型','2015款',10,1,118900,118900);
insert into t_car_model(cm_id , cs_id , cm_name,cm_type ,cm_order , cm_state , cm_min_price , cm_max_price) values(21629,470,'2015款 经典 1.6L 手动精英版','2015款',11,1,61800,61800);
insert into t_car_model(cm_id , cs_id , cm_name,cm_type ,cm_order , cm_state , cm_min_price , cm_max_price) values(21630,470,'2015款 经典 1.6L 手动天窗版','2015款',12,1,64800,64800);
insert into t_car_model(cm_id , cs_id , cm_name,cm_type ,cm_order , cm_state , cm_min_price , cm_max_price) values(19873,470,'2014款 三厢 1.6L 手动时尚版','2014款',1,1,68800,68800);
insert into t_car_model(cm_id , cs_id , cm_name,cm_type ,cm_order , cm_state , cm_min_price , cm_max_price) values(19874,470,'2014款 三厢 1.6L 手动豪华版','2014款',2,1,73800,73800);
insert into t_car_model(cm_id , cs_id , cm_name,cm_type ,cm_order , cm_state , cm_min_price , cm_max_price) values(17410,470,'2014款 三厢 1.6L 手动冠军版','2014款',3,1,79800,79800);
insert into t_car_model(cm_id , cs_id , cm_name,cm_type ,cm_order , cm_state , cm_min_price , cm_max_price) values(19161,470,'2014款 M5 1.6L 手动标准型','2014款',4,1,74900,74900);
insert into t_car_model(cm_id , cs_id , cm_name,cm_type ,cm_order , cm_state , cm_min_price , cm_max_price) values(18881,470,'2014款 M5 1.6L 手动精英型','2014款',5,1,78900,78900);
insert into t_car_model(cm_id , cs_id , cm_name,cm_type ,cm_order , cm_state , cm_min_price , cm_max_price) values(18544,470,'2014款 M5 1.6L 手动舒适型','2014款',6,1,84900,84900);
insert into t_car_model(cm_id , cs_id , cm_name,cm_type ,cm_order , cm_state , cm_min_price , cm_max_price) values(18882,470,'2014款 M5 1.6L 手动时尚型','2014款',7,1,88900,88900);
insert into t_car_model(cm_id , cs_id , cm_name,cm_type ,cm_order , cm_state , cm_min_price , cm_max_price) values(18884,470,'2014款 M5 1.6L 手动豪华型','2014款',8,1,98900,98900);
insert into t_car_model(cm_id , cs_id , cm_name,cm_type ,cm_order , cm_state , cm_min_price , cm_max_price) values(18885,470,'2014款 M5 1.6L 手动尊贵型','2014款',9,1,108900,108900);
insert into t_car_model(cm_id , cs_id , cm_name,cm_type ,cm_order , cm_state , cm_min_price , cm_max_price) values(18886,470,'2014款 M5 1.6L 自动精英型','2014款',10,1,88900,88900);
insert into t_car_model(cm_id , cs_id , cm_name,cm_type ,cm_order , cm_state , cm_min_price , cm_max_price) values(18887,470,'2014款 M5 1.6L 自动舒适型','2014款',11,1,94900,94900);
insert into t_car_model(cm_id , cs_id , cm_name,cm_type ,cm_order , cm_state , cm_min_price , cm_max_price) values(17817,470,'2014款 M5 1.6L 自动尊贵型','2014款',12,1,118900,118900);
insert into t_car_model(cm_id , cs_id , cm_name,cm_type ,cm_order , cm_state , cm_min_price , cm_max_price) values(15343,470,'2013款 两厢 1.6L 手动风尚版','2013款',1,1,76800,76800);
insert into t_car_model(cm_id , cs_id , cm_name,cm_type ,cm_order , cm_state , cm_min_price , cm_max_price) values(15344,470,'2013款 两厢 1.6L 手动精英版','2013款',2,1,81800,81800);
insert into t_car_model(cm_id , cs_id , cm_name,cm_type ,cm_order , cm_state , cm_min_price , cm_max_price) values(15346,470,'2013款 两厢 1.6L 自动精英版','2013款',3,1,93800,93800);
insert into t_car_model(cm_id , cs_id , cm_name,cm_type ,cm_order , cm_state , cm_min_price , cm_max_price) values(15345,470,'2013款 两厢 1.6L 手动旗舰版','2013款',4,1,86800,86800);
insert into t_car_model(cm_id , cs_id , cm_name,cm_type ,cm_order , cm_state , cm_min_price , cm_max_price) values(15347,470,'2013款 两厢 1.6L 自动旗舰版','2013款',5,1,98800,98800);
insert into t_car_model(cm_id , cs_id , cm_name,cm_type ,cm_order , cm_state , cm_min_price , cm_max_price) values(14729,470,'2013款 三厢 1.6L 手动冠军版','2013款',6,1,71800,71800);
insert into t_car_model(cm_id , cs_id , cm_name,cm_type ,cm_order , cm_state , cm_min_price , cm_max_price) values(15348,470,'2013款 三厢 1.6L 手动风尚版','2013款',7,1,76800,76800);
insert into t_car_model(cm_id , cs_id , cm_name,cm_type ,cm_order , cm_state , cm_min_price , cm_max_price) values(15349,470,'2013款 三厢 1.6L 手动精英版','2013款',8,1,81800,81800);
insert into t_car_model(cm_id , cs_id , cm_name,cm_type ,cm_order , cm_state , cm_min_price , cm_max_price) values(15351,470,'2013款 三厢 1.6L 自动精英版','2013款',9,1,93800,93800);
insert into t_car_model(cm_id , cs_id , cm_name,cm_type ,cm_order , cm_state , cm_min_price , cm_max_price) values(15350,470,'2013款 三厢 1.6L 手动旗舰版','2013款',10,1,86800,86800);
insert into t_car_model(cm_id , cs_id , cm_name,cm_type ,cm_order , cm_state , cm_min_price , cm_max_price) values(15352,470,'2013款 三厢 1.6L 自动旗舰版','2013款',11,1,98800,98800);
insert into t_car_model(cm_id , cs_id , cm_name,cm_type ,cm_order , cm_state , cm_min_price , cm_max_price) values(12451,470,'2012款 两厢 1.6L 手动风尚版','2012款',1,1,76800,76800);
insert into t_car_model(cm_id , cs_id , cm_name,cm_type ,cm_order , cm_state , cm_min_price , cm_max_price) values(12453,470,'2012款 两厢 1.6L 自动风尚版','2012款',2,1,88800,88800);
insert into t_car_model(cm_id , cs_id , cm_name,cm_type ,cm_order , cm_state , cm_min_price , cm_max_price) values(12395,470,'2012款 两厢 1.6L 手动精英版','2012款',3,1,81800,81800);
insert into t_car_model(cm_id , cs_id , cm_name,cm_type ,cm_order , cm_state , cm_min_price , cm_max_price) values(12401,470,'2012款 两厢 1.6L 自动精英版','2012款',4,1,93800,93800);
insert into t_car_model(cm_id , cs_id , cm_name,cm_type ,cm_order , cm_state , cm_min_price , cm_max_price) values(12452,470,'2012款 两厢 1.6L 手动旗舰版','2012款',5,1,86800,86800);
insert into t_car_model(cm_id , cs_id , cm_name,cm_type ,cm_order , cm_state , cm_min_price , cm_max_price) values(12454,470,'2012款 两厢 1.6L 自动旗舰版','2012款',6,1,98800,98800);
insert into t_car_model(cm_id , cs_id , cm_name,cm_type ,cm_order , cm_state , cm_min_price , cm_max_price) values(12455,470,'2012款 三厢 1.6L 手动风尚版','2012款',7,1,76800,76800);
insert into t_car_model(cm_id , cs_id , cm_name,cm_type ,cm_order , cm_state , cm_min_price , cm_max_price) values(12457,470,'2012款 三厢 1.6L 自动风尚版','2012款',8,1,88800,88800);
insert into t_car_model(cm_id , cs_id , cm_name,cm_type ,cm_order , cm_state , cm_min_price , cm_max_price) values(12400,470,'2012款 三厢 1.6L 手动精英版','2012款',9,1,81800,81800);
insert into t_car_model(cm_id , cs_id , cm_name,cm_type ,cm_order , cm_state , cm_min_price , cm_max_price) values(12458,470,'2012款 三厢 1.6L 自动精英版','2012款',10,1,93800,93800);
insert into t_car_model(cm_id , cs_id , cm_name,cm_type ,cm_order , cm_state , cm_min_price , cm_max_price) values(12456,470,'2012款 三厢 1.6L 手动旗舰版','2012款',11,1,86800,86800);
insert into t_car_model(cm_id , cs_id , cm_name,cm_type ,cm_order , cm_state , cm_min_price , cm_max_price) values(12459,470,'2012款 三厢 1.6L 自动旗舰版','2012款',12,1,98800,98800);
insert into t_car_model(cm_id , cs_id , cm_name,cm_type ,cm_order , cm_state , cm_min_price , cm_max_price) values(8804,470,'2011款 1.6L 手动舒适版','2011款',1,1,76800,76800);
insert into t_car_model(cm_id , cs_id , cm_name,cm_type ,cm_order , cm_state , cm_min_price , cm_max_price) values(9838,470,'2011款 1.6L 手动宜居版','2011款',2,1,79800,79800);
insert into t_car_model(cm_id , cs_id , cm_name,cm_type ,cm_order , cm_state , cm_min_price , cm_max_price) values(8805,470,'2011款 1.6L 手动豪华版','2011款',3,1,85800,85800);
insert into t_car_model(cm_id , cs_id , cm_name,cm_type ,cm_order , cm_state , cm_min_price , cm_max_price) values(9839,470,'2011款 1.6L 自动宜居版','2011款',4,1,84800,84800);
insert into t_car_model(cm_id , cs_id , cm_name,cm_type ,cm_order , cm_state , cm_min_price , cm_max_price) values(8806,470,'2011款 1.6L 自动舒适版','2011款',5,1,89800,89800);
insert into t_car_model(cm_id , cs_id , cm_name,cm_type ,cm_order , cm_state , cm_min_price , cm_max_price) values(8807,470,'2011款 1.6L 自动豪华版','2011款',6,1,98800,98800);
insert into t_car_model(cm_id , cs_id , cm_name,cm_type ,cm_order , cm_state , cm_min_price , cm_max_price) values(7220,470,'2010款 1.6L 手动舒适版','2010款',1,1,76800,76800);
insert into t_car_model(cm_id , cs_id , cm_name,cm_type ,cm_order , cm_state , cm_min_price , cm_max_price) values(7222,470,'2010款 1.6L 自动舒适版','2010款',2,1,89800,89800);
insert into t_car_model(cm_id , cs_id , cm_name,cm_type ,cm_order , cm_state , cm_min_price , cm_max_price) values(7221,470,'2010款 1.6L 手动豪华版','2010款',3,1,81800,81800);
insert into t_car_model(cm_id , cs_id , cm_name,cm_type ,cm_order , cm_state , cm_min_price , cm_max_price) values(8597,470,'2010款 1.6L 手动纪念版','2010款',4,1,81800,81800);
insert into t_car_model(cm_id , cs_id , cm_name,cm_type ,cm_order , cm_state , cm_min_price , cm_max_price) values(8598,470,'2010款 1.6L 自动纪念版','2010款',5,1,89800,89800);
insert into t_car_model(cm_id , cs_id , cm_name,cm_type ,cm_order , cm_state , cm_min_price , cm_max_price) values(5628,470,'2009款 1.6L 手动超值版','2009款',1,1,76800,76800);
insert into t_car_model(cm_id , cs_id , cm_name,cm_type ,cm_order , cm_state , cm_min_price , cm_max_price) values(5629,470,'2009款 1.6L 自动超值版','2009款',2,1,89800,89800);
insert into t_car_model(cm_id , cs_id , cm_name,cm_type ,cm_order , cm_state , cm_min_price , cm_max_price) values(4455,470,'2008款 1.6L 手动舒适GLX','2008款',1,1,86800,86800);
insert into t_car_model(cm_id , cs_id , cm_name,cm_type ,cm_order , cm_state , cm_min_price , cm_max_price) values(4457,470,'2008款 1.6L 自动舒适DX','2008款',2,1,99800,99800);
insert into t_car_model(cm_id , cs_id , cm_name,cm_type ,cm_order , cm_state , cm_min_price , cm_max_price) values(4456,470,'2008款 1.6L 手动豪华GLS','2008款',3,1,96800,96800);
insert into t_car_model(cm_id , cs_id , cm_name,cm_type ,cm_order , cm_state , cm_min_price , cm_max_price) values(4458,470,'2008款 1.6L 自动豪华SDX','2008款',4,1,106800,106800);
insert into t_car_model(cm_id , cs_id , cm_name,cm_type ,cm_order , cm_state , cm_min_price , cm_max_price) values(2936,470,'2007款 1.6L 手动豪华GLS','2007款',1,1,94800,94800);
insert into t_car_model(cm_id , cs_id , cm_name,cm_type ,cm_order , cm_state , cm_min_price , cm_max_price) values(2937,470,'2007款 1.6L 自动豪华SDX','2007款',2,1,106800,106800);
insert into t_car_model(cm_id , cs_id , cm_name,cm_type ,cm_order , cm_state , cm_min_price , cm_max_price) values(2527,470,'2006款 1.6L 手动普通GX','2006款',1,1,81800,81800);
insert into t_car_model(cm_id , cs_id , cm_name,cm_type ,cm_order , cm_state , cm_min_price , cm_max_price) values(2528,470,'2006款 1.6L 手动标准GL','2006款',2,1,84800,84800);
insert into t_car_model(cm_id , cs_id , cm_name,cm_type ,cm_order , cm_state , cm_min_price , cm_max_price) values(2525,470,'2006款 1.6L 手动舒适GLX','2006款',3,1,84800,84800);
insert into t_car_model(cm_id , cs_id , cm_name,cm_type ,cm_order , cm_state , cm_min_price , cm_max_price) values(2526,470,'2006款 1.6L 自动舒适DX','2006款',4,1,99800,99800);
insert into t_car_model(cm_id , cs_id , cm_name,cm_type ,cm_order , cm_state , cm_min_price , cm_max_price) values(2530,470,'2006款 1.6L 自动标准STD','2006款',5,1,101800,101800);
insert into t_car_model(cm_id , cs_id , cm_name,cm_type ,cm_order , cm_state , cm_min_price , cm_max_price) values(2529,470,'2006款 1.6L 手动豪华GLS','2006款',6,1,95800,95800);
insert into t_car_model(cm_id , cs_id , cm_name,cm_type ,cm_order , cm_state , cm_min_price , cm_max_price) values(2531,470,'2006款 1.6L 自动豪华SDX','2006款',7,1,111800,111800);
insert into t_car_series(cs_id,cbf_id,cs_name,cs_order,cs_letter) values(4774,26,'福美来F5',2253,'F');
insert into t_car_model(cm_id , cs_id , cm_name,cm_type ,cm_order , cm_state , cm_min_price , cm_max_price) values(34699,4774,'2018款 1.6L 手动经典版','2018款',1,1,59800,59800);
insert into t_car_model(cm_id , cs_id , cm_name,cm_type ,cm_order , cm_state , cm_min_price , cm_max_price) values(34700,4774,'2018款 1.6L 手动精英型','2018款',2,1,69800,69800);
insert into t_car_model(cm_id , cs_id , cm_name,cm_type ,cm_order , cm_state , cm_min_price , cm_max_price) values(34701,4774,'2018款 1.6L 手动豪华型','2018款',3,1,78800,78800);
insert into t_car_model(cm_id , cs_id , cm_name,cm_type ,cm_order , cm_state , cm_min_price , cm_max_price) values(34702,4774,'2018款 1.6L 自动精英型','2018款',4,1,85800,85800);
insert into t_car_model(cm_id , cs_id , cm_name,cm_type ,cm_order , cm_state , cm_min_price , cm_max_price) values(34355,4774,'2018款 1.6L 自动豪华型','2018款',5,1,92800,92800);
insert into t_car_series(cs_id,cbf_id,cs_name,cs_order,cs_letter) values(47,26,'海福星',2254,'H');
insert into t_car_model(cm_id , cs_id , cm_name,cm_type ,cm_order , cm_state , cm_min_price , cm_max_price) values(12979,47,'2012款 1.5L 手动精英型','2012款',1,1,61800,61800);
insert into t_car_model(cm_id , cs_id , cm_name,cm_type ,cm_order , cm_state , cm_min_price , cm_max_price) values(12980,47,'2012款 1.5L 手动尊贵型','2012款',2,1,68800,68800);
insert into t_car_model(cm_id , cs_id , cm_name,cm_type ,cm_order , cm_state , cm_min_price , cm_max_price) values(10229,47,'2011款 1.3L 手动标准版','2011款',1,1,59800,59800);
insert into t_car_model(cm_id , cs_id , cm_name,cm_type ,cm_order , cm_state , cm_min_price , cm_max_price) values(10510,47,'2011款 1.3L 手动舒适型','2011款',2,1,59800,59800);
insert into t_car_model(cm_id , cs_id , cm_name,cm_type ,cm_order , cm_state , cm_min_price , cm_max_price) values(10511,47,'2011款 1.3L 手动豪华型','2011款',3,1,66800,66800);
insert into t_car_model(cm_id , cs_id , cm_name,cm_type ,cm_order , cm_state , cm_min_price , cm_max_price) values(10230,47,'2011款 1.5L 手动精英型','2011款',4,1,61800,61800);
insert into t_car_model(cm_id , cs_id , cm_name,cm_type ,cm_order , cm_state , cm_min_price , cm_max_price) values(11256,47,'2011款 1.5L 手动尊贵型','2011款',5,1,68800,68800);
insert into t_car_model(cm_id , cs_id , cm_name,cm_type ,cm_order , cm_state , cm_min_price , cm_max_price) values(7212,47,'2010款 1.6L 手动标准版','2010款',1,1,59800,59800);
insert into t_car_model(cm_id , cs_id , cm_name,cm_type ,cm_order , cm_state , cm_min_price , cm_max_price) values(7213,47,'2010款 1.6L 手动舒适天窗版','2010款',2,1,70800,70800);
insert into t_car_model(cm_id , cs_id , cm_name,cm_type ,cm_order , cm_state , cm_min_price , cm_max_price) values(5710,47,'2009款 1.6L 手动舒适GLX','2009款',1,1,70800,70800);
insert into t_car_model(cm_id , cs_id , cm_name,cm_type ,cm_order , cm_state , cm_min_price , cm_max_price) values(5709,47,'2009款 1.6L 手动标准GL','2009款',2,1,66800,66800);
insert into t_car_model(cm_id , cs_id , cm_name,cm_type ,cm_order , cm_state , cm_min_price , cm_max_price) values(4194,47,'2008款 1.6L 手动幸福版GX','2008款',1,1,59800,59800);
insert into t_car_model(cm_id , cs_id , cm_name,cm_type ,cm_order , cm_state , cm_min_price , cm_max_price) values(2847,47,'2007款 1.6L 手动标准GL','2007款',1,1,66800,66800);
insert into t_car_model(cm_id , cs_id , cm_name,cm_type ,cm_order , cm_state , cm_min_price , cm_max_price) values(2848,47,'2007款 1.6L 手动舒适GLX','2007款',2,1,70800,70800);
insert into t_car_model(cm_id , cs_id , cm_name,cm_type ,cm_order , cm_state , cm_min_price , cm_max_price) values(2849,47,'2007款 1.6L 手动豪华GLS','2007款',3,1,76800,76800);
insert into t_car_model(cm_id , cs_id , cm_name,cm_type ,cm_order , cm_state , cm_min_price , cm_max_price) values(998,47,'2004款 1.6L GLX','2004款',1,1,113600,113600);
insert into t_car_model(cm_id , cs_id , cm_name,cm_type ,cm_order , cm_state , cm_min_price , cm_max_price) values(678,47,'2004款 1.6L GLS','2004款',2,1,128600,128600);
insert into t_car_model(cm_id , cs_id , cm_name,cm_type ,cm_order , cm_state , cm_min_price , cm_max_price) values(677,47,'2004款 1.8L 精英级','2004款',3,1,143600,143600);
insert into t_car_model(cm_id , cs_id , cm_name,cm_type ,cm_order , cm_state , cm_min_price , cm_max_price) values(675,47,'2004款 1.8L 精英天窗版','2004款',4,1,153600,153600);
insert into t_car_model(cm_id , cs_id , cm_name,cm_type ,cm_order , cm_state , cm_min_price , cm_max_price) values(1201,47,'2004款 1.8L 尊容级','2004款',5,1,173600,173600);
insert into t_car_series(cs_id,cbf_id,cs_name,cs_order,cs_letter) values(527,26,'海马3',2255,'H');
insert into t_car_model(cm_id , cs_id , cm_name,cm_type ,cm_order , cm_state , cm_min_price , cm_max_price) values(6852,527,'2010款 1.6L 手动运动版','2010款',1,1,105600,105600);
insert into t_car_model(cm_id , cs_id , cm_name,cm_type ,cm_order , cm_state , cm_min_price , cm_max_price) values(6853,527,'2010款 1.6L 自动豪华版','2010款',2,1,115600,115600);
insert into t_car_model(cm_id , cs_id , cm_name,cm_type ,cm_order , cm_state , cm_min_price , cm_max_price) values(3938,527,'2008款 1.8L 运动版','2008款',1,1,107800,107800);
insert into t_car_model(cm_id , cs_id , cm_name,cm_type ,cm_order , cm_state , cm_min_price , cm_max_price) values(2964,527,'2007款 1.8L 标准型GL','2007款',1,1,103800,103800);
insert into t_car_model(cm_id , cs_id , cm_name,cm_type ,cm_order , cm_state , cm_min_price , cm_max_price) values(2990,527,'2007款 1.8L 豪华型GLS','2007款',2,1,116800,116800);
insert into t_car_series(cs_id,cbf_id,cs_name,cs_order,cs_letter) values(696,26,'欢动',2256,'H');
insert into t_car_model(cm_id , cs_id , cm_name,cm_type ,cm_order , cm_state , cm_min_price , cm_max_price) values(7357,696,'2010款 1.6L 手动舒适型','2010款',1,1,83600,83600);
insert into t_car_model(cm_id , cs_id , cm_name,cm_type ,cm_order , cm_state , cm_min_price , cm_max_price) values(7358,696,'2010款 1.6L 手动运动型','2010款',2,1,92600,92600);
insert into t_car_model(cm_id , cs_id , cm_name,cm_type ,cm_order , cm_state , cm_min_price , cm_max_price) values(7359,696,'2010款 1.6L CVT舒适型','2010款',3,1,93600,93600);
insert into t_car_model(cm_id , cs_id , cm_name,cm_type ,cm_order , cm_state , cm_min_price , cm_max_price) values(7360,696,'2010款 1.6L CVT运动型','2010款',4,1,102600,102600);
insert into t_car_model(cm_id , cs_id , cm_name,cm_type ,cm_order , cm_state , cm_min_price , cm_max_price) values(5356,696,'2009款 1.6L 手动标准型','2009款',1,1,79600,79600);
insert into t_car_model(cm_id , cs_id , cm_name,cm_type ,cm_order , cm_state , cm_min_price , cm_max_price) values(5270,696,'2009款 1.6L 手动舒适型','2009款',2,1,83600,83600);
insert into t_car_model(cm_id , cs_id , cm_name,cm_type ,cm_order , cm_state , cm_min_price , cm_max_price) values(5357,696,'2009款 1.6L 手动豪华型','2009款',3,1,92600,92600);
insert into t_car_model(cm_id , cs_id , cm_name,cm_type ,cm_order , cm_state , cm_min_price , cm_max_price) values(5947,696,'2009款 1.6L CVT舒适型','2009款',4,1,93600,93600);
insert into t_car_model(cm_id , cs_id , cm_name,cm_type ,cm_order , cm_state , cm_min_price , cm_max_price) values(6017,696,'2009款 1.6L CVT豪华型','2009款',5,1,102600,102600);
insert into t_car_model(cm_id , cs_id , cm_name,cm_type ,cm_order , cm_state , cm_min_price , cm_max_price) values(2966,696,'2009款 1.8L 手动舒适型','2009款',6,1,87600,87600);
insert into t_car_model(cm_id , cs_id , cm_name,cm_type ,cm_order , cm_state , cm_min_price , cm_max_price) values(4700,696,'2009款 1.8L 手动豪华型','2009款',7,1,96600,96600);
insert into t_car_model(cm_id , cs_id , cm_name,cm_type ,cm_order , cm_state , cm_min_price , cm_max_price) values(4701,696,'2009款 1.8L CVT舒适型','2009款',8,1,98600,98600);
insert into t_car_model(cm_id , cs_id , cm_name,cm_type ,cm_order , cm_state , cm_min_price , cm_max_price) values(4702,696,'2009款 1.8L CVT豪华型','2009款',9,1,106600,106600);
insert into t_car_series(cs_id,cbf_id,cs_name,cs_order,cs_letter) values(2766,26,'海马M8',2257,'H');
insert into t_car_model(cm_id , cs_id , cm_name,cm_type ,cm_order , cm_state , cm_min_price , cm_max_price) values(35135,2766,'2017款 1.8T 自动型','2017款',1,1,129800,129800);
insert into t_car_model(cm_id , cs_id , cm_name,cm_type ,cm_order , cm_state , cm_min_price , cm_max_price) values(21237,2766,'2015款 2.0L 手动时尚型','2015款',1,1,106800,106800);
insert into t_car_model(cm_id , cs_id , cm_name,cm_type ,cm_order , cm_state , cm_min_price , cm_max_price) values(21236,2766,'2015款 2.0L 自动时尚型','2015款',2,1,116800,116800);
insert into t_car_model(cm_id , cs_id , cm_name,cm_type ,cm_order , cm_state , cm_min_price , cm_max_price) values(21235,2766,'2015款 1.8T 自动舒适型','2015款',3,1,129800,129800);
insert into t_car_model(cm_id , cs_id , cm_name,cm_type ,cm_order , cm_state , cm_min_price , cm_max_price) values(21179,2766,'2015款 1.8T 自动豪华型','2015款',4,1,149800,149800);
insert into t_car_model(cm_id , cs_id , cm_name,cm_type ,cm_order , cm_state , cm_min_price , cm_max_price) values(17880,2766,'2014款 2.0L 手动舒适型','2014款',1,1,126800,126800);
insert into t_car_model(cm_id , cs_id , cm_name,cm_type ,cm_order , cm_state , cm_min_price , cm_max_price) values(17881,2766,'2014款 2.0L 自动舒适型','2014款',2,1,146800,146800);
insert into t_car_model(cm_id , cs_id , cm_name,cm_type ,cm_order , cm_state , cm_min_price , cm_max_price) values(17766,2766,'2014款 2.0L 自动豪华型','2014款',3,1,166800,166800);
insert into t_car_series(cs_id,cbf_id,cs_name,cs_order,cs_letter) values(3075,26,'海马S7',2258,'H');
insert into t_car_model(cm_id , cs_id , cm_name,cm_type ,cm_order , cm_state , cm_min_price , cm_max_price) values(29108,3075,'2017款 1.8T 手动领先版','2017款',1,1,98800,98800);
insert into t_car_model(cm_id , cs_id , cm_name,cm_type ,cm_order , cm_state , cm_min_price , cm_max_price) values(29109,3075,'2017款 1.8T 手动豪华版','2017款',2,1,113800,113800);
insert into t_car_model(cm_id , cs_id , cm_name,cm_type ,cm_order , cm_state , cm_min_price , cm_max_price) values(29110,3075,'2017款 1.8T 自动领先版','2017款',3,1,113800,113800);
insert into t_car_model(cm_id , cs_id , cm_name,cm_type ,cm_order , cm_state , cm_min_price , cm_max_price) values(29145,3075,'2017款 1.8T 自动豪华版','2017款',4,1,126800,126800);
insert into t_car_model(cm_id , cs_id , cm_name,cm_type ,cm_order , cm_state , cm_min_price , cm_max_price) values(20838,3075,'2015款 2.0L 手动智尚型','2015款',1,1,106800,106800);
insert into t_car_model(cm_id , cs_id , cm_name,cm_type ,cm_order , cm_state , cm_min_price , cm_max_price) values(21982,3075,'2015款 2.0L 手动挚爱版','2015款',2,1,109800,109800);
insert into t_car_model(cm_id , cs_id , cm_name,cm_type ,cm_order , cm_state , cm_min_price , cm_max_price) values(20840,3075,'2015款 2.0L 手动智享型','2015款',3,1,116800,116800);
insert into t_car_model(cm_id , cs_id , cm_name,cm_type ,cm_order , cm_state , cm_min_price , cm_max_price) values(20842,3075,'2015款 2.0L 手动智臻型','2015款',4,1,131800,131800);
insert into t_car_model(cm_id , cs_id , cm_name,cm_type ,cm_order , cm_state , cm_min_price , cm_max_price) values(20839,3075,'2015款 2.0L 自动智尚型','2015款',5,1,118800,118800);
insert into t_car_model(cm_id , cs_id , cm_name,cm_type ,cm_order , cm_state , cm_min_price , cm_max_price) values(20841,3075,'2015款 2.0L 自动智享型','2015款',6,1,128800,128800);
insert into t_car_model(cm_id , cs_id , cm_name,cm_type ,cm_order , cm_state , cm_min_price , cm_max_price) values(20843,3075,'2015款 2.0L 自动智臻型','2015款',7,1,146800,146800);
insert into t_car_model(cm_id , cs_id , cm_name,cm_type ,cm_order , cm_state , cm_min_price , cm_max_price) values(22729,3075,'2015款 改款 2.0L 手动纵享型','2015款',8,1,89800,89800);
insert into t_car_model(cm_id , cs_id , cm_name,cm_type ,cm_order , cm_state , cm_min_price , cm_max_price) values(22730,3075,'2015款 改款 2.0L 手动纵驰型','2015款',9,1,96800,96800);
insert into t_car_model(cm_id , cs_id , cm_name,cm_type ,cm_order , cm_state , cm_min_price , cm_max_price) values(22731,3075,'2015款 改款 2.0L 手动纵骋型','2015款',10,1,106800,106800);
insert into t_car_model(cm_id , cs_id , cm_name,cm_type ,cm_order , cm_state , cm_min_price , cm_max_price) values(22732,3075,'2015款 改款 2.0L 自动纵驰型','2015款',11,1,106800,106800);
insert into t_car_model(cm_id , cs_id , cm_name,cm_type ,cm_order , cm_state , cm_min_price , cm_max_price) values(22733,3075,'2015款 改款 1.8T 自动纵驰型','2015款',12,1,116800,116800);
insert into t_car_model(cm_id , cs_id , cm_name,cm_type ,cm_order , cm_state , cm_min_price , cm_max_price) values(22734,3075,'2015款 改款 1.8T 自动纵骋型','2015款',13,1,128800,128800);
insert into t_car_model(cm_id , cs_id , cm_name,cm_type ,cm_order , cm_state , cm_min_price , cm_max_price) values(22196,3075,'2015款 改款 1.8T 自动纵领型','2015款',14,1,144800,144800);
insert into t_car_model(cm_id , cs_id , cm_name,cm_type ,cm_order , cm_state , cm_min_price , cm_max_price) values(16060,3075,'2013款 2.0L 手动智尚型','2013款',1,1,106800,106800);
insert into t_car_model(cm_id , cs_id , cm_name,cm_type ,cm_order , cm_state , cm_min_price , cm_max_price) values(16059,3075,'2013款 2.0L 自动智尚型','2013款',2,1,118800,118800);
insert into t_car_model(cm_id , cs_id , cm_name,cm_type ,cm_order , cm_state , cm_min_price , cm_max_price) values(16056,3075,'2013款 2.0L 手动智享型','2013款',3,1,116800,116800);
insert into t_car_model(cm_id , cs_id , cm_name,cm_type ,cm_order , cm_state , cm_min_price , cm_max_price) values(16058,3075,'2013款 2.0L 自动智享型','2013款',4,1,128800,128800);
insert into t_car_model(cm_id , cs_id , cm_name,cm_type ,cm_order , cm_state , cm_min_price , cm_max_price) values(16057,3075,'2013款 2.0L 手动智臻型','2013款',5,1,131800,131800);
insert into t_car_model(cm_id , cs_id , cm_name,cm_type ,cm_order , cm_state , cm_min_price , cm_max_price) values(15668,3075,'2013款 2.0L 自动智臻型','2013款',6,1,146800,146800);
insert into t_car_series(cs_id,cbf_id,cs_name,cs_order,cs_letter) values(823,26,'海马骑士',2259,'H');
insert into t_car_model(cm_id , cs_id , cm_name,cm_type ,cm_order , cm_state , cm_min_price , cm_max_price) values(13845,823,'2013款 2.0L 手动智能领航型','2013款',1,1,139800,139800);
insert into t_car_model(cm_id , cs_id , cm_name,cm_type ,cm_order , cm_state , cm_min_price , cm_max_price) values(14124,823,'2013款 2.0L 手动功勋型','2013款',2,1,105800,105800);
insert into t_car_model(cm_id , cs_id , cm_name,cm_type ,cm_order , cm_state , cm_min_price , cm_max_price) values(14434,823,'2013款 2.0L 手动经典型','2013款',3,1,105800,105800);
insert into t_car_model(cm_id , cs_id , cm_name,cm_type ,cm_order , cm_state , cm_min_price , cm_max_price) values(13841,823,'2013款 2.0L 手动都市精英型','2013款',4,1,113800,113800);
insert into t_car_model(cm_id , cs_id , cm_name,cm_type ,cm_order , cm_state , cm_min_price , cm_max_price) values(13842,823,'2013款 2.0L 自动都市精英型','2013款',5,1,126800,126800);
insert into t_car_model(cm_id , cs_id , cm_name,cm_type ,cm_order , cm_state , cm_min_price , cm_max_price) values(13843,823,'2013款 2.0L 手动典雅风尚型','2013款',6,1,125800,125800);
insert into t_car_model(cm_id , cs_id , cm_name,cm_type ,cm_order , cm_state , cm_min_price , cm_max_price) values(13844,823,'2013款 2.0L 自动典雅风尚型','2013款',7,1,138800,138800);
insert into t_car_model(cm_id , cs_id , cm_name,cm_type ,cm_order , cm_state , cm_min_price , cm_max_price) values(13846,823,'2013款 2.0L 自动智能领航型','2013款',8,1,152800,152800);
insert into t_car_model(cm_id , cs_id , cm_name,cm_type ,cm_order , cm_state , cm_min_price , cm_max_price) values(10985,823,'2012款 2.0L 手动都市精英型','2012款',1,1,113800,113800);
insert into t_car_model(cm_id , cs_id , cm_name,cm_type ,cm_order , cm_state , cm_min_price , cm_max_price) values(10984,823,'2012款 2.0L 手动典雅风尚型','2012款',2,1,125800,125800);
insert into t_car_model(cm_id , cs_id , cm_name,cm_type ,cm_order , cm_state , cm_min_price , cm_max_price) values(10453,823,'2012款 2.0L 自动典雅风尚型','2012款',3,1,138800,138800);
insert into t_car_model(cm_id , cs_id , cm_name,cm_type ,cm_order , cm_state , cm_min_price , cm_max_price) values(10986,823,'2012款 2.0L 手动智能领航型','2012款',4,1,139800,139800);
insert into t_car_model(cm_id , cs_id , cm_name,cm_type ,cm_order , cm_state , cm_min_price , cm_max_price) values(10606,823,'2012款 2.0L 自动智能领航型','2012款',5,1,152800,152800);
insert into t_car_model(cm_id , cs_id , cm_name,cm_type ,cm_order , cm_state , cm_min_price , cm_max_price) values(7290,823,'2011款 2.0L 丝路限量版','2011款',1,1,125800,125800);
insert into t_car_model(cm_id , cs_id , cm_name,cm_type ,cm_order , cm_state , cm_min_price , cm_max_price) values(7291,823,'2010款 2.0L 都市精英型','2010款',1,1,113800,113800);
insert into t_car_model(cm_id , cs_id , cm_name,cm_type ,cm_order , cm_state , cm_min_price , cm_max_price) values(5342,823,'2010款 2.0L 智能领航型','2010款',2,1,136800,136800);
insert into t_car_series(cs_id,cbf_id,cs_name,cs_order,cs_letter) values(4525,26,'福美来F7',2262,'F');
insert into t_car_model(cm_id , cs_id , cm_name,cm_type ,cm_order , cm_state , cm_min_price , cm_max_price) values(31629,4525,'2017款 1.5T 7座手动标准型','2017款',1,1,79800,79800);
insert into t_car_model(cm_id , cs_id , cm_name,cm_type ,cm_order , cm_state , cm_min_price , cm_max_price) values(31980,4525,'2017款 1.5T 7座手动豪华型','2017款',2,1,89800,89800);
insert into t_car_model(cm_id , cs_id , cm_name,cm_type ,cm_order , cm_state , cm_min_price , cm_max_price) values(31630,4525,'2017款 1.5T 7座自动标准型','2017款',3,1,98800,98800);
insert into t_car_model(cm_id , cs_id , cm_name,cm_type ,cm_order , cm_state , cm_min_price , cm_max_price) values(31631,4525,'2017款 1.5T 7座自动舒适型','2017款',4,1,106800,106800);
insert into t_car_model(cm_id , cs_id , cm_name,cm_type ,cm_order , cm_state , cm_min_price , cm_max_price) values(31386,4525,'2017款 1.5T 7座自动旗舰型','2017款',5,1,119800,119800);
insert into t_car_series(cs_id,cbf_id,cs_name,cs_order,cs_letter) values(4205,26,'福美来MPV',2263,'F');
insert into t_car_model(cm_id , cs_id , cm_name,cm_type ,cm_order , cm_state , cm_min_price , cm_max_price) values(30598,4205,'2017款 七座版 1.5T 手动超值型','2017款',1,1,79800,79800);
insert into t_car_model(cm_id , cs_id , cm_name,cm_type ,cm_order , cm_state , cm_min_price , cm_max_price) values(27464,4205,'2017款 七座版 1.5T 手动适・悦型','2017款',2,1,89900,89900);
insert into t_car_model(cm_id , cs_id , cm_name,cm_type ,cm_order , cm_state , cm_min_price , cm_max_price) values(27466,4205,'2017款 七座版 1.5T 手动适・享型','2017款',3,1,98900,98900);
insert into t_car_model(cm_id , cs_id , cm_name,cm_type ,cm_order , cm_state , cm_min_price , cm_max_price) values(30599,4205,'2017款 七座版 1.5T 自动超值型','2017款',4,1,96800,96800);
insert into t_car_model(cm_id , cs_id , cm_name,cm_type ,cm_order , cm_state , cm_min_price , cm_max_price) values(27468,4205,'2017款 七座版 1.5T 自动适・享型','2017款',5,1,106900,106900);
insert into t_car_model(cm_id , cs_id , cm_name,cm_type ,cm_order , cm_state , cm_min_price , cm_max_price) values(27846,4205,'2017款 六座版 1.5T 自动适・畅型','2017款',6,1,113900,113900);
insert into t_car_model(cm_id , cs_id , cm_name,cm_type ,cm_order , cm_state , cm_min_price , cm_max_price) values(27844,4205,'2017款 七座版 1.5T 自动适・畅型','2017款',7,1,115900,115900);
insert into t_car_model(cm_id , cs_id , cm_name,cm_type ,cm_order , cm_state , cm_min_price , cm_max_price) values(27845,4205,'2017款 六座版 1.5T 自动适・臻型','2017款',8,1,128900,128900);
insert into t_car_series(cs_id,cbf_id,cs_name,cs_order,cs_letter) values(3994,26,'海马V70',2264,'H');
insert into t_car_model(cm_id , cs_id , cm_name,cm_type ,cm_order , cm_state , cm_min_price , cm_max_price) values(25802,3994,'2016款 2.0L 手动适・宜型 5座','2016款',1,1,78900,78900);
insert into t_car_model(cm_id , cs_id , cm_name,cm_type ,cm_order , cm_state , cm_min_price , cm_max_price) values(26150,3994,'2016款 2.0L 手动适・悦型 7座','2016款',2,1,84900,84900);
insert into t_car_model(cm_id , cs_id , cm_name,cm_type ,cm_order , cm_state , cm_min_price , cm_max_price) values(25803,3994,'2016款 2.0L 手动适・享型 6座','2016款',3,1,93900,93900);
insert into t_car_model(cm_id , cs_id , cm_name,cm_type ,cm_order , cm_state , cm_min_price , cm_max_price) values(25816,3994,'2016款 2.0L 手动适・享型 7座','2016款',4,1,93900,93900);
insert into t_car_model(cm_id , cs_id , cm_name,cm_type ,cm_order , cm_state , cm_min_price , cm_max_price) values(25804,3994,'2016款 2.0L 手动适・畅型 6座','2016款',5,1,99900,99900);
insert into t_car_model(cm_id , cs_id , cm_name,cm_type ,cm_order , cm_state , cm_min_price , cm_max_price) values(25817,3994,'2016款 2.0L 手动适・畅型 7座','2016款',6,1,99900,99900);
insert into t_car_model(cm_id , cs_id , cm_name,cm_type ,cm_order , cm_state , cm_min_price , cm_max_price) values(26151,3994,'2016款 1.5T 自动适・悦型 7座','2016款',7,1,98900,98900);
insert into t_car_model(cm_id , cs_id , cm_name,cm_type ,cm_order , cm_state , cm_min_price , cm_max_price) values(25806,3994,'2016款 1.5T 自动适・享型 6座','2016款',8,1,104900,104900);
insert into t_car_model(cm_id , cs_id , cm_name,cm_type ,cm_order , cm_state , cm_min_price , cm_max_price) values(25807,3994,'2016款 1.5T 自动适・享型 7座','2016款',9,1,104900,104900);
insert into t_car_model(cm_id , cs_id , cm_name,cm_type ,cm_order , cm_state , cm_min_price , cm_max_price) values(24936,3994,'2016款 1.5T 自动适・畅型 6座','2016款',10,1,113900,113900);
insert into t_car_model(cm_id , cs_id , cm_name,cm_type ,cm_order , cm_state , cm_min_price , cm_max_price) values(25805,3994,'2016款 1.5T 自动适・畅型 7座','2016款',11,1,113900,113900);
insert into t_car_model(cm_id , cs_id , cm_name,cm_type ,cm_order , cm_state , cm_min_price , cm_max_price) values(25808,3994,'2016款 1.5T 自动适・臻型 6座','2016款',12,1,128900,128900);
insert into t_car_model(cm_id , cs_id , cm_name,cm_type ,cm_order , cm_state , cm_min_price , cm_max_price) values(25809,3994,'2016款 1.5T 自动适・臻型 7座','2016款',13,1,128900,128900);
insert into t_car_series(cs_id,cbf_id,cs_name,cs_order,cs_letter) values(844,26,'普力马',2265,'P');
insert into t_car_model(cm_id , cs_id , cm_name,cm_type ,cm_order , cm_state , cm_min_price , cm_max_price) values(17411,844,'2014款 1.6L 手动7座创想版','2014款',1,1,83800,83800);
insert into t_car_model(cm_id , cs_id , cm_name,cm_type ,cm_order , cm_state , cm_min_price , cm_max_price) values(17412,844,'2014款 1.6L 手动7座开拓版','2014款',2,1,93800,93800);
insert into t_car_model(cm_id , cs_id , cm_name,cm_type ,cm_order , cm_state , cm_min_price , cm_max_price) values(17413,844,'2014款 1.6L 自动7座乐享版','2014款',3,1,94800,94800);
insert into t_car_model(cm_id , cs_id , cm_name,cm_type ,cm_order , cm_state , cm_min_price , cm_max_price) values(17415,844,'2014款 1.8L 自动7座尊享版','2014款',4,1,109800,109800);
insert into t_car_model(cm_id , cs_id , cm_name,cm_type ,cm_order , cm_state , cm_min_price , cm_max_price) values(14125,844,'2013款 1.6L 手动7座进取版','2013款',1,1,79800,79800);
insert into t_car_model(cm_id , cs_id , cm_name,cm_type ,cm_order , cm_state , cm_min_price , cm_max_price) values(13870,844,'2013款 1.6L 自动7座乐享版','2013款',2,1,94800,94800);
insert into t_car_model(cm_id , cs_id , cm_name,cm_type ,cm_order , cm_state , cm_min_price , cm_max_price) values(13869,844,'2013款 1.6L 手动7座开拓版','2013款',3,1,93800,93800);
insert into t_car_model(cm_id , cs_id , cm_name,cm_type ,cm_order , cm_state , cm_min_price , cm_max_price) values(13867,844,'2013款 1.8L 自动7座尊享版','2013款',4,1,109800,109800);
insert into t_car_model(cm_id , cs_id , cm_name,cm_type ,cm_order , cm_state , cm_min_price , cm_max_price) values(13871,844,'2013款 1.6L 手动7座创想版','2013款',5,1,83800,83800);
insert into t_car_model(cm_id , cs_id , cm_name,cm_type ,cm_order , cm_state , cm_min_price , cm_max_price) values(9552,844,'2012款 1.6L 手动5座舒适版','2012款',1,1,79800,79800);
insert into t_car_model(cm_id , cs_id , cm_name,cm_type ,cm_order , cm_state , cm_min_price , cm_max_price) values(9553,844,'2012款 1.6L 手动7座创想版','2012款',2,1,79800,79800);
insert into t_car_model(cm_id , cs_id , cm_name,cm_type ,cm_order , cm_state , cm_min_price , cm_max_price) values(9554,844,'2012款 1.6L 手动5座炫动版','2012款',3,1,86800,86800);
insert into t_car_model(cm_id , cs_id , cm_name,cm_type ,cm_order , cm_state , cm_min_price , cm_max_price) values(9555,844,'2012款 1.6L 手动7座开拓版','2012款',4,1,93800,93800);
insert into t_car_model(cm_id , cs_id , cm_name,cm_type ,cm_order , cm_state , cm_min_price , cm_max_price) values(9556,844,'2012款 1.6L 自动5座炫酷版','2012款',5,1,101800,101800);
insert into t_car_model(cm_id , cs_id , cm_name,cm_type ,cm_order , cm_state , cm_min_price , cm_max_price) values(12254,844,'2012款 1.8L 手动7座创想版','2012款',6,1,79800,79800);
insert into t_car_model(cm_id , cs_id , cm_name,cm_type ,cm_order , cm_state , cm_min_price , cm_max_price) values(9557,844,'2012款 1.8L 自动7座尊享版','2012款',7,1,109800,109800);
insert into t_car_model(cm_id , cs_id , cm_name,cm_type ,cm_order , cm_state , cm_min_price , cm_max_price) values(6195,844,'2010款 1.6L 手动5座基本','2010款',1,1,86800,86800);
insert into t_car_model(cm_id , cs_id , cm_name,cm_type ,cm_order , cm_state , cm_min_price , cm_max_price) values(6209,844,'2010款 1.6L 手动5座舒适','2010款',2,1,91800,91800);
insert into t_car_model(cm_id , cs_id , cm_name,cm_type ,cm_order , cm_state , cm_min_price , cm_max_price) values(8511,844,'2010款 1.6L 自动5座舒适','2010款',3,1,99800,99800);
insert into t_car_model(cm_id , cs_id , cm_name,cm_type ,cm_order , cm_state , cm_min_price , cm_max_price) values(6190,844,'2010款 1.6L 手动5座豪华','2010款',4,1,95800,95800);
insert into t_car_model(cm_id , cs_id , cm_name,cm_type ,cm_order , cm_state , cm_min_price , cm_max_price) values(7383,844,'2010款 1.6L 手动7座豪华','2010款',5,1,99800,99800);
insert into t_car_model(cm_id , cs_id , cm_name,cm_type ,cm_order , cm_state , cm_min_price , cm_max_price) values(6191,844,'2010款 1.8L 自动5座舒适','2010款',6,1,99800,99800);
insert into t_car_model(cm_id , cs_id , cm_name,cm_type ,cm_order , cm_state , cm_min_price , cm_max_price) values(6196,844,'2010款 1.8L 自动7座豪华','2010款',7,1,108800,108800);
insert into t_car_model(cm_id , cs_id , cm_name,cm_type ,cm_order , cm_state , cm_min_price , cm_max_price) values(2850,844,'2007款 1.8L 手动5座标准GL5','2007款',1,1,109800,109800);
insert into t_car_model(cm_id , cs_id , cm_name,cm_type ,cm_order , cm_state , cm_min_price , cm_max_price) values(2851,844,'2007款 1.8L 手动5座舒适GLX5','2007款',2,1,122800,122800);
insert into t_car_model(cm_id , cs_id , cm_name,cm_type ,cm_order , cm_state , cm_min_price , cm_max_price) values(2852,844,'2007款 1.8L 自动5座标准STD5','2007款',3,1,125800,125800);
insert into t_car_model(cm_id , cs_id , cm_name,cm_type ,cm_order , cm_state , cm_min_price , cm_max_price) values(2853,844,'2007款 1.8L 自动5座豪华SDX5','2007款',4,1,139800,139800);
insert into t_car_model(cm_id , cs_id , cm_name,cm_type ,cm_order , cm_state , cm_min_price , cm_max_price) values(2854,844,'2007款 1.8L 手动7座豪华GLS7','2007款',5,1,126800,126800);
insert into t_car_model(cm_id , cs_id , cm_name,cm_type ,cm_order , cm_state , cm_min_price , cm_max_price) values(2058,844,'2006款 1.8L 手动5座标准型','2006款',1,1,118600,118600);
insert into t_car_model(cm_id , cs_id , cm_name,cm_type ,cm_order , cm_state , cm_min_price , cm_max_price) values(2059,844,'2006款 1.8L 自动5座标准型','2006款',2,1,129600,129600);
insert into t_car_model(cm_id , cs_id , cm_name,cm_type ,cm_order , cm_state , cm_min_price , cm_max_price) values(2060,844,'2006款 1.8L 自动5座豪华型','2006款',3,1,143600,143600);
insert into t_car_model(cm_id , cs_id , cm_name,cm_type ,cm_order , cm_state , cm_min_price , cm_max_price) values(2061,844,'2006款 1.8L 手动7座舒适型','2006款',4,1,137600,137600);
insert into t_car_model(cm_id , cs_id , cm_name,cm_type ,cm_order , cm_state , cm_min_price , cm_max_price) values(2062,844,'2006款 1.8L 自动7座舒适型','2006款',5,1,137600,137600);
insert into t_car_model(cm_id , cs_id , cm_name,cm_type ,cm_order , cm_state , cm_min_price , cm_max_price) values(1568,844,'2005款 1.8L 手动标准GL5','2005款',1,1,138600,138600);
insert into t_car_model(cm_id , cs_id , cm_name,cm_type ,cm_order , cm_state , cm_min_price , cm_max_price) values(1569,844,'2005款 1.8L 自动舒适DX5','2005款',2,1,153600,153600);
insert into t_car_model(cm_id , cs_id , cm_name,cm_type ,cm_order , cm_state , cm_min_price , cm_max_price) values(1570,844,'2005款 1.8L 手动舒适GLX7','2005款',3,1,147600,147600);
insert into t_car_model(cm_id , cs_id , cm_name,cm_type ,cm_order , cm_state , cm_min_price , cm_max_price) values(1571,844,'2005款 1.8L 自动豪华SDX7','2005款',4,1,175600,175600);
insert into t_car_model(cm_id , cs_id , cm_name,cm_type ,cm_order , cm_state , cm_min_price , cm_max_price) values(733,844,'2004款 1.8L 手动GLX5','2004款',1,1,145700,145700);
insert into t_car_model(cm_id , cs_id , cm_name,cm_type ,cm_order , cm_state , cm_min_price , cm_max_price) values(727,844,'2004款 1.8L 手动GL5','2004款',2,1,148600,148600);
insert into t_car_model(cm_id , cs_id , cm_name,cm_type ,cm_order , cm_state , cm_min_price , cm_max_price) values(1130,844,'2004款 1.8L 自动SDX5','2004款',3,1,168600,168600);
insert into t_car_model(cm_id , cs_id , cm_name,cm_type ,cm_order , cm_state , cm_min_price , cm_max_price) values(1131,844,'2004款 1.8L 自动DX5','2004款',4,1,178600,178600);
insert into t_car_model(cm_id , cs_id , cm_name,cm_type ,cm_order , cm_state , cm_min_price , cm_max_price) values(728,844,'2004款 1.8L 自动SDX7','2004款',5,1,193600,193600);
insert into t_car_series(cs_id,cbf_id,cs_name,cs_order,cs_letter) values(4339,26,'普力马EV',2266,'P');
insert into t_car_model(cm_id , cs_id , cm_name,cm_type ,cm_order , cm_state , cm_min_price , cm_max_price) values(24922,4339,'2016款 绿驱型','2016款',1,1,216800,216800);
insert into t_car_model(cm_id , cs_id , cm_name,cm_type ,cm_order , cm_state , cm_min_price , cm_max_price) values(7573,4339,'2010款 电动版','2010款',1,1,0,0);
