insert into t_car_brand_factory(cbf_id , cb_id , cbf_name ,cbf_letter) values(555,133,'特斯拉中国','T');
insert into t_car_series(cs_id,cbf_id,cs_name,cs_order,cs_letter) values(5346,555,'Model 3',4391,'M');
insert into t_car_model(cm_id , cs_id , cm_name,cm_type ,cm_order , cm_state , cm_min_price , cm_max_price) values(54529,5346,'2022款 后轮驱动版','2022款',1,1,276740,276740);
insert into t_car_model(cm_id , cs_id , cm_name,cm_type ,cm_order , cm_state , cm_min_price , cm_max_price) values(54857,5346,'2022款 Performance高性能全轮驱动版','2022款',2,1,339900,339900);
insert into t_car_model(cm_id , cs_id , cm_name,cm_type ,cm_order , cm_state , cm_min_price , cm_max_price) values(49434,5346,'2021款 标准续航后驱升级版','2021款',1,1,266740,266740);
insert into t_car_model(cm_id , cs_id , cm_name,cm_type ,cm_order , cm_state , cm_min_price , cm_max_price) values(52091,5346,'2021款 标准续航后驱升级版 3D6','2021款',2,1,251740,251740);
insert into t_car_model(cm_id , cs_id , cm_name,cm_type ,cm_order , cm_state , cm_min_price , cm_max_price) values(51787,5346,'2021款 改款 标准续航后驱升级版 3D1','2021款',3,1,251740,251740);
insert into t_car_model(cm_id , cs_id , cm_name,cm_type ,cm_order , cm_state , cm_min_price , cm_max_price) values(49435,5346,'2021款 Performance高性能全轮驱动版','2021款',4,1,339900,339900);
insert into t_car_model(cm_id , cs_id , cm_name,cm_type ,cm_order , cm_state , cm_min_price , cm_max_price) values(52092,5346,'2021款 Performance高性能全轮驱动版 3D6','2021款',5,1,339900,339900);
insert into t_car_model(cm_id , cs_id , cm_name,cm_type ,cm_order , cm_state , cm_min_price , cm_max_price) values(51788,5346,'2021款 改款 Performance高性能全轮驱动版 3D1','2021款',6,1,339900,339900);
insert into t_car_model(cm_id , cs_id , cm_name,cm_type ,cm_order , cm_state , cm_min_price , cm_max_price) values(53612,5346,'2021款 改款二 Performance高性能全轮驱动版','2021款',7,1,339900,339900);
insert into t_car_model(cm_id , cs_id , cm_name,cm_type ,cm_order , cm_state , cm_min_price , cm_max_price) values(45917,5346,'2020款 标准续航后驱升级版','2020款',1,1,291800,291800);
insert into t_car_model(cm_id , cs_id , cm_name,cm_type ,cm_order , cm_state , cm_min_price , cm_max_price) values(45000,5346,'2020款 长续航后轮驱动版','2020款',2,1,366550,366550);
insert into t_car_model(cm_id , cs_id , cm_name,cm_type ,cm_order , cm_state , cm_min_price , cm_max_price) values(48145,5346,'2020款 改款 标准续航后驱升级版','2020款',3,1,269700,269700);
insert into t_car_model(cm_id , cs_id , cm_name,cm_type ,cm_order , cm_state , cm_min_price , cm_max_price) values(45918,5346,'2020款 改款 长续航后轮驱动版','2020款',4,1,309900,309900);
insert into t_car_model(cm_id , cs_id , cm_name,cm_type ,cm_order , cm_state , cm_min_price , cm_max_price) values(45001,5346,'2020款 Performance高性能全轮驱动版','2020款',5,1,419800,419800);
insert into t_car_model(cm_id , cs_id , cm_name,cm_type ,cm_order , cm_state , cm_min_price , cm_max_price) values(40012,5346,'2019款 标准续航后驱升级版','2019款',1,1,291800,291800);
insert into t_car_series(cs_id,cbf_id,cs_name,cs_order,cs_letter) values(5769,555,'Model Y',4392,'M');
insert into t_car_model(cm_id , cs_id , cm_name,cm_type ,cm_order , cm_state , cm_min_price , cm_max_price) values(54332,5769,'2022款 后轮驱动版','2022款',1,1,301840,301840);
insert into t_car_model(cm_id , cs_id , cm_name,cm_type ,cm_order , cm_state , cm_min_price , cm_max_price) values(54861,5769,'2022款 长续航全轮驱动版','2022款',2,1,347900,347900);
insert into t_car_model(cm_id , cs_id , cm_name,cm_type ,cm_order , cm_state , cm_min_price , cm_max_price) values(45735,5769,'2021款 Performance高性能全轮驱动版','2021款',1,1,387900,387900);
insert into t_car_model(cm_id , cs_id , cm_name,cm_type ,cm_order , cm_state , cm_min_price , cm_max_price) values(52126,5769,'2021款 标准续航后驱版','2021款',2,1,291840,291840);
insert into t_car_model(cm_id , cs_id , cm_name,cm_type ,cm_order , cm_state , cm_min_price , cm_max_price) values(47277,5769,'2021款 长续航全轮驱动版','2021款',3,1,347900,347900);
insert into t_car_model(cm_id , cs_id , cm_name,cm_type ,cm_order , cm_state , cm_min_price , cm_max_price) values(52093,5769,'2021款 长续航全轮驱动版 3D7','2021款',4,1,347900,347900);
insert into t_car_model(cm_id , cs_id , cm_name,cm_type ,cm_order , cm_state , cm_min_price , cm_max_price) values(51789,5769,'2021款 改款 长续航全轮驱动版 3D5','2021款',5,1,347900,347900);
insert into t_car_model(cm_id , cs_id , cm_name,cm_type ,cm_order , cm_state , cm_min_price , cm_max_price) values(53595,5769,'2021款 改款二 长续航全轮驱动版','2021款',6,1,347900,347900);
insert into t_car_brand_factory(cbf_id , cb_id , cbf_name ,cbf_letter) values(318,133,'特斯拉（进口）','T');
insert into t_car_series(cs_id,cbf_id,cs_name,cs_order,cs_letter) values(2356,318,'Roadster',4393,'R');
insert into t_car_model(cm_id , cs_id , cm_name,cm_type ,cm_order , cm_state , cm_min_price , cm_max_price) values(38046,2356,'2019款 普通版','2019款',1,1,0,0);
insert into t_car_model(cm_id , cs_id , cm_name,cm_type ,cm_order , cm_state , cm_min_price , cm_max_price) values(32840,2356,'2019款 创始人系列','2019款',2,1,0,0);
insert into t_car_series(cs_id,cbf_id,cs_name,cs_order,cs_letter) values(5535,318,'Cybertruck',4394,'C');
insert into t_car_model(cm_id , cs_id , cm_name,cm_type ,cm_order , cm_state , cm_min_price , cm_max_price) values(43011,5535,'2020款 基本型','2020款',1,1,0,0);
insert into t_car_series(cs_id,cbf_id,cs_name,cs_order,cs_letter) values(2357,318,'Model S',4395,'M');
insert into t_car_model(cm_id , cs_id , cm_name,cm_type ,cm_order , cm_state , cm_min_price , cm_max_price) values(49680,2357,'2021款 双电机全轮驱动版','2021款',1,1,889990,889990);
insert into t_car_model(cm_id , cs_id , cm_name,cm_type ,cm_order , cm_state , cm_min_price , cm_max_price) values(47901,2357,'2021款 三电机全轮驱动 Plaid版','2021款',2,1,1059990,1059990);
insert into t_car_model(cm_id , cs_id , cm_name,cm_type ,cm_order , cm_state , cm_min_price , cm_max_price) values(49682,2357,'2021款 Plaid Plus 版','2021款',3,1,1239900,1239900);
insert into t_car_model(cm_id , cs_id , cm_name,cm_type ,cm_order , cm_state , cm_min_price , cm_max_price) values(48341,2357,'2020款 长续航升级版','2020款',1,1,733900,733900);
insert into t_car_model(cm_id , cs_id , cm_name,cm_type ,cm_order , cm_state , cm_min_price , cm_max_price) values(48342,2357,'2020款 Performance 高性能版','2020款',2,1,833900,833900);
insert into t_car_model(cm_id , cs_id , cm_name,cm_type ,cm_order , cm_state , cm_min_price , cm_max_price) values(39112,2357,'2019款 标准续航版','2019款',1,1,722800,722800);
insert into t_car_model(cm_id , cs_id , cm_name,cm_type ,cm_order , cm_state , cm_min_price , cm_max_price) values(39113,2357,'2019款 长续航版','2019款',2,1,733900,733900);
insert into t_car_model(cm_id , cs_id , cm_name,cm_type ,cm_order , cm_state , cm_min_price , cm_max_price) values(39114,2357,'2019款 Performance 高性能版','2019款',3,1,833900,833900);
insert into t_car_model(cm_id , cs_id , cm_name,cm_type ,cm_order , cm_state , cm_min_price , cm_max_price) values(30425,2357,'2017款 Model S 75','2017款',1,1,723500,723500);
insert into t_car_model(cm_id , cs_id , cm_name,cm_type ,cm_order , cm_state , cm_min_price , cm_max_price) values(30426,2357,'2017款 Model S 75D 标准续航版','2017款',2,1,731000,731000);
insert into t_car_model(cm_id , cs_id , cm_name,cm_type ,cm_order , cm_state , cm_min_price , cm_max_price) values(30427,2357,'2017款 Model S 90D','2017款',3,1,888400,888400);
insert into t_car_model(cm_id , cs_id , cm_name,cm_type ,cm_order , cm_state , cm_min_price , cm_max_price) values(29112,2357,'2017款 Model S 100D','2017款',4,1,931100,931100);
insert into t_car_model(cm_id , cs_id , cm_name,cm_type ,cm_order , cm_state , cm_min_price , cm_max_price) values(30428,2357,'2017款 Model S 100D 长续航版','2017款',5,1,783500,783500);
insert into t_car_model(cm_id , cs_id , cm_name,cm_type ,cm_order , cm_state , cm_min_price , cm_max_price) values(30429,2357,'2017款 Model S P100D Performance高性能版','2017款',6,1,817900,817900);
insert into t_car_model(cm_id , cs_id , cm_name,cm_type ,cm_order , cm_state , cm_min_price , cm_max_price) values(26709,2357,'2016款 Model S 60','2016款',1,1,708900,708900);
insert into t_car_model(cm_id , cs_id , cm_name,cm_type ,cm_order , cm_state , cm_min_price , cm_max_price) values(26710,2357,'2016款 Model S 60D','2016款',2,1,757600,757600);
insert into t_car_model(cm_id , cs_id , cm_name,cm_type ,cm_order , cm_state , cm_min_price , cm_max_price) values(26030,2357,'2016款 Model S 70','2016款',3,1,735700,735700);
insert into t_car_model(cm_id , cs_id , cm_name,cm_type ,cm_order , cm_state , cm_min_price , cm_max_price) values(26031,2357,'2016款 Model S 70D','2016款',4,1,781500,781500);
insert into t_car_model(cm_id , cs_id , cm_name,cm_type ,cm_order , cm_state , cm_min_price , cm_max_price) values(26451,2357,'2016款 Model S 75','2016款',5,1,772200,772200);
insert into t_car_model(cm_id , cs_id , cm_name,cm_type ,cm_order , cm_state , cm_min_price , cm_max_price) values(26452,2357,'2016款 Model S 75D','2016款',6,1,820900,820900);
insert into t_car_model(cm_id , cs_id , cm_name,cm_type ,cm_order , cm_state , cm_min_price , cm_max_price) values(26032,2357,'2016款 Model S 90D','2016款',7,1,901900,901900);
insert into t_car_model(cm_id , cs_id , cm_name,cm_type ,cm_order , cm_state , cm_min_price , cm_max_price) values(26029,2357,'2016款 Model S P90D','2016款',8,1,1071200,1071200);
insert into t_car_model(cm_id , cs_id , cm_name,cm_type ,cm_order , cm_state , cm_min_price , cm_max_price) values(27449,2357,'2016款 Model S P100D','2016款',9,1,1339300,1339300);
insert into t_car_model(cm_id , cs_id , cm_name,cm_type ,cm_order , cm_state , cm_min_price , cm_max_price) values(21709,2357,'2015款 Model S 60','2015款',1,1,648000,648000);
insert into t_car_model(cm_id , cs_id , cm_name,cm_type ,cm_order , cm_state , cm_min_price , cm_max_price) values(20612,2357,'2015款 Model S 60D','2015款',2,1,683100,683100);
insert into t_car_model(cm_id , cs_id , cm_name,cm_type ,cm_order , cm_state , cm_min_price , cm_max_price) values(23332,2357,'2015款 Model S 70','2015款',3,1,673000,673000);
insert into t_car_model(cm_id , cs_id , cm_name,cm_type ,cm_order , cm_state , cm_min_price , cm_max_price) values(23333,2357,'2015款 Model S 90','2015款',4,1,798500,798500);
insert into t_car_model(cm_id , cs_id , cm_name,cm_type ,cm_order , cm_state , cm_min_price , cm_max_price) values(22299,2357,'2015款 Model S 70D','2015款',5,1,718800,718800);
insert into t_car_model(cm_id , cs_id , cm_name,cm_type ,cm_order , cm_state , cm_min_price , cm_max_price) values(21710,2357,'2015款 Model S 85','2015款',6,1,771000,771000);
insert into t_car_model(cm_id , cs_id , cm_name,cm_type ,cm_order , cm_state , cm_min_price , cm_max_price) values(20561,2357,'2015款 Model S 85D','2015款',7,1,816800,816800);
insert into t_car_model(cm_id , cs_id , cm_name,cm_type ,cm_order , cm_state , cm_min_price , cm_max_price) values(20695,2357,'2015款 Model S P85D','2015款',8,1,1000000,1000000);
insert into t_car_model(cm_id , cs_id , cm_name,cm_type ,cm_order , cm_state , cm_min_price , cm_max_price) values(23334,2357,'2015款 Model S 90D','2015款',9,1,844300,844300);
insert into t_car_model(cm_id , cs_id , cm_name,cm_type ,cm_order , cm_state , cm_min_price , cm_max_price) values(23335,2357,'2015款 Model S P90D','2015款',10,1,1027500,1027500);
insert into t_car_model(cm_id , cs_id , cm_name,cm_type ,cm_order , cm_state , cm_min_price , cm_max_price) values(19217,2357,'2014款 Model S 60','2014款',1,1,648000,648000);
insert into t_car_model(cm_id , cs_id , cm_name,cm_type ,cm_order , cm_state , cm_min_price , cm_max_price) values(18113,2357,'2014款 Model S 85','2014款',2,1,734000,734000);
insert into t_car_model(cm_id , cs_id , cm_name,cm_type ,cm_order , cm_state , cm_min_price , cm_max_price) values(11053,2357,'2014款 Model S P85','2014款',3,1,852500,852500);
insert into t_car_series(cs_id,cbf_id,cs_name,cs_order,cs_letter) values(2664,318,'Model X',4396,'M');
insert into t_car_model(cm_id , cs_id , cm_name,cm_type ,cm_order , cm_state , cm_min_price , cm_max_price) values(49683,2664,'2021款 双电机全轮驱动版','2021款',1,1,939990,939990);
insert into t_car_model(cm_id , cs_id , cm_name,cm_type ,cm_order , cm_state , cm_min_price , cm_max_price) values(49684,2664,'2021款 三电机全轮驱动 Plaid版','2021款',2,1,999990,999990);
insert into t_car_model(cm_id , cs_id , cm_name,cm_type ,cm_order , cm_state , cm_min_price , cm_max_price) values(48343,2664,'2020款 长续航升级版','2020款',1,1,772900,772900);
insert into t_car_model(cm_id , cs_id , cm_name,cm_type ,cm_order , cm_state , cm_min_price , cm_max_price) values(48344,2664,'2020款 Performance 高性能版','2020款',2,1,872900,872900);
insert into t_car_model(cm_id , cs_id , cm_name,cm_type ,cm_order , cm_state , cm_min_price , cm_max_price) values(39115,2664,'2019款 标准续航版','2019款',1,1,737100,737100);
insert into t_car_model(cm_id , cs_id , cm_name,cm_type ,cm_order , cm_state , cm_min_price , cm_max_price) values(39116,2664,'2019款 长续航版','2019款',2,1,772900,772900);
insert into t_car_model(cm_id , cs_id , cm_name,cm_type ,cm_order , cm_state , cm_min_price , cm_max_price) values(39117,2664,'2019款 Performance 高性能版','2019款',3,1,872900,872900);
insert into t_car_model(cm_id , cs_id , cm_name,cm_type ,cm_order , cm_state , cm_min_price , cm_max_price) values(29113,2664,'2017款 Model X 100D 长续航版','2017款',1,1,794000,794000);
insert into t_car_model(cm_id , cs_id , cm_name,cm_type ,cm_order , cm_state , cm_min_price , cm_max_price) values(27045,2664,'2016款 Model X 60D','2016款',1,1,754400,754400);
insert into t_car_model(cm_id , cs_id , cm_name,cm_type ,cm_order , cm_state , cm_min_price , cm_max_price) values(26916,2664,'2016款 Model X 75D','2016款',2,1,796800,796800);
insert into t_car_model(cm_id , cs_id , cm_name,cm_type ,cm_order , cm_state , cm_min_price , cm_max_price) values(25172,2664,'2016款 Model X 90D','2016款',3,1,984700,984700);
insert into t_car_model(cm_id , cs_id , cm_name,cm_type ,cm_order , cm_state , cm_min_price , cm_max_price) values(24049,2664,'2016款 Model X P90D','2016款',4,1,1153400,1153400);
insert into t_car_model(cm_id , cs_id , cm_name,cm_type ,cm_order , cm_state , cm_min_price , cm_max_price) values(25171,2664,'2016款 Model X P90D Signature Red','2016款',5,1,1479500,1479500);
insert into t_car_model(cm_id , cs_id , cm_name,cm_type ,cm_order , cm_state , cm_min_price , cm_max_price) values(27452,2664,'2016款 Model X P100D Performance高性能版','2016款',6,1,828500,828500);
insert into t_car_series(cs_id,cbf_id,cs_name,cs_order,cs_letter) values(4078,318,'Model 3(进口)',4397,'M');
insert into t_car_model(cm_id , cs_id , cm_name,cm_type ,cm_order , cm_state , cm_min_price , cm_max_price) values(38737,4078,'2019款 标准续航后驱升级版','2019款',1,1,363900,363900);
insert into t_car_model(cm_id , cs_id , cm_name,cm_type ,cm_order , cm_state , cm_min_price , cm_max_price) values(37760,4078,'2019款 长续航后驱版','2019款',2,1,421000,421000);
insert into t_car_model(cm_id , cs_id , cm_name,cm_type ,cm_order , cm_state , cm_min_price , cm_max_price) values(36961,4078,'2019款 长续航全轮驱动版','2019款',3,1,439900,439900);
insert into t_car_model(cm_id , cs_id , cm_name,cm_type ,cm_order , cm_state , cm_min_price , cm_max_price) values(36317,4078,'2019款 Performance高性能全轮驱动版','2019款',4,1,509900,509900);
