insert into t_car_brand_factory(cbf_id , cb_id , cbf_name ,cbf_letter) values(43,8,'长安福特','C');
insert into t_car_series(cs_id,cbf_id,cs_name,cs_order,cs_letter) values(364,43,'福克斯',1888,'F');
insert into t_car_model(cm_id , cs_id , cm_name,cm_type ,cm_order , cm_state , cm_min_price , cm_max_price) values(48908,364,'2021款 三厢 1.5L 手动锋跃型','2021款',1,1,108800,108800);
insert into t_car_model(cm_id , cs_id , cm_name,cm_type ,cm_order , cm_state , cm_min_price , cm_max_price) values(48909,364,'2021款 三厢 1.5L 自动锋跃型','2021款',2,1,120800,120800);
insert into t_car_model(cm_id , cs_id , cm_name,cm_type ,cm_order , cm_state , cm_min_price , cm_max_price) values(48910,364,'2021款 三厢 EcoBoost 180 自动锋潮型','2021款',3,1,136800,136800);
insert into t_car_model(cm_id , cs_id , cm_name,cm_type ,cm_order , cm_state , cm_min_price , cm_max_price) values(48911,364,'2021款 三厢 EcoBoost 180 自动ST Line','2021款',4,1,150800,150800);
insert into t_car_model(cm_id , cs_id , cm_name,cm_type ,cm_order , cm_state , cm_min_price , cm_max_price) values(48912,364,'2021款 两厢 EcoBoost 180 自动锋潮型','2021款',5,1,136800,136800);
insert into t_car_model(cm_id , cs_id , cm_name,cm_type ,cm_order , cm_state , cm_min_price , cm_max_price) values(48764,364,'2021款 两厢 EcoBoost 180 自动ST Line','2021款',6,1,150800,150800);
insert into t_car_model(cm_id , cs_id , cm_name,cm_type ,cm_order , cm_state , cm_min_price , cm_max_price) values(48692,364,'2021款 猎装版 EcoBoost 180 自动猎潮型','2021款',7,1,153800,153800);
insert into t_car_model(cm_id , cs_id , cm_name,cm_type ,cm_order , cm_state , cm_min_price , cm_max_price) values(43105,364,'2020款 两厢经典 1.5L 自动风尚型','2020款',1,1,122800,122800);
insert into t_car_model(cm_id , cs_id , cm_name,cm_type ,cm_order , cm_state , cm_min_price , cm_max_price) values(40701,364,'2020款 三厢 1.5L 手动锋跃型','2020款',2,1,108800,108800);
insert into t_car_model(cm_id , cs_id , cm_name,cm_type ,cm_order , cm_state , cm_min_price , cm_max_price) values(40702,364,'2020款 三厢 1.5L 自动锋跃型','2020款',3,1,120800,120800);
insert into t_car_model(cm_id , cs_id , cm_name,cm_type ,cm_order , cm_state , cm_min_price , cm_max_price) values(40703,364,'2020款 三厢 EcoBoost 180 自动锋潮型','2020款',4,1,136800,136800);
insert into t_car_model(cm_id , cs_id , cm_name,cm_type ,cm_order , cm_state , cm_min_price , cm_max_price) values(40704,364,'2020款 三厢 EcoBoost 180 自动锋耀型','2020款',5,1,150800,150800);
insert into t_car_model(cm_id , cs_id , cm_name,cm_type ,cm_order , cm_state , cm_min_price , cm_max_price) values(40705,364,'2020款 三厢 EcoBoost 180 自动ST Line','2020款',6,1,150800,150800);
insert into t_car_model(cm_id , cs_id , cm_name,cm_type ,cm_order , cm_state , cm_min_price , cm_max_price) values(40706,364,'2020款 两厢 1.5L 手动锋跃型','2020款',7,1,108800,108800);
insert into t_car_model(cm_id , cs_id , cm_name,cm_type ,cm_order , cm_state , cm_min_price , cm_max_price) values(40707,364,'2020款 两厢 1.5L 自动锋跃型','2020款',8,1,120800,120800);
insert into t_car_model(cm_id , cs_id , cm_name,cm_type ,cm_order , cm_state , cm_min_price , cm_max_price) values(40537,364,'2020款 两厢 EcoBoost 180 自动锋潮型','2020款',9,1,136800,136800);
insert into t_car_model(cm_id , cs_id , cm_name,cm_type ,cm_order , cm_state , cm_min_price , cm_max_price) values(40708,364,'2020款 两厢 EcoBoost 180 自动锋耀型','2020款',10,1,150800,150800);
insert into t_car_model(cm_id , cs_id , cm_name,cm_type ,cm_order , cm_state , cm_min_price , cm_max_price) values(40709,364,'2020款 两厢 EcoBoost 180 自动ST Line','2020款',11,1,150800,150800);
insert into t_car_model(cm_id , cs_id , cm_name,cm_type ,cm_order , cm_state , cm_min_price , cm_max_price) values(35721,364,'2019款 三厢 1.5L 手动锋跃型 国V','2019款',1,1,108800,108800);
insert into t_car_model(cm_id , cs_id , cm_name,cm_type ,cm_order , cm_state , cm_min_price , cm_max_price) values(37741,364,'2019款 三厢 1.5L 手动锋跃型 国VI','2019款',2,1,108800,108800);
insert into t_car_model(cm_id , cs_id , cm_name,cm_type ,cm_order , cm_state , cm_min_price , cm_max_price) values(35722,364,'2019款 三厢 1.5L 自动锋跃型 国V','2019款',3,1,120800,120800);
insert into t_car_model(cm_id , cs_id , cm_name,cm_type ,cm_order , cm_state , cm_min_price , cm_max_price) values(37742,364,'2019款 三厢 1.5L 自动锋跃型 国VI','2019款',4,1,120800,120800);
insert into t_car_model(cm_id , cs_id , cm_name,cm_type ,cm_order , cm_state , cm_min_price , cm_max_price) values(37710,364,'2019款  三厢 1.5L 自动锋潮型 国VI','2019款',5,1,127800,127800);
insert into t_car_model(cm_id , cs_id , cm_name,cm_type ,cm_order , cm_state , cm_min_price , cm_max_price) values(35723,364,'2019款 三厢 EcoBoost 125 自动锋潮型 国V','2019款',6,1,130800,130800);
insert into t_car_model(cm_id , cs_id , cm_name,cm_type ,cm_order , cm_state , cm_min_price , cm_max_price) values(36547,364,'2019款 三厢 EcoBoost 125 自动锋潮型 国VI','2019款',7,1,130800,130800);
insert into t_car_model(cm_id , cs_id , cm_name,cm_type ,cm_order , cm_state , cm_min_price , cm_max_price) values(35724,364,'2019款 三厢 EcoBoost 180 自动锋潮型','2019款',8,1,134800,134800);
insert into t_car_model(cm_id , cs_id , cm_name,cm_type ,cm_order , cm_state , cm_min_price , cm_max_price) values(34230,364,'2019款 三厢 EcoBoost 180 自动锋耀型','2019款',9,1,150800,150800);
insert into t_car_model(cm_id , cs_id , cm_name,cm_type ,cm_order , cm_state , cm_min_price , cm_max_price) values(34232,364,'2019款 三厢 EcoBoost 180 自动ST Line','2019款',10,1,150800,150800);
insert into t_car_model(cm_id , cs_id , cm_name,cm_type ,cm_order , cm_state , cm_min_price , cm_max_price) values(35716,364,'2019款 两厢 1.5L 手动锋跃型 国V','2019款',11,1,108800,108800);
insert into t_car_model(cm_id , cs_id , cm_name,cm_type ,cm_order , cm_state , cm_min_price , cm_max_price) values(37743,364,'2019款 两厢 1.5L 手动锋跃型 国VI','2019款',12,1,108800,108800);
insert into t_car_model(cm_id , cs_id , cm_name,cm_type ,cm_order , cm_state , cm_min_price , cm_max_price) values(35718,364,'2019款 两厢 1.5L 自动锋跃型 国V','2019款',13,1,120800,120800);
insert into t_car_model(cm_id , cs_id , cm_name,cm_type ,cm_order , cm_state , cm_min_price , cm_max_price) values(37744,364,'2019款 两厢 1.5L 自动锋跃型 国VI','2019款',14,1,120800,120800);
insert into t_car_model(cm_id , cs_id , cm_name,cm_type ,cm_order , cm_state , cm_min_price , cm_max_price) values(37711,364,'2019款  两厢 1.5L 自动锋潮型 国VI','2019款',15,1,127800,127800);
insert into t_car_model(cm_id , cs_id , cm_name,cm_type ,cm_order , cm_state , cm_min_price , cm_max_price) values(35717,364,'2019款 两厢 EcoBoost 125 自动锋潮型 国V','2019款',16,1,130800,130800);
insert into t_car_model(cm_id , cs_id , cm_name,cm_type ,cm_order , cm_state , cm_min_price , cm_max_price) values(36548,364,'2019款 两厢 EcoBoost 125 自动锋潮型 国VI','2019款',17,1,130800,130800);
insert into t_car_model(cm_id , cs_id , cm_name,cm_type ,cm_order , cm_state , cm_min_price , cm_max_price) values(35720,364,'2019款 两厢 EcoBoost 180 自动锋潮型','2019款',18,1,134800,134800);
insert into t_car_model(cm_id , cs_id , cm_name,cm_type ,cm_order , cm_state , cm_min_price , cm_max_price) values(34229,364,'2019款 两厢 EcoBoost 180 自动锋耀型','2019款',19,1,150800,150800);
insert into t_car_model(cm_id , cs_id , cm_name,cm_type ,cm_order , cm_state , cm_min_price , cm_max_price) values(34231,364,'2019款 两厢 EcoBoost 180 自动ST Line','2019款',20,1,150800,150800);
insert into t_car_model(cm_id , cs_id , cm_name,cm_type ,cm_order , cm_state , cm_min_price , cm_max_price) values(32595,364,'2018款 两厢经典 1.6L 手动舒适型智行版','2018款',1,1,99800,99800);
insert into t_car_model(cm_id , cs_id , cm_name,cm_type ,cm_order , cm_state , cm_min_price , cm_max_price) values(32597,364,'2018款 两厢经典 1.6L 手动风尚型智行版','2018款',2,1,111800,111800);
insert into t_car_model(cm_id , cs_id , cm_name,cm_type ,cm_order , cm_state , cm_min_price , cm_max_price) values(32596,364,'2018款 两厢经典 1.6L 自动舒适型智行版','2018款',3,1,110800,110800);
insert into t_car_model(cm_id , cs_id , cm_name,cm_type ,cm_order , cm_state , cm_min_price , cm_max_price) values(32598,364,'2018款 两厢经典 1.6L 自动风尚型智行版','2018款',4,1,122800,122800);
insert into t_car_model(cm_id , cs_id , cm_name,cm_type ,cm_order , cm_state , cm_min_price , cm_max_price) values(32599,364,'2018款 两厢经典 EcoBoost 125 手动超能风尚型智行版','2018款',5,1,111800,111800);
insert into t_car_model(cm_id , cs_id , cm_name,cm_type ,cm_order , cm_state , cm_min_price , cm_max_price) values(32600,364,'2018款 两厢经典 EcoBoost 125 自动超能风尚型智行版','2018款',6,1,122800,122800);
insert into t_car_model(cm_id , cs_id , cm_name,cm_type ,cm_order , cm_state , cm_min_price , cm_max_price) values(32601,364,'2018款 两厢经典 EcoBoost 180 自动精英型','2018款',7,1,133800,133800);
insert into t_car_model(cm_id , cs_id , cm_name,cm_type ,cm_order , cm_state , cm_min_price , cm_max_price) values(32602,364,'2018款 两厢经典 EcoBoost 180 自动运动型','2018款',8,1,149800,149800);
insert into t_car_model(cm_id , cs_id , cm_name,cm_type ,cm_order , cm_state , cm_min_price , cm_max_price) values(32603,364,'2018款 三厢经典 1.6L 手动舒适型智行版','2018款',9,1,115800,115800);
insert into t_car_model(cm_id , cs_id , cm_name,cm_type ,cm_order , cm_state , cm_min_price , cm_max_price) values(32604,364,'2018款 三厢经典 1.6L 自动舒适型智行版','2018款',10,1,126800,126800);
insert into t_car_model(cm_id , cs_id , cm_name,cm_type ,cm_order , cm_state , cm_min_price , cm_max_price) values(32605,364,'2018款 三厢经典 1.6L 手动风尚型智行版','2018款',11,1,127800,127800);
insert into t_car_model(cm_id , cs_id , cm_name,cm_type ,cm_order , cm_state , cm_min_price , cm_max_price) values(32606,364,'2018款 三厢经典 1.6L 自动风尚型智行版','2018款',12,1,138800,138800);
insert into t_car_model(cm_id , cs_id , cm_name,cm_type ,cm_order , cm_state , cm_min_price , cm_max_price) values(32607,364,'2018款 三厢经典 EcoBoost 125 手动超能风尚型智行版','2018款',13,1,127800,127800);
insert into t_car_model(cm_id , cs_id , cm_name,cm_type ,cm_order , cm_state , cm_min_price , cm_max_price) values(32608,364,'2018款 三厢经典 EcoBoost 125 自动超能风尚型智行版','2018款',14,1,138800,138800);
insert into t_car_model(cm_id , cs_id , cm_name,cm_type ,cm_order , cm_state , cm_min_price , cm_max_price) values(32609,364,'2018款 三厢经典 EcoBoost 180 自动精英型','2018款',15,1,149800,149800);
insert into t_car_model(cm_id , cs_id , cm_name,cm_type ,cm_order , cm_state , cm_min_price , cm_max_price) values(32610,364,'2018款 三厢经典 EcoBoost 180 自动旗舰型','2018款',16,1,165800,165800);
insert into t_car_model(cm_id , cs_id , cm_name,cm_type ,cm_order , cm_state , cm_min_price , cm_max_price) values(27265,364,'2017款 两厢 1.6L 手动舒适型智行版','2017款',1,1,115800,115800);
insert into t_car_model(cm_id , cs_id , cm_name,cm_type ,cm_order , cm_state , cm_min_price , cm_max_price) values(27264,364,'2017款 两厢 1.6L 自动舒适型智行版','2017款',2,1,126800,126800);
insert into t_car_model(cm_id , cs_id , cm_name,cm_type ,cm_order , cm_state , cm_min_price , cm_max_price) values(27263,364,'2017款 两厢 1.6L 手动风尚型智行版','2017款',3,1,127800,127800);
insert into t_car_model(cm_id , cs_id , cm_name,cm_type ,cm_order , cm_state , cm_min_price , cm_max_price) values(27262,364,'2017款 两厢 1.6L 自动风尚型智行版','2017款',4,1,138800,138800);
insert into t_car_model(cm_id , cs_id , cm_name,cm_type ,cm_order , cm_state , cm_min_price , cm_max_price) values(27261,364,'2017款 两厢 EcoBoost 125 手动超能风尚型智行版','2017款',5,1,130800,130800);
insert into t_car_model(cm_id , cs_id , cm_name,cm_type ,cm_order , cm_state , cm_min_price , cm_max_price) values(27260,364,'2017款 两厢 EcoBoost 125 自动超能风尚型智行版','2017款',6,1,141800,141800);
insert into t_car_model(cm_id , cs_id , cm_name,cm_type ,cm_order , cm_state , cm_min_price , cm_max_price) values(27259,364,'2017款 两厢 EcoBoost 180 自动精英型','2017款',7,1,149800,149800);
insert into t_car_model(cm_id , cs_id , cm_name,cm_type ,cm_order , cm_state , cm_min_price , cm_max_price) values(27208,364,'2017款 两厢 EcoBoost 180 自动运动型','2017款',8,1,165800,165800);
insert into t_car_model(cm_id , cs_id , cm_name,cm_type ,cm_order , cm_state , cm_min_price , cm_max_price) values(30796,364,'2017款 1.5T CTCC 白黑限量版','2017款',9,1,153300,153300);
insert into t_car_model(cm_id , cs_id , cm_name,cm_type ,cm_order , cm_state , cm_min_price , cm_max_price) values(30069,364,'2017款 1.5T CTCC 红黑限量版','2017款',10,1,153300,153300);
insert into t_car_model(cm_id , cs_id , cm_name,cm_type ,cm_order , cm_state , cm_min_price , cm_max_price) values(27273,364,'2017款 三厢 1.6L 手动舒适型智行版','2017款',11,1,115800,115800);
insert into t_car_model(cm_id , cs_id , cm_name,cm_type ,cm_order , cm_state , cm_min_price , cm_max_price) values(27272,364,'2017款 三厢 1.6L 自动舒适型智行版','2017款',12,1,126800,126800);
insert into t_car_model(cm_id , cs_id , cm_name,cm_type ,cm_order , cm_state , cm_min_price , cm_max_price) values(27271,364,'2017款 三厢 1.6L 手动风尚型智行版','2017款',13,1,127800,127800);
insert into t_car_model(cm_id , cs_id , cm_name,cm_type ,cm_order , cm_state , cm_min_price , cm_max_price) values(27270,364,'2017款 三厢 1.6L 自动风尚型智行版','2017款',14,1,138800,138800);
insert into t_car_model(cm_id , cs_id , cm_name,cm_type ,cm_order , cm_state , cm_min_price , cm_max_price) values(27269,364,'2017款 三厢 EcoBoost 125 手动超能风尚型智行版','2017款',15,1,130800,130800);
insert into t_car_model(cm_id , cs_id , cm_name,cm_type ,cm_order , cm_state , cm_min_price , cm_max_price) values(27268,364,'2017款 三厢 EcoBoost 125 自动超能风尚型智行版','2017款',16,1,141800,141800);
insert into t_car_model(cm_id , cs_id , cm_name,cm_type ,cm_order , cm_state , cm_min_price , cm_max_price) values(27267,364,'2017款 三厢 EcoBoost 180 自动精英型','2017款',17,1,149800,149800);
insert into t_car_model(cm_id , cs_id , cm_name,cm_type ,cm_order , cm_state , cm_min_price , cm_max_price) values(27266,364,'2017款 三厢 EcoBoost 180 自动旗舰型','2017款',18,1,165800,165800);
insert into t_car_model(cm_id , cs_id , cm_name,cm_type ,cm_order , cm_state , cm_min_price , cm_max_price) values(23089,364,'2015款 两厢 1.6L 手动舒适型','2015款',1,1,113800,113800);
insert into t_car_model(cm_id , cs_id , cm_name,cm_type ,cm_order , cm_state , cm_min_price , cm_max_price) values(23090,364,'2015款 两厢 1.6L 自动舒适型','2015款',2,1,124800,124800);
insert into t_car_model(cm_id , cs_id , cm_name,cm_type ,cm_order , cm_state , cm_min_price , cm_max_price) values(23091,364,'2015款 两厢 1.6L 手动风尚型','2015款',3,1,125800,125800);
insert into t_car_model(cm_id , cs_id , cm_name,cm_type ,cm_order , cm_state , cm_min_price , cm_max_price) values(23092,364,'2015款 两厢 1.6L 自动风尚型','2015款',4,1,136800,136800);
insert into t_car_model(cm_id , cs_id , cm_name,cm_type ,cm_order , cm_state , cm_min_price , cm_max_price) values(23093,364,'2015款 两厢 EcoBoost 125 手动超能风尚型','2015款',5,1,128800,128800);
insert into t_car_model(cm_id , cs_id , cm_name,cm_type ,cm_order , cm_state , cm_min_price , cm_max_price) values(23094,364,'2015款 两厢 EcoBoost 125 自动超能风尚型','2015款',6,1,139800,139800);
insert into t_car_model(cm_id , cs_id , cm_name,cm_type ,cm_order , cm_state , cm_min_price , cm_max_price) values(23095,364,'2015款 两厢 EcoBoost 180 自动精英型','2015款',7,1,149800,149800);
insert into t_car_model(cm_id , cs_id , cm_name,cm_type ,cm_order , cm_state , cm_min_price , cm_max_price) values(22452,364,'2015款 两厢 EcoBoost 180 自动运动型','2015款',8,1,165800,165800);
insert into t_car_model(cm_id , cs_id , cm_name,cm_type ,cm_order , cm_state , cm_min_price , cm_max_price) values(23096,364,'2015款 三厢 1.6L 手动舒适型','2015款',9,1,113800,113800);
insert into t_car_model(cm_id , cs_id , cm_name,cm_type ,cm_order , cm_state , cm_min_price , cm_max_price) values(23097,364,'2015款 三厢 1.6L 自动舒适型','2015款',10,1,124800,124800);
insert into t_car_model(cm_id , cs_id , cm_name,cm_type ,cm_order , cm_state , cm_min_price , cm_max_price) values(23098,364,'2015款 三厢 1.6L 手动风尚型','2015款',11,1,125800,125800);
insert into t_car_model(cm_id , cs_id , cm_name,cm_type ,cm_order , cm_state , cm_min_price , cm_max_price) values(23099,364,'2015款 三厢 1.6L 自动风尚型','2015款',12,1,136800,136800);
insert into t_car_model(cm_id , cs_id , cm_name,cm_type ,cm_order , cm_state , cm_min_price , cm_max_price) values(23100,364,'2015款 三厢 EcoBoost 125 手动超能风尚型','2015款',13,1,128800,128800);
insert into t_car_model(cm_id , cs_id , cm_name,cm_type ,cm_order , cm_state , cm_min_price , cm_max_price) values(23101,364,'2015款 三厢 EcoBoost 125 自动超能风尚型','2015款',14,1,139800,139800);
insert into t_car_model(cm_id , cs_id , cm_name,cm_type ,cm_order , cm_state , cm_min_price , cm_max_price) values(23102,364,'2015款 三厢 EcoBoost 180 自动精英型','2015款',15,1,149800,149800);
insert into t_car_model(cm_id , cs_id , cm_name,cm_type ,cm_order , cm_state , cm_min_price , cm_max_price) values(22451,364,'2015款 三厢 EcoBoost 180 自动旗舰型','2015款',16,1,165800,165800);
insert into t_car_model(cm_id , cs_id , cm_name,cm_type ,cm_order , cm_state , cm_min_price , cm_max_price) values(20403,364,'2014款 两厢经典 1.8L 手动酷白典藏版','2014款',1,1,113800,113800);
insert into t_car_model(cm_id , cs_id , cm_name,cm_type ,cm_order , cm_state , cm_min_price , cm_max_price) values(20328,364,'2014款 两厢经典 1.8L 自动酷白典藏版','2014款',2,1,124800,124800);
insert into t_car_model(cm_id , cs_id , cm_name,cm_type ,cm_order , cm_state , cm_min_price , cm_max_price) values(16078,364,'2013款 两厢经典 1.8L 手动百万纪念版','2013款',1,1,105300,105300);
insert into t_car_model(cm_id , cs_id , cm_name,cm_type ,cm_order , cm_state , cm_min_price , cm_max_price) values(16079,364,'2013款 两厢经典 1.8L 自动百万纪念版','2013款',2,1,115300,115300);
insert into t_car_model(cm_id , cs_id , cm_name,cm_type ,cm_order , cm_state , cm_min_price , cm_max_price) values(14945,364,'2013款 三厢经典 1.8L 手动基本型','2013款',3,1,99800,99800);
insert into t_car_model(cm_id , cs_id , cm_name,cm_type ,cm_order , cm_state , cm_min_price , cm_max_price) values(16082,364,'2013款 三厢经典 1.8L 手动百万纪念版','2013款',4,1,105300,105300);
insert into t_car_model(cm_id , cs_id , cm_name,cm_type ,cm_order , cm_state , cm_min_price , cm_max_price) values(14946,364,'2013款 三厢经典 1.8L 自动基本型','2013款',5,1,109800,109800);
insert into t_car_model(cm_id , cs_id , cm_name,cm_type ,cm_order , cm_state , cm_min_price , cm_max_price) values(14947,364,'2013款 三厢经典 1.8L 手动时尚型','2013款',6,1,112800,112800);
insert into t_car_model(cm_id , cs_id , cm_name,cm_type ,cm_order , cm_state , cm_min_price , cm_max_price) values(16083,364,'2013款 三厢经典 1.8L 自动百万纪念版','2013款',7,1,115300,115300);
insert into t_car_model(cm_id , cs_id , cm_name,cm_type ,cm_order , cm_state , cm_min_price , cm_max_price) values(14948,364,'2013款 三厢经典 1.8L 自动时尚型','2013款',8,1,123800,123800);
insert into t_car_model(cm_id , cs_id , cm_name,cm_type ,cm_order , cm_state , cm_min_price , cm_max_price) values(14941,364,'2013款 两厢经典 1.8L 手动基本型','2013款',9,1,99800,99800);
insert into t_car_model(cm_id , cs_id , cm_name,cm_type ,cm_order , cm_state , cm_min_price , cm_max_price) values(14942,364,'2013款 两厢经典 1.8L 自动基本型','2013款',10,1,109800,109800);
insert into t_car_model(cm_id , cs_id , cm_name,cm_type ,cm_order , cm_state , cm_min_price , cm_max_price) values(14943,364,'2013款 两厢经典 1.8L 手动时尚型','2013款',11,1,112800,112800);
insert into t_car_model(cm_id , cs_id , cm_name,cm_type ,cm_order , cm_state , cm_min_price , cm_max_price) values(14944,364,'2013款 两厢经典 1.8L 自动时尚型','2013款',12,1,123800,123800);
insert into t_car_model(cm_id , cs_id , cm_name,cm_type ,cm_order , cm_state , cm_min_price , cm_max_price) values(12817,364,'2012款 两厢经典 1.8L 手动基本型','2012款',1,1,99800,99800);
insert into t_car_model(cm_id , cs_id , cm_name,cm_type ,cm_order , cm_state , cm_min_price , cm_max_price) values(12818,364,'2012款 两厢经典 1.8L 自动基本型','2012款',2,1,109800,109800);
insert into t_car_model(cm_id , cs_id , cm_name,cm_type ,cm_order , cm_state , cm_min_price , cm_max_price) values(12819,364,'2012款 两厢经典 1.8L 手动时尚型','2012款',3,1,112800,112800);
insert into t_car_model(cm_id , cs_id , cm_name,cm_type ,cm_order , cm_state , cm_min_price , cm_max_price) values(12820,364,'2012款 两厢经典 1.8L 自动时尚型','2012款',4,1,123800,123800);
insert into t_car_model(cm_id , cs_id , cm_name,cm_type ,cm_order , cm_state , cm_min_price , cm_max_price) values(12821,364,'2012款 三厢经典 1.8L 手动基本型','2012款',5,1,99800,99800);
insert into t_car_model(cm_id , cs_id , cm_name,cm_type ,cm_order , cm_state , cm_min_price , cm_max_price) values(12822,364,'2012款 三厢经典 1.8L 自动基本型','2012款',6,1,109800,109800);
insert into t_car_model(cm_id , cs_id , cm_name,cm_type ,cm_order , cm_state , cm_min_price , cm_max_price) values(12823,364,'2012款 三厢经典 1.8L 手动时尚型','2012款',7,1,112800,112800);
insert into t_car_model(cm_id , cs_id , cm_name,cm_type ,cm_order , cm_state , cm_min_price , cm_max_price) values(12824,364,'2012款 三厢经典 1.8L 自动时尚型','2012款',8,1,123800,123800);
insert into t_car_model(cm_id , cs_id , cm_name,cm_type ,cm_order , cm_state , cm_min_price , cm_max_price) values(12126,364,'2012款 两厢 1.6L 手动舒适型','2012款',9,1,119900,119900);
insert into t_car_model(cm_id , cs_id , cm_name,cm_type ,cm_order , cm_state , cm_min_price , cm_max_price) values(12127,364,'2012款 两厢 1.6L 自动舒适型','2012款',10,1,130900,130900);
insert into t_car_model(cm_id , cs_id , cm_name,cm_type ,cm_order , cm_state , cm_min_price , cm_max_price) values(12128,364,'2012款 两厢 1.6L 手动风尚型','2012款',11,1,132900,132900);
insert into t_car_model(cm_id , cs_id , cm_name,cm_type ,cm_order , cm_state , cm_min_price , cm_max_price) values(12129,364,'2012款 两厢 1.6L 自动风尚型','2012款',12,1,143900,143900);
insert into t_car_model(cm_id , cs_id , cm_name,cm_type ,cm_order , cm_state , cm_min_price , cm_max_price) values(12130,364,'2012款 两厢 2.0L 手动豪华运动型','2012款',13,1,151900,151900);
insert into t_car_model(cm_id , cs_id , cm_name,cm_type ,cm_order , cm_state , cm_min_price , cm_max_price) values(12131,364,'2012款 两厢 2.0L 自动豪华运动型','2012款',14,1,162900,162900);
insert into t_car_model(cm_id , cs_id , cm_name,cm_type ,cm_order , cm_state , cm_min_price , cm_max_price) values(12132,364,'2012款 三厢 1.6L 手动舒适型','2012款',15,1,119900,119900);
insert into t_car_model(cm_id , cs_id , cm_name,cm_type ,cm_order , cm_state , cm_min_price , cm_max_price) values(12133,364,'2012款 三厢 1.6L 自动舒适型','2012款',16,1,130900,130900);
insert into t_car_model(cm_id , cs_id , cm_name,cm_type ,cm_order , cm_state , cm_min_price , cm_max_price) values(12134,364,'2012款 三厢 1.6L 手动风尚型','2012款',17,1,132900,132900);
insert into t_car_model(cm_id , cs_id , cm_name,cm_type ,cm_order , cm_state , cm_min_price , cm_max_price) values(12135,364,'2012款 三厢 1.6L 自动风尚型','2012款',18,1,143900,143900);
insert into t_car_model(cm_id , cs_id , cm_name,cm_type ,cm_order , cm_state , cm_min_price , cm_max_price) values(12136,364,'2012款 三厢 1.6L 自动尊贵型','2012款',19,1,154900,154900);
insert into t_car_model(cm_id , cs_id , cm_name,cm_type ,cm_order , cm_state , cm_min_price , cm_max_price) values(12137,364,'2012款 三厢 2.0L 自动旗舰型','2012款',20,1,169900,169900);
insert into t_car_model(cm_id , cs_id , cm_name,cm_type ,cm_order , cm_state , cm_min_price , cm_max_price) values(8010,364,'2011款 两厢 1.8L 手动经典型','2011款',1,1,104800,104800);
insert into t_car_model(cm_id , cs_id , cm_name,cm_type ,cm_order , cm_state , cm_min_price , cm_max_price) values(8015,364,'2011款 两厢 1.8L 手动舒适型','2011款',2,1,114800,114800);
insert into t_car_model(cm_id , cs_id , cm_name,cm_type ,cm_order , cm_state , cm_min_price , cm_max_price) values(8016,364,'2011款 两厢 1.8L 自动时尚型','2011款',3,1,127800,127800);
insert into t_car_model(cm_id , cs_id , cm_name,cm_type ,cm_order , cm_state , cm_min_price , cm_max_price) values(8017,364,'2011款 两厢 2.0L 手动运动型','2011款',4,1,142800,142800);
insert into t_car_model(cm_id , cs_id , cm_name,cm_type ,cm_order , cm_state , cm_min_price , cm_max_price) values(8018,364,'2011款 两厢 2.0L 自动运动型','2011款',5,1,148800,148800);
insert into t_car_model(cm_id , cs_id , cm_name,cm_type ,cm_order , cm_state , cm_min_price , cm_max_price) values(8009,364,'2011款 三厢 1.8L 手动经典型','2011款',6,1,104800,104800);
insert into t_car_model(cm_id , cs_id , cm_name,cm_type ,cm_order , cm_state , cm_min_price , cm_max_price) values(8011,364,'2011款 三厢 1.8L 手动舒适型','2011款',7,1,114800,114800);
insert into t_car_model(cm_id , cs_id , cm_name,cm_type ,cm_order , cm_state , cm_min_price , cm_max_price) values(8012,364,'2011款 三厢 1.8L 自动时尚型','2011款',8,1,127800,127800);
insert into t_car_model(cm_id , cs_id , cm_name,cm_type ,cm_order , cm_state , cm_min_price , cm_max_price) values(8013,364,'2011款 三厢 1.8L 自动豪华型','2011款',9,1,140800,140800);
insert into t_car_model(cm_id , cs_id , cm_name,cm_type ,cm_order , cm_state , cm_min_price , cm_max_price) values(8014,364,'2011款 三厢 2.0L 自动豪华型','2011款',10,1,146800,146800);
insert into t_car_model(cm_id , cs_id , cm_name,cm_type ,cm_order , cm_state , cm_min_price , cm_max_price) values(6358,364,'2010款 两厢 2.0L SVP限量版','2010款',1,1,147900,147900);
insert into t_car_model(cm_id , cs_id , cm_name,cm_type ,cm_order , cm_state , cm_min_price , cm_max_price) values(4274,364,'2009款 三厢 1.8L 手动舒适型','2009款',1,1,118900,118900);
insert into t_car_model(cm_id , cs_id , cm_name,cm_type ,cm_order , cm_state , cm_min_price , cm_max_price) values(4275,364,'2009款 三厢 1.8L 自动时尚型','2009款',2,1,134900,134900);
insert into t_car_model(cm_id , cs_id , cm_name,cm_type ,cm_order , cm_state , cm_min_price , cm_max_price) values(4760,364,'2009款 三厢 1.8L 自动豪华型','2009款',3,1,145900,145900);
insert into t_car_model(cm_id , cs_id , cm_name,cm_type ,cm_order , cm_state , cm_min_price , cm_max_price) values(4276,364,'2009款 三厢 2.0L 自动豪华型','2009款',4,1,151900,151900);
insert into t_car_model(cm_id , cs_id , cm_name,cm_type ,cm_order , cm_state , cm_min_price , cm_max_price) values(4277,364,'2009款 两厢 1.8L 手动舒适型','2009款',5,1,118900,118900);
insert into t_car_model(cm_id , cs_id , cm_name,cm_type ,cm_order , cm_state , cm_min_price , cm_max_price) values(4278,364,'2009款 两厢 1.8L 自动时尚型','2009款',6,1,134900,134900);
insert into t_car_model(cm_id , cs_id , cm_name,cm_type ,cm_order , cm_state , cm_min_price , cm_max_price) values(4279,364,'2009款 两厢 2.0L 手动运动型','2009款',7,1,147900,147900);
insert into t_car_model(cm_id , cs_id , cm_name,cm_type ,cm_order , cm_state , cm_min_price , cm_max_price) values(4280,364,'2009款 两厢 2.0L 自动运动型','2009款',8,1,153900,153900);
insert into t_car_model(cm_id , cs_id , cm_name,cm_type ,cm_order , cm_state , cm_min_price , cm_max_price) values(2863,364,'2007款 三厢 1.8L 手动舒适型','2007款',1,1,123800,123800);
insert into t_car_model(cm_id , cs_id , cm_name,cm_type ,cm_order , cm_state , cm_min_price , cm_max_price) values(2869,364,'2007款 三厢 1.8L 自动时尚型','2007款',2,1,139800,139800);
insert into t_car_model(cm_id , cs_id , cm_name,cm_type ,cm_order , cm_state , cm_min_price , cm_max_price) values(4123,364,'2007款 三厢 1.8L 自动时尚精英型','2007款',3,1,139800,139800);
insert into t_car_model(cm_id , cs_id , cm_name,cm_type ,cm_order , cm_state , cm_min_price , cm_max_price) values(2873,364,'2007款 三厢 2.0L 自动豪华型','2007款',4,1,153800,153800);
insert into t_car_model(cm_id , cs_id , cm_name,cm_type ,cm_order , cm_state , cm_min_price , cm_max_price) values(2868,364,'2007款 两厢 1.8L 手动舒适型','2007款',5,1,123800,123800);
insert into t_car_model(cm_id , cs_id , cm_name,cm_type ,cm_order , cm_state , cm_min_price , cm_max_price) values(2870,364,'2007款 两厢 1.8L 自动时尚型','2007款',6,1,139800,139800);
insert into t_car_model(cm_id , cs_id , cm_name,cm_type ,cm_order , cm_state , cm_min_price , cm_max_price) values(2871,364,'2007款 两厢 2.0L 手动运动版','2007款',7,1,147800,147800);
insert into t_car_model(cm_id , cs_id , cm_name,cm_type ,cm_order , cm_state , cm_min_price , cm_max_price) values(2872,364,'2007款 两厢 2.0L 自动运动版','2007款',8,1,153800,153800);
insert into t_car_model(cm_id , cs_id , cm_name,cm_type ,cm_order , cm_state , cm_min_price , cm_max_price) values(2452,364,'2006款 两厢 1.8L 手动基本型','2006款',1,1,129800,129800);
insert into t_car_model(cm_id , cs_id , cm_name,cm_type ,cm_order , cm_state , cm_min_price , cm_max_price) values(2449,364,'2006款 两厢 1.8L 手动经典型','2006款',2,1,129800,129800);
insert into t_car_model(cm_id , cs_id , cm_name,cm_type ,cm_order , cm_state , cm_min_price , cm_max_price) values(2450,364,'2006款 两厢 1.8L 自动时尚型','2006款',3,1,149800,149800);
insert into t_car_model(cm_id , cs_id , cm_name,cm_type ,cm_order , cm_state , cm_min_price , cm_max_price) values(2451,364,'2006款 两厢 2.0L 手动运动版','2006款',4,1,159800,159800);
insert into t_car_model(cm_id , cs_id , cm_name,cm_type ,cm_order , cm_state , cm_min_price , cm_max_price) values(1381,364,'2005款 三厢 1.8L 手动经典型','2005款',1,1,129800,129800);
insert into t_car_model(cm_id , cs_id , cm_name,cm_type ,cm_order , cm_state , cm_min_price , cm_max_price) values(1820,364,'2005款 三厢 1.8L 自动时尚型','2005款',2,1,149800,149800);
insert into t_car_model(cm_id , cs_id , cm_name,cm_type ,cm_order , cm_state , cm_min_price , cm_max_price) values(1965,364,'2005款 三厢 2.0L 手动运动版','2005款',3,1,165800,165800);
insert into t_car_model(cm_id , cs_id , cm_name,cm_type ,cm_order , cm_state , cm_min_price , cm_max_price) values(1821,364,'2005款 三厢 2.0L 自动豪华型','2005款',4,1,165800,165800);
insert into t_car_series(cs_id,cbf_id,cs_name,cs_order,cs_letter) values(5383,43,'福克斯Active',1889,'F');
insert into t_car_model(cm_id , cs_id , cm_name,cm_type ,cm_order , cm_state , cm_min_price , cm_max_price) values(48907,5383,'2021款 EcoBoost 180 自动劲潮型','2021款',1,1,139800,139800);
insert into t_car_model(cm_id , cs_id , cm_name,cm_type ,cm_order , cm_state , cm_min_price , cm_max_price) values(41063,5383,'2020款 EcoBoost 180 自动劲潮型','2020款',1,1,139800,139800);
insert into t_car_model(cm_id , cs_id , cm_name,cm_type ,cm_order , cm_state , cm_min_price , cm_max_price) values(41062,5383,'2020款 EcoBoost 180 自动劲耀型','2020款',2,1,153800,153800);
insert into t_car_series(cs_id,cbf_id,cs_name,cs_order,cs_letter) values(3347,43,'福睿斯',1890,'F');
insert into t_car_model(cm_id , cs_id , cm_name,cm_type ,cm_order , cm_state , cm_min_price , cm_max_price) values(50615,3347,'2021款 1.5L 自动黄金版','2021款',1,1,90800,90800);
insert into t_car_model(cm_id , cs_id , cm_name,cm_type ,cm_order , cm_state , cm_min_price , cm_max_price) values(50616,3347,'2021款 1.5L 自动铂金版','2021款',2,1,97800,97800);
insert into t_car_model(cm_id , cs_id , cm_name,cm_type ,cm_order , cm_state , cm_min_price , cm_max_price) values(50617,3347,'2021款 1.5L 自动钻石版','2021款',3,1,103800,103800);
insert into t_car_model(cm_id , cs_id , cm_name,cm_type ,cm_order , cm_state , cm_min_price , cm_max_price) values(50514,3347,'2021款 1.5L 自动荣耀版','2021款',4,1,116800,116800);
insert into t_car_model(cm_id , cs_id , cm_name,cm_type ,cm_order , cm_state , cm_min_price , cm_max_price) values(36408,3347,'2019款 1.5L 手动质享型','2019款',1,1,87800,87800);
insert into t_car_model(cm_id , cs_id , cm_name,cm_type ,cm_order , cm_state , cm_min_price , cm_max_price) values(41836,3347,'2019款 改款 1.5L 手动质享型（胎压监测） 国VI','2019款',2,1,80800,80800);
insert into t_car_model(cm_id , cs_id , cm_name,cm_type ,cm_order , cm_state , cm_min_price , cm_max_price) values(36409,3347,'2019款 1.5L 自动质享型','2019款',3,1,94800,94800);
insert into t_car_model(cm_id , cs_id , cm_name,cm_type ,cm_order , cm_state , cm_min_price , cm_max_price) values(41838,3347,'2019款 改款 1.5L 自动质享型（胎压监测） 国VI','2019款',4,1,90800,90800);
insert into t_car_model(cm_id , cs_id , cm_name,cm_type ,cm_order , cm_state , cm_min_price , cm_max_price) values(36410,3347,'2019款 1.5L 手动悦享型','2019款',5,1,96800,96800);
insert into t_car_model(cm_id , cs_id , cm_name,cm_type ,cm_order , cm_state , cm_min_price , cm_max_price) values(36411,3347,'2019款 1.5L 自动悦享型','2019款',6,1,103800,103800);
insert into t_car_model(cm_id , cs_id , cm_name,cm_type ,cm_order , cm_state , cm_min_price , cm_max_price) values(34228,3347,'2019款 EcoBoost 125 自动臻享型','2019款',7,1,119800,119800);
insert into t_car_model(cm_id , cs_id , cm_name,cm_type ,cm_order , cm_state , cm_min_price , cm_max_price) values(40014,3347,'2019款 改款 1.5L 手动质享型 国V','2019款',8,1,79800,79800);
insert into t_car_model(cm_id , cs_id , cm_name,cm_type ,cm_order , cm_state , cm_min_price , cm_max_price) values(40015,3347,'2019款 改款 1.5L 自动质享型 国V','2019款',9,1,89800,89800);
insert into t_car_model(cm_id , cs_id , cm_name,cm_type ,cm_order , cm_state , cm_min_price , cm_max_price) values(40016,3347,'2019款 改款 1.5L 自动悦享型 国V','2019款',10,1,103800,103800);
insert into t_car_model(cm_id , cs_id , cm_name,cm_type ,cm_order , cm_state , cm_min_price , cm_max_price) values(39924,3347,'2019款 改款 1.5L 手动质享型 国VI','2019款',11,1,79800,79800);
insert into t_car_model(cm_id , cs_id , cm_name,cm_type ,cm_order , cm_state , cm_min_price , cm_max_price) values(40017,3347,'2019款 改款 1.5L 自动臻享型 国V','2019款',12,1,116800,116800);
insert into t_car_model(cm_id , cs_id , cm_name,cm_type ,cm_order , cm_state , cm_min_price , cm_max_price) values(39925,3347,'2019款 改款 1.5L 自动质享型 国VI','2019款',13,1,89800,89800);
insert into t_car_model(cm_id , cs_id , cm_name,cm_type ,cm_order , cm_state , cm_min_price , cm_max_price) values(39926,3347,'2019款 改款 1.5L 自动悦享型 国VI','2019款',14,1,103800,103800);
insert into t_car_model(cm_id , cs_id , cm_name,cm_type ,cm_order , cm_state , cm_min_price , cm_max_price) values(39927,3347,'2019款 改款 1.5L 自动臻享型 国VI','2019款',15,1,116800,116800);
insert into t_car_model(cm_id , cs_id , cm_name,cm_type ,cm_order , cm_state , cm_min_price , cm_max_price) values(29930,3347,'2017款 1.5L 手动舒适型','2017款',1,1,96800,96800);
insert into t_car_model(cm_id , cs_id , cm_name,cm_type ,cm_order , cm_state , cm_min_price , cm_max_price) values(29931,3347,'2017款 1.5L 自动舒适型','2017款',2,1,107800,107800);
insert into t_car_model(cm_id , cs_id , cm_name,cm_type ,cm_order , cm_state , cm_min_price , cm_max_price) values(32311,3347,'2017款 改款 1.5L 手动舒适型','2017款',3,1,96800,96800);
insert into t_car_model(cm_id , cs_id , cm_name,cm_type ,cm_order , cm_state , cm_min_price , cm_max_price) values(32312,3347,'2017款 改款 1.5L 自动舒适型','2017款',4,1,107800,107800);
insert into t_car_model(cm_id , cs_id , cm_name,cm_type ,cm_order , cm_state , cm_min_price , cm_max_price) values(29932,3347,'2017款 幸福版 1.5L 手动时尚型','2017款',5,1,110300,110300);
insert into t_car_model(cm_id , cs_id , cm_name,cm_type ,cm_order , cm_state , cm_min_price , cm_max_price) values(29827,3347,'2017款 幸福版 1.5L 自动时尚型','2017款',6,1,122300,122300);
insert into t_car_model(cm_id , cs_id , cm_name,cm_type ,cm_order , cm_state , cm_min_price , cm_max_price) values(20819,3347,'2015款 1.5L 手动舒适型','2015款',1,1,96800,96800);
insert into t_car_model(cm_id , cs_id , cm_name,cm_type ,cm_order , cm_state , cm_min_price , cm_max_price) values(20820,3347,'2015款 1.5L 自动舒适型','2015款',2,1,107800,107800);
insert into t_car_model(cm_id , cs_id , cm_name,cm_type ,cm_order , cm_state , cm_min_price , cm_max_price) values(20821,3347,'2015款 1.5L 手动时尚型','2015款',3,1,107800,107800);
insert into t_car_model(cm_id , cs_id , cm_name,cm_type ,cm_order , cm_state , cm_min_price , cm_max_price) values(18006,3347,'2015款 1.5L 自动时尚型','2015款',4,1,119800,119800);
insert into t_car_series(cs_id,cbf_id,cs_name,cs_order,cs_letter) values(3693,43,'金牛座',1891,'J');
insert into t_car_model(cm_id , cs_id , cm_name,cm_type ,cm_order , cm_state , cm_min_price , cm_max_price) values(41165,3693,'2019款 EcoBoost 245 悦享版','2019款',1,1,228900,228900);
insert into t_car_model(cm_id , cs_id , cm_name,cm_type ,cm_order , cm_state , cm_min_price , cm_max_price) values(39462,3693,'2019款 EcoBoost 245 尊享版','2019款',2,1,248900,248900);
insert into t_car_model(cm_id , cs_id , cm_name,cm_type ,cm_order , cm_state , cm_min_price , cm_max_price) values(39463,3693,'2019款 EcoBoost 245 Vignale臻享版','2019款',3,1,288900,288900);
insert into t_car_model(cm_id , cs_id , cm_name,cm_type ,cm_order , cm_state , cm_min_price , cm_max_price) values(33645,3693,'2018款 EcoBoost 180 豪华型','2018款',1,1,234800,234800);
insert into t_car_model(cm_id , cs_id , cm_name,cm_type ,cm_order , cm_state , cm_min_price , cm_max_price) values(33646,3693,'2018款 EcoBoost 245 时尚型 国V','2018款',2,1,249800,249800);
insert into t_car_model(cm_id , cs_id , cm_name,cm_type ,cm_order , cm_state , cm_min_price , cm_max_price) values(38565,3693,'2018款 EcoBoost 245 时尚型 国VI','2018款',3,1,249800,249800);
insert into t_car_model(cm_id , cs_id , cm_name,cm_type ,cm_order , cm_state , cm_min_price , cm_max_price) values(34063,3693,'2018款 EcoBoost 245 Cognac特别版 国V','2018款',4,1,255800,255800);
insert into t_car_model(cm_id , cs_id , cm_name,cm_type ,cm_order , cm_state , cm_min_price , cm_max_price) values(38566,3693,'2018款 EcoBoost 245 Cognac特别版 国VI','2018款',5,1,255800,255800);
insert into t_car_model(cm_id , cs_id , cm_name,cm_type ,cm_order , cm_state , cm_min_price , cm_max_price) values(33647,3693,'2018款 EcoBoost 245 卓越型 国V','2018款',6,1,269800,269800);
insert into t_car_model(cm_id , cs_id , cm_name,cm_type ,cm_order , cm_state , cm_min_price , cm_max_price) values(38567,3693,'2018款 EcoBoost 245 卓越型 国VI','2018款',7,1,269800,269800);
insert into t_car_model(cm_id , cs_id , cm_name,cm_type ,cm_order , cm_state , cm_min_price , cm_max_price) values(33648,3693,'2018款 EcoBoost 245 LTD限量版 国V','2018款',8,1,299800,299800);
insert into t_car_model(cm_id , cs_id , cm_name,cm_type ,cm_order , cm_state , cm_min_price , cm_max_price) values(38568,3693,'2018款 EcoBoost 245 LTD限量版 国VI','2018款',9,1,299800,299800);
insert into t_car_model(cm_id , cs_id , cm_name,cm_type ,cm_order , cm_state , cm_min_price , cm_max_price) values(33064,3693,'2017款 改款 EcoBoost 180 豪华型','2017款',1,1,234800,234800);
insert into t_car_model(cm_id , cs_id , cm_name,cm_type ,cm_order , cm_state , cm_min_price , cm_max_price) values(33065,3693,'2017款 改款 EcoBoost 180 至尊型','2017款',2,1,254800,254800);
insert into t_car_model(cm_id , cs_id , cm_name,cm_type ,cm_order , cm_state , cm_min_price , cm_max_price) values(33066,3693,'2017款 改款 EcoBoost 245 时尚型','2017款',3,1,249800,249800);
insert into t_car_model(cm_id , cs_id , cm_name,cm_type ,cm_order , cm_state , cm_min_price , cm_max_price) values(33067,3693,'2017款 改款 EcoBoost 245 豪华型','2017款',4,1,269800,269800);
insert into t_car_model(cm_id , cs_id , cm_name,cm_type ,cm_order , cm_state , cm_min_price , cm_max_price) values(28149,3693,'2017款 EcoBoost 180 豪华型','2017款',5,1,234800,234800);
insert into t_car_model(cm_id , cs_id , cm_name,cm_type ,cm_order , cm_state , cm_min_price , cm_max_price) values(29036,3693,'2017款 EcoBoost 180 至尊型','2017款',6,1,254800,254800);
insert into t_car_model(cm_id , cs_id , cm_name,cm_type ,cm_order , cm_state , cm_min_price , cm_max_price) values(28150,3693,'2017款 EcoBoost 245 时尚型','2017款',7,1,249800,249800);
insert into t_car_model(cm_id , cs_id , cm_name,cm_type ,cm_order , cm_state , cm_min_price , cm_max_price) values(28151,3693,'2017款 EcoBoost 245 豪华型','2017款',8,1,269800,269800);
insert into t_car_model(cm_id , cs_id , cm_name,cm_type ,cm_order , cm_state , cm_min_price , cm_max_price) values(28152,3693,'2017款 EcoBoost 245 旗舰型','2017款',9,1,299800,299800);
insert into t_car_model(cm_id , cs_id , cm_name,cm_type ,cm_order , cm_state , cm_min_price , cm_max_price) values(28153,3693,'2017款 EcoBoost 325 V6旗舰型','2017款',10,1,349800,349800);
insert into t_car_model(cm_id , cs_id , cm_name,cm_type ,cm_order , cm_state , cm_min_price , cm_max_price) values(26301,3693,'2017款 EcoBoost 325 V6 LTD限量版','2017款',11,1,369800,369800);
insert into t_car_model(cm_id , cs_id , cm_name,cm_type ,cm_order , cm_state , cm_min_price , cm_max_price) values(23267,3693,'2016款 EcoBoost 180 豪华型','2016款',1,1,233800,233800);
insert into t_car_model(cm_id , cs_id , cm_name,cm_type ,cm_order , cm_state , cm_min_price , cm_max_price) values(23268,3693,'2015款 EcoBoost 245 时尚型','2015款',1,1,248800,248800);
insert into t_car_model(cm_id , cs_id , cm_name,cm_type ,cm_order , cm_state , cm_min_price , cm_max_price) values(23269,3693,'2015款 EcoBoost 245 豪华型','2015款',2,1,268800,268800);
insert into t_car_model(cm_id , cs_id , cm_name,cm_type ,cm_order , cm_state , cm_min_price , cm_max_price) values(23270,3693,'2015款 EcoBoost 245 至尊型','2015款',3,1,288800,288800);
insert into t_car_model(cm_id , cs_id , cm_name,cm_type ,cm_order , cm_state , cm_min_price , cm_max_price) values(23271,3693,'2015款 EcoBoost 325 V6时尚型','2015款',4,1,298800,298800);
insert into t_car_model(cm_id , cs_id , cm_name,cm_type ,cm_order , cm_state , cm_min_price , cm_max_price) values(21275,3693,'2015款 EcoBoost 325 V6旗舰型','2015款',5,1,348800,348800);
insert into t_car_series(cs_id,cbf_id,cs_name,cs_order,cs_letter) values(117,43,'蒙迪欧',1892,'M');
insert into t_car_model(cm_id , cs_id , cm_name,cm_type ,cm_order , cm_state , cm_min_price , cm_max_price) values(55366,117,'2022款 高配版','2022款',1,1,0,0);
insert into t_car_model(cm_id , cs_id , cm_name,cm_type ,cm_order , cm_state , cm_min_price , cm_max_price) values(45361,117,'2020款 EcoBoost 180 时尚型','2020款',1,1,192800,192800);
insert into t_car_model(cm_id , cs_id , cm_name,cm_type ,cm_order , cm_state , cm_min_price , cm_max_price) values(45362,117,'2020款 EcoBoost 180 豪华型','2020款',2,1,213800,213800);
insert into t_car_model(cm_id , cs_id , cm_name,cm_type ,cm_order , cm_state , cm_min_price , cm_max_price) values(45363,117,'2020款 EcoBoost 200 时尚型','2020款',3,1,205800,205800);
insert into t_car_model(cm_id , cs_id , cm_name,cm_type ,cm_order , cm_state , cm_min_price , cm_max_price) values(45364,117,'2020款 EcoBoost 200 豪华型','2020款',4,1,226800,226800);
insert into t_car_model(cm_id , cs_id , cm_name,cm_type ,cm_order , cm_state , cm_min_price , cm_max_price) values(34156,117,'2018款 EcoBoost 180 舒适型','2018款',1,1,179800,179800);
insert into t_car_model(cm_id , cs_id , cm_name,cm_type ,cm_order , cm_state , cm_min_price , cm_max_price) values(34157,117,'2018款 EcoBoost 180 时尚型','2018款',2,1,192800,192800);
insert into t_car_model(cm_id , cs_id , cm_name,cm_type ,cm_order , cm_state , cm_min_price , cm_max_price) values(34158,117,'2018款 EcoBoost 180 豪华型','2018款',3,1,213800,213800);
insert into t_car_model(cm_id , cs_id , cm_name,cm_type ,cm_order , cm_state , cm_min_price , cm_max_price) values(34120,117,'2018款 EcoBoost 180 Cognac特别版','2018款',4,1,213800,213800);
insert into t_car_model(cm_id , cs_id , cm_name,cm_type ,cm_order , cm_state , cm_min_price , cm_max_price) values(34159,117,'2018款 EcoBoost 200 时尚型','2018款',5,1,205800,205800);
insert into t_car_model(cm_id , cs_id , cm_name,cm_type ,cm_order , cm_state , cm_min_price , cm_max_price) values(34160,117,'2018款 EcoBoost 200 豪华型','2018款',6,1,226800,226800);
insert into t_car_model(cm_id , cs_id , cm_name,cm_type ,cm_order , cm_state , cm_min_price , cm_max_price) values(34062,117,'2018款 EcoBoost 200 Cognac特别版','2018款',7,1,226800,226800);
insert into t_car_model(cm_id , cs_id , cm_name,cm_type ,cm_order , cm_state , cm_min_price , cm_max_price) values(34161,117,'2018款 EcoBoost 245 豪华运动型','2018款',8,1,246800,246800);
insert into t_car_model(cm_id , cs_id , cm_name,cm_type ,cm_order , cm_state , cm_min_price , cm_max_price) values(34162,117,'2018款 EcoBoost 245 旗舰型','2018款',9,1,279800,279800);
insert into t_car_model(cm_id , cs_id , cm_name,cm_type ,cm_order , cm_state , cm_min_price , cm_max_price) values(40378,117,'2018款 EcoBoost 180 智控豪华型 国VI','2018款',10,1,213800,213800);
insert into t_car_model(cm_id , cs_id , cm_name,cm_type ,cm_order , cm_state , cm_min_price , cm_max_price) values(39099,117,'2018款 EcoBoost 200 智控时尚型 国VI','2018款',11,1,205800,205800);
insert into t_car_model(cm_id , cs_id , cm_name,cm_type ,cm_order , cm_state , cm_min_price , cm_max_price) values(39100,117,'2018款 EcoBoost 200 智控豪华型 国VI','2018款',12,1,226800,226800);
insert into t_car_model(cm_id , cs_id , cm_name,cm_type ,cm_order , cm_state , cm_min_price , cm_max_price) values(39101,117,'2018款 EcoBoost 245 智控旗舰型 国VI','2018款',13,1,279800,279800);
insert into t_car_model(cm_id , cs_id , cm_name,cm_type ,cm_order , cm_state , cm_min_price , cm_max_price) values(36387,117,'2018款 EcoBoost 180 智控时尚型 国V','2018款',14,1,192800,192800);
insert into t_car_model(cm_id , cs_id , cm_name,cm_type ,cm_order , cm_state , cm_min_price , cm_max_price) values(36389,117,'2018款 EcoBoost 180 智控豪华型 国V','2018款',15,1,213800,213800);
insert into t_car_model(cm_id , cs_id , cm_name,cm_type ,cm_order , cm_state , cm_min_price , cm_max_price) values(36388,117,'2018款 EcoBoost 200 智控时尚型 国V','2018款',16,1,205800,205800);
insert into t_car_model(cm_id , cs_id , cm_name,cm_type ,cm_order , cm_state , cm_min_price , cm_max_price) values(36390,117,'2018款 EcoBoost 200 智控豪华型 国V','2018款',17,1,226800,226800);
insert into t_car_model(cm_id , cs_id , cm_name,cm_type ,cm_order , cm_state , cm_min_price , cm_max_price) values(36391,117,'2018款 EcoBoost 245 智控旗舰型 国V','2018款',18,1,279800,279800);
insert into t_car_model(cm_id , cs_id , cm_name,cm_type ,cm_order , cm_state , cm_min_price , cm_max_price) values(40377,117,'2018款 EcoBoost 180 智控时尚型 国VI','2018款',19,1,192800,192800);
insert into t_car_model(cm_id , cs_id , cm_name,cm_type ,cm_order , cm_state , cm_min_price , cm_max_price) values(28342,117,'2017款 EcoBoost 180 舒适型','2017款',1,1,179800,179800);
insert into t_car_model(cm_id , cs_id , cm_name,cm_type ,cm_order , cm_state , cm_min_price , cm_max_price) values(28343,117,'2017款 EcoBoost 180 时尚型','2017款',2,1,192800,192800);
insert into t_car_model(cm_id , cs_id , cm_name,cm_type ,cm_order , cm_state , cm_min_price , cm_max_price) values(28344,117,'2017款 EcoBoost 180 豪华型','2017款',3,1,213800,213800);
insert into t_car_model(cm_id , cs_id , cm_name,cm_type ,cm_order , cm_state , cm_min_price , cm_max_price) values(28345,117,'2017款 EcoBoost 180 至尊型','2017款',4,1,243800,243800);
insert into t_car_model(cm_id , cs_id , cm_name,cm_type ,cm_order , cm_state , cm_min_price , cm_max_price) values(28347,117,'2017款 EcoBoost 200 时尚型','2017款',5,1,205800,205800);
insert into t_car_model(cm_id , cs_id , cm_name,cm_type ,cm_order , cm_state , cm_min_price , cm_max_price) values(28346,117,'2017款 EcoBoost 200 豪华型','2017款',6,1,226800,226800);
insert into t_car_model(cm_id , cs_id , cm_name,cm_type ,cm_order , cm_state , cm_min_price , cm_max_price) values(28349,117,'2017款 EcoBoost 245 至尊型','2017款',7,1,256800,256800);
insert into t_car_model(cm_id , cs_id , cm_name,cm_type ,cm_order , cm_state , cm_min_price , cm_max_price) values(28350,117,'2017款 EcoBoost 245 旗舰型','2017款',8,1,279800,279800);
insert into t_car_model(cm_id , cs_id , cm_name,cm_type ,cm_order , cm_state , cm_min_price , cm_max_price) values(28348,117,'2017款 EcoBoost 245 豪华运动型','2017款',9,1,246800,246800);
insert into t_car_model(cm_id , cs_id , cm_name,cm_type ,cm_order , cm_state , cm_min_price , cm_max_price) values(28351,117,'2017款 2.0L HEV 智豪型','2017款',10,1,259800,259800);
insert into t_car_model(cm_id , cs_id , cm_name,cm_type ,cm_order , cm_state , cm_min_price , cm_max_price) values(28352,117,'2017款 2.0L HEV 智尊旗舰型','2017款',11,1,319800,319800);
insert into t_car_model(cm_id , cs_id , cm_name,cm_type ,cm_order , cm_state , cm_min_price , cm_max_price) values(32998,117,'2017款 改款 EcoBoost 180 时尚型','2017款',12,1,192800,192800);
insert into t_car_model(cm_id , cs_id , cm_name,cm_type ,cm_order , cm_state , cm_min_price , cm_max_price) values(32999,117,'2017款 改款 EcoBoost 180 豪华型','2017款',13,1,213800,213800);
insert into t_car_model(cm_id , cs_id , cm_name,cm_type ,cm_order , cm_state , cm_min_price , cm_max_price) values(33001,117,'2017款 改款 EcoBoost 200 时尚型','2017款',14,1,205800,205800);
insert into t_car_model(cm_id , cs_id , cm_name,cm_type ,cm_order , cm_state , cm_min_price , cm_max_price) values(33002,117,'2017款 改款 EcoBoost 200 豪华型','2017款',15,1,226800,226800);
insert into t_car_model(cm_id , cs_id , cm_name,cm_type ,cm_order , cm_state , cm_min_price , cm_max_price) values(15930,117,'2013款 1.5L GTDi180舒适型','2013款',1,1,179800,179800);
insert into t_car_model(cm_id , cs_id , cm_name,cm_type ,cm_order , cm_state , cm_min_price , cm_max_price) values(15504,117,'2013款 1.5L GTDi180时尚型','2013款',2,1,189800,189800);
insert into t_car_model(cm_id , cs_id , cm_name,cm_type ,cm_order , cm_state , cm_min_price , cm_max_price) values(15932,117,'2013款 2.0L GTDi200时尚型','2013款',3,1,202800,202800);
insert into t_car_model(cm_id , cs_id , cm_name,cm_type ,cm_order , cm_state , cm_min_price , cm_max_price) values(15933,117,'2013款 2.0L GTDi200豪华型','2013款',4,1,222800,222800);
insert into t_car_model(cm_id , cs_id , cm_name,cm_type ,cm_order , cm_state , cm_min_price , cm_max_price) values(15931,117,'2013款 2.0L GTDi240豪华运动型','2013款',5,1,242800,242800);
insert into t_car_model(cm_id , cs_id , cm_name,cm_type ,cm_order , cm_state , cm_min_price , cm_max_price) values(15854,117,'2013款 2.0L GTDi240至尊型','2013款',6,1,252800,252800);
insert into t_car_model(cm_id , cs_id , cm_name,cm_type ,cm_order , cm_state , cm_min_price , cm_max_price) values(16167,117,'2013款 2.0L GTDi240旗舰型','2013款',7,1,265800,265800);
insert into t_car_model(cm_id , cs_id , cm_name,cm_type ,cm_order , cm_state , cm_min_price , cm_max_price) values(2634,117,'2006款 2.0L 经典型','2006款',1,1,169800,169800);
insert into t_car_model(cm_id , cs_id , cm_name,cm_type ,cm_order , cm_state , cm_min_price , cm_max_price) values(2635,117,'2006款 2.0L 精英版','2006款',2,1,189800,189800);
insert into t_car_model(cm_id , cs_id , cm_name,cm_type ,cm_order , cm_state , cm_min_price , cm_max_price) values(2636,117,'2006款 2.0L 尊贵型','2006款',3,1,209800,209800);
insert into t_car_model(cm_id , cs_id , cm_name,cm_type ,cm_order , cm_state , cm_min_price , cm_max_price) values(2637,117,'2006款 2.5L 旗舰型','2006款',4,1,229800,229800);
insert into t_car_model(cm_id , cs_id , cm_name,cm_type ,cm_order , cm_state , cm_min_price , cm_max_price) values(1456,117,'2005款 2.0L 经典型','2005款',1,1,169800,169800);
insert into t_car_model(cm_id , cs_id , cm_name,cm_type ,cm_order , cm_state , cm_min_price , cm_max_price) values(1776,117,'2005款 2.0L 精英版','2005款',2,1,189800,189800);
insert into t_car_model(cm_id , cs_id , cm_name,cm_type ,cm_order , cm_state , cm_min_price , cm_max_price) values(1457,117,'2005款 2.0L 尊贵型','2005款',3,1,209800,209800);
insert into t_car_model(cm_id , cs_id , cm_name,cm_type ,cm_order , cm_state , cm_min_price , cm_max_price) values(2066,117,'2005款 2.5L 经典型','2005款',4,1,189800,189800);
insert into t_car_model(cm_id , cs_id , cm_name,cm_type ,cm_order , cm_state , cm_min_price , cm_max_price) values(2067,117,'2005款 2.5L 精英型','2005款',5,1,209800,209800);
insert into t_car_model(cm_id , cs_id , cm_name,cm_type ,cm_order , cm_state , cm_min_price , cm_max_price) values(1458,117,'2005款 2.5L 旗舰型','2005款',6,1,229800,229800);
insert into t_car_model(cm_id , cs_id , cm_name,cm_type ,cm_order , cm_state , cm_min_price , cm_max_price) values(349,117,'2004款 2.0L 经典型','2004款',1,1,189800,189800);
insert into t_car_model(cm_id , cs_id , cm_name,cm_type ,cm_order , cm_state , cm_min_price , cm_max_price) values(62,117,'2004款 2.0L 尊贵型','2004款',2,1,209800,209800);
insert into t_car_model(cm_id , cs_id , cm_name,cm_type ,cm_order , cm_state , cm_min_price , cm_max_price) values(1017,117,'2004款 2.5L 旗舰型','2004款',3,1,269800,269800);
insert into t_car_series(cs_id,cbf_id,cs_name,cs_order,cs_letter) values(5211,43,'锐际',1893,'R');
insert into t_car_model(cm_id , cs_id , cm_name,cm_type ,cm_order , cm_state , cm_min_price , cm_max_price) values(48207,5211,'2020款 EcoBoost 245 两驱悠享款','2020款',1,1,169800,169800);
insert into t_car_model(cm_id , cs_id , cm_name,cm_type ,cm_order , cm_state , cm_min_price , cm_max_price) values(48208,5211,'2020款 EcoBoost 245 两驱耀享款','2020款',2,1,179800,179800);
insert into t_car_model(cm_id , cs_id , cm_name,cm_type ,cm_order , cm_state , cm_min_price , cm_max_price) values(48209,5211,'2020款 EcoBoost 245 四驱耀享款','2020款',3,1,189800,189800);
insert into t_car_model(cm_id , cs_id , cm_name,cm_type ,cm_order , cm_state , cm_min_price , cm_max_price) values(45093,5211,'2020款 EcoBoost 245 两驱聪慧嘉享款','2020款',4,1,194800,194800);
insert into t_car_model(cm_id , cs_id , cm_name,cm_type ,cm_order , cm_state , cm_min_price , cm_max_price) values(43203,5211,'2020款 EcoBoost 245 四驱嘉享款','2020款',5,1,204800,204800);
insert into t_car_model(cm_id , cs_id , cm_name,cm_type ,cm_order , cm_state , cm_min_price , cm_max_price) values(38599,5211,'2020款 EcoBoost 245 四驱纵享款ST-LINE','2020款',6,1,218800,218800);
insert into t_car_model(cm_id , cs_id , cm_name,cm_type ,cm_order , cm_state , cm_min_price , cm_max_price) values(45094,5211,'2020款 EcoBoost 245 两驱聪慧悦享款','2020款',7,1,179800,179800);
insert into t_car_model(cm_id , cs_id , cm_name,cm_type ,cm_order , cm_state , cm_min_price , cm_max_price) values(43202,5211,'2020款 EcoBoost 245 四驱悦享款','2020款',8,1,189800,189800);
insert into t_car_series(cs_id,cbf_id,cs_name,cs_order,cs_letter) values(5759,43,'锐际新能源',1894,'R');
insert into t_car_model(cm_id , cs_id , cm_name,cm_type ,cm_order , cm_state , cm_min_price , cm_max_price) values(45547,5759,'2021款 PHEV','2021款',1,1,208000,208000);
insert into t_car_series(cs_id,cbf_id,cs_name,cs_order,cs_letter) values(2863,43,'翼虎',1895,'Y');
insert into t_car_model(cm_id , cs_id , cm_name,cm_type ,cm_order , cm_state , cm_min_price , cm_max_price) values(41625,2863,'2019款 EcoBoost 180 两驱精翼型 国VI','2019款',1,1,169800,169800);
insert into t_car_model(cm_id , cs_id , cm_name,cm_type ,cm_order , cm_state , cm_min_price , cm_max_price) values(41626,2863,'2019款 EcoBoost 180 两驱铂翼型 国VI','2019款',2,1,179800,179800);
insert into t_car_model(cm_id , cs_id , cm_name,cm_type ,cm_order , cm_state , cm_min_price , cm_max_price) values(41627,2863,'2019款 EcoBoost 180 两驱豪翼型 国VI','2019款',3,1,192800,192800);
insert into t_car_model(cm_id , cs_id , cm_name,cm_type ,cm_order , cm_state , cm_min_price , cm_max_price) values(40711,2863,'2019款 EcoBoost 245 四驱豪翼型 国VI','2019款',4,1,219800,219800);
insert into t_car_model(cm_id , cs_id , cm_name,cm_type ,cm_order , cm_state , cm_min_price , cm_max_price) values(40712,2863,'2019款 EcoBoost 245 四驱运动型 国VI','2019款',5,1,229800,229800);
insert into t_car_model(cm_id , cs_id , cm_name,cm_type ,cm_order , cm_state , cm_min_price , cm_max_price) values(40713,2863,'2019款 EcoBoost 245 四驱尊翼型 国VI','2019款',6,1,249800,249800);
insert into t_car_model(cm_id , cs_id , cm_name,cm_type ,cm_order , cm_state , cm_min_price , cm_max_price) values(36648,2863,'2019款 EcoBoost 180 两驱精翼型 国V','2019款',7,1,169800,169800);
insert into t_car_model(cm_id , cs_id , cm_name,cm_type ,cm_order , cm_state , cm_min_price , cm_max_price) values(36649,2863,'2019款 EcoBoost 180 两驱铂翼型 国V','2019款',8,1,179800,179800);
insert into t_car_model(cm_id , cs_id , cm_name,cm_type ,cm_order , cm_state , cm_min_price , cm_max_price) values(36650,2863,'2019款 EcoBoost 180 两驱豪翼型 国V','2019款',9,1,192800,192800);
insert into t_car_model(cm_id , cs_id , cm_name,cm_type ,cm_order , cm_state , cm_min_price , cm_max_price) values(36651,2863,'2019款 EcoBoost 245 四驱豪翼型 国V','2019款',10,1,219800,219800);
insert into t_car_model(cm_id , cs_id , cm_name,cm_type ,cm_order , cm_state , cm_min_price , cm_max_price) values(36652,2863,'2019款 EcoBoost 245 四驱运动型 国V','2019款',11,1,229800,229800);
insert into t_car_model(cm_id , cs_id , cm_name,cm_type ,cm_order , cm_state , cm_min_price , cm_max_price) values(35704,2863,'2019款 EcoBoost 245 四驱尊翼型 国V','2019款',12,1,249800,249800);
insert into t_car_model(cm_id , cs_id , cm_name,cm_type ,cm_order , cm_state , cm_min_price , cm_max_price) values(32126,2863,'2018款 EcoBoost 180 两驱精翼型','2018款',1,1,169800,169800);
insert into t_car_model(cm_id , cs_id , cm_name,cm_type ,cm_order , cm_state , cm_min_price , cm_max_price) values(32127,2863,'2018款 EcoBoost 180 两驱铂翼型','2018款',2,1,179800,179800);
insert into t_car_model(cm_id , cs_id , cm_name,cm_type ,cm_order , cm_state , cm_min_price , cm_max_price) values(34061,2863,'2018款 EcoBoost 180 两驱Cognac特别版','2018款',3,1,185800,185800);
insert into t_car_model(cm_id , cs_id , cm_name,cm_type ,cm_order , cm_state , cm_min_price , cm_max_price) values(32128,2863,'2018款 EcoBoost 180 两驱豪翼型','2018款',4,1,192800,192800);
insert into t_car_model(cm_id , cs_id , cm_name,cm_type ,cm_order , cm_state , cm_min_price , cm_max_price) values(32129,2863,'2018款 EcoBoost 180 四驱豪翼型','2018款',5,1,209800,209800);
insert into t_car_model(cm_id , cs_id , cm_name,cm_type ,cm_order , cm_state , cm_min_price , cm_max_price) values(32132,2863,'2018款 EcoBoost 245 四驱豪翼型','2018款',6,1,219800,219800);
insert into t_car_model(cm_id , cs_id , cm_name,cm_type ,cm_order , cm_state , cm_min_price , cm_max_price) values(32133,2863,'2018款 EcoBoost 245 四驱运动型','2018款',7,1,229800,229800);
insert into t_car_model(cm_id , cs_id , cm_name,cm_type ,cm_order , cm_state , cm_min_price , cm_max_price) values(32134,2863,'2018款 EcoBoost 245 四驱尊翼型','2018款',8,1,249800,249800);
insert into t_car_model(cm_id , cs_id , cm_name,cm_type ,cm_order , cm_state , cm_min_price , cm_max_price) values(34112,2863,'2018款 改款 EcoBoost 180 两驱精翼型','2018款',9,1,169800,169800);
insert into t_car_model(cm_id , cs_id , cm_name,cm_type ,cm_order , cm_state , cm_min_price , cm_max_price) values(34113,2863,'2018款 改款 EcoBoost 180 两驱铂翼型','2018款',10,1,179800,179800);
insert into t_car_model(cm_id , cs_id , cm_name,cm_type ,cm_order , cm_state , cm_min_price , cm_max_price) values(34114,2863,'2018款 改款 EcoBoost 180 两驱豪翼型','2018款',11,1,192800,192800);
insert into t_car_model(cm_id , cs_id , cm_name,cm_type ,cm_order , cm_state , cm_min_price , cm_max_price) values(34115,2863,'2018款 改款 EcoBoost 180 四驱豪翼型','2018款',12,1,209800,209800);
insert into t_car_model(cm_id , cs_id , cm_name,cm_type ,cm_order , cm_state , cm_min_price , cm_max_price) values(34116,2863,'2018款 改款 EcoBoost 245 四驱豪翼型','2018款',13,1,219800,219800);
insert into t_car_model(cm_id , cs_id , cm_name,cm_type ,cm_order , cm_state , cm_min_price , cm_max_price) values(34117,2863,'2018款 改款 EcoBoost 245 四驱运动型','2018款',14,1,229800,229800);
insert into t_car_model(cm_id , cs_id , cm_name,cm_type ,cm_order , cm_state , cm_min_price , cm_max_price) values(34118,2863,'2018款 改款 EcoBoost 245 四驱尊翼型','2018款',15,1,249800,249800);
insert into t_car_model(cm_id , cs_id , cm_name,cm_type ,cm_order , cm_state , cm_min_price , cm_max_price) values(27218,2863,'2017款 EcoBoost 180 两驱精翼型','2017款',1,1,184800,184800);
insert into t_car_model(cm_id , cs_id , cm_name,cm_type ,cm_order , cm_state , cm_min_price , cm_max_price) values(29984,2863,'2017款 EcoBoost 180 两驱虎跃型','2017款',2,1,199800,199800);
insert into t_car_model(cm_id , cs_id , cm_name,cm_type ,cm_order , cm_state , cm_min_price , cm_max_price) values(28217,2863,'2017款 EcoBoost 180 两驱豪翼型','2017款',3,1,214800,214800);
insert into t_car_model(cm_id , cs_id , cm_name,cm_type ,cm_order , cm_state , cm_min_price , cm_max_price) values(27217,2863,'2017款 EcoBoost 180 两驱铂翼型','2017款',4,1,217800,217800);
insert into t_car_model(cm_id , cs_id , cm_name,cm_type ,cm_order , cm_state , cm_min_price , cm_max_price) values(27216,2863,'2017款 EcoBoost 180 四驱豪翼型','2017款',5,1,229800,229800);
insert into t_car_model(cm_id , cs_id , cm_name,cm_type ,cm_order , cm_state , cm_min_price , cm_max_price) values(28219,2863,'2017款 EcoBoost 180 四驱尊翼型','2017款',6,1,259800,259800);
insert into t_car_model(cm_id , cs_id , cm_name,cm_type ,cm_order , cm_state , cm_min_price , cm_max_price) values(27215,2863,'2017款 EcoBoost 245 四驱铂翼型','2017款',7,1,245800,245800);
insert into t_car_model(cm_id , cs_id , cm_name,cm_type ,cm_order , cm_state , cm_min_price , cm_max_price) values(27214,2863,'2017款 EcoBoost 245 四驱豪翼型','2017款',8,1,245800,245800);
insert into t_car_model(cm_id , cs_id , cm_name,cm_type ,cm_order , cm_state , cm_min_price , cm_max_price) values(26180,2863,'2017款 EcoBoost 245 四驱运动型','2017款',9,1,255800,255800);
insert into t_car_model(cm_id , cs_id , cm_name,cm_type ,cm_order , cm_state , cm_min_price , cm_max_price) values(27212,2863,'2017款 EcoBoost 245 四驱尊翼型','2017款',10,1,270800,270800);
insert into t_car_model(cm_id , cs_id , cm_name,cm_type ,cm_order , cm_state , cm_min_price , cm_max_price) values(27205,2863,'2016款 智行限量版 1.5L GTDi 两驱舒适型','2016款',1,1,193800,193800);
insert into t_car_model(cm_id , cs_id , cm_name,cm_type ,cm_order , cm_state , cm_min_price , cm_max_price) values(27206,2863,'2016款 智行限量版 1.5L GTDi 两驱风尚型','2016款',2,1,217800,217800);
insert into t_car_model(cm_id , cs_id , cm_name,cm_type ,cm_order , cm_state , cm_min_price , cm_max_price) values(21261,2863,'2015款 1.5L GTDi 两驱舒适型','2015款',1,1,193800,193800);
insert into t_car_model(cm_id , cs_id , cm_name,cm_type ,cm_order , cm_state , cm_min_price , cm_max_price) values(21262,2863,'2015款 1.5L GTDi 两驱风尚型','2015款',2,1,217800,217800);
insert into t_car_model(cm_id , cs_id , cm_name,cm_type ,cm_order , cm_state , cm_min_price , cm_max_price) values(21263,2863,'2015款 1.5L GTDi 四驱精英型','2015款',3,1,239800,239800);
insert into t_car_model(cm_id , cs_id , cm_name,cm_type ,cm_order , cm_state , cm_min_price , cm_max_price) values(21264,2863,'2015款 2.0L GTDi 四驱精英型','2015款',4,1,252800,252800);
insert into t_car_model(cm_id , cs_id , cm_name,cm_type ,cm_order , cm_state , cm_min_price , cm_max_price) values(21265,2863,'2015款 2.0L GTDi 四驱运动型','2015款',5,1,262800,262800);
insert into t_car_model(cm_id , cs_id , cm_name,cm_type ,cm_order , cm_state , cm_min_price , cm_max_price) values(21266,2863,'2015款 2.0L GTDi 四驱尊贵型','2015款',6,1,275800,275800);
insert into t_car_model(cm_id , cs_id , cm_name,cm_type ,cm_order , cm_state , cm_min_price , cm_max_price) values(14180,2863,'2013款 1.6L GTDi 两驱舒适型','2013款',1,1,193800,193800);
insert into t_car_model(cm_id , cs_id , cm_name,cm_type ,cm_order , cm_state , cm_min_price , cm_max_price) values(14181,2863,'2013款 1.6L GTDi 两驱风尚型','2013款',2,1,217800,217800);
insert into t_car_model(cm_id , cs_id , cm_name,cm_type ,cm_order , cm_state , cm_min_price , cm_max_price) values(14182,2863,'2013款 1.6L GTDi 四驱精英型','2013款',3,1,239800,239800);
insert into t_car_model(cm_id , cs_id , cm_name,cm_type ,cm_order , cm_state , cm_min_price , cm_max_price) values(14183,2863,'2013款 2.0L GTDi 四驱精英型','2013款',4,1,252800,252800);
insert into t_car_model(cm_id , cs_id , cm_name,cm_type ,cm_order , cm_state , cm_min_price , cm_max_price) values(14184,2863,'2013款 2.0L GTDi 四驱运动型','2013款',5,1,262800,262800);
insert into t_car_model(cm_id , cs_id , cm_name,cm_type ,cm_order , cm_state , cm_min_price , cm_max_price) values(13419,2863,'2013款 2.0L GTDi 四驱尊贵型','2013款',6,1,275800,275800);
insert into t_car_series(cs_id,cbf_id,cs_name,cs_order,cs_letter) values(6143,43,'EVOS',1896,'E');
insert into t_car_model(cm_id , cs_id , cm_name,cm_type ,cm_order , cm_state , cm_min_price , cm_max_price) values(54494,6143,'2022款 EcoBoost 245 科技版','2022款',1,1,199800,199800);
insert into t_car_model(cm_id , cs_id , cm_name,cm_type ,cm_order , cm_state , cm_min_price , cm_max_price) values(53485,6143,'2022款 EcoBoost 245 风尚版','2022款',2,1,225800,225800);
insert into t_car_model(cm_id , cs_id , cm_name,cm_type ,cm_order , cm_state , cm_min_price , cm_max_price) values(53487,6143,'2022款 EcoBoost 245 运动版','2022款',3,1,245800,245800);
insert into t_car_model(cm_id , cs_id , cm_name,cm_type ,cm_order , cm_state , cm_min_price , cm_max_price) values(51714,6143,'2022款 EcoBoost 245 ST-Line','2022款',4,1,257800,257800);
insert into t_car_model(cm_id , cs_id , cm_name,cm_type ,cm_order , cm_state , cm_min_price , cm_max_price) values(50809,6143,'2022款 EcoBoost 245 首发限量版','2022款',5,1,259800,259800);
insert into t_car_series(cs_id,cbf_id,cs_name,cs_order,cs_letter) values(3615,43,'锐界',1897,'R');
insert into t_car_model(cm_id , cs_id , cm_name,cm_type ,cm_order , cm_state , cm_min_price , cm_max_price) values(49283,3615,'2021款 PLUS EcoBoost 245 两驱精锐型 5座','2021款',1,1,229800,229800);
insert into t_car_model(cm_id , cs_id , cm_name,cm_type ,cm_order , cm_state , cm_min_price , cm_max_price) values(49284,3615,'2021款 PLUS EcoBoost 245 两驱铂锐型 5座','2021款',2,1,246800,246800);
insert into t_car_model(cm_id , cs_id , cm_name,cm_type ,cm_order , cm_state , cm_min_price , cm_max_price) values(49285,3615,'2021款 PLUS EcoBoost 245 两驱ST-Line 5座','2021款',3,1,269800,269800);
insert into t_car_model(cm_id , cs_id , cm_name,cm_type ,cm_order , cm_state , cm_min_price , cm_max_price) values(49286,3615,'2021款 PLUS EcoBoost 245 两驱豪锐型 7座','2021款',4,1,269800,269800);
insert into t_car_model(cm_id , cs_id , cm_name,cm_type ,cm_order , cm_state , cm_min_price , cm_max_price) values(49287,3615,'2021款 PLUS EcoBoost 245 四驱ST-Line 7座','2021款',5,1,299800,299800);
insert into t_car_model(cm_id , cs_id , cm_name,cm_type ,cm_order , cm_state , cm_min_price , cm_max_price) values(49251,3615,'2021款 PLUS EcoBoost 245 四驱尊锐型 7座','2021款',6,1,309800,309800);
insert into t_car_model(cm_id , cs_id , cm_name,cm_type ,cm_order , cm_state , cm_min_price , cm_max_price) values(42780,3615,'2020款 EcoBoost 245 两驱精锐型 5座','2020款',1,1,229800,229800);
insert into t_car_model(cm_id , cs_id , cm_name,cm_type ,cm_order , cm_state , cm_min_price , cm_max_price) values(47010,3615,'2020款 EcoBoost 245 两驱铂锐型 5座','2020款',2,1,246800,246800);
insert into t_car_model(cm_id , cs_id , cm_name,cm_type ,cm_order , cm_state , cm_min_price , cm_max_price) values(42781,3615,'2020款 EcoBoost 245 两驱铂锐型 7座','2020款',3,1,259800,259800);
insert into t_car_model(cm_id , cs_id , cm_name,cm_type ,cm_order , cm_state , cm_min_price , cm_max_price) values(42782,3615,'2020款 EcoBoost 245 两驱豪锐型 7座','2020款',4,1,269800,269800);
insert into t_car_model(cm_id , cs_id , cm_name,cm_type ,cm_order , cm_state , cm_min_price , cm_max_price) values(42783,3615,'2020款 EcoBoost 245 四驱尊锐型Plus 7座','2020款',5,1,319800,319800);
insert into t_car_model(cm_id , cs_id , cm_name,cm_type ,cm_order , cm_state , cm_min_price , cm_max_price) values(41255,3615,'2020款 EcoBoost 245 两驱ST-Line 5座','2020款',6,1,269800,269800);
insert into t_car_model(cm_id , cs_id , cm_name,cm_type ,cm_order , cm_state , cm_min_price , cm_max_price) values(38908,3615,'2020款 EcoBoost 245 四驱ST-Line 7座','2020款',7,1,299800,299800);
insert into t_car_model(cm_id , cs_id , cm_name,cm_type ,cm_order , cm_state , cm_min_price , cm_max_price) values(38905,3615,'2020款 EcoBoost 330 V6四驱ST 7座','2020款',8,1,389800,389800);
insert into t_car_model(cm_id , cs_id , cm_name,cm_type ,cm_order , cm_state , cm_min_price , cm_max_price) values(32119,3615,'2018款 EcoBoost 245 两驱运动型 7座','2018款',1,1,286800,286800);
insert into t_car_model(cm_id , cs_id , cm_name,cm_type ,cm_order , cm_state , cm_min_price , cm_max_price) values(32120,3615,'2018款 EcoBoost 245 四驱豪锐型 7座','2018款',2,1,299800,299800);
insert into t_car_model(cm_id , cs_id , cm_name,cm_type ,cm_order , cm_state , cm_min_price , cm_max_price) values(32122,3615,'2018款 EcoBoost 245 四驱尊锐型 7座','2018款',3,1,319800,319800);
insert into t_car_model(cm_id , cs_id , cm_name,cm_type ,cm_order , cm_state , cm_min_price , cm_max_price) values(32123,3615,'2018款 EcoBoost 245 四驱旗舰型 7座','2018款',4,1,349800,349800);
insert into t_car_model(cm_id , cs_id , cm_name,cm_type ,cm_order , cm_state , cm_min_price , cm_max_price) values(32124,3615,'2018款 EcoBoost 330 V6四驱运动型 7座','2018款',5,1,389800,389800);
insert into t_car_model(cm_id , cs_id , cm_name,cm_type ,cm_order , cm_state , cm_min_price , cm_max_price) values(32125,3615,'2018款 EcoBoost 330 V6四驱旗舰型 7座','2018款',6,1,429800,429800);
insert into t_car_model(cm_id , cs_id , cm_name,cm_type ,cm_order , cm_state , cm_min_price , cm_max_price) values(32116,3615,'2018款 EcoBoost 245 两驱铂锐型 5座','2018款',7,1,249800,249800);
insert into t_car_model(cm_id , cs_id , cm_name,cm_type ,cm_order , cm_state , cm_min_price , cm_max_price) values(32115,3615,'2018款 EcoBoost 245 两驱精锐型 5座 国V','2018款',8,1,229800,229800);
insert into t_car_model(cm_id , cs_id , cm_name,cm_type ,cm_order , cm_state , cm_min_price , cm_max_price) values(42240,3615,'2018款 EcoBoost 245 两驱精锐型 5座 国VI','2018款',9,1,229800,229800);
insert into t_car_model(cm_id , cs_id , cm_name,cm_type ,cm_order , cm_state , cm_min_price , cm_max_price) values(36027,3615,'2018款 改款 EcoBoost 245 两驱铂锐型 5座 国V','2018款',10,1,249800,249800);
insert into t_car_model(cm_id , cs_id , cm_name,cm_type ,cm_order , cm_state , cm_min_price , cm_max_price) values(42241,3615,'2018款 改款 EcoBoost 245 两驱铂锐型 5座 国VI','2018款',11,1,249800,249800);
insert into t_car_model(cm_id , cs_id , cm_name,cm_type ,cm_order , cm_state , cm_min_price , cm_max_price) values(32117,3615,'2018款 EcoBoost 245 两驱铂锐型 7座 国V','2018款',12,1,259800,259800);
insert into t_car_model(cm_id , cs_id , cm_name,cm_type ,cm_order , cm_state , cm_min_price , cm_max_price) values(42242,3615,'2018款 EcoBoost 245 两驱铂锐型 7座 国VI','2018款',13,1,259800,259800);
insert into t_car_model(cm_id , cs_id , cm_name,cm_type ,cm_order , cm_state , cm_min_price , cm_max_price) values(32118,3615,'2018款 EcoBoost 245 两驱豪锐型 7座 国V','2018款',14,1,269800,269800);
insert into t_car_model(cm_id , cs_id , cm_name,cm_type ,cm_order , cm_state , cm_min_price , cm_max_price) values(42243,3615,'2018款 EcoBoost 245 两驱豪锐型 7座 国VI','2018款',15,1,269800,269800);
insert into t_car_model(cm_id , cs_id , cm_name,cm_type ,cm_order , cm_state , cm_min_price , cm_max_price) values(32121,3615,'2018款 EcoBoost 245 四驱运动型 7座 国V','2018款',16,1,299800,299800);
insert into t_car_model(cm_id , cs_id , cm_name,cm_type ,cm_order , cm_state , cm_min_price , cm_max_price) values(42244,3615,'2018款 EcoBoost 245 四驱运动型 7座 国VI','2018款',17,1,299800,299800);
insert into t_car_model(cm_id , cs_id , cm_name,cm_type ,cm_order , cm_state , cm_min_price , cm_max_price) values(33219,3615,'2018款 EcoBoost 245 四驱尊锐型Plus 7座 国V','2018款',18,1,319800,319800);
insert into t_car_model(cm_id , cs_id , cm_name,cm_type ,cm_order , cm_state , cm_min_price , cm_max_price) values(42245,3615,'2018款 EcoBoost 245 四驱尊锐型Plus 7座 国VI','2018款',19,1,319800,319800);
insert into t_car_model(cm_id , cs_id , cm_name,cm_type ,cm_order , cm_state , cm_min_price , cm_max_price) values(28216,3615,'2017款 EcoBoost 245 两驱铂锐型 5座','2017款',1,1,269800,269800);
insert into t_car_model(cm_id , cs_id , cm_name,cm_type ,cm_order , cm_state , cm_min_price , cm_max_price) values(30066,3615,'2017款 EcoBoost 245 两驱运动型 7座','2017款',2,1,306800,306800);
insert into t_car_model(cm_id , cs_id , cm_name,cm_type ,cm_order , cm_state , cm_min_price , cm_max_price) values(30067,3615,'2017款 EcoBoost 245 四驱运动型 7座','2017款',3,1,326800,326800);
insert into t_car_model(cm_id , cs_id , cm_name,cm_type ,cm_order , cm_state , cm_min_price , cm_max_price) values(28218,3615,'2017款 EcoBoost 245 四驱旗舰型 7座','2017款',4,1,369800,369800);
insert into t_car_model(cm_id , cs_id , cm_name,cm_type ,cm_order , cm_state , cm_min_price , cm_max_price) values(26560,3615,'2016款 EcoBoost 245 两驱精锐型 5座','2016款',1,1,249800,249800);
insert into t_car_model(cm_id , cs_id , cm_name,cm_type ,cm_order , cm_state , cm_min_price , cm_max_price) values(26564,3615,'2016款 EcoBoost 245 两驱铂锐型 7座','2016款',2,1,279800,279800);
insert into t_car_model(cm_id , cs_id , cm_name,cm_type ,cm_order , cm_state , cm_min_price , cm_max_price) values(26561,3615,'2016款 EcoBoost 245 两驱豪锐型 7座','2016款',3,1,299800,299800);
insert into t_car_model(cm_id , cs_id , cm_name,cm_type ,cm_order , cm_state , cm_min_price , cm_max_price) values(26562,3615,'2016款 EcoBoost 245 四驱豪锐型 7座','2016款',4,1,319800,319800);
insert into t_car_model(cm_id , cs_id , cm_name,cm_type ,cm_order , cm_state , cm_min_price , cm_max_price) values(26563,3615,'2016款 EcoBoost 245 四驱尊锐型 7座','2016款',5,1,339800,339800);
insert into t_car_model(cm_id , cs_id , cm_name,cm_type ,cm_order , cm_state , cm_min_price , cm_max_price) values(27056,3615,'2016款 EcoBoost 330 V6四驱运动型 7座','2016款',6,1,409800,409800);
insert into t_car_model(cm_id , cs_id , cm_name,cm_type ,cm_order , cm_state , cm_min_price , cm_max_price) values(26296,3615,'2016款 EcoBoost 330 V6四驱旗舰型 7座','2016款',7,1,449800,449800);
insert into t_car_model(cm_id , cs_id , cm_name,cm_type ,cm_order , cm_state , cm_min_price , cm_max_price) values(21558,3615,'2015款 2.0T GTDi 两驱精锐型','2015款',1,1,249800,249800);
insert into t_car_model(cm_id , cs_id , cm_name,cm_type ,cm_order , cm_state , cm_min_price , cm_max_price) values(21559,3615,'2015款 2.0T GTDi 两驱铂锐型','2015款',2,1,279800,279800);
insert into t_car_model(cm_id , cs_id , cm_name,cm_type ,cm_order , cm_state , cm_min_price , cm_max_price) values(21560,3615,'2015款 2.0T GTDi 两驱豪锐型','2015款',3,1,299800,299800);
insert into t_car_model(cm_id , cs_id , cm_name,cm_type ,cm_order , cm_state , cm_min_price , cm_max_price) values(21561,3615,'2015款 2.0T GTDi 四驱豪锐型','2015款',4,1,319800,319800);
insert into t_car_model(cm_id , cs_id , cm_name,cm_type ,cm_order , cm_state , cm_min_price , cm_max_price) values(21562,3615,'2015款 2.0T GTDi 四驱尊锐型','2015款',5,1,339800,339800);
insert into t_car_model(cm_id , cs_id , cm_name,cm_type ,cm_order , cm_state , cm_min_price , cm_max_price) values(21489,3615,'2015款 2.7T GTDi 四驱运动型 7座','2015款',6,1,399800,399800);
insert into t_car_model(cm_id , cs_id , cm_name,cm_type ,cm_order , cm_state , cm_min_price , cm_max_price) values(20391,3615,'2015款 2.7T GTDi 四驱尊锐型 7座','2015款',7,1,429800,429800);
insert into t_car_series(cs_id,cbf_id,cs_name,cs_order,cs_letter) values(5556,43,'探险者',1898,'T');
insert into t_car_model(cm_id , cs_id , cm_name,cm_type ,cm_order , cm_state , cm_min_price , cm_max_price) values(45680,5556,'2020款 EcoBoost 285 后驱风尚版 6座','2020款',1,1,309800,309800);
insert into t_car_model(cm_id , cs_id , cm_name,cm_type ,cm_order , cm_state , cm_min_price , cm_max_price) values(45681,5556,'2020款 EcoBoost 285 后驱风尚版 7座','2020款',2,1,309800,309800);
insert into t_car_model(cm_id , cs_id , cm_name,cm_type ,cm_order , cm_state , cm_min_price , cm_max_price) values(45682,5556,'2020款 EcoBoost 285 四驱风尚版 6座','2020款',3,1,329800,329800);
insert into t_car_model(cm_id , cs_id , cm_name,cm_type ,cm_order , cm_state , cm_min_price , cm_max_price) values(45685,5556,'2020款 EcoBoost 285 四驱风尚版 7座','2020款',4,1,329800,329800);
insert into t_car_model(cm_id , cs_id , cm_name,cm_type ,cm_order , cm_state , cm_min_price , cm_max_price) values(45684,5556,'2020款 EcoBoost 285 四驱钛金版 6座','2020款',5,1,359800,359800);
insert into t_car_model(cm_id , cs_id , cm_name,cm_type ,cm_order , cm_state , cm_min_price , cm_max_price) values(45687,5556,'2020款 EcoBoost 285 四驱钛金版 7座','2020款',6,1,359800,359800);
insert into t_car_model(cm_id , cs_id , cm_name,cm_type ,cm_order , cm_state , cm_min_price , cm_max_price) values(45879,5556,'2020款 EcoBoost 285 四驱运动版ST-LINE 6座','2020款',7,1,379800,379800);
insert into t_car_model(cm_id , cs_id , cm_name,cm_type ,cm_order , cm_state , cm_min_price , cm_max_price) values(45939,5556,'2020款 EcoBoost 285 四驱运动版ST-LINE 7座','2020款',8,1,379800,379800);
insert into t_car_model(cm_id , cs_id , cm_name,cm_type ,cm_order , cm_state , cm_min_price , cm_max_price) values(43239,5556,'2020款 EcoBoost 285 四驱铂金版 6座','2020款',9,1,399800,399800);
insert into t_car_model(cm_id , cs_id , cm_name,cm_type ,cm_order , cm_state , cm_min_price , cm_max_price) values(45731,5556,'2020款 EcoBoost 285 四驱铂金版 7座','2020款',10,1,399800,399800);
insert into t_car_series(cs_id,cbf_id,cs_name,cs_order,cs_letter) values(659,43,'嘉年华',1899,'J');
insert into t_car_model(cm_id , cs_id , cm_name,cm_type ,cm_order , cm_state , cm_min_price , cm_max_price) values(17583,659,'2014款 两厢 1.0 GTDi 自动劲动型','2014款',1,1,122900,122900);
insert into t_car_model(cm_id , cs_id , cm_name,cm_type ,cm_order , cm_state , cm_min_price , cm_max_price) values(15021,659,'2013款 两厢 1.5L 手动风尚型','2013款',1,1,79900,79900);
insert into t_car_model(cm_id , cs_id , cm_name,cm_type ,cm_order , cm_state , cm_min_price , cm_max_price) values(15022,659,'2013款 两厢 1.5L 手动时尚型','2013款',2,1,89900,89900);
insert into t_car_model(cm_id , cs_id , cm_name,cm_type ,cm_order , cm_state , cm_min_price , cm_max_price) values(15023,659,'2013款 两厢 1.5L 自动时尚型','2013款',3,1,98900,98900);
insert into t_car_model(cm_id , cs_id , cm_name,cm_type ,cm_order , cm_state , cm_min_price , cm_max_price) values(15024,659,'2013款 两厢 1.5L 自动品尚型','2013款',4,1,103900,103900);
insert into t_car_model(cm_id , cs_id , cm_name,cm_type ,cm_order , cm_state , cm_min_price , cm_max_price) values(15026,659,'2013款 两厢 1.5L 自动运动型','2013款',5,1,111900,111900);
insert into t_car_model(cm_id , cs_id , cm_name,cm_type ,cm_order , cm_state , cm_min_price , cm_max_price) values(15027,659,'2013款 两厢 1.5L 自动劲动型','2013款',6,1,116900,116900);
insert into t_car_model(cm_id , cs_id , cm_name,cm_type ,cm_order , cm_state , cm_min_price , cm_max_price) values(15025,659,'2013款 三厢 1.5L 手动风尚型','2013款',7,1,79900,79900);
insert into t_car_model(cm_id , cs_id , cm_name,cm_type ,cm_order , cm_state , cm_min_price , cm_max_price) values(15018,659,'2013款 三厢 1.5L 手动时尚型','2013款',8,1,89900,89900);
insert into t_car_model(cm_id , cs_id , cm_name,cm_type ,cm_order , cm_state , cm_min_price , cm_max_price) values(15019,659,'2013款 三厢 1.5L 自动时尚型','2013款',9,1,98900,98900);
insert into t_car_model(cm_id , cs_id , cm_name,cm_type ,cm_order , cm_state , cm_min_price , cm_max_price) values(14416,659,'2013款 三厢 1.5L 自动品尚型','2013款',10,1,103900,103900);
insert into t_car_model(cm_id , cs_id , cm_name,cm_type ,cm_order , cm_state , cm_min_price , cm_max_price) values(15020,659,'2013款 三厢 1.5L 自动旗舰型','2013款',11,1,111900,111900);
insert into t_car_model(cm_id , cs_id , cm_name,cm_type ,cm_order , cm_state , cm_min_price , cm_max_price) values(12166,659,'2012款 两厢 1.5L 手动动感限量版','2012款',1,1,103800,103800);
insert into t_car_model(cm_id , cs_id , cm_name,cm_type ,cm_order , cm_state , cm_min_price , cm_max_price) values(12012,659,'2012款 两厢 1.5L 自动动感限量版','2012款',2,1,111800,111800);
insert into t_car_model(cm_id , cs_id , cm_name,cm_type ,cm_order , cm_state , cm_min_price , cm_max_price) values(10117,659,'2011款 两厢 1.3L 手动风尚型','2011款',1,1,79900,79900);
insert into t_car_model(cm_id , cs_id , cm_name,cm_type ,cm_order , cm_state , cm_min_price , cm_max_price) values(10118,659,'2011款 两厢 1.5L 手动时尚型','2011款',2,1,89900,89900);
insert into t_car_model(cm_id , cs_id , cm_name,cm_type ,cm_order , cm_state , cm_min_price , cm_max_price) values(10119,659,'2011款 两厢 1.5L 自动时尚型','2011款',3,1,97900,97900);
insert into t_car_model(cm_id , cs_id , cm_name,cm_type ,cm_order , cm_state , cm_min_price , cm_max_price) values(10120,659,'2011款 两厢 1.5L 手动运动型','2011款',4,1,101900,101900);
insert into t_car_model(cm_id , cs_id , cm_name,cm_type ,cm_order , cm_state , cm_min_price , cm_max_price) values(10121,659,'2011款 两厢 1.5L 自动运动型','2011款',5,1,109900,109900);
insert into t_car_model(cm_id , cs_id , cm_name,cm_type ,cm_order , cm_state , cm_min_price , cm_max_price) values(10122,659,'2011款 两厢 1.5L 自动劲动型','2011款',6,1,112900,112900);
insert into t_car_model(cm_id , cs_id , cm_name,cm_type ,cm_order , cm_state , cm_min_price , cm_max_price) values(10123,659,'2011款 三厢 1.3L 手动风尚型','2011款',7,1,79900,79900);
insert into t_car_model(cm_id , cs_id , cm_name,cm_type ,cm_order , cm_state , cm_min_price , cm_max_price) values(10124,659,'2011款 三厢 1.5L 手动时尚型','2011款',8,1,89900,89900);
insert into t_car_model(cm_id , cs_id , cm_name,cm_type ,cm_order , cm_state , cm_min_price , cm_max_price) values(10125,659,'2011款 三厢 1.5L 自动时尚型','2011款',9,1,97900,97900);
insert into t_car_model(cm_id , cs_id , cm_name,cm_type ,cm_order , cm_state , cm_min_price , cm_max_price) values(10126,659,'2011款 三厢 1.5L 自动豪华型','2011款',10,1,109900,109900);
insert into t_car_model(cm_id , cs_id , cm_name,cm_type ,cm_order , cm_state , cm_min_price , cm_max_price) values(7361,659,'2010款 两厢 1.3L 手动风尚型','2010款',1,1,78900,78900);
insert into t_car_model(cm_id , cs_id , cm_name,cm_type ,cm_order , cm_state , cm_min_price , cm_max_price) values(7342,659,'2010款 三厢 1.3L 手动风尚型','2010款',2,1,81900,81900);
insert into t_car_model(cm_id , cs_id , cm_name,cm_type ,cm_order , cm_state , cm_min_price , cm_max_price) values(8487,659,'2010款 两厢 1.5L 手动光芒限定版','2010款',3,1,92900,92900);
insert into t_car_model(cm_id , cs_id , cm_name,cm_type ,cm_order , cm_state , cm_min_price , cm_max_price) values(8488,659,'2010款 两厢 1.5L 自动光芒限定版','2010款',4,1,100900,100900);
insert into t_car_model(cm_id , cs_id , cm_name,cm_type ,cm_order , cm_state , cm_min_price , cm_max_price) values(6253,659,'2010款 两厢 1.5L 手动时尚型限量版','2010款',5,1,92900,92900);
insert into t_car_model(cm_id , cs_id , cm_name,cm_type ,cm_order , cm_state , cm_min_price , cm_max_price) values(6254,659,'2010款 两厢 1.5L 自动时尚型限量版','2010款',6,1,102900,102900);
insert into t_car_model(cm_id , cs_id , cm_name,cm_type ,cm_order , cm_state , cm_min_price , cm_max_price) values(8485,659,'2010款 三厢 1.5L 手动光芒限定版','2010款',7,1,95900,95900);
insert into t_car_model(cm_id , cs_id , cm_name,cm_type ,cm_order , cm_state , cm_min_price , cm_max_price) values(8486,659,'2010款 三厢 1.5L 自动光芒限定版','2010款',8,1,103900,103900);
insert into t_car_model(cm_id , cs_id , cm_name,cm_type ,cm_order , cm_state , cm_min_price , cm_max_price) values(5079,659,'2009款 两厢 1.3L 手动经典型','2009款',1,1,78900,78900);
insert into t_car_model(cm_id , cs_id , cm_name,cm_type ,cm_order , cm_state , cm_min_price , cm_max_price) values(4176,659,'2009款 两厢 1.3L 手动时尚型','2009款',2,1,82900,82900);
insert into t_car_model(cm_id , cs_id , cm_name,cm_type ,cm_order , cm_state , cm_min_price , cm_max_price) values(4848,659,'2009款 两厢 1.3L 自动时尚型','2009款',3,1,92900,92900);
insert into t_car_model(cm_id , cs_id , cm_name,cm_type ,cm_order , cm_state , cm_min_price , cm_max_price) values(4338,659,'2009款 两厢 1.5L 手动时尚型','2009款',4,1,87900,87900);
insert into t_car_model(cm_id , cs_id , cm_name,cm_type ,cm_order , cm_state , cm_min_price , cm_max_price) values(4849,659,'2009款 两厢 1.5L 自动时尚型','2009款',5,1,95900,95900);
insert into t_car_model(cm_id , cs_id , cm_name,cm_type ,cm_order , cm_state , cm_min_price , cm_max_price) values(4850,659,'2009款 两厢 1.5L 手动运动型','2009款',6,1,100900,100900);
insert into t_car_model(cm_id , cs_id , cm_name,cm_type ,cm_order , cm_state , cm_min_price , cm_max_price) values(4851,659,'2009款 两厢 1.5L 自动运动型','2009款',7,1,108900,108900);
insert into t_car_model(cm_id , cs_id , cm_name,cm_type ,cm_order , cm_state , cm_min_price , cm_max_price) values(4685,659,'2009款 三厢 1.5L 手动时尚型','2009款',8,1,90900,90900);
insert into t_car_model(cm_id , cs_id , cm_name,cm_type ,cm_order , cm_state , cm_min_price , cm_max_price) values(4846,659,'2009款 三厢 1.5L 自动时尚型','2009款',9,1,98900,98900);
insert into t_car_model(cm_id , cs_id , cm_name,cm_type ,cm_order , cm_state , cm_min_price , cm_max_price) values(4845,659,'2009款 三厢 1.5L 手动运动型','2009款',10,1,101900,101900);
insert into t_car_model(cm_id , cs_id , cm_name,cm_type ,cm_order , cm_state , cm_min_price , cm_max_price) values(4847,659,'2009款 三厢 1.5L 自动豪华型','2009款',11,1,111900,111900);
insert into t_car_model(cm_id , cs_id , cm_name,cm_type ,cm_order , cm_state , cm_min_price , cm_max_price) values(2233,659,'2006款 1.6L 手动舒适型','2006款',1,1,83800,83800);
insert into t_car_model(cm_id , cs_id , cm_name,cm_type ,cm_order , cm_state , cm_min_price , cm_max_price) values(2234,659,'2006款 1.6L 手动运动型','2006款',2,1,89800,89800);
insert into t_car_model(cm_id , cs_id , cm_name,cm_type ,cm_order , cm_state , cm_min_price , cm_max_price) values(2235,659,'2006款 1.6L 自动运动型','2006款',3,1,99800,99800);
insert into t_car_model(cm_id , cs_id , cm_name,cm_type ,cm_order , cm_state , cm_min_price , cm_max_price) values(2236,659,'2006款 1.6L 自动豪华型','2006款',4,1,99800,99800);
insert into t_car_model(cm_id , cs_id , cm_name,cm_type ,cm_order , cm_state , cm_min_price , cm_max_price) values(1453,659,'2005款 1.6L 手动舒适型','2005款',1,1,83800,83800);
insert into t_car_model(cm_id , cs_id , cm_name,cm_type ,cm_order , cm_state , cm_min_price , cm_max_price) values(1455,659,'2005款 1.6L 手动运动型','2005款',2,1,89800,89800);
insert into t_car_model(cm_id , cs_id , cm_name,cm_type ,cm_order , cm_state , cm_min_price , cm_max_price) values(1454,659,'2005款 1.6L 自动豪华型','2005款',3,1,99800,99800);
insert into t_car_model(cm_id , cs_id , cm_name,cm_type ,cm_order , cm_state , cm_min_price , cm_max_price) values(605,659,'2004款 1.6L 手动基本型','2004款',1,1,72800,72800);
insert into t_car_model(cm_id , cs_id , cm_name,cm_type ,cm_order , cm_state , cm_min_price , cm_max_price) values(279,659,'2004款 1.6L 手动舒适型','2004款',2,1,82800,82800);
insert into t_car_model(cm_id , cs_id , cm_name,cm_type ,cm_order , cm_state , cm_min_price , cm_max_price) values(604,659,'2004款 1.6L 自动舒适型','2004款',3,1,92800,92800);
insert into t_car_model(cm_id , cs_id , cm_name,cm_type ,cm_order , cm_state , cm_min_price , cm_max_price) values(280,659,'2004款 1.6L 手动运动型','2004款',4,1,92800,92800);
insert into t_car_model(cm_id , cs_id , cm_name,cm_type ,cm_order , cm_state , cm_min_price , cm_max_price) values(281,659,'2004款 1.6L 自动豪华型','2004款',5,1,99800,99800);
insert into t_car_series(cs_id,cbf_id,cs_name,cs_order,cs_letter) values(4386,43,'蒙迪欧新能源',1900,'M');
insert into t_car_model(cm_id , cs_id , cm_name,cm_type ,cm_order , cm_state , cm_min_price , cm_max_price) values(39109,4386,'2018款 2.0 PHEV 智控时尚型 国VI','2018款',1,1,280800,280800);
insert into t_car_model(cm_id , cs_id , cm_name,cm_type ,cm_order , cm_state , cm_min_price , cm_max_price) values(39110,4386,'2018款 2.0 PHEV 智控豪华型 国VI','2018款',2,1,295800,295800);
insert into t_car_model(cm_id , cs_id , cm_name,cm_type ,cm_order , cm_state , cm_min_price , cm_max_price) values(39111,4386,'2018款 2.0 PHEV 智控旗舰型 国VI','2018款',3,1,337800,337800);
insert into t_car_model(cm_id , cs_id , cm_name,cm_type ,cm_order , cm_state , cm_min_price , cm_max_price) values(36394,4386,'2018款 2.0 PHEV 智控时尚型 国V','2018款',4,1,280800,280800);
insert into t_car_model(cm_id , cs_id , cm_name,cm_type ,cm_order , cm_state , cm_min_price , cm_max_price) values(36395,4386,'2018款 2.0 PHEV 智控豪华型 国V','2018款',5,1,295800,295800);
insert into t_car_model(cm_id , cs_id , cm_name,cm_type ,cm_order , cm_state , cm_min_price , cm_max_price) values(36396,4386,'2018款 2.0 PHEV 智控旗舰型 国V','2018款',6,1,337800,337800);
insert into t_car_model(cm_id , cs_id , cm_name,cm_type ,cm_order , cm_state , cm_min_price , cm_max_price) values(33989,4386,'2018款 2.0 PHEV 智尚型','2018款',7,1,280800,280800);
insert into t_car_model(cm_id , cs_id , cm_name,cm_type ,cm_order , cm_state , cm_min_price , cm_max_price) values(33990,4386,'2018款 2.0 PHEV 智豪型','2018款',8,1,295800,295800);
insert into t_car_model(cm_id , cs_id , cm_name,cm_type ,cm_order , cm_state , cm_min_price , cm_max_price) values(30025,4386,'2018款 2.0 PHEV 智尊旗舰型','2018款',9,1,337800,337800);
insert into t_car_series(cs_id,cbf_id,cs_name,cs_order,cs_letter) values(577,43,'蒙迪欧-致胜',1901,'M');
insert into t_car_model(cm_id , cs_id , cm_name,cm_type ,cm_order , cm_state , cm_min_price , cm_max_price) values(12814,577,'2012款 2.0L GTDi240旗舰运动版','2012款',1,1,256800,256800);
insert into t_car_model(cm_id , cs_id , cm_name,cm_type ,cm_order , cm_state , cm_min_price , cm_max_price) values(9655,577,'2011款 2.0L 舒适型','2011款',1,1,169800,169800);
insert into t_car_model(cm_id , cs_id , cm_name,cm_type ,cm_order , cm_state , cm_min_price , cm_max_price) values(9656,577,'2011款 2.3L 时尚型','2011款',2,1,179800,179800);
insert into t_car_model(cm_id , cs_id , cm_name,cm_type ,cm_order , cm_state , cm_min_price , cm_max_price) values(9657,577,'2011款 2.3L 豪华型','2011款',3,1,194800,194800);
insert into t_car_model(cm_id , cs_id , cm_name,cm_type ,cm_order , cm_state , cm_min_price , cm_max_price) values(9634,577,'2011款 2.0L GTDi200时尚型','2011款',4,1,199800,199800);
insert into t_car_model(cm_id , cs_id , cm_name,cm_type ,cm_order , cm_state , cm_min_price , cm_max_price) values(9658,577,'2011款 2.0L GTDi200豪华型','2011款',5,1,217800,217800);
insert into t_car_model(cm_id , cs_id , cm_name,cm_type ,cm_order , cm_state , cm_min_price , cm_max_price) values(9659,577,'2011款 2.0L GTDi240豪华运动型','2011款',6,1,237800,237800);
insert into t_car_model(cm_id , cs_id , cm_name,cm_type ,cm_order , cm_state , cm_min_price , cm_max_price) values(9228,577,'2011款 2.0L GTDi240豪华运动导航版','2011款',7,1,241800,241800);
insert into t_car_model(cm_id , cs_id , cm_name,cm_type ,cm_order , cm_state , cm_min_price , cm_max_price) values(9633,577,'2011款 2.0L GTDi240至尊型','2011款',8,1,252800,252800);
insert into t_car_model(cm_id , cs_id , cm_name,cm_type ,cm_order , cm_state , cm_min_price , cm_max_price) values(6533,577,'2010款 2.0L 舒适型','2010款',1,1,169800,169800);
insert into t_car_model(cm_id , cs_id , cm_name,cm_type ,cm_order , cm_state , cm_min_price , cm_max_price) values(6534,577,'2010款 2.3L 时尚型','2010款',2,1,179800,179800);
insert into t_car_model(cm_id , cs_id , cm_name,cm_type ,cm_order , cm_state , cm_min_price , cm_max_price) values(6535,577,'2010款 2.3L 豪华型','2010款',3,1,199800,199800);
insert into t_car_model(cm_id , cs_id , cm_name,cm_type ,cm_order , cm_state , cm_min_price , cm_max_price) values(6531,577,'2010款 2.3L 豪华运动型','2010款',4,1,223800,223800);
insert into t_car_model(cm_id , cs_id , cm_name,cm_type ,cm_order , cm_state , cm_min_price , cm_max_price) values(6532,577,'2010款 2.3L 豪华运动导航版','2010款',5,1,229800,229800);
insert into t_car_model(cm_id , cs_id , cm_name,cm_type ,cm_order , cm_state , cm_min_price , cm_max_price) values(6530,577,'2010款 2.3L 至尊版','2010款',6,1,226800,226800);
insert into t_car_model(cm_id , cs_id , cm_name,cm_type ,cm_order , cm_state , cm_min_price , cm_max_price) values(4576,577,'2008款 2.3L 至尊版','2008款',1,1,226800,226800);
insert into t_car_model(cm_id , cs_id , cm_name,cm_type ,cm_order , cm_state , cm_min_price , cm_max_price) values(4577,577,'2008款 2.3L 豪华运动导航版','2008款',2,1,229800,229800);
insert into t_car_model(cm_id , cs_id , cm_name,cm_type ,cm_order , cm_state , cm_min_price , cm_max_price) values(3406,577,'2007款 2.0L 舒适型','2007款',1,1,169800,169800);
insert into t_car_model(cm_id , cs_id , cm_name,cm_type ,cm_order , cm_state , cm_min_price , cm_max_price) values(3254,577,'2007款 2.3L 时尚型','2007款',2,1,179800,179800);
insert into t_car_model(cm_id , cs_id , cm_name,cm_type ,cm_order , cm_state , cm_min_price , cm_max_price) values(3182,577,'2007款 2.3L 豪华型','2007款',3,1,199800,199800);
insert into t_car_model(cm_id , cs_id , cm_name,cm_type ,cm_order , cm_state , cm_min_price , cm_max_price) values(3183,577,'2007款 2.3L 豪华运动型','2007款',4,1,223800,223800);
insert into t_car_series(cs_id,cbf_id,cs_name,cs_order,cs_letter) values(3175,43,'致胜',1902,'Z');
insert into t_car_model(cm_id , cs_id , cm_name,cm_type ,cm_order , cm_state , cm_min_price , cm_max_price) values(16618,3175,'2013款 2.3L 时尚型','2013款',1,1,179800,179800);
insert into t_car_model(cm_id , cs_id , cm_name,cm_type ,cm_order , cm_state , cm_min_price , cm_max_price) values(16619,3175,'2013款 2.3L 豪华型','2013款',2,1,194800,194800);
insert into t_car_series(cs_id,cbf_id,cs_name,cs_order,cs_letter) values(2871,43,'翼搏',1903,'Y');
insert into t_car_model(cm_id , cs_id , cm_name,cm_type ,cm_order , cm_state , cm_min_price , cm_max_price) values(39443,2871,'2019款 1.5L 自动铂翼运动版','2019款',1,1,107800,107800);
insert into t_car_model(cm_id , cs_id , cm_name,cm_type ,cm_order , cm_state , cm_min_price , cm_max_price) values(39444,2871,'2019款 1.5L 自动尊翼Plus版','2019款',2,1,120800,120800);
insert into t_car_model(cm_id , cs_id , cm_name,cm_type ,cm_order , cm_state , cm_min_price , cm_max_price) values(31322,2871,'2018款 1.5L 手动精翼型','2018款',1,1,79800,79800);
insert into t_car_model(cm_id , cs_id , cm_name,cm_type ,cm_order , cm_state , cm_min_price , cm_max_price) values(31323,2871,'2018款 1.5L 自动精翼型','2018款',2,1,89800,89800);
insert into t_car_model(cm_id , cs_id , cm_name,cm_type ,cm_order , cm_state , cm_min_price , cm_max_price) values(34621,2871,'2018款 改款 EcoBoost125 自动尊翼型','2018款',3,1,125800,125800);
insert into t_car_model(cm_id , cs_id , cm_name,cm_type ,cm_order , cm_state , cm_min_price , cm_max_price) values(34622,2871,'2018款 改款 2.0L 自动四驱尊翼型','2018款',4,1,155800,155800);
insert into t_car_model(cm_id , cs_id , cm_name,cm_type ,cm_order , cm_state , cm_min_price , cm_max_price) values(31324,2871,'2018款 1.5L 自动铂翼型','2018款',5,1,105800,105800);
insert into t_car_model(cm_id , cs_id , cm_name,cm_type ,cm_order , cm_state , cm_min_price , cm_max_price) values(34617,2871,'2018款 改款 1.5L 自动铂翼型','2018款',6,1,106800,106800);
insert into t_car_model(cm_id , cs_id , cm_name,cm_type ,cm_order , cm_state , cm_min_price , cm_max_price) values(31325,2871,'2018款  1.5L 自动尊翼型','2018款',7,1,119800,119800);
insert into t_car_model(cm_id , cs_id , cm_name,cm_type ,cm_order , cm_state , cm_min_price , cm_max_price) values(31326,2871,'2018款 EcoBoost125 自动尊翼型','2018款',8,1,125800,125800);
insert into t_car_model(cm_id , cs_id , cm_name,cm_type ,cm_order , cm_state , cm_min_price , cm_max_price) values(30068,2871,'2018款 2.0L 自动四驱尊翼型','2018款',9,1,155800,155800);
insert into t_car_model(cm_id , cs_id , cm_name,cm_type ,cm_order , cm_state , cm_min_price , cm_max_price) values(28210,2871,'2017款 1.5L 手动舒适型','2017款',1,1,94800,94800);
insert into t_car_model(cm_id , cs_id , cm_name,cm_type ,cm_order , cm_state , cm_min_price , cm_max_price) values(28211,2871,'2017款 1.5L 手动风尚型','2017款',2,1,104300,104300);
insert into t_car_model(cm_id , cs_id , cm_name,cm_type ,cm_order , cm_state , cm_min_price , cm_max_price) values(28212,2871,'2017款 1.5L 自动风尚型','2017款',3,1,114300,114300);
insert into t_car_model(cm_id , cs_id , cm_name,cm_type ,cm_order , cm_state , cm_min_price , cm_max_price) values(28215,2871,'2017款 1.5L 自动尊贵型','2017款',4,1,129800,129800);
insert into t_car_model(cm_id , cs_id , cm_name,cm_type ,cm_order , cm_state , cm_min_price , cm_max_price) values(28213,2871,'2017款 1.5L 手动尊贵型','2017款',5,1,117800,117800);
insert into t_car_model(cm_id , cs_id , cm_name,cm_type ,cm_order , cm_state , cm_min_price , cm_max_price) values(28214,2871,'2017款 EcoBoost125 手动尊贵型','2017款',6,1,121800,121800);
insert into t_car_model(cm_id , cs_id , cm_name,cm_type ,cm_order , cm_state , cm_min_price , cm_max_price) values(25624,2871,'2016款 1.5L 自动运动典藏版','2016款',1,1,127800,127800);
insert into t_car_model(cm_id , cs_id , cm_name,cm_type ,cm_order , cm_state , cm_min_price , cm_max_price) values(14588,2871,'2013款 1.5L 手动舒适型','2013款',1,1,94800,94800);
insert into t_car_model(cm_id , cs_id , cm_name,cm_type ,cm_order , cm_state , cm_min_price , cm_max_price) values(14589,2871,'2013款 1.5L 手动风尚型','2013款',2,1,102800,102800);
insert into t_car_model(cm_id , cs_id , cm_name,cm_type ,cm_order , cm_state , cm_min_price , cm_max_price) values(14590,2871,'2013款 1.5L 自动风尚型','2013款',3,1,112800,112800);
insert into t_car_model(cm_id , cs_id , cm_name,cm_type ,cm_order , cm_state , cm_min_price , cm_max_price) values(14592,2871,'2013款 1.5L 手动尊贵型','2013款',4,1,115800,115800);
insert into t_car_model(cm_id , cs_id , cm_name,cm_type ,cm_order , cm_state , cm_min_price , cm_max_price) values(13580,2871,'2013款 1.5L 自动尊贵型','2013款',5,1,127800,127800);
insert into t_car_model(cm_id , cs_id , cm_name,cm_type ,cm_order , cm_state , cm_min_price , cm_max_price) values(14591,2871,'2013款 1.0L GTDi 手动尊贵型','2013款',6,1,119800,119800);
insert into t_car_series(cs_id,cbf_id,cs_name,cs_order,cs_letter) values(498,43,'麦柯斯',1904,'M');
insert into t_car_model(cm_id , cs_id , cm_name,cm_type ,cm_order , cm_state , cm_min_price , cm_max_price) values(4116,498,'2008款 2.3L 5座时尚型','2008款',1,1,194800,194800);
insert into t_car_model(cm_id , cs_id , cm_name,cm_type ,cm_order , cm_state , cm_min_price , cm_max_price) values(2673,498,'2008款 2.3L 7座时尚型','2008款',2,1,199800,199800);
insert into t_car_model(cm_id , cs_id , cm_name,cm_type ,cm_order , cm_state , cm_min_price , cm_max_price) values(4118,498,'2008款 2.3L 7座豪华型','2008款',3,1,219800,219800);
insert into t_car_model(cm_id , cs_id , cm_name,cm_type ,cm_order , cm_state , cm_min_price , cm_max_price) values(4117,498,'2008款 2.3L 7座旗舰型','2008款',4,1,239800,239800);
insert into t_car_model(cm_id , cs_id , cm_name,cm_type ,cm_order , cm_state , cm_min_price , cm_max_price) values(4578,498,'2008款 2.3L 7座旗舰导航型','2008款',5,1,245800,245800);
insert into t_car_model(cm_id , cs_id , cm_name,cm_type ,cm_order , cm_state , cm_min_price , cm_max_price) values(3958,498,'2007款 2.3L 5座时尚型','2007款',1,1,194800,194800);
insert into t_car_model(cm_id , cs_id , cm_name,cm_type ,cm_order , cm_state , cm_min_price , cm_max_price) values(2861,498,'2007款 2.3L 时尚型','2007款',2,1,204800,204800);
insert into t_car_model(cm_id , cs_id , cm_name,cm_type ,cm_order , cm_state , cm_min_price , cm_max_price) values(2862,498,'2007款 2.3L 豪华型','2007款',3,1,219800,219800);
insert into t_car_model(cm_id , cs_id , cm_name,cm_type ,cm_order , cm_state , cm_min_price , cm_max_price) values(3507,498,'2007款 2.3L 旗舰型','2007款',4,1,239800,239800);
insert into t_car_brand_factory(cbf_id , cb_id , cbf_name ,cbf_letter) values(640,8,'福特电动车','F');
insert into t_car_series(cs_id,cbf_id,cs_name,cs_order,cs_letter) values(6029,640,'Mustang Mach-E',1905,'M');
insert into t_car_model(cm_id , cs_id , cm_name,cm_type ,cm_order , cm_state , cm_min_price , cm_max_price) values(50685,6029,'2021款 跃世后驱版(标准续航)','2021款',1,1,265000,265000);
insert into t_car_model(cm_id , cs_id , cm_name,cm_type ,cm_order , cm_state , cm_min_price , cm_max_price) values(52287,6029,'2021款 无疆后驱版(长续航)','2021款',2,1,282000,282000);
insert into t_car_model(cm_id , cs_id , cm_name,cm_type ,cm_order , cm_state , cm_min_price , cm_max_price) values(50686,6029,'2021款 无疆后驱豪华版(长续航)','2021款',3,1,309900,309900);
insert into t_car_model(cm_id , cs_id , cm_name,cm_type ,cm_order , cm_state , cm_min_price , cm_max_price) values(50687,6029,'2021款 追风全驱豪华版(长续航)','2021款',4,1,339900,339900);
insert into t_car_model(cm_id , cs_id , cm_name,cm_type ,cm_order , cm_state , cm_min_price , cm_max_price) values(53652,6029,'2021款 GT','2021款',5,1,369900,369900);
insert into t_car_model(cm_id , cs_id , cm_name,cm_type ,cm_order , cm_state , cm_min_price , cm_max_price) values(49699,6029,'2021款 GT First Edition','2021款',6,1,379900,379900);
insert into t_car_brand_factory(cbf_id , cb_id , cbf_name ,cbf_letter) values(447,8,'江铃福特','J');
insert into t_car_series(cs_id,cbf_id,cs_name,cs_order,cs_letter) values(6430,447,'领睿',1906,'L');
insert into t_car_model(cm_id , cs_id , cm_name,cm_type ,cm_order , cm_state , cm_min_price , cm_max_price) values(53669,6430,'2022款 高配版','2022款',1,1,0,0);
insert into t_car_series(cs_id,cbf_id,cs_name,cs_order,cs_letter) values(4899,447,'领界',1907,'L');
insert into t_car_model(cm_id , cs_id , cm_name,cm_type ,cm_order , cm_state , cm_min_price , cm_max_price) values(50883,4899,'2021款 领界S EcoBoost 145 CVT 智领轻混型','2021款',1,1,149800,149800);
insert into t_car_model(cm_id , cs_id , cm_name,cm_type ,cm_order , cm_state , cm_min_price , cm_max_price) values(45510,4899,'2020款 领界S EcoBoost 145 手动精领型','2020款',1,1,109800,109800);
insert into t_car_model(cm_id , cs_id , cm_name,cm_type ,cm_order , cm_state , cm_min_price , cm_max_price) values(45511,4899,'2020款 领界S EcoBoost 145 CVT精领型','2020款',2,1,122800,122800);
insert into t_car_model(cm_id , cs_id , cm_name,cm_type ,cm_order , cm_state , cm_min_price , cm_max_price) values(45512,4899,'2020款 领界S EcoBoost 145 CVT铂领型','2020款',3,1,132800,132800);
insert into t_car_model(cm_id , cs_id , cm_name,cm_type ,cm_order , cm_state , cm_min_price , cm_max_price) values(45513,4899,'2020款 领界S EcoBoost 145 CVT尊领型','2020款',4,1,149800,149800);
insert into t_car_model(cm_id , cs_id , cm_name,cm_type ,cm_order , cm_state , cm_min_price , cm_max_price) values(45477,4899,'2020款 领界S EcoBoost 145 CVT 48V尊领型PLUS','2020款',5,1,164800,164800);
insert into t_car_model(cm_id , cs_id , cm_name,cm_type ,cm_order , cm_state , cm_min_price , cm_max_price) values(37310,4899,'2019款 EcoBoost 145 手动精领型 国V','2019款',1,1,109800,109800);
insert into t_car_model(cm_id , cs_id , cm_name,cm_type ,cm_order , cm_state , cm_min_price , cm_max_price) values(37311,4899,'2019款 EcoBoost 145 CVT精领型 国V','2019款',2,1,121800,121800);
insert into t_car_model(cm_id , cs_id , cm_name,cm_type ,cm_order , cm_state , cm_min_price , cm_max_price) values(37312,4899,'2019款 EcoBoost 145 CVT铂领型 国V','2019款',3,1,129800,129800);
insert into t_car_model(cm_id , cs_id , cm_name,cm_type ,cm_order , cm_state , cm_min_price , cm_max_price) values(37313,4899,'2019款 EcoBoost 145 CVT尊领型 国V','2019款',4,1,149800,149800);
insert into t_car_model(cm_id , cs_id , cm_name,cm_type ,cm_order , cm_state , cm_min_price , cm_max_price) values(35389,4899,'2019款 EcoBoost 145 CVT尊领型PLUS 国V','2019款',5,1,163800,163800);
insert into t_car_model(cm_id , cs_id , cm_name,cm_type ,cm_order , cm_state , cm_min_price , cm_max_price) values(37314,4899,'2019款 EcoBoost 145 CVT 48V尊领型PLUS 国V','2019款',6,1,167800,167800);
insert into t_car_model(cm_id , cs_id , cm_name,cm_type ,cm_order , cm_state , cm_min_price , cm_max_price) values(40317,4899,'2019款 EcoBoost 145 手动精领型 国VI','2019款',7,1,109800,109800);
insert into t_car_model(cm_id , cs_id , cm_name,cm_type ,cm_order , cm_state , cm_min_price , cm_max_price) values(40318,4899,'2019款 EcoBoost 145 CVT精领型 国VI','2019款',8,1,122800,122800);
insert into t_car_model(cm_id , cs_id , cm_name,cm_type ,cm_order , cm_state , cm_min_price , cm_max_price) values(40319,4899,'2019款 EcoBoost 145 CVT铂领型 国VI','2019款',9,1,132800,132800);
insert into t_car_model(cm_id , cs_id , cm_name,cm_type ,cm_order , cm_state , cm_min_price , cm_max_price) values(40320,4899,'2019款 EcoBoost 145 CVT尊领型 国VI','2019款',10,1,150800,150800);
insert into t_car_model(cm_id , cs_id , cm_name,cm_type ,cm_order , cm_state , cm_min_price , cm_max_price) values(40321,4899,'2019款 EcoBoost 145 CVT尊领型PLUS 国VI','2019款',11,1,164800,164800);
insert into t_car_model(cm_id , cs_id , cm_name,cm_type ,cm_order , cm_state , cm_min_price , cm_max_price) values(42411,4899,'2019款 EcoBoost 145 CVT 48V尊领型 国VI','2019款',12,1,154800,154800);
insert into t_car_model(cm_id , cs_id , cm_name,cm_type ,cm_order , cm_state , cm_min_price , cm_max_price) values(40322,4899,'2019款 EcoBoost 145 CVT 48V尊领型PLUS 国VI','2019款',13,1,168800,168800);
insert into t_car_model(cm_id , cs_id , cm_name,cm_type ,cm_order , cm_state , cm_min_price , cm_max_price) values(43148,4899,'2019款 EcoBoost 145 CVT 尊领型酷潮科技版 国VI','2019款',14,1,154800,154800);
insert into t_car_model(cm_id , cs_id , cm_name,cm_type ,cm_order , cm_state , cm_min_price , cm_max_price) values(43149,4899,'2019款 EcoBoost 145 CVT 尊领型PLUS酷潮科技版 国VI','2019款',15,1,168800,168800);
insert into t_car_series(cs_id,cbf_id,cs_name,cs_order,cs_letter) values(5339,447,'领界EV',1908,'L');
insert into t_car_model(cm_id , cs_id , cm_name,cm_type ,cm_order , cm_state , cm_min_price , cm_max_price) values(46918,5339,'2020款 静领型','2020款',1,1,179800,179800);
insert into t_car_model(cm_id , cs_id , cm_name,cm_type ,cm_order , cm_state , cm_min_price , cm_max_price) values(46919,5339,'2020款 耀领型','2020款',2,1,192800,192800);
insert into t_car_model(cm_id , cs_id , cm_name,cm_type ,cm_order , cm_state , cm_min_price , cm_max_price) values(40825,5339,'2019款 静领型','2019款',1,1,199000,199000);
insert into t_car_model(cm_id , cs_id , cm_name,cm_type ,cm_order , cm_state , cm_min_price , cm_max_price) values(39856,5339,'2019款 星领型','2019款',2,1,223000,223000);
insert into t_car_series(cs_id,cbf_id,cs_name,cs_order,cs_letter) values(3518,447,'撼路者',1909,'H');
insert into t_car_model(cm_id , cs_id , cm_name,cm_type ,cm_order , cm_state , cm_min_price , cm_max_price) values(43523,3518,'2020款 2.3T 汽油自动两驱菁英版 5座','2020款',1,1,275800,275800);
insert into t_car_model(cm_id , cs_id , cm_name,cm_type ,cm_order , cm_state , cm_min_price , cm_max_price) values(43524,3518,'2020款 2.3T 汽油自动四驱菁英版 5座','2020款',2,1,287800,287800);
insert into t_car_model(cm_id , cs_id , cm_name,cm_type ,cm_order , cm_state , cm_min_price , cm_max_price) values(43525,3518,'2020款 2.3T 汽油自动两驱豪华版 5座','2020款',3,1,315800,315800);
insert into t_car_model(cm_id , cs_id , cm_name,cm_type ,cm_order , cm_state , cm_min_price , cm_max_price) values(43528,3518,'2020款 2.3T 汽油自动四驱豪华版 5座','2020款',4,1,326800,326800);
insert into t_car_model(cm_id , cs_id , cm_name,cm_type ,cm_order , cm_state , cm_min_price , cm_max_price) values(43526,3518,'2020款 运动版 2.3T 汽油自动四驱豪华版 5座','2020款',5,1,332800,332800);
insert into t_car_model(cm_id , cs_id , cm_name,cm_type ,cm_order , cm_state , cm_min_price , cm_max_price) values(43529,3518,'2020款 2.3T 汽油自动四驱豪华版 7座','2020款',6,1,332800,332800);
insert into t_car_model(cm_id , cs_id , cm_name,cm_type ,cm_order , cm_state , cm_min_price , cm_max_price) values(43527,3518,'2020款 运动版 2.3T 汽油自动四驱豪华版 7座','2020款',7,1,338800,338800);
insert into t_car_model(cm_id , cs_id , cm_name,cm_type ,cm_order , cm_state , cm_min_price , cm_max_price) values(47683,3518,'2020款 2.3T 汽油自动四驱旗舰版 5座','2020款',8,1,362800,362800);
insert into t_car_model(cm_id , cs_id , cm_name,cm_type ,cm_order , cm_state , cm_min_price , cm_max_price) values(43530,3518,'2020款 2.3T 汽油自动四驱旗舰版 7座','2020款',9,1,368800,368800);
insert into t_car_model(cm_id , cs_id , cm_name,cm_type ,cm_order , cm_state , cm_min_price , cm_max_price) values(47682,3518,'2020款 运动版 2.3T 汽油自动四驱旗舰版 5座','2020款',10,1,368800,368800);
insert into t_car_model(cm_id , cs_id , cm_name,cm_type ,cm_order , cm_state , cm_min_price , cm_max_price) values(45052,3518,'2020款 运动版 2.3T 汽油自动四驱旗舰版 7座','2020款',11,1,374800,374800);
insert into t_car_model(cm_id , cs_id , cm_name,cm_type ,cm_order , cm_state , cm_min_price , cm_max_price) values(37668,3518,'2019款 2.0T 汽油自动两驱菁英版 5座','2019款',1,1,265800,265800);
insert into t_car_model(cm_id , cs_id , cm_name,cm_type ,cm_order , cm_state , cm_min_price , cm_max_price) values(37669,3518,'2019款 2.0T 汽油自动四驱菁英版 5座','2019款',2,1,277800,277800);
insert into t_car_model(cm_id , cs_id , cm_name,cm_type ,cm_order , cm_state , cm_min_price , cm_max_price) values(37667,3518,'2019款 2.0T 汽油自动两驱豪华版 5座','2019款',3,1,305800,305800);
insert into t_car_model(cm_id , cs_id , cm_name,cm_type ,cm_order , cm_state , cm_min_price , cm_max_price) values(37672,3518,'2019款 2.0T 汽油自动四驱豪华版 5座','2019款',4,1,316800,316800);
insert into t_car_model(cm_id , cs_id , cm_name,cm_type ,cm_order , cm_state , cm_min_price , cm_max_price) values(37673,3518,'2019款 2.0T 汽油自动四驱豪华版 7座','2019款',5,1,322800,322800);
insert into t_car_model(cm_id , cs_id , cm_name,cm_type ,cm_order , cm_state , cm_min_price , cm_max_price) values(37674,3518,'2019款 2.0T 汽油自动四驱旗舰版 7座','2019款',6,1,358800,358800);
insert into t_car_model(cm_id , cs_id , cm_name,cm_type ,cm_order , cm_state , cm_min_price , cm_max_price) values(37670,3518,'2019款 2.2T 柴油手动四驱豪华版 5座','2019款',7,1,312800,312800);
insert into t_car_model(cm_id , cs_id , cm_name,cm_type ,cm_order , cm_state , cm_min_price , cm_max_price) values(37671,3518,'2019款 2.2T 柴油手动四驱豪华版 7座','2019款',8,1,318800,318800);
insert into t_car_model(cm_id , cs_id , cm_name,cm_type ,cm_order , cm_state , cm_min_price , cm_max_price) values(30002,3518,'2017款 2.2T 柴油手动两驱菁英版 7座','2017款',1,1,265800,265800);
insert into t_car_model(cm_id , cs_id , cm_name,cm_type ,cm_order , cm_state , cm_min_price , cm_max_price) values(30010,3518,'2017款 2.2T 柴油手动四驱豪华版 5座','2017款',2,1,309800,309800);
insert into t_car_model(cm_id , cs_id , cm_name,cm_type ,cm_order , cm_state , cm_min_price , cm_max_price) values(30006,3518,'2017款 2.2T 柴油手动四驱豪华版 7座','2017款',3,1,315800,315800);
insert into t_car_model(cm_id , cs_id , cm_name,cm_type ,cm_order , cm_state , cm_min_price , cm_max_price) values(30003,3518,'2017款 2.0T 汽油自动两驱菁英版 5座','2017款',4,1,265500,265500);
insert into t_car_model(cm_id , cs_id , cm_name,cm_type ,cm_order , cm_state , cm_min_price , cm_max_price) values(30004,3518,'2017款 2.0T 汽油自动四驱菁英版 5座','2017款',5,1,277400,277400);
insert into t_car_model(cm_id , cs_id , cm_name,cm_type ,cm_order , cm_state , cm_min_price , cm_max_price) values(30005,3518,'2017款 2.0T 汽油自动两驱豪华版 5座','2017款',6,1,304200,304200);
insert into t_car_model(cm_id , cs_id , cm_name,cm_type ,cm_order , cm_state , cm_min_price , cm_max_price) values(30009,3518,'2017款 2.0T 汽油自动四驱豪华版 5座','2017款',7,1,316100,316100);
insert into t_car_model(cm_id , cs_id , cm_name,cm_type ,cm_order , cm_state , cm_min_price , cm_max_price) values(30007,3518,'2017款 2.0T 汽油自动四驱豪华版 7座','2017款',8,1,322000,322000);
insert into t_car_model(cm_id , cs_id , cm_name,cm_type ,cm_order , cm_state , cm_min_price , cm_max_price) values(30008,3518,'2017款 2.0T 汽油自动四驱旗舰版 7座','2017款',9,1,357700,357700);
insert into t_car_model(cm_id , cs_id , cm_name,cm_type ,cm_order , cm_state , cm_min_price , cm_max_price) values(32020,3518,'2017款 2.2T 柴油手动四驱豪华版 5座 国V','2017款',10,1,312100,312100);
insert into t_car_model(cm_id , cs_id , cm_name,cm_type ,cm_order , cm_state , cm_min_price , cm_max_price) values(32021,3518,'2017款 2.2T 柴油手动四驱豪华版 7座 国V','2017款',11,1,318100,318100);
insert into t_car_model(cm_id , cs_id , cm_name,cm_type ,cm_order , cm_state , cm_min_price , cm_max_price) values(23960,3518,'2016款 2.2T 柴油手动两驱菁英版','2016款',1,1,265800,265800);
insert into t_car_model(cm_id , cs_id , cm_name,cm_type ,cm_order , cm_state , cm_min_price , cm_max_price) values(19270,3518,'2016款 2.2T 柴油手动四驱豪华版','2016款',2,1,309800,309800);
insert into t_car_model(cm_id , cs_id , cm_name,cm_type ,cm_order , cm_state , cm_min_price , cm_max_price) values(23961,3518,'2016款 2.0T 汽油自动两驱菁英版','2016款',3,1,273800,273800);
insert into t_car_model(cm_id , cs_id , cm_name,cm_type ,cm_order , cm_state , cm_min_price , cm_max_price) values(23962,3518,'2016款 2.0T 汽油自动四驱菁英版','2016款',4,1,285800,285800);
insert into t_car_model(cm_id , cs_id , cm_name,cm_type ,cm_order , cm_state , cm_min_price , cm_max_price) values(23963,3518,'2016款 2.0T 汽油自动两驱豪华版','2016款',5,1,307800,307800);
insert into t_car_model(cm_id , cs_id , cm_name,cm_type ,cm_order , cm_state , cm_min_price , cm_max_price) values(23964,3518,'2016款 2.0T 汽油自动四驱豪华版','2016款',6,1,318800,318800);
insert into t_car_model(cm_id , cs_id , cm_name,cm_type ,cm_order , cm_state , cm_min_price , cm_max_price) values(23965,3518,'2016款 2.0T 汽油自动四驱旗舰版','2016款',7,1,360800,360800);
insert into t_car_series(cs_id,cbf_id,cs_name,cs_order,cs_letter) values(5910,447,'领裕',1910,'L');
insert into t_car_model(cm_id , cs_id , cm_name,cm_type ,cm_order , cm_state , cm_min_price , cm_max_price) values(50856,5910,'2021款 EcoBoost 225 精领型 5座','2021款',1,1,169800,169800);
insert into t_car_model(cm_id , cs_id , cm_name,cm_type ,cm_order , cm_state , cm_min_price , cm_max_price) values(50858,5910,'2021款 EcoBoost 225 精领型 6座','2021款',2,1,173800,173800);
insert into t_car_model(cm_id , cs_id , cm_name,cm_type ,cm_order , cm_state , cm_min_price , cm_max_price) values(50807,5910,'2021款 EcoBoost 225 铂领型 5座','2021款',3,1,185800,185800);
insert into t_car_model(cm_id , cs_id , cm_name,cm_type ,cm_order , cm_state , cm_min_price , cm_max_price) values(50303,5910,'2021款 EcoBoost 225 铂领型 6座','2021款',4,1,189800,189800);
insert into t_car_model(cm_id , cs_id , cm_name,cm_type ,cm_order , cm_state , cm_min_price , cm_max_price) values(50861,5910,'2021款 EcoBoost 225 铂领型 7座','2021款',5,1,189800,189800);
insert into t_car_model(cm_id , cs_id , cm_name,cm_type ,cm_order , cm_state , cm_min_price , cm_max_price) values(50302,5910,'2021款 EcoBoost 225 尊领型 6座','2021款',6,1,199800,199800);
insert into t_car_model(cm_id , cs_id , cm_name,cm_type ,cm_order , cm_state , cm_min_price , cm_max_price) values(50864,5910,'2021款 EcoBoost 225 尊领型 7座','2021款',7,1,199800,199800);
insert into t_car_model(cm_id , cs_id , cm_name,cm_type ,cm_order , cm_state , cm_min_price , cm_max_price) values(53249,5910,'2021款 EcoBoost 225 尊领型 7座（2/2/3）','2021款',8,1,201800,201800);
insert into t_car_model(cm_id , cs_id , cm_name,cm_type ,cm_order , cm_state , cm_min_price , cm_max_price) values(47932,5910,'2021款 EcoBoost 225 尊领型PLUS 6座','2021款',9,1,219800,219800);
insert into t_car_model(cm_id , cs_id , cm_name,cm_type ,cm_order , cm_state , cm_min_price , cm_max_price) values(50806,5910,'2021款 EcoBoost 225 尊领型PLUS 7座','2021款',10,1,219800,219800);
insert into t_car_model(cm_id , cs_id , cm_name,cm_type ,cm_order , cm_state , cm_min_price , cm_max_price) values(53221,5910,'2021款 EcoBoost 225 尊领型PLUS 7座（2/2/3）','2021款',11,1,221800,221800);
insert into t_car_series(cs_id,cbf_id,cs_name,cs_order,cs_letter) values(3814,447,'途睿欧',1911,'T');
insert into t_car_model(cm_id , cs_id , cm_name,cm_type ,cm_order , cm_state , cm_min_price , cm_max_price) values(44453,3814,'2020款 2.0T 手动精英版 国VI','2020款',1,1,186900,186900);
insert into t_car_model(cm_id , cs_id , cm_name,cm_type ,cm_order , cm_state , cm_min_price , cm_max_price) values(44454,3814,'2020款 2.0T 自动精英版 国VI','2020款',2,1,206900,206900);
insert into t_car_model(cm_id , cs_id , cm_name,cm_type ,cm_order , cm_state , cm_min_price , cm_max_price) values(44455,3814,'2020款 2.0T 手动精睿版 国VI','2020款',3,1,213900,213900);
insert into t_car_model(cm_id , cs_id , cm_name,cm_type ,cm_order , cm_state , cm_min_price , cm_max_price) values(44456,3814,'2020款 2.0T 自动精睿版 国VI','2020款',4,1,233900,233900);
insert into t_car_model(cm_id , cs_id , cm_name,cm_type ,cm_order , cm_state , cm_min_price , cm_max_price) values(46132,3814,'2020款 2.0T 自动商务舱版 国VI','2020款',5,1,275800,275800);
insert into t_car_model(cm_id , cs_id , cm_name,cm_type ,cm_order , cm_state , cm_min_price , cm_max_price) values(38321,3814,'2018款 2.0T 自动旗舰版','2018款',1,1,263800,263800);
insert into t_car_model(cm_id , cs_id , cm_name,cm_type ,cm_order , cm_state , cm_min_price , cm_max_price) values(38319,3814,'2018款 2.0T 自动行政智睿版','2018款',2,1,278800,278800);
insert into t_car_model(cm_id , cs_id , cm_name,cm_type ,cm_order , cm_state , cm_min_price , cm_max_price) values(38320,3814,'2018款 2.0T 自动行政享睿版','2018款',3,1,320800,320800);
insert into t_car_model(cm_id , cs_id , cm_name,cm_type ,cm_order , cm_state , cm_min_price , cm_max_price) values(38322,3814,'2018款 2.0T 自动行政尊睿版','2018款',4,1,356800,356800);
insert into t_car_model(cm_id , cs_id , cm_name,cm_type ,cm_order , cm_state , cm_min_price , cm_max_price) values(29448,3814,'2017款 2.0T 自动精英版','2017款',1,1,196900,196900);
insert into t_car_model(cm_id , cs_id , cm_name,cm_type ,cm_order , cm_state , cm_min_price , cm_max_price) values(29430,3814,'2017款 2.0T 自动精睿版','2017款',2,1,223900,223900);
insert into t_car_model(cm_id , cs_id , cm_name,cm_type ,cm_order , cm_state , cm_min_price , cm_max_price) values(31094,3814,'2017款 2.0T 自动商务舱版','2017款',3,1,265800,265800);
insert into t_car_model(cm_id , cs_id , cm_name,cm_type ,cm_order , cm_state , cm_min_price , cm_max_price) values(25796,3814,'2016款 2.0T 手动精英版','2016款',1,1,176900,176900);
insert into t_car_model(cm_id , cs_id , cm_name,cm_type ,cm_order , cm_state , cm_min_price , cm_max_price) values(22523,3814,'2016款 2.0T 手动精睿版','2016款',2,1,203900,203900);
insert into t_car_series(cs_id,cbf_id,cs_name,cs_order,cs_letter) values(4192,447,'全顺',1912,'Q');
insert into t_car_model(cm_id , cs_id , cm_name,cm_type ,cm_order , cm_state , cm_min_price , cm_max_price) values(1011996,4192,'2021款 2.0T柴油手动高级营运商旅型中轴中顶7座国VI','2021款',1,1,200000,200000);
insert into t_car_model(cm_id , cs_id , cm_name,cm_type ,cm_order , cm_state , cm_min_price , cm_max_price) values(1011997,4192,'2021款 2.0T柴油手动高级营运商旅型中轴中顶8座国VI','2021款',2,1,201000,201000);
insert into t_car_model(cm_id , cs_id , cm_name,cm_type ,cm_order , cm_state , cm_min_price , cm_max_price) values(1011998,4192,'2021款 2.0T柴油手动高级营运商旅型中轴中顶9座国VI','2021款',3,1,202000,202000);
insert into t_car_model(cm_id , cs_id , cm_name,cm_type ,cm_order , cm_state , cm_min_price , cm_max_price) values(1011999,4192,'2021款 2.0T汽油自动高级营运商旅型中轴中顶7座国VI','2021款',4,1,217100,217100);
insert into t_car_model(cm_id , cs_id , cm_name,cm_type ,cm_order , cm_state , cm_min_price , cm_max_price) values(1012000,4192,'2021款 2.0T汽油自动高级营运商旅型中轴中顶8座国VI','2021款',5,1,218100,218100);
insert into t_car_model(cm_id , cs_id , cm_name,cm_type ,cm_order , cm_state , cm_min_price , cm_max_price) values(1012001,4192,'2021款 2.0T汽油自动高级营运商旅型中轴中顶9座国VI','2021款',6,1,219100,219100);
insert into t_car_model(cm_id , cs_id , cm_name,cm_type ,cm_order , cm_state , cm_min_price , cm_max_price) values(1011722,4192,'2020款 2.0T汽油商旅型中轴中顶10-12座国VI','2020款',1,1,185500,185500);
insert into t_car_model(cm_id , cs_id , cm_name,cm_type ,cm_order , cm_state , cm_min_price , cm_max_price) values(1011721,4192,'2020款 2.0T汽油自动商旅型中轴中顶10-12座国VI','2020款',2,1,205500,205500);
insert into t_car_model(cm_id , cs_id , cm_name,cm_type ,cm_order , cm_state , cm_min_price , cm_max_price) values(1011720,4192,'2020款 2.0T柴油商旅型中轴中顶10-12座国VI','2020款',3,1,188600,188600);
insert into t_car_model(cm_id , cs_id , cm_name,cm_type ,cm_order , cm_state , cm_min_price , cm_max_price) values(1009549,4192,'2020款 2.0T柴油多功能商用车中轴低顶双开尾门国VI','2020款',4,1,155800,155800);
insert into t_car_model(cm_id , cs_id , cm_name,cm_type ,cm_order , cm_state , cm_min_price , cm_max_price) values(1009550,4192,'2020款 2.0T汽油多功能商用车中轴低顶双开尾门国VI','2020款',5,1,153000,153000);
insert into t_car_model(cm_id , cs_id , cm_name,cm_type ,cm_order , cm_state , cm_min_price , cm_max_price) values(1009545,4192,'2020款 2.0T汽油自动多功能商用车中轴低顶双开尾门国VI','2020款',6,1,173000,173000);
insert into t_car_model(cm_id , cs_id , cm_name,cm_type ,cm_order , cm_state , cm_min_price , cm_max_price) values(1009540,4192,'2020款 2.0T柴油多功能商用车中轴低顶上掀尾门国V','2020款',7,1,150500,150500);
insert into t_car_model(cm_id , cs_id , cm_name,cm_type ,cm_order , cm_state , cm_min_price , cm_max_price) values(1009539,4192,'2020款 2.0T汽油多功能商用车中轴低顶上掀尾门国V','2020款',8,1,147500,147500);
insert into t_car_model(cm_id , cs_id , cm_name,cm_type ,cm_order , cm_state , cm_min_price , cm_max_price) values(1009538,4192,'2020款 2.0T汽油自动多功能商用车中轴低顶上掀尾门国V','2020款',9,1,167500,167500);
insert into t_car_model(cm_id , cs_id , cm_name,cm_type ,cm_order , cm_state , cm_min_price , cm_max_price) values(1009541,4192,'2020款 2.0T柴油多功能商用车中轴低顶上掀尾门国VI','2020款',10,1,156400,156400);
insert into t_car_model(cm_id , cs_id , cm_name,cm_type ,cm_order , cm_state , cm_min_price , cm_max_price) values(1009543,4192,'2020款 2.0T汽油多功能商用车中轴低顶上掀尾门国VI','2020款',11,1,153600,153600);
insert into t_car_model(cm_id , cs_id , cm_name,cm_type ,cm_order , cm_state , cm_min_price , cm_max_price) values(1009544,4192,'2020款 2.0T汽油自动多功能商用车中轴低顶上掀尾门国VI','2020款',12,1,173600,173600);
insert into t_car_model(cm_id , cs_id , cm_name,cm_type ,cm_order , cm_state , cm_min_price , cm_max_price) values(1009552,4192,'2020款 2.0T柴油多功能商用车中轴低顶双开尾门国V','2020款',13,1,149900,149900);
insert into t_car_model(cm_id , cs_id , cm_name,cm_type ,cm_order , cm_state , cm_min_price , cm_max_price) values(1009551,4192,'2020款 2.0T汽油多功能商用车中轴低顶双开尾门国V','2020款',14,1,146900,146900);
insert into t_car_model(cm_id , cs_id , cm_name,cm_type ,cm_order , cm_state , cm_min_price , cm_max_price) values(1009546,4192,'2020款 2.0T汽油自动多功能商用车中轴低顶双开尾门国V','2020款',15,1,166900,166900);
insert into t_car_model(cm_id , cs_id , cm_name,cm_type ,cm_order , cm_state , cm_min_price , cm_max_price) values(1009935,4192,'2019款 2.0T柴油多功能商用车短轴低顶6座国VI','2019款',1,1,145800,145800);
insert into t_car_model(cm_id , cs_id , cm_name,cm_type ,cm_order , cm_state , cm_min_price , cm_max_price) values(1009936,4192,'2019款 2.0T柴油厢式运输车短轴低顶3座国VI','2019款',2,1,136800,136800);
insert into t_car_model(cm_id , cs_id , cm_name,cm_type ,cm_order , cm_state , cm_min_price , cm_max_price) values(1008097,4192,'2019款 2.0T柴油商旅型短轴低顶7座国VI','2019款',3,1,168900,168900);
insert into t_car_model(cm_id , cs_id , cm_name,cm_type ,cm_order , cm_state , cm_min_price , cm_max_price) values(1008099,4192,'2019款 2.0T柴油商旅型短轴低顶8座国VI','2019款',4,1,169900,169900);
insert into t_car_model(cm_id , cs_id , cm_name,cm_type ,cm_order , cm_state , cm_min_price , cm_max_price) values(1008101,4192,'2019款 2.0T柴油商旅型短轴低顶9座国VI','2019款',5,1,170900,170900);
insert into t_car_model(cm_id , cs_id , cm_name,cm_type ,cm_order , cm_state , cm_min_price , cm_max_price) values(1009938,4192,'2019款 2.0T汽油多功能商用车短轴低顶6座国VI','2019款',6,1,143000,143000);
insert into t_car_model(cm_id , cs_id , cm_name,cm_type ,cm_order , cm_state , cm_min_price , cm_max_price) values(1009937,4192,'2019款 2.0T汽油自动多功能商用车短轴低顶6座国VI','2019款',7,1,163000,163000);
insert into t_car_model(cm_id , cs_id , cm_name,cm_type ,cm_order , cm_state , cm_min_price , cm_max_price) values(1009939,4192,'2019款 2.0T汽油自动商旅型短轴低顶7座国VI','2019款',8,1,186000,186000);
insert into t_car_model(cm_id , cs_id , cm_name,cm_type ,cm_order , cm_state , cm_min_price , cm_max_price) values(1009940,4192,'2019款 2.0T汽油自动商旅型短轴低顶9座国VI','2019款',9,1,188000,188000);
insert into t_car_model(cm_id , cs_id , cm_name,cm_type ,cm_order , cm_state , cm_min_price , cm_max_price) values(1009942,4192,'2019款 2.0T柴油多功能商用车短轴中顶6座国VI','2019款',10,1,148800,148800);
insert into t_car_model(cm_id , cs_id , cm_name,cm_type ,cm_order , cm_state , cm_min_price , cm_max_price) values(1009941,4192,'2019款 2.0T柴油厢式运输车短轴中顶3座国VI','2019款',11,1,139800,139800);
insert into t_car_model(cm_id , cs_id , cm_name,cm_type ,cm_order , cm_state , cm_min_price , cm_max_price) values(1009944,4192,'2019款 2.0T汽油多功能商用车短轴中顶6座国VI','2019款',12,1,146000,146000);
insert into t_car_model(cm_id , cs_id , cm_name,cm_type ,cm_order , cm_state , cm_min_price , cm_max_price) values(1009943,4192,'2019款 2.0T汽油自动多功能商用车短轴中顶6座国VI','2019款',13,1,166000,166000);
insert into t_car_model(cm_id , cs_id , cm_name,cm_type ,cm_order , cm_state , cm_min_price , cm_max_price) values(1009945,4192,'2019款 2.0T汽油厢式运输车短轴中顶3座国VI','2019款',14,1,136000,136000);
insert into t_car_model(cm_id , cs_id , cm_name,cm_type ,cm_order , cm_state , cm_min_price , cm_max_price) values(1009946,4192,'2019款 2.0T柴油多功能商用车中轴中顶6座国VI','2019款',15,1,158800,158800);
insert into t_car_model(cm_id , cs_id , cm_name,cm_type ,cm_order , cm_state , cm_min_price , cm_max_price) values(1009947,4192,'2019款 2.0T柴油厢式运输车中轴中顶3座国VI','2019款',16,1,149800,149800);
insert into t_car_model(cm_id , cs_id , cm_name,cm_type ,cm_order , cm_state , cm_min_price , cm_max_price) values(1008103,4192,'2019款 2.0T柴油商旅型中轴中顶7座国VI','2019款',17,1,181900,181900);
insert into t_car_model(cm_id , cs_id , cm_name,cm_type ,cm_order , cm_state , cm_min_price , cm_max_price) values(1008105,4192,'2019款 2.0T柴油商旅型中轴中顶8座国VI','2019款',18,1,182900,182900);
insert into t_car_model(cm_id , cs_id , cm_name,cm_type ,cm_order , cm_state , cm_min_price , cm_max_price) values(1008107,4192,'2019款 2.0T柴油商旅型中轴中顶9座国VI','2019款',19,1,183900,183900);
insert into t_car_model(cm_id , cs_id , cm_name,cm_type ,cm_order , cm_state , cm_min_price , cm_max_price) values(1009949,4192,'2019款 2.0T汽油多功能商用车中轴中顶6座国VI','2019款',20,1,156000,156000);
insert into t_car_model(cm_id , cs_id , cm_name,cm_type ,cm_order , cm_state , cm_min_price , cm_max_price) values(1009948,4192,'2019款 2.0T汽油自动多功能商用车中轴中顶6座国VI','2019款',21,1,176000,176000);
insert into t_car_model(cm_id , cs_id , cm_name,cm_type ,cm_order , cm_state , cm_min_price , cm_max_price) values(1009950,4192,'2019款 2.0T汽油厢式运输车中轴中顶3座国VI','2019款',22,1,146000,146000);
insert into t_car_model(cm_id , cs_id , cm_name,cm_type ,cm_order , cm_state , cm_min_price , cm_max_price) values(1009951,4192,'2019款 2.0T汽油自动商旅型中轴中顶7座国VI','2019款',23,1,199000,199000);
insert into t_car_model(cm_id , cs_id , cm_name,cm_type ,cm_order , cm_state , cm_min_price , cm_max_price) values(1009952,4192,'2019款 2.0T汽油自动商旅型中轴中顶9座国VI','2019款',24,1,201000,201000);
insert into t_car_model(cm_id , cs_id , cm_name,cm_type ,cm_order , cm_state , cm_min_price , cm_max_price) values(1004602,4192,'2017款 2.0T柴油厢式运输车短轴低顶国V','2017款',1,1,129300,129300);
insert into t_car_model(cm_id , cs_id , cm_name,cm_type ,cm_order , cm_state , cm_min_price , cm_max_price) values(1005284,4192,'2017款 2.0T柴油厢式运输车短轴中顶国V','2017款',2,1,133300,133300);
insert into t_car_model(cm_id , cs_id , cm_name,cm_type ,cm_order , cm_state , cm_min_price , cm_max_price) values(1004606,4192,'2017款 2.0T柴油厢式运输车中轴中顶国V','2017款',3,1,143300,143300);
insert into t_car_model(cm_id , cs_id , cm_name,cm_type ,cm_order , cm_state , cm_min_price , cm_max_price) values(1004594,4192,'2017款 2.0T柴油多功能商用车短轴低顶国V','2017款',4,1,139900,139900);
insert into t_car_model(cm_id , cs_id , cm_name,cm_type ,cm_order , cm_state , cm_min_price , cm_max_price) values(1005282,4192,'2017款 2.0T柴油多功能商用车短轴中顶国V','2017款',5,1,142900,142900);
insert into t_car_model(cm_id , cs_id , cm_name,cm_type ,cm_order , cm_state , cm_min_price , cm_max_price) values(1004598,4192,'2017款 2.0T柴油多功能商用车中轴中顶国V','2017款',6,1,152900,152900);
insert into t_car_model(cm_id , cs_id , cm_name,cm_type ,cm_order , cm_state , cm_min_price , cm_max_price) values(1004615,4192,'2017款 2.0T汽油厢式运输车短轴低顶国V','2017款',7,1,126400,126400);
insert into t_car_model(cm_id , cs_id , cm_name,cm_type ,cm_order , cm_state , cm_min_price , cm_max_price) values(1005281,4192,'2017款 2.0T汽油厢式运输车短轴中顶国V','2017款',8,1,130400,130400);
insert into t_car_model(cm_id , cs_id , cm_name,cm_type ,cm_order , cm_state , cm_min_price , cm_max_price) values(1004617,4192,'2017款 2.0T汽油厢式运输车中轴中顶国V','2017款',9,1,140400,140400);
insert into t_car_model(cm_id , cs_id , cm_name,cm_type ,cm_order , cm_state , cm_min_price , cm_max_price) values(1004611,4192,'2017款 2.0T汽油多功能商用车短轴低顶国V','2017款',10,1,136900,136900);
insert into t_car_model(cm_id , cs_id , cm_name,cm_type ,cm_order , cm_state , cm_min_price , cm_max_price) values(1005280,4192,'2017款 2.0T汽油多功能商用车短轴中顶国V','2017款',11,1,139900,139900);
insert into t_car_model(cm_id , cs_id , cm_name,cm_type ,cm_order , cm_state , cm_min_price , cm_max_price) values(1004613,4192,'2017款 2.0T汽油多功能商用车中轴中顶国V','2017款',12,1,149900,149900);
insert into t_car_model(cm_id , cs_id , cm_name,cm_type ,cm_order , cm_state , cm_min_price , cm_max_price) values(1005679,4192,'2017款 2.0T汽油自动多功能商用车短轴低顶国V','2017款',13,1,156900,156900);
insert into t_car_model(cm_id , cs_id , cm_name,cm_type ,cm_order , cm_state , cm_min_price , cm_max_price) values(1005681,4192,'2017款 2.0T汽油自动多功能商用车短轴中顶国V','2017款',14,1,159900,159900);
insert into t_car_model(cm_id , cs_id , cm_name,cm_type ,cm_order , cm_state , cm_min_price , cm_max_price) values(1005680,4192,'2017款 2.0T汽油自动多功能商用车中轴中顶国V','2017款',15,1,169900,169900);
insert into t_car_model(cm_id , cs_id , cm_name,cm_type ,cm_order , cm_state , cm_min_price , cm_max_price) values(1004637,4192,'2017款 2.0T柴油厢式运输车短轴低顶国IV','2017款',16,1,122300,122300);
insert into t_car_model(cm_id , cs_id , cm_name,cm_type ,cm_order , cm_state , cm_min_price , cm_max_price) values(1005285,4192,'2017款 2.0T柴油厢式运输车短轴中顶国IV','2017款',17,1,126300,126300);
insert into t_car_model(cm_id , cs_id , cm_name,cm_type ,cm_order , cm_state , cm_min_price , cm_max_price) values(1004638,4192,'2017款 2.0T柴油厢式运输车中轴中顶国IV','2017款',18,1,136300,136300);
insert into t_car_model(cm_id , cs_id , cm_name,cm_type ,cm_order , cm_state , cm_min_price , cm_max_price) values(1004635,4192,'2017款 2.0T柴油多功能商用车短轴低顶国IV','2017款',19,1,131800,131800);
insert into t_car_model(cm_id , cs_id , cm_name,cm_type ,cm_order , cm_state , cm_min_price , cm_max_price) values(1005283,4192,'2017款 2.0T柴油多功能商用车短轴中顶国IV','2017款',20,1,135800,135800);
insert into t_car_model(cm_id , cs_id , cm_name,cm_type ,cm_order , cm_state , cm_min_price , cm_max_price) values(1004636,4192,'2017款 2.0T柴油多功能商用车中轴中顶国IV','2017款',21,1,145800,145800);
insert into t_car_series(cs_id,cbf_id,cs_name,cs_order,cs_letter) values(2524,447,'新世代全顺',1913,'X');
insert into t_car_model(cm_id , cs_id , cm_name,cm_type ,cm_order , cm_state , cm_min_price , cm_max_price) values(1010659,2524,'2021款 2.2T手动厢式货车Pro短轴3座低顶国VI','2021款',1,1,163800,163800);
insert into t_car_model(cm_id , cs_id , cm_name,cm_type ,cm_order , cm_state , cm_min_price , cm_max_price) values(1010660,2524,'2021款 2.2T手动厢式货车Pro短轴3座中顶国VI','2021款',2,1,166000,166000);
insert into t_car_model(cm_id , cs_id , cm_name,cm_type ,cm_order , cm_state , cm_min_price , cm_max_price) values(1010661,2524,'2021款 2.2T手动厢式货车Pro长轴3座中顶国VI','2021款',3,1,191900,191900);
insert into t_car_model(cm_id , cs_id , cm_name,cm_type ,cm_order , cm_state , cm_min_price , cm_max_price) values(1010662,2524,'2021款 2.2T手动厢式货车Pro长轴3座高顶国VI','2021款',4,1,193800,193800);
insert into t_car_model(cm_id , cs_id , cm_name,cm_type ,cm_order , cm_state , cm_min_price , cm_max_price) values(1010663,2524,'2021款 2.2T手动厢式货车Pro5.9米长轴后双胎3座中顶国VI','2021款',5,1,201900,201900);
insert into t_car_model(cm_id , cs_id , cm_name,cm_type ,cm_order , cm_state , cm_min_price , cm_max_price) values(1010664,2524,'2021款 2.2T手动厢式货车Pro5.9米长轴后双胎3座高顶国VI','2021款',6,1,203800,203800);
insert into t_car_model(cm_id , cs_id , cm_name,cm_type ,cm_order , cm_state , cm_min_price , cm_max_price) values(1010665,2524,'2021款 2.2T手动厢式货车Pro加长轴后双胎3座中顶国VI','2021款',7,1,216800,216800);
insert into t_car_model(cm_id , cs_id , cm_name,cm_type ,cm_order , cm_state , cm_min_price , cm_max_price) values(1010666,2524,'2021款 2.2T手动厢式货车Pro加长轴后双胎3座高顶国VI','2021款',8,1,223600,223600);
insert into t_car_model(cm_id , cs_id , cm_name,cm_type ,cm_order , cm_state , cm_min_price , cm_max_price) values(1010651,2524,'2021款 2.2T自动厢式货车Pro短轴3座低顶国VI','2021款',9,1,169600,169600);
insert into t_car_model(cm_id , cs_id , cm_name,cm_type ,cm_order , cm_state , cm_min_price , cm_max_price) values(1010652,2524,'2021款 2.2T自动厢式货车Pro短轴3座中顶国VI','2021款',10,1,172000,172000);
insert into t_car_model(cm_id , cs_id , cm_name,cm_type ,cm_order , cm_state , cm_min_price , cm_max_price) values(1010653,2524,'2021款 2.2T自动厢式货车Pro长轴3座中顶国VI','2021款',11,1,197900,197900);
insert into t_car_model(cm_id , cs_id , cm_name,cm_type ,cm_order , cm_state , cm_min_price , cm_max_price) values(1010654,2524,'2021款 2.2T自动厢式货车Pro长轴3座高顶国VI','2021款',12,1,199800,199800);
insert into t_car_model(cm_id , cs_id , cm_name,cm_type ,cm_order , cm_state , cm_min_price , cm_max_price) values(1010655,2524,'2021款 2.2T自动厢式货车Pro5.9米长轴后双胎3座中顶国VI','2021款',13,1,207900,207900);
insert into t_car_model(cm_id , cs_id , cm_name,cm_type ,cm_order , cm_state , cm_min_price , cm_max_price) values(1010656,2524,'2021款 2.2T自动厢式货车Pro5.9米长轴后双胎3座高顶国VI','2021款',14,1,209800,209800);
insert into t_car_model(cm_id , cs_id , cm_name,cm_type ,cm_order , cm_state , cm_min_price , cm_max_price) values(1010657,2524,'2021款 2.2T自动厢式货车Pro加长轴后双胎3座中顶国VI','2021款',15,1,222800,222800);
insert into t_car_model(cm_id , cs_id , cm_name,cm_type ,cm_order , cm_state , cm_min_price , cm_max_price) values(1010658,2524,'2021款 2.2T自动厢式货车Pro加长轴后双胎3座高顶国VI','2021款',16,1,229600,229600);
insert into t_car_model(cm_id , cs_id , cm_name,cm_type ,cm_order , cm_state , cm_min_price , cm_max_price) values(1010645,2524,'2021款 2.2T（包）自动厢式货车Pro短轴3座低顶国VI','2021款',17,1,173600,173600);
insert into t_car_model(cm_id , cs_id , cm_name,cm_type ,cm_order , cm_state , cm_min_price , cm_max_price) values(1010646,2524,'2021款 2.2T（包）自动厢式货车Pro短轴3座中顶国VI','2021款',18,1,176000,176000);
insert into t_car_model(cm_id , cs_id , cm_name,cm_type ,cm_order , cm_state , cm_min_price , cm_max_price) values(1010647,2524,'2021款 2.2T（包）自动厢式货车Pro长轴3座中顶国VI','2021款',19,1,201900,201900);
insert into t_car_model(cm_id , cs_id , cm_name,cm_type ,cm_order , cm_state , cm_min_price , cm_max_price) values(1010648,2524,'2021款 2.2T（包）自动厢式货车Pro长轴3座高顶国VI','2021款',20,1,203800,203800);
insert into t_car_model(cm_id , cs_id , cm_name,cm_type ,cm_order , cm_state , cm_min_price , cm_max_price) values(1010649,2524,'2021款 2.2T（包）自动厢式货车Pro加长轴后双胎3座中顶国VI','2021款',21,1,226800,226800);
insert into t_car_model(cm_id , cs_id , cm_name,cm_type ,cm_order , cm_state , cm_min_price , cm_max_price) values(1010650,2524,'2021款 2.2T（包）自动厢式货车Pro加长轴后双胎3座高顶国VI','2021款',22,1,233600,233600);
insert into t_car_model(cm_id , cs_id , cm_name,cm_type ,cm_order , cm_state , cm_min_price , cm_max_price) values(1010637,2524,'2021款 2.2T手动物流车Pro短轴6座低顶国VI','2021款',23,1,172500,172500);
insert into t_car_model(cm_id , cs_id , cm_name,cm_type ,cm_order , cm_state , cm_min_price , cm_max_price) values(1010638,2524,'2021款 2.2T手动物流车Pro短轴6座中顶国VI','2021款',24,1,174800,174800);
insert into t_car_model(cm_id , cs_id , cm_name,cm_type ,cm_order , cm_state , cm_min_price , cm_max_price) values(1010639,2524,'2021款 2.2T手动物流车Pro长轴7座中顶国VI','2021款',25,1,195800,195800);
insert into t_car_model(cm_id , cs_id , cm_name,cm_type ,cm_order , cm_state , cm_min_price , cm_max_price) values(1010640,2524,'2021款 2.2T手动物流车Pro长轴7座高顶国VI','2021款',26,1,202800,202800);
insert into t_car_model(cm_id , cs_id , cm_name,cm_type ,cm_order , cm_state , cm_min_price , cm_max_price) values(1010641,2524,'2021款 2.2T手动物流车Pro5.9米长轴后双胎6座中顶国VI','2021款',27,1,204900,204900);
insert into t_car_model(cm_id , cs_id , cm_name,cm_type ,cm_order , cm_state , cm_min_price , cm_max_price) values(1010642,2524,'2021款 2.2T手动物流车Pro5.9米长轴后双胎7座中顶国VI','2021款',28,1,205900,205900);
insert into t_car_model(cm_id , cs_id , cm_name,cm_type ,cm_order , cm_state , cm_min_price , cm_max_price) values(1010643,2524,'2021款 2.2T手动物流车Pro5.9米长轴后双胎6座高顶国VI','2021款',29,1,211900,211900);
insert into t_car_model(cm_id , cs_id , cm_name,cm_type ,cm_order , cm_state , cm_min_price , cm_max_price) values(1010644,2524,'2021款 2.2T手动物流车Pro5.9米长轴后双胎7座高顶国VI','2021款',30,1,212900,212900);
insert into t_car_model(cm_id , cs_id , cm_name,cm_type ,cm_order , cm_state , cm_min_price , cm_max_price) values(1010629,2524,'2021款 2.2T自动物流车Pro短轴6座低顶国VI','2021款',31,1,178500,178500);
insert into t_car_model(cm_id , cs_id , cm_name,cm_type ,cm_order , cm_state , cm_min_price , cm_max_price) values(1010630,2524,'2021款 2.2T自动物流车Pro短轴6座中顶国VI','2021款',32,1,181000,181000);
insert into t_car_model(cm_id , cs_id , cm_name,cm_type ,cm_order , cm_state , cm_min_price , cm_max_price) values(1010631,2524,'2021款 2.2T自动物流车Pro长轴7座中顶国VI','2021款',33,1,201800,201800);
insert into t_car_model(cm_id , cs_id , cm_name,cm_type ,cm_order , cm_state , cm_min_price , cm_max_price) values(1010632,2524,'2021款 2.2T自动物流车Pro长轴7座高顶国VI','2021款',34,1,208800,208800);
insert into t_car_model(cm_id , cs_id , cm_name,cm_type ,cm_order , cm_state , cm_min_price , cm_max_price) values(1010633,2524,'2021款 2.2T自动物流车Pro5.9米长轴后双胎6座中顶国VI','2021款',35,1,210900,210900);
insert into t_car_model(cm_id , cs_id , cm_name,cm_type ,cm_order , cm_state , cm_min_price , cm_max_price) values(1010634,2524,'2021款 2.2T自动物流车Pro5.9米长轴后双胎7座中顶国VI','2021款',36,1,211900,211900);
insert into t_car_model(cm_id , cs_id , cm_name,cm_type ,cm_order , cm_state , cm_min_price , cm_max_price) values(1010635,2524,'2021款 2.2T自动物流车Pro5.9米长轴后双胎6座高顶国VI','2021款',37,1,217900,217900);
insert into t_car_model(cm_id , cs_id , cm_name,cm_type ,cm_order , cm_state , cm_min_price , cm_max_price) values(1010636,2524,'2021款 2.2T自动物流车Pro5.9米长轴后双胎7座高顶国VI','2021款',38,1,218900,218900);
insert into t_car_model(cm_id , cs_id , cm_name,cm_type ,cm_order , cm_state , cm_min_price , cm_max_price) values(1010670,2524,'2021款 2.2T（包）自动物流车Pro短轴6座低顶国VI','2021款',39,1,182500,182500);
insert into t_car_model(cm_id , cs_id , cm_name,cm_type ,cm_order , cm_state , cm_min_price , cm_max_price) values(1010671,2524,'2021款 2.2T（包）自动物流车Pro短轴6座中顶国VI','2021款',40,1,184900,184900);
insert into t_car_model(cm_id , cs_id , cm_name,cm_type ,cm_order , cm_state , cm_min_price , cm_max_price) values(1010672,2524,'2021款 2.2T（包）自动物流车Pro长轴7座中顶国VI','2021款',41,1,205900,205900);
insert into t_car_model(cm_id , cs_id , cm_name,cm_type ,cm_order , cm_state , cm_min_price , cm_max_price) values(1010673,2524,'2021款 2.2T（包）自动物流车Pro长轴7座高顶国VI','2021款',42,1,212800,212800);
insert into t_car_model(cm_id , cs_id , cm_name,cm_type ,cm_order , cm_state , cm_min_price , cm_max_price) values(1010619,2524,'2021款 2.2T手动普通型客车Pro短轴7座中顶国VI','2021款',43,1,203800,203800);
insert into t_car_model(cm_id , cs_id , cm_name,cm_type ,cm_order , cm_state , cm_min_price , cm_max_price) values(1010628,2524,'2021款 2.2T手动普通型客车Pro短轴11座中顶国VI','2021款',44,1,205800,205800);
insert into t_car_model(cm_id , cs_id , cm_name,cm_type ,cm_order , cm_state , cm_min_price , cm_max_price) values(1010621,2524,'2021款 2.2T手动普通型客车Pro长轴15座中顶国VI','2021款',45,1,233800,233800);
insert into t_car_model(cm_id , cs_id , cm_name,cm_type ,cm_order , cm_state , cm_min_price , cm_max_price) values(1010622,2524,'2021款 2.2T手动普通型客车Pro长轴15座高顶国VI','2021款',46,1,239900,239900);
insert into t_car_model(cm_id , cs_id , cm_name,cm_type ,cm_order , cm_state , cm_min_price , cm_max_price) values(1010623,2524,'2021款 2.2T手动普通型客车Pro5.9米长轴后双胎15座中顶国VI','2021款',47,1,240000,240000);
insert into t_car_model(cm_id , cs_id , cm_name,cm_type ,cm_order , cm_state , cm_min_price , cm_max_price) values(1010624,2524,'2021款 2.2T手动普通型客车Pro5.9米长轴后双胎15座高顶国VI','2021款',48,1,247000,247000);
insert into t_car_model(cm_id , cs_id , cm_name,cm_type ,cm_order , cm_state , cm_min_price , cm_max_price) values(1010625,2524,'2021款 2.2T手动普通型客车Pro加长轴后双胎(无侧拉门)17座中顶国VI','2021款',49,1,256800,256800);
insert into t_car_model(cm_id , cs_id , cm_name,cm_type ,cm_order , cm_state , cm_min_price , cm_max_price) values(1010626,2524,'2021款 2.2T手动普通型客车Pro加长轴后双胎(无侧拉门)17座高顶国VI','2021款',50,1,262800,262800);
insert into t_car_model(cm_id , cs_id , cm_name,cm_type ,cm_order , cm_state , cm_min_price , cm_max_price) values(1010627,2524,'2021款 2.2T手动普通型客车Pro加长轴后双胎(带侧拉门)17座高顶国VI','2021款',51,1,265800,265800);
insert into t_car_model(cm_id , cs_id , cm_name,cm_type ,cm_order , cm_state , cm_min_price , cm_max_price) values(1010616,2524,'2021款 2.2T手动豪华型客车Pro短轴7座低顶国VI','2021款',52,1,217500,217500);
insert into t_car_model(cm_id , cs_id , cm_name,cm_type ,cm_order , cm_state , cm_min_price , cm_max_price) values(1010615,2524,'2021款 2.2T手动豪华型客车Pro短轴7座中顶国VI','2021款',53,1,220200,220200);
insert into t_car_model(cm_id , cs_id , cm_name,cm_type ,cm_order , cm_state , cm_min_price , cm_max_price) values(1010618,2524,'2021款 2.2T手动豪华型客车Pro长轴15座中顶国VI','2021款',54,1,250500,250500);
insert into t_car_model(cm_id , cs_id , cm_name,cm_type ,cm_order , cm_state , cm_min_price , cm_max_price) values(1010605,2524,'2021款 2.2T自动普通型客车Pro短轴7座中顶国VI','2021款',55,1,209900,209900);
insert into t_car_model(cm_id , cs_id , cm_name,cm_type ,cm_order , cm_state , cm_min_price , cm_max_price) values(1010614,2524,'2021款 2.2T自动普通型客车Pro短轴11座中顶国VI','2021款',56,1,211800,211800);
insert into t_car_model(cm_id , cs_id , cm_name,cm_type ,cm_order , cm_state , cm_min_price , cm_max_price) values(1010607,2524,'2021款 2.2T自动普通型客车Pro长轴15座中顶国VI','2021款',57,1,239500,239500);
insert into t_car_model(cm_id , cs_id , cm_name,cm_type ,cm_order , cm_state , cm_min_price , cm_max_price) values(1010608,2524,'2021款 2.2T自动普通型客车Pro长轴15座高顶国VI','2021款',58,1,245900,245900);
insert into t_car_model(cm_id , cs_id , cm_name,cm_type ,cm_order , cm_state , cm_min_price , cm_max_price) values(1010609,2524,'2021款 2.2T自动普通型客车Pro5.9米长轴后双胎15座中顶国VI','2021款',59,1,246000,246000);
insert into t_car_model(cm_id , cs_id , cm_name,cm_type ,cm_order , cm_state , cm_min_price , cm_max_price) values(1010610,2524,'2021款 2.2T自动普通型客车Pro5.9米长轴后双胎15座高顶国VI','2021款',60,1,253000,253000);
insert into t_car_model(cm_id , cs_id , cm_name,cm_type ,cm_order , cm_state , cm_min_price , cm_max_price) values(1010611,2524,'2021款 2.2T自动普通型客车Pro加长轴后双胎(无侧拉门)17座中顶国VI','2021款',61,1,262800,262800);
insert into t_car_model(cm_id , cs_id , cm_name,cm_type ,cm_order , cm_state , cm_min_price , cm_max_price) values(1010612,2524,'2021款 2.2T自动普通型客车Pro加长轴后双胎(无侧拉门)17座高顶国VI','2021款',62,1,268800,268800);
insert into t_car_model(cm_id , cs_id , cm_name,cm_type ,cm_order , cm_state , cm_min_price , cm_max_price) values(1010613,2524,'2021款 2.2T自动普通型客车Pro加长轴后双胎(带侧拉门)17座高顶国VI','2021款',63,1,271900,271900);
insert into t_car_model(cm_id , cs_id , cm_name,cm_type ,cm_order , cm_state , cm_min_price , cm_max_price) values(1010597,2524,'2021款 2.2T（包）自动普通型客车Pro短轴7座中顶国VI','2021款',64,1,213800,213800);
insert into t_car_model(cm_id , cs_id , cm_name,cm_type ,cm_order , cm_state , cm_min_price , cm_max_price) values(1010604,2524,'2021款 2.2T（包）自动普通型客车Pro短轴11座中顶国VI','2021款',65,1,215800,215800);
insert into t_car_model(cm_id , cs_id , cm_name,cm_type ,cm_order , cm_state , cm_min_price , cm_max_price) values(1010599,2524,'2021款 2.2T（包）自动普通型客车Pro长轴15座中顶国VI','2021款',66,1,243500,243500);
insert into t_car_model(cm_id , cs_id , cm_name,cm_type ,cm_order , cm_state , cm_min_price , cm_max_price) values(1010600,2524,'2021款 2.2T（包）自动普通型客车Pro长轴15座高顶国VI','2021款',67,1,250000,250000);
insert into t_car_model(cm_id , cs_id , cm_name,cm_type ,cm_order , cm_state , cm_min_price , cm_max_price) values(1010601,2524,'2021款 2.2T（包）自动普通型客车Pro加长轴后双胎(无侧拉门)17座中顶国VI','2021款',68,1,266800,266800);
insert into t_car_model(cm_id , cs_id , cm_name,cm_type ,cm_order , cm_state , cm_min_price , cm_max_price) values(1010602,2524,'2021款 2.2T（包）自动普通型客车Pro加长轴后双胎(无侧拉门)17座高顶国VI','2021款',69,1,272800,272800);
insert into t_car_model(cm_id , cs_id , cm_name,cm_type ,cm_order , cm_state , cm_min_price , cm_max_price) values(1010603,2524,'2021款 2.2T（包）自动普通型客车Pro加长轴后双胎(带侧拉门)17座高顶国VI','2021款',70,1,275800,275800);
insert into t_car_model(cm_id , cs_id , cm_name,cm_type ,cm_order , cm_state , cm_min_price , cm_max_price) values(1010594,2524,'2021款 2.2T自动豪华型客车Pro短轴7座低顶国VI','2021款',71,1,223500,223500);
insert into t_car_model(cm_id , cs_id , cm_name,cm_type ,cm_order , cm_state , cm_min_price , cm_max_price) values(1010593,2524,'2021款 2.2T自动豪华型客车Pro短轴7座中顶国VI','2021款',72,1,226200,226200);
insert into t_car_model(cm_id , cs_id , cm_name,cm_type ,cm_order , cm_state , cm_min_price , cm_max_price) values(1010596,2524,'2021款 2.2T自动豪华型客车Pro长轴15座中顶国VI','2021款',73,1,256500,256500);
insert into t_car_model(cm_id , cs_id , cm_name,cm_type ,cm_order , cm_state , cm_min_price , cm_max_price) values(1010589,2524,'2021款 2.2T（包）自动豪华型客车Pro短轴7座中顶国VI','2021款',74,1,230200,230200);
insert into t_car_model(cm_id , cs_id , cm_name,cm_type ,cm_order , cm_state , cm_min_price , cm_max_price) values(1010590,2524,'2021款 2.2T（包）自动豪华型客车Pro短轴7座低顶国VI','2021款',75,1,227500,227500);
insert into t_car_model(cm_id , cs_id , cm_name,cm_type ,cm_order , cm_state , cm_min_price , cm_max_price) values(1010592,2524,'2021款 2.2T（包）自动豪华型客车Pro长轴15座中顶国VI','2021款',76,1,260500,260500);
insert into t_car_model(cm_id , cs_id , cm_name,cm_type ,cm_order , cm_state , cm_min_price , cm_max_price) values(1010620,2524,'2021款 2.2T手动普通型客车Pro长轴带机械踏板9座中顶国VI','2021款',77,1,231900,231900);
insert into t_car_model(cm_id , cs_id , cm_name,cm_type ,cm_order , cm_state , cm_min_price , cm_max_price) values(1010606,2524,'2021款 2.2T自动普通型客车Pro长轴带机械踏板9座中顶国VI','2021款',78,1,237900,237900);
insert into t_car_model(cm_id , cs_id , cm_name,cm_type ,cm_order , cm_state , cm_min_price , cm_max_price) values(1010598,2524,'2021款 2.2T（包）自动普通型客车Pro长轴带机械踏板9座中顶国VI','2021款',79,1,241900,241900);
insert into t_car_model(cm_id , cs_id , cm_name,cm_type ,cm_order , cm_state , cm_min_price , cm_max_price) values(1010617,2524,'2021款 2.2T手动豪华型客车Pro长轴带机械踏板9座中顶国VI','2021款',80,1,248800,248800);
insert into t_car_model(cm_id , cs_id , cm_name,cm_type ,cm_order , cm_state , cm_min_price , cm_max_price) values(1010595,2524,'2021款 2.2T自动豪华型客车Pro长轴带机械踏板9座中顶国VI','2021款',81,1,254800,254800);
insert into t_car_model(cm_id , cs_id , cm_name,cm_type ,cm_order , cm_state , cm_min_price , cm_max_price) values(1010591,2524,'2021款 2.2T（包）自动豪华型客车Pro长轴带机械踏板9座中顶国VI','2021款',82,1,258800,258800);
insert into t_car_model(cm_id , cs_id , cm_name,cm_type ,cm_order , cm_state , cm_min_price , cm_max_price) values(1011981,2524,'2021款 2.2T手动普通型高级营运客车Pro长轴带机械踏板9座中顶国VI','2021款',83,1,253400,253400);
insert into t_car_model(cm_id , cs_id , cm_name,cm_type ,cm_order , cm_state , cm_min_price , cm_max_price) values(1011980,2524,'2021款 2.2T（包）自动普通型高级营运客车Pro长轴带机械踏板9座中顶国VI','2021款',84,1,263400,263400);
insert into t_car_model(cm_id , cs_id , cm_name,cm_type ,cm_order , cm_state , cm_min_price , cm_max_price) values(1011979,2524,'2021款 2.2T自动普通型高级营运客车Pro长轴带机械踏板9座中顶国VI','2021款',85,1,259400,259400);
insert into t_car_model(cm_id , cs_id , cm_name,cm_type ,cm_order , cm_state , cm_min_price , cm_max_price) values(1011994,2524,'2021款 2.2T手动普通型高级营运客车Pro5.9米后双胎带机械踏板9座中顶国VI','2021款',86,1,263400,263400);
insert into t_car_model(cm_id , cs_id , cm_name,cm_type ,cm_order , cm_state , cm_min_price , cm_max_price) values(1011983,2524,'2021款 2.2T（包）自动普通型高级营运客车Pro5.9米带机械踏板9座中顶国VI','2021款',87,1,273400,273400);
insert into t_car_model(cm_id , cs_id , cm_name,cm_type ,cm_order , cm_state , cm_min_price , cm_max_price) values(1011995,2524,'2021款 2.2T自动普通型高级营运客车Pro5.9米后双胎带机械踏板9座中顶国VI','2021款',88,1,269400,269400);
insert into t_car_model(cm_id , cs_id , cm_name,cm_type ,cm_order , cm_state , cm_min_price , cm_max_price) values(1011989,2524,'2021款 2.2T手动豪华型高级营运客车Pro长轴带机械踏板9座中顶国VI','2021款',89,1,263900,263900);
insert into t_car_model(cm_id , cs_id , cm_name,cm_type ,cm_order , cm_state , cm_min_price , cm_max_price) values(1011987,2524,'2021款 2.2T（包）自动豪华型高级营运客车Pro长轴带机械踏板9座中顶国VI','2021款',90,1,273900,273900);
insert into t_car_model(cm_id , cs_id , cm_name,cm_type ,cm_order , cm_state , cm_min_price , cm_max_price) values(1011985,2524,'2021款 2.2T自动豪华型高级营运客车Pro长轴带机械踏板9座中顶国VI','2021款',91,1,269900,269900);
insert into t_car_model(cm_id , cs_id , cm_name,cm_type ,cm_order , cm_state , cm_min_price , cm_max_price) values(1011992,2524,'2021款 2.2T手动豪华型高级营运客车Pro5.9米后双胎带机械踏板9座中顶国VI','2021款',92,1,273900,273900);
insert into t_car_model(cm_id , cs_id , cm_name,cm_type ,cm_order , cm_state , cm_min_price , cm_max_price) values(1011988,2524,'2021款 2.2T（包）自动豪华型高级营运客车Pro5.9米带机械踏板9座中顶国VI','2021款',93,1,283900,283900);
insert into t_car_model(cm_id , cs_id , cm_name,cm_type ,cm_order , cm_state , cm_min_price , cm_max_price) values(1011991,2524,'2021款 2.2T自动豪华型高级营运客车Pro5.9米后双胎带机械踏板9座中顶国VI','2021款',94,1,279900,279900);
insert into t_car_model(cm_id , cs_id , cm_name,cm_type ,cm_order , cm_state , cm_min_price , cm_max_price) values(1009906,2524,'2019款 2.2T多功能短轴中低顶3座国VI','2019款',1,1,163600,163600);
insert into t_car_model(cm_id , cs_id , cm_name,cm_type ,cm_order , cm_state , cm_min_price , cm_max_price) values(1009908,2524,'2019款 2.2T多功能短轴中顶3座国VI','2019款',2,1,166000,166000);
insert into t_car_model(cm_id , cs_id , cm_name,cm_type ,cm_order , cm_state , cm_min_price , cm_max_price) values(1009907,2524,'2019款 2.2T多功能短轴中低顶6座国VI','2019款',3,1,172500,172500);
insert into t_car_model(cm_id , cs_id , cm_name,cm_type ,cm_order , cm_state , cm_min_price , cm_max_price) values(1009909,2524,'2019款 2.2T多功能短轴中顶6座国VI','2019款',4,1,175000,175000);
insert into t_car_model(cm_id , cs_id , cm_name,cm_type ,cm_order , cm_state , cm_min_price , cm_max_price) values(1009918,2524,'2019款 2.2T标准型短轴中低顶7座国VI','2019款',5,1,192500,192500);
insert into t_car_model(cm_id , cs_id , cm_name,cm_type ,cm_order , cm_state , cm_min_price , cm_max_price) values(1009919,2524,'2019款 2.2T标准型短轴中顶7座国VI','2019款',6,1,196600,196600);
insert into t_car_model(cm_id , cs_id , cm_name,cm_type ,cm_order , cm_state , cm_min_price , cm_max_price) values(1009920,2524,'2019款 2.2T标准型短轴中低顶10座国VI','2019款',7,1,192800,192800);
insert into t_car_model(cm_id , cs_id , cm_name,cm_type ,cm_order , cm_state , cm_min_price , cm_max_price) values(1009921,2524,'2019款 2.2T标准型短轴中顶10座国VI','2019款',8,1,194900,194900);
insert into t_car_model(cm_id , cs_id , cm_name,cm_type ,cm_order , cm_state , cm_min_price , cm_max_price) values(1009922,2524,'2019款 2.2T标准型短轴中顶11座国VI','2019款',9,1,198700,198700);
insert into t_car_model(cm_id , cs_id , cm_name,cm_type ,cm_order , cm_state , cm_min_price , cm_max_price) values(1009926,2524,'2019款 2.2T豪华型短轴中低顶7座国VI','2019款',10,1,199900,199900);
insert into t_car_model(cm_id , cs_id , cm_name,cm_type ,cm_order , cm_state , cm_min_price , cm_max_price) values(1009927,2524,'2019款 2.2T豪华型短轴中顶7座国VI','2019款',11,1,202700,202700);
insert into t_car_model(cm_id , cs_id , cm_name,cm_type ,cm_order , cm_state , cm_min_price , cm_max_price) values(1009910,2524,'2019款 2.2T多功能长轴中顶3座国VI','2019款',12,1,191900,191900);
insert into t_car_model(cm_id , cs_id , cm_name,cm_type ,cm_order , cm_state , cm_min_price , cm_max_price) values(1009911,2524,'2019款 2.2T多功能长轴高顶3座国VI','2019款',13,1,193800,193800);
insert into t_car_model(cm_id , cs_id , cm_name,cm_type ,cm_order , cm_state , cm_min_price , cm_max_price) values(1009912,2524,'2019款 2.2T多功能长轴中顶6座国VI','2019款',14,1,194900,194900);
insert into t_car_model(cm_id , cs_id , cm_name,cm_type ,cm_order , cm_state , cm_min_price , cm_max_price) values(1009913,2524,'2019款 2.2T多功能长轴高顶6座国VI','2019款',15,1,201900,201900);
insert into t_car_model(cm_id , cs_id , cm_name,cm_type ,cm_order , cm_state , cm_min_price , cm_max_price) values(1009914,2524,'2019款 2.2T多功能长轴中顶7座国VI','2019款',16,1,195900,195900);
insert into t_car_model(cm_id , cs_id , cm_name,cm_type ,cm_order , cm_state , cm_min_price , cm_max_price) values(1009915,2524,'2019款 2.2T多功能长轴高顶7座国VI','2019款',17,1,202900,202900);
insert into t_car_model(cm_id , cs_id , cm_name,cm_type ,cm_order , cm_state , cm_min_price , cm_max_price) values(1009923,2524,'2019款 2.2T标准型长轴中顶10座国VI','2019款',18,1,221900,221900);
insert into t_car_model(cm_id , cs_id , cm_name,cm_type ,cm_order , cm_state , cm_min_price , cm_max_price) values(1009925,2524,'2019款 2.2T标准型长轴高顶15座国VI','2019款',19,1,236200,236200);
insert into t_car_model(cm_id , cs_id , cm_name,cm_type ,cm_order , cm_state , cm_min_price , cm_max_price) values(1009924,2524,'2019款 2.2T标准型长轴中顶15座国VI','2019款',20,1,229800,229800);
insert into t_car_model(cm_id , cs_id , cm_name,cm_type ,cm_order , cm_state , cm_min_price , cm_max_price) values(1009928,2524,'2019款 2.2T豪华型长轴中顶10座国VI','2019款',21,1,230700,230700);
insert into t_car_model(cm_id , cs_id , cm_name,cm_type ,cm_order , cm_state , cm_min_price , cm_max_price) values(1009929,2524,'2019款 2.2T豪华型长轴中顶15座国VI','2019款',22,1,232800,232800);
insert into t_car_model(cm_id , cs_id , cm_name,cm_type ,cm_order , cm_state , cm_min_price , cm_max_price) values(1009916,2524,'2019款 2.2T多功能加长轴中顶3座国VI','2019款',23,1,216900,216900);
insert into t_car_model(cm_id , cs_id , cm_name,cm_type ,cm_order , cm_state , cm_min_price , cm_max_price) values(1009917,2524,'2019款 2.2T多功能加长轴高顶3座国VI','2019款',24,1,223600,223600);
insert into t_car_model(cm_id , cs_id , cm_name,cm_type ,cm_order , cm_state , cm_min_price , cm_max_price) values(1009931,2524,'2019款 2.2T标准型加长轴高顶17座带侧拉门国VI','2019款',25,1,252600,252600);
insert into t_car_model(cm_id , cs_id , cm_name,cm_type ,cm_order , cm_state , cm_min_price , cm_max_price) values(1009930,2524,'2019款 2.2T标准型加长轴高顶17座无侧拉门国VI','2019款',26,1,249500,249500);
insert into t_car_model(cm_id , cs_id , cm_name,cm_type ,cm_order , cm_state , cm_min_price , cm_max_price) values(1004371,2524,'2016款 2.4T短轴3座中顶箱式运输车','2016款',1,1,148000,148000);
insert into t_car_model(cm_id , cs_id , cm_name,cm_type ,cm_order , cm_state , cm_min_price , cm_max_price) values(1004370,2524,'2016款 2.4T短轴6座中顶多功能车','2016款',2,1,157000,157000);
insert into t_car_model(cm_id , cs_id , cm_name,cm_type ,cm_order , cm_state , cm_min_price , cm_max_price) values(1004369,2524,'2016款 2.4T短轴7座中低顶客车','2016款',3,1,174500,174500);
insert into t_car_model(cm_id , cs_id , cm_name,cm_type ,cm_order , cm_state , cm_min_price , cm_max_price) values(1004372,2524,'2016款 2.4T短轴7座中低顶豪华型客车','2016款',4,1,184600,184600);
insert into t_car_model(cm_id , cs_id , cm_name,cm_type ,cm_order , cm_state , cm_min_price , cm_max_price) values(1004374,2524,'2016款 2.4T长轴3座中顶运输车','2016款',5,1,166800,166800);
insert into t_car_model(cm_id , cs_id , cm_name,cm_type ,cm_order , cm_state , cm_min_price , cm_max_price) values(1004373,2524,'2016款 2.4T长轴7座中顶多功能车','2016款',6,1,177900,177900);
insert into t_car_model(cm_id , cs_id , cm_name,cm_type ,cm_order , cm_state , cm_min_price , cm_max_price) values(1004375,2524,'2016款 2.4T长轴9座中顶客车','2016款',7,1,206800,206800);
insert into t_car_model(cm_id , cs_id , cm_name,cm_type ,cm_order , cm_state , cm_min_price , cm_max_price) values(1004376,2524,'2016款 2.4T长轴15座中顶客车','2016款',8,1,211300,211300);
insert into t_car_model(cm_id , cs_id , cm_name,cm_type ,cm_order , cm_state , cm_min_price , cm_max_price) values(1004377,2524,'2016款 2.4T长轴9座中顶豪华型客车','2016款',9,1,217000,217000);
insert into t_car_model(cm_id , cs_id , cm_name,cm_type ,cm_order , cm_state , cm_min_price , cm_max_price) values(1004378,2524,'2016款 2.4T长轴3座高顶后双胎箱式运输车','2016款',10,1,212500,212500);
insert into t_car_model(cm_id , cs_id , cm_name,cm_type ,cm_order , cm_state , cm_min_price , cm_max_price) values(1004379,2524,'2016款 2.4T长轴17座高顶后双胎客车','2016款',11,1,231000,231000);
insert into t_car_model(cm_id , cs_id , cm_name,cm_type ,cm_order , cm_state , cm_min_price , cm_max_price) values(1004256,2524,'2016款 2.2T长轴6/7座中顶多功能车','2016款',12,1,187800,193900);
insert into t_car_model(cm_id , cs_id , cm_name,cm_type ,cm_order , cm_state , cm_min_price , cm_max_price) values(1004382,2524,'2016款 2.2T长轴6座高顶多功能车','2016款',13,1,193900,193900);
insert into t_car_model(cm_id , cs_id , cm_name,cm_type ,cm_order , cm_state , cm_min_price , cm_max_price) values(1004384,2524,'2016款 2.2T加长轴6座中顶多功能车','2016款',14,1,210800,210800);
insert into t_car_model(cm_id , cs_id , cm_name,cm_type ,cm_order , cm_state , cm_min_price , cm_max_price) values(1004385,2524,'2016款 2.2T加长轴6座高顶多功能车','2016款',15,1,216800,216800);
insert into t_car_model(cm_id , cs_id , cm_name,cm_type ,cm_order , cm_state , cm_min_price , cm_max_price) values(1004390,2524,'2016款 2.4T短轴3座中低顶箱式运输车轻型','2016款',16,1,145600,145600);
insert into t_car_model(cm_id , cs_id , cm_name,cm_type ,cm_order , cm_state , cm_min_price , cm_max_price) values(1004391,2524,'2016款 2.4T短轴6座中低顶多功能车','2016款',17,1,154500,154500);
insert into t_car_model(cm_id , cs_id , cm_name,cm_type ,cm_order , cm_state , cm_min_price , cm_max_price) values(1004400,2524,'2016款 2.4T加长轴6座高顶多功能车','2016款',18,1,213900,213900);
insert into t_car_model(cm_id , cs_id , cm_name,cm_type ,cm_order , cm_state , cm_min_price , cm_max_price) values(1004392,2524,'2016款 2.4T短轴7座中顶经济型','2016款',19,1,158100,158100);
insert into t_car_model(cm_id , cs_id , cm_name,cm_type ,cm_order , cm_state , cm_min_price , cm_max_price) values(1004393,2524,'2016款 2.4T长轴3座中顶箱式运输车重型','2016款',20,1,173900,173900);
insert into t_car_model(cm_id , cs_id , cm_name,cm_type ,cm_order , cm_state , cm_min_price , cm_max_price) values(1004394,2524,'2016款 2.4T长轴6座中顶多功能车','2016款',21,1,183900,183900);
insert into t_car_model(cm_id , cs_id , cm_name,cm_type ,cm_order , cm_state , cm_min_price , cm_max_price) values(1004395,2524,'2016款 2.4T长轴3座高顶箱式运输车重型','2016款',22,1,182800,182800);
insert into t_car_model(cm_id , cs_id , cm_name,cm_type ,cm_order , cm_state , cm_min_price , cm_max_price) values(1004396,2524,'2016款 2.4T长轴6座高顶多功能车','2016款',23,1,183900,183900);
insert into t_car_model(cm_id , cs_id , cm_name,cm_type ,cm_order , cm_state , cm_min_price , cm_max_price) values(1004397,2524,'2016款 2.4T长轴10座中顶标准型','2016款',24,1,215300,215300);
insert into t_car_model(cm_id , cs_id , cm_name,cm_type ,cm_order , cm_state , cm_min_price , cm_max_price) values(1004398,2524,'2016款 2.4T加长轴6座中顶多功能车','2016款',25,1,207800,207800);
insert into t_car_model(cm_id , cs_id , cm_name,cm_type ,cm_order , cm_state , cm_min_price , cm_max_price) values(1004399,2524,'2016款 2.4T长轴15座中顶豪华型','2016款',26,1,221500,221500);
insert into t_car_model(cm_id , cs_id , cm_name,cm_type ,cm_order , cm_state , cm_min_price , cm_max_price) values(1004402,2524,'2016款 2.4T长轴10座中顶豪华型','2016款',27,1,220400,220400);
insert into t_car_model(cm_id , cs_id , cm_name,cm_type ,cm_order , cm_state , cm_min_price , cm_max_price) values(1004401,2524,'2016款 2.4T加长轴17座中顶普通型','2016款',28,1,225000,225000);
insert into t_car_model(cm_id , cs_id , cm_name,cm_type ,cm_order , cm_state , cm_min_price , cm_max_price) values(1005429,2524,'2016款 2.2T长轴9座中顶豪华型客车','2016款',29,1,227000,227000);
insert into t_car_model(cm_id , cs_id , cm_name,cm_type ,cm_order , cm_state , cm_min_price , cm_max_price) values(1004383,2524,'2016款 2.2T长轴15座中顶标准型','2016款',30,1,214100,214100);
insert into t_car_model(cm_id , cs_id , cm_name,cm_type ,cm_order , cm_state , cm_min_price , cm_max_price) values(1004387,2524,'2016款 2.2T长轴15座高顶标准型','2016款',31,1,217900,217900);
insert into t_car_model(cm_id , cs_id , cm_name,cm_type ,cm_order , cm_state , cm_min_price , cm_max_price) values(1004386,2524,'2016款 2.2T长轴15座中顶豪华型','2016款',32,1,224700,224700);
insert into t_car_model(cm_id , cs_id , cm_name,cm_type ,cm_order , cm_state , cm_min_price , cm_max_price) values(1004388,2524,'2016款 2.2T加长轴17座中顶标准型','2016款',33,1,235000,235000);
insert into t_car_model(cm_id , cs_id , cm_name,cm_type ,cm_order , cm_state , cm_min_price , cm_max_price) values(1004389,2524,'2016款 2.2T加长轴17座高顶标准型','2016款',34,1,241000,241000);
insert into t_car_model(cm_id , cs_id , cm_name,cm_type ,cm_order , cm_state , cm_min_price , cm_max_price) values(1005470,2524,'2016款 2.2T长轴9座中顶豪华型客车135马力','2016款',35,1,227000,227000);
insert into t_car_model(cm_id , cs_id , cm_name,cm_type ,cm_order , cm_state , cm_min_price , cm_max_price) values(1004255,2524,'2016款 2.2T短轴6座中低顶多功能车','2016款',36,1,164500,164500);
insert into t_car_model(cm_id , cs_id , cm_name,cm_type ,cm_order , cm_state , cm_min_price , cm_max_price) values(1004380,2524,'2016款 2.2T短轴6座中顶多功能车','2016款',37,1,167000,167000);
insert into t_car_model(cm_id , cs_id , cm_name,cm_type ,cm_order , cm_state , cm_min_price , cm_max_price) values(1004381,2524,'2016款 2.2T短轴7座中低顶豪华客车','2016款',38,1,191500,191500);
insert into t_car_model(cm_id , cs_id , cm_name,cm_type ,cm_order , cm_state , cm_min_price , cm_max_price) values(1005471,2524,'2016款 2.2T长轴15座中顶标准型135马力','2016款',39,1,211400,211400);
insert into t_car_model(cm_id , cs_id , cm_name,cm_type ,cm_order , cm_state , cm_min_price , cm_max_price) values(1005472,2524,'2016款 2.2T长轴15座高顶标准型135马力','2016款',40,1,218400,218400);
insert into t_car_model(cm_id , cs_id , cm_name,cm_type ,cm_order , cm_state , cm_min_price , cm_max_price) values(1005475,2524,'2016款 2.2T长轴15座中顶豪华型135马力','2016款',41,1,221600,221600);
insert into t_car_model(cm_id , cs_id , cm_name,cm_type ,cm_order , cm_state , cm_min_price , cm_max_price) values(1005474,2524,'2016款 2.2T加长轴17座中顶标准型135马力','2016款',42,1,235500,235500);
insert into t_car_model(cm_id , cs_id , cm_name,cm_type ,cm_order , cm_state , cm_min_price , cm_max_price) values(1005473,2524,'2016款 2.2T加长轴17座高顶标准型135马力','2016款',43,1,241500,241500);
insert into t_car_model(cm_id , cs_id , cm_name,cm_type ,cm_order , cm_state , cm_min_price , cm_max_price) values(1003226,2524,'2015款 2.4T短轴3座中顶厢式运输车','2015款',1,1,148000,148000);
insert into t_car_model(cm_id , cs_id , cm_name,cm_type ,cm_order , cm_state , cm_min_price , cm_max_price) values(1003227,2524,'2015款 2.4T短轴6座中顶多功能车','2015款',2,1,157000,157000);
insert into t_car_model(cm_id , cs_id , cm_name,cm_type ,cm_order , cm_state , cm_min_price , cm_max_price) values(1003228,2524,'2015款 2.4T短轴7座中低顶客车','2015款',3,1,174500,174500);
insert into t_car_model(cm_id , cs_id , cm_name,cm_type ,cm_order , cm_state , cm_min_price , cm_max_price) values(1003229,2524,'2015款 2.4T短轴7座中低顶豪华型客车','2015款',4,1,184600,184600);
insert into t_car_model(cm_id , cs_id , cm_name,cm_type ,cm_order , cm_state , cm_min_price , cm_max_price) values(1003230,2524,'2015款 2.4T厢式运输车长轴3座中顶','2015款',5,1,166800,166800);
insert into t_car_model(cm_id , cs_id , cm_name,cm_type ,cm_order , cm_state , cm_min_price , cm_max_price) values(1003232,2524,'2015款 2.4T长轴7座中顶多功能车','2015款',6,1,177900,177900);
insert into t_car_model(cm_id , cs_id , cm_name,cm_type ,cm_order , cm_state , cm_min_price , cm_max_price) values(1003234,2524,'2015款 2.4T长轴9座中顶客车','2015款',7,1,206800,206800);
insert into t_car_model(cm_id , cs_id , cm_name,cm_type ,cm_order , cm_state , cm_min_price , cm_max_price) values(1003235,2524,'2015款 2.4T客车长轴15座中顶','2015款',8,1,211300,211300);
insert into t_car_model(cm_id , cs_id , cm_name,cm_type ,cm_order , cm_state , cm_min_price , cm_max_price) values(1003233,2524,'2015款 2.4T长轴9座中顶豪华型客车','2015款',9,1,210800,210800);
insert into t_car_model(cm_id , cs_id , cm_name,cm_type ,cm_order , cm_state , cm_min_price , cm_max_price) values(1003231,2524,'2015款 2.4T厢式运输车加长3座高顶后双胎','2015款',10,1,212500,212500);
insert into t_car_model(cm_id , cs_id , cm_name,cm_type ,cm_order , cm_state , cm_min_price , cm_max_price) values(1003236,2524,'2015款 2.4T客车加长17座高顶后双胎','2015款',11,1,231000,231000);
insert into t_car_model(cm_id , cs_id , cm_name,cm_type ,cm_order , cm_state , cm_min_price , cm_max_price) values(1002130,2524,'2013款 2.4T柴油标准型长轴高顶国IV','2013款',1,1,0,0);
insert into t_car_model(cm_id , cs_id , cm_name,cm_type ,cm_order , cm_state , cm_min_price , cm_max_price) values(1001784,2524,'2013款 2.4T豪华型长轴中顶国III','2013款',2,1,229800,229800);
insert into t_car_model(cm_id , cs_id , cm_name,cm_type ,cm_order , cm_state , cm_min_price , cm_max_price) values(1002713,2524,'2013款 2.4T柴油经济物流车短轴中顶国III','2013款',3,1,167000,167000);
insert into t_car_model(cm_id , cs_id , cm_name,cm_type ,cm_order , cm_state , cm_min_price , cm_max_price) values(1002712,2524,'2013款 2.4T柴油经济型长轴中顶国III','2013款',4,1,187800,187800);
insert into t_car_model(cm_id , cs_id , cm_name,cm_type ,cm_order , cm_state , cm_min_price , cm_max_price) values(1002711,2524,'2013款 2.4T柴油豪华型短轴中低顶国III','2013款',5,1,187500,187500);
insert into t_car_model(cm_id , cs_id , cm_name,cm_type ,cm_order , cm_state , cm_min_price , cm_max_price) values(1002710,2524,'2013款 2.4T柴油普通型后双胎加长轴中顶国III','2013款',6,1,231000,231000);
insert into t_car_model(cm_id , cs_id , cm_name,cm_type ,cm_order , cm_state , cm_min_price , cm_max_price) values(1002709,2524,'2013款 2.4T柴油普通型加长轴高顶国III','2013款',7,1,237000,237000);
insert into t_car_model(cm_id , cs_id , cm_name,cm_type ,cm_order , cm_state , cm_min_price , cm_max_price) values(1002112,2524,'2013款 2.4T柴油经济物流车短轴中顶国IV','2013款',8,1,175000,175000);
insert into t_car_model(cm_id , cs_id , cm_name,cm_type ,cm_order , cm_state , cm_min_price , cm_max_price) values(1002568,2524,'2013款 2.4T柴油经济型长轴中顶国IV','2013款',9,1,195800,195800);
insert into t_car_model(cm_id , cs_id , cm_name,cm_type ,cm_order , cm_state , cm_min_price , cm_max_price) values(1002569,2524,'2013款 2.4T柴油豪华型短轴中低顶国IV','2013款',10,1,195500,195500);
insert into t_car_model(cm_id , cs_id , cm_name,cm_type ,cm_order , cm_state , cm_min_price , cm_max_price) values(1002570,2524,'2013款 2.4T柴油普通型后双胎加长轴中顶国IV','2013款',11,1,239000,239000);
insert into t_car_model(cm_id , cs_id , cm_name,cm_type ,cm_order , cm_state , cm_min_price , cm_max_price) values(1002136,2524,'2013款 2.4T柴油普通型加长轴高顶国IV','2013款',12,1,245000,245000);
insert into t_car_model(cm_id , cs_id , cm_name,cm_type ,cm_order , cm_state , cm_min_price , cm_max_price) values(1000445,2524,'2009款 2.3L汽油标准型短轴低顶DURATEC','2009款',1,1,166800,166800);
insert into t_car_model(cm_id , cs_id , cm_name,cm_type ,cm_order , cm_state , cm_min_price , cm_max_price) values(1000446,2524,'2009款 2.3L汽油标准型短轴中顶DURATEC','2009款',2,1,171800,171800);
insert into t_car_model(cm_id , cs_id , cm_name,cm_type ,cm_order , cm_state , cm_min_price , cm_max_price) values(1000447,2524,'2009款 2.3L汽油标准型长轴中顶DURATEC','2009款',3,1,183000,183000);
insert into t_car_model(cm_id , cs_id , cm_name,cm_type ,cm_order , cm_state , cm_min_price , cm_max_price) values(1000448,2524,'2009款 2.3L汽油豪华型长轴中顶DURATEC','2009款',4,1,217300,218400);
insert into t_car_model(cm_id , cs_id , cm_name,cm_type ,cm_order , cm_state , cm_min_price , cm_max_price) values(1000449,2524,'2009款 2.4T柴油多功能型短轴低顶Duratorq','2009款',5,1,147800,147800);
insert into t_car_model(cm_id , cs_id , cm_name,cm_type ,cm_order , cm_state , cm_min_price , cm_max_price) values(1000450,2524,'2009款 2.4T柴油多功能型短轴中顶Duratorq','2009款',6,1,152800,152800);
insert into t_car_model(cm_id , cs_id , cm_name,cm_type ,cm_order , cm_state , cm_min_price , cm_max_price) values(1000451,2524,'2009款 2.4T柴油标准型短轴低顶国III','2009款',7,1,174300,174300);
insert into t_car_model(cm_id , cs_id , cm_name,cm_type ,cm_order , cm_state , cm_min_price , cm_max_price) values(1000452,2524,'2009款 2.4T柴油标准型短轴中顶国III','2009款',8,1,183000,183000);
insert into t_car_model(cm_id , cs_id , cm_name,cm_type ,cm_order , cm_state , cm_min_price , cm_max_price) values(1000453,2524,'2009款 2.4T柴油多功能型长轴中顶国III','2009款',9,1,184700,184700);
insert into t_car_model(cm_id , cs_id , cm_name,cm_type ,cm_order , cm_state , cm_min_price , cm_max_price) values(1000454,2524,'2009款 2.4T柴油多功能型长轴高顶国III','2009款',10,1,191800,191800);
insert into t_car_model(cm_id , cs_id , cm_name,cm_type ,cm_order , cm_state , cm_min_price , cm_max_price) values(1000455,2524,'2009款 2.4T柴油多功能型加长轴中顶国III','2009款',11,1,204800,204800);
insert into t_car_model(cm_id , cs_id , cm_name,cm_type ,cm_order , cm_state , cm_min_price , cm_max_price) values(1000456,2524,'2009款 2.4T柴油多功能型加长轴高顶国III','2009款',12,1,213300,213300);
insert into t_car_model(cm_id , cs_id , cm_name,cm_type ,cm_order , cm_state , cm_min_price , cm_max_price) values(1000457,2524,'2009款 2.4T柴油豪华型短轴低顶国III','2009款',13,1,176800,176800);
insert into t_car_model(cm_id , cs_id , cm_name,cm_type ,cm_order , cm_state , cm_min_price , cm_max_price) values(1000458,2524,'2009款 2.4T柴油豪华型短轴中顶国III','2009款',14,1,181800,181800);
insert into t_car_model(cm_id , cs_id , cm_name,cm_type ,cm_order , cm_state , cm_min_price , cm_max_price) values(1000459,2524,'2009款 2.4T柴油标准型长轴中顶国III','2009款',15,1,198500,198500);
insert into t_car_model(cm_id , cs_id , cm_name,cm_type ,cm_order , cm_state , cm_min_price , cm_max_price) values(1000461,2524,'2009款 2.4T柴油豪华型长轴中顶国III','2009款',16,1,209100,209100);
insert into t_car_model(cm_id , cs_id , cm_name,cm_type ,cm_order , cm_state , cm_min_price , cm_max_price) values(1000462,2524,'2009款 2.4T柴油豪华型长轴高顶国III','2009款',17,1,249400,249400);
insert into t_car_model(cm_id , cs_id , cm_name,cm_type ,cm_order , cm_state , cm_min_price , cm_max_price) values(1000463,2524,'2009款 2.4T柴油标准型加长轴中顶国III','2009款',18,1,227800,227800);
insert into t_car_model(cm_id , cs_id , cm_name,cm_type ,cm_order , cm_state , cm_min_price , cm_max_price) values(1000464,2524,'2009款 2.4T柴油标准型加长轴高顶国III','2009款',19,1,228800,228800);
insert into t_car_series(cs_id,cbf_id,cs_name,cs_order,cs_letter) values(2523,447,'经典全顺',1914,'J');
insert into t_car_model(cm_id , cs_id , cm_name,cm_type ,cm_order , cm_state , cm_min_price , cm_max_price) values(1004410,2523,'2016款 2.8T柴油厢式运输车长轴3座中顶长车JX493ZLQ4','2016款',1,1,131300,131300);
insert into t_car_model(cm_id , cs_id , cm_name,cm_type ,cm_order , cm_state , cm_min_price , cm_max_price) values(1004411,2523,'2016款 2.8T柴油厢式运输车短轴3座中顶长车JX493ZLQ4','2016款',2,1,104800,104800);
insert into t_car_model(cm_id , cs_id , cm_name,cm_type ,cm_order , cm_state , cm_min_price , cm_max_price) values(1004412,2523,'2016款 2.8T柴油短轴6座中顶多功能车JX493ZLQ4','2016款',3,1,112900,112900);
insert into t_car_model(cm_id , cs_id , cm_name,cm_type ,cm_order , cm_state , cm_min_price , cm_max_price) values(1004416,2523,'2016款 2.8T柴油短轴12座中顶客车JX493ZLQ4','2016款',4,1,150800,150800);
insert into t_car_model(cm_id , cs_id , cm_name,cm_type ,cm_order , cm_state , cm_min_price , cm_max_price) values(1004415,2523,'2016款 2.8T柴油长轴6座中顶多功能车JX493ZLQ4','2016款',5,1,132000,132000);
insert into t_car_model(cm_id , cs_id , cm_name,cm_type ,cm_order , cm_state , cm_min_price , cm_max_price) values(1004414,2523,'2016款 2.8T柴油长轴15座中顶客车JX493ZLQ4','2016款',6,1,158900,158900);
insert into t_car_model(cm_id , cs_id , cm_name,cm_type ,cm_order , cm_state , cm_min_price , cm_max_price) values(1004413,2523,'2016款 2.4L汽油短轴6座中顶多功能车4G64S4N','2016款',7,1,100000,100000);
insert into t_car_model(cm_id , cs_id , cm_name,cm_type ,cm_order , cm_state , cm_min_price , cm_max_price) values(1004417,2523,'2016款 2.4L汽油短轴6座中顶多功能车4G69S4N','2016款',8,1,100900,100900);
insert into t_car_model(cm_id , cs_id , cm_name,cm_type ,cm_order , cm_state , cm_min_price , cm_max_price) values(1004419,2523,'2016款 2.4L汽油短轴12座中顶客车4G64S4N','2016款',9,1,137800,137800);
insert into t_car_model(cm_id , cs_id , cm_name,cm_type ,cm_order , cm_state , cm_min_price , cm_max_price) values(1004418,2523,'2016款 2.4L汽油短轴12座中顶标准型4G69S4N','2016款',10,1,138600,138600);
insert into t_car_model(cm_id , cs_id , cm_name,cm_type ,cm_order , cm_state , cm_min_price , cm_max_price) values(1004420,2523,'2016款 2.4L汽油长轴6座中顶多功能车4G64S4N','2016款',11,1,120900,120900);
insert into t_car_model(cm_id , cs_id , cm_name,cm_type ,cm_order , cm_state , cm_min_price , cm_max_price) values(1004430,2523,'2016款 2.4L汽油长轴6座中顶多功能车4G69S4N','2016款',12,1,121700,121700);
insert into t_car_model(cm_id , cs_id , cm_name,cm_type ,cm_order , cm_state , cm_min_price , cm_max_price) values(1004423,2523,'2016款 2.4L汽油长轴15座中顶客车4G64S4N','2016款',13,1,147800,147800);
insert into t_car_model(cm_id , cs_id , cm_name,cm_type ,cm_order , cm_state , cm_min_price , cm_max_price) values(1004431,2523,'2016款 2.4L汽油长轴15座中顶标准型4G69S4N','2016款',14,1,148600,148600);
insert into t_car_model(cm_id , cs_id , cm_name,cm_type ,cm_order , cm_state , cm_min_price , cm_max_price) values(1004425,2523,'2016款 2.4L汽油短轴10座低顶物流车4G64S4N','2016款',15,1,92800,92800);
insert into t_car_model(cm_id , cs_id , cm_name,cm_type ,cm_order , cm_state , cm_min_price , cm_max_price) values(1004424,2523,'2016款 2.4L汽油短轴10座低顶多功能车4G69S4N','2016款',16,1,93600,93600);
insert into t_car_model(cm_id , cs_id , cm_name,cm_type ,cm_order , cm_state , cm_min_price , cm_max_price) values(1004433,2523,'2016款 2.4L汽油短轴6座低顶物流车4G64S4N','2016款',17,1,95000,95000);
insert into t_car_model(cm_id , cs_id , cm_name,cm_type ,cm_order , cm_state , cm_min_price , cm_max_price) values(1004432,2523,'2016款 2.4L汽油短轴6座低顶多功能车4G69S4N','2016款',18,1,95900,95900);
insert into t_car_model(cm_id , cs_id , cm_name,cm_type ,cm_order , cm_state , cm_min_price , cm_max_price) values(1004427,2523,'2016款 2.4L汽油长轴10座中顶物流车4G64S4N','2016款',19,1,118900,118900);
insert into t_car_model(cm_id , cs_id , cm_name,cm_type ,cm_order , cm_state , cm_min_price , cm_max_price) values(1004426,2523,'2016款 2.4L汽油长轴10座中顶多功能车4G69S4N','2016款',20,1,119700,119700);
insert into t_car_model(cm_id , cs_id , cm_name,cm_type ,cm_order , cm_state , cm_min_price , cm_max_price) values(1004429,2523,'2016款 2.4L汽油长轴10座高顶物流车4G64S4N','2016款',21,1,123600,123600);
insert into t_car_model(cm_id , cs_id , cm_name,cm_type ,cm_order , cm_state , cm_min_price , cm_max_price) values(1004428,2523,'2016款 2.4L汽油长轴10座高顶多功能车4G69S4N','2016款',22,1,124500,124500);
insert into t_car_model(cm_id , cs_id , cm_name,cm_type ,cm_order , cm_state , cm_min_price , cm_max_price) values(1004437,2523,'2016款 2.4L汽油长轴6座高顶物流车4G64S4N','2016款',23,1,125700,125700);
insert into t_car_model(cm_id , cs_id , cm_name,cm_type ,cm_order , cm_state , cm_min_price , cm_max_price) values(1004436,2523,'2016款 2.4L汽油长轴6座高顶多功能车4G69S4N','2016款',24,1,126600,126600);
insert into t_car_model(cm_id , cs_id , cm_name,cm_type ,cm_order , cm_state , cm_min_price , cm_max_price) values(1004439,2523,'2016款 2.4L汽油短轴12座低顶4G64S4N','2016款',25,1,132800,132800);
insert into t_car_model(cm_id , cs_id , cm_name,cm_type ,cm_order , cm_state , cm_min_price , cm_max_price) values(1004438,2523,'2016款 2.4L汽油短轴12座低顶标准型4G69S4N','2016款',26,1,133600,133600);
insert into t_car_model(cm_id , cs_id , cm_name,cm_type ,cm_order , cm_state , cm_min_price , cm_max_price) values(1004442,2523,'2016款 2.4L汽油短轴7座低顶4G64S4N','2016款',27,1,135000,135000);
insert into t_car_model(cm_id , cs_id , cm_name,cm_type ,cm_order , cm_state , cm_min_price , cm_max_price) values(1004441,2523,'2016款 2.4L汽油短轴7座中顶4G64S4N','2016款',28,1,140000,140000);
insert into t_car_model(cm_id , cs_id , cm_name,cm_type ,cm_order , cm_state , cm_min_price , cm_max_price) values(1004440,2523,'2016款 2.4L汽油短轴7座中顶标准型4G69S4N','2016款',29,1,140900,140900);
insert into t_car_model(cm_id , cs_id , cm_name,cm_type ,cm_order , cm_state , cm_min_price , cm_max_price) values(1004444,2523,'2016款 2.4L汽油长轴15座高顶4G64S4N','2016款',30,1,154900,154900);
insert into t_car_model(cm_id , cs_id , cm_name,cm_type ,cm_order , cm_state , cm_min_price , cm_max_price) values(1004443,2523,'2016款 2.4L汽油长轴15座高顶标准型4G69S4N','2016款',31,1,155800,155800);
insert into t_car_model(cm_id , cs_id , cm_name,cm_type ,cm_order , cm_state , cm_min_price , cm_max_price) values(1004445,2523,'2016款 2.8T柴油短轴10座低顶多功能车JX493ZLQ4','2016款',32,1,105800,105800);
insert into t_car_model(cm_id , cs_id , cm_name,cm_type ,cm_order , cm_state , cm_min_price , cm_max_price) values(1004447,2523,'2016款 2.8T柴油长轴10座中顶物流车JX493ZLQ4','2016款',33,1,129800,129800);
insert into t_car_model(cm_id , cs_id , cm_name,cm_type ,cm_order , cm_state , cm_min_price , cm_max_price) values(1004446,2523,'2016款 2.8T柴油长轴6座中顶冰白物流车JX493ZLQ4','2016款',34,1,132000,132000);
insert into t_car_model(cm_id , cs_id , cm_name,cm_type ,cm_order , cm_state , cm_min_price , cm_max_price) values(1004448,2523,'2016款 2.8T柴油长轴10座高顶物流车JX493ZLQ4','2016款',35,1,134600,134600);
insert into t_car_model(cm_id , cs_id , cm_name,cm_type ,cm_order , cm_state , cm_min_price , cm_max_price) values(1004451,2523,'2016款 2.8T柴油长轴3座高顶厢式运输车JX493ZLQ4','2016款',36,1,136300,136300);
insert into t_car_model(cm_id , cs_id , cm_name,cm_type ,cm_order , cm_state , cm_min_price , cm_max_price) values(1004452,2523,'2016款 2.8T柴油短轴7座中顶JX493ZLQ4','2016款',37,1,152900,152900);
insert into t_car_model(cm_id , cs_id , cm_name,cm_type ,cm_order , cm_state , cm_min_price , cm_max_price) values(1004455,2523,'2016款 2.8T加长轴17座中顶后单胎JX493ZLQ4','2016款',38,1,170300,170300);
insert into t_car_model(cm_id , cs_id , cm_name,cm_type ,cm_order , cm_state , cm_min_price , cm_max_price) values(1004454,2523,'2016款 2.8T加长轴17座中顶后单胎冰白JX493ZLQ4','2016款',39,1,173300,173300);
insert into t_car_model(cm_id , cs_id , cm_name,cm_type ,cm_order , cm_state , cm_min_price , cm_max_price) values(1004457,2523,'2016款 2.8T加长轴17座高顶后双胎JX493ZLQ4','2016款',40,1,176300,176300);
insert into t_car_model(cm_id , cs_id , cm_name,cm_type ,cm_order , cm_state , cm_min_price , cm_max_price) values(1004456,2523,'2016款 2.8T加长轴17座高顶后双胎冰白JX493ZLQ4','2016款',41,1,179300,179300);
insert into t_car_model(cm_id , cs_id , cm_name,cm_type ,cm_order , cm_state , cm_min_price , cm_max_price) values(1003242,2523,'2015款 2.8T柴油厢式运输车加长轴3座高顶JX493ZLQ4','2015款',1,1,143300,143300);
insert into t_car_model(cm_id , cs_id , cm_name,cm_type ,cm_order , cm_state , cm_min_price , cm_max_price) values(1003240,2523,'2015款 2.8T柴油厢式运输车短轴3座中顶短车JX493ZLQ4','2015款',2,1,111800,111800);
insert into t_car_model(cm_id , cs_id , cm_name,cm_type ,cm_order , cm_state , cm_min_price , cm_max_price) values(1003457,2523,'2015款 2.8T柴油厢式运输车短轴3座中顶长车JX493ZLQ4','2015款',3,1,111800,111800);
insert into t_car_model(cm_id , cs_id , cm_name,cm_type ,cm_order , cm_state , cm_min_price , cm_max_price) values(1003458,2523,'2015款 2.8T柴油厢式运输车长轴3座中顶长车JX493ZLQ4','2015款',4,1,138300,138300);
insert into t_car_model(cm_id , cs_id , cm_name,cm_type ,cm_order , cm_state , cm_min_price , cm_max_price) values(1003243,2523,'2015款 2.8T柴油多功能车短轴6座中顶JX493ZLQ4','2015款',5,1,119900,119900);
insert into t_car_model(cm_id , cs_id , cm_name,cm_type ,cm_order , cm_state , cm_min_price , cm_max_price) values(1003246,2523,'2015款 2.8T短轴12座中顶客车JX493ZLQ4','2015款',6,1,153400,153400);
insert into t_car_model(cm_id , cs_id , cm_name,cm_type ,cm_order , cm_state , cm_min_price , cm_max_price) values(1003241,2523,'2015款 2.8T柴油厢式运输车长轴3座中顶短车JX493ZLQ4','2015款',7,1,138300,138300);
insert into t_car_model(cm_id , cs_id , cm_name,cm_type ,cm_order , cm_state , cm_min_price , cm_max_price) values(1003244,2523,'2015款 2.8T柴油多功能车长轴6座中顶JX493ZLQ4','2015款',8,1,139000,139000);
insert into t_car_model(cm_id , cs_id , cm_name,cm_type ,cm_order , cm_state , cm_min_price , cm_max_price) values(1003248,2523,'2015款 2.8T长轴15座中顶客车JX493ZLQ4','2015款',9,1,161500,161500);
insert into t_car_model(cm_id , cs_id , cm_name,cm_type ,cm_order , cm_state , cm_min_price , cm_max_price) values(1003249,2523,'2015款 2.8T柴油后双胎客车加长轴17座高顶JX493ZLQ4','2015款',10,1,179000,179000);
insert into t_car_model(cm_id , cs_id , cm_name,cm_type ,cm_order , cm_state , cm_min_price , cm_max_price) values(1003250,2523,'2015款 2.4L汽油多功能车短轴6座中顶4G64S4N','2015款',11,1,107000,107000);
insert into t_car_model(cm_id , cs_id , cm_name,cm_type ,cm_order , cm_state , cm_min_price , cm_max_price) values(1003245,2523,'2015款 2.4L短轴12座中顶客车4G64S4N','2015款',12,1,137800,137800);
insert into t_car_model(cm_id , cs_id , cm_name,cm_type ,cm_order , cm_state , cm_min_price , cm_max_price) values(1003251,2523,'2015款 2.4L汽油多功能车长轴6座中顶4G64S4N','2015款',13,1,127900,127900);
insert into t_car_model(cm_id , cs_id , cm_name,cm_type ,cm_order , cm_state , cm_min_price , cm_max_price) values(1003247,2523,'2015款 2.4L长轴15座中顶客车4G64S4N','2015款',14,1,147800,147800);
insert into t_car_model(cm_id , cs_id , cm_name,cm_type ,cm_order , cm_state , cm_min_price , cm_max_price) values(1004435,2523,'2015款 2.4L汽油短轴10座中顶物流车4G64S4N','2015款',15,1,97800,97800);
insert into t_car_model(cm_id , cs_id , cm_name,cm_type ,cm_order , cm_state , cm_min_price , cm_max_price) values(1004434,2523,'2015款 2.4L汽油短轴10座中顶多功能车4G69S4N','2015款',16,1,98600,98600);
insert into t_car_model(cm_id , cs_id , cm_name,cm_type ,cm_order , cm_state , cm_min_price , cm_max_price) values(1002073,2523,'2013款 2.8T柴油厢式运输车短轴中顶JX493ZLQ3A','2013款',1,1,116800,116800);
insert into t_car_model(cm_id , cs_id , cm_name,cm_type ,cm_order , cm_state , cm_min_price , cm_max_price) values(1002074,2523,'2013款 2.8T柴油普通型短轴中顶JX493ZLQ3A','2013款',2,1,119900,119900);
insert into t_car_model(cm_id , cs_id , cm_name,cm_type ,cm_order , cm_state , cm_min_price , cm_max_price) values(1002077,2523,'2013款 2.8T柴油冰白物流车长轴中顶JX493ZLQ3A','2013款',3,1,144000,144000);
insert into t_car_model(cm_id , cs_id , cm_name,cm_type ,cm_order , cm_state , cm_min_price , cm_max_price) values(1002078,2523,'2013款 2.8T柴油后双胎型加长轴中顶JX493ZLQ3A','2013款',4,1,173300,173300);
insert into t_car_model(cm_id , cs_id , cm_name,cm_type ,cm_order , cm_state , cm_min_price , cm_max_price) values(1002080,2523,'2013款 2.8T柴油后单胎型加长轴中顶JX493ZLQ3A','2013款',5,1,167300,167300);
insert into t_car_model(cm_id , cs_id , cm_name,cm_type ,cm_order , cm_state , cm_min_price , cm_max_price) values(1002723,2523,'2013款 2.8T柴油普通型长轴高顶JX493ZLQ3A','2013款',6,1,0,0);
insert into t_car_model(cm_id , cs_id , cm_name,cm_type ,cm_order , cm_state , cm_min_price , cm_max_price) values(1001813,2523,'2013款 2.8T柴油后双胎加长轴中顶JX493ZLQ4','2013款',7,1,0,0);
insert into t_car_model(cm_id , cs_id , cm_name,cm_type ,cm_order , cm_state , cm_min_price , cm_max_price) values(1002714,2523,'2013款 2.8T改款柴油厢式运输车短轴中顶JX493ZLQ4','2013款',8,1,111800,111800);
insert into t_car_model(cm_id , cs_id , cm_name,cm_type ,cm_order , cm_state , cm_min_price , cm_max_price) values(1002720,2523,'2013款 2.8T柴油物流型短轴中顶JX493ZLQ4','2013款',9,1,119900,119900);
insert into t_car_model(cm_id , cs_id , cm_name,cm_type ,cm_order , cm_state , cm_min_price , cm_max_price) values(1002716,2523,'2013款 2.8T改款柴油普通型短轴中顶JX493ZLQ4','2013款',10,1,146900,146900);
insert into t_car_model(cm_id , cs_id , cm_name,cm_type ,cm_order , cm_state , cm_min_price , cm_max_price) values(1002725,2523,'2013款 2.8T改款柴油普通型长轴高顶JX493ZLQ4','2013款',11,1,152800,152800);
insert into t_car_model(cm_id , cs_id , cm_name,cm_type ,cm_order , cm_state , cm_min_price , cm_max_price) values(1002717,2523,'2013款 2.8T改款柴油冰白物流车长轴中顶JX493ZLQ4','2013款',12,1,139000,139000);
insert into t_car_model(cm_id , cs_id , cm_name,cm_type ,cm_order , cm_state , cm_min_price , cm_max_price) values(1002719,2523,'2013款 2.8T改款柴油后单胎型加长轴中顶JX493ZLQ4','2013款',13,1,167300,167300);
insert into t_car_model(cm_id , cs_id , cm_name,cm_type ,cm_order , cm_state , cm_min_price , cm_max_price) values(1002722,2523,'2013款 2.8T改款柴油后双胎型加长轴中顶JX493ZLQ4','2013款',14,1,173300,173300);
insert into t_car_model(cm_id , cs_id , cm_name,cm_type ,cm_order , cm_state , cm_min_price , cm_max_price) values(1001800,2523,'2013款 2.8T柴油厢式运输车短轴中顶JX493ZLQ4','2013款',15,1,119800,129800);
insert into t_car_model(cm_id , cs_id , cm_name,cm_type ,cm_order , cm_state , cm_min_price , cm_max_price) values(1001802,2523,'2013款 2.8T柴油普通型短轴中顶JX493ZLQ4','2013款',16,1,146900,154900);
insert into t_car_model(cm_id , cs_id , cm_name,cm_type ,cm_order , cm_state , cm_min_price , cm_max_price) values(1002386,2523,'2013款 2.8T柴油普通型长轴中顶JX493ZLQ4','2013款',17,1,160900,160900);
insert into t_car_model(cm_id , cs_id , cm_name,cm_type ,cm_order , cm_state , cm_min_price , cm_max_price) values(1002724,2523,'2013款 2.8T柴油普通型长轴高顶JX493ZLQ4','2013款',18,1,160900,160900);
insert into t_car_model(cm_id , cs_id , cm_name,cm_type ,cm_order , cm_state , cm_min_price , cm_max_price) values(1001805,2523,'2013款 2.8T柴油冰白物流车长轴中顶JX493ZLQ4','2013款',19,1,147000,147000);
insert into t_car_model(cm_id , cs_id , cm_name,cm_type ,cm_order , cm_state , cm_min_price , cm_max_price) values(1002079,2523,'2013款 2.8T柴油后双胎型加长轴中顶JX493ZLQ4','2013款',20,1,181300,181300);
insert into t_car_model(cm_id , cs_id , cm_name,cm_type ,cm_order , cm_state , cm_min_price , cm_max_price) values(1002081,2523,'2013款 2.8T柴油后单胎型加长轴中顶JX493ZLQ4','2013款',21,1,175300,175300);
insert into t_car_model(cm_id , cs_id , cm_name,cm_type ,cm_order , cm_state , cm_min_price , cm_max_price) values(1001814,2523,'2013款 2.8T柴油后双胎加长轴高顶JX493ZLQ4','2013款',22,1,181300,181300);
insert into t_car_model(cm_id , cs_id , cm_name,cm_type ,cm_order , cm_state , cm_min_price , cm_max_price) values(1000424,2523,'2009款 2.8T柴油多功能型短轴低顶JX493ZLQ3','2009款',1,1,118500,118500);
insert into t_car_model(cm_id , cs_id , cm_name,cm_type ,cm_order , cm_state , cm_min_price , cm_max_price) values(1000425,2523,'2009款 2.8T柴油多功能型短轴中顶JX493ZLQ3','2009款',2,1,119900,123900);
insert into t_car_model(cm_id , cs_id , cm_name,cm_type ,cm_order , cm_state , cm_min_price , cm_max_price) values(1000410,2523,'2009款 2.4L汽油多功能型短轴低顶4G64S4N','2009款',3,1,112800,115000);
insert into t_car_model(cm_id , cs_id , cm_name,cm_type ,cm_order , cm_state , cm_min_price , cm_max_price) values(1000411,2523,'2009款 2.4L汽油多功能型短轴中顶4G64S4N','2009款',4,1,117800,120000);
insert into t_car_model(cm_id , cs_id , cm_name,cm_type ,cm_order , cm_state , cm_min_price , cm_max_price) values(1000412,2523,'2009款 2.4L汽油标准型短轴低顶4G64S4N','2009款',5,1,137000,137000);
insert into t_car_model(cm_id , cs_id , cm_name,cm_type ,cm_order , cm_state , cm_min_price , cm_max_price) values(1000413,2523,'2009款 2.4L汽油标准型短轴中顶4G64S4N','2009款',6,1,142000,142000);
insert into t_car_model(cm_id , cs_id , cm_name,cm_type ,cm_order , cm_state , cm_min_price , cm_max_price) values(1000414,2523,'2009款 2.4L汽油豪华型短轴低顶4G64S4N','2009款',7,1,157800,157800);
insert into t_car_model(cm_id , cs_id , cm_name,cm_type ,cm_order , cm_state , cm_min_price , cm_max_price) values(1000415,2523,'2009款 2.4L汽油豪华型短轴中顶4G64S4N','2009款',8,1,163800,163800);
insert into t_car_model(cm_id , cs_id , cm_name,cm_type ,cm_order , cm_state , cm_min_price , cm_max_price) values(1000416,2523,'2009款 2.4L汽油多功能型长轴中顶4G64S4N','2009款',9,1,146900,146900);
insert into t_car_model(cm_id , cs_id , cm_name,cm_type ,cm_order , cm_state , cm_min_price , cm_max_price) values(1000417,2523,'2009款 2.4L汽油多功能型长轴高顶4G64S4N','2009款',10,1,146900,146900);
insert into t_car_model(cm_id , cs_id , cm_name,cm_type ,cm_order , cm_state , cm_min_price , cm_max_price) values(1000418,2523,'2009款 2.4L汽油标准型长轴中顶4G64S4N','2009款',11,1,155800,159800);
insert into t_car_model(cm_id , cs_id , cm_name,cm_type ,cm_order , cm_state , cm_min_price , cm_max_price) values(1000419,2523,'2009款 2.4L汽油标准型长轴高顶4G64S4N','2009款',12,1,162900,166900);
insert into t_car_model(cm_id , cs_id , cm_name,cm_type ,cm_order , cm_state , cm_min_price , cm_max_price) values(1000420,2523,'2009款 2.4L汽油豪华型长轴中顶4G64S4N','2009款',13,1,182800,182800);
insert into t_car_model(cm_id , cs_id , cm_name,cm_type ,cm_order , cm_state , cm_min_price , cm_max_price) values(1000421,2523,'2009款 2.4L汽油豪华型长轴高顶4G64S4N','2009款',14,1,162900,162900);
insert into t_car_model(cm_id , cs_id , cm_name,cm_type ,cm_order , cm_state , cm_min_price , cm_max_price) values(1000422,2523,'2009款 2.8T柴油多功能型短轴低顶JX493ZLQ3A','2009款',15,1,119900,119900);
insert into t_car_model(cm_id , cs_id , cm_name,cm_type ,cm_order , cm_state , cm_min_price , cm_max_price) values(1000423,2523,'2009款 2.8T柴油多功能型短轴中顶JX493ZLQ3A','2009款',16,1,119900,122800);
insert into t_car_model(cm_id , cs_id , cm_name,cm_type ,cm_order , cm_state , cm_min_price , cm_max_price) values(1000426,2523,'2009款 2.8T柴油标准型短轴低顶JX493ZLQ3','2009款',17,1,141900,141900);
insert into t_car_model(cm_id , cs_id , cm_name,cm_type ,cm_order , cm_state , cm_min_price , cm_max_price) values(1000427,2523,'2009款 2.8T柴油标准型短轴中顶JX493ZLQ3','2009款',18,1,144800,144800);
insert into t_car_model(cm_id , cs_id , cm_name,cm_type ,cm_order , cm_state , cm_min_price , cm_max_price) values(1000428,2523,'2009款 2.8T柴油豪华型短轴低顶JX493ZLQ3','2009款',19,1,162800,162800);
insert into t_car_model(cm_id , cs_id , cm_name,cm_type ,cm_order , cm_state , cm_min_price , cm_max_price) values(1000429,2523,'2009款 2.8T柴油豪华型短轴中顶JX493ZLQ3','2009款',20,1,167800,167800);
insert into t_car_model(cm_id , cs_id , cm_name,cm_type ,cm_order , cm_state , cm_min_price , cm_max_price) values(1000430,2523,'2009款 2.8T柴油多功能型长轴中顶JX493ZLQ3','2009款',21,1,152600,152600);
insert into t_car_model(cm_id , cs_id , cm_name,cm_type ,cm_order , cm_state , cm_min_price , cm_max_price) values(1000431,2523,'2009款 2.8T柴油多功能型长轴高顶JX493ZLQ3','2009款',22,1,153800,153800);
insert into t_car_model(cm_id , cs_id , cm_name,cm_type ,cm_order , cm_state , cm_min_price , cm_max_price) values(1000432,2523,'2009款 2.8T柴油标准型长轴中顶JX493ZLQ3','2009款',23,1,158800,158800);
insert into t_car_model(cm_id , cs_id , cm_name,cm_type ,cm_order , cm_state , cm_min_price , cm_max_price) values(1000433,2523,'2009款 2.8T柴油标准型长轴高顶JX493ZLQ3','2009款',24,1,165800,165800);
insert into t_car_model(cm_id , cs_id , cm_name,cm_type ,cm_order , cm_state , cm_min_price , cm_max_price) values(1000434,2523,'2009款 2.8T柴油豪华型长轴中顶JX493ZLQ3','2009款',25,1,167800,167800);
insert into t_car_model(cm_id , cs_id , cm_name,cm_type ,cm_order , cm_state , cm_min_price , cm_max_price) values(1000435,2523,'2009款 2.8T柴油豪华型长轴高顶JX493ZLQ3','2009款',26,1,186600,186600);
insert into t_car_model(cm_id , cs_id , cm_name,cm_type ,cm_order , cm_state , cm_min_price , cm_max_price) values(1000436,2523,'2009款 2.8T柴油后单胎加长轴中顶JX493ZLQ3','2009款',27,1,170300,170300);
insert into t_car_model(cm_id , cs_id , cm_name,cm_type ,cm_order , cm_state , cm_min_price , cm_max_price) values(1000437,2523,'2009款 2.8T柴油后单胎加长轴高顶JX493ZLQ3','2009款',28,1,183300,183300);
insert into t_car_model(cm_id , cs_id , cm_name,cm_type ,cm_order , cm_state , cm_min_price , cm_max_price) values(1000438,2523,'2009款 2.8T柴油后双胎加长轴中顶JX493ZLQ3','2009款',29,1,176300,176300);
insert into t_car_model(cm_id , cs_id , cm_name,cm_type ,cm_order , cm_state , cm_min_price , cm_max_price) values(1000439,2523,'2009款 2.8T柴油后双胎加长轴高顶JX493ZLQ3','2009款',30,1,183300,183300);
insert into t_car_brand_factory(cbf_id , cb_id , cbf_name ,cbf_letter) values(61,8,'福特(进口)','F');
insert into t_car_series(cs_id,cbf_id,cs_name,cs_order,cs_letter) values(102,61,'Mustang',1915,'M');
insert into t_car_model(cm_id , cs_id , cm_name,cm_type ,cm_order , cm_state , cm_min_price , cm_max_price) values(51896,102,'2021款 2.3L EcoBoost','2021款',1,1,369800,369800);
insert into t_car_model(cm_id , cs_id , cm_name,cm_type ,cm_order , cm_state , cm_min_price , cm_max_price) values(51897,102,'2021款 2.3L EcoBoost 黑曜魅影特别版','2021款',2,1,390600,390600);
insert into t_car_model(cm_id , cs_id , cm_name,cm_type ,cm_order , cm_state , cm_min_price , cm_max_price) values(51898,102,'2021款 2.3L EcoBoost 驰影性能进阶版','2021款',3,1,394800,394800);
insert into t_car_model(cm_id , cs_id , cm_name,cm_type ,cm_order , cm_state , cm_min_price , cm_max_price) values(51899,102,'2021款 2.3L EcoBoost 掠光复刻限量版','2021款',4,1,401800,401800);
insert into t_car_model(cm_id , cs_id , cm_name,cm_type ,cm_order , cm_state , cm_min_price , cm_max_price) values(43578,102,'2020款 2.3L EcoBoost','2020款',1,1,369800,369800);
insert into t_car_model(cm_id , cs_id , cm_name,cm_type ,cm_order , cm_state , cm_min_price , cm_max_price) values(43010,102,'2020款 2.3L EcoBoost 黑曜魅影特别版','2020款',2,1,390600,390600);
insert into t_car_model(cm_id , cs_id , cm_name,cm_type ,cm_order , cm_state , cm_min_price , cm_max_price) values(43579,102,'2020款 2.3L EcoBoost 驰影性能进阶版','2020款',3,1,394800,394800);
insert into t_car_model(cm_id , cs_id , cm_name,cm_type ,cm_order , cm_state , cm_min_price , cm_max_price) values(37754,102,'2019款 2.3L EcoBoost','2019款',1,1,369800,369800);
insert into t_car_model(cm_id , cs_id , cm_name,cm_type ,cm_order , cm_state , cm_min_price , cm_max_price) values(37755,102,'2019款 5.0L V8 GT','2019款',2,1,576800,576800);
insert into t_car_model(cm_id , cs_id , cm_name,cm_type ,cm_order , cm_state , cm_min_price , cm_max_price) values(43502,102,'2019款 2.3L EcoBoost 暗夜骑士运动版','2019款',3,1,385600,385600);
insert into t_car_model(cm_id , cs_id , cm_name,cm_type ,cm_order , cm_state , cm_min_price , cm_max_price) values(43501,102,'2019款 2.3L EcoBoost 性能加强版','2019款',4,1,395800,395800);
insert into t_car_model(cm_id , cs_id , cm_name,cm_type ,cm_order , cm_state , cm_min_price , cm_max_price) values(34717,102,'2018款 5.0L V8 GT','2018款',1,1,591800,591800);
insert into t_car_model(cm_id , cs_id , cm_name,cm_type ,cm_order , cm_state , cm_min_price , cm_max_price) values(34716,102,'2018款 2.3L EcoBoost','2018款',2,1,403800,403800);
insert into t_car_model(cm_id , cs_id , cm_name,cm_type ,cm_order , cm_state , cm_min_price , cm_max_price) values(27364,102,'2017款 2.3T 运动版','2017款',1,1,405800,405800);
insert into t_car_model(cm_id , cs_id , cm_name,cm_type ,cm_order , cm_state , cm_min_price , cm_max_price) values(27363,102,'2017款 2.3T 性能版','2017款',2,1,396800,396800);
insert into t_car_model(cm_id , cs_id , cm_name,cm_type ,cm_order , cm_state , cm_min_price , cm_max_price) values(28842,102,'2017款 5.0L GT 运动版','2017款',3,1,705000,705000);
insert into t_car_model(cm_id , cs_id , cm_name,cm_type ,cm_order , cm_state , cm_min_price , cm_max_price) values(28841,102,'2017款 5.0L GT 性能版','2017款',4,1,693000,693000);
insert into t_car_model(cm_id , cs_id , cm_name,cm_type ,cm_order , cm_state , cm_min_price , cm_max_price) values(24480,102,'2016款 5.0L GT 运动版','2016款',1,1,764000,764000);
insert into t_car_model(cm_id , cs_id , cm_name,cm_type ,cm_order , cm_state , cm_min_price , cm_max_price) values(24479,102,'2016款 5.0L GT 性能版','2016款',2,1,758000,758000);
insert into t_car_model(cm_id , cs_id , cm_name,cm_type ,cm_order , cm_state , cm_min_price , cm_max_price) values(24478,102,'2016款 2.3T 运动版','2016款',3,1,405800,405800);
insert into t_car_model(cm_id , cs_id , cm_name,cm_type ,cm_order , cm_state , cm_min_price , cm_max_price) values(24477,102,'2016款 2.3T 性能版','2016款',4,1,399800,399800);
insert into t_car_model(cm_id , cs_id , cm_name,cm_type ,cm_order , cm_state , cm_min_price , cm_max_price) values(21031,102,'2015款 5.0L GT 运动版','2015款',1,1,764000,764000);
insert into t_car_model(cm_id , cs_id , cm_name,cm_type ,cm_order , cm_state , cm_min_price , cm_max_price) values(20392,102,'2015款 5.0L GT 性能版','2015款',2,1,758000,758000);
insert into t_car_model(cm_id , cs_id , cm_name,cm_type ,cm_order , cm_state , cm_min_price , cm_max_price) values(18864,102,'2015款 2.3T 50周年纪念版','2015款',3,1,429800,429800);
insert into t_car_model(cm_id , cs_id , cm_name,cm_type ,cm_order , cm_state , cm_min_price , cm_max_price) values(21030,102,'2015款 2.3T 运动版','2015款',4,1,405800,405800);
insert into t_car_model(cm_id , cs_id , cm_name,cm_type ,cm_order , cm_state , cm_min_price , cm_max_price) values(19021,102,'2015款 2.3T 性能版','2015款',5,1,399800,399800);
insert into t_car_model(cm_id , cs_id , cm_name,cm_type ,cm_order , cm_state , cm_min_price , cm_max_price) values(14929,102,'2013款 3.7L 手动标准型','2013款',1,1,488000,488000);
insert into t_car_model(cm_id , cs_id , cm_name,cm_type ,cm_order , cm_state , cm_min_price , cm_max_price) values(12349,102,'2013款 3.7L 自动标准型','2013款',2,1,508000,508000);
insert into t_car_model(cm_id , cs_id , cm_name,cm_type ,cm_order , cm_state , cm_min_price , cm_max_price) values(14949,102,'2013款 5.0L GT手动标准型','2013款',3,1,788000,788000);
insert into t_car_model(cm_id , cs_id , cm_name,cm_type ,cm_order , cm_state , cm_min_price , cm_max_price) values(14609,102,'2013款 5.0L GT自动标准型','2013款',4,1,808000,808000);
insert into t_car_model(cm_id , cs_id , cm_name,cm_type ,cm_order , cm_state , cm_min_price , cm_max_price) values(11302,102,'2013款 Boss 302','2013款',5,1,1168000,1168000);
insert into t_car_model(cm_id , cs_id , cm_name,cm_type ,cm_order , cm_state , cm_min_price , cm_max_price) values(11300,102,'2013款 GT500','2013款',6,1,1298000,1298000);
insert into t_car_model(cm_id , cs_id , cm_name,cm_type ,cm_order , cm_state , cm_min_price , cm_max_price) values(11576,102,'2012款 3.7L V6自动豪华型','2012款',1,1,698000,698000);
insert into t_car_model(cm_id , cs_id , cm_name,cm_type ,cm_order , cm_state , cm_min_price , cm_max_price) values(11574,102,'2012款 3.7L V6手动标准型','2012款',2,1,568000,568000);
insert into t_car_model(cm_id , cs_id , cm_name,cm_type ,cm_order , cm_state , cm_min_price , cm_max_price) values(11575,102,'2012款 3.7L V6自动标准型','2012款',3,1,588000,588000);
insert into t_car_model(cm_id , cs_id , cm_name,cm_type ,cm_order , cm_state , cm_min_price , cm_max_price) values(6605,102,'2012款 3.7L V6手动豪华型','2012款',4,1,678000,678000);
insert into t_car_model(cm_id , cs_id , cm_name,cm_type ,cm_order , cm_state , cm_min_price , cm_max_price) values(11572,102,'2012款 5.0L GT手动标准型','2012款',5,1,848000,848000);
insert into t_car_model(cm_id , cs_id , cm_name,cm_type ,cm_order , cm_state , cm_min_price , cm_max_price) values(11573,102,'2012款 5.0L GT自动标准型','2012款',6,1,868000,868000);
insert into t_car_model(cm_id , cs_id , cm_name,cm_type ,cm_order , cm_state , cm_min_price , cm_max_price) values(11571,102,'2012款 5.0L GT手动豪华型','2012款',7,1,978000,978000);
insert into t_car_model(cm_id , cs_id , cm_name,cm_type ,cm_order , cm_state , cm_min_price , cm_max_price) values(6920,102,'2012款 5.0L GT自动豪华型','2012款',8,1,998000,998000);
insert into t_car_model(cm_id , cs_id , cm_name,cm_type ,cm_order , cm_state , cm_min_price , cm_max_price) values(8295,102,'2012款 Boss 302 手动标准型','2012款',9,1,1098000,1098000);
insert into t_car_model(cm_id , cs_id , cm_name,cm_type ,cm_order , cm_state , cm_min_price , cm_max_price) values(8296,102,'2012款 Boss 302 手动赛道版','2012款',10,1,1288000,1288000);
insert into t_car_model(cm_id , cs_id , cm_name,cm_type ,cm_order , cm_state , cm_min_price , cm_max_price) values(11570,102,'2012款 GT500 手动标准型','2012款',11,1,1188000,1188000);
insert into t_car_model(cm_id , cs_id , cm_name,cm_type ,cm_order , cm_state , cm_min_price , cm_max_price) values(7134,102,'2012款 GT500 手动豪华型','2012款',12,1,1388000,1388000);
insert into t_car_series(cs_id,cbf_id,cs_name,cs_order,cs_letter) values(2353,61,'福特F-150',1916,'F');
insert into t_car_model(cm_id , cs_id , cm_name,cm_type ,cm_order , cm_state , cm_min_price , cm_max_price) values(38906,2353,'2019款 3.5T LTD','2019款',1,1,572800,572800);
insert into t_car_model(cm_id , cs_id , cm_name,cm_type ,cm_order , cm_state , cm_min_price , cm_max_price) values(39368,2353,'2019款 3.5T 猛禽性能版','2019款',2,1,523800,523800);
insert into t_car_model(cm_id , cs_id , cm_name,cm_type ,cm_order , cm_state , cm_min_price , cm_max_price) values(39369,2353,'2019款 3.5T 猛禽性能劲化版','2019款',3,1,572800,572800);
insert into t_car_model(cm_id , cs_id , cm_name,cm_type ,cm_order , cm_state , cm_min_price , cm_max_price) values(39370,2353,'2019款 3.5T 猛禽极地蓝光限量版','2019款',4,1,612800,612800);
insert into t_car_model(cm_id , cs_id , cm_name,cm_type ,cm_order , cm_state , cm_min_price , cm_max_price) values(33798,2353,'2018款 3.5T 猛禽性能版','2018款',1,1,510800,510800);
insert into t_car_model(cm_id , cs_id , cm_name,cm_type ,cm_order , cm_state , cm_min_price , cm_max_price) values(33799,2353,'2018款 3.5T 猛禽性能劲化版','2018款',2,1,558800,558800);
insert into t_car_model(cm_id , cs_id , cm_name,cm_type ,cm_order , cm_state , cm_min_price , cm_max_price) values(28924,2353,'2017款 3.5T 猛禽性能劲化版','2017款',1,1,681800,681800);
insert into t_car_model(cm_id , cs_id , cm_name,cm_type ,cm_order , cm_state , cm_min_price , cm_max_price) values(30071,2353,'2017款 3.5T 猛禽性能版','2017款',2,1,621800,621800);
insert into t_car_model(cm_id , cs_id , cm_name,cm_type ,cm_order , cm_state , cm_min_price , cm_max_price) values(15558,2353,'2014款 6.2L 美版','2014款',1,1,570000,570000);
insert into t_car_model(cm_id , cs_id , cm_name,cm_type ,cm_order , cm_state , cm_min_price , cm_max_price) values(21314,2353,'2014款 6.2L 墨西哥豪华版','2014款',2,1,500000,500000);
insert into t_car_model(cm_id , cs_id , cm_name,cm_type ,cm_order , cm_state , cm_min_price , cm_max_price) values(11037,2353,'2011款 6.2L SVT Raptor SuperCab','2011款',1,1,658000,658000);
insert into t_car_model(cm_id , cs_id , cm_name,cm_type ,cm_order , cm_state , cm_min_price , cm_max_price) values(10378,2353,'2011款 6.2L SVT Raptor SuperCrew','2011款',2,1,728000,728000);
insert into t_car_model(cm_id , cs_id , cm_name,cm_type ,cm_order , cm_state , cm_min_price , cm_max_price) values(10084,2353,'2011款 6.2L Harley-Davidson','2011款',3,1,828000,828000);
insert into t_car_series(cs_id,cbf_id,cs_name,cs_order,cs_letter) values(713,61,'嘉年华(进口)',1919,'J');
insert into t_car_model(cm_id , cs_id , cm_name,cm_type ,cm_order , cm_state , cm_min_price , cm_max_price) values(10872,713,'2013款 1.6T ST','2013款',1,1,185900,185900);
insert into t_car_series(cs_id,cbf_id,cs_name,cs_order,cs_letter) values(704,61,'福克斯(进口)',1920,'F');
insert into t_car_model(cm_id , cs_id , cm_name,cm_type ,cm_order , cm_state , cm_min_price , cm_max_price) values(37838,704,'2019款 ST 欧洲版','2019款',1,1,0,0);
insert into t_car_model(cm_id , cs_id , cm_name,cm_type ,cm_order , cm_state , cm_min_price , cm_max_price) values(34683,704,'2018款 2.0T ST 标准版','2018款',1,1,242800,242800);
insert into t_car_model(cm_id , cs_id , cm_name,cm_type ,cm_order , cm_state , cm_min_price , cm_max_price) values(34684,704,'2018款 2.0T ST 热血橙版','2018款',2,1,245800,245800);
insert into t_car_model(cm_id , cs_id , cm_name,cm_type ,cm_order , cm_state , cm_min_price , cm_max_price) values(34685,704,'2018款 2.3T RS 运动版','2018款',3,1,358800,358800);
insert into t_car_model(cm_id , cs_id , cm_name,cm_type ,cm_order , cm_state , cm_min_price , cm_max_price) values(34686,704,'2018款 2.3T RS 赛道版','2018款',4,1,378800,378800);
insert into t_car_model(cm_id , cs_id , cm_name,cm_type ,cm_order , cm_state , cm_min_price , cm_max_price) values(21624,704,'2016款 2.3T RS 运动版','2016款',1,1,391800,391800);
insert into t_car_model(cm_id , cs_id , cm_name,cm_type ,cm_order , cm_state , cm_min_price , cm_max_price) values(26467,704,'2016款 2.3T RS 赛道版','2016款',2,1,401800,401800);
insert into t_car_model(cm_id , cs_id , cm_name,cm_type ,cm_order , cm_state , cm_min_price , cm_max_price) values(23730,704,'2015款 2.0T ST 标准版','2015款',1,1,259800,259800);
insert into t_car_model(cm_id , cs_id , cm_name,cm_type ,cm_order , cm_state , cm_min_price , cm_max_price) values(23731,704,'2015款 2.0T ST 橙色版','2015款',2,1,265800,265800);
insert into t_car_model(cm_id , cs_id , cm_name,cm_type ,cm_order , cm_state , cm_min_price , cm_max_price) values(15123,704,'2013款 2.0T ST 标准版','2013款',1,1,259800,259800);
insert into t_car_model(cm_id , cs_id , cm_name,cm_type ,cm_order , cm_state , cm_min_price , cm_max_price) values(8516,704,'2013款 2.0T ST 橙色版','2013款',2,1,265800,265800);
insert into t_car_series(cs_id,cbf_id,cs_name,cs_order,cs_letter) values(97,61,'锐际(进口)',1927,'R');
insert into t_car_model(cm_id , cs_id , cm_name,cm_type ,cm_order , cm_state , cm_min_price , cm_max_price) values(1281,97,'2005款 3.0 AT','2005款',1,1,278000,278000);
insert into t_car_model(cm_id , cs_id , cm_name,cm_type ,cm_order , cm_state , cm_min_price , cm_max_price) values(572,97,'2004款 3.0 AT','2004款',1,1,395000,395000);
insert into t_car_series(cs_id,cbf_id,cs_name,cs_order,cs_letter) values(684,61,'锐界(进口)',1932,'R');
insert into t_car_model(cm_id , cs_id , cm_name,cm_type ,cm_order , cm_state , cm_min_price , cm_max_price) values(13113,684,'2012款 2.0T 精锐型','2012款',1,1,292800,292800);
insert into t_car_model(cm_id , cs_id , cm_name,cm_type ,cm_order , cm_state , cm_min_price , cm_max_price) values(13114,684,'2012款 2.0T 精锐天窗版','2012款',2,1,316800,316800);
insert into t_car_model(cm_id , cs_id , cm_name,cm_type ,cm_order , cm_state , cm_min_price , cm_max_price) values(10754,684,'2012款 2.0T 尊锐型','2012款',3,1,356800,356800);
insert into t_car_model(cm_id , cs_id , cm_name,cm_type ,cm_order , cm_state , cm_min_price , cm_max_price) values(11833,684,'2012款 3.5L 精锐型','2012款',4,1,369800,369800);
insert into t_car_model(cm_id , cs_id , cm_name,cm_type ,cm_order , cm_state , cm_min_price , cm_max_price) values(11834,684,'2012款 3.5L 精锐天窗版','2012款',5,1,389800,389800);
insert into t_car_model(cm_id , cs_id , cm_name,cm_type ,cm_order , cm_state , cm_min_price , cm_max_price) values(11835,684,'2012款 3.5L 尊锐型','2012款',6,1,429800,429800);
insert into t_car_model(cm_id , cs_id , cm_name,cm_type ,cm_order , cm_state , cm_min_price , cm_max_price) values(9066,684,'2011款 3.5L 精锐型','2011款',1,1,369800,369800);
insert into t_car_model(cm_id , cs_id , cm_name,cm_type ,cm_order , cm_state , cm_min_price , cm_max_price) values(9071,684,'2011款 3.5L 精锐天窗版','2011款',2,1,389800,389800);
insert into t_car_model(cm_id , cs_id , cm_name,cm_type ,cm_order , cm_state , cm_min_price , cm_max_price) values(7118,684,'2011款 3.5L 尊锐型','2011款',3,1,429800,429800);
insert into t_car_model(cm_id , cs_id , cm_name,cm_type ,cm_order , cm_state , cm_min_price , cm_max_price) values(4567,684,'2009款 3.5 V6','2009款',1,1,538000,538000);
insert into t_car_series(cs_id,cbf_id,cs_name,cs_order,cs_letter) values(2024,61,'探险者(进口)',1933,'T');
insert into t_car_model(cm_id , cs_id , cm_name,cm_type ,cm_order , cm_state , cm_min_price , cm_max_price) values(35314,2024,'2018款 2.3T 风尚版','2018款',1,1,412800,412800);
insert into t_car_model(cm_id , cs_id , cm_name,cm_type ,cm_order , cm_state , cm_min_price , cm_max_price) values(39107,2024,'2018款 2.3T 风尚运动版','2018款',2,1,427800,427800);
insert into t_car_model(cm_id , cs_id , cm_name,cm_type ,cm_order , cm_state , cm_min_price , cm_max_price) values(35315,2024,'2018款 2.3T 精英版','2018款',3,1,459800,459800);
insert into t_car_model(cm_id , cs_id , cm_name,cm_type ,cm_order , cm_state , cm_min_price , cm_max_price) values(35319,2024,'2018款 3.5T 精英版','2018款',4,1,531800,531800);
insert into t_car_model(cm_id , cs_id , cm_name,cm_type ,cm_order , cm_state , cm_min_price , cm_max_price) values(35318,2024,'2018款 3.5T 运动版','2018款',5,1,551800,551800);
insert into t_car_model(cm_id , cs_id , cm_name,cm_type ,cm_order , cm_state , cm_min_price , cm_max_price) values(35317,2024,'2018款 3.5T 铂金版','2018款',6,1,591800,591800);
insert into t_car_model(cm_id , cs_id , cm_name,cm_type ,cm_order , cm_state , cm_min_price , cm_max_price) values(28117,2024,'2017款 2.3T 风尚版','2017款',1,1,422800,422800);
insert into t_car_model(cm_id , cs_id , cm_name,cm_type ,cm_order , cm_state , cm_min_price , cm_max_price) values(28118,2024,'2017款 2.3T 精英版','2017款',2,1,469800,469800);
insert into t_car_model(cm_id , cs_id , cm_name,cm_type ,cm_order , cm_state , cm_min_price , cm_max_price) values(28119,2024,'2017款 3.5T 精英版','2017款',3,1,546800,546800);
insert into t_car_model(cm_id , cs_id , cm_name,cm_type ,cm_order , cm_state , cm_min_price , cm_max_price) values(28120,2024,'2017款 3.5T 运动版','2017款',4,1,566800,566800);
insert into t_car_model(cm_id , cs_id , cm_name,cm_type ,cm_order , cm_state , cm_min_price , cm_max_price) values(28121,2024,'2017款 3.5T 铂金版','2017款',5,1,606800,606800);
insert into t_car_model(cm_id , cs_id , cm_name,cm_type ,cm_order , cm_state , cm_min_price , cm_max_price) values(23500,2024,'2016款 2.3T 风尚版','2016款',1,1,449800,449800);
insert into t_car_model(cm_id , cs_id , cm_name,cm_type ,cm_order , cm_state , cm_min_price , cm_max_price) values(23501,2024,'2016款 2.3T 精英版','2016款',2,1,499800,499800);
insert into t_car_model(cm_id , cs_id , cm_name,cm_type ,cm_order , cm_state , cm_min_price , cm_max_price) values(23502,2024,'2016款 3.5T 精英版','2016款',3,1,579800,579800);
insert into t_car_model(cm_id , cs_id , cm_name,cm_type ,cm_order , cm_state , cm_min_price , cm_max_price) values(23503,2024,'2016款 3.5T 运动版','2016款',4,1,599800,599800);
insert into t_car_model(cm_id , cs_id , cm_name,cm_type ,cm_order , cm_state , cm_min_price , cm_max_price) values(23504,2024,'2016款 3.5T 铂金版','2016款',5,1,639800,639800);
insert into t_car_model(cm_id , cs_id , cm_name,cm_type ,cm_order , cm_state , cm_min_price , cm_max_price) values(15177,2024,'2013款 3.5L 尊尚型','2013款',1,1,449800,449800);
insert into t_car_model(cm_id , cs_id , cm_name,cm_type ,cm_order , cm_state , cm_min_price , cm_max_price) values(15116,2024,'2013款 3.5L 尊享型','2013款',2,1,499800,499800);
insert into t_car_model(cm_id , cs_id , cm_name,cm_type ,cm_order , cm_state , cm_min_price , cm_max_price) values(11577,2024,'2011款 3.5 XLT','2011款',1,1,788000,788000);
insert into t_car_model(cm_id , cs_id , cm_name,cm_type ,cm_order , cm_state , cm_min_price , cm_max_price) values(8201,2024,'2011款 3.5 Limited','2011款',2,1,838000,838000);
insert into t_car_series(cs_id,cbf_id,cs_name,cs_order,cs_letter) values(2025,61,'Expedition',1935,'E');
insert into t_car_model(cm_id , cs_id , cm_name,cm_type ,cm_order , cm_state , cm_min_price , cm_max_price) values(6910,2025,'2012款 5.4L XL','2012款',1,1,820000,820000);
insert into t_car_series(cs_id,cbf_id,cs_name,cs_order,cs_letter) values(378,61,'福特GT',1942,'F');
insert into t_car_model(cm_id , cs_id , cm_name,cm_type ,cm_order , cm_state , cm_min_price , cm_max_price) values(1399,378,'2004款 5.4 Coupe','2004款',1,1,1240000,1240000);
insert into t_car_series(cs_id,cbf_id,cs_name,cs_order,cs_letter) values(2707,61,'Ranger',1945,'R');
insert into t_car_model(cm_id , cs_id , cm_name,cm_type ,cm_order , cm_state , cm_min_price , cm_max_price) values(34385,2707,'2018款 3.2TDCi Wildtrak','2018款',1,1,299800,299800);
insert into t_car_series(cs_id,cbf_id,cs_name,cs_order,cs_letter) values(912,61,'C-MAX',1963,'C');
insert into t_car_model(cm_id , cs_id , cm_name,cm_type ,cm_order , cm_state , cm_min_price , cm_max_price) values(26308,912,'2017款 2.0L Energi','2017款',1,1,0,0);
insert into t_car_series(cs_id,cbf_id,cs_name,cs_order,cs_letter) values(2302,61,'福特E350',1966,'F');
insert into t_car_model(cm_id , cs_id , cm_name,cm_type ,cm_order , cm_state , cm_min_price , cm_max_price) values(14766,2302,'2011款 5.4L 普通游艇版','2011款',1,1,1410000,1410000);
insert into t_car_model(cm_id , cs_id , cm_name,cm_type ,cm_order , cm_state , cm_min_price , cm_max_price) values(12847,2302,'2011款 5.4L 白金版','2011款',2,1,1610000,1610000);
insert into t_car_model(cm_id , cs_id , cm_name,cm_type ,cm_order , cm_state , cm_min_price , cm_max_price) values(12848,2302,'2011款 5.4L 铂金版','2011款',3,1,1780000,1780000);
insert into t_car_model(cm_id , cs_id , cm_name,cm_type ,cm_order , cm_state , cm_min_price , cm_max_price) values(9790,2302,'2011款 5.4L 铂金限量版','2011款',4,1,2180000,2180000);
