insert into t_car_brand_factory(cbf_id , cb_id , cbf_name ,cbf_letter) values(57,62,'东风悦达起亚','D');
insert into t_car_series(cs_id,cbf_id,cs_name,cs_order,cs_letter) values(4387,57,'焕驰',3745,'H');
insert into t_car_model(cm_id , cs_id , cm_name,cm_type ,cm_order , cm_state , cm_min_price , cm_max_price) values(47347,4387,'2020款 改款 1.4L 自动舒适天窗版','2020款',1,1,66900,66900);
insert into t_car_model(cm_id , cs_id , cm_name,cm_type ,cm_order , cm_state , cm_min_price , cm_max_price) values(47348,4387,'2020款 改款 1.4L 自动精英互联版','2020款',2,1,70900,70900);
insert into t_car_model(cm_id , cs_id , cm_name,cm_type ,cm_order , cm_state , cm_min_price , cm_max_price) values(45021,4387,'2020款 1.4L 自动舒适天窗版','2020款',3,1,64900,64900);
insert into t_car_model(cm_id , cs_id , cm_name,cm_type ,cm_order , cm_state , cm_min_price , cm_max_price) values(45023,4387,'2020款 1.4L 自动精英互联版','2020款',4,1,68900,68900);
insert into t_car_model(cm_id , cs_id , cm_name,cm_type ,cm_order , cm_state , cm_min_price , cm_max_price) values(42384,4387,'2019款 1.4L 手动智享版Value 国V','2019款',1,1,54900,54900);
insert into t_car_model(cm_id , cs_id , cm_name,cm_type ,cm_order , cm_state , cm_min_price , cm_max_price) values(42385,4387,'2019款 1.4L 自动智享版Value 国V','2019款',2,1,65900,65900);
insert into t_car_model(cm_id , cs_id , cm_name,cm_type ,cm_order , cm_state , cm_min_price , cm_max_price) values(42388,4387,'2019款 1.4L 手动豪华版Deluxe 国V','2019款',3,1,59900,59900);
insert into t_car_model(cm_id , cs_id , cm_name,cm_type ,cm_order , cm_state , cm_min_price , cm_max_price) values(42391,4387,'2019款 1.4L 自动豪华版Deluxe 国V','2019款',4,1,73900,73900);
insert into t_car_model(cm_id , cs_id , cm_name,cm_type ,cm_order , cm_state , cm_min_price , cm_max_price) values(42378,4387,'2019款 1.4L 手动智享版Value 国VI','2019款',5,1,54900,54900);
insert into t_car_model(cm_id , cs_id , cm_name,cm_type ,cm_order , cm_state , cm_min_price , cm_max_price) values(42379,4387,'2019款 1.4L 自动智享版Value 国VI','2019款',6,1,65900,65900);
insert into t_car_model(cm_id , cs_id , cm_name,cm_type ,cm_order , cm_state , cm_min_price , cm_max_price) values(42380,4387,'2019款 1.4L 手动豪华版Deluxe 国VI','2019款',7,1,59900,59900);
insert into t_car_model(cm_id , cs_id , cm_name,cm_type ,cm_order , cm_state , cm_min_price , cm_max_price) values(42381,4387,'2019款 1.4L 自动豪华版Deluxe 国VI','2019款',8,1,73900,73900);
insert into t_car_model(cm_id , cs_id , cm_name,cm_type ,cm_order , cm_state , cm_min_price , cm_max_price) values(31946,4387,'2017款 1.4L 手动时尚版Smart','2017款',1,1,49900,49900);
insert into t_car_model(cm_id , cs_id , cm_name,cm_type ,cm_order , cm_state , cm_min_price , cm_max_price) values(31947,4387,'2017款 1.4L 手动智享版Value','2017款',2,1,54900,54900);
insert into t_car_model(cm_id , cs_id , cm_name,cm_type ,cm_order , cm_state , cm_min_price , cm_max_price) values(31949,4387,'2017款 1.4L 手动豪华版Deluxe','2017款',3,1,59900,59900);
insert into t_car_model(cm_id , cs_id , cm_name,cm_type ,cm_order , cm_state , cm_min_price , cm_max_price) values(31948,4387,'2017款 1.4L 自动智享版Value','2017款',4,1,65900,65900);
insert into t_car_model(cm_id , cs_id , cm_name,cm_type ,cm_order , cm_state , cm_min_price , cm_max_price) values(30031,4387,'2017款 1.4L 自动豪华版Deluxe','2017款',5,1,73900,73900);
insert into t_car_series(cs_id,cbf_id,cs_name,cs_order,cs_letter) values(813,57,'福瑞迪',3746,'F');
insert into t_car_model(cm_id , cs_id , cm_name,cm_type ,cm_order , cm_state , cm_min_price , cm_max_price) values(38645,813,'2019款 1.6L 手动舒适版 国VI','2019款',1,1,80800,80800);
insert into t_car_model(cm_id , cs_id , cm_name,cm_type ,cm_order , cm_state , cm_min_price , cm_max_price) values(38646,813,'2019款 1.6L 自动风尚版 国VI','2019款',2,1,86800,86800);
insert into t_car_model(cm_id , cs_id , cm_name,cm_type ,cm_order , cm_state , cm_min_price , cm_max_price) values(38647,813,'2019款 1.6L 手动智享天窗版 国VI','2019款',3,1,92800,92800);
insert into t_car_model(cm_id , cs_id , cm_name,cm_type ,cm_order , cm_state , cm_min_price , cm_max_price) values(38648,813,'2019款 1.6L 自动智享互联版 国VI','2019款',4,1,104800,104800);
insert into t_car_model(cm_id , cs_id , cm_name,cm_type ,cm_order , cm_state , cm_min_price , cm_max_price) values(38641,813,'2019款 1.6L 手动舒适版 国V','2019款',5,1,78800,78800);
insert into t_car_model(cm_id , cs_id , cm_name,cm_type ,cm_order , cm_state , cm_min_price , cm_max_price) values(38642,813,'2019款 1.6L 自动风尚版 国V','2019款',6,1,84800,84800);
insert into t_car_model(cm_id , cs_id , cm_name,cm_type ,cm_order , cm_state , cm_min_price , cm_max_price) values(38643,813,'2019款 1.6L 手动智享天窗版 国V','2019款',7,1,90800,90800);
insert into t_car_model(cm_id , cs_id , cm_name,cm_type ,cm_order , cm_state , cm_min_price , cm_max_price) values(38644,813,'2019款 1.6L 自动智享互联版 国V','2019款',8,1,102800,102800);
insert into t_car_model(cm_id , cs_id , cm_name,cm_type ,cm_order , cm_state , cm_min_price , cm_max_price) values(32534,813,'2018款 1.6L 手动舒适版Smart','2018款',1,1,78800,78800);
insert into t_car_model(cm_id , cs_id , cm_name,cm_type ,cm_order , cm_state , cm_min_price , cm_max_price) values(32535,813,'2018款 1.6L 手动智享天窗版Value','2018款',2,1,90800,90800);
insert into t_car_model(cm_id , cs_id , cm_name,cm_type ,cm_order , cm_state , cm_min_price , cm_max_price) values(34755,813,'2018款 1.6L 自动Smart','2018款',3,1,90800,90800);
insert into t_car_model(cm_id , cs_id , cm_name,cm_type ,cm_order , cm_state , cm_min_price , cm_max_price) values(32536,813,'2018款 1.6L 自动智享互联版Value-Connect','2018款',4,1,102800,102800);
insert into t_car_model(cm_id , cs_id , cm_name,cm_type ,cm_order , cm_state , cm_min_price , cm_max_price) values(31562,813,'2018款 1.6L 自动智享豪华版Value-Comfort','2018款',5,1,109800,109800);
insert into t_car_model(cm_id , cs_id , cm_name,cm_type ,cm_order , cm_state , cm_min_price , cm_max_price) values(25402,813,'2016款 1.6L MT GL','2016款',1,1,98800,98800);
insert into t_car_model(cm_id , cs_id , cm_name,cm_type ,cm_order , cm_state , cm_min_price , cm_max_price) values(25403,813,'2016款 1.6L AT GL','2016款',2,1,108800,108800);
insert into t_car_model(cm_id , cs_id , cm_name,cm_type ,cm_order , cm_state , cm_min_price , cm_max_price) values(25410,813,'2016款 1.6L MT GLS','2016款',3,1,109800,109800);
insert into t_car_model(cm_id , cs_id , cm_name,cm_type ,cm_order , cm_state , cm_min_price , cm_max_price) values(25411,813,'2016款 1.6L AT GLS','2016款',4,1,119800,119800);
insert into t_car_model(cm_id , cs_id , cm_name,cm_type ,cm_order , cm_state , cm_min_price , cm_max_price) values(17447,813,'2014款 1.6L MT GL','2014款',1,1,98800,98800);
insert into t_car_model(cm_id , cs_id , cm_name,cm_type ,cm_order , cm_state , cm_min_price , cm_max_price) values(17448,813,'2014款 1.6L AT GL','2014款',2,1,108800,108800);
insert into t_car_model(cm_id , cs_id , cm_name,cm_type ,cm_order , cm_state , cm_min_price , cm_max_price) values(17449,813,'2014款 1.6L MT GLS','2014款',3,1,109800,109800);
insert into t_car_model(cm_id , cs_id , cm_name,cm_type ,cm_order , cm_state , cm_min_price , cm_max_price) values(17450,813,'2014款 1.6L AT GLS','2014款',4,1,119800,119800);
insert into t_car_model(cm_id , cs_id , cm_name,cm_type ,cm_order , cm_state , cm_min_price , cm_max_price) values(17451,813,'2014款 1.6L AT Premium','2014款',5,1,124800,124800);
insert into t_car_model(cm_id , cs_id , cm_name,cm_type ,cm_order , cm_state , cm_min_price , cm_max_price) values(17452,813,'2014款 1.6L MT Premium Special','2014款',6,1,124800,124800);
insert into t_car_model(cm_id , cs_id , cm_name,cm_type ,cm_order , cm_state , cm_min_price , cm_max_price) values(17453,813,'2014款 1.6L AT Premium Special','2014款',7,1,134800,134800);
insert into t_car_model(cm_id , cs_id , cm_name,cm_type ,cm_order , cm_state , cm_min_price , cm_max_price) values(13069,813,'2012款 1.6L MT GL 纪念版','2012款',1,1,98800,98800);
insert into t_car_model(cm_id , cs_id , cm_name,cm_type ,cm_order , cm_state , cm_min_price , cm_max_price) values(13070,813,'2012款 1.6L AT GL 纪念版','2012款',2,1,108800,108800);
insert into t_car_model(cm_id , cs_id , cm_name,cm_type ,cm_order , cm_state , cm_min_price , cm_max_price) values(13071,813,'2012款 1.6L MT GLS 纪念版','2012款',3,1,109800,109800);
insert into t_car_model(cm_id , cs_id , cm_name,cm_type ,cm_order , cm_state , cm_min_price , cm_max_price) values(13072,813,'2012款 1.6L AT GLS 纪念版','2012款',4,1,119800,119800);
insert into t_car_model(cm_id , cs_id , cm_name,cm_type ,cm_order , cm_state , cm_min_price , cm_max_price) values(13073,813,'2012款 1.6L AT Premium 纪念版','2012款',5,1,122800,122800);
insert into t_car_model(cm_id , cs_id , cm_name,cm_type ,cm_order , cm_state , cm_min_price , cm_max_price) values(8741,813,'2011款 1.6L MT GL','2011款',1,1,98800,98800);
insert into t_car_model(cm_id , cs_id , cm_name,cm_type ,cm_order , cm_state , cm_min_price , cm_max_price) values(8742,813,'2011款 1.6L AT GL','2011款',2,1,108800,108800);
insert into t_car_model(cm_id , cs_id , cm_name,cm_type ,cm_order , cm_state , cm_min_price , cm_max_price) values(8743,813,'2011款 1.6L MT GLS','2011款',3,1,109800,109800);
insert into t_car_model(cm_id , cs_id , cm_name,cm_type ,cm_order , cm_state , cm_min_price , cm_max_price) values(8744,813,'2011款 1.6L AT GLS','2011款',4,1,119800,119800);
insert into t_car_model(cm_id , cs_id , cm_name,cm_type ,cm_order , cm_state , cm_min_price , cm_max_price) values(8745,813,'2011款 1.6L AT Premium','2011款',5,1,122800,122800);
insert into t_car_model(cm_id , cs_id , cm_name,cm_type ,cm_order , cm_state , cm_min_price , cm_max_price) values(8746,813,'2011款 2.0L AT TOP','2011款',6,1,139800,139800);
insert into t_car_model(cm_id , cs_id , cm_name,cm_type ,cm_order , cm_state , cm_min_price , cm_max_price) values(5523,813,'2009款 1.6L MT GL','2009款',1,1,98800,98800);
insert into t_car_model(cm_id , cs_id , cm_name,cm_type ,cm_order , cm_state , cm_min_price , cm_max_price) values(5524,813,'2009款 1.6L AT GL','2009款',2,1,108800,108800);
insert into t_car_model(cm_id , cs_id , cm_name,cm_type ,cm_order , cm_state , cm_min_price , cm_max_price) values(5303,813,'2009款 1.6L MT GLS','2009款',3,1,109800,109800);
insert into t_car_model(cm_id , cs_id , cm_name,cm_type ,cm_order , cm_state , cm_min_price , cm_max_price) values(5522,813,'2009款 1.6L AT GLS','2009款',4,1,119800,119800);
insert into t_car_model(cm_id , cs_id , cm_name,cm_type ,cm_order , cm_state , cm_min_price , cm_max_price) values(5526,813,'2009款 1.6L AT Premium','2009款',5,1,122800,122800);
insert into t_car_model(cm_id , cs_id , cm_name,cm_type ,cm_order , cm_state , cm_min_price , cm_max_price) values(5525,813,'2009款 2.0L AT TOP','2009款',6,1,139800,139800);
insert into t_car_series(cs_id,cbf_id,cs_name,cs_order,cs_letter) values(2886,57,'起亚K3',3747,'Q');
insert into t_car_model(cm_id , cs_id , cm_name,cm_type ,cm_order , cm_state , cm_min_price , cm_max_price) values(51806,2886,'2021款 改款 1.5L CVT青春版','2021款',1,1,109800,109800);
insert into t_car_model(cm_id , cs_id , cm_name,cm_type ,cm_order , cm_state , cm_min_price , cm_max_price) values(51807,2886,'2021款 改款 1.5L CVT时尚版','2021款',2,1,114800,114800);
insert into t_car_model(cm_id , cs_id , cm_name,cm_type ,cm_order , cm_state , cm_min_price , cm_max_price) values(51808,2886,'2021款 1.5L CVT焕新版','2021款',3,1,119800,119800);
insert into t_car_model(cm_id , cs_id , cm_name,cm_type ,cm_order , cm_state , cm_min_price , cm_max_price) values(51809,2886,'2021款 1.4T DCT GT-Line奋斗互联版','2021款',4,1,122800,122800);
insert into t_car_model(cm_id , cs_id , cm_name,cm_type ,cm_order , cm_state , cm_min_price , cm_max_price) values(51810,2886,'2021款 改款 1.4T DCT GT-Line智驾运动版','2021款',5,1,131800,131800);
insert into t_car_model(cm_id , cs_id , cm_name,cm_type ,cm_order , cm_state , cm_min_price , cm_max_price) values(49455,2886,'2021款 1.5L CVT青春版','2021款',6,1,109800,109800);
insert into t_car_model(cm_id , cs_id , cm_name,cm_type ,cm_order , cm_state , cm_min_price , cm_max_price) values(49456,2886,'2021款 1.5L CVT时尚版','2021款',7,1,114800,114800);
insert into t_car_model(cm_id , cs_id , cm_name,cm_type ,cm_order , cm_state , cm_min_price , cm_max_price) values(49457,2886,'2021款 1.5L CVT豪华版','2021款',8,1,119800,119800);
insert into t_car_model(cm_id , cs_id , cm_name,cm_type ,cm_order , cm_state , cm_min_price , cm_max_price) values(49458,2886,'2021款 1.4T DCT GT-Line奋斗版','2021款',9,1,119800,119800);
insert into t_car_model(cm_id , cs_id , cm_name,cm_type ,cm_order , cm_state , cm_min_price , cm_max_price) values(49459,2886,'2021款 1.4T DCT GT-Line智驾运动版','2021款',10,1,131800,131800);
insert into t_car_model(cm_id , cs_id , cm_name,cm_type ,cm_order , cm_state , cm_min_price , cm_max_price) values(47176,2886,'2020款 1.5L CVT新锐天窗版','2020款',1,1,109800,109800);
insert into t_car_model(cm_id , cs_id , cm_name,cm_type ,cm_order , cm_state , cm_min_price , cm_max_price) values(47177,2886,'2020款 1.5L CVT时尚版','2020款',2,1,114800,114800);
insert into t_car_model(cm_id , cs_id , cm_name,cm_type ,cm_order , cm_state , cm_min_price , cm_max_price) values(47178,2886,'2020款 1.5L CVT智享互联版','2020款',3,1,115800,115800);
insert into t_car_model(cm_id , cs_id , cm_name,cm_type ,cm_order , cm_state , cm_min_price , cm_max_price) values(47179,2886,'2020款 1.4T DCT 新锐运动版','2020款',4,1,119800,119800);
insert into t_car_model(cm_id , cs_id , cm_name,cm_type ,cm_order , cm_state , cm_min_price , cm_max_price) values(47180,2886,'2020款 1.4T DCT 智享运动版','2020款',5,1,125800,125800);
insert into t_car_model(cm_id , cs_id , cm_name,cm_type ,cm_order , cm_state , cm_min_price , cm_max_price) values(39422,2886,'2019款 1.5L CVT智行版','2019款',1,1,98800,98800);
insert into t_car_model(cm_id , cs_id , cm_name,cm_type ,cm_order , cm_state , cm_min_price , cm_max_price) values(39301,2886,'2019款 1.5L CVT舒适版','2019款',2,1,103800,103800);
insert into t_car_model(cm_id , cs_id , cm_name,cm_type ,cm_order , cm_state , cm_min_price , cm_max_price) values(39302,2886,'2019款 1.5L CVT新锐版','2019款',3,1,108800,108800);
insert into t_car_model(cm_id , cs_id , cm_name,cm_type ,cm_order , cm_state , cm_min_price , cm_max_price) values(39229,2886,'2019款 1.5L CVT智享互联版','2019款',4,1,115800,115800);
insert into t_car_model(cm_id , cs_id , cm_name,cm_type ,cm_order , cm_state , cm_min_price , cm_max_price) values(43133,2886,'2019款 1.5L CVT智享科技版','2019款',5,1,119800,119800);
insert into t_car_model(cm_id , cs_id , cm_name,cm_type ,cm_order , cm_state , cm_min_price , cm_max_price) values(39303,2886,'2019款 1.5L CVT智享智驾版','2019款',6,1,122800,122800);
insert into t_car_model(cm_id , cs_id , cm_name,cm_type ,cm_order , cm_state , cm_min_price , cm_max_price) values(38702,2886,'2019款 1.5L CVT豪华版','2019款',7,1,128800,128800);
insert into t_car_model(cm_id , cs_id , cm_name,cm_type ,cm_order , cm_state , cm_min_price , cm_max_price) values(43134,2886,'2019款 1.4T DCT GT-Line新锐运动版','2019款',8,1,119800,119800);
insert into t_car_model(cm_id , cs_id , cm_name,cm_type ,cm_order , cm_state , cm_min_price , cm_max_price) values(39283,2886,'2019款 1.4T DCT GT-Line智享运动版','2019款',9,1,125800,125800);
insert into t_car_model(cm_id , cs_id , cm_name,cm_type ,cm_order , cm_state , cm_min_price , cm_max_price) values(32383,2886,'2017款  1.6L 自动15周年特别版GLS','2017款',1,1,118800,118800);
insert into t_car_model(cm_id , cs_id , cm_name,cm_type ,cm_order , cm_state , cm_min_price , cm_max_price) values(25711,2886,'2016款 1.6L 手动GL','2016款',1,1,96800,96800);
insert into t_car_model(cm_id , cs_id , cm_name,cm_type ,cm_order , cm_state , cm_min_price , cm_max_price) values(25737,2886,'2016款 1.6L 自动GL','2016款',2,1,106800,106800);
insert into t_car_model(cm_id , cs_id , cm_name,cm_type ,cm_order , cm_state , cm_min_price , cm_max_price) values(25738,2886,'2016款 1.6L 手动GLS','2016款',3,1,108800,108800);
insert into t_car_model(cm_id , cs_id , cm_name,cm_type ,cm_order , cm_state , cm_min_price , cm_max_price) values(25739,2886,'2016款 1.6L 自动GLS','2016款',4,1,118800,118800);
insert into t_car_model(cm_id , cs_id , cm_name,cm_type ,cm_order , cm_state , cm_min_price , cm_max_price) values(25740,2886,'2016款 1.6L 自动DLX','2016款',5,1,125800,125800);
insert into t_car_model(cm_id , cs_id , cm_name,cm_type ,cm_order , cm_state , cm_min_price , cm_max_price) values(25741,2886,'2016款 1.6L 自动Premium','2016款',6,1,137800,137800);
insert into t_car_model(cm_id , cs_id , cm_name,cm_type ,cm_order , cm_state , cm_min_price , cm_max_price) values(25742,2886,'2016款 1.4T 自动GL','2016款',7,1,123800,123800);
insert into t_car_model(cm_id , cs_id , cm_name,cm_type ,cm_order , cm_state , cm_min_price , cm_max_price) values(25743,2886,'2016款 1.4T 自动GLS','2016款',8,1,132800,132800);
insert into t_car_model(cm_id , cs_id , cm_name,cm_type ,cm_order , cm_state , cm_min_price , cm_max_price) values(25744,2886,'2016款 1.4T 自动Premium','2016款',9,1,150800,150800);
insert into t_car_model(cm_id , cs_id , cm_name,cm_type ,cm_order , cm_state , cm_min_price , cm_max_price) values(19729,2886,'2015款 1.6L 手动GL','2015款',1,1,102800,102800);
insert into t_car_model(cm_id , cs_id , cm_name,cm_type ,cm_order , cm_state , cm_min_price , cm_max_price) values(19730,2886,'2015款 1.6L 自动GL','2015款',2,1,112800,112800);
insert into t_car_model(cm_id , cs_id , cm_name,cm_type ,cm_order , cm_state , cm_min_price , cm_max_price) values(19723,2886,'2015款 1.6L 手动GLS','2015款',3,1,114800,114800);
insert into t_car_model(cm_id , cs_id , cm_name,cm_type ,cm_order , cm_state , cm_min_price , cm_max_price) values(19724,2886,'2015款 1.6L 自动GLS','2015款',4,1,124800,124800);
insert into t_car_model(cm_id , cs_id , cm_name,cm_type ,cm_order , cm_state , cm_min_price , cm_max_price) values(19731,2886,'2015款 1.6L 自动DLX','2015款',5,1,131800,131800);
insert into t_car_model(cm_id , cs_id , cm_name,cm_type ,cm_order , cm_state , cm_min_price , cm_max_price) values(19732,2886,'2015款 1.6L 自动Premium','2015款',6,1,143800,143800);
insert into t_car_model(cm_id , cs_id , cm_name,cm_type ,cm_order , cm_state , cm_min_price , cm_max_price) values(19733,2886,'2015款 1.8L 自动Premium','2015款',7,1,149800,149800);
insert into t_car_model(cm_id , cs_id , cm_name,cm_type ,cm_order , cm_state , cm_min_price , cm_max_price) values(13835,2886,'2013款 1.6L 手动GL','2013款',1,1,102800,102800);
insert into t_car_model(cm_id , cs_id , cm_name,cm_type ,cm_order , cm_state , cm_min_price , cm_max_price) values(13674,2886,'2013款 1.6L 自动GL','2013款',2,1,112800,112800);
insert into t_car_model(cm_id , cs_id , cm_name,cm_type ,cm_order , cm_state , cm_min_price , cm_max_price) values(13836,2886,'2013款 1.6L 手动GLS','2013款',3,1,114800,114800);
insert into t_car_model(cm_id , cs_id , cm_name,cm_type ,cm_order , cm_state , cm_min_price , cm_max_price) values(13837,2886,'2013款 1.6L 自动GLS','2013款',4,1,124800,124800);
insert into t_car_model(cm_id , cs_id , cm_name,cm_type ,cm_order , cm_state , cm_min_price , cm_max_price) values(13838,2886,'2013款 1.6L 自动DLX','2013款',5,1,131800,131800);
insert into t_car_model(cm_id , cs_id , cm_name,cm_type ,cm_order , cm_state , cm_min_price , cm_max_price) values(13839,2886,'2013款 1.6L 自动Premium','2013款',6,1,143800,143800);
insert into t_car_model(cm_id , cs_id , cm_name,cm_type ,cm_order , cm_state , cm_min_price , cm_max_price) values(13840,2886,'2013款 1.8L 自动Premium','2013款',7,1,149800,149800);
insert into t_car_series(cs_id,cbf_id,cs_name,cs_order,cs_letter) values(5188,57,'起亚K3新能源',3748,'Q');
insert into t_car_model(cm_id , cs_id , cm_name,cm_type ,cm_order , cm_state , cm_min_price , cm_max_price) values(51509,5188,'2021款 EV 舒适版 410km','2021款',1,1,229800,229800);
insert into t_car_model(cm_id , cs_id , cm_name,cm_type ,cm_order , cm_state , cm_min_price , cm_max_price) values(51510,5188,'2021款 EV 智享互联版 410km','2021款',2,1,239800,239800);
insert into t_car_model(cm_id , cs_id , cm_name,cm_type ,cm_order , cm_state , cm_min_price , cm_max_price) values(48729,5188,'2020款 EV 舒适版 490km','2020款',1,1,249800,249800);
insert into t_car_model(cm_id , cs_id , cm_name,cm_type ,cm_order , cm_state , cm_min_price , cm_max_price) values(43071,5188,'2020款 EV 智享互联版 490km','2020款',2,1,259800,259800);
insert into t_car_model(cm_id , cs_id , cm_name,cm_type ,cm_order , cm_state , cm_min_price , cm_max_price) values(41021,5188,'2019款 1.6L PHEV舒适版','2019款',1,1,209800,209800);
insert into t_car_model(cm_id , cs_id , cm_name,cm_type ,cm_order , cm_state , cm_min_price , cm_max_price) values(38353,5188,'2019款 1.6L PHEV智享互联版','2019款',2,1,218800,218800);
insert into t_car_series(cs_id,cbf_id,cs_name,cs_order,cs_letter) values(2246,57,'K5凯酷',3749,'K');
insert into t_car_model(cm_id , cs_id , cm_name,cm_type ,cm_order , cm_state , cm_min_price , cm_max_price) values(52578,2246,'2021款 270T CVVD 时尚版','2021款',1,1,161800,161800);
insert into t_car_model(cm_id , cs_id , cm_name,cm_type ,cm_order , cm_state , cm_min_price , cm_max_price) values(52579,2246,'2021款 270T CVVD 焕新版','2021款',2,1,177800,177800);
insert into t_car_model(cm_id , cs_id , cm_name,cm_type ,cm_order , cm_state , cm_min_price , cm_max_price) values(52580,2246,'2021款 380T GT-Line 焕新版','2021款',3,1,195800,195800);
insert into t_car_model(cm_id , cs_id , cm_name,cm_type ,cm_order , cm_state , cm_min_price , cm_max_price) values(52581,2246,'2021款 380T GT-Line 旗舰版','2021款',4,1,205800,205800);
insert into t_car_model(cm_id , cs_id , cm_name,cm_type ,cm_order , cm_state , cm_min_price , cm_max_price) values(45157,2246,'2020款 270T CVVD 时尚版','2020款',1,1,161800,161800);
insert into t_car_model(cm_id , cs_id , cm_name,cm_type ,cm_order , cm_state , cm_min_price , cm_max_price) values(46786,2246,'2020款 270T CVVD 豪华版','2020款',2,1,171800,171800);
insert into t_car_model(cm_id , cs_id , cm_name,cm_type ,cm_order , cm_state , cm_min_price , cm_max_price) values(49258,2246,'2020款 270T CVVD 豪华科技版','2020款',3,1,177800,177800);
insert into t_car_model(cm_id , cs_id , cm_name,cm_type ,cm_order , cm_state , cm_min_price , cm_max_price) values(45156,2246,'2020款  380T GT-Line 尊贵版','2020款',4,1,189800,189800);
insert into t_car_model(cm_id , cs_id , cm_name,cm_type ,cm_order , cm_state , cm_min_price , cm_max_price) values(49259,2246,'2020款 380T GT-Line 尊贵科技版','2020款',5,1,195800,195800);
insert into t_car_model(cm_id , cs_id , cm_name,cm_type ,cm_order , cm_state , cm_min_price , cm_max_price) values(46787,2246,'2020款 380T GT-Line 旗舰版','2020款',6,1,205800,205800);
insert into t_car_model(cm_id , cs_id , cm_name,cm_type ,cm_order , cm_state , cm_min_price , cm_max_price) values(36735,2246,'2019款 Pro 1.6T 自动时尚版 国VI','2019款',1,1,164800,164800);
insert into t_car_model(cm_id , cs_id , cm_name,cm_type ,cm_order , cm_state , cm_min_price , cm_max_price) values(36733,2246,'2019款 Pro 1.6T 自动时尚版 国V','2019款',2,1,164800,164800);
insert into t_car_model(cm_id , cs_id , cm_name,cm_type ,cm_order , cm_state , cm_min_price , cm_max_price) values(36736,2246,'2019款 Pro 1.6T 自动豪华版 国VI','2019款',3,1,173800,173800);
insert into t_car_model(cm_id , cs_id , cm_name,cm_type ,cm_order , cm_state , cm_min_price , cm_max_price) values(36442,2246,'2019款 Pro 1.6T 自动豪华版 国V','2019款',4,1,173800,173800);
insert into t_car_model(cm_id , cs_id , cm_name,cm_type ,cm_order , cm_state , cm_min_price , cm_max_price) values(36737,2246,'2019款 Pro 2.0L 自动豪华版 国VI','2019款',5,1,173800,173800);
insert into t_car_model(cm_id , cs_id , cm_name,cm_type ,cm_order , cm_state , cm_min_price , cm_max_price) values(36734,2246,'2019款 Pro 2.0L 自动豪华版 国V','2019款',6,1,173800,173800);
insert into t_car_model(cm_id , cs_id , cm_name,cm_type ,cm_order , cm_state , cm_min_price , cm_max_price) values(32258,2246,'2017款 2.0L 自动15周年特别版LUX','2017款',1,1,175800,175800);
insert into t_car_model(cm_id , cs_id , cm_name,cm_type ,cm_order , cm_state , cm_min_price , cm_max_price) values(26815,2246,'2016款 2.0L hybrid GLS','2016款',1,1,199800,199800);
insert into t_car_model(cm_id , cs_id , cm_name,cm_type ,cm_order , cm_state , cm_min_price , cm_max_price) values(26814,2246,'2016款 2.0L hybrid LUX','2016款',2,1,213800,213800);
insert into t_car_model(cm_id , cs_id , cm_name,cm_type ,cm_order , cm_state , cm_min_price , cm_max_price) values(24058,2246,'2016款 2.0L 自动GLS','2016款',3,1,164800,164800);
insert into t_car_model(cm_id , cs_id , cm_name,cm_type ,cm_order , cm_state , cm_min_price , cm_max_price) values(23935,2246,'2016款 2.0L 自动PRM','2016款',4,1,192800,192800);
insert into t_car_model(cm_id , cs_id , cm_name,cm_type ,cm_order , cm_state , cm_min_price , cm_max_price) values(26333,2246,'2016款 2.0L hybrid PRM','2016款',5,1,248800,248800);
insert into t_car_model(cm_id , cs_id , cm_name,cm_type ,cm_order , cm_state , cm_min_price , cm_max_price) values(24059,2246,'2016款 2.0L 自动LUX','2016款',6,1,175800,175800);
insert into t_car_model(cm_id , cs_id , cm_name,cm_type ,cm_order , cm_state , cm_min_price , cm_max_price) values(24061,2246,'2016款 1.6T 自动LUX','2016款',7,1,180800,180800);
insert into t_car_model(cm_id , cs_id , cm_name,cm_type ,cm_order , cm_state , cm_min_price , cm_max_price) values(23717,2246,'2016款 1.6T 自动PRM','2016款',8,1,197800,197800);
insert into t_car_model(cm_id , cs_id , cm_name,cm_type ,cm_order , cm_state , cm_min_price , cm_max_price) values(24063,2246,'2016款 2.0T 自动PRM','2016款',9,1,239800,239800);
insert into t_car_model(cm_id , cs_id , cm_name,cm_type ,cm_order , cm_state , cm_min_price , cm_max_price) values(24057,2246,'2016款 2.0L 自动GL','2016款',10,1,159800,159800);
insert into t_car_model(cm_id , cs_id , cm_name,cm_type ,cm_order , cm_state , cm_min_price , cm_max_price) values(24060,2246,'2016款 1.6T 自动GLS','2016款',11,1,169800,169800);
insert into t_car_model(cm_id , cs_id , cm_name,cm_type ,cm_order , cm_state , cm_min_price , cm_max_price) values(24062,2246,'2016款 2.0T 自动LUX','2016款',12,1,209800,209800);
insert into t_car_model(cm_id , cs_id , cm_name,cm_type ,cm_order , cm_state , cm_min_price , cm_max_price) values(21587,2246,'2015款 2.0L 手动GL','2015款',1,1,159800,159800);
insert into t_car_model(cm_id , cs_id , cm_name,cm_type ,cm_order , cm_state , cm_min_price , cm_max_price) values(21588,2246,'2015款 2.0L 自动GL','2015款',2,1,167800,167800);
insert into t_car_model(cm_id , cs_id , cm_name,cm_type ,cm_order , cm_state , cm_min_price , cm_max_price) values(21589,2246,'2015款 2.0L 自动GLS','2015款',3,1,178800,178800);
insert into t_car_model(cm_id , cs_id , cm_name,cm_type ,cm_order , cm_state , cm_min_price , cm_max_price) values(21590,2246,'2015款 2.0L 自动LUX','2015款',4,1,188800,188800);
insert into t_car_model(cm_id , cs_id , cm_name,cm_type ,cm_order , cm_state , cm_min_price , cm_max_price) values(21591,2246,'2015款 2.0L 自动Special','2015款',5,1,199900,199900);
insert into t_car_model(cm_id , cs_id , cm_name,cm_type ,cm_order , cm_state , cm_min_price , cm_max_price) values(21592,2246,'2015款 2.0T 自动Turbo','2015款',6,1,202800,202800);
insert into t_car_model(cm_id , cs_id , cm_name,cm_type ,cm_order , cm_state , cm_min_price , cm_max_price) values(21593,2246,'2015款 2.0T 自动T-PRM','2015款',7,1,222800,222800);
insert into t_car_model(cm_id , cs_id , cm_name,cm_type ,cm_order , cm_state , cm_min_price , cm_max_price) values(21594,2246,'2015款 2.0T 自动T-Special','2015款',8,1,249800,249800);
insert into t_car_model(cm_id , cs_id , cm_name,cm_type ,cm_order , cm_state , cm_min_price , cm_max_price) values(17814,2246,'2014款 2.0T 自动','2014款',1,1,202800,202800);
insert into t_car_model(cm_id , cs_id , cm_name,cm_type ,cm_order , cm_state , cm_min_price , cm_max_price) values(17599,2246,'2014款 2.0L 手动GL','2014款',2,1,159800,159800);
insert into t_car_model(cm_id , cs_id , cm_name,cm_type ,cm_order , cm_state , cm_min_price , cm_max_price) values(17623,2246,'2014款 2.0L 自动GL','2014款',3,1,167800,167800);
insert into t_car_model(cm_id , cs_id , cm_name,cm_type ,cm_order , cm_state , cm_min_price , cm_max_price) values(17624,2246,'2014款 2.0L 自动GLS','2014款',4,1,178800,178800);
insert into t_car_model(cm_id , cs_id , cm_name,cm_type ,cm_order , cm_state , cm_min_price , cm_max_price) values(17625,2246,'2014款 2.0L 自动LUXURY','2014款',5,1,188800,188800);
insert into t_car_model(cm_id , cs_id , cm_name,cm_type ,cm_order , cm_state , cm_min_price , cm_max_price) values(17627,2246,'2014款 2.0L 自动PREMIUM','2014款',6,1,201800,201800);
insert into t_car_model(cm_id , cs_id , cm_name,cm_type ,cm_order , cm_state , cm_min_price , cm_max_price) values(17626,2246,'2014款 2.0L 自动PREMIUM 2','2014款',7,1,216800,216800);
insert into t_car_model(cm_id , cs_id , cm_name,cm_type ,cm_order , cm_state , cm_min_price , cm_max_price) values(17774,2246,'2014款 2.0T 自动T-PREMIUM','2014款',8,1,222800,222800);
insert into t_car_model(cm_id , cs_id , cm_name,cm_type ,cm_order , cm_state , cm_min_price , cm_max_price) values(17555,2246,'2014款 2.0T 自动T-Special','2014款',9,1,249800,249800);
insert into t_car_model(cm_id , cs_id , cm_name,cm_type ,cm_order , cm_state , cm_min_price , cm_max_price) values(17628,2246,'2014款 2.4L 自动LUXURY','2014款',10,1,228800,228800);
insert into t_car_model(cm_id , cs_id , cm_name,cm_type ,cm_order , cm_state , cm_min_price , cm_max_price) values(17629,2246,'2014款 2.4L 自动PREMIUM','2014款',11,1,251800,251800);
insert into t_car_model(cm_id , cs_id , cm_name,cm_type ,cm_order , cm_state , cm_min_price , cm_max_price) values(12216,2246,'2012款 2.0L 手动GL','2012款',1,1,159800,159800);
insert into t_car_model(cm_id , cs_id , cm_name,cm_type ,cm_order , cm_state , cm_min_price , cm_max_price) values(12217,2246,'2012款 2.0L 自动GL','2012款',2,1,167800,167800);
insert into t_car_model(cm_id , cs_id , cm_name,cm_type ,cm_order , cm_state , cm_min_price , cm_max_price) values(12218,2246,'2012款 2.0L 自动GLS','2012款',3,1,178800,178800);
insert into t_car_model(cm_id , cs_id , cm_name,cm_type ,cm_order , cm_state , cm_min_price , cm_max_price) values(12219,2246,'2012款 2.0L 自动DLX','2012款',4,1,188800,188800);
insert into t_car_model(cm_id , cs_id , cm_name,cm_type ,cm_order , cm_state , cm_min_price , cm_max_price) values(13475,2246,'2012款 2.0L 自动DLX特别版','2012款',5,1,190800,190800);
insert into t_car_model(cm_id , cs_id , cm_name,cm_type ,cm_order , cm_state , cm_min_price , cm_max_price) values(12220,2246,'2012款 2.0L 自动DLX-2','2012款',6,1,199800,199800);
insert into t_car_model(cm_id , cs_id , cm_name,cm_type ,cm_order , cm_state , cm_min_price , cm_max_price) values(13476,2246,'2012款 2.0L 自动DLX-2特别版','2012款',7,1,201800,201800);
insert into t_car_model(cm_id , cs_id , cm_name,cm_type ,cm_order , cm_state , cm_min_price , cm_max_price) values(12221,2246,'2012款 2.0L 自动Premium','2012款',8,1,214800,214800);
insert into t_car_model(cm_id , cs_id , cm_name,cm_type ,cm_order , cm_state , cm_min_price , cm_max_price) values(13477,2246,'2012款 2.0L 自动Premium特别版','2012款',9,1,216800,216800);
insert into t_car_model(cm_id , cs_id , cm_name,cm_type ,cm_order , cm_state , cm_min_price , cm_max_price) values(12222,2246,'2012款 2.4L 自动DLX','2012款',10,1,226800,226800);
insert into t_car_model(cm_id , cs_id , cm_name,cm_type ,cm_order , cm_state , cm_min_price , cm_max_price) values(13478,2246,'2012款 2.4L 自动DLX特别版','2012款',11,1,226800,226800);
insert into t_car_model(cm_id , cs_id , cm_name,cm_type ,cm_order , cm_state , cm_min_price , cm_max_price) values(12223,2246,'2012款 2.4L 自动Premium','2012款',12,1,249800,249800);
insert into t_car_model(cm_id , cs_id , cm_name,cm_type ,cm_order , cm_state , cm_min_price , cm_max_price) values(13479,2246,'2012款 2.4L 自动Premium特别版','2012款',13,1,249800,249800);
insert into t_car_model(cm_id , cs_id , cm_name,cm_type ,cm_order , cm_state , cm_min_price , cm_max_price) values(9590,2246,'2011款 2.0L 手动GL','2011款',1,1,159800,159800);
insert into t_car_model(cm_id , cs_id , cm_name,cm_type ,cm_order , cm_state , cm_min_price , cm_max_price) values(9591,2246,'2011款 2.0L 自动GL','2011款',2,1,174800,174800);
insert into t_car_model(cm_id , cs_id , cm_name,cm_type ,cm_order , cm_state , cm_min_price , cm_max_price) values(9592,2246,'2011款 2.0L 自动GLS','2011款',3,1,179800,179800);
insert into t_car_model(cm_id , cs_id , cm_name,cm_type ,cm_order , cm_state , cm_min_price , cm_max_price) values(10450,2246,'2011款 2.0L 自动DLX','2011款',4,1,188800,188800);
insert into t_car_model(cm_id , cs_id , cm_name,cm_type ,cm_order , cm_state , cm_min_price , cm_max_price) values(9593,2246,'2011款 2.0L 自动TOP','2011款',5,1,199800,199800);
insert into t_car_model(cm_id , cs_id , cm_name,cm_type ,cm_order , cm_state , cm_min_price , cm_max_price) values(9563,2246,'2011款 2.0L 自动Premium','2011款',6,1,214800,214800);
insert into t_car_model(cm_id , cs_id , cm_name,cm_type ,cm_order , cm_state , cm_min_price , cm_max_price) values(9594,2246,'2011款 2.4L 自动TOP','2011款',7,1,234800,234800);
insert into t_car_model(cm_id , cs_id , cm_name,cm_type ,cm_order , cm_state , cm_min_price , cm_max_price) values(9201,2246,'2011款 2.4L 自动Premium','2011款',8,1,249800,249800);
insert into t_car_series(cs_id,cbf_id,cs_name,cs_order,cs_letter) values(4834,57,'起亚K5新能源',3750,'Q');
insert into t_car_model(cm_id , cs_id , cm_name,cm_type ,cm_order , cm_state , cm_min_price , cm_max_price) values(42322,4834,'2019款 2.0L GLS','2019款',1,1,222800,222800);
insert into t_car_model(cm_id , cs_id , cm_name,cm_type ,cm_order , cm_state , cm_min_price , cm_max_price) values(42323,4834,'2019款 2.0L LUX','2019款',2,1,239800,239800);
insert into t_car_model(cm_id , cs_id , cm_name,cm_type ,cm_order , cm_state , cm_min_price , cm_max_price) values(35587,4834,'2018款 2.0L 智享版','2018款',1,1,222800,222800);
insert into t_car_model(cm_id , cs_id , cm_name,cm_type ,cm_order , cm_state , cm_min_price , cm_max_price) values(34516,4834,'2018款 2.0L 智尊版','2018款',2,1,239800,239800);
insert into t_car_series(cs_id,cbf_id,cs_name,cs_order,cs_letter) values(3664,57,'KX3傲跑',3751,'K');
insert into t_car_model(cm_id , cs_id , cm_name,cm_type ,cm_order , cm_state , cm_min_price , cm_max_price) values(53131,3664,'2021款 1.5L CVT风尚版','2021款',1,1,108800,108800);
insert into t_car_model(cm_id , cs_id , cm_name,cm_type ,cm_order , cm_state , cm_min_price , cm_max_price) values(51408,3664,'2021款 1.5L CVT舒适版','2021款',2,1,118800,118800);
insert into t_car_model(cm_id , cs_id , cm_name,cm_type ,cm_order , cm_state , cm_min_price , cm_max_price) values(53132,3664,'2021款 1.5L CVT潮流版','2021款',3,1,125800,125800);
insert into t_car_model(cm_id , cs_id , cm_name,cm_type ,cm_order , cm_state , cm_min_price , cm_max_price) values(51410,3664,'2021款 1.5L CVT焕新版','2021款',4,1,128800,128800);
insert into t_car_model(cm_id , cs_id , cm_name,cm_type ,cm_order , cm_state , cm_min_price , cm_max_price) values(51411,3664,'2021款 1.5L CVT全能版','2021款',5,1,136800,136800);
insert into t_car_model(cm_id , cs_id , cm_name,cm_type ,cm_order , cm_state , cm_min_price , cm_max_price) values(42949,3664,'2020款 1.5L CVT风尚版','2020款',1,1,108800,108800);
insert into t_car_model(cm_id , cs_id , cm_name,cm_type ,cm_order , cm_state , cm_min_price , cm_max_price) values(42950,3664,'2020款 1.5L CVT舒适版','2020款',2,1,115800,115800);
insert into t_car_model(cm_id , cs_id , cm_name,cm_type ,cm_order , cm_state , cm_min_price , cm_max_price) values(42951,3664,'2020款 1.5L CVT潮流版','2020款',3,1,125800,125800);
insert into t_car_model(cm_id , cs_id , cm_name,cm_type ,cm_order , cm_state , cm_min_price , cm_max_price) values(41264,3664,'2020款 1.5L CVT智慧版','2020款',4,1,125800,125800);
insert into t_car_model(cm_id , cs_id , cm_name,cm_type ,cm_order , cm_state , cm_min_price , cm_max_price) values(35652,3664,'2019款 1.6L 手动时尚版','2019款',1,1,109800,109800);
insert into t_car_model(cm_id , cs_id , cm_name,cm_type ,cm_order , cm_state , cm_min_price , cm_max_price) values(35619,3664,'2019款 1.6L 自动时尚天窗版','2019款',2,1,132800,132800);
insert into t_car_model(cm_id , cs_id , cm_name,cm_type ,cm_order , cm_state , cm_min_price , cm_max_price) values(27763,3664,'2017款 1.6L 手动傲风版','2017款',1,1,116800,116800);
insert into t_car_model(cm_id , cs_id , cm_name,cm_type ,cm_order , cm_state , cm_min_price , cm_max_price) values(27764,3664,'2017款 1.6L 自动傲风版','2017款',2,1,126800,126800);
insert into t_car_model(cm_id , cs_id , cm_name,cm_type ,cm_order , cm_state , cm_min_price , cm_max_price) values(27765,3664,'2017款 1.6L 自动傲雅版','2017款',3,1,140800,140800);
insert into t_car_model(cm_id , cs_id , cm_name,cm_type ,cm_order , cm_state , cm_min_price , cm_max_price) values(32388,3664,'2017款 1.6L 自动傲雅15周年特别版','2017款',4,1,140800,140800);
insert into t_car_model(cm_id , cs_id , cm_name,cm_type ,cm_order , cm_state , cm_min_price , cm_max_price) values(27766,3664,'2017款 1.6L 自动傲尊版','2017款',5,1,154800,154800);
insert into t_car_model(cm_id , cs_id , cm_name,cm_type ,cm_order , cm_state , cm_min_price , cm_max_price) values(27767,3664,'2017款 1.6T 自动傲雅版','2017款',6,1,152800,152800);
insert into t_car_model(cm_id , cs_id , cm_name,cm_type ,cm_order , cm_state , cm_min_price , cm_max_price) values(27379,3664,'2017款 1.6T 自动傲尊版','2017款',7,1,177800,177800);
insert into t_car_model(cm_id , cs_id , cm_name,cm_type ,cm_order , cm_state , cm_min_price , cm_max_price) values(21532,3664,'2015款 1.6L 手动两驱GL','2015款',1,1,112800,112800);
insert into t_car_model(cm_id , cs_id , cm_name,cm_type ,cm_order , cm_state , cm_min_price , cm_max_price) values(21533,3664,'2015款 1.6L 手动两驱GLS','2015款',2,1,117800,117800);
insert into t_car_model(cm_id , cs_id , cm_name,cm_type ,cm_order , cm_state , cm_min_price , cm_max_price) values(21534,3664,'2015款 1.6L 自动两驱GLS','2015款',3,1,131800,131800);
insert into t_car_model(cm_id , cs_id , cm_name,cm_type ,cm_order , cm_state , cm_min_price , cm_max_price) values(23801,3664,'2015款 1.6L 自动Special','2015款',4,1,132800,132800);
insert into t_car_model(cm_id , cs_id , cm_name,cm_type ,cm_order , cm_state , cm_min_price , cm_max_price) values(21535,3664,'2015款 1.6L 自动两驱DLX','2015款',5,1,140800,140800);
insert into t_car_model(cm_id , cs_id , cm_name,cm_type ,cm_order , cm_state , cm_min_price , cm_max_price) values(21536,3664,'2015款 1.6L 自动两驱PRM','2015款',6,1,156800,156800);
insert into t_car_model(cm_id , cs_id , cm_name,cm_type ,cm_order , cm_state , cm_min_price , cm_max_price) values(23802,3664,'2015款 1.6T 自动两驱Special','2015款',7,1,144800,144800);
insert into t_car_model(cm_id , cs_id , cm_name,cm_type ,cm_order , cm_state , cm_min_price , cm_max_price) values(21537,3664,'2015款 1.6T 自动两驱DLX','2015款',8,1,153800,153800);
insert into t_car_model(cm_id , cs_id , cm_name,cm_type ,cm_order , cm_state , cm_min_price , cm_max_price) values(21538,3664,'2015款 1.6T 自动两驱PRM','2015款',9,1,177800,177800);
insert into t_car_model(cm_id , cs_id , cm_name,cm_type ,cm_order , cm_state , cm_min_price , cm_max_price) values(21540,3664,'2015款 2.0L 自动两驱DLX','2015款',10,1,159800,159800);
insert into t_car_model(cm_id , cs_id , cm_name,cm_type ,cm_order , cm_state , cm_min_price , cm_max_price) values(21541,3664,'2015款 2.0L 自动四驱PRM','2015款',11,1,186800,186800);
insert into t_car_series(cs_id,cbf_id,cs_name,cs_order,cs_letter) values(4973,57,'起亚KX3新能源',3752,'Q');
insert into t_car_model(cm_id , cs_id , cm_name,cm_type ,cm_order , cm_state , cm_min_price , cm_max_price) values(36201,4973,'2019款 标准型','2019款',1,1,239800,239800);
insert into t_car_series(cs_id,cbf_id,cs_name,cs_order,cs_letter) values(4824,57,'奕跑',3753,'Y');
insert into t_car_model(cm_id , cs_id , cm_name,cm_type ,cm_order , cm_state , cm_min_price , cm_max_price) values(48314,4824,'2021款 1.4L 手动趣享版','2021款',1,1,69800,69800);
insert into t_car_model(cm_id , cs_id , cm_name,cm_type ,cm_order , cm_state , cm_min_price , cm_max_price) values(49569,4824,'2021款 1.4L CVT趣享版','2021款',2,1,79800,79800);
insert into t_car_model(cm_id , cs_id , cm_name,cm_type ,cm_order , cm_state , cm_min_price , cm_max_price) values(51760,4824,'2021款 1.4L CVT天窗款','2021款',3,1,83800,83800);
insert into t_car_model(cm_id , cs_id , cm_name,cm_type ,cm_order , cm_state , cm_min_price , cm_max_price) values(48315,4824,'2021款 1.4L 自动趣享版','2021款',4,1,79800,79800);
insert into t_car_model(cm_id , cs_id , cm_name,cm_type ,cm_order , cm_state , cm_min_price , cm_max_price) values(48316,4824,'2021款 1.4L 自动趣享时尚款','2021款',5,1,82800,82800);
insert into t_car_model(cm_id , cs_id , cm_name,cm_type ,cm_order , cm_state , cm_min_price , cm_max_price) values(48317,4824,'2021款 1.4L 自动趣享运动款','2021款',6,1,82800,82800);
insert into t_car_model(cm_id , cs_id , cm_name,cm_type ,cm_order , cm_state , cm_min_price , cm_max_price) values(49566,4824,'2021款 1.4L CVT趣享天窗款','2021款',7,1,82800,82800);
insert into t_car_model(cm_id , cs_id , cm_name,cm_type ,cm_order , cm_state , cm_min_price , cm_max_price) values(35471,4824,'2019款 1.4L 手动趣享版 国V','2019款',1,1,69800,69800);
insert into t_car_model(cm_id , cs_id , cm_name,cm_type ,cm_order , cm_state , cm_min_price , cm_max_price) values(34499,4824,'2019款 1.4L 自动趣享版 国V','2019款',2,1,79800,79800);
insert into t_car_model(cm_id , cs_id , cm_name,cm_type ,cm_order , cm_state , cm_min_price , cm_max_price) values(39519,4824,'2019款 1.4L 手动趣享版 国VI','2019款',3,1,69800,69800);
insert into t_car_model(cm_id , cs_id , cm_name,cm_type ,cm_order , cm_state , cm_min_price , cm_max_price) values(39520,4824,'2019款 1.4L 自动趣享版 国VI','2019款',4,1,79800,79800);
insert into t_car_model(cm_id , cs_id , cm_name,cm_type ,cm_order , cm_state , cm_min_price , cm_max_price) values(41507,4824,'2019款 1.4L 自动时尚版 国VI','2019款',5,1,82800,82800);
insert into t_car_model(cm_id , cs_id , cm_name,cm_type ,cm_order , cm_state , cm_min_price , cm_max_price) values(41508,4824,'2019款  1.4L 自动运动版 国VI','2019款',6,1,82800,82800);
insert into t_car_series(cs_id,cbf_id,cs_name,cs_order,cs_letter) values(3954,57,'起亚KX5',3754,'Q');
insert into t_car_model(cm_id , cs_id , cm_name,cm_type ,cm_order , cm_state , cm_min_price , cm_max_price) values(51578,3954,'2021款 2.0L 自动两驱舒适版','2021款',1,1,162800,162800);
insert into t_car_model(cm_id , cs_id , cm_name,cm_type ,cm_order , cm_state , cm_min_price , cm_max_price) values(51580,3954,'2021款 1.6T 自动两驱豪华版','2021款',2,1,169800,169800);
insert into t_car_model(cm_id , cs_id , cm_name,cm_type ,cm_order , cm_state , cm_min_price , cm_max_price) values(51579,3954,'2021款 1.6T 自动两驱焕新版','2021款',3,1,179800,179800);
insert into t_car_model(cm_id , cs_id , cm_name,cm_type ,cm_order , cm_state , cm_min_price , cm_max_price) values(51582,3954,'2021款 1.6T 自动四驱豪华版','2021款',4,1,181800,181800);
insert into t_car_model(cm_id , cs_id , cm_name,cm_type ,cm_order , cm_state , cm_min_price , cm_max_price) values(51581,3954,'2021款 1.6T 自动四驱焕新版','2021款',5,1,191800,191800);
insert into t_car_model(cm_id , cs_id , cm_name,cm_type ,cm_order , cm_state , cm_min_price , cm_max_price) values(38284,3954,'2019款 2.0L 自动两驱时尚版','2019款',1,1,154800,154800);
insert into t_car_model(cm_id , cs_id , cm_name,cm_type ,cm_order , cm_state , cm_min_price , cm_max_price) values(38285,3954,'2019款 2.0L 自动两驱舒适版','2019款',2,1,159800,159800);
insert into t_car_model(cm_id , cs_id , cm_name,cm_type ,cm_order , cm_state , cm_min_price , cm_max_price) values(38124,3954,'2019款 1.6T 自动两驱精英版','2019款',3,1,164800,164800);
insert into t_car_model(cm_id , cs_id , cm_name,cm_type ,cm_order , cm_state , cm_min_price , cm_max_price) values(38287,3954,'2019款 1.6T 自动两驱豪华版','2019款',4,1,169800,169800);
insert into t_car_model(cm_id , cs_id , cm_name,cm_type ,cm_order , cm_state , cm_min_price , cm_max_price) values(38288,3954,'2019款 1.6T 自动四驱精英版','2019款',5,1,176800,176800);
insert into t_car_model(cm_id , cs_id , cm_name,cm_type ,cm_order , cm_state , cm_min_price , cm_max_price) values(36851,3954,'2019款 1.6T 自动四驱豪华版','2019款',6,1,181800,181800);
insert into t_car_model(cm_id , cs_id , cm_name,cm_type ,cm_order , cm_state , cm_min_price , cm_max_price) values(32389,3954,'2017款 1.6T 自动两驱15周年特别版DLX','2017款',1,1,176800,176800);
insert into t_car_model(cm_id , cs_id , cm_name,cm_type ,cm_order , cm_state , cm_min_price , cm_max_price) values(25086,3954,'2016款 2.0L 手动两驱GL','2016款',1,1,156800,156800);
insert into t_car_model(cm_id , cs_id , cm_name,cm_type ,cm_order , cm_state , cm_min_price , cm_max_price) values(25085,3954,'2016款 2.0L 自动两驱GL','2016款',2,1,161800,161800);
insert into t_car_model(cm_id , cs_id , cm_name,cm_type ,cm_order , cm_state , cm_min_price , cm_max_price) values(25084,3954,'2016款 2.0L 自动两驱GLS','2016款',3,1,171800,171800);
insert into t_car_model(cm_id , cs_id , cm_name,cm_type ,cm_order , cm_state , cm_min_price , cm_max_price) values(25083,3954,'2016款 2.0L 自动两驱Premium','2016款',4,1,189800,189800);
insert into t_car_model(cm_id , cs_id , cm_name,cm_type ,cm_order , cm_state , cm_min_price , cm_max_price) values(25082,3954,'2016款 1.6T 自动两驱GL','2016款',5,1,166800,166800);
insert into t_car_model(cm_id , cs_id , cm_name,cm_type ,cm_order , cm_state , cm_min_price , cm_max_price) values(25081,3954,'2016款 1.6T 自动两驱DLX','2016款',6,1,176800,176800);
insert into t_car_model(cm_id , cs_id , cm_name,cm_type ,cm_order , cm_state , cm_min_price , cm_max_price) values(25080,3954,'2016款 1.6T 自动两驱Premium','2016款',7,1,193800,193800);
insert into t_car_model(cm_id , cs_id , cm_name,cm_type ,cm_order , cm_state , cm_min_price , cm_max_price) values(24504,3954,'2016款 1.6T 自动四驱Premium','2016款',8,1,231800,231800);
insert into t_car_series(cs_id,cbf_id,cs_name,cs_order,cs_letter) values(2137,57,'智跑',3755,'Z');
insert into t_car_model(cm_id , cs_id , cm_name,cm_type ,cm_order , cm_state , cm_min_price , cm_max_price) values(52055,2137,'2021款 Ace 2.0L 探索版','2021款',1,1,139800,139800);
insert into t_car_model(cm_id , cs_id , cm_name,cm_type ,cm_order , cm_state , cm_min_price , cm_max_price) values(51750,2137,'2021款 Ace 2.0L 挑战版','2021款',2,1,144800,144800);
insert into t_car_model(cm_id , cs_id , cm_name,cm_type ,cm_order , cm_state , cm_min_price , cm_max_price) values(48887,2137,'2021款 Ace 2.0L 精彩版','2021款',3,1,149800,149800);
insert into t_car_model(cm_id , cs_id , cm_name,cm_type ,cm_order , cm_state , cm_min_price , cm_max_price) values(52056,2137,'2021款 Ace 1.5T GT Line 聚变版','2021款',4,1,152800,152800);
insert into t_car_model(cm_id , cs_id , cm_name,cm_type ,cm_order , cm_state , cm_min_price , cm_max_price) values(51585,2137,'2021款 Ace 1.5T GT Line 超能版','2021款',5,1,157800,157800);
insert into t_car_model(cm_id , cs_id , cm_name,cm_type ,cm_order , cm_state , cm_min_price , cm_max_price) values(41084,2137,'2019款 2.0L 手动时尚版','2019款',1,1,119900,119900);
insert into t_car_model(cm_id , cs_id , cm_name,cm_type ,cm_order , cm_state , cm_min_price , cm_max_price) values(41085,2137,'2019款 2.0L 自动智享豪华版','2019款',2,1,139900,139900);
insert into t_car_model(cm_id , cs_id , cm_name,cm_type ,cm_order , cm_state , cm_min_price , cm_max_price) values(41505,2137,'2019款 2.0L 自动智享豪华加强款','2019款',3,1,144900,144900);
insert into t_car_model(cm_id , cs_id , cm_name,cm_type ,cm_order , cm_state , cm_min_price , cm_max_price) values(37879,2137,'2019款 1.4T DCT时尚版GL','2019款',4,1,137900,137900);
insert into t_car_model(cm_id , cs_id , cm_name,cm_type ,cm_order , cm_state , cm_min_price , cm_max_price) values(38076,2137,'2019款 1.4T DCT智享豪华版GLS','2019款',5,1,144900,144900);
insert into t_car_model(cm_id , cs_id , cm_name,cm_type ,cm_order , cm_state , cm_min_price , cm_max_price) values(41506,2137,'2019款 1.4T DCT智享豪华舒适款','2019款',6,1,148900,148900);
insert into t_car_model(cm_id , cs_id , cm_name,cm_type ,cm_order , cm_state , cm_min_price , cm_max_price) values(34182,2137,'2018款 2.0L 手动时尚版 国V','2018款',1,1,119900,119900);
insert into t_car_model(cm_id , cs_id , cm_name,cm_type ,cm_order , cm_state , cm_min_price , cm_max_price) values(33900,2137,'2018款 2.0L 自动智享豪华版 国V','2018款',2,1,139900,139900);
insert into t_car_model(cm_id , cs_id , cm_name,cm_type ,cm_order , cm_state , cm_min_price , cm_max_price) values(26908,2137,'2016款 2.0L 手动两驱版GL','2016款',1,1,144800,144800);
insert into t_car_model(cm_id , cs_id , cm_name,cm_type ,cm_order , cm_state , cm_min_price , cm_max_price) values(26909,2137,'2016款 2.0L 自动两驱版GL','2016款',2,1,158800,158800);
insert into t_car_model(cm_id , cs_id , cm_name,cm_type ,cm_order , cm_state , cm_min_price , cm_max_price) values(26910,2137,'2016款 2.0L 自动两驱版GLS','2016款',3,1,172800,172800);
insert into t_car_model(cm_id , cs_id , cm_name,cm_type ,cm_order , cm_state , cm_min_price , cm_max_price) values(26911,2137,'2016款 2.0L 自动两驱版DLX','2016款',4,1,177800,177800);
insert into t_car_model(cm_id , cs_id , cm_name,cm_type ,cm_order , cm_state , cm_min_price , cm_max_price) values(26912,2137,'2016款 2.0L 自动两驱版Premium','2016款',5,1,189800,189800);
insert into t_car_model(cm_id , cs_id , cm_name,cm_type ,cm_order , cm_state , cm_min_price , cm_max_price) values(20445,2137,'2015款 2.0L 手动两驱版GL','2015款',1,1,144800,144800);
insert into t_car_model(cm_id , cs_id , cm_name,cm_type ,cm_order , cm_state , cm_min_price , cm_max_price) values(20210,2137,'2015款 2.0L 自动两驱版GL','2015款',2,1,158800,158800);
insert into t_car_model(cm_id , cs_id , cm_name,cm_type ,cm_order , cm_state , cm_min_price , cm_max_price) values(20446,2137,'2015款 2.0L 手动两驱版GLS','2015款',3,1,162800,162800);
insert into t_car_model(cm_id , cs_id , cm_name,cm_type ,cm_order , cm_state , cm_min_price , cm_max_price) values(20447,2137,'2015款 2.0L 自动两驱版GLS','2015款',4,1,172800,172800);
insert into t_car_model(cm_id , cs_id , cm_name,cm_type ,cm_order , cm_state , cm_min_price , cm_max_price) values(20448,2137,'2015款 2.0L 自动四驱版GLS','2015款',5,1,199800,199800);
insert into t_car_model(cm_id , cs_id , cm_name,cm_type ,cm_order , cm_state , cm_min_price , cm_max_price) values(20209,2137,'2015款 2.0L 自动两驱版DLX','2015款',6,1,177800,177800);
insert into t_car_model(cm_id , cs_id , cm_name,cm_type ,cm_order , cm_state , cm_min_price , cm_max_price) values(20449,2137,'2015款 2.0L 自动两驱版Premium','2015款',7,1,189800,189800);
insert into t_car_model(cm_id , cs_id , cm_name,cm_type ,cm_order , cm_state , cm_min_price , cm_max_price) values(20450,2137,'2015款 2.4L 自动四驱版Premium','2015款',8,1,229800,229800);
insert into t_car_model(cm_id , cs_id , cm_name,cm_type ,cm_order , cm_state , cm_min_price , cm_max_price) values(16627,2137,'2014款 2.0L 手动两驱版GL','2014款',1,1,164800,164800);
insert into t_car_model(cm_id , cs_id , cm_name,cm_type ,cm_order , cm_state , cm_min_price , cm_max_price) values(16628,2137,'2014款 2.0L 自动两驱版GL','2014款',2,1,178800,178800);
insert into t_car_model(cm_id , cs_id , cm_name,cm_type ,cm_order , cm_state , cm_min_price , cm_max_price) values(16629,2137,'2014款 2.0L 手动两驱版GLS','2014款',3,1,182800,182800);
insert into t_car_model(cm_id , cs_id , cm_name,cm_type ,cm_order , cm_state , cm_min_price , cm_max_price) values(16630,2137,'2014款 2.0L 自动两驱版GLS','2014款',4,1,192800,192800);
insert into t_car_model(cm_id , cs_id , cm_name,cm_type ,cm_order , cm_state , cm_min_price , cm_max_price) values(16631,2137,'2014款 2.0L 自动四驱版GLS','2014款',5,1,219800,219800);
insert into t_car_model(cm_id , cs_id , cm_name,cm_type ,cm_order , cm_state , cm_min_price , cm_max_price) values(16632,2137,'2014款 2.0L 自动两驱版DLX','2014款',6,1,197800,197800);
insert into t_car_model(cm_id , cs_id , cm_name,cm_type ,cm_order , cm_state , cm_min_price , cm_max_price) values(16633,2137,'2014款 2.0L 自动两驱版Premium','2014款',7,1,209800,209800);
insert into t_car_model(cm_id , cs_id , cm_name,cm_type ,cm_order , cm_state , cm_min_price , cm_max_price) values(16634,2137,'2014款 2.0L 自动两驱版Premium Special','2014款',8,1,212800,212800);
insert into t_car_model(cm_id , cs_id , cm_name,cm_type ,cm_order , cm_state , cm_min_price , cm_max_price) values(16635,2137,'2014款 2.4L 自动四驱版GLS','2014款',9,1,229800,229800);
insert into t_car_model(cm_id , cs_id , cm_name,cm_type ,cm_order , cm_state , cm_min_price , cm_max_price) values(16636,2137,'2014款 2.4L 自动四驱版Premium','2014款',10,1,249800,249800);
insert into t_car_model(cm_id , cs_id , cm_name,cm_type ,cm_order , cm_state , cm_min_price , cm_max_price) values(11245,2137,'2012款 2.0L 手动两驱版GL','2012款',1,1,164800,164800);
insert into t_car_model(cm_id , cs_id , cm_name,cm_type ,cm_order , cm_state , cm_min_price , cm_max_price) values(11246,2137,'2012款 2.0L 自动两驱版GL','2012款',2,1,178800,178800);
insert into t_car_model(cm_id , cs_id , cm_name,cm_type ,cm_order , cm_state , cm_min_price , cm_max_price) values(11247,2137,'2012款 2.0L 手动两驱版GLS','2012款',3,1,182800,182800);
insert into t_car_model(cm_id , cs_id , cm_name,cm_type ,cm_order , cm_state , cm_min_price , cm_max_price) values(11248,2137,'2012款 2.0L 自动两驱版GLS','2012款',4,1,192800,192800);
insert into t_car_model(cm_id , cs_id , cm_name,cm_type ,cm_order , cm_state , cm_min_price , cm_max_price) values(11249,2137,'2012款 2.0L 自动四驱版GLS','2012款',5,1,212800,212800);
insert into t_car_model(cm_id , cs_id , cm_name,cm_type ,cm_order , cm_state , cm_min_price , cm_max_price) values(11250,2137,'2012款 2.0L 自动两驱版NAVI','2012款',6,1,209800,209800);
insert into t_car_model(cm_id , cs_id , cm_name,cm_type ,cm_order , cm_state , cm_min_price , cm_max_price) values(11251,2137,'2012款 2.4L 自动四驱版GLS','2012款',7,1,229800,229800);
insert into t_car_model(cm_id , cs_id , cm_name,cm_type ,cm_order , cm_state , cm_min_price , cm_max_price) values(11240,2137,'2012款 2.4L 自动四驱版Premium','2012款',8,1,249800,249800);
insert into t_car_model(cm_id , cs_id , cm_name,cm_type ,cm_order , cm_state , cm_min_price , cm_max_price) values(7652,2137,'2011款 2.0L 手动两驱版GL','2011款',1,1,164800,164800);
insert into t_car_model(cm_id , cs_id , cm_name,cm_type ,cm_order , cm_state , cm_min_price , cm_max_price) values(8599,2137,'2011款 2.0L 自动两驱版GL','2011款',2,1,178800,178800);
insert into t_car_model(cm_id , cs_id , cm_name,cm_type ,cm_order , cm_state , cm_min_price , cm_max_price) values(8600,2137,'2011款 2.0L 手动两驱版GLS','2011款',3,1,182800,182800);
insert into t_car_model(cm_id , cs_id , cm_name,cm_type ,cm_order , cm_state , cm_min_price , cm_max_price) values(8601,2137,'2011款 2.0L 自动两驱版GLS','2011款',4,1,192800,192800);
insert into t_car_model(cm_id , cs_id , cm_name,cm_type ,cm_order , cm_state , cm_min_price , cm_max_price) values(8602,2137,'2011款 2.0L 自动四驱版GLS','2011款',5,1,212800,212800);
insert into t_car_model(cm_id , cs_id , cm_name,cm_type ,cm_order , cm_state , cm_min_price , cm_max_price) values(8604,2137,'2011款 2.4L 自动四驱版GLS','2011款',6,1,229800,229800);
insert into t_car_model(cm_id , cs_id , cm_name,cm_type ,cm_order , cm_state , cm_min_price , cm_max_price) values(8603,2137,'2011款 2.0L 自动两驱版Premium','2011款',7,1,208800,208800);
insert into t_car_model(cm_id , cs_id , cm_name,cm_type ,cm_order , cm_state , cm_min_price , cm_max_price) values(8605,2137,'2011款 2.4L 自动四驱版Premium','2011款',8,1,249800,249800);
insert into t_car_series(cs_id,cbf_id,cs_name,cs_order,cs_letter) values(4200,57,'起亚KX7',3756,'Q');
insert into t_car_model(cm_id , cs_id , cm_name,cm_type ,cm_order , cm_state , cm_min_price , cm_max_price) values(49880,4200,'2020款 2.0T 自动两驱GL 7座','2020款',1,1,214800,214800);
insert into t_car_model(cm_id , cs_id , cm_name,cm_type ,cm_order , cm_state , cm_min_price , cm_max_price) values(49881,4200,'2020款 2.0T 自动两驱GLS 7座','2020款',2,1,224800,224800);
insert into t_car_model(cm_id , cs_id , cm_name,cm_type ,cm_order , cm_state , cm_min_price , cm_max_price) values(49882,4200,'2020款 2.0T 自动四驱DLX 7座','2020款',3,1,244800,244800);
insert into t_car_model(cm_id , cs_id , cm_name,cm_type ,cm_order , cm_state , cm_min_price , cm_max_price) values(49883,4200,'2020款 2.0T 自动四驱LUX 7座','2020款',4,1,276800,276800);
insert into t_car_model(cm_id , cs_id , cm_name,cm_type ,cm_order , cm_state , cm_min_price , cm_max_price) values(29585,4200,'2017款 2.0L 自动两驱SMART 5座','2017款',1,1,179800,179800);
insert into t_car_model(cm_id , cs_id , cm_name,cm_type ,cm_order , cm_state , cm_min_price , cm_max_price) values(29586,4200,'2017款 2.0L 自动两驱GL 5座','2017款',2,1,186800,186800);
insert into t_car_model(cm_id , cs_id , cm_name,cm_type ,cm_order , cm_state , cm_min_price , cm_max_price) values(29799,4200,'2017款 2.0L 自动两驱GLS 5座','2017款',3,1,194800,194800);
insert into t_car_model(cm_id , cs_id , cm_name,cm_type ,cm_order , cm_state , cm_min_price , cm_max_price) values(29453,4200,'2017款 2.4L 自动两驱GLS 5座','2017款',4,1,214800,214800);
insert into t_car_model(cm_id , cs_id , cm_name,cm_type ,cm_order , cm_state , cm_min_price , cm_max_price) values(29587,4200,'2017款 2.0T 自动两驱GL 7座','2017款',5,1,214800,214800);
insert into t_car_model(cm_id , cs_id , cm_name,cm_type ,cm_order , cm_state , cm_min_price , cm_max_price) values(29588,4200,'2017款 2.0T 自动两驱GLS 7座','2017款',6,1,224800,224800);
insert into t_car_model(cm_id , cs_id , cm_name,cm_type ,cm_order , cm_state , cm_min_price , cm_max_price) values(29589,4200,'2017款 2.0T 自动四驱DLX 7座','2017款',7,1,244800,244800);
insert into t_car_model(cm_id , cs_id , cm_name,cm_type ,cm_order , cm_state , cm_min_price , cm_max_price) values(27687,4200,'2017款 2.0T 自动四驱LUX 7座','2017款',8,1,276800,276800);
insert into t_car_series(cs_id,cbf_id,cs_name,cs_order,cs_letter) values(284,57,'嘉华',3757,'J');
insert into t_car_model(cm_id , cs_id , cm_name,cm_type ,cm_order , cm_state , cm_min_price , cm_max_price) values(52975,284,'2021款 2.0T 豪华版','2021款',1,1,288900,288900);
insert into t_car_model(cm_id , cs_id , cm_name,cm_type ,cm_order , cm_state , cm_min_price , cm_max_price) values(53181,284,'2021款 2.0T 豪华科技款','2021款',2,1,299900,299900);
insert into t_car_model(cm_id , cs_id , cm_name,cm_type ,cm_order , cm_state , cm_min_price , cm_max_price) values(53182,284,'2021款 2.0T 豪华尊享款','2021款',3,1,319900,319900);
insert into t_car_model(cm_id , cs_id , cm_name,cm_type ,cm_order , cm_state , cm_min_price , cm_max_price) values(52748,284,'2021款 2.0T 旗舰版','2021款',4,1,339900,339900);
insert into t_car_model(cm_id , cs_id , cm_name,cm_type ,cm_order , cm_state , cm_min_price , cm_max_price) values(2126,284,'2006款 2.7L GL','2006款',1,1,195800,195800);
insert into t_car_model(cm_id , cs_id , cm_name,cm_type ,cm_order , cm_state , cm_min_price , cm_max_price) values(2127,284,'2006款 2.7L GLS-1','2006款',2,1,219800,219800);
insert into t_car_model(cm_id , cs_id , cm_name,cm_type ,cm_order , cm_state , cm_min_price , cm_max_price) values(2128,284,'2006款 2.7L GLS-2','2006款',3,1,229800,229800);
insert into t_car_model(cm_id , cs_id , cm_name,cm_type ,cm_order , cm_state , cm_min_price , cm_max_price) values(2129,284,'2006款 2.7L TOP','2006款',4,1,249800,249800);
insert into t_car_model(cm_id , cs_id , cm_name,cm_type ,cm_order , cm_state , cm_min_price , cm_max_price) values(2130,284,'2006款 3.5L 尊贵版','2006款',5,1,258000,258000);
insert into t_car_model(cm_id , cs_id , cm_name,cm_type ,cm_order , cm_state , cm_min_price , cm_max_price) values(2131,284,'2006款 3.5L 顶级版TOP','2006款',6,1,288000,288000);
insert into t_car_model(cm_id , cs_id , cm_name,cm_type ,cm_order , cm_state , cm_min_price , cm_max_price) values(1461,284,'2004款 3.5L GL','2004款',1,1,218000,218000);
insert into t_car_model(cm_id , cs_id , cm_name,cm_type ,cm_order , cm_state , cm_min_price , cm_max_price) values(1042,284,'2004款 3.5L GLS','2004款',2,1,248000,248000);
insert into t_car_model(cm_id , cs_id , cm_name,cm_type ,cm_order , cm_state , cm_min_price , cm_max_price) values(1056,284,'2004款 3.5L TOP','2004款',3,1,278000,278000);
insert into t_car_series(cs_id,cbf_id,cs_name,cs_order,cs_letter) values(4505,57,'KX CROSS',3758,'K');
insert into t_car_model(cm_id , cs_id , cm_name,cm_type ,cm_order , cm_state , cm_min_price , cm_max_price) values(42394,4505,'2019款 1.4L AT GLS 国V','2019款',1,1,86900,86900);
insert into t_car_model(cm_id , cs_id , cm_name,cm_type ,cm_order , cm_state , cm_min_price , cm_max_price) values(42395,4505,'2019款 1.4L AT GLS 国VI','2019款',2,1,86900,86900);
insert into t_car_model(cm_id , cs_id , cm_name,cm_type ,cm_order , cm_state , cm_min_price , cm_max_price) values(42396,4505,'2019款 1.6L 自动灵动天窗版 国V','2019款',3,1,90900,90900);
insert into t_car_model(cm_id , cs_id , cm_name,cm_type ,cm_order , cm_state , cm_min_price , cm_max_price) values(42397,4505,'2019款 1.6L 自动灵动天窗版 国VI','2019款',4,1,90900,90900);
insert into t_car_model(cm_id , cs_id , cm_name,cm_type ,cm_order , cm_state , cm_min_price , cm_max_price) values(35509,4505,'2018款 1.6L 自动灵动天窗版','2018款',1,1,90900,90900);
insert into t_car_model(cm_id , cs_id , cm_name,cm_type ,cm_order , cm_state , cm_min_price , cm_max_price) values(31157,4505,'2017款 1.4L MT GLS','2017款',1,1,74900,74900);
insert into t_car_model(cm_id , cs_id , cm_name,cm_type ,cm_order , cm_state , cm_min_price , cm_max_price) values(31328,4505,'2017款 1.4L AT GLS','2017款',2,1,85900,85900);
insert into t_car_series(cs_id,cbf_id,cs_name,cs_order,cs_letter) values(2319,57,'起亚K2',3759,'Q');
insert into t_car_model(cm_id , cs_id , cm_name,cm_type ,cm_order , cm_state , cm_min_price , cm_max_price) values(42383,2319,'2019款 三厢 1.4L MT GL 国VI','2019款',1,1,72900,72900);
insert into t_car_model(cm_id , cs_id , cm_name,cm_type ,cm_order , cm_state , cm_min_price , cm_max_price) values(42389,2319,'2019款 三厢 1.4L MT 15周年特别版GLS 国VI','2019款',2,1,77900,77900);
insert into t_car_model(cm_id , cs_id , cm_name,cm_type ,cm_order , cm_state , cm_min_price , cm_max_price) values(42393,2319,'2019款 三厢 1.4L AT 15周年特别版GLS 国VI','2019款',3,1,88900,88900);
insert into t_car_model(cm_id , cs_id , cm_name,cm_type ,cm_order , cm_state , cm_min_price , cm_max_price) values(42387,2319,'2019款 三厢 1.6L AT Premium 国VI','2019款',4,1,103900,103900);
insert into t_car_model(cm_id , cs_id , cm_name,cm_type ,cm_order , cm_state , cm_min_price , cm_max_price) values(42382,2319,'2019款 三厢 1.4L MT GL 国V','2019款',5,1,72900,72900);
insert into t_car_model(cm_id , cs_id , cm_name,cm_type ,cm_order , cm_state , cm_min_price , cm_max_price) values(42390,2319,'2019款 三厢 1.4L MT 15周年特别版GLS 国V','2019款',6,1,77900,77900);
insert into t_car_model(cm_id , cs_id , cm_name,cm_type ,cm_order , cm_state , cm_min_price , cm_max_price) values(42392,2319,'2019款 三厢 1.4L AT 15周年特别版GLS 国V','2019款',7,1,88900,88900);
insert into t_car_model(cm_id , cs_id , cm_name,cm_type ,cm_order , cm_state , cm_min_price , cm_max_price) values(42386,2319,'2019款 三厢 1.6L AT Premium 国V','2019款',8,1,103900,103900);
insert into t_car_model(cm_id , cs_id , cm_name,cm_type ,cm_order , cm_state , cm_min_price , cm_max_price) values(28296,2319,'2017款 三厢 1.4L MT DLX','2017款',1,1,85900,85900);
insert into t_car_model(cm_id , cs_id , cm_name,cm_type ,cm_order , cm_state , cm_min_price , cm_max_price) values(28294,2319,'2017款 三厢 1.4L MT GL','2017款',2,1,72900,72900);
insert into t_car_model(cm_id , cs_id , cm_name,cm_type ,cm_order , cm_state , cm_min_price , cm_max_price) values(28295,2319,'2017款 三厢 1.4L MT GLS','2017款',3,1,77900,77900);
insert into t_car_model(cm_id , cs_id , cm_name,cm_type ,cm_order , cm_state , cm_min_price , cm_max_price) values(32334,2319,'2017款 三厢 1.4L MT 15周年特别版GLS','2017款',4,1,77900,77900);
insert into t_car_model(cm_id , cs_id , cm_name,cm_type ,cm_order , cm_state , cm_min_price , cm_max_price) values(28284,2319,'2017款 三厢 1.4L AT GLS','2017款',5,1,88900,88900);
insert into t_car_model(cm_id , cs_id , cm_name,cm_type ,cm_order , cm_state , cm_min_price , cm_max_price) values(32335,2319,'2017款 三厢 1.4L AT 15周年特别版GLS','2017款',6,1,88900,88900);
insert into t_car_model(cm_id , cs_id , cm_name,cm_type ,cm_order , cm_state , cm_min_price , cm_max_price) values(27860,2319,'2017款  三厢 1.6L AT Premium','2017款',7,1,103900,103900);
insert into t_car_model(cm_id , cs_id , cm_name,cm_type ,cm_order , cm_state , cm_min_price , cm_max_price) values(22292,2319,'2015款 两厢 1.4L MT GL','2015款',1,1,72900,72900);
insert into t_car_model(cm_id , cs_id , cm_name,cm_type ,cm_order , cm_state , cm_min_price , cm_max_price) values(22293,2319,'2015款 两厢 1.4L MT GLS','2015款',2,1,77900,77900);
insert into t_car_model(cm_id , cs_id , cm_name,cm_type ,cm_order , cm_state , cm_min_price , cm_max_price) values(22295,2319,'2015款 两厢 1.4L MT GLS炫酷版','2015款',3,1,79900,79900);
insert into t_car_model(cm_id , cs_id , cm_name,cm_type ,cm_order , cm_state , cm_min_price , cm_max_price) values(22294,2319,'2015款 两厢 1.4L AT GLS','2015款',4,1,85900,85900);
insert into t_car_model(cm_id , cs_id , cm_name,cm_type ,cm_order , cm_state , cm_min_price , cm_max_price) values(22296,2319,'2015款 两厢 1.4L AT GLS炫酷版','2015款',5,1,87900,87900);
insert into t_car_model(cm_id , cs_id , cm_name,cm_type ,cm_order , cm_state , cm_min_price , cm_max_price) values(22297,2319,'2015款 两厢 1.6L AT Premium','2015款',6,1,101900,101900);
insert into t_car_model(cm_id , cs_id , cm_name,cm_type ,cm_order , cm_state , cm_min_price , cm_max_price) values(20854,2319,'2015款 三厢 1.4L MT GL','2015款',7,1,72900,72900);
insert into t_car_model(cm_id , cs_id , cm_name,cm_type ,cm_order , cm_state , cm_min_price , cm_max_price) values(20855,2319,'2015款 三厢 1.4L MT GLS','2015款',8,1,77900,77900);
insert into t_car_model(cm_id , cs_id , cm_name,cm_type ,cm_order , cm_state , cm_min_price , cm_max_price) values(20849,2319,'2015款 三厢 1.4L MT TOP','2015款',9,1,84900,84900);
insert into t_car_model(cm_id , cs_id , cm_name,cm_type ,cm_order , cm_state , cm_min_price , cm_max_price) values(20762,2319,'2015款 三厢 1.4L AT GLS','2015款',10,1,85900,85900);
insert into t_car_model(cm_id , cs_id , cm_name,cm_type ,cm_order , cm_state , cm_min_price , cm_max_price) values(20850,2319,'2015款 三厢 1.4L AT TOP','2015款',11,1,92900,92900);
insert into t_car_model(cm_id , cs_id , cm_name,cm_type ,cm_order , cm_state , cm_min_price , cm_max_price) values(20851,2319,'2015款 三厢 1.4L AT Premium','2015款',12,1,99900,99900);
insert into t_car_model(cm_id , cs_id , cm_name,cm_type ,cm_order , cm_state , cm_min_price , cm_max_price) values(20852,2319,'2015款 三厢 1.6L AT Premium','2015款',13,1,101900,101900);
insert into t_car_model(cm_id , cs_id , cm_name,cm_type ,cm_order , cm_state , cm_min_price , cm_max_price) values(13551,2319,'2012款 三厢 1.4L MT GL纪念版','2012款',1,1,72900,72900);
insert into t_car_model(cm_id , cs_id , cm_name,cm_type ,cm_order , cm_state , cm_min_price , cm_max_price) values(13552,2319,'2012款 三厢 1.4L MT GLS纪念版','2012款',2,1,77900,77900);
insert into t_car_model(cm_id , cs_id , cm_name,cm_type ,cm_order , cm_state , cm_min_price , cm_max_price) values(13554,2319,'2012款 三厢 1.4L MT TOP纪念版','2012款',3,1,84900,84900);
insert into t_car_model(cm_id , cs_id , cm_name,cm_type ,cm_order , cm_state , cm_min_price , cm_max_price) values(13553,2319,'2012款 三厢 1.4L AT GLS纪念版','2012款',4,1,85900,85900);
insert into t_car_model(cm_id , cs_id , cm_name,cm_type ,cm_order , cm_state , cm_min_price , cm_max_price) values(13555,2319,'2012款 三厢 1.4L AT TOP纪念版','2012款',5,1,92900,92900);
insert into t_car_model(cm_id , cs_id , cm_name,cm_type ,cm_order , cm_state , cm_min_price , cm_max_price) values(13556,2319,'2012款 三厢 1.4L AT Premium ECO纪念版','2012款',6,1,99900,99900);
insert into t_car_model(cm_id , cs_id , cm_name,cm_type ,cm_order , cm_state , cm_min_price , cm_max_price) values(13557,2319,'2012款 三厢 1.6L AT Premium纪念版','2012款',7,1,99900,99900);
insert into t_car_model(cm_id , cs_id , cm_name,cm_type ,cm_order , cm_state , cm_min_price , cm_max_price) values(11900,2319,'2012款 三厢 1.6L AT Premium ECO','2012款',8,1,109900,109900);
insert into t_car_model(cm_id , cs_id , cm_name,cm_type ,cm_order , cm_state , cm_min_price , cm_max_price) values(13558,2319,'2012款 三厢 1.6L AT Premium ECO纪念版','2012款',9,1,109900,109900);
insert into t_car_model(cm_id , cs_id , cm_name,cm_type ,cm_order , cm_state , cm_min_price , cm_max_price) values(11944,2319,'2012款 两厢 1.4L MT GL','2012款',10,1,72900,72900);
insert into t_car_model(cm_id , cs_id , cm_name,cm_type ,cm_order , cm_state , cm_min_price , cm_max_price) values(11945,2319,'2012款 两厢 1.4L MT GLS','2012款',11,1,77900,77900);
insert into t_car_model(cm_id , cs_id , cm_name,cm_type ,cm_order , cm_state , cm_min_price , cm_max_price) values(13545,2319,'2012款 两厢 1.4L MT GL纪念版','2012款',12,1,72900,72900);
insert into t_car_model(cm_id , cs_id , cm_name,cm_type ,cm_order , cm_state , cm_min_price , cm_max_price) values(13546,2319,'2012款 两厢 1.4L MT GLS纪念版','2012款',13,1,77900,77900);
insert into t_car_model(cm_id , cs_id , cm_name,cm_type ,cm_order , cm_state , cm_min_price , cm_max_price) values(13547,2319,'2012款 两厢 1.4L MT 炫酷纪念版','2012款',14,1,79900,79900);
insert into t_car_model(cm_id , cs_id , cm_name,cm_type ,cm_order , cm_state , cm_min_price , cm_max_price) values(13548,2319,'2012款 两厢 1.4L AT GLS纪念版','2012款',15,1,85900,85900);
insert into t_car_model(cm_id , cs_id , cm_name,cm_type ,cm_order , cm_state , cm_min_price , cm_max_price) values(13549,2319,'2012款 两厢 1.4L AT 炫酷纪念版','2012款',16,1,87900,87900);
insert into t_car_model(cm_id , cs_id , cm_name,cm_type ,cm_order , cm_state , cm_min_price , cm_max_price) values(13550,2319,'2012款 两厢 1.6L AT Premium纪念版','2012款',17,1,99900,99900);
insert into t_car_model(cm_id , cs_id , cm_name,cm_type ,cm_order , cm_state , cm_min_price , cm_max_price) values(11946,2319,'2012款 两厢 1.4L AT GLS','2012款',18,1,85900,85900);
insert into t_car_model(cm_id , cs_id , cm_name,cm_type ,cm_order , cm_state , cm_min_price , cm_max_price) values(11412,2319,'2012款 两厢 1.6L AT Premium','2012款',19,1,99900,99900);
insert into t_car_model(cm_id , cs_id , cm_name,cm_type ,cm_order , cm_state , cm_min_price , cm_max_price) values(10522,2319,'2011款 三厢 1.4L MT GL','2011款',1,1,72900,72900);
insert into t_car_model(cm_id , cs_id , cm_name,cm_type ,cm_order , cm_state , cm_min_price , cm_max_price) values(10361,2319,'2011款 三厢 1.4L MT GLS','2011款',2,1,77900,77900);
insert into t_car_model(cm_id , cs_id , cm_name,cm_type ,cm_order , cm_state , cm_min_price , cm_max_price) values(10523,2319,'2011款 三厢 1.4L MT TOP','2011款',3,1,84900,84900);
insert into t_car_model(cm_id , cs_id , cm_name,cm_type ,cm_order , cm_state , cm_min_price , cm_max_price) values(10396,2319,'2011款 三厢 1.4L AT GLS','2011款',4,1,85900,85900);
insert into t_car_model(cm_id , cs_id , cm_name,cm_type ,cm_order , cm_state , cm_min_price , cm_max_price) values(10362,2319,'2011款 三厢 1.4L AT TOP','2011款',5,1,92900,92900);
insert into t_car_model(cm_id , cs_id , cm_name,cm_type ,cm_order , cm_state , cm_min_price , cm_max_price) values(10524,2319,'2011款 三厢 1.4L AT Premium ECO','2011款',6,1,99900,99900);
insert into t_car_model(cm_id , cs_id , cm_name,cm_type ,cm_order , cm_state , cm_min_price , cm_max_price) values(9892,2319,'2011款 三厢 1.6L AT Premium','2011款',7,1,99900,99900);
insert into t_car_series(cs_id,cbf_id,cs_name,cs_order,cs_letter) values(142,57,'千里马',3760,'Q');
insert into t_car_model(cm_id , cs_id , cm_name,cm_type ,cm_order , cm_state , cm_min_price , cm_max_price) values(2682,142,'2006款 1.3L MT纪念版','2006款',1,1,74800,74800);
insert into t_car_model(cm_id , cs_id , cm_name,cm_type ,cm_order , cm_state , cm_min_price , cm_max_price) values(2683,142,'2006款 1.3L AT纪念版','2006款',2,1,79800,79800);
insert into t_car_model(cm_id , cs_id , cm_name,cm_type ,cm_order , cm_state , cm_min_price , cm_max_price) values(2390,142,'2006款 1.6L MT增配版GL','2006款',3,1,72800,72800);
insert into t_car_model(cm_id , cs_id , cm_name,cm_type ,cm_order , cm_state , cm_min_price , cm_max_price) values(2391,142,'2006款 1.6L AT增配版GL','2006款',4,1,76800,76800);
insert into t_car_model(cm_id , cs_id , cm_name,cm_type ,cm_order , cm_state , cm_min_price , cm_max_price) values(2304,142,'2006款 1.6L MT特别版GL','2006款',5,1,81800,81800);
insert into t_car_model(cm_id , cs_id , cm_name,cm_type ,cm_order , cm_state , cm_min_price , cm_max_price) values(2305,142,'2006款 1.6L AT特别版GL','2006款',6,1,85800,85800);
insert into t_car_model(cm_id , cs_id , cm_name,cm_type ,cm_order , cm_state , cm_min_price , cm_max_price) values(1346,142,'2005款 1.3L MT DLX','2005款',1,1,62800,62800);
insert into t_car_model(cm_id , cs_id , cm_name,cm_type ,cm_order , cm_state , cm_min_price , cm_max_price) values(1345,142,'2005款 1.3L MT GL','2005款',2,1,65800,65800);
insert into t_car_model(cm_id , cs_id , cm_name,cm_type ,cm_order , cm_state , cm_min_price , cm_max_price) values(1344,142,'2005款 1.3L AT GL','2005款',3,1,72800,72800);
insert into t_car_model(cm_id , cs_id , cm_name,cm_type ,cm_order , cm_state , cm_min_price , cm_max_price) values(1819,142,'2005款 1.6L MT GL','2005款',4,1,72800,72800);
insert into t_car_model(cm_id , cs_id , cm_name,cm_type ,cm_order , cm_state , cm_min_price , cm_max_price) values(1341,142,'2005款 1.6L MT GLS','2005款',5,1,82800,82800);
insert into t_car_model(cm_id , cs_id , cm_name,cm_type ,cm_order , cm_state , cm_min_price , cm_max_price) values(1340,142,'2005款 1.6L AT GLS','2005款',6,1,89800,89800);
insert into t_car_model(cm_id , cs_id , cm_name,cm_type ,cm_order , cm_state , cm_min_price , cm_max_price) values(1342,142,'2005款 1.6L MT天窗版GLS','2005款',7,1,84800,84800);
insert into t_car_model(cm_id , cs_id , cm_name,cm_type ,cm_order , cm_state , cm_min_price , cm_max_price) values(1343,142,'2005款 1.6L AT天窗版GLS','2005款',8,1,91800,91800);
insert into t_car_model(cm_id , cs_id , cm_name,cm_type ,cm_order , cm_state , cm_min_price , cm_max_price) values(438,142,'2004款 1.3L MT','2004款',1,1,70000,70000);
insert into t_car_model(cm_id , cs_id , cm_name,cm_type ,cm_order , cm_state , cm_min_price , cm_max_price) values(18,142,'2004款 1.3L AT','2004款',2,1,80800,80800);
insert into t_car_model(cm_id , cs_id , cm_name,cm_type ,cm_order , cm_state , cm_min_price , cm_max_price) values(439,142,'2004款 1.6L MT','2004款',3,1,98800,98800);
insert into t_car_model(cm_id , cs_id , cm_name,cm_type ,cm_order , cm_state , cm_min_price , cm_max_price) values(440,142,'2004款 1.6L AT','2004款',4,1,102800,102800);
insert into t_car_model(cm_id , cs_id , cm_name,cm_type ,cm_order , cm_state , cm_min_price , cm_max_price) values(441,142,'2004款 1.6L MT天窗版','2004款',5,1,97800,97800);
insert into t_car_model(cm_id , cs_id , cm_name,cm_type ,cm_order , cm_state , cm_min_price , cm_max_price) values(442,142,'2004款 1.6L AT天窗版','2004款',6,1,104800,104800);
insert into t_car_series(cs_id,cbf_id,cs_name,cs_order,cs_letter) values(454,57,'锐欧',3761,'R');
insert into t_car_model(cm_id , cs_id , cm_name,cm_type ,cm_order , cm_state , cm_min_price , cm_max_price) values(2766,454,'2007款 1.4L MT GL','2007款',1,1,69800,69800);
insert into t_car_model(cm_id , cs_id , cm_name,cm_type ,cm_order , cm_state , cm_min_price , cm_max_price) values(2773,454,'2007款 1.4L MT','2007款',2,1,71800,71800);
insert into t_car_model(cm_id , cs_id , cm_name,cm_type ,cm_order , cm_state , cm_min_price , cm_max_price) values(20773,454,'2007款 1.4L AT GL','2007款',3,1,73800,73800);
insert into t_car_model(cm_id , cs_id , cm_name,cm_type ,cm_order , cm_state , cm_min_price , cm_max_price) values(2729,454,'2007款 1.4L MT GLS','2007款',4,1,77800,77800);
insert into t_car_model(cm_id , cs_id , cm_name,cm_type ,cm_order , cm_state , cm_min_price , cm_max_price) values(2767,454,'2007款 1.4L AT GLS','2007款',5,1,84800,84800);
insert into t_car_model(cm_id , cs_id , cm_name,cm_type ,cm_order , cm_state , cm_min_price , cm_max_price) values(2768,454,'2007款 1.6L MT GLS','2007款',6,1,91800,91800);
insert into t_car_model(cm_id , cs_id , cm_name,cm_type ,cm_order , cm_state , cm_min_price , cm_max_price) values(2730,454,'2007款 1.6L AT GLS','2007款',7,1,104800,104800);
insert into t_car_series(cs_id,cbf_id,cs_name,cs_order,cs_letter) values(876,57,'秀尔',3762,'X');
insert into t_car_model(cm_id , cs_id , cm_name,cm_type ,cm_order , cm_state , cm_min_price , cm_max_price) values(16025,876,'2013款 1.6L MT GL','2013款',1,1,103800,103800);
insert into t_car_model(cm_id , cs_id , cm_name,cm_type ,cm_order , cm_state , cm_min_price , cm_max_price) values(16026,876,'2013款 1.6L AT GL','2013款',2,1,114800,114800);
insert into t_car_model(cm_id , cs_id , cm_name,cm_type ,cm_order , cm_state , cm_min_price , cm_max_price) values(16027,876,'2013款 1.6L MT GLS','2013款',3,1,115800,115800);
insert into t_car_model(cm_id , cs_id , cm_name,cm_type ,cm_order , cm_state , cm_min_price , cm_max_price) values(16028,876,'2013款 1.6L AT Premium','2013款',4,1,127800,127800);
insert into t_car_model(cm_id , cs_id , cm_name,cm_type ,cm_order , cm_state , cm_min_price , cm_max_price) values(11451,876,'2012款 1.6L MT GL','2012款',1,1,103800,103800);
insert into t_car_model(cm_id , cs_id , cm_name,cm_type ,cm_order , cm_state , cm_min_price , cm_max_price) values(11452,876,'2012款 1.6L AT GL','2012款',2,1,114800,114800);
insert into t_car_model(cm_id , cs_id , cm_name,cm_type ,cm_order , cm_state , cm_min_price , cm_max_price) values(11453,876,'2012款 1.6L MT GLS','2012款',3,1,115800,115800);
insert into t_car_model(cm_id , cs_id , cm_name,cm_type ,cm_order , cm_state , cm_min_price , cm_max_price) values(11454,876,'2012款 1.6L AT GLS','2012款',4,1,125800,125800);
insert into t_car_model(cm_id , cs_id , cm_name,cm_type ,cm_order , cm_state , cm_min_price , cm_max_price) values(11455,876,'2012款 1.6L AT Premium','2012款',5,1,127800,127800);
insert into t_car_model(cm_id , cs_id , cm_name,cm_type ,cm_order , cm_state , cm_min_price , cm_max_price) values(6320,876,'2010款 1.6L MT GL','2010款',1,1,103800,103800);
insert into t_car_model(cm_id , cs_id , cm_name,cm_type ,cm_order , cm_state , cm_min_price , cm_max_price) values(6363,876,'2010款 1.6L AT GL','2010款',2,1,114800,114800);
insert into t_car_model(cm_id , cs_id , cm_name,cm_type ,cm_order , cm_state , cm_min_price , cm_max_price) values(6364,876,'2010款 1.6L MT GLS','2010款',3,1,115800,115800);
insert into t_car_model(cm_id , cs_id , cm_name,cm_type ,cm_order , cm_state , cm_min_price , cm_max_price) values(6365,876,'2010款 1.6L AT GLS','2010款',4,1,125800,125800);
insert into t_car_model(cm_id , cs_id , cm_name,cm_type ,cm_order , cm_state , cm_min_price , cm_max_price) values(6366,876,'2010款 1.6L AT Premium','2010款',5,1,127800,127800);
insert into t_car_model(cm_id , cs_id , cm_name,cm_type ,cm_order , cm_state , cm_min_price , cm_max_price) values(5696,876,'2010款 2.0L MT GLS','2010款',6,1,128800,128800);
insert into t_car_model(cm_id , cs_id , cm_name,cm_type ,cm_order , cm_state , cm_min_price , cm_max_price) values(6367,876,'2010款 2.0L AT Premium','2010款',7,1,141800,141800);
insert into t_car_series(cs_id,cbf_id,cs_name,cs_order,cs_letter) values(413,57,'赛拉图',3763,'S');
insert into t_car_model(cm_id , cs_id , cm_name,cm_type ,cm_order , cm_state , cm_min_price , cm_max_price) values(11506,413,'2012款 1.6L MT GL','2012款',1,1,89800,89800);
insert into t_car_model(cm_id , cs_id , cm_name,cm_type ,cm_order , cm_state , cm_min_price , cm_max_price) values(12350,413,'2012款 1.6L AT GL','2012款',2,1,100800,100800);
insert into t_car_model(cm_id , cs_id , cm_name,cm_type ,cm_order , cm_state , cm_min_price , cm_max_price) values(12352,413,'2012款 1.8L MT TOP','2012款',3,1,123800,123800);
insert into t_car_model(cm_id , cs_id , cm_name,cm_type ,cm_order , cm_state , cm_min_price , cm_max_price) values(11418,413,'2012款 1.6L MT GLS','2012款',4,1,103800,103800);
insert into t_car_model(cm_id , cs_id , cm_name,cm_type ,cm_order , cm_state , cm_min_price , cm_max_price) values(12351,413,'2012款 1.6L AT GLS','2012款',5,1,114800,114800);
insert into t_car_model(cm_id , cs_id , cm_name,cm_type ,cm_order , cm_state , cm_min_price , cm_max_price) values(12353,413,'2012款 1.8L AT TOP','2012款',6,1,133800,133800);
insert into t_car_model(cm_id , cs_id , cm_name,cm_type ,cm_order , cm_state , cm_min_price , cm_max_price) values(7517,413,'2010款 1.6L MT GL','2010款',1,1,89800,89800);
insert into t_car_model(cm_id , cs_id , cm_name,cm_type ,cm_order , cm_state , cm_min_price , cm_max_price) values(7518,413,'2010款 1.6 AT GL','2010款',2,1,100800,100800);
insert into t_car_model(cm_id , cs_id , cm_name,cm_type ,cm_order , cm_state , cm_min_price , cm_max_price) values(7519,413,'2010款 1.6L MT GLS','2010款',3,1,103800,103800);
insert into t_car_model(cm_id , cs_id , cm_name,cm_type ,cm_order , cm_state , cm_min_price , cm_max_price) values(7521,413,'2010款 1.8L MT TOP','2010款',4,1,123800,123800);
insert into t_car_model(cm_id , cs_id , cm_name,cm_type ,cm_order , cm_state , cm_min_price , cm_max_price) values(7522,413,'2010款 1.8L AT TOP','2010款',5,1,133800,133800);
insert into t_car_model(cm_id , cs_id , cm_name,cm_type ,cm_order , cm_state , cm_min_price , cm_max_price) values(7520,413,'2010款 1.6L AT GLS','2010款',6,1,114800,114800);
insert into t_car_model(cm_id , cs_id , cm_name,cm_type ,cm_order , cm_state , cm_min_price , cm_max_price) values(3595,413,'2008款 欧风 1.6 MT GL','2008款',1,1,88800,88800);
insert into t_car_model(cm_id , cs_id , cm_name,cm_type ,cm_order , cm_state , cm_min_price , cm_max_price) values(3295,413,'2008款 欧风 1.6 MT GLS','2008款',2,1,102800,102800);
insert into t_car_model(cm_id , cs_id , cm_name,cm_type ,cm_order , cm_state , cm_min_price , cm_max_price) values(3707,413,'2008款 欧风 1.6 AT GL','2008款',3,1,99800,99800);
insert into t_car_model(cm_id , cs_id , cm_name,cm_type ,cm_order , cm_state , cm_min_price , cm_max_price) values(3588,413,'2008款 欧风 1.6 AT GLS','2008款',4,1,113800,113800);
insert into t_car_model(cm_id , cs_id , cm_name,cm_type ,cm_order , cm_state , cm_min_price , cm_max_price) values(3452,413,'2007款 1.6L MT GL','2007款',1,1,93800,93800);
insert into t_car_model(cm_id , cs_id , cm_name,cm_type ,cm_order , cm_state , cm_min_price , cm_max_price) values(3453,413,'2007款 1.6L AT GL','2007款',2,1,104800,104800);
insert into t_car_model(cm_id , cs_id , cm_name,cm_type ,cm_order , cm_state , cm_min_price , cm_max_price) values(3436,413,'2007款 1.6L MT GLS','2007款',3,1,107800,107800);
insert into t_car_model(cm_id , cs_id , cm_name,cm_type ,cm_order , cm_state , cm_min_price , cm_max_price) values(3454,413,'2007款 1.6L AT GLS','2007款',4,1,118800,118800);
insert into t_car_model(cm_id , cs_id , cm_name,cm_type ,cm_order , cm_state , cm_min_price , cm_max_price) values(3455,413,'2007款 1.8L MT TOP','2007款',5,1,127800,127800);
insert into t_car_model(cm_id , cs_id , cm_name,cm_type ,cm_order , cm_state , cm_min_price , cm_max_price) values(3456,413,'2007款 1.8L AT TOP','2007款',6,1,137800,137800);
insert into t_car_model(cm_id , cs_id , cm_name,cm_type ,cm_order , cm_state , cm_min_price , cm_max_price) values(2515,413,'2006款 1.6L MT GL','2006款',1,1,93800,93800);
insert into t_car_model(cm_id , cs_id , cm_name,cm_type ,cm_order , cm_state , cm_min_price , cm_max_price) values(2516,413,'2006款 1.6L AT GL','2006款',2,1,104800,104800);
insert into t_car_model(cm_id , cs_id , cm_name,cm_type ,cm_order , cm_state , cm_min_price , cm_max_price) values(2517,413,'2006款 1.6L MT GLS','2006款',3,1,107800,107800);
insert into t_car_model(cm_id , cs_id , cm_name,cm_type ,cm_order , cm_state , cm_min_price , cm_max_price) values(2518,413,'2006款 1.6L AT GLS','2006款',4,1,118800,118800);
insert into t_car_model(cm_id , cs_id , cm_name,cm_type ,cm_order , cm_state , cm_min_price , cm_max_price) values(2519,413,'2006款 1.8L MT GLS','2006款',5,1,116800,116800);
insert into t_car_model(cm_id , cs_id , cm_name,cm_type ,cm_order , cm_state , cm_min_price , cm_max_price) values(2520,413,'2006款 1.8L AT GLS','2006款',6,1,126800,126800);
insert into t_car_model(cm_id , cs_id , cm_name,cm_type ,cm_order , cm_state , cm_min_price , cm_max_price) values(2521,413,'2006款 1.8L MT SPORTS','2006款',7,1,127800,127800);
insert into t_car_model(cm_id , cs_id , cm_name,cm_type ,cm_order , cm_state , cm_min_price , cm_max_price) values(2522,413,'2006款 1.8L AT SPORTS','2006款',8,1,137800,137800);
insert into t_car_model(cm_id , cs_id , cm_name,cm_type ,cm_order , cm_state , cm_min_price , cm_max_price) values(1773,413,'2005款 1.6L MT GL','2005款',1,1,107800,107800);
insert into t_car_model(cm_id , cs_id , cm_name,cm_type ,cm_order , cm_state , cm_min_price , cm_max_price) values(1676,413,'2005款 1.6L AT GL','2005款',2,1,117800,117800);
insert into t_car_model(cm_id , cs_id , cm_name,cm_type ,cm_order , cm_state , cm_min_price , cm_max_price) values(1794,413,'2005款 1.6L MT GLS','2005款',3,1,116800,116800);
insert into t_car_model(cm_id , cs_id , cm_name,cm_type ,cm_order , cm_state , cm_min_price , cm_max_price) values(1924,413,'2005款 1.6L MT GLS-2','2005款',4,1,120800,120800);
insert into t_car_model(cm_id , cs_id , cm_name,cm_type ,cm_order , cm_state , cm_min_price , cm_max_price) values(1795,413,'2005款 1.6L AT GLS','2005款',5,1,131800,131800);
insert into t_car_model(cm_id , cs_id , cm_name,cm_type ,cm_order , cm_state , cm_min_price , cm_max_price) values(1775,413,'2005款 1.8L MT GLS','2005款',6,1,132800,132800);
insert into t_car_model(cm_id , cs_id , cm_name,cm_type ,cm_order , cm_state , cm_min_price , cm_max_price) values(1796,413,'2005款 1.8L AT GLS','2005款',7,1,142800,142800);
insert into t_car_model(cm_id , cs_id , cm_name,cm_type ,cm_order , cm_state , cm_min_price , cm_max_price) values(1840,413,'2005款 1.8L MT SPORTS','2005款',8,1,143800,143800);
insert into t_car_model(cm_id , cs_id , cm_name,cm_type ,cm_order , cm_state , cm_min_price , cm_max_price) values(1841,413,'2005款 1.8L AT SPORTS','2005款',9,1,153800,153800);
insert into t_car_series(cs_id,cbf_id,cs_name,cs_order,cs_letter) values(3385,57,'起亚K3S',3764,'Q');
insert into t_car_model(cm_id , cs_id , cm_name,cm_type ,cm_order , cm_state , cm_min_price , cm_max_price) values(18598,3385,'2014款 1.6L 手动GL','2014款',1,1,101800,101800);
insert into t_car_model(cm_id , cs_id , cm_name,cm_type ,cm_order , cm_state , cm_min_price , cm_max_price) values(18599,3385,'2014款 1.6L 自动GL','2014款',2,1,111800,111800);
insert into t_car_model(cm_id , cs_id , cm_name,cm_type ,cm_order , cm_state , cm_min_price , cm_max_price) values(18600,3385,'2014款 1.6L 手动GLS','2014款',3,1,114800,114800);
insert into t_car_model(cm_id , cs_id , cm_name,cm_type ,cm_order , cm_state , cm_min_price , cm_max_price) values(18601,3385,'2014款 1.6L 自动GLS','2014款',4,1,124800,124800);
insert into t_car_model(cm_id , cs_id , cm_name,cm_type ,cm_order , cm_state , cm_min_price , cm_max_price) values(18602,3385,'2014款 1.6L 自动DLX','2014款',5,1,131800,131800);
insert into t_car_model(cm_id , cs_id , cm_name,cm_type ,cm_order , cm_state , cm_min_price , cm_max_price) values(18312,3385,'2014款 1.6L 自动Premium','2014款',6,1,143800,143800);
insert into t_car_series(cs_id,cbf_id,cs_name,cs_order,cs_letter) values(4523,57,'凯绅',3765,'K');
insert into t_car_model(cm_id , cs_id , cm_name,cm_type ,cm_order , cm_state , cm_min_price , cm_max_price) values(42374,4523,'2019款 1.8L 自动GL','2019款',1,1,130300,130300);
insert into t_car_model(cm_id , cs_id , cm_name,cm_type ,cm_order , cm_state , cm_min_price , cm_max_price) values(42375,4523,'2019款 1.8L 自动GLS','2019款',2,1,139800,139800);
insert into t_car_model(cm_id , cs_id , cm_name,cm_type ,cm_order , cm_state , cm_min_price , cm_max_price) values(42376,4523,'2019款 1.8L 自动DLX','2019款',3,1,149800,149800);
insert into t_car_model(cm_id , cs_id , cm_name,cm_type ,cm_order , cm_state , cm_min_price , cm_max_price) values(42377,4523,'2019款 1.6T 自动GLS','2019款',4,1,149800,149800);
insert into t_car_model(cm_id , cs_id , cm_name,cm_type ,cm_order , cm_state , cm_min_price , cm_max_price) values(31595,4523,'2017款 1.8L 自动GL','2017款',1,1,128800,128800);
insert into t_car_model(cm_id , cs_id , cm_name,cm_type ,cm_order , cm_state , cm_min_price , cm_max_price) values(31596,4523,'2017款 1.8L 自动GLS','2017款',2,1,139800,139800);
insert into t_car_model(cm_id , cs_id , cm_name,cm_type ,cm_order , cm_state , cm_min_price , cm_max_price) values(31597,4523,'2017款 1.8L 自动DLX','2017款',3,1,149800,149800);
insert into t_car_model(cm_id , cs_id , cm_name,cm_type ,cm_order , cm_state , cm_min_price , cm_max_price) values(31357,4523,'2017款 1.6T 自动GLS','2017款',4,1,149800,149800);
insert into t_car_series(cs_id,cbf_id,cs_name,cs_order,cs_letter) values(3286,57,'起亚K4',3766,'Q');
insert into t_car_model(cm_id , cs_id , cm_name,cm_type ,cm_order , cm_state , cm_min_price , cm_max_price) values(27340,3286,'2017款 1.8L 手动GL','2017款',1,1,128800,128800);
insert into t_car_model(cm_id , cs_id , cm_name,cm_type ,cm_order , cm_state , cm_min_price , cm_max_price) values(27331,3286,'2017款 1.8L 自动GL','2017款',2,1,138800,138800);
insert into t_car_model(cm_id , cs_id , cm_name,cm_type ,cm_order , cm_state , cm_min_price , cm_max_price) values(27332,3286,'2017款 1.8L 自动GLS Special','2017款',3,1,149800,149800);
insert into t_car_model(cm_id , cs_id , cm_name,cm_type ,cm_order , cm_state , cm_min_price , cm_max_price) values(27333,3286,'2017款 1.8L 自动DLX Special','2017款',4,1,159800,159800);
insert into t_car_model(cm_id , cs_id , cm_name,cm_type ,cm_order , cm_state , cm_min_price , cm_max_price) values(27339,3286,'2017款 1.6T 自动T-GLS Special','2017款',5,1,149800,149800);
insert into t_car_model(cm_id , cs_id , cm_name,cm_type ,cm_order , cm_state , cm_min_price , cm_max_price) values(27334,3286,'2017款 1.6T 自动T-DLX Turbo','2017款',6,1,159800,159800);
insert into t_car_model(cm_id , cs_id , cm_name,cm_type ,cm_order , cm_state , cm_min_price , cm_max_price) values(27335,3286,'2017款 1.6T 自动T-PRM','2017款',7,1,179800,179800);
insert into t_car_model(cm_id , cs_id , cm_name,cm_type ,cm_order , cm_state , cm_min_price , cm_max_price) values(27336,3286,'2017款 2.0L 自动PRM','2017款',8,1,188800,188800);
insert into t_car_model(cm_id , cs_id , cm_name,cm_type ,cm_order , cm_state , cm_min_price , cm_max_price) values(23805,3286,'2015款 1.6T 自动T-GLS Special','2015款',1,1,149800,149800);
insert into t_car_model(cm_id , cs_id , cm_name,cm_type ,cm_order , cm_state , cm_min_price , cm_max_price) values(23803,3286,'2015款 1.8L 自动GLS Special','2015款',2,1,149800,149800);
insert into t_car_model(cm_id , cs_id , cm_name,cm_type ,cm_order , cm_state , cm_min_price , cm_max_price) values(23804,3286,'2015款 1.8L 自动DLX Special','2015款',3,1,159800,159800);
insert into t_car_model(cm_id , cs_id , cm_name,cm_type ,cm_order , cm_state , cm_min_price , cm_max_price) values(20178,3286,'2014款 1.8L 手动GL','2014款',1,1,128800,128800);
insert into t_car_model(cm_id , cs_id , cm_name,cm_type ,cm_order , cm_state , cm_min_price , cm_max_price) values(20179,3286,'2014款 1.8L 自动GL','2014款',2,1,138800,138800);
insert into t_car_model(cm_id , cs_id , cm_name,cm_type ,cm_order , cm_state , cm_min_price , cm_max_price) values(20180,3286,'2014款 1.8L 自动GLS','2014款',3,1,148800,148800);
insert into t_car_model(cm_id , cs_id , cm_name,cm_type ,cm_order , cm_state , cm_min_price , cm_max_price) values(20181,3286,'2014款 1.8L 自动DLX','2014款',4,1,158800,158800);
insert into t_car_model(cm_id , cs_id , cm_name,cm_type ,cm_order , cm_state , cm_min_price , cm_max_price) values(19837,3286,'2014款 1.8L 自动LUX','2014款',5,1,170800,170800);
insert into t_car_model(cm_id , cs_id , cm_name,cm_type ,cm_order , cm_state , cm_min_price , cm_max_price) values(20182,3286,'2014款 2.0L 自动LUX','2014款',6,1,175800,175800);
insert into t_car_model(cm_id , cs_id , cm_name,cm_type ,cm_order , cm_state , cm_min_price , cm_max_price) values(20052,3286,'2014款 2.0L 自动PRM','2014款',7,1,188800,188800);
insert into t_car_model(cm_id , cs_id , cm_name,cm_type ,cm_order , cm_state , cm_min_price , cm_max_price) values(20183,3286,'2014款 1.6T 自动Turbo','2014款',8,1,159800,159800);
insert into t_car_model(cm_id , cs_id , cm_name,cm_type ,cm_order , cm_state , cm_min_price , cm_max_price) values(20184,3286,'2014款 1.6T 自动T-PRM','2014款',9,1,179800,179800);
insert into t_car_series(cs_id,cbf_id,cs_name,cs_order,cs_letter) values(298,57,'远舰',3767,'Y');
insert into t_car_model(cm_id , cs_id , cm_name,cm_type ,cm_order , cm_state , cm_min_price , cm_max_price) values(2158,298,'2006款 2.0L 手动豪华版GL','2006款',1,1,122800,122800);
insert into t_car_model(cm_id , cs_id , cm_name,cm_type ,cm_order , cm_state , cm_min_price , cm_max_price) values(2159,298,'2006款 2.0L 自动豪华版GL','2006款',2,1,132800,132800);
insert into t_car_model(cm_id , cs_id , cm_name,cm_type ,cm_order , cm_state , cm_min_price , cm_max_price) values(2160,298,'2006款 2.0L 手动尊贵版GLS-1','2006款',3,1,135800,135800);
insert into t_car_model(cm_id , cs_id , cm_name,cm_type ,cm_order , cm_state , cm_min_price , cm_max_price) values(2161,298,'2006款 2.0L 手动尊贵版GLS-2','2006款',4,1,145800,145800);
insert into t_car_model(cm_id , cs_id , cm_name,cm_type ,cm_order , cm_state , cm_min_price , cm_max_price) values(2162,298,'2006款 2.0L 自动尊贵版GLS','2006款',5,1,154800,154800);
insert into t_car_model(cm_id , cs_id , cm_name,cm_type ,cm_order , cm_state , cm_min_price , cm_max_price) values(2163,298,'2006款 2.0L 自动顶级版TOP','2006款',6,1,167800,167800);
insert into t_car_model(cm_id , cs_id , cm_name,cm_type ,cm_order , cm_state , cm_min_price , cm_max_price) values(1200,298,'2005款 2.0L MT GL','2005款',1,1,139800,139800);
insert into t_car_model(cm_id , cs_id , cm_name,cm_type ,cm_order , cm_state , cm_min_price , cm_max_price) values(1952,298,'2005款 2.0L AT GL','2005款',2,1,151800,151800);
insert into t_car_model(cm_id , cs_id , cm_name,cm_type ,cm_order , cm_state , cm_min_price , cm_max_price) values(1459,298,'2005款 2.0L MT GLS-1','2005款',3,1,168800,168800);
insert into t_car_model(cm_id , cs_id , cm_name,cm_type ,cm_order , cm_state , cm_min_price , cm_max_price) values(1129,298,'2005款 2.0L MT GLS-2','2005款',4,1,178800,178800);
insert into t_car_model(cm_id , cs_id , cm_name,cm_type ,cm_order , cm_state , cm_min_price , cm_max_price) values(1123,298,'2005款 2.0L AT GLS-1','2005款',5,1,178800,178800);
insert into t_car_model(cm_id , cs_id , cm_name,cm_type ,cm_order , cm_state , cm_min_price , cm_max_price) values(1460,298,'2005款 2.0L AT GLS-2','2005款',6,1,188800,188800);
insert into t_car_model(cm_id , cs_id , cm_name,cm_type ,cm_order , cm_state , cm_min_price , cm_max_price) values(1085,298,'2005款 2.0L AT TOP','2005款',7,1,199800,199800);
insert into t_car_series(cs_id,cbf_id,cs_name,cs_order,cs_letter) values(565,57,'狮跑',3768,'S');
insert into t_car_model(cm_id , cs_id , cm_name,cm_type ,cm_order , cm_state , cm_min_price , cm_max_price) values(16145,565,'2013款 2.0L 自动两驱版Premium','2013款',1,1,146800,146800);
insert into t_car_model(cm_id , cs_id , cm_name,cm_type ,cm_order , cm_state , cm_min_price , cm_max_price) values(16185,565,'2013款 2.0L 手动两驱版GL','2013款',2,1,109800,109800);
insert into t_car_model(cm_id , cs_id , cm_name,cm_type ,cm_order , cm_state , cm_min_price , cm_max_price) values(16186,565,'2013款 2.0L 自动两驱版GL','2013款',3,1,119800,119800);
insert into t_car_model(cm_id , cs_id , cm_name,cm_type ,cm_order , cm_state , cm_min_price , cm_max_price) values(16187,565,'2013款 2.0L 手动两驱版GLS','2013款',4,1,123800,123800);
insert into t_car_model(cm_id , cs_id , cm_name,cm_type ,cm_order , cm_state , cm_min_price , cm_max_price) values(16188,565,'2013款 2.0L 自动两驱版GLS','2013款',5,1,133800,133800);
insert into t_car_model(cm_id , cs_id , cm_name,cm_type ,cm_order , cm_state , cm_min_price , cm_max_price) values(16189,565,'2013款 2.0L 手动四驱版GLS','2013款',6,1,138800,138800);
insert into t_car_model(cm_id , cs_id , cm_name,cm_type ,cm_order , cm_state , cm_min_price , cm_max_price) values(16190,565,'2013款 2.0L 自动两驱版DLX','2013款',7,1,186800,186800);
insert into t_car_model(cm_id , cs_id , cm_name,cm_type ,cm_order , cm_state , cm_min_price , cm_max_price) values(11063,565,'2012款 2.0L 手动两驱版GL','2012款',1,1,159800,159800);
insert into t_car_model(cm_id , cs_id , cm_name,cm_type ,cm_order , cm_state , cm_min_price , cm_max_price) values(11064,565,'2012款 2.0L 自动两驱版GL','2012款',2,1,169800,169800);
insert into t_car_model(cm_id , cs_id , cm_name,cm_type ,cm_order , cm_state , cm_min_price , cm_max_price) values(11065,565,'2012款 2.0L 手动两驱版GLS','2012款',3,1,173800,173800);
insert into t_car_model(cm_id , cs_id , cm_name,cm_type ,cm_order , cm_state , cm_min_price , cm_max_price) values(11066,565,'2012款 2.0L 自动两驱版GLS','2012款',4,1,183800,183800);
insert into t_car_model(cm_id , cs_id , cm_name,cm_type ,cm_order , cm_state , cm_min_price , cm_max_price) values(11067,565,'2012款 2.0L 手动四驱版GLS','2012款',5,1,188800,188800);
insert into t_car_model(cm_id , cs_id , cm_name,cm_type ,cm_order , cm_state , cm_min_price , cm_max_price) values(9843,565,'2012款 2.0L 自动两驱版Premium','2012款',6,1,196800,196800);
insert into t_car_model(cm_id , cs_id , cm_name,cm_type ,cm_order , cm_state , cm_min_price , cm_max_price) values(8302,565,'2011款 2.0L 手动两驱版GL','2011款',1,1,159800,159800);
insert into t_car_model(cm_id , cs_id , cm_name,cm_type ,cm_order , cm_state , cm_min_price , cm_max_price) values(8303,565,'2011款 2.0L 自动两驱版GL','2011款',2,1,169800,169800);
insert into t_car_model(cm_id , cs_id , cm_name,cm_type ,cm_order , cm_state , cm_min_price , cm_max_price) values(8304,565,'2011款 2.0L 手动两驱版GLS','2011款',3,1,173800,173800);
insert into t_car_model(cm_id , cs_id , cm_name,cm_type ,cm_order , cm_state , cm_min_price , cm_max_price) values(8305,565,'2011款 2.0L 自动两驱版GLS','2011款',4,1,183800,183800);
insert into t_car_model(cm_id , cs_id , cm_name,cm_type ,cm_order , cm_state , cm_min_price , cm_max_price) values(8306,565,'2011款 2.0L 手动四驱版GLS','2011款',5,1,188800,188800);
insert into t_car_model(cm_id , cs_id , cm_name,cm_type ,cm_order , cm_state , cm_min_price , cm_max_price) values(8307,565,'2011款 2.7L 自动四驱版GLS','2011款',6,1,238800,238800);
insert into t_car_model(cm_id , cs_id , cm_name,cm_type ,cm_order , cm_state , cm_min_price , cm_max_price) values(5249,565,'2009款 2.0L 手动两驱版GL','2009款',1,1,159800,159800);
insert into t_car_model(cm_id , cs_id , cm_name,cm_type ,cm_order , cm_state , cm_min_price , cm_max_price) values(5250,565,'2009款 2.0L 自动两驱版GL','2009款',2,1,169800,169800);
insert into t_car_model(cm_id , cs_id , cm_name,cm_type ,cm_order , cm_state , cm_min_price , cm_max_price) values(5251,565,'2009款 2.0L 手动两驱版GLS','2009款',3,1,173800,173800);
insert into t_car_model(cm_id , cs_id , cm_name,cm_type ,cm_order , cm_state , cm_min_price , cm_max_price) values(5254,565,'2009款 2.0L 自动两驱版GLS','2009款',4,1,183800,183800);
insert into t_car_model(cm_id , cs_id , cm_name,cm_type ,cm_order , cm_state , cm_min_price , cm_max_price) values(5255,565,'2009款 2.0L 手动四驱版GLS','2009款',5,1,188800,188800);
insert into t_car_model(cm_id , cs_id , cm_name,cm_type ,cm_order , cm_state , cm_min_price , cm_max_price) values(5256,565,'2009款 2.7L 自动四驱版GLS','2009款',6,1,238800,238800);
insert into t_car_model(cm_id , cs_id , cm_name,cm_type ,cm_order , cm_state , cm_min_price , cm_max_price) values(3777,565,'2008款 2.7L 自动四驱旗舰版','2008款',1,1,238800,238800);
insert into t_car_model(cm_id , cs_id , cm_name,cm_type ,cm_order , cm_state , cm_min_price , cm_max_price) values(3348,565,'2007款 2.0L 手动两驱版GL','2007款',1,1,159800,159800);
insert into t_car_model(cm_id , cs_id , cm_name,cm_type ,cm_order , cm_state , cm_min_price , cm_max_price) values(3349,565,'2007款 2.0L 自动两驱版GL','2007款',2,1,169800,169800);
insert into t_car_model(cm_id , cs_id , cm_name,cm_type ,cm_order , cm_state , cm_min_price , cm_max_price) values(3350,565,'2007款 2.0L 手动两驱版GLS','2007款',3,1,173800,173800);
insert into t_car_model(cm_id , cs_id , cm_name,cm_type ,cm_order , cm_state , cm_min_price , cm_max_price) values(3351,565,'2007款 2.0L 自动两驱版GLS','2007款',4,1,183800,183800);
insert into t_car_model(cm_id , cs_id , cm_name,cm_type ,cm_order , cm_state , cm_min_price , cm_max_price) values(3352,565,'2007款 2.0L 手动四驱版GLS','2007款',5,1,188800,188800);
insert into t_car_model(cm_id , cs_id , cm_name,cm_type ,cm_order , cm_state , cm_min_price , cm_max_price) values(3296,565,'2007款 2.7L 自动四驱版GLS','2007款',6,1,238800,238800);
insert into t_car_brand_factory(cbf_id , cb_id , cbf_name ,cbf_letter) values(111,62,'起亚(进口)','Q');
insert into t_car_series(cs_id,cbf_id,cs_name,cs_order,cs_letter) values(890,111,'起亚K5(进口)',3782,'Q');
insert into t_car_model(cm_id , cs_id , cm_name,cm_type ,cm_order , cm_state , cm_min_price , cm_max_price) values(19634,890,'2014款 2.0L Hybrid 豪华版','2014款',1,1,259800,259800);
insert into t_car_model(cm_id , cs_id , cm_name,cm_type ,cm_order , cm_state , cm_min_price , cm_max_price) values(18167,890,'2014款 2.0L Hybrid 旗舰版','2014款',2,1,289800,289800);
insert into t_car_model(cm_id , cs_id , cm_name,cm_type ,cm_order , cm_state , cm_min_price , cm_max_price) values(16722,890,'2013款 2.0L Hybrid','2013款',1,1,289800,289800);
insert into t_car_series(cs_id,cbf_id,cs_name,cs_order,cs_letter) values(1010,111,'凯尊',3783,'K');
insert into t_car_model(cm_id , cs_id , cm_name,cm_type ,cm_order , cm_state , cm_min_price , cm_max_price) values(16201,1010,'2013款 2.4L 商务型 国IV','2013款',1,1,243000,243000);
insert into t_car_model(cm_id , cs_id , cm_name,cm_type ,cm_order , cm_state , cm_min_price , cm_max_price) values(16193,1010,'2013款 2.4L 商务天窗型 国IV','2013款',2,1,253800,253800);
insert into t_car_model(cm_id , cs_id , cm_name,cm_type ,cm_order , cm_state , cm_min_price , cm_max_price) values(16194,1010,'2013款 2.4L 精英型 国IV','2013款',3,1,287800,287800);
insert into t_car_model(cm_id , cs_id , cm_name,cm_type ,cm_order , cm_state , cm_min_price , cm_max_price) values(16195,1010,'2013款 2.4L 尊贵型 国IV','2013款',4,1,304800,304800);
insert into t_car_model(cm_id , cs_id , cm_name,cm_type ,cm_order , cm_state , cm_min_price , cm_max_price) values(16196,1010,'2013款 2.4L 旗舰型 国IV','2013款',5,1,321800,321800);
insert into t_car_model(cm_id , cs_id , cm_name,cm_type ,cm_order , cm_state , cm_min_price , cm_max_price) values(16073,1010,'2013款 2.4L 商务型 国V','2013款',6,1,245800,245800);
insert into t_car_model(cm_id , cs_id , cm_name,cm_type ,cm_order , cm_state , cm_min_price , cm_max_price) values(16200,1010,'2013款 2.4L 商务天窗型 国V','2013款',7,1,256600,256600);
insert into t_car_model(cm_id , cs_id , cm_name,cm_type ,cm_order , cm_state , cm_min_price , cm_max_price) values(16199,1010,'2013款 2.4L 精英型 国V','2013款',8,1,290600,290600);
insert into t_car_model(cm_id , cs_id , cm_name,cm_type ,cm_order , cm_state , cm_min_price , cm_max_price) values(16198,1010,'2013款 2.4L 尊贵型 国V','2013款',9,1,307600,307600);
insert into t_car_model(cm_id , cs_id , cm_name,cm_type ,cm_order , cm_state , cm_min_price , cm_max_price) values(16197,1010,'2013款 2.4L 旗舰型 国V','2013款',10,1,324600,324600);
insert into t_car_model(cm_id , cs_id , cm_name,cm_type ,cm_order , cm_state , cm_min_price , cm_max_price) values(10411,1010,'2012款 2.4L 商务型','2012款',1,1,235000,235000);
insert into t_car_model(cm_id , cs_id , cm_name,cm_type ,cm_order , cm_state , cm_min_price , cm_max_price) values(10407,1010,'2012款 2.4L 商务天窗型','2012款',2,1,245000,245000);
insert into t_car_model(cm_id , cs_id , cm_name,cm_type ,cm_order , cm_state , cm_min_price , cm_max_price) values(10408,1010,'2012款 2.4L 精英型','2012款',3,1,275000,275000);
insert into t_car_model(cm_id , cs_id , cm_name,cm_type ,cm_order , cm_state , cm_min_price , cm_max_price) values(10409,1010,'2012款 2.4L 尊贵型','2012款',4,1,288000,288000);
insert into t_car_model(cm_id , cs_id , cm_name,cm_type ,cm_order , cm_state , cm_min_price , cm_max_price) values(10410,1010,'2012款 2.4L 旗舰型','2012款',5,1,299000,299000);
insert into t_car_model(cm_id , cs_id , cm_name,cm_type ,cm_order , cm_state , cm_min_price , cm_max_price) values(8246,1010,'2011款 2.4L 商务型','2011款',1,1,229000,229000);
insert into t_car_model(cm_id , cs_id , cm_name,cm_type ,cm_order , cm_state , cm_min_price , cm_max_price) values(8247,1010,'2011款 2.4L 精英型','2011款',2,1,266000,266000);
insert into t_car_model(cm_id , cs_id , cm_name,cm_type ,cm_order , cm_state , cm_min_price , cm_max_price) values(6582,1010,'2011款 2.4L 尊贵型','2011款',3,1,277000,277000);
insert into t_car_model(cm_id , cs_id , cm_name,cm_type ,cm_order , cm_state , cm_min_price , cm_max_price) values(8318,1010,'2011款 2.4L 旗舰型','2011款',4,1,288000,288000);
insert into t_car_series(cs_id,cbf_id,cs_name,cs_order,cs_letter) values(2681,111,'起亚K9',3786,'Q');
insert into t_car_model(cm_id , cs_id , cm_name,cm_type ,cm_order , cm_state , cm_min_price , cm_max_price) values(22482,2681,'2015款 3.8L 典雅版','2015款',1,1,558000,558000);
insert into t_car_model(cm_id , cs_id , cm_name,cm_type ,cm_order , cm_state , cm_min_price , cm_max_price) values(22483,2681,'2015款 3.8L 豪华版','2015款',2,1,588000,588000);
insert into t_car_model(cm_id , cs_id , cm_name,cm_type ,cm_order , cm_state , cm_min_price , cm_max_price) values(22346,2681,'2015款 3.8L 尊贵版','2015款',3,1,698000,698000);
insert into t_car_model(cm_id , cs_id , cm_name,cm_type ,cm_order , cm_state , cm_min_price , cm_max_price) values(22484,2681,'2015款 3.8L 旗舰版','2015款',4,1,758800,758800);
insert into t_car_series(cs_id,cbf_id,cs_name,cs_order,cs_letter) values(2420,111,'斯汀格',3788,'S');
insert into t_car_model(cm_id , cs_id , cm_name,cm_type ,cm_order , cm_state , cm_min_price , cm_max_price) values(32750,2420,'2018款 2.0T GT','2018款',1,1,279800,279800);
insert into t_car_model(cm_id , cs_id , cm_name,cm_type ,cm_order , cm_state , cm_min_price , cm_max_price) values(32751,2420,'2018款 2.0T GT+','2018款',2,1,319800,319800);
insert into t_car_series(cs_id,cbf_id,cs_name,cs_order,cs_letter) values(452,111,'SPORTAGE',3792,'S');
insert into t_car_model(cm_id , cs_id , cm_name,cm_type ,cm_order , cm_state , cm_min_price , cm_max_price) values(6820,452,'2006款 2.0 两驱','2006款',1,1,216000,216000);
insert into t_car_model(cm_id , cs_id , cm_name,cm_type ,cm_order , cm_state , cm_min_price , cm_max_price) values(6822,452,'2006款 2.0 MT四驱','2006款',2,1,220000,220000);
insert into t_car_model(cm_id , cs_id , cm_name,cm_type ,cm_order , cm_state , cm_min_price , cm_max_price) values(2241,452,'2005款 2.0','2005款',1,1,223000,223000);
insert into t_car_model(cm_id , cs_id , cm_name,cm_type ,cm_order , cm_state , cm_min_price , cm_max_price) values(2242,452,'2005款 2.7','2005款',2,1,265000,265000);
insert into t_car_series(cs_id,cbf_id,cs_name,cs_order,cs_letter) values(3198,111,'极睿',3793,'J');
insert into t_car_model(cm_id , cs_id , cm_name,cm_type ,cm_order , cm_state , cm_min_price , cm_max_price) values(29054,3198,'2017款 1.6L 标准版','2017款',1,1,153800,153800);
insert into t_car_model(cm_id , cs_id , cm_name,cm_type ,cm_order , cm_state , cm_min_price , cm_max_price) values(28914,3198,'2017款 1.6L 豪华版','2017款',2,1,171800,171800);
insert into t_car_model(cm_id , cs_id , cm_name,cm_type ,cm_order , cm_state , cm_min_price , cm_max_price) values(29053,3198,'2017款 1.6L 旗舰版','2017款',3,1,193800,193800);
insert into t_car_series(cs_id,cbf_id,cs_name,cs_order,cs_letter) values(281,111,'索兰托',3797,'S');
insert into t_car_model(cm_id , cs_id , cm_name,cm_type ,cm_order , cm_state , cm_min_price , cm_max_price) values(33115,281,'2018款 索兰托L 2.0T 柴油2WD都市版 5座','2018款',1,1,226800,226800);
insert into t_car_model(cm_id , cs_id , cm_name,cm_type ,cm_order , cm_state , cm_min_price , cm_max_price) values(33116,281,'2018款 索兰托L 2.0T 柴油2WD都市版 7座','2018款',2,1,234800,234800);
insert into t_car_model(cm_id , cs_id , cm_name,cm_type ,cm_order , cm_state , cm_min_price , cm_max_price) values(33117,281,'2018款 索兰托L 2.0T 柴油2WD豪华版 5座','2018款',3,1,249800,249800);
insert into t_car_model(cm_id , cs_id , cm_name,cm_type ,cm_order , cm_state , cm_min_price , cm_max_price) values(33118,281,'2018款 索兰托L 2.0T 柴油2WD豪华版 7座','2018款',4,1,257800,257800);
insert into t_car_model(cm_id , cs_id , cm_name,cm_type ,cm_order , cm_state , cm_min_price , cm_max_price) values(33109,281,'2018款 索兰托L 2.0T 柴油4WD都市版 5座','2018款',5,1,238800,238800);
insert into t_car_model(cm_id , cs_id , cm_name,cm_type ,cm_order , cm_state , cm_min_price , cm_max_price) values(33110,281,'2018款 索兰托L 2.0T 柴油4WD都市版 7座','2018款',6,1,246800,246800);
insert into t_car_model(cm_id , cs_id , cm_name,cm_type ,cm_order , cm_state , cm_min_price , cm_max_price) values(33111,281,'2018款 索兰托L 2.0T 柴油4WD豪华版 5座','2018款',7,1,261800,261800);
insert into t_car_model(cm_id , cs_id , cm_name,cm_type ,cm_order , cm_state , cm_min_price , cm_max_price) values(33112,281,'2018款 索兰托L 2.0T 柴油4WD豪华版 7座','2018款',8,1,269800,269800);
insert into t_car_model(cm_id , cs_id , cm_name,cm_type ,cm_order , cm_state , cm_min_price , cm_max_price) values(33113,281,'2018款 索兰托L 2.0T 柴油4WD旗舰版 5座','2018款',9,1,297800,297800);
insert into t_car_model(cm_id , cs_id , cm_name,cm_type ,cm_order , cm_state , cm_min_price , cm_max_price) values(33114,281,'2018款 索兰托L 2.0T 柴油4WD旗舰版 7座','2018款',10,1,305800,305800);
insert into t_car_model(cm_id , cs_id , cm_name,cm_type ,cm_order , cm_state , cm_min_price , cm_max_price) values(33125,281,'2018款 索兰托L 2.4L 汽油2WD都市版 5座','2018款',11,1,234800,234800);
insert into t_car_model(cm_id , cs_id , cm_name,cm_type ,cm_order , cm_state , cm_min_price , cm_max_price) values(33126,281,'2018款 索兰托L 2.4L 汽油2WD都市版 7座','2018款',12,1,242800,242800);
insert into t_car_model(cm_id , cs_id , cm_name,cm_type ,cm_order , cm_state , cm_min_price , cm_max_price) values(33127,281,'2018款 索兰托L 2.4L 汽油2WD豪华版 5座','2018款',13,1,257800,257800);
insert into t_car_model(cm_id , cs_id , cm_name,cm_type ,cm_order , cm_state , cm_min_price , cm_max_price) values(33124,281,'2018款 索兰托L 2.4L 汽油4WD旗舰版 7座','2018款',14,1,313800,313800);
insert into t_car_model(cm_id , cs_id , cm_name,cm_type ,cm_order , cm_state , cm_min_price , cm_max_price) values(33123,281,'2018款 索兰托L 2.4L 汽油4WD旗舰版 5座','2018款',15,1,305800,305800);
insert into t_car_model(cm_id , cs_id , cm_name,cm_type ,cm_order , cm_state , cm_min_price , cm_max_price) values(33122,281,'2018款 索兰托L 2.4L 汽油4WD豪华版 7座','2018款',16,1,277800,277800);
insert into t_car_model(cm_id , cs_id , cm_name,cm_type ,cm_order , cm_state , cm_min_price , cm_max_price) values(33121,281,'2018款 索兰托L 2.4L 汽油4WD豪华版 5座','2018款',17,1,269800,269800);
insert into t_car_model(cm_id , cs_id , cm_name,cm_type ,cm_order , cm_state , cm_min_price , cm_max_price) values(33120,281,'2018款 索兰托L 2.4L 汽油4WD都市版 7座','2018款',18,1,254800,254800);
insert into t_car_model(cm_id , cs_id , cm_name,cm_type ,cm_order , cm_state , cm_min_price , cm_max_price) values(33119,281,'2018款 索兰托L 2.4L 汽油4WD都市版 5座','2018款',19,1,246800,246800);
insert into t_car_model(cm_id , cs_id , cm_name,cm_type ,cm_order , cm_state , cm_min_price , cm_max_price) values(33128,281,'2018款 索兰托L 2.4L 汽油2WD豪华版 7座','2018款',20,1,265800,265800);
insert into t_car_model(cm_id , cs_id , cm_name,cm_type ,cm_order , cm_state , cm_min_price , cm_max_price) values(24402,281,'2016款 索兰托L 2.2T 柴油2WD定制版 5座 国IV','2016款',1,1,237800,237800);
insert into t_car_model(cm_id , cs_id , cm_name,cm_type ,cm_order , cm_state , cm_min_price , cm_max_price) values(24405,281,'2016款 索兰托L 2.2T 柴油4WD定制版 5座 国IV','2016款',2,1,249800,249800);
insert into t_car_model(cm_id , cs_id , cm_name,cm_type ,cm_order , cm_state , cm_min_price , cm_max_price) values(24406,281,'2016款 索兰托L 2.2T 柴油4WD定制版 7座 国IV','2016款',3,1,257800,257800);
insert into t_car_model(cm_id , cs_id , cm_name,cm_type ,cm_order , cm_state , cm_min_price , cm_max_price) values(24408,281,'2016款 索兰托L 2.4L 汽油2WD定制版 5座 国IV','2016款',4,1,237800,237800);
insert into t_car_model(cm_id , cs_id , cm_name,cm_type ,cm_order , cm_state , cm_min_price , cm_max_price) values(24409,281,'2016款 索兰托L 2.4L 汽油4WD定制版 5座 国IV','2016款',5,1,249800,249800);
insert into t_car_model(cm_id , cs_id , cm_name,cm_type ,cm_order , cm_state , cm_min_price , cm_max_price) values(24410,281,'2016款 索兰托L 2.4L 汽油4WD定制版 7座 国IV','2016款',6,1,257800,257800);
insert into t_car_model(cm_id , cs_id , cm_name,cm_type ,cm_order , cm_state , cm_min_price , cm_max_price) values(24411,281,'2016款 索兰托L 2.0T 汽油4WD定制版 5座 国IV','2016款',7,1,283800,283800);
insert into t_car_model(cm_id , cs_id , cm_name,cm_type ,cm_order , cm_state , cm_min_price , cm_max_price) values(24413,281,'2016款 索兰托L 2.0T 汽油4WD定制版 7座 国IV','2016款',8,1,291800,291800);
insert into t_car_model(cm_id , cs_id , cm_name,cm_type ,cm_order , cm_state , cm_min_price , cm_max_price) values(29179,281,'2016款 索兰托L 2.2T 柴油2WD定制版 5座 国V','2016款',9,1,239800,239800);
insert into t_car_model(cm_id , cs_id , cm_name,cm_type ,cm_order , cm_state , cm_min_price , cm_max_price) values(29180,281,'2016款 索兰托L 2.2T 柴油4WD定制版 5座 国V','2016款',10,1,251800,251800);
insert into t_car_model(cm_id , cs_id , cm_name,cm_type ,cm_order , cm_state , cm_min_price , cm_max_price) values(29181,281,'2016款 索兰托L 2.2T 柴油4WD定制版 7座 国V','2016款',11,1,259800,259800);
insert into t_car_model(cm_id , cs_id , cm_name,cm_type ,cm_order , cm_state , cm_min_price , cm_max_price) values(29182,281,'2016款 索兰托L 2.2T 柴油4WD精英版 5座 国V','2016款',12,1,279800,279800);
insert into t_car_model(cm_id , cs_id , cm_name,cm_type ,cm_order , cm_state , cm_min_price , cm_max_price) values(29183,281,'2016款 索兰托L 2.2T 柴油4WD精英版 7座 国V','2016款',13,1,287800,287800);
insert into t_car_model(cm_id , cs_id , cm_name,cm_type ,cm_order , cm_state , cm_min_price , cm_max_price) values(29184,281,'2016款 索兰托L 2.2T 柴油4WD尊贵版 5座 国V','2016款',14,1,312600,312600);
insert into t_car_model(cm_id , cs_id , cm_name,cm_type ,cm_order , cm_state , cm_min_price , cm_max_price) values(29185,281,'2016款 索兰托L 2.2T 柴油4WD尊贵版 7座 国V','2016款',15,1,320600,320600);
insert into t_car_model(cm_id , cs_id , cm_name,cm_type ,cm_order , cm_state , cm_min_price , cm_max_price) values(29186,281,'2016款 索兰托L 2.2T 柴油4WD旗舰版 5座 国V','2016款',16,1,328800,328800);
insert into t_car_model(cm_id , cs_id , cm_name,cm_type ,cm_order , cm_state , cm_min_price , cm_max_price) values(29187,281,'2016款 索兰托L 2.2T 柴油4WD旗舰版 7座 国V','2016款',17,1,336800,336800);
insert into t_car_model(cm_id , cs_id , cm_name,cm_type ,cm_order , cm_state , cm_min_price , cm_max_price) values(24414,281,'2016款 索兰托L 2.4L 汽油2WD定制版 5座 国V','2016款',18,1,240600,240600);
insert into t_car_model(cm_id , cs_id , cm_name,cm_type ,cm_order , cm_state , cm_min_price , cm_max_price) values(24416,281,'2016款 索兰托L 2.4L 汽油4WD定制版 5座 国V','2016款',19,1,252600,252600);
insert into t_car_model(cm_id , cs_id , cm_name,cm_type ,cm_order , cm_state , cm_min_price , cm_max_price) values(24417,281,'2016款 索兰托L 2.4L 汽油4WD定制版 7座 国V','2016款',20,1,260600,260600);
insert into t_car_model(cm_id , cs_id , cm_name,cm_type ,cm_order , cm_state , cm_min_price , cm_max_price) values(24419,281,'2016款 索兰托L 2.0T 汽油4WD定制版 5座 国V','2016款',21,1,286600,286600);
insert into t_car_model(cm_id , cs_id , cm_name,cm_type ,cm_order , cm_state , cm_min_price , cm_max_price) values(24420,281,'2016款 索兰托L 2.0T 汽油4WD定制版 7座 国V','2016款',22,1,294600,294600);
insert into t_car_model(cm_id , cs_id , cm_name,cm_type ,cm_order , cm_state , cm_min_price , cm_max_price) values(21427,281,'2015款 索兰托L 2.2T 柴油4WD精英版 5座 国IV','2015款',1,1,277800,277800);
insert into t_car_model(cm_id , cs_id , cm_name,cm_type ,cm_order , cm_state , cm_min_price , cm_max_price) values(21410,281,'2015款 索兰托L 2.2T 柴油4WD精英版 7座 国IV','2015款',2,1,285800,285800);
insert into t_car_model(cm_id , cs_id , cm_name,cm_type ,cm_order , cm_state , cm_min_price , cm_max_price) values(20938,281,'2015款 索兰托L 2.2T 柴油4WD尊贵版 5座 国IV','2015款',3,1,310600,310600);
insert into t_car_model(cm_id , cs_id , cm_name,cm_type ,cm_order , cm_state , cm_min_price , cm_max_price) values(21425,281,'2015款 索兰托L 2.2T 柴油4WD标准版 5座','2015款',4,1,246600,246600);
insert into t_car_model(cm_id , cs_id , cm_name,cm_type ,cm_order , cm_state , cm_min_price , cm_max_price) values(21404,281,'2015款 索兰托L 2.2T 柴油4WD标准版 7座','2015款',5,1,254600,254600);
insert into t_car_model(cm_id , cs_id , cm_name,cm_type ,cm_order , cm_state , cm_min_price , cm_max_price) values(20940,281,'2015款 索兰托L 2.2T 柴油2WD运动版 5座','2015款',6,1,247800,247800);
insert into t_car_model(cm_id , cs_id , cm_name,cm_type ,cm_order , cm_state , cm_min_price , cm_max_price) values(21426,281,'2015款 索兰托L 2.2T 柴油4WD运动版 5座','2015款',7,1,259800,259800);
insert into t_car_model(cm_id , cs_id , cm_name,cm_type ,cm_order , cm_state , cm_min_price , cm_max_price) values(21407,281,'2015款 索兰托L 2.2T 柴油4WD运动版 7座','2015款',8,1,267800,267800);
insert into t_car_model(cm_id , cs_id , cm_name,cm_type ,cm_order , cm_state , cm_min_price , cm_max_price) values(21832,281,'2015款 索兰托L 2.4L 汽油4WD标准版 5座 国IV','2015款',9,1,246600,246600);
insert into t_car_model(cm_id , cs_id , cm_name,cm_type ,cm_order , cm_state , cm_min_price , cm_max_price) values(21833,281,'2015款 索兰托L 2.4L 汽油4WD标准版 7座 国IV','2015款',10,1,254600,254600);
insert into t_car_model(cm_id , cs_id , cm_name,cm_type ,cm_order , cm_state , cm_min_price , cm_max_price) values(21831,281,'2015款 索兰托L 2.4L 汽油2WD运动版 5座 国IV','2015款',11,1,247800,247800);
insert into t_car_model(cm_id , cs_id , cm_name,cm_type ,cm_order , cm_state , cm_min_price , cm_max_price) values(21834,281,'2015款 索兰托L 2.4L 汽油4WD运动版 5座 国IV','2015款',12,1,259800,259800);
insert into t_car_model(cm_id , cs_id , cm_name,cm_type ,cm_order , cm_state , cm_min_price , cm_max_price) values(21835,281,'2015款 索兰托L 2.4L 汽油4WD运动版 7座 国IV','2015款',13,1,267800,267800);
insert into t_car_model(cm_id , cs_id , cm_name,cm_type ,cm_order , cm_state , cm_min_price , cm_max_price) values(21842,281,'2015款 索兰托L 2.0T 汽油4WD标准版 5座 国IV','2015款',14,1,279600,279600);
insert into t_car_model(cm_id , cs_id , cm_name,cm_type ,cm_order , cm_state , cm_min_price , cm_max_price) values(21843,281,'2015款 索兰托L 2.0T 汽油4WD标准版 7座 国IV','2015款',15,1,287600,287600);
insert into t_car_model(cm_id , cs_id , cm_name,cm_type ,cm_order , cm_state , cm_min_price , cm_max_price) values(21844,281,'2015款 索兰托L 2.0T 汽油4WD运动版 5座 国IV','2015款',16,1,293800,293800);
insert into t_car_model(cm_id , cs_id , cm_name,cm_type ,cm_order , cm_state , cm_min_price , cm_max_price) values(21845,281,'2015款 索兰托L 2.0T 汽油4WD运动版 7座 国IV','2015款',17,1,301800,301800);
insert into t_car_model(cm_id , cs_id , cm_name,cm_type ,cm_order , cm_state , cm_min_price , cm_max_price) values(20941,281,'2015款 索兰托L 2.4L 汽油4WD标准版 5座 国V','2015款',18,1,249400,249400);
insert into t_car_model(cm_id , cs_id , cm_name,cm_type ,cm_order , cm_state , cm_min_price , cm_max_price) values(21405,281,'2015款 索兰托L 2.4L 汽油4WD标准版 7座 国V','2015款',19,1,257400,257400);
insert into t_car_model(cm_id , cs_id , cm_name,cm_type ,cm_order , cm_state , cm_min_price , cm_max_price) values(20946,281,'2015款 索兰托L 2.4L 汽油2WD运动版 5座 国V','2015款',20,1,250600,250600);
insert into t_car_model(cm_id , cs_id , cm_name,cm_type ,cm_order , cm_state , cm_min_price , cm_max_price) values(20942,281,'2015款 索兰托L 2.4L 汽油4WD运动版 5座 国V','2015款',21,1,262600,262600);
insert into t_car_model(cm_id , cs_id , cm_name,cm_type ,cm_order , cm_state , cm_min_price , cm_max_price) values(21408,281,'2015款 索兰托L 2.4L 汽油4WD运动版 7座 国V','2015款',22,1,270600,270600);
insert into t_car_model(cm_id , cs_id , cm_name,cm_type ,cm_order , cm_state , cm_min_price , cm_max_price) values(20947,281,'2015款 索兰托L 2.0T 汽油4WD标准版 5座 国V','2015款',23,1,282400,282400);
insert into t_car_model(cm_id , cs_id , cm_name,cm_type ,cm_order , cm_state , cm_min_price , cm_max_price) values(21406,281,'2015款 索兰托L 2.0T 汽油4WD标准版 7座 国V','2015款',24,1,290400,290400);
insert into t_car_model(cm_id , cs_id , cm_name,cm_type ,cm_order , cm_state , cm_min_price , cm_max_price) values(20948,281,'2015款 索兰托L 2.0T 汽油4WD运动版 5座 国V','2015款',25,1,296600,296600);
insert into t_car_model(cm_id , cs_id , cm_name,cm_type ,cm_order , cm_state , cm_min_price , cm_max_price) values(21409,281,'2015款 索兰托L 2.0T 汽油4WD运动版 7座 国V','2015款',26,1,304600,304600);
insert into t_car_model(cm_id , cs_id , cm_name,cm_type ,cm_order , cm_state , cm_min_price , cm_max_price) values(21836,281,'2015款 索兰托L 2.4L 汽油4WD精英版 5座 国IV','2015款',27,1,277800,277800);
insert into t_car_model(cm_id , cs_id , cm_name,cm_type ,cm_order , cm_state , cm_min_price , cm_max_price) values(21837,281,'2015款 索兰托L 2.4L 汽油4WD精英版 7座 国IV','2015款',28,1,285800,285800);
insert into t_car_model(cm_id , cs_id , cm_name,cm_type ,cm_order , cm_state , cm_min_price , cm_max_price) values(21838,281,'2015款 索兰托L 2.4L 汽油4WD尊贵版 5座 国IV','2015款',29,1,310600,310600);
insert into t_car_model(cm_id , cs_id , cm_name,cm_type ,cm_order , cm_state , cm_min_price , cm_max_price) values(21839,281,'2015款 索兰托L 2.4L 汽油4WD尊贵版 7座 国IV','2015款',30,1,318600,318600);
insert into t_car_model(cm_id , cs_id , cm_name,cm_type ,cm_order , cm_state , cm_min_price , cm_max_price) values(21840,281,'2015款 索兰托L 2.4L 汽油4WD旗舰版 5座 国IV','2015款',31,1,326800,326800);
insert into t_car_model(cm_id , cs_id , cm_name,cm_type ,cm_order , cm_state , cm_min_price , cm_max_price) values(21841,281,'2015款 索兰托L 2.4L 汽油4WD旗舰版 7座 国IV','2015款',32,1,334800,334800);
insert into t_car_model(cm_id , cs_id , cm_name,cm_type ,cm_order , cm_state , cm_min_price , cm_max_price) values(21846,281,'2015款 索兰托L 2.0T 汽油4WD精英版 5座 国IV','2015款',33,1,320800,320800);
insert into t_car_model(cm_id , cs_id , cm_name,cm_type ,cm_order , cm_state , cm_min_price , cm_max_price) values(21847,281,'2015款 索兰托L 2.0T 汽油4WD精英版 7座 国IV','2015款',34,1,328800,328800);
insert into t_car_model(cm_id , cs_id , cm_name,cm_type ,cm_order , cm_state , cm_min_price , cm_max_price) values(21848,281,'2015款 索兰托L 2.0T 汽油4WD尊贵版 5座 国IV','2015款',35,1,343600,343600);
insert into t_car_model(cm_id , cs_id , cm_name,cm_type ,cm_order , cm_state , cm_min_price , cm_max_price) values(21849,281,'2015款 索兰托L 2.0T 汽油4WD尊贵版 7座 国IV','2015款',36,1,351600,351600);
insert into t_car_model(cm_id , cs_id , cm_name,cm_type ,cm_order , cm_state , cm_min_price , cm_max_price) values(21850,281,'2015款 索兰托L 2.0T 汽油4WD旗舰版 5座 国IV','2015款',37,1,359800,359800);
insert into t_car_model(cm_id , cs_id , cm_name,cm_type ,cm_order , cm_state , cm_min_price , cm_max_price) values(21851,281,'2015款 索兰托L 2.0T 汽油4WD旗舰版 7座 国IV','2015款',38,1,367800,367800);
insert into t_car_model(cm_id , cs_id , cm_name,cm_type ,cm_order , cm_state , cm_min_price , cm_max_price) values(21413,281,'2015款 索兰托L 2.2T 柴油4WD尊贵版 7座 国IV','2015款',39,1,318600,318600);
insert into t_car_model(cm_id , cs_id , cm_name,cm_type ,cm_order , cm_state , cm_min_price , cm_max_price) values(20939,281,'2015款 索兰托L 2.2T 柴油4WD旗舰版 5座 国IV','2015款',40,1,326800,326800);
insert into t_car_model(cm_id , cs_id , cm_name,cm_type ,cm_order , cm_state , cm_min_price , cm_max_price) values(21416,281,'2015款 索兰托L 2.2T 柴油4WD旗舰版 7座 国IV','2015款',41,1,334800,334800);
insert into t_car_model(cm_id , cs_id , cm_name,cm_type ,cm_order , cm_state , cm_min_price , cm_max_price) values(20943,281,'2015款 索兰托L 2.4L 汽油4WD精英版 5座 国V','2015款',42,1,280600,280600);
insert into t_car_model(cm_id , cs_id , cm_name,cm_type ,cm_order , cm_state , cm_min_price , cm_max_price) values(21411,281,'2015款 索兰托L 2.4L 汽油4WD精英版 7座 国V','2015款',43,1,288600,288600);
insert into t_car_model(cm_id , cs_id , cm_name,cm_type ,cm_order , cm_state , cm_min_price , cm_max_price) values(20944,281,'2015款 索兰托L 2.4L 汽油4WD尊贵版 5座 国V','2015款',44,1,313400,313400);
insert into t_car_model(cm_id , cs_id , cm_name,cm_type ,cm_order , cm_state , cm_min_price , cm_max_price) values(21414,281,'2015款 索兰托L 2.4L 汽油4WD尊贵版 7座 国V','2015款',45,1,321400,321400);
insert into t_car_model(cm_id , cs_id , cm_name,cm_type ,cm_order , cm_state , cm_min_price , cm_max_price) values(20945,281,'2015款 索兰托L 2.4L 汽油4WD旗舰版 5座 国V','2015款',46,1,329600,329600);
insert into t_car_model(cm_id , cs_id , cm_name,cm_type ,cm_order , cm_state , cm_min_price , cm_max_price) values(21417,281,'2015款 索兰托L 2.4L 汽油4WD旗舰版 7座 国V','2015款',47,1,337600,337600);
insert into t_car_model(cm_id , cs_id , cm_name,cm_type ,cm_order , cm_state , cm_min_price , cm_max_price) values(20949,281,'2015款 索兰托L 2.0T 汽油4WD精英版 5座 国V','2015款',48,1,323600,323600);
insert into t_car_model(cm_id , cs_id , cm_name,cm_type ,cm_order , cm_state , cm_min_price , cm_max_price) values(21412,281,'2015款 索兰托L 2.0T 汽油4WD精英版 7座 国V','2015款',49,1,331600,331600);
insert into t_car_model(cm_id , cs_id , cm_name,cm_type ,cm_order , cm_state , cm_min_price , cm_max_price) values(20950,281,'2015款 索兰托L 2.0T 汽油4WD尊贵版 5座 国V','2015款',50,1,346400,346400);
insert into t_car_model(cm_id , cs_id , cm_name,cm_type ,cm_order , cm_state , cm_min_price , cm_max_price) values(21415,281,'2015款 索兰托L 2.0T 汽油4WD尊贵版 7座 国V','2015款',51,1,354400,354400);
insert into t_car_model(cm_id , cs_id , cm_name,cm_type ,cm_order , cm_state , cm_min_price , cm_max_price) values(20951,281,'2015款 索兰托L 2.0T 汽油4WD旗舰版 5座 国V','2015款',52,1,362600,362600);
insert into t_car_model(cm_id , cs_id , cm_name,cm_type ,cm_order , cm_state , cm_min_price , cm_max_price) values(21418,281,'2015款 索兰托L 2.0T 汽油4WD旗舰版 7座 国V','2015款',53,1,370600,370600);
insert into t_car_model(cm_id , cs_id , cm_name,cm_type ,cm_order , cm_state , cm_min_price , cm_max_price) values(14162,281,'2013款 2.4L 5座汽油舒适版','2013款',1,1,234800,234800);
insert into t_car_model(cm_id , cs_id , cm_name,cm_type ,cm_order , cm_state , cm_min_price , cm_max_price) values(14163,281,'2013款 2.4L 7座汽油舒适版','2013款',2,1,240000,240000);
insert into t_car_model(cm_id , cs_id , cm_name,cm_type ,cm_order , cm_state , cm_min_price , cm_max_price) values(14160,281,'2013款 2.4L 5座汽油豪华版','2013款',3,1,259000,259000);
insert into t_car_model(cm_id , cs_id , cm_name,cm_type ,cm_order , cm_state , cm_min_price , cm_max_price) values(14161,281,'2013款 2.4L 7座汽油豪华版','2013款',4,1,265000,265000);
insert into t_car_model(cm_id , cs_id , cm_name,cm_type ,cm_order , cm_state , cm_min_price , cm_max_price) values(14158,281,'2013款 2.4L 5座汽油至尊版','2013款',5,1,277800,277800);
insert into t_car_model(cm_id , cs_id , cm_name,cm_type ,cm_order , cm_state , cm_min_price , cm_max_price) values(14159,281,'2013款 2.4L 7座汽油至尊版','2013款',6,1,283800,283800);
insert into t_car_model(cm_id , cs_id , cm_name,cm_type ,cm_order , cm_state , cm_min_price , cm_max_price) values(15052,281,'2013款 2.4L 5座汽油舒适版 国IV','2013款',7,1,246800,246800);
insert into t_car_model(cm_id , cs_id , cm_name,cm_type ,cm_order , cm_state , cm_min_price , cm_max_price) values(15053,281,'2013款 2.4L 7座汽油舒适版 国IV','2013款',8,1,252000,252000);
insert into t_car_model(cm_id , cs_id , cm_name,cm_type ,cm_order , cm_state , cm_min_price , cm_max_price) values(15054,281,'2013款 2.4L 5座汽油豪华版 国IV','2013款',9,1,263800,263800);
insert into t_car_model(cm_id , cs_id , cm_name,cm_type ,cm_order , cm_state , cm_min_price , cm_max_price) values(15055,281,'2013款 2.4L 7座汽油豪华版 国IV','2013款',10,1,269800,269800);
insert into t_car_model(cm_id , cs_id , cm_name,cm_type ,cm_order , cm_state , cm_min_price , cm_max_price) values(15056,281,'2013款 2.4L 5座汽油至尊版 国IV','2013款',11,1,282800,282800);
insert into t_car_model(cm_id , cs_id , cm_name,cm_type ,cm_order , cm_state , cm_min_price , cm_max_price) values(15057,281,'2013款 2.4L 7座汽油至尊版 国IV','2013款',12,1,288800,288800);
insert into t_car_model(cm_id , cs_id , cm_name,cm_type ,cm_order , cm_state , cm_min_price , cm_max_price) values(15058,281,'2013款 2.4L 5座汽油至尊UVO版 国IV','2013款',13,1,299800,299800);
insert into t_car_model(cm_id , cs_id , cm_name,cm_type ,cm_order , cm_state , cm_min_price , cm_max_price) values(15059,281,'2013款 2.4L 7座汽油至尊UVO版 国IV','2013款',14,1,305600,305600);
insert into t_car_model(cm_id , cs_id , cm_name,cm_type ,cm_order , cm_state , cm_min_price , cm_max_price) values(15060,281,'2013款 2.4L 5座汽油舒适版 国V','2013款',15,1,249600,249600);
insert into t_car_model(cm_id , cs_id , cm_name,cm_type ,cm_order , cm_state , cm_min_price , cm_max_price) values(15061,281,'2013款 2.4L 7座汽油舒适版 国V','2013款',16,1,254800,254800);
insert into t_car_model(cm_id , cs_id , cm_name,cm_type ,cm_order , cm_state , cm_min_price , cm_max_price) values(15062,281,'2013款 2.4L 5座汽油豪华版 国V','2013款',17,1,266600,266600);
insert into t_car_model(cm_id , cs_id , cm_name,cm_type ,cm_order , cm_state , cm_min_price , cm_max_price) values(15063,281,'2013款 2.4L 7座汽油豪华版 国V','2013款',18,1,272600,272600);
insert into t_car_model(cm_id , cs_id , cm_name,cm_type ,cm_order , cm_state , cm_min_price , cm_max_price) values(15064,281,'2013款 2.4L 5座汽油至尊版 国V','2013款',19,1,285600,285600);
insert into t_car_model(cm_id , cs_id , cm_name,cm_type ,cm_order , cm_state , cm_min_price , cm_max_price) values(15065,281,'2013款 2.4L 7座汽油至尊版 国V','2013款',20,1,291600,291600);
insert into t_car_model(cm_id , cs_id , cm_name,cm_type ,cm_order , cm_state , cm_min_price , cm_max_price) values(15066,281,'2013款 2.4L 5座汽油至尊UVO版 国V','2013款',21,1,302600,302600);
insert into t_car_model(cm_id , cs_id , cm_name,cm_type ,cm_order , cm_state , cm_min_price , cm_max_price) values(15067,281,'2013款 2.4L 7座汽油至尊UVO版 国V','2013款',22,1,308600,308600);
insert into t_car_model(cm_id , cs_id , cm_name,cm_type ,cm_order , cm_state , cm_min_price , cm_max_price) values(14156,281,'2013款 2.4L 5座汽油至尊UVO版','2013款',23,1,295000,295000);
insert into t_car_model(cm_id , cs_id , cm_name,cm_type ,cm_order , cm_state , cm_min_price , cm_max_price) values(14157,281,'2013款 2.4L 7座汽油至尊UVO版','2013款',24,1,300800,300800);
insert into t_car_model(cm_id , cs_id , cm_name,cm_type ,cm_order , cm_state , cm_min_price , cm_max_price) values(14170,281,'2013款 2.2T 5座柴油舒适版','2013款',25,1,239800,239800);
insert into t_car_model(cm_id , cs_id , cm_name,cm_type ,cm_order , cm_state , cm_min_price , cm_max_price) values(14171,281,'2013款 2.2T 7座柴油舒适版','2013款',26,1,245800,245800);
insert into t_car_model(cm_id , cs_id , cm_name,cm_type ,cm_order , cm_state , cm_min_price , cm_max_price) values(14168,281,'2013款 2.2T 5座柴油豪华版','2013款',27,1,264000,264000);
insert into t_car_model(cm_id , cs_id , cm_name,cm_type ,cm_order , cm_state , cm_min_price , cm_max_price) values(14169,281,'2013款 2.2T 7座柴油豪华版','2013款',28,1,270000,270000);
insert into t_car_model(cm_id , cs_id , cm_name,cm_type ,cm_order , cm_state , cm_min_price , cm_max_price) values(14166,281,'2013款 2.2T 5座柴油至尊版','2013款',29,1,282800,282800);
insert into t_car_model(cm_id , cs_id , cm_name,cm_type ,cm_order , cm_state , cm_min_price , cm_max_price) values(14167,281,'2013款 2.2T 7座柴油至尊版','2013款',30,1,287800,287800);
insert into t_car_model(cm_id , cs_id , cm_name,cm_type ,cm_order , cm_state , cm_min_price , cm_max_price) values(14164,281,'2013款 2.2T 5座柴油至尊UVO版','2013款',31,1,299800,299800);
insert into t_car_model(cm_id , cs_id , cm_name,cm_type ,cm_order , cm_state , cm_min_price , cm_max_price) values(14165,281,'2013款 2.2T 7座柴油至尊UVO版','2013款',32,1,305800,305800);
insert into t_car_model(cm_id , cs_id , cm_name,cm_type ,cm_order , cm_state , cm_min_price , cm_max_price) values(10416,281,'2012款 2.4L 汽油舒适版','2012款',1,1,229800,229800);
insert into t_car_model(cm_id , cs_id , cm_name,cm_type ,cm_order , cm_state , cm_min_price , cm_max_price) values(10414,281,'2012款 2.4L 汽油豪华版','2012款',2,1,249800,249800);
insert into t_car_model(cm_id , cs_id , cm_name,cm_type ,cm_order , cm_state , cm_min_price , cm_max_price) values(6158,281,'2012款 2.4L 汽油至尊版','2012款',3,1,267800,267800);
insert into t_car_model(cm_id , cs_id , cm_name,cm_type ,cm_order , cm_state , cm_min_price , cm_max_price) values(10417,281,'2012款 2.2T 柴油舒适版','2012款',4,1,234800,234800);
insert into t_car_model(cm_id , cs_id , cm_name,cm_type ,cm_order , cm_state , cm_min_price , cm_max_price) values(10415,281,'2012款 2.2T 柴油豪华版','2012款',5,1,254800,254800);
insert into t_car_model(cm_id , cs_id , cm_name,cm_type ,cm_order , cm_state , cm_min_price , cm_max_price) values(10413,281,'2012款 2.2T 柴油至尊版','2012款',6,1,272800,272800);
insert into t_car_model(cm_id , cs_id , cm_name,cm_type ,cm_order , cm_state , cm_min_price , cm_max_price) values(7460,281,'2010款 2.2T 柴油舒适版','2010款',1,1,234800,234800);
insert into t_car_model(cm_id , cs_id , cm_name,cm_type ,cm_order , cm_state , cm_min_price , cm_max_price) values(7459,281,'2010款 2.2T 柴油豪华版','2010款',2,1,254800,254800);
insert into t_car_model(cm_id , cs_id , cm_name,cm_type ,cm_order , cm_state , cm_min_price , cm_max_price) values(7461,281,'2010款 2.2T 柴油至尊版','2010款',3,1,272800,272800);
insert into t_car_model(cm_id , cs_id , cm_name,cm_type ,cm_order , cm_state , cm_min_price , cm_max_price) values(5740,281,'2009款 2.4L 舒适版','2009款',1,1,229800,229800);
insert into t_car_model(cm_id , cs_id , cm_name,cm_type ,cm_order , cm_state , cm_min_price , cm_max_price) values(5711,281,'2009款 2.4L 豪华版','2009款',2,1,249800,249800);
insert into t_car_model(cm_id , cs_id , cm_name,cm_type ,cm_order , cm_state , cm_min_price , cm_max_price) values(5242,281,'2009款 2.4L 至尊版','2009款',3,1,267800,267800);
insert into t_car_model(cm_id , cs_id , cm_name,cm_type ,cm_order , cm_state , cm_min_price , cm_max_price) values(4307,281,'2008款 2.5L 柴油舒适版','2008款',1,1,222800,222800);
insert into t_car_model(cm_id , cs_id , cm_name,cm_type ,cm_order , cm_state , cm_min_price , cm_max_price) values(4306,281,'2008款 2.5L 柴油精英版','2008款',2,1,239800,239800);
insert into t_car_model(cm_id , cs_id , cm_name,cm_type ,cm_order , cm_state , cm_min_price , cm_max_price) values(4346,281,'2006款 3.8L 汽油舒适版','2006款',1,1,303000,303000);
insert into t_car_model(cm_id , cs_id , cm_name,cm_type ,cm_order , cm_state , cm_min_price , cm_max_price) values(2406,281,'2006款 3.8L 汽油豪华版','2006款',2,1,308000,308000);
insert into t_car_model(cm_id , cs_id , cm_name,cm_type ,cm_order , cm_state , cm_min_price , cm_max_price) values(2240,281,'2005款 2.4L AWD','2005款',1,1,263500,263500);
insert into t_car_model(cm_id , cs_id , cm_name,cm_type ,cm_order , cm_state , cm_min_price , cm_max_price) values(1038,281,'2004款 3.5L AWD','2004款',1,1,277300,277300);
insert into t_car_series(cs_id,cbf_id,cs_name,cs_order,cs_letter) values(591,111,'霸锐',3800,'B');
insert into t_car_model(cm_id , cs_id , cm_name,cm_type ,cm_order , cm_state , cm_min_price , cm_max_price) values(25264,591,'2017款 3.8L 豪华版','2017款',1,1,416800,416800);
insert into t_car_model(cm_id , cs_id , cm_name,cm_type ,cm_order , cm_state , cm_min_price , cm_max_price) values(19876,591,'2015款 3.8L 豪华版 国IV','2015款',1,1,398000,398000);
insert into t_car_model(cm_id , cs_id , cm_name,cm_type ,cm_order , cm_state , cm_min_price , cm_max_price) values(19877,591,'2015款 3.8L 豪华版 国V','2015款',2,1,416800,416800);
insert into t_car_model(cm_id , cs_id , cm_name,cm_type ,cm_order , cm_state , cm_min_price , cm_max_price) values(16589,591,'2013款 3.8L 豪华版 国V','2013款',1,1,416800,416800);
insert into t_car_model(cm_id , cs_id , cm_name,cm_type ,cm_order , cm_state , cm_min_price , cm_max_price) values(3812,591,'2008款 3.8L 豪华版 国IV','2008款',1,1,398000,398000);
insert into t_car_series(cs_id,cbf_id,cs_name,cs_order,cs_letter) values(453,111,'佳乐',3802,'J');
insert into t_car_model(cm_id , cs_id , cm_name,cm_type ,cm_order , cm_state , cm_min_price , cm_max_price) values(17740,453,'2013款 2.0L 5座自动标准版 国IV','2013款',1,1,159800,159800);
insert into t_car_model(cm_id , cs_id , cm_name,cm_type ,cm_order , cm_state , cm_min_price , cm_max_price) values(17741,453,'2013款 2.0L 5座自动舒适版 国IV','2013款',2,1,177800,177800);
insert into t_car_model(cm_id , cs_id , cm_name,cm_type ,cm_order , cm_state , cm_min_price , cm_max_price) values(17742,453,'2013款 2.0L 7座自动标准版 国IV','2013款',3,1,163800,163800);
insert into t_car_model(cm_id , cs_id , cm_name,cm_type ,cm_order , cm_state , cm_min_price , cm_max_price) values(17743,453,'2013款 2.0L 7座自动舒适版 国IV','2013款',4,1,181800,181800);
insert into t_car_model(cm_id , cs_id , cm_name,cm_type ,cm_order , cm_state , cm_min_price , cm_max_price) values(17744,453,'2013款 2.0L 7座自动豪华版 国IV','2013款',5,1,205800,205800);
insert into t_car_model(cm_id , cs_id , cm_name,cm_type ,cm_order , cm_state , cm_min_price , cm_max_price) values(16087,453,'2013款 2.0L 5座自动标准版 国V','2013款',6,1,160800,160800);
insert into t_car_model(cm_id , cs_id , cm_name,cm_type ,cm_order , cm_state , cm_min_price , cm_max_price) values(16086,453,'2013款 2.0L 5座自动舒适版 国V','2013款',7,1,178800,178800);
insert into t_car_model(cm_id , cs_id , cm_name,cm_type ,cm_order , cm_state , cm_min_price , cm_max_price) values(16088,453,'2013款 2.0L 7座自动标准版 国V','2013款',8,1,164800,164800);
insert into t_car_model(cm_id , cs_id , cm_name,cm_type ,cm_order , cm_state , cm_min_price , cm_max_price) values(16076,453,'2013款 2.0L 7座自动舒适版 国V','2013款',9,1,182800,182800);
insert into t_car_model(cm_id , cs_id , cm_name,cm_type ,cm_order , cm_state , cm_min_price , cm_max_price) values(16089,453,'2013款 2.0L 7座自动豪华版 国V','2013款',10,1,206800,206800);
insert into t_car_model(cm_id , cs_id , cm_name,cm_type ,cm_order , cm_state , cm_min_price , cm_max_price) values(9472,453,'2011款 1.6L 5座手动舒适版','2011款',1,1,124600,124600);
insert into t_car_model(cm_id , cs_id , cm_name,cm_type ,cm_order , cm_state , cm_min_price , cm_max_price) values(9474,453,'2011款 1.6L 5座自动舒适版','2011款',2,1,134600,134600);
insert into t_car_model(cm_id , cs_id , cm_name,cm_type ,cm_order , cm_state , cm_min_price , cm_max_price) values(9473,453,'2011款 1.6L 5座手动豪华版','2011款',3,1,129600,129600);
insert into t_car_model(cm_id , cs_id , cm_name,cm_type ,cm_order , cm_state , cm_min_price , cm_max_price) values(9475,453,'2011款 1.6L 5座自动豪华版','2011款',4,1,139600,139600);
insert into t_car_model(cm_id , cs_id , cm_name,cm_type ,cm_order , cm_state , cm_min_price , cm_max_price) values(8512,453,'2011款 2.0L 5座自动标准版','2011款',5,1,146800,146800);
insert into t_car_model(cm_id , cs_id , cm_name,cm_type ,cm_order , cm_state , cm_min_price , cm_max_price) values(8259,453,'2011款 2.0L 5座自动舒适版','2011款',6,1,162800,162800);
insert into t_car_model(cm_id , cs_id , cm_name,cm_type ,cm_order , cm_state , cm_min_price , cm_max_price) values(8513,453,'2011款 2.0L 7座自动标准版','2011款',7,1,148800,148800);
insert into t_car_model(cm_id , cs_id , cm_name,cm_type ,cm_order , cm_state , cm_min_price , cm_max_price) values(8248,453,'2011款 2.0L 7座自动舒适版','2011款',8,1,164800,164800);
insert into t_car_model(cm_id , cs_id , cm_name,cm_type ,cm_order , cm_state , cm_min_price , cm_max_price) values(8514,453,'2011款 2.0L 7座自动豪华版','2011款',9,1,179800,179800);
insert into t_car_model(cm_id , cs_id , cm_name,cm_type ,cm_order , cm_state , cm_min_price , cm_max_price) values(3634,453,'2007款 2.0L 5座标准版','2007款',1,1,146800,146800);
insert into t_car_model(cm_id , cs_id , cm_name,cm_type ,cm_order , cm_state , cm_min_price , cm_max_price) values(3635,453,'2007款 2.0L 7座标准版','2007款',2,1,148800,148800);
insert into t_car_model(cm_id , cs_id , cm_name,cm_type ,cm_order , cm_state , cm_min_price , cm_max_price) values(3515,453,'2007款 2.0L 5座舒适版','2007款',3,1,162800,162800);
insert into t_car_model(cm_id , cs_id , cm_name,cm_type ,cm_order , cm_state , cm_min_price , cm_max_price) values(3111,453,'2007款 2.0L 7座舒适版','2007款',4,1,164800,164800);
insert into t_car_model(cm_id , cs_id , cm_name,cm_type ,cm_order , cm_state , cm_min_price , cm_max_price) values(2725,453,'2007款 2.0L 7座豪华版','2007款',5,1,179800,179800);
insert into t_car_model(cm_id , cs_id , cm_name,cm_type ,cm_order , cm_state , cm_min_price , cm_max_price) values(3516,453,'2007款 2.0L 5座豪华版','2007款',6,1,183000,183000);
insert into t_car_model(cm_id , cs_id , cm_name,cm_type ,cm_order , cm_state , cm_min_price , cm_max_price) values(2244,453,'2005款 2.0L','2005款',1,1,155000,155000);
insert into t_car_series(cs_id,cbf_id,cs_name,cs_order,cs_letter) values(3448,111,'嘉华(进口)',3803,'J');
insert into t_car_model(cm_id , cs_id , cm_name,cm_type ,cm_order , cm_state , cm_min_price , cm_max_price) values(29191,3448,'2017款 2.2T 舒适版 国V','2017款',1,1,271800,271800);
insert into t_car_model(cm_id , cs_id , cm_name,cm_type ,cm_order , cm_state , cm_min_price , cm_max_price) values(29192,3448,'2017款 2.2T 豪华版 国V','2017款',2,1,298800,298800);
insert into t_car_model(cm_id , cs_id , cm_name,cm_type ,cm_order , cm_state , cm_min_price , cm_max_price) values(29193,3448,'2017款 2.2T 旗舰版 国V','2017款',3,1,341800,341800);
insert into t_car_model(cm_id , cs_id , cm_name,cm_type ,cm_order , cm_state , cm_min_price , cm_max_price) values(23347,3448,'2015款 2.2T 舒适版 国IV','2015款',1,1,269800,269800);
insert into t_car_model(cm_id , cs_id , cm_name,cm_type ,cm_order , cm_state , cm_min_price , cm_max_price) values(23346,3448,'2015款 2.2T 豪华版 国IV','2015款',2,1,296800,296800);
insert into t_car_model(cm_id , cs_id , cm_name,cm_type ,cm_order , cm_state , cm_min_price , cm_max_price) values(18841,3448,'2015款 2.2T 旗舰版 国IV','2015款',3,1,339800,339800);
insert into t_car_model(cm_id , cs_id , cm_name,cm_type ,cm_order , cm_state , cm_min_price , cm_max_price) values(25128,3448,'2015款 3.3GDI 舒适版 国V','2015款',4,1,312400,312400);
insert into t_car_model(cm_id , cs_id , cm_name,cm_type ,cm_order , cm_state , cm_min_price , cm_max_price) values(25129,3448,'2015款 3.3GDI 豪华版 国V','2015款',5,1,342400,342400);
insert into t_car_model(cm_id , cs_id , cm_name,cm_type ,cm_order , cm_state , cm_min_price , cm_max_price) values(25130,3448,'2015款 3.3GDI 旗舰版 国V','2015款',6,1,392400,392400);
insert into t_car_model(cm_id , cs_id , cm_name,cm_type ,cm_order , cm_state , cm_min_price , cm_max_price) values(23350,3448,'2015款 3.3GDI 舒适版 国IV','2015款',7,1,309800,309800);
insert into t_car_model(cm_id , cs_id , cm_name,cm_type ,cm_order , cm_state , cm_min_price , cm_max_price) values(23349,3448,'2015款 3.3GDI 豪华版 国IV','2015款',8,1,339800,339800);
insert into t_car_model(cm_id , cs_id , cm_name,cm_type ,cm_order , cm_state , cm_min_price , cm_max_price) values(23348,3448,'2015款 3.3GDI 旗舰版 国IV','2015款',9,1,389800,389800);
insert into t_car_series(cs_id,cbf_id,cs_name,cs_order,cs_letter) values(275,111,'欧菲莱斯',3812,'O');
insert into t_car_model(cm_id , cs_id , cm_name,cm_type ,cm_order , cm_state , cm_min_price , cm_max_price) values(4167,275,'2008款 2.7 舒适版','2008款',1,1,239000,239000);
insert into t_car_model(cm_id , cs_id , cm_name,cm_type ,cm_order , cm_state , cm_min_price , cm_max_price) values(4345,275,'2008款 2.7 尊贵版','2008款',2,1,275000,275000);
insert into t_car_model(cm_id , cs_id , cm_name,cm_type ,cm_order , cm_state , cm_min_price , cm_max_price) values(4168,275,'2008款 3.8 旗舰版','2008款',3,1,308000,308000);
insert into t_car_model(cm_id , cs_id , cm_name,cm_type ,cm_order , cm_state , cm_min_price , cm_max_price) values(2785,275,'2007款 2.7 V6','2007款',1,1,288000,288000);
insert into t_car_model(cm_id , cs_id , cm_name,cm_type ,cm_order , cm_state , cm_min_price , cm_max_price) values(2786,275,'2007款 3.8 V6','2007款',2,1,328000,328000);
insert into t_car_model(cm_id , cs_id , cm_name,cm_type ,cm_order , cm_state , cm_min_price , cm_max_price) values(1851,275,'2005款 2.7 V6标配','2005款',1,1,265000,265000);
insert into t_car_model(cm_id , cs_id , cm_name,cm_type ,cm_order , cm_state , cm_min_price , cm_max_price) values(2239,275,'2005款 2.7 V6增配','2005款',2,1,270000,270000);
insert into t_car_model(cm_id , cs_id , cm_name,cm_type ,cm_order , cm_state , cm_min_price , cm_max_price) values(1021,275,'2004款 3.5 V6','2004款',1,1,288000,288000);
insert into t_car_series(cs_id,cbf_id,cs_name,cs_order,cs_letter) values(502,111,'起亚VQ',3819,'Q');
insert into t_car_model(cm_id , cs_id , cm_name,cm_type ,cm_order , cm_state , cm_min_price , cm_max_price) values(14155,502,'2013款 2.2T VQ-R 舒适版','2013款',1,1,297000,297000);
insert into t_car_model(cm_id , cs_id , cm_name,cm_type ,cm_order , cm_state , cm_min_price , cm_max_price) values(12709,502,'2013款 2.2T VQ-R 豪华版','2013款',2,1,325000,325000);
insert into t_car_model(cm_id , cs_id , cm_name,cm_type ,cm_order , cm_state , cm_min_price , cm_max_price) values(8218,502,'2011款 2.7 舒适版','2011款',1,1,275000,275000);
insert into t_car_model(cm_id , cs_id , cm_name,cm_type ,cm_order , cm_state , cm_min_price , cm_max_price) values(9578,502,'2011款 2.7 豪华版','2011款',2,1,298000,298000);
insert into t_car_model(cm_id , cs_id , cm_name,cm_type ,cm_order , cm_state , cm_min_price , cm_max_price) values(4347,502,'2006款 2.7 舒适版','2006款',1,1,275000,275000);
insert into t_car_model(cm_id , cs_id , cm_name,cm_type ,cm_order , cm_state , cm_min_price , cm_max_price) values(2731,502,'2006款 2.7 豪华版','2006款',2,1,298000,298000);
insert into t_car_series(cs_id,cbf_id,cs_name,cs_order,cs_letter) values(1016,111,'速迈',3822,'S');
insert into t_car_model(cm_id , cs_id , cm_name,cm_type ,cm_order , cm_state , cm_min_price , cm_max_price) values(17633,1016,'2014款 2.0L 时尚版 国IV','2014款',1,1,179800,179800);
insert into t_car_model(cm_id , cs_id , cm_name,cm_type ,cm_order , cm_state , cm_min_price , cm_max_price) values(17634,1016,'2014款 2.0L 豪华版 国IV','2014款',2,1,194800,194800);
insert into t_car_model(cm_id , cs_id , cm_name,cm_type ,cm_order , cm_state , cm_min_price , cm_max_price) values(17635,1016,'2014款 2.0L 旗舰版 国IV','2014款',3,1,211800,211800);
insert into t_car_model(cm_id , cs_id , cm_name,cm_type ,cm_order , cm_state , cm_min_price , cm_max_price) values(17630,1016,'2014款 1.6T 时尚版 国IV','2014款',4,1,192800,192800);
insert into t_car_model(cm_id , cs_id , cm_name,cm_type ,cm_order , cm_state , cm_min_price , cm_max_price) values(17631,1016,'2014款 1.6T 豪华版 国IV','2014款',5,1,208800,208800);
insert into t_car_model(cm_id , cs_id , cm_name,cm_type ,cm_order , cm_state , cm_min_price , cm_max_price) values(17632,1016,'2014款 1.6T 旗舰版 国IV','2014款',6,1,226800,226800);
insert into t_car_model(cm_id , cs_id , cm_name,cm_type ,cm_order , cm_state , cm_min_price , cm_max_price) values(25369,1016,'2014款 2.0L 时尚版 国V','2014款',7,1,180800,180800);
insert into t_car_model(cm_id , cs_id , cm_name,cm_type ,cm_order , cm_state , cm_min_price , cm_max_price) values(25370,1016,'2014款 2.0L 豪华版 国V','2014款',8,1,195800,195800);
insert into t_car_model(cm_id , cs_id , cm_name,cm_type ,cm_order , cm_state , cm_min_price , cm_max_price) values(25371,1016,'2014款 2.0L 旗舰版 国V','2014款',9,1,212800,212800);
insert into t_car_model(cm_id , cs_id , cm_name,cm_type ,cm_order , cm_state , cm_min_price , cm_max_price) values(25372,1016,'2014款 1.6T 时尚版 国V','2014款',10,1,193800,193800);
insert into t_car_model(cm_id , cs_id , cm_name,cm_type ,cm_order , cm_state , cm_min_price , cm_max_price) values(25373,1016,'2014款 1.6T 豪华版 国V','2014款',11,1,209800,209800);
insert into t_car_model(cm_id , cs_id , cm_name,cm_type ,cm_order , cm_state , cm_min_price , cm_max_price) values(25374,1016,'2014款 1.6T 旗舰版 国V','2014款',12,1,227800,227800);
insert into t_car_model(cm_id , cs_id , cm_name,cm_type ,cm_order , cm_state , cm_min_price , cm_max_price) values(15636,1016,'2013款 1.6AT 时尚版','2013款',1,1,171800,171800);
insert into t_car_model(cm_id , cs_id , cm_name,cm_type ,cm_order , cm_state , cm_min_price , cm_max_price) values(15637,1016,'2013款 1.6AT 豪华版','2013款',2,1,181800,181800);
insert into t_car_model(cm_id , cs_id , cm_name,cm_type ,cm_order , cm_state , cm_min_price , cm_max_price) values(15638,1016,'2013款 1.6AT 运动版','2013款',3,1,181800,181800);
insert into t_car_model(cm_id , cs_id , cm_name,cm_type ,cm_order , cm_state , cm_min_price , cm_max_price) values(15639,1016,'2013款 2.0AT 豪华版','2013款',4,1,190800,190800);
insert into t_car_model(cm_id , cs_id , cm_name,cm_type ,cm_order , cm_state , cm_min_price , cm_max_price) values(15640,1016,'2013款 2.0AT 运动版','2013款',5,1,200800,200800);
insert into t_car_model(cm_id , cs_id , cm_name,cm_type ,cm_order , cm_state , cm_min_price , cm_max_price) values(15641,1016,'2013款 2.0AT 旗舰版','2013款',6,1,200800,200800);
insert into t_car_model(cm_id , cs_id , cm_name,cm_type ,cm_order , cm_state , cm_min_price , cm_max_price) values(10299,1016,'2011款 1.6AT 时尚版','2011款',1,1,169800,169800);
insert into t_car_model(cm_id , cs_id , cm_name,cm_type ,cm_order , cm_state , cm_min_price , cm_max_price) values(10300,1016,'2011款 1.6AT 豪华版','2011款',2,1,179800,179800);
insert into t_car_model(cm_id , cs_id , cm_name,cm_type ,cm_order , cm_state , cm_min_price , cm_max_price) values(10301,1016,'2011款 1.6AT 运动版','2011款',3,1,179800,179800);
insert into t_car_model(cm_id , cs_id , cm_name,cm_type ,cm_order , cm_state , cm_min_price , cm_max_price) values(10302,1016,'2011款 2.0AT 豪华版','2011款',4,1,188800,188800);
insert into t_car_model(cm_id , cs_id , cm_name,cm_type ,cm_order , cm_state , cm_min_price , cm_max_price) values(10298,1016,'2011款 2.0AT 运动版','2011款',5,1,198800,198800);
insert into t_car_model(cm_id , cs_id , cm_name,cm_type ,cm_order , cm_state , cm_min_price , cm_max_price) values(10303,1016,'2011款 2.0AT 旗舰版','2011款',6,1,198800,198800);
insert into t_car_model(cm_id , cs_id , cm_name,cm_type ,cm_order , cm_state , cm_min_price , cm_max_price) values(6956,1016,'2010款 1.6AT 时尚版','2010款',1,1,169800,169800);
insert into t_car_model(cm_id , cs_id , cm_name,cm_type ,cm_order , cm_state , cm_min_price , cm_max_price) values(6603,1016,'2010款 1.6AT 豪华版','2010款',2,1,179800,179800);
insert into t_car_model(cm_id , cs_id , cm_name,cm_type ,cm_order , cm_state , cm_min_price , cm_max_price) values(6955,1016,'2010款 1.6AT 运动版','2010款',3,1,179800,179800);
insert into t_car_model(cm_id , cs_id , cm_name,cm_type ,cm_order , cm_state , cm_min_price , cm_max_price) values(6959,1016,'2010款 2.0AT 豪华版','2010款',4,1,188800,188800);
insert into t_car_model(cm_id , cs_id , cm_name,cm_type ,cm_order , cm_state , cm_min_price , cm_max_price) values(6958,1016,'2010款 2.0AT 运动版','2010款',5,1,198800,198800);
insert into t_car_model(cm_id , cs_id , cm_name,cm_type ,cm_order , cm_state , cm_min_price , cm_max_price) values(6957,1016,'2010款 2.0AT 旗舰版','2010款',6,1,198800,198800);
