insert into t_car_brand_factory(cbf_id , cb_id , cbf_name ,cbf_letter) values(376,49,'奇瑞捷豹路虎','Q');
insert into t_car_series(cs_id,cbf_id,cs_name,cs_order,cs_letter) values(5536,376,'发现运动版',3284,'F');
insert into t_car_model(cm_id , cs_id , cm_name,cm_type ,cm_order , cm_state , cm_min_price , cm_max_price) values(53443,5536,'2022款 200PS 家庭版 5座','2022款',1,1,356800,356800);
insert into t_car_model(cm_id , cs_id , cm_name,cm_type ,cm_order , cm_state , cm_min_price , cm_max_price) values(53444,5536,'2022款 249PS R-Dynamic S 性能版 5座','2022款',2,1,382800,382800);
insert into t_car_model(cm_id , cs_id , cm_name,cm_type ,cm_order , cm_state , cm_min_price , cm_max_price) values(53445,5536,'2022款 249PS R-Dynamic SE 性能科技版 5座','2022款',3,1,411800,411800);
insert into t_car_model(cm_id , cs_id , cm_name,cm_type ,cm_order , cm_state , cm_min_price , cm_max_price) values(53446,5536,'2022款 249PS R-Dynamic HSE 豪华定制版 7座','2022款',4,1,455800,455800);
insert into t_car_model(cm_id , cs_id , cm_name,cm_type ,cm_order , cm_state , cm_min_price , cm_max_price) values(50448,5536,'2021款 200PS 家庭版','2021款',1,1,356800,356800);
insert into t_car_model(cm_id , cs_id , cm_name,cm_type ,cm_order , cm_state , cm_min_price , cm_max_price) values(50449,5536,'2021款 249PS R-Dynamic S 性能版','2021款',2,1,382800,382800);
insert into t_car_model(cm_id , cs_id , cm_name,cm_type ,cm_order , cm_state , cm_min_price , cm_max_price) values(50450,5536,'2021款 249PS R-Dynamic SE 性能科技版 5座','2021款',3,1,411800,411800);
insert into t_car_model(cm_id , cs_id , cm_name,cm_type ,cm_order , cm_state , cm_min_price , cm_max_price) values(50469,5536,'2021款 249PS R-Dynamic SE 性能科技版 7座','2021款',4,1,422800,422800);
insert into t_car_model(cm_id , cs_id , cm_name,cm_type ,cm_order , cm_state , cm_min_price , cm_max_price) values(50451,5536,'2021款 249PS R-Dynamic HSE 豪华定制版','2021款',5,1,455800,455800);
insert into t_car_model(cm_id , cs_id , cm_name,cm_type ,cm_order , cm_state , cm_min_price , cm_max_price) values(43356,5536,'2020款 200PS 家庭版','2020款',1,1,356800,356800);
insert into t_car_model(cm_id , cs_id , cm_name,cm_type ,cm_order , cm_state , cm_min_price , cm_max_price) values(43357,5536,'2020款 249PS R-Dynamic 性能版','2020款',2,1,382800,382800);
insert into t_car_model(cm_id , cs_id , cm_name,cm_type ,cm_order , cm_state , cm_min_price , cm_max_price) values(43358,5536,'2020款 249PS R-Dynamic 性能科技版 5座','2020款',3,1,411800,411800);
insert into t_car_model(cm_id , cs_id , cm_name,cm_type ,cm_order , cm_state , cm_min_price , cm_max_price) values(43359,5536,'2020款 249PS R-Dynamic 性能科技版 7座','2020款',4,1,422800,422800);
insert into t_car_model(cm_id , cs_id , cm_name,cm_type ,cm_order , cm_state , cm_min_price , cm_max_price) values(43360,5536,'2020款 249PS R-Dynamic 豪华定制版','2020款',5,1,455800,455800);
insert into t_car_series(cs_id,cbf_id,cs_name,cs_order,cs_letter) values(5828,376,'发现运动版新能源',3285,'F');
insert into t_car_model(cm_id , cs_id , cm_name,cm_type ,cm_order , cm_state , cm_min_price , cm_max_price) values(54531,5828,'2022款 P300e 性能科技版','2022款',1,1,422800,422800);
insert into t_car_model(cm_id , cs_id , cm_name,cm_type ,cm_order , cm_state , cm_min_price , cm_max_price) values(46720,5828,'2021款 P300e 性能科技版','2021款',1,1,422800,422800);
insert into t_car_series(cs_id,cbf_id,cs_name,cs_order,cs_letter) values(3521,376,'揽胜极光',3286,'L');
insert into t_car_model(cm_id , cs_id , cm_name,cm_type ,cm_order , cm_state , cm_min_price , cm_max_price) values(51738,3521,'2021款 极光L 200PS R-Dynamic Standard 精英版','2021款',1,1,389800,389800);
insert into t_car_model(cm_id , cs_id , cm_name,cm_type ,cm_order , cm_state , cm_min_price , cm_max_price) values(51741,3521,'2021款 极光L 249PS R-Dynamic S 性能版','2021款',2,1,415800,415800);
insert into t_car_model(cm_id , cs_id , cm_name,cm_type ,cm_order , cm_state , cm_min_price , cm_max_price) values(51740,3521,'2021款 极光L 249PS R-Dynamic First edition 首发版','2021款',3,1,429800,429800);
insert into t_car_model(cm_id , cs_id , cm_name,cm_type ,cm_order , cm_state , cm_min_price , cm_max_price) values(51742,3521,'2021款 极光L 249PS R-Dynamic SE 豪华版','2021款',4,1,445800,445800);
insert into t_car_model(cm_id , cs_id , cm_name,cm_type ,cm_order , cm_state , cm_min_price , cm_max_price) values(51739,3521,'2021款 极光L 249PS R-Dynamic HSE 奢享版','2021款',5,1,475800,475800);
insert into t_car_model(cm_id , cs_id , cm_name,cm_type ,cm_order , cm_state , cm_min_price , cm_max_price) values(39747,3521,'2020款 249PS 青春版','2020款',1,1,355800,355800);
insert into t_car_model(cm_id , cs_id , cm_name,cm_type ,cm_order , cm_state , cm_min_price , cm_max_price) values(39798,3521,'2020款 249PS R-DYNAMIC S 运动版','2020款',2,1,375800,375800);
insert into t_car_model(cm_id , cs_id , cm_name,cm_type ,cm_order , cm_state , cm_min_price , cm_max_price) values(39748,3521,'2020款 249PS R-DYNAMIC S 首发运动定制版','2020款',3,1,390800,390800);
insert into t_car_model(cm_id , cs_id , cm_name,cm_type ,cm_order , cm_state , cm_min_price , cm_max_price) values(39799,3521,'2020款 249PS R-DYNAMIC SE 运动科技版','2020款',4,1,417800,417800);
insert into t_car_model(cm_id , cs_id , cm_name,cm_type ,cm_order , cm_state , cm_min_price , cm_max_price) values(39801,3521,'2020款 249PS R-DYNAMIC 运动科技定制版','2020款',5,1,455800,455800);
insert into t_car_model(cm_id , cs_id , cm_name,cm_type ,cm_order , cm_state , cm_min_price , cm_max_price) values(49996,3521,'2020款 249PS R-DYNAMIC S 曜黑运动版','2020款',6,1,375800,375800);
insert into t_car_model(cm_id , cs_id , cm_name,cm_type ,cm_order , cm_state , cm_min_price , cm_max_price) values(49997,3521,'2020款 249PS R-DYNAMIC S 曜黑运动科技版','2020款',7,1,417800,417800);
insert into t_car_model(cm_id , cs_id , cm_name,cm_type ,cm_order , cm_state , cm_min_price , cm_max_price) values(38747,3521,'2020款 249PS R-DYNAMIC HSE 豪华定制版','2020款',8,1,505800,505800);
insert into t_car_model(cm_id , cs_id , cm_name,cm_type ,cm_order , cm_state , cm_min_price , cm_max_price) values(31447,3521,'2018款 200PS PURE 新尚版','2018款',1,1,375800,375800);
insert into t_car_model(cm_id , cs_id , cm_name,cm_type ,cm_order , cm_state , cm_min_price , cm_max_price) values(31448,3521,'2018款 240PS PURE 风尚版','2018款',2,1,394800,394800);
insert into t_car_model(cm_id , cs_id , cm_name,cm_type ,cm_order , cm_state , cm_min_price , cm_max_price) values(31449,3521,'2018款 240PS SE 智耀版','2018款',3,1,442800,442800);
insert into t_car_model(cm_id , cs_id , cm_name,cm_type ,cm_order , cm_state , cm_min_price , cm_max_price) values(31450,3521,'2018款 240PS SE DYNAMIC 智锐版','2018款',4,1,491800,491800);
insert into t_car_model(cm_id , cs_id , cm_name,cm_type ,cm_order , cm_state , cm_min_price , cm_max_price) values(31583,3521,'2018款 240PS 梦莲湖蓝限量版','2018款',5,1,514800,514800);
insert into t_car_model(cm_id , cs_id , cm_name,cm_type ,cm_order , cm_state , cm_min_price , cm_max_price) values(31456,3521,'2018款 240PS HSE DYNAMIC 致动版','2018款',6,1,539800,539800);
insert into t_car_model(cm_id , cs_id , cm_name,cm_type ,cm_order , cm_state , cm_min_price , cm_max_price) values(29019,3521,'2017款 2.0T PURE 风尚版','2017款',1,1,398000,398000);
insert into t_car_model(cm_id , cs_id , cm_name,cm_type ,cm_order , cm_state , cm_min_price , cm_max_price) values(29020,3521,'2017款 2.0T SE 智耀版','2017款',2,1,458000,458000);
insert into t_car_model(cm_id , cs_id , cm_name,cm_type ,cm_order , cm_state , cm_min_price , cm_max_price) values(30957,3521,'2017款 2.0T 英伦锋尚版','2017款',3,1,458000,458000);
insert into t_car_model(cm_id , cs_id , cm_name,cm_type ,cm_order , cm_state , cm_min_price , cm_max_price) values(29021,3521,'2017款 2.0T SE PLUS 智享版','2017款',4,1,498000,498000);
insert into t_car_model(cm_id , cs_id , cm_name,cm_type ,cm_order , cm_state , cm_min_price , cm_max_price) values(29022,3521,'2017款 2.0T HSE DYNAMIC 致动版','2017款',5,1,558000,558000);
insert into t_car_model(cm_id , cs_id , cm_name,cm_type ,cm_order , cm_state , cm_min_price , cm_max_price) values(29023,3521,'2017款 2.0T 绚黑限量版','2017款',6,1,578000,578000);
insert into t_car_model(cm_id , cs_id , cm_name,cm_type ,cm_order , cm_state , cm_min_price , cm_max_price) values(26138,3521,'2016款 2.0T PURE 风尚版','2016款',1,1,398000,398000);
insert into t_car_model(cm_id , cs_id , cm_name,cm_type ,cm_order , cm_state , cm_min_price , cm_max_price) values(26139,3521,'2016款 2.0T SE 智耀版','2016款',2,1,458000,458000);
insert into t_car_model(cm_id , cs_id , cm_name,cm_type ,cm_order , cm_state , cm_min_price , cm_max_price) values(26140,3521,'2016款 2.0T SE PLUS 智享版','2016款',3,1,498000,498000);
insert into t_car_model(cm_id , cs_id , cm_name,cm_type ,cm_order , cm_state , cm_min_price , cm_max_price) values(26141,3521,'2016款 2.0T HSE DYNAMIC 致动版','2016款',4,1,558000,558000);
insert into t_car_model(cm_id , cs_id , cm_name,cm_type ,cm_order , cm_state , cm_min_price , cm_max_price) values(26166,3521,'2016款 2.0T 倾橙限量版','2016款',5,1,578000,578000);
insert into t_car_model(cm_id , cs_id , cm_name,cm_type ,cm_order , cm_state , cm_min_price , cm_max_price) values(21603,3521,'2015款 2.0T 五门风尚版','2015款',1,1,398000,398000);
insert into t_car_model(cm_id , cs_id , cm_name,cm_type ,cm_order , cm_state , cm_min_price , cm_max_price) values(21604,3521,'2015款 2.0T 五门智耀版','2015款',2,1,468000,468000);
insert into t_car_model(cm_id , cs_id , cm_name,cm_type ,cm_order , cm_state , cm_min_price , cm_max_price) values(21605,3521,'2015款 2.0T 五门锐动版','2015款',3,1,522000,522000);
insert into t_car_model(cm_id , cs_id , cm_name,cm_type ,cm_order , cm_state , cm_min_price , cm_max_price) values(21606,3521,'2015款 2.0T 五门致享版','2015款',4,1,552000,552000);
insert into t_car_series(cs_id,cbf_id,cs_name,cs_order,cs_letter) values(6362,376,'揽胜极光新能源',3287,'L');
insert into t_car_model(cm_id , cs_id , cm_name,cm_type ,cm_order , cm_state , cm_min_price , cm_max_price) values(52971,6362,'2021款 极光L P300e 豪华版','2021款',1,1,445800,445800);
insert into t_car_series(cs_id,cbf_id,cs_name,cs_order,cs_letter) values(3871,376,'发现神行',3288,'F');
insert into t_car_model(cm_id , cs_id , cm_name,cm_type ,cm_order , cm_state , cm_min_price , cm_max_price) values(39091,3871,'2019款 200PS PURE版 国V','2019款',1,1,346800,346800);
insert into t_car_model(cm_id , cs_id , cm_name,cm_type ,cm_order , cm_state , cm_min_price , cm_max_price) values(37935,3871,'2019款 200PS PURE版 国VI','2019款',2,1,346800,346800);
insert into t_car_model(cm_id , cs_id , cm_name,cm_type ,cm_order , cm_state , cm_min_price , cm_max_price) values(39092,3871,'2019款 240PS PURE版 国V','2019款',3,1,365800,365800);
insert into t_car_model(cm_id , cs_id , cm_name,cm_type ,cm_order , cm_state , cm_min_price , cm_max_price) values(37936,3871,'2019款 240PS PURE版 国VI','2019款',4,1,365800,365800);
insert into t_car_model(cm_id , cs_id , cm_name,cm_type ,cm_order , cm_state , cm_min_price , cm_max_price) values(39093,3871,'2019款 240PS SE版 国V','2019款',5,1,394800,394800);
insert into t_car_model(cm_id , cs_id , cm_name,cm_type ,cm_order , cm_state , cm_min_price , cm_max_price) values(37937,3871,'2019款 240PS SE版 国VI','2019款',6,1,394800,394800);
insert into t_car_model(cm_id , cs_id , cm_name,cm_type ,cm_order , cm_state , cm_min_price , cm_max_price) values(39094,3871,'2019款 240PS SE Dynamic版 国V','2019款',7,1,413800,413800);
insert into t_car_model(cm_id , cs_id , cm_name,cm_type ,cm_order , cm_state , cm_min_price , cm_max_price) values(37938,3871,'2019款 240PS SE Dynamic版 国VI','2019款',8,1,413800,413800);
insert into t_car_model(cm_id , cs_id , cm_name,cm_type ,cm_order , cm_state , cm_min_price , cm_max_price) values(39095,3871,'2019款 240PS HSE版 国V','2019款',9,1,452800,452800);
insert into t_car_model(cm_id , cs_id , cm_name,cm_type ,cm_order , cm_state , cm_min_price , cm_max_price) values(37939,3871,'2019款 240PS HSE版 国VI','2019款',10,1,452800,452800);
insert into t_car_model(cm_id , cs_id , cm_name,cm_type ,cm_order , cm_state , cm_min_price , cm_max_price) values(39096,3871,'2019款 240PS HSE LUXURY版 国V','2019款',11,1,500800,500800);
insert into t_car_model(cm_id , cs_id , cm_name,cm_type ,cm_order , cm_state , cm_min_price , cm_max_price) values(37940,3871,'2019款 240PS HSE LUXURY版 国VI','2019款',12,1,500800,500800);
insert into t_car_model(cm_id , cs_id , cm_name,cm_type ,cm_order , cm_state , cm_min_price , cm_max_price) values(31459,3871,'2018款 200PS PURE版','2018款',1,1,355800,355800);
insert into t_car_model(cm_id , cs_id , cm_name,cm_type ,cm_order , cm_state , cm_min_price , cm_max_price) values(31460,3871,'2018款 240PS PURE版','2018款',2,1,374800,374800);
insert into t_car_model(cm_id , cs_id , cm_name,cm_type ,cm_order , cm_state , cm_min_price , cm_max_price) values(31461,3871,'2018款 240PS SE版','2018款',3,1,404800,404800);
insert into t_car_model(cm_id , cs_id , cm_name,cm_type ,cm_order , cm_state , cm_min_price , cm_max_price) values(31462,3871,'2018款 240PS HSE版','2018款',4,1,464800,464800);
insert into t_car_model(cm_id , cs_id , cm_name,cm_type ,cm_order , cm_state , cm_min_price , cm_max_price) values(33174,3871,'2018款 240PS 智越限量版','2018款',5,1,481800,481800);
insert into t_car_model(cm_id , cs_id , cm_name,cm_type ,cm_order , cm_state , cm_min_price , cm_max_price) values(31463,3871,'2018款 240PS HSE LUXURY版','2018款',6,1,513800,513800);
insert into t_car_model(cm_id , cs_id , cm_name,cm_type ,cm_order , cm_state , cm_min_price , cm_max_price) values(29014,3871,'2017款 2.0T PURE','2017款',1,1,368000,368000);
insert into t_car_model(cm_id , cs_id , cm_name,cm_type ,cm_order , cm_state , cm_min_price , cm_max_price) values(29015,3871,'2017款 2.0T SE','2017款',2,1,408000,408000);
insert into t_car_model(cm_id , cs_id , cm_name,cm_type ,cm_order , cm_state , cm_min_price , cm_max_price) values(29018,3871,'2017款 2.0T 酷黑限量版','2017款',3,1,430000,430000);
insert into t_car_model(cm_id , cs_id , cm_name,cm_type ,cm_order , cm_state , cm_min_price , cm_max_price) values(29016,3871,'2017款 2.0T HSE','2017款',4,1,468000,468000);
insert into t_car_model(cm_id , cs_id , cm_name,cm_type ,cm_order , cm_state , cm_min_price , cm_max_price) values(29017,3871,'2017款 2.0T HSE LUXURY','2017款',5,1,518000,518000);
insert into t_car_model(cm_id , cs_id , cm_name,cm_type ,cm_order , cm_state , cm_min_price , cm_max_price) values(24364,3871,'2016款 2.0T S','2016款',1,1,368000,368000);
insert into t_car_model(cm_id , cs_id , cm_name,cm_type ,cm_order , cm_state , cm_min_price , cm_max_price) values(24362,3871,'2016款 2.0T SE','2016款',2,1,408000,408000);
insert into t_car_model(cm_id , cs_id , cm_name,cm_type ,cm_order , cm_state , cm_min_price , cm_max_price) values(27565,3871,'2016款 2.0T 限量版','2016款',3,1,428000,428000);
insert into t_car_model(cm_id , cs_id , cm_name,cm_type ,cm_order , cm_state , cm_min_price , cm_max_price) values(24626,3871,'2016款 2.0T 上市限量版','2016款',4,1,438000,438000);
insert into t_car_model(cm_id , cs_id , cm_name,cm_type ,cm_order , cm_state , cm_min_price , cm_max_price) values(24363,3871,'2016款 2.0T HSE','2016款',5,1,468000,468000);
insert into t_car_model(cm_id , cs_id , cm_name,cm_type ,cm_order , cm_state , cm_min_price , cm_max_price) values(23183,3871,'2016款 2.0T HSE LUXURY','2016款',6,1,518000,518000);
insert into t_car_brand_factory(cbf_id , cb_id , cbf_name ,cbf_letter) values(49,49,'路虎(进口)','L');
insert into t_car_series(cs_id,cbf_id,cs_name,cs_order,cs_letter) values(4316,49,'揽胜星脉',3289,'L');
insert into t_car_model(cm_id , cs_id , cm_name,cm_type ,cm_order , cm_state , cm_min_price , cm_max_price) values(54849,4316,'2022款 250PS','2022款',1,1,558000,558000);
insert into t_car_model(cm_id , cs_id , cm_name,cm_type ,cm_order , cm_state , cm_min_price , cm_max_price) values(54850,4316,'2022款 250PS 熠金珍藏版','2022款',2,1,638000,638000);
insert into t_car_model(cm_id , cs_id , cm_name,cm_type ,cm_order , cm_state , cm_min_price , cm_max_price) values(54851,4316,'2022款 340PS HSE R-DYNAMIC','2022款',3,1,720800,720800);
insert into t_car_model(cm_id , cs_id , cm_name,cm_type ,cm_order , cm_state , cm_min_price , cm_max_price) values(50387,4316,'2021款 P250','2021款',1,1,558000,558000);
insert into t_car_model(cm_id , cs_id , cm_name,cm_type ,cm_order , cm_state , cm_min_price , cm_max_price) values(50388,4316,'2021款 P250 熠黑珍藏版','2021款',2,1,608000,608000);
insert into t_car_model(cm_id , cs_id , cm_name,cm_type ,cm_order , cm_state , cm_min_price , cm_max_price) values(50386,4316,'2021款 P340 R-DYNAMIC SE','2021款',3,1,698000,698000);
insert into t_car_model(cm_id , cs_id , cm_name,cm_type ,cm_order , cm_state , cm_min_price , cm_max_price) values(41995,4316,'2020款 P250','2020款',1,1,572800,572800);
insert into t_car_model(cm_id , cs_id , cm_name,cm_type ,cm_order , cm_state , cm_min_price , cm_max_price) values(41996,4316,'2020款 P250 R-DYNAMIC S','2020款',2,1,635800,635800);
insert into t_car_model(cm_id , cs_id , cm_name,cm_type ,cm_order , cm_state , cm_min_price , cm_max_price) values(41997,4316,'2020款 P340 R-DYNAMIC S','2020款',3,1,694800,694800);
insert into t_car_model(cm_id , cs_id , cm_name,cm_type ,cm_order , cm_state , cm_min_price , cm_max_price) values(41998,4316,'2020款 P380 R-DYNAMIC SE','2020款',4,1,782800,782800);
insert into t_car_model(cm_id , cs_id , cm_name,cm_type ,cm_order , cm_state , cm_min_price , cm_max_price) values(41999,4316,'2020款 P380 R-DYNAMIC HSE','2020款',5,1,878800,878800);
insert into t_car_model(cm_id , cs_id , cm_name,cm_type ,cm_order , cm_state , cm_min_price , cm_max_price) values(36660,4316,'2019款 250PS','2019款',1,1,572800,572800);
insert into t_car_model(cm_id , cs_id , cm_name,cm_type ,cm_order , cm_state , cm_min_price , cm_max_price) values(36661,4316,'2019款 250PS R-DYNAMIC S','2019款',2,1,635800,635800);
insert into t_car_model(cm_id , cs_id , cm_name,cm_type ,cm_order , cm_state , cm_min_price , cm_max_price) values(36662,4316,'2019款 300PS R-DYNAMIC S','2019款',3,1,664800,664800);
insert into t_car_model(cm_id , cs_id , cm_name,cm_type ,cm_order , cm_state , cm_min_price , cm_max_price) values(36663,4316,'2019款 380PS R-DYNAMIC SE','2019款',4,1,782800,782800);
insert into t_car_model(cm_id , cs_id , cm_name,cm_type ,cm_order , cm_state , cm_min_price , cm_max_price) values(36664,4316,'2019款 380PS R-DYNAMIC HSE','2019款',5,1,878800,878800);
insert into t_car_model(cm_id , cs_id , cm_name,cm_type ,cm_order , cm_state , cm_min_price , cm_max_price) values(33034,4316,'2018款 P250 S','2018款',1,1,648000,648000);
insert into t_car_model(cm_id , cs_id , cm_name,cm_type ,cm_order , cm_state , cm_min_price , cm_max_price) values(31077,4316,'2018款 P300 S','2018款',2,1,678000,678000);
insert into t_car_model(cm_id , cs_id , cm_name,cm_type ,cm_order , cm_state , cm_min_price , cm_max_price) values(31078,4316,'2018款 P300 R-DYNAMIC S','2018款',3,1,708000,708000);
insert into t_car_model(cm_id , cs_id , cm_name,cm_type ,cm_order , cm_state , cm_min_price , cm_max_price) values(33035,4316,'2018款 P380 S','2018款',4,1,748000,748000);
insert into t_car_model(cm_id , cs_id , cm_name,cm_type ,cm_order , cm_state , cm_min_price , cm_max_price) values(33036,4316,'2018款 P380 R-DYNAMIC S','2018款',5,1,778000,778000);
insert into t_car_model(cm_id , cs_id , cm_name,cm_type ,cm_order , cm_state , cm_min_price , cm_max_price) values(33037,4316,'2018款 P380 R-DYNAMIC SE','2018款',6,1,818000,818000);
insert into t_car_model(cm_id , cs_id , cm_name,cm_type ,cm_order , cm_state , cm_min_price , cm_max_price) values(33038,4316,'2018款 P380 R-DYNAMIC HSE','2018款',7,1,898000,898000);
insert into t_car_model(cm_id , cs_id , cm_name,cm_type ,cm_order , cm_state , cm_min_price , cm_max_price) values(33039,4316,'2018款 P380 首发限量版','2018款',8,1,998000,998000);
insert into t_car_model(cm_id , cs_id , cm_name,cm_type ,cm_order , cm_state , cm_min_price , cm_max_price) values(29581,4316,'2017款 P250 S','2017款',1,1,688000,688000);
insert into t_car_model(cm_id , cs_id , cm_name,cm_type ,cm_order , cm_state , cm_min_price , cm_max_price) values(29582,4316,'2017款 P380 S','2017款',2,1,788000,788000);
insert into t_car_model(cm_id , cs_id , cm_name,cm_type ,cm_order , cm_state , cm_min_price , cm_max_price) values(29579,4316,'2017款 P380 R-DYNAMIC S','2017款',3,1,818000,818000);
insert into t_car_model(cm_id , cs_id , cm_name,cm_type ,cm_order , cm_state , cm_min_price , cm_max_price) values(29580,4316,'2017款 P380 R-DYNAMIC SE','2017款',4,1,868000,868000);
insert into t_car_model(cm_id , cs_id , cm_name,cm_type ,cm_order , cm_state , cm_min_price , cm_max_price) values(29578,4316,'2017款 P380 R-DYNAMIC HSE','2017款',5,1,948000,948000);
insert into t_car_model(cm_id , cs_id , cm_name,cm_type ,cm_order , cm_state , cm_min_price , cm_max_price) values(29456,4316,'2017款 P380 首发限量版','2017款',6,1,1048000,1048000);
insert into t_car_series(cs_id,cbf_id,cs_name,cs_order,cs_letter) values(802,49,'发现',3290,'F');
insert into t_car_model(cm_id , cs_id , cm_name,cm_type ,cm_order , cm_state , cm_min_price , cm_max_price) values(51835,802,'2022款 300PS S','2022款',1,1,689800,689800);
insert into t_car_model(cm_id , cs_id , cm_name,cm_type ,cm_order , cm_state , cm_min_price , cm_max_price) values(51836,802,'2022款 360PS R-Dynamic S','2022款',2,1,735800,735800);
insert into t_car_model(cm_id , cs_id , cm_name,cm_type ,cm_order , cm_state , cm_min_price , cm_max_price) values(51837,802,'2022款 360PS R-Dynamic SE','2022款',3,1,788800,788800);
insert into t_car_model(cm_id , cs_id , cm_name,cm_type ,cm_order , cm_state , cm_min_price , cm_max_price) values(51838,802,'2022款 360PS R-Dynamic HSE','2022款',4,1,837800,837800);
insert into t_car_model(cm_id , cs_id , cm_name,cm_type ,cm_order , cm_state , cm_min_price , cm_max_price) values(50074,802,'2021款 300PS S','2021款',1,1,689800,689800);
insert into t_car_model(cm_id , cs_id , cm_name,cm_type ,cm_order , cm_state , cm_min_price , cm_max_price) values(50073,802,'2021款 360PS R-Dynamic S','2021款',2,1,735800,735800);
insert into t_car_model(cm_id , cs_id , cm_name,cm_type ,cm_order , cm_state , cm_min_price , cm_max_price) values(48706,802,'2021款 360PS R-Dynamic SE','2021款',3,1,788800,788800);
insert into t_car_model(cm_id , cs_id , cm_name,cm_type ,cm_order , cm_state , cm_min_price , cm_max_price) values(49963,802,'2021款 360PS R-Dynamic HSE','2021款',4,1,837800,837800);
insert into t_car_model(cm_id , cs_id , cm_name,cm_type ,cm_order , cm_state , cm_min_price , cm_max_price) values(42405,802,'2020款 2.0T SE','2020款',1,1,669800,669800);
insert into t_car_model(cm_id , cs_id , cm_name,cm_type ,cm_order , cm_state , cm_min_price , cm_max_price) values(42320,802,'2020款 2.0T 30周年特别版','2020款',2,1,695800,695800);
insert into t_car_model(cm_id , cs_id , cm_name,cm_type ,cm_order , cm_state , cm_min_price , cm_max_price) values(42406,802,'2020款 3.0 SC V6 SE','2020款',3,1,742800,742800);
insert into t_car_model(cm_id , cs_id , cm_name,cm_type ,cm_order , cm_state , cm_min_price , cm_max_price) values(42119,802,'2020款 3.0 SC V6 30周年特别版','2020款',4,1,768800,768800);
insert into t_car_model(cm_id , cs_id , cm_name,cm_type ,cm_order , cm_state , cm_min_price , cm_max_price) values(42407,802,'2020款 3.0 SC V6 HSE','2020款',5,1,837800,837800);
insert into t_car_model(cm_id , cs_id , cm_name,cm_type ,cm_order , cm_state , cm_min_price , cm_max_price) values(36868,802,'2019款 2.0T SE','2019款',1,1,669800,669800);
insert into t_car_model(cm_id , cs_id , cm_name,cm_type ,cm_order , cm_state , cm_min_price , cm_max_price) values(36869,802,'2019款 2.0T HSE','2019款',2,1,710800,710800);
insert into t_car_model(cm_id , cs_id , cm_name,cm_type ,cm_order , cm_state , cm_min_price , cm_max_price) values(36870,802,'2019款 3.0 SC V6 SE','2019款',3,1,742800,742800);
insert into t_car_model(cm_id , cs_id , cm_name,cm_type ,cm_order , cm_state , cm_min_price , cm_max_price) values(36871,802,'2019款 3.0 SC V6 HSE','2019款',4,1,837800,837800);
insert into t_car_model(cm_id , cs_id , cm_name,cm_type ,cm_order , cm_state , cm_min_price , cm_max_price) values(36872,802,'2019款 3.0 SC V6 HSE LUXURY','2019款',5,1,934800,934800);
insert into t_car_model(cm_id , cs_id , cm_name,cm_type ,cm_order , cm_state , cm_min_price , cm_max_price) values(33998,802,'2018款 2.0T SE','2018款',1,1,688000,688000);
insert into t_car_model(cm_id , cs_id , cm_name,cm_type ,cm_order , cm_state , cm_min_price , cm_max_price) values(34110,802,'2018款 2.0T 特别版','2018款',2,1,727700,727700);
insert into t_car_model(cm_id , cs_id , cm_name,cm_type ,cm_order , cm_state , cm_min_price , cm_max_price) values(33927,802,'2018款 3.0 SC V6 SE','2018款',3,1,758000,758000);
insert into t_car_model(cm_id , cs_id , cm_name,cm_type ,cm_order , cm_state , cm_min_price , cm_max_price) values(33946,802,'2018款 3.0 SC V6 HSE','2018款',4,1,836800,836800);
insert into t_car_model(cm_id , cs_id , cm_name,cm_type ,cm_order , cm_state , cm_min_price , cm_max_price) values(34109,802,'2018款 3.0 SC V6 HSE LUXURY','2018款',5,1,936800,936800);
insert into t_car_model(cm_id , cs_id , cm_name,cm_type ,cm_order , cm_state , cm_min_price , cm_max_price) values(27913,802,'2017款 3.0 SC V6 S','2017款',1,1,798000,798000);
insert into t_car_model(cm_id , cs_id , cm_name,cm_type ,cm_order , cm_state , cm_min_price , cm_max_price) values(27914,802,'2017款 3.0 SC V6 SE','2017款',2,1,848000,848000);
insert into t_car_model(cm_id , cs_id , cm_name,cm_type ,cm_order , cm_state , cm_min_price , cm_max_price) values(27915,802,'2017款 3.0 SC V6 HSE','2017款',3,1,928000,928000);
insert into t_car_model(cm_id , cs_id , cm_name,cm_type ,cm_order , cm_state , cm_min_price , cm_max_price) values(27916,802,'2017款 3.0 SC V6 HSE LUXURY','2017款',4,1,1018000,1018000);
insert into t_car_model(cm_id , cs_id , cm_name,cm_type ,cm_order , cm_state , cm_min_price , cm_max_price) values(27917,802,'2017款 3.0 SC V6 首发限量版','2017款',5,1,1108000,1108000);
insert into t_car_model(cm_id , cs_id , cm_name,cm_type ,cm_order , cm_state , cm_min_price , cm_max_price) values(24862,802,'2016款 3.0 SDV6 HSE 柴油版','2016款',1,1,888000,888000);
insert into t_car_model(cm_id , cs_id , cm_name,cm_type ,cm_order , cm_state , cm_min_price , cm_max_price) values(24863,802,'2016款 3.0 SC V6 SE','2016款',2,1,828000,828000);
insert into t_car_model(cm_id , cs_id , cm_name,cm_type ,cm_order , cm_state , cm_min_price , cm_max_price) values(24864,802,'2016款 3.0 SC V6 HSE','2016款',3,1,928000,928000);
insert into t_car_model(cm_id , cs_id , cm_name,cm_type ,cm_order , cm_state , cm_min_price , cm_max_price) values(24865,802,'2016款 3.0 SC V6 HSE Luxury','2016款',4,1,1028000,1028000);
insert into t_car_model(cm_id , cs_id , cm_name,cm_type ,cm_order , cm_state , cm_min_price , cm_max_price) values(25935,802,'2016款 3.0 SDV6 曜黑典藏版 HSE 柴油版','2016款',5,1,888000,888000);
insert into t_car_model(cm_id , cs_id , cm_name,cm_type ,cm_order , cm_state , cm_min_price , cm_max_price) values(25934,802,'2016款 3.0 SC 曜黑典藏版 SE','2016款',6,1,828000,828000);
insert into t_car_model(cm_id , cs_id , cm_name,cm_type ,cm_order , cm_state , cm_min_price , cm_max_price) values(24319,802,'2016款 3.0 SC 曜黑典藏版 HSE','2016款',7,1,928000,928000);
insert into t_car_model(cm_id , cs_id , cm_name,cm_type ,cm_order , cm_state , cm_min_price , cm_max_price) values(24318,802,'2016款 3.0 SC 征峰限量版','2016款',8,1,1048000,1048000);
insert into t_car_model(cm_id , cs_id , cm_name,cm_type ,cm_order , cm_state , cm_min_price , cm_max_price) values(22152,802,'2015款 3.0 SDV6 HSE 柴油版','2015款',1,1,888000,888000);
insert into t_car_model(cm_id , cs_id , cm_name,cm_type ,cm_order , cm_state , cm_min_price , cm_max_price) values(22153,802,'2015款 3.0 SC V6 SE','2015款',2,1,828000,828000);
insert into t_car_model(cm_id , cs_id , cm_name,cm_type ,cm_order , cm_state , cm_min_price , cm_max_price) values(22154,802,'2015款 3.0 SC V6 HSE','2015款',3,1,928000,928000);
insert into t_car_model(cm_id , cs_id , cm_name,cm_type ,cm_order , cm_state , cm_min_price , cm_max_price) values(22155,802,'2015款 3.0 SC V6 HSE Luxury','2015款',4,1,1028000,1028000);
insert into t_car_model(cm_id , cs_id , cm_name,cm_type ,cm_order , cm_state , cm_min_price , cm_max_price) values(18254,802,'2014款 3.0 SDV6 HSE 柴油版','2014款',1,1,888000,888000);
insert into t_car_model(cm_id , cs_id , cm_name,cm_type ,cm_order , cm_state , cm_min_price , cm_max_price) values(18280,802,'2014款 3.0 SC V6 SE','2014款',2,1,828000,828000);
insert into t_car_model(cm_id , cs_id , cm_name,cm_type ,cm_order , cm_state , cm_min_price , cm_max_price) values(18281,802,'2014款 3.0 SC V6 HSE','2014款',3,1,928000,928000);
insert into t_car_model(cm_id , cs_id , cm_name,cm_type ,cm_order , cm_state , cm_min_price , cm_max_price) values(18282,802,'2014款 3.0 SC V6 HSE Luxury','2014款',4,1,1018000,1018000);
insert into t_car_model(cm_id , cs_id , cm_name,cm_type ,cm_order , cm_state , cm_min_price , cm_max_price) values(18251,802,'2014款 3.0 SC V6 XXV Edition','2014款',5,1,1058000,1058000);
insert into t_car_model(cm_id , cs_id , cm_name,cm_type ,cm_order , cm_state , cm_min_price , cm_max_price) values(14475,802,'2013款 3.0 SDV6 HSE 柴油版','2013款',1,1,848000,848000);
insert into t_car_model(cm_id , cs_id , cm_name,cm_type ,cm_order , cm_state , cm_min_price , cm_max_price) values(16782,802,'2013款 3.0 SDV6 尊黑限量版','2013款',2,1,898000,898000);
insert into t_car_model(cm_id , cs_id , cm_name,cm_type ,cm_order , cm_state , cm_min_price , cm_max_price) values(14476,802,'2013款 5.0 V8 SE','2013款',3,1,1058000,1058000);
insert into t_car_model(cm_id , cs_id , cm_name,cm_type ,cm_order , cm_state , cm_min_price , cm_max_price) values(14439,802,'2013款 5.0 V8 HSE','2013款',4,1,1188000,1188000);
insert into t_car_model(cm_id , cs_id , cm_name,cm_type ,cm_order , cm_state , cm_min_price , cm_max_price) values(16783,802,'2013款 5.0 V8 尊黑限量版','2013款',5,1,1268000,1268000);
insert into t_car_model(cm_id , cs_id , cm_name,cm_type ,cm_order , cm_state , cm_min_price , cm_max_price) values(11422,802,'2012款 3.0 SDV6 HSE 柴油版','2012款',1,1,848000,848000);
insert into t_car_model(cm_id , cs_id , cm_name,cm_type ,cm_order , cm_state , cm_min_price , cm_max_price) values(13513,802,'2012款 3.0 SDV6 HSE奢朗限量版','2012款',2,1,978000,978000);
insert into t_car_model(cm_id , cs_id , cm_name,cm_type ,cm_order , cm_state , cm_min_price , cm_max_price) values(11423,802,'2012款 5.0 V8 SE','2012款',3,1,1058000,1058000);
insert into t_car_model(cm_id , cs_id , cm_name,cm_type ,cm_order , cm_state , cm_min_price , cm_max_price) values(10974,802,'2012款 5.0 V8 HSE','2012款',4,1,1188000,1188000);
insert into t_car_model(cm_id , cs_id , cm_name,cm_type ,cm_order , cm_state , cm_min_price , cm_max_price) values(12488,802,'2012款 5.0 V8 HSE奢朗限量版','2012款',5,1,1338000,1338000);
insert into t_car_model(cm_id , cs_id , cm_name,cm_type ,cm_order , cm_state , cm_min_price , cm_max_price) values(5853,802,'2011款 2.7 TDV6 S 柴油版','2011款',1,1,698000,698000);
insert into t_car_model(cm_id , cs_id , cm_name,cm_type ,cm_order , cm_state , cm_min_price , cm_max_price) values(8902,802,'2011款 2.7 TDV6 HSE 柴油版','2011款',2,1,748000,748000);
insert into t_car_model(cm_id , cs_id , cm_name,cm_type ,cm_order , cm_state , cm_min_price , cm_max_price) values(8903,802,'2011款 3.0 SDV6 HSE 柴油版','2011款',3,1,798000,798000);
insert into t_car_model(cm_id , cs_id , cm_name,cm_type ,cm_order , cm_state , cm_min_price , cm_max_price) values(8906,802,'2011款 4.0 V6 HSE','2011款',4,1,858000,858000);
insert into t_car_model(cm_id , cs_id , cm_name,cm_type ,cm_order , cm_state , cm_min_price , cm_max_price) values(8907,802,'2011款 5.0 V8 HSE','2011款',5,1,1188000,1188000);
insert into t_car_model(cm_id , cs_id , cm_name,cm_type ,cm_order , cm_state , cm_min_price , cm_max_price) values(5852,802,'2010款 3.0TDV6 HSE 柴油版','2010款',1,1,798000,798000);
insert into t_car_model(cm_id , cs_id , cm_name,cm_type ,cm_order , cm_state , cm_min_price , cm_max_price) values(5851,802,'2010款 4.0 V6 HSE 汽油版','2010款',2,1,858000,858000);
insert into t_car_model(cm_id , cs_id , cm_name,cm_type ,cm_order , cm_state , cm_min_price , cm_max_price) values(5245,802,'2010款 5.0 V8 HSE 汽油版','2010款',3,1,1188000,1188000);
insert into t_car_model(cm_id , cs_id , cm_name,cm_type ,cm_order , cm_state , cm_min_price , cm_max_price) values(5209,802,'2009款 2.7 TDV6-S','2009款',1,1,698000,698000);
insert into t_car_model(cm_id , cs_id , cm_name,cm_type ,cm_order , cm_state , cm_min_price , cm_max_price) values(1780,802,'2005款 4.0 SC V6 HSE','2005款',1,1,958000,958000);
insert into t_car_model(cm_id , cs_id , cm_name,cm_type ,cm_order , cm_state , cm_min_price , cm_max_price) values(1781,802,'2005款 4.4 V8 HSE','2005款',2,1,1098000,1098000);
insert into t_car_model(cm_id , cs_id , cm_name,cm_type ,cm_order , cm_state , cm_min_price , cm_max_price) values(671,802,'2004款 4.0 新发现','2004款',1,1,690000,690000);
insert into t_car_series(cs_id,cbf_id,cs_name,cs_order,cs_letter) values(850,49,'揽胜运动版',3291,'L');
insert into t_car_model(cm_id , cs_id , cm_name,cm_type ,cm_order , cm_state , cm_min_price , cm_max_price) values(51704,850,'2022款 3.0 L6 SE','2022款',1,1,908000,908000);
insert into t_car_model(cm_id , cs_id , cm_name,cm_type ,cm_order , cm_state , cm_min_price , cm_max_price) values(51705,850,'2022款 3.0 L6 耀黑版','2022款',2,1,1008000,1008000);
insert into t_car_model(cm_id , cs_id , cm_name,cm_type ,cm_order , cm_state , cm_min_price , cm_max_price) values(52973,850,'2022款 3.0 L6 墨蓝鎏光版','2022款',3,1,1058000,1058000);
insert into t_car_model(cm_id , cs_id , cm_name,cm_type ,cm_order , cm_state , cm_min_price , cm_max_price) values(51706,850,'2022款 3.0 L6 HST','2022款',4,1,1108000,1108000);
insert into t_car_model(cm_id , cs_id , cm_name,cm_type ,cm_order , cm_state , cm_min_price , cm_max_price) values(54534,850,'2022款 3.0 L6 虎威雄心版','2022款',5,1,1168000,1168000);
insert into t_car_model(cm_id , cs_id , cm_name,cm_type ,cm_order , cm_state , cm_min_price , cm_max_price) values(51707,850,'2022款 5.0 SC V8 SVR','2022款',6,1,1838000,1838000);
insert into t_car_model(cm_id , cs_id , cm_name,cm_type ,cm_order , cm_state , cm_min_price , cm_max_price) values(48923,850,'2021款 3.0 L6 SE','2021款',1,1,908000,908000);
insert into t_car_model(cm_id , cs_id , cm_name,cm_type ,cm_order , cm_state , cm_min_price , cm_max_price) values(48638,850,'2021款 3.0 L6 耀黑版','2021款',2,1,1008000,1008000);
insert into t_car_model(cm_id , cs_id , cm_name,cm_type ,cm_order , cm_state , cm_min_price , cm_max_price) values(48637,850,'2021款 3.0 L6 HST','2021款',3,1,1108000,1108000);
insert into t_car_model(cm_id , cs_id , cm_name,cm_type ,cm_order , cm_state , cm_min_price , cm_max_price) values(48326,850,'2021款 5.0 SC V8 SVR','2021款',4,1,1838000,1838000);
insert into t_car_model(cm_id , cs_id , cm_name,cm_type ,cm_order , cm_state , cm_min_price , cm_max_price) values(49631,850,'2021款 5.0 SC V8 SVR 竞速绿定制版','2021款',5,1,1898000,1898000);
insert into t_car_model(cm_id , cs_id , cm_name,cm_type ,cm_order , cm_state , cm_min_price , cm_max_price) values(41448,850,'2020款 3.0 L6 SE','2020款',1,1,904800,904800);
insert into t_car_model(cm_id , cs_id , cm_name,cm_type ,cm_order , cm_state , cm_min_price , cm_max_price) values(41449,850,'2020款 3.0 L6 HSE DYNAMIC','2020款',2,1,1006000,1006000);
insert into t_car_model(cm_id , cs_id , cm_name,cm_type ,cm_order , cm_state , cm_min_price , cm_max_price) values(41450,850,'2020款 3.0 L6 HST','2020款',3,1,1103000,1103000);
insert into t_car_model(cm_id , cs_id , cm_name,cm_type ,cm_order , cm_state , cm_min_price , cm_max_price) values(41460,850,'2020款 5.0 SC V8 SVR','2020款',4,1,1838000,1838000);
insert into t_car_model(cm_id , cs_id , cm_name,cm_type ,cm_order , cm_state , cm_min_price , cm_max_price) values(36863,850,'2019款 3.0 SC V6 特别版','2019款',1,1,904800,904800);
insert into t_car_model(cm_id , cs_id , cm_name,cm_type ,cm_order , cm_state , cm_min_price , cm_max_price) values(36864,850,'2019款 3.0 SC V6 HSE DYNAMIC','2019款',2,1,1002000,1002000);
insert into t_car_model(cm_id , cs_id , cm_name,cm_type ,cm_order , cm_state , cm_min_price , cm_max_price) values(36865,850,'2019款 3.0 SC V6 锋尚创世版 DYNAMIC','2019款',3,1,1138000,1138000);
insert into t_car_model(cm_id , cs_id , cm_name,cm_type ,cm_order , cm_state , cm_min_price , cm_max_price) values(40138,850,'2019款 3.0 L6 SE','2019款',4,1,904800,904800);
insert into t_car_model(cm_id , cs_id , cm_name,cm_type ,cm_order , cm_state , cm_min_price , cm_max_price) values(40139,850,'2019款 3.0 L6 HSE DYNAMIC','2019款',5,1,1006000,1006000);
insert into t_car_model(cm_id , cs_id , cm_name,cm_type ,cm_order , cm_state , cm_min_price , cm_max_price) values(37811,850,'2019款 3.0 L6 HST','2019款',6,1,1103000,1103000);
insert into t_car_model(cm_id , cs_id , cm_name,cm_type ,cm_order , cm_state , cm_min_price , cm_max_price) values(36866,850,'2019款 5.0 SC V8 SVR','2019款',7,1,1838000,1838000);
insert into t_car_model(cm_id , cs_id , cm_name,cm_type ,cm_order , cm_state , cm_min_price , cm_max_price) values(32930,850,'2018款 3.0 SC V6 HSE DYNAMIC','2018款',1,1,1028000,1028000);
insert into t_car_model(cm_id , cs_id , cm_name,cm_type ,cm_order , cm_state , cm_min_price , cm_max_price) values(32022,850,'2018款 3.0 SC V6 锋尚创世版 DYNAMIC','2018款',2,1,1168000,1168000);
insert into t_car_model(cm_id , cs_id , cm_name,cm_type ,cm_order , cm_state , cm_min_price , cm_max_price) values(32023,850,'2018款 5.0 SC V8 SVR','2018款',3,1,1888000,1888000);
insert into t_car_model(cm_id , cs_id , cm_name,cm_type ,cm_order , cm_state , cm_min_price , cm_max_price) values(28923,850,'2017款 3.0 SC V6 SE','2017款',1,1,928000,928000);
insert into t_car_model(cm_id , cs_id , cm_name,cm_type ,cm_order , cm_state , cm_min_price , cm_max_price) values(28925,850,'2017款 3.0 SC V6 HSE','2017款',2,1,1048000,1048000);
insert into t_car_model(cm_id , cs_id , cm_name,cm_type ,cm_order , cm_state , cm_min_price , cm_max_price) values(28926,850,'2017款 3.0 SC V6 HSE DYNAMIC','2017款',3,1,1098000,1098000);
insert into t_car_model(cm_id , cs_id , cm_name,cm_type ,cm_order , cm_state , cm_min_price , cm_max_price) values(28927,850,'2017款 3.0 SC V6 锋尚创世版 DYNAMIC','2017款',4,1,1198000,1198000);
insert into t_car_model(cm_id , cs_id , cm_name,cm_type ,cm_order , cm_state , cm_min_price , cm_max_price) values(28928,850,'2017款 5.0 SC V8 SVR','2017款',5,1,2298000,2298000);
insert into t_car_model(cm_id , cs_id , cm_name,cm_type ,cm_order , cm_state , cm_min_price , cm_max_price) values(24252,850,'2016款 2.0 GTDi HSE','2016款',1,1,948000,948000);
insert into t_car_model(cm_id , cs_id , cm_name,cm_type ,cm_order , cm_state , cm_min_price , cm_max_price) values(24251,850,'2016款 3.0 SC V6 SE','2016款',2,1,928000,928000);
insert into t_car_model(cm_id , cs_id , cm_name,cm_type ,cm_order , cm_state , cm_min_price , cm_max_price) values(24250,850,'2016款 3.0 SDV6 HSE','2016款',3,1,988000,988000);
insert into t_car_model(cm_id , cs_id , cm_name,cm_type ,cm_order , cm_state , cm_min_price , cm_max_price) values(24253,850,'2016款 3.0 SDV6 HSE DYNAMIC','2016款',4,1,1038000,1038000);
insert into t_car_model(cm_id , cs_id , cm_name,cm_type ,cm_order , cm_state , cm_min_price , cm_max_price) values(24254,850,'2016款 3.0 SC V6 HSE','2016款',5,1,1048000,1048000);
insert into t_car_model(cm_id , cs_id , cm_name,cm_type ,cm_order , cm_state , cm_min_price , cm_max_price) values(24255,850,'2016款 3.0 SC V6 HSE DYNAMIC','2016款',6,1,1098000,1098000);
insert into t_car_model(cm_id , cs_id , cm_name,cm_type ,cm_order , cm_state , cm_min_price , cm_max_price) values(22113,850,'2016款 3.0 SC V6 HST','2016款',7,1,1178000,1178000);
insert into t_car_model(cm_id , cs_id , cm_name,cm_type ,cm_order , cm_state , cm_min_price , cm_max_price) values(24256,850,'2016款 3.0 SD V6 Hybrid HSE DYNAMIC','2016款',8,1,1198000,1198000);
insert into t_car_model(cm_id , cs_id , cm_name,cm_type ,cm_order , cm_state , cm_min_price , cm_max_price) values(24257,850,'2016款 5.0 SC V8 SVR','2016款',9,1,2298000,2298000);
insert into t_car_model(cm_id , cs_id , cm_name,cm_type ,cm_order , cm_state , cm_min_price , cm_max_price) values(21276,850,'2015款 3.0 SDV6 HSE','2015款',1,1,988000,988000);
insert into t_car_model(cm_id , cs_id , cm_name,cm_type ,cm_order , cm_state , cm_min_price , cm_max_price) values(21302,850,'2015款 3.0 SDV6 HSE DYNAMIC','2015款',2,1,1038000,1038000);
insert into t_car_model(cm_id , cs_id , cm_name,cm_type ,cm_order , cm_state , cm_min_price , cm_max_price) values(21303,850,'2015款 3.0 SC V6 HSE','2015款',3,1,1048000,1048000);
insert into t_car_model(cm_id , cs_id , cm_name,cm_type ,cm_order , cm_state , cm_min_price , cm_max_price) values(21304,850,'2015款 3.0 SC V6 HSE DYNAMIC','2015款',4,1,1098000,1098000);
insert into t_car_model(cm_id , cs_id , cm_name,cm_type ,cm_order , cm_state , cm_min_price , cm_max_price) values(18662,850,'2015款 3.0 SDV6 Hybrid HSE DYNAMIC','2015款',5,1,1198000,1198000);
insert into t_car_model(cm_id , cs_id , cm_name,cm_type ,cm_order , cm_state , cm_min_price , cm_max_price) values(21305,850,'2015款 3.0 SC V6 锋尚创世版','2015款',6,1,1138000,1138000);
insert into t_car_model(cm_id , cs_id , cm_name,cm_type ,cm_order , cm_state , cm_min_price , cm_max_price) values(21306,850,'2015款 5.0 SC V8 锋尚创世版 DYNAMIC','2015款',7,1,1818000,1818000);
insert into t_car_model(cm_id , cs_id , cm_name,cm_type ,cm_order , cm_state , cm_min_price , cm_max_price) values(22164,850,'2015款 5.0 SC V8 SVR','2015款',8,1,2298000,2298000);
insert into t_car_model(cm_id , cs_id , cm_name,cm_type ,cm_order , cm_state , cm_min_price , cm_max_price) values(15309,850,'2014款 3.0 SC V6 HSE','2014款',1,1,1048000,1048000);
insert into t_car_model(cm_id , cs_id , cm_name,cm_type ,cm_order , cm_state , cm_min_price , cm_max_price) values(15977,850,'2014款 3.0 SC V6 HSE DYNAMIC','2014款',2,1,1098000,1098000);
insert into t_car_model(cm_id , cs_id , cm_name,cm_type ,cm_order , cm_state , cm_min_price , cm_max_price) values(15982,850,'2014款 3.0 SC V6 锋尚创世版','2014款',3,1,1138000,1138000);
insert into t_car_model(cm_id , cs_id , cm_name,cm_type ,cm_order , cm_state , cm_min_price , cm_max_price) values(16834,850,'2014款 3.0 SC V6 智利红限量版','2014款',4,1,1198000,1198000);
insert into t_car_model(cm_id , cs_id , cm_name,cm_type ,cm_order , cm_state , cm_min_price , cm_max_price) values(15983,850,'2014款 5.0 SC V8 锋尚创世版 DYNAMIC','2014款',5,1,1818000,1818000);
insert into t_car_model(cm_id , cs_id , cm_name,cm_type ,cm_order , cm_state , cm_min_price , cm_max_price) values(12487,850,'2013款 5.0 NA V8 HSE 驭红限量版','2013款',1,1,1528000,1528000);
insert into t_car_model(cm_id , cs_id , cm_name,cm_type ,cm_order , cm_state , cm_min_price , cm_max_price) values(14471,850,'2013款 3.0 TDV6 柴油版','2013款',2,1,952000,952000);
insert into t_car_model(cm_id , cs_id , cm_name,cm_type ,cm_order , cm_state , cm_min_price , cm_max_price) values(13761,850,'2013款 3.0 TDV6 柴油极致运动版','2013款',3,1,1023000,1023000);
insert into t_car_model(cm_id , cs_id , cm_name,cm_type ,cm_order , cm_state , cm_min_price , cm_max_price) values(16042,850,'2013款 3.0 TDV6 黑标限量版','2013款',4,1,952000,952000);
insert into t_car_model(cm_id , cs_id , cm_name,cm_type ,cm_order , cm_state , cm_min_price , cm_max_price) values(14472,850,'2013款 5.0 NA V8 HSE','2013款',5,1,1418000,1418000);
insert into t_car_model(cm_id , cs_id , cm_name,cm_type ,cm_order , cm_state , cm_min_price , cm_max_price) values(14473,850,'2013款 5.0 SC V8 HSE','2013款',6,1,1691000,1691000);
insert into t_car_model(cm_id , cs_id , cm_name,cm_type ,cm_order , cm_state , cm_min_price , cm_max_price) values(14474,850,'2013款 5.0 SC V8 锋尚创世版','2013款',7,1,1841000,1841000);
insert into t_car_model(cm_id , cs_id , cm_name,cm_type ,cm_order , cm_state , cm_min_price , cm_max_price) values(15986,850,'2013款 5.0 NA V8 黑标限量版','2013款',8,1,1421000,1421000);
insert into t_car_model(cm_id , cs_id , cm_name,cm_type ,cm_order , cm_state , cm_min_price , cm_max_price) values(11629,850,'2012款 3.0 TDV6 HSE 柴油版','2012款',1,1,952000,952000);
insert into t_car_model(cm_id , cs_id , cm_name,cm_type ,cm_order , cm_state , cm_min_price , cm_max_price) values(11630,850,'2012款 3.0 TDV6 极致运动版','2012款',2,1,1023000,1023000);
insert into t_car_model(cm_id , cs_id , cm_name,cm_type ,cm_order , cm_state , cm_min_price , cm_max_price) values(11631,850,'2012款 5.0 NA V8 HSE','2012款',3,1,1418000,1418000);
insert into t_car_model(cm_id , cs_id , cm_name,cm_type ,cm_order , cm_state , cm_min_price , cm_max_price) values(11632,850,'2012款 5.0  SC V8 HSE','2012款',4,1,1688000,1688000);
insert into t_car_model(cm_id , cs_id , cm_name,cm_type ,cm_order , cm_state , cm_min_price , cm_max_price) values(11628,850,'2012款 5.0  SC V8 锋尚创世版','2012款',5,1,1838000,1838000);
insert into t_car_model(cm_id , cs_id , cm_name,cm_type ,cm_order , cm_state , cm_min_price , cm_max_price) values(8904,850,'2011款 3.0 TDV6 柴油版','2011款',1,1,918000,918000);
insert into t_car_model(cm_id , cs_id , cm_name,cm_type ,cm_order , cm_state , cm_min_price , cm_max_price) values(8905,850,'2011款 3.0 TDV6 Sporty 柴油版','2011款',2,1,998000,998000);
insert into t_car_model(cm_id , cs_id , cm_name,cm_type ,cm_order , cm_state , cm_min_price , cm_max_price) values(8909,850,'2011款 5.0 NA V8 HSE','2011款',3,1,1418000,1418000);
insert into t_car_model(cm_id , cs_id , cm_name,cm_type ,cm_order , cm_state , cm_min_price , cm_max_price) values(8910,850,'2011款 5.0 SC V8 HSE','2011款',4,1,1648000,1648000);
insert into t_car_model(cm_id , cs_id , cm_name,cm_type ,cm_order , cm_state , cm_min_price , cm_max_price) values(6080,850,'2011款 5.0 SC V8 Autobiography','2011款',5,1,1798000,1798000);
insert into t_car_model(cm_id , cs_id , cm_name,cm_type ,cm_order , cm_state , cm_min_price , cm_max_price) values(5857,850,'2010款 3.0 TDV6 HSE 柴油版','2010款',1,1,888000,888000);
insert into t_car_model(cm_id , cs_id , cm_name,cm_type ,cm_order , cm_state , cm_min_price , cm_max_price) values(5856,850,'2010款 3.6 TDV8 HSE 柴油版','2010款',2,1,1188000,1188000);
insert into t_car_model(cm_id , cs_id , cm_name,cm_type ,cm_order , cm_state , cm_min_price , cm_max_price) values(5855,850,'2010款 5.0 NA V8 HSE','2010款',3,1,1398000,1398000);
insert into t_car_model(cm_id , cs_id , cm_name,cm_type ,cm_order , cm_state , cm_min_price , cm_max_price) values(5247,850,'2010款 5.0 SC V8 HSE','2010款',4,1,1618000,1618000);
insert into t_car_model(cm_id , cs_id , cm_name,cm_type ,cm_order , cm_state , cm_min_price , cm_max_price) values(2026,850,'2006款 运动版V8 4.2 SC','2006款',1,1,1568000,1568000);
insert into t_car_model(cm_id , cs_id , cm_name,cm_type ,cm_order , cm_state , cm_min_price , cm_max_price) values(1847,850,'2005款 运动版V8 4.4','2005款',1,1,1338000,1338000);
insert into t_car_series(cs_id,cbf_id,cs_name,cs_order,cs_letter) values(69,49,'揽胜',3292,'L');
insert into t_car_model(cm_id , cs_id , cm_name,cm_type ,cm_order , cm_state , cm_min_price , cm_max_price) values(53734,69,'2022款 3.0 L6 360PS 盛世版','2022款',1,1,1225000,1225000);
insert into t_car_model(cm_id , cs_id , cm_name,cm_type ,cm_order , cm_state , cm_min_price , cm_max_price) values(53735,69,'2022款 3.0 L6 360PS 传世版','2022款',2,1,1363000,1363000);
insert into t_car_model(cm_id , cs_id , cm_name,cm_type ,cm_order , cm_state , cm_min_price , cm_max_price) values(53736,69,'2022款 3.0 L6 400PS 传世加长经典版','2022款',3,1,1573000,1573000);
insert into t_car_model(cm_id , cs_id , cm_name,cm_type ,cm_order , cm_state , cm_min_price , cm_max_price) values(53737,69,'2022款 3.0 L6 400PS 尊崇创世加长版','2022款',4,1,1933000,1933000);
insert into t_car_model(cm_id , cs_id , cm_name,cm_type ,cm_order , cm_state , cm_min_price , cm_max_price) values(53738,69,'2022款 5.0 SC V8 565PS SVA耀动版','2022款',5,1,2498000,2498000);
insert into t_car_model(cm_id , cs_id , cm_name,cm_type ,cm_order , cm_state , cm_min_price , cm_max_price) values(54562,69,'2022款 5.0 SC V8 565PS SVA耀动典藏版','2022款',6,1,2558000,2558000);
insert into t_car_model(cm_id , cs_id , cm_name,cm_type ,cm_order , cm_state , cm_min_price , cm_max_price) values(53739,69,'2022款 5.0 SC V8 565PS SVA巅峰创世加长版','2022款',7,1,3213000,3213000);
insert into t_car_model(cm_id , cs_id , cm_name,cm_type ,cm_order , cm_state , cm_min_price , cm_max_price) values(54561,69,'2022款 5.0 SC V8 565PS SVA巅峰典藏版','2022款',8,1,3278000,3278000);
insert into t_car_model(cm_id , cs_id , cm_name,cm_type ,cm_order , cm_state , cm_min_price , cm_max_price) values(48320,69,'2021款 3.0 L6 盛世版','2021款',1,1,1225000,1225000);
insert into t_car_model(cm_id , cs_id , cm_name,cm_type ,cm_order , cm_state , cm_min_price , cm_max_price) values(48321,69,'2021款 3.0 L6 传世版','2021款',2,1,1363000,1363000);
insert into t_car_model(cm_id , cs_id , cm_name,cm_type ,cm_order , cm_state , cm_min_price , cm_max_price) values(48322,69,'2021款 3.0 L6 传世加长经典版','2021款',3,1,1573000,1573000);
insert into t_car_model(cm_id , cs_id , cm_name,cm_type ,cm_order , cm_state , cm_min_price , cm_max_price) values(46068,69,'2021款 3.0 L6 50周年风云纪念版','2021款',4,1,2025800,2025800);
insert into t_car_model(cm_id , cs_id , cm_name,cm_type ,cm_order , cm_state , cm_min_price , cm_max_price) values(48323,69,'2021款 5.0 SC V8 SVA耀夜运动版','2021款',5,1,2498000,2498000);
insert into t_car_model(cm_id , cs_id , cm_name,cm_type ,cm_order , cm_state , cm_min_price , cm_max_price) values(48324,69,'2021款 5.0 SC V8 SVA耀夜加长版','2021款',6,1,3213000,3213000);
insert into t_car_model(cm_id , cs_id , cm_name,cm_type ,cm_order , cm_state , cm_min_price , cm_max_price) values(48325,69,'2021款 5.0 SC V8 SVA巅峰创世加长版','2021款',7,1,3213000,3213000);
insert into t_car_model(cm_id , cs_id , cm_name,cm_type ,cm_order , cm_state , cm_min_price , cm_max_price) values(43160,69,'2020款 3.0 L6 盛世版','2020款',1,1,1225000,1225000);
insert into t_car_model(cm_id , cs_id , cm_name,cm_type ,cm_order , cm_state , cm_min_price , cm_max_price) values(43161,69,'2020款 3.0 L6 传世版','2020款',2,1,1363000,1363000);
insert into t_car_model(cm_id , cs_id , cm_name,cm_type ,cm_order , cm_state , cm_min_price , cm_max_price) values(43162,69,'2020款 3.0 L6 传世加长版','2020款',3,1,1573000,1573000);
insert into t_car_model(cm_id , cs_id , cm_name,cm_type ,cm_order , cm_state , cm_min_price , cm_max_price) values(43163,69,'2020款 3.0 L6 尊崇创世加长版','2020款',4,1,1933000,1933000);
insert into t_car_model(cm_id , cs_id , cm_name,cm_type ,cm_order , cm_state , cm_min_price , cm_max_price) values(41458,69,'2020款 5.0 SC V8 50周年SV典藏版','2020款',5,1,2498000,2498000);
insert into t_car_model(cm_id , cs_id , cm_name,cm_type ,cm_order , cm_state , cm_min_price , cm_max_price) values(41457,69,'2020款 5.0 SC V8 SVA巅峰创世加长版','2020款',6,1,3213000,3213000);
insert into t_car_model(cm_id , cs_id , cm_name,cm_type ,cm_order , cm_state , cm_min_price , cm_max_price) values(36873,69,'2019款 3.0 SC V6 盛世版','2019款',1,1,1225000,1225000);
insert into t_car_model(cm_id , cs_id , cm_name,cm_type ,cm_order , cm_state , cm_min_price , cm_max_price) values(36874,69,'2019款 3.0 SCV6 传世版','2019款',2,1,1363000,1363000);
insert into t_car_model(cm_id , cs_id , cm_name,cm_type ,cm_order , cm_state , cm_min_price , cm_max_price) values(36875,69,'2019款 3.0 SC V6 传世加长版','2019款',3,1,1573000,1573000);
insert into t_car_model(cm_id , cs_id , cm_name,cm_type ,cm_order , cm_state , cm_min_price , cm_max_price) values(36877,69,'2019款 3.0 SC V6 尊崇创世加长版','2019款',4,1,1933000,1933000);
insert into t_car_model(cm_id , cs_id , cm_name,cm_type ,cm_order , cm_state , cm_min_price , cm_max_price) values(36878,69,'2019款 5.0 SC V8 尊崇创世加长版','2019款',5,1,2578000,2578000);
insert into t_car_model(cm_id , cs_id , cm_name,cm_type ,cm_order , cm_state , cm_min_price , cm_max_price) values(32952,69,'2019款 5.0 SC V8 SVA巅峰创世加长版','2019款',6,1,3213000,3213000);
insert into t_car_model(cm_id , cs_id , cm_name,cm_type ,cm_order , cm_state , cm_min_price , cm_max_price) values(34824,69,'2018款 3.0 SC V6 盛世版','2018款',1,1,1258000,1258000);
insert into t_car_model(cm_id , cs_id , cm_name,cm_type ,cm_order , cm_state , cm_min_price , cm_max_price) values(33641,69,'2018款 3.0 SC V6 Vogue 传世版','2018款',2,1,1398000,1398000);
insert into t_car_model(cm_id , cs_id , cm_name,cm_type ,cm_order , cm_state , cm_min_price , cm_max_price) values(33633,69,'2018款 3.0 SC V6 Vogue 传世加长版','2018款',3,1,1608000,1608000);
insert into t_car_model(cm_id , cs_id , cm_name,cm_type ,cm_order , cm_state , cm_min_price , cm_max_price) values(33634,69,'2018款 3.0 SC V6 Vogue SE 创世加长版','2018款',4,1,1778000,1778000);
insert into t_car_model(cm_id , cs_id , cm_name,cm_type ,cm_order , cm_state , cm_min_price , cm_max_price) values(33642,69,'2018款 3.0 SC V6 AB 尊崇创世加长版','2018款',5,1,1978000,1978000);
insert into t_car_model(cm_id , cs_id , cm_name,cm_type ,cm_order , cm_state , cm_min_price , cm_max_price) values(33643,69,'2018款 5.0 SC V8 AB 尊崇创世加长版','2018款',6,1,2648000,2648000);
insert into t_car_model(cm_id , cs_id , cm_name,cm_type ,cm_order , cm_state , cm_min_price , cm_max_price) values(33763,69,'2018款 5.0 SC V8 SV Coupe','2018款',7,1,3800000,3800000);
insert into t_car_model(cm_id , cs_id , cm_name,cm_type ,cm_order , cm_state , cm_min_price , cm_max_price) values(32095,69,'2017款 3.0 SC V6 盛世版','2017款',1,1,1458000,1458000);
insert into t_car_model(cm_id , cs_id , cm_name,cm_type ,cm_order , cm_state , cm_min_price , cm_max_price) values(27297,69,'2017款 3.0 SC V6 Vogue','2017款',2,1,1588000,1588000);
insert into t_car_model(cm_id , cs_id , cm_name,cm_type ,cm_order , cm_state , cm_min_price , cm_max_price) values(28908,69,'2017款 3.0 SC V6 Vogue 加长版','2017款',3,1,1658000,1658000);
insert into t_car_model(cm_id , cs_id , cm_name,cm_type ,cm_order , cm_state , cm_min_price , cm_max_price) values(28909,69,'2017款 3.0 SC V6 Vogue SE 创世加长版','2017款',4,1,1798000,1798000);
insert into t_car_model(cm_id , cs_id , cm_name,cm_type ,cm_order , cm_state , cm_min_price , cm_max_price) values(28910,69,'2017款 3.0 SC V6 AB 尊崇创世加长版','2017款',5,1,1988000,1988000);
insert into t_car_model(cm_id , cs_id , cm_name,cm_type ,cm_order , cm_state , cm_min_price , cm_max_price) values(28911,69,'2017款 5.0 SC V8 AB 尊崇创世加长版','2017款',6,1,2678000,2678000);
insert into t_car_model(cm_id , cs_id , cm_name,cm_type ,cm_order , cm_state , cm_min_price , cm_max_price) values(28912,69,'2017款 5.0 SC V8 巅峰创世加长版','2017款',7,1,3328000,3328000);
insert into t_car_model(cm_id , cs_id , cm_name,cm_type ,cm_order , cm_state , cm_min_price , cm_max_price) values(23989,69,'2016款 3.0 SC V6 Vogue','2016款',1,1,1558000,1558000);
insert into t_car_model(cm_id , cs_id , cm_name,cm_type ,cm_order , cm_state , cm_min_price , cm_max_price) values(23990,69,'2016款 3.0 SC V6 Vogue 加长版','2016款',2,1,1628000,1628000);
insert into t_car_model(cm_id , cs_id , cm_name,cm_type ,cm_order , cm_state , cm_min_price , cm_max_price) values(23991,69,'2016款 3.0 SC V6 Vogue SE 创世加长版','2016款',3,1,1768000,1768000);
insert into t_car_model(cm_id , cs_id , cm_name,cm_type ,cm_order , cm_state , cm_min_price , cm_max_price) values(23992,69,'2016款 3.0 TDV6 Hybrid Vogue SE 创世加长版','2016款',4,1,1868000,1868000);
insert into t_car_model(cm_id , cs_id , cm_name,cm_type ,cm_order , cm_state , cm_min_price , cm_max_price) values(23993,69,'2016款 3.0 SC V6 Vogue SE 尊崇创世加长版','2016款',5,1,1988000,1988000);
insert into t_car_model(cm_id , cs_id , cm_name,cm_type ,cm_order , cm_state , cm_min_price , cm_max_price) values(23994,69,'2016款 5.0 SC V8 AB 尊崇创世加长版','2016款',6,1,2648000,2648000);
insert into t_car_model(cm_id , cs_id , cm_name,cm_type ,cm_order , cm_state , cm_min_price , cm_max_price) values(23995,69,'2016款 5.0 SC V8 AB 巅峰创世加长版','2016款',7,1,3298000,3298000);
insert into t_car_model(cm_id , cs_id , cm_name,cm_type ,cm_order , cm_state , cm_min_price , cm_max_price) values(21308,69,'2015款 3.0 TDV6 Vogue','2015款',1,1,1498000,1498000);
insert into t_car_model(cm_id , cs_id , cm_name,cm_type ,cm_order , cm_state , cm_min_price , cm_max_price) values(21309,69,'2015款 3.0 TDV6 Vogue SE 创世加长版','2015款',2,1,1708000,1708000);
insert into t_car_model(cm_id , cs_id , cm_name,cm_type ,cm_order , cm_state , cm_min_price , cm_max_price) values(16735,69,'2015款 3.0 TDV6 Hybrid Vogue SE 创世加长版','2015款',3,1,1868000,1868000);
insert into t_car_model(cm_id , cs_id , cm_name,cm_type ,cm_order , cm_state , cm_min_price , cm_max_price) values(21310,69,'2015款 3.0 SC V6 Vogue','2015款',4,1,1558000,1558000);
insert into t_car_model(cm_id , cs_id , cm_name,cm_type ,cm_order , cm_state , cm_min_price , cm_max_price) values(20115,69,'2015款 3.0 SC V6 黑曜限量版','2015款',5,1,1620000,1620000);
insert into t_car_model(cm_id , cs_id , cm_name,cm_type ,cm_order , cm_state , cm_min_price , cm_max_price) values(21311,69,'2015款 3.0 SC V6 Vogue SE 创世加长版','2015款',6,1,1768000,1768000);
insert into t_car_model(cm_id , cs_id , cm_name,cm_type ,cm_order , cm_state , cm_min_price , cm_max_price) values(21312,69,'2015款 5.0 SC V8 AB 尊崇创世加长版','2015款',7,1,2648000,2648000);
insert into t_car_model(cm_id , cs_id , cm_name,cm_type ,cm_order , cm_state , cm_min_price , cm_max_price) values(21313,69,'2015款 5.0 SC V8 AB 巅峰创世加长版','2015款',8,1,3298000,3298000);
insert into t_car_model(cm_id , cs_id , cm_name,cm_type ,cm_order , cm_state , cm_min_price , cm_max_price) values(18709,69,'2014款 3.0 TDV6 Vogue','2014款',1,1,1498000,1498000);
insert into t_car_model(cm_id , cs_id , cm_name,cm_type ,cm_order , cm_state , cm_min_price , cm_max_price) values(16258,69,'2014款 3.0 TDV6 Vogue SE','2014款',2,1,1648000,1648000);
insert into t_car_model(cm_id , cs_id , cm_name,cm_type ,cm_order , cm_state , cm_min_price , cm_max_price) values(16259,69,'2014款 3.0 SC V6 Vogue','2014款',3,1,1558000,1558000);
insert into t_car_model(cm_id , cs_id , cm_name,cm_type ,cm_order , cm_state , cm_min_price , cm_max_price) values(18710,69,'2014款 改款 3.0 SC V6 Vogue','2014款',4,1,1558000,1558000);
insert into t_car_model(cm_id , cs_id , cm_name,cm_type ,cm_order , cm_state , cm_min_price , cm_max_price) values(16260,69,'2014款 3.0 SC V6 Vogue SE','2014款',5,1,1708000,1708000);
insert into t_car_model(cm_id , cs_id , cm_name,cm_type ,cm_order , cm_state , cm_min_price , cm_max_price) values(18707,69,'2014款 3.0 TDV6 Vogue SE 创世加长版','2014款',6,1,1708000,1708000);
insert into t_car_model(cm_id , cs_id , cm_name,cm_type ,cm_order , cm_state , cm_min_price , cm_max_price) values(17316,69,'2014款 3.0 SC V6 Vogue SE 创世加长版','2014款',7,1,1768000,1768000);
insert into t_car_model(cm_id , cs_id , cm_name,cm_type ,cm_order , cm_state , cm_min_price , cm_max_price) values(18708,69,'2014款 5.0 SC V8 AB 尊崇创世加长版','2014款',8,1,2648000,2648000);
insert into t_car_model(cm_id , cs_id , cm_name,cm_type ,cm_order , cm_state , cm_min_price , cm_max_price) values(19151,69,'2014款 5.0 SC V8 AB 巅峰创世加长版','2014款',9,1,3298000,3298000);
insert into t_car_model(cm_id , cs_id , cm_name,cm_type ,cm_order , cm_state , cm_min_price , cm_max_price) values(14477,69,'2013款 3.0 TDV6 Vogue','2013款',1,1,1498000,1498000);
insert into t_car_model(cm_id , cs_id , cm_name,cm_type ,cm_order , cm_state , cm_min_price , cm_max_price) values(14478,69,'2013款 NA 5.0 V8 Vogue','2013款',2,1,1898000,1898000);
insert into t_car_model(cm_id , cs_id , cm_name,cm_type ,cm_order , cm_state , cm_min_price , cm_max_price) values(14479,69,'2013款 NA 5.0 V8 Vogue SE','2013款',3,1,2098000,2098000);
insert into t_car_model(cm_id , cs_id , cm_name,cm_type ,cm_order , cm_state , cm_min_price , cm_max_price) values(14480,69,'2013款 5.0 SC V8 Vogue SE','2013款',4,1,2438000,2438000);
insert into t_car_model(cm_id , cs_id , cm_name,cm_type ,cm_order , cm_state , cm_min_price , cm_max_price) values(13544,69,'2013款 5.0 SC V8 AB 尊崇创世版','2013款',5,1,2798000,2798000);
insert into t_car_model(cm_id , cs_id , cm_name,cm_type ,cm_order , cm_state , cm_min_price , cm_max_price) values(11035,69,'2012款 3.6 TDV8','2012款',1,1,1498000,1498000);
insert into t_car_model(cm_id , cs_id , cm_name,cm_type ,cm_order , cm_state , cm_min_price , cm_max_price) values(11313,69,'2012款 4.4 TDV8','2012款',2,1,1888000,1888000);
insert into t_car_model(cm_id , cs_id , cm_name,cm_type ,cm_order , cm_state , cm_min_price , cm_max_price) values(11166,69,'2012款 5.0 NA V8','2012款',3,1,1728000,1728000);
insert into t_car_model(cm_id , cs_id , cm_name,cm_type ,cm_order , cm_state , cm_min_price , cm_max_price) values(11312,69,'2012款 5.0 SC V8','2012款',4,1,2198000,2198000);
insert into t_car_model(cm_id , cs_id , cm_name,cm_type ,cm_order , cm_state , cm_min_price , cm_max_price) values(10694,69,'2012款 5.0 SC V8 尊崇创世版','2012款',5,1,2798000,2798000);
insert into t_car_model(cm_id , cs_id , cm_name,cm_type ,cm_order , cm_state , cm_min_price , cm_max_price) values(12114,69,'2012款 5.0 SC V8 巅峰创世典藏版','2012款',6,1,3398000,3398000);
insert into t_car_model(cm_id , cs_id , cm_name,cm_type ,cm_order , cm_state , cm_min_price , cm_max_price) values(8915,69,'2011款 3.6 TDV8','2011款',1,1,1498000,1498000);
insert into t_car_model(cm_id , cs_id , cm_name,cm_type ,cm_order , cm_state , cm_min_price , cm_max_price) values(8916,69,'2011款 5.0 NA V8 HSE','2011款',2,1,1728000,1728000);
insert into t_car_model(cm_id , cs_id , cm_name,cm_type ,cm_order , cm_state , cm_min_price , cm_max_price) values(7971,69,'2011款 5.0 SC V8','2011款',3,1,2188000,2188000);
insert into t_car_model(cm_id , cs_id , cm_name,cm_type ,cm_order , cm_state , cm_min_price , cm_max_price) values(8917,69,'2011款 5.0 SC V8 尊崇创世版','2011款',4,1,2738000,2738000);
insert into t_car_model(cm_id , cs_id , cm_name,cm_type ,cm_order , cm_state , cm_min_price , cm_max_price) values(5860,69,'2010款 3.6 TDV8 HSE','2010款',1,1,1498000,1498000);
insert into t_car_model(cm_id , cs_id , cm_name,cm_type ,cm_order , cm_state , cm_min_price , cm_max_price) values(5859,69,'2010款 5.0 NA V8 HSE','2010款',2,1,1728000,1728000);
insert into t_car_model(cm_id , cs_id , cm_name,cm_type ,cm_order , cm_state , cm_min_price , cm_max_price) values(5246,69,'2010款 5.0 SC V8 HSE','2010款',3,1,2188000,2188000);
insert into t_car_model(cm_id , cs_id , cm_name,cm_type ,cm_order , cm_state , cm_min_price , cm_max_price) values(5858,69,'2010款 5.0 SC V8 创世尊崇版','2010款',4,1,2688000,2688000);
insert into t_car_model(cm_id , cs_id , cm_name,cm_type ,cm_order , cm_state , cm_min_price , cm_max_price) values(3303,69,'2007款 V8 4.4','2007款',1,1,1665000,1665000);
insert into t_car_model(cm_id , cs_id , cm_name,cm_type ,cm_order , cm_state , cm_min_price , cm_max_price) values(3302,69,'2007款 4.2 SC V8','2007款',2,1,2115000,2115000);
insert into t_car_model(cm_id , cs_id , cm_name,cm_type ,cm_order , cm_state , cm_min_price , cm_max_price) values(1854,69,'2005款 4.4','2005款',1,1,1330000,1330000);
insert into t_car_series(cs_id,cbf_id,cs_name,cs_order,cs_letter) values(4569,49,'揽胜运动版新能源',3293,'L');
insert into t_car_model(cm_id , cs_id , cm_name,cm_type ,cm_order , cm_state , cm_min_price , cm_max_price) values(51708,4569,'2022款 P400e SE','2022款',1,1,864800,864800);
insert into t_car_model(cm_id , cs_id , cm_name,cm_type ,cm_order , cm_state , cm_min_price , cm_max_price) values(48918,4569,'2021款 P400e SE','2021款',1,1,864800,864800);
insert into t_car_model(cm_id , cs_id , cm_name,cm_type ,cm_order , cm_state , cm_min_price , cm_max_price) values(41447,4569,'2020款 P400e SE','2020款',1,1,864800,864800);
insert into t_car_model(cm_id , cs_id , cm_name,cm_type ,cm_order , cm_state , cm_min_price , cm_max_price) values(40137,4569,'2019款  P400e SE','2019款',1,1,864800,864800);
insert into t_car_model(cm_id , cs_id , cm_name,cm_type ,cm_order , cm_state , cm_min_price , cm_max_price) values(36867,4569,'2019款 P400e HSE','2019款',2,1,884800,884800);
insert into t_car_model(cm_id , cs_id , cm_name,cm_type ,cm_order , cm_state , cm_min_price , cm_max_price) values(32782,4569,'2018款 P400e','2018款',1,1,908000,908000);
insert into t_car_series(cs_id,cbf_id,cs_name,cs_order,cs_letter) values(256,49,'路虎卫士',3294,'L');
insert into t_car_model(cm_id , cs_id , cm_name,cm_type ,cm_order , cm_state , cm_min_price , cm_max_price) values(52794,256,'2022款 90 2.0T P300 SE','2022款',1,1,698000,698000);
insert into t_car_model(cm_id , cs_id , cm_name,cm_type ,cm_order , cm_state , cm_min_price , cm_max_price) values(52353,256,'2022款 90 2.0T P300 X-DYNAMIC HSE','2022款',2,1,748000,748000);
insert into t_car_model(cm_id , cs_id , cm_name,cm_type ,cm_order , cm_state , cm_min_price , cm_max_price) values(54532,256,'2022款 90 2.0T P300 虎威雄心版','2022款',3,1,788000,788000);
insert into t_car_model(cm_id , cs_id , cm_name,cm_type ,cm_order , cm_state , cm_min_price , cm_max_price) values(52783,256,'2022款 90 3.0T P400 XS','2022款',4,1,768000,768000);
insert into t_car_model(cm_id , cs_id , cm_name,cm_type ,cm_order , cm_state , cm_min_price , cm_max_price) values(52795,256,'2022款 90 3.0T P400 暗黑特别版','2022款',5,1,848000,848000);
insert into t_car_model(cm_id , cs_id , cm_name,cm_type ,cm_order , cm_state , cm_min_price , cm_max_price) values(51701,256,'2022款 110 P400 X-DYNAMIC HSE','2022款',6,1,848000,848000);
insert into t_car_model(cm_id , cs_id , cm_name,cm_type ,cm_order , cm_state , cm_min_price , cm_max_price) values(51702,256,'2022款 110 P400 暗黑特别版','2022款',7,1,898000,898000);
insert into t_car_model(cm_id , cs_id , cm_name,cm_type ,cm_order , cm_state , cm_min_price , cm_max_price) values(51703,256,'2022款 110 X P400','2022款',8,1,978000,978000);
insert into t_car_model(cm_id , cs_id , cm_name,cm_type ,cm_order , cm_state , cm_min_price , cm_max_price) values(53098,256,'2022款 110 V8 007典藏版','2022款',9,1,1700007,1700007);
insert into t_car_model(cm_id , cs_id , cm_name,cm_type ,cm_order , cm_state , cm_min_price , cm_max_price) values(49424,256,'2021款 110 P400 SE','2021款',1,1,778000,778000);
insert into t_car_model(cm_id , cs_id , cm_name,cm_type ,cm_order , cm_state , cm_min_price , cm_max_price) values(49425,256,'2021款 110 P400 X-DYNAMIC HSE','2021款',2,1,828000,828000);
insert into t_car_model(cm_id , cs_id , cm_name,cm_type ,cm_order , cm_state , cm_min_price , cm_max_price) values(49427,256,'2021款 110 P400 暗黑特别版','2021款',3,1,888000,888000);
insert into t_car_model(cm_id , cs_id , cm_name,cm_type ,cm_order , cm_state , cm_min_price , cm_max_price) values(49426,256,'2021款 110 X P400','2021款',4,1,958000,958000);
insert into t_car_model(cm_id , cs_id , cm_name,cm_type ,cm_order , cm_state , cm_min_price , cm_max_price) values(49381,256,'2021款 90 P400 X-DYNAMIC S','2021款',5,1,728000,728000);
insert into t_car_model(cm_id , cs_id , cm_name,cm_type ,cm_order , cm_state , cm_min_price , cm_max_price) values(49382,256,'2021款 90 P400 经典复刻版','2021款',6,1,768000,768000);
insert into t_car_model(cm_id , cs_id , cm_name,cm_type ,cm_order , cm_state , cm_min_price , cm_max_price) values(45216,256,'2020款 110 P400 SE','2020款',1,1,778000,778000);
insert into t_car_model(cm_id , cs_id , cm_name,cm_type ,cm_order , cm_state , cm_min_price , cm_max_price) values(45217,256,'2020款 110 P400 HSE','2020款',2,1,828000,828000);
insert into t_car_model(cm_id , cs_id , cm_name,cm_type ,cm_order , cm_state , cm_min_price , cm_max_price) values(46075,256,'2020款 110 P400 暗黑特别版','2020款',3,1,888000,888000);
insert into t_car_model(cm_id , cs_id , cm_name,cm_type ,cm_order , cm_state , cm_min_price , cm_max_price) values(41701,256,'2020款 110 P400 首发哑银特别套件版','2020款',4,1,923299,923299);
insert into t_car_model(cm_id , cs_id , cm_name,cm_type ,cm_order , cm_state , cm_min_price , cm_max_price) values(45218,256,'2020款 110 X P400','2020款',5,1,958000,958000);
insert into t_car_model(cm_id , cs_id , cm_name,cm_type ,cm_order , cm_state , cm_min_price , cm_max_price) values(7199,256,'2010款 冰・火限量版','2010款',1,1,748000,748000);
insert into t_car_series(cs_id,cbf_id,cs_name,cs_order,cs_letter) values(5889,49,'路虎卫士新能源',3295,'L');
insert into t_car_model(cm_id , cs_id , cm_name,cm_type ,cm_order , cm_state , cm_min_price , cm_max_price) values(52966,5889,'2022款 110 P400e','2022款',1,1,798000,798000);
insert into t_car_series(cs_id,cbf_id,cs_name,cs_order,cs_letter) values(754,49,'揽胜极光(进口)',3298,'L');
insert into t_car_model(cm_id , cs_id , cm_name,cm_type ,cm_order , cm_state , cm_min_price , cm_max_price) values(31457,754,'2018款 240PS HSE DYNAMIC 敞篷版','2018款',1,1,670000,670000);
insert into t_car_model(cm_id , cs_id , cm_name,cm_type ,cm_order , cm_state , cm_min_price , cm_max_price) values(29024,754,'2017款 2.0T 敞篷版','2017款',1,1,698000,698000);
insert into t_car_model(cm_id , cs_id , cm_name,cm_type ,cm_order , cm_state , cm_min_price , cm_max_price) values(21800,754,'2016款 2.0T 敞篷版','2016款',1,1,698000,698000);
insert into t_car_model(cm_id , cs_id , cm_name,cm_type ,cm_order , cm_state , cm_min_price , cm_max_price) values(19781,754,'2015款 2.0T 5门耀享版','2015款',1,1,578000,578000);
insert into t_car_model(cm_id , cs_id , cm_name,cm_type ,cm_order , cm_state , cm_min_price , cm_max_price) values(19782,754,'2015款 2.0T 5门耀动版','2015款',2,1,628000,628000);
insert into t_car_model(cm_id , cs_id , cm_name,cm_type ,cm_order , cm_state , cm_min_price , cm_max_price) values(20964,754,'2015款 2.0T 耀慕创世限量版','2015款',3,1,666000,666000);
insert into t_car_model(cm_id , cs_id , cm_name,cm_type ,cm_order , cm_state , cm_min_price , cm_max_price) values(20116,754,'2015款 2.0T 倾橙限量版','2015款',4,1,648000,648000);
insert into t_car_model(cm_id , cs_id , cm_name,cm_type ,cm_order , cm_state , cm_min_price , cm_max_price) values(23243,754,'2015款 2.0T NW8 Brit限量版','2015款',5,1,608000,608000);
insert into t_car_model(cm_id , cs_id , cm_name,cm_type ,cm_order , cm_state , cm_min_price , cm_max_price) values(17837,754,'2014款 2.0T 5门限量版','2014款',1,1,666000,666000);
insert into t_car_model(cm_id , cs_id , cm_name,cm_type ,cm_order , cm_state , cm_min_price , cm_max_price) values(17497,754,'2014款 2.0T 5门圣诞限量版','2014款',2,1,668000,668000);
insert into t_car_model(cm_id , cs_id , cm_name,cm_type ,cm_order , cm_state , cm_min_price , cm_max_price) values(17834,754,'2014款 2.0T 5门耀真版','2014款',3,1,528000,528000);
insert into t_car_model(cm_id , cs_id , cm_name,cm_type ,cm_order , cm_state , cm_min_price , cm_max_price) values(17835,754,'2014款 2.0T 5门耀享版','2014款',4,1,578000,578000);
insert into t_car_model(cm_id , cs_id , cm_name,cm_type ,cm_order , cm_state , cm_min_price , cm_max_price) values(17836,754,'2014款 2.0T 5门耀动版','2014款',5,1,628000,628000);
insert into t_car_model(cm_id , cs_id , cm_name,cm_type ,cm_order , cm_state , cm_min_price , cm_max_price) values(16266,754,'2013款 2.2T 5门柴油版','2013款',1,1,598000,598000);
insert into t_car_model(cm_id , cs_id , cm_name,cm_type ,cm_order , cm_state , cm_min_price , cm_max_price) values(14402,754,'2013款 2.0T 3门耀动版','2013款',2,1,638000,638000);
insert into t_car_model(cm_id , cs_id , cm_name,cm_type ,cm_order , cm_state , cm_min_price , cm_max_price) values(14403,754,'2013款 2.0T 3门耀致版','2013款',3,1,638000,638000);
insert into t_car_model(cm_id , cs_id , cm_name,cm_type ,cm_order , cm_state , cm_min_price , cm_max_price) values(16112,754,'2013款 2.0T 3门眩蓝限量版','2013款',4,1,650800,650800);
insert into t_car_model(cm_id , cs_id , cm_name,cm_type ,cm_order , cm_state , cm_min_price , cm_max_price) values(12641,754,'2013款 2.0T 3门维多利亚限量版','2013款',5,1,988900,988900);
insert into t_car_model(cm_id , cs_id , cm_name,cm_type ,cm_order , cm_state , cm_min_price , cm_max_price) values(15516,754,'2013款 2.0T 5门耀真版','2013款',6,1,528000,528000);
insert into t_car_model(cm_id , cs_id , cm_name,cm_type ,cm_order , cm_state , cm_min_price , cm_max_price) values(14401,754,'2013款 2.0T 5门耀动版','2013款',7,1,628000,628000);
insert into t_car_model(cm_id , cs_id , cm_name,cm_type ,cm_order , cm_state , cm_min_price , cm_max_price) values(14297,754,'2013款 2.0T 5门耀致版','2013款',8,1,628000,628000);
insert into t_car_model(cm_id , cs_id , cm_name,cm_type ,cm_order , cm_state , cm_min_price , cm_max_price) values(16478,754,'2013款 2.0T 5门熠动限量版','2013款',9,1,698000,698000);
insert into t_car_model(cm_id , cs_id , cm_name,cm_type ,cm_order , cm_state , cm_min_price , cm_max_price) values(8887,754,'2012款 2.0T 5门耀动版','2012款',1,1,628000,628000);
insert into t_car_model(cm_id , cs_id , cm_name,cm_type ,cm_order , cm_state , cm_min_price , cm_max_price) values(8086,754,'2012款 2.0T 3门耀动版','2012款',2,1,638000,638000);
insert into t_car_model(cm_id , cs_id , cm_name,cm_type ,cm_order , cm_state , cm_min_price , cm_max_price) values(10049,754,'2012款 2.0T 5门耀致版','2012款',3,1,628000,628000);
insert into t_car_model(cm_id , cs_id , cm_name,cm_type ,cm_order , cm_state , cm_min_price , cm_max_price) values(10048,754,'2012款 2.0T 3门耀致版','2012款',4,1,638000,638000);
insert into t_car_series(cs_id,cbf_id,cs_name,cs_order,cs_letter) values(4579,49,'揽胜新能源',3301,'L');
insert into t_car_model(cm_id , cs_id , cm_name,cm_type ,cm_order , cm_state , cm_min_price , cm_max_price) values(43167,4579,'2020款 P400e 传世版','2020款',1,1,1323000,1323000);
insert into t_car_model(cm_id , cs_id , cm_name,cm_type ,cm_order , cm_state , cm_min_price , cm_max_price) values(36881,4579,'2019款 P400e 创世加长版','2019款',1,1,1573000,1573000);
insert into t_car_model(cm_id , cs_id , cm_name,cm_type ,cm_order , cm_state , cm_min_price , cm_max_price) values(32775,4579,'2018款 P400e 创世加长版','2018款',1,1,1718000,1718000);
insert into t_car_series(cs_id,cbf_id,cs_name,cs_order,cs_letter) values(77,49,'神行者2',3303,'S');
insert into t_car_model(cm_id , cs_id , cm_name,cm_type ,cm_order , cm_state , cm_min_price , cm_max_price) values(19642,77,'2015款 2.2T SD4 XS典藏版','2015款',1,1,498000,498000);
insert into t_car_model(cm_id , cs_id , cm_name,cm_type ,cm_order , cm_state , cm_min_price , cm_max_price) values(19641,77,'2015款 2.0T Si4 XS典藏版','2015款',2,1,538000,538000);
insert into t_car_model(cm_id , cs_id , cm_name,cm_type ,cm_order , cm_state , cm_min_price , cm_max_price) values(19643,77,'2015款 2.0T Si4 HSE Luxury典藏版','2015款',3,1,608000,608000);
insert into t_car_model(cm_id , cs_id , cm_name,cm_type ,cm_order , cm_state , cm_min_price , cm_max_price) values(18094,77,'2014款 2.2T SD4 S柴油版','2014款',1,1,398000,398000);
insert into t_car_model(cm_id , cs_id , cm_name,cm_type ,cm_order , cm_state , cm_min_price , cm_max_price) values(18095,77,'2014款 2.2T SD4 SE柴油版','2014款',2,1,498000,498000);
insert into t_car_model(cm_id , cs_id , cm_name,cm_type ,cm_order , cm_state , cm_min_price , cm_max_price) values(18096,77,'2014款 2.0T Si4 S汽油版','2014款',3,1,458000,458000);
insert into t_car_model(cm_id , cs_id , cm_name,cm_type ,cm_order , cm_state , cm_min_price , cm_max_price) values(18097,77,'2014款 2.0T Si4 SE汽油版','2014款',4,1,538000,538000);
insert into t_car_model(cm_id , cs_id , cm_name,cm_type ,cm_order , cm_state , cm_min_price , cm_max_price) values(18098,77,'2014款 2.0T Si4 HSE汽油版','2014款',5,1,598000,598000);
insert into t_car_model(cm_id , cs_id , cm_name,cm_type ,cm_order , cm_state , cm_min_price , cm_max_price) values(14486,77,'2013款 2.2T SD4 S柴油版','2013款',1,1,398000,398000);
insert into t_car_model(cm_id , cs_id , cm_name,cm_type ,cm_order , cm_state , cm_min_price , cm_max_price) values(14487,77,'2013款 2.2T SD4 SE柴油版','2013款',2,1,498000,498000);
insert into t_car_model(cm_id , cs_id , cm_name,cm_type ,cm_order , cm_state , cm_min_price , cm_max_price) values(15515,77,'2013款 2.2T SD4 越动限量版','2013款',3,1,528000,528000);
insert into t_car_model(cm_id , cs_id , cm_name,cm_type ,cm_order , cm_state , cm_min_price , cm_max_price) values(14488,77,'2013款 2.0T Si4 SE汽油版','2013款',4,1,538000,538000);
insert into t_car_model(cm_id , cs_id , cm_name,cm_type ,cm_order , cm_state , cm_min_price , cm_max_price) values(13636,77,'2013款 2.0T Si4 HSE汽油版','2013款',5,1,598000,598000);
insert into t_car_model(cm_id , cs_id , cm_name,cm_type ,cm_order , cm_state , cm_min_price , cm_max_price) values(15383,77,'2013款 2.0T Si4 越动限量版','2013款',6,1,568000,568000);
insert into t_car_model(cm_id , cs_id , cm_name,cm_type ,cm_order , cm_state , cm_min_price , cm_max_price) values(11426,77,'2012款 3.2L 圣诞新年特别版 SE','2012款',1,1,568000,568000);
insert into t_car_model(cm_id , cs_id , cm_name,cm_type ,cm_order , cm_state , cm_min_price , cm_max_price) values(11427,77,'2012款 3.2L 圣诞新年特别版 HSE','2012款',2,1,658000,658000);
insert into t_car_model(cm_id , cs_id , cm_name,cm_type ,cm_order , cm_state , cm_min_price , cm_max_price) values(12071,77,'2012款 2.2T SD4 S柴油版','2012款',3,1,398000,398000);
insert into t_car_model(cm_id , cs_id , cm_name,cm_type ,cm_order , cm_state , cm_min_price , cm_max_price) values(12072,77,'2012款 2.2T SD4 SE柴油版','2012款',4,1,498000,498000);
insert into t_car_model(cm_id , cs_id , cm_name,cm_type ,cm_order , cm_state , cm_min_price , cm_max_price) values(12073,77,'2012款 2.2T SD4 HSE柴油版','2012款',5,1,558000,558000);
insert into t_car_model(cm_id , cs_id , cm_name,cm_type ,cm_order , cm_state , cm_min_price , cm_max_price) values(12075,77,'2012款 2.0T Si4 SE汽油版','2012款',6,1,538000,538000);
insert into t_car_model(cm_id , cs_id , cm_name,cm_type ,cm_order , cm_state , cm_min_price , cm_max_price) values(12074,77,'2012款 2.0T Si4 HSE汽油版','2012款',7,1,598000,598000);
insert into t_car_model(cm_id , cs_id , cm_name,cm_type ,cm_order , cm_state , cm_min_price , cm_max_price) values(8226,77,'2011款 2.2T SD4 SE柴油版','2011款',1,1,498000,498000);
insert into t_car_model(cm_id , cs_id , cm_name,cm_type ,cm_order , cm_state , cm_min_price , cm_max_price) values(8912,77,'2011款 2.2T SD4 HSE柴油版','2011款',2,1,588000,588000);
insert into t_car_model(cm_id , cs_id , cm_name,cm_type ,cm_order , cm_state , cm_min_price , cm_max_price) values(8911,77,'2011款 3.2L i6 SE汽油版','2011款',3,1,568000,568000);
insert into t_car_model(cm_id , cs_id , cm_name,cm_type ,cm_order , cm_state , cm_min_price , cm_max_price) values(8913,77,'2011款 3.2L i6 HSE汽油版','2011款',4,1,658000,658000);
insert into t_car_model(cm_id , cs_id , cm_name,cm_type ,cm_order , cm_state , cm_min_price , cm_max_price) values(9991,77,'2011款 3.2L 中国红限量版','2011款',5,1,688000,688000);
insert into t_car_model(cm_id , cs_id , cm_name,cm_type ,cm_order , cm_state , cm_min_price , cm_max_price) values(6922,77,'2010款 2.2 TD4 手动SE柴油版','2010款',1,1,578000,578000);
insert into t_car_model(cm_id , cs_id , cm_name,cm_type ,cm_order , cm_state , cm_min_price , cm_max_price) values(5017,77,'2010款 2.2 TD4 自动SE柴油版','2010款',2,1,498000,498000);
insert into t_car_model(cm_id , cs_id , cm_name,cm_type ,cm_order , cm_state , cm_min_price , cm_max_price) values(6355,77,'2010款 2.2 TD4 自动HSE柴油版','2010款',3,1,578000,578000);
insert into t_car_model(cm_id , cs_id , cm_name,cm_type ,cm_order , cm_state , cm_min_price , cm_max_price) values(6357,77,'2010款 3.2 i6 自动SE汽油版','2010款',4,1,568000,568000);
insert into t_car_model(cm_id , cs_id , cm_name,cm_type ,cm_order , cm_state , cm_min_price , cm_max_price) values(6356,77,'2010款 3.2 i6 自动HSE汽油版','2010款',5,1,648000,648000);
insert into t_car_model(cm_id , cs_id , cm_name,cm_type ,cm_order , cm_state , cm_min_price , cm_max_price) values(5606,77,'2009款 3.2L','2009款',1,1,618000,618000);
insert into t_car_model(cm_id , cs_id , cm_name,cm_type ,cm_order , cm_state , cm_min_price , cm_max_price) values(2415,77,'2007款 3.2L','2007款',1,1,618000,618000);
insert into t_car_series(cs_id,cbf_id,cs_name,cs_order,cs_letter) values(3565,49,'发现神行(进口)',3305,'F');
insert into t_car_model(cm_id , cs_id , cm_name,cm_type ,cm_order , cm_state , cm_min_price , cm_max_price) values(20920,3565,'2015款 2.0T SE','2015款',1,1,558000,558000);
insert into t_car_model(cm_id , cs_id , cm_name,cm_type ,cm_order , cm_state , cm_min_price , cm_max_price) values(19795,3565,'2015款 2.0T HSE LUXURY','2015款',2,1,618000,618000);
insert into t_car_series(cs_id,cbf_id,cs_name,cs_order,cs_letter) values(3177,49,'神行者',3306,'S');
insert into t_car_model(cm_id , cs_id , cm_name,cm_type ,cm_order , cm_state , cm_min_price , cm_max_price) values(16656,3177,'2004款 2.5 V6','2004款',1,1,488000,488000);
insert into t_car_model(cm_id , cs_id , cm_name,cm_type ,cm_order , cm_state , cm_min_price , cm_max_price) values(16655,3177,'2003款 2.5 V6','2003款',1,1,458000,458000);
