insert into t_car_brand_factory(cbf_id , cb_id , cbf_name ,cbf_letter) values(31,53,'昌河铃木','C');
insert into t_car_series(cs_id,cbf_id,cs_name,cs_order,cs_letter) values(75,31,'北斗星',3179,'B');
insert into t_car_model(cm_id , cs_id , cm_name,cm_type ,cm_order , cm_state , cm_min_price , cm_max_price) values(41688,75,'2019款 改款 1.4L 手动精典款','2019款',1,1,41999,41999);
insert into t_car_model(cm_id , cs_id , cm_name,cm_type ,cm_order , cm_state , cm_min_price , cm_max_price) values(41689,75,'2019款 改款 1.4L 手动精致版','2019款',2,1,43999,43999);
insert into t_car_model(cm_id , cs_id , cm_name,cm_type ,cm_order , cm_state , cm_min_price , cm_max_price) values(38282,75,'2019款 1.4L 手动精典款','2019款',3,1,41999,41999);
insert into t_car_model(cm_id , cs_id , cm_name,cm_type ,cm_order , cm_state , cm_min_price , cm_max_price) values(38283,75,'2019款 1.4L 手动精致版','2019款',4,1,43999,43999);
insert into t_car_model(cm_id , cs_id , cm_name,cm_type ,cm_order , cm_state , cm_min_price , cm_max_price) values(26657,75,'2016款 1.4L 手动超值型','2016款',1,1,39900,39900);
insert into t_car_model(cm_id , cs_id , cm_name,cm_type ,cm_order , cm_state , cm_min_price , cm_max_price) values(26658,75,'2016款 1.4L 手动超惠型','2016款',2,1,44900,44900);
insert into t_car_model(cm_id , cs_id , cm_name,cm_type ,cm_order , cm_state , cm_min_price , cm_max_price) values(21765,75,'2015款 1.0L 手动经济型','2015款',1,1,32900,32900);
insert into t_car_model(cm_id , cs_id , cm_name,cm_type ,cm_order , cm_state , cm_min_price , cm_max_price) values(21767,75,'2015款 1.0L 手动实用型','2015款',2,1,36900,36900);
insert into t_car_model(cm_id , cs_id , cm_name,cm_type ,cm_order , cm_state , cm_min_price , cm_max_price) values(21768,75,'2015款 1.0L 手动舒适型','2015款',3,1,37900,37900);
insert into t_car_model(cm_id , cs_id , cm_name,cm_type ,cm_order , cm_state , cm_min_price , cm_max_price) values(21770,75,'2015款 1.4L 手动全能型','2015款',4,1,43900,43900);
insert into t_car_model(cm_id , cs_id , cm_name,cm_type ,cm_order , cm_state , cm_min_price , cm_max_price) values(21771,75,'2015款 1.4L 手动全能升级型','2015款',5,1,46900,46900);
insert into t_car_model(cm_id , cs_id , cm_name,cm_type ,cm_order , cm_state , cm_min_price , cm_max_price) values(17929,75,'2013款 创业版 1.0L 手动经济型','2013款',1,1,32000,32000);
insert into t_car_model(cm_id , cs_id , cm_name,cm_type ,cm_order , cm_state , cm_min_price , cm_max_price) values(17930,75,'2013款 创业版 1.0L 手动实用3型','2013款',2,1,37000,37000);
insert into t_car_model(cm_id , cs_id , cm_name,cm_type ,cm_order , cm_state , cm_min_price , cm_max_price) values(17931,75,'2013款 创业版 1.0L 手动舒适型','2013款',3,1,38000,38000);
insert into t_car_model(cm_id , cs_id , cm_name,cm_type ,cm_order , cm_state , cm_min_price , cm_max_price) values(17932,75,'2013款 全能版 1.4L 手动实用型','2013款',4,1,44800,44800);
insert into t_car_model(cm_id , cs_id , cm_name,cm_type ,cm_order , cm_state , cm_min_price , cm_max_price) values(17933,75,'2013款 全能升级版 1.4L 手动标准型1','2013款',5,1,49000,49000);
insert into t_car_model(cm_id , cs_id , cm_name,cm_type ,cm_order , cm_state , cm_min_price , cm_max_price) values(12990,75,'2012款 创业版 1.0L 手动实用型','2012款',1,1,33000,33000);
insert into t_car_model(cm_id , cs_id , cm_name,cm_type ,cm_order , cm_state , cm_min_price , cm_max_price) values(12991,75,'2012款 创业版 1.0L 手动超越型','2012款',2,1,37000,37000);
insert into t_car_model(cm_id , cs_id , cm_name,cm_type ,cm_order , cm_state , cm_min_price , cm_max_price) values(13004,75,'2012款 e  1.4L 手动实用型','2012款',3,1,50300,50300);
insert into t_car_model(cm_id , cs_id , cm_name,cm_type ,cm_order , cm_state , cm_min_price , cm_max_price) values(13005,75,'2012款 e  1.4L 手动标准型','2012款',4,1,50800,50800);
insert into t_car_model(cm_id , cs_id , cm_name,cm_type ,cm_order , cm_state , cm_min_price , cm_max_price) values(13006,75,'2012款 e  1.4L 手动标准2型','2012款',5,1,51800,51800);
insert into t_car_model(cm_id , cs_id , cm_name,cm_type ,cm_order , cm_state , cm_min_price , cm_max_price) values(17763,75,'2012款 e  1.4L 手动VVT标准型 国IV','2012款',6,1,51800,51800);
insert into t_car_model(cm_id , cs_id , cm_name,cm_type ,cm_order , cm_state , cm_min_price , cm_max_price) values(13007,75,'2012款 e  1.4L 手动VVT标准型 国V','2012款',7,1,53800,53800);
insert into t_car_model(cm_id , cs_id , cm_name,cm_type ,cm_order , cm_state , cm_min_price , cm_max_price) values(12995,75,'2012款 冠军版 1.4L 手动适用型','2012款',8,1,44800,44800);
insert into t_car_model(cm_id , cs_id , cm_name,cm_type ,cm_order , cm_state , cm_min_price , cm_max_price) values(12992,75,'2012款 全能版 1.4L 手动标准型','2012款',9,1,48800,48800);
insert into t_car_model(cm_id , cs_id , cm_name,cm_type ,cm_order , cm_state , cm_min_price , cm_max_price) values(12993,75,'2012款 全能版 1.4L 手动标准2型','2012款',10,1,50300,50300);
insert into t_car_model(cm_id , cs_id , cm_name,cm_type ,cm_order , cm_state , cm_min_price , cm_max_price) values(17753,75,'2012款 全能版 1.4L 手动VVT 标准型 国IV','2012款',11,1,49800,49800);
insert into t_car_model(cm_id , cs_id , cm_name,cm_type ,cm_order , cm_state , cm_min_price , cm_max_price) values(12994,75,'2012款 全能版 1.4L 手动VVT标准型 国V','2012款',12,1,54800,54800);
insert into t_car_model(cm_id , cs_id , cm_name,cm_type ,cm_order , cm_state , cm_min_price , cm_max_price) values(10267,75,'2011款 e  1.4L AMT版','2011款',1,1,58000,58000);
insert into t_car_model(cm_id , cs_id , cm_name,cm_type ,cm_order , cm_state , cm_min_price , cm_max_price) values(10262,75,'2011款 1.4L AMT全能版','2011款',2,1,55700,55700);
insert into t_car_model(cm_id , cs_id , cm_name,cm_type ,cm_order , cm_state , cm_min_price , cm_max_price) values(10261,75,'2011款 1.4L 手动标准1型','2011款',3,1,49100,49100);
insert into t_car_model(cm_id , cs_id , cm_name,cm_type ,cm_order , cm_state , cm_min_price , cm_max_price) values(10260,75,'2011款 1.4L 手动标准2型','2011款',4,1,50200,50200);
insert into t_car_model(cm_id , cs_id , cm_name,cm_type ,cm_order , cm_state , cm_min_price , cm_max_price) values(10263,75,'2011款 e  1.4L 手动实用型','2011款',5,1,50300,50300);
insert into t_car_model(cm_id , cs_id , cm_name,cm_type ,cm_order , cm_state , cm_min_price , cm_max_price) values(10264,75,'2011款 e  1.4L 手动标准1型','2011款',6,1,50800,50800);
insert into t_car_model(cm_id , cs_id , cm_name,cm_type ,cm_order , cm_state , cm_min_price , cm_max_price) values(10265,75,'2011款 e  1.4L 手动标准2型','2011款',7,1,51800,51800);
insert into t_car_model(cm_id , cs_id , cm_name,cm_type ,cm_order , cm_state , cm_min_price , cm_max_price) values(10266,75,'2011款 e  1.4L 手动豪华型','2011款',8,1,53800,53800);
insert into t_car_model(cm_id , cs_id , cm_name,cm_type ,cm_order , cm_state , cm_min_price , cm_max_price) values(10327,75,'2011款 1.0L','2011款',9,1,36800,36800);
insert into t_car_model(cm_id , cs_id , cm_name,cm_type ,cm_order , cm_state , cm_min_price , cm_max_price) values(7263,75,'2010款 1.0L 手动经济型','2010款',1,1,37400,37400);
insert into t_car_model(cm_id , cs_id , cm_name,cm_type ,cm_order , cm_state , cm_min_price , cm_max_price) values(9755,75,'2010款 1.0L 手动助力型','2010款',2,1,42000,42000);
insert into t_car_model(cm_id , cs_id , cm_name,cm_type ,cm_order , cm_state , cm_min_price , cm_max_price) values(7341,75,'2010款 e  1.4L 手动ES经济型','2010款',3,1,49800,49800);
insert into t_car_model(cm_id , cs_id , cm_name,cm_type ,cm_order , cm_state , cm_min_price , cm_max_price) values(7957,75,'2010款 e  1.4L 手动STD标准型','2010款',4,1,50300,50300);
insert into t_car_model(cm_id , cs_id , cm_name,cm_type ,cm_order , cm_state , cm_min_price , cm_max_price) values(7264,75,'2009款 领航版 1.0L 手动经济型','2009款',1,1,39900,39900);
insert into t_car_model(cm_id , cs_id , cm_name,cm_type ,cm_order , cm_state , cm_min_price , cm_max_price) values(7265,75,'2009款 领航版 1.0L 手动舒适型','2009款',2,1,41480,41480);
insert into t_car_model(cm_id , cs_id , cm_name,cm_type ,cm_order , cm_state , cm_min_price , cm_max_price) values(7266,75,'2009款 精英版 1.0L 手动经济型','2009款',3,1,42580,42580);
insert into t_car_model(cm_id , cs_id , cm_name,cm_type ,cm_order , cm_state , cm_min_price , cm_max_price) values(7267,75,'2009款 限量版 1.0L 手动舒适型','2009款',4,1,42880,42880);
insert into t_car_model(cm_id , cs_id , cm_name,cm_type ,cm_order , cm_state , cm_min_price , cm_max_price) values(5622,75,'2009款 1.4L AMT','2009款',5,1,55600,55600);
insert into t_car_model(cm_id , cs_id , cm_name,cm_type ,cm_order , cm_state , cm_min_price , cm_max_price) values(4002,75,'2008款 1.4L 手动STD','2008款',1,1,47900,47900);
insert into t_car_model(cm_id , cs_id , cm_name,cm_type ,cm_order , cm_state , cm_min_price , cm_max_price) values(3242,75,'2007款 1.4L 手动限量版','2007款',1,1,49900,49900);
insert into t_car_model(cm_id , cs_id , cm_name,cm_type ,cm_order , cm_state , cm_min_price , cm_max_price) values(1577,75,'2005款 1.1L 手动标准型','2005款',1,1,55400,55400);
insert into t_car_model(cm_id , cs_id , cm_name,cm_type ,cm_order , cm_state , cm_min_price , cm_max_price) values(1578,75,'2005款 1.1L 手动豪华型I','2005款',2,1,57800,57800);
insert into t_car_model(cm_id , cs_id , cm_name,cm_type ,cm_order , cm_state , cm_min_price , cm_max_price) values(928,75,'2005款 1.1L 手动豪华型II','2005款',3,1,67800,67800);
insert into t_car_model(cm_id , cs_id , cm_name,cm_type ,cm_order , cm_state , cm_min_price , cm_max_price) values(1896,75,'2005款 1.4L 手动ES实用型','2005款',4,1,45900,45900);
insert into t_car_model(cm_id , cs_id , cm_name,cm_type ,cm_order , cm_state , cm_min_price , cm_max_price) values(1897,75,'2005款 1.4L 手动标准型','2005款',5,1,47900,47900);
insert into t_car_model(cm_id , cs_id , cm_name,cm_type ,cm_order , cm_state , cm_min_price , cm_max_price) values(1895,75,'2005款 1.4L 手动EC经济型','2005款',6,1,43900,43900);
insert into t_car_model(cm_id , cs_id , cm_name,cm_type ,cm_order , cm_state , cm_min_price , cm_max_price) values(1898,75,'2005款 1.4L 手动DLX豪华型','2005款',7,1,58900,58900);
insert into t_car_model(cm_id , cs_id , cm_name,cm_type ,cm_order , cm_state , cm_min_price , cm_max_price) values(1576,75,'2004款 1.0L 手动经济型','2004款',1,1,43800,43800);
insert into t_car_model(cm_id , cs_id , cm_name,cm_type ,cm_order , cm_state , cm_min_price , cm_max_price) values(506,75,'2004款 1.0L 手动标准型','2004款',2,1,47800,47800);
insert into t_car_model(cm_id , cs_id , cm_name,cm_type ,cm_order , cm_state , cm_min_price , cm_max_price) values(827,75,'2004款 1.1L 手动标准型','2004款',3,1,51800,51800);
insert into t_car_series(cs_id,cbf_id,cs_name,cs_order,cs_letter) values(3216,31,'北斗星X5',3180,'B');
insert into t_car_model(cm_id , cs_id , cm_name,cm_type ,cm_order , cm_state , cm_min_price , cm_max_price) values(26656,3216,'2016款 1.4L 启航型 国V','2016款',1,1,46900,46900);
insert into t_car_model(cm_id , cs_id , cm_name,cm_type ,cm_order , cm_state , cm_min_price , cm_max_price) values(23238,3216,'2015款 1.0L 精英型','2015款',1,1,41900,41900);
insert into t_car_model(cm_id , cs_id , cm_name,cm_type ,cm_order , cm_state , cm_min_price , cm_max_price) values(21764,3216,'2015款 1.4L 豪华型','2015款',2,1,49900,49900);
insert into t_car_model(cm_id , cs_id , cm_name,cm_type ,cm_order , cm_state , cm_min_price , cm_max_price) values(21766,3216,'2015款 1.4L 巡航型 国IV','2015款',3,1,51900,51900);
insert into t_car_model(cm_id , cs_id , cm_name,cm_type ,cm_order , cm_state , cm_min_price , cm_max_price) values(23493,3216,'2015款 1.4L 领航型 国V','2015款',4,1,51900,51900);
insert into t_car_model(cm_id , cs_id , cm_name,cm_type ,cm_order , cm_state , cm_min_price , cm_max_price) values(17046,3216,'2013款 豪华版 1.4L 简配型','2013款',1,1,50900,50900);
insert into t_car_model(cm_id , cs_id , cm_name,cm_type ,cm_order , cm_state , cm_min_price , cm_max_price) values(17045,3216,'2013款 豪华版 1.4L 标准型','2013款',2,1,53900,53900);
insert into t_car_model(cm_id , cs_id , cm_name,cm_type ,cm_order , cm_state , cm_min_price , cm_max_price) values(17049,3216,'2013款 巡航版 1.4L VVT 标准型','2013款',3,1,56900,56900);
insert into t_car_model(cm_id , cs_id , cm_name,cm_type ,cm_order , cm_state , cm_min_price , cm_max_price) values(17758,3216,'2013款 巡航版 1.4L VVT 豪华型 国IV','2013款',4,1,57900,57900);
insert into t_car_model(cm_id , cs_id , cm_name,cm_type ,cm_order , cm_state , cm_min_price , cm_max_price) values(17047,3216,'2013款 巡航版 1.4L VVT 豪华型 国V','2013款',5,1,59800,59800);
insert into t_car_model(cm_id , cs_id , cm_name,cm_type ,cm_order , cm_state , cm_min_price , cm_max_price) values(17048,3216,'2013款 改款 1.4L 豪华版','2013款',6,1,50900,50900);
insert into t_car_model(cm_id , cs_id , cm_name,cm_type ,cm_order , cm_state , cm_min_price , cm_max_price) values(17942,3216,'2013款 改款 1.4L VVT 巡航版','2013款',7,1,53900,53900);
insert into t_car_series(cs_id,cbf_id,cs_name,cs_order,cs_letter) values(2049,31,'派喜',3181,'P');
insert into t_car_model(cm_id , cs_id , cm_name,cm_type ,cm_order , cm_state , cm_min_price , cm_max_price) values(17682,2049,'2012款 1.4VVT 精英型','2012款',1,1,50000,50000);
insert into t_car_model(cm_id , cs_id , cm_name,cm_type ,cm_order , cm_state , cm_min_price , cm_max_price) values(13618,2049,'2012款 1.4VVT 豪华型','2012款',2,1,55900,55900);
insert into t_car_model(cm_id , cs_id , cm_name,cm_type ,cm_order , cm_state , cm_min_price , cm_max_price) values(13619,2049,'2012款 1.4VVT 尊贵型','2012款',3,1,58900,58900);
insert into t_car_model(cm_id , cs_id , cm_name,cm_type ,cm_order , cm_state , cm_min_price , cm_max_price) values(10339,2049,'2012款 1.4L 精英型','2012款',4,1,53000,53000);
insert into t_car_model(cm_id , cs_id , cm_name,cm_type ,cm_order , cm_state , cm_min_price , cm_max_price) values(7088,2049,'2012款 1.4L 豪华型','2012款',5,1,55900,55900);
insert into t_car_model(cm_id , cs_id , cm_name,cm_type ,cm_order , cm_state , cm_min_price , cm_max_price) values(11363,2049,'2012款 1.4L 尊贵型','2012款',6,1,58900,58900);
insert into t_car_series(cs_id,cbf_id,cs_name,cs_order,cs_letter) values(432,31,'利亚纳',3182,'L');
insert into t_car_model(cm_id , cs_id , cm_name,cm_type ,cm_order , cm_state , cm_min_price , cm_max_price) values(17945,432,'2013款 两厢 1.4L 手动标准型2','2013款',1,1,56800,56800);
insert into t_car_model(cm_id , cs_id , cm_name,cm_type ,cm_order , cm_state , cm_min_price , cm_max_price) values(17946,432,'2013款 两厢 1.4L 手动标准型A','2013款',2,1,58000,58000);
insert into t_car_model(cm_id , cs_id , cm_name,cm_type ,cm_order , cm_state , cm_min_price , cm_max_price) values(17947,432,'2013款 两厢 1.4L 手动豪华型','2013款',3,1,62000,62000);
insert into t_car_model(cm_id , cs_id , cm_name,cm_type ,cm_order , cm_state , cm_min_price , cm_max_price) values(13024,432,'2012款 三厢 1.6L 自动标准型','2012款',1,1,90800,90800);
insert into t_car_model(cm_id , cs_id , cm_name,cm_type ,cm_order , cm_state , cm_min_price , cm_max_price) values(13025,432,'2012款 三厢 1.6L 自动豪华型','2012款',2,1,95800,95800);
insert into t_car_model(cm_id , cs_id , cm_name,cm_type ,cm_order , cm_state , cm_min_price , cm_max_price) values(13017,432,'2012款 两厢 1.6L 手动豪华型','2012款',3,1,85800,85800);
insert into t_car_model(cm_id , cs_id , cm_name,cm_type ,cm_order , cm_state , cm_min_price , cm_max_price) values(13021,432,'2012款 三厢 1.6L 手动标准型','2012款',4,1,80800,80800);
insert into t_car_model(cm_id , cs_id , cm_name,cm_type ,cm_order , cm_state , cm_min_price , cm_max_price) values(13022,432,'2012款 三厢 1.6L 手动豪华型','2012款',5,1,85800,85800);
insert into t_car_model(cm_id , cs_id , cm_name,cm_type ,cm_order , cm_state , cm_min_price , cm_max_price) values(13023,432,'2012款 三厢 1.6L 自动特别版','2012款',6,1,85800,85800);
insert into t_car_model(cm_id , cs_id , cm_name,cm_type ,cm_order , cm_state , cm_min_price , cm_max_price) values(13020,432,'2012款 两厢 1.6L 自动豪华型','2012款',7,1,95800,95800);
insert into t_car_model(cm_id , cs_id , cm_name,cm_type ,cm_order , cm_state , cm_min_price , cm_max_price) values(13012,432,'2012款 两厢 1.4L 手动经济型','2012款',8,1,59800,59800);
insert into t_car_model(cm_id , cs_id , cm_name,cm_type ,cm_order , cm_state , cm_min_price , cm_max_price) values(13013,432,'2012款 两厢 1.4VVT 手动舒适型','2012款',9,1,64800,64800);
insert into t_car_model(cm_id , cs_id , cm_name,cm_type ,cm_order , cm_state , cm_min_price , cm_max_price) values(13014,432,'2012款 两厢 1.4VVT 手动豪华型','2012款',10,1,68800,68800);
insert into t_car_model(cm_id , cs_id , cm_name,cm_type ,cm_order , cm_state , cm_min_price , cm_max_price) values(13622,432,'2012款 两厢 1.4VVT 手动超豪华型','2012款',11,1,72800,72800);
insert into t_car_model(cm_id , cs_id , cm_name,cm_type ,cm_order , cm_state , cm_min_price , cm_max_price) values(13015,432,'2012款 三厢 1.4L 手动经济型','2012款',12,1,59800,59800);
insert into t_car_model(cm_id , cs_id , cm_name,cm_type ,cm_order , cm_state , cm_min_price , cm_max_price) values(13010,432,'2012款 三厢 1.4VVT 手动舒适型','2012款',13,1,64800,64800);
insert into t_car_model(cm_id , cs_id , cm_name,cm_type ,cm_order , cm_state , cm_min_price , cm_max_price) values(13011,432,'2012款 三厢 1.4VVT 手动豪华型','2012款',14,1,68800,68800);
insert into t_car_model(cm_id , cs_id , cm_name,cm_type ,cm_order , cm_state , cm_min_price , cm_max_price) values(13623,432,'2012款 三厢 1.4VVT 手动超豪华型','2012款',15,1,72800,72800);
insert into t_car_model(cm_id , cs_id , cm_name,cm_type ,cm_order , cm_state , cm_min_price , cm_max_price) values(13016,432,'2012款 两厢 1.6L 手动标准型','2012款',16,1,80800,80800);
insert into t_car_model(cm_id , cs_id , cm_name,cm_type ,cm_order , cm_state , cm_min_price , cm_max_price) values(13018,432,'2012款 两厢 1.6L 自动特别版','2012款',17,1,85800,85800);
insert into t_car_model(cm_id , cs_id , cm_name,cm_type ,cm_order , cm_state , cm_min_price , cm_max_price) values(13019,432,'2012款 两厢 1.6L 自动标准型','2012款',18,1,90800,90800);
insert into t_car_model(cm_id , cs_id , cm_name,cm_type ,cm_order , cm_state , cm_min_price , cm_max_price) values(8768,432,'2011款 a+ 两厢 1.4L 手动标准型','2011款',1,1,62800,62800);
insert into t_car_model(cm_id , cs_id , cm_name,cm_type ,cm_order , cm_state , cm_min_price , cm_max_price) values(8763,432,'2011款 a+ 两厢 1.4L 手动豪华Ⅰ型','2011款',2,1,69800,69800);
insert into t_car_model(cm_id , cs_id , cm_name,cm_type ,cm_order , cm_state , cm_min_price , cm_max_price) values(8772,432,'2011款 a+ 两厢 1.4L 手动豪华Ⅱ型','2011款',3,1,72800,72800);
insert into t_car_model(cm_id , cs_id , cm_name,cm_type ,cm_order , cm_state , cm_min_price , cm_max_price) values(8769,432,'2011款 a+ 三厢 1.4L 手动标准型','2011款',4,1,62800,62800);
insert into t_car_model(cm_id , cs_id , cm_name,cm_type ,cm_order , cm_state , cm_min_price , cm_max_price) values(8770,432,'2011款 a+ 三厢 1.4L 手动豪华Ⅰ型','2011款',5,1,69800,69800);
insert into t_car_model(cm_id , cs_id , cm_name,cm_type ,cm_order , cm_state , cm_min_price , cm_max_price) values(8773,432,'2011款 a+ 三厢 1.4L 手动豪华Ⅱ型','2011款',6,1,72800,72800);
insert into t_car_model(cm_id , cs_id , cm_name,cm_type ,cm_order , cm_state , cm_min_price , cm_max_price) values(3753,432,'2008款 两厢 1.6L 手动实用型','2008款',1,1,87600,87600);
insert into t_car_model(cm_id , cs_id , cm_name,cm_type ,cm_order , cm_state , cm_min_price , cm_max_price) values(3754,432,'2008款 两厢 1.6L 手动标准型','2008款',2,1,91600,91600);
insert into t_car_model(cm_id , cs_id , cm_name,cm_type ,cm_order , cm_state , cm_min_price , cm_max_price) values(3756,432,'2008款 两厢 1.6L 手动豪华型','2008款',3,1,96600,96600);
insert into t_car_model(cm_id , cs_id , cm_name,cm_type ,cm_order , cm_state , cm_min_price , cm_max_price) values(3755,432,'2008款 两厢 1.6L 自动标准型','2008款',4,1,99800,99800);
insert into t_car_model(cm_id , cs_id , cm_name,cm_type ,cm_order , cm_state , cm_min_price , cm_max_price) values(3757,432,'2008款 两厢 1.6L 自动豪华型','2008款',5,1,106600,106600);
insert into t_car_model(cm_id , cs_id , cm_name,cm_type ,cm_order , cm_state , cm_min_price , cm_max_price) values(3758,432,'2008款 三厢 1.6L 手动实用型','2008款',6,1,87600,87600);
insert into t_car_model(cm_id , cs_id , cm_name,cm_type ,cm_order , cm_state , cm_min_price , cm_max_price) values(3759,432,'2008款 三厢 1.6L 手动标准型','2008款',7,1,91600,91600);
insert into t_car_model(cm_id , cs_id , cm_name,cm_type ,cm_order , cm_state , cm_min_price , cm_max_price) values(3761,432,'2008款 三厢 1.6L 手动豪华型','2008款',8,1,96600,96600);
insert into t_car_model(cm_id , cs_id , cm_name,cm_type ,cm_order , cm_state , cm_min_price , cm_max_price) values(3760,432,'2008款 三厢 1.6L 自动标准型','2008款',9,1,99800,99800);
insert into t_car_model(cm_id , cs_id , cm_name,cm_type ,cm_order , cm_state , cm_min_price , cm_max_price) values(3762,432,'2008款 三厢 1.6L 自动豪华型','2008款',10,1,106600,106600);
insert into t_car_model(cm_id , cs_id , cm_name,cm_type ,cm_order , cm_state , cm_min_price , cm_max_price) values(1876,432,'2006款 两厢 1.6L 手动经济','2006款',1,1,75800,75800);
insert into t_car_model(cm_id , cs_id , cm_name,cm_type ,cm_order , cm_state , cm_min_price , cm_max_price) values(2078,432,'2006款 两厢 1.6L 手动标准','2006款',2,1,79800,79800);
insert into t_car_model(cm_id , cs_id , cm_name,cm_type ,cm_order , cm_state , cm_min_price , cm_max_price) values(2081,432,'2006款 两厢 1.6L 自动标准','2006款',3,1,89800,89800);
insert into t_car_model(cm_id , cs_id , cm_name,cm_type ,cm_order , cm_state , cm_min_price , cm_max_price) values(2079,432,'2006款 两厢 1.6L 手动豪华','2006款',4,1,84800,84800);
insert into t_car_model(cm_id , cs_id , cm_name,cm_type ,cm_order , cm_state , cm_min_price , cm_max_price) values(2082,432,'2006款 两厢 1.6L 自动豪华','2006款',5,1,94800,94800);
insert into t_car_model(cm_id , cs_id , cm_name,cm_type ,cm_order , cm_state , cm_min_price , cm_max_price) values(2102,432,'2005款 三厢 1.6L 手动经济','2005款',1,1,76800,76800);
insert into t_car_model(cm_id , cs_id , cm_name,cm_type ,cm_order , cm_state , cm_min_price , cm_max_price) values(1877,432,'2005款 三厢 1.6L 手动标准','2005款',2,1,80800,80800);
insert into t_car_model(cm_id , cs_id , cm_name,cm_type ,cm_order , cm_state , cm_min_price , cm_max_price) values(1975,432,'2005款 三厢 1.6L 自动标准','2005款',3,1,90800,90800);
insert into t_car_model(cm_id , cs_id , cm_name,cm_type ,cm_order , cm_state , cm_min_price , cm_max_price) values(1974,432,'2005款 三厢 1.6L 手动豪华','2005款',4,1,85800,85800);
insert into t_car_model(cm_id , cs_id , cm_name,cm_type ,cm_order , cm_state , cm_min_price , cm_max_price) values(1976,432,'2005款 三厢 1.6L 自动豪华','2005款',5,1,95800,95800);
insert into t_car_series(cs_id,cbf_id,cs_name,cs_order,cs_letter) values(3112,31,'利亚纳A6',3183,'L');
insert into t_car_model(cm_id , cs_id , cm_name,cm_type ,cm_order , cm_state , cm_min_price , cm_max_price) values(26061,3112,'2016款 两厢 1.4L 手动畅想型','2016款',1,1,55900,55900);
insert into t_car_model(cm_id , cs_id , cm_name,cm_type ,cm_order , cm_state , cm_min_price , cm_max_price) values(26062,3112,'2016款  两厢 1.4L 手动理想型','2016款',2,1,60900,60900);
insert into t_car_model(cm_id , cs_id , cm_name,cm_type ,cm_order , cm_state , cm_min_price , cm_max_price) values(26554,3112,'2016款 三厢 1.4L 手动畅想型','2016款',3,1,54900,54900);
insert into t_car_model(cm_id , cs_id , cm_name,cm_type ,cm_order , cm_state , cm_min_price , cm_max_price) values(21769,3112,'2015款 两厢 1.4L 手动幸福型','2015款',1,1,53900,53900);
insert into t_car_model(cm_id , cs_id , cm_name,cm_type ,cm_order , cm_state , cm_min_price , cm_max_price) values(21772,3112,'2015款 两厢 1.4L 手动畅想型','2015款',2,1,55900,55900);
insert into t_car_model(cm_id , cs_id , cm_name,cm_type ,cm_order , cm_state , cm_min_price , cm_max_price) values(21773,3112,'2015款 两厢 1.4L 手动理想型','2015款',3,1,60900,60900);
insert into t_car_model(cm_id , cs_id , cm_name,cm_type ,cm_order , cm_state , cm_min_price , cm_max_price) values(21774,3112,'2015款 两厢 1.4L 手动梦想型','2015款',4,1,63900,63900);
insert into t_car_model(cm_id , cs_id , cm_name,cm_type ,cm_order , cm_state , cm_min_price , cm_max_price) values(21775,3112,'2015款 两厢 1.5L 自动畅想型','2015款',5,1,72900,72900);
insert into t_car_model(cm_id , cs_id , cm_name,cm_type ,cm_order , cm_state , cm_min_price , cm_max_price) values(21779,3112,'2015款 两厢 1.5L 自动理想型','2015款',6,1,75900,75900);
insert into t_car_model(cm_id , cs_id , cm_name,cm_type ,cm_order , cm_state , cm_min_price , cm_max_price) values(21780,3112,'2015款 两厢 1.5L 自动梦想型','2015款',7,1,78900,78900);
insert into t_car_model(cm_id , cs_id , cm_name,cm_type ,cm_order , cm_state , cm_min_price , cm_max_price) values(21781,3112,'2015款 三厢 1.4L 手动幸福型','2015款',8,1,52900,52900);
insert into t_car_model(cm_id , cs_id , cm_name,cm_type ,cm_order , cm_state , cm_min_price , cm_max_price) values(21782,3112,'2015款 三厢 1.4L 手动畅想型','2015款',9,1,54900,54900);
insert into t_car_model(cm_id , cs_id , cm_name,cm_type ,cm_order , cm_state , cm_min_price , cm_max_price) values(21783,3112,'2015款 三厢 1.4L 手动理想型','2015款',10,1,59900,59900);
insert into t_car_model(cm_id , cs_id , cm_name,cm_type ,cm_order , cm_state , cm_min_price , cm_max_price) values(21784,3112,'2015款 三厢 1.4L 手动梦想型','2015款',11,1,62900,62900);
insert into t_car_model(cm_id , cs_id , cm_name,cm_type ,cm_order , cm_state , cm_min_price , cm_max_price) values(21785,3112,'2015款 三厢 1.5L 自动畅想型','2015款',12,1,75900,75900);
insert into t_car_model(cm_id , cs_id , cm_name,cm_type ,cm_order , cm_state , cm_min_price , cm_max_price) values(21786,3112,'2015款 三厢 1.5L 自动理想型','2015款',13,1,79900,79900);
insert into t_car_model(cm_id , cs_id , cm_name,cm_type ,cm_order , cm_state , cm_min_price , cm_max_price) values(21787,3112,'2015款 三厢 1.5L 自动梦想型','2015款',14,1,82900,82900);
insert into t_car_model(cm_id , cs_id , cm_name,cm_type ,cm_order , cm_state , cm_min_price , cm_max_price) values(20764,3112,'2014款 两厢 1.4L 手动幸福型','2014款',1,1,58900,58900);
insert into t_car_model(cm_id , cs_id , cm_name,cm_type ,cm_order , cm_state , cm_min_price , cm_max_price) values(19195,3112,'2014款 两厢 1.4L 手动畅想型','2014款',2,1,60900,60900);
insert into t_car_model(cm_id , cs_id , cm_name,cm_type ,cm_order , cm_state , cm_min_price , cm_max_price) values(17476,3112,'2014款 两厢 1.4L 手动理想型','2014款',3,1,65900,65900);
insert into t_car_model(cm_id , cs_id , cm_name,cm_type ,cm_order , cm_state , cm_min_price , cm_max_price) values(20766,3112,'2014款 两厢 1.4L 手动梦想型','2014款',4,1,68900,68900);
insert into t_car_model(cm_id , cs_id , cm_name,cm_type ,cm_order , cm_state , cm_min_price , cm_max_price) values(17532,3112,'2014款 三厢 1.4L 手动幸福型','2014款',5,1,55900,55900);
insert into t_car_model(cm_id , cs_id , cm_name,cm_type ,cm_order , cm_state , cm_min_price , cm_max_price) values(17525,3112,'2014款 三厢 1.4L 手动畅想型','2014款',6,1,57900,57900);
insert into t_car_model(cm_id , cs_id , cm_name,cm_type ,cm_order , cm_state , cm_min_price , cm_max_price) values(20768,3112,'2014款 三厢 1.4L 手动理想型','2014款',7,1,62900,62900);
insert into t_car_model(cm_id , cs_id , cm_name,cm_type ,cm_order , cm_state , cm_min_price , cm_max_price) values(17475,3112,'2014款 三厢 1.4L 手动梦想型','2014款',8,1,65900,65900);
insert into t_car_model(cm_id , cs_id , cm_name,cm_type ,cm_order , cm_state , cm_min_price , cm_max_price) values(17523,3112,'2014款 两厢 1.5L 自动畅想型','2014款',9,1,77900,77900);
insert into t_car_model(cm_id , cs_id , cm_name,cm_type ,cm_order , cm_state , cm_min_price , cm_max_price) values(17526,3112,'2014款 三厢 1.5L 自动畅想型','2014款',10,1,77900,77900);
insert into t_car_model(cm_id , cs_id , cm_name,cm_type ,cm_order , cm_state , cm_min_price , cm_max_price) values(17524,3112,'2014款 两厢 1.5L 自动理想型','2014款',11,1,80900,80900);
insert into t_car_model(cm_id , cs_id , cm_name,cm_type ,cm_order , cm_state , cm_min_price , cm_max_price) values(17527,3112,'2014款 三厢 1.5L 自动理想型','2014款',12,1,80900,80900);
insert into t_car_model(cm_id , cs_id , cm_name,cm_type ,cm_order , cm_state , cm_min_price , cm_max_price) values(17477,3112,'2014款 两厢 1.5L 自动梦想型','2014款',13,1,83900,83900);
insert into t_car_model(cm_id , cs_id , cm_name,cm_type ,cm_order , cm_state , cm_min_price , cm_max_price) values(15827,3112,'2014款 三厢 1.5L 自动梦想型','2014款',14,1,83900,83900);
insert into t_car_series(cs_id,cbf_id,cs_name,cs_order,cs_letter) values(2534,31,'浪迪',3185,'L');
insert into t_car_model(cm_id , cs_id , cm_name,cm_type ,cm_order , cm_state , cm_min_price , cm_max_price) values(1000505,2534,'2010款 1.2L手动标准型 阳光版','2010款',1,1,49800,49800);
insert into t_car_model(cm_id , cs_id , cm_name,cm_type ,cm_order , cm_state , cm_min_price , cm_max_price) values(1000506,2534,'2010款 1.2L手动舒适型 阳光版','2010款',2,1,52000,52000);
insert into t_car_model(cm_id , cs_id , cm_name,cm_type ,cm_order , cm_state , cm_min_price , cm_max_price) values(1000507,2534,'2009款 1.4L手动标准型 阳光版','2009款',1,1,52500,52500);
insert into t_car_model(cm_id , cs_id , cm_name,cm_type ,cm_order , cm_state , cm_min_price , cm_max_price) values(1000508,2534,'2009款 1.4L手动舒适型 阳光版','2009款',2,1,53500,53500);
insert into t_car_model(cm_id , cs_id , cm_name,cm_type ,cm_order , cm_state , cm_min_price , cm_max_price) values(1000720,2534,'2007款 1.4L手动经济型','2007款',1,1,51400,51400);
insert into t_car_model(cm_id , cs_id , cm_name,cm_type ,cm_order , cm_state , cm_min_price , cm_max_price) values(1000719,2534,'2007款 1.4L手动标准1型','2007款',2,1,55400,55400);
insert into t_car_model(cm_id , cs_id , cm_name,cm_type ,cm_order , cm_state , cm_min_price , cm_max_price) values(1000718,2534,'2007款 1.4L手动标准2型','2007款',3,1,57900,57900);
insert into t_car_model(cm_id , cs_id , cm_name,cm_type ,cm_order , cm_state , cm_min_price , cm_max_price) values(1000721,2534,'2007款 1.4L手动豪华型','2007款',4,1,61600,61600);
insert into t_car_model(cm_id , cs_id , cm_name,cm_type ,cm_order , cm_state , cm_min_price , cm_max_price) values(1000717,2534,'2007款 1.4L手动超豪华','2007款',5,1,66600,66600);
insert into t_car_model(cm_id , cs_id , cm_name,cm_type ,cm_order , cm_state , cm_min_price , cm_max_price) values(1000716,2534,'2007款 1.4L自动豪华型','2007款',6,1,71600,71600);
insert into t_car_model(cm_id , cs_id , cm_name,cm_type ,cm_order , cm_state , cm_min_price , cm_max_price) values(1000715,2534,'2007款 1.4L自动超豪华型','2007款',7,1,76600,76600);
insert into t_car_model(cm_id , cs_id , cm_name,cm_type ,cm_order , cm_state , cm_min_price , cm_max_price) values(1000714,2534,'2007款 1.4L四驱标准1型','2007款',8,1,63400,63400);
insert into t_car_model(cm_id , cs_id , cm_name,cm_type ,cm_order , cm_state , cm_min_price , cm_max_price) values(1000713,2534,'2007款 1.4L四驱标准2型','2007款',9,1,67100,67100);
insert into t_car_brand_factory(cbf_id , cb_id , cbf_name ,cbf_letter) values(35,53,'长安铃木','C');
insert into t_car_series(cs_id,cbf_id,cs_name,cs_order,cs_letter) values(872,35,'奥拓',3186,'A');
insert into t_car_model(cm_id , cs_id , cm_name,cm_type ,cm_order , cm_state , cm_min_price , cm_max_price) values(27558,872,'2016款 1.0L 手动豪华炫动版','2016款',1,1,52900,52900);
insert into t_car_model(cm_id , cs_id , cm_name,cm_type ,cm_order , cm_state , cm_min_price , cm_max_price) values(27566,872,'2016款 1.0L 自动豪华炫动版','2016款',2,1,61900,61900);
insert into t_car_model(cm_id , cs_id , cm_name,cm_type ,cm_order , cm_state , cm_min_price , cm_max_price) values(23229,872,'2015款 1.0L 手动限定型','2015款',1,1,52900,52900);
insert into t_car_model(cm_id , cs_id , cm_name,cm_type ,cm_order , cm_state , cm_min_price , cm_max_price) values(23230,872,'2015款 1.0L 自动限定型','2015款',2,1,61900,61900);
insert into t_car_model(cm_id , cs_id , cm_name,cm_type ,cm_order , cm_state , cm_min_price , cm_max_price) values(13685,872,'2013款 1.0L 手动豪华型','2013款',1,1,50900,50900);
insert into t_car_model(cm_id , cs_id , cm_name,cm_type ,cm_order , cm_state , cm_min_price , cm_max_price) values(15130,872,'2013款 1.0L 手动实用型','2013款',2,1,41800,41800);
insert into t_car_model(cm_id , cs_id , cm_name,cm_type ,cm_order , cm_state , cm_min_price , cm_max_price) values(15129,872,'2013款 1.0L 手动舒适型','2013款',3,1,45900,45900);
insert into t_car_model(cm_id , cs_id , cm_name,cm_type ,cm_order , cm_state , cm_min_price , cm_max_price) values(29621,872,'2013款 改款 1.0L 手动舒适型','2013款',4,1,45900,45900);
insert into t_car_model(cm_id , cs_id , cm_name,cm_type ,cm_order , cm_state , cm_min_price , cm_max_price) values(13687,872,'2013款 1.0L 手动豪华影音型','2013款',5,1,52300,52300);
insert into t_car_model(cm_id , cs_id , cm_name,cm_type ,cm_order , cm_state , cm_min_price , cm_max_price) values(13689,872,'2013款 1.0L 手动炫酷型','2013款',6,1,55300,55300);
insert into t_car_model(cm_id , cs_id , cm_name,cm_type ,cm_order , cm_state , cm_min_price , cm_max_price) values(13686,872,'2013款 1.0L 自动豪华型','2013款',7,1,59900,59900);
insert into t_car_model(cm_id , cs_id , cm_name,cm_type ,cm_order , cm_state , cm_min_price , cm_max_price) values(13688,872,'2013款 1.0L 自动豪华影音型','2013款',8,1,61300,61300);
insert into t_car_model(cm_id , cs_id , cm_name,cm_type ,cm_order , cm_state , cm_min_price , cm_max_price) values(13690,872,'2013款 1.0L 自动炫酷型','2013款',9,1,64300,64300);
insert into t_car_model(cm_id , cs_id , cm_name,cm_type ,cm_order , cm_state , cm_min_price , cm_max_price) values(16370,872,'2013款 1.0L 手动20周年限量版','2013款',10,1,52400,52400);
insert into t_car_model(cm_id , cs_id , cm_name,cm_type ,cm_order , cm_state , cm_min_price , cm_max_price) values(16371,872,'2013款 1.0L 自动20周年限量版','2013款',11,1,61400,61400);
insert into t_car_model(cm_id , cs_id , cm_name,cm_type ,cm_order , cm_state , cm_min_price , cm_max_price) values(13344,872,'2012款 1.0L 手动实用型','2012款',1,1,39900,39900);
insert into t_car_model(cm_id , cs_id , cm_name,cm_type ,cm_order , cm_state , cm_min_price , cm_max_price) values(8160,872,'2010款 1.0L 手动炫酷版','2010款',1,1,53900,53900);
insert into t_car_model(cm_id , cs_id , cm_name,cm_type ,cm_order , cm_state , cm_min_price , cm_max_price) values(8161,872,'2010款 1.0L 自动炫酷版','2010款',2,1,62900,62900);
insert into t_car_model(cm_id , cs_id , cm_name,cm_type ,cm_order , cm_state , cm_min_price , cm_max_price) values(5909,872,'2009款 1.0L 手动舒适型','2009款',1,1,44900,44900);
insert into t_car_model(cm_id , cs_id , cm_name,cm_type ,cm_order , cm_state , cm_min_price , cm_max_price) values(5908,872,'2009款 1.0L 手动豪华型','2009款',2,1,49900,49900);
insert into t_car_model(cm_id , cs_id , cm_name,cm_type ,cm_order , cm_state , cm_min_price , cm_max_price) values(5417,872,'2009款 1.0L 自动豪华型','2009款',3,1,58900,58900);
insert into t_car_model(cm_id , cs_id , cm_name,cm_type ,cm_order , cm_state , cm_min_price , cm_max_price) values(268,872,'2006款 0.8L 标准型','2006款',1,1,32800,32800);
insert into t_car_model(cm_id , cs_id , cm_name,cm_type ,cm_order , cm_state , cm_min_price , cm_max_price) values(264,872,'2006款 0.8L 大王子','2006款',2,1,35800,35800);
insert into t_car_model(cm_id , cs_id , cm_name,cm_type ,cm_order , cm_state , cm_min_price , cm_max_price) values(267,872,'2006款 0.8L 快乐王子','2006款',3,1,39800,39800);
insert into t_car_model(cm_id , cs_id , cm_name,cm_type ,cm_order , cm_state , cm_min_price , cm_max_price) values(6738,872,'2001款 0.8L 都市贝贝','2001款',1,1,33300,33300);
insert into t_car_series(cs_id,cbf_id,cs_name,cs_order,cs_letter) values(362,35,'雨燕',3187,'Y');
insert into t_car_model(cm_id , cs_id , cm_name,cm_type ,cm_order , cm_state , cm_min_price , cm_max_price) values(24145,362,'2016款 1.5L 手动时尚型','2016款',1,1,65800,65800);
insert into t_car_model(cm_id , cs_id , cm_name,cm_type ,cm_order , cm_state , cm_min_price , cm_max_price) values(27105,362,'2016款 1.5L 手动时尚型酷玩版','2016款',2,1,69800,69800);
insert into t_car_model(cm_id , cs_id , cm_name,cm_type ,cm_order , cm_state , cm_min_price , cm_max_price) values(27106,362,'2016款 1.5L 自动时尚型酷玩版','2016款',3,1,78800,78800);
insert into t_car_model(cm_id , cs_id , cm_name,cm_type ,cm_order , cm_state , cm_min_price , cm_max_price) values(23227,362,'2015款 1.5L 手动限定版','2015款',1,1,72800,72800);
insert into t_car_model(cm_id , cs_id , cm_name,cm_type ,cm_order , cm_state , cm_min_price , cm_max_price) values(23228,362,'2015款 1.5L 自动限定版','2015款',2,1,82800,82800);
insert into t_car_model(cm_id , cs_id , cm_name,cm_type ,cm_order , cm_state , cm_min_price , cm_max_price) values(21518,362,'2014款 1.3L 手动标准型','2014款',1,1,54800,54800);
insert into t_car_model(cm_id , cs_id , cm_name,cm_type ,cm_order , cm_state , cm_min_price , cm_max_price) values(21519,362,'2014款 1.5L 手动时尚型','2014款',2,1,69800,69800);
insert into t_car_model(cm_id , cs_id , cm_name,cm_type ,cm_order , cm_state , cm_min_price , cm_max_price) values(21520,362,'2014款 1.5L 自动时尚型','2014款',3,1,74800,74800);
insert into t_car_model(cm_id , cs_id , cm_name,cm_type ,cm_order , cm_state , cm_min_price , cm_max_price) values(15327,362,'2013款 1.3L 手动超值版','2013款',1,1,59800,59800);
insert into t_car_model(cm_id , cs_id , cm_name,cm_type ,cm_order , cm_state , cm_min_price , cm_max_price) values(15328,362,'2013款 1.5L 手动标准版','2013款',2,1,69800,69800);
insert into t_car_model(cm_id , cs_id , cm_name,cm_type ,cm_order , cm_state , cm_min_price , cm_max_price) values(15329,362,'2013款 1.5L 自动标准版','2013款',3,1,79800,79800);
insert into t_car_model(cm_id , cs_id , cm_name,cm_type ,cm_order , cm_state , cm_min_price , cm_max_price) values(15326,362,'2013款 1.5L 自动运动版','2013款',4,1,91800,91800);
insert into t_car_model(cm_id , cs_id , cm_name,cm_type ,cm_order , cm_state , cm_min_price , cm_max_price) values(15078,362,'2013款 1.5L 手动运动版','2013款',5,1,81800,81800);
insert into t_car_model(cm_id , cs_id , cm_name,cm_type ,cm_order , cm_state , cm_min_price , cm_max_price) values(16624,362,'2013款 1.5L 手动20周年限量版','2013款',6,1,72800,72800);
insert into t_car_model(cm_id , cs_id , cm_name,cm_type ,cm_order , cm_state , cm_min_price , cm_max_price) values(16625,362,'2013款 1.5L 自动20周年限量版','2013款',7,1,82800,82800);
insert into t_car_model(cm_id , cs_id , cm_name,cm_type ,cm_order , cm_state , cm_min_price , cm_max_price) values(11556,362,'2012款 1.3L 手动超值版','2012款',1,1,60800,60800);
insert into t_car_model(cm_id , cs_id , cm_name,cm_type ,cm_order , cm_state , cm_min_price , cm_max_price) values(8814,362,'2011款 1.3L 手动超值版','2011款',1,1,59800,59800);
insert into t_car_model(cm_id , cs_id , cm_name,cm_type ,cm_order , cm_state , cm_min_price , cm_max_price) values(8815,362,'2011款 1.3L 手动时尚型','2011款',2,1,74800,74800);
insert into t_car_model(cm_id , cs_id , cm_name,cm_type ,cm_order , cm_state , cm_min_price , cm_max_price) values(8816,362,'2011款 1.3L 自动时尚型','2011款',3,1,84800,84800);
insert into t_car_model(cm_id , cs_id , cm_name,cm_type ,cm_order , cm_state , cm_min_price , cm_max_price) values(9827,362,'2011款 1.5L 手动时尚版','2011款',4,1,69800,69800);
insert into t_car_model(cm_id , cs_id , cm_name,cm_type ,cm_order , cm_state , cm_min_price , cm_max_price) values(9828,362,'2011款 1.5L 自动时尚版','2011款',5,1,79800,79800);
insert into t_car_model(cm_id , cs_id , cm_name,cm_type ,cm_order , cm_state , cm_min_price , cm_max_price) values(8813,362,'2011款 1.5L 手动运动版','2011款',6,1,81800,81800);
insert into t_car_model(cm_id , cs_id , cm_name,cm_type ,cm_order , cm_state , cm_min_price , cm_max_price) values(8783,362,'2011款 1.5L 自动运动版','2011款',7,1,91800,91800);
insert into t_car_model(cm_id , cs_id , cm_name,cm_type ,cm_order , cm_state , cm_min_price , cm_max_price) values(10813,362,'2011款 1.5L 手动运动影音版','2011款',8,1,81800,81800);
insert into t_car_model(cm_id , cs_id , cm_name,cm_type ,cm_order , cm_state , cm_min_price , cm_max_price) values(10814,362,'2011款 1.5L 自动运动影音版','2011款',9,1,91800,91800);
insert into t_car_model(cm_id , cs_id , cm_name,cm_type ,cm_order , cm_state , cm_min_price , cm_max_price) values(7941,362,'2010款 1.5L 手动冠军限量版','2010款',1,1,83800,83800);
insert into t_car_model(cm_id , cs_id , cm_name,cm_type ,cm_order , cm_state , cm_min_price , cm_max_price) values(6689,362,'2010款 1.5L 自动冠军限量版','2010款',2,1,93800,93800);
insert into t_car_model(cm_id , cs_id , cm_name,cm_type ,cm_order , cm_state , cm_min_price , cm_max_price) values(5536,362,'2009款 1.3L 手动超值版','2009款',1,1,59800,59800);
insert into t_car_model(cm_id , cs_id , cm_name,cm_type ,cm_order , cm_state , cm_min_price , cm_max_price) values(5904,362,'2009款 1.3L 自动超值版','2009款',2,1,70800,70800);
insert into t_car_model(cm_id , cs_id , cm_name,cm_type ,cm_order , cm_state , cm_min_price , cm_max_price) values(5208,362,'2009款 1.5L 手动墨客版','2009款',3,1,82800,82800);
insert into t_car_model(cm_id , cs_id , cm_name,cm_type ,cm_order , cm_state , cm_min_price , cm_max_price) values(5150,362,'2009款 1.5L 自动墨客版','2009款',4,1,92800,92800);
insert into t_car_model(cm_id , cs_id , cm_name,cm_type ,cm_order , cm_state , cm_min_price , cm_max_price) values(5149,362,'2009款 1.5L 自动爱丽丝','2009款',5,1,92800,92800);
insert into t_car_model(cm_id , cs_id , cm_name,cm_type ,cm_order , cm_state , cm_min_price , cm_max_price) values(7950,362,'2009款 1.5L 手动双色炫锐版','2009款',6,1,81800,81800);
insert into t_car_model(cm_id , cs_id , cm_name,cm_type ,cm_order , cm_state , cm_min_price , cm_max_price) values(7948,362,'2009款 1.5L 自动双色炫锐版','2009款',7,1,91800,91800);
insert into t_car_model(cm_id , cs_id , cm_name,cm_type ,cm_order , cm_state , cm_min_price , cm_max_price) values(7951,362,'2009款 1.5L 自动双色炫酷版','2009款',8,1,98800,98800);
insert into t_car_model(cm_id , cs_id , cm_name,cm_type ,cm_order , cm_state , cm_min_price , cm_max_price) values(3750,362,'2008款 1.3L 自动粉燕儿','2008款',1,1,86000,86000);
insert into t_car_model(cm_id , cs_id , cm_name,cm_type ,cm_order , cm_state , cm_min_price , cm_max_price) values(4120,362,'2008款 晴蓝 1.3L 手动炫乐版','2008款',2,1,75800,75800);
insert into t_car_model(cm_id , cs_id , cm_name,cm_type ,cm_order , cm_state , cm_min_price , cm_max_price) values(4119,362,'2008款 晴蓝 1.3L 自动炫乐版','2008款',3,1,85800,85800);
insert into t_car_model(cm_id , cs_id , cm_name,cm_type ,cm_order , cm_state , cm_min_price , cm_max_price) values(4790,362,'2008款 冬恋 1.3L 手动炫彩版','2008款',4,1,70800,70800);
insert into t_car_model(cm_id , cs_id , cm_name,cm_type ,cm_order , cm_state , cm_min_price , cm_max_price) values(4791,362,'2008款 冬恋 1.3L 手动炫乐版','2008款',5,1,75800,75800);
insert into t_car_model(cm_id , cs_id , cm_name,cm_type ,cm_order , cm_state , cm_min_price , cm_max_price) values(4792,362,'2008款 冬恋 1.3L 自动炫乐版','2008款',6,1,85800,85800);
insert into t_car_model(cm_id , cs_id , cm_name,cm_type ,cm_order , cm_state , cm_min_price , cm_max_price) values(4372,362,'2008款 劲乐 1.5L 手动炫锐版','2008款',7,1,82800,82800);
insert into t_car_model(cm_id , cs_id , cm_name,cm_type ,cm_order , cm_state , cm_min_price , cm_max_price) values(4374,362,'2008款 劲乐 1.5L 自动炫锐版','2008款',8,1,92800,92800);
insert into t_car_model(cm_id , cs_id , cm_name,cm_type ,cm_order , cm_state , cm_min_price , cm_max_price) values(4383,362,'2008款 劲乐 1.5L 自动炫酷版','2008款',9,1,99800,99800);
insert into t_car_model(cm_id , cs_id , cm_name,cm_type ,cm_order , cm_state , cm_min_price , cm_max_price) values(4710,362,'2008款 冬恋 1.5L 手动炫锐版','2008款',10,1,92800,92800);
insert into t_car_model(cm_id , cs_id , cm_name,cm_type ,cm_order , cm_state , cm_min_price , cm_max_price) values(4709,362,'2008款 冬恋 1.5L 自动炫锐版','2008款',11,1,82800,82800);
insert into t_car_model(cm_id , cs_id , cm_name,cm_type ,cm_order , cm_state , cm_min_price , cm_max_price) values(4789,362,'2008款 冬恋 1.5L 自动炫酷版','2008款',12,1,99800,99800);
insert into t_car_model(cm_id , cs_id , cm_name,cm_type ,cm_order , cm_state , cm_min_price , cm_max_price) values(4055,362,'2008款 1.5L 手动超炫炫锐款','2008款',13,1,81800,81800);
insert into t_car_model(cm_id , cs_id , cm_name,cm_type ,cm_order , cm_state , cm_min_price , cm_max_price) values(4056,362,'2008款 1.5L 自动超炫炫锐款','2008款',14,1,91800,91800);
insert into t_car_model(cm_id , cs_id , cm_name,cm_type ,cm_order , cm_state , cm_min_price , cm_max_price) values(4060,362,'2008款 1.5L 自动超炫炫酷款','2008款',15,1,98800,98800);
insert into t_car_model(cm_id , cs_id , cm_name,cm_type ,cm_order , cm_state , cm_min_price , cm_max_price) values(3553,362,'2007款 1.3L 手动炫彩版','2007款',1,1,69800,69800);
insert into t_car_model(cm_id , cs_id , cm_name,cm_type ,cm_order , cm_state , cm_min_price , cm_max_price) values(3554,362,'2007款 1.3L 手动炫乐版','2007款',2,1,74800,74800);
insert into t_car_model(cm_id , cs_id , cm_name,cm_type ,cm_order , cm_state , cm_min_price , cm_max_price) values(3555,362,'2007款 1.3L 自动炫乐版','2007款',3,1,84800,84800);
insert into t_car_model(cm_id , cs_id , cm_name,cm_type ,cm_order , cm_state , cm_min_price , cm_max_price) values(3541,362,'2007款 1.5L 手动炫锐版','2007款',4,1,81800,81800);
insert into t_car_model(cm_id , cs_id , cm_name,cm_type ,cm_order , cm_state , cm_min_price , cm_max_price) values(3542,362,'2007款 1.5L 自动炫锐版','2007款',5,1,91800,91800);
insert into t_car_model(cm_id , cs_id , cm_name,cm_type ,cm_order , cm_state , cm_min_price , cm_max_price) values(3543,362,'2007款 1.5L 自动炫酷版','2007款',6,1,98800,98800);
insert into t_car_model(cm_id , cs_id , cm_name,cm_type ,cm_order , cm_state , cm_min_price , cm_max_price) values(1623,362,'2005款 1.3L 手动舒适型','2005款',1,1,69800,69800);
insert into t_car_model(cm_id , cs_id , cm_name,cm_type ,cm_order , cm_state , cm_min_price , cm_max_price) values(1620,362,'2005款 1.3L 手动豪华型','2005款',2,1,78800,78800);
insert into t_car_model(cm_id , cs_id , cm_name,cm_type ,cm_order , cm_state , cm_min_price , cm_max_price) values(1621,362,'2005款 1.3L 手动超豪华型','2005款',3,1,84800,84800);
insert into t_car_model(cm_id , cs_id , cm_name,cm_type ,cm_order , cm_state , cm_min_price , cm_max_price) values(1910,362,'2005款 1.3L 自动豪华型','2005款',4,1,88800,88800);
insert into t_car_model(cm_id , cs_id , cm_name,cm_type ,cm_order , cm_state , cm_min_price , cm_max_price) values(1911,362,'2005款 1.3L 自动超豪华型','2005款',5,1,94800,94800);
insert into t_car_model(cm_id , cs_id , cm_name,cm_type ,cm_order , cm_state , cm_min_price , cm_max_price) values(1385,362,'2005款 1.3L','2005款',6,1,79800,79800);
insert into t_car_series(cs_id,cbf_id,cs_name,cs_order,cs_letter) values(94,35,'羚羊',3188,'L');
insert into t_car_model(cm_id , cs_id , cm_name,cm_type ,cm_order , cm_state , cm_min_price , cm_max_price) values(16626,94,'2013款 1.3L 20周年限量版','2013款',1,1,47800,47800);
insert into t_car_model(cm_id , cs_id , cm_name,cm_type ,cm_order , cm_state , cm_min_price , cm_max_price) values(11600,94,'2012款 1.3L 基本型','2012款',1,1,41800,41800);
insert into t_car_model(cm_id , cs_id , cm_name,cm_type ,cm_order , cm_state , cm_min_price , cm_max_price) values(11601,94,'2012款 1.3L 标准型','2012款',2,1,46800,46800);
insert into t_car_model(cm_id , cs_id , cm_name,cm_type ,cm_order , cm_state , cm_min_price , cm_max_price) values(14630,94,'2012款 1.3L 致富版','2012款',3,1,47800,47800);
insert into t_car_model(cm_id , cs_id , cm_name,cm_type ,cm_order , cm_state , cm_min_price , cm_max_price) values(11602,94,'2012款 1.3L 舒适型','2012款',4,1,52800,52800);
insert into t_car_model(cm_id , cs_id , cm_name,cm_type ,cm_order , cm_state , cm_min_price , cm_max_price) values(9669,94,'2011款 1.3L 基本型','2011款',1,1,41800,41800);
insert into t_car_model(cm_id , cs_id , cm_name,cm_type ,cm_order , cm_state , cm_min_price , cm_max_price) values(8784,94,'2011款 1.3L 标准型','2011款',2,1,45800,45800);
insert into t_car_model(cm_id , cs_id , cm_name,cm_type ,cm_order , cm_state , cm_min_price , cm_max_price) values(8774,94,'2011款 1.3L 舒适型','2011款',3,1,51800,51800);
insert into t_car_model(cm_id , cs_id , cm_name,cm_type ,cm_order , cm_state , cm_min_price , cm_max_price) values(5600,94,'2009款 1.3L 白金版','2009款',1,1,46800,46800);
insert into t_car_model(cm_id , cs_id , cm_name,cm_type ,cm_order , cm_state , cm_min_price , cm_max_price) values(3318,94,'2007款 1.3L 标准型','2007款',1,1,45800,45800);
insert into t_car_model(cm_id , cs_id , cm_name,cm_type ,cm_order , cm_state , cm_min_price , cm_max_price) values(3319,94,'2007款 1.3L 舒适型','2007款',2,1,52800,52800);
insert into t_car_model(cm_id , cs_id , cm_name,cm_type ,cm_order , cm_state , cm_min_price , cm_max_price) values(332,94,'2004款 1.3L OK标准型','2004款',1,1,49800,49800);
insert into t_car_model(cm_id , cs_id , cm_name,cm_type ,cm_order , cm_state , cm_min_price , cm_max_price) values(422,94,'2004款 1.3L OK实用型','2004款',2,1,58800,58800);
insert into t_car_model(cm_id , cs_id , cm_name,cm_type ,cm_order , cm_state , cm_min_price , cm_max_price) values(431,94,'2004款 1.3L OK舒适型','2004款',3,1,58800,58800);
insert into t_car_model(cm_id , cs_id , cm_name,cm_type ,cm_order , cm_state , cm_min_price , cm_max_price) values(2243,94,'2004款 1.3L OK超值版','2004款',4,1,59800,59800);
insert into t_car_model(cm_id , cs_id , cm_name,cm_type ,cm_order , cm_state , cm_min_price , cm_max_price) values(959,94,'2004款 1.3L OK豪华型','2004款',5,1,64800,64800);
insert into t_car_model(cm_id , cs_id , cm_name,cm_type ,cm_order , cm_state , cm_min_price , cm_max_price) values(957,94,'2004款 1.3L 手动OK天窗型','2004款',6,1,68800,68800);
insert into t_car_model(cm_id , cs_id , cm_name,cm_type ,cm_order , cm_state , cm_min_price , cm_max_price) values(612,94,'2004款 1.3L 自动OK天窗型','2004款',7,1,77800,77800);
insert into t_car_series(cs_id,cbf_id,cs_name,cs_order,cs_letter) values(3528,35,'启悦',3190,'Q');
insert into t_car_model(cm_id , cs_id , cm_name,cm_type ,cm_order , cm_state , cm_min_price , cm_max_price) values(31544,3528,'2018款 1.6L 自动Pro版尊享型','2018款',1,1,109900,109900);
insert into t_car_model(cm_id , cs_id , cm_name,cm_type ,cm_order , cm_state , cm_min_price , cm_max_price) values(32177,3528,'2018款 1.6L 自动Pro版乐享型','2018款',2,1,105900,105900);
insert into t_car_model(cm_id , cs_id , cm_name,cm_type ,cm_order , cm_state , cm_min_price , cm_max_price) values(32178,3528,'2018款 1.6L 手动Pro版乐享型','2018款',3,1,93900,93900);
insert into t_car_model(cm_id , cs_id , cm_name,cm_type ,cm_order , cm_state , cm_min_price , cm_max_price) values(21069,3528,'2015款 1.6L 手动舒享型','2015款',1,1,78900,78900);
insert into t_car_model(cm_id , cs_id , cm_name,cm_type ,cm_order , cm_state , cm_min_price , cm_max_price) values(21070,3528,'2015款 1.6L 自动舒享型','2015款',2,1,91900,91900);
insert into t_car_model(cm_id , cs_id , cm_name,cm_type ,cm_order , cm_state , cm_min_price , cm_max_price) values(21071,3528,'2015款 1.6L 手动乐享型','2015款',3,1,90900,90900);
insert into t_car_model(cm_id , cs_id , cm_name,cm_type ,cm_order , cm_state , cm_min_price , cm_max_price) values(20918,3528,'2015款 1.6L 自动乐享型','2015款',4,1,102900,102900);
insert into t_car_model(cm_id , cs_id , cm_name,cm_type ,cm_order , cm_state , cm_min_price , cm_max_price) values(19387,3528,'2015款 1.6L 自动尊享型','2015款',5,1,113900,113900);
insert into t_car_series(cs_id,cbf_id,cs_name,cs_order,cs_letter) values(529,35,'天语 SX4',3191,'T');
insert into t_car_model(cm_id , cs_id , cm_name,cm_type ,cm_order , cm_state , cm_min_price , cm_max_price) values(27100,529,'2016款 1.6L 手动经典版','2016款',1,1,79800,79800);
insert into t_car_model(cm_id , cs_id , cm_name,cm_type ,cm_order , cm_state , cm_min_price , cm_max_price) values(27101,529,'2016款 1.6L 自动经典版','2016款',2,1,89800,89800);
insert into t_car_model(cm_id , cs_id , cm_name,cm_type ,cm_order , cm_state , cm_min_price , cm_max_price) values(16261,529,'2013款 酷锐 1.6L 手动舒适型','2013款',1,1,85800,85800);
insert into t_car_model(cm_id , cs_id , cm_name,cm_type ,cm_order , cm_state , cm_min_price , cm_max_price) values(16262,529,'2013款 酷锐 1.6L 自动舒适型','2013款',2,1,95800,95800);
insert into t_car_model(cm_id , cs_id , cm_name,cm_type ,cm_order , cm_state , cm_min_price , cm_max_price) values(16264,529,'2013款 酷锐 1.6L 手动运动型','2013款',3,1,108800,108800);
insert into t_car_model(cm_id , cs_id , cm_name,cm_type ,cm_order , cm_state , cm_min_price , cm_max_price) values(16265,529,'2013款 酷锐 1.6L 自动运动型','2013款',4,1,118800,118800);
insert into t_car_model(cm_id , cs_id , cm_name,cm_type ,cm_order , cm_state , cm_min_price , cm_max_price) values(16622,529,'2013款 酷锐 1.6L 手动20周年3G智能版','2013款',5,1,111800,111800);
insert into t_car_model(cm_id , cs_id , cm_name,cm_type ,cm_order , cm_state , cm_min_price , cm_max_price) values(16623,529,'2013款 酷锐 1.6L 自动20周年3G智能版','2013款',6,1,121800,121800);
insert into t_car_model(cm_id , cs_id , cm_name,cm_type ,cm_order , cm_state , cm_min_price , cm_max_price) values(15804,529,'2013款 1.6L 手动酷锐型','2013款',7,1,79800,79800);
insert into t_car_model(cm_id , cs_id , cm_name,cm_type ,cm_order , cm_state , cm_min_price , cm_max_price) values(16263,529,'2013款 1.6L 自动酷锐型','2013款',8,1,89800,89800);
insert into t_car_model(cm_id , cs_id , cm_name,cm_type ,cm_order , cm_state , cm_min_price , cm_max_price) values(11606,529,'2012款 1.6L 手动锐骑型','2012款',1,1,89800,89800);
insert into t_car_model(cm_id , cs_id , cm_name,cm_type ,cm_order , cm_state , cm_min_price , cm_max_price) values(11607,529,'2012款 1.6L 自动锐骑型','2012款',2,1,99800,99800);
insert into t_car_model(cm_id , cs_id , cm_name,cm_type ,cm_order , cm_state , cm_min_price , cm_max_price) values(11605,529,'2012款 锐骑 1.8L 手动运动型','2012款',3,1,124800,124800);
insert into t_car_model(cm_id , cs_id , cm_name,cm_type ,cm_order , cm_state , cm_min_price , cm_max_price) values(11413,529,'2012款 锐骑 1.8L 自动运动型','2012款',4,1,134800,134800);
insert into t_car_model(cm_id , cs_id , cm_name,cm_type ,cm_order , cm_state , cm_min_price , cm_max_price) values(9452,529,'2011款 两厢 1.6L 手动舒适型','2011款',1,1,85800,85800);
insert into t_car_model(cm_id , cs_id , cm_name,cm_type ,cm_order , cm_state , cm_min_price , cm_max_price) values(9453,529,'2011款 两厢 1.6L 自动舒适型','2011款',2,1,97300,97300);
insert into t_car_model(cm_id , cs_id , cm_name,cm_type ,cm_order , cm_state , cm_min_price , cm_max_price) values(8849,529,'2011款 两厢 1.6L 手动灵动型','2011款',3,1,98800,98800);
insert into t_car_model(cm_id , cs_id , cm_name,cm_type ,cm_order , cm_state , cm_min_price , cm_max_price) values(8850,529,'2011款 两厢 1.6L 自动灵动型','2011款',4,1,108800,108800);
insert into t_car_model(cm_id , cs_id , cm_name,cm_type ,cm_order , cm_state , cm_min_price , cm_max_price) values(8851,529,'2011款 两厢 1.6L 手动运动型','2011款',5,1,108800,108800);
insert into t_car_model(cm_id , cs_id , cm_name,cm_type ,cm_order , cm_state , cm_min_price , cm_max_price) values(8852,529,'2011款 两厢 1.6L 自动运动型','2011款',6,1,118800,118800);
insert into t_car_model(cm_id , cs_id , cm_name,cm_type ,cm_order , cm_state , cm_min_price , cm_max_price) values(9860,529,'2011款 改款 1.6L 手动舒适型','2011款',7,1,85800,85800);
insert into t_car_model(cm_id , cs_id , cm_name,cm_type ,cm_order , cm_state , cm_min_price , cm_max_price) values(9861,529,'2011款 改款 1.6L 自动舒适型','2011款',8,1,95800,95800);
insert into t_car_model(cm_id , cs_id , cm_name,cm_type ,cm_order , cm_state , cm_min_price , cm_max_price) values(9862,529,'2011款 改款 1.6L 手动灵动型','2011款',9,1,98800,98800);
insert into t_car_model(cm_id , cs_id , cm_name,cm_type ,cm_order , cm_state , cm_min_price , cm_max_price) values(9863,529,'2011款 改款 1.6L 自动灵动型','2011款',10,1,108800,108800);
insert into t_car_model(cm_id , cs_id , cm_name,cm_type ,cm_order , cm_state , cm_min_price , cm_max_price) values(9864,529,'2011款 改款 1.6L 手动运动型','2011款',11,1,108800,108800);
insert into t_car_model(cm_id , cs_id , cm_name,cm_type ,cm_order , cm_state , cm_min_price , cm_max_price) values(9859,529,'2011款 改款 1.6L 自动运动型','2011款',12,1,118800,118800);
insert into t_car_model(cm_id , cs_id , cm_name,cm_type ,cm_order , cm_state , cm_min_price , cm_max_price) values(9866,529,'2011款 改款 1.8L 手动运动型','2011款',13,1,123800,123800);
insert into t_car_model(cm_id , cs_id , cm_name,cm_type ,cm_order , cm_state , cm_min_price , cm_max_price) values(9867,529,'2011款 改款 1.8L 自动运动型','2011款',14,1,133800,133800);
insert into t_car_model(cm_id , cs_id , cm_name,cm_type ,cm_order , cm_state , cm_min_price , cm_max_price) values(5061,529,'2010款 三厢 1.6L 手动超值型','2010款',1,1,79800,79800);
insert into t_car_model(cm_id , cs_id , cm_name,cm_type ,cm_order , cm_state , cm_min_price , cm_max_price) values(5509,529,'2010款 三厢 1.6L 自动超值型','2010款',2,1,89800,89800);
insert into t_car_model(cm_id , cs_id , cm_name,cm_type ,cm_order , cm_state , cm_min_price , cm_max_price) values(7940,529,'2010款 两厢 1.6L 手动冠军限量版','2010款',3,1,110800,110800);
insert into t_car_model(cm_id , cs_id , cm_name,cm_type ,cm_order , cm_state , cm_min_price , cm_max_price) values(5066,529,'2010款 两厢 1.6L 自动冠军限量版','2010款',4,1,120800,120800);
insert into t_car_model(cm_id , cs_id , cm_name,cm_type ,cm_order , cm_state , cm_min_price , cm_max_price) values(5065,529,'2009款 两厢 1.6L 手动时尚型','2009款',1,1,98800,98800);
insert into t_car_model(cm_id , cs_id , cm_name,cm_type ,cm_order , cm_state , cm_min_price , cm_max_price) values(5067,529,'2009款 两厢 1.6L 手动运动型','2009款',2,1,108800,108800);
insert into t_car_model(cm_id , cs_id , cm_name,cm_type ,cm_order , cm_state , cm_min_price , cm_max_price) values(5068,529,'2009款 两厢 1.6L 自动运动型','2009款',3,1,118800,118800);
insert into t_car_model(cm_id , cs_id , cm_name,cm_type ,cm_order , cm_state , cm_min_price , cm_max_price) values(5069,529,'2009款 两厢 1.8L 手动运动型','2009款',4,1,123800,123800);
insert into t_car_model(cm_id , cs_id , cm_name,cm_type ,cm_order , cm_state , cm_min_price , cm_max_price) values(5070,529,'2009款 两厢 1.8L 自动运动型','2009款',5,1,133800,133800);
insert into t_car_model(cm_id , cs_id , cm_name,cm_type ,cm_order , cm_state , cm_min_price , cm_max_price) values(5059,529,'2009款 三厢 1.6L 手动精英型','2009款',6,1,98800,98800);
insert into t_car_model(cm_id , cs_id , cm_name,cm_type ,cm_order , cm_state , cm_min_price , cm_max_price) values(5060,529,'2009款 三厢 1.6L 自动精英型','2009款',7,1,108800,108800);
insert into t_car_model(cm_id , cs_id , cm_name,cm_type ,cm_order , cm_state , cm_min_price , cm_max_price) values(5062,529,'2009款 三厢 1.6L 自动豪华型','2009款',8,1,118800,118800);
insert into t_car_model(cm_id , cs_id , cm_name,cm_type ,cm_order , cm_state , cm_min_price , cm_max_price) values(5063,529,'2009款 三厢 1.8L 手动豪华型','2009款',9,1,123800,123800);
insert into t_car_model(cm_id , cs_id , cm_name,cm_type ,cm_order , cm_state , cm_min_price , cm_max_price) values(5064,529,'2009款 三厢 1.8L 自动豪华型','2009款',10,1,133800,133800);
insert into t_car_model(cm_id , cs_id , cm_name,cm_type ,cm_order , cm_state , cm_min_price , cm_max_price) values(3836,529,'2008款 三厢 1.6L 手动精英型','2008款',1,1,98800,98800);
insert into t_car_model(cm_id , cs_id , cm_name,cm_type ,cm_order , cm_state , cm_min_price , cm_max_price) values(3842,529,'2008款 两厢 1.6L 手动都市时尚型','2008款',2,1,108800,108800);
insert into t_car_model(cm_id , cs_id , cm_name,cm_type ,cm_order , cm_state , cm_min_price , cm_max_price) values(3843,529,'2008款 两厢 1.6L 自动都市时尚型','2008款',3,1,118800,118800);
insert into t_car_model(cm_id , cs_id , cm_name,cm_type ,cm_order , cm_state , cm_min_price , cm_max_price) values(4061,529,'2008款 两厢 1.6L 手动运动休旅型','2008款',4,1,108800,108800);
insert into t_car_model(cm_id , cs_id , cm_name,cm_type ,cm_order , cm_state , cm_min_price , cm_max_price) values(4088,529,'2008款 两厢 1.6L 自动运动休旅型','2008款',5,1,118800,118800);
insert into t_car_model(cm_id , cs_id , cm_name,cm_type ,cm_order , cm_state , cm_min_price , cm_max_price) values(3837,529,'2008款 三厢 1.6L 自动精英型','2008款',6,1,108800,108800);
insert into t_car_model(cm_id , cs_id , cm_name,cm_type ,cm_order , cm_state , cm_min_price , cm_max_price) values(3838,529,'2008款 三厢 1.6L 手动豪华型','2008款',7,1,108800,108800);
insert into t_car_model(cm_id , cs_id , cm_name,cm_type ,cm_order , cm_state , cm_min_price , cm_max_price) values(3839,529,'2008款 三厢 1.6L 自动豪华型','2008款',8,1,118800,118800);
insert into t_car_model(cm_id , cs_id , cm_name,cm_type ,cm_order , cm_state , cm_min_price , cm_max_price) values(3840,529,'2008款 三厢 1.6L 手动豪华天窗版','2008款',9,1,108800,108800);
insert into t_car_model(cm_id , cs_id , cm_name,cm_type ,cm_order , cm_state , cm_min_price , cm_max_price) values(3841,529,'2008款 三厢 1.6L 自动豪华天窗版','2008款',10,1,118800,118800);
insert into t_car_model(cm_id , cs_id , cm_name,cm_type ,cm_order , cm_state , cm_min_price , cm_max_price) values(4377,529,'2008款 三厢 1.6L 手动悦享版','2008款',11,1,102800,102800);
insert into t_car_model(cm_id , cs_id , cm_name,cm_type ,cm_order , cm_state , cm_min_price , cm_max_price) values(4392,529,'2008款 三厢 1.6L 自动悦享版','2008款',12,1,112800,112800);
insert into t_car_model(cm_id , cs_id , cm_name,cm_type ,cm_order , cm_state , cm_min_price , cm_max_price) values(4089,529,'2008款 两厢 1.6L 手动sport','2008款',13,1,100900,100900);
insert into t_car_model(cm_id , cs_id , cm_name,cm_type ,cm_order , cm_state , cm_min_price , cm_max_price) values(4198,529,'2008款 两厢 1.6L 手动锐骑豪华型','2008款',14,1,111800,111800);
insert into t_car_model(cm_id , cs_id , cm_name,cm_type ,cm_order , cm_state , cm_min_price , cm_max_price) values(4199,529,'2008款 两厢 1.6L 自动锐骑豪华型','2008款',15,1,121800,121800);
insert into t_car_model(cm_id , cs_id , cm_name,cm_type ,cm_order , cm_state , cm_min_price , cm_max_price) values(2977,529,'2007款 两厢 1.6L 手动标准型','2007款',1,1,88800,88800);
insert into t_car_model(cm_id , cs_id , cm_name,cm_type ,cm_order , cm_state , cm_min_price , cm_max_price) values(2978,529,'2007款 两厢 1.6L 手动精英型','2007款',2,1,98800,98800);
insert into t_car_model(cm_id , cs_id , cm_name,cm_type ,cm_order , cm_state , cm_min_price , cm_max_price) values(2979,529,'2007款 两厢 1.6L 自动精英型','2007款',3,1,108800,108800);
insert into t_car_model(cm_id , cs_id , cm_name,cm_type ,cm_order , cm_state , cm_min_price , cm_max_price) values(2980,529,'2007款 两厢 1.6L 手动豪华型','2007款',4,1,108800,108800);
insert into t_car_model(cm_id , cs_id , cm_name,cm_type ,cm_order , cm_state , cm_min_price , cm_max_price) values(2981,529,'2007款 两厢 1.6L 自动豪华型','2007款',5,1,118800,118800);
insert into t_car_model(cm_id , cs_id , cm_name,cm_type ,cm_order , cm_state , cm_min_price , cm_max_price) values(3458,529,'2007款 两厢 1.6L 手动时尚天骄型','2007款',6,1,98800,98800);
insert into t_car_model(cm_id , cs_id , cm_name,cm_type ,cm_order , cm_state , cm_min_price , cm_max_price) values(3459,529,'2007款 两厢 1.6L 自动时尚天骄型','2007款',7,1,108800,108800);
insert into t_car_model(cm_id , cs_id , cm_name,cm_type ,cm_order , cm_state , cm_min_price , cm_max_price) values(2689,529,'2006款 三厢 1.6L 手动基本型','2006款',1,1,89800,89800);
insert into t_car_model(cm_id , cs_id , cm_name,cm_type ,cm_order , cm_state , cm_min_price , cm_max_price) values(2690,529,'2006款 三厢 1.6L 手动精英型','2006款',2,1,99800,99800);
insert into t_car_model(cm_id , cs_id , cm_name,cm_type ,cm_order , cm_state , cm_min_price , cm_max_price) values(2691,529,'2006款 三厢 1.6L 自动精英型','2006款',3,1,109800,109800);
insert into t_car_model(cm_id , cs_id , cm_name,cm_type ,cm_order , cm_state , cm_min_price , cm_max_price) values(2692,529,'2006款 三厢 1.6L 手动豪华型','2006款',4,1,109800,109800);
insert into t_car_model(cm_id , cs_id , cm_name,cm_type ,cm_order , cm_state , cm_min_price , cm_max_price) values(2672,529,'2006款 三厢 1.6L 自动豪华型','2006款',5,1,119800,119800);
insert into t_car_series(cs_id,cbf_id,cs_name,cs_order,cs_letter) values(2242,35,'天语 尚悦',3192,'T');
insert into t_car_model(cm_id , cs_id , cm_name,cm_type ,cm_order , cm_state , cm_min_price , cm_max_price) values(12963,2242,'2012款 1.6L 手动实用型','2012款',1,1,69800,69800);
insert into t_car_model(cm_id , cs_id , cm_name,cm_type ,cm_order , cm_state , cm_min_price , cm_max_price) values(12964,2242,'2012款 1.6L 自动实用型','2012款',2,1,79800,79800);
insert into t_car_model(cm_id , cs_id , cm_name,cm_type ,cm_order , cm_state , cm_min_price , cm_max_price) values(13365,2242,'2012款 1.6L 手动舒适型','2012款',3,1,81800,81800);
insert into t_car_model(cm_id , cs_id , cm_name,cm_type ,cm_order , cm_state , cm_min_price , cm_max_price) values(13366,2242,'2012款 1.6L 自动舒适型','2012款',4,1,91800,91800);
insert into t_car_model(cm_id , cs_id , cm_name,cm_type ,cm_order , cm_state , cm_min_price , cm_max_price) values(13363,2242,'2012款 1.6L 手动实用升级版','2012款',5,1,75800,75800);
insert into t_car_model(cm_id , cs_id , cm_name,cm_type ,cm_order , cm_state , cm_min_price , cm_max_price) values(13364,2242,'2012款 1.6L 自动实用升级版','2012款',6,1,85800,85800);
insert into t_car_model(cm_id , cs_id , cm_name,cm_type ,cm_order , cm_state , cm_min_price , cm_max_price) values(9149,2242,'2011款 1.6L 手动舒适型','2011款',1,1,79800,79800);
insert into t_car_model(cm_id , cs_id , cm_name,cm_type ,cm_order , cm_state , cm_min_price , cm_max_price) values(9150,2242,'2011款 1.6L 自动舒适型','2011款',2,1,89800,89800);
insert into t_car_model(cm_id , cs_id , cm_name,cm_type ,cm_order , cm_state , cm_min_price , cm_max_price) values(9151,2242,'2011款 1.6L 手动豪华型','2011款',3,1,99800,99800);
insert into t_car_model(cm_id , cs_id , cm_name,cm_type ,cm_order , cm_state , cm_min_price , cm_max_price) values(9152,2242,'2011款 1.6L 自动豪华型','2011款',4,1,109800,109800);
insert into t_car_model(cm_id , cs_id , cm_name,cm_type ,cm_order , cm_state , cm_min_price , cm_max_price) values(9153,2242,'2011款 1.8L 手动豪华型','2011款',5,1,113800,113800);
insert into t_car_model(cm_id , cs_id , cm_name,cm_type ,cm_order , cm_state , cm_min_price , cm_max_price) values(9154,2242,'2011款 1.8L 自动豪华型','2011款',6,1,123800,123800);
insert into t_car_series(cs_id,cbf_id,cs_name,cs_order,cs_letter) values(3185,35,'锋驭',3193,'F');
insert into t_car_model(cm_id , cs_id , cm_name,cm_type ,cm_order , cm_state , cm_min_price , cm_max_price) values(24004,3185,'2015款 1.6L 手动两驱进取型','2015款',1,1,109800,109800);
insert into t_car_model(cm_id , cs_id , cm_name,cm_type ,cm_order , cm_state , cm_min_price , cm_max_price) values(24005,3185,'2015款 1.6L CVT两驱进取型','2015款',2,1,119800,119800);
insert into t_car_model(cm_id , cs_id , cm_name,cm_type ,cm_order , cm_state , cm_min_price , cm_max_price) values(24006,3185,'2015款 1.6L 手动两驱精英型','2015款',3,1,124800,124800);
insert into t_car_model(cm_id , cs_id , cm_name,cm_type ,cm_order , cm_state , cm_min_price , cm_max_price) values(24007,3185,'2015款 1.6L CVT两驱精英型','2015款',4,1,134800,134800);
insert into t_car_model(cm_id , cs_id , cm_name,cm_type ,cm_order , cm_state , cm_min_price , cm_max_price) values(24087,3185,'2015款 1.6L CVT四驱精英型','2015款',5,1,154800,154800);
insert into t_car_model(cm_id , cs_id , cm_name,cm_type ,cm_order , cm_state , cm_min_price , cm_max_price) values(23036,3185,'2015款 1.4T 手动两驱尊贵型','2015款',6,1,136800,136800);
insert into t_car_model(cm_id , cs_id , cm_name,cm_type ,cm_order , cm_state , cm_min_price , cm_max_price) values(23455,3185,'2015款 1.4T 自动两驱尊贵型','2015款',7,1,144800,144800);
insert into t_car_model(cm_id , cs_id , cm_name,cm_type ,cm_order , cm_state , cm_min_price , cm_max_price) values(23548,3185,'2015款 1.4T 自动四驱尊贵型','2015款',8,1,164800,164800);
insert into t_car_model(cm_id , cs_id , cm_name,cm_type ,cm_order , cm_state , cm_min_price , cm_max_price) values(17333,3185,'2014款 1.6L 手动两驱进取型','2014款',1,1,109800,109800);
insert into t_car_model(cm_id , cs_id , cm_name,cm_type ,cm_order , cm_state , cm_min_price , cm_max_price) values(17334,3185,'2014款 1.6L CVT两驱进取型','2014款',2,1,119800,119800);
insert into t_car_model(cm_id , cs_id , cm_name,cm_type ,cm_order , cm_state , cm_min_price , cm_max_price) values(16692,3185,'2014款 1.6L 手动两驱精英型','2014款',3,1,124800,124800);
insert into t_car_model(cm_id , cs_id , cm_name,cm_type ,cm_order , cm_state , cm_min_price , cm_max_price) values(17335,3185,'2014款 1.6L CVT两驱精英型','2014款',4,1,134800,134800);
insert into t_car_model(cm_id , cs_id , cm_name,cm_type ,cm_order , cm_state , cm_min_price , cm_max_price) values(17336,3185,'2014款 1.6L CVT四驱尊贵型','2014款',5,1,154800,154800);
insert into t_car_series(cs_id,cbf_id,cs_name,cs_order,cs_letter) values(3858,35,'维特拉',3194,'W');
insert into t_car_model(cm_id , cs_id , cm_name,cm_type ,cm_order , cm_state , cm_min_price , cm_max_price) values(35569,3858,'2018款 1.4T 手动两驱星耀版','2018款',1,1,134800,134800);
insert into t_car_model(cm_id , cs_id , cm_name,cm_type ,cm_order , cm_state , cm_min_price , cm_max_price) values(35570,3858,'2018款 1.4T 自动两驱星耀版','2018款',2,1,142800,142800);
insert into t_car_model(cm_id , cs_id , cm_name,cm_type ,cm_order , cm_state , cm_min_price , cm_max_price) values(24144,3858,'2016款 1.6L 手动两驱进取型','2016款',1,1,99800,99800);
insert into t_car_model(cm_id , cs_id , cm_name,cm_type ,cm_order , cm_state , cm_min_price , cm_max_price) values(24143,3858,'2016款 1.4T 手动两驱精英型','2016款',2,1,118800,118800);
insert into t_car_model(cm_id , cs_id , cm_name,cm_type ,cm_order , cm_state , cm_min_price , cm_max_price) values(24141,3858,'2016款 1.4T 手动两驱豪华型','2016款',3,1,131800,131800);
insert into t_car_model(cm_id , cs_id , cm_name,cm_type ,cm_order , cm_state , cm_min_price , cm_max_price) values(24142,3858,'2016款 1.4T 自动两驱精英型','2016款',4,1,126800,126800);
insert into t_car_model(cm_id , cs_id , cm_name,cm_type ,cm_order , cm_state , cm_min_price , cm_max_price) values(24140,3858,'2016款 1.4T 自动两驱豪华型','2016款',5,1,139800,139800);
insert into t_car_model(cm_id , cs_id , cm_name,cm_type ,cm_order , cm_state , cm_min_price , cm_max_price) values(26684,3858,'2016款 1.4T 自动四驱精英型','2016款',6,1,143800,143800);
insert into t_car_model(cm_id , cs_id , cm_name,cm_type ,cm_order , cm_state , cm_min_price , cm_max_price) values(26680,3858,'2016款 1.4T 自动四驱领先型','2016款',7,1,149800,149800);
insert into t_car_model(cm_id , cs_id , cm_name,cm_type ,cm_order , cm_state , cm_min_price , cm_max_price) values(23070,3858,'2016款 1.4T 自动四驱旗舰型','2016款',8,1,159800,159800);
insert into t_car_series(cs_id,cbf_id,cs_name,cs_order,cs_letter) values(4435,35,'骁途',3195,'X');
insert into t_car_model(cm_id , cs_id , cm_name,cm_type ,cm_order , cm_state , cm_min_price , cm_max_price) values(30919,4435,'2017款 1.6L 手动两驱都市时尚型','2017款',1,1,99800,99800);
insert into t_car_model(cm_id , cs_id , cm_name,cm_type ,cm_order , cm_state , cm_min_price , cm_max_price) values(30920,4435,'2017款 1.6L CVT两驱都市时尚型','2017款',2,1,115800,115800);
insert into t_car_model(cm_id , cs_id , cm_name,cm_type ,cm_order , cm_state , cm_min_price , cm_max_price) values(30891,4435,'2017款 1.6L 手动两驱都市进取型','2017款',3,1,117800,117800);
insert into t_car_model(cm_id , cs_id , cm_name,cm_type ,cm_order , cm_state , cm_min_price , cm_max_price) values(30890,4435,'2017款 1.6L CVT两驱都市进取型','2017款',4,1,127800,127800);
insert into t_car_model(cm_id , cs_id , cm_name,cm_type ,cm_order , cm_state , cm_min_price , cm_max_price) values(30921,4435,'2017款 1.4T 手动两驱都市尊享型','2017款',5,1,131800,131800);
insert into t_car_model(cm_id , cs_id , cm_name,cm_type ,cm_order , cm_state , cm_min_price , cm_max_price) values(30922,4435,'2017款 1.4T 自动两驱都市尊享型','2017款',6,1,139800,139800);
insert into t_car_model(cm_id , cs_id , cm_name,cm_type ,cm_order , cm_state , cm_min_price , cm_max_price) values(30923,4435,'2017款 1.4T 自动四驱都市尊享型','2017款',7,1,159800,159800);
insert into t_car_brand_factory(cbf_id , cb_id , cbf_name ,cbf_letter) values(161,53,'铃木(进口)','L');
insert into t_car_series(cs_id,cbf_id,cs_name,cs_order,cs_letter) values(2176,161,'速翼特',3203,'S');
insert into t_car_model(cm_id , cs_id , cm_name,cm_type ,cm_order , cm_state , cm_min_price , cm_max_price) values(18068,2176,'2014款 1.6L 手动两驱豪华版','2014款',1,1,178800,178800);
insert into t_car_model(cm_id , cs_id , cm_name,cm_type ,cm_order , cm_state , cm_min_price , cm_max_price) values(18069,2176,'2014款 1.6L CVT两驱豪华版','2014款',2,1,188800,188800);
insert into t_car_series(cs_id,cbf_id,cs_name,cs_order,cs_letter) values(508,161,'吉姆尼(进口)',3211,'J');
insert into t_car_model(cm_id , cs_id , cm_name,cm_type ,cm_order , cm_state , cm_min_price , cm_max_price) values(21112,508,'2015款 1.3 MT JLX','2015款',1,1,141800,141800);
insert into t_car_model(cm_id , cs_id , cm_name,cm_type ,cm_order , cm_state , cm_min_price , cm_max_price) values(21114,508,'2015款 1.3 MT JLX导航版','2015款',2,1,144800,144800);
insert into t_car_model(cm_id , cs_id , cm_name,cm_type ,cm_order , cm_state , cm_min_price , cm_max_price) values(21115,508,'2015款 1.3 MT Mode3导航版','2015款',3,1,150800,150800);
insert into t_car_model(cm_id , cs_id , cm_name,cm_type ,cm_order , cm_state , cm_min_price , cm_max_price) values(20388,508,'2015款 1.3 AT JLX','2015款',4,1,151800,151800);
insert into t_car_model(cm_id , cs_id , cm_name,cm_type ,cm_order , cm_state , cm_min_price , cm_max_price) values(21116,508,'2015款 1.3 AT JLX导航版','2015款',5,1,154800,154800);
insert into t_car_model(cm_id , cs_id , cm_name,cm_type ,cm_order , cm_state , cm_min_price , cm_max_price) values(20387,508,'2015款 1.3 AT Mode3导航版','2015款',6,1,160800,160800);
insert into t_car_model(cm_id , cs_id , cm_name,cm_type ,cm_order , cm_state , cm_min_price , cm_max_price) values(13378,508,'2012款 1.3 MT JLX','2012款',1,1,141800,141800);
insert into t_car_model(cm_id , cs_id , cm_name,cm_type ,cm_order , cm_state , cm_min_price , cm_max_price) values(13381,508,'2012款 1.3 AT JLX','2012款',2,1,151800,151800);
insert into t_car_model(cm_id , cs_id , cm_name,cm_type ,cm_order , cm_state , cm_min_price , cm_max_price) values(13379,508,'2012款 1.3 MT JLX导航版','2012款',3,1,144800,144800);
insert into t_car_model(cm_id , cs_id , cm_name,cm_type ,cm_order , cm_state , cm_min_price , cm_max_price) values(13382,508,'2012款 1.3 AT JLX导航版','2012款',4,1,154800,154800);
insert into t_car_model(cm_id , cs_id , cm_name,cm_type ,cm_order , cm_state , cm_min_price , cm_max_price) values(13166,508,'2012款 1.3 MT Mode3','2012款',5,1,147800,147800);
insert into t_car_model(cm_id , cs_id , cm_name,cm_type ,cm_order , cm_state , cm_min_price , cm_max_price) values(13383,508,'2012款 1.3 AT Mode3','2012款',6,1,157800,157800);
insert into t_car_model(cm_id , cs_id , cm_name,cm_type ,cm_order , cm_state , cm_min_price , cm_max_price) values(13380,508,'2012款 1.3 MT Mode3导航版','2012款',7,1,150800,150800);
insert into t_car_model(cm_id , cs_id , cm_name,cm_type ,cm_order , cm_state , cm_min_price , cm_max_price) values(13384,508,'2012款 1.3 AT Mode3导航版','2012款',8,1,160800,160800);
insert into t_car_model(cm_id , cs_id , cm_name,cm_type ,cm_order , cm_state , cm_min_price , cm_max_price) values(9132,508,'2011款 1.3 MT','2011款',1,1,139000,139000);
insert into t_car_model(cm_id , cs_id , cm_name,cm_type ,cm_order , cm_state , cm_min_price , cm_max_price) values(8957,508,'2011款 1.3 MT导航版','2011款',2,1,142000,142000);
insert into t_car_model(cm_id , cs_id , cm_name,cm_type ,cm_order , cm_state , cm_min_price , cm_max_price) values(9133,508,'2011款 1.3 AT','2011款',3,1,149000,149000);
insert into t_car_model(cm_id , cs_id , cm_name,cm_type ,cm_order , cm_state , cm_min_price , cm_max_price) values(8959,508,'2011款 1.3 AT导航版','2011款',4,1,152000,152000);
insert into t_car_model(cm_id , cs_id , cm_name,cm_type ,cm_order , cm_state , cm_min_price , cm_max_price) values(9134,508,'2011款 1.3 MT双色版','2011款',5,1,145000,145000);
insert into t_car_model(cm_id , cs_id , cm_name,cm_type ,cm_order , cm_state , cm_min_price , cm_max_price) values(8958,508,'2011款 1.3 MT双色导航版','2011款',6,1,148000,148000);
insert into t_car_model(cm_id , cs_id , cm_name,cm_type ,cm_order , cm_state , cm_min_price , cm_max_price) values(9135,508,'2011款 1.3 AT双色版','2011款',7,1,155000,155000);
insert into t_car_model(cm_id , cs_id , cm_name,cm_type ,cm_order , cm_state , cm_min_price , cm_max_price) values(8960,508,'2011款 1.3 AT双色导航版','2011款',8,1,158000,158000);
insert into t_car_model(cm_id , cs_id , cm_name,cm_type ,cm_order , cm_state , cm_min_price , cm_max_price) values(7802,508,'2010款 1.3 MT时尚限量版','2010款',1,1,145000,145000);
insert into t_car_model(cm_id , cs_id , cm_name,cm_type ,cm_order , cm_state , cm_min_price , cm_max_price) values(7759,508,'2010款 1.3 AT时尚限量版','2010款',2,1,155000,155000);
insert into t_car_model(cm_id , cs_id , cm_name,cm_type ,cm_order , cm_state , cm_min_price , cm_max_price) values(5385,508,'2009款 1.3 MT 时尚型','2009款',1,1,145000,145000);
insert into t_car_model(cm_id , cs_id , cm_name,cm_type ,cm_order , cm_state , cm_min_price , cm_max_price) values(5386,508,'2009款 1.3 AT 时尚型','2009款',2,1,155000,155000);
insert into t_car_model(cm_id , cs_id , cm_name,cm_type ,cm_order , cm_state , cm_min_price , cm_max_price) values(2790,508,'2007款 1.3 MT','2007款',1,1,138800,138800);
insert into t_car_model(cm_id , cs_id , cm_name,cm_type ,cm_order , cm_state , cm_min_price , cm_max_price) values(2783,508,'2007款 1.3 AT','2007款',2,1,148800,148800);
insert into t_car_series(cs_id,cbf_id,cs_name,cs_order,cs_letter) values(3926,161,'英格尼斯',3212,'Y');
insert into t_car_model(cm_id , cs_id , cm_name,cm_type ,cm_order , cm_state , cm_min_price , cm_max_price) values(31192,3926,'2017款 1.2L CVT豪华版','2017款',1,1,129000,129000);
insert into t_car_series(cs_id,cbf_id,cs_name,cs_order,cs_letter) values(892,161,'凯泽西',3224,'K');
insert into t_car_model(cm_id , cs_id , cm_name,cm_type ,cm_order , cm_state , cm_min_price , cm_max_price) values(10805,892,'2011款 2.4L 两驱手动标准版','2011款',1,1,188800,188800);
insert into t_car_model(cm_id , cs_id , cm_name,cm_type ,cm_order , cm_state , cm_min_price , cm_max_price) values(10806,892,'2011款 2.4L 两驱CVT标准版','2011款',2,1,198800,198800);
insert into t_car_model(cm_id , cs_id , cm_name,cm_type ,cm_order , cm_state , cm_min_price , cm_max_price) values(10809,892,'2011款 2.4L 两驱运动导航版','2011款',3,1,238800,238800);
insert into t_car_model(cm_id , cs_id , cm_name,cm_type ,cm_order , cm_state , cm_min_price , cm_max_price) values(18240,892,'2011款 2.4L 四驱运动导航版','2011款',4,1,274800,274800);
insert into t_car_model(cm_id , cs_id , cm_name,cm_type ,cm_order , cm_state , cm_min_price , cm_max_price) values(10807,892,'2011款 2.4L 两驱豪华导航版','2011款',5,1,228800,228800);
insert into t_car_model(cm_id , cs_id , cm_name,cm_type ,cm_order , cm_state , cm_min_price , cm_max_price) values(10808,892,'2011款 2.4L 四驱豪华导航版','2011款',6,1,248800,248800);
insert into t_car_model(cm_id , cs_id , cm_name,cm_type ,cm_order , cm_state , cm_min_price , cm_max_price) values(5759,892,'2010款 2.4L 两驱标准版','2010款',1,1,189800,189800);
insert into t_car_model(cm_id , cs_id , cm_name,cm_type ,cm_order , cm_state , cm_min_price , cm_max_price) values(7804,892,'2010款 2.4L 两驱豪华版','2010款',2,1,229800,229800);
insert into t_car_model(cm_id , cs_id , cm_name,cm_type ,cm_order , cm_state , cm_min_price , cm_max_price) values(8087,892,'2010款 2.4L 两驱豪华导航版','2010款',3,1,234800,234800);
insert into t_car_model(cm_id , cs_id , cm_name,cm_type ,cm_order , cm_state , cm_min_price , cm_max_price) values(7805,892,'2010款 2.4L 四驱豪华版','2010款',4,1,259800,259800);
insert into t_car_model(cm_id , cs_id , cm_name,cm_type ,cm_order , cm_state , cm_min_price , cm_max_price) values(8088,892,'2010款 2.4L 四驱豪华导航版','2010款',5,1,264800,264800);
insert into t_car_model(cm_id , cs_id , cm_name,cm_type ,cm_order , cm_state , cm_min_price , cm_max_price) values(7437,892,'2010款 2.4L 四驱运动导航版','2010款',6,1,274800,274800);
insert into t_car_series(cs_id,cbf_id,cs_name,cs_order,cs_letter) values(500,161,'超级维特拉',3231,'C');
insert into t_car_model(cm_id , cs_id , cm_name,cm_type ,cm_order , cm_state , cm_min_price , cm_max_price) values(13727,500,'2012款 2.4L AT豪华导航5门版','2012款',1,1,274800,274800);
insert into t_car_model(cm_id , cs_id , cm_name,cm_type ,cm_order , cm_state , cm_min_price , cm_max_price) values(13728,500,'2012款 2.4L MT豪华导航5门版','2012款',2,1,264800,264800);
insert into t_car_model(cm_id , cs_id , cm_name,cm_type ,cm_order , cm_state , cm_min_price , cm_max_price) values(10188,500,'2011款 2.4 AT JX-EH 3门版','2011款',1,1,242000,242000);
insert into t_car_model(cm_id , cs_id , cm_name,cm_type ,cm_order , cm_state , cm_min_price , cm_max_price) values(11869,500,'2011款 2.4 AT JLX-EL 5门限量版','2011款',2,1,274800,274800);
insert into t_car_model(cm_id , cs_id , cm_name,cm_type ,cm_order , cm_state , cm_min_price , cm_max_price) values(10190,500,'2011款 2.4 MT JLX-EL 5门版','2011款',3,1,262000,262000);
insert into t_car_model(cm_id , cs_id , cm_name,cm_type ,cm_order , cm_state , cm_min_price , cm_max_price) values(10191,500,'2011款 2.4 AT JLX-EL 5门版','2011款',4,1,272000,272000);
insert into t_car_model(cm_id , cs_id , cm_name,cm_type ,cm_order , cm_state , cm_min_price , cm_max_price) values(4339,500,'2008款 2.4 MT JX 3门版','2008款',1,1,209000,209000);
insert into t_car_model(cm_id , cs_id , cm_name,cm_type ,cm_order , cm_state , cm_min_price , cm_max_price) values(4340,500,'2008款 2.4 AT JX-EH 3门版','2008款',2,1,239000,239000);
insert into t_car_model(cm_id , cs_id , cm_name,cm_type ,cm_order , cm_state , cm_min_price , cm_max_price) values(4341,500,'2008款 2.4 AT JLX 5门版','2008款',3,1,249000,249000);
insert into t_car_model(cm_id , cs_id , cm_name,cm_type ,cm_order , cm_state , cm_min_price , cm_max_price) values(4342,500,'2008款 2.4 MT JLX-EL 5门版','2008款',4,1,259000,259000);
insert into t_car_model(cm_id , cs_id , cm_name,cm_type ,cm_order , cm_state , cm_min_price , cm_max_price) values(4343,500,'2008款 2.4 AT JLX-EL 5门版','2008款',5,1,269000,269000);
insert into t_car_model(cm_id , cs_id , cm_name,cm_type ,cm_order , cm_state , cm_min_price , cm_max_price) values(4344,500,'2008款 3.2 AT JLX-EL 5门版','2008款',6,1,339000,339000);
insert into t_car_model(cm_id , cs_id , cm_name,cm_type ,cm_order , cm_state , cm_min_price , cm_max_price) values(2792,500,'2007款 1.6 MT标准型','2007款',1,1,188800,188800);
insert into t_car_model(cm_id , cs_id , cm_name,cm_type ,cm_order , cm_state , cm_min_price , cm_max_price) values(2898,500,'2007款 2.0 MT舒适型','2007款',2,1,225800,225800);
insert into t_car_model(cm_id , cs_id , cm_name,cm_type ,cm_order , cm_state , cm_min_price , cm_max_price) values(2899,500,'2007款 2.0 AT舒适型','2007款',3,1,235800,235800);
insert into t_car_model(cm_id , cs_id , cm_name,cm_type ,cm_order , cm_state , cm_min_price , cm_max_price) values(2791,500,'2007款 2.0 MT豪华型','2007款',4,1,248800,248800);
insert into t_car_model(cm_id , cs_id , cm_name,cm_type ,cm_order , cm_state , cm_min_price , cm_max_price) values(2678,500,'2007款 2.0 AT豪华型','2007款',5,1,258800,258800);
insert into t_car_model(cm_id , cs_id , cm_name,cm_type ,cm_order , cm_state , cm_min_price , cm_max_price) values(6841,500,'2004款 2.0 AT','2004款',1,1,278000,278000);
