insert into t_car_brand_factory(cbf_id , cb_id , cbf_name ,cbf_letter) values(375,10,'东风雷诺','D');
insert into t_car_series(cs_id,cbf_id,cs_name,cs_order,cs_letter) values(5350,375,'科雷缤',3018,'K');
insert into t_car_model(cm_id , cs_id , cm_name,cm_type ,cm_order , cm_state , cm_min_price , cm_max_price) values(42057,5350,'2019款 TCe240 手动劲酷型','2019款',1,1,99800,99800);
insert into t_car_model(cm_id , cs_id , cm_name,cm_type ,cm_order , cm_state , cm_min_price , cm_max_price) values(42573,5350,'2019款 TCe270 自动劲酷型','2019款',2,1,109800,109800);
insert into t_car_model(cm_id , cs_id , cm_name,cm_type ,cm_order , cm_state , cm_min_price , cm_max_price) values(42574,5350,'2019款 TCe270 自动劲擎型','2019款',3,1,119800,119800);
insert into t_car_model(cm_id , cs_id , cm_name,cm_type ,cm_order , cm_state , cm_min_price , cm_max_price) values(42575,5350,'2019款 TCe270 自动劲致型','2019款',4,1,134800,134800);
insert into t_car_model(cm_id , cs_id , cm_name,cm_type ,cm_order , cm_state , cm_min_price , cm_max_price) values(40077,5350,'2019款 TCe270 自动劲享型','2019款',5,1,144800,144800);
insert into t_car_series(cs_id,cbf_id,cs_name,cs_order,cs_letter) values(5118,375,'雷诺 e诺',3019,'L');
insert into t_car_model(cm_id , cs_id , cm_name,cm_type ,cm_order , cm_state , cm_min_price , cm_max_price) values(41497,5118,'2019款 e趣型','2019款',1,1,61800,61800);
insert into t_car_model(cm_id , cs_id , cm_name,cm_type ,cm_order , cm_state , cm_min_price , cm_max_price) values(41498,5118,'2019款 e尚型','2019款',2,1,66800,66800);
insert into t_car_model(cm_id , cs_id , cm_name,cm_type ,cm_order , cm_state , cm_min_price , cm_max_price) values(37825,5118,'2019款 e智型','2019款',3,1,71800,71800);
insert into t_car_series(cs_id,cbf_id,cs_name,cs_order,cs_letter) values(4098,375,'科雷傲',3021,'K');
insert into t_car_model(cm_id , cs_id , cm_name,cm_type ,cm_order , cm_state , cm_min_price , cm_max_price) values(38936,4098,'2019款 SCe230 四驱探享旗舰版 国V','2019款',1,1,269800,269800);
insert into t_car_model(cm_id , cs_id , cm_name,cm_type ,cm_order , cm_state , cm_min_price , cm_max_price) values(38934,4098,'2019款 SCe230 四驱探享智尊版 国V','2019款',2,1,245800,245800);
insert into t_car_model(cm_id , cs_id , cm_name,cm_type ,cm_order , cm_state , cm_min_price , cm_max_price) values(38932,4098,'2019款 SCe230 四驱探享智骋版 国V','2019款',3,1,229800,229800);
insert into t_car_model(cm_id , cs_id , cm_name,cm_type ,cm_order , cm_state , cm_min_price , cm_max_price) values(38930,4098,'2019款 SCe230 两驱探享智骋版 国V','2019款',4,1,219800,219800);
insert into t_car_model(cm_id , cs_id , cm_name,cm_type ,cm_order , cm_state , cm_min_price , cm_max_price) values(38928,4098,'2019款 SCe200 两驱探享智尚版 国V','2019款',5,1,205800,205800);
insert into t_car_model(cm_id , cs_id , cm_name,cm_type ,cm_order , cm_state , cm_min_price , cm_max_price) values(38925,4098,'2019款 SCe200 两驱探享智悦版 国V','2019款',6,1,192800,192800);
insert into t_car_model(cm_id , cs_id , cm_name,cm_type ,cm_order , cm_state , cm_min_price , cm_max_price) values(38923,4098,'2019款 SCe200 两驱探享智惠版 国V','2019款',7,1,179800,179800);
insert into t_car_model(cm_id , cs_id , cm_name,cm_type ,cm_order , cm_state , cm_min_price , cm_max_price) values(38937,4098,'2019款 SCe230 四驱探享旗舰版 国VI','2019款',8,1,269800,269800);
insert into t_car_model(cm_id , cs_id , cm_name,cm_type ,cm_order , cm_state , cm_min_price , cm_max_price) values(38935,4098,'2019款 SCe230 四驱探享智尊版 国VI','2019款',9,1,245800,245800);
insert into t_car_model(cm_id , cs_id , cm_name,cm_type ,cm_order , cm_state , cm_min_price , cm_max_price) values(38933,4098,'2019款 SCe230 四驱探享智骋版 国VI','2019款',10,1,229800,229800);
insert into t_car_model(cm_id , cs_id , cm_name,cm_type ,cm_order , cm_state , cm_min_price , cm_max_price) values(38931,4098,'2019款 SCe230 两驱探享智骋版 国VI','2019款',11,1,219800,219800);
insert into t_car_model(cm_id , cs_id , cm_name,cm_type ,cm_order , cm_state , cm_min_price , cm_max_price) values(38929,4098,'2019款 SCe200 两驱探享智尚版 国VI','2019款',12,1,205800,205800);
insert into t_car_model(cm_id , cs_id , cm_name,cm_type ,cm_order , cm_state , cm_min_price , cm_max_price) values(38927,4098,'2019款 SCe200 两驱探享智悦版 国VI','2019款',13,1,192800,192800);
insert into t_car_model(cm_id , cs_id , cm_name,cm_type ,cm_order , cm_state , cm_min_price , cm_max_price) values(38926,4098,'2019款 SCe200 两驱探享智惠版 国VI','2019款',14,1,179800,179800);
insert into t_car_model(cm_id , cs_id , cm_name,cm_type ,cm_order , cm_state , cm_min_price , cm_max_price) values(33213,4098,'2018款 2.5L 四驱旗舰版','2018款',1,1,269800,269800);
insert into t_car_model(cm_id , cs_id , cm_name,cm_type ,cm_order , cm_state , cm_min_price , cm_max_price) values(33218,4098,'2018款 2.5L 四驱至尊版','2018款',2,1,245800,245800);
insert into t_car_model(cm_id , cs_id , cm_name,cm_type ,cm_order , cm_state , cm_min_price , cm_max_price) values(33217,4098,'2018款 2.5L 四驱尊贵版','2018款',3,1,229800,229800);
insert into t_car_model(cm_id , cs_id , cm_name,cm_type ,cm_order , cm_state , cm_min_price , cm_max_price) values(33811,4098,'2018款 2.5L 两驱120周年限量版','2018款',4,1,222800,222800);
insert into t_car_model(cm_id , cs_id , cm_name,cm_type ,cm_order , cm_state , cm_min_price , cm_max_price) values(33216,4098,'2018款 2.5L 两驱尊贵版','2018款',5,1,219800,219800);
insert into t_car_model(cm_id , cs_id , cm_name,cm_type ,cm_order , cm_state , cm_min_price , cm_max_price) values(33810,4098,'2018款 2.0L 两驱120周年限量版','2018款',6,1,208800,208800);
insert into t_car_model(cm_id , cs_id , cm_name,cm_type ,cm_order , cm_state , cm_min_price , cm_max_price) values(33212,4098,'2018款 2.0L 两驱豪华版','2018款',7,1,205800,205800);
insert into t_car_model(cm_id , cs_id , cm_name,cm_type ,cm_order , cm_state , cm_min_price , cm_max_price) values(33215,4098,'2018款 2.0L 两驱领先版','2018款',8,1,192800,192800);
insert into t_car_model(cm_id , cs_id , cm_name,cm_type ,cm_order , cm_state , cm_min_price , cm_max_price) values(33214,4098,'2018款 2.0L 两驱舒适版','2018款',9,1,179800,179800);
insert into t_car_model(cm_id , cs_id , cm_name,cm_type ,cm_order , cm_state , cm_min_price , cm_max_price) values(28189,4098,'2017款 2.0L 两驱舒适版','2017款',1,1,179800,179800);
insert into t_car_model(cm_id , cs_id , cm_name,cm_type ,cm_order , cm_state , cm_min_price , cm_max_price) values(28190,4098,'2017款 2.0L 两驱领先版','2017款',2,1,192800,192800);
insert into t_car_model(cm_id , cs_id , cm_name,cm_type ,cm_order , cm_state , cm_min_price , cm_max_price) values(28034,4098,'2017款 2.0L 两驱豪华版','2017款',3,1,205800,205800);
insert into t_car_model(cm_id , cs_id , cm_name,cm_type ,cm_order , cm_state , cm_min_price , cm_max_price) values(28033,4098,'2017款 2.5L 两驱尊贵版','2017款',4,1,219800,219800);
insert into t_car_model(cm_id , cs_id , cm_name,cm_type ,cm_order , cm_state , cm_min_price , cm_max_price) values(28321,4098,'2017款 2.5L 四驱尊贵版','2017款',5,1,229800,229800);
insert into t_car_model(cm_id , cs_id , cm_name,cm_type ,cm_order , cm_state , cm_min_price , cm_max_price) values(28032,4098,'2017款 2.5L 四驱至尊版','2017款',6,1,245800,245800);
insert into t_car_model(cm_id , cs_id , cm_name,cm_type ,cm_order , cm_state , cm_min_price , cm_max_price) values(28031,4098,'2017款 2.5L 四驱旗舰版','2017款',7,1,269800,269800);
insert into t_car_series(cs_id,cbf_id,cs_name,cs_order,cs_letter) values(3870,375,'科雷嘉',3022,'K');
insert into t_car_model(cm_id , cs_id , cm_name,cm_type ,cm_order , cm_state , cm_min_price , cm_max_price) values(37113,3870,'2019款 TCe190 手动两驱智惠型 国V','2019款',1,1,139800,139800);
insert into t_car_model(cm_id , cs_id , cm_name,cm_type ,cm_order , cm_state , cm_min_price , cm_max_price) values(37114,3870,'2019款 SCe200 自动两驱智惠型 国V','2019款',2,1,152800,152800);
insert into t_car_model(cm_id , cs_id , cm_name,cm_type ,cm_order , cm_state , cm_min_price , cm_max_price) values(37116,3870,'2019款 SCe200 自动两驱智惠型周年版 国V','2019款',3,1,152800,152800);
insert into t_car_model(cm_id , cs_id , cm_name,cm_type ,cm_order , cm_state , cm_min_price , cm_max_price) values(37118,3870,'2019款 SCe200 自动两驱智悦型周年版 国V','2019款',4,1,158800,158800);
insert into t_car_model(cm_id , cs_id , cm_name,cm_type ,cm_order , cm_state , cm_min_price , cm_max_price) values(37120,3870,'2019款 SCe200 自动两驱智尚型 国V','2019款',5,1,174800,174800);
insert into t_car_model(cm_id , cs_id , cm_name,cm_type ,cm_order , cm_state , cm_min_price , cm_max_price) values(37122,3870,'2019款 SCe200 自动两驱智享型 国V','2019款',6,1,184800,184800);
insert into t_car_model(cm_id , cs_id , cm_name,cm_type ,cm_order , cm_state , cm_min_price , cm_max_price) values(37125,3870,'2019款 SCe200 自动两驱智尊型 国V','2019款',7,1,194800,194800);
insert into t_car_model(cm_id , cs_id , cm_name,cm_type ,cm_order , cm_state , cm_min_price , cm_max_price) values(37115,3870,'2019款 SCe200 自动两驱智惠型 国VI','2019款',8,1,152800,152800);
insert into t_car_model(cm_id , cs_id , cm_name,cm_type ,cm_order , cm_state , cm_min_price , cm_max_price) values(37117,3870,'2019款 SCe200自动两驱智惠型周年版 国VI','2019款',9,1,152800,152800);
insert into t_car_model(cm_id , cs_id , cm_name,cm_type ,cm_order , cm_state , cm_min_price , cm_max_price) values(37119,3870,'2019款 SCe200自动两驱智悦型周年版 国VI','2019款',10,1,158800,158800);
insert into t_car_model(cm_id , cs_id , cm_name,cm_type ,cm_order , cm_state , cm_min_price , cm_max_price) values(37121,3870,'2019款 SCe200 自动两驱智尚型 国VI','2019款',11,1,174800,174800);
insert into t_car_model(cm_id , cs_id , cm_name,cm_type ,cm_order , cm_state , cm_min_price , cm_max_price) values(37123,3870,'2019款 SCe200 自动两驱智享型 国VI','2019款',12,1,184800,184800);
insert into t_car_model(cm_id , cs_id , cm_name,cm_type ,cm_order , cm_state , cm_min_price , cm_max_price) values(37124,3870,'2019款 SCe200 自动两驱智尊型 国VI','2019款',13,1,194800,194800);
insert into t_car_model(cm_id , cs_id , cm_name,cm_type ,cm_order , cm_state , cm_min_price , cm_max_price) values(30228,3870,'2017款 1.2T 两驱时尚版','2017款',1,1,139800,139800);
insert into t_car_model(cm_id , cs_id , cm_name,cm_type ,cm_order , cm_state , cm_min_price , cm_max_price) values(30229,3870,'2017款 2.0L 两驱时尚版','2017款',2,1,152800,152800);
insert into t_car_model(cm_id , cs_id , cm_name,cm_type ,cm_order , cm_state , cm_min_price , cm_max_price) values(30230,3870,'2017款 2.0L 两驱舒适版','2017款',3,1,163800,163800);
insert into t_car_model(cm_id , cs_id , cm_name,cm_type ,cm_order , cm_state , cm_min_price , cm_max_price) values(30231,3870,'2017款 2.0L 两驱领先版','2017款',4,1,174800,174800);
insert into t_car_model(cm_id , cs_id , cm_name,cm_type ,cm_order , cm_state , cm_min_price , cm_max_price) values(33812,3870,'2017款 2.0L 120周年限量版','2017款',5,1,178800,178800);
insert into t_car_model(cm_id , cs_id , cm_name,cm_type ,cm_order , cm_state , cm_min_price , cm_max_price) values(30232,3870,'2017款 2.0L 两驱豪华版','2017款',6,1,184800,184800);
insert into t_car_model(cm_id , cs_id , cm_name,cm_type ,cm_order , cm_state , cm_min_price , cm_max_price) values(30233,3870,'2017款 2.0L 四驱尊贵版','2017款',7,1,208800,208800);
insert into t_car_model(cm_id , cs_id , cm_name,cm_type ,cm_order , cm_state , cm_min_price , cm_max_price) values(25137,3870,'2016款 2.0L 两驱舒适版','2016款',1,1,163800,163800);
insert into t_car_model(cm_id , cs_id , cm_name,cm_type ,cm_order , cm_state , cm_min_price , cm_max_price) values(25139,3870,'2016款 2.0L 两驱领先版','2016款',2,1,174800,174800);
insert into t_car_model(cm_id , cs_id , cm_name,cm_type ,cm_order , cm_state , cm_min_price , cm_max_price) values(25140,3870,'2016款 2.0L 两驱豪华版','2016款',3,1,184800,184800);
insert into t_car_model(cm_id , cs_id , cm_name,cm_type ,cm_order , cm_state , cm_min_price , cm_max_price) values(25141,3870,'2016款 2.0L 两驱尊贵版','2016款',4,1,196800,196800);
insert into t_car_model(cm_id , cs_id , cm_name,cm_type ,cm_order , cm_state , cm_min_price , cm_max_price) values(25138,3870,'2016款 2.0L 四驱至尊版','2016款',5,1,219800,219800);
insert into t_car_brand_factory(cbf_id , cb_id , cbf_name ,cbf_letter) values(89,10,'雷诺(进口)','L');
insert into t_car_series(cs_id,cbf_id,cs_name,cs_order,cs_letter) values(196,89,'梅甘娜',3036,'M');
insert into t_car_model(cm_id , cs_id , cm_name,cm_type ,cm_order , cm_state , cm_min_price , cm_max_price) values(20316,196,'2014款 R.S. 2.0T 街版','2014款',1,1,339900,339900);
insert into t_car_model(cm_id , cs_id , cm_name,cm_type ,cm_order , cm_state , cm_min_price , cm_max_price) values(19010,196,'2014款 R.S. 2.0T 赛版','2014款',2,1,359900,359900);
insert into t_car_model(cm_id , cs_id , cm_name,cm_type ,cm_order , cm_state , cm_min_price , cm_max_price) values(7110,196,'2011款 CC 2.0时尚导航版','2011款',1,1,387800,387800);
insert into t_car_model(cm_id , cs_id , cm_name,cm_type ,cm_order , cm_state , cm_min_price , cm_max_price) values(2436,196,'2006款 2.0 SEDAN 5MT','2006款',1,1,198000,198000);
insert into t_car_model(cm_id , cs_id , cm_name,cm_type ,cm_order , cm_state , cm_min_price , cm_max_price) values(4018,196,'2006款 SEDAN 2.0 4AT','2006款',2,1,195000,195000);
insert into t_car_model(cm_id , cs_id , cm_name,cm_type ,cm_order , cm_state , cm_min_price , cm_max_price) values(2575,196,'2006款 CC 2.0','2006款',3,1,370000,370000);
insert into t_car_model(cm_id , cs_id , cm_name,cm_type ,cm_order , cm_state , cm_min_price , cm_max_price) values(276,196,'2004款 1.6 Coupe','2004款',1,1,310000,310000);
insert into t_car_series(cs_id,cbf_id,cs_name,cs_order,cs_letter) values(2765,89,'塔利斯曼',3038,'T');
insert into t_car_model(cm_id , cs_id , cm_name,cm_type ,cm_order , cm_state , cm_min_price , cm_max_price) values(16411,2765,'2013款 2.5L 豪华版','2013款',1,1,322800,322800);
insert into t_car_model(cm_id , cs_id , cm_name,cm_type ,cm_order , cm_state , cm_min_price , cm_max_price) values(16412,2765,'2013款 2.5L Nappa旗舰版','2013款',2,1,372800,372800);
insert into t_car_model(cm_id , cs_id , cm_name,cm_type ,cm_order , cm_state , cm_min_price , cm_max_price) values(16413,2765,'2013款 3.5L Nappa行政版','2013款',3,1,488800,488800);
insert into t_car_model(cm_id , cs_id , cm_name,cm_type ,cm_order , cm_state , cm_min_price , cm_max_price) values(12693,2765,'2012款 2.5L 豪华版','2012款',1,1,320800,320800);
insert into t_car_model(cm_id , cs_id , cm_name,cm_type ,cm_order , cm_state , cm_min_price , cm_max_price) values(12694,2765,'2012款 2.5L 尊贵版','2012款',2,1,348800,348800);
insert into t_car_model(cm_id , cs_id , cm_name,cm_type ,cm_order , cm_state , cm_min_price , cm_max_price) values(12695,2765,'2012款 2.5L Nappa旗舰版','2012款',3,1,370800,370800);
insert into t_car_model(cm_id , cs_id , cm_name,cm_type ,cm_order , cm_state , cm_min_price , cm_max_price) values(12692,2765,'2012款 3.5L 行政版','2012款',4,1,480800,480800);
insert into t_car_model(cm_id , cs_id , cm_name,cm_type ,cm_order , cm_state , cm_min_price , cm_max_price) values(12582,2765,'2012款 3.5L Nappa行政版','2012款',5,1,486800,486800);
insert into t_car_series(cs_id,cbf_id,cs_name,cs_order,cs_letter) values(2268,89,'卡缤',3040,'K');
insert into t_car_model(cm_id , cs_id , cm_name,cm_type ,cm_order , cm_state , cm_min_price , cm_max_price) values(32107,2268,'2018款 TCe190 都市风尚版','2018款',1,1,131800,131800);
insert into t_car_model(cm_id , cs_id , cm_name,cm_type ,cm_order , cm_state , cm_min_price , cm_max_price) values(32106,2268,'2018款 TCe190 都市灵动版','2018款',2,1,141800,141800);
insert into t_car_model(cm_id , cs_id , cm_name,cm_type ,cm_order , cm_state , cm_min_price , cm_max_price) values(33813,2268,'2018款 TCe190 120周年限量版','2018款',3,1,141800,141800);
insert into t_car_model(cm_id , cs_id , cm_name,cm_type ,cm_order , cm_state , cm_min_price , cm_max_price) values(23137,2268,'2015款 1.2T 自动舒适抢鲜版','2015款',1,1,163800,163800);
insert into t_car_model(cm_id , cs_id , cm_name,cm_type ,cm_order , cm_state , cm_min_price , cm_max_price) values(23138,2268,'2015款 1.2T 自动豪华抢鲜版','2015款',2,1,188800,188800);
insert into t_car_model(cm_id , cs_id , cm_name,cm_type ,cm_order , cm_state , cm_min_price , cm_max_price) values(22497,2268,'2015款 1.2T 自动标准版','2015款',3,1,139800,139800);
insert into t_car_model(cm_id , cs_id , cm_name,cm_type ,cm_order , cm_state , cm_min_price , cm_max_price) values(22498,2268,'2015款 1.2T 自动舒适版','2015款',4,1,159800,159800);
insert into t_car_model(cm_id , cs_id , cm_name,cm_type ,cm_order , cm_state , cm_min_price , cm_max_price) values(22499,2268,'2015款 1.2T 自动豪华版','2015款',5,1,179800,179800);
insert into t_car_series(cs_id,cbf_id,cs_name,cs_order,cs_letter) values(686,89,'科雷傲(进口)',3043,'K');
insert into t_car_model(cm_id , cs_id , cm_name,cm_type ,cm_order , cm_state , cm_min_price , cm_max_price) values(24112,686,'2016款 2.0L 两驱舒适版','2016款',1,1,228800,228800);
insert into t_car_model(cm_id , cs_id , cm_name,cm_type ,cm_order , cm_state , cm_min_price , cm_max_price) values(24113,686,'2016款 2.0L 两驱舒适BOSE版','2016款',2,1,233800,233800);
insert into t_car_model(cm_id , cs_id , cm_name,cm_type ,cm_order , cm_state , cm_min_price , cm_max_price) values(24111,686,'2016款 2.0L 两驱时尚版','2016款',3,1,204800,204800);
insert into t_car_model(cm_id , cs_id , cm_name,cm_type ,cm_order , cm_state , cm_min_price , cm_max_price) values(24838,686,'2016款 改款 2.0L 两驱舒适版','2016款',4,1,233800,233800);
insert into t_car_model(cm_id , cs_id , cm_name,cm_type ,cm_order , cm_state , cm_min_price , cm_max_price) values(24114,686,'2016款 2.5L 两驱舒适运动版','2016款',5,1,259800,259800);
insert into t_car_model(cm_id , cs_id , cm_name,cm_type ,cm_order , cm_state , cm_min_price , cm_max_price) values(24115,686,'2016款 2.5L 四驱舒适运动版','2016款',6,1,278800,278800);
insert into t_car_model(cm_id , cs_id , cm_name,cm_type ,cm_order , cm_state , cm_min_price , cm_max_price) values(22840,686,'2015款 2.0L 两驱标准版','2015款',1,1,202800,202800);
insert into t_car_model(cm_id , cs_id , cm_name,cm_type ,cm_order , cm_state , cm_min_price , cm_max_price) values(22841,686,'2015款 2.0L 两驱时尚版','2015款',2,1,222800,222800);
insert into t_car_model(cm_id , cs_id , cm_name,cm_type ,cm_order , cm_state , cm_min_price , cm_max_price) values(22842,686,'2015款 2.0L 两驱舒适版','2015款',3,1,239800,239800);
insert into t_car_model(cm_id , cs_id , cm_name,cm_type ,cm_order , cm_state , cm_min_price , cm_max_price) values(22843,686,'2015款 2.5L 两驱都市版','2015款',4,1,239800,239800);
insert into t_car_model(cm_id , cs_id , cm_name,cm_type ,cm_order , cm_state , cm_min_price , cm_max_price) values(22844,686,'2015款 2.5L 两驱舒适版','2015款',5,1,259800,259800);
insert into t_car_model(cm_id , cs_id , cm_name,cm_type ,cm_order , cm_state , cm_min_price , cm_max_price) values(22846,686,'2015款 2.5L 四驱舒适版','2015款',6,1,278800,278800);
insert into t_car_model(cm_id , cs_id , cm_name,cm_type ,cm_order , cm_state , cm_min_price , cm_max_price) values(22847,686,'2015款 2.5L 四驱豪华版','2015款',7,1,299800,299800);
insert into t_car_model(cm_id , cs_id , cm_name,cm_type ,cm_order , cm_state , cm_min_price , cm_max_price) values(16843,686,'2014款 2.0L 两驱智享版','2014款',1,1,189800,189800);
insert into t_car_model(cm_id , cs_id , cm_name,cm_type ,cm_order , cm_state , cm_min_price , cm_max_price) values(16846,686,'2014款 2.0L 两驱标准版','2014款',2,1,200800,200800);
insert into t_car_model(cm_id , cs_id , cm_name,cm_type ,cm_order , cm_state , cm_min_price , cm_max_price) values(16847,686,'2014款 2.0L 两驱时尚版','2014款',3,1,220800,220800);
insert into t_car_model(cm_id , cs_id , cm_name,cm_type ,cm_order , cm_state , cm_min_price , cm_max_price) values(19844,686,'2014款 2.0L 两驱舒适版','2014款',4,1,239800,239800);
insert into t_car_model(cm_id , cs_id , cm_name,cm_type ,cm_order , cm_state , cm_min_price , cm_max_price) values(18075,686,'2014款 改款 2.0L 两驱智享版','2014款',5,1,192800,192800);
insert into t_car_model(cm_id , cs_id , cm_name,cm_type ,cm_order , cm_state , cm_min_price , cm_max_price) values(18076,686,'2014款 改款 2.0L 两驱标准版','2014款',6,1,202800,202800);
insert into t_car_model(cm_id , cs_id , cm_name,cm_type ,cm_order , cm_state , cm_min_price , cm_max_price) values(18077,686,'2014款 改款 2.0L 两驱时尚版','2014款',7,1,222800,222800);
insert into t_car_model(cm_id , cs_id , cm_name,cm_type ,cm_order , cm_state , cm_min_price , cm_max_price) values(16848,686,'2014款 2.5L 两驱都市版','2014款',8,1,237800,237800);
insert into t_car_model(cm_id , cs_id , cm_name,cm_type ,cm_order , cm_state , cm_min_price , cm_max_price) values(16849,686,'2014款 2.5L 两驱舒适版','2014款',9,1,256800,256800);
insert into t_car_model(cm_id , cs_id , cm_name,cm_type ,cm_order , cm_state , cm_min_price , cm_max_price) values(18078,686,'2014款 改款 2.5L 两驱都市版','2014款',10,1,239800,239800);
insert into t_car_model(cm_id , cs_id , cm_name,cm_type ,cm_order , cm_state , cm_min_price , cm_max_price) values(18074,686,'2014款 改款 2.5L 两驱舒适版','2014款',11,1,259800,259800);
insert into t_car_model(cm_id , cs_id , cm_name,cm_type ,cm_order , cm_state , cm_min_price , cm_max_price) values(19673,686,'2014款 2.5L 两驱Sportway版','2014款',12,1,264800,264800);
insert into t_car_model(cm_id , cs_id , cm_name,cm_type ,cm_order , cm_state , cm_min_price , cm_max_price) values(20047,686,'2014款 2.5L 两驱Touring版','2014款',13,1,265800,265800);
insert into t_car_model(cm_id , cs_id , cm_name,cm_type ,cm_order , cm_state , cm_min_price , cm_max_price) values(16850,686,'2014款 2.5L 四驱舒适版','2014款',14,1,278800,278800);
insert into t_car_model(cm_id , cs_id , cm_name,cm_type ,cm_order , cm_state , cm_min_price , cm_max_price) values(19661,686,'2014款 2.5L 四驱Sportway版','2014款',15,1,283800,283800);
insert into t_car_model(cm_id , cs_id , cm_name,cm_type ,cm_order , cm_state , cm_min_price , cm_max_price) values(20048,686,'2014款 2.5L 四驱Touring版','2014款',16,1,284800,284800);
insert into t_car_model(cm_id , cs_id , cm_name,cm_type ,cm_order , cm_state , cm_min_price , cm_max_price) values(16296,686,'2014款 2.5L 四驱豪华版','2014款',17,1,299800,299800);
insert into t_car_model(cm_id , cs_id , cm_name,cm_type ,cm_order , cm_state , cm_min_price , cm_max_price) values(14068,686,'2013款 2.5L 两驱都市版','2013款',1,1,231800,231800);
insert into t_car_model(cm_id , cs_id , cm_name,cm_type ,cm_order , cm_state , cm_min_price , cm_max_price) values(14069,686,'2013款 2.5L 四驱都市版','2013款',2,1,250800,250800);
insert into t_car_model(cm_id , cs_id , cm_name,cm_type ,cm_order , cm_state , cm_min_price , cm_max_price) values(14070,686,'2013款 2.5L 两驱舒适版','2013款',3,1,255600,255600);
insert into t_car_model(cm_id , cs_id , cm_name,cm_type ,cm_order , cm_state , cm_min_price , cm_max_price) values(15978,686,'2013款 2.5L 两驱舒适导航版','2013款',4,1,259800,259800);
insert into t_car_model(cm_id , cs_id , cm_name,cm_type ,cm_order , cm_state , cm_min_price , cm_max_price) values(14071,686,'2013款 2.5L 四驱舒适版','2013款',5,1,274600,274600);
insert into t_car_model(cm_id , cs_id , cm_name,cm_type ,cm_order , cm_state , cm_min_price , cm_max_price) values(15979,686,'2013款 2.5L 四驱舒适导航版','2013款',6,1,278800,278800);
insert into t_car_model(cm_id , cs_id , cm_name,cm_type ,cm_order , cm_state , cm_min_price , cm_max_price) values(14072,686,'2013款 2.5L 两驱豪华版','2013款',7,1,275600,275600);
insert into t_car_model(cm_id , cs_id , cm_name,cm_type ,cm_order , cm_state , cm_min_price , cm_max_price) values(15980,686,'2013款 2.5L 两驱豪华导航版','2013款',8,1,279800,279800);
insert into t_car_model(cm_id , cs_id , cm_name,cm_type ,cm_order , cm_state , cm_min_price , cm_max_price) values(14073,686,'2013款 2.5L 四驱豪华版','2013款',9,1,294600,294600);
insert into t_car_model(cm_id , cs_id , cm_name,cm_type ,cm_order , cm_state , cm_min_price , cm_max_price) values(15981,686,'2013款 2.5L 四驱豪华导航版','2013款',10,1,298800,298800);
insert into t_car_model(cm_id , cs_id , cm_name,cm_type ,cm_order , cm_state , cm_min_price , cm_max_price) values(11127,686,'2012款 2.5 两驱都市版','2012款',1,1,229800,229800);
insert into t_car_model(cm_id , cs_id , cm_name,cm_type ,cm_order , cm_state , cm_min_price , cm_max_price) values(11128,686,'2012款 2.5 四驱都市版','2012款',2,1,248800,248800);
insert into t_car_model(cm_id , cs_id , cm_name,cm_type ,cm_order , cm_state , cm_min_price , cm_max_price) values(11068,686,'2012款 2.5L 两驱舒适导航版','2012款',3,1,257800,257800);
insert into t_car_model(cm_id , cs_id , cm_name,cm_type ,cm_order , cm_state , cm_min_price , cm_max_price) values(10377,686,'2012款 2.5L 四驱舒适导航版','2012款',4,1,276800,276800);
insert into t_car_model(cm_id , cs_id , cm_name,cm_type ,cm_order , cm_state , cm_min_price , cm_max_price) values(11129,686,'2012款 2.5L 两驱豪华导航版','2012款',5,1,277800,277800);
insert into t_car_model(cm_id , cs_id , cm_name,cm_type ,cm_order , cm_state , cm_min_price , cm_max_price) values(11130,686,'2012款 2.5L 四驱豪华导航版','2012款',6,1,296800,296800);
insert into t_car_model(cm_id , cs_id , cm_name,cm_type ,cm_order , cm_state , cm_min_price , cm_max_price) values(7784,686,'2010款 2.5L 两驱时尚型','2010款',1,1,225800,225800);
insert into t_car_model(cm_id , cs_id , cm_name,cm_type ,cm_order , cm_state , cm_min_price , cm_max_price) values(7425,686,'2010款 2.5L 两驱舒适型','2010款',2,1,248000,248000);
insert into t_car_model(cm_id , cs_id , cm_name,cm_type ,cm_order , cm_state , cm_min_price , cm_max_price) values(7426,686,'2010款 2.5L 两驱豪华型','2010款',3,1,272800,272800);
insert into t_car_model(cm_id , cs_id , cm_name,cm_type ,cm_order , cm_state , cm_min_price , cm_max_price) values(7343,686,'2010款 2.5L 四驱舒适型','2010款',4,1,268000,268000);
insert into t_car_model(cm_id , cs_id , cm_name,cm_type ,cm_order , cm_state , cm_min_price , cm_max_price) values(7427,686,'2010款 2.5L 四驱豪华型','2010款',5,1,292800,292800);
insert into t_car_model(cm_id , cs_id , cm_name,cm_type ,cm_order , cm_state , cm_min_price , cm_max_price) values(8494,686,'2010款 2.5L 四驱BOSE限量版','2010款',6,1,292800,292800);
insert into t_car_model(cm_id , cs_id , cm_name,cm_type ,cm_order , cm_state , cm_min_price , cm_max_price) values(5295,686,'2009款 2.5L 两驱舒适型','2009款',1,1,248000,248000);
insert into t_car_model(cm_id , cs_id , cm_name,cm_type ,cm_order , cm_state , cm_min_price , cm_max_price) values(4580,686,'2009款 2.5L 两驱豪华型','2009款',2,1,266000,266000);
insert into t_car_model(cm_id , cs_id , cm_name,cm_type ,cm_order , cm_state , cm_min_price , cm_max_price) values(5296,686,'2009款 2.5L 四驱舒适型','2009款',3,1,268000,268000);
insert into t_car_model(cm_id , cs_id , cm_name,cm_type ,cm_order , cm_state , cm_min_price , cm_max_price) values(5297,686,'2009款 2.5L 四驱豪华型','2009款',4,1,286000,286000);
insert into t_car_series(cs_id,cbf_id,cs_name,cs_order,cs_letter) values(199,89,'风景',3049,'F');
insert into t_car_model(cm_id , cs_id , cm_name,cm_type ,cm_order , cm_state , cm_min_price , cm_max_price) values(11101,199,'2012款 2.0 风景时尚版','2012款',1,1,214800,214800);
insert into t_car_model(cm_id , cs_id , cm_name,cm_type ,cm_order , cm_state , cm_min_price , cm_max_price) values(11102,199,'2012款 2.0 风景舒适版','2012款',2,1,231800,231800);
insert into t_car_model(cm_id , cs_id , cm_name,cm_type ,cm_order , cm_state , cm_min_price , cm_max_price) values(11099,199,'2012款 2.0 风景豪华导航版','2012款',3,1,247800,247800);
insert into t_car_model(cm_id , cs_id , cm_name,cm_type ,cm_order , cm_state , cm_min_price , cm_max_price) values(11103,199,'2012款 2.0 大风景舒适版','2012款',4,1,240800,240800);
insert into t_car_model(cm_id , cs_id , cm_name,cm_type ,cm_order , cm_state , cm_min_price , cm_max_price) values(11100,199,'2012款 2.0 大风景豪华导航版','2012款',5,1,256800,256800);
insert into t_car_model(cm_id , cs_id , cm_name,cm_type ,cm_order , cm_state , cm_min_price , cm_max_price) values(6207,199,'2011款 2.0 风景时尚版','2011款',1,1,212800,212800);
insert into t_car_model(cm_id , cs_id , cm_name,cm_type ,cm_order , cm_state , cm_min_price , cm_max_price) values(9224,199,'2011款 2.0 风景舒适版','2011款',2,1,229800,229800);
insert into t_car_model(cm_id , cs_id , cm_name,cm_type ,cm_order , cm_state , cm_min_price , cm_max_price) values(5730,199,'2011款 2.0 大风景舒适版','2011款',3,1,238800,238800);
insert into t_car_model(cm_id , cs_id , cm_name,cm_type ,cm_order , cm_state , cm_min_price , cm_max_price) values(6216,199,'2007款 2.0 5座风景','2007款',1,1,240000,240000);
insert into t_car_model(cm_id , cs_id , cm_name,cm_type ,cm_order , cm_state , cm_min_price , cm_max_price) values(6217,199,'2007款 2.0 7座大风景','2007款',2,1,250000,250000);
insert into t_car_model(cm_id , cs_id , cm_name,cm_type ,cm_order , cm_state , cm_min_price , cm_max_price) values(2378,199,'2006款 2.0 7座大风景','2006款',1,1,265000,265000);
insert into t_car_model(cm_id , cs_id , cm_name,cm_type ,cm_order , cm_state , cm_min_price , cm_max_price) values(274,199,'2004款 1.6 AT','2004款',1,1,185000,185000);
insert into t_car_model(cm_id , cs_id , cm_name,cm_type ,cm_order , cm_state , cm_min_price , cm_max_price) values(938,199,'2004款 2.0 四驱 RX4','2004款',2,1,248000,248000);
insert into t_car_model(cm_id , cs_id , cm_name,cm_type ,cm_order , cm_state , cm_min_price , cm_max_price) values(275,199,'2004款 2.0 5座风景','2004款',3,1,233000,233000);
insert into t_car_series(cs_id,cbf_id,cs_name,cs_order,cs_letter) values(908,89,'风朗',3065,'F');
insert into t_car_model(cm_id , cs_id , cm_name,cm_type ,cm_order , cm_state , cm_min_price , cm_max_price) values(20645,908,'2015款 2.0L 标准版','2015款',1,1,165800,165800);
insert into t_car_model(cm_id , cs_id , cm_name,cm_type ,cm_order , cm_state , cm_min_price , cm_max_price) values(20646,908,'2015款 2.0L 时尚版','2015款',2,1,176800,176800);
insert into t_car_model(cm_id , cs_id , cm_name,cm_type ,cm_order , cm_state , cm_min_price , cm_max_price) values(20647,908,'2015款 2.0L 豪华导航版','2015款',3,1,189800,189800);
insert into t_car_model(cm_id , cs_id , cm_name,cm_type ,cm_order , cm_state , cm_min_price , cm_max_price) values(15832,908,'2013款 2.0L 悦享版','2013款',1,1,139800,139800);
insert into t_car_model(cm_id , cs_id , cm_name,cm_type ,cm_order , cm_state , cm_min_price , cm_max_price) values(15833,908,'2013款 2.0L 舒适版','2013款',2,1,151800,151800);
insert into t_car_model(cm_id , cs_id , cm_name,cm_type ,cm_order , cm_state , cm_min_price , cm_max_price) values(15376,908,'2013款 2.0L 豪华版','2013款',3,1,182800,182800);
insert into t_car_model(cm_id , cs_id , cm_name,cm_type ,cm_order , cm_state , cm_min_price , cm_max_price) values(14222,908,'2013款 2.0L 标准版','2013款',4,1,159800,159800);
insert into t_car_model(cm_id , cs_id , cm_name,cm_type ,cm_order , cm_state , cm_min_price , cm_max_price) values(15375,908,'2013款 2.0L 时尚版','2013款',5,1,173800,173800);
insert into t_car_model(cm_id , cs_id , cm_name,cm_type ,cm_order , cm_state , cm_min_price , cm_max_price) values(5958,908,'2011款 2.0L 标准版','2011款',1,1,165800,165800);
insert into t_car_model(cm_id , cs_id , cm_name,cm_type ,cm_order , cm_state , cm_min_price , cm_max_price) values(10320,908,'2011款 2.0L 时尚版','2011款',2,1,179800,179800);
insert into t_car_model(cm_id , cs_id , cm_name,cm_type ,cm_order , cm_state , cm_min_price , cm_max_price) values(10321,908,'2011款 2.0L 豪华导航版','2011款',3,1,195800,195800);
insert into t_car_series(cs_id,cbf_id,cs_name,cs_order,cs_letter) values(188,89,'拉古那',3066,'L');
insert into t_car_model(cm_id , cs_id , cm_name,cm_type ,cm_order , cm_state , cm_min_price , cm_max_price) values(11393,188,'2012款 古贝2.0T 豪华导航版','2012款',1,1,371800,371800);
insert into t_car_model(cm_id , cs_id , cm_name,cm_type ,cm_order , cm_state , cm_min_price , cm_max_price) values(9905,188,'2011款 2.0T 技术版','2011款',1,1,251800,251800);
insert into t_car_model(cm_id , cs_id , cm_name,cm_type ,cm_order , cm_state , cm_min_price , cm_max_price) values(9906,188,'2011款 2.0T 舒适版','2011款',2,1,267800,267800);
insert into t_car_model(cm_id , cs_id , cm_name,cm_type ,cm_order , cm_state , cm_min_price , cm_max_price) values(8921,188,'2011款 2.0T 豪华导航版','2011款',3,1,285800,285800);
insert into t_car_model(cm_id , cs_id , cm_name,cm_type ,cm_order , cm_state , cm_min_price , cm_max_price) values(3856,188,'2009款 2.0T','2009款',1,1,272800,272800);
insert into t_car_model(cm_id , cs_id , cm_name,cm_type ,cm_order , cm_state , cm_min_price , cm_max_price) values(258,188,'2004款 2.0','2004款',1,1,265000,265000);
insert into t_car_model(cm_id , cs_id , cm_name,cm_type ,cm_order , cm_state , cm_min_price , cm_max_price) values(1756,188,'2004款 3.0','2004款',2,1,360000,360000);
insert into t_car_model(cm_id , cs_id , cm_name,cm_type ,cm_order , cm_state , cm_min_price , cm_max_price) values(272,188,'2004款 2.0 豪华型','2004款',3,1,315000,315000);
insert into t_car_series(cs_id,cbf_id,cs_name,cs_order,cs_letter) values(2184,89,'纬度',3067,'W');
insert into t_car_model(cm_id , cs_id , cm_name,cm_type ,cm_order , cm_state , cm_min_price , cm_max_price) values(22216,2184,'2015款 2.0L CVT时尚版','2015款',1,1,196800,196800);
insert into t_car_model(cm_id , cs_id , cm_name,cm_type ,cm_order , cm_state , cm_min_price , cm_max_price) values(22217,2184,'2015款 2.0L CVT豪华版','2015款',2,1,232800,232800);
insert into t_car_model(cm_id , cs_id , cm_name,cm_type ,cm_order , cm_state , cm_min_price , cm_max_price) values(22218,2184,'2015款 2.5L 自动豪华版','2015款',3,1,263800,263800);
insert into t_car_model(cm_id , cs_id , cm_name,cm_type ,cm_order , cm_state , cm_min_price , cm_max_price) values(22219,2184,'2015款 2.5L 自动旗舰版','2015款',4,1,284800,284800);
insert into t_car_model(cm_id , cs_id , cm_name,cm_type ,cm_order , cm_state , cm_min_price , cm_max_price) values(15258,2184,'2013款 2.0L CVT时尚版','2013款',1,1,194800,194800);
insert into t_car_model(cm_id , cs_id , cm_name,cm_type ,cm_order , cm_state , cm_min_price , cm_max_price) values(15259,2184,'2013款 2.0L CVT豪华导航版','2013款',2,1,231800,231800);
insert into t_car_model(cm_id , cs_id , cm_name,cm_type ,cm_order , cm_state , cm_min_price , cm_max_price) values(15260,2184,'2013款 2.5L 自动豪华导航版','2013款',3,1,261800,261800);
insert into t_car_model(cm_id , cs_id , cm_name,cm_type ,cm_order , cm_state , cm_min_price , cm_max_price) values(15261,2184,'2013款 2.5L 自动旗舰导航版','2013款',4,1,284800,284800);
insert into t_car_model(cm_id , cs_id , cm_name,cm_type ,cm_order , cm_state , cm_min_price , cm_max_price) values(16587,2184,'2013款 改款 2.0L CVT悦享版','2013款',5,1,176800,176800);
insert into t_car_model(cm_id , cs_id , cm_name,cm_type ,cm_order , cm_state , cm_min_price , cm_max_price) values(16588,2184,'2013款 改款 2.0L CVT舒适版','2013款',6,1,188800,188800);
insert into t_car_model(cm_id , cs_id , cm_name,cm_type ,cm_order , cm_state , cm_min_price , cm_max_price) values(16582,2184,'2013款 改款 2.0L CVT时尚版','2013款',7,1,196800,196800);
insert into t_car_model(cm_id , cs_id , cm_name,cm_type ,cm_order , cm_state , cm_min_price , cm_max_price) values(16583,2184,'2013款 改款 2.0L CVT豪华版','2013款',8,1,230800,230800);
insert into t_car_model(cm_id , cs_id , cm_name,cm_type ,cm_order , cm_state , cm_min_price , cm_max_price) values(16581,2184,'2013款 改款 2.5L 自动豪华版','2013款',9,1,261800,261800);
insert into t_car_model(cm_id , cs_id , cm_name,cm_type ,cm_order , cm_state , cm_min_price , cm_max_price) values(16584,2184,'2013款 改款 2.5L 自动旗舰版','2013款',10,1,284800,284800);
insert into t_car_model(cm_id , cs_id , cm_name,cm_type ,cm_order , cm_state , cm_min_price , cm_max_price) values(15152,2184,'2011款 2.0L CVT时尚版','2011款',1,1,202800,202800);
insert into t_car_model(cm_id , cs_id , cm_name,cm_type ,cm_order , cm_state , cm_min_price , cm_max_price) values(10038,2184,'2011款 2.0L CVT豪华导航版','2011款',2,1,239800,239800);
insert into t_car_model(cm_id , cs_id , cm_name,cm_type ,cm_order , cm_state , cm_min_price , cm_max_price) values(10039,2184,'2011款 2.5L 自动豪华导航版','2011款',3,1,269800,269800);
insert into t_car_model(cm_id , cs_id , cm_name,cm_type ,cm_order , cm_state , cm_min_price , cm_max_price) values(7937,2184,'2011款 2.5L 自动旗舰导航版','2011款',4,1,292800,292800);
insert into t_car_series(cs_id,cbf_id,cs_name,cs_order,cs_letter) values(257,89,'威赛帝',3068,'W');
insert into t_car_model(cm_id , cs_id , cm_name,cm_type ,cm_order , cm_state , cm_min_price , cm_max_price) values(926,257,'2004款 3.5 AT','2004款',1,1,538000,538000);
insert into t_car_series(cs_id,cbf_id,cs_name,cs_order,cs_letter) values(2029,89,'Espace',3076,'E');
insert into t_car_model(cm_id , cs_id , cm_name,cm_type ,cm_order , cm_state , cm_min_price , cm_max_price) values(32524,2029,'2018款 TCe 300 舒逸版','2018款',1,1,258800,258800);
insert into t_car_model(cm_id , cs_id , cm_name,cm_type ,cm_order , cm_state , cm_min_price , cm_max_price) values(32525,2029,'2018款 TCe 300 旷逸版','2018款',2,1,298800,298800);
insert into t_car_model(cm_id , cs_id , cm_name,cm_type ,cm_order , cm_state , cm_min_price , cm_max_price) values(32255,2029,'2018款 TCe 300 雅颂巴黎版','2018款',3,1,328800,328800);
