insert into t_car_brand_factory(cbf_id , cb_id , cbf_name ,cbf_letter) values(176,58,'长安马自达','C');
insert into t_car_series(cs_id,cbf_id,cs_name,cs_order,cs_letter) values(3294,176,'马自达3 昂克赛拉',3379,'M');
insert into t_car_model(cm_id , cs_id , cm_name,cm_type ,cm_order , cm_state , cm_min_price , cm_max_price) values(50251,3294,'2021款 1.5L 手动质美版','2021款',1,1,115900,115900);
insert into t_car_model(cm_id , cs_id , cm_name,cm_type ,cm_order , cm_state , cm_min_price , cm_max_price) values(50252,3294,'2021款 1.5L 自动质美版','2021款',2,1,126900,126900);
insert into t_car_model(cm_id , cs_id , cm_name,cm_type ,cm_order , cm_state , cm_min_price , cm_max_price) values(50509,3294,'2021款 1.5L 自动质悦版','2021款',3,1,129900,129900);
insert into t_car_model(cm_id , cs_id , cm_name,cm_type ,cm_order , cm_state , cm_min_price , cm_max_price) values(50253,3294,'2021款 1.5L 自动质型版','2021款',4,1,135900,135900);
insert into t_car_model(cm_id , cs_id , cm_name,cm_type ,cm_order , cm_state , cm_min_price , cm_max_price) values(53728,3294,'2021款 2.0L 自动质擎版','2021款',5,1,129900,129900);
insert into t_car_model(cm_id , cs_id , cm_name,cm_type ,cm_order , cm_state , cm_min_price , cm_max_price) values(50254,3294,'2021款 2.0L 自动质炫版','2021款',6,1,139900,139900);
insert into t_car_model(cm_id , cs_id , cm_name,cm_type ,cm_order , cm_state , cm_min_price , cm_max_price) values(50255,3294,'2021款 2.0L 自动质雅版','2021款',7,1,142900,142900);
insert into t_car_model(cm_id , cs_id , cm_name,cm_type ,cm_order , cm_state , cm_min_price , cm_max_price) values(50257,3294,'2021款 2.0L 自动质耀版','2021款',8,1,147900,147900);
insert into t_car_model(cm_id , cs_id , cm_name,cm_type ,cm_order , cm_state , cm_min_price , cm_max_price) values(50510,3294,'2021款 2.0L 自动质睿版','2021款',9,1,147900,147900);
insert into t_car_model(cm_id , cs_id , cm_name,cm_type ,cm_order , cm_state , cm_min_price , cm_max_price) values(50258,3294,'2021款 2.0L 自动质尊版','2021款',10,1,168900,168900);
insert into t_car_model(cm_id , cs_id , cm_name,cm_type ,cm_order , cm_state , cm_min_price , cm_max_price) values(46812,3294,'2020款 2.0L X压燃尊荣型','2020款',1,1,189900,189900);
insert into t_car_model(cm_id , cs_id , cm_name,cm_type ,cm_order , cm_state , cm_min_price , cm_max_price) values(41400,3294,'2020款 1.5L 手动质美版','2020款',2,1,115900,115900);
insert into t_car_model(cm_id , cs_id , cm_name,cm_type ,cm_order , cm_state , cm_min_price , cm_max_price) values(41401,3294,'2020款 1.5L 自动质美版','2020款',3,1,126900,126900);
insert into t_car_model(cm_id , cs_id , cm_name,cm_type ,cm_order , cm_state , cm_min_price , cm_max_price) values(45058,3294,'2020款 1.5L 自动质悦天窗版','2020款',4,1,129900,129900);
insert into t_car_model(cm_id , cs_id , cm_name,cm_type ,cm_order , cm_state , cm_min_price , cm_max_price) values(41402,3294,'2020款 1.5L 自动质型版','2020款',5,1,135900,135900);
insert into t_car_model(cm_id , cs_id , cm_name,cm_type ,cm_order , cm_state , cm_min_price , cm_max_price) values(41587,3294,'2020款 2.0L 自动质尚版','2020款',6,1,139900,139900);
insert into t_car_model(cm_id , cs_id , cm_name,cm_type ,cm_order , cm_state , cm_min_price , cm_max_price) values(45059,3294,'2020款 2.0L 自动质炫版','2020款',7,1,139900,139900);
insert into t_car_model(cm_id , cs_id , cm_name,cm_type ,cm_order , cm_state , cm_min_price , cm_max_price) values(41403,3294,'2020款 2.0L 自动质雅版','2020款',8,1,142900,142900);
insert into t_car_model(cm_id , cs_id , cm_name,cm_type ,cm_order , cm_state , cm_min_price , cm_max_price) values(41404,3294,'2020款 2.0L 自动质豪版','2020款',9,1,153900,153900);
insert into t_car_model(cm_id , cs_id , cm_name,cm_type ,cm_order , cm_state , cm_min_price , cm_max_price) values(48027,3294,'2020款 2.0L 100周年特别纪念款','2020款',10,1,159900,159900);
insert into t_car_model(cm_id , cs_id , cm_name,cm_type ,cm_order , cm_state , cm_min_price , cm_max_price) values(41405,3294,'2020款 2.0L 自动质尊版','2020款',11,1,168900,168900);
insert into t_car_model(cm_id , cs_id , cm_name,cm_type ,cm_order , cm_state , cm_min_price , cm_max_price) values(39758,3294,'2019款 云控版 三厢 1.5L 自动舒适型 国VI','2019款',1,1,123900,123900);
insert into t_car_model(cm_id , cs_id , cm_name,cm_type ,cm_order , cm_state , cm_min_price , cm_max_price) values(39762,3294,'2019款 云控版 三厢 1.5L 自动豪华型 国VI','2019款',2,1,139900,139900);
insert into t_car_model(cm_id , cs_id , cm_name,cm_type ,cm_order , cm_state , cm_min_price , cm_max_price) values(39764,3294,'2019款 云控版 三厢 1.5L 自动尊贵型 国VI','2019款',3,1,150900,150900);
insert into t_car_model(cm_id , cs_id , cm_name,cm_type ,cm_order , cm_state , cm_min_price , cm_max_price) values(39768,3294,'2019款 云控版 三厢 2.0L 自动尊贵型 国VI','2019款',4,1,155900,155900);
insert into t_car_model(cm_id , cs_id , cm_name,cm_type ,cm_order , cm_state , cm_min_price , cm_max_price) values(39771,3294,'2019款 云控版 三厢 2.0L 自动旗舰型 国VI','2019款',5,1,162900,162900);
insert into t_car_model(cm_id , cs_id , cm_name,cm_type ,cm_order , cm_state , cm_min_price , cm_max_price) values(39772,3294,'2019款 云控版 两厢 1.5L 自动舒适型 国VI','2019款',6,1,123900,123900);
insert into t_car_model(cm_id , cs_id , cm_name,cm_type ,cm_order , cm_state , cm_min_price , cm_max_price) values(39774,3294,'2019款 云控版 两厢 1.5L 自动豪华型 国VI','2019款',7,1,139900,139900);
insert into t_car_model(cm_id , cs_id , cm_name,cm_type ,cm_order , cm_state , cm_min_price , cm_max_price) values(39776,3294,'2019款 云控版 两厢 2.0L 自动豪华型 国VI','2019款',8,1,149900,149900);
insert into t_car_model(cm_id , cs_id , cm_name,cm_type ,cm_order , cm_state , cm_min_price , cm_max_price) values(39778,3294,'2019款 云控版 两厢 2.0L 自动运动型 国VI','2019款',9,1,159900,159900);
insert into t_car_model(cm_id , cs_id , cm_name,cm_type ,cm_order , cm_state , cm_min_price , cm_max_price) values(39757,3294,'2019款 云控版 三厢 1.5L 自动舒适型 国V','2019款',10,1,123900,123900);
insert into t_car_model(cm_id , cs_id , cm_name,cm_type ,cm_order , cm_state , cm_min_price , cm_max_price) values(39761,3294,'2019款 云控版 三厢 1.5L 自动豪华型 国V','2019款',11,1,139900,139900);
insert into t_car_model(cm_id , cs_id , cm_name,cm_type ,cm_order , cm_state , cm_min_price , cm_max_price) values(39763,3294,'2019款 云控版 三厢 1.5L 自动尊贵型 国V','2019款',12,1,150900,150900);
insert into t_car_model(cm_id , cs_id , cm_name,cm_type ,cm_order , cm_state , cm_min_price , cm_max_price) values(39765,3294,'2019款 云控版 三厢 2.0L 自动尊贵型 国V','2019款',13,1,155900,155900);
insert into t_car_model(cm_id , cs_id , cm_name,cm_type ,cm_order , cm_state , cm_min_price , cm_max_price) values(39770,3294,'2019款 云控版 三厢 2.0L 自动旗舰型 国V','2019款',14,1,162900,162900);
insert into t_car_model(cm_id , cs_id , cm_name,cm_type ,cm_order , cm_state , cm_min_price , cm_max_price) values(39769,3294,'2019款 云控版 两厢 1.5L 自动舒适型 国V','2019款',15,1,123900,123900);
insert into t_car_model(cm_id , cs_id , cm_name,cm_type ,cm_order , cm_state , cm_min_price , cm_max_price) values(39773,3294,'2019款 云控版 两厢 1.5L 自动豪华型 国V','2019款',16,1,139900,139900);
insert into t_car_model(cm_id , cs_id , cm_name,cm_type ,cm_order , cm_state , cm_min_price , cm_max_price) values(39775,3294,'2019款 云控版 两厢 2.0L 自动豪华型 国V','2019款',17,1,149900,149900);
insert into t_car_model(cm_id , cs_id , cm_name,cm_type ,cm_order , cm_state , cm_min_price , cm_max_price) values(39777,3294,'2019款 云控版 两厢 2.0L 自动运动型 国V','2019款',18,1,159900,159900);
insert into t_car_model(cm_id , cs_id , cm_name,cm_type ,cm_order , cm_state , cm_min_price , cm_max_price) values(39656,3294,'2017款 三厢 1.5L 手动舒适型 国VI','2017款',1,1,112900,112900);
insert into t_car_model(cm_id , cs_id , cm_name,cm_type ,cm_order , cm_state , cm_min_price , cm_max_price) values(39657,3294,'2017款 三厢 1.5L 自动舒适型 国VI','2017款',2,1,123900,123900);
insert into t_car_model(cm_id , cs_id , cm_name,cm_type ,cm_order , cm_state , cm_min_price , cm_max_price) values(39658,3294,'2017款 三厢 1.5L 手动豪华型 国VI','2017款',3,1,128900,128900);
insert into t_car_model(cm_id , cs_id , cm_name,cm_type ,cm_order , cm_state , cm_min_price , cm_max_price) values(39659,3294,'2017款 三厢 1.5L 自动豪华型 国VI','2017款',4,1,139900,139900);
insert into t_car_model(cm_id , cs_id , cm_name,cm_type ,cm_order , cm_state , cm_min_price , cm_max_price) values(39660,3294,'2017款 三厢 1.5L 自动尊贵型 国VI','2017款',5,1,150900,150900);
insert into t_car_model(cm_id , cs_id , cm_name,cm_type ,cm_order , cm_state , cm_min_price , cm_max_price) values(39661,3294,'2017款 三厢 2.0L 自动尊贵型 国VI','2017款',6,1,155900,155900);
insert into t_car_model(cm_id , cs_id , cm_name,cm_type ,cm_order , cm_state , cm_min_price , cm_max_price) values(39662,3294,'2017款 三厢 2.0L 自动旗舰型 国VI','2017款',7,1,162900,162900);
insert into t_car_model(cm_id , cs_id , cm_name,cm_type ,cm_order , cm_state , cm_min_price , cm_max_price) values(39663,3294,'2017款 两厢 1.5L 手动舒适型 国VI','2017款',8,1,112900,112900);
insert into t_car_model(cm_id , cs_id , cm_name,cm_type ,cm_order , cm_state , cm_min_price , cm_max_price) values(29056,3294,'2017款 三厢 1.5L 手动舒适型 国V','2017款',9,1,112900,112900);
insert into t_car_model(cm_id , cs_id , cm_name,cm_type ,cm_order , cm_state , cm_min_price , cm_max_price) values(39664,3294,'2017款 两厢 1.5L 自动舒适型 国VI','2017款',10,1,123900,123900);
insert into t_car_model(cm_id , cs_id , cm_name,cm_type ,cm_order , cm_state , cm_min_price , cm_max_price) values(29057,3294,'2017款 三厢 1.5L 自动舒适型 国V','2017款',11,1,123900,123900);
insert into t_car_model(cm_id , cs_id , cm_name,cm_type ,cm_order , cm_state , cm_min_price , cm_max_price) values(39665,3294,'2017款 两厢 1.5L 自动豪华型 国VI','2017款',12,1,139900,139900);
insert into t_car_model(cm_id , cs_id , cm_name,cm_type ,cm_order , cm_state , cm_min_price , cm_max_price) values(29058,3294,'2017款 三厢 1.5L 手动豪华型 国V','2017款',13,1,128900,128900);
insert into t_car_model(cm_id , cs_id , cm_name,cm_type ,cm_order , cm_state , cm_min_price , cm_max_price) values(39666,3294,'2017款 两厢 2.0L 自动豪华型 国VI','2017款',14,1,149900,149900);
insert into t_car_model(cm_id , cs_id , cm_name,cm_type ,cm_order , cm_state , cm_min_price , cm_max_price) values(29048,3294,'2017款 三厢 1.5L 自动豪华型 国V','2017款',15,1,139900,139900);
insert into t_car_model(cm_id , cs_id , cm_name,cm_type ,cm_order , cm_state , cm_min_price , cm_max_price) values(39667,3294,'2017款 两厢 2.0L 自动运动型 国VI','2017款',16,1,159900,159900);
insert into t_car_model(cm_id , cs_id , cm_name,cm_type ,cm_order , cm_state , cm_min_price , cm_max_price) values(29050,3294,'2017款 三厢 1.5L 自动尊贵型 国V','2017款',17,1,150900,150900);
insert into t_car_model(cm_id , cs_id , cm_name,cm_type ,cm_order , cm_state , cm_min_price , cm_max_price) values(29052,3294,'2017款 三厢 2.0L 自动尊贵型 国V','2017款',18,1,155900,155900);
insert into t_car_model(cm_id , cs_id , cm_name,cm_type ,cm_order , cm_state , cm_min_price , cm_max_price) values(29059,3294,'2017款 三厢 2.0L 自动旗舰型 国V','2017款',19,1,162900,162900);
insert into t_car_model(cm_id , cs_id , cm_name,cm_type ,cm_order , cm_state , cm_min_price , cm_max_price) values(29060,3294,'2017款 两厢 1.5L 手动舒适型 国V','2017款',20,1,112900,112900);
insert into t_car_model(cm_id , cs_id , cm_name,cm_type ,cm_order , cm_state , cm_min_price , cm_max_price) values(29061,3294,'2017款 两厢 1.5L 自动舒适型 国V','2017款',21,1,123900,123900);
insert into t_car_model(cm_id , cs_id , cm_name,cm_type ,cm_order , cm_state , cm_min_price , cm_max_price) values(29062,3294,'2017款 两厢 1.5L 自动豪华型 国V','2017款',22,1,139900,139900);
insert into t_car_model(cm_id , cs_id , cm_name,cm_type ,cm_order , cm_state , cm_min_price , cm_max_price) values(29063,3294,'2017款 两厢 2.0L 自动豪华型 国V','2017款',23,1,149900,149900);
insert into t_car_model(cm_id , cs_id , cm_name,cm_type ,cm_order , cm_state , cm_min_price , cm_max_price) values(29051,3294,'2017款 两厢 2.0L 自动运动型 国V','2017款',24,1,159900,159900);
insert into t_car_model(cm_id , cs_id , cm_name,cm_type ,cm_order , cm_state , cm_min_price , cm_max_price) values(23580,3294,'2016款 三厢 1.5L 手动舒适型','2016款',1,1,114900,114900);
insert into t_car_model(cm_id , cs_id , cm_name,cm_type ,cm_order , cm_state , cm_min_price , cm_max_price) values(23581,3294,'2016款 三厢 1.5L 自动舒适型','2016款',2,1,125900,125900);
insert into t_car_model(cm_id , cs_id , cm_name,cm_type ,cm_order , cm_state , cm_min_price , cm_max_price) values(23551,3294,'2016款 三厢 1.5L 手动豪华型','2016款',3,1,127900,127900);
insert into t_car_model(cm_id , cs_id , cm_name,cm_type ,cm_order , cm_state , cm_min_price , cm_max_price) values(23582,3294,'2016款 三厢 1.5L 自动豪华型','2016款',4,1,138900,138900);
insert into t_car_model(cm_id , cs_id , cm_name,cm_type ,cm_order , cm_state , cm_min_price , cm_max_price) values(23583,3294,'2016款 三厢 1.5L 自动尊贵型','2016款',5,1,147900,147900);
insert into t_car_model(cm_id , cs_id , cm_name,cm_type ,cm_order , cm_state , cm_min_price , cm_max_price) values(23584,3294,'2016款 三厢 2.0L 自动运动型','2016款',6,1,152900,152900);
insert into t_car_model(cm_id , cs_id , cm_name,cm_type ,cm_order , cm_state , cm_min_price , cm_max_price) values(23554,3294,'2016款 三厢 2.0L 自动旗舰型','2016款',7,1,159900,159900);
insert into t_car_model(cm_id , cs_id , cm_name,cm_type ,cm_order , cm_state , cm_min_price , cm_max_price) values(23553,3294,'2016款 两厢 1.5L 手动舒适型','2016款',8,1,114900,114900);
insert into t_car_model(cm_id , cs_id , cm_name,cm_type ,cm_order , cm_state , cm_min_price , cm_max_price) values(23552,3294,'2016款 两厢 1.5L 自动舒适型','2016款',9,1,125900,125900);
insert into t_car_model(cm_id , cs_id , cm_name,cm_type ,cm_order , cm_state , cm_min_price , cm_max_price) values(23585,3294,'2016款 两厢 1.5L 自动豪华型','2016款',10,1,138900,138900);
insert into t_car_model(cm_id , cs_id , cm_name,cm_type ,cm_order , cm_state , cm_min_price , cm_max_price) values(23586,3294,'2016款 两厢 1.5L 自动尊贵型','2016款',11,1,147900,147900);
insert into t_car_model(cm_id , cs_id , cm_name,cm_type ,cm_order , cm_state , cm_min_price , cm_max_price) values(23587,3294,'2016款 两厢 2.0L 自动运动型','2016款',12,1,152900,152900);
insert into t_car_model(cm_id , cs_id , cm_name,cm_type ,cm_order , cm_state , cm_min_price , cm_max_price) values(23588,3294,'2016款 两厢 2.0L 自动旗舰型','2016款',13,1,159900,159900);
insert into t_car_model(cm_id , cs_id , cm_name,cm_type ,cm_order , cm_state , cm_min_price , cm_max_price) values(19035,3294,'2014款 三厢 1.5L 手动舒适型','2014款',1,1,114900,114900);
insert into t_car_model(cm_id , cs_id , cm_name,cm_type ,cm_order , cm_state , cm_min_price , cm_max_price) values(19036,3294,'2014款 三厢 1.5L 自动舒适型','2014款',2,1,125900,125900);
insert into t_car_model(cm_id , cs_id , cm_name,cm_type ,cm_order , cm_state , cm_min_price , cm_max_price) values(19037,3294,'2014款 三厢 1.5L 自动豪华型','2014款',3,1,138900,138900);
insert into t_car_model(cm_id , cs_id , cm_name,cm_type ,cm_order , cm_state , cm_min_price , cm_max_price) values(19038,3294,'2014款 三厢 1.5L 自动尊贵型','2014款',4,1,147900,147900);
insert into t_car_model(cm_id , cs_id , cm_name,cm_type ,cm_order , cm_state , cm_min_price , cm_max_price) values(19039,3294,'2014款 三厢 2.0L 自动运动型','2014款',5,1,152900,152900);
insert into t_car_model(cm_id , cs_id , cm_name,cm_type ,cm_order , cm_state , cm_min_price , cm_max_price) values(17797,3294,'2014款 三厢 2.0L 自动旗舰型','2014款',6,1,159900,159900);
insert into t_car_model(cm_id , cs_id , cm_name,cm_type ,cm_order , cm_state , cm_min_price , cm_max_price) values(19040,3294,'2014款 两厢 1.5L 手动舒适型','2014款',7,1,114900,114900);
insert into t_car_model(cm_id , cs_id , cm_name,cm_type ,cm_order , cm_state , cm_min_price , cm_max_price) values(19041,3294,'2014款 两厢 1.5L 自动豪华型','2014款',8,1,138900,138900);
insert into t_car_model(cm_id , cs_id , cm_name,cm_type ,cm_order , cm_state , cm_min_price , cm_max_price) values(19042,3294,'2014款 两厢 1.5L 自动尊贵型','2014款',9,1,147900,147900);
insert into t_car_model(cm_id , cs_id , cm_name,cm_type ,cm_order , cm_state , cm_min_price , cm_max_price) values(19043,3294,'2014款 两厢 2.0L 自动运动型','2014款',10,1,152900,152900);
insert into t_car_model(cm_id , cs_id , cm_name,cm_type ,cm_order , cm_state , cm_min_price , cm_max_price) values(18545,3294,'2014款 两厢 2.0L 自动旗舰型','2014款',11,1,159900,159900);
insert into t_car_series(cs_id,cbf_id,cs_name,cs_order,cs_letter) values(3154,176,'阿特兹',3380,'A');
insert into t_car_model(cm_id , cs_id , cm_name,cm_type ,cm_order , cm_state , cm_min_price , cm_max_price) values(50111,3154,'2021款 2.0L 蓝天时尚版','2021款',1,1,175800,175800);
insert into t_car_model(cm_id , cs_id , cm_name,cm_type ,cm_order , cm_state , cm_min_price , cm_max_price) values(50112,3154,'2021款 2.0L 蓝天豪华版','2021款',2,1,189800,189800);
insert into t_car_model(cm_id , cs_id , cm_name,cm_type ,cm_order , cm_state , cm_min_price , cm_max_price) values(50113,3154,'2021款 2.0L 蓝天尊贵版','2021款',3,1,198800,198800);
insert into t_car_model(cm_id , cs_id , cm_name,cm_type ,cm_order , cm_state , cm_min_price , cm_max_price) values(49994,3154,'2021款 2.5L 蓝天运动版','2021款',4,1,199800,199800);
insert into t_car_model(cm_id , cs_id , cm_name,cm_type ,cm_order , cm_state , cm_min_price , cm_max_price) values(49995,3154,'2021款 2.5L 蓝天尊崇版','2021款',5,1,218800,218800);
insert into t_car_model(cm_id , cs_id , cm_name,cm_type ,cm_order , cm_state , cm_min_price , cm_max_price) values(50060,3154,'2021款 2.5L 蓝天至尊版','2021款',6,1,239800,239800);
insert into t_car_model(cm_id , cs_id , cm_name,cm_type ,cm_order , cm_state , cm_min_price , cm_max_price) values(41036,3154,'2020款 2.0L 蓝天时尚版','2020款',1,1,175800,175800);
insert into t_car_model(cm_id , cs_id , cm_name,cm_type ,cm_order , cm_state , cm_min_price , cm_max_price) values(41037,3154,'2020款 2.0L 蓝天豪华版','2020款',2,1,189800,189800);
insert into t_car_model(cm_id , cs_id , cm_name,cm_type ,cm_order , cm_state , cm_min_price , cm_max_price) values(41038,3154,'2020款 2.0L 蓝天尊贵版','2020款',3,1,198800,198800);
insert into t_car_model(cm_id , cs_id , cm_name,cm_type ,cm_order , cm_state , cm_min_price , cm_max_price) values(41039,3154,'2020款 2.5L 蓝天运动版','2020款',4,1,199800,199800);
insert into t_car_model(cm_id , cs_id , cm_name,cm_type ,cm_order , cm_state , cm_min_price , cm_max_price) values(41040,3154,'2020款 2.5L 蓝天尊崇版','2020款',5,1,218800,218800);
insert into t_car_model(cm_id , cs_id , cm_name,cm_type ,cm_order , cm_state , cm_min_price , cm_max_price) values(40685,3154,'2020款 2.5L 蓝天至尊版','2020款',6,1,239800,239800);
insert into t_car_model(cm_id , cs_id , cm_name,cm_type ,cm_order , cm_state , cm_min_price , cm_max_price) values(47949,3154,'2020款 2.5L 100周年特别纪念款','2020款',7,1,247800,247800);
insert into t_car_model(cm_id , cs_id , cm_name,cm_type ,cm_order , cm_state , cm_min_price , cm_max_price) values(38011,3154,'2018款 2.0L 智领科技版 国V','2018款',1,1,189800,189800);
insert into t_car_model(cm_id , cs_id , cm_name,cm_type ,cm_order , cm_state , cm_min_price , cm_max_price) values(38030,3154,'2018款 2.0L 智领科技版 国VI','2018款',2,1,189800,189800);
insert into t_car_model(cm_id , cs_id , cm_name,cm_type ,cm_order , cm_state , cm_min_price , cm_max_price) values(34338,3154,'2018款 2.5L 蓝天尊崇科技限量版','2018款',3,1,218800,218800);
insert into t_car_model(cm_id , cs_id , cm_name,cm_type ,cm_order , cm_state , cm_min_price , cm_max_price) values(32314,3154,'2018款 2.0L 蓝天时尚版 国V','2018款',4,1,175800,175800);
insert into t_car_model(cm_id , cs_id , cm_name,cm_type ,cm_order , cm_state , cm_min_price , cm_max_price) values(39783,3154,'2018款 2.0L 蓝天时尚版 国VI','2018款',5,1,175800,175800);
insert into t_car_model(cm_id , cs_id , cm_name,cm_type ,cm_order , cm_state , cm_min_price , cm_max_price) values(32315,3154,'2018款 2.0L 蓝天豪华版 国V','2018款',6,1,189800,189800);
insert into t_car_model(cm_id , cs_id , cm_name,cm_type ,cm_order , cm_state , cm_min_price , cm_max_price) values(39784,3154,'2018款 2.0L 蓝天豪华版 国VI','2018款',7,1,189800,189800);
insert into t_car_model(cm_id , cs_id , cm_name,cm_type ,cm_order , cm_state , cm_min_price , cm_max_price) values(32316,3154,'2018款 2.0L 蓝天尊贵版 国V','2018款',8,1,198800,198800);
insert into t_car_model(cm_id , cs_id , cm_name,cm_type ,cm_order , cm_state , cm_min_price , cm_max_price) values(39785,3154,'2018款 2.0L 蓝天尊贵版 国VI','2018款',9,1,198800,198800);
insert into t_car_model(cm_id , cs_id , cm_name,cm_type ,cm_order , cm_state , cm_min_price , cm_max_price) values(32317,3154,'2018款 2.5L 蓝天运动版 国V','2018款',10,1,199800,199800);
insert into t_car_model(cm_id , cs_id , cm_name,cm_type ,cm_order , cm_state , cm_min_price , cm_max_price) values(39788,3154,'2018款 2.5L 蓝天运动版 国VI','2018款',11,1,199800,199800);
insert into t_car_model(cm_id , cs_id , cm_name,cm_type ,cm_order , cm_state , cm_min_price , cm_max_price) values(32318,3154,'2018款 2.5L 蓝天尊崇版 国V','2018款',12,1,216800,216800);
insert into t_car_model(cm_id , cs_id , cm_name,cm_type ,cm_order , cm_state , cm_min_price , cm_max_price) values(39790,3154,'2018款 2.5L 蓝天尊崇版 国VI','2018款',13,1,216800,216800);
insert into t_car_model(cm_id , cs_id , cm_name,cm_type ,cm_order , cm_state , cm_min_price , cm_max_price) values(32223,3154,'2018款 2.5L 蓝天至尊版 国V','2018款',14,1,237800,237800);
insert into t_car_model(cm_id , cs_id , cm_name,cm_type ,cm_order , cm_state , cm_min_price , cm_max_price) values(39792,3154,'2018款 2.5L 蓝天至尊版 国VI','2018款',15,1,237800,237800);
insert into t_car_model(cm_id , cs_id , cm_name,cm_type ,cm_order , cm_state , cm_min_price , cm_max_price) values(27290,3154,'2017款 2.0L 蓝天时尚版','2017款',1,1,175800,175800);
insert into t_car_model(cm_id , cs_id , cm_name,cm_type ,cm_order , cm_state , cm_min_price , cm_max_price) values(27291,3154,'2017款 2.0L 蓝天豪华版','2017款',2,1,189800,189800);
insert into t_car_model(cm_id , cs_id , cm_name,cm_type ,cm_order , cm_state , cm_min_price , cm_max_price) values(27292,3154,'2017款 2.0L 蓝天尊贵版','2017款',3,1,198800,198800);
insert into t_car_model(cm_id , cs_id , cm_name,cm_type ,cm_order , cm_state , cm_min_price , cm_max_price) values(27282,3154,'2017款 2.5L 蓝天运动版','2017款',4,1,199800,199800);
insert into t_car_model(cm_id , cs_id , cm_name,cm_type ,cm_order , cm_state , cm_min_price , cm_max_price) values(27289,3154,'2017款 2.5L 蓝天尊崇版','2017款',5,1,215800,215800);
insert into t_car_model(cm_id , cs_id , cm_name,cm_type ,cm_order , cm_state , cm_min_price , cm_max_price) values(27152,3154,'2017款 2.5L 蓝天至尊版','2017款',6,1,235800,235800);
insert into t_car_model(cm_id , cs_id , cm_name,cm_type ,cm_order , cm_state , cm_min_price , cm_max_price) values(23364,3154,'2015款 2.0L 蓝天时尚版','2015款',1,1,179800,179800);
insert into t_car_model(cm_id , cs_id , cm_name,cm_type ,cm_order , cm_state , cm_min_price , cm_max_price) values(23365,3154,'2015款 2.0L 蓝天豪华版','2015款',2,1,188800,188800);
insert into t_car_model(cm_id , cs_id , cm_name,cm_type ,cm_order , cm_state , cm_min_price , cm_max_price) values(23366,3154,'2015款 2.0L 蓝天尊贵版','2015款',3,1,205800,205800);
insert into t_car_model(cm_id , cs_id , cm_name,cm_type ,cm_order , cm_state , cm_min_price , cm_max_price) values(23363,3154,'2015款 2.5L 蓝天运动版','2015款',4,1,199800,199800);
insert into t_car_model(cm_id , cs_id , cm_name,cm_type ,cm_order , cm_state , cm_min_price , cm_max_price) values(23367,3154,'2015款 2.5L 蓝天尊崇版','2015款',5,1,215800,215800);
insert into t_car_model(cm_id , cs_id , cm_name,cm_type ,cm_order , cm_state , cm_min_price , cm_max_price) values(22591,3154,'2015款 2.5L 蓝天至尊版','2015款',6,1,239800,239800);
insert into t_car_model(cm_id , cs_id , cm_name,cm_type ,cm_order , cm_state , cm_min_price , cm_max_price) values(19123,3154,'2014款 2.0L 蓝天时尚版','2014款',1,1,179800,179800);
insert into t_car_model(cm_id , cs_id , cm_name,cm_type ,cm_order , cm_state , cm_min_price , cm_max_price) values(19124,3154,'2014款 2.0L 蓝天豪华版','2014款',2,1,188800,188800);
insert into t_car_model(cm_id , cs_id , cm_name,cm_type ,cm_order , cm_state , cm_min_price , cm_max_price) values(16372,3154,'2014款 2.0L 蓝天尊贵版','2014款',3,1,205800,205800);
insert into t_car_model(cm_id , cs_id , cm_name,cm_type ,cm_order , cm_state , cm_min_price , cm_max_price) values(19125,3154,'2014款 2.5L 蓝天尊崇版','2014款',4,1,215800,215800);
insert into t_car_model(cm_id , cs_id , cm_name,cm_type ,cm_order , cm_state , cm_min_price , cm_max_price) values(18549,3154,'2014款 2.5L 蓝天至尊版','2014款',5,1,239800,239800);
insert into t_car_series(cs_id,cbf_id,cs_name,cs_order,cs_letter) values(5586,176,'马自达CX-30',3381,'M');
insert into t_car_model(cm_id , cs_id , cm_name,cm_type ,cm_order , cm_state , cm_min_price , cm_max_price) values(51817,5586,'2021款 2.0L 手动尚悦型','2021款',1,1,129900,129900);
insert into t_car_model(cm_id , cs_id , cm_name,cm_type ,cm_order , cm_state , cm_min_price , cm_max_price) values(51884,5586,'2021款 2.0L 自动尚悦型','2021款',2,1,139900,139900);
insert into t_car_model(cm_id , cs_id , cm_name,cm_type ,cm_order , cm_state , cm_min_price , cm_max_price) values(51885,5586,'2021款 2.0L 自动质悦型','2021款',3,1,143900,143900);
insert into t_car_model(cm_id , cs_id , cm_name,cm_type ,cm_order , cm_state , cm_min_price , cm_max_price) values(51886,5586,'2021款 2.0L 自动雅悦型','2021款',4,1,147900,147900);
insert into t_car_model(cm_id , cs_id , cm_name,cm_type ,cm_order , cm_state , cm_min_price , cm_max_price) values(51887,5586,'2021款  2.0L 自动嘉悦型','2021款',5,1,151900,151900);
insert into t_car_model(cm_id , cs_id , cm_name,cm_type ,cm_order , cm_state , cm_min_price , cm_max_price) values(51888,5586,'2021款 2.0L 自动耀悦型','2021款',6,1,158900,158900);
insert into t_car_model(cm_id , cs_id , cm_name,cm_type ,cm_order , cm_state , cm_min_price , cm_max_price) values(51889,5586,'2021款 2.0L 自动尊悦型','2021款',7,1,171900,171900);
insert into t_car_model(cm_id , cs_id , cm_name,cm_type ,cm_order , cm_state , cm_min_price , cm_max_price) values(46826,5586,'2020款 2.0L X压燃尊荣型','2020款',1,1,199900,199900);
insert into t_car_model(cm_id , cs_id , cm_name,cm_type ,cm_order , cm_state , cm_min_price , cm_max_price) values(45243,5586,'2020款 2.0L 手动尚悦型','2020款',2,1,129900,129900);
insert into t_car_model(cm_id , cs_id , cm_name,cm_type ,cm_order , cm_state , cm_min_price , cm_max_price) values(45244,5586,'2020款 2.0L 自动尚悦型','2020款',3,1,139900,139900);
insert into t_car_model(cm_id , cs_id , cm_name,cm_type ,cm_order , cm_state , cm_min_price , cm_max_price) values(45233,5586,'2020款 2.0L 自动质悦型','2020款',4,1,143900,143900);
insert into t_car_model(cm_id , cs_id , cm_name,cm_type ,cm_order , cm_state , cm_min_price , cm_max_price) values(45245,5586,'2020款 2.0L 自动雅悦型','2020款',5,1,147900,147900);
insert into t_car_model(cm_id , cs_id , cm_name,cm_type ,cm_order , cm_state , cm_min_price , cm_max_price) values(45232,5586,'2020款 2.0L 自动嘉悦型','2020款',6,1,151900,151900);
insert into t_car_model(cm_id , cs_id , cm_name,cm_type ,cm_order , cm_state , cm_min_price , cm_max_price) values(45246,5586,'2020款 2.0L 自动领悦型','2020款',7,1,154900,154900);
insert into t_car_model(cm_id , cs_id , cm_name,cm_type ,cm_order , cm_state , cm_min_price , cm_max_price) values(43515,5586,'2020款 2.0L 自动耀悦型','2020款',8,1,158900,158900);
insert into t_car_model(cm_id , cs_id , cm_name,cm_type ,cm_order , cm_state , cm_min_price , cm_max_price) values(45247,5586,'2020款 2.0L 自动尊悦型','2020款',9,1,171900,171900);
insert into t_car_series(cs_id,cbf_id,cs_name,cs_order,cs_letter) values(6141,176,'马自达CX-30 EV',3382,'M');
insert into t_car_model(cm_id , cs_id , cm_name,cm_type ,cm_order , cm_state , cm_min_price , cm_max_price) values(53495,6141,'2021款 纯电驭享版','2021款',1,1,159800,159800);
insert into t_car_model(cm_id , cs_id , cm_name,cm_type ,cm_order , cm_state , cm_min_price , cm_max_price) values(53496,6141,'2021款 纯电劲享版','2021款',2,1,180800,180800);
insert into t_car_model(cm_id , cs_id , cm_name,cm_type ,cm_order , cm_state , cm_min_price , cm_max_price) values(50797,6141,'2021款 纯电尊享版','2021款',3,1,201800,201800);
insert into t_car_series(cs_id,cbf_id,cs_name,cs_order,cs_letter) values(3968,176,'马自达CX-4',3383,'M');
insert into t_car_model(cm_id , cs_id , cm_name,cm_type ,cm_order , cm_state , cm_min_price , cm_max_price) values(46954,3968,'2021款 2.0L 自动两驱蓝天青春版','2021款',1,1,148800,148800);
insert into t_car_model(cm_id , cs_id , cm_name,cm_type ,cm_order , cm_state , cm_min_price , cm_max_price) values(46955,3968,'2021款 2.0L 自动两驱蓝天活力版','2021款',2,1,152800,152800);
insert into t_car_model(cm_id , cs_id , cm_name,cm_type ,cm_order , cm_state , cm_min_price , cm_max_price) values(46956,3968,'2021款 2.0L 自动两驱蓝天探索版','2021款',3,1,160800,160800);
insert into t_car_model(cm_id , cs_id , cm_name,cm_type ,cm_order , cm_state , cm_min_price , cm_max_price) values(46957,3968,'2021款 2.0L 自动两驱蓝天品位版','2021款',4,1,169800,169800);
insert into t_car_model(cm_id , cs_id , cm_name,cm_type ,cm_order , cm_state , cm_min_price , cm_max_price) values(46958,3968,'2021款 2.0L 自动两驱蓝天领先版','2021款',5,1,178800,178800);
insert into t_car_model(cm_id , cs_id , cm_name,cm_type ,cm_order , cm_state , cm_min_price , cm_max_price) values(46959,3968,'2021款 2.5L 自动两驱蓝天驾趣版','2021款',6,1,179800,179800);
insert into t_car_model(cm_id , cs_id , cm_name,cm_type ,cm_order , cm_state , cm_min_price , cm_max_price) values(46960,3968,'2021款 2.5L 自动四驱蓝天激情版','2021款',7,1,195800,195800);
insert into t_car_model(cm_id , cs_id , cm_name,cm_type ,cm_order , cm_state , cm_min_price , cm_max_price) values(46961,3968,'2021款 2.5L 自动四驱蓝天无畏版','2021款',8,1,215800,215800);
insert into t_car_model(cm_id , cs_id , cm_name,cm_type ,cm_order , cm_state , cm_min_price , cm_max_price) values(42488,3968,'2020款 2.0L 自动两驱蓝天青春版','2020款',1,1,148800,148800);
insert into t_car_model(cm_id , cs_id , cm_name,cm_type ,cm_order , cm_state , cm_min_price , cm_max_price) values(42750,3968,'2020款 2.0L 自动两驱蓝天活力版','2020款',2,1,152800,152800);
insert into t_car_model(cm_id , cs_id , cm_name,cm_type ,cm_order , cm_state , cm_min_price , cm_max_price) values(42751,3968,'2020款 2.0L 自动两驱蓝天探索版','2020款',3,1,160800,160800);
insert into t_car_model(cm_id , cs_id , cm_name,cm_type ,cm_order , cm_state , cm_min_price , cm_max_price) values(42752,3968,'2020款 2.0L 自动两驱蓝天品位版','2020款',4,1,169800,169800);
insert into t_car_model(cm_id , cs_id , cm_name,cm_type ,cm_order , cm_state , cm_min_price , cm_max_price) values(42753,3968,'2020款 2.0L 自动两驱蓝天领先版','2020款',5,1,178800,178800);
insert into t_car_model(cm_id , cs_id , cm_name,cm_type ,cm_order , cm_state , cm_min_price , cm_max_price) values(42489,3968,'2020款 2.5L 自动两驱蓝天驾趣版','2020款',6,1,179800,179800);
insert into t_car_model(cm_id , cs_id , cm_name,cm_type ,cm_order , cm_state , cm_min_price , cm_max_price) values(42754,3968,'2020款 2.5L 自动四驱蓝天激情版','2020款',7,1,195800,195800);
insert into t_car_model(cm_id , cs_id , cm_name,cm_type ,cm_order , cm_state , cm_min_price , cm_max_price) values(42229,3968,'2020款  2.5L 自动四驱蓝天无畏版','2020款',8,1,215800,215800);
insert into t_car_model(cm_id , cs_id , cm_name,cm_type ,cm_order , cm_state , cm_min_price , cm_max_price) values(31387,3968,'2018款  2.0L 手动两驱蓝天活力版 国V','2018款',1,1,140800,140800);
insert into t_car_model(cm_id , cs_id , cm_name,cm_type ,cm_order , cm_state , cm_min_price , cm_max_price) values(31390,3968,'2018款 2.0L 自动两驱蓝天品位版','2018款',2,1,169800,169800);
insert into t_car_model(cm_id , cs_id , cm_name,cm_type ,cm_order , cm_state , cm_min_price , cm_max_price) values(34336,3968,'2018款 2.0L 自动两驱蓝天品位科技限量版','2018款',3,1,173800,173800);
insert into t_car_model(cm_id , cs_id , cm_name,cm_type ,cm_order , cm_state , cm_min_price , cm_max_price) values(38012,3968,'2018款 2.0L 自动两驱智领科技版 国V','2018款',4,1,160800,160800);
insert into t_car_model(cm_id , cs_id , cm_name,cm_type ,cm_order , cm_state , cm_min_price , cm_max_price) values(38031,3968,'2018款 2.0L 自动两驱智领科技版 国VI','2018款',5,1,160800,160800);
insert into t_car_model(cm_id , cs_id , cm_name,cm_type ,cm_order , cm_state , cm_min_price , cm_max_price) values(31388,3968,'2018款 2.0L 自动两驱蓝天活力版 国V','2018款',6,1,152800,152800);
insert into t_car_model(cm_id , cs_id , cm_name,cm_type ,cm_order , cm_state , cm_min_price , cm_max_price) values(39786,3968,'2018款 2.0L 自动两驱蓝天活力版 国VI','2018款',7,1,152800,152800);
insert into t_car_model(cm_id , cs_id , cm_name,cm_type ,cm_order , cm_state , cm_min_price , cm_max_price) values(31389,3968,'2018款 2.0L 自动两驱蓝天探索版 国V','2018款',8,1,160800,160800);
insert into t_car_model(cm_id , cs_id , cm_name,cm_type ,cm_order , cm_state , cm_min_price , cm_max_price) values(39787,3968,'2018款 2.0L 自动两驱蓝天探索版 国VI','2018款',9,1,160800,160800);
insert into t_car_model(cm_id , cs_id , cm_name,cm_type ,cm_order , cm_state , cm_min_price , cm_max_price) values(35654,3968,'2018款 2.0L 自动两驱蓝天品位升级版 国V','2018款',10,1,169800,169800);
insert into t_car_model(cm_id , cs_id , cm_name,cm_type ,cm_order , cm_state , cm_min_price , cm_max_price) values(39789,3968,'2018款 2.0L 自动两驱蓝天品位升级版 国VI','2018款',11,1,169800,169800);
insert into t_car_model(cm_id , cs_id , cm_name,cm_type ,cm_order , cm_state , cm_min_price , cm_max_price) values(34337,3968,'2018款 2.5L 自动四驱蓝天激情科技限量版','2018款',12,1,197800,197800);
insert into t_car_model(cm_id , cs_id , cm_name,cm_type ,cm_order , cm_state , cm_min_price , cm_max_price) values(31391,3968,'2018款 2.0L 自动两驱蓝天领先版 国V','2018款',13,1,187800,187800);
insert into t_car_model(cm_id , cs_id , cm_name,cm_type ,cm_order , cm_state , cm_min_price , cm_max_price) values(39791,3968,'2018款 2.0L 自动两驱蓝天领先版 国VI','2018款',14,1,187800,187800);
insert into t_car_model(cm_id , cs_id , cm_name,cm_type ,cm_order , cm_state , cm_min_price , cm_max_price) values(36480,3968,'2018款 2.5L 自动四驱蓝天运动版 国V','2018款',15,1,182800,182800);
insert into t_car_model(cm_id , cs_id , cm_name,cm_type ,cm_order , cm_state , cm_min_price , cm_max_price) values(39793,3968,'2018款 2.5L 自动四驱蓝天运动版 国VI','2018款',16,1,182800,182800);
insert into t_car_model(cm_id , cs_id , cm_name,cm_type ,cm_order , cm_state , cm_min_price , cm_max_price) values(31392,3968,'2018款 2.5L 自动四驱蓝天激情版 国V','2018款',17,1,192800,192800);
insert into t_car_model(cm_id , cs_id , cm_name,cm_type ,cm_order , cm_state , cm_min_price , cm_max_price) values(39794,3968,'2018款 2.5L 自动四驱蓝天激情版 国VI','2018款',18,1,192800,192800);
insert into t_car_model(cm_id , cs_id , cm_name,cm_type ,cm_order , cm_state , cm_min_price , cm_max_price) values(31393,3968,'2018款 2.5L 自动四驱蓝天无畏版 国V','2018款',19,1,215800,215800);
insert into t_car_model(cm_id , cs_id , cm_name,cm_type ,cm_order , cm_state , cm_min_price , cm_max_price) values(39795,3968,'2018款 2.5L 自动四驱蓝天无畏版 国VI','2018款',20,1,215800,215800);
insert into t_car_model(cm_id , cs_id , cm_name,cm_type ,cm_order , cm_state , cm_min_price , cm_max_price) values(26548,3968,'2016款 2.0L 手动两驱蓝天活力版','2016款',1,1,140800,140800);
insert into t_car_model(cm_id , cs_id , cm_name,cm_type ,cm_order , cm_state , cm_min_price , cm_max_price) values(26549,3968,'2016款 2.0L 自动两驱蓝天活力版','2016款',2,1,152800,152800);
insert into t_car_model(cm_id , cs_id , cm_name,cm_type ,cm_order , cm_state , cm_min_price , cm_max_price) values(26550,3968,'2016款 2.0L 自动两驱蓝天活力真皮版','2016款',3,1,156800,156800);
insert into t_car_model(cm_id , cs_id , cm_name,cm_type ,cm_order , cm_state , cm_min_price , cm_max_price) values(29455,3968,'2016款 2.0L 自动两驱蓝天探索版','2016款',4,1,160800,160800);
insert into t_car_model(cm_id , cs_id , cm_name,cm_type ,cm_order , cm_state , cm_min_price , cm_max_price) values(26552,3968,'2016款 2.0L 自动两驱蓝天品位版','2016款',5,1,169800,169800);
insert into t_car_model(cm_id , cs_id , cm_name,cm_type ,cm_order , cm_state , cm_min_price , cm_max_price) values(26553,3968,'2016款 2.0L 自动两驱蓝天领先版','2016款',6,1,187800,187800);
insert into t_car_model(cm_id , cs_id , cm_name,cm_type ,cm_order , cm_state , cm_min_price , cm_max_price) values(26474,3968,'2016款 2.5L 自动四驱蓝天激情版','2016款',7,1,192800,192800);
insert into t_car_model(cm_id , cs_id , cm_name,cm_type ,cm_order , cm_state , cm_min_price , cm_max_price) values(24698,3968,'2016款 2.5L 自动四驱蓝天无畏版','2016款',8,1,215800,215800);
insert into t_car_series(cs_id,cbf_id,cs_name,cs_order,cs_letter) values(2987,176,'马自达CX-5',3384,'M');
insert into t_car_model(cm_id , cs_id , cm_name,cm_type ,cm_order , cm_state , cm_min_price , cm_max_price) values(51051,2987,'2021款 2.0L 自动两驱舒适型','2021款',1,1,179800,179800);
insert into t_car_model(cm_id , cs_id , cm_name,cm_type ,cm_order , cm_state , cm_min_price , cm_max_price) values(51052,2987,'2021款 2.0L 自动两驱智慧型','2021款',2,1,189800,189800);
insert into t_car_model(cm_id , cs_id , cm_name,cm_type ,cm_order , cm_state , cm_min_price , cm_max_price) values(51053,2987,'2021款 2.0L 自动两驱智尊型','2021款',3,1,199800,199800);
insert into t_car_model(cm_id , cs_id , cm_name,cm_type ,cm_order , cm_state , cm_min_price , cm_max_price) values(50798,2987,'2021款 2.0L 自动两驱黑骑士','2021款',4,1,201800,201800);
insert into t_car_model(cm_id , cs_id , cm_name,cm_type ,cm_order , cm_state , cm_min_price , cm_max_price) values(51054,2987,'2021款 2.5L 自动两驱智慧型','2021款',5,1,209800,209800);
insert into t_car_model(cm_id , cs_id , cm_name,cm_type ,cm_order , cm_state , cm_min_price , cm_max_price) values(51055,2987,'2021款 2.5L 自动两驱智尊型','2021款',6,1,219800,219800);
insert into t_car_model(cm_id , cs_id , cm_name,cm_type ,cm_order , cm_state , cm_min_price , cm_max_price) values(50799,2987,'2021款 2.5L 自动两驱黑骑士','2021款',7,1,221800,221800);
insert into t_car_model(cm_id , cs_id , cm_name,cm_type ,cm_order , cm_state , cm_min_price , cm_max_price) values(51056,2987,'2021款 2.5L 自动四驱智尊型','2021款',8,1,233800,233800);
insert into t_car_model(cm_id , cs_id , cm_name,cm_type ,cm_order , cm_state , cm_min_price , cm_max_price) values(50692,2987,'2021款 2.5L 自动四驱黑骑士','2021款',9,1,235800,235800);
insert into t_car_model(cm_id , cs_id , cm_name,cm_type ,cm_order , cm_state , cm_min_price , cm_max_price) values(51057,2987,'2021款 2.5L 自动四驱旗舰型','2021款',10,1,245800,245800);
insert into t_car_model(cm_id , cs_id , cm_name,cm_type ,cm_order , cm_state , cm_min_price , cm_max_price) values(42195,2987,'2020款 2.0L 自动两驱舒适型','2020款',1,1,179800,179800);
insert into t_car_model(cm_id , cs_id , cm_name,cm_type ,cm_order , cm_state , cm_min_price , cm_max_price) values(42196,2987,'2020款 2.0L 自动两驱智慧型','2020款',2,1,189800,189800);
insert into t_car_model(cm_id , cs_id , cm_name,cm_type ,cm_order , cm_state , cm_min_price , cm_max_price) values(42197,2987,'2020款 2.0L 自动两驱智尊型','2020款',3,1,199800,199800);
insert into t_car_model(cm_id , cs_id , cm_name,cm_type ,cm_order , cm_state , cm_min_price , cm_max_price) values(41562,2987,'2020款 2.5L 自动两驱智慧型','2020款',4,1,209800,209800);
insert into t_car_model(cm_id , cs_id , cm_name,cm_type ,cm_order , cm_state , cm_min_price , cm_max_price) values(42198,2987,'2020款 2.5L 自动两驱智尊型','2020款',5,1,219800,219800);
insert into t_car_model(cm_id , cs_id , cm_name,cm_type ,cm_order , cm_state , cm_min_price , cm_max_price) values(42199,2987,'2020款 2.5L 自动四驱智尊型','2020款',6,1,233800,233800);
insert into t_car_model(cm_id , cs_id , cm_name,cm_type ,cm_order , cm_state , cm_min_price , cm_max_price) values(42200,2987,'2020款 2.5L 自动四驱旗舰型','2020款',7,1,245800,245800);
insert into t_car_model(cm_id , cs_id , cm_name,cm_type ,cm_order , cm_state , cm_min_price , cm_max_price) values(45720,2987,'2020款 改款 2.0L 自动两驱智慧型','2020款',8,1,189800,189800);
insert into t_car_model(cm_id , cs_id , cm_name,cm_type ,cm_order , cm_state , cm_min_price , cm_max_price) values(45721,2987,'2020款 改款 2.0L 自动两驱智尊型','2020款',9,1,199800,199800);
insert into t_car_model(cm_id , cs_id , cm_name,cm_type ,cm_order , cm_state , cm_min_price , cm_max_price) values(45722,2987,'2020款 改款  2.5L 自动两驱智尊型','2020款',10,1,219800,219800);
insert into t_car_model(cm_id , cs_id , cm_name,cm_type ,cm_order , cm_state , cm_min_price , cm_max_price) values(45723,2987,'2020款 改款 2.5L 自动四驱智尊型','2020款',11,1,233800,233800);
insert into t_car_model(cm_id , cs_id , cm_name,cm_type ,cm_order , cm_state , cm_min_price , cm_max_price) values(37431,2987,'2019款 云控版 2.0L 自动两驱舒适型 国V','2019款',1,1,179800,179800);
insert into t_car_model(cm_id , cs_id , cm_name,cm_type ,cm_order , cm_state , cm_min_price , cm_max_price) values(39678,2987,'2019款 云控版 2.0L 自动两驱舒适型 国VI','2019款',2,1,179800,179800);
insert into t_car_model(cm_id , cs_id , cm_name,cm_type ,cm_order , cm_state , cm_min_price , cm_max_price) values(37432,2987,'2019款 云控版 2.0L 自动两驱智尚型 国V','2019款',3,1,189800,189800);
insert into t_car_model(cm_id , cs_id , cm_name,cm_type ,cm_order , cm_state , cm_min_price , cm_max_price) values(39679,2987,'2019款 云控版 2.0L 自动两驱智尚型 国VI','2019款',4,1,189800,189800);
insert into t_car_model(cm_id , cs_id , cm_name,cm_type ,cm_order , cm_state , cm_min_price , cm_max_price) values(37433,2987,'2019款 云控版 2.0L 自动两驱智享型 国V','2019款',5,1,199800,199800);
insert into t_car_model(cm_id , cs_id , cm_name,cm_type ,cm_order , cm_state , cm_min_price , cm_max_price) values(39681,2987,'2019款 云控版 2.0L 自动两驱智享型 国VI','2019款',6,1,199800,199800);
insert into t_car_model(cm_id , cs_id , cm_name,cm_type ,cm_order , cm_state , cm_min_price , cm_max_price) values(37434,2987,'2019款 云控版 2.0L 自动四驱智享型 国V','2019款',7,1,209800,209800);
insert into t_car_model(cm_id , cs_id , cm_name,cm_type ,cm_order , cm_state , cm_min_price , cm_max_price) values(39685,2987,'2019款 云控版 2.5L 自动四驱智尊型 国VI','2019款',8,1,229800,229800);
insert into t_car_model(cm_id , cs_id , cm_name,cm_type ,cm_order , cm_state , cm_min_price , cm_max_price) values(39683,2987,'2019款 云控版 2.0L 自动四驱智享型 国VI','2019款',9,1,209800,209800);
insert into t_car_model(cm_id , cs_id , cm_name,cm_type ,cm_order , cm_state , cm_min_price , cm_max_price) values(37435,2987,'2019款 云控版 2.5L 自动两驱智尊型 国V','2019款',10,1,219800,219800);
insert into t_car_model(cm_id , cs_id , cm_name,cm_type ,cm_order , cm_state , cm_min_price , cm_max_price) values(39684,2987,'2019款 云控版 2.5L 自动两驱智尊型 国VI','2019款',11,1,219800,219800);
insert into t_car_model(cm_id , cs_id , cm_name,cm_type ,cm_order , cm_state , cm_min_price , cm_max_price) values(37436,2987,'2019款 云控版 2.5L 自动四驱智尊型 国V','2019款',12,1,229800,229800);
insert into t_car_model(cm_id , cs_id , cm_name,cm_type ,cm_order , cm_state , cm_min_price , cm_max_price) values(37437,2987,'2019款 云控版 2.5L 自动四驱旗舰型 国V','2019款',13,1,245800,245800);
insert into t_car_model(cm_id , cs_id , cm_name,cm_type ,cm_order , cm_state , cm_min_price , cm_max_price) values(39687,2987,'2019款 云控版 2.5L 自动四驱旗舰型 国VI','2019款',14,1,245800,245800);
insert into t_car_model(cm_id , cs_id , cm_name,cm_type ,cm_order , cm_state , cm_min_price , cm_max_price) values(36443,2987,'2018款 2.5L 自动四驱i-ELOOP智尊型 国VI','2018款',1,1,233800,233800);
insert into t_car_model(cm_id , cs_id , cm_name,cm_type ,cm_order , cm_state , cm_min_price , cm_max_price) values(31399,2987,'2017款 2.0L 手动两驱舒适型 国V','2017款',1,1,169800,169800);
insert into t_car_model(cm_id , cs_id , cm_name,cm_type ,cm_order , cm_state , cm_min_price , cm_max_price) values(39688,2987,'2017款 2.0L 手动两驱舒适型 国VI','2017款',2,1,169800,169800);
insert into t_car_model(cm_id , cs_id , cm_name,cm_type ,cm_order , cm_state , cm_min_price , cm_max_price) values(31401,2987,'2017款 2.0L 自动两驱舒适型 国V','2017款',3,1,179800,179800);
insert into t_car_model(cm_id , cs_id , cm_name,cm_type ,cm_order , cm_state , cm_min_price , cm_max_price) values(39689,2987,'2017款 2.0L 自动两驱舒适型 国VI','2017款',4,1,179800,179800);
insert into t_car_model(cm_id , cs_id , cm_name,cm_type ,cm_order , cm_state , cm_min_price , cm_max_price) values(31403,2987,'2017款 2.0L 自动两驱智尚型 国V','2017款',5,1,189800,189800);
insert into t_car_model(cm_id , cs_id , cm_name,cm_type ,cm_order , cm_state , cm_min_price , cm_max_price) values(39690,2987,'2017款 2.0L 自动两驱智尚型 国VI','2017款',6,1,189800,189800);
insert into t_car_model(cm_id , cs_id , cm_name,cm_type ,cm_order , cm_state , cm_min_price , cm_max_price) values(31412,2987,'2017款 2.0L 自动两驱智享型 国V','2017款',7,1,199800,199800);
insert into t_car_model(cm_id , cs_id , cm_name,cm_type ,cm_order , cm_state , cm_min_price , cm_max_price) values(39691,2987,'2017款 2.0L 自动两驱智享型 国VI','2017款',8,1,199800,199800);
insert into t_car_model(cm_id , cs_id , cm_name,cm_type ,cm_order , cm_state , cm_min_price , cm_max_price) values(31415,2987,'2017款 2.0L 自动四驱智享型 国V','2017款',9,1,209800,209800);
insert into t_car_model(cm_id , cs_id , cm_name,cm_type ,cm_order , cm_state , cm_min_price , cm_max_price) values(39692,2987,'2017款 2.0L 自动四驱智享型 国VI','2017款',10,1,209800,209800);
insert into t_car_model(cm_id , cs_id , cm_name,cm_type ,cm_order , cm_state , cm_min_price , cm_max_price) values(31416,2987,'2017款 2.5L 自动两驱智尊型 国V','2017款',11,1,219800,219800);
insert into t_car_model(cm_id , cs_id , cm_name,cm_type ,cm_order , cm_state , cm_min_price , cm_max_price) values(39693,2987,'2017款 2.5L 自动两驱智尊型 国VI','2017款',12,1,219800,219800);
insert into t_car_model(cm_id , cs_id , cm_name,cm_type ,cm_order , cm_state , cm_min_price , cm_max_price) values(31703,2987,'2017款 2.5L 自动四驱智尊型 国V','2017款',13,1,229800,229800);
insert into t_car_model(cm_id , cs_id , cm_name,cm_type ,cm_order , cm_state , cm_min_price , cm_max_price) values(31704,2987,'2017款 2.5L 自动四驱旗舰型 国V','2017款',14,1,245800,245800);
insert into t_car_model(cm_id , cs_id , cm_name,cm_type ,cm_order , cm_state , cm_min_price , cm_max_price) values(39695,2987,'2017款 2.5L 自动四驱旗舰型 国VI','2017款',15,1,245800,245800);
insert into t_car_model(cm_id , cs_id , cm_name,cm_type ,cm_order , cm_state , cm_min_price , cm_max_price) values(39694,2987,'2017款 2.5L 自动四驱智尊型 国VI','2017款',16,1,229800,229800);
insert into t_car_model(cm_id , cs_id , cm_name,cm_type ,cm_order , cm_state , cm_min_price , cm_max_price) values(22925,2987,'2015款 2.0L 手动两驱舒适型','2015款',1,1,169800,169800);
insert into t_car_model(cm_id , cs_id , cm_name,cm_type ,cm_order , cm_state , cm_min_price , cm_max_price) values(22926,2987,'2015款 2.0L 自动两驱舒适型','2015款',2,1,183800,183800);
insert into t_car_model(cm_id , cs_id , cm_name,cm_type ,cm_order , cm_state , cm_min_price , cm_max_price) values(22927,2987,'2015款 2.0L 自动两驱都市型','2015款',3,1,190800,190800);
insert into t_car_model(cm_id , cs_id , cm_name,cm_type ,cm_order , cm_state , cm_min_price , cm_max_price) values(22928,2987,'2015款 2.0L 自动四驱豪华型','2015款',4,1,209800,209800);
insert into t_car_model(cm_id , cs_id , cm_name,cm_type ,cm_order , cm_state , cm_min_price , cm_max_price) values(22929,2987,'2015款 2.5L 自动四驱尊贵型','2015款',5,1,222800,222800);
insert into t_car_model(cm_id , cs_id , cm_name,cm_type ,cm_order , cm_state , cm_min_price , cm_max_price) values(22439,2987,'2015款 2.5L 自动四驱旗舰型','2015款',6,1,245800,245800);
insert into t_car_model(cm_id , cs_id , cm_name,cm_type ,cm_order , cm_state , cm_min_price , cm_max_price) values(18445,2987,'2014款 2.0L 自动两驱都市型','2014款',1,1,193800,193800);
insert into t_car_model(cm_id , cs_id , cm_name,cm_type ,cm_order , cm_state , cm_min_price , cm_max_price) values(16483,2987,'2013款 2.0L 手动两驱舒适型','2013款',1,1,169800,169800);
insert into t_car_model(cm_id , cs_id , cm_name,cm_type ,cm_order , cm_state , cm_min_price , cm_max_price) values(16484,2987,'2013款 2.0L 自动两驱舒适型','2013款',2,1,183800,183800);
insert into t_car_model(cm_id , cs_id , cm_name,cm_type ,cm_order , cm_state , cm_min_price , cm_max_price) values(16485,2987,'2013款 2.0L 自动四驱精英型','2013款',3,1,207800,207800);
insert into t_car_model(cm_id , cs_id , cm_name,cm_type ,cm_order , cm_state , cm_min_price , cm_max_price) values(16486,2987,'2013款 2.0L 自动四驱尊贵型','2013款',4,1,229800,229800);
insert into t_car_model(cm_id , cs_id , cm_name,cm_type ,cm_order , cm_state , cm_min_price , cm_max_price) values(16487,2987,'2013款 2.5L 自动四驱豪华型','2013款',5,1,229800,229800);
insert into t_car_model(cm_id , cs_id , cm_name,cm_type ,cm_order , cm_state , cm_min_price , cm_max_price) values(14814,2987,'2013款 2.5L 自动四驱旗舰型','2013款',6,1,252800,252800);
insert into t_car_series(cs_id,cbf_id,cs_name,cs_order,cs_letter) values(4870,176,'马自达CX-8',3385,'M');
insert into t_car_model(cm_id , cs_id , cm_name,cm_type ,cm_order , cm_state , cm_min_price , cm_max_price) values(36994,4870,'2019款 2.5L 两驱豪华型','2019款',1,1,258800,258800);
insert into t_car_model(cm_id , cs_id , cm_name,cm_type ,cm_order , cm_state , cm_min_price , cm_max_price) values(37053,4870,'2019款 2.5L 两驱尊贵型','2019款',2,1,286800,286800);
insert into t_car_model(cm_id , cs_id , cm_name,cm_type ,cm_order , cm_state , cm_min_price , cm_max_price) values(34967,4870,'2019款 2.5L 四驱尊享型','2019款',3,1,299800,299800);
insert into t_car_model(cm_id , cs_id , cm_name,cm_type ,cm_order , cm_state , cm_min_price , cm_max_price) values(37054,4870,'2019款 2.5L 四驱旗舰型','2019款',4,1,330800,330800);
insert into t_car_series(cs_id,cbf_id,cs_name,cs_order,cs_letter) values(433,176,'马自达2',3386,'M');
insert into t_car_model(cm_id , cs_id , cm_name,cm_type ,cm_order , cm_state , cm_min_price , cm_max_price) values(14578,433,'2012款 三厢炫动 1.3L 手动标准版','2012款',1,1,75800,75800);
insert into t_car_model(cm_id , cs_id , cm_name,cm_type ,cm_order , cm_state , cm_min_price , cm_max_price) values(14579,433,'2012款 三厢炫动 1.3L 自动标准版','2012款',2,1,83800,83800);
insert into t_car_model(cm_id , cs_id , cm_name,cm_type ,cm_order , cm_state , cm_min_price , cm_max_price) values(14580,433,'2012款 三厢炫动 1.5L 手动时尚版','2012款',3,1,84800,84800);
insert into t_car_model(cm_id , cs_id , cm_name,cm_type ,cm_order , cm_state , cm_min_price , cm_max_price) values(14581,433,'2012款 三厢炫动 1.5L 自动时尚版','2012款',4,1,92800,92800);
insert into t_car_model(cm_id , cs_id , cm_name,cm_type ,cm_order , cm_state , cm_min_price , cm_max_price) values(14582,433,'2012款 三厢炫动 1.5L 自动豪华版','2012款',5,1,101800,101800);
insert into t_car_model(cm_id , cs_id , cm_name,cm_type ,cm_order , cm_state , cm_min_price , cm_max_price) values(13885,433,'2012款 两厢炫动 1.3L 手动标准版','2012款',6,1,75800,75800);
insert into t_car_model(cm_id , cs_id , cm_name,cm_type ,cm_order , cm_state , cm_min_price , cm_max_price) values(13890,433,'2012款 两厢炫动 1.3L 自动标准版','2012款',7,1,83800,83800);
insert into t_car_model(cm_id , cs_id , cm_name,cm_type ,cm_order , cm_state , cm_min_price , cm_max_price) values(13891,433,'2012款 两厢炫动 1.5L 手动超值版','2012款',8,1,84800,84800);
insert into t_car_model(cm_id , cs_id , cm_name,cm_type ,cm_order , cm_state , cm_min_price , cm_max_price) values(13892,433,'2012款 两厢炫动 1.5L 自动超值版','2012款',9,1,92800,92800);
insert into t_car_model(cm_id , cs_id , cm_name,cm_type ,cm_order , cm_state , cm_min_price , cm_max_price) values(12632,433,'2012款 两厢炫动 1.5L 自动豪华版','2012款',10,1,101800,101800);
insert into t_car_model(cm_id , cs_id , cm_name,cm_type ,cm_order , cm_state , cm_min_price , cm_max_price) values(8946,433,'2011款 炫动 1.3L 手动标准版','2011款',1,1,80800,80800);
insert into t_car_model(cm_id , cs_id , cm_name,cm_type ,cm_order , cm_state , cm_min_price , cm_max_price) values(8947,433,'2011款 炫动 1.3L 自动标准版','2011款',2,1,88800,88800);
insert into t_car_model(cm_id , cs_id , cm_name,cm_type ,cm_order , cm_state , cm_min_price , cm_max_price) values(8948,433,'2011款 炫动 1.5L 手动超值版','2011款',3,1,88800,88800);
insert into t_car_model(cm_id , cs_id , cm_name,cm_type ,cm_order , cm_state , cm_min_price , cm_max_price) values(8949,433,'2011款 炫动 1.5L 自动超值版','2011款',4,1,96800,96800);
insert into t_car_model(cm_id , cs_id , cm_name,cm_type ,cm_order , cm_state , cm_min_price , cm_max_price) values(8950,433,'2011款 炫动 1.5L 自动豪华版','2011款',5,1,105300,105300);
insert into t_car_model(cm_id , cs_id , cm_name,cm_type ,cm_order , cm_state , cm_min_price , cm_max_price) values(5221,433,'2009款 1.5L 手动超值版','2009款',1,1,88800,88800);
insert into t_car_model(cm_id , cs_id , cm_name,cm_type ,cm_order , cm_state , cm_min_price , cm_max_price) values(5222,433,'2009款 1.5L 自动超值版','2009款',2,1,96800,96800);
insert into t_car_model(cm_id , cs_id , cm_name,cm_type ,cm_order , cm_state , cm_min_price , cm_max_price) values(3791,433,'2008款 1.5L 手动豪华型','2008款',1,1,95800,95800);
insert into t_car_model(cm_id , cs_id , cm_name,cm_type ,cm_order , cm_state , cm_min_price , cm_max_price) values(3792,433,'2008款 1.5L 自动豪华型','2008款',2,1,103800,103800);
insert into t_car_model(cm_id , cs_id , cm_name,cm_type ,cm_order , cm_state , cm_min_price , cm_max_price) values(3793,433,'2008款 1.5L 自动尊贵型','2008款',3,1,110800,110800);
insert into t_car_model(cm_id , cs_id , cm_name,cm_type ,cm_order , cm_state , cm_min_price , cm_max_price) values(3087,433,'2007款 1.3L 手动标准型','2007款',1,1,83800,83800);
insert into t_car_model(cm_id , cs_id , cm_name,cm_type ,cm_order , cm_state , cm_min_price , cm_max_price) values(3552,433,'2007款 1.3L 自动标准型','2007款',2,1,91800,91800);
insert into t_car_model(cm_id , cs_id , cm_name,cm_type ,cm_order , cm_state , cm_min_price , cm_max_price) values(3439,433,'2007款 1.3L 自动时尚型','2007款',3,1,101300,101300);
insert into t_car_series(cs_id,cbf_id,cs_name,cs_order,cs_letter) values(641,176,'马自达2劲翔',3387,'M');
insert into t_car_model(cm_id , cs_id , cm_name,cm_type ,cm_order , cm_state , cm_min_price , cm_max_price) values(8951,641,'2011款 炫动 1.3L 手动标准版','2011款',1,1,81800,81800);
insert into t_car_model(cm_id , cs_id , cm_name,cm_type ,cm_order , cm_state , cm_min_price , cm_max_price) values(8952,641,'2011款 炫动 1.3L 自动标准版','2011款',2,1,89800,89800);
insert into t_car_model(cm_id , cs_id , cm_name,cm_type ,cm_order , cm_state , cm_min_price , cm_max_price) values(8953,641,'2011款 炫动 1.5L 手动时尚版','2011款',3,1,88800,88800);
insert into t_car_model(cm_id , cs_id , cm_name,cm_type ,cm_order , cm_state , cm_min_price , cm_max_price) values(8954,641,'2011款 炫动 1.5L 自动时尚版','2011款',4,1,96800,96800);
insert into t_car_model(cm_id , cs_id , cm_name,cm_type ,cm_order , cm_state , cm_min_price , cm_max_price) values(8955,641,'2011款 炫动 1.5L 自动豪华版','2011款',5,1,105800,105800);
insert into t_car_model(cm_id , cs_id , cm_name,cm_type ,cm_order , cm_state , cm_min_price , cm_max_price) values(3440,641,'2008款 1.3L 手动标准型','2008款',1,1,86800,86800);
insert into t_car_model(cm_id , cs_id , cm_name,cm_type ,cm_order , cm_state , cm_min_price , cm_max_price) values(3441,641,'2008款 1.3L 自动标准型','2008款',2,1,94800,94800);
insert into t_car_model(cm_id , cs_id , cm_name,cm_type ,cm_order , cm_state , cm_min_price , cm_max_price) values(3444,641,'2008款 1.5L 手动时尚型','2008款',3,1,93800,93800);
insert into t_car_model(cm_id , cs_id , cm_name,cm_type ,cm_order , cm_state , cm_min_price , cm_max_price) values(3445,641,'2008款 1.5L 自动时尚型','2008款',4,1,101800,101800);
insert into t_car_model(cm_id , cs_id , cm_name,cm_type ,cm_order , cm_state , cm_min_price , cm_max_price) values(3442,641,'2008款 1.5L 自动豪华型','2008款',5,1,108800,108800);
insert into t_car_model(cm_id , cs_id , cm_name,cm_type ,cm_order , cm_state , cm_min_price , cm_max_price) values(3443,641,'2008款 1.5L 自动尊贵型','2008款',6,1,115800,115800);
insert into t_car_series(cs_id,cbf_id,cs_name,cs_order,cs_letter) values(363,176,'马自达3',3388,'M');
insert into t_car_model(cm_id , cs_id , cm_name,cm_type ,cm_order , cm_state , cm_min_price , cm_max_price) values(11215,363,'2012款 1.6L 自动经典标准型','2012款',1,1,112800,112800);
insert into t_car_model(cm_id , cs_id , cm_name,cm_type ,cm_order , cm_state , cm_min_price , cm_max_price) values(11214,363,'2012款 1.6L 手动经典标准型','2012款',2,1,102800,102800);
insert into t_car_model(cm_id , cs_id , cm_name,cm_type ,cm_order , cm_state , cm_min_price , cm_max_price) values(11213,363,'2012款 1.6L 自动经典特惠型','2012款',3,1,106800,106800);
insert into t_car_model(cm_id , cs_id , cm_name,cm_type ,cm_order , cm_state , cm_min_price , cm_max_price) values(11199,363,'2012款 1.6L 手动经典特惠型','2012款',4,1,96800,96800);
insert into t_car_model(cm_id , cs_id , cm_name,cm_type ,cm_order , cm_state , cm_min_price , cm_max_price) values(7995,363,'2010款 1.6L 手动经典时尚型','2010款',1,1,112800,112800);
insert into t_car_model(cm_id , cs_id , cm_name,cm_type ,cm_order , cm_state , cm_min_price , cm_max_price) values(7997,363,'2010款 1.6L 自动经典时尚型','2010款',2,1,122800,122800);
insert into t_car_model(cm_id , cs_id , cm_name,cm_type ,cm_order , cm_state , cm_min_price , cm_max_price) values(7967,363,'2010款 1.6L 自动经典精英型','2010款',3,1,128800,128800);
insert into t_car_model(cm_id , cs_id , cm_name,cm_type ,cm_order , cm_state , cm_min_price , cm_max_price) values(7962,363,'2010款 2.0L 手动经典运动型','2010款',4,1,132800,132800);
insert into t_car_model(cm_id , cs_id , cm_name,cm_type ,cm_order , cm_state , cm_min_price , cm_max_price) values(7999,363,'2010款 2.0L 自动经典运动型','2010款',5,1,142800,142800);
insert into t_car_model(cm_id , cs_id , cm_name,cm_type ,cm_order , cm_state , cm_min_price , cm_max_price) values(8000,363,'2010款 2.0L 自动经典豪华型','2010款',6,1,149800,149800);
insert into t_car_model(cm_id , cs_id , cm_name,cm_type ,cm_order , cm_state , cm_min_price , cm_max_price) values(5220,363,'2009款 1.6L 自动天窗版','2009款',1,1,128800,128800);
insert into t_car_model(cm_id , cs_id , cm_name,cm_type ,cm_order , cm_state , cm_min_price , cm_max_price) values(3166,363,'2007款 1.6L 手动标准型','2007款',1,1,118000,118000);
insert into t_car_model(cm_id , cs_id , cm_name,cm_type ,cm_order , cm_state , cm_min_price , cm_max_price) values(3167,363,'2007款 1.6L 自动标准型','2007款',2,1,128000,128000);
insert into t_car_model(cm_id , cs_id , cm_name,cm_type ,cm_order , cm_state , cm_min_price , cm_max_price) values(3168,363,'2007款 1.6L 自动豪华型','2007款',3,1,138000,138000);
insert into t_car_model(cm_id , cs_id , cm_name,cm_type ,cm_order , cm_state , cm_min_price , cm_max_price) values(2753,363,'2006款 2.0L 手动标准型','2006款',1,1,134800,134800);
insert into t_car_model(cm_id , cs_id , cm_name,cm_type ,cm_order , cm_state , cm_min_price , cm_max_price) values(2754,363,'2006款 2.0L 自动标准型','2006款',2,1,144800,144800);
insert into t_car_model(cm_id , cs_id , cm_name,cm_type ,cm_order , cm_state , cm_min_price , cm_max_price) values(2056,363,'2006款 2.0L 手动豪华型','2006款',3,1,154800,154800);
insert into t_car_model(cm_id , cs_id , cm_name,cm_type ,cm_order , cm_state , cm_min_price , cm_max_price) values(2055,363,'2006款 2.0L 自动豪华型','2006款',4,1,164800,164800);
insert into t_car_series(cs_id,cbf_id,cs_name,cs_order,cs_letter) values(2418,176,'马自达3星骋',3389,'M');
insert into t_car_model(cm_id , cs_id , cm_name,cm_type ,cm_order , cm_state , cm_min_price , cm_max_price) values(20474,2418,'2015款 两厢 1.6L 手动舒适型','2015款',1,1,94800,94800);
insert into t_car_model(cm_id , cs_id , cm_name,cm_type ,cm_order , cm_state , cm_min_price , cm_max_price) values(20475,2418,'2015款 两厢 1.6L 自动精英型','2015款',2,1,110800,110800);
insert into t_car_model(cm_id , cs_id , cm_name,cm_type ,cm_order , cm_state , cm_min_price , cm_max_price) values(20348,2418,'2015款 两厢 2.0L 自动运动型','2015款',3,1,125800,125800);
insert into t_car_model(cm_id , cs_id , cm_name,cm_type ,cm_order , cm_state , cm_min_price , cm_max_price) values(20469,2418,'2015款 三厢 1.6L 手动舒适型','2015款',4,1,94800,94800);
insert into t_car_model(cm_id , cs_id , cm_name,cm_type ,cm_order , cm_state , cm_min_price , cm_max_price) values(20470,2418,'2015款 三厢 1.6L 自动舒适型','2015款',5,1,102800,102800);
insert into t_car_model(cm_id , cs_id , cm_name,cm_type ,cm_order , cm_state , cm_min_price , cm_max_price) values(20471,2418,'2015款 三厢 1.6L 手动精英型','2015款',6,1,102800,102800);
insert into t_car_model(cm_id , cs_id , cm_name,cm_type ,cm_order , cm_state , cm_min_price , cm_max_price) values(20472,2418,'2015款 三厢 1.6L 自动精英型','2015款',7,1,110800,110800);
insert into t_car_model(cm_id , cs_id , cm_name,cm_type ,cm_order , cm_state , cm_min_price , cm_max_price) values(20473,2418,'2015款 三厢 2.0L 自动运动型','2015款',8,1,125800,125800);
insert into t_car_model(cm_id , cs_id , cm_name,cm_type ,cm_order , cm_state , cm_min_price , cm_max_price) values(14117,2418,'2013款 两厢 1.6L 自动精英型','2013款',1,1,129800,129800);
insert into t_car_model(cm_id , cs_id , cm_name,cm_type ,cm_order , cm_state , cm_min_price , cm_max_price) values(14116,2418,'2013款 三厢 1.6L 手动精英型','2013款',2,1,119800,119800);
insert into t_car_model(cm_id , cs_id , cm_name,cm_type ,cm_order , cm_state , cm_min_price , cm_max_price) values(14118,2418,'2013款 三厢 1.6L 自动精英型','2013款',3,1,129800,129800);
insert into t_car_model(cm_id , cs_id , cm_name,cm_type ,cm_order , cm_state , cm_min_price , cm_max_price) values(11336,2418,'2012款 两厢 1.6L 手动舒适型','2012款',1,1,112800,112800);
insert into t_car_model(cm_id , cs_id , cm_name,cm_type ,cm_order , cm_state , cm_min_price , cm_max_price) values(11337,2418,'2012款 两厢 1.6L 自动精英型','2012款',2,1,128800,128800);
insert into t_car_model(cm_id , cs_id , cm_name,cm_type ,cm_order , cm_state , cm_min_price , cm_max_price) values(11335,2418,'2012款 两厢 2.0L 手动运动型','2012款',3,1,139800,139800);
insert into t_car_model(cm_id , cs_id , cm_name,cm_type ,cm_order , cm_state , cm_min_price , cm_max_price) values(11286,2418,'2012款 两厢 2.0L 自动豪华型','2012款',4,1,149800,149800);
insert into t_car_model(cm_id , cs_id , cm_name,cm_type ,cm_order , cm_state , cm_min_price , cm_max_price) values(10846,2418,'2011款 三厢 1.6L 手动舒适型','2011款',1,1,112800,112800);
insert into t_car_model(cm_id , cs_id , cm_name,cm_type ,cm_order , cm_state , cm_min_price , cm_max_price) values(10847,2418,'2011款 三厢 1.6L 自动舒适型','2011款',2,1,122800,122800);
insert into t_car_model(cm_id , cs_id , cm_name,cm_type ,cm_order , cm_state , cm_min_price , cm_max_price) values(10848,2418,'2011款 三厢 1.6L 自动精英型','2011款',3,1,128800,128800);
insert into t_car_model(cm_id , cs_id , cm_name,cm_type ,cm_order , cm_state , cm_min_price , cm_max_price) values(10849,2418,'2011款 三厢 2.0L 手动运动型','2011款',4,1,139800,139800);
insert into t_car_model(cm_id , cs_id , cm_name,cm_type ,cm_order , cm_state , cm_min_price , cm_max_price) values(10845,2418,'2011款 三厢 2.0L 自动豪华型','2011款',5,1,153800,153800);
insert into t_car_brand_factory(cbf_id , cb_id , cbf_name ,cbf_letter) values(11,58,'一汽马自达','Y');
insert into t_car_series(cs_id,cbf_id,cs_name,cs_order,cs_letter) values(22,11,'马自达6',3390,'M');
insert into t_car_model(cm_id , cs_id , cm_name,cm_type ,cm_order , cm_state , cm_min_price , cm_max_price) values(21924,22,'2015款 2.0L 手动型','2015款',1,1,129800,129800);
insert into t_car_model(cm_id , cs_id , cm_name,cm_type ,cm_order , cm_state , cm_min_price , cm_max_price) values(21923,22,'2015款 2.0L 自动经典型','2015款',2,1,139800,139800);
insert into t_car_model(cm_id , cs_id , cm_name,cm_type ,cm_order , cm_state , cm_min_price , cm_max_price) values(21922,22,'2015款 2.0L 自动时尚型','2015款',3,1,147800,147800);
insert into t_car_model(cm_id , cs_id , cm_name,cm_type ,cm_order , cm_state , cm_min_price , cm_max_price) values(21921,22,'2015款 2.0L 自动豪华型','2015款',4,1,152800,152800);
insert into t_car_model(cm_id , cs_id , cm_name,cm_type ,cm_order , cm_state , cm_min_price , cm_max_price) values(21038,22,'2015款 2.0L 自动超豪华型','2015款',5,1,159800,159800);
insert into t_car_model(cm_id , cs_id , cm_name,cm_type ,cm_order , cm_state , cm_min_price , cm_max_price) values(18719,22,'2014款 2.0L 自动经典型','2014款',1,1,139800,139800);
insert into t_car_model(cm_id , cs_id , cm_name,cm_type ,cm_order , cm_state , cm_min_price , cm_max_price) values(16397,22,'2013款 2.0L 手动型','2013款',1,1,129800,129800);
insert into t_car_model(cm_id , cs_id , cm_name,cm_type ,cm_order , cm_state , cm_min_price , cm_max_price) values(16398,22,'2013款 2.0L 自动时尚型','2013款',2,1,147800,147800);
insert into t_car_model(cm_id , cs_id , cm_name,cm_type ,cm_order , cm_state , cm_min_price , cm_max_price) values(16399,22,'2013款 2.0L 自动超豪华型','2013款',3,1,159800,159800);
insert into t_car_model(cm_id , cs_id , cm_name,cm_type ,cm_order , cm_state , cm_min_price , cm_max_price) values(13494,22,'2012款 2.0L 手动型','2012款',1,1,170800,170800);
insert into t_car_model(cm_id , cs_id , cm_name,cm_type ,cm_order , cm_state , cm_min_price , cm_max_price) values(13491,22,'2012款 2.0L 自动时尚型','2012款',2,1,179800,179800);
insert into t_car_model(cm_id , cs_id , cm_name,cm_type ,cm_order , cm_state , cm_min_price , cm_max_price) values(13495,22,'2012款 2.0L 自动超豪华型','2012款',3,1,199800,199800);
insert into t_car_model(cm_id , cs_id , cm_name,cm_type ,cm_order , cm_state , cm_min_price , cm_max_price) values(9074,22,'2011款 2.0L 手动型','2011款',1,1,170800,170800);
insert into t_car_model(cm_id , cs_id , cm_name,cm_type ,cm_order , cm_state , cm_min_price , cm_max_price) values(9072,22,'2011款 2.0L 自动时尚型','2011款',2,1,179800,179800);
insert into t_car_model(cm_id , cs_id , cm_name,cm_type ,cm_order , cm_state , cm_min_price , cm_max_price) values(9076,22,'2011款 2.0L 自动豪华型','2011款',3,1,189800,189800);
insert into t_car_model(cm_id , cs_id , cm_name,cm_type ,cm_order , cm_state , cm_min_price , cm_max_price) values(9075,22,'2011款 2.0L 自动超豪华型','2011款',4,1,199800,199800);
insert into t_car_model(cm_id , cs_id , cm_name,cm_type ,cm_order , cm_state , cm_min_price , cm_max_price) values(4124,22,'2008款 2.0L 自动时尚型','2008款',1,1,179800,179800);
insert into t_car_model(cm_id , cs_id , cm_name,cm_type ,cm_order , cm_state , cm_min_price , cm_max_price) values(4125,22,'2008款 轿跑 2.0L 自动运动型','2008款',2,1,193800,193800);
insert into t_car_model(cm_id , cs_id , cm_name,cm_type ,cm_order , cm_state , cm_min_price , cm_max_price) values(2924,22,'2007款 2.0L 手动型','2007款',1,1,170800,170800);
insert into t_car_model(cm_id , cs_id , cm_name,cm_type ,cm_order , cm_state , cm_min_price , cm_max_price) values(2925,22,'2007款 2.0L 自动豪华型','2007款',2,1,189800,189800);
insert into t_car_model(cm_id , cs_id , cm_name,cm_type ,cm_order , cm_state , cm_min_price , cm_max_price) values(2926,22,'2007款 2.0L 自动超豪华型','2007款',3,1,199800,199800);
insert into t_car_model(cm_id , cs_id , cm_name,cm_type ,cm_order , cm_state , cm_min_price , cm_max_price) values(2927,22,'2007款 2.3L 自动旗舰型','2007款',4,1,219800,219800);
insert into t_car_model(cm_id , cs_id , cm_name,cm_type ,cm_order , cm_state , cm_min_price , cm_max_price) values(3158,22,'2007款 轿跑 2.0L 自动型','2007款',5,1,209800,209800);
insert into t_car_model(cm_id , cs_id , cm_name,cm_type ,cm_order , cm_state , cm_min_price , cm_max_price) values(2928,22,'2007款 轿跑 2.3L 手动型','2007款',6,1,222800,222800);
insert into t_car_model(cm_id , cs_id , cm_name,cm_type ,cm_order , cm_state , cm_min_price , cm_max_price) values(2929,22,'2007款 轿跑 2.3L 自动型','2007款',7,1,239800,239800);
insert into t_car_model(cm_id , cs_id , cm_name,cm_type ,cm_order , cm_state , cm_min_price , cm_max_price) values(1964,22,'2006款 2.0L 手动型','2006款',1,1,189800,189800);
insert into t_car_model(cm_id , cs_id , cm_name,cm_type ,cm_order , cm_state , cm_min_price , cm_max_price) values(1887,22,'2006款 2.0L 自动超豪华型','2006款',2,1,199800,199800);
insert into t_car_model(cm_id , cs_id , cm_name,cm_type ,cm_order , cm_state , cm_min_price , cm_max_price) values(1888,22,'2006款 2.3L 自动豪华型','2006款',3,1,205800,205800);
insert into t_car_model(cm_id , cs_id , cm_name,cm_type ,cm_order , cm_state , cm_min_price , cm_max_price) values(1889,22,'2006款 2.3L 自动旗舰型','2006款',4,1,219800,219800);
insert into t_car_model(cm_id , cs_id , cm_name,cm_type ,cm_order , cm_state , cm_min_price , cm_max_price) values(2223,22,'2006款 轿跑 2.3L 自动型','2006款',5,1,239800,239800);
insert into t_car_model(cm_id , cs_id , cm_name,cm_type ,cm_order , cm_state , cm_min_price , cm_max_price) values(1787,22,'2006款 Wagon 2.3L 自动型','2006款',6,1,246800,246800);
insert into t_car_model(cm_id , cs_id , cm_name,cm_type ,cm_order , cm_state , cm_min_price , cm_max_price) values(2224,22,'2006款 轿跑 2.3L 手动型','2006款',7,1,222800,222800);
insert into t_car_model(cm_id , cs_id , cm_name,cm_type ,cm_order , cm_state , cm_min_price , cm_max_price) values(1024,22,'2004款 2.0L 自动豪华型','2004款',1,1,193800,193800);
insert into t_car_model(cm_id , cs_id , cm_name,cm_type ,cm_order , cm_state , cm_min_price , cm_max_price) values(1352,22,'2004款 2.0L 自动豪华天窗型','2004款',2,1,199800,199800);
insert into t_car_model(cm_id , cs_id , cm_name,cm_type ,cm_order , cm_state , cm_min_price , cm_max_price) values(606,22,'2004款 2.3L 自动技术型','2004款',3,1,199800,199800);
insert into t_car_model(cm_id , cs_id , cm_name,cm_type ,cm_order , cm_state , cm_min_price , cm_max_price) values(1842,22,'2004款 2.3L 自动技术天窗型','2004款',4,1,209800,209800);
insert into t_car_model(cm_id , cs_id , cm_name,cm_type ,cm_order , cm_state , cm_min_price , cm_max_price) values(242,22,'2004款 2.3L 自动豪华型','2004款',5,1,225800,225800);
insert into t_car_series(cs_id,cbf_id,cs_name,cs_order,cs_letter) values(655,11,'睿翼',3391,'R');
insert into t_car_model(cm_id , cs_id , cm_name,cm_type ,cm_order , cm_state , cm_min_price , cm_max_price) values(21925,655,'2015款 2.0L 自动精英版','2015款',1,1,164800,164800);
insert into t_car_model(cm_id , cs_id , cm_name,cm_type ,cm_order , cm_state , cm_min_price , cm_max_price) values(21926,655,'2015款 2.0L 自动豪华版','2015款',2,1,172800,172800);
insert into t_car_model(cm_id , cs_id , cm_name,cm_type ,cm_order , cm_state , cm_min_price , cm_max_price) values(21927,655,'2015款 轿跑 2.0L 自动精英版','2015款',3,1,176800,176800);
insert into t_car_model(cm_id , cs_id , cm_name,cm_type ,cm_order , cm_state , cm_min_price , cm_max_price) values(21928,655,'2015款 轿跑 2.0L 自动豪华版','2015款',4,1,184800,184800);
insert into t_car_model(cm_id , cs_id , cm_name,cm_type ,cm_order , cm_state , cm_min_price , cm_max_price) values(12697,655,'2012款 2.0L 自动精英版','2012款',1,1,164800,164800);
insert into t_car_model(cm_id , cs_id , cm_name,cm_type ,cm_order , cm_state , cm_min_price , cm_max_price) values(12843,655,'2012款 2.0L 自动豪华版','2012款',2,1,172800,172800);
insert into t_car_model(cm_id , cs_id , cm_name,cm_type ,cm_order , cm_state , cm_min_price , cm_max_price) values(12844,655,'2012款 2.5L 自动尊贵版','2012款',3,1,216800,216800);
insert into t_car_model(cm_id , cs_id , cm_name,cm_type ,cm_order , cm_state , cm_min_price , cm_max_price) values(12845,655,'2012款 2.5L 自动至尊版','2012款',4,1,229800,229800);
insert into t_car_model(cm_id , cs_id , cm_name,cm_type ,cm_order , cm_state , cm_min_price , cm_max_price) values(12846,655,'2012款 轿跑 2.0L 自动精英版','2012款',5,1,176800,176800);
insert into t_car_model(cm_id , cs_id , cm_name,cm_type ,cm_order , cm_state , cm_min_price , cm_max_price) values(12791,655,'2012款 轿跑 2.0L 自动豪华版','2012款',6,1,184800,184800);
insert into t_car_model(cm_id , cs_id , cm_name,cm_type ,cm_order , cm_state , cm_min_price , cm_max_price) values(12792,655,'2012款 轿跑 2.5L 自动至尊版','2012款',7,1,239800,239800);
insert into t_car_model(cm_id , cs_id , cm_name,cm_type ,cm_order , cm_state , cm_min_price , cm_max_price) values(9303,655,'2011款 2.0L 自动精英版','2011款',1,1,179800,179800);
insert into t_car_model(cm_id , cs_id , cm_name,cm_type ,cm_order , cm_state , cm_min_price , cm_max_price) values(9304,655,'2011款 轿跑 2.0L 自动精英版','2011款',2,1,191800,191800);
insert into t_car_model(cm_id , cs_id , cm_name,cm_type ,cm_order , cm_state , cm_min_price , cm_max_price) values(6241,655,'2010款 2.0L 手动版','2010款',1,1,169800,169800);
insert into t_car_model(cm_id , cs_id , cm_name,cm_type ,cm_order , cm_state , cm_min_price , cm_max_price) values(6244,655,'2010款 2.0L 自动豪华版','2010款',2,1,194800,194800);
insert into t_car_model(cm_id , cs_id , cm_name,cm_type ,cm_order , cm_state , cm_min_price , cm_max_price) values(7438,655,'2010款 轿跑 2.0L 自动豪华版','2010款',3,1,203800,203800);
insert into t_car_model(cm_id , cs_id , cm_name,cm_type ,cm_order , cm_state , cm_min_price , cm_max_price) values(3695,655,'2010款 轿跑 2.5L 自动至尊版','2010款',4,1,239800,239800);
insert into t_car_model(cm_id , cs_id , cm_name,cm_type ,cm_order , cm_state , cm_min_price , cm_max_price) values(4334,655,'2009款 2.5L 自动尊贵版','2009款',1,1,216800,216800);
insert into t_car_model(cm_id , cs_id , cm_name,cm_type ,cm_order , cm_state , cm_min_price , cm_max_price) values(4911,655,'2009款 2.5L 自动至尊版','2009款',2,1,229800,229800);
insert into t_car_model(cm_id , cs_id , cm_name,cm_type ,cm_order , cm_state , cm_min_price , cm_max_price) values(4912,655,'2009款 2.5L 自动导航版','2009款',3,1,249800,249800);
insert into t_car_series(cs_id,cbf_id,cs_name,cs_order,cs_letter) values(3066,11,'马自达CX-7',3392,'M');
insert into t_car_model(cm_id , cs_id , cm_name,cm_type ,cm_order , cm_state , cm_min_price , cm_max_price) values(19528,3066,'2014款 2.5L 2WD 时尚版','2014款',1,1,199800,199800);
insert into t_car_model(cm_id , cs_id , cm_name,cm_type ,cm_order , cm_state , cm_min_price , cm_max_price) values(19529,3066,'2014款 2.5L 2WD 豪华版','2014款',2,1,229800,229800);
insert into t_car_model(cm_id , cs_id , cm_name,cm_type ,cm_order , cm_state , cm_min_price , cm_max_price) values(15586,3066,'2014款 2.5L 2WD 尊贵版','2014款',3,1,243800,243800);
insert into t_car_model(cm_id , cs_id , cm_name,cm_type ,cm_order , cm_state , cm_min_price , cm_max_price) values(19531,3066,'2014款 2.3T 智能四驱运动版','2014款',4,1,259800,259800);
insert into t_car_model(cm_id , cs_id , cm_name,cm_type ,cm_order , cm_state , cm_min_price , cm_max_price) values(19530,3066,'2014款 2.3T 智能四驱至尊版','2014款',5,1,273800,273800);
insert into t_car_series(cs_id,cbf_id,cs_name,cs_order,cs_letter) values(2118,11,'马自达8',3393,'M');
insert into t_car_model(cm_id , cs_id , cm_name,cm_type ,cm_order , cm_state , cm_min_price , cm_max_price) values(21480,2118,'2015款 2.5L 精英版','2015款',1,1,219800,219800);
insert into t_car_model(cm_id , cs_id , cm_name,cm_type ,cm_order , cm_state , cm_min_price , cm_max_price) values(21481,2118,'2015款 2.5L 至尊版','2015款',2,1,249800,249800);
insert into t_car_model(cm_id , cs_id , cm_name,cm_type ,cm_order , cm_state , cm_min_price , cm_max_price) values(21482,2118,'2015款 2.5L 领航版','2015款',3,1,259800,259800);
insert into t_car_model(cm_id , cs_id , cm_name,cm_type ,cm_order , cm_state , cm_min_price , cm_max_price) values(14323,2118,'2013款 2.5L 精英版','2013款',1,1,219800,219800);
insert into t_car_model(cm_id , cs_id , cm_name,cm_type ,cm_order , cm_state , cm_min_price , cm_max_price) values(14324,2118,'2013款 2.5L 尊贵版','2013款',2,1,235800,235800);
insert into t_car_model(cm_id , cs_id , cm_name,cm_type ,cm_order , cm_state , cm_min_price , cm_max_price) values(13714,2118,'2013款 2.5L 至尊版','2013款',3,1,249800,249800);
insert into t_car_model(cm_id , cs_id , cm_name,cm_type ,cm_order , cm_state , cm_min_price , cm_max_price) values(9078,2118,'2011款 2.3L 精英版','2011款',1,1,219800,219800);
insert into t_car_model(cm_id , cs_id , cm_name,cm_type ,cm_order , cm_state , cm_min_price , cm_max_price) values(9079,2118,'2011款 2.3L 尊贵版','2011款',2,1,235800,235800);
insert into t_car_model(cm_id , cs_id , cm_name,cm_type ,cm_order , cm_state , cm_min_price , cm_max_price) values(7591,2118,'2011款 2.3L 至尊版','2011款',3,1,249800,249800);
insert into t_car_brand_factory(cbf_id , cb_id , cbf_name ,cbf_letter) values(119,58,'马自达(进口)','M');
insert into t_car_series(cs_id,cbf_id,cs_name,cs_order,cs_letter) values(584,119,'马自达3(进口)',3395,'M');
insert into t_car_model(cm_id , cs_id , cm_name,cm_type ,cm_order , cm_state , cm_min_price , cm_max_price) values(4736,584,'2010款 两厢 1.6手动舒适型','2010款',1,1,147800,147800);
insert into t_car_model(cm_id , cs_id , cm_name,cm_type ,cm_order , cm_state , cm_min_price , cm_max_price) values(7013,584,'2010款 两厢 1.6自动豪华型','2010款',2,1,160800,160800);
insert into t_car_model(cm_id , cs_id , cm_name,cm_type ,cm_order , cm_state , cm_min_price , cm_max_price) values(7014,584,'2010款 两厢 2.0手动豪华型','2010款',3,1,174800,174800);
insert into t_car_model(cm_id , cs_id , cm_name,cm_type ,cm_order , cm_state , cm_min_price , cm_max_price) values(7015,584,'2010款 两厢 2.0自动豪华型','2010款',4,1,188800,188800);
insert into t_car_model(cm_id , cs_id , cm_name,cm_type ,cm_order , cm_state , cm_min_price , cm_max_price) values(3568,584,'2008款 两厢 1.6标准型','2008款',1,1,139800,139800);
insert into t_car_model(cm_id , cs_id , cm_name,cm_type ,cm_order , cm_state , cm_min_price , cm_max_price) values(3446,584,'2008款 两厢 1.6豪华型','2008款',2,1,147800,147800);
insert into t_car_model(cm_id , cs_id , cm_name,cm_type ,cm_order , cm_state , cm_min_price , cm_max_price) values(3447,584,'2008款 两厢 2.0豪华型','2008款',3,1,169800,169800);
insert into t_car_series(cs_id,cbf_id,cs_name,cs_order,cs_letter) values(3538,119,'马自达CX-3',3397,'M');
insert into t_car_model(cm_id , cs_id , cm_name,cm_type ,cm_order , cm_state , cm_min_price , cm_max_price) values(32798,3538,'2018款 2.0L 自动豪华型','2018款',1,1,149800,149800);
insert into t_car_model(cm_id , cs_id , cm_name,cm_type ,cm_order , cm_state , cm_min_price , cm_max_price) values(32799,3538,'2018款 2.0L 自动尊贵型','2018款',2,1,159800,159800);
insert into t_car_series(cs_id,cbf_id,cs_name,cs_order,cs_letter) values(2391,119,'马自达CX-5(进口)',3401,'M');
insert into t_car_model(cm_id , cs_id , cm_name,cm_type ,cm_order , cm_state , cm_min_price , cm_max_price) values(12598,2391,'2012款 2.0L 两驱舒适版','2012款',1,1,233800,233800);
insert into t_car_model(cm_id , cs_id , cm_name,cm_type ,cm_order , cm_state , cm_min_price , cm_max_price) values(12600,2391,'2012款 2.0L 四驱豪华版','2012款',2,1,258800,258800);
insert into t_car_model(cm_id , cs_id , cm_name,cm_type ,cm_order , cm_state , cm_min_price , cm_max_price) values(12602,2391,'2012款 2.0L 四驱豪华导航版','2012款',3,1,268800,268800);
insert into t_car_model(cm_id , cs_id , cm_name,cm_type ,cm_order , cm_state , cm_min_price , cm_max_price) values(12603,2391,'2012款 2.0L 四驱尊贵版','2012款',4,1,271800,271800);
insert into t_car_model(cm_id , cs_id , cm_name,cm_type ,cm_order , cm_state , cm_min_price , cm_max_price) values(10580,2391,'2012款 2.0L 四驱尊贵导航版','2012款',5,1,281800,281800);
insert into t_car_series(cs_id,cbf_id,cs_name,cs_order,cs_letter) values(1005,119,'马自达CX-9',3407,'M');
insert into t_car_model(cm_id , cs_id , cm_name,cm_type ,cm_order , cm_state , cm_min_price , cm_max_price) values(13884,1005,'2013款 3.7L 自动标准型','2013款',1,1,439000,439000);
insert into t_car_series(cs_id,cbf_id,cs_name,cs_order,cs_letter) values(672,119,'马自达MX-5',3409,'M');
insert into t_car_model(cm_id , cs_id , cm_name,cm_type ,cm_order , cm_state , cm_min_price , cm_max_price) values(32805,672,'2018款 2.0L RF 珍珠白','2018款',1,1,339000,339000);
insert into t_car_model(cm_id , cs_id , cm_name,cm_type ,cm_order , cm_state , cm_min_price , cm_max_price) values(30191,672,'2018款 2.0L RF 铂钢灰','2018款',2,1,339000,339000);
insert into t_car_model(cm_id , cs_id , cm_name,cm_type ,cm_order , cm_state , cm_min_price , cm_max_price) values(32806,672,'2018款 2.0L RF 水晶魂动红','2018款',3,1,340000,340000);
insert into t_car_model(cm_id , cs_id , cm_name,cm_type ,cm_order , cm_state , cm_min_price , cm_max_price) values(4471,672,'2009款 2.0','2009款',1,1,299800,299800);
insert into t_car_series(cs_id,cbf_id,cs_name,cs_order,cs_letter) values(3096,119,'ATENZA',3417,'A');
insert into t_car_model(cm_id , cs_id , cm_name,cm_type ,cm_order , cm_state , cm_min_price , cm_max_price) values(16250,3096,'2013款 2.0L 标准型','2013款',1,1,238800,238800);
insert into t_car_series(cs_id,cbf_id,cs_name,cs_order,cs_letter) values(658,119,'马自达CX-7(进口)',3423,'M');
insert into t_car_model(cm_id , cs_id , cm_name,cm_type ,cm_order , cm_state , cm_min_price , cm_max_price) values(9244,658,'2011款 2.5L 豪华型','2011款',1,1,290800,290800);
insert into t_car_model(cm_id , cs_id , cm_name,cm_type ,cm_order , cm_state , cm_min_price , cm_max_price) values(5043,658,'2010款 2.5L 豪华型','2010款',1,1,288000,288000);
insert into t_car_series(cs_id,cbf_id,cs_name,cs_order,cs_letter) values(578,119,'马自达5',3424,'M');
insert into t_car_model(cm_id , cs_id , cm_name,cm_type ,cm_order , cm_state , cm_min_price , cm_max_price) values(15598,578,'2013款 2.0L 手动舒适型','2013款',1,1,165800,165800);
insert into t_car_model(cm_id , cs_id , cm_name,cm_type ,cm_order , cm_state , cm_min_price , cm_max_price) values(15599,578,'2013款 2.0L 自动舒适型','2013款',2,1,176800,176800);
insert into t_car_model(cm_id , cs_id , cm_name,cm_type ,cm_order , cm_state , cm_min_price , cm_max_price) values(14998,578,'2013款 2.0L 自动豪华型','2013款',3,1,193800,193800);
insert into t_car_model(cm_id , cs_id , cm_name,cm_type ,cm_order , cm_state , cm_min_price , cm_max_price) values(9225,578,'2011款 2.0L 手动舒适型','2011款',1,1,164800,164800);
insert into t_car_model(cm_id , cs_id , cm_name,cm_type ,cm_order , cm_state , cm_min_price , cm_max_price) values(9226,578,'2011款 2.0L 自动舒适型','2011款',2,1,174800,174800);
insert into t_car_model(cm_id , cs_id , cm_name,cm_type ,cm_order , cm_state , cm_min_price , cm_max_price) values(9227,578,'2011款 2.0L 自动豪华型','2011款',3,1,191800,191800);
insert into t_car_model(cm_id , cs_id , cm_name,cm_type ,cm_order , cm_state , cm_min_price , cm_max_price) values(3414,578,'2008款 2.0 手动舒适型','2008款',1,1,159800,159800);
insert into t_car_model(cm_id , cs_id , cm_name,cm_type ,cm_order , cm_state , cm_min_price , cm_max_price) values(3415,578,'2008款 2.0 自动舒适型','2008款',2,1,169800,169800);
insert into t_car_model(cm_id , cs_id , cm_name,cm_type ,cm_order , cm_state , cm_min_price , cm_max_price) values(3488,578,'2008款 2.0 自动豪华型','2008款',3,1,182800,182800);
insert into t_car_series(cs_id,cbf_id,cs_name,cs_order,cs_letter) values(304,119,'马自达8(进口)',3425,'M');
insert into t_car_model(cm_id , cs_id , cm_name,cm_type ,cm_order , cm_state , cm_min_price , cm_max_price) values(1122,304,'2004款 3.0 AT','2004款',1,1,339000,339000);
insert into t_car_series(cs_id,cbf_id,cs_name,cs_order,cs_letter) values(295,119,'马自达RX-8',3430,'M');
insert into t_car_model(cm_id , cs_id , cm_name,cm_type ,cm_order , cm_state , cm_min_price , cm_max_price) values(1715,295,'2008款 1.3 6挡手动型','2008款',1,1,380000,380000);
insert into t_car_model(cm_id , cs_id , cm_name,cm_type ,cm_order , cm_state , cm_min_price , cm_max_price) values(4149,295,'2008款 1.3 6挡自动型','2008款',2,1,390000,390000);
insert into t_car_model(cm_id , cs_id , cm_name,cm_type ,cm_order , cm_state , cm_min_price , cm_max_price) values(1077,295,'2004款 1.3 MT','2004款',1,1,390000,390000);
