insert into t_car_brand_factory(cbf_id , cb_id , cbf_name ,cbf_letter) values(357,169,'长安标致雪铁龙','C');
insert into t_car_series(cs_id,cbf_id,cs_name,cs_order,cs_letter) values(3963,357,'DS 4S',981,'D');
insert into t_car_model(cm_id , cs_id , cm_name,cm_type ,cm_order , cm_state) values(39972,3963,'2019款 35THP 悦动型','2019款',1,0);
insert into t_car_model(cm_id , cs_id , cm_name,cm_type ,cm_order , cm_state) values(39973,3963,'2019款 35THP 炫动型','2019款',2,0);
insert into t_car_model(cm_id , cs_id , cm_name,cm_type ,cm_order , cm_state) values(32280,3963,'2018款 30THP 悦动型','2018款',1,0);
insert into t_car_model(cm_id , cs_id , cm_name,cm_type ,cm_order , cm_state) values(32281,3963,'2018款 30THP 炫动型','2018款',2,0);
insert into t_car_model(cm_id , cs_id , cm_name,cm_type ,cm_order , cm_state) values(31797,3963,'2018款 30THP P-Line运动型','2018款',3,0);
insert into t_car_model(cm_id , cs_id , cm_name,cm_type ,cm_order , cm_state) values(32282,3963,'2018款 30THP 奢华型','2018款',4,0);
insert into t_car_model(cm_id , cs_id , cm_name,cm_type ,cm_order , cm_state) values(25951,3963,'2016款 1.2T 自动进取版THP130','2016款',1,0);
insert into t_car_model(cm_id , cs_id , cm_name,cm_type ,cm_order , cm_state) values(25952,3963,'2016款 1.2T 自动睿动版THP130','2016款',2,0);
insert into t_car_model(cm_id , cs_id , cm_name,cm_type ,cm_order , cm_state) values(25953,3963,'2016款 1.6T 自动睿动版THP160','2016款',3,0);
insert into t_car_model(cm_id , cs_id , cm_name,cm_type ,cm_order , cm_state) values(25954,3963,'2016款 1.6T 自动智享版THP160','2016款',4,0);
insert into t_car_model(cm_id , cs_id , cm_name,cm_type ,cm_order , cm_state) values(25956,3963,'2016款 1.8T 自动智享版THP200','2016款',5,0);
insert into t_car_model(cm_id , cs_id , cm_name,cm_type ,cm_order , cm_state) values(25955,3963,'2016款 1.6T 自动智享科技版THP160','2016款',6,0);
insert into t_car_model(cm_id , cs_id , cm_name,cm_type ,cm_order , cm_state) values(24622,3963,'2016款 1.8T 自动尊享版THP200','2016款',7,0);
insert into t_car_series(cs_id,cbf_id,cs_name,cs_order,cs_letter) values(3309,357,'DS 5LS',982,'D');
insert into t_car_model(cm_id , cs_id , cm_name,cm_type ,cm_order , cm_state) values(39975,3309,'2019款 35THP 时尚型','2019款',1,0);
insert into t_car_model(cm_id , cs_id , cm_name,cm_type ,cm_order , cm_state) values(39976,3309,'2019款 35THP 尊贵型','2019款',2,0);
insert into t_car_model(cm_id , cs_id , cm_name,cm_type ,cm_order , cm_state) values(32283,3309,'2018款 30THP 时尚型','2018款',1,0);
insert into t_car_model(cm_id , cs_id , cm_name,cm_type ,cm_order , cm_state) values(32284,3309,'2018款 30THP 尊贵型','2018款',2,0);
insert into t_car_model(cm_id , cs_id , cm_name,cm_type ,cm_order , cm_state) values(32285,3309,'2018款 30THP P-Line运动型','2018款',3,0);
insert into t_car_model(cm_id , cs_id , cm_name,cm_type ,cm_order , cm_state) values(31799,3309,'2018款 30THP 奢华型','2018款',4,0);
insert into t_car_model(cm_id , cs_id , cm_name,cm_type ,cm_order , cm_state) values(26358,3309,'2016款 1.6T 基础版THP160','2016款',1,0);
insert into t_car_model(cm_id , cs_id , cm_name,cm_type ,cm_order , cm_state) values(26359,3309,'2016款 1.6T 舒适版THP160','2016款',2,0);
insert into t_car_model(cm_id , cs_id , cm_name,cm_type ,cm_order , cm_state) values(26360,3309,'2016款 1.6T 风尚版THP160','2016款',3,0);
insert into t_car_model(cm_id , cs_id , cm_name,cm_type ,cm_order , cm_state) values(26362,3309,'2016款 1.6T 雅致版THP160','2016款',4,0);
insert into t_car_model(cm_id , cs_id , cm_name,cm_type ,cm_order , cm_state) values(26363,3309,'2016款 1.6T 豪华版THP160','2016款',5,0);
insert into t_car_model(cm_id , cs_id , cm_name,cm_type ,cm_order , cm_state) values(26337,3309,'2016款 1.8T 豪华版THP200','2016款',6,0);
insert into t_car_model(cm_id , cs_id , cm_name,cm_type ,cm_order , cm_state) values(26338,3309,'2016款 1.8T 尊享版THP200','2016款',7,0);
insert into t_car_model(cm_id , cs_id , cm_name,cm_type ,cm_order , cm_state) values(23189,3309,'2015款 1.6T 基础版THP160','2015款',1,0);
insert into t_car_model(cm_id , cs_id , cm_name,cm_type ,cm_order , cm_state) values(23190,3309,'2015款 1.6T 舒适版THP160','2015款',2,0);
insert into t_car_model(cm_id , cs_id , cm_name,cm_type ,cm_order , cm_state) values(23191,3309,'2015款 1.6T 风尚版THP160','2015款',3,0);
insert into t_car_model(cm_id , cs_id , cm_name,cm_type ,cm_order , cm_state) values(23192,3309,'2015款 1.6T 雅致版THP160','2015款',4,0);
insert into t_car_model(cm_id , cs_id , cm_name,cm_type ,cm_order , cm_state) values(23193,3309,'2015款 1.6T 豪华版THP160','2015款',5,0);
insert into t_car_model(cm_id , cs_id , cm_name,cm_type ,cm_order , cm_state) values(23194,3309,'2015款 1.6T 豪华版THP200','2015款',6,0);
insert into t_car_model(cm_id , cs_id , cm_name,cm_type ,cm_order , cm_state) values(23195,3309,'2015款 1.6T 尊享版THP200','2015款',7,0);
insert into t_car_model(cm_id , cs_id , cm_name,cm_type ,cm_order , cm_state) values(23773,3309,'2015款 1.6T 60周年限量版THP160','2015款',8,0);
insert into t_car_model(cm_id , cs_id , cm_name,cm_type ,cm_order , cm_state) values(18325,3309,'2014款 1.8L 手动舒适版VTi140','2014款',1,0);
insert into t_car_model(cm_id , cs_id , cm_name,cm_type ,cm_order , cm_state) values(18326,3309,'2014款 1.8L 自动舒适版VTi140','2014款',2,0);
insert into t_car_model(cm_id , cs_id , cm_name,cm_type ,cm_order , cm_state) values(18327,3309,'2014款 1.8L 雅致版VTi140','2014款',3,0);
insert into t_car_model(cm_id , cs_id , cm_name,cm_type ,cm_order , cm_state) values(18328,3309,'2014款 1.6T 雅致版THP160','2014款',4,0);
insert into t_car_model(cm_id , cs_id , cm_name,cm_type ,cm_order , cm_state) values(18329,3309,'2014款 1.6T 豪华版THP160','2014款',5,0);
insert into t_car_model(cm_id , cs_id , cm_name,cm_type ,cm_order , cm_state) values(18330,3309,'2014款 1.6T 豪华版THP200','2014款',6,0);
insert into t_car_model(cm_id , cs_id , cm_name,cm_type ,cm_order , cm_state) values(17839,3309,'2014款 1.6T 尊享版THP200','2014款',7,0);
insert into t_car_series(cs_id,cbf_id,cs_name,cs_order,cs_letter) values(2952,357,'DS 5',983,'D');
insert into t_car_model(cm_id , cs_id , cm_name,cm_type ,cm_order , cm_state) values(32279,2952,'2018款 30THP P-Line运动型','2018款',1,0);
insert into t_car_model(cm_id , cs_id , cm_name,cm_type ,cm_order , cm_state) values(31798,2952,'2018款 40THP Prestige尊享型','2018款',2,0);
insert into t_car_model(cm_id , cs_id , cm_name,cm_type ,cm_order , cm_state) values(23609,2952,'2015款 1.6T 雅致版THP160','2015款',1,0);
insert into t_car_model(cm_id , cs_id , cm_name,cm_type ,cm_order , cm_state) values(23610,2952,'2015款 1.6T 豪华版THP160','2015款',2,0);
insert into t_car_model(cm_id , cs_id , cm_name,cm_type ,cm_order , cm_state) values(23611,2952,'2015款 1.8T 豪华版THP200','2015款',3,0);
insert into t_car_model(cm_id , cs_id , cm_name,cm_type ,cm_order , cm_state) values(23774,2952,'2015款 1.8T 60周年限量版THP200','2015款',4,0);
insert into t_car_model(cm_id , cs_id , cm_name,cm_type ,cm_order , cm_state) values(23612,2952,'2015款 1.8T 尊享版THP200','2015款',5,0);
insert into t_car_model(cm_id , cs_id , cm_name,cm_type ,cm_order , cm_state) values(22578,2952,'2015款 1.8T 旗舰版THP200','2015款',6,0);
insert into t_car_model(cm_id , cs_id , cm_name,cm_type ,cm_order , cm_state) values(18869,2952,'2014款 1.6T 雅致版THP160','2014款',1,0);
insert into t_car_model(cm_id , cs_id , cm_name,cm_type ,cm_order , cm_state) values(18870,2952,'2014款 1.6T 雅致版THP200','2014款',2,0);
insert into t_car_model(cm_id , cs_id , cm_name,cm_type ,cm_order , cm_state) values(18871,2952,'2014款 1.6T 豪华版THP160','2014款',3,0);
insert into t_car_model(cm_id , cs_id , cm_name,cm_type ,cm_order , cm_state) values(18872,2952,'2014款 1.6T 豪华版THP200','2014款',4,0);
insert into t_car_model(cm_id , cs_id , cm_name,cm_type ,cm_order , cm_state) values(18873,2952,'2014款 1.6T 卓越版THP160','2014款',5,0);
insert into t_car_model(cm_id , cs_id , cm_name,cm_type ,cm_order , cm_state) values(18874,2952,'2014款 1.6T 尊享版THP200','2014款',6,0);
insert into t_car_model(cm_id , cs_id , cm_name,cm_type ,cm_order , cm_state) values(17092,2952,'2013款 1.6T 雅致版THP160','2013款',1,0);
insert into t_car_model(cm_id , cs_id , cm_name,cm_type ,cm_order , cm_state) values(17093,2952,'2013款 1.6T 雅致版THP200','2013款',2,0);
insert into t_car_model(cm_id , cs_id , cm_name,cm_type ,cm_order , cm_state) values(17094,2952,'2013款 1.6T 豪华版THP160','2013款',3,0);
insert into t_car_model(cm_id , cs_id , cm_name,cm_type ,cm_order , cm_state) values(17095,2952,'2013款 1.6T 豪华版THP200','2013款',4,0);
insert into t_car_model(cm_id , cs_id , cm_name,cm_type ,cm_order , cm_state) values(14418,2952,'2013款 1.6T 尊享版THP200','2013款',5,0);
insert into t_car_series(cs_id,cbf_id,cs_name,cs_order,cs_letter) values(3324,357,'DS 6',984,'D');
insert into t_car_model(cm_id , cs_id , cm_name,cm_type ,cm_order , cm_state) values(38971,3324,'2019款 35THP 标准版','2019款',1,0);
insert into t_car_model(cm_id , cs_id , cm_name,cm_type ,cm_order , cm_state) values(32286,3324,'2018款 30THP 致尚型','2018款',1,0);
insert into t_car_model(cm_id , cs_id , cm_name,cm_type ,cm_order , cm_state) values(32287,3324,'2018款 30THP 尊贵型','2018款',2,0);
insert into t_car_model(cm_id , cs_id , cm_name,cm_type ,cm_order , cm_state) values(32288,3324,'2018款 30THP P-Line运动型','2018款',3,0);
insert into t_car_model(cm_id , cs_id , cm_name,cm_type ,cm_order , cm_state) values(31673,3324,'2018款 30THP 奢华型','2018款',4,0);
insert into t_car_model(cm_id , cs_id , cm_name,cm_type ,cm_order , cm_state) values(30332,3324,'2017款 1.6T 舒适版THP160','2017款',1,0);
insert into t_car_model(cm_id , cs_id , cm_name,cm_type ,cm_order , cm_state) values(30333,3324,'2017款 1.6T 雅致版THP160','2017款',2,0);
insert into t_car_model(cm_id , cs_id , cm_name,cm_type ,cm_order , cm_state) values(30334,3324,'2017款 1.6T 豪华版THP160','2017款',3,0);
insert into t_car_model(cm_id , cs_id , cm_name,cm_type ,cm_order , cm_state) values(30335,3324,'2017款 1.8T 豪华版THP200','2017款',4,0);
insert into t_car_model(cm_id , cs_id , cm_name,cm_type ,cm_order , cm_state) values(28533,3324,'2017款 1.6T 智尊版THP160','2017款',5,0);
insert into t_car_model(cm_id , cs_id , cm_name,cm_type ,cm_order , cm_state) values(30336,3324,'2017款 1.6T 限量版THP160','2017款',6,0);
insert into t_car_model(cm_id , cs_id , cm_name,cm_type ,cm_order , cm_state) values(28534,3324,'2017款 1.8T 智尊版THP200','2017款',7,0);
insert into t_car_model(cm_id , cs_id , cm_name,cm_type ,cm_order , cm_state) values(30337,3324,'2017款 1.6T 尊享版THP160','2017款',8,0);
insert into t_car_model(cm_id , cs_id , cm_name,cm_type ,cm_order , cm_state) values(30338,3324,'2017款 1.8T 尊享版THP200','2017款',9,0);
insert into t_car_model(cm_id , cs_id , cm_name,cm_type ,cm_order , cm_state) values(23739,3324,'2016款 1.6T 舒适版THP160','2016款',1,0);
insert into t_car_model(cm_id , cs_id , cm_name,cm_type ,cm_order , cm_state) values(23740,3324,'2016款 1.6T 雅致版THP160','2016款',2,0);
insert into t_car_model(cm_id , cs_id , cm_name,cm_type ,cm_order , cm_state) values(23741,3324,'2016款 1.6T 豪华版THP160','2016款',3,0);
insert into t_car_model(cm_id , cs_id , cm_name,cm_type ,cm_order , cm_state) values(23742,3324,'2016款 1.8T 豪华版THP200','2016款',4,0);
insert into t_car_model(cm_id , cs_id , cm_name,cm_type ,cm_order , cm_state) values(23772,3324,'2016款 1.8T 60周年限量版THP200','2016款',5,0);
insert into t_car_model(cm_id , cs_id , cm_name,cm_type ,cm_order , cm_state) values(23743,3324,'2016款 1.6T 尊享版THP160','2016款',6,0);
insert into t_car_model(cm_id , cs_id , cm_name,cm_type ,cm_order , cm_state) values(23744,3324,'2016款 1.8T 尊享版THP200','2016款',7,0);
insert into t_car_model(cm_id , cs_id , cm_name,cm_type ,cm_order , cm_state) values(20151,3324,'2014款 1.6T 舒适版THP160','2014款',1,0);
insert into t_car_model(cm_id , cs_id , cm_name,cm_type ,cm_order , cm_state) values(20150,3324,'2014款 1.6T 雅致版THP160','2014款',2,0);
insert into t_car_model(cm_id , cs_id , cm_name,cm_type ,cm_order , cm_state) values(20148,3324,'2014款 1.6T 豪华版THP160','2014款',3,0);
insert into t_car_model(cm_id , cs_id , cm_name,cm_type ,cm_order , cm_state) values(20147,3324,'2014款 1.6T 豪华版THP200','2014款',4,0);
insert into t_car_model(cm_id , cs_id , cm_name,cm_type ,cm_order , cm_state) values(20146,3324,'2014款 1.6T 尊享版THP160','2014款',5,0);
insert into t_car_model(cm_id , cs_id , cm_name,cm_type ,cm_order , cm_state) values(17895,3324,'2014款 1.6T 尊享版THP200','2014款',6,0);
insert into t_car_series(cs_id,cbf_id,cs_name,cs_order,cs_letter) values(4610,357,'DS 7',985,'D');
insert into t_car_model(cm_id , cs_id , cm_name,cm_type ,cm_order , cm_state) values(37148,4610,'2020款 35THP 巴士底广场版','2020款',1,0);
insert into t_car_model(cm_id , cs_id , cm_name,cm_type ,cm_order , cm_state) values(37149,4610,'2020款 35THP 帕西版','2020款',2,0);
insert into t_car_model(cm_id , cs_id , cm_name,cm_type ,cm_order , cm_state) values(39645,4610,'2020款 35THP 蒙马特版','2020款',3,0);
insert into t_car_model(cm_id , cs_id , cm_name,cm_type ,cm_order , cm_state) values(37150,4610,'2020款 45THP 里沃利版','2020款',4,0);
insert into t_car_model(cm_id , cs_id , cm_name,cm_type ,cm_order , cm_state) values(37153,4610,'2020款 45THP 运动版','2020款',5,0);
insert into t_car_model(cm_id , cs_id , cm_name,cm_type ,cm_order , cm_state) values(37152,4610,'2020款 45THP 歌剧院版','2020款',6,0);
insert into t_car_model(cm_id , cs_id , cm_name,cm_type ,cm_order , cm_state) values(33800,4610,'2018款 35THP 巴士底广场版','2018款',1,0);
insert into t_car_model(cm_id , cs_id , cm_name,cm_type ,cm_order , cm_state) values(33923,4610,'2018款 35THP 帕西版','2018款',2,0);
insert into t_car_model(cm_id , cs_id , cm_name,cm_type ,cm_order , cm_state) values(33924,4610,'2018款 45THP 里沃利先锐版','2018款',3,0);
insert into t_car_model(cm_id , cs_id , cm_name,cm_type ,cm_order , cm_state) values(35510,4610,'2018款 45THP 运动版','2018款',4,0);
insert into t_car_model(cm_id , cs_id , cm_name,cm_type ,cm_order , cm_state) values(34782,4610,'2018款 45THP 运动先锋版','2018款',5,0);
insert into t_car_model(cm_id , cs_id , cm_name,cm_type ,cm_order , cm_state) values(33802,4610,'2018款 45THP 里沃利先锋版','2018款',6,0);
insert into t_car_model(cm_id , cs_id , cm_name,cm_type ,cm_order , cm_state) values(32743,4610,'2018款 45THP 歌剧院版','2018款',7,0);
insert into t_car_brand_factory(cbf_id , cb_id , cbf_name ,cbf_letter) values(82,169,'雪铁龙(进口)','X');
insert into t_car_series(cs_id,cbf_id,cs_name,cs_order,cs_letter) values(898,82,'DS 3经典',988,'D');
insert into t_car_model(cm_id , cs_id , cm_name,cm_type ,cm_order , cm_state) values(15700,898,'2013款 1.6L 时尚敞篷版','2013款',1,0);
insert into t_car_model(cm_id , cs_id , cm_name,cm_type ,cm_order , cm_state) values(15701,898,'2013款 1.6L 风尚敞篷版','2013款',2,0);
insert into t_car_model(cm_id , cs_id , cm_name,cm_type ,cm_order , cm_state) values(13707,898,'2013款 1.6L 至尊敞篷版','2013款',3,0);
insert into t_car_model(cm_id , cs_id , cm_name,cm_type ,cm_order , cm_state) values(13723,898,'2012款 1.6L 时尚版','2012款',1,0);
insert into t_car_model(cm_id , cs_id , cm_name,cm_type ,cm_order , cm_state) values(13724,898,'2012款 1.6L 风尚版','2012款',2,0);
insert into t_car_model(cm_id , cs_id , cm_name,cm_type ,cm_order , cm_state) values(13725,898,'2012款 1.6L 至尊版','2012款',3,0);
insert into t_car_series(cs_id,cbf_id,cs_name,cs_order,cs_letter) values(2078,82,'DS 4',989,'D');
insert into t_car_model(cm_id , cs_id , cm_name,cm_type ,cm_order , cm_state) values(13136,2078,'2012款 1.6T 风尚版','2012款',1,0);
insert into t_car_model(cm_id , cs_id , cm_name,cm_type ,cm_order , cm_state) values(7256,2078,'2012款 1.6T 雅致版','2012款',2,0);
insert into t_car_series(cs_id,cbf_id,cs_name,cs_order,cs_letter) values(2314,82,'DS 5(进口)',992,'D');
insert into t_car_model(cm_id , cs_id , cm_name,cm_type ,cm_order , cm_state) values(13134,2314,'2012款 1.6T 雅致版','2012款',1,0);
insert into t_car_model(cm_id , cs_id , cm_name,cm_type ,cm_order , cm_state) values(13135,2314,'2012款 1.6T 豪华版','2012款',2,0);
insert into t_car_model(cm_id , cs_id , cm_name,cm_type ,cm_order , cm_state) values(10781,2314,'2012款 1.6T 尊享版','2012款',3,0);
