insert into t_car_brand_factory(cbf_id , cb_id , cbf_name ,cbf_letter) values(143,56,'MINI','M');
insert into t_car_series(cs_id,cbf_id,cs_name,cs_order,cs_letter) values(209,143,'MINI',2659,'M');
insert into t_car_model(cm_id , cs_id , cm_name,cm_type ,cm_order , cm_state) values(42514,209,'2020款 1.5T COOPER 经典派 三门绝色版','2020款',1,0);
insert into t_car_model(cm_id , cs_id , cm_name,cm_type ,cm_order , cm_state) values(42515,209,'2020款 1.5T COOPER 经典派 五门绝色版','2020款',2,0);
insert into t_car_model(cm_id , cs_id , cm_name,cm_type ,cm_order , cm_state) values(42516,209,'2020款 2.0T COOPER S 经典派 三门绝色版','2020款',3,0);
insert into t_car_model(cm_id , cs_id , cm_name,cm_type ,cm_order , cm_state) values(39345,209,'2019款 1.5T COOPER 60周年纪念版','2019款',1,0);
insert into t_car_model(cm_id , cs_id , cm_name,cm_type ,cm_order , cm_state) values(37734,209,'2019款 2.0T COOPER S 60周年纪念版','2019款',2,0);
insert into t_car_model(cm_id , cs_id , cm_name,cm_type ,cm_order , cm_state) values(39346,209,'2019款 1.5T COOPER 60周年纪念版 五门版','2019款',3,0);
insert into t_car_model(cm_id , cs_id , cm_name,cm_type ,cm_order , cm_state) values(39344,209,'2019款 2.0T COOPER S 60周年纪念版 五门版','2019款',4,0);
insert into t_car_model(cm_id , cs_id , cm_name,cm_type ,cm_order , cm_state) values(34796,209,'2018款 1.5T ONE','2018款',1,0);
insert into t_car_model(cm_id , cs_id , cm_name,cm_type ,cm_order , cm_state) values(34797,209,'2018款 1.5T ONE PLUS','2018款',2,0);
insert into t_car_model(cm_id , cs_id , cm_name,cm_type ,cm_order , cm_state) values(34798,209,'2018款 1.5T COOPER 经典派','2018款',3,0);
insert into t_car_model(cm_id , cs_id , cm_name,cm_type ,cm_order , cm_state) values(34799,209,'2018款 1.5T COOPER 艺术家','2018款',4,0);
insert into t_car_model(cm_id , cs_id , cm_name,cm_type ,cm_order , cm_state) values(34800,209,'2018款 1.5T COOPER 赛车手','2018款',5,0);
insert into t_car_model(cm_id , cs_id , cm_name,cm_type ,cm_order , cm_state) values(34801,209,'2018款 2.0T COOPER S 经典派','2018款',6,0);
insert into t_car_model(cm_id , cs_id , cm_name,cm_type ,cm_order , cm_state) values(34554,209,'2018款 2.0T COOPER S 艺术家','2018款',7,0);
insert into t_car_model(cm_id , cs_id , cm_name,cm_type ,cm_order , cm_state) values(34802,209,'2018款 2.0T COOPER S 赛车手','2018款',8,0);
insert into t_car_model(cm_id , cs_id , cm_name,cm_type ,cm_order , cm_state) values(34803,209,'2018款 1.5T ONE 五门版','2018款',9,0);
insert into t_car_model(cm_id , cs_id , cm_name,cm_type ,cm_order , cm_state) values(34804,209,'2018款 1.5T ONE PLUS 五门版','2018款',10,0);
insert into t_car_model(cm_id , cs_id , cm_name,cm_type ,cm_order , cm_state) values(34805,209,'2018款 1.5T COOPER 经典派 五门版','2018款',11,0);
insert into t_car_model(cm_id , cs_id , cm_name,cm_type ,cm_order , cm_state) values(34806,209,'2018款 1.5T COOPER 艺术家 五门版','2018款',12,0);
insert into t_car_model(cm_id , cs_id , cm_name,cm_type ,cm_order , cm_state) values(34807,209,'2018款 1.5T COOPER 赛车手 五门版','2018款',13,0);
insert into t_car_model(cm_id , cs_id , cm_name,cm_type ,cm_order , cm_state) values(34808,209,'2018款 2.0T COOPER S 经典派 五门版','2018款',14,0);
insert into t_car_model(cm_id , cs_id , cm_name,cm_type ,cm_order , cm_state) values(34809,209,'2018款 2.0T COOPER S 艺术家 五门版','2018款',15,0);
insert into t_car_model(cm_id , cs_id , cm_name,cm_type ,cm_order , cm_state) values(34281,209,'2018款 2.0T COOPER S 赛车手 五门版','2018款',16,0);
insert into t_car_model(cm_id , cs_id , cm_name,cm_type ,cm_order , cm_state) values(34810,209,'2018款 1.5T COOPER CABRIO 经典派','2018款',17,0);
insert into t_car_model(cm_id , cs_id , cm_name,cm_type ,cm_order , cm_state) values(34553,209,'2018款 1.5T COOPER CABRIO 艺术家','2018款',18,0);
insert into t_car_model(cm_id , cs_id , cm_name,cm_type ,cm_order , cm_state) values(33782,209,'2018款 1.5T COOPER SEVEN纪念版','2018款',19,0);
insert into t_car_model(cm_id , cs_id , cm_name,cm_type ,cm_order , cm_state) values(33780,209,'2018款 1.5T COOPER 色彩纪念版','2018款',20,0);
insert into t_car_model(cm_id , cs_id , cm_name,cm_type ,cm_order , cm_state) values(33779,209,'2018款 2.0T COOPER S CABRIO 纪念版','2018款',21,0);
insert into t_car_model(cm_id , cs_id , cm_name,cm_type ,cm_order , cm_state) values(33783,209,'2018款 1.5T COOPER SEVEN纪念版 五门版','2018款',22,0);
insert into t_car_model(cm_id , cs_id , cm_name,cm_type ,cm_order , cm_state) values(33781,209,'2018款 1.5T COOPER 色彩纪念版 五门版','2018款',23,0);
insert into t_car_model(cm_id , cs_id , cm_name,cm_type ,cm_order , cm_state) values(32340,209,'2017款 1.5T COOPER 冰蓝色限量版','2017款',1,0);
insert into t_car_model(cm_id , cs_id , cm_name,cm_type ,cm_order , cm_state) values(31174,209,'2017款 2.0T COOPER S 赛车控','2017款',2,0);
insert into t_car_model(cm_id , cs_id , cm_name,cm_type ,cm_order , cm_state) values(31047,209,'2017款 1.5T COOPER 加勒比蓝限量版','2017款',3,0);
insert into t_car_model(cm_id , cs_id , cm_name,cm_type ,cm_order , cm_state) values(32341,209,'2017款 1.5T COOPER 冰蓝色限量版 五门版','2017款',4,0);
insert into t_car_model(cm_id , cs_id , cm_name,cm_type ,cm_order , cm_state) values(31176,209,'2017款 2.0T COOPER S 赛车控 五门版','2017款',5,0);
insert into t_car_model(cm_id , cs_id , cm_name,cm_type ,cm_order , cm_state) values(31223,209,'2017款 1.5T COOPER CABRIO 自由派','2017款',6,0);
insert into t_car_model(cm_id , cs_id , cm_name,cm_type ,cm_order , cm_state) values(31224,209,'2017款 2.0T COOPER S CABRIO 自由派','2017款',7,0);
insert into t_car_model(cm_id , cs_id , cm_name,cm_type ,cm_order , cm_state) values(31178,209,'2017款 2.0T COOPER S CABRIO 赛车控','2017款',8,0);
insert into t_car_model(cm_id , cs_id , cm_name,cm_type ,cm_order , cm_state) values(26295,209,'2016款 1.5T COOPER','2016款',1,0);
insert into t_car_model(cm_id , cs_id , cm_name,cm_type ,cm_order , cm_state) values(26280,209,'2016款 1.5T COOPER 先锋派','2016款',2,0);
insert into t_car_model(cm_id , cs_id , cm_name,cm_type ,cm_order , cm_state) values(26281,209,'2016款 1.5T COOPER 表现派','2016款',3,0);
insert into t_car_model(cm_id , cs_id , cm_name,cm_type ,cm_order , cm_state) values(26291,209,'2016款 1.2T 手动 ONE','2016款',4,0);
insert into t_car_model(cm_id , cs_id , cm_name,cm_type ,cm_order , cm_state) values(27499,209,'2016款 1.5T COOPER SEVEN','2016款',5,0);
insert into t_car_model(cm_id , cs_id , cm_name,cm_type ,cm_order , cm_state) values(27501,209,'2016款 2.0T COOPER S SEVEN','2016款',6,0);
insert into t_car_model(cm_id , cs_id , cm_name,cm_type ,cm_order , cm_state) values(27500,209,'2016款 1.5T COOPER SEVEN 五门版','2016款',7,0);
insert into t_car_model(cm_id , cs_id , cm_name,cm_type ,cm_order , cm_state) values(27502,209,'2016款 2.0T COOPER S SEVEN 五门版','2016款',8,0);
insert into t_car_model(cm_id , cs_id , cm_name,cm_type ,cm_order , cm_state) values(26297,209,'2016款 2.0T COOPER S 手动','2016款',9,0);
insert into t_car_model(cm_id , cs_id , cm_name,cm_type ,cm_order , cm_state) values(26283,209,'2016款 2.0T COOPER S 表现派','2016款',10,0);
insert into t_car_model(cm_id , cs_id , cm_name,cm_type ,cm_order , cm_state) values(24291,209,'2016款 1.5T COOPER CABRIO 加勒比蓝限量版','2016款',11,0);
insert into t_car_model(cm_id , cs_id , cm_name,cm_type ,cm_order , cm_state) values(26302,209,'2016款 1.2T 手动 ONE 五门版','2016款',12,0);
insert into t_car_model(cm_id , cs_id , cm_name,cm_type ,cm_order , cm_state) values(26305,209,'2016款 2.0T COOPER S 表现派 五门版','2016款',13,0);
insert into t_car_model(cm_id , cs_id , cm_name,cm_type ,cm_order , cm_state) values(24292,209,'2016款 2.0T COOPER S CABRIO 加勒比蓝限量版','2016款',14,0);
insert into t_car_model(cm_id , cs_id , cm_name,cm_type ,cm_order , cm_state) values(26300,209,'2016款 2.0T COOPER S','2016款',15,0);
insert into t_car_model(cm_id , cs_id , cm_name,cm_type ,cm_order , cm_state) values(26282,209,'2016款 2.0T COOPER S 先锋派','2016款',16,0);
insert into t_car_model(cm_id , cs_id , cm_name,cm_type ,cm_order , cm_state) values(26304,209,'2016款 1.5T COOPER 五门版','2016款',17,0);
insert into t_car_model(cm_id , cs_id , cm_name,cm_type ,cm_order , cm_state) values(26285,209,'2016款 1.5T COOPER 先锋派 五门版','2016款',18,0);
insert into t_car_model(cm_id , cs_id , cm_name,cm_type ,cm_order , cm_state) values(26286,209,'2016款 1.5T COOPER 表现派 五门版','2016款',19,0);
insert into t_car_model(cm_id , cs_id , cm_name,cm_type ,cm_order , cm_state) values(26306,209,'2016款 2.0T COOPER S 五门版','2016款',20,0);
insert into t_car_model(cm_id , cs_id , cm_name,cm_type ,cm_order , cm_state) values(26288,209,'2016款 2.0T COOPER S 先锋派 五门版','2016款',21,0);
insert into t_car_model(cm_id , cs_id , cm_name,cm_type ,cm_order , cm_state) values(25385,209,'2016款 1.5T COOPER CABRIO','2016款',22,0);
insert into t_car_model(cm_id , cs_id , cm_name,cm_type ,cm_order , cm_state) values(25386,209,'2016款 2.0T COOPER S CABRIO','2016款',23,0);
insert into t_car_model(cm_id , cs_id , cm_name,cm_type ,cm_order , cm_state) values(26293,209,'2016款 1.2T ONE','2016款',24,0);
insert into t_car_model(cm_id , cs_id , cm_name,cm_type ,cm_order , cm_state) values(26279,209,'2016款 1.2T ONE 先锋派','2016款',25,0);
insert into t_car_model(cm_id , cs_id , cm_name,cm_type ,cm_order , cm_state) values(26303,209,'2016款 1.2T ONE 五门版','2016款',26,0);
insert into t_car_model(cm_id , cs_id , cm_name,cm_type ,cm_order , cm_state) values(26284,209,'2016款 1.2T ONE 先锋派 五门版','2016款',27,0);
insert into t_car_model(cm_id , cs_id , cm_name,cm_type ,cm_order , cm_state) values(20489,209,'2015款 1.2T 手动 ONE','2015款',1,0);
insert into t_car_model(cm_id , cs_id , cm_name,cm_type ,cm_order , cm_state) values(19133,209,'2015款 2.0T COOPER S 手动','2015款',2,0);
insert into t_car_model(cm_id , cs_id , cm_name,cm_type ,cm_order , cm_state) values(20533,209,'2015款 1.2T 手动 ONE 五门版','2015款',3,0);
insert into t_car_model(cm_id , cs_id , cm_name,cm_type ,cm_order , cm_state) values(20534,209,'2015款 1.2T ONE 五门版','2015款',4,0);
insert into t_car_model(cm_id , cs_id , cm_name,cm_type ,cm_order , cm_state) values(20535,209,'2015款 1.5T COOPER Fun 五门版','2015款',5,0);
insert into t_car_model(cm_id , cs_id , cm_name,cm_type ,cm_order , cm_state) values(20536,209,'2015款 1.5T COOPER Excitement 五门版','2015款',6,0);
insert into t_car_model(cm_id , cs_id , cm_name,cm_type ,cm_order , cm_state) values(20537,209,'2015款 2.0T COOPER S 五门版','2015款',7,0);
insert into t_car_model(cm_id , cs_id , cm_name,cm_type ,cm_order , cm_state) values(18991,209,'2014款 1.2T ONE','2014款',1,0);
insert into t_car_model(cm_id , cs_id , cm_name,cm_type ,cm_order , cm_state) values(17889,209,'2014款 1.2T ONE+','2014款',2,0);
insert into t_car_model(cm_id , cs_id , cm_name,cm_type ,cm_order , cm_state) values(17539,209,'2014款 1.5T COOPER Fun','2014款',3,0);
insert into t_car_model(cm_id , cs_id , cm_name,cm_type ,cm_order , cm_state) values(18992,209,'2014款 1.5T COOPER Excitement','2014款',4,0);
insert into t_car_model(cm_id , cs_id , cm_name,cm_type ,cm_order , cm_state) values(17204,209,'2014款 2.0T COOPER S Fun','2014款',5,0);
insert into t_car_model(cm_id , cs_id , cm_name,cm_type ,cm_order , cm_state) values(18993,209,'2014款 2.0T COOPER S Excitement','2014款',6,0);
insert into t_car_model(cm_id , cs_id , cm_name,cm_type ,cm_order , cm_state) values(16400,209,'2013款 1.6L ONE 限量第一款','2013款',1,0);
insert into t_car_model(cm_id , cs_id , cm_name,cm_type ,cm_order , cm_state) values(16401,209,'2013款 1.6L ONE 限量第二款','2013款',2,0);
insert into t_car_model(cm_id , cs_id , cm_name,cm_type ,cm_order , cm_state) values(16402,209,'2013款 1.6L ONE 限量第三款','2013款',3,0);
insert into t_car_model(cm_id , cs_id , cm_name,cm_type ,cm_order , cm_state) values(12836,209,'2012款 1.6T COOPER S Fun','2012款',1,0);
insert into t_car_model(cm_id , cs_id , cm_name,cm_type ,cm_order , cm_state) values(13026,209,'2012款 1.6L ONE Baker Street','2012款',2,0);
insert into t_car_model(cm_id , cs_id , cm_name,cm_type ,cm_order , cm_state) values(11839,209,'2012款 1.6L COOPER Baker Street','2012款',3,0);
insert into t_car_model(cm_id , cs_id , cm_name,cm_type ,cm_order , cm_state) values(13029,209,'2012款 1.6L 中国奥林匹克纪念版','2012款',4,0);
insert into t_car_model(cm_id , cs_id , cm_name,cm_type ,cm_order , cm_state) values(13027,209,'2012款 1.6L COOPER Bayswater','2012款',5,0);
insert into t_car_model(cm_id , cs_id , cm_name,cm_type ,cm_order , cm_state) values(11840,209,'2012款 1.6T COOPER S Bayswater','2012款',6,0);
insert into t_car_model(cm_id , cs_id , cm_name,cm_type ,cm_order , cm_state) values(13028,209,'2012款 1.6L COOPER 敞篷 Highgate','2012款',7,0);
insert into t_car_model(cm_id , cs_id , cm_name,cm_type ,cm_order , cm_state) values(11895,209,'2012款 1.6T COOPER S 敞篷 Highgate','2012款',8,0);
insert into t_car_model(cm_id , cs_id , cm_name,cm_type ,cm_order , cm_state) values(12638,209,'2012款 1.6T COOPER S 中国任务版','2012款',9,0);
insert into t_car_model(cm_id , cs_id , cm_name,cm_type ,cm_order , cm_state) values(9857,209,'2012款 1.6T GOODWOOD','2012款',10,0);
insert into t_car_model(cm_id , cs_id , cm_name,cm_type ,cm_order , cm_state) values(8836,209,'2011款 1.6L ONE','2011款',1,0);
insert into t_car_model(cm_id , cs_id , cm_name,cm_type ,cm_order , cm_state) values(10616,209,'2011款 1.6L COOPER Tattoo','2011款',2,0);
insert into t_car_model(cm_id , cs_id , cm_name,cm_type ,cm_order , cm_state) values(8053,209,'2011款 1.6T COOPER S','2011款',3,0);
insert into t_car_model(cm_id , cs_id , cm_name,cm_type ,cm_order , cm_state) values(8839,209,'2011款 1.6L COOPER Excitement','2011款',4,0);
insert into t_car_model(cm_id , cs_id , cm_name,cm_type ,cm_order , cm_state) values(8840,209,'2011款 1.6L COOPER CABRIO','2011款',5,0);
insert into t_car_model(cm_id , cs_id , cm_name,cm_type ,cm_order , cm_state) values(8054,209,'2011款 1.6T COOPER S CABRIO','2011款',6,0);
insert into t_car_model(cm_id , cs_id , cm_name,cm_type ,cm_order , cm_state) values(8838,209,'2011款 1.6L COOPER Fun','2011款',7,0);
insert into t_car_model(cm_id , cs_id , cm_name,cm_type ,cm_order , cm_state) values(6251,209,'2010款 1.6L COOPER Cheer','2010款',1,0);
insert into t_car_model(cm_id , cs_id , cm_name,cm_type ,cm_order , cm_state) values(6515,209,'2010款 1.6L COOPER 50 Mayfair','2010款',2,0);
insert into t_car_model(cm_id , cs_id , cm_name,cm_type ,cm_order , cm_state) values(6516,209,'2010款 1.6T COOPER S 50 Camden','2010款',3,0);
insert into t_car_model(cm_id , cs_id , cm_name,cm_type ,cm_order , cm_state) values(4839,209,'2009款 1.6L COOPER CABRIO','2009款',1,0);
insert into t_car_model(cm_id , cs_id , cm_name,cm_type ,cm_order , cm_state) values(4722,209,'2009款 1.6T COOPER S CABRIO','2009款',2,0);
insert into t_car_model(cm_id , cs_id , cm_name,cm_type ,cm_order , cm_state) values(2987,209,'2007款 1.6L COOPER Fun','2007款',1,0);
insert into t_car_model(cm_id , cs_id , cm_name,cm_type ,cm_order , cm_state) values(2504,209,'2007款 1.6L COOPER Excitement','2007款',2,0);
insert into t_car_model(cm_id , cs_id , cm_name,cm_type ,cm_order , cm_state) values(2505,209,'2007款 1.6T COOPER S','2007款',3,0);
insert into t_car_model(cm_id , cs_id , cm_name,cm_type ,cm_order , cm_state) values(2386,209,'2006款 1.6 Seven','2006款',1,0);
insert into t_car_model(cm_id , cs_id , cm_name,cm_type ,cm_order , cm_state) values(2387,209,'2006款 1.6 Park Lane','2006款',2,0);
insert into t_car_model(cm_id , cs_id , cm_name,cm_type ,cm_order , cm_state) values(2388,209,'2006款 1.6 Checkmate','2006款',3,0);
insert into t_car_model(cm_id , cs_id , cm_name,cm_type ,cm_order , cm_state) values(3578,209,'2006款 1.6T COOPER S Gp','2006款',4,0);
insert into t_car_model(cm_id , cs_id , cm_name,cm_type ,cm_order , cm_state) values(540,209,'2004款 1.6 COOPER','2004款',1,0);
insert into t_car_model(cm_id , cs_id , cm_name,cm_type ,cm_order , cm_state) values(1270,209,'2004款 1.6 COOPER CABRIO','2004款',2,0);
insert into t_car_series(cs_id,cbf_id,cs_name,cs_order,cs_letter) values(749,143,'MINI CLUBMAN',2660,'M');
insert into t_car_model(cm_id , cs_id , cm_name,cm_type ,cm_order , cm_state) values(41630,749,'2019款 1.5T ONE','2019款',1,0);
insert into t_car_model(cm_id , cs_id , cm_name,cm_type ,cm_order , cm_state) values(38903,749,'2019款 1.5T COOPER','2019款',2,0);
insert into t_car_model(cm_id , cs_id , cm_name,cm_type ,cm_order , cm_state) values(41116,749,'2019款 1.5T COOPER 鉴赏家','2019款',3,0);
insert into t_car_model(cm_id , cs_id , cm_name,cm_type ,cm_order , cm_state) values(41117,749,'2019款 2.0T COOPER S','2019款',4,0);
insert into t_car_model(cm_id , cs_id , cm_name,cm_type ,cm_order , cm_state) values(38352,749,'2019款 1.5T ONE 美学版','2019款',5,0);
insert into t_car_model(cm_id , cs_id , cm_name,cm_type ,cm_order , cm_state) values(40691,749,'2019款 1.5T COOPER 登月版','2019款',6,0);
insert into t_car_model(cm_id , cs_id , cm_name,cm_type ,cm_order , cm_state) values(40692,749,'2019款 2.0T COOPER S 登月版','2019款',7,0);
insert into t_car_model(cm_id , cs_id , cm_name,cm_type ,cm_order , cm_state) values(35535,749,'2018款 1.5T ONE 特别版','2018款',1,0);
insert into t_car_model(cm_id , cs_id , cm_name,cm_type ,cm_order , cm_state) values(35546,749,'2018款 1.5T COOPER 经典派','2018款',2,0);
insert into t_car_model(cm_id , cs_id , cm_name,cm_type ,cm_order , cm_state) values(35547,749,'2018款 1.5T COOPER 艺术家','2018款',3,0);
insert into t_car_model(cm_id , cs_id , cm_name,cm_type ,cm_order , cm_state) values(35548,749,'2018款 1.5T COOPER 赛车手','2018款',4,0);
insert into t_car_model(cm_id , cs_id , cm_name,cm_type ,cm_order , cm_state) values(35549,749,'2018款 2.0T COOPER S 经典派','2018款',5,0);
insert into t_car_model(cm_id , cs_id , cm_name,cm_type ,cm_order , cm_state) values(35551,749,'2018款 2.0T COOPER S 艺术家','2018款',6,0);
insert into t_car_model(cm_id , cs_id , cm_name,cm_type ,cm_order , cm_state) values(35552,749,'2018款 2.0T COOPER S 赛车手','2018款',7,0);
insert into t_car_model(cm_id , cs_id , cm_name,cm_type ,cm_order , cm_state) values(31173,749,'2017款 2.0T COOPER S 赛车控','2017款',1,0);
insert into t_car_model(cm_id , cs_id , cm_name,cm_type ,cm_order , cm_state) values(23129,749,'2016款 1.5T COOPER','2016款',1,0);
insert into t_car_model(cm_id , cs_id , cm_name,cm_type ,cm_order , cm_state) values(23907,749,'2016款 1.5T COOPER 极客版','2016款',2,0);
insert into t_car_model(cm_id , cs_id , cm_name,cm_type ,cm_order , cm_state) values(23906,749,'2016款 1.5T COOPER 鉴赏家版','2016款',3,0);
insert into t_car_model(cm_id , cs_id , cm_name,cm_type ,cm_order , cm_state) values(23131,749,'2016款 2.0T COOPER S','2016款',4,0);
insert into t_car_model(cm_id , cs_id , cm_name,cm_type ,cm_order , cm_state) values(23908,749,'2016款 2.0T COOPER S 极客版','2016款',5,0);
insert into t_car_model(cm_id , cs_id , cm_name,cm_type ,cm_order , cm_state) values(23909,749,'2016款 2.0T COOPER S JCW套件版','2016款',6,0);
insert into t_car_model(cm_id , cs_id , cm_name,cm_type ,cm_order , cm_state) values(26935,749,'2016款 1.5T ONE 网络限量版','2016款',7,0);
insert into t_car_model(cm_id , cs_id , cm_name,cm_type ,cm_order , cm_state) values(26320,749,'2016款 改款 1.5T COOPER','2016款',8,0);
insert into t_car_model(cm_id , cs_id , cm_name,cm_type ,cm_order , cm_state) values(26321,749,'2016款 改款 1.5T COOPER 极客版','2016款',9,0);
insert into t_car_model(cm_id , cs_id , cm_name,cm_type ,cm_order , cm_state) values(26324,749,'2016款 改款 1.5T COOPER 鉴赏家版','2016款',10,0);
insert into t_car_model(cm_id , cs_id , cm_name,cm_type ,cm_order , cm_state) values(26325,749,'2016款 改款 2.0T COOPER S','2016款',11,0);
insert into t_car_model(cm_id , cs_id , cm_name,cm_type ,cm_order , cm_state) values(26326,749,'2016款 改款 2.0T COOPER S 极客版','2016款',12,0);
insert into t_car_model(cm_id , cs_id , cm_name,cm_type ,cm_order , cm_state) values(26277,749,'2016款 改款 2.0T COOPER S 鉴赏家版','2016款',13,0);
insert into t_car_model(cm_id , cs_id , cm_name,cm_type ,cm_order , cm_state) values(16149,749,'2013款 1.6L COOPER Bond Street','2013款',1,0);
insert into t_car_model(cm_id , cs_id , cm_name,cm_type ,cm_order , cm_state) values(14920,749,'2013款 1.6T COOPER S Bond Street','2013款',2,0);
insert into t_car_model(cm_id , cs_id , cm_name,cm_type ,cm_order , cm_state) values(12839,749,'2012款 1.6T COOPER S Fun','2012款',1,0);
insert into t_car_model(cm_id , cs_id , cm_name,cm_type ,cm_order , cm_state) values(12637,749,'2012款 1.6T COOPER S 中国任务版','2012款',2,0);
insert into t_car_model(cm_id , cs_id , cm_name,cm_type ,cm_order , cm_state) values(9983,749,'2011款 1.6L COOPER Hampton','2011款',1,0);
insert into t_car_model(cm_id , cs_id , cm_name,cm_type ,cm_order , cm_state) values(8835,749,'2011款 1.6L ONE','2011款',2,0);
insert into t_car_model(cm_id , cs_id , cm_name,cm_type ,cm_order , cm_state) values(10383,749,'2011款 1.6T COOPER S Hampton','2011款',3,0);
insert into t_car_model(cm_id , cs_id , cm_name,cm_type ,cm_order , cm_state) values(8841,749,'2011款 1.6L COOPER Fun','2011款',4,0);
insert into t_car_model(cm_id , cs_id , cm_name,cm_type ,cm_order , cm_state) values(8842,749,'2011款 1.6L COOPER Excitement','2011款',5,0);
insert into t_car_model(cm_id , cs_id , cm_name,cm_type ,cm_order , cm_state) values(8052,749,'2011款 1.6T COOPER S','2011款',6,0);
insert into t_car_model(cm_id , cs_id , cm_name,cm_type ,cm_order , cm_state) values(6235,749,'2010款 1.6L COOPER Cheer','2010款',1,0);
insert into t_car_model(cm_id , cs_id , cm_name,cm_type ,cm_order , cm_state) values(4328,749,'2008款 1.6T COOPER S','2008款',1,0);
insert into t_car_model(cm_id , cs_id , cm_name,cm_type ,cm_order , cm_state) values(3179,749,'2007款 1.6L COOPER Fun','2007款',1,0);
insert into t_car_model(cm_id , cs_id , cm_name,cm_type ,cm_order , cm_state) values(3835,749,'2007款 1.6L COOPER Excitement','2007款',2,0);
insert into t_car_series(cs_id,cbf_id,cs_name,cs_order,cs_letter) values(750,143,'MINI COUNTRYMAN',2661,'M');
insert into t_car_model(cm_id , cs_id , cm_name,cm_type ,cm_order , cm_state) values(42460,750,'2019款 1.5T COOPER 经典派周末旅行版','2019款',1,0);
insert into t_car_model(cm_id , cs_id , cm_name,cm_type ,cm_order , cm_state) values(42461,750,'2019款 1.5T COOPER 艺术家周末旅行版','2019款',2,0);
insert into t_car_model(cm_id , cs_id , cm_name,cm_type ,cm_order , cm_state) values(42462,750,'2019款 1.5T COOPER ALL4 经典派周末旅行版','2019款',3,0);
insert into t_car_model(cm_id , cs_id , cm_name,cm_type ,cm_order , cm_state) values(42463,750,'2019款 1.5T COOPER ALL4 艺术家周末旅行版','2019款',4,0);
insert into t_car_model(cm_id , cs_id , cm_name,cm_type ,cm_order , cm_state) values(42464,750,'2019款 2.0T COOPER S ALL4 经典派','2019款',5,0);
insert into t_car_model(cm_id , cs_id , cm_name,cm_type ,cm_order , cm_state) values(42466,750,'2019款 2.0T COOPER S ALL4 艺术家','2019款',6,0);
insert into t_car_model(cm_id , cs_id , cm_name,cm_type ,cm_order , cm_state) values(35537,750,'2018款 1.5T COOPER 艺术家','2018款',1,0);
insert into t_car_model(cm_id , cs_id , cm_name,cm_type ,cm_order , cm_state) values(35534,750,'2018款 1.5T COOPER 特别版','2018款',2,0);
insert into t_car_model(cm_id , cs_id , cm_name,cm_type ,cm_order , cm_state) values(35536,750,'2018款 1.5T COOPER 经典派','2018款',3,0);
insert into t_car_model(cm_id , cs_id , cm_name,cm_type ,cm_order , cm_state) values(35538,750,'2018款 1.5T COOPER ALL4 经典派','2018款',4,0);
insert into t_car_model(cm_id , cs_id , cm_name,cm_type ,cm_order , cm_state) values(35539,750,'2018款 1.5T COOPER ALL4 艺术家','2018款',5,0);
insert into t_car_model(cm_id , cs_id , cm_name,cm_type ,cm_order , cm_state) values(35540,750,'2018款 1.5T COOPER ALL4 赛车手','2018款',6,0);
insert into t_car_model(cm_id , cs_id , cm_name,cm_type ,cm_order , cm_state) values(35541,750,'2018款 2.0T COOPER S ALL4 经典派','2018款',7,0);
insert into t_car_model(cm_id , cs_id , cm_name,cm_type ,cm_order , cm_state) values(35542,750,'2018款 2.0T COOPER S ALL4 艺术家','2018款',8,0);
insert into t_car_model(cm_id , cs_id , cm_name,cm_type ,cm_order , cm_state) values(35543,750,'2018款 2.0T COOPER S ALL4 赛车手','2018款',9,0);
insert into t_car_model(cm_id , cs_id , cm_name,cm_type ,cm_order , cm_state) values(29415,750,'2017款 1.5T COOPER','2017款',1,0);
insert into t_car_model(cm_id , cs_id , cm_name,cm_type ,cm_order , cm_state) values(29416,750,'2017款 1.5T COOPER 探险家','2017款',2,0);
insert into t_car_model(cm_id , cs_id , cm_name,cm_type ,cm_order , cm_state) values(33018,750,'2017款 1.5T COOPER ALL4 非常假日版 英伦绿','2017款',3,0);
insert into t_car_model(cm_id , cs_id , cm_name,cm_type ,cm_order , cm_state) values(33019,750,'2017款 1.5T COOPER ALL4 非常假日版 辣椒红','2017款',4,0);
insert into t_car_model(cm_id , cs_id , cm_name,cm_type ,cm_order , cm_state) values(31613,750,'2017款 1.5T COOPER ALL4 旅行家形象大使签名限量款','2017款',5,0);
insert into t_car_model(cm_id , cs_id , cm_name,cm_type ,cm_order , cm_state) values(29064,750,'2017款 1.5T COOPER ALL4','2017款',6,0);
insert into t_car_model(cm_id , cs_id , cm_name,cm_type ,cm_order , cm_state) values(29065,750,'2017款 1.5T COOPER ALL4 旅行家','2017款',7,0);
insert into t_car_model(cm_id , cs_id , cm_name,cm_type ,cm_order , cm_state) values(29066,750,'2017款 1.5T COOPER ALL4 探险家','2017款',8,0);
insert into t_car_model(cm_id , cs_id , cm_name,cm_type ,cm_order , cm_state) values(29067,750,'2017款 2.0T COOPER S ALL4','2017款',9,0);
insert into t_car_model(cm_id , cs_id , cm_name,cm_type ,cm_order , cm_state) values(29068,750,'2017款 2.0T COOPER S ALL4 旅行家','2017款',10,0);
insert into t_car_model(cm_id , cs_id , cm_name,cm_type ,cm_order , cm_state) values(29069,750,'2017款 2.0T COOPER S ALL4 探险家','2017款',11,0);
insert into t_car_model(cm_id , cs_id , cm_name,cm_type ,cm_order , cm_state) values(31179,750,'2017款 2.0T COOPER S ALL4 赛车控','2017款',12,0);
insert into t_car_model(cm_id , cs_id , cm_name,cm_type ,cm_order , cm_state) values(26624,750,'2016款 1.6T COOPER ALL4 Fun装备控','2016款',1,0);
insert into t_car_model(cm_id , cs_id , cm_name,cm_type ,cm_order , cm_state) values(26625,750,'2016款 1.6T COOPER ALL4 Excitement装备控','2016款',2,0);
insert into t_car_model(cm_id , cs_id , cm_name,cm_type ,cm_order , cm_state) values(26626,750,'2016款 1.6T COOPER ALL4 Park Lane','2016款',3,0);
insert into t_car_model(cm_id , cs_id , cm_name,cm_type ,cm_order , cm_state) values(26627,750,'2016款 1.6T COOPER S ALL4 装备控','2016款',4,0);
insert into t_car_model(cm_id , cs_id , cm_name,cm_type ,cm_order , cm_state) values(21797,750,'2016款 1.6T COOPER S ALL4 Park Lane','2016款',5,0);
insert into t_car_model(cm_id , cs_id , cm_name,cm_type ,cm_order , cm_state) values(21947,750,'2015款 1.6T COOPER S ALL4 进藏限量版','2015款',1,0);
insert into t_car_model(cm_id , cs_id , cm_name,cm_type ,cm_order , cm_state) values(19660,750,'2015款 1.6T COOPER S ALL4 极致暗夜版','2015款',2,0);
insert into t_car_model(cm_id , cs_id , cm_name,cm_type ,cm_order , cm_state) values(20162,750,'2014款 1.6L ONE','2014款',1,0);
insert into t_car_model(cm_id , cs_id , cm_name,cm_type ,cm_order , cm_state) values(20168,750,'2014款 1.6L COOPER Fun','2014款',2,0);
insert into t_car_model(cm_id , cs_id , cm_name,cm_type ,cm_order , cm_state) values(20169,750,'2014款 1.6L COOPER Excitement','2014款',3,0);
insert into t_car_model(cm_id , cs_id , cm_name,cm_type ,cm_order , cm_state) values(20165,750,'2014款 1.6T COOPER S','2014款',4,0);
insert into t_car_model(cm_id , cs_id , cm_name,cm_type ,cm_order , cm_state) values(20163,750,'2014款 1.6T COOPER ALL4 Fun','2014款',5,0);
insert into t_car_model(cm_id , cs_id , cm_name,cm_type ,cm_order , cm_state) values(20164,750,'2014款 1.6T COOPER ALL4 Excitement','2014款',6,0);
insert into t_car_model(cm_id , cs_id , cm_name,cm_type ,cm_order , cm_state) values(18855,750,'2014款 1.6T COOPER S ALL4','2014款',7,0);
insert into t_car_model(cm_id , cs_id , cm_name,cm_type ,cm_order , cm_state) values(16914,750,'2013款 1.6T COOPER ALL4 Excitement','2013款',1,0);
insert into t_car_model(cm_id , cs_id , cm_name,cm_type ,cm_order , cm_state) values(16166,750,'2013款 1.6T COOPER ALL4 Fun','2013款',2,0);
insert into t_car_model(cm_id , cs_id , cm_name,cm_type ,cm_order , cm_state) values(14692,750,'2013款 1.6T COOPER S ALL4 滑雪版','2013款',3,0);
insert into t_car_model(cm_id , cs_id , cm_name,cm_type ,cm_order , cm_state) values(12840,750,'2012款 1.6T COOPER S','2012款',1,0);
insert into t_car_model(cm_id , cs_id , cm_name,cm_type ,cm_order , cm_state) values(10147,750,'2011款 1.6L ONE','2011款',1,0);
insert into t_car_model(cm_id , cs_id , cm_name,cm_type ,cm_order , cm_state) values(10148,750,'2011款 1.6L COOPER Fun','2011款',2,0);
insert into t_car_model(cm_id , cs_id , cm_name,cm_type ,cm_order , cm_state) values(8846,750,'2011款 1.6L COOPER Excitement','2011款',3,0);
insert into t_car_model(cm_id , cs_id , cm_name,cm_type ,cm_order , cm_state) values(4354,750,'2011款 1.6T COOPER S ALL4','2011款',4,0);
insert into t_car_series(cs_id,cbf_id,cs_name,cs_order,cs_letter) values(930,143,'MINI ROADSTER',2669,'M');
insert into t_car_model(cm_id , cs_id , cm_name,cm_type ,cm_order , cm_state) values(12079,930,'2012款 1.6L COOPER','2012款',1,0);
insert into t_car_model(cm_id , cs_id , cm_name,cm_type ,cm_order , cm_state) values(11201,930,'2012款 1.6T COOPER S','2012款',2,0);
insert into t_car_series(cs_id,cbf_id,cs_name,cs_order,cs_letter) values(2241,143,'MINI PACEMAN',2672,'M');
insert into t_car_model(cm_id , cs_id , cm_name,cm_type ,cm_order , cm_state) values(20158,2241,'2014款 1.6L COOPER','2014款',1,0);
insert into t_car_model(cm_id , cs_id , cm_name,cm_type ,cm_order , cm_state) values(20159,2241,'2014款 1.6T COOPER ALL4','2014款',2,0);
insert into t_car_model(cm_id , cs_id , cm_name,cm_type ,cm_order , cm_state) values(20160,2241,'2014款 1.6T COOPER S ALL4','2014款',3,0);
insert into t_car_model(cm_id , cs_id , cm_name,cm_type ,cm_order , cm_state) values(15322,2241,'2013款 1.6L COOPER','2013款',1,0);
insert into t_car_model(cm_id , cs_id , cm_name,cm_type ,cm_order , cm_state) values(16913,2241,'2013款 1.6T COOPER ALL4','2013款',2,0);
insert into t_car_model(cm_id , cs_id , cm_name,cm_type ,cm_order , cm_state) values(13868,2241,'2013款 1.6T COOPER S ALL4','2013款',3,0);
insert into t_car_series(cs_id,cbf_id,cs_name,cs_order,cs_letter) values(904,143,'MINI COUPE',2673,'M');
insert into t_car_model(cm_id , cs_id , cm_name,cm_type ,cm_order , cm_state) values(12028,904,'2012款 1.6L COOPER','2012款',1,0);
insert into t_car_model(cm_id , cs_id , cm_name,cm_type ,cm_order , cm_state) values(12029,904,'2012款 1.6T COOPER S','2012款',2,0);
insert into t_car_brand_factory(cbf_id , cb_id , cbf_name ,cbf_letter) values(369,56,'MINI JCW','M');
insert into t_car_series(cs_id,cbf_id,cs_name,cs_order,cs_letter) values(3178,369,'MINI JCW',2674,'M');
insert into t_car_model(cm_id , cs_id , cm_name,cm_type ,cm_order , cm_state) values(34817,3178,'2018款 2.0T JOHN COOPER WORKS','2018款',1,0);
insert into t_car_model(cm_id , cs_id , cm_name,cm_type ,cm_order , cm_state) values(34818,3178,'2018款 2.0T JOHN COOPER WORKS ALL-IN','2018款',2,0);
insert into t_car_model(cm_id , cs_id , cm_name,cm_type ,cm_order , cm_state) values(30258,3178,'2017款 2.0T JOHN COOPER WORKS','2017款',1,0);
insert into t_car_model(cm_id , cs_id , cm_name,cm_type ,cm_order , cm_state) values(30259,3178,'2017款 2.0T JOHN COOPER WORKS 先锋派','2017款',2,0);
insert into t_car_model(cm_id , cs_id , cm_name,cm_type ,cm_order , cm_state) values(26298,3178,'2016款 2.0T JOHN COOPER WORKS','2016款',1,0);
insert into t_car_model(cm_id , cs_id , cm_name,cm_type ,cm_order , cm_state) values(26299,3178,'2016款 2.0T JOHN COOPER WORKS 先锋派','2016款',2,0);
insert into t_car_model(cm_id , cs_id , cm_name,cm_type ,cm_order , cm_state) values(21185,3178,'2015款 2.0T JOHN COOPER WORKS','2015款',1,0);
insert into t_car_model(cm_id , cs_id , cm_name,cm_type ,cm_order , cm_state) values(16666,3178,'2013款 1.6T JOHN COOPER WORKS','2013款',1,0);
insert into t_car_series(cs_id,cbf_id,cs_name,cs_order,cs_letter) values(3179,369,'MINI JCW CLUBMAN',2675,'M');
insert into t_car_model(cm_id , cs_id , cm_name,cm_type ,cm_order , cm_state) values(35553,3179,'2018款 2.0T JOHN COOPER WORKS','2018款',1,0);
insert into t_car_model(cm_id , cs_id , cm_name,cm_type ,cm_order , cm_state) values(35554,3179,'2018款 2.0T JOHN COOPER WORKS ALL-IN','2018款',2,0);
insert into t_car_model(cm_id , cs_id , cm_name,cm_type ,cm_order , cm_state) values(27804,3179,'2017款 2.0T JOHN COOPER WORKS','2017款',1,0);
insert into t_car_model(cm_id , cs_id , cm_name,cm_type ,cm_order , cm_state) values(30261,3179,'2017款 2.0T JOHN COOPER WORKS 极客','2017款',2,0);
insert into t_car_model(cm_id , cs_id , cm_name,cm_type ,cm_order , cm_state) values(16669,3179,'2013款 1.6T JOHN COOPER WORKS','2013款',1,0);
insert into t_car_series(cs_id,cbf_id,cs_name,cs_order,cs_letter) values(3181,369,'MINI JCW COUNTRYMAN',2676,'M');
insert into t_car_model(cm_id , cs_id , cm_name,cm_type ,cm_order , cm_state) values(35544,3181,'2018款 2.0T JOHN COOPER WORKS','2018款',1,0);
insert into t_car_model(cm_id , cs_id , cm_name,cm_type ,cm_order , cm_state) values(35545,3181,'2018款 2.0T JOHN COOPER WORKS ALL-IN','2018款',2,0);
insert into t_car_model(cm_id , cs_id , cm_name,cm_type ,cm_order , cm_state) values(29091,3181,'2017款 2.0T JOHN COOPER WORKS','2017款',1,0);
insert into t_car_model(cm_id , cs_id , cm_name,cm_type ,cm_order , cm_state) values(30262,3181,'2017款 2.0T JOHN COOPER WORKS 旅行家','2017款',2,0);
insert into t_car_model(cm_id , cs_id , cm_name,cm_type ,cm_order , cm_state) values(20166,3181,'2014款 1.6T JOHN COOPER WORKS ALL4','2014款',1,0);
insert into t_car_model(cm_id , cs_id , cm_name,cm_type ,cm_order , cm_state) values(16673,3181,'2013款 1.6T JOHN COOPER WORKS ALL4','2013款',1,0);
insert into t_car_series(cs_id,cbf_id,cs_name,cs_order,cs_letter) values(3182,369,'MINI JCW PACEMAN',2677,'M');
insert into t_car_model(cm_id , cs_id , cm_name,cm_type ,cm_order , cm_state) values(20161,3182,'2014款 1.6T JOHN COOPER WORKS ALL4','2014款',1,0);
insert into t_car_model(cm_id , cs_id , cm_name,cm_type ,cm_order , cm_state) values(16674,3182,'2013款 1.6T JOHN COOPER WORKS ALL4','2013款',1,0);
insert into t_car_series(cs_id,cbf_id,cs_name,cs_order,cs_letter) values(3180,369,'MINI JCW COUPE',2678,'M');
insert into t_car_model(cm_id , cs_id , cm_name,cm_type ,cm_order , cm_state) values(16672,3180,'2013款 1.6T JOHN COOPER WORKS','2013款',1,0);
