insert into t_car_brand_factory(cbf_id , cb_id , cbf_name ,cbf_letter) values(143,56,'MINI','M');
insert into t_car_series(cs_id,cb_id,cbf_id,cs_name,cs_order,cs_letter) values(209,56,143,'MINI',2659,'M');
insert into t_car_model(cm_id ,cb_id,cbf_id, cs_id , cm_name,cm_type ,cm_order , cm_state) values(42514,56,143,209,'2020款 1.5T COOPER 经典派 三门绝色版','2020款',1,0);
insert into t_car_model(cm_id ,cb_id,cbf_id, cs_id , cm_name,cm_type ,cm_order , cm_state) values(42515,56,143,209,'2020款 1.5T COOPER 经典派 五门绝色版','2020款',2,0);
insert into t_car_model(cm_id ,cb_id,cbf_id, cs_id , cm_name,cm_type ,cm_order , cm_state) values(42516,56,143,209,'2020款 2.0T COOPER S 经典派 三门绝色版','2020款',3,0);
insert into t_car_model(cm_id ,cb_id,cbf_id, cs_id , cm_name,cm_type ,cm_order , cm_state) values(39345,56,143,209,'2019款 1.5T COOPER 60周年纪念版','2019款',1,0);
insert into t_car_model(cm_id ,cb_id,cbf_id, cs_id , cm_name,cm_type ,cm_order , cm_state) values(37734,56,143,209,'2019款 2.0T COOPER S 60周年纪念版','2019款',2,0);
insert into t_car_model(cm_id ,cb_id,cbf_id, cs_id , cm_name,cm_type ,cm_order , cm_state) values(39346,56,143,209,'2019款 1.5T COOPER 60周年纪念版 五门版','2019款',3,0);
insert into t_car_model(cm_id ,cb_id,cbf_id, cs_id , cm_name,cm_type ,cm_order , cm_state) values(39344,56,143,209,'2019款 2.0T COOPER S 60周年纪念版 五门版','2019款',4,0);
insert into t_car_model(cm_id ,cb_id,cbf_id, cs_id , cm_name,cm_type ,cm_order , cm_state) values(34796,56,143,209,'2018款 1.5T ONE','2018款',1,0);
insert into t_car_model(cm_id ,cb_id,cbf_id, cs_id , cm_name,cm_type ,cm_order , cm_state) values(34797,56,143,209,'2018款 1.5T ONE PLUS','2018款',2,0);
insert into t_car_model(cm_id ,cb_id,cbf_id, cs_id , cm_name,cm_type ,cm_order , cm_state) values(34798,56,143,209,'2018款 1.5T COOPER 经典派','2018款',3,0);
insert into t_car_model(cm_id ,cb_id,cbf_id, cs_id , cm_name,cm_type ,cm_order , cm_state) values(34799,56,143,209,'2018款 1.5T COOPER 艺术家','2018款',4,0);
insert into t_car_model(cm_id ,cb_id,cbf_id, cs_id , cm_name,cm_type ,cm_order , cm_state) values(34800,56,143,209,'2018款 1.5T COOPER 赛车手','2018款',5,0);
insert into t_car_model(cm_id ,cb_id,cbf_id, cs_id , cm_name,cm_type ,cm_order , cm_state) values(34801,56,143,209,'2018款 2.0T COOPER S 经典派','2018款',6,0);
insert into t_car_model(cm_id ,cb_id,cbf_id, cs_id , cm_name,cm_type ,cm_order , cm_state) values(34554,56,143,209,'2018款 2.0T COOPER S 艺术家','2018款',7,0);
insert into t_car_model(cm_id ,cb_id,cbf_id, cs_id , cm_name,cm_type ,cm_order , cm_state) values(34802,56,143,209,'2018款 2.0T COOPER S 赛车手','2018款',8,0);
insert into t_car_model(cm_id ,cb_id,cbf_id, cs_id , cm_name,cm_type ,cm_order , cm_state) values(34803,56,143,209,'2018款 1.5T ONE 五门版','2018款',9,0);
insert into t_car_model(cm_id ,cb_id,cbf_id, cs_id , cm_name,cm_type ,cm_order , cm_state) values(34804,56,143,209,'2018款 1.5T ONE PLUS 五门版','2018款',10,0);
insert into t_car_model(cm_id ,cb_id,cbf_id, cs_id , cm_name,cm_type ,cm_order , cm_state) values(34805,56,143,209,'2018款 1.5T COOPER 经典派 五门版','2018款',11,0);
insert into t_car_model(cm_id ,cb_id,cbf_id, cs_id , cm_name,cm_type ,cm_order , cm_state) values(34806,56,143,209,'2018款 1.5T COOPER 艺术家 五门版','2018款',12,0);
insert into t_car_model(cm_id ,cb_id,cbf_id, cs_id , cm_name,cm_type ,cm_order , cm_state) values(34807,56,143,209,'2018款 1.5T COOPER 赛车手 五门版','2018款',13,0);
insert into t_car_model(cm_id ,cb_id,cbf_id, cs_id , cm_name,cm_type ,cm_order , cm_state) values(34808,56,143,209,'2018款 2.0T COOPER S 经典派 五门版','2018款',14,0);
insert into t_car_model(cm_id ,cb_id,cbf_id, cs_id , cm_name,cm_type ,cm_order , cm_state) values(34809,56,143,209,'2018款 2.0T COOPER S 艺术家 五门版','2018款',15,0);
insert into t_car_model(cm_id ,cb_id,cbf_id, cs_id , cm_name,cm_type ,cm_order , cm_state) values(34281,56,143,209,'2018款 2.0T COOPER S 赛车手 五门版','2018款',16,0);
insert into t_car_model(cm_id ,cb_id,cbf_id, cs_id , cm_name,cm_type ,cm_order , cm_state) values(34810,56,143,209,'2018款 1.5T COOPER CABRIO 经典派','2018款',17,0);
insert into t_car_model(cm_id ,cb_id,cbf_id, cs_id , cm_name,cm_type ,cm_order , cm_state) values(34553,56,143,209,'2018款 1.5T COOPER CABRIO 艺术家','2018款',18,0);
insert into t_car_model(cm_id ,cb_id,cbf_id, cs_id , cm_name,cm_type ,cm_order , cm_state) values(33782,56,143,209,'2018款 1.5T COOPER SEVEN纪念版','2018款',19,0);
insert into t_car_model(cm_id ,cb_id,cbf_id, cs_id , cm_name,cm_type ,cm_order , cm_state) values(33780,56,143,209,'2018款 1.5T COOPER 色彩纪念版','2018款',20,0);
insert into t_car_model(cm_id ,cb_id,cbf_id, cs_id , cm_name,cm_type ,cm_order , cm_state) values(33779,56,143,209,'2018款 2.0T COOPER S CABRIO 纪念版','2018款',21,0);
insert into t_car_model(cm_id ,cb_id,cbf_id, cs_id , cm_name,cm_type ,cm_order , cm_state) values(33783,56,143,209,'2018款 1.5T COOPER SEVEN纪念版 五门版','2018款',22,0);
insert into t_car_model(cm_id ,cb_id,cbf_id, cs_id , cm_name,cm_type ,cm_order , cm_state) values(33781,56,143,209,'2018款 1.5T COOPER 色彩纪念版 五门版','2018款',23,0);
insert into t_car_model(cm_id ,cb_id,cbf_id, cs_id , cm_name,cm_type ,cm_order , cm_state) values(32340,56,143,209,'2017款 1.5T COOPER 冰蓝色限量版','2017款',1,0);
insert into t_car_model(cm_id ,cb_id,cbf_id, cs_id , cm_name,cm_type ,cm_order , cm_state) values(31174,56,143,209,'2017款 2.0T COOPER S 赛车控','2017款',2,0);
insert into t_car_model(cm_id ,cb_id,cbf_id, cs_id , cm_name,cm_type ,cm_order , cm_state) values(31047,56,143,209,'2017款 1.5T COOPER 加勒比蓝限量版','2017款',3,0);
insert into t_car_model(cm_id ,cb_id,cbf_id, cs_id , cm_name,cm_type ,cm_order , cm_state) values(32341,56,143,209,'2017款 1.5T COOPER 冰蓝色限量版 五门版','2017款',4,0);
insert into t_car_model(cm_id ,cb_id,cbf_id, cs_id , cm_name,cm_type ,cm_order , cm_state) values(31176,56,143,209,'2017款 2.0T COOPER S 赛车控 五门版','2017款',5,0);
insert into t_car_model(cm_id ,cb_id,cbf_id, cs_id , cm_name,cm_type ,cm_order , cm_state) values(31223,56,143,209,'2017款 1.5T COOPER CABRIO 自由派','2017款',6,0);
insert into t_car_model(cm_id ,cb_id,cbf_id, cs_id , cm_name,cm_type ,cm_order , cm_state) values(31224,56,143,209,'2017款 2.0T COOPER S CABRIO 自由派','2017款',7,0);
insert into t_car_model(cm_id ,cb_id,cbf_id, cs_id , cm_name,cm_type ,cm_order , cm_state) values(31178,56,143,209,'2017款 2.0T COOPER S CABRIO 赛车控','2017款',8,0);
insert into t_car_model(cm_id ,cb_id,cbf_id, cs_id , cm_name,cm_type ,cm_order , cm_state) values(26295,56,143,209,'2016款 1.5T COOPER','2016款',1,0);
insert into t_car_model(cm_id ,cb_id,cbf_id, cs_id , cm_name,cm_type ,cm_order , cm_state) values(26280,56,143,209,'2016款 1.5T COOPER 先锋派','2016款',2,0);
insert into t_car_model(cm_id ,cb_id,cbf_id, cs_id , cm_name,cm_type ,cm_order , cm_state) values(26281,56,143,209,'2016款 1.5T COOPER 表现派','2016款',3,0);
insert into t_car_model(cm_id ,cb_id,cbf_id, cs_id , cm_name,cm_type ,cm_order , cm_state) values(26291,56,143,209,'2016款 1.2T 手动 ONE','2016款',4,0);
insert into t_car_model(cm_id ,cb_id,cbf_id, cs_id , cm_name,cm_type ,cm_order , cm_state) values(27499,56,143,209,'2016款 1.5T COOPER SEVEN','2016款',5,0);
insert into t_car_model(cm_id ,cb_id,cbf_id, cs_id , cm_name,cm_type ,cm_order , cm_state) values(27501,56,143,209,'2016款 2.0T COOPER S SEVEN','2016款',6,0);
insert into t_car_model(cm_id ,cb_id,cbf_id, cs_id , cm_name,cm_type ,cm_order , cm_state) values(27500,56,143,209,'2016款 1.5T COOPER SEVEN 五门版','2016款',7,0);
insert into t_car_model(cm_id ,cb_id,cbf_id, cs_id , cm_name,cm_type ,cm_order , cm_state) values(27502,56,143,209,'2016款 2.0T COOPER S SEVEN 五门版','2016款',8,0);
insert into t_car_model(cm_id ,cb_id,cbf_id, cs_id , cm_name,cm_type ,cm_order , cm_state) values(26297,56,143,209,'2016款 2.0T COOPER S 手动','2016款',9,0);
insert into t_car_model(cm_id ,cb_id,cbf_id, cs_id , cm_name,cm_type ,cm_order , cm_state) values(26283,56,143,209,'2016款 2.0T COOPER S 表现派','2016款',10,0);
insert into t_car_model(cm_id ,cb_id,cbf_id, cs_id , cm_name,cm_type ,cm_order , cm_state) values(24291,56,143,209,'2016款 1.5T COOPER CABRIO 加勒比蓝限量版','2016款',11,0);
insert into t_car_model(cm_id ,cb_id,cbf_id, cs_id , cm_name,cm_type ,cm_order , cm_state) values(26302,56,143,209,'2016款 1.2T 手动 ONE 五门版','2016款',12,0);
insert into t_car_model(cm_id ,cb_id,cbf_id, cs_id , cm_name,cm_type ,cm_order , cm_state) values(26305,56,143,209,'2016款 2.0T COOPER S 表现派 五门版','2016款',13,0);
insert into t_car_model(cm_id ,cb_id,cbf_id, cs_id , cm_name,cm_type ,cm_order , cm_state) values(24292,56,143,209,'2016款 2.0T COOPER S CABRIO 加勒比蓝限量版','2016款',14,0);
insert into t_car_model(cm_id ,cb_id,cbf_id, cs_id , cm_name,cm_type ,cm_order , cm_state) values(26300,56,143,209,'2016款 2.0T COOPER S','2016款',15,0);
insert into t_car_model(cm_id ,cb_id,cbf_id, cs_id , cm_name,cm_type ,cm_order , cm_state) values(26282,56,143,209,'2016款 2.0T COOPER S 先锋派','2016款',16,0);
insert into t_car_model(cm_id ,cb_id,cbf_id, cs_id , cm_name,cm_type ,cm_order , cm_state) values(26304,56,143,209,'2016款 1.5T COOPER 五门版','2016款',17,0);
insert into t_car_model(cm_id ,cb_id,cbf_id, cs_id , cm_name,cm_type ,cm_order , cm_state) values(26285,56,143,209,'2016款 1.5T COOPER 先锋派 五门版','2016款',18,0);
insert into t_car_model(cm_id ,cb_id,cbf_id, cs_id , cm_name,cm_type ,cm_order , cm_state) values(26286,56,143,209,'2016款 1.5T COOPER 表现派 五门版','2016款',19,0);
insert into t_car_model(cm_id ,cb_id,cbf_id, cs_id , cm_name,cm_type ,cm_order , cm_state) values(26306,56,143,209,'2016款 2.0T COOPER S 五门版','2016款',20,0);
insert into t_car_model(cm_id ,cb_id,cbf_id, cs_id , cm_name,cm_type ,cm_order , cm_state) values(26288,56,143,209,'2016款 2.0T COOPER S 先锋派 五门版','2016款',21,0);
insert into t_car_model(cm_id ,cb_id,cbf_id, cs_id , cm_name,cm_type ,cm_order , cm_state) values(25385,56,143,209,'2016款 1.5T COOPER CABRIO','2016款',22,0);
insert into t_car_model(cm_id ,cb_id,cbf_id, cs_id , cm_name,cm_type ,cm_order , cm_state) values(25386,56,143,209,'2016款 2.0T COOPER S CABRIO','2016款',23,0);
insert into t_car_model(cm_id ,cb_id,cbf_id, cs_id , cm_name,cm_type ,cm_order , cm_state) values(26293,56,143,209,'2016款 1.2T ONE','2016款',24,0);
insert into t_car_model(cm_id ,cb_id,cbf_id, cs_id , cm_name,cm_type ,cm_order , cm_state) values(26279,56,143,209,'2016款 1.2T ONE 先锋派','2016款',25,0);
insert into t_car_model(cm_id ,cb_id,cbf_id, cs_id , cm_name,cm_type ,cm_order , cm_state) values(26303,56,143,209,'2016款 1.2T ONE 五门版','2016款',26,0);
insert into t_car_model(cm_id ,cb_id,cbf_id, cs_id , cm_name,cm_type ,cm_order , cm_state) values(26284,56,143,209,'2016款 1.2T ONE 先锋派 五门版','2016款',27,0);
insert into t_car_model(cm_id ,cb_id,cbf_id, cs_id , cm_name,cm_type ,cm_order , cm_state) values(20489,56,143,209,'2015款 1.2T 手动 ONE','2015款',1,0);
insert into t_car_model(cm_id ,cb_id,cbf_id, cs_id , cm_name,cm_type ,cm_order , cm_state) values(19133,56,143,209,'2015款 2.0T COOPER S 手动','2015款',2,0);
insert into t_car_model(cm_id ,cb_id,cbf_id, cs_id , cm_name,cm_type ,cm_order , cm_state) values(20533,56,143,209,'2015款 1.2T 手动 ONE 五门版','2015款',3,0);
insert into t_car_model(cm_id ,cb_id,cbf_id, cs_id , cm_name,cm_type ,cm_order , cm_state) values(20534,56,143,209,'2015款 1.2T ONE 五门版','2015款',4,0);
insert into t_car_model(cm_id ,cb_id,cbf_id, cs_id , cm_name,cm_type ,cm_order , cm_state) values(20535,56,143,209,'2015款 1.5T COOPER Fun 五门版','2015款',5,0);
insert into t_car_model(cm_id ,cb_id,cbf_id, cs_id , cm_name,cm_type ,cm_order , cm_state) values(20536,56,143,209,'2015款 1.5T COOPER Excitement 五门版','2015款',6,0);
insert into t_car_model(cm_id ,cb_id,cbf_id, cs_id , cm_name,cm_type ,cm_order , cm_state) values(20537,56,143,209,'2015款 2.0T COOPER S 五门版','2015款',7,0);
insert into t_car_model(cm_id ,cb_id,cbf_id, cs_id , cm_name,cm_type ,cm_order , cm_state) values(18991,56,143,209,'2014款 1.2T ONE','2014款',1,0);
insert into t_car_model(cm_id ,cb_id,cbf_id, cs_id , cm_name,cm_type ,cm_order , cm_state) values(17889,56,143,209,'2014款 1.2T ONE+','2014款',2,0);
insert into t_car_model(cm_id ,cb_id,cbf_id, cs_id , cm_name,cm_type ,cm_order , cm_state) values(17539,56,143,209,'2014款 1.5T COOPER Fun','2014款',3,0);
insert into t_car_model(cm_id ,cb_id,cbf_id, cs_id , cm_name,cm_type ,cm_order , cm_state) values(18992,56,143,209,'2014款 1.5T COOPER Excitement','2014款',4,0);
insert into t_car_model(cm_id ,cb_id,cbf_id, cs_id , cm_name,cm_type ,cm_order , cm_state) values(17204,56,143,209,'2014款 2.0T COOPER S Fun','2014款',5,0);
insert into t_car_model(cm_id ,cb_id,cbf_id, cs_id , cm_name,cm_type ,cm_order , cm_state) values(18993,56,143,209,'2014款 2.0T COOPER S Excitement','2014款',6,0);
insert into t_car_model(cm_id ,cb_id,cbf_id, cs_id , cm_name,cm_type ,cm_order , cm_state) values(16400,56,143,209,'2013款 1.6L ONE 限量第一款','2013款',1,0);
insert into t_car_model(cm_id ,cb_id,cbf_id, cs_id , cm_name,cm_type ,cm_order , cm_state) values(16401,56,143,209,'2013款 1.6L ONE 限量第二款','2013款',2,0);
insert into t_car_model(cm_id ,cb_id,cbf_id, cs_id , cm_name,cm_type ,cm_order , cm_state) values(16402,56,143,209,'2013款 1.6L ONE 限量第三款','2013款',3,0);
insert into t_car_model(cm_id ,cb_id,cbf_id, cs_id , cm_name,cm_type ,cm_order , cm_state) values(12836,56,143,209,'2012款 1.6T COOPER S Fun','2012款',1,0);
insert into t_car_model(cm_id ,cb_id,cbf_id, cs_id , cm_name,cm_type ,cm_order , cm_state) values(13026,56,143,209,'2012款 1.6L ONE Baker Street','2012款',2,0);
insert into t_car_model(cm_id ,cb_id,cbf_id, cs_id , cm_name,cm_type ,cm_order , cm_state) values(11839,56,143,209,'2012款 1.6L COOPER Baker Street','2012款',3,0);
insert into t_car_model(cm_id ,cb_id,cbf_id, cs_id , cm_name,cm_type ,cm_order , cm_state) values(13029,56,143,209,'2012款 1.6L 中国奥林匹克纪念版','2012款',4,0);
insert into t_car_model(cm_id ,cb_id,cbf_id, cs_id , cm_name,cm_type ,cm_order , cm_state) values(13027,56,143,209,'2012款 1.6L COOPER Bayswater','2012款',5,0);
insert into t_car_model(cm_id ,cb_id,cbf_id, cs_id , cm_name,cm_type ,cm_order , cm_state) values(11840,56,143,209,'2012款 1.6T COOPER S Bayswater','2012款',6,0);
insert into t_car_model(cm_id ,cb_id,cbf_id, cs_id , cm_name,cm_type ,cm_order , cm_state) values(13028,56,143,209,'2012款 1.6L COOPER 敞篷 Highgate','2012款',7,0);
insert into t_car_model(cm_id ,cb_id,cbf_id, cs_id , cm_name,cm_type ,cm_order , cm_state) values(11895,56,143,209,'2012款 1.6T COOPER S 敞篷 Highgate','2012款',8,0);
insert into t_car_model(cm_id ,cb_id,cbf_id, cs_id , cm_name,cm_type ,cm_order , cm_state) values(12638,56,143,209,'2012款 1.6T COOPER S 中国任务版','2012款',9,0);
insert into t_car_model(cm_id ,cb_id,cbf_id, cs_id , cm_name,cm_type ,cm_order , cm_state) values(9857,56,143,209,'2012款 1.6T GOODWOOD','2012款',10,0);
insert into t_car_model(cm_id ,cb_id,cbf_id, cs_id , cm_name,cm_type ,cm_order , cm_state) values(8836,56,143,209,'2011款 1.6L ONE','2011款',1,0);
insert into t_car_model(cm_id ,cb_id,cbf_id, cs_id , cm_name,cm_type ,cm_order , cm_state) values(10616,56,143,209,'2011款 1.6L COOPER Tattoo','2011款',2,0);
insert into t_car_model(cm_id ,cb_id,cbf_id, cs_id , cm_name,cm_type ,cm_order , cm_state) values(8053,56,143,209,'2011款 1.6T COOPER S','2011款',3,0);
insert into t_car_model(cm_id ,cb_id,cbf_id, cs_id , cm_name,cm_type ,cm_order , cm_state) values(8839,56,143,209,'2011款 1.6L COOPER Excitement','2011款',4,0);
insert into t_car_model(cm_id ,cb_id,cbf_id, cs_id , cm_name,cm_type ,cm_order , cm_state) values(8840,56,143,209,'2011款 1.6L COOPER CABRIO','2011款',5,0);
insert into t_car_model(cm_id ,cb_id,cbf_id, cs_id , cm_name,cm_type ,cm_order , cm_state) values(8054,56,143,209,'2011款 1.6T COOPER S CABRIO','2011款',6,0);
insert into t_car_model(cm_id ,cb_id,cbf_id, cs_id , cm_name,cm_type ,cm_order , cm_state) values(8838,56,143,209,'2011款 1.6L COOPER Fun','2011款',7,0);
insert into t_car_model(cm_id ,cb_id,cbf_id, cs_id , cm_name,cm_type ,cm_order , cm_state) values(6251,56,143,209,'2010款 1.6L COOPER Cheer','2010款',1,0);
insert into t_car_model(cm_id ,cb_id,cbf_id, cs_id , cm_name,cm_type ,cm_order , cm_state) values(6515,56,143,209,'2010款 1.6L COOPER 50 Mayfair','2010款',2,0);
insert into t_car_model(cm_id ,cb_id,cbf_id, cs_id , cm_name,cm_type ,cm_order , cm_state) values(6516,56,143,209,'2010款 1.6T COOPER S 50 Camden','2010款',3,0);
insert into t_car_model(cm_id ,cb_id,cbf_id, cs_id , cm_name,cm_type ,cm_order , cm_state) values(4839,56,143,209,'2009款 1.6L COOPER CABRIO','2009款',1,0);
insert into t_car_model(cm_id ,cb_id,cbf_id, cs_id , cm_name,cm_type ,cm_order , cm_state) values(4722,56,143,209,'2009款 1.6T COOPER S CABRIO','2009款',2,0);
insert into t_car_model(cm_id ,cb_id,cbf_id, cs_id , cm_name,cm_type ,cm_order , cm_state) values(2987,56,143,209,'2007款 1.6L COOPER Fun','2007款',1,0);
insert into t_car_model(cm_id ,cb_id,cbf_id, cs_id , cm_name,cm_type ,cm_order , cm_state) values(2504,56,143,209,'2007款 1.6L COOPER Excitement','2007款',2,0);
insert into t_car_model(cm_id ,cb_id,cbf_id, cs_id , cm_name,cm_type ,cm_order , cm_state) values(2505,56,143,209,'2007款 1.6T COOPER S','2007款',3,0);
insert into t_car_model(cm_id ,cb_id,cbf_id, cs_id , cm_name,cm_type ,cm_order , cm_state) values(2386,56,143,209,'2006款 1.6 Seven','2006款',1,0);
insert into t_car_model(cm_id ,cb_id,cbf_id, cs_id , cm_name,cm_type ,cm_order , cm_state) values(2387,56,143,209,'2006款 1.6 Park Lane','2006款',2,0);
insert into t_car_model(cm_id ,cb_id,cbf_id, cs_id , cm_name,cm_type ,cm_order , cm_state) values(2388,56,143,209,'2006款 1.6 Checkmate','2006款',3,0);
insert into t_car_model(cm_id ,cb_id,cbf_id, cs_id , cm_name,cm_type ,cm_order , cm_state) values(3578,56,143,209,'2006款 1.6T COOPER S Gp','2006款',4,0);
insert into t_car_model(cm_id ,cb_id,cbf_id, cs_id , cm_name,cm_type ,cm_order , cm_state) values(540,56,143,209,'2004款 1.6 COOPER','2004款',1,0);
insert into t_car_model(cm_id ,cb_id,cbf_id, cs_id , cm_name,cm_type ,cm_order , cm_state) values(1270,56,143,209,'2004款 1.6 COOPER CABRIO','2004款',2,0);
insert into t_car_series(cs_id,cb_id,cbf_id,cs_name,cs_order,cs_letter) values(749,56,143,'MINI CLUBMAN',2660,'M');
insert into t_car_model(cm_id ,cb_id,cbf_id, cs_id , cm_name,cm_type ,cm_order , cm_state) values(41630,56,143,749,'2019款 1.5T ONE','2019款',1,0);
insert into t_car_model(cm_id ,cb_id,cbf_id, cs_id , cm_name,cm_type ,cm_order , cm_state) values(38903,56,143,749,'2019款 1.5T COOPER','2019款',2,0);
insert into t_car_model(cm_id ,cb_id,cbf_id, cs_id , cm_name,cm_type ,cm_order , cm_state) values(41116,56,143,749,'2019款 1.5T COOPER 鉴赏家','2019款',3,0);
insert into t_car_model(cm_id ,cb_id,cbf_id, cs_id , cm_name,cm_type ,cm_order , cm_state) values(41117,56,143,749,'2019款 2.0T COOPER S','2019款',4,0);
insert into t_car_model(cm_id ,cb_id,cbf_id, cs_id , cm_name,cm_type ,cm_order , cm_state) values(38352,56,143,749,'2019款 1.5T ONE 美学版','2019款',5,0);
insert into t_car_model(cm_id ,cb_id,cbf_id, cs_id , cm_name,cm_type ,cm_order , cm_state) values(40691,56,143,749,'2019款 1.5T COOPER 登月版','2019款',6,0);
insert into t_car_model(cm_id ,cb_id,cbf_id, cs_id , cm_name,cm_type ,cm_order , cm_state) values(40692,56,143,749,'2019款 2.0T COOPER S 登月版','2019款',7,0);
insert into t_car_model(cm_id ,cb_id,cbf_id, cs_id , cm_name,cm_type ,cm_order , cm_state) values(35535,56,143,749,'2018款 1.5T ONE 特别版','2018款',1,0);
insert into t_car_model(cm_id ,cb_id,cbf_id, cs_id , cm_name,cm_type ,cm_order , cm_state) values(35546,56,143,749,'2018款 1.5T COOPER 经典派','2018款',2,0);
insert into t_car_model(cm_id ,cb_id,cbf_id, cs_id , cm_name,cm_type ,cm_order , cm_state) values(35547,56,143,749,'2018款 1.5T COOPER 艺术家','2018款',3,0);
insert into t_car_model(cm_id ,cb_id,cbf_id, cs_id , cm_name,cm_type ,cm_order , cm_state) values(35548,56,143,749,'2018款 1.5T COOPER 赛车手','2018款',4,0);
insert into t_car_model(cm_id ,cb_id,cbf_id, cs_id , cm_name,cm_type ,cm_order , cm_state) values(35549,56,143,749,'2018款 2.0T COOPER S 经典派','2018款',5,0);
insert into t_car_model(cm_id ,cb_id,cbf_id, cs_id , cm_name,cm_type ,cm_order , cm_state) values(35551,56,143,749,'2018款 2.0T COOPER S 艺术家','2018款',6,0);
insert into t_car_model(cm_id ,cb_id,cbf_id, cs_id , cm_name,cm_type ,cm_order , cm_state) values(35552,56,143,749,'2018款 2.0T COOPER S 赛车手','2018款',7,0);
insert into t_car_model(cm_id ,cb_id,cbf_id, cs_id , cm_name,cm_type ,cm_order , cm_state) values(31173,56,143,749,'2017款 2.0T COOPER S 赛车控','2017款',1,0);
insert into t_car_model(cm_id ,cb_id,cbf_id, cs_id , cm_name,cm_type ,cm_order , cm_state) values(23129,56,143,749,'2016款 1.5T COOPER','2016款',1,0);
insert into t_car_model(cm_id ,cb_id,cbf_id, cs_id , cm_name,cm_type ,cm_order , cm_state) values(23907,56,143,749,'2016款 1.5T COOPER 极客版','2016款',2,0);
insert into t_car_model(cm_id ,cb_id,cbf_id, cs_id , cm_name,cm_type ,cm_order , cm_state) values(23906,56,143,749,'2016款 1.5T COOPER 鉴赏家版','2016款',3,0);
insert into t_car_model(cm_id ,cb_id,cbf_id, cs_id , cm_name,cm_type ,cm_order , cm_state) values(23131,56,143,749,'2016款 2.0T COOPER S','2016款',4,0);
insert into t_car_model(cm_id ,cb_id,cbf_id, cs_id , cm_name,cm_type ,cm_order , cm_state) values(23908,56,143,749,'2016款 2.0T COOPER S 极客版','2016款',5,0);
insert into t_car_model(cm_id ,cb_id,cbf_id, cs_id , cm_name,cm_type ,cm_order , cm_state) values(23909,56,143,749,'2016款 2.0T COOPER S JCW套件版','2016款',6,0);
insert into t_car_model(cm_id ,cb_id,cbf_id, cs_id , cm_name,cm_type ,cm_order , cm_state) values(26935,56,143,749,'2016款 1.5T ONE 网络限量版','2016款',7,0);
insert into t_car_model(cm_id ,cb_id,cbf_id, cs_id , cm_name,cm_type ,cm_order , cm_state) values(26320,56,143,749,'2016款 改款 1.5T COOPER','2016款',8,0);
insert into t_car_model(cm_id ,cb_id,cbf_id, cs_id , cm_name,cm_type ,cm_order , cm_state) values(26321,56,143,749,'2016款 改款 1.5T COOPER 极客版','2016款',9,0);
insert into t_car_model(cm_id ,cb_id,cbf_id, cs_id , cm_name,cm_type ,cm_order , cm_state) values(26324,56,143,749,'2016款 改款 1.5T COOPER 鉴赏家版','2016款',10,0);
insert into t_car_model(cm_id ,cb_id,cbf_id, cs_id , cm_name,cm_type ,cm_order , cm_state) values(26325,56,143,749,'2016款 改款 2.0T COOPER S','2016款',11,0);
insert into t_car_model(cm_id ,cb_id,cbf_id, cs_id , cm_name,cm_type ,cm_order , cm_state) values(26326,56,143,749,'2016款 改款 2.0T COOPER S 极客版','2016款',12,0);
insert into t_car_model(cm_id ,cb_id,cbf_id, cs_id , cm_name,cm_type ,cm_order , cm_state) values(26277,56,143,749,'2016款 改款 2.0T COOPER S 鉴赏家版','2016款',13,0);
insert into t_car_model(cm_id ,cb_id,cbf_id, cs_id , cm_name,cm_type ,cm_order , cm_state) values(16149,56,143,749,'2013款 1.6L COOPER Bond Street','2013款',1,0);
insert into t_car_model(cm_id ,cb_id,cbf_id, cs_id , cm_name,cm_type ,cm_order , cm_state) values(14920,56,143,749,'2013款 1.6T COOPER S Bond Street','2013款',2,0);
insert into t_car_model(cm_id ,cb_id,cbf_id, cs_id , cm_name,cm_type ,cm_order , cm_state) values(12839,56,143,749,'2012款 1.6T COOPER S Fun','2012款',1,0);
insert into t_car_model(cm_id ,cb_id,cbf_id, cs_id , cm_name,cm_type ,cm_order , cm_state) values(12637,56,143,749,'2012款 1.6T COOPER S 中国任务版','2012款',2,0);
insert into t_car_model(cm_id ,cb_id,cbf_id, cs_id , cm_name,cm_type ,cm_order , cm_state) values(9983,56,143,749,'2011款 1.6L COOPER Hampton','2011款',1,0);
insert into t_car_model(cm_id ,cb_id,cbf_id, cs_id , cm_name,cm_type ,cm_order , cm_state) values(8835,56,143,749,'2011款 1.6L ONE','2011款',2,0);
insert into t_car_model(cm_id ,cb_id,cbf_id, cs_id , cm_name,cm_type ,cm_order , cm_state) values(10383,56,143,749,'2011款 1.6T COOPER S Hampton','2011款',3,0);
insert into t_car_model(cm_id ,cb_id,cbf_id, cs_id , cm_name,cm_type ,cm_order , cm_state) values(8841,56,143,749,'2011款 1.6L COOPER Fun','2011款',4,0);
insert into t_car_model(cm_id ,cb_id,cbf_id, cs_id , cm_name,cm_type ,cm_order , cm_state) values(8842,56,143,749,'2011款 1.6L COOPER Excitement','2011款',5,0);
insert into t_car_model(cm_id ,cb_id,cbf_id, cs_id , cm_name,cm_type ,cm_order , cm_state) values(8052,56,143,749,'2011款 1.6T COOPER S','2011款',6,0);
insert into t_car_model(cm_id ,cb_id,cbf_id, cs_id , cm_name,cm_type ,cm_order , cm_state) values(6235,56,143,749,'2010款 1.6L COOPER Cheer','2010款',1,0);
insert into t_car_model(cm_id ,cb_id,cbf_id, cs_id , cm_name,cm_type ,cm_order , cm_state) values(4328,56,143,749,'2008款 1.6T COOPER S','2008款',1,0);
insert into t_car_model(cm_id ,cb_id,cbf_id, cs_id , cm_name,cm_type ,cm_order , cm_state) values(3179,56,143,749,'2007款 1.6L COOPER Fun','2007款',1,0);
insert into t_car_model(cm_id ,cb_id,cbf_id, cs_id , cm_name,cm_type ,cm_order , cm_state) values(3835,56,143,749,'2007款 1.6L COOPER Excitement','2007款',2,0);
insert into t_car_series(cs_id,cb_id,cbf_id,cs_name,cs_order,cs_letter) values(750,56,143,'MINI COUNTRYMAN',2661,'M');
insert into t_car_model(cm_id ,cb_id,cbf_id, cs_id , cm_name,cm_type ,cm_order , cm_state) values(42460,56,143,750,'2019款 1.5T COOPER 经典派周末旅行版','2019款',1,0);
insert into t_car_model(cm_id ,cb_id,cbf_id, cs_id , cm_name,cm_type ,cm_order , cm_state) values(42461,56,143,750,'2019款 1.5T COOPER 艺术家周末旅行版','2019款',2,0);
insert into t_car_model(cm_id ,cb_id,cbf_id, cs_id , cm_name,cm_type ,cm_order , cm_state) values(42462,56,143,750,'2019款 1.5T COOPER ALL4 经典派周末旅行版','2019款',3,0);
insert into t_car_model(cm_id ,cb_id,cbf_id, cs_id , cm_name,cm_type ,cm_order , cm_state) values(42463,56,143,750,'2019款 1.5T COOPER ALL4 艺术家周末旅行版','2019款',4,0);
insert into t_car_model(cm_id ,cb_id,cbf_id, cs_id , cm_name,cm_type ,cm_order , cm_state) values(42464,56,143,750,'2019款 2.0T COOPER S ALL4 经典派','2019款',5,0);
insert into t_car_model(cm_id ,cb_id,cbf_id, cs_id , cm_name,cm_type ,cm_order , cm_state) values(42466,56,143,750,'2019款 2.0T COOPER S ALL4 艺术家','2019款',6,0);
insert into t_car_model(cm_id ,cb_id,cbf_id, cs_id , cm_name,cm_type ,cm_order , cm_state) values(35537,56,143,750,'2018款 1.5T COOPER 艺术家','2018款',1,0);
insert into t_car_model(cm_id ,cb_id,cbf_id, cs_id , cm_name,cm_type ,cm_order , cm_state) values(35534,56,143,750,'2018款 1.5T COOPER 特别版','2018款',2,0);
insert into t_car_model(cm_id ,cb_id,cbf_id, cs_id , cm_name,cm_type ,cm_order , cm_state) values(35536,56,143,750,'2018款 1.5T COOPER 经典派','2018款',3,0);
insert into t_car_model(cm_id ,cb_id,cbf_id, cs_id , cm_name,cm_type ,cm_order , cm_state) values(35538,56,143,750,'2018款 1.5T COOPER ALL4 经典派','2018款',4,0);
insert into t_car_model(cm_id ,cb_id,cbf_id, cs_id , cm_name,cm_type ,cm_order , cm_state) values(35539,56,143,750,'2018款 1.5T COOPER ALL4 艺术家','2018款',5,0);
insert into t_car_model(cm_id ,cb_id,cbf_id, cs_id , cm_name,cm_type ,cm_order , cm_state) values(35540,56,143,750,'2018款 1.5T COOPER ALL4 赛车手','2018款',6,0);
insert into t_car_model(cm_id ,cb_id,cbf_id, cs_id , cm_name,cm_type ,cm_order , cm_state) values(35541,56,143,750,'2018款 2.0T COOPER S ALL4 经典派','2018款',7,0);
insert into t_car_model(cm_id ,cb_id,cbf_id, cs_id , cm_name,cm_type ,cm_order , cm_state) values(35542,56,143,750,'2018款 2.0T COOPER S ALL4 艺术家','2018款',8,0);
insert into t_car_model(cm_id ,cb_id,cbf_id, cs_id , cm_name,cm_type ,cm_order , cm_state) values(35543,56,143,750,'2018款 2.0T COOPER S ALL4 赛车手','2018款',9,0);
insert into t_car_model(cm_id ,cb_id,cbf_id, cs_id , cm_name,cm_type ,cm_order , cm_state) values(29415,56,143,750,'2017款 1.5T COOPER','2017款',1,0);
insert into t_car_model(cm_id ,cb_id,cbf_id, cs_id , cm_name,cm_type ,cm_order , cm_state) values(29416,56,143,750,'2017款 1.5T COOPER 探险家','2017款',2,0);
insert into t_car_model(cm_id ,cb_id,cbf_id, cs_id , cm_name,cm_type ,cm_order , cm_state) values(33018,56,143,750,'2017款 1.5T COOPER ALL4 非常假日版 英伦绿','2017款',3,0);
insert into t_car_model(cm_id ,cb_id,cbf_id, cs_id , cm_name,cm_type ,cm_order , cm_state) values(33019,56,143,750,'2017款 1.5T COOPER ALL4 非常假日版 辣椒红','2017款',4,0);
insert into t_car_model(cm_id ,cb_id,cbf_id, cs_id , cm_name,cm_type ,cm_order , cm_state) values(31613,56,143,750,'2017款 1.5T COOPER ALL4 旅行家形象大使签名限量款','2017款',5,0);
insert into t_car_model(cm_id ,cb_id,cbf_id, cs_id , cm_name,cm_type ,cm_order , cm_state) values(29064,56,143,750,'2017款 1.5T COOPER ALL4','2017款',6,0);
insert into t_car_model(cm_id ,cb_id,cbf_id, cs_id , cm_name,cm_type ,cm_order , cm_state) values(29065,56,143,750,'2017款 1.5T COOPER ALL4 旅行家','2017款',7,0);
insert into t_car_model(cm_id ,cb_id,cbf_id, cs_id , cm_name,cm_type ,cm_order , cm_state) values(29066,56,143,750,'2017款 1.5T COOPER ALL4 探险家','2017款',8,0);
insert into t_car_model(cm_id ,cb_id,cbf_id, cs_id , cm_name,cm_type ,cm_order , cm_state) values(29067,56,143,750,'2017款 2.0T COOPER S ALL4','2017款',9,0);
insert into t_car_model(cm_id ,cb_id,cbf_id, cs_id , cm_name,cm_type ,cm_order , cm_state) values(29068,56,143,750,'2017款 2.0T COOPER S ALL4 旅行家','2017款',10,0);
insert into t_car_model(cm_id ,cb_id,cbf_id, cs_id , cm_name,cm_type ,cm_order , cm_state) values(29069,56,143,750,'2017款 2.0T COOPER S ALL4 探险家','2017款',11,0);
insert into t_car_model(cm_id ,cb_id,cbf_id, cs_id , cm_name,cm_type ,cm_order , cm_state) values(31179,56,143,750,'2017款 2.0T COOPER S ALL4 赛车控','2017款',12,0);
insert into t_car_model(cm_id ,cb_id,cbf_id, cs_id , cm_name,cm_type ,cm_order , cm_state) values(26624,56,143,750,'2016款 1.6T COOPER ALL4 Fun装备控','2016款',1,0);
insert into t_car_model(cm_id ,cb_id,cbf_id, cs_id , cm_name,cm_type ,cm_order , cm_state) values(26625,56,143,750,'2016款 1.6T COOPER ALL4 Excitement装备控','2016款',2,0);
insert into t_car_model(cm_id ,cb_id,cbf_id, cs_id , cm_name,cm_type ,cm_order , cm_state) values(26626,56,143,750,'2016款 1.6T COOPER ALL4 Park Lane','2016款',3,0);
insert into t_car_model(cm_id ,cb_id,cbf_id, cs_id , cm_name,cm_type ,cm_order , cm_state) values(26627,56,143,750,'2016款 1.6T COOPER S ALL4 装备控','2016款',4,0);
insert into t_car_model(cm_id ,cb_id,cbf_id, cs_id , cm_name,cm_type ,cm_order , cm_state) values(21797,56,143,750,'2016款 1.6T COOPER S ALL4 Park Lane','2016款',5,0);
insert into t_car_model(cm_id ,cb_id,cbf_id, cs_id , cm_name,cm_type ,cm_order , cm_state) values(21947,56,143,750,'2015款 1.6T COOPER S ALL4 进藏限量版','2015款',1,0);
insert into t_car_model(cm_id ,cb_id,cbf_id, cs_id , cm_name,cm_type ,cm_order , cm_state) values(19660,56,143,750,'2015款 1.6T COOPER S ALL4 极致暗夜版','2015款',2,0);
insert into t_car_model(cm_id ,cb_id,cbf_id, cs_id , cm_name,cm_type ,cm_order , cm_state) values(20162,56,143,750,'2014款 1.6L ONE','2014款',1,0);
insert into t_car_model(cm_id ,cb_id,cbf_id, cs_id , cm_name,cm_type ,cm_order , cm_state) values(20168,56,143,750,'2014款 1.6L COOPER Fun','2014款',2,0);
insert into t_car_model(cm_id ,cb_id,cbf_id, cs_id , cm_name,cm_type ,cm_order , cm_state) values(20169,56,143,750,'2014款 1.6L COOPER Excitement','2014款',3,0);
insert into t_car_model(cm_id ,cb_id,cbf_id, cs_id , cm_name,cm_type ,cm_order , cm_state) values(20165,56,143,750,'2014款 1.6T COOPER S','2014款',4,0);
insert into t_car_model(cm_id ,cb_id,cbf_id, cs_id , cm_name,cm_type ,cm_order , cm_state) values(20163,56,143,750,'2014款 1.6T COOPER ALL4 Fun','2014款',5,0);
insert into t_car_model(cm_id ,cb_id,cbf_id, cs_id , cm_name,cm_type ,cm_order , cm_state) values(20164,56,143,750,'2014款 1.6T COOPER ALL4 Excitement','2014款',6,0);
insert into t_car_model(cm_id ,cb_id,cbf_id, cs_id , cm_name,cm_type ,cm_order , cm_state) values(18855,56,143,750,'2014款 1.6T COOPER S ALL4','2014款',7,0);
insert into t_car_model(cm_id ,cb_id,cbf_id, cs_id , cm_name,cm_type ,cm_order , cm_state) values(16914,56,143,750,'2013款 1.6T COOPER ALL4 Excitement','2013款',1,0);
insert into t_car_model(cm_id ,cb_id,cbf_id, cs_id , cm_name,cm_type ,cm_order , cm_state) values(16166,56,143,750,'2013款 1.6T COOPER ALL4 Fun','2013款',2,0);
insert into t_car_model(cm_id ,cb_id,cbf_id, cs_id , cm_name,cm_type ,cm_order , cm_state) values(14692,56,143,750,'2013款 1.6T COOPER S ALL4 滑雪版','2013款',3,0);
insert into t_car_model(cm_id ,cb_id,cbf_id, cs_id , cm_name,cm_type ,cm_order , cm_state) values(12840,56,143,750,'2012款 1.6T COOPER S','2012款',1,0);
insert into t_car_model(cm_id ,cb_id,cbf_id, cs_id , cm_name,cm_type ,cm_order , cm_state) values(10147,56,143,750,'2011款 1.6L ONE','2011款',1,0);
insert into t_car_model(cm_id ,cb_id,cbf_id, cs_id , cm_name,cm_type ,cm_order , cm_state) values(10148,56,143,750,'2011款 1.6L COOPER Fun','2011款',2,0);
insert into t_car_model(cm_id ,cb_id,cbf_id, cs_id , cm_name,cm_type ,cm_order , cm_state) values(8846,56,143,750,'2011款 1.6L COOPER Excitement','2011款',3,0);
insert into t_car_model(cm_id ,cb_id,cbf_id, cs_id , cm_name,cm_type ,cm_order , cm_state) values(4354,56,143,750,'2011款 1.6T COOPER S ALL4','2011款',4,0);
insert into t_car_series(cs_id,cb_id,cbf_id,cs_name,cs_order,cs_letter) values(930,56,143,'MINI ROADSTER',2669,'M');
insert into t_car_model(cm_id ,cb_id,cbf_id, cs_id , cm_name,cm_type ,cm_order , cm_state) values(12079,56,143,930,'2012款 1.6L COOPER','2012款',1,0);
insert into t_car_model(cm_id ,cb_id,cbf_id, cs_id , cm_name,cm_type ,cm_order , cm_state) values(11201,56,143,930,'2012款 1.6T COOPER S','2012款',2,0);
insert into t_car_series(cs_id,cb_id,cbf_id,cs_name,cs_order,cs_letter) values(2241,56,143,'MINI PACEMAN',2672,'M');
insert into t_car_model(cm_id ,cb_id,cbf_id, cs_id , cm_name,cm_type ,cm_order , cm_state) values(20158,56,143,2241,'2014款 1.6L COOPER','2014款',1,0);
insert into t_car_model(cm_id ,cb_id,cbf_id, cs_id , cm_name,cm_type ,cm_order , cm_state) values(20159,56,143,2241,'2014款 1.6T COOPER ALL4','2014款',2,0);
insert into t_car_model(cm_id ,cb_id,cbf_id, cs_id , cm_name,cm_type ,cm_order , cm_state) values(20160,56,143,2241,'2014款 1.6T COOPER S ALL4','2014款',3,0);
insert into t_car_model(cm_id ,cb_id,cbf_id, cs_id , cm_name,cm_type ,cm_order , cm_state) values(15322,56,143,2241,'2013款 1.6L COOPER','2013款',1,0);
insert into t_car_model(cm_id ,cb_id,cbf_id, cs_id , cm_name,cm_type ,cm_order , cm_state) values(16913,56,143,2241,'2013款 1.6T COOPER ALL4','2013款',2,0);
insert into t_car_model(cm_id ,cb_id,cbf_id, cs_id , cm_name,cm_type ,cm_order , cm_state) values(13868,56,143,2241,'2013款 1.6T COOPER S ALL4','2013款',3,0);
insert into t_car_series(cs_id,cb_id,cbf_id,cs_name,cs_order,cs_letter) values(904,56,143,'MINI COUPE',2673,'M');
insert into t_car_model(cm_id ,cb_id,cbf_id, cs_id , cm_name,cm_type ,cm_order , cm_state) values(12028,56,143,904,'2012款 1.6L COOPER','2012款',1,0);
insert into t_car_model(cm_id ,cb_id,cbf_id, cs_id , cm_name,cm_type ,cm_order , cm_state) values(12029,56,143,904,'2012款 1.6T COOPER S','2012款',2,0);
insert into t_car_brand_factory(cbf_id , cb_id , cbf_name ,cbf_letter) values(369,56,'MINI JCW','M');
insert into t_car_series(cs_id,cb_id,cbf_id,cs_name,cs_order,cs_letter) values(3178,56,369,'MINI JCW',2674,'M');
insert into t_car_model(cm_id ,cb_id,cbf_id, cs_id , cm_name,cm_type ,cm_order , cm_state) values(34817,56,369,3178,'2018款 2.0T JOHN COOPER WORKS','2018款',1,0);
insert into t_car_model(cm_id ,cb_id,cbf_id, cs_id , cm_name,cm_type ,cm_order , cm_state) values(34818,56,369,3178,'2018款 2.0T JOHN COOPER WORKS ALL-IN','2018款',2,0);
insert into t_car_model(cm_id ,cb_id,cbf_id, cs_id , cm_name,cm_type ,cm_order , cm_state) values(30258,56,369,3178,'2017款 2.0T JOHN COOPER WORKS','2017款',1,0);
insert into t_car_model(cm_id ,cb_id,cbf_id, cs_id , cm_name,cm_type ,cm_order , cm_state) values(30259,56,369,3178,'2017款 2.0T JOHN COOPER WORKS 先锋派','2017款',2,0);
insert into t_car_model(cm_id ,cb_id,cbf_id, cs_id , cm_name,cm_type ,cm_order , cm_state) values(26298,56,369,3178,'2016款 2.0T JOHN COOPER WORKS','2016款',1,0);
insert into t_car_model(cm_id ,cb_id,cbf_id, cs_id , cm_name,cm_type ,cm_order , cm_state) values(26299,56,369,3178,'2016款 2.0T JOHN COOPER WORKS 先锋派','2016款',2,0);
insert into t_car_model(cm_id ,cb_id,cbf_id, cs_id , cm_name,cm_type ,cm_order , cm_state) values(21185,56,369,3178,'2015款 2.0T JOHN COOPER WORKS','2015款',1,0);
insert into t_car_model(cm_id ,cb_id,cbf_id, cs_id , cm_name,cm_type ,cm_order , cm_state) values(16666,56,369,3178,'2013款 1.6T JOHN COOPER WORKS','2013款',1,0);
insert into t_car_series(cs_id,cb_id,cbf_id,cs_name,cs_order,cs_letter) values(3179,56,369,'MINI JCW CLUBMAN',2675,'M');
insert into t_car_model(cm_id ,cb_id,cbf_id, cs_id , cm_name,cm_type ,cm_order , cm_state) values(35553,56,369,3179,'2018款 2.0T JOHN COOPER WORKS','2018款',1,0);
insert into t_car_model(cm_id ,cb_id,cbf_id, cs_id , cm_name,cm_type ,cm_order , cm_state) values(35554,56,369,3179,'2018款 2.0T JOHN COOPER WORKS ALL-IN','2018款',2,0);
insert into t_car_model(cm_id ,cb_id,cbf_id, cs_id , cm_name,cm_type ,cm_order , cm_state) values(27804,56,369,3179,'2017款 2.0T JOHN COOPER WORKS','2017款',1,0);
insert into t_car_model(cm_id ,cb_id,cbf_id, cs_id , cm_name,cm_type ,cm_order , cm_state) values(30261,56,369,3179,'2017款 2.0T JOHN COOPER WORKS 极客','2017款',2,0);
insert into t_car_model(cm_id ,cb_id,cbf_id, cs_id , cm_name,cm_type ,cm_order , cm_state) values(16669,56,369,3179,'2013款 1.6T JOHN COOPER WORKS','2013款',1,0);
insert into t_car_series(cs_id,cb_id,cbf_id,cs_name,cs_order,cs_letter) values(3181,56,369,'MINI JCW COUNTRYMAN',2676,'M');
insert into t_car_model(cm_id ,cb_id,cbf_id, cs_id , cm_name,cm_type ,cm_order , cm_state) values(35544,56,369,3181,'2018款 2.0T JOHN COOPER WORKS','2018款',1,0);
insert into t_car_model(cm_id ,cb_id,cbf_id, cs_id , cm_name,cm_type ,cm_order , cm_state) values(35545,56,369,3181,'2018款 2.0T JOHN COOPER WORKS ALL-IN','2018款',2,0);
insert into t_car_model(cm_id ,cb_id,cbf_id, cs_id , cm_name,cm_type ,cm_order , cm_state) values(29091,56,369,3181,'2017款 2.0T JOHN COOPER WORKS','2017款',1,0);
insert into t_car_model(cm_id ,cb_id,cbf_id, cs_id , cm_name,cm_type ,cm_order , cm_state) values(30262,56,369,3181,'2017款 2.0T JOHN COOPER WORKS 旅行家','2017款',2,0);
insert into t_car_model(cm_id ,cb_id,cbf_id, cs_id , cm_name,cm_type ,cm_order , cm_state) values(20166,56,369,3181,'2014款 1.6T JOHN COOPER WORKS ALL4','2014款',1,0);
insert into t_car_model(cm_id ,cb_id,cbf_id, cs_id , cm_name,cm_type ,cm_order , cm_state) values(16673,56,369,3181,'2013款 1.6T JOHN COOPER WORKS ALL4','2013款',1,0);
insert into t_car_series(cs_id,cb_id,cbf_id,cs_name,cs_order,cs_letter) values(3182,56,369,'MINI JCW PACEMAN',2677,'M');
insert into t_car_model(cm_id ,cb_id,cbf_id, cs_id , cm_name,cm_type ,cm_order , cm_state) values(20161,56,369,3182,'2014款 1.6T JOHN COOPER WORKS ALL4','2014款',1,0);
insert into t_car_model(cm_id ,cb_id,cbf_id, cs_id , cm_name,cm_type ,cm_order , cm_state) values(16674,56,369,3182,'2013款 1.6T JOHN COOPER WORKS ALL4','2013款',1,0);
insert into t_car_series(cs_id,cb_id,cbf_id,cs_name,cs_order,cs_letter) values(3180,56,369,'MINI JCW COUPE',2678,'M');
insert into t_car_model(cm_id ,cb_id,cbf_id, cs_id , cm_name,cm_type ,cm_order , cm_state) values(16672,56,369,3180,'2013款 1.6T JOHN COOPER WORKS','2013款',1,0);
