insert into t_car_brand_factory(cbf_id , cb_id , cbf_name ,cbf_letter) values(409,306,'华晨鑫源','H');
insert into t_car_series(cs_id,cbf_id,cs_name,cs_order,cs_letter) values(4758,409,'鑫源X30L',3216,'X');
insert into t_car_model(cm_id , cs_id , cm_name,cm_type ,cm_order , cm_state) values(1006248,4758,'2018款 1.5L财富版天然气车SWFC15','2018款',1,0);
insert into t_car_model(cm_id , cs_id , cm_name,cm_type ,cm_order , cm_state) values(1006246,4758,'2018款 1.5L商务版天然气车SWFC15','2018款',2,0);
insert into t_car_model(cm_id , cs_id , cm_name,cm_type ,cm_order , cm_state) values(1006244,4758,'2018款 1.5L尊贵版天然气车SWFC15','2018款',3,0);
insert into t_car_model(cm_id , cs_id , cm_name,cm_type ,cm_order , cm_state) values(1006249,4758,'2018款 1.5L财富版天然气车厢货SWFC15','2018款',4,0);
insert into t_car_model(cm_id , cs_id , cm_name,cm_type ,cm_order , cm_state) values(1006247,4758,'2018款 1.5L商务版天然气车厢货SWFC15','2018款',5,0);
insert into t_car_model(cm_id , cs_id , cm_name,cm_type ,cm_order , cm_state) values(1006245,4758,'2018款 1.5L尊贵版天然气车厢货SWFC15','2018款',6,0);
insert into t_car_series(cs_id,cbf_id,cs_name,cs_order,cs_letter) values(5107,409,'鑫源T20S',3217,'X');
insert into t_car_model(cm_id , cs_id , cm_name,cm_type ,cm_order , cm_state) values(1007217,5107,'2019款 1.3L标准型后双轮SWCG12','2019款',1,0);
insert into t_car_model(cm_id , cs_id , cm_name,cm_type ,cm_order , cm_state) values(1007295,5107,'2019款 1.3L标准型仓栅后双轮SWCG12','2019款',2,0);
insert into t_car_model(cm_id , cs_id , cm_name,cm_type ,cm_order , cm_state) values(1007296,5107,'2019款 1.3L标准型厢式PVC后双轮SWCG12','2019款',3,0);
insert into t_car_model(cm_id , cs_id , cm_name,cm_type ,cm_order , cm_state) values(1007297,5107,'2019款 1.3L标准型厢式瓦楞后双轮SWCG12','2019款',4,0);
insert into t_car_series(cs_id,cbf_id,cs_name,cs_order,cs_letter) values(5185,409,'鑫源T22S',3218,'X');
insert into t_car_model(cm_id , cs_id , cm_name,cm_type ,cm_order , cm_state) values(1007298,5185,'2019款 1.3L标准型后双轮SWCG12','2019款',1,0);
insert into t_car_model(cm_id , cs_id , cm_name,cm_type ,cm_order , cm_state) values(1007299,5185,'2019款 1.3L标准型仓栅后双轮SWCG12','2019款',2,0);
insert into t_car_model(cm_id , cs_id , cm_name,cm_type ,cm_order , cm_state) values(1007300,5185,'2019款 1.3L标准型厢货PVC后双轮SWCG12','2019款',3,0);
insert into t_car_model(cm_id , cs_id , cm_name,cm_type ,cm_order , cm_state) values(1007301,5185,'2019款 1.3L标准型厢货瓦楞后双轮SWCG12','2019款',4,0);
insert into t_car_series(cs_id,cbf_id,cs_name,cs_order,cs_letter) values(5108,409,'鑫源T30S',3219,'X');
insert into t_car_model(cm_id , cs_id , cm_name,cm_type ,cm_order , cm_state) values(1007219,5108,'2019款 1.5L标准型后双轮SWCG14','2019款',1,0);
insert into t_car_model(cm_id , cs_id , cm_name,cm_type ,cm_order , cm_state) values(1007285,5108,'2019款 1.5L标准型仓栅后双轮SWCG14','2019款',2,0);
insert into t_car_model(cm_id , cs_id , cm_name,cm_type ,cm_order , cm_state) values(1007286,5108,'2019款 1.5L标准型厢货PVC后双轮SWCG14','2019款',3,0);
insert into t_car_model(cm_id , cs_id , cm_name,cm_type ,cm_order , cm_state) values(1007287,5108,'2019款 1.5L标准型厢货瓦楞后双轮SWCG14','2019款',4,0);
insert into t_car_series(cs_id,cbf_id,cs_name,cs_order,cs_letter) values(5186,409,'鑫源T32S',3220,'X');
insert into t_car_model(cm_id , cs_id , cm_name,cm_type ,cm_order , cm_state) values(1007291,5186,'2019款 1.5L标准型后双轮SWCG14','2019款',1,0);
insert into t_car_model(cm_id , cs_id , cm_name,cm_type ,cm_order , cm_state) values(1007292,5186,'2019款 1.5L标准型仓栅后双轮SWCG14','2019款',2,0);
insert into t_car_model(cm_id , cs_id , cm_name,cm_type ,cm_order , cm_state) values(1007293,5186,'2019款 1.5L标准型厢货PVC后双轮SWCG14','2019款',3,0);
insert into t_car_model(cm_id , cs_id , cm_name,cm_type ,cm_order , cm_state) values(1007294,5186,'2019款 1.5L标准型厢货瓦楞后双轮SWCG14','2019款',4,0);
insert into t_car_brand_factory(cbf_id , cb_id , cbf_name ,cbf_letter) values(574,306,'华晨鑫源新能源','H');
insert into t_car_series(cs_id,cbf_id,cs_name,cs_order,cs_letter) values(4566,574,'好运1号',3221,'H');
insert into t_car_model(cm_id , cs_id , cm_name,cm_type ,cm_order , cm_state) values(1006562,4566,'2018款 300创富型','2018款',1,0);
insert into t_car_model(cm_id , cs_id , cm_name,cm_type ,cm_order , cm_state) values(1006561,4566,'2018款 300财富型','2018款',2,0);
insert into t_car_model(cm_id , cs_id , cm_name,cm_type ,cm_order , cm_state) values(1005570,4566,'2017款 舒适型','2017款',1,0);
insert into t_car_model(cm_id , cs_id , cm_name,cm_type ,cm_order , cm_state) values(1005569,4566,'2017款 豪华型','2017款',2,0);
insert into t_car_series(cs_id,cbf_id,cs_name,cs_order,cs_letter) values(4567,574,'鑫源X30LEV',3222,'X');
insert into t_car_model(cm_id , cs_id , cm_name,cm_type ,cm_order , cm_state) values(1006564,4567,'2018款 EV300创富型','2018款',1,0);
insert into t_car_model(cm_id , cs_id , cm_name,cm_type ,cm_order , cm_state) values(1006563,4567,'2018款 EV300财富型','2018款',2,0);
insert into t_car_model(cm_id , cs_id , cm_name,cm_type ,cm_order , cm_state) values(1005571,4567,'2017款 标准型','2017款',1,0);
insert into t_car_series(cs_id,cbf_id,cs_name,cs_order,cs_letter) values(4568,574,'鑫源T20EV',3223,'X');
insert into t_car_model(cm_id , cs_id , cm_name,cm_type ,cm_order , cm_state) values(1006566,4568,'2018款 栏板货车舒适型','2018款',1,0);
insert into t_car_model(cm_id , cs_id , cm_name,cm_type ,cm_order , cm_state) values(1006565,4568,'2018款 厢式货车舒适型','2018款',2,0);
insert into t_car_model(cm_id , cs_id , cm_name,cm_type ,cm_order , cm_state) values(1005573,4568,'2017款 厢式货车','2017款',1,0);
insert into t_car_model(cm_id , cs_id , cm_name,cm_type ,cm_order , cm_state) values(1005572,4568,'2017款 栏板货车','2017款',2,0);
