insert into t_car_brand_factory(cbf_id , cb_id , cbf_name ,cbf_letter) values(39,110,'天津一汽','T');
insert into t_car_series(cs_id,cb_id,cbf_id,cs_name,cs_order,cs_letter) values(2716,110,39,'威志V5',3845,'W');
insert into t_car_model(cm_id ,cb_id,cbf_id, cs_id , cm_name,cm_type ,cm_order , cm_state) values(23381,110,39,2716,'2015款 1.5L 自动标准型','2015款',1,0);
insert into t_car_model(cm_id ,cb_id,cbf_id, cs_id , cm_name,cm_type ,cm_order , cm_state) values(23382,110,39,2716,'2015款 1.5L 自动进取型','2015款',2,0);
insert into t_car_model(cm_id ,cb_id,cbf_id, cs_id , cm_name,cm_type ,cm_order , cm_state) values(23383,110,39,2716,'2015款 1.5L 自动精英型','2015款',3,0);
insert into t_car_model(cm_id ,cb_id,cbf_id, cs_id , cm_name,cm_type ,cm_order , cm_state) values(20035,110,39,2716,'2014款 1.5L 手动标准型','2014款',1,0);
insert into t_car_model(cm_id ,cb_id,cbf_id, cs_id , cm_name,cm_type ,cm_order , cm_state) values(20037,110,39,2716,'2014款 1.5L 手动进取型','2014款',2,0);
insert into t_car_model(cm_id ,cb_id,cbf_id, cs_id , cm_name,cm_type ,cm_order , cm_state) values(20036,110,39,2716,'2014款 1.5L 手动精英型','2014款',3,0);
insert into t_car_model(cm_id ,cb_id,cbf_id, cs_id , cm_name,cm_type ,cm_order , cm_state) values(15109,110,39,2716,'2013款 1.5L 手动标准型 国IV','2013款',1,0);
insert into t_car_model(cm_id ,cb_id,cbf_id, cs_id , cm_name,cm_type ,cm_order , cm_state) values(15110,110,39,2716,'2013款 1.5L 手动进取型 国IV','2013款',2,0);
insert into t_car_model(cm_id ,cb_id,cbf_id, cs_id , cm_name,cm_type ,cm_order , cm_state) values(15102,110,39,2716,'2013款 1.5L 手动精英型 国IV','2013款',3,0);
insert into t_car_model(cm_id ,cb_id,cbf_id, cs_id , cm_name,cm_type ,cm_order , cm_state) values(19589,110,39,2716,'2013款 1.5L 手动标准型 国V','2013款',4,0);
insert into t_car_model(cm_id ,cb_id,cbf_id, cs_id , cm_name,cm_type ,cm_order , cm_state) values(19590,110,39,2716,'2013款 1.5L 手动进取型 国V','2013款',5,0);
insert into t_car_model(cm_id ,cb_id,cbf_id, cs_id , cm_name,cm_type ,cm_order , cm_state) values(19591,110,39,2716,'2013款 1.5L 手动精英型 国V','2013款',6,0);
insert into t_car_model(cm_id ,cb_id,cbf_id, cs_id , cm_name,cm_type ,cm_order , cm_state) values(12766,110,39,2716,'2012款 1.5L 手动标准型','2012款',1,0);
insert into t_car_model(cm_id ,cb_id,cbf_id, cs_id , cm_name,cm_type ,cm_order , cm_state) values(12767,110,39,2716,'2012款 1.5L 手动进取型','2012款',2,0);
insert into t_car_model(cm_id ,cb_id,cbf_id, cs_id , cm_name,cm_type ,cm_order , cm_state) values(12339,110,39,2716,'2012款 1.5L 手动精英型','2012款',3,0);
insert into t_car_model(cm_id ,cb_id,cbf_id, cs_id , cm_name,cm_type ,cm_order , cm_state) values(14823,110,39,2716,'2012款 1.5L AMT旗舰型','2012款',4,0);
insert into t_car_series(cs_id,cb_id,cbf_id,cs_name,cs_order,cs_letter) values(878,110,39,'夏利N5',3846,'X');
insert into t_car_model(cm_id ,cb_id,cbf_id, cs_id , cm_name,cm_type ,cm_order , cm_state) values(19155,110,39,878,'2014款 1.0L 手动标准型','2014款',1,0);
insert into t_car_model(cm_id ,cb_id,cbf_id, cs_id , cm_name,cm_type ,cm_order , cm_state) values(19156,110,39,878,'2014款 1.0L 手动舒适型','2014款',2,0);
insert into t_car_model(cm_id ,cb_id,cbf_id, cs_id , cm_name,cm_type ,cm_order , cm_state) values(19157,110,39,878,'2014款 1.3L 手动标准型','2014款',3,0);
insert into t_car_model(cm_id ,cb_id,cbf_id, cs_id , cm_name,cm_type ,cm_order , cm_state) values(19158,110,39,878,'2014款 1.3L 手动舒适型','2014款',4,0);
insert into t_car_model(cm_id ,cb_id,cbf_id, cs_id , cm_name,cm_type ,cm_order , cm_state) values(19159,110,39,878,'2014款 1.3L 手动豪华型','2014款',5,0);
insert into t_car_model(cm_id ,cb_id,cbf_id, cs_id , cm_name,cm_type ,cm_order , cm_state) values(20732,110,39,878,'2014款 1.3L 手动智能节油豪华型','2014款',6,0);
insert into t_car_model(cm_id ,cb_id,cbf_id, cs_id , cm_name,cm_type ,cm_order , cm_state) values(15108,110,39,878,'2013款 1.3L 手动标准型','2013款',1,0);
insert into t_car_model(cm_id ,cb_id,cbf_id, cs_id , cm_name,cm_type ,cm_order , cm_state) values(15107,110,39,878,'2013款 1.3L 手动豪华型','2013款',2,0);
insert into t_car_model(cm_id ,cb_id,cbf_id, cs_id , cm_name,cm_type ,cm_order , cm_state) values(15103,110,39,878,'2013款 1.3L 手动豪华气囊型','2013款',3,0);
insert into t_car_model(cm_id ,cb_id,cbf_id, cs_id , cm_name,cm_type ,cm_order , cm_state) values(9568,110,39,878,'2011款 1.0L 手动标准型','2011款',1,0);
insert into t_car_model(cm_id ,cb_id,cbf_id, cs_id , cm_name,cm_type ,cm_order , cm_state) values(9569,110,39,878,'2011款 1.3L 手动标准型','2011款',2,0);
insert into t_car_model(cm_id ,cb_id,cbf_id, cs_id , cm_name,cm_type ,cm_order , cm_state) values(9570,110,39,878,'2011款 1.3L 手动豪华型','2011款',3,0);
insert into t_car_model(cm_id ,cb_id,cbf_id, cs_id , cm_name,cm_type ,cm_order , cm_state) values(9571,110,39,878,'2011款 1.3L 手动豪华气囊型','2011款',4,0);
insert into t_car_model(cm_id ,cb_id,cbf_id, cs_id , cm_name,cm_type ,cm_order , cm_state) values(5700,110,39,878,'2010款 1.0L 手动标准型','2010款',1,0);
insert into t_car_model(cm_id ,cb_id,cbf_id, cs_id , cm_name,cm_type ,cm_order , cm_state) values(6450,110,39,878,'2010款 1.3L 手动标准型','2010款',2,0);
insert into t_car_model(cm_id ,cb_id,cbf_id, cs_id , cm_name,cm_type ,cm_order , cm_state) values(6451,110,39,878,'2010款 1.3L 手动豪华型','2010款',3,0);
insert into t_car_model(cm_id ,cb_id,cbf_id, cs_id , cm_name,cm_type ,cm_order , cm_state) values(7972,110,39,878,'2010款 1.3L 手动豪华气囊型','2010款',4,0);
insert into t_car_series(cs_id,cb_id,cbf_id,cs_name,cs_order,cs_letter) values(2781,110,39,'夏利N7',3847,'X');
insert into t_car_model(cm_id ,cb_id,cbf_id, cs_id , cm_name,cm_type ,cm_order , cm_state) values(23655,110,39,2781,'2015款 1.3L 自动舒适型','2015款',1,0);
insert into t_car_model(cm_id ,cb_id,cbf_id, cs_id , cm_name,cm_type ,cm_order , cm_state) values(23656,110,39,2781,'2015款 1.3L 自动豪华型','2015款',2,0);
insert into t_car_model(cm_id ,cb_id,cbf_id, cs_id , cm_name,cm_type ,cm_order , cm_state) values(23657,110,39,2781,'2015款 1.3L 自动尊贵型','2015款',3,0);
insert into t_car_model(cm_id ,cb_id,cbf_id, cs_id , cm_name,cm_type ,cm_order , cm_state) values(20033,110,39,2781,'2014款 1.3L 手动运动豪华型','2014款',1,0);
insert into t_car_model(cm_id ,cb_id,cbf_id, cs_id , cm_name,cm_type ,cm_order , cm_state) values(20034,110,39,2781,'2014款 1.3L 手动运动尊贵型','2014款',2,0);
insert into t_car_model(cm_id ,cb_id,cbf_id, cs_id , cm_name,cm_type ,cm_order , cm_state) values(20032,110,39,2781,'2014款 1.3L 手动运动舒适型','2014款',3,0);
insert into t_car_model(cm_id ,cb_id,cbf_id, cs_id , cm_name,cm_type ,cm_order , cm_state) values(14897,110,39,2781,'2013款 1.3L 手动舒适型','2013款',1,0);
insert into t_car_model(cm_id ,cb_id,cbf_id, cs_id , cm_name,cm_type ,cm_order , cm_state) values(14896,110,39,2781,'2013款 1.3L 手动豪华型','2013款',2,0);
insert into t_car_model(cm_id ,cb_id,cbf_id, cs_id , cm_name,cm_type ,cm_order , cm_state) values(12646,110,39,2781,'2013款 1.3L 手动尊贵型','2013款',3,0);
insert into t_car_model(cm_id ,cb_id,cbf_id, cs_id , cm_name,cm_type ,cm_order , cm_state) values(14784,110,39,2781,'2013款 1.3L 手动智能节油尊贵型','2013款',4,0);
insert into t_car_series(cs_id,cb_id,cbf_id,cs_name,cs_order,cs_letter) values(4404,110,39,'骏派A50',3848,'J');
insert into t_car_model(cm_id ,cb_id,cbf_id, cs_id , cm_name,cm_type ,cm_order , cm_state) values(33493,110,39,4404,'2018款 1.5L 手动标准型','2018款',1,0);
insert into t_car_model(cm_id ,cb_id,cbf_id, cs_id , cm_name,cm_type ,cm_order , cm_state) values(33492,110,39,4404,'2018款 1.5L 手动舒适型','2018款',2,0);
insert into t_car_model(cm_id ,cb_id,cbf_id, cs_id , cm_name,cm_type ,cm_order , cm_state) values(33494,110,39,4404,'2018款 1.5L 手动智联舒适型','2018款',3,0);
insert into t_car_model(cm_id ,cb_id,cbf_id, cs_id , cm_name,cm_type ,cm_order , cm_state) values(33495,110,39,4404,'2018款 1.5L 手动豪华型','2018款',4,0);
insert into t_car_model(cm_id ,cb_id,cbf_id, cs_id , cm_name,cm_type ,cm_order , cm_state) values(33496,110,39,4404,'2018款 1.5L 手动智联豪华型','2018款',5,0);
insert into t_car_model(cm_id ,cb_id,cbf_id, cs_id , cm_name,cm_type ,cm_order , cm_state) values(33497,110,39,4404,'2018款 1.5L 手动智联尊贵型','2018款',6,0);
insert into t_car_series(cs_id,cb_id,cbf_id,cs_name,cs_order,cs_letter) values(3979,110,39,'骏派A70',3849,'J');
insert into t_car_model(cm_id ,cb_id,cbf_id, cs_id , cm_name,cm_type ,cm_order , cm_state) values(27389,110,39,3979,'2016款 1.6L 手动基本型','2016款',1,0);
insert into t_car_model(cm_id ,cb_id,cbf_id, cs_id , cm_name,cm_type ,cm_order , cm_state) values(27390,110,39,3979,'2016款 1.6L 手动技术型','2016款',2,0);
insert into t_car_model(cm_id ,cb_id,cbf_id, cs_id , cm_name,cm_type ,cm_order , cm_state) values(27391,110,39,3979,'2016款 1.6L 手动豪华型','2016款',3,0);
insert into t_car_model(cm_id ,cb_id,cbf_id, cs_id , cm_name,cm_type ,cm_order , cm_state) values(27392,110,39,3979,'2016款 1.6L 自动基本型','2016款',4,0);
insert into t_car_model(cm_id ,cb_id,cbf_id, cs_id , cm_name,cm_type ,cm_order , cm_state) values(27393,110,39,3979,'2016款 1.6L 自动技术型','2016款',5,0);
insert into t_car_model(cm_id ,cb_id,cbf_id, cs_id , cm_name,cm_type ,cm_order , cm_state) values(24773,110,39,3979,'2016款 1.6L 自动豪华型','2016款',6,0);
insert into t_car_series(cs_id,cb_id,cbf_id,cs_name,cs_order,cs_letter) values(4415,110,39,'骏派A70E',3850,'J');
insert into t_car_model(cm_id ,cb_id,cbf_id, cs_id , cm_name,cm_type ,cm_order , cm_state) values(31875,110,39,4415,'2017款 基本型','2017款',1,0);
insert into t_car_model(cm_id ,cb_id,cbf_id, cs_id , cm_name,cm_type ,cm_order , cm_state) values(30181,110,39,4415,'2017款 豪华型','2017款',2,0);
insert into t_car_series(cs_id,cb_id,cbf_id,cs_name,cs_order,cs_letter) values(4405,110,39,'骏派CX65',3851,'J');
insert into t_car_model(cm_id ,cb_id,cbf_id, cs_id , cm_name,cm_type ,cm_order , cm_state) values(34650,110,39,4405,'2018款 1.5L 手动舒适型','2018款',1,0);
insert into t_car_model(cm_id ,cb_id,cbf_id, cs_id , cm_name,cm_type ,cm_order , cm_state) values(34606,110,39,4405,'2018款 1.5L 手动智联舒适型','2018款',2,0);
insert into t_car_model(cm_id ,cb_id,cbf_id, cs_id , cm_name,cm_type ,cm_order , cm_state) values(34651,110,39,4405,'2018款 1.5L 手动豪华型','2018款',3,0);
insert into t_car_model(cm_id ,cb_id,cbf_id, cs_id , cm_name,cm_type ,cm_order , cm_state) values(34429,110,39,4405,'2018款 1.5L 手动智联豪华型','2018款',4,0);
insert into t_car_series(cs_id,cb_id,cbf_id,cs_name,cs_order,cs_letter) values(3081,110,39,'骏派D60',3852,'J');
insert into t_car_model(cm_id ,cb_id,cbf_id, cs_id , cm_name,cm_type ,cm_order , cm_state) values(30672,110,39,3081,'2017款 1.5L 手动标准型','2017款',1,0);
insert into t_car_model(cm_id ,cb_id,cbf_id, cs_id , cm_name,cm_type ,cm_order , cm_state) values(31792,110,39,3081,'2017款 1.5L 手动进取型','2017款',2,0);
insert into t_car_model(cm_id ,cb_id,cbf_id, cs_id , cm_name,cm_type ,cm_order , cm_state) values(30673,110,39,3081,'2017款 1.5L 手动舒适型','2017款',3,0);
insert into t_car_model(cm_id ,cb_id,cbf_id, cs_id , cm_name,cm_type ,cm_order , cm_state) values(30139,110,39,3081,'2017款 1.5L 手动豪华型','2017款',4,0);
insert into t_car_model(cm_id ,cb_id,cbf_id, cs_id , cm_name,cm_type ,cm_order , cm_state) values(30674,110,39,3081,'2017款 1.8L 自动豪华型','2017款',5,0);
insert into t_car_model(cm_id ,cb_id,cbf_id, cs_id , cm_name,cm_type ,cm_order , cm_state) values(31793,110,39,3081,'2017款 1.8L 自动豪华天窗版','2017款',6,0);
insert into t_car_model(cm_id ,cb_id,cbf_id, cs_id , cm_name,cm_type ,cm_order , cm_state) values(30675,110,39,3081,'2017款 1.8L 自动尊贵型','2017款',7,0);
insert into t_car_model(cm_id ,cb_id,cbf_id, cs_id , cm_name,cm_type ,cm_order , cm_state) values(27009,110,39,3081,'2016款 1.5L 手动标准型','2016款',1,0);
insert into t_car_model(cm_id ,cb_id,cbf_id, cs_id , cm_name,cm_type ,cm_order , cm_state) values(27010,110,39,3081,'2016款 1.5L 手动舒适型','2016款',2,0);
insert into t_car_model(cm_id ,cb_id,cbf_id, cs_id , cm_name,cm_type ,cm_order , cm_state) values(27011,110,39,3081,'2016款 1.5L 手动豪华型','2016款',3,0);
insert into t_car_model(cm_id ,cb_id,cbf_id, cs_id , cm_name,cm_type ,cm_order , cm_state) values(27012,110,39,3081,'2016款 1.5L 手动尊贵型','2016款',4,0);
insert into t_car_model(cm_id ,cb_id,cbf_id, cs_id , cm_name,cm_type ,cm_order , cm_state) values(27013,110,39,3081,'2016款 1.8L 自动舒适型','2016款',5,0);
insert into t_car_model(cm_id ,cb_id,cbf_id, cs_id , cm_name,cm_type ,cm_order , cm_state) values(27014,110,39,3081,'2016款 1.8L 自动豪华型','2016款',6,0);
insert into t_car_model(cm_id ,cb_id,cbf_id, cs_id , cm_name,cm_type ,cm_order , cm_state) values(27015,110,39,3081,'2016款 1.8L 自动尊贵型','2016款',7,0);
insert into t_car_model(cm_id ,cb_id,cbf_id, cs_id , cm_name,cm_type ,cm_order , cm_state) values(19273,110,39,3081,'2015款 1.5L 手动标准型','2015款',1,0);
insert into t_car_model(cm_id ,cb_id,cbf_id, cs_id , cm_name,cm_type ,cm_order , cm_state) values(20713,110,39,3081,'2015款 1.5L 手动舒适型','2015款',2,0);
insert into t_car_model(cm_id ,cb_id,cbf_id, cs_id , cm_name,cm_type ,cm_order , cm_state) values(23567,110,39,3081,'2015款 1.5L 手动技术型','2015款',3,0);
insert into t_car_model(cm_id ,cb_id,cbf_id, cs_id , cm_name,cm_type ,cm_order , cm_state) values(20714,110,39,3081,'2015款 1.5L 手动豪华型','2015款',4,0);
insert into t_car_model(cm_id ,cb_id,cbf_id, cs_id , cm_name,cm_type ,cm_order , cm_state) values(23133,110,39,3081,'2015款 1.5L 手动豪华导航型','2015款',5,0);
insert into t_car_model(cm_id ,cb_id,cbf_id, cs_id , cm_name,cm_type ,cm_order , cm_state) values(20715,110,39,3081,'2015款 1.5L 手动尊贵型','2015款',6,0);
insert into t_car_model(cm_id ,cb_id,cbf_id, cs_id , cm_name,cm_type ,cm_order , cm_state) values(20716,110,39,3081,'2015款 1.8L 自动舒适型','2015款',7,0);
insert into t_car_model(cm_id ,cb_id,cbf_id, cs_id , cm_name,cm_type ,cm_order , cm_state) values(20717,110,39,3081,'2015款 1.8L 自动豪华型','2015款',8,0);
insert into t_car_model(cm_id ,cb_id,cbf_id, cs_id , cm_name,cm_type ,cm_order , cm_state) values(18941,110,39,3081,'2015款 1.8L 自动尊贵型','2015款',9,0);
insert into t_car_series(cs_id,cb_id,cbf_id,cs_name,cs_order,cs_letter) values(4680,110,39,'骏派D80',3853,'J');
insert into t_car_model(cm_id ,cb_id,cbf_id, cs_id , cm_name,cm_type ,cm_order , cm_state) values(36272,110,39,4680,'2019款 TD220 手动标准型','2019款',1,0);
insert into t_car_model(cm_id ,cb_id,cbf_id, cs_id , cm_name,cm_type ,cm_order , cm_state) values(36273,110,39,4680,'2019款 TD220 手动技术型','2019款',2,0);
insert into t_car_model(cm_id ,cb_id,cbf_id, cs_id , cm_name,cm_type ,cm_order , cm_state) values(36274,110,39,4680,'2019款 TD220 手动舒适型','2019款',3,0);
insert into t_car_model(cm_id ,cb_id,cbf_id, cs_id , cm_name,cm_type ,cm_order , cm_state) values(36275,110,39,4680,'2019款 TD220 手动精英型','2019款',4,0);
insert into t_car_model(cm_id ,cb_id,cbf_id, cs_id , cm_name,cm_type ,cm_order , cm_state) values(36276,110,39,4680,'2019款 TD220 自动技术型','2019款',5,0);
insert into t_car_model(cm_id ,cb_id,cbf_id, cs_id , cm_name,cm_type ,cm_order , cm_state) values(36277,110,39,4680,'2019款 TD220 自动精英型','2019款',6,0);
insert into t_car_model(cm_id ,cb_id,cbf_id, cs_id , cm_name,cm_type ,cm_order , cm_state) values(36278,110,39,4680,'2019款 TD220 自动豪华型','2019款',7,0);
insert into t_car_series(cs_id,cb_id,cbf_id,cs_name,cs_order,cs_letter) values(106,110,39,'威乐',3854,'W');
insert into t_car_model(cm_id ,cb_id,cbf_id, cs_id , cm_name,cm_type ,cm_order , cm_state) values(7037,110,39,106,'2008款 1.5L 手动豪华型','2008款',1,0);
insert into t_car_model(cm_id ,cb_id,cbf_id, cs_id , cm_name,cm_type ,cm_order , cm_state) values(3382,110,39,106,'2008款 1.5L 自动豪华型','2008款',2,0);
insert into t_car_model(cm_id ,cb_id,cbf_id, cs_id , cm_name,cm_type ,cm_order , cm_state) values(2951,110,39,106,'2006款 1.6L 手动','2006款',1,0);
insert into t_car_model(cm_id ,cb_id,cbf_id, cs_id , cm_name,cm_type ,cm_order , cm_state) values(1798,110,39,106,'2005款 1.3L 手动','2005款',1,0);
insert into t_car_model(cm_id ,cb_id,cbf_id, cs_id , cm_name,cm_type ,cm_order , cm_state) values(387,110,39,106,'2004款 1.3L 自动','2004款',1,0);
insert into t_car_model(cm_id ,cb_id,cbf_id, cs_id , cm_name,cm_type ,cm_order , cm_state) values(1564,110,39,106,'2004款 1.5L 手动','2004款',2,0);
insert into t_car_model(cm_id ,cb_id,cbf_id, cs_id , cm_name,cm_type ,cm_order , cm_state) values(1565,110,39,106,'2004款 1.5L 自动','2004款',3,0);
insert into t_car_series(cs_id,cb_id,cbf_id,cs_name,cs_order,cs_letter) values(444,110,39,'威志',3855,'W');
insert into t_car_model(cm_id ,cb_id,cbf_id, cs_id , cm_name,cm_type ,cm_order , cm_state) values(9649,110,39,444,'2011款 三厢 1.5L 手动标准型','2011款',1,0);
insert into t_car_model(cm_id ,cb_id,cbf_id, cs_id , cm_name,cm_type ,cm_order , cm_state) values(9654,110,39,444,'2011款 三厢 1.5L 手动标准型铝毂','2011款',2,0);
insert into t_car_model(cm_id ,cb_id,cbf_id, cs_id , cm_name,cm_type ,cm_order , cm_state) values(9650,110,39,444,'2011款 三厢 1.5L 手动舒适型','2011款',3,0);
insert into t_car_model(cm_id ,cb_id,cbf_id, cs_id , cm_name,cm_type ,cm_order , cm_state) values(9651,110,39,444,'2011款 三厢 1.5L 手动精英型','2011款',4,0);
insert into t_car_model(cm_id ,cb_id,cbf_id, cs_id , cm_name,cm_type ,cm_order , cm_state) values(9652,110,39,444,'2011款 三厢 1.5L 自动旗舰型','2011款',5,0);
insert into t_car_model(cm_id ,cb_id,cbf_id, cs_id , cm_name,cm_type ,cm_order , cm_state) values(5728,110,39,444,'2009款 两厢 1.5L 手动精英型','2009款',1,0);
insert into t_car_model(cm_id ,cb_id,cbf_id, cs_id , cm_name,cm_type ,cm_order , cm_state) values(5727,110,39,444,'2009款 两厢 1.5L 自动旗舰型','2009款',2,0);
insert into t_car_model(cm_id ,cb_id,cbf_id, cs_id , cm_name,cm_type ,cm_order , cm_state) values(5824,110,39,444,'2009款 三厢 1.5L 手动标准型','2009款',3,0);
insert into t_car_model(cm_id ,cb_id,cbf_id, cs_id , cm_name,cm_type ,cm_order , cm_state) values(5823,110,39,444,'2009款 三厢 1.5L 手动舒适型','2009款',4,0);
insert into t_car_model(cm_id ,cb_id,cbf_id, cs_id , cm_name,cm_type ,cm_order , cm_state) values(5826,110,39,444,'2009款 三厢 1.5L 手动精英型','2009款',5,0);
insert into t_car_model(cm_id ,cb_id,cbf_id, cs_id , cm_name,cm_type ,cm_order , cm_state) values(5825,110,39,444,'2009款 三厢 1.5L 自动旗舰型','2009款',6,0);
insert into t_car_model(cm_id ,cb_id,cbf_id, cs_id , cm_name,cm_type ,cm_order , cm_state) values(4331,110,39,444,'2008款 两厢 1.3L 手动精英型','2008款',1,0);
insert into t_car_model(cm_id ,cb_id,cbf_id, cs_id , cm_name,cm_type ,cm_order , cm_state) values(4332,110,39,444,'2008款 三厢 1.5L 手动精英型','2008款',2,0);
insert into t_car_model(cm_id ,cb_id,cbf_id, cs_id , cm_name,cm_type ,cm_order , cm_state) values(4333,110,39,444,'2008款 三厢 1.5L 自动旗舰型','2008款',3,0);
insert into t_car_model(cm_id ,cb_id,cbf_id, cs_id , cm_name,cm_type ,cm_order , cm_state) values(2814,110,39,444,'2007款 三厢 1.5L 手动豪华型','2007款',1,0);
insert into t_car_model(cm_id ,cb_id,cbf_id, cs_id , cm_name,cm_type ,cm_order , cm_state) values(2950,110,39,444,'2007款 三厢 1.6L 手动豪华型','2007款',2,0);
insert into t_car_model(cm_id ,cb_id,cbf_id, cs_id , cm_name,cm_type ,cm_order , cm_state) values(2617,110,39,444,'2006款 两厢 1.3L 手动基本型','2006款',1,0);
insert into t_car_model(cm_id ,cb_id,cbf_id, cs_id , cm_name,cm_type ,cm_order , cm_state) values(2580,110,39,444,'2006款 两厢 1.3L 手动豪华型','2006款',2,0);
insert into t_car_model(cm_id ,cb_id,cbf_id, cs_id , cm_name,cm_type ,cm_order , cm_state) values(2031,110,39,444,'2006款 两厢 1.4L 手动豪华型','2006款',3,0);
insert into t_car_series(cs_id,cb_id,cbf_id,cs_name,cs_order,cs_letter) values(879,110,39,'威志V2',3856,'W');
insert into t_car_model(cm_id ,cb_id,cbf_id, cs_id , cm_name,cm_type ,cm_order , cm_state) values(11419,110,39,879,'2012款 CROSS 1.3L 手动豪华型','2012款',1,0);
insert into t_car_model(cm_id ,cb_id,cbf_id, cs_id , cm_name,cm_type ,cm_order , cm_state) values(12256,110,39,879,'2012款 CROSS 1.3L AMT旗舰型','2012款',2,0);
insert into t_car_model(cm_id ,cb_id,cbf_id, cs_id , cm_name,cm_type ,cm_order , cm_state) values(5701,110,39,879,'2010款 1.3L 手动舒适型','2010款',1,0);
insert into t_car_model(cm_id ,cb_id,cbf_id, cs_id , cm_name,cm_type ,cm_order , cm_state) values(8505,110,39,879,'2010款 1.3L 手动豪华型','2010款',2,0);
insert into t_car_model(cm_id ,cb_id,cbf_id, cs_id , cm_name,cm_type ,cm_order , cm_state) values(8506,110,39,879,'2010款 1.3L AMT旗舰型','2010款',3,0);
insert into t_car_series(cs_id,cb_id,cbf_id,cs_name,cs_order,cs_letter) values(104,110,39,'威姿',3857,'W');
insert into t_car_model(cm_id ,cb_id,cbf_id, cs_id , cm_name,cm_type ,cm_order , cm_state) values(12030,110,39,104,'2011款 1.3L 手动豪华型','2011款',1,0);
insert into t_car_model(cm_id ,cb_id,cbf_id, cs_id , cm_name,cm_type ,cm_order , cm_state) values(1582,110,39,104,'2004款 1.0L 手动豪华型','2004款',1,0);
insert into t_car_model(cm_id ,cb_id,cbf_id, cs_id , cm_name,cm_type ,cm_order , cm_state) values(1580,110,39,104,'2004款 1.0L 自动豪华型','2004款',2,0);
insert into t_car_model(cm_id ,cb_id,cbf_id, cs_id , cm_name,cm_type ,cm_order , cm_state) values(1581,110,39,104,'2004款 1.0L 豪华天窗版','2004款',3,0);
insert into t_car_model(cm_id ,cb_id,cbf_id, cs_id , cm_name,cm_type ,cm_order , cm_state) values(385,110,39,104,'2004款 1.3L 手动豪华型','2004款',4,0);
insert into t_car_model(cm_id ,cb_id,cbf_id, cs_id , cm_name,cm_type ,cm_order , cm_state) values(384,110,39,104,'2004款 1.3L 自动豪华型','2004款',5,0);
insert into t_car_model(cm_id ,cb_id,cbf_id, cs_id , cm_name,cm_type ,cm_order , cm_state) values(596,110,39,104,'2004款 1.3L 豪华天窗版','2004款',6,0);
insert into t_car_series(cs_id,cb_id,cbf_id,cs_name,cs_order,cs_letter) values(101,110,39,'夏利',3858,'X');
insert into t_car_model(cm_id ,cb_id,cbf_id, cs_id , cm_name,cm_type ,cm_order , cm_state) values(12905,110,39,101,'2012款 N3 1.0L 两厢实用型','2012款',1,0);
insert into t_car_model(cm_id ,cb_id,cbf_id, cs_id , cm_name,cm_type ,cm_order , cm_state) values(12906,110,39,101,'2012款 N3 1.0L 两厢标准型','2012款',2,0);
insert into t_car_model(cm_id ,cb_id,cbf_id, cs_id , cm_name,cm_type ,cm_order , cm_state) values(12907,110,39,101,'2012款 N3 1.0L 三厢实用型','2012款',3,0);
insert into t_car_model(cm_id ,cb_id,cbf_id, cs_id , cm_name,cm_type ,cm_order , cm_state) values(12908,110,39,101,'2012款 N3 1.0L 三厢基本型','2012款',4,0);
insert into t_car_model(cm_id ,cb_id,cbf_id, cs_id , cm_name,cm_type ,cm_order , cm_state) values(12909,110,39,101,'2012款 N3 1.0L 三厢舒适型','2012款',5,0);
insert into t_car_model(cm_id ,cb_id,cbf_id, cs_id , cm_name,cm_type ,cm_order , cm_state) values(10474,110,39,101,'2011款 A+ 1.0L 两厢（无空调）','2011款',1,0);
insert into t_car_model(cm_id ,cb_id,cbf_id, cs_id , cm_name,cm_type ,cm_order , cm_state) values(10475,110,39,101,'2011款 A+ 1.0L 两厢','2011款',2,0);
insert into t_car_model(cm_id ,cb_id,cbf_id, cs_id , cm_name,cm_type ,cm_order , cm_state) values(10472,110,39,101,'2011款 A+ 1.0L 两厢（无空调）国IV','2011款',3,0);
insert into t_car_model(cm_id ,cb_id,cbf_id, cs_id , cm_name,cm_type ,cm_order , cm_state) values(10473,110,39,101,'2011款 A+ 1.0L 两厢 国IV','2011款',4,0);
insert into t_car_model(cm_id ,cb_id,cbf_id, cs_id , cm_name,cm_type ,cm_order , cm_state) values(10478,110,39,101,'2011款 A+ 1.0L 三厢（无空调）','2011款',5,0);
insert into t_car_model(cm_id ,cb_id,cbf_id, cs_id , cm_name,cm_type ,cm_order , cm_state) values(10479,110,39,101,'2011款 A+ 1.0L 三厢','2011款',6,0);
insert into t_car_model(cm_id ,cb_id,cbf_id, cs_id , cm_name,cm_type ,cm_order , cm_state) values(10476,110,39,101,'2011款 A+ 1.0L 三厢（无空调）国IV','2011款',7,0);
insert into t_car_model(cm_id ,cb_id,cbf_id, cs_id , cm_name,cm_type ,cm_order , cm_state) values(10477,110,39,101,'2011款 A+ 1.0L 三厢 国IV','2011款',8,0);
insert into t_car_model(cm_id ,cb_id,cbf_id, cs_id , cm_name,cm_type ,cm_order , cm_state) values(7905,110,39,101,'2010款 A+ 1.0L 两厢北京特供版','2010款',1,0);
insert into t_car_model(cm_id ,cb_id,cbf_id, cs_id , cm_name,cm_type ,cm_order , cm_state) values(3772,110,39,101,'2008款 N3+ 1.0L 两厢','2008款',1,0);
insert into t_car_model(cm_id ,cb_id,cbf_id, cs_id , cm_name,cm_type ,cm_order , cm_state) values(3774,110,39,101,'2008款 N3+ 1.0L 三厢','2008款',2,0);
insert into t_car_model(cm_id ,cb_id,cbf_id, cs_id , cm_name,cm_type ,cm_order , cm_state) values(3773,110,39,101,'2008款 N3+ 1.0L 两厢助力','2008款',3,0);
insert into t_car_model(cm_id ,cb_id,cbf_id, cs_id , cm_name,cm_type ,cm_order , cm_state) values(4072,110,39,101,'2008款 N3+ 1.4L 两厢','2008款',4,0);
insert into t_car_model(cm_id ,cb_id,cbf_id, cs_id , cm_name,cm_type ,cm_order , cm_state) values(4073,110,39,101,'2008款 N3+ 1.4L 三厢','2008款',5,0);
insert into t_car_model(cm_id ,cb_id,cbf_id, cs_id , cm_name,cm_type ,cm_order , cm_state) values(3775,110,39,101,'2008款 N3+ 1.0L 三厢助力','2008款',6,0);
insert into t_car_model(cm_id ,cb_id,cbf_id, cs_id , cm_name,cm_type ,cm_order , cm_state) values(3768,110,39,101,'2008款 N3+ 1.0L 两厢 国IV','2008款',7,0);
insert into t_car_model(cm_id ,cb_id,cbf_id, cs_id , cm_name,cm_type ,cm_order , cm_state) values(3769,110,39,101,'2008款 N3+ 1.0L 三厢 国IV','2008款',8,0);
insert into t_car_model(cm_id ,cb_id,cbf_id, cs_id , cm_name,cm_type ,cm_order , cm_state) values(3770,110,39,101,'2008款 N3+ 1.0L 两厢助力 国IV','2008款',9,0);
insert into t_car_model(cm_id ,cb_id,cbf_id, cs_id , cm_name,cm_type ,cm_order , cm_state) values(3771,110,39,101,'2008款 N3+ 1.0L 三厢助力 国IV','2008款',10,0);
insert into t_car_model(cm_id ,cb_id,cbf_id, cs_id , cm_name,cm_type ,cm_order , cm_state) values(2106,110,39,101,'2006款 1.0L 三厢普通型A+','2006款',1,0);
insert into t_car_model(cm_id ,cb_id,cbf_id, cs_id , cm_name,cm_type ,cm_order , cm_state) values(2105,110,39,101,'2006款 1.0L 两厢A+','2006款',2,0);
insert into t_car_model(cm_id ,cb_id,cbf_id, cs_id , cm_name,cm_type ,cm_order , cm_state) values(2104,110,39,101,'2006款 A+ 1.0L 两厢普通型','2006款',3,0);
insert into t_car_model(cm_id ,cb_id,cbf_id, cs_id , cm_name,cm_type ,cm_order , cm_state) values(2108,110,39,101,'2006款 1.4L 两厢A+','2006款',4,0);
insert into t_car_model(cm_id ,cb_id,cbf_id, cs_id , cm_name,cm_type ,cm_order , cm_state) values(2109,110,39,101,'2006款 1.4L 三厢A+','2006款',5,0);
insert into t_car_model(cm_id ,cb_id,cbf_id, cs_id , cm_name,cm_type ,cm_order , cm_state) values(2107,110,39,101,'2006款 A+ 1.0L 三厢','2006款',6,0);
insert into t_car_model(cm_id ,cb_id,cbf_id, cs_id , cm_name,cm_type ,cm_order , cm_state) values(1583,110,39,101,'2005款 N3 1.0L 三厢豪华型','2005款',1,0);
insert into t_car_model(cm_id ,cb_id,cbf_id, cs_id , cm_name,cm_type ,cm_order , cm_state) values(1826,110,39,101,'2005款 N3 1.1L 两厢','2005款',2,0);
insert into t_car_model(cm_id ,cb_id,cbf_id, cs_id , cm_name,cm_type ,cm_order , cm_state) values(1827,110,39,101,'2005款 N3 1.1L 三厢','2005款',3,0);
insert into t_car_model(cm_id ,cb_id,cbf_id, cs_id , cm_name,cm_type ,cm_order , cm_state) values(2181,110,39,101,'2005款 N3 1.3L 两厢基本型','2005款',4,0);
insert into t_car_model(cm_id ,cb_id,cbf_id, cs_id , cm_name,cm_type ,cm_order , cm_state) values(1828,110,39,101,'2005款 N3 1.3L 两厢助力型','2005款',5,0);
insert into t_car_model(cm_id ,cb_id,cbf_id, cs_id , cm_name,cm_type ,cm_order , cm_state) values(2182,110,39,101,'2005款 N3 1.3L 三厢基本型','2005款',6,0);
insert into t_car_model(cm_id ,cb_id,cbf_id, cs_id , cm_name,cm_type ,cm_order , cm_state) values(1829,110,39,101,'2005款 N3 1.3L 三厢助力型','2005款',7,0);
insert into t_car_model(cm_id ,cb_id,cbf_id, cs_id , cm_name,cm_type ,cm_order , cm_state) values(1760,110,39,101,'2005款 1.4L 两厢舒适型','2005款',8,0);
insert into t_car_model(cm_id ,cb_id,cbf_id, cs_id , cm_name,cm_type ,cm_order , cm_state) values(1761,110,39,101,'2005款 1.4L 两厢豪华型','2005款',9,0);
insert into t_car_model(cm_id ,cb_id,cbf_id, cs_id , cm_name,cm_type ,cm_order , cm_state) values(1758,110,39,101,'2005款 1.4L 三厢舒适型','2005款',10,0);
insert into t_car_model(cm_id ,cb_id,cbf_id, cs_id , cm_name,cm_type ,cm_order , cm_state) values(1759,110,39,101,'2005款 1.4L 三厢豪华型','2005款',11,0);
insert into t_car_model(cm_id ,cb_id,cbf_id, cs_id , cm_name,cm_type ,cm_order , cm_state) values(1059,110,39,101,'2004款 N3 1.0L 两厢','2004款',1,0);
insert into t_car_model(cm_id ,cb_id,cbf_id, cs_id , cm_name,cm_type ,cm_order , cm_state) values(1110,110,39,101,'2004款 N3 1.0L 三厢','2004款',2,0);
insert into t_car_model(cm_id ,cb_id,cbf_id, cs_id , cm_name,cm_type ,cm_order , cm_state) values(1155,110,39,101,'2004款 N3 1.3L 两厢基本型','2004款',3,0);
insert into t_car_model(cm_id ,cb_id,cbf_id, cs_id , cm_name,cm_type ,cm_order , cm_state) values(1058,110,39,101,'2004款 N3 1.3L 三厢基本型','2004款',4,0);
insert into t_car_series(cs_id,cb_id,cbf_id,cs_name,cs_order,cs_letter) values(2159,110,39,'一汽TFC',3861,'Y');
insert into t_car_model(cm_id ,cb_id,cbf_id, cs_id , cm_name,cm_type ,cm_order , cm_state) values(7683,110,39,2159,'2010款 基本型','2010款',1,0);
insert into t_car_brand_factory(cbf_id , cb_id , cbf_name ,cbf_letter) values(506,110,'一汽红塔','Y');
insert into t_car_series(cs_id,cb_id,cbf_id,cs_name,cs_order,cs_letter) values(4855,110,506,'蓝舰T340',3863,'L');
insert into t_car_model(cm_id ,cb_id,cbf_id, cs_id , cm_name,cm_type ,cm_order , cm_state) values(1006390,110,506,4855,'2018款 2.5T两驱豪华短轴JE4D25E','2018款',1,0);
insert into t_car_model(cm_id ,cb_id,cbf_id, cs_id , cm_name,cm_type ,cm_order , cm_state) values(1006388,110,506,4855,'2018款 2.5T两驱旗舰短轴JE4D25E','2018款',2,0);
insert into t_car_model(cm_id ,cb_id,cbf_id, cs_id , cm_name,cm_type ,cm_order , cm_state) values(1006386,110,506,4855,'2018款 2.5T四驱豪华短轴JE4D25E','2018款',3,0);
insert into t_car_model(cm_id ,cb_id,cbf_id, cs_id , cm_name,cm_type ,cm_order , cm_state) values(1006392,110,506,4855,'2018款 2.5T四驱旗舰短轴JE4D25E','2018款',4,0);
insert into t_car_model(cm_id ,cb_id,cbf_id, cs_id , cm_name,cm_type ,cm_order , cm_state) values(1006391,110,506,4855,'2018款 2.5T两驱豪华长轴JE4D25E','2018款',5,0);
insert into t_car_model(cm_id ,cb_id,cbf_id, cs_id , cm_name,cm_type ,cm_order , cm_state) values(1006389,110,506,4855,'2018款 2.5T两驱旗舰长轴JE4D25E','2018款',6,0);
insert into t_car_model(cm_id ,cb_id,cbf_id, cs_id , cm_name,cm_type ,cm_order , cm_state) values(1006387,110,506,4855,'2018款 2.5T四驱豪华长轴JE4D25E','2018款',7,0);
insert into t_car_model(cm_id ,cb_id,cbf_id, cs_id , cm_name,cm_type ,cm_order , cm_state) values(1006393,110,506,4855,'2018款 2.5T四驱旗舰长轴JE4D25E','2018款',8,0);
insert into t_car_brand_factory(cbf_id , cb_id , cbf_name ,cbf_letter) values(166,110,'一汽吉林','Y');
insert into t_car_series(cs_id,cb_id,cbf_id,cs_name,cs_order,cs_letter) values(3824,110,166,'森雅R7',3864,'S');
insert into t_car_model(cm_id ,cb_id,cbf_id, cs_id , cm_name,cm_type ,cm_order , cm_state) values(33705,110,166,3824,'2018款 R7C 1.6L 手动豪华型','2018款',1,0);
insert into t_car_model(cm_id ,cb_id,cbf_id, cs_id , cm_name,cm_type ,cm_order , cm_state) values(33706,110,166,3824,'2018款 R7C 1.6L 自动豪华型','2018款',2,0);
insert into t_car_model(cm_id ,cb_id,cbf_id, cs_id , cm_name,cm_type ,cm_order , cm_state) values(33688,110,166,3824,'2018款 R7C 1.6L 手动智悦型','2018款',3,0);
insert into t_car_model(cm_id ,cb_id,cbf_id, cs_id , cm_name,cm_type ,cm_order , cm_state) values(33707,110,166,3824,'2018款 R7C 1.6L 自动智悦型','2018款',4,0);
insert into t_car_model(cm_id ,cb_id,cbf_id, cs_id , cm_name,cm_type ,cm_order , cm_state) values(33709,110,166,3824,'2018款 R7C 1.6L 自动智享型','2018款',5,0);
insert into t_car_model(cm_id ,cb_id,cbf_id, cs_id , cm_name,cm_type ,cm_order , cm_state) values(33710,110,166,3824,'2018款 R7C 1.6L 自动智尊型','2018款',6,0);
insert into t_car_model(cm_id ,cb_id,cbf_id, cs_id , cm_name,cm_type ,cm_order , cm_state) values(33711,110,166,3824,'2018款 R7C 1.5T 手动智擎型','2018款',7,0);
insert into t_car_model(cm_id ,cb_id,cbf_id, cs_id , cm_name,cm_type ,cm_order , cm_state) values(30768,110,166,3824,'2017款 1.6L 手动时尚型','2017款',1,0);
insert into t_car_model(cm_id ,cb_id,cbf_id, cs_id , cm_name,cm_type ,cm_order , cm_state) values(30769,110,166,3824,'2017款 1.6L 手动舒适型','2017款',2,0);
insert into t_car_model(cm_id ,cb_id,cbf_id, cs_id , cm_name,cm_type ,cm_order , cm_state) values(30770,110,166,3824,'2017款 1.6L 手动豪华型','2017款',3,0);
insert into t_car_model(cm_id ,cb_id,cbf_id, cs_id , cm_name,cm_type ,cm_order , cm_state) values(30771,110,166,3824,'2017款 1.6L 手动智能型','2017款',4,0);
insert into t_car_model(cm_id ,cb_id,cbf_id, cs_id , cm_name,cm_type ,cm_order , cm_state) values(30772,110,166,3824,'2017款 1.6L 手动尊贵型','2017款',5,0);
insert into t_car_model(cm_id ,cb_id,cbf_id, cs_id , cm_name,cm_type ,cm_order , cm_state) values(30773,110,166,3824,'2017款 1.6L 自动舒适型','2017款',6,0);
insert into t_car_model(cm_id ,cb_id,cbf_id, cs_id , cm_name,cm_type ,cm_order , cm_state) values(33501,110,166,3824,'2017款 改款 1.6L 自动豪华型','2017款',7,0);
insert into t_car_model(cm_id ,cb_id,cbf_id, cs_id , cm_name,cm_type ,cm_order , cm_state) values(30775,110,166,3824,'2017款 1.6L 自动智能型','2017款',8,0);
insert into t_car_model(cm_id ,cb_id,cbf_id, cs_id , cm_name,cm_type ,cm_order , cm_state) values(30776,110,166,3824,'2017款 1.6L 自动尊贵型','2017款',9,0);
insert into t_car_model(cm_id ,cb_id,cbf_id, cs_id , cm_name,cm_type ,cm_order , cm_state) values(30777,110,166,3824,'2017款 1.6L 自动旗舰型','2017款',10,0);
insert into t_car_model(cm_id ,cb_id,cbf_id, cs_id , cm_name,cm_type ,cm_order , cm_state) values(31963,110,166,3824,'2017款 1.5T 手动豪华型','2017款',11,0);
insert into t_car_model(cm_id ,cb_id,cbf_id, cs_id , cm_name,cm_type ,cm_order , cm_state) values(31964,110,166,3824,'2017款 1.5T 手动豪华天窗型','2017款',12,0);
insert into t_car_model(cm_id ,cb_id,cbf_id, cs_id , cm_name,cm_type ,cm_order , cm_state) values(32577,110,166,3824,'2017款 智能网联版 1.6L 手动智悦型','2017款',13,0);
insert into t_car_model(cm_id ,cb_id,cbf_id, cs_id , cm_name,cm_type ,cm_order , cm_state) values(32578,110,166,3824,'2017款 智能网联版 1.5T 手动智擎型','2017款',14,0);
insert into t_car_model(cm_id ,cb_id,cbf_id, cs_id , cm_name,cm_type ,cm_order , cm_state) values(32579,110,166,3824,'2017款 智能网联版 1.6L 自动智悦型','2017款',15,0);
insert into t_car_model(cm_id ,cb_id,cbf_id, cs_id , cm_name,cm_type ,cm_order , cm_state) values(32580,110,166,3824,'2017款 智能网联版 1.6L 自动智享型','2017款',16,0);
insert into t_car_model(cm_id ,cb_id,cbf_id, cs_id , cm_name,cm_type ,cm_order , cm_state) values(32581,110,166,3824,'2017款 智能网联版 1.6L 自动智尊型','2017款',17,0);
insert into t_car_model(cm_id ,cb_id,cbf_id, cs_id , cm_name,cm_type ,cm_order , cm_state) values(30774,110,166,3824,'2017款 1.6L 自动豪华型','2017款',18,0);
insert into t_car_model(cm_id ,cb_id,cbf_id, cs_id , cm_name,cm_type ,cm_order , cm_state) values(25931,110,166,3824,'2016款 1.6L 手动舒适型','2016款',1,0);
insert into t_car_model(cm_id ,cb_id,cbf_id, cs_id , cm_name,cm_type ,cm_order , cm_state) values(25932,110,166,3824,'2016款 1.6L 手动豪华型','2016款',2,0);
insert into t_car_model(cm_id ,cb_id,cbf_id, cs_id , cm_name,cm_type ,cm_order , cm_state) values(22655,110,166,3824,'2016款 1.6L 手动智能型','2016款',3,0);
insert into t_car_model(cm_id ,cb_id,cbf_id, cs_id , cm_name,cm_type ,cm_order , cm_state) values(25933,110,166,3824,'2016款 1.6L 手动尊贵型','2016款',4,0);
insert into t_car_model(cm_id ,cb_id,cbf_id, cs_id , cm_name,cm_type ,cm_order , cm_state) values(28521,110,166,3824,'2016款 1.6L 自动舒适型','2016款',5,0);
insert into t_car_model(cm_id ,cb_id,cbf_id, cs_id , cm_name,cm_type ,cm_order , cm_state) values(28522,110,166,3824,'2016款 1.6L 自动豪华型','2016款',6,0);
insert into t_car_model(cm_id ,cb_id,cbf_id, cs_id , cm_name,cm_type ,cm_order , cm_state) values(28523,110,166,3824,'2016款 1.6L 自动智能型','2016款',7,0);
insert into t_car_model(cm_id ,cb_id,cbf_id, cs_id , cm_name,cm_type ,cm_order , cm_state) values(28502,110,166,3824,'2016款 1.6L 自动尊贵型','2016款',8,0);
insert into t_car_model(cm_id ,cb_id,cbf_id, cs_id , cm_name,cm_type ,cm_order , cm_state) values(28527,110,166,3824,'2016款 1.6L 自动旗舰型','2016款',9,0);
insert into t_car_series(cs_id,cb_id,cbf_id,cs_name,cs_order,cs_letter) values(4945,110,166,'森雅R7新能源',3865,'S');
insert into t_car_model(cm_id ,cb_id,cbf_id, cs_id , cm_name,cm_type ,cm_order , cm_state) values(35920,110,166,4945,'2018款 EV400','2018款',1,0);
insert into t_car_series(cs_id,cb_id,cbf_id,cs_name,cs_order,cs_letter) values(4754,110,166,'森雅R9',3866,'S');
insert into t_car_model(cm_id ,cb_id,cbf_id, cs_id , cm_name,cm_type ,cm_order , cm_state) values(34652,110,166,4754,'2018款 1.2T 手动舒适智炫型','2018款',1,0);
insert into t_car_model(cm_id ,cb_id,cbf_id, cs_id , cm_name,cm_type ,cm_order , cm_state) values(34653,110,166,4754,'2018款 1.2T 手动豪华智尚型','2018款',2,0);
insert into t_car_model(cm_id ,cb_id,cbf_id, cs_id , cm_name,cm_type ,cm_order , cm_state) values(34654,110,166,4754,'2018款 1.2T 手动尊贵智悦型','2018款',3,0);
insert into t_car_model(cm_id ,cb_id,cbf_id, cs_id , cm_name,cm_type ,cm_order , cm_state) values(34655,110,166,4754,'2018款 1.2T 手动旗舰智享型','2018款',4,0);
insert into t_car_model(cm_id ,cb_id,cbf_id, cs_id , cm_name,cm_type ,cm_order , cm_state) values(34656,110,166,4754,'2018款 1.2T 自动舒适智炫型','2018款',5,0);
insert into t_car_model(cm_id ,cb_id,cbf_id, cs_id , cm_name,cm_type ,cm_order , cm_state) values(34657,110,166,4754,'2018款 1.2T 自动豪华智尚型','2018款',6,0);
insert into t_car_model(cm_id ,cb_id,cbf_id, cs_id , cm_name,cm_type ,cm_order , cm_state) values(34659,110,166,4754,'2018款 1.2T 自动尊贵智悦型','2018款',7,0);
insert into t_car_model(cm_id ,cb_id,cbf_id, cs_id , cm_name,cm_type ,cm_order , cm_state) values(34658,110,166,4754,'2018款 1.2T 自动旗舰智享型','2018款',8,0);
insert into t_car_series(cs_id,cb_id,cbf_id,cs_name,cs_order,cs_letter) values(2469,110,166,'佳宝V52',3867,'J');
insert into t_car_model(cm_id ,cb_id,cbf_id, cs_id , cm_name,cm_type ,cm_order , cm_state) values(1000443,110,166,2469,'2011款 1.0L 实用型LJ465QE1','2011款',1,0);
insert into t_car_model(cm_id ,cb_id,cbf_id, cs_id , cm_name,cm_type ,cm_order , cm_state) values(1001239,110,166,2469,'2011款 1.0L 实用型DA465QA','2011款',2,0);
insert into t_car_model(cm_id ,cb_id,cbf_id, cs_id , cm_name,cm_type ,cm_order , cm_state) values(1001240,110,166,2469,'2011款 1.0L 舒适型LJ465QE1','2011款',3,0);
insert into t_car_model(cm_id ,cb_id,cbf_id, cs_id , cm_name,cm_type ,cm_order , cm_state) values(1000444,110,166,2469,'2011款 1.0L 舒适型DA465QA','2011款',4,0);
insert into t_car_series(cs_id,cb_id,cbf_id,cs_name,cs_order,cs_letter) values(2468,110,166,'佳宝V55',3868,'J');
insert into t_car_model(cm_id ,cb_id,cbf_id, cs_id , cm_name,cm_type ,cm_order , cm_state) values(1000105,110,166,2468,'2011款 1.0L基本型','2011款',1,0);
insert into t_car_series(cs_id,cb_id,cbf_id,cs_name,cs_order,cs_letter) values(3775,110,166,'佳宝V75',3869,'J');
insert into t_car_model(cm_id ,cb_id,cbf_id, cs_id , cm_name,cm_type ,cm_order , cm_state) values(1003336,110,166,3775,'2015款 1.0L标准型DAM10AR','2015款',1,0);
insert into t_car_model(cm_id ,cb_id,cbf_id, cs_id , cm_name,cm_type ,cm_order , cm_state) values(1003337,110,166,3775,'2015款 1.0L舒适型DAM10AR','2015款',2,0);
insert into t_car_series(cs_id,cb_id,cbf_id,cs_name,cs_order,cs_letter) values(3776,110,166,'佳宝V77',3870,'J');
insert into t_car_model(cm_id ,cb_id,cbf_id, cs_id , cm_name,cm_type ,cm_order , cm_state) values(1003761,110,166,3776,'2016款 1.0L商用版DAM10AR','2016款',1,0);
insert into t_car_model(cm_id ,cb_id,cbf_id, cs_id , cm_name,cm_type ,cm_order , cm_state) values(1003338,110,166,3776,'2015款 1.3L商用版CA4GX13','2015款',1,0);
insert into t_car_model(cm_id ,cb_id,cbf_id, cs_id , cm_name,cm_type ,cm_order , cm_state) values(1003339,110,166,3776,'2015款 1.3L乘用版CA4GX13','2015款',2,0);
insert into t_car_series(cs_id,cb_id,cbf_id,cs_name,cs_order,cs_letter) values(3052,110,166,'佳宝V80',3871,'J');
insert into t_car_model(cm_id ,cb_id,cbf_id, cs_id , cm_name,cm_type ,cm_order , cm_state) values(1002016,110,166,3052,'2014款 1.5L商务标准型','2014款',1,0);
insert into t_car_model(cm_id ,cb_id,cbf_id, cs_id , cm_name,cm_type ,cm_order , cm_state) values(1002017,110,166,3052,'2014款 1.5L商务舒适型','2014款',2,0);
insert into t_car_model(cm_id ,cb_id,cbf_id, cs_id , cm_name,cm_type ,cm_order , cm_state) values(1002015,110,166,3052,'2014款 1.5L商务豪华型','2014款',3,0);
insert into t_car_model(cm_id ,cb_id,cbf_id, cs_id , cm_name,cm_type ,cm_order , cm_state) values(1002018,110,166,3052,'2014款 1.5L物流标准型','2014款',4,0);
insert into t_car_model(cm_id ,cb_id,cbf_id, cs_id , cm_name,cm_type ,cm_order , cm_state) values(1002019,110,166,3052,'2014款 1.5L物流舒适型','2014款',5,0);
insert into t_car_model(cm_id ,cb_id,cbf_id, cs_id , cm_name,cm_type ,cm_order , cm_state) values(1002023,110,166,3052,'2014款 1.5L加长全能标准型','2014款',6,0);
insert into t_car_model(cm_id ,cb_id,cbf_id, cs_id , cm_name,cm_type ,cm_order , cm_state) values(1002022,110,166,3052,'2014款 1.5L加长商务舒适型','2014款',7,0);
insert into t_car_model(cm_id ,cb_id,cbf_id, cs_id , cm_name,cm_type ,cm_order , cm_state) values(1002020,110,166,3052,'2014款 1.5L加长商务豪华型','2014款',8,0);
insert into t_car_model(cm_id ,cb_id,cbf_id, cs_id , cm_name,cm_type ,cm_order , cm_state) values(1002021,110,166,3052,'2014款 1.5L加长商务标准型','2014款',9,0);
insert into t_car_model(cm_id ,cb_id,cbf_id, cs_id , cm_name,cm_type ,cm_order , cm_state) values(1002024,110,166,3052,'2014款 1.5L加长全能舒适型','2014款',10,0);
insert into t_car_model(cm_id ,cb_id,cbf_id, cs_id , cm_name,cm_type ,cm_order , cm_state) values(1001619,110,166,3052,'2013款 1.3L商务标准型CA4GX13','2013款',1,0);
insert into t_car_model(cm_id ,cb_id,cbf_id, cs_id , cm_name,cm_type ,cm_order , cm_state) values(1001621,110,166,3052,'2013款 1.3L商务舒适型CA4GX13','2013款',2,0);
insert into t_car_model(cm_id ,cb_id,cbf_id, cs_id , cm_name,cm_type ,cm_order , cm_state) values(1001623,110,166,3052,'2013款 1.3L商务豪华型CA4GX13','2013款',3,0);
insert into t_car_model(cm_id ,cb_id,cbf_id, cs_id , cm_name,cm_type ,cm_order , cm_state) values(1001624,110,166,3052,'2013款 1.3L物流标准型CA4GX13','2013款',4,0);
insert into t_car_model(cm_id ,cb_id,cbf_id, cs_id , cm_name,cm_type ,cm_order , cm_state) values(1001625,110,166,3052,'2013款 1.3L物流舒适型CA4GX13','2013款',5,0);
insert into t_car_series(cs_id,cb_id,cbf_id,cs_name,cs_order,cs_letter) values(5051,110,166,'佳宝V80新能源',3872,'J');
insert into t_car_model(cm_id ,cb_id,cbf_id, cs_id , cm_name,cm_type ,cm_order , cm_state) values(1007283,110,166,5051,'2018款 AT80','2018款',1,0);
insert into t_car_model(cm_id ,cb_id,cbf_id, cs_id , cm_name,cm_type ,cm_order , cm_state) values(1007045,110,166,5051,'2018款 物流版V80','2018款',2,0);
insert into t_car_model(cm_id ,cb_id,cbf_id, cs_id , cm_name,cm_type ,cm_order , cm_state) values(1007047,110,166,5051,'2018款 物流版V80L','2018款',3,0);
insert into t_car_series(cs_id,cb_id,cbf_id,cs_name,cs_order,cs_letter) values(2526,110,166,'佳宝T50',3873,'J');
insert into t_car_model(cm_id ,cb_id,cbf_id, cs_id , cm_name,cm_type ,cm_order , cm_state) values(1000440,110,166,2526,'2011款 1.1L标准型','2011款',1,0);
insert into t_car_model(cm_id ,cb_id,cbf_id, cs_id , cm_name,cm_type ,cm_order , cm_state) values(1000441,110,166,2526,'2011款 1.0L加长型','2011款',2,0);
insert into t_car_series(cs_id,cb_id,cbf_id,cs_name,cs_order,cs_letter) values(2525,110,166,'佳宝T51',3874,'J');
insert into t_car_model(cm_id ,cb_id,cbf_id, cs_id , cm_name,cm_type ,cm_order , cm_state) values(1000442,110,166,2525,'2011款 1.0L基本型','2011款',1,0);
insert into t_car_series(cs_id,cb_id,cbf_id,cs_name,cs_order,cs_letter) values(2465,110,166,'佳宝T57',3875,'J');
insert into t_car_model(cm_id ,cb_id,cbf_id, cs_id , cm_name,cm_type ,cm_order , cm_state) values(1000103,110,166,2465,'2011款 1.0L基本型标箱','2011款',1,0);
insert into t_car_model(cm_id ,cb_id,cbf_id, cs_id , cm_name,cm_type ,cm_order , cm_state) values(1000104,110,166,2465,'2011款 1.0L基本型加长箱','2011款',2,0);
insert into t_car_series(cs_id,cb_id,cbf_id,cs_name,cs_order,cs_letter) values(3459,110,166,'解放T80',3876,'J');
insert into t_car_model(cm_id ,cb_id,cbf_id, cs_id , cm_name,cm_type ,cm_order , cm_state) values(1006285,110,166,3459,'2018款 1.2L单排长厢无空调','2018款',1,0);
insert into t_car_model(cm_id ,cb_id,cbf_id, cs_id , cm_name,cm_type ,cm_order , cm_state) values(1006284,110,166,3459,'2018款 1.2L单排长厢空调','2018款',2,0);
insert into t_car_model(cm_id ,cb_id,cbf_id, cs_id , cm_name,cm_type ,cm_order , cm_state) values(1006283,110,166,3459,'2018款 1.2L双排长厢无空调','2018款',3,0);
insert into t_car_model(cm_id ,cb_id,cbf_id, cs_id , cm_name,cm_type ,cm_order , cm_state) values(1006282,110,166,3459,'2018款 1.2L双排长厢空调','2018款',4,0);
insert into t_car_model(cm_id ,cb_id,cbf_id, cs_id , cm_name,cm_type ,cm_order , cm_state) values(1004367,110,166,3459,'2016款 1.5L双排标准型','2016款',1,0);
insert into t_car_model(cm_id ,cb_id,cbf_id, cs_id , cm_name,cm_type ,cm_order , cm_state) values(1002346,110,166,3459,'2015款 1.3L标箱','2015款',1,0);
insert into t_car_model(cm_id ,cb_id,cbf_id, cs_id , cm_name,cm_type ,cm_order , cm_state) values(1003355,110,166,3459,'2015款 1.5L标箱','2015款',2,0);
insert into t_car_model(cm_id ,cb_id,cbf_id, cs_id , cm_name,cm_type ,cm_order , cm_state) values(1003356,110,166,3459,'2015款 1.3L长箱','2015款',3,0);
insert into t_car_model(cm_id ,cb_id,cbf_id, cs_id , cm_name,cm_type ,cm_order , cm_state) values(1003357,110,166,3459,'2015款 1.5L长箱','2015款',4,0);
insert into t_car_series(cs_id,cb_id,cbf_id,cs_name,cs_order,cs_letter) values(5042,110,166,'解放T90',3877,'J');
insert into t_car_model(cm_id ,cb_id,cbf_id, cs_id , cm_name,cm_type ,cm_order , cm_state) values(1007002,110,166,5042,'2019款 1.5L 单排4轮标准型DAM15R','2019款',1,0);
insert into t_car_model(cm_id ,cb_id,cbf_id, cs_id , cm_name,cm_type ,cm_order , cm_state) values(1007001,110,166,5042,'2019款 1.5L 单排6轮标准型DAM15R','2019款',2,0);
insert into t_car_model(cm_id ,cb_id,cbf_id, cs_id , cm_name,cm_type ,cm_order , cm_state) values(1006999,110,166,5042,'2019款 1.5L 双排6轮标准型DAM15R','2019款',3,0);
insert into t_car_model(cm_id ,cb_id,cbf_id, cs_id , cm_name,cm_type ,cm_order , cm_state) values(1007000,110,166,5042,'2019款 1.5L 双排4轮标准型DAM15R','2019款',4,0);
insert into t_car_series(cs_id,cb_id,cbf_id,cs_name,cs_order,cs_letter) values(2131,110,166,'森雅S80',3879,'S');
insert into t_car_model(cm_id ,cb_id,cbf_id, cs_id , cm_name,cm_type ,cm_order , cm_state) values(22001,110,166,2131,'2015款 1.3L 手动5座标准版','2015款',1,0);
insert into t_car_model(cm_id ,cb_id,cbf_id, cs_id , cm_name,cm_type ,cm_order , cm_state) values(22002,110,166,2131,'2015款 1.3L 手动7座标准版','2015款',2,0);
insert into t_car_model(cm_id ,cb_id,cbf_id, cs_id , cm_name,cm_type ,cm_order , cm_state) values(22009,110,166,2131,'2015款 1.5L 手动5座都市版','2015款',3,0);
insert into t_car_model(cm_id ,cb_id,cbf_id, cs_id , cm_name,cm_type ,cm_order , cm_state) values(22010,110,166,2131,'2015款 1.5L 手动7座都市版','2015款',4,0);
insert into t_car_model(cm_id ,cb_id,cbf_id, cs_id , cm_name,cm_type ,cm_order , cm_state) values(22011,110,166,2131,'2015款 1.5L 自动5座都市版','2015款',5,0);
insert into t_car_model(cm_id ,cb_id,cbf_id, cs_id , cm_name,cm_type ,cm_order , cm_state) values(22012,110,166,2131,'2015款 1.5L 自动7座都市版','2015款',6,0);
insert into t_car_model(cm_id ,cb_id,cbf_id, cs_id , cm_name,cm_type ,cm_order , cm_state) values(22003,110,166,2131,'2015款 1.5L 手动5座舒适版','2015款',7,0);
insert into t_car_model(cm_id ,cb_id,cbf_id, cs_id , cm_name,cm_type ,cm_order , cm_state) values(22004,110,166,2131,'2015款 1.5L 手动7座舒适版','2015款',8,0);
insert into t_car_model(cm_id ,cb_id,cbf_id, cs_id , cm_name,cm_type ,cm_order , cm_state) values(22005,110,166,2131,'2015款 1.5L 手动5座豪华版','2015款',9,0);
insert into t_car_model(cm_id ,cb_id,cbf_id, cs_id , cm_name,cm_type ,cm_order , cm_state) values(22006,110,166,2131,'2015款 1.5L 手动7座豪华版','2015款',10,0);
insert into t_car_model(cm_id ,cb_id,cbf_id, cs_id , cm_name,cm_type ,cm_order , cm_state) values(22007,110,166,2131,'2015款 1.5L 手动5座导航版','2015款',11,0);
insert into t_car_model(cm_id ,cb_id,cbf_id, cs_id , cm_name,cm_type ,cm_order , cm_state) values(22008,110,166,2131,'2015款 1.5L 手动7座导航版','2015款',12,0);
insert into t_car_model(cm_id ,cb_id,cbf_id, cs_id , cm_name,cm_type ,cm_order , cm_state) values(19555,110,166,2131,'2014款 1.3L 手动5座经典版','2014款',1,0);
insert into t_car_model(cm_id ,cb_id,cbf_id, cs_id , cm_name,cm_type ,cm_order , cm_state) values(19556,110,166,2131,'2014款 1.3L 手动7座经典版','2014款',2,0);
insert into t_car_model(cm_id ,cb_id,cbf_id, cs_id , cm_name,cm_type ,cm_order , cm_state) values(19557,110,166,2131,'2014款 1.5L 手动5座经典版','2014款',3,0);
insert into t_car_model(cm_id ,cb_id,cbf_id, cs_id , cm_name,cm_type ,cm_order , cm_state) values(19558,110,166,2131,'2014款 1.5L 手动7座经典版','2014款',4,0);
insert into t_car_model(cm_id ,cb_id,cbf_id, cs_id , cm_name,cm_type ,cm_order , cm_state) values(19559,110,166,2131,'2014款 1.5L 手动5座运动都市B版','2014款',5,0);
insert into t_car_model(cm_id ,cb_id,cbf_id, cs_id , cm_name,cm_type ,cm_order , cm_state) values(19560,110,166,2131,'2014款 1.5L 手动7座运动都市B版','2014款',6,0);
insert into t_car_model(cm_id ,cb_id,cbf_id, cs_id , cm_name,cm_type ,cm_order , cm_state) values(19561,110,166,2131,'2014款 1.5L 手动5座运动都市C版','2014款',7,0);
insert into t_car_model(cm_id ,cb_id,cbf_id, cs_id , cm_name,cm_type ,cm_order , cm_state) values(19562,110,166,2131,'2014款 1.5L 手动7座运动都市C版','2014款',8,0);
insert into t_car_model(cm_id ,cb_id,cbf_id, cs_id , cm_name,cm_type ,cm_order , cm_state) values(19563,110,166,2131,'2014款 1.5L 手动5座运动舒适B版','2014款',9,0);
insert into t_car_model(cm_id ,cb_id,cbf_id, cs_id , cm_name,cm_type ,cm_order , cm_state) values(19564,110,166,2131,'2014款 1.5L 手动7座运动舒适B版','2014款',10,0);
insert into t_car_model(cm_id ,cb_id,cbf_id, cs_id , cm_name,cm_type ,cm_order , cm_state) values(19565,110,166,2131,'2014款 1.5L 手动5座运动舒适C版','2014款',11,0);
insert into t_car_model(cm_id ,cb_id,cbf_id, cs_id , cm_name,cm_type ,cm_order , cm_state) values(19566,110,166,2131,'2014款 1.5L 手动7座运动舒适C版','2014款',12,0);
insert into t_car_model(cm_id ,cb_id,cbf_id, cs_id , cm_name,cm_type ,cm_order , cm_state) values(19567,110,166,2131,'2014款 1.5L 自动5座运动版','2014款',13,0);
insert into t_car_model(cm_id ,cb_id,cbf_id, cs_id , cm_name,cm_type ,cm_order , cm_state) values(18914,110,166,2131,'2014款 1.5L 自动7座运动版','2014款',14,0);
insert into t_car_model(cm_id ,cb_id,cbf_id, cs_id , cm_name,cm_type ,cm_order , cm_state) values(19568,110,166,2131,'2014款 1.5L 自动5座至尊导航版','2014款',15,0);
insert into t_car_model(cm_id ,cb_id,cbf_id, cs_id , cm_name,cm_type ,cm_order , cm_state) values(19569,110,166,2131,'2014款 1.5L 自动7座至尊导航版','2014款',16,0);
insert into t_car_model(cm_id ,cb_id,cbf_id, cs_id , cm_name,cm_type ,cm_order , cm_state) values(16323,110,166,2131,'2013款 1.5L 手动5座都市时尚版','2013款',1,0);
insert into t_car_model(cm_id ,cb_id,cbf_id, cs_id , cm_name,cm_type ,cm_order , cm_state) values(16326,110,166,2131,'2013款 1.5L 手动7座都市时尚版','2013款',2,0);
insert into t_car_model(cm_id ,cb_id,cbf_id, cs_id , cm_name,cm_type ,cm_order , cm_state) values(16327,110,166,2131,'2013款 1.5L 自动5座时尚版','2013款',3,0);
insert into t_car_model(cm_id ,cb_id,cbf_id, cs_id , cm_name,cm_type ,cm_order , cm_state) values(16328,110,166,2131,'2013款 1.5L 自动7座时尚版','2013款',4,0);
insert into t_car_model(cm_id ,cb_id,cbf_id, cs_id , cm_name,cm_type ,cm_order , cm_state) values(16329,110,166,2131,'2013款 1.5L 手动5座时尚舒适型','2013款',5,0);
insert into t_car_model(cm_id ,cb_id,cbf_id, cs_id , cm_name,cm_type ,cm_order , cm_state) values(16330,110,166,2131,'2013款 1.5L 手动7座时尚舒适型','2013款',6,0);
insert into t_car_model(cm_id ,cb_id,cbf_id, cs_id , cm_name,cm_type ,cm_order , cm_state) values(16331,110,166,2131,'2013款 1.5L 手动5座时尚豪华型','2013款',7,0);
insert into t_car_model(cm_id ,cb_id,cbf_id, cs_id , cm_name,cm_type ,cm_order , cm_state) values(16332,110,166,2131,'2013款 1.5L 手动7座时尚豪华型','2013款',8,0);
insert into t_car_model(cm_id ,cb_id,cbf_id, cs_id , cm_name,cm_type ,cm_order , cm_state) values(16333,110,166,2131,'2013款 1.5L 自动5座时尚豪华型','2013款',9,0);
insert into t_car_model(cm_id ,cb_id,cbf_id, cs_id , cm_name,cm_type ,cm_order , cm_state) values(16334,110,166,2131,'2013款 1.5L 自动7座时尚豪华型','2013款',10,0);
insert into t_car_model(cm_id ,cb_id,cbf_id, cs_id , cm_name,cm_type ,cm_order , cm_state) values(7621,110,166,2131,'2011款 1.3L 手动5座舒适型','2011款',1,0);
insert into t_car_model(cm_id ,cb_id,cbf_id, cs_id , cm_name,cm_type ,cm_order , cm_state) values(9229,110,166,2131,'2011款 1.3L 手动7座舒适型','2011款',2,0);
insert into t_car_model(cm_id ,cb_id,cbf_id, cs_id , cm_name,cm_type ,cm_order , cm_state) values(9231,110,166,2131,'2011款 1.5L 手动5座导航版','2011款',3,0);
insert into t_car_model(cm_id ,cb_id,cbf_id, cs_id , cm_name,cm_type ,cm_order , cm_state) values(9233,110,166,2131,'2011款 1.5L 自动5座导航版','2011款',4,0);
insert into t_car_model(cm_id ,cb_id,cbf_id, cs_id , cm_name,cm_type ,cm_order , cm_state) values(10968,110,166,2131,'2011款 1.5L 自动5座精英导航版','2011款',5,0);
insert into t_car_model(cm_id ,cb_id,cbf_id, cs_id , cm_name,cm_type ,cm_order , cm_state) values(12009,110,166,2131,'2011款 1.5L 自动7座精英导航版','2011款',6,0);
insert into t_car_model(cm_id ,cb_id,cbf_id, cs_id , cm_name,cm_type ,cm_order , cm_state) values(10965,110,166,2131,'2011款 1.5L 手动5座都市精英版','2011款',7,0);
insert into t_car_model(cm_id ,cb_id,cbf_id, cs_id , cm_name,cm_type ,cm_order , cm_state) values(12006,110,166,2131,'2011款 1.5L 手动7座都市精英版','2011款',8,0);
insert into t_car_model(cm_id ,cb_id,cbf_id, cs_id , cm_name,cm_type ,cm_order , cm_state) values(10967,110,166,2131,'2011款 1.5L 自动5座都市精英版','2011款',9,0);
insert into t_car_model(cm_id ,cb_id,cbf_id, cs_id , cm_name,cm_type ,cm_order , cm_state) values(12008,110,166,2131,'2011款 1.5L 自动7座都市精英版','2011款',10,0);
insert into t_car_model(cm_id ,cb_id,cbf_id, cs_id , cm_name,cm_type ,cm_order , cm_state) values(10966,110,166,2131,'2011款 1.5L 手动5座舒适版','2011款',11,0);
insert into t_car_model(cm_id ,cb_id,cbf_id, cs_id , cm_name,cm_type ,cm_order , cm_state) values(12007,110,166,2131,'2011款 1.5L 手动7座舒适版','2011款',12,0);
insert into t_car_model(cm_id ,cb_id,cbf_id, cs_id , cm_name,cm_type ,cm_order , cm_state) values(9230,110,166,2131,'2011款 1.5L 手动5座豪华型','2011款',13,0);
insert into t_car_model(cm_id ,cb_id,cbf_id, cs_id , cm_name,cm_type ,cm_order , cm_state) values(12010,110,166,2131,'2011款 1.5L 手动7座豪华型','2011款',14,0);
insert into t_car_model(cm_id ,cb_id,cbf_id, cs_id , cm_name,cm_type ,cm_order , cm_state) values(9232,110,166,2131,'2011款 1.5L 自动5座豪华型','2011款',15,0);
insert into t_car_model(cm_id ,cb_id,cbf_id, cs_id , cm_name,cm_type ,cm_order , cm_state) values(12011,110,166,2131,'2011款 1.5L 自动7座豪华型','2011款',16,0);
insert into t_car_series(cs_id,cb_id,cbf_id,cs_name,cs_order,cs_letter) values(913,110,166,'森雅M80',3880,'S');
insert into t_car_model(cm_id ,cb_id,cbf_id, cs_id , cm_name,cm_type ,cm_order , cm_state) values(19548,110,166,913,'2014款 1.3L 手动5座超值版','2014款',1,0);
insert into t_car_model(cm_id ,cb_id,cbf_id, cs_id , cm_name,cm_type ,cm_order , cm_state) values(19549,110,166,913,'2014款 1.3L 手动7座超值版','2014款',2,0);
insert into t_car_model(cm_id ,cb_id,cbf_id, cs_id , cm_name,cm_type ,cm_order , cm_state) values(19550,110,166,913,'2014款 1.3L 手动5座幸福版','2014款',3,0);
insert into t_car_model(cm_id ,cb_id,cbf_id, cs_id , cm_name,cm_type ,cm_order , cm_state) values(19551,110,166,913,'2014款 1.3L 手动7座幸福版','2014款',4,0);
insert into t_car_model(cm_id ,cb_id,cbf_id, cs_id , cm_name,cm_type ,cm_order , cm_state) values(19552,110,166,913,'2014款 1.5L 手动5座幸福版','2014款',5,0);
insert into t_car_model(cm_id ,cb_id,cbf_id, cs_id , cm_name,cm_type ,cm_order , cm_state) values(19553,110,166,913,'2014款 1.5L 手动7座幸福版','2014款',6,0);
insert into t_car_model(cm_id ,cb_id,cbf_id, cs_id , cm_name,cm_type ,cm_order , cm_state) values(11196,110,166,913,'2011款 1.3L 手动5座','2011款',1,0);
insert into t_car_model(cm_id ,cb_id,cbf_id, cs_id , cm_name,cm_type ,cm_order , cm_state) values(11197,110,166,913,'2011款 1.3L 手动7座','2011款',2,0);
insert into t_car_model(cm_id ,cb_id,cbf_id, cs_id , cm_name,cm_type ,cm_order , cm_state) values(11198,110,166,913,'2011款 超值版 1.5L 手动7座','2011款',3,0);
insert into t_car_model(cm_id ,cb_id,cbf_id, cs_id , cm_name,cm_type ,cm_order , cm_state) values(10972,110,166,913,'2011款 超值版 1.5L 手动5座','2011款',4,0);
insert into t_car_model(cm_id ,cb_id,cbf_id, cs_id , cm_name,cm_type ,cm_order , cm_state) values(10971,110,166,913,'2011款 超值版 1.3L 手动7座','2011款',5,0);
insert into t_car_model(cm_id ,cb_id,cbf_id, cs_id , cm_name,cm_type ,cm_order , cm_state) values(13514,110,166,913,'2011款 超值版 1.3L 手动5座','2011款',6,0);
insert into t_car_model(cm_id ,cb_id,cbf_id, cs_id , cm_name,cm_type ,cm_order , cm_state) values(8785,110,166,913,'2009款 1.3L 手动5座特装版','2009款',1,0);
insert into t_car_model(cm_id ,cb_id,cbf_id, cs_id , cm_name,cm_type ,cm_order , cm_state) values(8786,110,166,913,'2009款 1.3L 手动7座特装版','2009款',2,0);
insert into t_car_model(cm_id ,cb_id,cbf_id, cs_id , cm_name,cm_type ,cm_order , cm_state) values(6020,110,166,913,'2009款 1.3L 手动5座标准型','2009款',3,0);
insert into t_car_model(cm_id ,cb_id,cbf_id, cs_id , cm_name,cm_type ,cm_order , cm_state) values(6024,110,166,913,'2009款 1.3L 手动7座标准型','2009款',4,0);
insert into t_car_model(cm_id ,cb_id,cbf_id, cs_id , cm_name,cm_type ,cm_order , cm_state) values(6021,110,166,913,'2009款 1.5L 手动5座标准型','2009款',5,0);
insert into t_car_model(cm_id ,cb_id,cbf_id, cs_id , cm_name,cm_type ,cm_order , cm_state) values(6025,110,166,913,'2009款 1.5L 手动7座标准型','2009款',6,0);
insert into t_car_model(cm_id ,cb_id,cbf_id, cs_id , cm_name,cm_type ,cm_order , cm_state) values(6022,110,166,913,'2009款 1.5L 手动5座舒适型','2009款',7,0);
insert into t_car_model(cm_id ,cb_id,cbf_id, cs_id , cm_name,cm_type ,cm_order , cm_state) values(6026,110,166,913,'2009款 1.5L 手动7座舒适型','2009款',8,0);
insert into t_car_model(cm_id ,cb_id,cbf_id, cs_id , cm_name,cm_type ,cm_order , cm_state) values(6023,110,166,913,'2009款 1.5L 自动5座豪华型','2009款',9,0);
insert into t_car_model(cm_id ,cb_id,cbf_id, cs_id , cm_name,cm_type ,cm_order , cm_state) values(6027,110,166,913,'2009款 1.5L 自动7座豪华型','2009款',10,0);
insert into t_car_series(cs_id,cb_id,cbf_id,cs_name,cs_order,cs_letter) values(2464,110,166,'佳宝V70',3881,'J');
insert into t_car_model(cm_id ,cb_id,cbf_id, cs_id , cm_name,cm_type ,cm_order , cm_state) values(1000100,110,166,2464,'2011款 1.3L舒适型CA4GA3','2011款',1,0);
insert into t_car_model(cm_id ,cb_id,cbf_id, cs_id , cm_name,cm_type ,cm_order , cm_state) values(1000102,110,166,2464,'2011款 1.3L豪华型CA4GA3','2011款',2,0);
insert into t_car_model(cm_id ,cb_id,cbf_id, cs_id , cm_name,cm_type ,cm_order , cm_state) values(1000096,110,166,2464,'2011款 1.0L标准型CF465Q4E2','2011款',3,0);
insert into t_car_model(cm_id ,cb_id,cbf_id, cs_id , cm_name,cm_type ,cm_order , cm_state) values(1000098,110,166,2464,'2011款 1.0L舒适型CF465Q4E2','2011款',4,0);
insert into t_car_model(cm_id ,cb_id,cbf_id, cs_id , cm_name,cm_type ,cm_order , cm_state) values(1000095,110,166,2464,'2011款 1.0L标准型DA465QA','2011款',5,0);
insert into t_car_model(cm_id ,cb_id,cbf_id, cs_id , cm_name,cm_type ,cm_order , cm_state) values(1000097,110,166,2464,'2011款 1.0L舒适型DA465QA','2011款',6,0);
insert into t_car_model(cm_id ,cb_id,cbf_id, cs_id , cm_name,cm_type ,cm_order , cm_state) values(1000099,110,166,2464,'2011款 1.3L舒适型CA4GA6','2011款',7,0);
insert into t_car_model(cm_id ,cb_id,cbf_id, cs_id , cm_name,cm_type ,cm_order , cm_state) values(1000101,110,166,2464,'2011款 1.3L豪华型CA4GA6','2011款',8,0);
insert into t_car_series(cs_id,cb_id,cbf_id,cs_name,cs_order,cs_letter) values(2870,110,166,'佳宝V70 II代',3882,'J');
insert into t_car_model(cm_id ,cb_id,cbf_id, cs_id , cm_name,cm_type ,cm_order , cm_state) values(1001205,110,166,2870,'2012款 1.0L标准型','2012款',1,0);
insert into t_car_model(cm_id ,cb_id,cbf_id, cs_id , cm_name,cm_type ,cm_order , cm_state) values(1001207,110,166,2870,'2012款 1.0L商用型','2012款',2,0);
insert into t_car_model(cm_id ,cb_id,cbf_id, cs_id , cm_name,cm_type ,cm_order , cm_state) values(1001208,110,166,2870,'2012款 1.0L舒适型','2012款',3,0);
insert into t_car_model(cm_id ,cb_id,cbf_id, cs_id , cm_name,cm_type ,cm_order , cm_state) values(1001206,110,166,2870,'2012款 1.3L标准型','2012款',4,0);
insert into t_car_model(cm_id ,cb_id,cbf_id, cs_id , cm_name,cm_type ,cm_order , cm_state) values(1001210,110,166,2870,'2012款 1.3L舒适型','2012款',5,0);
insert into t_car_model(cm_id ,cb_id,cbf_id, cs_id , cm_name,cm_type ,cm_order , cm_state) values(1001209,110,166,2870,'2012款 1.3L豪华型','2012款',6,0);
insert into t_car_brand_factory(cbf_id , cb_id , cbf_name ,cbf_letter) values(338,110,'一汽通用','Y');
insert into t_car_series(cs_id,cb_id,cbf_id,cs_name,cs_order,cs_letter) values(2603,110,338,'坤程',3883,'K');
insert into t_car_model(cm_id ,cb_id,cbf_id, cs_id , cm_name,cm_type ,cm_order , cm_state) values(1002752,110,338,2603,'2013款 2.2L标准型','2013款',1,0);
insert into t_car_model(cm_id ,cb_id,cbf_id, cs_id , cm_name,cm_type ,cm_order , cm_state) values(1002753,110,338,2603,'2013款 2.2L精英型','2013款',2,0);
insert into t_car_model(cm_id ,cb_id,cbf_id, cs_id , cm_name,cm_type ,cm_order , cm_state) values(1002754,110,338,2603,'2013款 2.2L豪华型','2013款',3,0);
insert into t_car_model(cm_id ,cb_id,cbf_id, cs_id , cm_name,cm_type ,cm_order , cm_state) values(1000835,110,338,2603,'2011款 2.2L精英型','2011款',1,0);
insert into t_car_model(cm_id ,cb_id,cbf_id, cs_id , cm_name,cm_type ,cm_order , cm_state) values(1000837,110,338,2603,'2011款 2.2L豪华型','2011款',2,0);
insert into t_car_model(cm_id ,cb_id,cbf_id, cs_id , cm_name,cm_type ,cm_order , cm_state) values(1000836,110,338,2603,'2011款 2.4T精英型','2011款',3,0);
insert into t_car_model(cm_id ,cb_id,cbf_id, cs_id , cm_name,cm_type ,cm_order , cm_state) values(1000838,110,338,2603,'2011款 2.4T豪华型','2011款',4,0);
