insert into t_car_brand_factory(cbf_id , cb_id , cbf_name ,cbf_letter) values(394,167,'江西五十铃','J');
insert into t_car_series(cs_id,cb_id,cbf_id,cs_name,cs_order,cs_letter) values(3576,167,394,'mu-X牧游侠',3580,'M');
insert into t_car_model(cm_id ,cb_id,cbf_id, cs_id , cm_name,cm_type ,cm_order , cm_state) values(33182,167,394,3576,'2018款 1.9T 自动两驱劲悦版 5座','2018款',1,0);
insert into t_car_model(cm_id ,cb_id,cbf_id, cs_id , cm_name,cm_type ,cm_order , cm_state) values(33183,167,394,3576,'2018款 1.9T 自动两驱劲悦版 7座','2018款',2,0);
insert into t_car_model(cm_id ,cb_id,cbf_id, cs_id , cm_name,cm_type ,cm_order , cm_state) values(33184,167,394,3576,'2018款 1.9T 自动两驱劲享版 5座','2018款',3,0);
insert into t_car_model(cm_id ,cb_id,cbf_id, cs_id , cm_name,cm_type ,cm_order , cm_state) values(33185,167,394,3576,'2018款 1.9T 自动两驱劲享版 7座','2018款',4,0);
insert into t_car_model(cm_id ,cb_id,cbf_id, cs_id , cm_name,cm_type ,cm_order , cm_state) values(33186,167,394,3576,'2018款 1.9T 自动四驱劲悦版 5座','2018款',5,0);
insert into t_car_model(cm_id ,cb_id,cbf_id, cs_id , cm_name,cm_type ,cm_order , cm_state) values(33187,167,394,3576,'2018款 1.9T 自动四驱劲悦版 7座','2018款',6,0);
insert into t_car_model(cm_id ,cb_id,cbf_id, cs_id , cm_name,cm_type ,cm_order , cm_state) values(33188,167,394,3576,'2018款 1.9T 自动四驱劲享版 5座','2018款',7,0);
insert into t_car_model(cm_id ,cb_id,cbf_id, cs_id , cm_name,cm_type ,cm_order , cm_state) values(33189,167,394,3576,'2018款 1.9T 自动四驱劲享版 7座','2018款',8,0);
insert into t_car_model(cm_id ,cb_id,cbf_id, cs_id , cm_name,cm_type ,cm_order , cm_state) values(35189,167,394,3576,'2018款 1.9T 自动四驱X-POWER版 5座','2018款',9,0);
insert into t_car_model(cm_id ,cb_id,cbf_id, cs_id , cm_name,cm_type ,cm_order , cm_state) values(34922,167,394,3576,'2018款 1.9T 自动四驱X-POWER版 7座','2018款',10,0);
insert into t_car_model(cm_id ,cb_id,cbf_id, cs_id , cm_name,cm_type ,cm_order , cm_state) values(33190,167,394,3576,'2018款 3.0T 自动四驱劲悦版 5座','2018款',11,0);
insert into t_car_model(cm_id ,cb_id,cbf_id, cs_id , cm_name,cm_type ,cm_order , cm_state) values(33191,167,394,3576,'2018款 3.0T 自动四驱劲悦版 7座','2018款',12,0);
insert into t_car_model(cm_id ,cb_id,cbf_id, cs_id , cm_name,cm_type ,cm_order , cm_state) values(33192,167,394,3576,'2018款 3.0T 手动四驱劲擎版 5座','2018款',13,0);
insert into t_car_model(cm_id ,cb_id,cbf_id, cs_id , cm_name,cm_type ,cm_order , cm_state) values(33193,167,394,3576,'2018款 3.0T 自动四驱劲享版 5座','2018款',14,0);
insert into t_car_model(cm_id ,cb_id,cbf_id, cs_id , cm_name,cm_type ,cm_order , cm_state) values(33194,167,394,3576,'2018款 3.0T 自动四驱劲享版 7座','2018款',15,0);
insert into t_car_model(cm_id ,cb_id,cbf_id, cs_id , cm_name,cm_type ,cm_order , cm_state) values(35190,167,394,3576,'2018款 3.0T 自动四驱X-POWER版 5座','2018款',16,0);
insert into t_car_model(cm_id ,cb_id,cbf_id, cs_id , cm_name,cm_type ,cm_order , cm_state) values(35191,167,394,3576,'2018款 3.0T 自动四驱X-POWER版 7座','2018款',17,0);
insert into t_car_model(cm_id ,cb_id,cbf_id, cs_id , cm_name,cm_type ,cm_order , cm_state) values(34812,167,394,3576,'2018款 1.9T 自动两驱劲速版 5座','2018款',18,0);
insert into t_car_model(cm_id ,cb_id,cbf_id, cs_id , cm_name,cm_type ,cm_order , cm_state) values(34811,167,394,3576,'2018款 1.9T 自动四驱劲速版 5座','2018款',19,0);
insert into t_car_model(cm_id ,cb_id,cbf_id, cs_id , cm_name,cm_type ,cm_order , cm_state) values(34813,167,394,3576,'2018款 3.0T 自动四驱劲速版 5座','2018款',20,0);
insert into t_car_model(cm_id ,cb_id,cbf_id, cs_id , cm_name,cm_type ,cm_order , cm_state) values(27365,167,394,3576,'2017款 2.5T 两驱手动畅游型 5座','2017款',1,0);
insert into t_car_model(cm_id ,cb_id,cbf_id, cs_id , cm_name,cm_type ,cm_order , cm_state) values(27366,167,394,3576,'2017款 2.5T 两驱手动畅游型 7座','2017款',2,0);
insert into t_car_model(cm_id ,cb_id,cbf_id, cs_id , cm_name,cm_type ,cm_order , cm_state) values(27367,167,394,3576,'2017款 2.5T 两驱自动畅游型 5座','2017款',3,0);
insert into t_car_model(cm_id ,cb_id,cbf_id, cs_id , cm_name,cm_type ,cm_order , cm_state) values(27368,167,394,3576,'2017款 2.5T 两驱自动畅游型 7座','2017款',4,0);
insert into t_car_model(cm_id ,cb_id,cbf_id, cs_id , cm_name,cm_type ,cm_order , cm_state) values(27369,167,394,3576,'2017款 2.5T 四驱自动畅游型 5座','2017款',5,0);
insert into t_car_model(cm_id ,cb_id,cbf_id, cs_id , cm_name,cm_type ,cm_order , cm_state) values(27370,167,394,3576,'2017款 2.5T 四驱自动畅游型 7座','2017款',6,0);
insert into t_car_model(cm_id ,cb_id,cbf_id, cs_id , cm_name,cm_type ,cm_order , cm_state) values(27371,167,394,3576,'2017款 2.5T 两驱自动尊享型 5座','2017款',7,0);
insert into t_car_model(cm_id ,cb_id,cbf_id, cs_id , cm_name,cm_type ,cm_order , cm_state) values(27372,167,394,3576,'2017款 2.5T 两驱自动尊享型 7座','2017款',8,0);
insert into t_car_model(cm_id ,cb_id,cbf_id, cs_id , cm_name,cm_type ,cm_order , cm_state) values(27373,167,394,3576,'2017款 2.5T 四驱自动尊享型 5座','2017款',9,0);
insert into t_car_model(cm_id ,cb_id,cbf_id, cs_id , cm_name,cm_type ,cm_order , cm_state) values(26926,167,394,3576,'2017款  2.5T 四驱自动尊享型 7座','2017款',10,0);
insert into t_car_model(cm_id ,cb_id,cbf_id, cs_id , cm_name,cm_type ,cm_order , cm_state) values(27374,167,394,3576,'2017款 3.0T 四驱手动探索型 5座 国IV','2017款',11,0);
insert into t_car_model(cm_id ,cb_id,cbf_id, cs_id , cm_name,cm_type ,cm_order , cm_state) values(27375,167,394,3576,'2017款 3.0T 四驱自动尊享型 5座 国IV','2017款',12,0);
insert into t_car_model(cm_id ,cb_id,cbf_id, cs_id , cm_name,cm_type ,cm_order , cm_state) values(27376,167,394,3576,'2017款 3.0T 四驱自动尊享型 7座 国IV','2017款',13,0);
insert into t_car_model(cm_id ,cb_id,cbf_id, cs_id , cm_name,cm_type ,cm_order , cm_state) values(28461,167,394,3576,'2017款 3.0T 两驱自动畅游型 5座 国V','2017款',14,0);
insert into t_car_model(cm_id ,cb_id,cbf_id, cs_id , cm_name,cm_type ,cm_order , cm_state) values(28462,167,394,3576,'2017款 3.0T 两驱自动畅游型 7座 国V','2017款',15,0);
insert into t_car_model(cm_id ,cb_id,cbf_id, cs_id , cm_name,cm_type ,cm_order , cm_state) values(28463,167,394,3576,'2017款 3.0T 两驱自动尊享型 5座 国V','2017款',16,0);
insert into t_car_model(cm_id ,cb_id,cbf_id, cs_id , cm_name,cm_type ,cm_order , cm_state) values(28464,167,394,3576,'2017款 3.0T 两驱自动尊享型 7座 国V','2017款',17,0);
insert into t_car_model(cm_id ,cb_id,cbf_id, cs_id , cm_name,cm_type ,cm_order , cm_state) values(28465,167,394,3576,'2017款 3.0T 四驱手动探索型 5座 国V','2017款',18,0);
insert into t_car_model(cm_id ,cb_id,cbf_id, cs_id , cm_name,cm_type ,cm_order , cm_state) values(28466,167,394,3576,'2017款 3.0T 四驱自动尊享型 5座 国V','2017款',19,0);
insert into t_car_model(cm_id ,cb_id,cbf_id, cs_id , cm_name,cm_type ,cm_order , cm_state) values(28467,167,394,3576,'2017款 3.0T 四驱自动尊享型 7座 国V','2017款',20,0);
insert into t_car_model(cm_id ,cb_id,cbf_id, cs_id , cm_name,cm_type ,cm_order , cm_state) values(22560,167,394,3576,'2015款 2.5T 两驱手动畅游型 5座','2015款',1,0);
insert into t_car_model(cm_id ,cb_id,cbf_id, cs_id , cm_name,cm_type ,cm_order , cm_state) values(25265,167,394,3576,'2015款 2.5T 两驱手动畅游型 7座','2015款',2,0);
insert into t_car_model(cm_id ,cb_id,cbf_id, cs_id , cm_name,cm_type ,cm_order , cm_state) values(24135,167,394,3576,'2015款 2.5T 两驱自动畅游型 5座','2015款',3,0);
insert into t_car_model(cm_id ,cb_id,cbf_id, cs_id , cm_name,cm_type ,cm_order , cm_state) values(22561,167,394,3576,'2015款 2.5T 两驱自动畅游型 7座','2015款',4,0);
insert into t_car_model(cm_id ,cb_id,cbf_id, cs_id , cm_name,cm_type ,cm_order , cm_state) values(24136,167,394,3576,'2015款 2.5T 四驱自动畅游型 5座','2015款',5,0);
insert into t_car_model(cm_id ,cb_id,cbf_id, cs_id , cm_name,cm_type ,cm_order , cm_state) values(22562,167,394,3576,'2015款 2.5T 四驱自动畅游型 7座','2015款',6,0);
insert into t_car_model(cm_id ,cb_id,cbf_id, cs_id , cm_name,cm_type ,cm_order , cm_state) values(24137,167,394,3576,'2015款 2.5T 两驱自动尊享型 5座','2015款',7,0);
insert into t_car_model(cm_id ,cb_id,cbf_id, cs_id , cm_name,cm_type ,cm_order , cm_state) values(22563,167,394,3576,'2015款 2.5T 两驱自动尊享型 7座','2015款',8,0);
insert into t_car_model(cm_id ,cb_id,cbf_id, cs_id , cm_name,cm_type ,cm_order , cm_state) values(24138,167,394,3576,'2015款 2.5T 四驱自动尊享型 5座','2015款',9,0);
insert into t_car_model(cm_id ,cb_id,cbf_id, cs_id , cm_name,cm_type ,cm_order , cm_state) values(22564,167,394,3576,'2015款 2.5T 四驱自动尊享型 7座','2015款',10,0);
insert into t_car_model(cm_id ,cb_id,cbf_id, cs_id , cm_name,cm_type ,cm_order , cm_state) values(22565,167,394,3576,'2015款 3.0T 四驱手动探索型 5座','2015款',11,0);
insert into t_car_model(cm_id ,cb_id,cbf_id, cs_id , cm_name,cm_type ,cm_order , cm_state) values(24139,167,394,3576,'2015款 3.0T 四驱自动尊享型 5座','2015款',12,0);
insert into t_car_model(cm_id ,cb_id,cbf_id, cs_id , cm_name,cm_type ,cm_order , cm_state) values(19908,167,394,3576,'2015款 3.0T 四驱自动尊享型 7座','2015款',13,0);
insert into t_car_series(cs_id,cb_id,cbf_id,cs_name,cs_order,cs_letter) values(3562,167,394,'D-MAX',3581,'D');
insert into t_car_model(cm_id ,cb_id,cbf_id, cs_id , cm_name,cm_type ,cm_order , cm_state) values(1007553,167,394,3562,'2019款 3.0T两驱手动基本型4JJ1-TC HI','2019款',1,0);
insert into t_car_model(cm_id ,cb_id,cbf_id, cs_id , cm_name,cm_type ,cm_order , cm_state) values(1007552,167,394,3562,'2019款 3.0T两驱自动精英型4JJ1-TC HI','2019款',2,0);
insert into t_car_model(cm_id ,cb_id,cbf_id, cs_id , cm_name,cm_type ,cm_order , cm_state) values(1007551,167,394,3562,'2019款 3.0T四驱手动基本型4JJ1-TC HI','2019款',3,0);
insert into t_car_model(cm_id ,cb_id,cbf_id, cs_id , cm_name,cm_type ,cm_order , cm_state) values(1007550,167,394,3562,'2019款 3.0T四驱自动精英型4JJ1-TC HI','2019款',4,0);
insert into t_car_model(cm_id ,cb_id,cbf_id, cs_id , cm_name,cm_type ,cm_order , cm_state) values(1007549,167,394,3562,'2019款 3.0T四驱手动豪华型4JJ1-TC HI','2019款',5,0);
insert into t_car_model(cm_id ,cb_id,cbf_id, cs_id , cm_name,cm_type ,cm_order , cm_state) values(1007554,167,394,3562,'2019款 3.0T四驱自动超豪华型4JJ1-TC HI','2019款',6,0);
insert into t_car_model(cm_id ,cb_id,cbf_id, cs_id , cm_name,cm_type ,cm_order , cm_state) values(1004855,167,394,3562,'2018款 3.0T两驱手动基本型4JJ1-TC HI','2018款',1,0);
insert into t_car_model(cm_id ,cb_id,cbf_id, cs_id , cm_name,cm_type ,cm_order , cm_state) values(1004854,167,394,3562,'2018款 3.0T两驱自动精英型4JJ1-TC HI','2018款',2,0);
insert into t_car_model(cm_id ,cb_id,cbf_id, cs_id , cm_name,cm_type ,cm_order , cm_state) values(1004853,167,394,3562,'2018款 3.0T四驱手动基本型4JJ1-TC HI','2018款',3,0);
insert into t_car_model(cm_id ,cb_id,cbf_id, cs_id , cm_name,cm_type ,cm_order , cm_state) values(1006363,167,394,3562,'2018款 3.0T四驱自动精英款4JJ1-TC HI','2018款',4,0);
insert into t_car_model(cm_id ,cb_id,cbf_id, cs_id , cm_name,cm_type ,cm_order , cm_state) values(1006028,167,394,3562,'2018款 3.0T四驱手动豪华款4JJ1-TC HI','2018款',5,0);
insert into t_car_model(cm_id ,cb_id,cbf_id, cs_id , cm_name,cm_type ,cm_order , cm_state) values(1004852,167,394,3562,'2018款 3.0T四驱自动超豪华型4JJ1-TC HI','2018款',6,0);
insert into t_car_model(cm_id ,cb_id,cbf_id, cs_id , cm_name,cm_type ,cm_order , cm_state) values(1006581,167,394,3562,'2018款 3.0T四驱自动单排超豪华型4JJ1-TC HI','2018款',7,0);
insert into t_car_model(cm_id ,cb_id,cbf_id, cs_id , cm_name,cm_type ,cm_order , cm_state) values(1006603,167,394,3562,'2018款 3.0T四驱手动X-POWER版4JJ1-TC HI','2018款',8,0);
insert into t_car_model(cm_id ,cb_id,cbf_id, cs_id , cm_name,cm_type ,cm_order , cm_state) values(1006497,167,394,3562,'2018款 3.0T四驱自动X-POWER版4JJ1-TC HI','2018款',9,0);
insert into t_car_model(cm_id ,cb_id,cbf_id, cs_id , cm_name,cm_type ,cm_order , cm_state) values(1003077,167,394,3562,'2015款 2.5T两驱手动基本型4JK1','2015款',1,0);
insert into t_car_model(cm_id ,cb_id,cbf_id, cs_id , cm_name,cm_type ,cm_order , cm_state) values(1003079,167,394,3562,'2015款 2.5T四驱手动基本型4JK1','2015款',2,0);
insert into t_car_model(cm_id ,cb_id,cbf_id, cs_id , cm_name,cm_type ,cm_order , cm_state) values(1003076,167,394,3562,'2015款 2.5T两驱手动豪华型4JK1','2015款',3,0);
insert into t_car_model(cm_id ,cb_id,cbf_id, cs_id , cm_name,cm_type ,cm_order , cm_state) values(1003080,167,394,3562,'2015款 2.5T四驱手动豪华型4JK1','2015款',4,0);
insert into t_car_model(cm_id ,cb_id,cbf_id, cs_id , cm_name,cm_type ,cm_order , cm_state) values(1003078,167,394,3562,'2015款 2.5T两驱手动高通过基本型4JK1','2015款',5,0);
insert into t_car_model(cm_id ,cb_id,cbf_id, cs_id , cm_name,cm_type ,cm_order , cm_state) values(1003641,167,394,3562,'2015款 2.5T两驱自动高通过精英型4JK1','2015款',6,0);
insert into t_car_model(cm_id ,cb_id,cbf_id, cs_id , cm_name,cm_type ,cm_order , cm_state) values(1003081,167,394,3562,'2015款 2.5T四驱自动超豪华型4JK1','2015款',7,0);
insert into t_car_series(cs_id,cb_id,cbf_id,cs_name,cs_order,cs_letter) values(4775,167,394,'铃拓',3582,'L');
insert into t_car_model(cm_id ,cb_id,cbf_id, cs_id , cm_name,cm_type ,cm_order , cm_state) values(1008570,167,394,4775,'2019款 2.5T四驱手动旗舰版 国VI 加长版JE4D25Q6A','2019款',1,0);
insert into t_car_model(cm_id ,cb_id,cbf_id, cs_id , cm_name,cm_type ,cm_order , cm_state) values(1008574,167,394,4775,'2019款 2.5T四驱手动领航版 国VI 加长版JE4D25Q6A','2019款',2,0);
insert into t_car_model(cm_id ,cb_id,cbf_id, cs_id , cm_name,cm_type ,cm_order , cm_state) values(1008581,167,394,4775,'2019款 2.5T两驱手动领航版 国VI JE4D25Q6A','2019款',3,0);
insert into t_car_model(cm_id ,cb_id,cbf_id, cs_id , cm_name,cm_type ,cm_order , cm_state) values(1008582,167,394,4775,'2019款 2.5T两驱手动领航版 国VI 加长版JE4D25Q6A','2019款',4,0);
insert into t_car_model(cm_id ,cb_id,cbf_id, cs_id , cm_name,cm_type ,cm_order , cm_state) values(1008569,167,394,4775,'2019款 2.5T四驱手动旗舰版 国VI JE4D25Q6A','2019款',5,0);
insert into t_car_model(cm_id ,cb_id,cbf_id, cs_id , cm_name,cm_type ,cm_order , cm_state) values(1008577,167,394,4775,'2019款 2.5T两驱手动旗舰版 国VI JE4D25Q6A','2019款',6,0);
insert into t_car_model(cm_id ,cb_id,cbf_id, cs_id , cm_name,cm_type ,cm_order , cm_state) values(1008578,167,394,4775,'2019款 2.5T两驱手动旗舰版 国VI 加长版JE4D25Q6A','2019款',7,0);
insert into t_car_model(cm_id ,cb_id,cbf_id, cs_id , cm_name,cm_type ,cm_order , cm_state) values(1008573,167,394,4775,'2019款 2.5T四驱手动领航版 国VI JE4D25Q6A','2019款',8,0);
insert into t_car_model(cm_id ,cb_id,cbf_id, cs_id , cm_name,cm_type ,cm_order , cm_state) values(1007588,167,394,4775,'2019款 2.5T两驱手动基本款JE4D25Q5A','2019款',9,0);
insert into t_car_model(cm_id ,cb_id,cbf_id, cs_id , cm_name,cm_type ,cm_order , cm_state) values(1007877,167,394,4775,'2019款 2.5T两驱自动基本款JE4D25Q5A','2019款',10,0);
insert into t_car_model(cm_id ,cb_id,cbf_id, cs_id , cm_name,cm_type ,cm_order , cm_state) values(1007587,167,394,4775,'2019款 2.5T两驱手动豪华款JE4D25Q5A','2019款',11,0);
insert into t_car_model(cm_id ,cb_id,cbf_id, cs_id , cm_name,cm_type ,cm_order , cm_state) values(1007586,167,394,4775,'2019款 2.5T两驱自动豪华款JE4D25Q5A','2019款',12,0);
insert into t_car_model(cm_id ,cb_id,cbf_id, cs_id , cm_name,cm_type ,cm_order , cm_state) values(1007585,167,394,4775,'2019款 2.5T四驱手动基本款JE4D25Q5A','2019款',13,0);
insert into t_car_model(cm_id ,cb_id,cbf_id, cs_id , cm_name,cm_type ,cm_order , cm_state) values(1007876,167,394,4775,'2019款 2.5T四驱自动基本款JE4D25Q5A','2019款',14,0);
insert into t_car_model(cm_id ,cb_id,cbf_id, cs_id , cm_name,cm_type ,cm_order , cm_state) values(1007584,167,394,4775,'2019款 2.5T四驱手动豪华款JE4D25Q5A','2019款',15,0);
insert into t_car_model(cm_id ,cb_id,cbf_id, cs_id , cm_name,cm_type ,cm_order , cm_state) values(1007583,167,394,4775,'2019款 2.5T四驱自动豪华款JE4D25Q5A','2019款',16,0);
insert into t_car_model(cm_id ,cb_id,cbf_id, cs_id , cm_name,cm_type ,cm_order , cm_state) values(1007582,167,394,4775,'2019款 2.5T两驱手动基本款加长版JE4D25Q5A','2019款',17,0);
insert into t_car_model(cm_id ,cb_id,cbf_id, cs_id , cm_name,cm_type ,cm_order , cm_state) values(1007875,167,394,4775,'2019款 2.5T两驱自动基本款加长版JE4D25Q5A','2019款',18,0);
insert into t_car_model(cm_id ,cb_id,cbf_id, cs_id , cm_name,cm_type ,cm_order , cm_state) values(1007581,167,394,4775,'2019款 2.5T两驱手动豪华款加长版JE4D25Q5A','2019款',19,0);
insert into t_car_model(cm_id ,cb_id,cbf_id, cs_id , cm_name,cm_type ,cm_order , cm_state) values(1007580,167,394,4775,'2019款 2.5T两驱自动豪华款加长版JE4D25Q5A','2019款',20,0);
insert into t_car_model(cm_id ,cb_id,cbf_id, cs_id , cm_name,cm_type ,cm_order , cm_state) values(1007579,167,394,4775,'2019款 2.5T四驱手动基本款加长版JE4D25Q5A','2019款',21,0);
insert into t_car_model(cm_id ,cb_id,cbf_id, cs_id , cm_name,cm_type ,cm_order , cm_state) values(1007874,167,394,4775,'2019款 2.5T四驱自动基本款加长版JE4D25Q5A','2019款',22,0);
insert into t_car_model(cm_id ,cb_id,cbf_id, cs_id , cm_name,cm_type ,cm_order , cm_state) values(1007578,167,394,4775,'2019款 2.5T四驱手动豪华款加长版JE4D25Q5A','2019款',23,0);
insert into t_car_model(cm_id ,cb_id,cbf_id, cs_id , cm_name,cm_type ,cm_order , cm_state) values(1007577,167,394,4775,'2019款 2.5T四驱自动豪华款加长版JE4D25Q5A','2019款',24,0);
insert into t_car_model(cm_id ,cb_id,cbf_id, cs_id , cm_name,cm_type ,cm_order , cm_state) values(1008568,167,394,4775,'2019款 2.5T四驱自动旗舰版 国VI 加长版JE4D25Q6A','2019款',25,0);
insert into t_car_model(cm_id ,cb_id,cbf_id, cs_id , cm_name,cm_type ,cm_order , cm_state) values(1008571,167,394,4775,'2019款 2.5T四驱自动领航版 国VI JE4D25Q6A','2019款',26,0);
insert into t_car_model(cm_id ,cb_id,cbf_id, cs_id , cm_name,cm_type ,cm_order , cm_state) values(1008579,167,394,4775,'2019款 2.5T两驱自动领航版 国VI JE4D25Q6A','2019款',27,0);
insert into t_car_model(cm_id ,cb_id,cbf_id, cs_id , cm_name,cm_type ,cm_order , cm_state) values(1008580,167,394,4775,'2019款 2.5T两驱自动领航版 国VI 加长版JE4D25Q6A','2019款',28,0);
insert into t_car_model(cm_id ,cb_id,cbf_id, cs_id , cm_name,cm_type ,cm_order , cm_state) values(1008567,167,394,4775,'2019款 2.5T四驱自动旗舰版 国VI JE4D25Q6A','2019款',29,0);
insert into t_car_model(cm_id ,cb_id,cbf_id, cs_id , cm_name,cm_type ,cm_order , cm_state) values(1008576,167,394,4775,'2019款 2.5T两驱自动旗舰版 国VI 加长版JE4D25Q6A','2019款',30,0);
insert into t_car_model(cm_id ,cb_id,cbf_id, cs_id , cm_name,cm_type ,cm_order , cm_state) values(1008572,167,394,4775,'2019款 2.5T四驱自动领航版 国VI 加长版JE4D25Q6A','2019款',31,0);
insert into t_car_model(cm_id ,cb_id,cbf_id, cs_id , cm_name,cm_type ,cm_order , cm_state) values(1008575,167,394,4775,'2019款 2.5T两驱自动旗舰版 国VI JE4D25Q6A','2019款',32,0);
insert into t_car_model(cm_id ,cb_id,cbf_id, cs_id , cm_name,cm_type ,cm_order , cm_state) values(1006281,167,394,4775,'2018款 2.5T两驱基本款JE4D25Q5A','2018款',1,0);
insert into t_car_model(cm_id ,cb_id,cbf_id, cs_id , cm_name,cm_type ,cm_order , cm_state) values(1006278,167,394,4775,'2018款 2.5T两驱豪华款JE4D25Q5A','2018款',2,0);
insert into t_car_model(cm_id ,cb_id,cbf_id, cs_id , cm_name,cm_type ,cm_order , cm_state) values(1006471,167,394,4775,'2018款 2.5T两驱领航版JE4D25Q5A','2018款',3,0);
insert into t_car_model(cm_id ,cb_id,cbf_id, cs_id , cm_name,cm_type ,cm_order , cm_state) values(1006280,167,394,4775,'2018款 2.5T四驱基本款JE4D25Q5A','2018款',4,0);
insert into t_car_model(cm_id ,cb_id,cbf_id, cs_id , cm_name,cm_type ,cm_order , cm_state) values(1006279,167,394,4775,'2018款 2.5T四驱豪华款JE4D25Q5A','2018款',5,0);
insert into t_car_model(cm_id ,cb_id,cbf_id, cs_id , cm_name,cm_type ,cm_order , cm_state) values(1006470,167,394,4775,'2018款 2.5T四驱领航版JE4D25Q5A','2018款',6,0);
insert into t_car_model(cm_id ,cb_id,cbf_id, cs_id , cm_name,cm_type ,cm_order , cm_state) values(1006688,167,394,4775,'2018款 2.5T两驱基本款加长版JE4D25Q5A','2018款',7,0);
insert into t_car_model(cm_id ,cb_id,cbf_id, cs_id , cm_name,cm_type ,cm_order , cm_state) values(1006687,167,394,4775,'2018款 2.5T两驱豪华款加长版JE4D25Q5A','2018款',8,0);
insert into t_car_model(cm_id ,cb_id,cbf_id, cs_id , cm_name,cm_type ,cm_order , cm_state) values(1006686,167,394,4775,'2018款 2.5T四驱基本款加长版JE4D25Q5A','2018款',9,0);
insert into t_car_model(cm_id ,cb_id,cbf_id, cs_id , cm_name,cm_type ,cm_order , cm_state) values(1006685,167,394,4775,'2018款 2.5T四驱豪华款加长版JE4D25Q5A','2018款',10,0);
insert into t_car_series(cs_id,cb_id,cbf_id,cs_name,cs_order,cs_letter) values(3935,167,394,'瑞迈',3583,'R');
insert into t_car_model(cm_id ,cb_id,cbf_id, cs_id , cm_name,cm_type ,cm_order , cm_state) values(1008348,167,394,3935,'2019款 2.5T两驱柴油领航国VI瑞迈S标轴版JE4D25Q6A','2019款',1,0);
insert into t_car_model(cm_id ,cb_id,cbf_id, cs_id , cm_name,cm_type ,cm_order , cm_state) values(1008344,167,394,3935,'2019款 2.5T两驱柴油旗舰国VI瑞迈S标轴版JE4D25Q6A','2019款',2,0);
insert into t_car_model(cm_id ,cb_id,cbf_id, cs_id , cm_name,cm_type ,cm_order , cm_state) values(1008340,167,394,3935,'2019款 2.5T四驱柴油领航国VI瑞迈S标轴版JE4D25Q6A','2019款',3,0);
insert into t_car_model(cm_id ,cb_id,cbf_id, cs_id , cm_name,cm_type ,cm_order , cm_state) values(1008354,167,394,3935,'2019款 2.5T四驱柴油旗舰国VI瑞迈S标轴版JE4D25Q6A','2019款',4,0);
insert into t_car_model(cm_id ,cb_id,cbf_id, cs_id , cm_name,cm_type ,cm_order , cm_state) values(1008332,167,394,3935,'2019款 2.4T两驱汽油领航国VI瑞迈S标轴版4K22D4T','2019款',5,0);
insert into t_car_model(cm_id ,cb_id,cbf_id, cs_id , cm_name,cm_type ,cm_order , cm_state) values(1008346,167,394,3935,'2019款 2.4T两驱汽油旗舰国VI瑞迈S标轴版4K22D4T','2019款',6,0);
insert into t_car_model(cm_id ,cb_id,cbf_id, cs_id , cm_name,cm_type ,cm_order , cm_state) values(1008342,167,394,3935,'2019款 2.4T四驱汽油领航国VI瑞迈S标轴版4K22D4T','2019款',7,0);
insert into t_car_model(cm_id ,cb_id,cbf_id, cs_id , cm_name,cm_type ,cm_order , cm_state) values(1008338,167,394,3935,'2019款 2.4T四驱汽油旗舰国VI瑞迈S标轴版4K22D4T','2019款',8,0);
insert into t_car_model(cm_id ,cb_id,cbf_id, cs_id , cm_name,cm_type ,cm_order , cm_state) values(1008349,167,394,3935,'2019款 2.5T两驱柴油领航国VI瑞迈S加长版JE4D25Q6A','2019款',9,0);
insert into t_car_model(cm_id ,cb_id,cbf_id, cs_id , cm_name,cm_type ,cm_order , cm_state) values(1008345,167,394,3935,'2019款 2.5T两驱柴油旗舰国VI瑞迈S加长版JE4D25Q6A','2019款',10,0);
insert into t_car_model(cm_id ,cb_id,cbf_id, cs_id , cm_name,cm_type ,cm_order , cm_state) values(1008341,167,394,3935,'2019款 2.5T四驱柴油领航国VI瑞迈S加长版JE4D25Q6A','2019款',11,0);
insert into t_car_model(cm_id ,cb_id,cbf_id, cs_id , cm_name,cm_type ,cm_order , cm_state) values(1008355,167,394,3935,'2019款 2.5T四驱柴油旗舰国VI瑞迈S加长版JE4D25Q6A','2019款',12,0);
insert into t_car_model(cm_id ,cb_id,cbf_id, cs_id , cm_name,cm_type ,cm_order , cm_state) values(1008333,167,394,3935,'2019款 2.4T两驱汽油领航国VI瑞迈S加长版4K22D4T','2019款',13,0);
insert into t_car_model(cm_id ,cb_id,cbf_id, cs_id , cm_name,cm_type ,cm_order , cm_state) values(1008347,167,394,3935,'2019款 2.4T两驱汽油旗舰国VI瑞迈S加长版4K22D4T','2019款',14,0);
insert into t_car_model(cm_id ,cb_id,cbf_id, cs_id , cm_name,cm_type ,cm_order , cm_state) values(1008343,167,394,3935,'2019款 2.4T四驱汽油领航国VI瑞迈S加长版4K22D4T','2019款',15,0);
insert into t_car_model(cm_id ,cb_id,cbf_id, cs_id , cm_name,cm_type ,cm_order , cm_state) values(1008339,167,394,3935,'2019款 2.4T四驱汽油旗舰国VI瑞迈S加长版4K22D4T','2019款',16,0);
insert into t_car_model(cm_id ,cb_id,cbf_id, cs_id , cm_name,cm_type ,cm_order , cm_state) values(1007603,167,394,3935,'2019款 2.5T两驱柴油豪华款瑞迈S标轴版JE4D25Q5A','2019款',17,0);
insert into t_car_model(cm_id ,cb_id,cbf_id, cs_id , cm_name,cm_type ,cm_order , cm_state) values(1007601,167,394,3935,'2019款 2.5T两驱柴油超豪华款瑞迈S标轴版JE4D25Q5A','2019款',18,0);
insert into t_car_model(cm_id ,cb_id,cbf_id, cs_id , cm_name,cm_type ,cm_order , cm_state) values(1007599,167,394,3935,'2019款 2.5T四驱柴油豪华款瑞迈S标轴版JE4D25Q5A','2019款',19,0);
insert into t_car_model(cm_id ,cb_id,cbf_id, cs_id , cm_name,cm_type ,cm_order , cm_state) values(1007597,167,394,3935,'2019款 2.5T四驱柴油超豪华款瑞迈S标轴版JE4D25Q5A','2019款',20,0);
insert into t_car_model(cm_id ,cb_id,cbf_id, cs_id , cm_name,cm_type ,cm_order , cm_state) values(1007604,167,394,3935,'2019款 2.5T两驱柴油豪华款瑞迈S加长版JE4D25Q5A','2019款',21,0);
insert into t_car_model(cm_id ,cb_id,cbf_id, cs_id , cm_name,cm_type ,cm_order , cm_state) values(1007602,167,394,3935,'2019款 2.5T两驱柴油超豪华款瑞迈S加长版JE4D25Q5A','2019款',22,0);
insert into t_car_model(cm_id ,cb_id,cbf_id, cs_id , cm_name,cm_type ,cm_order , cm_state) values(1007600,167,394,3935,'2019款 2.5T四驱柴油豪华款瑞迈S加长版JE4D25Q5A','2019款',23,0);
insert into t_car_model(cm_id ,cb_id,cbf_id, cs_id , cm_name,cm_type ,cm_order , cm_state) values(1007598,167,394,3935,'2019款 2.5T四驱柴油超豪华款瑞迈S加长版JE4D25Q5A','2019款',24,0);
insert into t_car_model(cm_id ,cb_id,cbf_id, cs_id , cm_name,cm_type ,cm_order , cm_state) values(1007595,167,394,3935,'2019款 2.0T两驱汽油豪华款瑞迈S标轴版4K21D4T','2019款',25,0);
insert into t_car_model(cm_id ,cb_id,cbf_id, cs_id , cm_name,cm_type ,cm_order , cm_state) values(1007593,167,394,3935,'2019款 2.0T两驱汽油超豪华款瑞迈S标轴版4K21D4T','2019款',26,0);
insert into t_car_model(cm_id ,cb_id,cbf_id, cs_id , cm_name,cm_type ,cm_order , cm_state) values(1007591,167,394,3935,'2019款 2.0T四驱汽油豪华款瑞迈S标轴版4K21D4T','2019款',27,0);
insert into t_car_model(cm_id ,cb_id,cbf_id, cs_id , cm_name,cm_type ,cm_order , cm_state) values(1007589,167,394,3935,'2019款 2.0T四驱汽油超豪华款瑞迈S标轴版4K21D4T','2019款',28,0);
insert into t_car_model(cm_id ,cb_id,cbf_id, cs_id , cm_name,cm_type ,cm_order , cm_state) values(1007596,167,394,3935,'2019款 2.0T两驱汽油豪华款瑞迈S加长版4K21D4T','2019款',29,0);
insert into t_car_model(cm_id ,cb_id,cbf_id, cs_id , cm_name,cm_type ,cm_order , cm_state) values(1007594,167,394,3935,'2019款 2.0T两驱汽油超豪华款瑞迈S加长版4K21D4T','2019款',30,0);
insert into t_car_model(cm_id ,cb_id,cbf_id, cs_id , cm_name,cm_type ,cm_order , cm_state) values(1007592,167,394,3935,'2019款 2.0T四驱汽油豪华款瑞迈S加长版4K21D4T','2019款',31,0);
insert into t_car_model(cm_id ,cb_id,cbf_id, cs_id , cm_name,cm_type ,cm_order , cm_state) values(1007590,167,394,3935,'2019款 2.0T四驱汽油超豪华款瑞迈S加长版4K21D4T','2019款',32,0);
insert into t_car_model(cm_id ,cb_id,cbf_id, cs_id , cm_name,cm_type ,cm_order , cm_state) values(1005728,167,394,3935,'2018款 2.5T两驱柴油进取款JE4D25Q5A','2018款',1,0);
insert into t_car_model(cm_id ,cb_id,cbf_id, cs_id , cm_name,cm_type ,cm_order , cm_state) values(1005729,167,394,3935,'2018款 2.5T两驱柴油豪华款JE4D25Q5A','2018款',2,0);
insert into t_car_model(cm_id ,cb_id,cbf_id, cs_id , cm_name,cm_type ,cm_order , cm_state) values(1005726,167,394,3935,'2018款 2.5T两驱柴油超豪华款JE4D25Q5A','2018款',3,0);
insert into t_car_model(cm_id ,cb_id,cbf_id, cs_id , cm_name,cm_type ,cm_order , cm_state) values(1005724,167,394,3935,'2018款 2.5T四驱柴油豪华款JE4D25Q5A','2018款',4,0);
insert into t_car_model(cm_id ,cb_id,cbf_id, cs_id , cm_name,cm_type ,cm_order , cm_state) values(1005722,167,394,3935,'2018款 2.5T四驱柴油超豪华款JE4D25Q5A','2018款',5,0);
insert into t_car_model(cm_id ,cb_id,cbf_id, cs_id , cm_name,cm_type ,cm_order , cm_state) values(1005608,167,394,3935,'2018款 2.5T两驱柴油豪华款加长货厢JE4D25Q5A','2018款',6,0);
insert into t_car_model(cm_id ,cb_id,cbf_id, cs_id , cm_name,cm_type ,cm_order , cm_state) values(1005727,167,394,3935,'2018款 2.5T两驱柴油超豪华款加长货厢JE4D25Q5A','2018款',7,0);
insert into t_car_model(cm_id ,cb_id,cbf_id, cs_id , cm_name,cm_type ,cm_order , cm_state) values(1005725,167,394,3935,'2018款 2.5T四驱柴油豪华款加长货厢JE4D25Q5A','2018款',8,0);
insert into t_car_model(cm_id ,cb_id,cbf_id, cs_id , cm_name,cm_type ,cm_order , cm_state) values(1005723,167,394,3935,'2018款 2.5T四驱柴油超豪华款加长货厢JE4D25Q5A','2018款',9,0);
insert into t_car_model(cm_id ,cb_id,cbf_id, cs_id , cm_name,cm_type ,cm_order , cm_state) values(1005730,167,394,3935,'2018款 2.0T两驱汽油进取款4K21D4T','2018款',10,0);
insert into t_car_model(cm_id ,cb_id,cbf_id, cs_id , cm_name,cm_type ,cm_order , cm_state) values(1005737,167,394,3935,'2018款 2.0T两驱汽油豪华款4K21D4T','2018款',11,0);
insert into t_car_model(cm_id ,cb_id,cbf_id, cs_id , cm_name,cm_type ,cm_order , cm_state) values(1005735,167,394,3935,'2018款 2.0T两驱汽油超豪华款4K21D4T','2018款',12,0);
insert into t_car_model(cm_id ,cb_id,cbf_id, cs_id , cm_name,cm_type ,cm_order , cm_state) values(1005733,167,394,3935,'2018款 2.0T四驱汽油豪华款4K21D4T','2018款',13,0);
insert into t_car_model(cm_id ,cb_id,cbf_id, cs_id , cm_name,cm_type ,cm_order , cm_state) values(1005731,167,394,3935,'2018款 2.0T四驱汽油超豪华款4K21D4T','2018款',14,0);
insert into t_car_model(cm_id ,cb_id,cbf_id, cs_id , cm_name,cm_type ,cm_order , cm_state) values(1005738,167,394,3935,'2018款 2.0T两驱汽油豪华款加长货厢4K21D4T','2018款',15,0);
insert into t_car_model(cm_id ,cb_id,cbf_id, cs_id , cm_name,cm_type ,cm_order , cm_state) values(1005736,167,394,3935,'2018款 2.0T两驱汽油超豪华款加长货厢4K21D4T','2018款',16,0);
insert into t_car_model(cm_id ,cb_id,cbf_id, cs_id , cm_name,cm_type ,cm_order , cm_state) values(1005734,167,394,3935,'2018款 2.0T四驱汽油豪华款加长货厢4K21D4T','2018款',17,0);
insert into t_car_model(cm_id ,cb_id,cbf_id, cs_id , cm_name,cm_type ,cm_order , cm_state) values(1005732,167,394,3935,'2018款 2.0T四驱汽油超豪华款加长货厢4K21D4T','2018款',18,0);
insert into t_car_model(cm_id ,cb_id,cbf_id, cs_id , cm_name,cm_type ,cm_order , cm_state) values(1006724,167,394,3935,'2018款 2.8T经典版两驱进取款JE493ZLQ5F','2018款',19,0);
insert into t_car_model(cm_id ,cb_id,cbf_id, cs_id , cm_name,cm_type ,cm_order , cm_state) values(1006722,167,394,3935,'2018款 2.8T经典版两驱豪华款JE493ZLQ5F','2018款',20,0);
insert into t_car_model(cm_id ,cb_id,cbf_id, cs_id , cm_name,cm_type ,cm_order , cm_state) values(1006720,167,394,3935,'2018款 2.8T经典版四驱豪华款JE493ZLQ5F','2018款',21,0);
insert into t_car_model(cm_id ,cb_id,cbf_id, cs_id , cm_name,cm_type ,cm_order , cm_state) values(1006723,167,394,3935,'2018款 2.8T经典版两驱豪华款加长货厢JE493ZLQ5F','2018款',22,0);
insert into t_car_model(cm_id ,cb_id,cbf_id, cs_id , cm_name,cm_type ,cm_order , cm_state) values(1006721,167,394,3935,'2018款 2.8T经典版四驱豪华款加长货厢JE493ZLQ5F','2018款',23,0);
insert into t_car_model(cm_id ,cb_id,cbf_id, cs_id , cm_name,cm_type ,cm_order , cm_state) values(1004873,167,394,3935,'2017款 2.0T两驱进取款4K21D4T','2017款',1,0);
insert into t_car_model(cm_id ,cb_id,cbf_id, cs_id , cm_name,cm_type ,cm_order , cm_state) values(1004872,167,394,3935,'2017款 2.0T两驱豪华款4K21D4T','2017款',2,0);
insert into t_car_model(cm_id ,cb_id,cbf_id, cs_id , cm_name,cm_type ,cm_order , cm_state) values(1004871,167,394,3935,'2017款 2.0T两驱超豪华款4K21D4T','2017款',3,0);
insert into t_car_model(cm_id ,cb_id,cbf_id, cs_id , cm_name,cm_type ,cm_order , cm_state) values(1004870,167,394,3935,'2017款 2.0T四驱豪华款4K21D4T','2017款',4,0);
insert into t_car_model(cm_id ,cb_id,cbf_id, cs_id , cm_name,cm_type ,cm_order , cm_state) values(1004869,167,394,3935,'2017款 2.0T四驱超豪华款4K21D4T','2017款',5,0);
insert into t_car_model(cm_id ,cb_id,cbf_id, cs_id , cm_name,cm_type ,cm_order , cm_state) values(1004874,167,394,3935,'2017款 2.0T两驱加长货厢豪华款4K21D4T','2017款',6,0);
insert into t_car_model(cm_id ,cb_id,cbf_id, cs_id , cm_name,cm_type ,cm_order , cm_state) values(1004875,167,394,3935,'2017款 2.0T两驱加长货厢超豪华款4K21D4T','2017款',7,0);
insert into t_car_model(cm_id ,cb_id,cbf_id, cs_id , cm_name,cm_type ,cm_order , cm_state) values(1004876,167,394,3935,'2017款 2.0T四驱加长货厢豪华款4K21D4T','2017款',8,0);
insert into t_car_model(cm_id ,cb_id,cbf_id, cs_id , cm_name,cm_type ,cm_order , cm_state) values(1004877,167,394,3935,'2017款 2.0T四驱加长货厢超豪华款4K21D4T','2017款',9,0);
insert into t_car_model(cm_id ,cb_id,cbf_id, cs_id , cm_name,cm_type ,cm_order , cm_state) values(1003721,167,394,3935,'2016款 2.8T两驱进取款JE493ZLQ4CA','2016款',1,0);
insert into t_car_model(cm_id ,cb_id,cbf_id, cs_id , cm_name,cm_type ,cm_order , cm_state) values(1003722,167,394,3935,'2016款 2.8T两驱豪华款JE493ZLQ4CA','2016款',2,0);
insert into t_car_model(cm_id ,cb_id,cbf_id, cs_id , cm_name,cm_type ,cm_order , cm_state) values(1004483,167,394,3935,'2016款 2.8T两驱精英款JE493ZLQ4CA','2016款',3,0);
insert into t_car_model(cm_id ,cb_id,cbf_id, cs_id , cm_name,cm_type ,cm_order , cm_state) values(1003714,167,394,3935,'2016款 2.8T两驱超豪华款JE493ZLQ4CA','2016款',4,0);
insert into t_car_model(cm_id ,cb_id,cbf_id, cs_id , cm_name,cm_type ,cm_order , cm_state) values(1004465,167,394,3935,'2016款 2.8T四驱豪华款JE493ZLQ4CA','2016款',5,0);
insert into t_car_model(cm_id ,cb_id,cbf_id, cs_id , cm_name,cm_type ,cm_order , cm_state) values(1004464,167,394,3935,'2016款 2.8T四驱超豪华款JE493ZLQ4CA','2016款',6,0);
insert into t_car_model(cm_id ,cb_id,cbf_id, cs_id , cm_name,cm_type ,cm_order , cm_state) values(1004630,167,394,3935,'2016款 2.8T两驱加长货厢豪华款JE493ZLQ4CA','2016款',7,0);
insert into t_car_model(cm_id ,cb_id,cbf_id, cs_id , cm_name,cm_type ,cm_order , cm_state) values(1004629,167,394,3935,'2016款 2.8T两驱加长货厢超豪华款JE493ZLQ4CA','2016款',8,0);
insert into t_car_model(cm_id ,cb_id,cbf_id, cs_id , cm_name,cm_type ,cm_order , cm_state) values(1004628,167,394,3935,'2016款 2.8T四驱加长货厢豪华款JE493ZLQ4CA','2016款',9,0);
insert into t_car_model(cm_id ,cb_id,cbf_id, cs_id , cm_name,cm_type ,cm_order , cm_state) values(1004627,167,394,3935,'2016款 2.8T四驱加长货厢超豪华款JE493ZLQ4CA','2016款',10,0);
insert into t_car_brand_factory(cbf_id , cb_id , cbf_name ,cbf_letter) values(350,167,'庆铃汽车','Q');
insert into t_car_series(cs_id,cb_id,cbf_id,cs_name,cs_order,cs_letter) values(2834,167,350,'五十铃皮卡',3585,'W');
insert into t_car_model(cm_id ,cb_id,cbf_id, cs_id , cm_name,cm_type ,cm_order , cm_state) values(1003548,167,350,2834,'2015款 2.5L两驱4ZE3-MPI','2015款',1,0);
insert into t_car_model(cm_id ,cb_id,cbf_id, cs_id , cm_name,cm_type ,cm_order , cm_state) values(1003551,167,350,2834,'2015款 2.5L四驱4ZE3-MPI','2015款',2,0);
insert into t_car_model(cm_id ,cb_id,cbf_id, cs_id , cm_name,cm_type ,cm_order , cm_state) values(1003549,167,350,2834,'2015款 2.8T两驱4JB1CT','2015款',3,0);
insert into t_car_model(cm_id ,cb_id,cbf_id, cs_id , cm_name,cm_type ,cm_order , cm_state) values(1003552,167,350,2834,'2015款 2.8T四驱4JB1CT','2015款',4,0);
insert into t_car_model(cm_id ,cb_id,cbf_id, cs_id , cm_name,cm_type ,cm_order , cm_state) values(1003550,167,350,2834,'2015款 3.0T两驱4KH1CT','2015款',5,0);
insert into t_car_model(cm_id ,cb_id,cbf_id, cs_id , cm_name,cm_type ,cm_order , cm_state) values(1003553,167,350,2834,'2015款 3.0T四驱4KH1CT','2015款',6,0);
insert into t_car_model(cm_id ,cb_id,cbf_id, cs_id , cm_name,cm_type ,cm_order , cm_state) values(1001631,167,350,2834,'2009款 2.5L两驱 基本型皮卡4ZE3-MPI','2009款',1,0);
insert into t_car_model(cm_id ,cb_id,cbf_id, cs_id , cm_name,cm_type ,cm_order , cm_state) values(1001081,167,350,2834,'2009款 2.5L四驱 基本型皮卡4ZE3-MPI','2009款',2,0);
insert into t_car_model(cm_id ,cb_id,cbf_id, cs_id , cm_name,cm_type ,cm_order , cm_state) values(1001630,167,350,2834,'2009款 2.8T两驱 基本型皮卡4JB1-TCT','2009款',3,0);
insert into t_car_model(cm_id ,cb_id,cbf_id, cs_id , cm_name,cm_type ,cm_order , cm_state) values(1001079,167,350,2834,'2009款 2.8T四驱 基本型皮卡4JB1-TCT','2009款',4,0);
insert into t_car_model(cm_id ,cb_id,cbf_id, cs_id , cm_name,cm_type ,cm_order , cm_state) values(1001632,167,350,2834,'2009款 3.0T两驱 基本型皮卡4KH1-TC1','2009款',5,0);
insert into t_car_model(cm_id ,cb_id,cbf_id, cs_id , cm_name,cm_type ,cm_order , cm_state) values(1001080,167,350,2834,'2009款 3.0T四驱 基本型皮卡4KH1-TC1','2009款',6,0);
insert into t_car_model(cm_id ,cb_id,cbf_id, cs_id , cm_name,cm_type ,cm_order , cm_state) values(1001078,167,350,2834,'2009款 2.5L两驱 基本型厢车4ZE3-MPI','2009款',7,0);
insert into t_car_model(cm_id ,cb_id,cbf_id, cs_id , cm_name,cm_type ,cm_order , cm_state) values(1001084,167,350,2834,'2009款 2.5L四驱 基本型厢车4ZE3-MPI','2009款',8,0);
insert into t_car_model(cm_id ,cb_id,cbf_id, cs_id , cm_name,cm_type ,cm_order , cm_state) values(1001076,167,350,2834,'2009款 2.8T两驱 基本型厢车4JB1-TCT','2009款',9,0);
insert into t_car_model(cm_id ,cb_id,cbf_id, cs_id , cm_name,cm_type ,cm_order , cm_state) values(1001082,167,350,2834,'2009款 2.8T四驱 基本型厢车4JB1-TCT','2009款',10,0);
insert into t_car_model(cm_id ,cb_id,cbf_id, cs_id , cm_name,cm_type ,cm_order , cm_state) values(1001077,167,350,2834,'2009款 3.0T两驱 基本型厢车4KH1-TC1','2009款',11,0);
insert into t_car_model(cm_id ,cb_id,cbf_id, cs_id , cm_name,cm_type ,cm_order , cm_state) values(1001083,167,350,2834,'2009款 3.0T四驱 基本型厢车4KH1-TC1','2009款',12,0);
insert into t_car_series(cs_id,cb_id,cbf_id,cs_name,cs_order,cs_letter) values(4198,167,350,'竞技者',3587,'J');
insert into t_car_model(cm_id ,cb_id,cbf_id, cs_id , cm_name,cm_type ,cm_order , cm_state) values(27671,167,350,4198,'2012款 2.8T UC柴油多功能车','2012款',1,0);
insert into t_car_brand_factory(cbf_id , cb_id , cbf_name ,cbf_letter) values(395,167,'五十铃','W');
insert into t_car_series(cs_id,cb_id,cbf_id,cs_name,cs_order,cs_letter) values(3564,167,395,'D-MAX(海外)',3589,'D');
insert into t_car_model(cm_id ,cb_id,cbf_id, cs_id , cm_name,cm_type ,cm_order , cm_state) values(1003345,167,395,3564,'2015款 Blade','2015款',1,0);
insert into t_car_model(cm_id ,cb_id,cbf_id, cs_id , cm_name,cm_type ,cm_order , cm_state) values(1002741,167,395,3564,'2014款 基本型','2014款',1,0);
