insert into t_car_brand_factory(cbf_id , cb_id , cbf_name ,cbf_letter) values(180,9,'北京克莱斯勒','B');
insert into t_car_series(cs_id,cbf_id,cs_name,cs_order,cs_letter) values(566,180,'铂锐',2274,'B');
insert into t_car_model(cm_id , cs_id , cm_name,cm_type ,cm_order , cm_state) values(3646,566,'2008款 2.0L 舒适型','2008款',1,0);
insert into t_car_model(cm_id , cs_id , cm_name,cm_type ,cm_order , cm_state) values(3647,566,'2008款 2.0L 豪华型','2008款',2,0);
insert into t_car_model(cm_id , cs_id , cm_name,cm_type ,cm_order , cm_state) values(3305,566,'2008款 2.4L 豪华型','2008款',3,0);
insert into t_car_model(cm_id , cs_id , cm_name,cm_type ,cm_order , cm_state) values(3648,566,'2008款 2.7L 豪华型','2008款',4,0);
insert into t_car_series(cs_id,cbf_id,cs_name,cs_order,cs_letter) values(487,180,'克莱斯勒300C',2275,'K');
insert into t_car_model(cm_id , cs_id , cm_name,cm_type ,cm_order , cm_state) values(3008,487,'2007款 2.7L 商务版','2007款',1,0);
insert into t_car_model(cm_id , cs_id , cm_name,cm_type ,cm_order , cm_state) values(2649,487,'2006款 2.7L 豪华版','2006款',1,0);
insert into t_car_model(cm_id , cs_id , cm_name,cm_type ,cm_order , cm_state) values(4127,487,'2006款 2.7L 豪华领航版','2006款',2,0);
insert into t_car_model(cm_id , cs_id , cm_name,cm_type ,cm_order , cm_state) values(2650,487,'2006款 3.5L 豪华领航版','2006款',3,0);
insert into t_car_model(cm_id , cs_id , cm_name,cm_type ,cm_order , cm_state) values(2651,487,'2006款 5.7L 豪华领航版','2006款',4,0);
insert into t_car_brand_factory(cbf_id , cb_id , cbf_name ,cbf_letter) values(51,9,'东南汽车','D');
insert into t_car_series(cs_id,cbf_id,cs_name,cs_order,cs_letter) values(227,51,'大捷龙',2276,'D');
insert into t_car_model(cm_id , cs_id , cm_name,cm_type ,cm_order , cm_state) values(11998,227,'2012款 3.0L 经典版','2012款',1,0);
insert into t_car_model(cm_id , cs_id , cm_name,cm_type ,cm_order , cm_state) values(11999,227,'2012款 3.0L 豪华版','2012款',2,0);
insert into t_car_model(cm_id , cs_id , cm_name,cm_type ,cm_order , cm_state) values(12000,227,'2012款 3.0L 至尊版','2012款',3,0);
insert into t_car_model(cm_id , cs_id , cm_name,cm_type ,cm_order , cm_state) values(3346,227,'2007款 3.3L 商务版','2007款',1,0);
insert into t_car_model(cm_id , cs_id , cm_name,cm_type ,cm_order , cm_state) values(3347,227,'2007款 3.3L 限量版','2007款',2,0);
insert into t_car_brand_factory(cbf_id , cb_id , cbf_name ,cbf_letter) values(69,9,'克莱斯勒(进口)','K');
insert into t_car_series(cs_id,cbf_id,cs_name,cs_order,cs_letter) values(342,69,'克莱斯勒300C(进口)',2277,'K');
insert into t_car_model(cm_id , cs_id , cm_name,cm_type ,cm_order , cm_state) values(24735,342,'2016款 3.0L 超越版','2016款',1,0);
insert into t_car_model(cm_id , cs_id , cm_name,cm_type ,cm_order , cm_state) values(24736,342,'2016款 3.6L 尊崇版','2016款',2,0);
insert into t_car_model(cm_id , cs_id , cm_name,cm_type ,cm_order , cm_state) values(18692,342,'2014款 3.0L 卓越版','2014款',1,0);
insert into t_car_model(cm_id , cs_id , cm_name,cm_type ,cm_order , cm_state) values(16093,342,'2013款 3.6L 尊适版','2013款',1,0);
insert into t_car_model(cm_id , cs_id , cm_name,cm_type ,cm_order , cm_state) values(16092,342,'2013款 3.6L S锋尚版','2013款',2,0);
insert into t_car_model(cm_id , cs_id , cm_name,cm_type ,cm_order , cm_state) values(14571,342,'2013款 3.6L 尊享版','2013款',3,0);
insert into t_car_model(cm_id , cs_id , cm_name,cm_type ,cm_order , cm_state) values(14572,342,'2013款 3.6L 尊崇版','2013款',4,0);
insert into t_car_model(cm_id , cs_id , cm_name,cm_type ,cm_order , cm_state) values(12546,342,'2012款 3.6L 豪华版','2012款',1,0);
insert into t_car_model(cm_id , cs_id , cm_name,cm_type ,cm_order , cm_state) values(1323,342,'2004款 2.7 V6','2004款',1,0);
insert into t_car_model(cm_id , cs_id , cm_name,cm_type ,cm_order , cm_state) values(1302,342,'2004款 3.5 V6','2004款',2,0);
insert into t_car_model(cm_id , cs_id , cm_name,cm_type ,cm_order , cm_state) values(1324,342,'2004款 5.7 V8','2004款',3,0);
insert into t_car_series(cs_id,cbf_id,cs_name,cs_order,cs_letter) values(2207,69,'大捷龙(进口)',2278,'D');
insert into t_car_model(cm_id , cs_id , cm_name,cm_type ,cm_order , cm_state) values(31300,2207,'2017款 3.6L 尊享版','2017款',1,0);
insert into t_car_model(cm_id , cs_id , cm_name,cm_type ,cm_order , cm_state) values(20624,2207,'2014款 3.6L 舒适版','2014款',1,0);
insert into t_car_model(cm_id , cs_id , cm_name,cm_type ,cm_order , cm_state) values(13716,2207,'2013款 3.6L 豪华版','2013款',1,0);
insert into t_car_series(cs_id,cbf_id,cs_name,cs_order,cs_letter) values(4604,69,'大捷龙PHEV(进口)',2279,'D');
insert into t_car_model(cm_id , cs_id , cm_name,cm_type ,cm_order , cm_state) values(42485,4604,'2019款 3.6L 插电混动版','2019款',1,0);
insert into t_car_model(cm_id , cs_id , cm_name,cm_type ,cm_order , cm_state) values(32573,4604,'2018款 3.6L 插电混动版','2018款',1,0);
insert into t_car_series(cs_id,cbf_id,cs_name,cs_order,cs_letter) values(380,69,'PT 漫步者',2288,'P');
insert into t_car_model(cm_id , cs_id , cm_name,cm_type ,cm_order , cm_state) values(2782,380,'2007款 2.4','2007款',1,0);
insert into t_car_model(cm_id , cs_id , cm_name,cm_type ,cm_order , cm_state) values(1413,380,'2006款 2.4','2006款',1,0);
insert into t_car_series(cs_id,cbf_id,cs_name,cs_order,cs_letter) values(222,69,'交叉火力',2292,'J');
insert into t_car_model(cm_id , cs_id , cm_name,cm_type ,cm_order , cm_state) values(430,222,'2004款 3.2 AT','2004款',1,0);
