insert into t_car_brand_factory(cbf_id , cb_id , cbf_name ,cbf_letter) values(93,38,'上汽通用别克','S');
insert into t_car_series(cs_id,cbf_id,cs_name,cs_order,cs_letter) values(5395,93,'昂科旗',745,'A');
insert into t_car_model(cm_id , cs_id , cm_name,cm_type ,cm_order , cm_state) values(41232,5395,'2020款 28T 基本型','2020款',1,0);
insert into t_car_series(cs_id,cbf_id,cs_name,cs_order,cs_letter) values(875,93,'凯越',746,'K');
insert into t_car_model(cm_id , cs_id , cm_name,cm_type ,cm_order , cm_state) values(41905,875,'2020款 15N 手动精英型','2020款',1,0);
insert into t_car_model(cm_id , cs_id , cm_name,cm_type ,cm_order , cm_state) values(41906,875,'2020款 15N CVT精英型','2020款',2,0);
insert into t_car_model(cm_id , cs_id , cm_name,cm_type ,cm_order , cm_state) values(41907,875,'2020款 15N CVT豪华型','2020款',3,0);
insert into t_car_model(cm_id , cs_id , cm_name,cm_type ,cm_order , cm_state) values(35018,875,'2018款 15N 手动精英型','2018款',1,0);
insert into t_car_model(cm_id , cs_id , cm_name,cm_type ,cm_order , cm_state) values(35017,875,'2018款 15N CVT精英型','2018款',2,0);
insert into t_car_model(cm_id , cs_id , cm_name,cm_type ,cm_order , cm_state) values(34665,875,'2018款 15N CVT豪华型','2018款',3,0);
insert into t_car_model(cm_id , cs_id , cm_name,cm_type ,cm_order , cm_state) values(22244,875,'2015款 1.5L 手动经典型','2015款',1,0);
insert into t_car_model(cm_id , cs_id , cm_name,cm_type ,cm_order , cm_state) values(22245,875,'2015款 1.5L 自动经典型','2015款',2,0);
insert into t_car_model(cm_id , cs_id , cm_name,cm_type ,cm_order , cm_state) values(22246,875,'2015款 1.5L 手动尊享型','2015款',3,0);
insert into t_car_model(cm_id , cs_id , cm_name,cm_type ,cm_order , cm_state) values(22247,875,'2015款 1.5L 自动尊享型','2015款',4,0);
insert into t_car_model(cm_id , cs_id , cm_name,cm_type ,cm_order , cm_state) values(14869,875,'2013款 1.5L 手动经典型','2013款',1,0);
insert into t_car_model(cm_id , cs_id , cm_name,cm_type ,cm_order , cm_state) values(14957,875,'2013款 1.5L 自动经典型','2013款',2,0);
insert into t_car_model(cm_id , cs_id , cm_name,cm_type ,cm_order , cm_state) values(14958,875,'2013款 1.5L 手动尊享型','2013款',3,0);
insert into t_car_model(cm_id , cs_id , cm_name,cm_type ,cm_order , cm_state) values(14959,875,'2013款 1.5L 自动尊享型','2013款',4,0);
insert into t_car_model(cm_id , cs_id , cm_name,cm_type ,cm_order , cm_state) values(5695,875,'2011款 1.6LX-MT','2011款',1,0);
insert into t_car_model(cm_id , cs_id , cm_name,cm_type ,cm_order , cm_state) values(8271,875,'2011款 1.6LX-AT','2011款',2,0);
insert into t_car_model(cm_id , cs_id , cm_name,cm_type ,cm_order , cm_state) values(8272,875,'2011款 1.6LE-MT','2011款',3,0);
insert into t_car_model(cm_id , cs_id , cm_name,cm_type ,cm_order , cm_state) values(8273,875,'2011款 1.6LE-AT','2011款',4,0);
insert into t_car_model(cm_id , cs_id , cm_name,cm_type ,cm_order , cm_state) values(3786,875,'2008款 1.6LX-MT','2008款',1,0);
insert into t_car_model(cm_id , cs_id , cm_name,cm_type ,cm_order , cm_state) values(3817,875,'2008款 1.6LE-MT','2008款',2,0);
insert into t_car_model(cm_id , cs_id , cm_name,cm_type ,cm_order , cm_state) values(3818,875,'2008款 1.6LE-MTNavi','2008款',3,0);
insert into t_car_model(cm_id , cs_id , cm_name,cm_type ,cm_order , cm_state) values(3819,875,'2008款 1.6LE-AT','2008款',4,0);
insert into t_car_model(cm_id , cs_id , cm_name,cm_type ,cm_order , cm_state) values(3820,875,'2008款 1.6LE-ATNavi','2008款',5,0);
insert into t_car_model(cm_id , cs_id , cm_name,cm_type ,cm_order , cm_state) values(3821,875,'2008款 1.8LE-MT','2008款',6,0);
insert into t_car_model(cm_id , cs_id , cm_name,cm_type ,cm_order , cm_state) values(6866,875,'2008款 1.8LE-MTNavi','2008款',7,0);
insert into t_car_model(cm_id , cs_id , cm_name,cm_type ,cm_order , cm_state) values(3822,875,'2008款 1.8LE-AT','2008款',8,0);
insert into t_car_model(cm_id , cs_id , cm_name,cm_type ,cm_order , cm_state) values(6867,875,'2008款 1.8LE-ATNavi','2008款',9,0);
insert into t_car_model(cm_id , cs_id , cm_name,cm_type ,cm_order , cm_state) values(3974,875,'2008款 HRV 1.6LE-MTNavi','2008款',10,0);
insert into t_car_model(cm_id , cs_id , cm_name,cm_type ,cm_order , cm_state) values(3374,875,'2008款 HRV 1.6LE-MT运动版','2008款',11,0);
insert into t_car_model(cm_id , cs_id , cm_name,cm_type ,cm_order , cm_state) values(3975,875,'2008款 HRV 1.6LE-ATNavi','2008款',12,0);
insert into t_car_model(cm_id , cs_id , cm_name,cm_type ,cm_order , cm_state) values(3375,875,'2008款 HRV 1.6LE-AT运动版','2008款',13,0);
insert into t_car_model(cm_id , cs_id , cm_name,cm_type ,cm_order , cm_state) values(3976,875,'2008款 旅行版 1.8LE-MTNavi','2008款',14,0);
insert into t_car_model(cm_id , cs_id , cm_name,cm_type ,cm_order , cm_state) values(3977,875,'2008款 旅行版 1.8LE-ATNavi','2008款',15,0);
insert into t_car_model(cm_id , cs_id , cm_name,cm_type ,cm_order , cm_state) values(3312,875,'2007款 旅行版 1.6LX-MT','2007款',1,0);
insert into t_car_model(cm_id , cs_id , cm_name,cm_type ,cm_order , cm_state) values(3313,875,'2007款 旅行版 1.6LX-AT','2007款',2,0);
insert into t_car_model(cm_id , cs_id , cm_name,cm_type ,cm_order , cm_state) values(2586,875,'2007款 旅行版 1.8LE-MT','2007款',3,0);
insert into t_car_model(cm_id , cs_id , cm_name,cm_type ,cm_order , cm_state) values(2587,875,'2007款 旅行版 1.8LE-AT','2007款',4,0);
insert into t_car_model(cm_id , cs_id , cm_name,cm_type ,cm_order , cm_state) values(2100,875,'2006款 1.6 自动舒适型','2006款',1,0);
insert into t_car_model(cm_id , cs_id , cm_name,cm_type ,cm_order , cm_state) values(2011,875,'2006款 HRV 1.6 手动标准型','2006款',2,0);
insert into t_car_model(cm_id , cs_id , cm_name,cm_type ,cm_order , cm_state) values(1480,875,'2005款 1.6 手动舒适型','2005款',1,0);
insert into t_car_model(cm_id , cs_id , cm_name,cm_type ,cm_order , cm_state) values(1482,875,'2005款 1.6 手动豪华型','2005款',2,0);
insert into t_car_model(cm_id , cs_id , cm_name,cm_type ,cm_order , cm_state) values(1481,875,'2005款 1.6 自动豪华型','2005款',3,0);
insert into t_car_model(cm_id , cs_id , cm_name,cm_type ,cm_order , cm_state) values(1963,875,'2005款 1.8 手动豪华型','2005款',4,0);
insert into t_car_model(cm_id , cs_id , cm_name,cm_type ,cm_order , cm_state) values(1724,875,'2005款 1.8 自动豪华型','2005款',5,0);
insert into t_car_model(cm_id , cs_id , cm_name,cm_type ,cm_order , cm_state) values(1483,875,'2005款 1.8 自动顶级型','2005款',6,0);
insert into t_car_model(cm_id , cs_id , cm_name,cm_type ,cm_order , cm_state) values(1485,875,'2005款 HRV 1.6LE-MT','2005款',7,0);
insert into t_car_model(cm_id , cs_id , cm_name,cm_type ,cm_order , cm_state) values(1484,875,'2005款 HRV 1.6LE-AT','2005款',8,0);
insert into t_car_model(cm_id , cs_id , cm_name,cm_type ,cm_order , cm_state) values(1960,875,'2005款 旅行版 1.8 手动舒适','2005款',9,0);
insert into t_car_model(cm_id , cs_id , cm_name,cm_type ,cm_order , cm_state) values(1959,875,'2005款 旅行版 1.8 自动舒适','2005款',10,0);
insert into t_car_model(cm_id , cs_id , cm_name,cm_type ,cm_order , cm_state) values(1961,875,'2005款 旅行版 1.8 自动顶级','2005款',11,0);
insert into t_car_model(cm_id , cs_id , cm_name,cm_type ,cm_order , cm_state) values(1730,875,'2005款 旅行版 1.8 自动','2005款',12,0);
insert into t_car_model(cm_id , cs_id , cm_name,cm_type ,cm_order , cm_state) values(995,875,'2004款 1.6 手动舒适版','2004款',1,0);
insert into t_car_model(cm_id , cs_id , cm_name,cm_type ,cm_order , cm_state) values(311,875,'2004款 1.6 手动豪华版','2004款',2,0);
insert into t_car_model(cm_id , cs_id , cm_name,cm_type ,cm_order , cm_state) values(994,875,'2004款 1.8 自动豪华版','2004款',3,0);
insert into t_car_model(cm_id , cs_id , cm_name,cm_type ,cm_order , cm_state) values(283,875,'2004款 1.8 自动顶级版','2004款',4,0);
insert into t_car_model(cm_id , cs_id , cm_name,cm_type ,cm_order , cm_state) values(1439,875,'2004款 HRV 1.6 手动','2004款',5,0);
insert into t_car_model(cm_id , cs_id , cm_name,cm_type ,cm_order , cm_state) values(1194,875,'2004款 HRV 1.6 自动豪华版','2004款',6,0);
insert into t_car_series(cs_id,cbf_id,cs_name,cs_order,cs_letter) values(3751,93,'威朗',747,'W');
insert into t_car_model(cm_id , cs_id , cm_name,cm_type ,cm_order , cm_state) values(41442,3751,'2020款 15T 自动进取型','2020款',1,0);
insert into t_car_model(cm_id , cs_id , cm_name,cm_type ,cm_order , cm_state) values(41443,3751,'2020款 20T CVT领先型','2020款',2,0);
insert into t_car_model(cm_id , cs_id , cm_name,cm_type ,cm_order , cm_state) values(41444,3751,'2020款 20T CVT豪华型','2020款',3,0);
insert into t_car_model(cm_id , cs_id , cm_name,cm_type ,cm_order , cm_state) values(41212,3751,'2020款 20T CVT旗舰型','2020款',4,0);
insert into t_car_model(cm_id , cs_id , cm_name,cm_type ,cm_order , cm_state) values(37607,3751,'2019款 两厢 15S 自动进取型','2019款',1,0);
insert into t_car_model(cm_id , cs_id , cm_name,cm_type ,cm_order , cm_state) values(37608,3751,'2019款 两厢 15S 自动领先型','2019款',2,0);
insert into t_car_model(cm_id , cs_id , cm_name,cm_type ,cm_order , cm_state) values(37609,3751,'2019款 两厢GS 20T 双离合进取型','2019款',3,0);
insert into t_car_model(cm_id , cs_id , cm_name,cm_type ,cm_order , cm_state) values(37610,3751,'2019款 两厢GS 20T 双离合领先型','2019款',4,0);
insert into t_car_model(cm_id , cs_id , cm_name,cm_type ,cm_order , cm_state) values(37611,3751,'2019款 两厢GS 20T 双离合豪华型','2019款',5,0);
insert into t_car_model(cm_id , cs_id , cm_name,cm_type ,cm_order , cm_state) values(36042,3751,'2019款 三厢 15S 自动进取型','2019款',6,0);
insert into t_car_model(cm_id , cs_id , cm_name,cm_type ,cm_order , cm_state) values(36043,3751,'2019款 三厢 15S 自动领先型','2019款',7,0);
insert into t_car_model(cm_id , cs_id , cm_name,cm_type ,cm_order , cm_state) values(36044,3751,'2019款 三厢 20T 双离合领先型','2019款',8,0);
insert into t_car_model(cm_id , cs_id , cm_name,cm_type ,cm_order , cm_state) values(36045,3751,'2019款 三厢 20T 双离合精英型','2019款',9,0);
insert into t_car_model(cm_id , cs_id , cm_name,cm_type ,cm_order , cm_state) values(36046,3751,'2019款 三厢 20T 双离合豪华型','2019款',10,0);
insert into t_car_model(cm_id , cs_id , cm_name,cm_type ,cm_order , cm_state) values(32212,3751,'2018款 两厢 15S 自动进取型','2018款',1,0);
insert into t_car_model(cm_id , cs_id , cm_name,cm_type ,cm_order , cm_state) values(32213,3751,'2018款 两厢 15S 自动领先型','2018款',2,0);
insert into t_car_model(cm_id , cs_id , cm_name,cm_type ,cm_order , cm_state) values(32214,3751,'2018款 两厢GS 20T 双离合进取型','2018款',3,0);
insert into t_car_model(cm_id , cs_id , cm_name,cm_type ,cm_order , cm_state) values(32215,3751,'2018款 两厢GS 20T 双离合领先型','2018款',4,0);
insert into t_car_model(cm_id , cs_id , cm_name,cm_type ,cm_order , cm_state) values(32216,3751,'2018款 两厢GS 20T 双离合豪华型','2018款',5,0);
insert into t_car_model(cm_id , cs_id , cm_name,cm_type ,cm_order , cm_state) values(32218,3751,'2018款 三厢 15S 手动领先型','2018款',6,0);
insert into t_car_model(cm_id , cs_id , cm_name,cm_type ,cm_order , cm_state) values(32217,3751,'2018款 三厢 15S 自动进取型','2018款',7,0);
insert into t_car_model(cm_id , cs_id , cm_name,cm_type ,cm_order , cm_state) values(32219,3751,'2018款 三厢 15S 自动领先型','2018款',8,0);
insert into t_car_model(cm_id , cs_id , cm_name,cm_type ,cm_order , cm_state) values(32220,3751,'2018款 三厢 20T 双离合领先型','2018款',9,0);
insert into t_car_model(cm_id , cs_id , cm_name,cm_type ,cm_order , cm_state) values(32221,3751,'2018款 三厢 20T 双离合精英型','2018款',10,0);
insert into t_car_model(cm_id , cs_id , cm_name,cm_type ,cm_order , cm_state) values(32222,3751,'2018款 三厢 20T 双离合豪华型','2018款',11,0);
insert into t_car_model(cm_id , cs_id , cm_name,cm_type ,cm_order , cm_state) values(27689,3751,'2017款 三厢 15S 手动进取型','2017款',1,0);
insert into t_car_model(cm_id , cs_id , cm_name,cm_type ,cm_order , cm_state) values(27690,3751,'2017款 三厢 15S 自动进取型','2017款',2,0);
insert into t_car_model(cm_id , cs_id , cm_name,cm_type ,cm_order , cm_state) values(27691,3751,'2017款 三厢 15S 手动领先型','2017款',3,0);
insert into t_car_model(cm_id , cs_id , cm_name,cm_type ,cm_order , cm_state) values(27692,3751,'2017款 三厢 15S 自动领先型','2017款',4,0);
insert into t_car_model(cm_id , cs_id , cm_name,cm_type ,cm_order , cm_state) values(27693,3751,'2017款 三厢 20T 双离合领先型','2017款',5,0);
insert into t_car_model(cm_id , cs_id , cm_name,cm_type ,cm_order , cm_state) values(27694,3751,'2017款 三厢 20T 双离合精英型','2017款',6,0);
insert into t_car_model(cm_id , cs_id , cm_name,cm_type ,cm_order , cm_state) values(27695,3751,'2017款 三厢 20T 双离合旗舰型','2017款',7,0);
insert into t_car_model(cm_id , cs_id , cm_name,cm_type ,cm_order , cm_state) values(24586,3751,'2016款 两厢 15S 自动进取型','2016款',1,0);
insert into t_car_model(cm_id , cs_id , cm_name,cm_type ,cm_order , cm_state) values(24517,3751,'2016款 两厢 15S 自动领先型','2016款',2,0);
insert into t_car_model(cm_id , cs_id , cm_name,cm_type ,cm_order , cm_state) values(24588,3751,'2016款 两厢GS 20T 双离合豪情运动型','2016款',3,0);
insert into t_car_model(cm_id , cs_id , cm_name,cm_type ,cm_order , cm_state) values(24587,3751,'2016款 两厢GS 20T 双离合燃情运动型','2016款',4,0);
insert into t_car_model(cm_id , cs_id , cm_name,cm_type ,cm_order , cm_state) values(24350,3751,'2016款 两厢GS 20T 双离合纵情运动型','2016款',5,0);
insert into t_car_model(cm_id , cs_id , cm_name,cm_type ,cm_order , cm_state) values(23154,3751,'2015款 三厢 15S 手动进取型','2015款',1,0);
insert into t_car_model(cm_id , cs_id , cm_name,cm_type ,cm_order , cm_state) values(23155,3751,'2015款 三厢 15S 自动进取型','2015款',2,0);
insert into t_car_model(cm_id , cs_id , cm_name,cm_type ,cm_order , cm_state) values(23156,3751,'2015款 三厢 15S 手动领先型','2015款',3,0);
insert into t_car_model(cm_id , cs_id , cm_name,cm_type ,cm_order , cm_state) values(23157,3751,'2015款 三厢 15S 自动领先型','2015款',4,0);
insert into t_car_model(cm_id , cs_id , cm_name,cm_type ,cm_order , cm_state) values(23158,3751,'2015款 三厢 20T 双离合领先型','2015款',5,0);
insert into t_car_model(cm_id , cs_id , cm_name,cm_type ,cm_order , cm_state) values(23159,3751,'2015款 三厢 20T 双离合精英型','2015款',6,0);
insert into t_car_model(cm_id , cs_id , cm_name,cm_type ,cm_order , cm_state) values(23160,3751,'2015款 三厢 20T 双离合豪华型','2015款',7,0);
insert into t_car_model(cm_id , cs_id , cm_name,cm_type ,cm_order , cm_state) values(21887,3751,'2015款 三厢 20T 双离合旗舰型','2015款',8,0);
insert into t_car_series(cs_id,cbf_id,cs_name,cs_order,cs_letter) values(4776,93,'微蓝',748,'W');
insert into t_car_model(cm_id , cs_id , cm_name,cm_type ,cm_order , cm_state) values(42371,4776,'2020款 互联时尚型 PLUS','2020款',1,0);
insert into t_car_model(cm_id , cs_id , cm_name,cm_type ,cm_order , cm_state) values(42372,4776,'2020款 互联智享型 PLUS','2020款',2,0);
insert into t_car_model(cm_id , cs_id , cm_name,cm_type ,cm_order , cm_state) values(42373,4776,'2020款 互联智慧型 PLUS','2020款',3,0);
insert into t_car_model(cm_id , cs_id , cm_name,cm_type ,cm_order , cm_state) values(38784,4776,'2019款 互联时尚型','2019款',1,0);
insert into t_car_model(cm_id , cs_id , cm_name,cm_type ,cm_order , cm_state) values(38783,4776,'2019款 互联智享型','2019款',2,0);
insert into t_car_model(cm_id , cs_id , cm_name,cm_type ,cm_order , cm_state) values(34361,4776,'2019款 互联智慧型','2019款',3,0);
insert into t_car_series(cs_id,cbf_id,cs_name,cs_order,cs_letter) values(982,93,'英朗',749,'Y');
insert into t_car_model(cm_id , cs_id , cm_name,cm_type ,cm_order , cm_state) values(38482,982,'2019款 15T 双离合进取型 国VI','2019款',1,0);
insert into t_car_model(cm_id , cs_id , cm_name,cm_type ,cm_order , cm_state) values(38483,982,'2019款 15T 手动精英型 国VI','2019款',2,0);
insert into t_car_model(cm_id , cs_id , cm_name,cm_type ,cm_order , cm_state) values(38484,982,'2019款 15T 双离合互联精英型 国VI','2019款',3,0);
insert into t_car_model(cm_id , cs_id , cm_name,cm_type ,cm_order , cm_state) values(37301,982,'2019款 18T 自动互联精英型 国VI','2019款',4,0);
insert into t_car_model(cm_id , cs_id , cm_name,cm_type ,cm_order , cm_state) values(37302,982,'2019款 18T 自动互联旗舰型 国VI','2019款',5,0);
insert into t_car_model(cm_id , cs_id , cm_name,cm_type ,cm_order , cm_state) values(36297,982,'2019款 15T 双离合穿越火线联名限量无畏版','2019款',6,0);
insert into t_car_model(cm_id , cs_id , cm_name,cm_type ,cm_order , cm_state) values(37078,982,'2019款 15T 双离合互联精英型 国V','2019款',7,0);
insert into t_car_model(cm_id , cs_id , cm_name,cm_type ,cm_order , cm_state) values(35999,982,'2019款 18T 自动互联精英型 国V','2019款',8,0);
insert into t_car_model(cm_id , cs_id , cm_name,cm_type ,cm_order , cm_state) values(36000,982,'2019款 18T 自动互联旗舰型 国V','2019款',9,0);
insert into t_car_model(cm_id , cs_id , cm_name,cm_type ,cm_order , cm_state) values(32189,982,'2018款 18T 自动精英型','2018款',1,0);
insert into t_car_model(cm_id , cs_id , cm_name,cm_type ,cm_order , cm_state) values(32190,982,'2018款 18T 自动旗舰型','2018款',2,0);
insert into t_car_model(cm_id , cs_id , cm_name,cm_type ,cm_order , cm_state) values(32186,982,'2018款 15T 手动进取型 国V','2018款',3,0);
insert into t_car_model(cm_id , cs_id , cm_name,cm_type ,cm_order , cm_state) values(32187,982,'2018款 15T 双离合进取型 国V','2018款',4,0);
insert into t_car_model(cm_id , cs_id , cm_name,cm_type ,cm_order , cm_state) values(32188,982,'2018款 15T 手动精英型 国V','2018款',5,0);
insert into t_car_model(cm_id , cs_id , cm_name,cm_type ,cm_order , cm_state) values(32090,982,'2018款 15T 双离合精英型 国V','2018款',6,0);
insert into t_car_model(cm_id , cs_id , cm_name,cm_type ,cm_order , cm_state) values(28695,982,'2017款 15N 手动进取型','2017款',1,0);
insert into t_car_model(cm_id , cs_id , cm_name,cm_type ,cm_order , cm_state) values(28696,982,'2017款 15N 自动进取型','2017款',2,0);
insert into t_car_model(cm_id , cs_id , cm_name,cm_type ,cm_order , cm_state) values(28697,982,'2017款 15N 手动精英型','2017款',3,0);
insert into t_car_model(cm_id , cs_id , cm_name,cm_type ,cm_order , cm_state) values(28698,982,'2017款 15N 自动精英型','2017款',4,0);
insert into t_car_model(cm_id , cs_id , cm_name,cm_type ,cm_order , cm_state) values(28699,982,'2017款 15N 自动豪华型','2017款',5,0);
insert into t_car_model(cm_id , cs_id , cm_name,cm_type ,cm_order , cm_state) values(28700,982,'2017款 18T 双离合精英型','2017款',6,0);
insert into t_car_model(cm_id , cs_id , cm_name,cm_type ,cm_order , cm_state) values(28701,982,'2017款 18T 双离合豪华型','2017款',7,0);
insert into t_car_model(cm_id , cs_id , cm_name,cm_type ,cm_order , cm_state) values(25861,982,'2016款 15N 手动进取型','2016款',1,0);
insert into t_car_model(cm_id , cs_id , cm_name,cm_type ,cm_order , cm_state) values(25862,982,'2016款 15N 自动进取型','2016款',2,0);
insert into t_car_model(cm_id , cs_id , cm_name,cm_type ,cm_order , cm_state) values(25863,982,'2016款 15N 手动精英型','2016款',3,0);
insert into t_car_model(cm_id , cs_id , cm_name,cm_type ,cm_order , cm_state) values(25864,982,'2016款 15N 自动精英型','2016款',4,0);
insert into t_car_model(cm_id , cs_id , cm_name,cm_type ,cm_order , cm_state) values(25865,982,'2016款 15N 手动豪华型','2016款',5,0);
insert into t_car_model(cm_id , cs_id , cm_name,cm_type ,cm_order , cm_state) values(25866,982,'2016款 15N 自动豪华型','2016款',6,0);
insert into t_car_model(cm_id , cs_id , cm_name,cm_type ,cm_order , cm_state) values(25867,982,'2016款 18T 双离合精英型','2016款',7,0);
insert into t_car_model(cm_id , cs_id , cm_name,cm_type ,cm_order , cm_state) values(25868,982,'2016款 18T 双离合豪华型','2016款',8,0);
insert into t_car_model(cm_id , cs_id , cm_name,cm_type ,cm_order , cm_state) values(25869,982,'2016款 18T 双离合运动旗舰型','2016款',9,0);
insert into t_car_model(cm_id , cs_id , cm_name,cm_type ,cm_order , cm_state) values(21674,982,'2015款 15N 手动进取型','2015款',1,0);
insert into t_car_model(cm_id , cs_id , cm_name,cm_type ,cm_order , cm_state) values(21675,982,'2015款 15N 自动进取型','2015款',2,0);
insert into t_car_model(cm_id , cs_id , cm_name,cm_type ,cm_order , cm_state) values(21676,982,'2015款 15N 手动精英型','2015款',3,0);
insert into t_car_model(cm_id , cs_id , cm_name,cm_type ,cm_order , cm_state) values(21677,982,'2015款 15N 自动精英型','2015款',4,0);
insert into t_car_model(cm_id , cs_id , cm_name,cm_type ,cm_order , cm_state) values(21678,982,'2015款 15N 手动豪华型','2015款',5,0);
insert into t_car_model(cm_id , cs_id , cm_name,cm_type ,cm_order , cm_state) values(21679,982,'2015款 15N 自动豪华型','2015款',6,0);
insert into t_car_model(cm_id , cs_id , cm_name,cm_type ,cm_order , cm_state) values(21673,982,'2015款 18T 双离合精英型','2015款',7,0);
insert into t_car_model(cm_id , cs_id , cm_name,cm_type ,cm_order , cm_state) values(21672,982,'2015款 18T 双离合豪华型','2015款',8,0);
insert into t_car_model(cm_id , cs_id , cm_name,cm_type ,cm_order , cm_state) values(21607,982,'2015款 18T 双离合运动旗舰型','2015款',9,0);
insert into t_car_model(cm_id , cs_id , cm_name,cm_type ,cm_order , cm_state) values(17912,982,'2014款 XT 1.6L 手动舒适版','2014款',1,0);
insert into t_car_model(cm_id , cs_id , cm_name,cm_type ,cm_order , cm_state) values(17913,982,'2014款 XT 1.6L 自动舒适版','2014款',2,0);
insert into t_car_model(cm_id , cs_id , cm_name,cm_type ,cm_order , cm_state) values(17914,982,'2014款 XT 1.6L 手动进取版','2014款',3,0);
insert into t_car_model(cm_id , cs_id , cm_name,cm_type ,cm_order , cm_state) values(17915,982,'2014款 XT 1.6L 自动时尚版','2014款',4,0);
insert into t_car_model(cm_id , cs_id , cm_name,cm_type ,cm_order , cm_state) values(17916,982,'2014款 XT 1.6T 自动时尚运动版','2014款',5,0);
insert into t_car_model(cm_id , cs_id , cm_name,cm_type ,cm_order , cm_state) values(17917,982,'2014款 XT 1.6T 自动新锐运动版','2014款',6,0);
insert into t_car_model(cm_id , cs_id , cm_name,cm_type ,cm_order , cm_state) values(13959,982,'2013款 XT 1.6L 手动舒适版','2013款',1,0);
insert into t_car_model(cm_id , cs_id , cm_name,cm_type ,cm_order , cm_state) values(13961,982,'2013款 XT 1.6L 自动舒适版','2013款',2,0);
insert into t_car_model(cm_id , cs_id , cm_name,cm_type ,cm_order , cm_state) values(13971,982,'2013款 GT 1.6T 自动新锐运动版','2013款',3,0);
insert into t_car_model(cm_id , cs_id , cm_name,cm_type ,cm_order , cm_state) values(13960,982,'2013款 XT 1.6L 手动进取版','2013款',4,0);
insert into t_car_model(cm_id , cs_id , cm_name,cm_type ,cm_order , cm_state) values(13962,982,'2013款 XT 1.6L 自动时尚版','2013款',5,0);
insert into t_car_model(cm_id , cs_id , cm_name,cm_type ,cm_order , cm_state) values(13963,982,'2013款 XT 1.6T 自动时尚运动版','2013款',6,0);
insert into t_car_model(cm_id , cs_id , cm_name,cm_type ,cm_order , cm_state) values(13964,982,'2013款 XT 1.6T 自动新锐运动版','2013款',7,0);
insert into t_car_model(cm_id , cs_id , cm_name,cm_type ,cm_order , cm_state) values(13965,982,'2013款 GT 1.6L 手动舒适版','2013款',8,0);
insert into t_car_model(cm_id , cs_id , cm_name,cm_type ,cm_order , cm_state) values(13967,982,'2013款 GT 1.6L 自动舒适版','2013款',9,0);
insert into t_car_model(cm_id , cs_id , cm_name,cm_type ,cm_order , cm_state) values(13966,982,'2013款 GT 1.6L 手动进取版','2013款',10,0);
insert into t_car_model(cm_id , cs_id , cm_name,cm_type ,cm_order , cm_state) values(13968,982,'2013款 GT 1.6L 自动时尚版','2013款',11,0);
insert into t_car_model(cm_id , cs_id , cm_name,cm_type ,cm_order , cm_state) values(13969,982,'2013款 GT 1.8L 自动时尚版','2013款',12,0);
insert into t_car_model(cm_id , cs_id , cm_name,cm_type ,cm_order , cm_state) values(13970,982,'2013款 GT 1.6T 自动时尚运动版','2013款',13,0);
insert into t_car_model(cm_id , cs_id , cm_name,cm_type ,cm_order , cm_state) values(12443,982,'2012款 XT 1.6L 手动舒适版','2012款',1,0);
insert into t_car_model(cm_id , cs_id , cm_name,cm_type ,cm_order , cm_state) values(12444,982,'2012款 XT 1.6L 自动舒适版','2012款',2,0);
insert into t_car_model(cm_id , cs_id , cm_name,cm_type ,cm_order , cm_state) values(11854,982,'2012款 XT 1.6L 手动进取版','2012款',3,0);
insert into t_car_model(cm_id , cs_id , cm_name,cm_type ,cm_order , cm_state) values(11855,982,'2012款 XT 1.6L 自动时尚版','2012款',4,0);
insert into t_car_model(cm_id , cs_id , cm_name,cm_type ,cm_order , cm_state) values(11856,982,'2012款 XT 1.6T 时尚运动版','2012款',5,0);
insert into t_car_model(cm_id , cs_id , cm_name,cm_type ,cm_order , cm_state) values(11857,982,'2012款 XT 1.6T 新锐运动版','2012款',6,0);
insert into t_car_model(cm_id , cs_id , cm_name,cm_type ,cm_order , cm_state) values(12445,982,'2012款 GT 1.6L 手动舒适版','2012款',7,0);
insert into t_car_model(cm_id , cs_id , cm_name,cm_type ,cm_order , cm_state) values(12446,982,'2012款 GT 1.6L 自动舒适版','2012款',8,0);
insert into t_car_model(cm_id , cs_id , cm_name,cm_type ,cm_order , cm_state) values(11858,982,'2012款 GT 1.6L 手动进取版','2012款',9,0);
insert into t_car_model(cm_id , cs_id , cm_name,cm_type ,cm_order , cm_state) values(11859,982,'2012款 GT 1.6L 自动时尚版','2012款',10,0);
insert into t_car_model(cm_id , cs_id , cm_name,cm_type ,cm_order , cm_state) values(11860,982,'2012款 GT 1.8L 自动时尚真皮版','2012款',11,0);
insert into t_car_model(cm_id , cs_id , cm_name,cm_type ,cm_order , cm_state) values(11861,982,'2012款 GT 1.6T 时尚运动真皮版','2012款',12,0);
insert into t_car_model(cm_id , cs_id , cm_name,cm_type ,cm_order , cm_state) values(11862,982,'2012款 GT 1.6T 新锐运动版','2012款',13,0);
insert into t_car_model(cm_id , cs_id , cm_name,cm_type ,cm_order , cm_state) values(10193,982,'2011款 GT 1.6T 时尚运动版真皮款','2011款',1,0);
insert into t_car_model(cm_id , cs_id , cm_name,cm_type ,cm_order , cm_state) values(10192,982,'2011款 GT 1.8L 自动时尚版真皮款','2011款',2,0);
insert into t_car_model(cm_id , cs_id , cm_name,cm_type ,cm_order , cm_state) values(6416,982,'2010款 XT 1.6L 手动进取版','2010款',1,0);
insert into t_car_model(cm_id , cs_id , cm_name,cm_type ,cm_order , cm_state) values(7468,982,'2010款 XT 1.6L 自动时尚版','2010款',2,0);
insert into t_car_model(cm_id , cs_id , cm_name,cm_type ,cm_order , cm_state) values(6967,982,'2010款 XT 1.6T 时尚运动版','2010款',3,0);
insert into t_car_model(cm_id , cs_id , cm_name,cm_type ,cm_order , cm_state) values(6671,982,'2010款 XT 1.6T 新锐运动版','2010款',4,0);
insert into t_car_model(cm_id , cs_id , cm_name,cm_type ,cm_order , cm_state) values(6966,982,'2010款 XT 1.8L 自动时尚版','2010款',5,0);
insert into t_car_model(cm_id , cs_id , cm_name,cm_type ,cm_order , cm_state) values(6662,982,'2010款 XT 1.8L 自动豪华版','2010款',6,0);
insert into t_car_model(cm_id , cs_id , cm_name,cm_type ,cm_order , cm_state) values(7992,982,'2010款 GT 1.6L 手动进取版','2010款',7,0);
insert into t_car_model(cm_id , cs_id , cm_name,cm_type ,cm_order , cm_state) values(7993,982,'2010款 GT 1.6L 自动时尚版','2010款',8,0);
insert into t_car_model(cm_id , cs_id , cm_name,cm_type ,cm_order , cm_state) values(7996,982,'2010款 GT 1.6T 时尚运动版','2010款',9,0);
insert into t_car_model(cm_id , cs_id , cm_name,cm_type ,cm_order , cm_state) values(7998,982,'2010款 GT 1.6T 新锐运动版','2010款',10,0);
insert into t_car_model(cm_id , cs_id , cm_name,cm_type ,cm_order , cm_state) values(7994,982,'2010款 GT 1.8L 自动时尚版','2010款',11,0);
insert into t_car_model(cm_id , cs_id , cm_name,cm_type ,cm_order , cm_state) values(7488,982,'2010款 GT 1.8L 自动豪华版','2010款',12,0);
insert into t_car_series(cs_id,cbf_id,cs_name,cs_order,cs_letter) values(4552,93,'阅朗',750,'Y');
insert into t_car_model(cm_id , cs_id , cm_name,cm_type ,cm_order , cm_state) values(40019,4552,'2019款 15T 双离合互联精英型 国VI','2019款',1,0);
insert into t_car_model(cm_id , cs_id , cm_name,cm_type ,cm_order , cm_state) values(37308,4552,'2019款 18T 自动互联精英型 国VI','2019款',2,0);
insert into t_car_model(cm_id , cs_id , cm_name,cm_type ,cm_order , cm_state) values(37309,4552,'2019款 18T 自动互联旗舰型 国VI','2019款',3,0);
insert into t_car_model(cm_id , cs_id , cm_name,cm_type ,cm_order , cm_state) values(35997,4552,'2019款 18T 自动互联精英型 国V','2019款',4,0);
insert into t_car_model(cm_id , cs_id , cm_name,cm_type ,cm_order , cm_state) values(35998,4552,'2019款 18T 自动互联旗舰型 国V','2019款',5,0);
insert into t_car_model(cm_id , cs_id , cm_name,cm_type ,cm_order , cm_state) values(37079,4552,'2019款 15T 双离合互联精英型 国V','2019款',6,0);
insert into t_car_model(cm_id , cs_id , cm_name,cm_type ,cm_order , cm_state) values(32209,4552,'2018款 15T 手动精英型','2018款',1,0);
insert into t_car_model(cm_id , cs_id , cm_name,cm_type ,cm_order , cm_state) values(32210,4552,'2018款 15T 双离合精英型','2018款',2,0);
insert into t_car_model(cm_id , cs_id , cm_name,cm_type ,cm_order , cm_state) values(32211,4552,'2018款 18T 自动精英型','2018款',3,0);
insert into t_car_model(cm_id , cs_id , cm_name,cm_type ,cm_order , cm_state) values(31781,4552,'2018款 18T 自动旗舰型','2018款',4,0);
insert into t_car_series(cs_id,cbf_id,cs_name,cs_order,cs_letter) values(164,93,'君威',751,'J');
insert into t_car_model(cm_id , cs_id , cm_name,cm_type ,cm_order , cm_state) values(37984,164,'2019款 20T 领先型 国VI','2019款',1,0);
insert into t_car_model(cm_id , cs_id , cm_name,cm_type ,cm_order , cm_state) values(37985,164,'2019款 20T 精英型 国VI','2019款',2,0);
insert into t_car_model(cm_id , cs_id , cm_name,cm_type ,cm_order , cm_state) values(37986,164,'2019款 20T 豪华型 国VI','2019款',3,0);
insert into t_car_model(cm_id , cs_id , cm_name,cm_type ,cm_order , cm_state) values(37987,164,'2019款 20T 尊贵型 国VI','2019款',4,0);
insert into t_car_model(cm_id , cs_id , cm_name,cm_type ,cm_order , cm_state) values(37988,164,'2019款 28T 尊享型 国VI','2019款',5,0);
insert into t_car_model(cm_id , cs_id , cm_name,cm_type ,cm_order , cm_state) values(41283,164,'2019款 GS 28T 精英型 国VI','2019款',6,0);
insert into t_car_model(cm_id , cs_id , cm_name,cm_type ,cm_order , cm_state) values(37989,164,'2019款 GS 28T 豪华型 国VI','2019款',7,0);
insert into t_car_model(cm_id , cs_id , cm_name,cm_type ,cm_order , cm_state) values(37990,164,'2019款 GS 28T 尊贵型 国VI','2019款',8,0);
insert into t_car_model(cm_id , cs_id , cm_name,cm_type ,cm_order , cm_state) values(37397,164,'2019款 20T 领先型 国V','2019款',9,0);
insert into t_car_model(cm_id , cs_id , cm_name,cm_type ,cm_order , cm_state) values(37398,164,'2019款 20T 精英型 国V','2019款',10,0);
insert into t_car_model(cm_id , cs_id , cm_name,cm_type ,cm_order , cm_state) values(37399,164,'2019款 20T 豪华型 国V','2019款',11,0);
insert into t_car_model(cm_id , cs_id , cm_name,cm_type ,cm_order , cm_state) values(37400,164,'2019款 20T 尊贵型 国V','2019款',12,0);
insert into t_car_model(cm_id , cs_id , cm_name,cm_type ,cm_order , cm_state) values(37401,164,'2019款 28T 尊享型 国V','2019款',13,0);
insert into t_car_model(cm_id , cs_id , cm_name,cm_type ,cm_order , cm_state) values(37402,164,'2019款 GS 28T 豪华型 国V','2019款',14,0);
insert into t_car_model(cm_id , cs_id , cm_name,cm_type ,cm_order , cm_state) values(37403,164,'2019款 GS 28T 尊贵型 国V','2019款',15,0);
insert into t_car_model(cm_id , cs_id , cm_name,cm_type ,cm_order , cm_state) values(35295,164,'2018款 GS 28T 穿越火线联名限量版','2018款',1,0);
insert into t_car_model(cm_id , cs_id , cm_name,cm_type ,cm_order , cm_state) values(31052,164,'2017款 20T 领先型','2017款',1,0);
insert into t_car_model(cm_id , cs_id , cm_name,cm_type ,cm_order , cm_state) values(31053,164,'2017款 20T 精英型','2017款',2,0);
insert into t_car_model(cm_id , cs_id , cm_name,cm_type ,cm_order , cm_state) values(31096,164,'2017款 20T 豪华型','2017款',3,0);
insert into t_car_model(cm_id , cs_id , cm_name,cm_type ,cm_order , cm_state) values(31020,164,'2017款 20T 尊贵型','2017款',4,0);
insert into t_car_model(cm_id , cs_id , cm_name,cm_type ,cm_order , cm_state) values(31054,164,'2017款 28T 尊享型','2017款',5,0);
insert into t_car_model(cm_id , cs_id , cm_name,cm_type ,cm_order , cm_state) values(30192,164,'2017款 28T 尊贵型','2017款',6,0);
insert into t_car_model(cm_id , cs_id , cm_name,cm_type ,cm_order , cm_state) values(31098,164,'2017款 30H 精英型','2017款',7,0);
insert into t_car_model(cm_id , cs_id , cm_name,cm_type ,cm_order , cm_state) values(31099,164,'2017款 30H 豪华型','2017款',8,0);
insert into t_car_model(cm_id , cs_id , cm_name,cm_type ,cm_order , cm_state) values(31100,164,'2017款 GS 28T 豪华型','2017款',9,0);
insert into t_car_model(cm_id , cs_id , cm_name,cm_type ,cm_order , cm_state) values(31056,164,'2017款 GS 28T 尊贵型','2017款',10,0);
insert into t_car_model(cm_id , cs_id , cm_name,cm_type ,cm_order , cm_state) values(22023,164,'2015款 2.0L 领先时尚型','2015款',1,0);
insert into t_car_model(cm_id , cs_id , cm_name,cm_type ,cm_order , cm_state) values(22024,164,'2015款 2.0L 精英时尚型','2015款',2,0);
insert into t_car_model(cm_id , cs_id , cm_name,cm_type ,cm_order , cm_state) values(20603,164,'2015款 1.6T 领先技术型','2015款',3,0);
insert into t_car_model(cm_id , cs_id , cm_name,cm_type ,cm_order , cm_state) values(22025,164,'2015款 1.6T 时尚技术型','2015款',4,0);
insert into t_car_model(cm_id , cs_id , cm_name,cm_type ,cm_order , cm_state) values(20602,164,'2015款 1.6T 精英技术型','2015款',5,0);
insert into t_car_model(cm_id , cs_id , cm_name,cm_type ,cm_order , cm_state) values(22026,164,'2015款 GS 2.0T 豪情运动版','2015款',6,0);
insert into t_car_model(cm_id , cs_id , cm_name,cm_type ,cm_order , cm_state) values(22027,164,'2015款 GS 2.0T 燃情运动版','2015款',7,0);
insert into t_car_model(cm_id , cs_id , cm_name,cm_type ,cm_order , cm_state) values(22028,164,'2015款 GS 2.0T 纵情运动版','2015款',8,0);
insert into t_car_model(cm_id , cs_id , cm_name,cm_type ,cm_order , cm_state) values(17131,164,'2014款 2.0L 领先时尚型','2014款',1,0);
insert into t_car_model(cm_id , cs_id , cm_name,cm_type ,cm_order , cm_state) values(17130,164,'2014款 2.0L 精英时尚型','2014款',2,0);
insert into t_car_model(cm_id , cs_id , cm_name,cm_type ,cm_order , cm_state) values(17129,164,'2014款 1.6T 时尚技术型','2014款',3,0);
insert into t_car_model(cm_id , cs_id , cm_name,cm_type ,cm_order , cm_state) values(17128,164,'2014款 2.4L SIDI精英时尚型','2014款',4,0);
insert into t_car_model(cm_id , cs_id , cm_name,cm_type ,cm_order , cm_state) values(17031,164,'2014款 2.4L SIDI豪华时尚型','2014款',5,0);
insert into t_car_model(cm_id , cs_id , cm_name,cm_type ,cm_order , cm_state) values(17127,164,'2014款 GS 2.0T 豪情运动版','2014款',6,0);
insert into t_car_model(cm_id , cs_id , cm_name,cm_type ,cm_order , cm_state) values(17126,164,'2014款 GS 2.0T 燃情运动版','2014款',7,0);
insert into t_car_model(cm_id , cs_id , cm_name,cm_type ,cm_order , cm_state) values(16993,164,'2014款 GS 2.0T 纵情运动版','2014款',8,0);
insert into t_car_model(cm_id , cs_id , cm_name,cm_type ,cm_order , cm_state) values(14867,164,'2013款 1.6T 自动精英运动版','2013款',1,0);
insert into t_car_model(cm_id , cs_id , cm_name,cm_type ,cm_order , cm_state) values(14188,164,'2013款 GS 2.0T 豪情运动版','2013款',2,0);
insert into t_car_model(cm_id , cs_id , cm_name,cm_type ,cm_order , cm_state) values(14189,164,'2013款 GS 2.0T 纵情运动版','2013款',3,0);
insert into t_car_model(cm_id , cs_id , cm_name,cm_type ,cm_order , cm_state) values(11912,164,'2012款 1.6T 手动精英运动版','2012款',1,0);
insert into t_car_model(cm_id , cs_id , cm_name,cm_type ,cm_order , cm_state) values(11916,164,'2012款 2.0T 豪华运动版','2012款',2,0);
insert into t_car_model(cm_id , cs_id , cm_name,cm_type ,cm_order , cm_state) values(11917,164,'2012款 GS 2.0T 超级运动版','2012款',3,0);
insert into t_car_model(cm_id , cs_id , cm_name,cm_type ,cm_order , cm_state) values(11911,164,'2012款 2.0L 舒适版','2012款',4,0);
insert into t_car_model(cm_id , cs_id , cm_name,cm_type ,cm_order , cm_state) values(11913,164,'2012款 2.0L 豪华版','2012款',5,0);
insert into t_car_model(cm_id , cs_id , cm_name,cm_type ,cm_order , cm_state) values(11914,164,'2012款 2.4L SIDI精英版','2012款',6,0);
insert into t_car_model(cm_id , cs_id , cm_name,cm_type ,cm_order , cm_state) values(11915,164,'2012款 2.4L SIDI旗舰版','2012款',7,0);
insert into t_car_model(cm_id , cs_id , cm_name,cm_type ,cm_order , cm_state) values(9739,164,'2011款 2.0L 舒适版','2011款',1,0);
insert into t_car_model(cm_id , cs_id , cm_name,cm_type ,cm_order , cm_state) values(9271,164,'2011款 2.4L SIDI舒适版','2011款',2,0);
insert into t_car_model(cm_id , cs_id , cm_name,cm_type ,cm_order , cm_state) values(9270,164,'2011款 2.4L SIDI精英版','2011款',3,0);
insert into t_car_model(cm_id , cs_id , cm_name,cm_type ,cm_order , cm_state) values(9269,164,'2011款 2.4L SIDI旗舰版','2011款',4,0);
insert into t_car_model(cm_id , cs_id , cm_name,cm_type ,cm_order , cm_state) values(9061,164,'2011款 GS 2.0T 超级运动版','2011款',5,0);
insert into t_car_model(cm_id , cs_id , cm_name,cm_type ,cm_order , cm_state) values(7430,164,'2010款 1.6T 精英运动版','2010款',1,0);
insert into t_car_model(cm_id , cs_id , cm_name,cm_type ,cm_order , cm_state) values(4718,164,'2010款 2.4L 舒适版','2010款',2,0);
insert into t_car_model(cm_id , cs_id , cm_name,cm_type ,cm_order , cm_state) values(7434,164,'2010款 2.4L 精英版','2010款',3,0);
insert into t_car_model(cm_id , cs_id , cm_name,cm_type ,cm_order , cm_state) values(7435,164,'2010款 2.4L 旗舰版','2010款',4,0);
insert into t_car_model(cm_id , cs_id , cm_name,cm_type ,cm_order , cm_state) values(7432,164,'2010款 2.0L 世博版','2010款',5,0);
insert into t_car_model(cm_id , cs_id , cm_name,cm_type ,cm_order , cm_state) values(7433,164,'2010款 2.0T 豪华运动版','2010款',6,0);
insert into t_car_model(cm_id , cs_id , cm_name,cm_type ,cm_order , cm_state) values(7428,164,'2010款 2.0T 旗舰运动版','2010款',7,0);
insert into t_car_model(cm_id , cs_id , cm_name,cm_type ,cm_order , cm_state) values(5967,164,'2009款 1.6T 精英运动版','2009款',1,0);
insert into t_car_model(cm_id , cs_id , cm_name,cm_type ,cm_order , cm_state) values(4717,164,'2009款 2.0L 舒适版','2009款',2,0);
insert into t_car_model(cm_id , cs_id , cm_name,cm_type ,cm_order , cm_state) values(4571,164,'2009款 2.0L 精英版','2009款',3,0);
insert into t_car_model(cm_id , cs_id , cm_name,cm_type ,cm_order , cm_state) values(4965,164,'2009款 2.4L 精英版','2009款',4,0);
insert into t_car_model(cm_id , cs_id , cm_name,cm_type ,cm_order , cm_state) values(4573,164,'2009款 2.4L 旗舰版','2009款',5,0);
insert into t_car_model(cm_id , cs_id , cm_name,cm_type ,cm_order , cm_state) values(4572,164,'2009款 2.0T 豪华运动版','2009款',6,0);
insert into t_car_model(cm_id , cs_id , cm_name,cm_type ,cm_order , cm_state) values(2275,164,'2006款 2.0L 手动舒适','2006款',1,0);
insert into t_car_model(cm_id , cs_id , cm_name,cm_type ,cm_order , cm_state) values(2276,164,'2006款 2.5L 自动豪华','2006款',2,0);
insert into t_car_model(cm_id , cs_id , cm_name,cm_type ,cm_order , cm_state) values(1475,164,'2005款 2.0L 豪华版','2005款',1,0);
insert into t_car_model(cm_id , cs_id , cm_name,cm_type ,cm_order , cm_state) values(1476,164,'2005款 2.5L G基本型','2005款',2,0);
insert into t_car_model(cm_id , cs_id , cm_name,cm_type ,cm_order , cm_state) values(1477,164,'2005款 2.5L G豪华版','2005款',3,0);
insert into t_car_model(cm_id , cs_id , cm_name,cm_type ,cm_order , cm_state) values(1478,164,'2005款 3.0L GL豪华版','2005款',4,0);
insert into t_car_model(cm_id , cs_id , cm_name,cm_type ,cm_order , cm_state) values(1479,164,'2005款 GS 3.0L 旗舰版','2005款',5,0);
insert into t_car_model(cm_id , cs_id , cm_name,cm_type ,cm_order , cm_state) values(322,164,'2004款 2.0L 标准型','2004款',1,0);
insert into t_car_model(cm_id , cs_id , cm_name,cm_type ,cm_order , cm_state) values(967,164,'2004款 2.0L 豪华型','2004款',2,0);
insert into t_car_model(cm_id , cs_id , cm_name,cm_type ,cm_order , cm_state) values(1199,164,'2004款 2.5L 标准型','2004款',3,0);
insert into t_car_model(cm_id , cs_id , cm_name,cm_type ,cm_order , cm_state) values(321,164,'2004款 2.5L 豪华型','2004款',4,0);
insert into t_car_model(cm_id , cs_id , cm_name,cm_type ,cm_order , cm_state) values(318,164,'2004款 3.0L 标准型','2004款',5,0);
insert into t_car_model(cm_id , cs_id , cm_name,cm_type ,cm_order , cm_state) values(319,164,'2004款 3.0L 旗舰版','2004款',6,0);
insert into t_car_series(cs_id,cbf_id,cs_name,cs_order,cs_letter) values(834,93,'君越',752,'J');
insert into t_car_model(cm_id , cs_id , cm_name,cm_type ,cm_order , cm_state) values(41226,834,'2019款 28T 精英型','2019款',1,0);
insert into t_car_model(cm_id , cs_id , cm_name,cm_type ,cm_order , cm_state) values(38426,834,'2019款 28T 豪华型','2019款',2,0);
insert into t_car_model(cm_id , cs_id , cm_name,cm_type ,cm_order , cm_state) values(38081,834,'2019款 28T 尊贵型','2019款',3,0);
insert into t_car_model(cm_id , cs_id , cm_name,cm_type ,cm_order , cm_state) values(38411,834,'2019款 28T Avenir','2019款',4,0);
insert into t_car_model(cm_id , cs_id , cm_name,cm_type ,cm_order , cm_state) values(32784,834,'2018款 20T 领先型','2018款',1,0);
insert into t_car_model(cm_id , cs_id , cm_name,cm_type ,cm_order , cm_state) values(32785,834,'2018款 20T 精英型','2018款',2,0);
insert into t_car_model(cm_id , cs_id , cm_name,cm_type ,cm_order , cm_state) values(32786,834,'2018款 20T 豪华型','2018款',3,0);
insert into t_car_model(cm_id , cs_id , cm_name,cm_type ,cm_order , cm_state) values(32790,834,'2018款 30H 豪华型','2018款',4,0);
insert into t_car_model(cm_id , cs_id , cm_name,cm_type ,cm_order , cm_state) values(32789,834,'2018款 30H 精英型','2018款',5,0);
insert into t_car_model(cm_id , cs_id , cm_name,cm_type ,cm_order , cm_state) values(32787,834,'2018款 28T 精英型','2018款',6,0);
insert into t_car_model(cm_id , cs_id , cm_name,cm_type ,cm_order , cm_state) values(32788,834,'2018款 28T 豪华型','2018款',7,0);
insert into t_car_model(cm_id , cs_id , cm_name,cm_type ,cm_order , cm_state) values(32594,834,'2018款 28T Avenir','2018款',8,0);
insert into t_car_model(cm_id , cs_id , cm_name,cm_type ,cm_order , cm_state) values(25681,834,'2016款 20T 领先型','2016款',1,0);
insert into t_car_model(cm_id , cs_id , cm_name,cm_type ,cm_order , cm_state) values(27726,834,'2016款 改款 20T 领先型','2016款',2,0);
insert into t_car_model(cm_id , cs_id , cm_name,cm_type ,cm_order , cm_state) values(25682,834,'2016款 20T 精英型','2016款',3,0);
insert into t_car_model(cm_id , cs_id , cm_name,cm_type ,cm_order , cm_state) values(25184,834,'2016款 20T 豪华型','2016款',4,0);
insert into t_car_model(cm_id , cs_id , cm_name,cm_type ,cm_order , cm_state) values(25683,834,'2016款 28T 精英型','2016款',5,0);
insert into t_car_model(cm_id , cs_id , cm_name,cm_type ,cm_order , cm_state) values(27725,834,'2016款 改款 28T 精英型','2016款',6,0);
insert into t_car_model(cm_id , cs_id , cm_name,cm_type ,cm_order , cm_state) values(27724,834,'2016款 28T 尊享型','2016款',7,0);
insert into t_car_model(cm_id , cs_id , cm_name,cm_type ,cm_order , cm_state) values(25684,834,'2016款 28T 豪华型','2016款',8,0);
insert into t_car_model(cm_id , cs_id , cm_name,cm_type ,cm_order , cm_state) values(25108,834,'2016款 28T 旗舰型','2016款',9,0);
insert into t_car_model(cm_id , cs_id , cm_name,cm_type ,cm_order , cm_state) values(27514,834,'2016款 30H 精英型','2016款',10,0);
insert into t_car_model(cm_id , cs_id , cm_name,cm_type ,cm_order , cm_state) values(26114,834,'2016款 30H 豪华型','2016款',11,0);
insert into t_car_model(cm_id , cs_id , cm_name,cm_type ,cm_order , cm_state) values(21648,834,'2014款 2.0T SIDI 精英技术型','2014款',1,0);
insert into t_car_model(cm_id , cs_id , cm_name,cm_type ,cm_order , cm_state) values(21649,834,'2014款 2.0T SIDI 智享旗舰型','2014款',2,0);
insert into t_car_model(cm_id , cs_id , cm_name,cm_type ,cm_order , cm_state) values(15401,834,'2013款 eAssist 2.4L节能舒适型','2013款',1,0);
insert into t_car_model(cm_id , cs_id , cm_name,cm_type ,cm_order , cm_state) values(16336,834,'2013款 2.0T SIDI 技术型','2013款',2,0);
insert into t_car_model(cm_id , cs_id , cm_name,cm_type ,cm_order , cm_state) values(15403,834,'2013款 2.0T SIDI 精英技术型','2013款',3,0);
insert into t_car_model(cm_id , cs_id , cm_name,cm_type ,cm_order , cm_state) values(15404,834,'2013款 2.0T SIDI 智享旗舰型','2013款',4,0);
insert into t_car_model(cm_id , cs_id , cm_name,cm_type ,cm_order , cm_state) values(16337,834,'2013款 2.4L SIDI领先舒适型','2013款',5,0);
insert into t_car_model(cm_id , cs_id , cm_name,cm_type ,cm_order , cm_state) values(15399,834,'2013款 2.4L SIDI精英舒适型','2013款',6,0);
insert into t_car_model(cm_id , cs_id , cm_name,cm_type ,cm_order , cm_state) values(15400,834,'2013款 2.4L SIDI豪华舒适型','2013款',7,0);
insert into t_car_model(cm_id , cs_id , cm_name,cm_type ,cm_order , cm_state) values(15402,834,'2013款 3.0L SIDI V6智享旗舰型','2013款',8,0);
insert into t_car_model(cm_id , cs_id , cm_name,cm_type ,cm_order , cm_state) values(11918,834,'2012款 2.4L SIDI舒适版','2012款',1,0);
insert into t_car_model(cm_id , cs_id , cm_name,cm_type ,cm_order , cm_state) values(11919,834,'2012款 2.4L SIDI雅致版','2012款',2,0);
insert into t_car_model(cm_id , cs_id , cm_name,cm_type ,cm_order , cm_state) values(11920,834,'2012款 2.4L SIDI豪雅版','2012款',3,0);
insert into t_car_model(cm_id , cs_id , cm_name,cm_type ,cm_order , cm_state) values(11921,834,'2012款 2.4L SIDI豪华版','2012款',4,0);
insert into t_car_model(cm_id , cs_id , cm_name,cm_type ,cm_order , cm_state) values(11922,834,'2012款 eAssist 2.4L雅致版','2012款',5,0);
insert into t_car_model(cm_id , cs_id , cm_name,cm_type ,cm_order , cm_state) values(11923,834,'2012款 eAssist 2.4L豪雅版','2012款',6,0);
insert into t_car_model(cm_id , cs_id , cm_name,cm_type ,cm_order , cm_state) values(11924,834,'2012款 2.0T舒适版','2012款',7,0);
insert into t_car_model(cm_id , cs_id , cm_name,cm_type ,cm_order , cm_state) values(11925,834,'2012款 2.0T豪雅版','2012款',8,0);
insert into t_car_model(cm_id , cs_id , cm_name,cm_type ,cm_order , cm_state) values(11926,834,'2012款 2.0T旗舰版','2012款',9,0);
insert into t_car_model(cm_id , cs_id , cm_name,cm_type ,cm_order , cm_state) values(11927,834,'2012款 3.0L旗舰版','2012款',10,0);
insert into t_car_model(cm_id , cs_id , cm_name,cm_type ,cm_order , cm_state) values(9249,834,'2011款 2.0T旗舰版','2011款',1,0);
insert into t_car_model(cm_id , cs_id , cm_name,cm_type ,cm_order , cm_state) values(9272,834,'2011款 2.4L SIDI舒适版','2011款',2,0);
insert into t_car_model(cm_id , cs_id , cm_name,cm_type ,cm_order , cm_state) values(11466,834,'2011款 2.4L SIDI舒适天窗版','2011款',3,0);
insert into t_car_model(cm_id , cs_id , cm_name,cm_type ,cm_order , cm_state) values(9273,834,'2011款 2.4L SIDI雅致版','2011款',4,0);
insert into t_car_model(cm_id , cs_id , cm_name,cm_type ,cm_order , cm_state) values(9275,834,'2011款 2.4L SIDI豪雅版','2011款',5,0);
insert into t_car_model(cm_id , cs_id , cm_name,cm_type ,cm_order , cm_state) values(9276,834,'2011款 2.4L SIDI豪华版','2011款',6,0);
insert into t_car_model(cm_id , cs_id , cm_name,cm_type ,cm_order , cm_state) values(10624,834,'2011款 eAssist 2.4L雅致版','2011款',7,0);
insert into t_car_model(cm_id , cs_id , cm_name,cm_type ,cm_order , cm_state) values(10625,834,'2011款 eAssist 2.4L豪雅版','2011款',8,0);
insert into t_car_model(cm_id , cs_id , cm_name,cm_type ,cm_order , cm_state) values(7444,834,'2010款 2.4L雅致版','2010款',1,0);
insert into t_car_model(cm_id , cs_id , cm_name,cm_type ,cm_order , cm_state) values(7445,834,'2010款 2.4L豪雅版','2010款',2,0);
insert into t_car_model(cm_id , cs_id , cm_name,cm_type ,cm_order , cm_state) values(7484,834,'2010款 2.0T舒适版','2010款',3,0);
insert into t_car_model(cm_id , cs_id , cm_name,cm_type ,cm_order , cm_state) values(7446,834,'2010款 2.4L豪华版','2010款',4,0);
insert into t_car_model(cm_id , cs_id , cm_name,cm_type ,cm_order , cm_state) values(7486,834,'2010款 2.0T豪雅版','2010款',5,0);
insert into t_car_model(cm_id , cs_id , cm_name,cm_type ,cm_order , cm_state) values(7447,834,'2010款 3.0L旗舰版','2010款',6,0);
insert into t_car_model(cm_id , cs_id , cm_name,cm_type ,cm_order , cm_state) values(5633,834,'2009款 2.4L舒适版','2009款',1,0);
insert into t_car_model(cm_id , cs_id , cm_name,cm_type ,cm_order , cm_state) values(5634,834,'2009款 2.4L雅致版','2009款',2,0);
insert into t_car_model(cm_id , cs_id , cm_name,cm_type ,cm_order , cm_state) values(5635,834,'2009款 2.4L豪雅版','2009款',3,0);
insert into t_car_model(cm_id , cs_id , cm_name,cm_type ,cm_order , cm_state) values(5636,834,'2009款 2.4L豪华版','2009款',4,0);
insert into t_car_model(cm_id , cs_id , cm_name,cm_type ,cm_order , cm_state) values(5354,834,'2009款 3.0L旗舰版','2009款',5,0);
insert into t_car_model(cm_id , cs_id , cm_name,cm_type ,cm_order , cm_state) values(4186,834,'2008款 2.4 标准版','2008款',1,0);
insert into t_car_model(cm_id , cs_id , cm_name,cm_type ,cm_order , cm_state) values(3607,834,'2008款 2.4 舒适型','2008款',2,0);
insert into t_car_model(cm_id , cs_id , cm_name,cm_type ,cm_order , cm_state) values(4188,834,'2008款 2.4 舒适爵士版','2008款',3,0);
insert into t_car_model(cm_id , cs_id , cm_name,cm_type ,cm_order , cm_state) values(3608,834,'2008款 2.4 豪华导航版','2008款',4,0);
insert into t_car_model(cm_id , cs_id , cm_name,cm_type ,cm_order , cm_state) values(4187,834,'2008款 2.4 豪华导航爵士版','2008款',5,0);
insert into t_car_model(cm_id , cs_id , cm_name,cm_type ,cm_order , cm_state) values(3609,834,'2008款 2.4 精英版','2008款',6,0);
insert into t_car_model(cm_id , cs_id , cm_name,cm_type ,cm_order , cm_state) values(3610,834,'2008款 2.4 精英爵士版','2008款',7,0);
insert into t_car_model(cm_id , cs_id , cm_name,cm_type ,cm_order , cm_state) values(4147,834,'2008款 2.4 油电混合动力车','2008款',8,0);
insert into t_car_model(cm_id , cs_id , cm_name,cm_type ,cm_order , cm_state) values(2831,834,'2007款 2.4 标准型','2007款',1,0);
insert into t_car_model(cm_id , cs_id , cm_name,cm_type ,cm_order , cm_state) values(2658,834,'2007款 2.4 豪华导航版','2007款',2,0);
insert into t_car_model(cm_id , cs_id , cm_name,cm_type ,cm_order , cm_state) values(2052,834,'2006款 2.4 舒适型','2006款',1,0);
insert into t_car_model(cm_id , cs_id , cm_name,cm_type ,cm_order , cm_state) values(2050,834,'2006款 2.4 豪华型','2006款',2,0);
insert into t_car_model(cm_id , cs_id , cm_name,cm_type ,cm_order , cm_state) values(2039,834,'2006款 2.4 精英型','2006款',3,0);
insert into t_car_model(cm_id , cs_id , cm_name,cm_type ,cm_order , cm_state) values(2053,834,'2006款 3.0 豪华型','2006款',4,0);
insert into t_car_model(cm_id , cs_id , cm_name,cm_type ,cm_order , cm_state) values(2051,834,'2006款 3.0 旗舰型','2006款',5,0);
insert into t_car_series(cs_id,cbf_id,cs_name,cs_order,cs_letter) values(2896,93,'昂科拉',753,'A');
insert into t_car_model(cm_id , cs_id , cm_name,cm_type ,cm_order , cm_state) values(40688,2896,'2020款 15T 自动进取型','2020款',1,0);
insert into t_car_model(cm_id , cs_id , cm_name,cm_type ,cm_order , cm_state) values(40689,2896,'2020款 15T 自动舒适型','2020款',2,0);
insert into t_car_model(cm_id , cs_id , cm_name,cm_type ,cm_order , cm_state) values(40690,2896,'2020款 20T CVT精英型','2020款',3,0);
insert into t_car_model(cm_id , cs_id , cm_name,cm_type ,cm_order , cm_state) values(38793,2896,'2020款 20T CVT豪华型','2020款',4,0);
insert into t_car_model(cm_id , cs_id , cm_name,cm_type ,cm_order , cm_state) values(32726,2896,'2018款 18T 手动两驱都市进取型','2018款',1,0);
insert into t_car_model(cm_id , cs_id , cm_name,cm_type ,cm_order , cm_state) values(32727,2896,'2018款 18T 自动两驱都市领先型','2018款',2,0);
insert into t_car_model(cm_id , cs_id , cm_name,cm_type ,cm_order , cm_state) values(32728,2896,'2018款 18T 自动两驱都市时尚型','2018款',3,0);
insert into t_car_model(cm_id , cs_id , cm_name,cm_type ,cm_order , cm_state) values(32729,2896,'2018款 18T 自动两驱都市精英型','2018款',4,0);
insert into t_car_model(cm_id , cs_id , cm_name,cm_type ,cm_order , cm_state) values(32730,2896,'2018款 18T 自动四驱全能旗舰型','2018款',5,0);
insert into t_car_model(cm_id , cs_id , cm_name,cm_type ,cm_order , cm_state) values(28690,2896,'2017款 18T 手动两驱都市进取型','2017款',1,0);
insert into t_car_model(cm_id , cs_id , cm_name,cm_type ,cm_order , cm_state) values(28691,2896,'2017款 18T 自动两驱都市领先型','2017款',2,0);
insert into t_car_model(cm_id , cs_id , cm_name,cm_type ,cm_order , cm_state) values(28692,2896,'2017款 18T 自动两驱都市时尚型','2017款',3,0);
insert into t_car_model(cm_id , cs_id , cm_name,cm_type ,cm_order , cm_state) values(28693,2896,'2017款 18T 自动两驱都市精英型','2017款',4,0);
insert into t_car_model(cm_id , cs_id , cm_name,cm_type ,cm_order , cm_state) values(28694,2896,'2017款 18T 自动四驱全能旗舰型','2017款',5,0);
insert into t_car_model(cm_id , cs_id , cm_name,cm_type ,cm_order , cm_state) values(26634,2896,'2016款 18T 手动两驱都市进取型','2016款',1,0);
insert into t_car_model(cm_id , cs_id , cm_name,cm_type ,cm_order , cm_state) values(26635,2896,'2016款 18T 自动两驱都市领先型','2016款',2,0);
insert into t_car_model(cm_id , cs_id , cm_name,cm_type ,cm_order , cm_state) values(26636,2896,'2016款 18T 自动两驱都市时尚型','2016款',3,0);
insert into t_car_model(cm_id , cs_id , cm_name,cm_type ,cm_order , cm_state) values(26637,2896,'2016款 18T 自动两驱都市精英型','2016款',4,0);
insert into t_car_model(cm_id , cs_id , cm_name,cm_type ,cm_order , cm_state) values(26613,2896,'2016款 18T 自动四驱全能旗舰型','2016款',5,0);
insert into t_car_model(cm_id , cs_id , cm_name,cm_type ,cm_order , cm_state) values(20416,2896,'2015款 1.4T 手动两驱都市进取型','2015款',1,0);
insert into t_car_model(cm_id , cs_id , cm_name,cm_type ,cm_order , cm_state) values(20417,2896,'2015款 1.4T 自动两驱都市精英型','2015款',2,0);
insert into t_car_model(cm_id , cs_id , cm_name,cm_type ,cm_order , cm_state) values(20418,2896,'2015款 1.4T 手动两驱都市运动型','2015款',3,0);
insert into t_car_model(cm_id , cs_id , cm_name,cm_type ,cm_order , cm_state) values(20419,2896,'2015款 1.4T 自动两驱都市领先型','2015款',4,0);
insert into t_car_model(cm_id , cs_id , cm_name,cm_type ,cm_order , cm_state) values(20420,2896,'2015款 1.4T 自动四驱全能旗舰型','2015款',5,0);
insert into t_car_model(cm_id , cs_id , cm_name,cm_type ,cm_order , cm_state) values(17604,2896,'2014款 1.4T 手动两驱都市进取型','2014款',1,0);
insert into t_car_model(cm_id , cs_id , cm_name,cm_type ,cm_order , cm_state) values(17605,2896,'2014款 1.4T 自动两驱都市精英型','2014款',2,0);
insert into t_car_model(cm_id , cs_id , cm_name,cm_type ,cm_order , cm_state) values(17403,2896,'2014款 1.4T 手动两驱都市运动型','2014款',3,0);
insert into t_car_model(cm_id , cs_id , cm_name,cm_type ,cm_order , cm_state) values(17606,2896,'2014款 1.4T 自动两驱都市领先型','2014款',4,0);
insert into t_car_model(cm_id , cs_id , cm_name,cm_type ,cm_order , cm_state) values(17608,2896,'2014款 1.4T 自动四驱全能旗舰型','2014款',5,0);
insert into t_car_model(cm_id , cs_id , cm_name,cm_type ,cm_order , cm_state) values(14046,2896,'2013款 1.4T 手动两驱进取型','2013款',1,0);
insert into t_car_model(cm_id , cs_id , cm_name,cm_type ,cm_order , cm_state) values(14047,2896,'2013款 1.4T 自动两驱精英型','2013款',2,0);
insert into t_car_model(cm_id , cs_id , cm_name,cm_type ,cm_order , cm_state) values(14048,2896,'2013款 1.4T 自动两驱领先型','2013款',3,0);
insert into t_car_model(cm_id , cs_id , cm_name,cm_type ,cm_order , cm_state) values(13864,2896,'2013款 1.4T 自动四驱旗舰型','2013款',4,0);
insert into t_car_series(cs_id,cbf_id,cs_name,cs_order,cs_letter) values(5200,93,'昂科拉GX',754,'A');
insert into t_car_model(cm_id , cs_id , cm_name,cm_type ,cm_order , cm_state) values(40687,5200,'2020款 20T CVT两驱舒适型','2020款',1,0);
insert into t_car_model(cm_id , cs_id , cm_name,cm_type ,cm_order , cm_state) values(40686,5200,'2020款 20T CVT两驱豪华型','2020款',2,0);
insert into t_car_model(cm_id , cs_id , cm_name,cm_type ,cm_order , cm_state) values(38545,5200,'2020款 20T CVT两驱旗舰型','2020款',3,0);
insert into t_car_model(cm_id , cs_id , cm_name,cm_type ,cm_order , cm_state) values(40176,5200,'2020款 20T 自动四驱全能旗舰型','2020款',4,0);
insert into t_car_series(cs_id,cbf_id,cs_name,cs_order,cs_letter) values(3554,93,'昂科威',755,'A');
insert into t_car_model(cm_id , cs_id , cm_name,cm_type ,cm_order , cm_state) values(37320,3554,'2019款 20T 两驱领先型 国VI','2019款',1,0);
insert into t_car_model(cm_id , cs_id , cm_name,cm_type ,cm_order , cm_state) values(37321,3554,'2019款 20T 两驱精英型 国VI','2019款',2,0);
insert into t_car_model(cm_id , cs_id , cm_name,cm_type ,cm_order , cm_state) values(37322,3554,'2019款 20T 两驱豪华型 国VI','2019款',3,0);
insert into t_car_model(cm_id , cs_id , cm_name,cm_type ,cm_order , cm_state) values(37323,3554,'2019款 28T 四驱精英型 国VI','2019款',4,0);
insert into t_car_model(cm_id , cs_id , cm_name,cm_type ,cm_order , cm_state) values(37324,3554,'2019款 28T 四驱豪华型 国VI','2019款',5,0);
insert into t_car_model(cm_id , cs_id , cm_name,cm_type ,cm_order , cm_state) values(37325,3554,'2019款 28T 四驱全能运动旗舰型 国VI','2019款',6,0);
insert into t_car_model(cm_id , cs_id , cm_name,cm_type ,cm_order , cm_state) values(37566,3554,'2019款 20T 两驱领先型 国V','2019款',7,0);
insert into t_car_model(cm_id , cs_id , cm_name,cm_type ,cm_order , cm_state) values(37567,3554,'2019款 20T 两驱精英型 国V','2019款',8,0);
insert into t_car_model(cm_id , cs_id , cm_name,cm_type ,cm_order , cm_state) values(37568,3554,'2019款 20T 两驱豪华型 国V','2019款',9,0);
insert into t_car_model(cm_id , cs_id , cm_name,cm_type ,cm_order , cm_state) values(37569,3554,'2019款 28T 四驱精英型 国V','2019款',10,0);
insert into t_car_model(cm_id , cs_id , cm_name,cm_type ,cm_order , cm_state) values(37570,3554,'2019款 28T 四驱豪华型 国V','2019款',11,0);
insert into t_car_model(cm_id , cs_id , cm_name,cm_type ,cm_order , cm_state) values(37571,3554,'2019款 28T 四驱全能运动旗舰型 国V','2019款',12,0);
insert into t_car_model(cm_id , cs_id , cm_name,cm_type ,cm_order , cm_state) values(32902,3554,'2018款 20T 四驱豪华型','2018款',1,0);
insert into t_car_model(cm_id , cs_id , cm_name,cm_type ,cm_order , cm_state) values(32899,3554,'2018款 20T 两驱领先型','2018款',2,0);
insert into t_car_model(cm_id , cs_id , cm_name,cm_type ,cm_order , cm_state) values(32900,3554,'2018款 20T 两驱精英型','2018款',3,0);
insert into t_car_model(cm_id , cs_id , cm_name,cm_type ,cm_order , cm_state) values(32901,3554,'2018款 20T 两驱豪华型','2018款',4,0);
insert into t_car_model(cm_id , cs_id , cm_name,cm_type ,cm_order , cm_state) values(32903,3554,'2018款 28T 四驱精英型','2018款',5,0);
insert into t_car_model(cm_id , cs_id , cm_name,cm_type ,cm_order , cm_state) values(32904,3554,'2018款 28T 四驱豪华型','2018款',6,0);
insert into t_car_model(cm_id , cs_id , cm_name,cm_type ,cm_order , cm_state) values(32566,3554,'2018款 28T 四驱全能运动旗舰型','2018款',7,0);
insert into t_car_model(cm_id , cs_id , cm_name,cm_type ,cm_order , cm_state) values(27503,3554,'2017款 20T 两驱技术型','2017款',1,0);
insert into t_car_model(cm_id , cs_id , cm_name,cm_type ,cm_order , cm_state) values(27504,3554,'2017款 20T 两驱领先型','2017款',2,0);
insert into t_car_model(cm_id , cs_id , cm_name,cm_type ,cm_order , cm_state) values(27505,3554,'2017款 20T 两驱精英型','2017款',3,0);
insert into t_car_model(cm_id , cs_id , cm_name,cm_type ,cm_order , cm_state) values(27768,3554,'2017款 20T 两驱豪华型','2017款',4,0);
insert into t_car_model(cm_id , cs_id , cm_name,cm_type ,cm_order , cm_state) values(27506,3554,'2017款 20T 四驱豪华型','2017款',5,0);
insert into t_car_model(cm_id , cs_id , cm_name,cm_type ,cm_order , cm_state) values(27507,3554,'2017款 28T 四驱领先型','2017款',6,0);
insert into t_car_model(cm_id , cs_id , cm_name,cm_type ,cm_order , cm_state) values(27508,3554,'2017款 28T 四驱精英型','2017款',7,0);
insert into t_car_model(cm_id , cs_id , cm_name,cm_type ,cm_order , cm_state) values(27509,3554,'2017款 28T 四驱豪华型','2017款',8,0);
insert into t_car_model(cm_id , cs_id , cm_name,cm_type ,cm_order , cm_state) values(27769,3554,'2017款 28T 四驱全能旗舰型','2017款',9,0);
insert into t_car_model(cm_id , cs_id , cm_name,cm_type ,cm_order , cm_state) values(27510,3554,'2017款 28T 四驱全能运动旗舰型','2017款',10,0);
insert into t_car_model(cm_id , cs_id , cm_name,cm_type ,cm_order , cm_state) values(23426,3554,'2016款 20T 两驱领先型','2016款',1,0);
insert into t_car_model(cm_id , cs_id , cm_name,cm_type ,cm_order , cm_state) values(23427,3554,'2016款 20T 两驱精英型','2016款',2,0);
insert into t_car_model(cm_id , cs_id , cm_name,cm_type ,cm_order , cm_state) values(23428,3554,'2016款 20T 四驱精英型','2016款',3,0);
insert into t_car_model(cm_id , cs_id , cm_name,cm_type ,cm_order , cm_state) values(23429,3554,'2016款 20T 四驱豪华型','2016款',4,0);
insert into t_car_model(cm_id , cs_id , cm_name,cm_type ,cm_order , cm_state) values(23430,3554,'2016款 28T 四驱精英型','2016款',5,0);
insert into t_car_model(cm_id , cs_id , cm_name,cm_type ,cm_order , cm_state) values(23431,3554,'2016款 28T 四驱豪华型','2016款',6,0);
insert into t_car_model(cm_id , cs_id , cm_name,cm_type ,cm_order , cm_state) values(23432,3554,'2016款 28T 四驱全能旗舰型','2016款',7,0);
insert into t_car_model(cm_id , cs_id , cm_name,cm_type ,cm_order , cm_state) values(23433,3554,'2016款 28T 四驱全能运动旗舰型','2016款',8,0);
insert into t_car_model(cm_id , cs_id , cm_name,cm_type ,cm_order , cm_state) values(22305,3554,'2015款 20T 两驱领先型','2015款',1,0);
insert into t_car_model(cm_id , cs_id , cm_name,cm_type ,cm_order , cm_state) values(22306,3554,'2015款 20T 两驱精英型','2015款',2,0);
insert into t_car_model(cm_id , cs_id , cm_name,cm_type ,cm_order , cm_state) values(22307,3554,'2015款 20T 四驱精英型','2015款',3,0);
insert into t_car_model(cm_id , cs_id , cm_name,cm_type ,cm_order , cm_state) values(22101,3554,'2015款 20T 四驱豪华型','2015款',4,0);
insert into t_car_model(cm_id , cs_id , cm_name,cm_type ,cm_order , cm_state) values(20098,3554,'2014款 28T 四驱精英型','2014款',1,0);
insert into t_car_model(cm_id , cs_id , cm_name,cm_type ,cm_order , cm_state) values(20099,3554,'2014款 28T 四驱豪华型','2014款',2,0);
insert into t_car_model(cm_id , cs_id , cm_name,cm_type ,cm_order , cm_state) values(20100,3554,'2014款 28T 四驱全能旗舰型','2014款',3,0);
insert into t_car_model(cm_id , cs_id , cm_name,cm_type ,cm_order , cm_state) values(19542,3554,'2014款 28T 四驱全能运动旗舰型','2014款',4,0);
insert into t_car_series(cs_id,cbf_id,cs_name,cs_order,cs_letter) values(4487,93,'别克GL6',756,'B');
insert into t_car_model(cm_id , cs_id , cm_name,cm_type ,cm_order , cm_state) values(37303,4487,'2019款 18T 5座精英型 国VI','2019款',1,0);
insert into t_car_model(cm_id , cs_id , cm_name,cm_type ,cm_order , cm_state) values(37304,4487,'2019款 18T 6座精英型 国VI','2019款',2,0);
insert into t_car_model(cm_id , cs_id , cm_name,cm_type ,cm_order , cm_state) values(37305,4487,'2019款 18T 5座互联豪华型 国VI','2019款',3,0);
insert into t_car_model(cm_id , cs_id , cm_name,cm_type ,cm_order , cm_state) values(37306,4487,'2019款 18T 6座互联豪华型 国VI','2019款',4,0);
insert into t_car_model(cm_id , cs_id , cm_name,cm_type ,cm_order , cm_state) values(37307,4487,'2019款 18T 6座互联尊贵型 国VI','2019款',5,0);
insert into t_car_model(cm_id , cs_id , cm_name,cm_type ,cm_order , cm_state) values(36204,4487,'2019款 18T 5座精英型 国V','2019款',6,0);
insert into t_car_model(cm_id , cs_id , cm_name,cm_type ,cm_order , cm_state) values(36205,4487,'2019款 18T 6座精英型 国V','2019款',7,0);
insert into t_car_model(cm_id , cs_id , cm_name,cm_type ,cm_order , cm_state) values(36193,4487,'2019款 18T 5座互联豪华型 国V','2019款',8,0);
insert into t_car_model(cm_id , cs_id , cm_name,cm_type ,cm_order , cm_state) values(36194,4487,'2019款 18T 6座互联豪华型 国V','2019款',9,0);
insert into t_car_model(cm_id , cs_id , cm_name,cm_type ,cm_order , cm_state) values(36195,4487,'2019款 18T 6座互联尊贵型 国V','2019款',10,0);
insert into t_car_model(cm_id , cs_id , cm_name,cm_type ,cm_order , cm_state) values(35434,4487,'2018款 18T 5座精英型','2018款',1,0);
insert into t_car_model(cm_id , cs_id , cm_name,cm_type ,cm_order , cm_state) values(32180,4487,'2018款 18T 6座精英型','2018款',2,0);
insert into t_car_model(cm_id , cs_id , cm_name,cm_type ,cm_order , cm_state) values(35435,4487,'2018款 18T 5座豪华型','2018款',3,0);
insert into t_car_model(cm_id , cs_id , cm_name,cm_type ,cm_order , cm_state) values(32179,4487,'2018款 18T 6座豪华型','2018款',4,0);
insert into t_car_model(cm_id , cs_id , cm_name,cm_type ,cm_order , cm_state) values(31040,4487,'2018款 18T 6座尊贵型','2018款',5,0);
insert into t_car_series(cs_id,cbf_id,cs_name,cs_order,cs_letter) values(166,93,'别克GL8',757,'B');
insert into t_car_model(cm_id , cs_id , cm_name,cm_type ,cm_order , cm_state) values(38617,166,'2018款 28T 舒适型 国VI','2018款',1,0);
insert into t_car_model(cm_id , cs_id , cm_name,cm_type ,cm_order , cm_state) values(37334,166,'2018款 28T 豪华型 国VI','2018款',2,0);
insert into t_car_model(cm_id , cs_id , cm_name,cm_type ,cm_order , cm_state) values(37335,166,'2018款 28T 尊贵型 国VI','2018款',3,0);
insert into t_car_model(cm_id , cs_id , cm_name,cm_type ,cm_order , cm_state) values(36830,166,'2018款 ES 28T 舒适型 国VI','2018款',4,0);
insert into t_car_model(cm_id , cs_id , cm_name,cm_type ,cm_order , cm_state) values(36831,166,'2018款 ES 28T 尊享型 国VI','2018款',5,0);
insert into t_car_model(cm_id , cs_id , cm_name,cm_type ,cm_order , cm_state) values(36832,166,'2018款 ES 28T 豪华型 国VI','2018款',6,0);
insert into t_car_model(cm_id , cs_id , cm_name,cm_type ,cm_order , cm_state) values(36833,166,'2018款 ES 28T 旗舰型 国VI','2018款',7,0);
insert into t_car_model(cm_id , cs_id , cm_name,cm_type ,cm_order , cm_state) values(36834,166,'2018款 28T Avenir 国VI','2018款',8,0);
insert into t_car_model(cm_id , cs_id , cm_name,cm_type ,cm_order , cm_state) values(29492,166,'2017款 25S 舒适型 国V','2017款',1,0);
insert into t_car_model(cm_id , cs_id , cm_name,cm_type ,cm_order , cm_state) values(29493,166,'2017款 25S 豪华型 国V','2017款',2,0);
insert into t_car_model(cm_id , cs_id , cm_name,cm_type ,cm_order , cm_state) values(29414,166,'2017款 25S 尊贵型 国V','2017款',3,0);
insert into t_car_model(cm_id , cs_id , cm_name,cm_type ,cm_order , cm_state) values(28325,166,'2017款 ES 28T 舒适型 国V','2017款',4,0);
insert into t_car_model(cm_id , cs_id , cm_name,cm_type ,cm_order , cm_state) values(28326,166,'2017款 ES 28T 尊享型 国V','2017款',5,0);
insert into t_car_model(cm_id , cs_id , cm_name,cm_type ,cm_order , cm_state) values(28327,166,'2017款 ES 28T 豪华型 国V','2017款',6,0);
insert into t_car_model(cm_id , cs_id , cm_name,cm_type ,cm_order , cm_state) values(27821,166,'2017款 ES 28T 旗舰型 国V','2017款',7,0);
insert into t_car_model(cm_id , cs_id , cm_name,cm_type ,cm_order , cm_state) values(28259,166,'2017款 28T Avenir 国V','2017款',8,0);
insert into t_car_model(cm_id , cs_id , cm_name,cm_type ,cm_order , cm_state) values(22371,166,'2015款 2.4L 豪华商务尊享版','2015款',1,0);
insert into t_car_model(cm_id , cs_id , cm_name,cm_type ,cm_order , cm_state) values(17935,166,'2014款 2.4L 经典版','2014款',1,0);
insert into t_car_model(cm_id , cs_id , cm_name,cm_type ,cm_order , cm_state) values(17936,166,'2014款 2.4L 舒适版','2014款',2,0);
insert into t_car_model(cm_id , cs_id , cm_name,cm_type ,cm_order , cm_state) values(17937,166,'2014款 2.4L 行政版','2014款',3,0);
insert into t_car_model(cm_id , cs_id , cm_name,cm_type ,cm_order , cm_state) values(18724,166,'2014款 2.4L CT豪华商务舒适版','2014款',4,0);
insert into t_car_model(cm_id , cs_id , cm_name,cm_type ,cm_order , cm_state) values(18725,166,'2014款 2.4L LT豪华商务行政版','2014款',5,0);
insert into t_car_model(cm_id , cs_id , cm_name,cm_type ,cm_order , cm_state) values(18726,166,'2014款 3.0L GT豪华商务豪雅版','2014款',6,0);
insert into t_car_model(cm_id , cs_id , cm_name,cm_type ,cm_order , cm_state) values(18727,166,'2014款 3.0L XT豪华商务旗舰版','2014款',7,0);
insert into t_car_model(cm_id , cs_id , cm_name,cm_type ,cm_order , cm_state) values(17833,166,'2013款 2.4L 经典版','2013款',1,0);
insert into t_car_model(cm_id , cs_id , cm_name,cm_type ,cm_order , cm_state) values(15288,166,'2013款 2.4L 舒适版','2013款',2,0);
insert into t_car_model(cm_id , cs_id , cm_name,cm_type ,cm_order , cm_state) values(15289,166,'2013款 2.4L 行政版','2013款',3,0);
insert into t_car_model(cm_id , cs_id , cm_name,cm_type ,cm_order , cm_state) values(14921,166,'2013款 2.4L CT豪华商务舒适版','2013款',4,0);
insert into t_car_model(cm_id , cs_id , cm_name,cm_type ,cm_order , cm_state) values(14922,166,'2013款 2.4L LT豪华商务行政版','2013款',5,0);
insert into t_car_model(cm_id , cs_id , cm_name,cm_type ,cm_order , cm_state) values(14923,166,'2013款 3.0L GT豪华商务豪雅版','2013款',6,0);
insert into t_car_model(cm_id , cs_id , cm_name,cm_type ,cm_order , cm_state) values(14924,166,'2013款 3.0L XT豪华商务旗舰版','2013款',7,0);
insert into t_car_model(cm_id , cs_id , cm_name,cm_type ,cm_order , cm_state) values(12564,166,'2012款 2.4L BASE舒适版','2012款',1,0);
insert into t_car_model(cm_id , cs_id , cm_name,cm_type ,cm_order , cm_state) values(9036,166,'2011款 2.4L CT舒适版','2011款',1,0);
insert into t_car_model(cm_id , cs_id , cm_name,cm_type ,cm_order , cm_state) values(9037,166,'2011款 2.4L LT行政版','2011款',2,0);
insert into t_car_model(cm_id , cs_id , cm_name,cm_type ,cm_order , cm_state) values(9034,166,'2011款 2.4L CT豪华商务舒适版','2011款',3,0);
insert into t_car_model(cm_id , cs_id , cm_name,cm_type ,cm_order , cm_state) values(9002,166,'2011款 2.4L LT豪华商务行政版','2011款',4,0);
insert into t_car_model(cm_id , cs_id , cm_name,cm_type ,cm_order , cm_state) values(9035,166,'2011款 3.0L GT豪华商务豪雅版','2011款',5,0);
insert into t_car_model(cm_id , cs_id , cm_name,cm_type ,cm_order , cm_state) values(8871,166,'2011款 3.0L XT豪华商务旗舰版','2011款',6,0);
insert into t_car_model(cm_id , cs_id , cm_name,cm_type ,cm_order , cm_state) values(3160,166,'2007款 2.5L GT 精英版','2007款',1,0);
insert into t_car_model(cm_id , cs_id , cm_name,cm_type ,cm_order , cm_state) values(2306,166,'2006款 陆尊 3.0L CT 舒适版','2006款',1,0);
insert into t_car_model(cm_id , cs_id , cm_name,cm_type ,cm_order , cm_state) values(2307,166,'2006款 陆尊 3.0L LT 豪华版','2006款',2,0);
insert into t_car_model(cm_id , cs_id , cm_name,cm_type ,cm_order , cm_state) values(2308,166,'2006款 陆尊 3.0L GT 精英版','2006款',3,0);
insert into t_car_model(cm_id , cs_id , cm_name,cm_type ,cm_order , cm_state) values(2309,166,'2006款 陆尊 3.0L XT 导航版','2006款',4,0);
insert into t_car_model(cm_id , cs_id , cm_name,cm_type ,cm_order , cm_state) values(1937,166,'2005款 2.5L LT 豪华型','2005款',1,0);
insert into t_car_model(cm_id , cs_id , cm_name,cm_type ,cm_order , cm_state) values(1566,166,'2005款 3.0L CT0 标准版','2005款',2,0);
insert into t_car_model(cm_id , cs_id , cm_name,cm_type ,cm_order , cm_state) values(1777,166,'2005款 陆尊 3.0L CT2 舒适型','2005款',3,0);
insert into t_car_model(cm_id , cs_id , cm_name,cm_type ,cm_order , cm_state) values(1778,166,'2005款 陆尊 3.0L LT 豪华型','2005款',4,0);
insert into t_car_model(cm_id , cs_id , cm_name,cm_type ,cm_order , cm_state) values(1779,166,'2005款 陆尊 3.0L GT 旗舰版','2005款',5,0);
insert into t_car_model(cm_id , cs_id , cm_name,cm_type ,cm_order , cm_state) values(1935,166,'2005款 2.5L CT1 舒适型','2005款',6,0);
insert into t_car_model(cm_id , cs_id , cm_name,cm_type ,cm_order , cm_state) values(1936,166,'2005款 2.5L CT2 舒适型','2005款',7,0);
insert into t_car_model(cm_id , cs_id , cm_name,cm_type ,cm_order , cm_state) values(432,166,'2004款 3.0L CT2 舒适版','2004款',1,0);
insert into t_car_model(cm_id , cs_id , cm_name,cm_type ,cm_order , cm_state) values(1567,166,'2004款 3.0L CT3 舒适型','2004款',2,0);
insert into t_car_model(cm_id , cs_id , cm_name,cm_type ,cm_order , cm_state) values(433,166,'2004款 3.0L LT 豪华版','2004款',3,0);
insert into t_car_model(cm_id , cs_id , cm_name,cm_type ,cm_order , cm_state) values(804,166,'2004款 3.0L GT 旗舰剧院版','2004款',4,0);
insert into t_car_series(cs_id,cbf_id,cs_name,cs_order,cs_letter) values(4239,93,'VELITE 5',759,'V');
insert into t_car_model(cm_id , cs_id , cm_name,cm_type ,cm_order , cm_state) values(30184,4239,'2017款 都市增程型','2017款',1,0);
insert into t_car_model(cm_id , cs_id , cm_name,cm_type ,cm_order , cm_state) values(30022,4239,'2017款 时尚增程型','2017款',2,0);
insert into t_car_series(cs_id,cbf_id,cs_name,cs_order,cs_letter) values(525,93,'林荫大道',761,'L');
insert into t_car_model(cm_id , cs_id , cm_name,cm_type ,cm_order , cm_state) values(10082,525,'2011款 博鳌论坛纪念版','2011款',1,0);
insert into t_car_model(cm_id , cs_id , cm_name,cm_type ,cm_order , cm_state) values(6218,525,'2010款 3.0 舒适版','2010款',1,0);
insert into t_car_model(cm_id , cs_id , cm_name,cm_type ,cm_order , cm_state) values(6219,525,'2010款 3.0 豪华版','2010款',2,0);
insert into t_car_model(cm_id , cs_id , cm_name,cm_type ,cm_order , cm_state) values(6220,525,'2010款 3.0 旗舰版','2010款',3,0);
insert into t_car_model(cm_id , cs_id , cm_name,cm_type ,cm_order , cm_state) values(5044,525,'2009款 2.8 舒适型','2009款',1,0);
insert into t_car_model(cm_id , cs_id , cm_name,cm_type ,cm_order , cm_state) values(5045,525,'2009款 2.8 精英型','2009款',2,0);
insert into t_car_model(cm_id , cs_id , cm_name,cm_type ,cm_order , cm_state) values(5046,525,'2009款 2.8 豪华型','2009款',3,0);
insert into t_car_model(cm_id , cs_id , cm_name,cm_type ,cm_order , cm_state) values(5047,525,'2009款 3.6 旗舰型','2009款',4,0);
insert into t_car_model(cm_id , cs_id , cm_name,cm_type ,cm_order , cm_state) values(2954,525,'2007款 2.8 舒适型','2007款',1,0);
insert into t_car_model(cm_id , cs_id , cm_name,cm_type ,cm_order , cm_state) values(2956,525,'2007款 2.8 精英型','2007款',2,0);
insert into t_car_model(cm_id , cs_id , cm_name,cm_type ,cm_order , cm_state) values(2957,525,'2007款 2.8 豪华型','2007款',3,0);
insert into t_car_model(cm_id , cs_id , cm_name,cm_type ,cm_order , cm_state) values(2958,525,'2007款 3.6 旗舰型','2007款',4,0);
insert into t_car_model(cm_id , cs_id , cm_name,cm_type ,cm_order , cm_state) values(2955,525,'2007款 3.6 精英型','2007款',5,0);
insert into t_car_series(cs_id,cbf_id,cs_name,cs_order,cs_letter) values(344,93,'荣御',762,'R');
insert into t_car_model(cm_id , cs_id , cm_name,cm_type ,cm_order , cm_state) values(1938,344,'2005款 GL 2.8 舒适型','2005款',1,0);
insert into t_car_model(cm_id , cs_id , cm_name,cm_type ,cm_order , cm_state) values(1326,344,'2005款 GL 2.8 豪华版','2005款',2,0);
insert into t_car_model(cm_id , cs_id , cm_name,cm_type ,cm_order , cm_state) values(1939,344,'2005款 GS 3.6 豪华运动版','2005款',3,0);
insert into t_car_model(cm_id , cs_id , cm_name,cm_type ,cm_order , cm_state) values(1325,344,'2004款 GS 3.6 豪华版','2004款',1,0);
insert into t_car_brand_factory(cbf_id , cb_id , cbf_name ,cbf_letter) values(182,38,'别克(进口)','B');
insert into t_car_series(cs_id,cbf_id,cs_name,cs_order,cs_letter) values(592,182,'昂科雷',771,'A');
insert into t_car_model(cm_id , cs_id , cm_name,cm_type ,cm_order , cm_state) values(18798,592,'2014款 3.6L 两驱精英舒适型','2014款',1,0);
insert into t_car_model(cm_id , cs_id , cm_name,cm_type ,cm_order , cm_state) values(16267,592,'2014款 3.6L 四驱智享旗舰型','2014款',2,0);
insert into t_car_model(cm_id , cs_id , cm_name,cm_type ,cm_order , cm_state) values(15895,592,'2013款 3.6L 两驱雅致版','2013款',1,0);
insert into t_car_model(cm_id , cs_id , cm_name,cm_type ,cm_order , cm_state) values(15896,592,'2013款 3.6L 四驱精英版','2013款',2,0);
insert into t_car_model(cm_id , cs_id , cm_name,cm_type ,cm_order , cm_state) values(12465,592,'2013款 3.6L 四驱旗舰版','2013款',3,0);
insert into t_car_model(cm_id , cs_id , cm_name,cm_type ,cm_order , cm_state) values(6155,592,'2010款 3.6L 精英版','2010款',1,0);
insert into t_car_model(cm_id , cs_id , cm_name,cm_type ,cm_order , cm_state) values(6156,592,'2010款 3.6L 旗舰版','2010款',2,0);
insert into t_car_model(cm_id , cs_id , cm_name,cm_type ,cm_order , cm_state) values(3815,592,'2009款 3.6L CXL1精英版','2009款',1,0);
insert into t_car_model(cm_id , cs_id , cm_name,cm_type ,cm_order , cm_state) values(3823,592,'2009款  3.6L CXL2旗舰版','2009款',2,0);
