insert into t_car_brand_factory(cbf_id , cb_id , cbf_name ,cbf_letter) values(58,1,'上汽大众','S');
insert into t_car_series(cs_id,cbf_id,cs_name,cs_order,cs_letter) values(145,58,'Polo',1026,'P');
insert into t_car_model(cm_id , cs_id , cm_name,cm_type ,cm_order , cm_state) values(40007,145,'2019款 Plus 1.5L 手动全景乐享版','2019款',1,0);
insert into t_car_model(cm_id , cs_id , cm_name,cm_type ,cm_order , cm_state) values(40008,145,'2019款 Plus 1.5L 自动全景乐享版','2019款',2,0);
insert into t_car_model(cm_id , cs_id , cm_name,cm_type ,cm_order , cm_state) values(40009,145,'2019款 Plus 1.5L 自动炫彩科技版','2019款',3,0);
insert into t_car_model(cm_id , cs_id , cm_name,cm_type ,cm_order , cm_state) values(38694,145,'2019款 Plus 1.5L 自动Beats潮酷版','2019款',4,0);
insert into t_car_model(cm_id , cs_id , cm_name,cm_type ,cm_order , cm_state) values(34764,145,'2018款 1.5L 手动安驾型','2018款',1,0);
insert into t_car_model(cm_id , cs_id , cm_name,cm_type ,cm_order , cm_state) values(34765,145,'2018款 1.5L 自动安驾型','2018款',2,0);
insert into t_car_model(cm_id , cs_id , cm_name,cm_type ,cm_order , cm_state) values(34766,145,'2018款 1.5L 自动安享型','2018款',3,0);
insert into t_car_model(cm_id , cs_id , cm_name,cm_type ,cm_order , cm_state) values(34757,145,'2018款 1.5L 自动豪华型','2018款',4,0);
insert into t_car_model(cm_id , cs_id , cm_name,cm_type ,cm_order , cm_state) values(34767,145,'2018款 1.5L Cross Polo 自动','2018款',5,0);
insert into t_car_model(cm_id , cs_id , cm_name,cm_type ,cm_order , cm_state) values(25379,145,'2016款 1.4L 手动风尚型','2016款',1,0);
insert into t_car_model(cm_id , cs_id , cm_name,cm_type ,cm_order , cm_state) values(25380,145,'2016款 1.4L 自动风尚型','2016款',2,0);
insert into t_car_model(cm_id , cs_id , cm_name,cm_type ,cm_order , cm_state) values(25381,145,'2016款 1.6L 手动舒适型','2016款',3,0);
insert into t_car_model(cm_id , cs_id , cm_name,cm_type ,cm_order , cm_state) values(25382,145,'2016款 1.6L 自动舒适型','2016款',4,0);
insert into t_car_model(cm_id , cs_id , cm_name,cm_type ,cm_order , cm_state) values(25384,145,'2016款 1.6L 自动豪华型','2016款',5,0);
insert into t_car_model(cm_id , cs_id , cm_name,cm_type ,cm_order , cm_state) values(25387,145,'2016款 1.4L Cross Polo 手动','2016款',6,0);
insert into t_car_model(cm_id , cs_id , cm_name,cm_type ,cm_order , cm_state) values(25388,145,'2016款 1.4L Cross Polo 自动','2016款',7,0);
insert into t_car_model(cm_id , cs_id , cm_name,cm_type ,cm_order , cm_state) values(25389,145,'2016款 1.6L Cross Polo 自动','2016款',8,0);
insert into t_car_model(cm_id , cs_id , cm_name,cm_type ,cm_order , cm_state) values(25390,145,'2016款 1.4TSI GTI','2016款',9,0);
insert into t_car_model(cm_id , cs_id , cm_name,cm_type ,cm_order , cm_state) values(22477,145,'2015款 1.4TSI GTI','2015款',1,0);
insert into t_car_model(cm_id , cs_id , cm_name,cm_type ,cm_order , cm_state) values(19250,145,'2014款 1.4L 手动风尚版','2014款',1,0);
insert into t_car_model(cm_id , cs_id , cm_name,cm_type ,cm_order , cm_state) values(19893,145,'2014款 1.6L 自动30周年纪念版','2014款',2,0);
insert into t_car_model(cm_id , cs_id , cm_name,cm_type ,cm_order , cm_state) values(19251,145,'2014款 1.4L 手动舒适版','2014款',3,0);
insert into t_car_model(cm_id , cs_id , cm_name,cm_type ,cm_order , cm_state) values(19252,145,'2014款 1.4L 自动舒适版','2014款',4,0);
insert into t_car_model(cm_id , cs_id , cm_name,cm_type ,cm_order , cm_state) values(19253,145,'2014款 1.4L 自动豪华版','2014款',5,0);
insert into t_car_model(cm_id , cs_id , cm_name,cm_type ,cm_order , cm_state) values(19254,145,'2014款 1.6L 手动舒适版','2014款',6,0);
insert into t_car_model(cm_id , cs_id , cm_name,cm_type ,cm_order , cm_state) values(19255,145,'2014款 1.6L 自动舒适版','2014款',7,0);
insert into t_car_model(cm_id , cs_id , cm_name,cm_type ,cm_order , cm_state) values(19180,145,'2014款 1.6L 自动豪华版','2014款',8,0);
insert into t_car_model(cm_id , cs_id , cm_name,cm_type ,cm_order , cm_state) values(19206,145,'2014款 1.6L Cross Polo 手动','2014款',9,0);
insert into t_car_model(cm_id , cs_id , cm_name,cm_type ,cm_order , cm_state) values(19249,145,'2014款 1.6L Cross Polo 自动','2014款',10,0);
insert into t_car_model(cm_id , cs_id , cm_name,cm_type ,cm_order , cm_state) values(14489,145,'2013款 1.4L 手动风尚版','2013款',1,0);
insert into t_car_model(cm_id , cs_id , cm_name,cm_type ,cm_order , cm_state) values(14490,145,'2013款 1.4L 手动舒适版','2013款',2,0);
insert into t_car_model(cm_id , cs_id , cm_name,cm_type ,cm_order , cm_state) values(14491,145,'2013款 1.4L 自动舒适版','2013款',3,0);
insert into t_car_model(cm_id , cs_id , cm_name,cm_type ,cm_order , cm_state) values(14494,145,'2013款 1.4L 自动豪华版','2013款',4,0);
insert into t_car_model(cm_id , cs_id , cm_name,cm_type ,cm_order , cm_state) values(14492,145,'2013款 1.6L 手动舒适版','2013款',5,0);
insert into t_car_model(cm_id , cs_id , cm_name,cm_type ,cm_order , cm_state) values(14493,145,'2013款 1.6L 自动舒适版','2013款',6,0);
insert into t_car_model(cm_id , cs_id , cm_name,cm_type ,cm_order , cm_state) values(14495,145,'2013款 1.6L 自动豪华版','2013款',7,0);
insert into t_car_model(cm_id , cs_id , cm_name,cm_type ,cm_order , cm_state) values(12318,145,'2012款 1.6L Cross Polo MT','2012款',1,0);
insert into t_car_model(cm_id , cs_id , cm_name,cm_type ,cm_order , cm_state) values(11376,145,'2012款 1.6L Cross Polo AT','2012款',2,0);
insert into t_car_model(cm_id , cs_id , cm_name,cm_type ,cm_order , cm_state) values(13657,145,'2012款 1.4TSI GTI','2012款',3,0);
insert into t_car_model(cm_id , cs_id , cm_name,cm_type ,cm_order , cm_state) values(9120,145,'2011款 1.4L 手动致乐版','2011款',1,0);
insert into t_car_model(cm_id , cs_id , cm_name,cm_type ,cm_order , cm_state) values(9121,145,'2011款 1.4L 手动致尚版','2011款',2,0);
insert into t_car_model(cm_id , cs_id , cm_name,cm_type ,cm_order , cm_state) values(9122,145,'2011款 1.4L 自动致尚版','2011款',3,0);
insert into t_car_model(cm_id , cs_id , cm_name,cm_type ,cm_order , cm_state) values(9124,145,'2011款 1.4L 自动致酷版','2011款',4,0);
insert into t_car_model(cm_id , cs_id , cm_name,cm_type ,cm_order , cm_state) values(9123,145,'2011款 1.6L 手动致尚版','2011款',5,0);
insert into t_car_model(cm_id , cs_id , cm_name,cm_type ,cm_order , cm_state) values(9125,145,'2011款 1.6L 自动致尚版','2011款',6,0);
insert into t_car_model(cm_id , cs_id , cm_name,cm_type ,cm_order , cm_state) values(7274,145,'2011款 1.6L 自动致酷版','2011款',7,0);
insert into t_car_model(cm_id , cs_id , cm_name,cm_type ,cm_order , cm_state) values(10297,145,'2011款 劲取 1.4L 手动实乐版','2011款',8,0);
insert into t_car_model(cm_id , cs_id , cm_name,cm_type ,cm_order , cm_state) values(10296,145,'2011款 劲取 1.4L 手动实尚版','2011款',9,0);
insert into t_car_model(cm_id , cs_id , cm_name,cm_type ,cm_order , cm_state) values(10295,145,'2011款 劲取 1.4L 自动实尚版','2011款',10,0);
insert into t_car_model(cm_id , cs_id , cm_name,cm_type ,cm_order , cm_state) values(10294,145,'2011款 劲取 1.6L 手动实酷版','2011款',11,0);
insert into t_car_model(cm_id , cs_id , cm_name,cm_type ,cm_order , cm_state) values(10293,145,'2011款 劲取 1.6L 自动实酷版','2011款',12,0);
insert into t_car_model(cm_id , cs_id , cm_name,cm_type ,cm_order , cm_state) values(5811,145,'2009款 劲取 1.4L 手动雅适版','2009款',1,0);
insert into t_car_model(cm_id , cs_id , cm_name,cm_type ,cm_order , cm_state) values(5812,145,'2009款 劲取 1.4L 手动雅致版','2009款',2,0);
insert into t_car_model(cm_id , cs_id , cm_name,cm_type ,cm_order , cm_state) values(5813,145,'2009款 劲取 1.4L 自动雅致版','2009款',3,0);
insert into t_car_model(cm_id , cs_id , cm_name,cm_type ,cm_order , cm_state) values(5814,145,'2009款 劲取 1.6L 手动雅致版','2009款',4,0);
insert into t_car_model(cm_id , cs_id , cm_name,cm_type ,cm_order , cm_state) values(5815,145,'2009款 劲取 1.6L 自动雅致版','2009款',5,0);
insert into t_car_model(cm_id , cs_id , cm_name,cm_type ,cm_order , cm_state) values(5806,145,'2009款 劲情 1.4L 手动时尚版','2009款',6,0);
insert into t_car_model(cm_id , cs_id , cm_name,cm_type ,cm_order , cm_state) values(5807,145,'2009款 劲情 1.4L 手动舒尚版','2009款',7,0);
insert into t_car_model(cm_id , cs_id , cm_name,cm_type ,cm_order , cm_state) values(5808,145,'2009款 劲情 1.4L 自动舒尚版','2009款',8,0);
insert into t_car_model(cm_id , cs_id , cm_name,cm_type ,cm_order , cm_state) values(5809,145,'2009款 劲情 1.6L 手动风尚版','2009款',9,0);
insert into t_car_model(cm_id , cs_id , cm_name,cm_type ,cm_order , cm_state) values(5810,145,'2009款 劲情 1.6L 自动风尚版','2009款',10,0);
insert into t_car_model(cm_id , cs_id , cm_name,cm_type ,cm_order , cm_state) values(5467,145,'2009款 Sporty 1.6L 手动版','2009款',11,0);
insert into t_car_model(cm_id , cs_id , cm_name,cm_type ,cm_order , cm_state) values(5364,145,'2009款 Sporty 1.6L 自动版','2009款',12,0);
insert into t_car_model(cm_id , cs_id , cm_name,cm_type ,cm_order , cm_state) values(3523,145,'2008款 劲取 1.4L 手动雅适版','2008款',1,0);
insert into t_car_model(cm_id , cs_id , cm_name,cm_type ,cm_order , cm_state) values(3522,145,'2008款 劲取 1.4L 手动雅致版','2008款',2,0);
insert into t_car_model(cm_id , cs_id , cm_name,cm_type ,cm_order , cm_state) values(3521,145,'2008款 劲取 1.4L 自动雅致版','2008款',3,0);
insert into t_car_model(cm_id , cs_id , cm_name,cm_type ,cm_order , cm_state) values(3520,145,'2008款 劲取 1.6L 手动雅致版','2008款',4,0);
insert into t_car_model(cm_id , cs_id , cm_name,cm_type ,cm_order , cm_state) values(3547,145,'2008款 劲取 1.6L 手动雅致版高配','2008款',5,0);
insert into t_car_model(cm_id , cs_id , cm_name,cm_type ,cm_order , cm_state) values(3518,145,'2008款 劲取 1.6L 自动雅尊版','2008款',6,0);
insert into t_car_model(cm_id , cs_id , cm_name,cm_type ,cm_order , cm_state) values(3527,145,'2007款 劲情 1.4L 手动时尚版','2007款',1,0);
insert into t_car_model(cm_id , cs_id , cm_name,cm_type ,cm_order , cm_state) values(3526,145,'2007款 劲情 1.4L 自动时尚版','2007款',2,0);
insert into t_car_model(cm_id , cs_id , cm_name,cm_type ,cm_order , cm_state) values(3524,145,'2007款 劲情 1.4L 手动风尚版','2007款',3,0);
insert into t_car_model(cm_id , cs_id , cm_name,cm_type ,cm_order , cm_state) values(3525,145,'2007款 劲情 1.4L 自动风尚版','2007款',4,0);
insert into t_car_model(cm_id , cs_id , cm_name,cm_type ,cm_order , cm_state) values(3517,145,'2007款 劲情 1.6L 自动风尚版','2007款',5,0);
insert into t_car_model(cm_id , cs_id , cm_name,cm_type ,cm_order , cm_state) values(3015,145,'2007款 1.6L Cross Polo MT','2007款',6,0);
insert into t_car_model(cm_id , cs_id , cm_name,cm_type ,cm_order , cm_state) values(3548,145,'2007款 1.6L Cross Polo AT','2007款',7,0);
insert into t_car_model(cm_id , cs_id , cm_name,cm_type ,cm_order , cm_state) values(2400,145,'2006款 劲情 1.4L 手动时尚版','2006款',1,0);
insert into t_car_model(cm_id , cs_id , cm_name,cm_type ,cm_order , cm_state) values(2337,145,'2006款 劲情 1.4L 手动风尚版','2006款',2,0);
insert into t_car_model(cm_id , cs_id , cm_name,cm_type ,cm_order , cm_state) values(2401,145,'2006款 劲情 1.4L 自动时尚版','2006款',3,0);
insert into t_car_model(cm_id , cs_id , cm_name,cm_type ,cm_order , cm_state) values(2393,145,'2006款 劲情 1.4L 自动风尚版','2006款',4,0);
insert into t_car_model(cm_id , cs_id , cm_name,cm_type ,cm_order , cm_state) values(2394,145,'2006款 劲情 1.6L 手动风尚版','2006款',5,0);
insert into t_car_model(cm_id , cs_id , cm_name,cm_type ,cm_order , cm_state) values(2395,145,'2006款 劲情 1.6L 自动风尚版','2006款',6,0);
insert into t_car_model(cm_id , cs_id , cm_name,cm_type ,cm_order , cm_state) values(2399,145,'2006款 劲取 1.4L 手动雅适版','2006款',7,0);
insert into t_car_model(cm_id , cs_id , cm_name,cm_type ,cm_order , cm_state) values(2396,145,'2006款 劲取 1.4L 手动雅致版','2006款',8,0);
insert into t_car_model(cm_id , cs_id , cm_name,cm_type ,cm_order , cm_state) values(2397,145,'2006款 劲取 1.4L 自动雅致版','2006款',9,0);
insert into t_car_model(cm_id , cs_id , cm_name,cm_type ,cm_order , cm_state) values(2398,145,'2006款 劲取 1.6L 手动雅致版','2006款',10,0);
insert into t_car_model(cm_id , cs_id , cm_name,cm_type ,cm_order , cm_state) values(2338,145,'2006款 劲取 1.6L 手动雅尊版','2006款',11,0);
insert into t_car_model(cm_id , cs_id , cm_name,cm_type ,cm_order , cm_state) values(2385,145,'2006款 劲取 1.6L 自动雅尊版','2006款',12,0);
insert into t_car_model(cm_id , cs_id , cm_name,cm_type ,cm_order , cm_state) values(1925,145,'2005款 两厢 1.6L 手动珍藏版','2005款',1,0);
insert into t_car_model(cm_id , cs_id , cm_name,cm_type ,cm_order , cm_state) values(1671,145,'2005款 两厢 1.6L 自动豪华型','2005款',2,0);
insert into t_car_model(cm_id , cs_id , cm_name,cm_type ,cm_order , cm_state) values(1672,145,'2005款 三厢 1.6L 自动豪华型','2005款',3,0);
insert into t_car_model(cm_id , cs_id , cm_name,cm_type ,cm_order , cm_state) values(869,145,'2004款 两厢 1.4L 手动基本型','2004款',1,0);
insert into t_car_model(cm_id , cs_id , cm_name,cm_type ,cm_order , cm_state) values(747,145,'2004款 两厢 1.4L 手动舒适型','2004款',2,0);
insert into t_car_model(cm_id , cs_id , cm_name,cm_type ,cm_order , cm_state) values(750,145,'2004款 两厢 1.4L 手动豪华型','2004款',3,0);
insert into t_car_model(cm_id , cs_id , cm_name,cm_type ,cm_order , cm_state) values(749,145,'2004款 两厢 1.4L 自动舒适型','2004款',4,0);
insert into t_car_model(cm_id , cs_id , cm_name,cm_type ,cm_order , cm_state) values(744,145,'2004款 两厢 1.4L 自动基本型','2004款',5,0);
insert into t_car_model(cm_id , cs_id , cm_name,cm_type ,cm_order , cm_state) values(757,145,'2004款 两厢 1.6L 手动舒适型','2004款',6,0);
insert into t_car_model(cm_id , cs_id , cm_name,cm_type ,cm_order , cm_state) values(758,145,'2004款 两厢 1.6L 手动豪华型','2004款',7,0);
insert into t_car_model(cm_id , cs_id , cm_name,cm_type ,cm_order , cm_state) values(753,145,'2004款 三厢 1.4L 手动舒适型','2004款',8,0);
insert into t_car_model(cm_id , cs_id , cm_name,cm_type ,cm_order , cm_state) values(756,145,'2004款 三厢 1.4L 手动基本型','2004款',9,0);
insert into t_car_model(cm_id , cs_id , cm_name,cm_type ,cm_order , cm_state) values(754,145,'2004款 三厢 1.4L 手动豪华型','2004款',10,0);
insert into t_car_model(cm_id , cs_id , cm_name,cm_type ,cm_order , cm_state) values(755,145,'2004款 三厢 1.4L 自动豪华型','2004款',11,0);
insert into t_car_model(cm_id , cs_id , cm_name,cm_type ,cm_order , cm_state) values(759,145,'2004款 三厢 1.6L 手动舒适型','2004款',12,0);
insert into t_car_model(cm_id , cs_id , cm_name,cm_type ,cm_order , cm_state) values(760,145,'2004款 三厢 1.6L 手动豪华型','2004款',13,0);
insert into t_car_series(cs_id,cbf_id,cs_name,cs_order,cs_letter) values(2922,58,'桑塔纳',1027,'S');
insert into t_car_model(cm_id , cs_id , cm_name,cm_type ,cm_order , cm_state) values(39903,2922,'2019款 1.5L 手动风尚版 国V','2019款',1,0);
insert into t_car_model(cm_id , cs_id , cm_name,cm_type ,cm_order , cm_state) values(39904,2922,'2019款 1.5L 手动风尚版 国VI','2019款',2,0);
insert into t_car_model(cm_id , cs_id , cm_name,cm_type ,cm_order , cm_state) values(39905,2922,'2019款 1.5L 自动风尚版 国V','2019款',3,0);
insert into t_car_model(cm_id , cs_id , cm_name,cm_type ,cm_order , cm_state) values(39906,2922,'2019款 1.5L 自动风尚版 国VI','2019款',4,0);
insert into t_car_model(cm_id , cs_id , cm_name,cm_type ,cm_order , cm_state) values(39907,2922,'2019款 1.5L 手动舒适版 国V','2019款',5,0);
insert into t_car_model(cm_id , cs_id , cm_name,cm_type ,cm_order , cm_state) values(39908,2922,'2019款 1.5L 手动舒适版 国VI','2019款',6,0);
insert into t_car_model(cm_id , cs_id , cm_name,cm_type ,cm_order , cm_state) values(39909,2922,'2019款 1.5L 自动舒适版 国V','2019款',7,0);
insert into t_car_model(cm_id , cs_id , cm_name,cm_type ,cm_order , cm_state) values(39910,2922,'2019款 1.5L 自动舒适版 国VI','2019款',8,0);
insert into t_car_model(cm_id , cs_id , cm_name,cm_type ,cm_order , cm_state) values(39911,2922,'2019款 浩纳 1.5L 手动风尚版 国V','2019款',9,0);
insert into t_car_model(cm_id , cs_id , cm_name,cm_type ,cm_order , cm_state) values(39912,2922,'2019款 浩纳 1.5L 手动风尚版 国VI','2019款',10,0);
insert into t_car_model(cm_id , cs_id , cm_name,cm_type ,cm_order , cm_state) values(39913,2922,'2019款 浩纳 1.5L 自动风尚版 国V','2019款',11,0);
insert into t_car_model(cm_id , cs_id , cm_name,cm_type ,cm_order , cm_state) values(39914,2922,'2019款 浩纳 1.5L 自动风尚版 国VI','2019款',12,0);
insert into t_car_model(cm_id , cs_id , cm_name,cm_type ,cm_order , cm_state) values(39915,2922,'2019款 浩纳 1.5L 自动舒适版 国V','2019款',13,0);
insert into t_car_model(cm_id , cs_id , cm_name,cm_type ,cm_order , cm_state) values(39916,2922,'2019款 浩纳 1.5L 自动舒适版 国VI','2019款',14,0);
insert into t_car_model(cm_id , cs_id , cm_name,cm_type ,cm_order , cm_state) values(35402,2922,'2018款 1.5L 手动风尚版','2018款',1,0);
insert into t_car_model(cm_id , cs_id , cm_name,cm_type ,cm_order , cm_state) values(35404,2922,'2018款 1.5L 自动风尚版','2018款',2,0);
insert into t_car_model(cm_id , cs_id , cm_name,cm_type ,cm_order , cm_state) values(35403,2922,'2018款 1.5L 手动舒适版','2018款',3,0);
insert into t_car_model(cm_id , cs_id , cm_name,cm_type ,cm_order , cm_state) values(35405,2922,'2018款 1.5L 自动舒适版','2018款',4,0);
insert into t_car_model(cm_id , cs_id , cm_name,cm_type ,cm_order , cm_state) values(35885,2922,'2018款 浩纳 1.5L 手动风尚版','2018款',5,0);
insert into t_car_model(cm_id , cs_id , cm_name,cm_type ,cm_order , cm_state) values(35886,2922,'2018款 浩纳 1.5L 自动风尚版','2018款',6,0);
insert into t_car_model(cm_id , cs_id , cm_name,cm_type ,cm_order , cm_state) values(35887,2922,'2018款 浩纳 1.5L 自动舒适版','2018款',7,0);
insert into t_car_model(cm_id , cs_id , cm_name,cm_type ,cm_order , cm_state) values(29763,2922,'2017款 浩纳 1.4L 手动风尚版','2017款',1,0);
insert into t_car_model(cm_id , cs_id , cm_name,cm_type ,cm_order , cm_state) values(29764,2922,'2017款 浩纳 1.6L 手动风尚版','2017款',2,0);
insert into t_car_model(cm_id , cs_id , cm_name,cm_type ,cm_order , cm_state) values(29751,2922,'2017款 浩纳 1.6L 自动风尚版','2017款',3,0);
insert into t_car_model(cm_id , cs_id , cm_name,cm_type ,cm_order , cm_state) values(29765,2922,'2017款 浩纳 1.6L 手动舒适版','2017款',4,0);
insert into t_car_model(cm_id , cs_id , cm_name,cm_type ,cm_order , cm_state) values(29766,2922,'2017款 浩纳 1.6L 自动舒适版','2017款',5,0);
insert into t_car_model(cm_id , cs_id , cm_name,cm_type ,cm_order , cm_state) values(29767,2922,'2017款 浩纳 1.6L 自动豪华版','2017款',6,0);
insert into t_car_model(cm_id , cs_id , cm_name,cm_type ,cm_order , cm_state) values(29768,2922,'2017款 浩纳 230TSI DSG舒适版','2017款',7,0);
insert into t_car_model(cm_id , cs_id , cm_name,cm_type ,cm_order , cm_state) values(29769,2922,'2017款 浩纳 230TSI DSG豪华版','2017款',8,0);
insert into t_car_model(cm_id , cs_id , cm_name,cm_type ,cm_order , cm_state) values(30085,2922,'2017款 Cross 1.6L 手动风尚型','2017款',9,0);
insert into t_car_model(cm_id , cs_id , cm_name,cm_type ,cm_order , cm_state) values(30086,2922,'2017款 Cross 1.6L 自动风尚型','2017款',10,0);
insert into t_car_model(cm_id , cs_id , cm_name,cm_type ,cm_order , cm_state) values(30087,2922,'2017款 Cross 1.6L 自动舒适型','2017款',11,0);
insert into t_car_model(cm_id , cs_id , cm_name,cm_type ,cm_order , cm_state) values(27575,2922,'2016款 1.4L 手动风尚版','2016款',1,0);
insert into t_car_model(cm_id , cs_id , cm_name,cm_type ,cm_order , cm_state) values(27576,2922,'2016款 1.4L 手动舒适版','2016款',2,0);
insert into t_car_model(cm_id , cs_id , cm_name,cm_type ,cm_order , cm_state) values(27577,2922,'2016款 1.6L 手动风尚版','2016款',3,0);
insert into t_car_model(cm_id , cs_id , cm_name,cm_type ,cm_order , cm_state) values(27579,2922,'2016款 1.6L 自动风尚版','2016款',4,0);
insert into t_car_model(cm_id , cs_id , cm_name,cm_type ,cm_order , cm_state) values(27581,2922,'2016款 1.6L 手动舒适版','2016款',5,0);
insert into t_car_model(cm_id , cs_id , cm_name,cm_type ,cm_order , cm_state) values(27584,2922,'2016款 1.6L 自动舒适版','2016款',6,0);
insert into t_car_model(cm_id , cs_id , cm_name,cm_type ,cm_order , cm_state) values(27543,2922,'2016款 1.6L 自动豪华版','2016款',7,0);
insert into t_car_model(cm_id , cs_id , cm_name,cm_type ,cm_order , cm_state) values(27592,2922,'2016款 Cross 1.6L 手动风尚型','2016款',8,0);
insert into t_car_model(cm_id , cs_id , cm_name,cm_type ,cm_order , cm_state) values(27593,2922,'2016款 Cross 1.6L 自动风尚型','2016款',9,0);
insert into t_car_model(cm_id , cs_id , cm_name,cm_type ,cm_order , cm_state) values(26654,2922,'2016款 Cross 1.6L 自动舒适型','2016款',10,0);
insert into t_car_model(cm_id , cs_id , cm_name,cm_type ,cm_order , cm_state) values(27585,2922,'2016款 1.6L 手动豪华版','2016款',11,0);
insert into t_car_model(cm_id , cs_id , cm_name,cm_type ,cm_order , cm_state) values(19907,2922,'2015款 1.4T DSG尊享版','2015款',1,0);
insert into t_car_model(cm_id , cs_id , cm_name,cm_type ,cm_order , cm_state) values(19899,2922,'2015款 1.4L 手动风尚版','2015款',2,0);
insert into t_car_model(cm_id , cs_id , cm_name,cm_type ,cm_order , cm_state) values(19900,2922,'2015款 1.4L 手动舒适版','2015款',3,0);
insert into t_car_model(cm_id , cs_id , cm_name,cm_type ,cm_order , cm_state) values(19901,2922,'2015款 1.6L 手动风尚版','2015款',4,0);
insert into t_car_model(cm_id , cs_id , cm_name,cm_type ,cm_order , cm_state) values(19902,2922,'2015款 1.6L 自动风尚版','2015款',5,0);
insert into t_car_model(cm_id , cs_id , cm_name,cm_type ,cm_order , cm_state) values(19903,2922,'2015款 1.6L 手动舒适版','2015款',6,0);
insert into t_car_model(cm_id , cs_id , cm_name,cm_type ,cm_order , cm_state) values(19904,2922,'2015款 1.6L 自动舒适版','2015款',7,0);
insert into t_car_model(cm_id , cs_id , cm_name,cm_type ,cm_order , cm_state) values(19905,2922,'2015款 1.6L 手动豪华版','2015款',8,0);
insert into t_car_model(cm_id , cs_id , cm_name,cm_type ,cm_order , cm_state) values(19906,2922,'2015款 1.6L 自动豪华版','2015款',9,0);
insert into t_car_model(cm_id , cs_id , cm_name,cm_type ,cm_order , cm_state) values(23023,2922,'2015款 浩纳 1.6L 手动风尚型','2015款',10,0);
insert into t_car_model(cm_id , cs_id , cm_name,cm_type ,cm_order , cm_state) values(23024,2922,'2015款 浩纳 1.6L 自动风尚型','2015款',11,0);
insert into t_car_model(cm_id , cs_id , cm_name,cm_type ,cm_order , cm_state) values(23025,2922,'2015款 浩纳 1.6L 手动舒适型','2015款',12,0);
insert into t_car_model(cm_id , cs_id , cm_name,cm_type ,cm_order , cm_state) values(23026,2922,'2015款 浩纳 1.6L 自动舒适型','2015款',13,0);
insert into t_car_model(cm_id , cs_id , cm_name,cm_type ,cm_order , cm_state) values(23027,2922,'2015款 浩纳 1.6L 自动豪华型','2015款',14,0);
insert into t_car_model(cm_id , cs_id , cm_name,cm_type ,cm_order , cm_state) values(23022,2922,'2015款 浩纳 230TSI DSG舒适型','2015款',15,0);
insert into t_car_model(cm_id , cs_id , cm_name,cm_type ,cm_order , cm_state) values(22481,2922,'2015款 浩纳 230TSI DSG豪华型','2015款',16,0);
insert into t_car_model(cm_id , cs_id , cm_name,cm_type ,cm_order , cm_state) values(20080,2922,'2014款 1.6L 自动30周年纪念版','2014款',1,0);
insert into t_car_model(cm_id , cs_id , cm_name,cm_type ,cm_order , cm_state) values(14696,2922,'2013款 1.4L 手动风尚版','2013款',1,0);
insert into t_car_model(cm_id , cs_id , cm_name,cm_type ,cm_order , cm_state) values(14629,2922,'2013款 1.4L 手动舒适版','2013款',2,0);
insert into t_car_model(cm_id , cs_id , cm_name,cm_type ,cm_order , cm_state) values(14697,2922,'2013款 1.6L 手动风尚版','2013款',3,0);
insert into t_car_model(cm_id , cs_id , cm_name,cm_type ,cm_order , cm_state) values(14698,2922,'2013款 1.6L 自动风尚版','2013款',4,0);
insert into t_car_model(cm_id , cs_id , cm_name,cm_type ,cm_order , cm_state) values(14699,2922,'2013款 1.6L 手动舒适版','2013款',5,0);
insert into t_car_model(cm_id , cs_id , cm_name,cm_type ,cm_order , cm_state) values(14700,2922,'2013款 1.6L 自动舒适版','2013款',6,0);
insert into t_car_model(cm_id , cs_id , cm_name,cm_type ,cm_order , cm_state) values(14632,2922,'2013款 1.6L 手动豪华版','2013款',7,0);
insert into t_car_model(cm_id , cs_id , cm_name,cm_type ,cm_order , cm_state) values(14154,2922,'2013款 1.6L 自动豪华版','2013款',8,0);
insert into t_car_series(cs_id,cbf_id,cs_name,cs_order,cs_letter) values(614,58,'朗逸',1028,'L');
insert into t_car_model(cm_id , cs_id , cm_name,cm_type ,cm_order , cm_state) values(38005,614,'2019款 1.5L 手动风尚版 国VI','2019款',1,0);
insert into t_car_model(cm_id , cs_id , cm_name,cm_type ,cm_order , cm_state) values(38006,614,'2019款 1.5L 自动风尚版 国VI','2019款',2,0);
insert into t_car_model(cm_id , cs_id , cm_name,cm_type ,cm_order , cm_state) values(38007,614,'2019款 1.5L 手动舒适版 国VI','2019款',3,0);
insert into t_car_model(cm_id , cs_id , cm_name,cm_type ,cm_order , cm_state) values(38008,614,'2019款 1.5L 自动舒适版 国VI','2019款',4,0);
insert into t_car_model(cm_id , cs_id , cm_name,cm_type ,cm_order , cm_state) values(38009,614,'2019款 280TSI DSG舒适版 国VI','2019款',5,0);
insert into t_car_model(cm_id , cs_id , cm_name,cm_type ,cm_order , cm_state) values(38010,614,'2019款 280TSI DSG豪华版 国VI','2019款',6,0);
insert into t_car_model(cm_id , cs_id , cm_name,cm_type ,cm_order , cm_state) values(40126,614,'2019款 两厢 200TSI DSG风尚版 国VI','2019款',7,0);
insert into t_car_model(cm_id , cs_id , cm_name,cm_type ,cm_order , cm_state) values(40127,614,'2019款 两厢 200TSI DSG舒适版 国VI','2019款',8,0);
insert into t_car_model(cm_id , cs_id , cm_name,cm_type ,cm_order , cm_state) values(35598,614,'2019款 两厢 280TSI DSG舒适版 国VI','2019款',9,0);
insert into t_car_model(cm_id , cs_id , cm_name,cm_type ,cm_order , cm_state) values(35599,614,'2019款 两厢 280TSI DSG豪华版 国VI','2019款',10,0);
insert into t_car_model(cm_id , cs_id , cm_name,cm_type ,cm_order , cm_state) values(34814,614,'2018款 1.5L 手动风尚版 国V','2018款',1,0);
insert into t_car_model(cm_id , cs_id , cm_name,cm_type ,cm_order , cm_state) values(34785,614,'2018款 1.5L 自动风尚版 国V','2018款',2,0);
insert into t_car_model(cm_id , cs_id , cm_name,cm_type ,cm_order , cm_state) values(34815,614,'2018款 1.5L 手动舒适版 国V','2018款',3,0);
insert into t_car_model(cm_id , cs_id , cm_name,cm_type ,cm_order , cm_state) values(34614,614,'2018款 1.5L 自动舒适版 国V','2018款',4,0);
insert into t_car_model(cm_id , cs_id , cm_name,cm_type ,cm_order , cm_state) values(34816,614,'2018款 280TSI DSG舒适版 国V','2018款',5,0);
insert into t_car_model(cm_id , cs_id , cm_name,cm_type ,cm_order , cm_state) values(34196,614,'2018款 280TSI DSG豪华版 国V','2018款',6,0);
insert into t_car_model(cm_id , cs_id , cm_name,cm_type ,cm_order , cm_state) values(35595,614,'2018款 两厢 200TSI DSG风尚版 国V','2018款',7,0);
insert into t_car_model(cm_id , cs_id , cm_name,cm_type ,cm_order , cm_state) values(35596,614,'2018款 两厢 200TSI DSG舒适版 国V','2018款',8,0);
insert into t_car_model(cm_id , cs_id , cm_name,cm_type ,cm_order , cm_state) values(35597,614,'2018款 两厢 280TSI DSG舒适版 国V','2018款',9,0);
insert into t_car_model(cm_id , cs_id , cm_name,cm_type ,cm_order , cm_state) values(35490,614,'2018款 两厢 280TSI DSG豪华版 国V','2018款',10,0);
insert into t_car_model(cm_id , cs_id , cm_name,cm_type ,cm_order , cm_state) values(40639,614,'2018款 经典 1.5L 手动风尚版 国VI','2018款',11,0);
insert into t_car_model(cm_id , cs_id , cm_name,cm_type ,cm_order , cm_state) values(40640,614,'2018款 经典 1.5L 自动风尚版 国VI','2018款',12,0);
insert into t_car_model(cm_id , cs_id , cm_name,cm_type ,cm_order , cm_state) values(40641,614,'2018款 经典 1.5L 手动舒适版 国VI','2018款',13,0);
insert into t_car_model(cm_id , cs_id , cm_name,cm_type ,cm_order , cm_state) values(40642,614,'2018款 经典 1.5L 自动舒适版 国VI','2018款',14,0);
insert into t_car_model(cm_id , cs_id , cm_name,cm_type ,cm_order , cm_state) values(29104,614,'2017款 180TSI DSG舒适版','2017款',1,0);
insert into t_car_model(cm_id , cs_id , cm_name,cm_type ,cm_order , cm_state) values(29365,614,'2017款 230TSI 手动舒适版','2017款',2,0);
insert into t_car_model(cm_id , cs_id , cm_name,cm_type ,cm_order , cm_state) values(29366,614,'2017款 230TSI DSG舒适版','2017款',3,0);
insert into t_car_model(cm_id , cs_id , cm_name,cm_type ,cm_order , cm_state) values(29367,614,'2017款 230TSI DSG豪华版','2017款',4,0);
insert into t_car_model(cm_id , cs_id , cm_name,cm_type ,cm_order , cm_state) values(29383,614,'2017款 280TSI DSG运动版','2017款',5,0);
insert into t_car_model(cm_id , cs_id , cm_name,cm_type ,cm_order , cm_state) values(29361,614,'2017款 1.6L 手动风尚版','2017款',6,0);
insert into t_car_model(cm_id , cs_id , cm_name,cm_type ,cm_order , cm_state) values(29362,614,'2017款 1.6L 自动风尚版','2017款',7,0);
insert into t_car_model(cm_id , cs_id , cm_name,cm_type ,cm_order , cm_state) values(29363,614,'2017款 1.6L 手动舒适版','2017款',8,0);
insert into t_car_model(cm_id , cs_id , cm_name,cm_type ,cm_order , cm_state) values(29364,614,'2017款 1.6L 自动舒适版','2017款',9,0);
insert into t_car_model(cm_id , cs_id , cm_name,cm_type ,cm_order , cm_state) values(23371,614,'2016款 280TSI DSG运动版','2016款',1,0);
insert into t_car_model(cm_id , cs_id , cm_name,cm_type ,cm_order , cm_state) values(23249,614,'2015款 1.6L 手动风尚版','2015款',1,0);
insert into t_car_model(cm_id , cs_id , cm_name,cm_type ,cm_order , cm_state) values(23250,614,'2015款 1.6L 自动风尚版','2015款',2,0);
insert into t_car_model(cm_id , cs_id , cm_name,cm_type ,cm_order , cm_state) values(23251,614,'2015款 1.6L 手动舒适版','2015款',3,0);
insert into t_car_model(cm_id , cs_id , cm_name,cm_type ,cm_order , cm_state) values(23252,614,'2015款 1.6L 自动舒适版','2015款',4,0);
insert into t_car_model(cm_id , cs_id , cm_name,cm_type ,cm_order , cm_state) values(23253,614,'2015款 1.6L 自动豪华版','2015款',5,0);
insert into t_car_model(cm_id , cs_id , cm_name,cm_type ,cm_order , cm_state) values(23265,614,'2015款 1.2TSI DSG蓝驱技术版','2015款',6,0);
insert into t_car_model(cm_id , cs_id , cm_name,cm_type ,cm_order , cm_state) values(23254,614,'2015款 230TSI 手动舒适版','2015款',7,0);
insert into t_car_model(cm_id , cs_id , cm_name,cm_type ,cm_order , cm_state) values(23255,614,'2015款 230TSI DSG舒适版','2015款',8,0);
insert into t_car_model(cm_id , cs_id , cm_name,cm_type ,cm_order , cm_state) values(23256,614,'2015款 230TSI 手动豪华版','2015款',9,0);
insert into t_car_model(cm_id , cs_id , cm_name,cm_type ,cm_order , cm_state) values(23221,614,'2015款 230TSI DSG豪华版','2015款',10,0);
insert into t_car_model(cm_id , cs_id , cm_name,cm_type ,cm_order , cm_state) values(17311,614,'2014款 1.6L 自动运动版','2014款',1,0);
insert into t_car_model(cm_id , cs_id , cm_name,cm_type ,cm_order , cm_state) values(17391,614,'2014款 1.4TSI DSG运动版','2014款',2,0);
insert into t_car_model(cm_id , cs_id , cm_name,cm_type ,cm_order , cm_state) values(17310,614,'2014款 1.4TSI DSG蓝驱技术版','2014款',3,0);
insert into t_car_model(cm_id , cs_id , cm_name,cm_type ,cm_order , cm_state) values(20053,614,'2014款 1.4TSI DSG 30周年纪念版','2014款',4,0);
insert into t_car_model(cm_id , cs_id , cm_name,cm_type ,cm_order , cm_state) values(13575,614,'2013款 1.4TSI 手动舒适版','2013款',1,0);
insert into t_car_model(cm_id , cs_id , cm_name,cm_type ,cm_order , cm_state) values(13571,614,'2013款 1.6L 手动风尚版','2013款',2,0);
insert into t_car_model(cm_id , cs_id , cm_name,cm_type ,cm_order , cm_state) values(13572,614,'2013款 1.6L 自动风尚版','2013款',3,0);
insert into t_car_model(cm_id , cs_id , cm_name,cm_type ,cm_order , cm_state) values(13573,614,'2013款 1.6L 手动舒适版','2013款',4,0);
insert into t_car_model(cm_id , cs_id , cm_name,cm_type ,cm_order , cm_state) values(13574,614,'2013款 1.6L 自动舒适版','2013款',5,0);
insert into t_car_model(cm_id , cs_id , cm_name,cm_type ,cm_order , cm_state) values(13534,614,'2013款 1.6L 自动豪华版','2013款',6,0);
insert into t_car_model(cm_id , cs_id , cm_name,cm_type ,cm_order , cm_state) values(13576,614,'2013款 1.4TSI DSG舒适版','2013款',7,0);
insert into t_car_model(cm_id , cs_id , cm_name,cm_type ,cm_order , cm_state) values(13577,614,'2013款 1.4TSI 手动豪华版','2013款',8,0);
insert into t_car_model(cm_id , cs_id , cm_name,cm_type ,cm_order , cm_state) values(12648,614,'2013款 1.4TSI DSG豪华版','2013款',9,0);
insert into t_car_model(cm_id , cs_id , cm_name,cm_type ,cm_order , cm_state) values(13597,614,'2013款 1.4TSI DSG豪华导航版','2013款',10,0);
insert into t_car_model(cm_id , cs_id , cm_name,cm_type ,cm_order , cm_state) values(15695,614,'2013款 改款 1.6L 自动豪华版','2013款',11,0);
insert into t_car_model(cm_id , cs_id , cm_name,cm_type ,cm_order , cm_state) values(17297,614,'2013款 改款 1.4TSI 手动舒适版','2013款',12,0);
insert into t_car_model(cm_id , cs_id , cm_name,cm_type ,cm_order , cm_state) values(17298,614,'2013款 改款 1.4TSI DSG舒适版','2013款',13,0);
insert into t_car_model(cm_id , cs_id , cm_name,cm_type ,cm_order , cm_state) values(17299,614,'2013款 改款 1.4TSI 手动豪华版','2013款',14,0);
insert into t_car_model(cm_id , cs_id , cm_name,cm_type ,cm_order , cm_state) values(17300,614,'2013款 改款 1.4TSI DSG豪华版','2013款',15,0);
insert into t_car_model(cm_id , cs_id , cm_name,cm_type ,cm_order , cm_state) values(15596,614,'2013款 经典 1.6L 手动风尚版','2013款',16,0);
insert into t_car_model(cm_id , cs_id , cm_name,cm_type ,cm_order , cm_state) values(15597,614,'2013款 经典 1.6L 自动风尚版','2013款',17,0);
insert into t_car_model(cm_id , cs_id , cm_name,cm_type ,cm_order , cm_state) values(15691,614,'2013款 改款经典 1.6L 手动风尚版','2013款',18,0);
insert into t_car_model(cm_id , cs_id , cm_name,cm_type ,cm_order , cm_state) values(15692,614,'2013款 改款经典 1.6L 自动风尚版','2013款',19,0);
insert into t_car_model(cm_id , cs_id , cm_name,cm_type ,cm_order , cm_state) values(15693,614,'2013款 改款经典 1.6L 手动舒适版','2013款',20,0);
insert into t_car_model(cm_id , cs_id , cm_name,cm_type ,cm_order , cm_state) values(15694,614,'2013款 改款经典 1.6L 自动舒适版','2013款',21,0);
insert into t_car_model(cm_id , cs_id , cm_name,cm_type ,cm_order , cm_state) values(8270,614,'2011款 1.6L 手动品悠版','2011款',1,0);
insert into t_car_model(cm_id , cs_id , cm_name,cm_type ,cm_order , cm_state) values(8283,614,'2011款 1.6L 自动品悠版','2011款',2,0);
insert into t_car_model(cm_id , cs_id , cm_name,cm_type ,cm_order , cm_state) values(8284,614,'2011款 1.6L 手动品雅版','2011款',3,0);
insert into t_car_model(cm_id , cs_id , cm_name,cm_type ,cm_order , cm_state) values(8285,614,'2011款 1.6L 自动品雅版','2011款',4,0);
insert into t_car_model(cm_id , cs_id , cm_name,cm_type ,cm_order , cm_state) values(8286,614,'2011款 1.6L 自动品轩版','2011款',5,0);
insert into t_car_model(cm_id , cs_id , cm_name,cm_type ,cm_order , cm_state) values(8287,614,'2011款 2.0L 手动品悠版','2011款',6,0);
insert into t_car_model(cm_id , cs_id , cm_name,cm_type ,cm_order , cm_state) values(8288,614,'2011款 2.0L 自动品悠版','2011款',7,0);
insert into t_car_model(cm_id , cs_id , cm_name,cm_type ,cm_order , cm_state) values(8289,614,'2011款 1.4TSI 手动品雅版','2011款',8,0);
insert into t_car_model(cm_id , cs_id , cm_name,cm_type ,cm_order , cm_state) values(8290,614,'2011款 1.4TSI DSG品雅版','2011款',9,0);
insert into t_car_model(cm_id , cs_id , cm_name,cm_type ,cm_order , cm_state) values(8291,614,'2011款 1.4TSI 手动品轩版','2011款',10,0);
insert into t_car_model(cm_id , cs_id , cm_name,cm_type ,cm_order , cm_state) values(8292,614,'2011款 1.4TSI DSG品轩版','2011款',11,0);
insert into t_car_model(cm_id , cs_id , cm_name,cm_type ,cm_order , cm_state) values(5339,614,'2010款 1.4TSI 运动版','2010款',1,0);
insert into t_car_model(cm_id , cs_id , cm_name,cm_type ,cm_order , cm_state) values(5579,614,'2009款 2.0L 手动品悠版','2009款',1,0);
insert into t_car_model(cm_id , cs_id , cm_name,cm_type ,cm_order , cm_state) values(5580,614,'2009款 2.0L 自动品悠版','2009款',2,0);
insert into t_car_model(cm_id , cs_id , cm_name,cm_type ,cm_order , cm_state) values(4074,614,'2008款 1.6L 手动品悠版','2008款',1,0);
insert into t_car_model(cm_id , cs_id , cm_name,cm_type ,cm_order , cm_state) values(4062,614,'2008款 1.6L 自动品悠版','2008款',2,0);
insert into t_car_model(cm_id , cs_id , cm_name,cm_type ,cm_order , cm_state) values(4720,614,'2008款 1.6L 手动品雅版','2008款',3,0);
insert into t_car_model(cm_id , cs_id , cm_name,cm_type ,cm_order , cm_state) values(4721,614,'2008款 1.6L 自动品雅版','2008款',4,0);
insert into t_car_model(cm_id , cs_id , cm_name,cm_type ,cm_order , cm_state) values(4063,614,'2008款 1.6L 手动品轩版','2008款',5,0);
insert into t_car_model(cm_id , cs_id , cm_name,cm_type ,cm_order , cm_state) values(4064,614,'2008款 1.6L 自动品轩版','2008款',6,0);
insert into t_car_model(cm_id , cs_id , cm_name,cm_type ,cm_order , cm_state) values(4725,614,'2008款 2.0L 手动品雅版','2008款',7,0);
insert into t_car_model(cm_id , cs_id , cm_name,cm_type ,cm_order , cm_state) values(7163,614,'2008款 2.0L 自动品雅版','2008款',8,0);
insert into t_car_model(cm_id , cs_id , cm_name,cm_type ,cm_order , cm_state) values(3890,614,'2008款 2.0L 手动品轩版','2008款',9,0);
insert into t_car_model(cm_id , cs_id , cm_name,cm_type ,cm_order , cm_state) values(4094,614,'2008款 2.0L 自动品轩版','2008款',10,0);
insert into t_car_model(cm_id , cs_id , cm_name,cm_type ,cm_order , cm_state) values(4095,614,'2008款 2.0L 自动品尊版','2008款',11,0);
insert into t_car_series(cs_id,cbf_id,cs_name,cs_order,cs_letter) values(5190,58,'朗逸纯电',1029,'L');
insert into t_car_model(cm_id , cs_id , cm_name,cm_type ,cm_order , cm_state) values(38373,5190,'2019款 优享版','2019款',1,0);
insert into t_car_series(cs_id,cbf_id,cs_name,cs_order,cs_letter) values(3457,58,'凌渡',1030,'L');
insert into t_car_model(cm_id , cs_id , cm_name,cm_type ,cm_order , cm_state) values(35529,3457,'2019款 230TSI 手动风尚版 国V','2019款',1,0);
insert into t_car_model(cm_id , cs_id , cm_name,cm_type ,cm_order , cm_state) values(35555,3457,'2019款 230TSI 手动风尚版 国VI','2019款',2,0);
insert into t_car_model(cm_id , cs_id , cm_name,cm_type ,cm_order , cm_state) values(35530,3457,'2019款 230TSI DSG风尚版 国V','2019款',3,0);
insert into t_car_model(cm_id , cs_id , cm_name,cm_type ,cm_order , cm_state) values(35556,3457,'2019款 230TSI DSG风尚版 国VI','2019款',4,0);
insert into t_car_model(cm_id , cs_id , cm_name,cm_type ,cm_order , cm_state) values(35524,3457,'2019款 280TSI DSG舒适版 国V','2019款',5,0);
insert into t_car_model(cm_id , cs_id , cm_name,cm_type ,cm_order , cm_state) values(35558,3457,'2019款 280TSI DSG舒适版 国VI','2019款',6,0);
insert into t_car_model(cm_id , cs_id , cm_name,cm_type ,cm_order , cm_state) values(35467,3457,'2019款 280TSI DSG豪华版 国V','2019款',7,0);
insert into t_car_model(cm_id , cs_id , cm_name,cm_type ,cm_order , cm_state) values(35559,3457,'2019款 280TSI DSG豪华版 国VI','2019款',8,0);
insert into t_car_model(cm_id , cs_id , cm_name,cm_type ,cm_order , cm_state) values(32708,3457,'2018款 230TSI 手动风尚版','2018款',1,0);
insert into t_car_model(cm_id , cs_id , cm_name,cm_type ,cm_order , cm_state) values(32709,3457,'2018款 230TSI DSG风尚版','2018款',2,0);
insert into t_car_model(cm_id , cs_id , cm_name,cm_type ,cm_order , cm_state) values(32710,3457,'2018款 280TSI 手动舒适版','2018款',3,0);
insert into t_car_model(cm_id , cs_id , cm_name,cm_type ,cm_order , cm_state) values(32711,3457,'2018款 280TSI DSG舒适版','2018款',4,0);
insert into t_car_model(cm_id , cs_id , cm_name,cm_type ,cm_order , cm_state) values(32712,3457,'2018款 280TSI DSG豪华版','2018款',5,0);
insert into t_car_model(cm_id , cs_id , cm_name,cm_type ,cm_order , cm_state) values(32713,3457,'2018款 330TSI DSG豪华版','2018款',6,0);
insert into t_car_model(cm_id , cs_id , cm_name,cm_type ,cm_order , cm_state) values(27381,3457,'2017款 230TSI 手动风尚版','2017款',1,0);
insert into t_car_model(cm_id , cs_id , cm_name,cm_type ,cm_order , cm_state) values(27382,3457,'2017款 230TSI DSG风尚版','2017款',2,0);
insert into t_car_model(cm_id , cs_id , cm_name,cm_type ,cm_order , cm_state) values(27383,3457,'2017款 280TSI 手动舒适版','2017款',3,0);
insert into t_car_model(cm_id , cs_id , cm_name,cm_type ,cm_order , cm_state) values(27384,3457,'2017款 280TSI DSG舒适版','2017款',4,0);
insert into t_car_model(cm_id , cs_id , cm_name,cm_type ,cm_order , cm_state) values(27385,3457,'2017款 280TSI DSG豪华版','2017款',5,0);
insert into t_car_model(cm_id , cs_id , cm_name,cm_type ,cm_order , cm_state) values(27386,3457,'2017款 330TSI DSG豪华版','2017款',6,0);
insert into t_car_model(cm_id , cs_id , cm_name,cm_type ,cm_order , cm_state) values(25767,3457,'2017款 2.0T GTS','2017款',7,0);
insert into t_car_model(cm_id , cs_id , cm_name,cm_type ,cm_order , cm_state) values(21021,3457,'2015款 230TSI 手动风尚版','2015款',1,0);
insert into t_car_model(cm_id , cs_id , cm_name,cm_type ,cm_order , cm_state) values(21333,3457,'2015款 230TSI DSG风尚版','2015款',2,0);
insert into t_car_model(cm_id , cs_id , cm_name,cm_type ,cm_order , cm_state) values(21332,3457,'2015款 280TSI 手动舒适版','2015款',3,0);
insert into t_car_model(cm_id , cs_id , cm_name,cm_type ,cm_order , cm_state) values(21331,3457,'2015款 280TSI DSG舒适版','2015款',4,0);
insert into t_car_model(cm_id , cs_id , cm_name,cm_type ,cm_order , cm_state) values(21330,3457,'2015款 280TSI DSG豪华版','2015款',5,0);
insert into t_car_model(cm_id , cs_id , cm_name,cm_type ,cm_order , cm_state) values(21334,3457,'2015款 330TSI DSG舒适版','2015款',6,0);
insert into t_car_model(cm_id , cs_id , cm_name,cm_type ,cm_order , cm_state) values(20103,3457,'2015款 330TSI DSG豪华版','2015款',7,0);
insert into t_car_series(cs_id,cbf_id,cs_name,cs_order,cs_letter) values(528,58,'帕萨特',1031,'P');
insert into t_car_model(cm_id , cs_id , cm_name,cm_type ,cm_order , cm_state) values(36576,528,'2019款 280TSI 商务版 国V','2019款',1,0);
insert into t_car_model(cm_id , cs_id , cm_name,cm_type ,cm_order , cm_state) values(36582,528,'2019款 280TSI 商务版 国VI','2019款',2,0);
insert into t_car_model(cm_id , cs_id , cm_name,cm_type ,cm_order , cm_state) values(36577,528,'2019款 280TSI 精英版 国V','2019款',3,0);
insert into t_car_model(cm_id , cs_id , cm_name,cm_type ,cm_order , cm_state) values(36583,528,'2019款 280TSI 精英版 国VI','2019款',4,0);
insert into t_car_model(cm_id , cs_id , cm_name,cm_type ,cm_order , cm_state) values(40901,528,'2019款 330TSI 精英版 国V','2019款',5,0);
insert into t_car_model(cm_id , cs_id , cm_name,cm_type ,cm_order , cm_state) values(36433,528,'2019款 330TSI 精英版 国VI','2019款',6,0);
insert into t_car_model(cm_id , cs_id , cm_name,cm_type ,cm_order , cm_state) values(36578,528,'2019款 330TSI 豪华版 国V','2019款',7,0);
insert into t_car_model(cm_id , cs_id , cm_name,cm_type ,cm_order , cm_state) values(40902,528,'2019款 330TSI 豪华版 国VI','2019款',8,0);
insert into t_car_model(cm_id , cs_id , cm_name,cm_type ,cm_order , cm_state) values(40903,528,'2019款 330TSI 尊贵版 国V','2019款',9,0);
insert into t_car_model(cm_id , cs_id , cm_name,cm_type ,cm_order , cm_state) values(36477,528,'2019款 330TSI 尊贵版 国VI','2019款',10,0);
insert into t_car_model(cm_id , cs_id , cm_name,cm_type ,cm_order , cm_state) values(40904,528,'2019款 330TSI 领尊版 国V','2019款',11,0);
insert into t_car_model(cm_id , cs_id , cm_name,cm_type ,cm_order , cm_state) values(36579,528,'2019款 330TSI 领尊版 国VI','2019款',12,0);
insert into t_car_model(cm_id , cs_id , cm_name,cm_type ,cm_order , cm_state) values(36580,528,'2019款 380TSI 豪华版 国VI','2019款',13,0);
insert into t_car_model(cm_id , cs_id , cm_name,cm_type ,cm_order , cm_state) values(36581,528,'2019款 380TSI 尊贵版 国VI','2019款',14,0);
insert into t_car_model(cm_id , cs_id , cm_name,cm_type ,cm_order , cm_state) values(36263,528,'2019款 380TSI 旗舰版 国VI','2019款',15,0);
insert into t_car_model(cm_id , cs_id , cm_name,cm_type ,cm_order , cm_state) values(29314,528,'2017款 280TSI DSG尊雅版','2017款',1,0);
insert into t_car_model(cm_id , cs_id , cm_name,cm_type ,cm_order , cm_state) values(29315,528,'2017款 280TSI DSG尊荣版','2017款',2,0);
insert into t_car_model(cm_id , cs_id , cm_name,cm_type ,cm_order , cm_state) values(29316,528,'2017款 330TSI DSG尊荣版','2017款',3,0);
insert into t_car_model(cm_id , cs_id , cm_name,cm_type ,cm_order , cm_state) values(29317,528,'2017款 330TSI DSG御尊版','2017款',4,0);
insert into t_car_model(cm_id , cs_id , cm_name,cm_type ,cm_order , cm_state) values(29318,528,'2017款 330TSI DSG领尊版','2017款',5,0);
insert into t_car_model(cm_id , cs_id , cm_name,cm_type ,cm_order , cm_state) values(29319,528,'2017款 380TSI DSG御尊版','2017款',6,0);
insert into t_car_model(cm_id , cs_id , cm_name,cm_type ,cm_order , cm_state) values(29320,528,'2017款 380TSI DSG旗舰版','2017款',7,0);
insert into t_car_model(cm_id , cs_id , cm_name,cm_type ,cm_order , cm_state) values(25073,528,'2016款 280TSI 手动尊雅版','2016款',1,0);
insert into t_car_model(cm_id , cs_id , cm_name,cm_type ,cm_order , cm_state) values(25074,528,'2016款 280TSI DSG尊荣版','2016款',2,0);
insert into t_car_model(cm_id , cs_id , cm_name,cm_type ,cm_order , cm_state) values(25075,528,'2016款 330TSI DSG尊荣版','2016款',3,0);
insert into t_car_model(cm_id , cs_id , cm_name,cm_type ,cm_order , cm_state) values(24935,528,'2016款 330TSI DSG御尊版','2016款',4,0);
insert into t_car_model(cm_id , cs_id , cm_name,cm_type ,cm_order , cm_state) values(25076,528,'2016款 380TSI DSG御尊版','2016款',5,0);
insert into t_car_model(cm_id , cs_id , cm_name,cm_type ,cm_order , cm_state) values(24934,528,'2016款 380TSI DSG至尊版','2016款',6,0);
insert into t_car_model(cm_id , cs_id , cm_name,cm_type ,cm_order , cm_state) values(25077,528,'2016款 3.0L V6 DSG旗舰版','2016款',7,0);
insert into t_car_model(cm_id , cs_id , cm_name,cm_type ,cm_order , cm_state) values(23507,528,'2015款 1.4TSI 手动尊雅版','2015款',1,0);
insert into t_car_model(cm_id , cs_id , cm_name,cm_type ,cm_order , cm_state) values(23508,528,'2015款 1.4TSI 手动尊荣版','2015款',2,0);
insert into t_car_model(cm_id , cs_id , cm_name,cm_type ,cm_order , cm_state) values(23510,528,'2015款 1.4TSI DSG蓝驱技术版','2015款',3,0);
insert into t_car_model(cm_id , cs_id , cm_name,cm_type ,cm_order , cm_state) values(23512,528,'2015款 1.8TSI DSG尊雅版','2015款',4,0);
insert into t_car_model(cm_id , cs_id , cm_name,cm_type ,cm_order , cm_state) values(23509,528,'2015款 1.4TSI DSG尊荣版','2015款',5,0);
insert into t_car_model(cm_id , cs_id , cm_name,cm_type ,cm_order , cm_state) values(23511,528,'2015款 1.8TSI 自动尊荣版','2015款',6,0);
insert into t_car_model(cm_id , cs_id , cm_name,cm_type ,cm_order , cm_state) values(23513,528,'2015款 1.8TSI DSG尊荣版','2015款',7,0);
insert into t_car_model(cm_id , cs_id , cm_name,cm_type ,cm_order , cm_state) values(23514,528,'2015款 1.8TSI DSG御尊版','2015款',8,0);
insert into t_car_model(cm_id , cs_id , cm_name,cm_type ,cm_order , cm_state) values(23515,528,'2015款 1.8TSI DSG至尊版','2015款',9,0);
insert into t_car_model(cm_id , cs_id , cm_name,cm_type ,cm_order , cm_state) values(23516,528,'2015款 2.0TSI DSG御尊版','2015款',10,0);
insert into t_car_model(cm_id , cs_id , cm_name,cm_type ,cm_order , cm_state) values(23517,528,'2015款 2.0TSI DSG至尊版','2015款',11,0);
insert into t_car_model(cm_id , cs_id , cm_name,cm_type ,cm_order , cm_state) values(23518,528,'2015款 3.0L V6 DSG旗舰版','2015款',12,0);
insert into t_car_model(cm_id , cs_id , cm_name,cm_type ,cm_order , cm_state) values(23519,528,'2015款 3.0L V6 DSG旗舰尊享版','2015款',13,0);
insert into t_car_model(cm_id , cs_id , cm_name,cm_type ,cm_order , cm_state) values(18293,528,'2014款 1.4TSI 手动尊雅版','2014款',1,0);
insert into t_car_model(cm_id , cs_id , cm_name,cm_type ,cm_order , cm_state) values(18295,528,'2014款 1.4TSI 手动尊荣版','2014款',2,0);
insert into t_car_model(cm_id , cs_id , cm_name,cm_type ,cm_order , cm_state) values(18297,528,'2014款 1.4TSI DSG尊荣版','2014款',3,0);
insert into t_car_model(cm_id , cs_id , cm_name,cm_type ,cm_order , cm_state) values(18300,528,'2014款 1.4TSI DSG蓝驱技术版','2014款',4,0);
insert into t_car_model(cm_id , cs_id , cm_name,cm_type ,cm_order , cm_state) values(18548,528,'2014款 1.8TSI 自动尊荣版','2014款',5,0);
insert into t_car_model(cm_id , cs_id , cm_name,cm_type ,cm_order , cm_state) values(18301,528,'2014款 1.8TSI DSG尊雅版','2014款',6,0);
insert into t_car_model(cm_id , cs_id , cm_name,cm_type ,cm_order , cm_state) values(18302,528,'2014款 1.8TSI DSG尊荣版','2014款',7,0);
insert into t_car_model(cm_id , cs_id , cm_name,cm_type ,cm_order , cm_state) values(18303,528,'2014款 1.8TSI DSG尊荣导航版','2014款',8,0);
insert into t_car_model(cm_id , cs_id , cm_name,cm_type ,cm_order , cm_state) values(20079,528,'2014款 1.8TSI DSG 30周年纪念版','2014款',9,0);
insert into t_car_model(cm_id , cs_id , cm_name,cm_type ,cm_order , cm_state) values(18304,528,'2014款 1.8TSI DSG御尊版','2014款',10,0);
insert into t_car_model(cm_id , cs_id , cm_name,cm_type ,cm_order , cm_state) values(18305,528,'2014款 1.8TSI DSG御尊导航版','2014款',11,0);
insert into t_car_model(cm_id , cs_id , cm_name,cm_type ,cm_order , cm_state) values(18306,528,'2014款 1.8TSI DSG至尊版','2014款',12,0);
insert into t_car_model(cm_id , cs_id , cm_name,cm_type ,cm_order , cm_state) values(18307,528,'2014款 2.0TSI DSG御尊版','2014款',13,0);
insert into t_car_model(cm_id , cs_id , cm_name,cm_type ,cm_order , cm_state) values(18308,528,'2014款 2.0TSI DSG御尊导航版','2014款',14,0);
insert into t_car_model(cm_id , cs_id , cm_name,cm_type ,cm_order , cm_state) values(18309,528,'2014款 2.0TSI DSG至尊版','2014款',15,0);
insert into t_car_model(cm_id , cs_id , cm_name,cm_type ,cm_order , cm_state) values(18310,528,'2014款 3.0L V6 DSG旗舰版','2014款',16,0);
insert into t_car_model(cm_id , cs_id , cm_name,cm_type ,cm_order , cm_state) values(18311,528,'2014款 3.0L V6 DSG旗舰尊享版','2014款',17,0);
insert into t_car_model(cm_id , cs_id , cm_name,cm_type ,cm_order , cm_state) values(14448,528,'2013款 1.4TSI 手动尊雅版','2013款',1,0);
insert into t_car_model(cm_id , cs_id , cm_name,cm_type ,cm_order , cm_state) values(14449,528,'2013款 1.4TSI 手动尊荣版','2013款',2,0);
insert into t_car_model(cm_id , cs_id , cm_name,cm_type ,cm_order , cm_state) values(14450,528,'2013款 1.4TSI DSG尊荣版','2013款',3,0);
insert into t_car_model(cm_id , cs_id , cm_name,cm_type ,cm_order , cm_state) values(14444,528,'2013款 1.4TSI DSG蓝驱版','2013款',4,0);
insert into t_car_model(cm_id , cs_id , cm_name,cm_type ,cm_order , cm_state) values(16041,528,'2013款 1.8TSI DSG政府采购版','2013款',5,0);
insert into t_car_model(cm_id , cs_id , cm_name,cm_type ,cm_order , cm_state) values(14451,528,'2013款 1.8TSI DSG尊荣版','2013款',6,0);
insert into t_car_model(cm_id , cs_id , cm_name,cm_type ,cm_order , cm_state) values(14452,528,'2013款 1.8TSI DSG御尊版','2013款',7,0);
insert into t_car_model(cm_id , cs_id , cm_name,cm_type ,cm_order , cm_state) values(14453,528,'2013款 1.8TSI DSG至尊版','2013款',8,0);
insert into t_car_model(cm_id , cs_id , cm_name,cm_type ,cm_order , cm_state) values(14454,528,'2013款 2.0TSI DSG御尊版','2013款',9,0);
insert into t_car_model(cm_id , cs_id , cm_name,cm_type ,cm_order , cm_state) values(14455,528,'2013款 2.0TSI DSG至尊版','2013款',10,0);
insert into t_car_model(cm_id , cs_id , cm_name,cm_type ,cm_order , cm_state) values(14456,528,'2013款 3.0L V6 DSG旗舰版','2013款',11,0);
insert into t_car_model(cm_id , cs_id , cm_name,cm_type ,cm_order , cm_state) values(14445,528,'2013款 3.0L V6 DSG旗舰尊享版','2013款',12,0);
insert into t_car_model(cm_id , cs_id , cm_name,cm_type ,cm_order , cm_state) values(10801,528,'2011款 1.4TSI 手动尊荣版','2011款',1,0);
insert into t_car_model(cm_id , cs_id , cm_name,cm_type ,cm_order , cm_state) values(10546,528,'2011款 1.4TSI DSG尊荣版','2011款',2,0);
insert into t_car_model(cm_id , cs_id , cm_name,cm_type ,cm_order , cm_state) values(11487,528,'2011款 1.8TSI 自动尊荣版','2011款',3,0);
insert into t_car_model(cm_id , cs_id , cm_name,cm_type ,cm_order , cm_state) values(9901,528,'2011款 1.8TSI DSG尊荣版','2011款',4,0);
insert into t_car_model(cm_id , cs_id , cm_name,cm_type ,cm_order , cm_state) values(9902,528,'2011款 1.8TSI DSG御尊版','2011款',5,0);
insert into t_car_model(cm_id , cs_id , cm_name,cm_type ,cm_order , cm_state) values(9903,528,'2011款 1.8TSI DSG至尊版','2011款',6,0);
insert into t_car_model(cm_id , cs_id , cm_name,cm_type ,cm_order , cm_state) values(9904,528,'2011款 2.0TSI DSG御尊版','2011款',7,0);
insert into t_car_model(cm_id , cs_id , cm_name,cm_type ,cm_order , cm_state) values(9735,528,'2011款 2.0TSI DSG至尊版','2011款',8,0);
insert into t_car_model(cm_id , cs_id , cm_name,cm_type ,cm_order , cm_state) values(9970,528,'2011款 3.0L V6 DSG旗舰版','2011款',9,0);
insert into t_car_model(cm_id , cs_id , cm_name,cm_type ,cm_order , cm_state) values(11364,528,'2011款 3.0L V6 DSG旗舰尊享版','2011款',10,0);
insert into t_car_model(cm_id , cs_id , cm_name,cm_type ,cm_order , cm_state) values(2972,528,'2007款 1.8T 手动舒适型','2007款',1,0);
insert into t_car_model(cm_id , cs_id , cm_name,cm_type ,cm_order , cm_state) values(2973,528,'2007款 2.0L 手动基本型','2007款',2,0);
insert into t_car_model(cm_id , cs_id , cm_name,cm_type ,cm_order , cm_state) values(4350,528,'2007款 2.0L 自动基本型','2007款',3,0);
insert into t_car_model(cm_id , cs_id , cm_name,cm_type ,cm_order , cm_state) values(1531,528,'2005款 1.8T 手动基本型','2005款',1,0);
insert into t_car_model(cm_id , cs_id , cm_name,cm_type ,cm_order , cm_state) values(1797,528,'2005款 1.8T 手动增值版','2005款',2,0);
insert into t_car_model(cm_id , cs_id , cm_name,cm_type ,cm_order , cm_state) values(1532,528,'2005款 1.8T 手动天窗型','2005款',3,0);
insert into t_car_model(cm_id , cs_id , cm_name,cm_type ,cm_order , cm_state) values(1533,528,'2005款 1.8T 自动基本型','2005款',4,0);
insert into t_car_model(cm_id , cs_id , cm_name,cm_type ,cm_order , cm_state) values(1534,528,'2005款 1.8T 自动豪华型','2005款',5,0);
insert into t_car_model(cm_id , cs_id , cm_name,cm_type ,cm_order , cm_state) values(6809,528,'2005款 1.8T 自动豪华增值版','2005款',6,0);
insert into t_car_model(cm_id , cs_id , cm_name,cm_type ,cm_order , cm_state) values(1771,528,'2005款 2.0L 手动超值版','2005款',7,0);
insert into t_car_model(cm_id , cs_id , cm_name,cm_type ,cm_order , cm_state) values(1535,528,'2005款 2.0L 手动舒适型','2005款',8,0);
insert into t_car_model(cm_id , cs_id , cm_name,cm_type ,cm_order , cm_state) values(1856,528,'2005款 2.0L 自动超值版','2005款',9,0);
insert into t_car_model(cm_id , cs_id , cm_name,cm_type ,cm_order , cm_state) values(1536,528,'2005款 2.0L 自动舒适型','2005款',10,0);
insert into t_car_model(cm_id , cs_id , cm_name,cm_type ,cm_order , cm_state) values(1579,528,'2005款 2.8L V6 升级版','2005款',11,0);
insert into t_car_model(cm_id , cs_id , cm_name,cm_type ,cm_order , cm_state) values(1537,528,'2005款 2.8L V6 行政版','2005款',12,0);
insert into t_car_model(cm_id , cs_id , cm_name,cm_type ,cm_order , cm_state) values(210,528,'2004款 1.8T 天窗型','2004款',1,0);
insert into t_car_model(cm_id , cs_id , cm_name,cm_type ,cm_order , cm_state) values(638,528,'2004款 1.8T 手动基本型','2004款',2,0);
insert into t_car_model(cm_id , cs_id , cm_name,cm_type ,cm_order , cm_state) values(200,528,'2004款 1.8T 自动基本型','2004款',3,0);
insert into t_car_model(cm_id , cs_id , cm_name,cm_type ,cm_order , cm_state) values(699,528,'2004款 1.8T 自动豪华型','2004款',4,0);
insert into t_car_model(cm_id , cs_id , cm_name,cm_type ,cm_order , cm_state) values(1179,528,'2004款 2.0L 手动基本型','2004款',5,0);
insert into t_car_model(cm_id , cs_id , cm_name,cm_type ,cm_order , cm_state) values(382,528,'2004款 2.0L 自动基本型','2004款',6,0);
insert into t_car_model(cm_id , cs_id , cm_name,cm_type ,cm_order , cm_state) values(199,528,'2004款 2.8L V6','2004款',7,0);
insert into t_car_model(cm_id , cs_id , cm_name,cm_type ,cm_order , cm_state) values(1666,528,'2003款 2.0L 手动基本型','2003款',1,0);
insert into t_car_model(cm_id , cs_id , cm_name,cm_type ,cm_order , cm_state) values(1667,528,'2003款 2.0L 自动基本型','2003款',2,0);
insert into t_car_series(cs_id,cbf_id,cs_name,cs_order,cs_letter) values(4904,58,'帕萨特新能源',1032,'P');
insert into t_car_model(cm_id , cs_id , cm_name,cm_type ,cm_order , cm_state) values(36636,4904,'2019款 430PHEV 混动精英版','2019款',1,0);
insert into t_car_model(cm_id , cs_id , cm_name,cm_type ,cm_order , cm_state) values(35464,4904,'2019款 430PHEV 混动豪华版','2019款',2,0);
insert into t_car_series(cs_id,cbf_id,cs_name,cs_order,cs_letter) values(4045,58,'辉昂',1033,'H');
insert into t_car_model(cm_id , cs_id , cm_name,cm_type ,cm_order , cm_state) values(40092,4045,'2019款 380TSI 两驱商务版 国V','2019款',1,0);
insert into t_car_model(cm_id , cs_id , cm_name,cm_type ,cm_order , cm_state) values(40094,4045,'2019款 380TSI 两驱商务版 国VI','2019款',2,0);
insert into t_car_model(cm_id , cs_id , cm_name,cm_type ,cm_order , cm_state) values(40093,4045,'2019款 380TSI 两驱豪华版 国V','2019款',3,0);
insert into t_car_model(cm_id , cs_id , cm_name,cm_type ,cm_order , cm_state) values(40095,4045,'2019款 380TSI 两驱豪华版 国VI','2019款',4,0);
insert into t_car_model(cm_id , cs_id , cm_name,cm_type ,cm_order , cm_state) values(40096,4045,'2019款 380TSI 两驱旗舰版 国V','2019款',5,0);
insert into t_car_model(cm_id , cs_id , cm_name,cm_type ,cm_order , cm_state) values(40097,4045,'2019款 380TSI 两驱旗舰版 国VI','2019款',6,0);
insert into t_car_model(cm_id , cs_id , cm_name,cm_type ,cm_order , cm_state) values(40098,4045,'2019款 380TSI 两驱豪华旗舰版 国V','2019款',7,0);
insert into t_car_model(cm_id , cs_id , cm_name,cm_type ,cm_order , cm_state) values(40099,4045,'2019款 380TSI 两驱豪华旗舰版 国VI','2019款',8,0);
insert into t_car_model(cm_id , cs_id , cm_name,cm_type ,cm_order , cm_state) values(40100,4045,'2019款 480 V6 四驱旗舰版 国V','2019款',9,0);
insert into t_car_model(cm_id , cs_id , cm_name,cm_type ,cm_order , cm_state) values(40101,4045,'2019款 480 V6 四驱豪华旗舰版 国V','2019款',10,0);
insert into t_car_model(cm_id , cs_id , cm_name,cm_type ,cm_order , cm_state) values(32108,4045,'2018款 改款 380TSI 两驱商务版','2018款',1,0);
insert into t_car_model(cm_id , cs_id , cm_name,cm_type ,cm_order , cm_state) values(32109,4045,'2018款 改款 380TSI 两驱豪华版','2018款',2,0);
insert into t_car_model(cm_id , cs_id , cm_name,cm_type ,cm_order , cm_state) values(32110,4045,'2018款 改款 380TSI 两驱旗舰版','2018款',3,0);
insert into t_car_model(cm_id , cs_id , cm_name,cm_type ,cm_order , cm_state) values(32111,4045,'2018款 改款 380TSI 两驱豪华旗舰版','2018款',4,0);
insert into t_car_model(cm_id , cs_id , cm_name,cm_type ,cm_order , cm_state) values(32113,4045,'2018款 改款 480 V6 四驱旗舰版','2018款',5,0);
insert into t_car_model(cm_id , cs_id , cm_name,cm_type ,cm_order , cm_state) values(32114,4045,'2018款 改款 480 V6 四驱豪华旗舰版','2018款',6,0);
insert into t_car_model(cm_id , cs_id , cm_name,cm_type ,cm_order , cm_state) values(31116,4045,'2018款 380TSI 两驱商务版','2018款',7,0);
insert into t_car_model(cm_id , cs_id , cm_name,cm_type ,cm_order , cm_state) values(31117,4045,'2018款 380TSI 两驱豪华版','2018款',8,0);
insert into t_car_model(cm_id , cs_id , cm_name,cm_type ,cm_order , cm_state) values(31118,4045,'2018款 380TSI 两驱旗舰版','2018款',9,0);
insert into t_car_model(cm_id , cs_id , cm_name,cm_type ,cm_order , cm_state) values(31120,4045,'2018款 380TSI 两驱至尊旗舰版','2018款',10,0);
insert into t_car_model(cm_id , cs_id , cm_name,cm_type ,cm_order , cm_state) values(31121,4045,'2018款 480 V6 四驱豪华版','2018款',11,0);
insert into t_car_model(cm_id , cs_id , cm_name,cm_type ,cm_order , cm_state) values(31122,4045,'2018款 480 V6 四驱旗舰版','2018款',12,0);
insert into t_car_model(cm_id , cs_id , cm_name,cm_type ,cm_order , cm_state) values(31123,4045,'2018款 480 V6 四驱至尊旗舰版','2018款',13,0);
insert into t_car_model(cm_id , cs_id , cm_name,cm_type ,cm_order , cm_state) values(32112,4045,'2018款 改款 480 V6 四驱豪华版','2018款',14,0);
insert into t_car_model(cm_id , cs_id , cm_name,cm_type ,cm_order , cm_state) values(26357,4045,'2016款 380TSI 两驱御尊版','2016款',1,0);
insert into t_car_model(cm_id , cs_id , cm_name,cm_type ,cm_order , cm_state) values(28180,4045,'2016款 380TSI 两驱御尊豪华版','2016款',2,0);
insert into t_car_model(cm_id , cs_id , cm_name,cm_type ,cm_order , cm_state) values(26501,4045,'2016款 380TSI 两驱至尊版','2016款',3,0);
insert into t_car_model(cm_id , cs_id , cm_name,cm_type ,cm_order , cm_state) values(28181,4045,'2016款 380TSI 两驱行政版','2016款',4,0);
insert into t_car_model(cm_id , cs_id , cm_name,cm_type ,cm_order , cm_state) values(28182,4045,'2016款 380TSI 两驱行政旗舰版','2016款',5,0);
insert into t_car_model(cm_id , cs_id , cm_name,cm_type ,cm_order , cm_state) values(26655,4045,'2016款 480 V6 四驱至尊版','2016款',6,0);
insert into t_car_model(cm_id , cs_id , cm_name,cm_type ,cm_order , cm_state) values(28183,4045,'2016款 480 V6 四驱行政版','2016款',7,0);
insert into t_car_model(cm_id , cs_id , cm_name,cm_type ,cm_order , cm_state) values(25419,4045,'2016款 480 V6 四驱行政旗舰版','2016款',8,0);
insert into t_car_series(cs_id,cbf_id,cs_name,cs_order,cs_letter) values(4993,58,'T-Cross途铠',1034,'T');
insert into t_car_model(cm_id , cs_id , cm_name,cm_type ,cm_order , cm_state) values(38550,4993,'2019款 1.5L 自动风尚版','2019款',1,0);
insert into t_car_model(cm_id , cs_id , cm_name,cm_type ,cm_order , cm_state) values(38535,4993,'2019款 1.5L 自动舒适版','2019款',2,0);
insert into t_car_model(cm_id , cs_id , cm_name,cm_type ,cm_order , cm_state) values(38271,4993,'2019款 280TSI DSG舒适版','2019款',3,0);
insert into t_car_model(cm_id , cs_id , cm_name,cm_type ,cm_order , cm_state) values(38391,4993,'2019款 280TSI DSG豪华版','2019款',4,0);
insert into t_car_series(cs_id,cbf_id,cs_name,cs_order,cs_letter) values(874,58,'途观',1035,'T');
insert into t_car_model(cm_id , cs_id , cm_name,cm_type ,cm_order , cm_state) values(29123,874,'2017款 300TSI 自动两驱丝绸之路风尚版','2017款',1,0);
insert into t_car_model(cm_id , cs_id , cm_name,cm_type ,cm_order , cm_state) values(29124,874,'2017款 300TSI 自动两驱丝绸之路舒适版','2017款',2,0);
insert into t_car_model(cm_id , cs_id , cm_name,cm_type ,cm_order , cm_state) values(27843,874,'2016款 280TSI 自动两驱丝绸之路风尚版','2016款',1,0);
insert into t_car_model(cm_id , cs_id , cm_name,cm_type ,cm_order , cm_state) values(27619,874,'2016款 280TSI 自动两驱丝绸之路舒适版','2016款',2,0);
insert into t_car_model(cm_id , cs_id , cm_name,cm_type ,cm_order , cm_state) values(25288,874,'2016款 300TSI 自动两驱豪华版','2016款',3,0);
insert into t_car_model(cm_id , cs_id , cm_name,cm_type ,cm_order , cm_state) values(25282,874,'2016款 300TSI 手动两驱风尚版','2016款',4,0);
insert into t_car_model(cm_id , cs_id , cm_name,cm_type ,cm_order , cm_state) values(25283,874,'2016款 300TSI 自动两驱风尚版','2016款',5,0);
insert into t_car_model(cm_id , cs_id , cm_name,cm_type ,cm_order , cm_state) values(25284,874,'2016款 300TSI 自动四驱风尚视野版','2016款',6,0);
insert into t_car_model(cm_id , cs_id , cm_name,cm_type ,cm_order , cm_state) values(25285,874,'2016款 300TSI 自动两驱舒适版','2016款',7,0);
insert into t_car_model(cm_id , cs_id , cm_name,cm_type ,cm_order , cm_state) values(25286,874,'2016款 300TSI 自动四驱舒适版','2016款',8,0);
insert into t_car_model(cm_id , cs_id , cm_name,cm_type ,cm_order , cm_state) values(25289,874,'2016款 300TSI 自动四驱豪华版','2016款',9,0);
insert into t_car_model(cm_id , cs_id , cm_name,cm_type ,cm_order , cm_state) values(25287,874,'2016款 330TSI 自动四驱舒适视野版','2016款',10,0);
insert into t_car_model(cm_id , cs_id , cm_name,cm_type ,cm_order , cm_state) values(25290,874,'2016款 330TSI 自动四驱豪华版','2016款',11,0);
insert into t_car_model(cm_id , cs_id , cm_name,cm_type ,cm_order , cm_state) values(25291,874,'2016款 330TSI 自动四驱旗舰版','2016款',12,0);
insert into t_car_model(cm_id , cs_id , cm_name,cm_type ,cm_order , cm_state) values(19690,874,'2015款 1.4TSI 手动两驱蓝驱版','2015款',1,0);
insert into t_car_model(cm_id , cs_id , cm_name,cm_type ,cm_order , cm_state) values(19691,874,'2015款 1.8TSI 手动两驱风尚版','2015款',2,0);
insert into t_car_model(cm_id , cs_id , cm_name,cm_type ,cm_order , cm_state) values(19692,874,'2015款 1.8TSI 自动两驱风尚版','2015款',3,0);
insert into t_car_model(cm_id , cs_id , cm_name,cm_type ,cm_order , cm_state) values(22280,874,'2015款 1.8TSI 自动四驱风尚视野版','2015款',4,0);
insert into t_car_model(cm_id , cs_id , cm_name,cm_type ,cm_order , cm_state) values(21635,874,'2015款 1.8TSI 手动两驱限量版','2015款',5,0);
insert into t_car_model(cm_id , cs_id , cm_name,cm_type ,cm_order , cm_state) values(19693,874,'2015款 1.8TSI 自动两驱舒适版','2015款',6,0);
insert into t_car_model(cm_id , cs_id , cm_name,cm_type ,cm_order , cm_state) values(19694,874,'2015款 1.8TSI 自动四驱舒适版','2015款',7,0);
insert into t_car_model(cm_id , cs_id , cm_name,cm_type ,cm_order , cm_state) values(22282,874,'2015款 2.0TSI 自动四驱舒适视野版','2015款',8,0);
insert into t_car_model(cm_id , cs_id , cm_name,cm_type ,cm_order , cm_state) values(19695,874,'2015款 1.8TSI 自动两驱豪华型','2015款',9,0);
insert into t_car_model(cm_id , cs_id , cm_name,cm_type ,cm_order , cm_state) values(19696,874,'2015款 1.8TSI 自动四驱豪华型','2015款',10,0);
insert into t_car_model(cm_id , cs_id , cm_name,cm_type ,cm_order , cm_state) values(19697,874,'2015款 2.0TSI 自动四驱豪华版','2015款',11,0);
insert into t_car_model(cm_id , cs_id , cm_name,cm_type ,cm_order , cm_state) values(19698,874,'2015款 2.0TSI 自动四驱旗舰版','2015款',12,0);
insert into t_car_model(cm_id , cs_id , cm_name,cm_type ,cm_order , cm_state) values(19932,874,'2014款 1.8TSI 自动两驱30周年纪念版','2014款',1,0);
insert into t_car_model(cm_id , cs_id , cm_name,cm_type ,cm_order , cm_state) values(16012,874,'2013款 1.4TSI 手动两驱蓝驱版','2013款',1,0);
insert into t_car_model(cm_id , cs_id , cm_name,cm_type ,cm_order , cm_state) values(16212,874,'2013款 1.8TSI 手动两驱风尚版','2013款',2,0);
insert into t_car_model(cm_id , cs_id , cm_name,cm_type ,cm_order , cm_state) values(16213,874,'2013款 1.8TSI 自动两驱风尚版','2013款',3,0);
insert into t_car_model(cm_id , cs_id , cm_name,cm_type ,cm_order , cm_state) values(16214,874,'2013款 1.8TSI 自动两驱舒适版','2013款',4,0);
insert into t_car_model(cm_id , cs_id , cm_name,cm_type ,cm_order , cm_state) values(16215,874,'2013款 1.8TSI 自动四驱舒适版','2013款',5,0);
insert into t_car_model(cm_id , cs_id , cm_name,cm_type ,cm_order , cm_state) values(16216,874,'2013款 1.8TSI 自动两驱豪华型','2013款',6,0);
insert into t_car_model(cm_id , cs_id , cm_name,cm_type ,cm_order , cm_state) values(16075,874,'2013款 1.8TSI 自动四驱豪华型','2013款',7,0);
insert into t_car_model(cm_id , cs_id , cm_name,cm_type ,cm_order , cm_state) values(16211,874,'2013款 2.0TSI 自动四驱豪华版','2013款',8,0);
insert into t_car_model(cm_id , cs_id , cm_name,cm_type ,cm_order , cm_state) values(16011,874,'2013款 2.0TSI 自动四驱旗舰版','2013款',9,0);
insert into t_car_model(cm_id , cs_id , cm_name,cm_type ,cm_order , cm_state) values(11424,874,'2012款 1.4TSI 手动两驱都会版','2012款',1,0);
insert into t_car_model(cm_id , cs_id , cm_name,cm_type ,cm_order , cm_state) values(11610,874,'2012款 1.8TSI 手动两驱都会版','2012款',2,0);
insert into t_car_model(cm_id , cs_id , cm_name,cm_type ,cm_order , cm_state) values(11613,874,'2012款 1.8TSI 自动两驱都会版','2012款',3,0);
insert into t_car_model(cm_id , cs_id , cm_name,cm_type ,cm_order , cm_state) values(13392,874,'2012款 1.8TSI 手动两驱进享版','2012款',4,0);
insert into t_car_model(cm_id , cs_id , cm_name,cm_type ,cm_order , cm_state) values(11611,874,'2012款 1.8TSI 自动两驱风尚版','2012款',5,0);
insert into t_car_model(cm_id , cs_id , cm_name,cm_type ,cm_order , cm_state) values(11612,874,'2012款 1.8TSI 自动四驱风尚版','2012款',6,0);
insert into t_car_model(cm_id , cs_id , cm_name,cm_type ,cm_order , cm_state) values(11614,874,'2012款 1.8TSI 自动两驱菁英版','2012款',7,0);
insert into t_car_model(cm_id , cs_id , cm_name,cm_type ,cm_order , cm_state) values(11617,874,'2012款 1.8TSI 自动两驱耀智版','2012款',8,0);
insert into t_car_model(cm_id , cs_id , cm_name,cm_type ,cm_order , cm_state) values(11615,874,'2012款 1.8TSI 自动四驱菁英版','2012款',9,0);
insert into t_car_model(cm_id , cs_id , cm_name,cm_type ,cm_order , cm_state) values(11616,874,'2012款 2.0TSI 自动四驱菁英版','2012款',10,0);
insert into t_car_model(cm_id , cs_id , cm_name,cm_type ,cm_order , cm_state) values(11618,874,'2012款 2.0TSI 自动四驱旗舰版','2012款',11,0);
insert into t_car_model(cm_id , cs_id , cm_name,cm_type ,cm_order , cm_state) values(7094,874,'2010款 1.8TSI 手动两驱都会版','2010款',1,0);
insert into t_car_model(cm_id , cs_id , cm_name,cm_type ,cm_order , cm_state) values(7095,874,'2010款 1.8TSI 自动两驱都会版','2010款',2,0);
insert into t_car_model(cm_id , cs_id , cm_name,cm_type ,cm_order , cm_state) values(7096,874,'2010款 1.8TSI 自动两驱风尚版','2010款',3,0);
insert into t_car_model(cm_id , cs_id , cm_name,cm_type ,cm_order , cm_state) values(7097,874,'2010款 1.8TSI 自动四驱风尚版','2010款',4,0);
insert into t_car_model(cm_id , cs_id , cm_name,cm_type ,cm_order , cm_state) values(9665,874,'2010款 1.8TSI 自动两驱菁英版','2010款',5,0);
insert into t_car_model(cm_id , cs_id , cm_name,cm_type ,cm_order , cm_state) values(7098,874,'2010款 1.8TSI 自动四驱菁英版','2010款',6,0);
insert into t_car_model(cm_id , cs_id , cm_name,cm_type ,cm_order , cm_state) values(7099,874,'2010款 2.0TSI 自动四驱菁英版','2010款',7,0);
insert into t_car_model(cm_id , cs_id , cm_name,cm_type ,cm_order , cm_state) values(5694,874,'2010款 2.0TSI 自动四驱旗舰版','2010款',8,0);
insert into t_car_model(cm_id , cs_id , cm_name,cm_type ,cm_order , cm_state) values(7415,874,'2010款 2.0TSI 自动四驱旗舰导航版','2010款',9,0);
insert into t_car_series(cs_id,cbf_id,cs_name,cs_order,cs_letter) values(4745,58,'途岳',1036,'T');
insert into t_car_model(cm_id , cs_id , cm_name,cm_type ,cm_order , cm_state) values(36571,4745,'2019款 280TSI 两驱风尚版 国V','2019款',1,0);
insert into t_car_model(cm_id , cs_id , cm_name,cm_type ,cm_order , cm_state) values(36572,4745,'2019款 280TSI 两驱风尚版 国VI','2019款',2,0);
insert into t_car_model(cm_id , cs_id , cm_name,cm_type ,cm_order , cm_state) values(36518,4745,'2019款 280TSI 两驱舒适版 国V','2019款',3,0);
insert into t_car_model(cm_id , cs_id , cm_name,cm_type ,cm_order , cm_state) values(36519,4745,'2019款 280TSI 两驱舒适版 国VI','2019款',4,0);
insert into t_car_model(cm_id , cs_id , cm_name,cm_type ,cm_order , cm_state) values(37019,4745,'2019款 280TSI 两驱R-Line 国V','2019款',5,0);
insert into t_car_model(cm_id , cs_id , cm_name,cm_type ,cm_order , cm_state) values(42578,4745,'2019款 280TSI 两驱R-line 国VI','2019款',6,0);
insert into t_car_model(cm_id , cs_id , cm_name,cm_type ,cm_order , cm_state) values(36520,4745,'2019款 280TSI 两驱豪华版 国V','2019款',7,0);
insert into t_car_model(cm_id , cs_id , cm_name,cm_type ,cm_order , cm_state) values(36521,4745,'2019款 280TSI 两驱豪华版 国VI','2019款',8,0);
insert into t_car_model(cm_id , cs_id , cm_name,cm_type ,cm_order , cm_state) values(36096,4745,'2019款 280TSI 两驱旗舰版 国V','2019款',9,0);
insert into t_car_model(cm_id , cs_id , cm_name,cm_type ,cm_order , cm_state) values(36573,4745,'2019款 280TSI 两驱旗舰版 国VI','2019款',10,0);
insert into t_car_model(cm_id , cs_id , cm_name,cm_type ,cm_order , cm_state) values(34003,4745,'2019款 330TSI 四驱豪华版 国VI','2019款',11,0);
insert into t_car_model(cm_id , cs_id , cm_name,cm_type ,cm_order , cm_state) values(36574,4745,'2019款 330TSI 四驱旗舰版 国VI','2019款',12,0);
insert into t_car_series(cs_id,cbf_id,cs_name,cs_order,cs_letter) values(4274,58,'途观L',1037,'T');
insert into t_car_model(cm_id , cs_id , cm_name,cm_type ,cm_order , cm_state) values(37010,4274,'2019款 280TSI 自动两驱全景舒适版 国V','2019款',1,0);
insert into t_car_model(cm_id , cs_id , cm_name,cm_type ,cm_order , cm_state) values(40905,4274,'2019款 280TSI 自动两驱全景舒适版 国VI','2019款',2,0);
insert into t_car_model(cm_id , cs_id , cm_name,cm_type ,cm_order , cm_state) values(37011,4274,'2019款 330TSI 自动两驱风尚版 国V','2019款',3,0);
insert into t_car_model(cm_id , cs_id , cm_name,cm_type ,cm_order , cm_state) values(35441,4274,'2019款 330TSI 自动两驱风尚版 国VI','2019款',4,0);
insert into t_car_model(cm_id , cs_id , cm_name,cm_type ,cm_order , cm_state) values(37012,4274,'2019款 330TSI 自动两驱全景舒适版 国V','2019款',5,0);
insert into t_car_model(cm_id , cs_id , cm_name,cm_type ,cm_order , cm_state) values(35442,4274,'2019款 330TSI 自动两驱全景舒适版 国VI','2019款',6,0);
insert into t_car_model(cm_id , cs_id , cm_name,cm_type ,cm_order , cm_state) values(37013,4274,'2019款 330TSI 自动两驱智动豪华版 国V','2019款',7,0);
insert into t_car_model(cm_id , cs_id , cm_name,cm_type ,cm_order , cm_state) values(35443,4274,'2019款 330TSI 自动两驱智动豪华版 国VI','2019款',8,0);
insert into t_car_model(cm_id , cs_id , cm_name,cm_type ,cm_order , cm_state) values(37014,4274,'2019款 330TSI 自动两驱R-Line旗舰版 国V','2019款',9,0);
insert into t_car_model(cm_id , cs_id , cm_name,cm_type ,cm_order , cm_state) values(35444,4274,'2019款 330TSI 自动两驱R-Line旗舰版 国VI','2019款',10,0);
insert into t_car_model(cm_id , cs_id , cm_name,cm_type ,cm_order , cm_state) values(41461,4274,'2019款 380TSI 自动四驱智动豪华版7座 国VI','2019款',11,0);
insert into t_car_model(cm_id , cs_id , cm_name,cm_type ,cm_order , cm_state) values(41535,4274,'2019款 380TSI 自动四驱R-Line旗舰版7座 国VI','2019款',12,0);
insert into t_car_model(cm_id , cs_id , cm_name,cm_type ,cm_order , cm_state) values(37015,4274,'2019款 380TSI 自动四驱智动豪华版 国V','2019款',13,0);
insert into t_car_model(cm_id , cs_id , cm_name,cm_type ,cm_order , cm_state) values(40907,4274,'2019款 380TSI 自动四驱智动豪华版 国VI','2019款',14,0);
insert into t_car_model(cm_id , cs_id , cm_name,cm_type ,cm_order , cm_state) values(37016,4274,'2019款 380TSI 自动四驱R-Line旗舰版 国V','2019款',15,0);
insert into t_car_model(cm_id , cs_id , cm_name,cm_type ,cm_order , cm_state) values(40908,4274,'2019款 380TSI 自动四驱R-Line旗舰版 国VI','2019款',16,0);
insert into t_car_model(cm_id , cs_id , cm_name,cm_type ,cm_order , cm_state) values(36808,4274,'2019款 380TSI 自动四驱R-Line尊崇旗舰版 国V','2019款',17,0);
insert into t_car_model(cm_id , cs_id , cm_name,cm_type ,cm_order , cm_state) values(40909,4274,'2019款 380TSI 自动四驱R-Line尊崇旗舰版 国VI','2019款',18,0);
insert into t_car_model(cm_id , cs_id , cm_name,cm_type ,cm_order , cm_state) values(35276,4274,'2018款 280TSI 自动两驱舒适版','2018款',1,0);
insert into t_car_model(cm_id , cs_id , cm_name,cm_type ,cm_order , cm_state) values(35445,4274,'2018款 改款 330TSI 自动两驱风尚版','2018款',2,0);
insert into t_car_model(cm_id , cs_id , cm_name,cm_type ,cm_order , cm_state) values(35446,4274,'2018款 改款 330TSI 自动两驱舒适版','2018款',3,0);
insert into t_car_model(cm_id , cs_id , cm_name,cm_type ,cm_order , cm_state) values(35447,4274,'2018款 改款 330TSI 自动两驱豪华版','2018款',4,0);
insert into t_car_model(cm_id , cs_id , cm_name,cm_type ,cm_order , cm_state) values(35448,4274,'2018款 改款 330TSI 自动两驱旗舰版','2018款',5,0);
insert into t_car_model(cm_id , cs_id , cm_name,cm_type ,cm_order , cm_state) values(35449,4274,'2018款 改款 380TSI 自动四驱豪华版','2018款',6,0);
insert into t_car_model(cm_id , cs_id , cm_name,cm_type ,cm_order , cm_state) values(35450,4274,'2018款 改款 380TSI 自动四驱旗舰版','2018款',7,0);
insert into t_car_model(cm_id , cs_id , cm_name,cm_type ,cm_order , cm_state) values(35451,4274,'2018款 改款 380TSI 自动四驱尊崇旗舰版','2018款',8,0);
insert into t_car_model(cm_id , cs_id , cm_name,cm_type ,cm_order , cm_state) values(33335,4274,'2018款 330TSI 自动两驱风尚版','2018款',9,0);
insert into t_car_model(cm_id , cs_id , cm_name,cm_type ,cm_order , cm_state) values(33336,4274,'2018款 330TSI 自动两驱舒适版','2018款',10,0);
insert into t_car_model(cm_id , cs_id , cm_name,cm_type ,cm_order , cm_state) values(33337,4274,'2018款 330TSI 自动两驱豪华版','2018款',11,0);
insert into t_car_model(cm_id , cs_id , cm_name,cm_type ,cm_order , cm_state) values(33338,4274,'2018款  330TSI 自动两驱旗舰版','2018款',12,0);
insert into t_car_model(cm_id , cs_id , cm_name,cm_type ,cm_order , cm_state) values(33339,4274,'2018款 380TSI 自动四驱豪华版','2018款',13,0);
insert into t_car_model(cm_id , cs_id , cm_name,cm_type ,cm_order , cm_state) values(33340,4274,'2018款 380TSI 自动四驱旗舰版','2018款',14,0);
insert into t_car_model(cm_id , cs_id , cm_name,cm_type ,cm_order , cm_state) values(33341,4274,'2018款 380TSI 自动四驱尊崇旗舰版','2018款',15,0);
insert into t_car_model(cm_id , cs_id , cm_name,cm_type ,cm_order , cm_state) values(28738,4274,'2017款 330TSI 自动两驱风尚版','2017款',1,0);
insert into t_car_model(cm_id , cs_id , cm_name,cm_type ,cm_order , cm_state) values(28739,4274,'2017款 330TSI 自动两驱舒适版','2017款',2,0);
insert into t_car_model(cm_id , cs_id , cm_name,cm_type ,cm_order , cm_state) values(28740,4274,'2017款 330TSI 自动两驱豪华版','2017款',3,0);
insert into t_car_model(cm_id , cs_id , cm_name,cm_type ,cm_order , cm_state) values(28741,4274,'2017款 330TSI 自动两驱旗舰版','2017款',4,0);
insert into t_car_model(cm_id , cs_id , cm_name,cm_type ,cm_order , cm_state) values(28742,4274,'2017款 380TSI 自动四驱豪华版','2017款',5,0);
insert into t_car_model(cm_id , cs_id , cm_name,cm_type ,cm_order , cm_state) values(28743,4274,'2017款 380TSI 自动四驱旗舰版','2017款',6,0);
insert into t_car_model(cm_id , cs_id , cm_name,cm_type ,cm_order , cm_state) values(28744,4274,'2017款 380TSI 自动四驱至尊旗舰版','2017款',7,0);
insert into t_car_series(cs_id,cbf_id,cs_name,cs_order,cs_letter) values(4746,58,'途观L新能源',1038,'T');
insert into t_car_model(cm_id , cs_id , cm_name,cm_type ,cm_order , cm_state) values(36092,4746,'2019款 430PHEV 混动豪华版','2019款',1,0);
insert into t_car_model(cm_id , cs_id , cm_name,cm_type ,cm_order , cm_state) values(34004,4746,'2019款 430PHEV 混动旗舰版','2019款',2,0);
insert into t_car_series(cs_id,cbf_id,cs_name,cs_order,cs_letter) values(4232,58,'途昂',1039,'T');
insert into t_car_model(cm_id , cs_id , cm_name,cm_type ,cm_order , cm_state) values(41588,4232,'2020款 330TSI 两驱舒适版 国V','2020款',1,0);
insert into t_car_model(cm_id , cs_id , cm_name,cm_type ,cm_order , cm_state) values(41589,4232,'2020款 330TSI 两驱舒适版 国VI','2020款',2,0);
insert into t_car_model(cm_id , cs_id , cm_name,cm_type ,cm_order , cm_state) values(41592,4232,'2020款 330TSI 两驱豪华版 国V','2020款',3,0);
insert into t_car_model(cm_id , cs_id , cm_name,cm_type ,cm_order , cm_state) values(41593,4232,'2020款 330TSI 两驱豪华版 国VI','2020款',4,0);
insert into t_car_model(cm_id , cs_id , cm_name,cm_type ,cm_order , cm_state) values(41594,4232,'2020款 380TSI 四驱舒适版 国V','2020款',5,0);
insert into t_car_model(cm_id , cs_id , cm_name,cm_type ,cm_order , cm_state) values(41595,4232,'2020款 380TSI 四驱舒适版 国VI','2020款',6,0);
insert into t_car_model(cm_id , cs_id , cm_name,cm_type ,cm_order , cm_state) values(41596,4232,'2020款 380TSI 四驱豪华版 国V','2020款',7,0);
insert into t_car_model(cm_id , cs_id , cm_name,cm_type ,cm_order , cm_state) values(41454,4232,'2020款 380TSI 四驱豪华版 国VI','2020款',8,0);
insert into t_car_model(cm_id , cs_id , cm_name,cm_type ,cm_order , cm_state) values(41597,4232,'2020款 380TSI 四驱旗舰版 国V','2020款',9,0);
insert into t_car_model(cm_id , cs_id , cm_name,cm_type ,cm_order , cm_state) values(41598,4232,'2020款 380TSI 四驱旗舰版 国VI','2020款',10,0);
insert into t_car_model(cm_id , cs_id , cm_name,cm_type ,cm_order , cm_state) values(41599,4232,'2020款 530 V6 四驱豪华版 国V','2020款',11,0);
insert into t_car_model(cm_id , cs_id , cm_name,cm_type ,cm_order , cm_state) values(41600,4232,'2020款 530 V6 四驱豪华版 国VI','2020款',12,0);
insert into t_car_model(cm_id , cs_id , cm_name,cm_type ,cm_order , cm_state) values(41601,4232,'2020款 530 V6 四驱旗舰版 国V','2020款',13,0);
insert into t_car_model(cm_id , cs_id , cm_name,cm_type ,cm_order , cm_state) values(41602,4232,'2020款 530 V6 四驱旗舰版 国VI','2020款',14,0);
insert into t_car_model(cm_id , cs_id , cm_name,cm_type ,cm_order , cm_state) values(41603,4232,'2020款 530 V6 四驱尊崇旗舰版 国V','2020款',15,0);
insert into t_car_model(cm_id , cs_id , cm_name,cm_type ,cm_order , cm_state) values(41441,4232,'2020款 530 V6 四驱尊崇旗舰版 国VI','2020款',16,0);
insert into t_car_model(cm_id , cs_id , cm_name,cm_type ,cm_order , cm_state) values(36999,4232,'2019款 330TSI 两驱舒适版 国V','2019款',1,0);
insert into t_car_model(cm_id , cs_id , cm_name,cm_type ,cm_order , cm_state) values(37992,4232,'2019款 330TSI 两驱舒适版 国VI','2019款',2,0);
insert into t_car_model(cm_id , cs_id , cm_name,cm_type ,cm_order , cm_state) values(37001,4232,'2019款 330TSI 两驱豪华版 国V','2019款',3,0);
insert into t_car_model(cm_id , cs_id , cm_name,cm_type ,cm_order , cm_state) values(37993,4232,'2019款 330TSI 两驱豪华版 国VI','2019款',4,0);
insert into t_car_model(cm_id , cs_id , cm_name,cm_type ,cm_order , cm_state) values(37003,4232,'2019款 330TSI 两驱旗舰版 国V','2019款',5,0);
insert into t_car_model(cm_id , cs_id , cm_name,cm_type ,cm_order , cm_state) values(37994,4232,'2019款 330TSI 两驱旗舰版 国VI','2019款',6,0);
insert into t_car_model(cm_id , cs_id , cm_name,cm_type ,cm_order , cm_state) values(37000,4232,'2019款 380TSI 四驱舒适版 国V','2019款',7,0);
insert into t_car_model(cm_id , cs_id , cm_name,cm_type ,cm_order , cm_state) values(37995,4232,'2019款 380TSI 四驱舒适版 国VI','2019款',8,0);
insert into t_car_model(cm_id , cs_id , cm_name,cm_type ,cm_order , cm_state) values(37002,4232,'2019款 380TSI 四驱豪华版 国V','2019款',9,0);
insert into t_car_model(cm_id , cs_id , cm_name,cm_type ,cm_order , cm_state) values(37996,4232,'2019款 380TSI 四驱豪华版 国VI','2019款',10,0);
insert into t_car_model(cm_id , cs_id , cm_name,cm_type ,cm_order , cm_state) values(37004,4232,'2019款 380TSI 四驱旗舰版 国V','2019款',11,0);
insert into t_car_model(cm_id , cs_id , cm_name,cm_type ,cm_order , cm_state) values(37997,4232,'2019款 380TSI 四驱旗舰版 国VI','2019款',12,0);
insert into t_car_model(cm_id , cs_id , cm_name,cm_type ,cm_order , cm_state) values(37005,4232,'2019款 530 V6 四驱豪华版 国V','2019款',13,0);
insert into t_car_model(cm_id , cs_id , cm_name,cm_type ,cm_order , cm_state) values(37998,4232,'2019款 530 V6 四驱豪华版 国VI','2019款',14,0);
insert into t_car_model(cm_id , cs_id , cm_name,cm_type ,cm_order , cm_state) values(37006,4232,'2019款 530 V6 四驱旗舰版 国V','2019款',15,0);
insert into t_car_model(cm_id , cs_id , cm_name,cm_type ,cm_order , cm_state) values(37999,4232,'2019款 530 V6 四驱旗舰版 国VI','2019款',16,0);
insert into t_car_model(cm_id , cs_id , cm_name,cm_type ,cm_order , cm_state) values(37008,4232,'2019款 530 V6 四驱尊崇旗舰版 国V','2019款',17,0);
insert into t_car_model(cm_id , cs_id , cm_name,cm_type ,cm_order , cm_state) values(38000,4232,'2019款 530 V6 四驱尊崇旗舰版 国VI','2019款',18,0);
insert into t_car_model(cm_id , cs_id , cm_name,cm_type ,cm_order , cm_state) values(29825,4232,'2017款 330TSI 两驱舒适版','2017款',1,0);
insert into t_car_model(cm_id , cs_id , cm_name,cm_type ,cm_order , cm_state) values(29726,4232,'2017款 330TSI 两驱豪华版','2017款',2,0);
insert into t_car_model(cm_id , cs_id , cm_name,cm_type ,cm_order , cm_state) values(29826,4232,'2017款 330TSI 两驱旗舰版','2017款',3,0);
insert into t_car_model(cm_id , cs_id , cm_name,cm_type ,cm_order , cm_state) values(29824,4232,'2017款 380TSI 四驱舒适版','2017款',4,0);
insert into t_car_model(cm_id , cs_id , cm_name,cm_type ,cm_order , cm_state) values(29823,4232,'2017款 380TSI 四驱豪华版','2017款',5,0);
insert into t_car_model(cm_id , cs_id , cm_name,cm_type ,cm_order , cm_state) values(29750,4232,'2017款 380TSI 四驱旗舰版','2017款',6,0);
insert into t_car_model(cm_id , cs_id , cm_name,cm_type ,cm_order , cm_state) values(29822,4232,'2017款 530 V6 四驱豪华版','2017款',7,0);
insert into t_car_model(cm_id , cs_id , cm_name,cm_type ,cm_order , cm_state) values(29821,4232,'2017款 530 V6 四驱旗舰版','2017款',8,0);
insert into t_car_model(cm_id , cs_id , cm_name,cm_type ,cm_order , cm_state) values(28248,4232,'2017款 530 V6 四驱至尊旗舰版','2017款',9,0);
insert into t_car_series(cs_id,cbf_id,cs_name,cs_order,cs_letter) values(5239,58,'途昂X',1040,'T');
insert into t_car_model(cm_id , cs_id , cm_name,cm_type ,cm_order , cm_state) values(39439,5239,'2019款 330TSI 两驱豪华版','2019款',1,0);
insert into t_car_model(cm_id , cs_id , cm_name,cm_type ,cm_order , cm_state) values(39440,5239,'2019款 330TSI 两驱尊崇豪华版','2019款',2,0);
insert into t_car_model(cm_id , cs_id , cm_name,cm_type ,cm_order , cm_state) values(39441,5239,'2019款 380TSI 四驱豪华版','2019款',3,0);
insert into t_car_model(cm_id , cs_id , cm_name,cm_type ,cm_order , cm_state) values(39284,5239,'2019款 380TSI 四驱尊崇豪华版','2019款',4,0);
insert into t_car_model(cm_id , cs_id , cm_name,cm_type ,cm_order , cm_state) values(39442,5239,'2019款 530 V6 四驱尊崇豪华版','2019款',5,0);
insert into t_car_model(cm_id , cs_id , cm_name,cm_type ,cm_order , cm_state) values(38736,5239,'2019款 530 V6 四驱尊崇旗舰版','2019款',6,0);
insert into t_car_series(cs_id,cbf_id,cs_name,cs_order,cs_letter) values(333,58,'途安',1041,'T');
insert into t_car_model(cm_id , cs_id , cm_name,cm_type ,cm_order , cm_state) values(32034,333,'2018款 途安L 280TSI 自动风尚版 7座 国V','2018款',1,0);
insert into t_car_model(cm_id , cs_id , cm_name,cm_type ,cm_order , cm_state) values(40102,333,'2018款 途安L 280TSI 自动风尚版 7座 国VI','2018款',2,0);
insert into t_car_model(cm_id , cs_id , cm_name,cm_type ,cm_order , cm_state) values(32035,333,'2018款 途安L 280TSI 自动舒适版 7座 国V','2018款',3,0);
insert into t_car_model(cm_id , cs_id , cm_name,cm_type ,cm_order , cm_state) values(40103,333,'2018款 途安L 280TSI 自动舒适版 7座 国VI','2018款',4,0);
insert into t_car_model(cm_id , cs_id , cm_name,cm_type ,cm_order , cm_state) values(35356,333,'2018款 途安L 280TSI 拓界版 7座 国V','2018款',5,0);
insert into t_car_model(cm_id , cs_id , cm_name,cm_type ,cm_order , cm_state) values(40104,333,'2018款 途安L 280TSI 拓界版 7座 国VI','2018款',6,0);
insert into t_car_model(cm_id , cs_id , cm_name,cm_type ,cm_order , cm_state) values(35357,333,'2018款 途安L 280TSI 拓界版 6座 国V','2018款',7,0);
insert into t_car_model(cm_id , cs_id , cm_name,cm_type ,cm_order , cm_state) values(40105,333,'2018款 途安L 280TSI 拓界版 6座 国VI','2018款',8,0);
insert into t_car_model(cm_id , cs_id , cm_name,cm_type ,cm_order , cm_state) values(35358,333,'2018款 途安L 280TSI 拓界豪华版 7座 国V','2018款',9,0);
insert into t_car_model(cm_id , cs_id , cm_name,cm_type ,cm_order , cm_state) values(40106,333,'2018款 途安L 280TSI 拓界豪华版 7座 国VI','2018款',10,0);
insert into t_car_model(cm_id , cs_id , cm_name,cm_type ,cm_order , cm_state) values(35359,333,'2018款 途安L 280TSI 拓界豪华版 6座 国V','2018款',11,0);
insert into t_car_model(cm_id , cs_id , cm_name,cm_type ,cm_order , cm_state) values(40107,333,'2018款 途安L 280TSI 拓界豪华版 6座 国VI','2018款',12,0);
insert into t_car_model(cm_id , cs_id , cm_name,cm_type ,cm_order , cm_state) values(32032,333,'2018款 途安L 1.6L 手动风尚版','2018款',13,0);
insert into t_car_model(cm_id , cs_id , cm_name,cm_type ,cm_order , cm_state) values(32033,333,'2018款 途安L 280TSI 手动风尚版','2018款',14,0);
insert into t_car_model(cm_id , cs_id , cm_name,cm_type ,cm_order , cm_state) values(32038,333,'2018款 途安L 330TSI 自动豪华版','2018款',15,0);
insert into t_car_model(cm_id , cs_id , cm_name,cm_type ,cm_order , cm_state) values(32036,333,'2018款 途安L 280TSI 自动舒雅版 7座','2018款',16,0);
insert into t_car_model(cm_id , cs_id , cm_name,cm_type ,cm_order , cm_state) values(33630,333,'2018款 途安L 280TSI 自动舒雅版 6座','2018款',17,0);
insert into t_car_model(cm_id , cs_id , cm_name,cm_type ,cm_order , cm_state) values(32037,333,'2018款 途安L 280TSI 自动豪华版 7座','2018款',18,0);
insert into t_car_model(cm_id , cs_id , cm_name,cm_type ,cm_order , cm_state) values(33631,333,'2018款 途安L 280TSI 自动豪华版 6座','2018款',19,0);
insert into t_car_model(cm_id , cs_id , cm_name,cm_type ,cm_order , cm_state) values(25112,333,'2016款 途安L 280TSI 手动风尚版','2016款',1,0);
insert into t_car_model(cm_id , cs_id , cm_name,cm_type ,cm_order , cm_state) values(25113,333,'2016款 途安L 280TSI 自动风尚版','2016款',2,0);
insert into t_car_model(cm_id , cs_id , cm_name,cm_type ,cm_order , cm_state) values(25114,333,'2016款 途安L 280TSI 手动舒适版','2016款',3,0);
insert into t_car_model(cm_id , cs_id , cm_name,cm_type ,cm_order , cm_state) values(25115,333,'2016款 途安L 280TSI 自动舒适版','2016款',4,0);
insert into t_car_model(cm_id , cs_id , cm_name,cm_type ,cm_order , cm_state) values(25117,333,'2016款 途安L 280TSI 自动舒雅版','2016款',5,0);
insert into t_car_model(cm_id , cs_id , cm_name,cm_type ,cm_order , cm_state) values(25116,333,'2016款 途安L 280TSI 自动豪华版','2016款',6,0);
insert into t_car_model(cm_id , cs_id , cm_name,cm_type ,cm_order , cm_state) values(24611,333,'2016款 途安L 330TSI 自动豪华版','2016款',7,0);
insert into t_car_model(cm_id , cs_id , cm_name,cm_type ,cm_order , cm_state) values(19817,333,'2015款 1.4T 手动风尚版5座','2015款',1,0);
insert into t_car_model(cm_id , cs_id , cm_name,cm_type ,cm_order , cm_state) values(19818,333,'2015款 1.4T 手动舒适版5座','2015款',2,0);
insert into t_car_model(cm_id , cs_id , cm_name,cm_type ,cm_order , cm_state) values(19819,333,'2015款 1.4T 自动舒适版5座','2015款',3,0);
insert into t_car_model(cm_id , cs_id , cm_name,cm_type ,cm_order , cm_state) values(19820,333,'2015款 1.4T 手动豪华版5座','2015款',4,0);
insert into t_car_model(cm_id , cs_id , cm_name,cm_type ,cm_order , cm_state) values(19821,333,'2015款 1.4T 自动豪华版5座','2015款',5,0);
insert into t_car_model(cm_id , cs_id , cm_name,cm_type ,cm_order , cm_state) values(19822,333,'2015款 1.4T 自动旗舰版5座','2015款',6,0);
insert into t_car_model(cm_id , cs_id , cm_name,cm_type ,cm_order , cm_state) values(19939,333,'2014款 1.4T 自动30周年纪念版','2014款',1,0);
insert into t_car_model(cm_id , cs_id , cm_name,cm_type ,cm_order , cm_state) values(14907,333,'2013款 1.4T 手动风尚版5座','2013款',1,0);
insert into t_car_model(cm_id , cs_id , cm_name,cm_type ,cm_order , cm_state) values(14908,333,'2013款 1.4T 手动舒适版5座','2013款',2,0);
insert into t_car_model(cm_id , cs_id , cm_name,cm_type ,cm_order , cm_state) values(14909,333,'2013款 1.4T 自动舒适版5座','2013款',3,0);
insert into t_car_model(cm_id , cs_id , cm_name,cm_type ,cm_order , cm_state) values(14910,333,'2013款 1.4T 手动睿智版5座','2013款',4,0);
insert into t_car_model(cm_id , cs_id , cm_name,cm_type ,cm_order , cm_state) values(14911,333,'2013款 1.4T 自动睿智版5座','2013款',5,0);
insert into t_car_model(cm_id , cs_id , cm_name,cm_type ,cm_order , cm_state) values(14913,333,'2013款 1.4T 自动睿智版7座','2013款',6,0);
insert into t_car_model(cm_id , cs_id , cm_name,cm_type ,cm_order , cm_state) values(14912,333,'2013款 1.4T 手动璀璨版5座','2013款',7,0);
insert into t_car_model(cm_id , cs_id , cm_name,cm_type ,cm_order , cm_state) values(14502,333,'2013款 1.4T 自动璀璨版5座','2013款',8,0);
insert into t_car_model(cm_id , cs_id , cm_name,cm_type ,cm_order , cm_state) values(14914,333,'2013款 1.4T 自动璀璨版7座','2013款',9,0);
insert into t_car_model(cm_id , cs_id , cm_name,cm_type ,cm_order , cm_state) values(9126,333,'2011款 1.4T 手动智尚版5座','2011款',1,0);
insert into t_car_model(cm_id , cs_id , cm_name,cm_type ,cm_order , cm_state) values(9127,333,'2011款 1.4T 手动智雅版5座','2011款',2,0);
insert into t_car_model(cm_id , cs_id , cm_name,cm_type ,cm_order , cm_state) values(9128,333,'2011款 1.4T 自动智雅版5座','2011款',3,0);
insert into t_car_model(cm_id , cs_id , cm_name,cm_type ,cm_order , cm_state) values(9129,333,'2011款 1.4T 手动智臻版5座','2011款',4,0);
insert into t_car_model(cm_id , cs_id , cm_name,cm_type ,cm_order , cm_state) values(9109,333,'2011款 1.4T 自动智臻版5座','2011款',5,0);
insert into t_car_model(cm_id , cs_id , cm_name,cm_type ,cm_order , cm_state) values(3766,333,'2011款 1.4T 自动智臻版7座','2011款',6,0);
insert into t_car_model(cm_id , cs_id , cm_name,cm_type ,cm_order , cm_state) values(3604,333,'2008款 1.8T 智尊版手动5座','2008款',1,0);
insert into t_car_model(cm_id , cs_id , cm_name,cm_type ,cm_order , cm_state) values(3605,333,'2008款 1.8T 智尊版自动5座','2008款',2,0);
insert into t_car_model(cm_id , cs_id , cm_name,cm_type ,cm_order , cm_state) values(3606,333,'2008款 1.8T 智尊版自动7座','2008款',3,0);
insert into t_car_model(cm_id , cs_id , cm_name,cm_type ,cm_order , cm_state) values(3602,333,'2008款 2.0L 智享版手动5座','2008款',4,0);
insert into t_car_model(cm_id , cs_id , cm_name,cm_type ,cm_order , cm_state) values(3603,333,'2008款 2.0L 智享版自动5座','2008款',5,0);
insert into t_car_model(cm_id , cs_id , cm_name,cm_type ,cm_order , cm_state) values(4308,333,'2008款 2.0L 智雅版自动5座','2008款',6,0);
insert into t_car_model(cm_id , cs_id , cm_name,cm_type ,cm_order , cm_state) values(2266,333,'2006款 2.0L 舒适手动5座','2006款',1,0);
insert into t_car_model(cm_id , cs_id , cm_name,cm_type ,cm_order , cm_state) values(2267,333,'2006款 2.0L 舒适自动5座','2006款',2,0);
insert into t_car_model(cm_id , cs_id , cm_name,cm_type ,cm_order , cm_state) values(2268,333,'2006款 2.0L 舒适手动7座','2006款',3,0);
insert into t_car_model(cm_id , cs_id , cm_name,cm_type ,cm_order , cm_state) values(2269,333,'2006款 1.8T 豪华手动5座','2006款',4,0);
insert into t_car_model(cm_id , cs_id , cm_name,cm_type ,cm_order , cm_state) values(2270,333,'2006款 1.8T 豪华自动5座','2006款',5,0);
insert into t_car_model(cm_id , cs_id , cm_name,cm_type ,cm_order , cm_state) values(2271,333,'2006款 1.8T 豪华自动7座','2006款',6,0);
insert into t_car_model(cm_id , cs_id , cm_name,cm_type ,cm_order , cm_state) values(1630,333,'2005款 1.8T 手舒5座','2005款',1,0);
insert into t_car_model(cm_id , cs_id , cm_name,cm_type ,cm_order , cm_state) values(1640,333,'2005款 1.8T 自舒5座','2005款',2,0);
insert into t_car_model(cm_id , cs_id , cm_name,cm_type ,cm_order , cm_state) values(1641,333,'2005款 1.8T 手豪5座','2005款',3,0);
insert into t_car_model(cm_id , cs_id , cm_name,cm_type ,cm_order , cm_state) values(1632,333,'2005款 1.8T 手舒7座','2005款',4,0);
insert into t_car_model(cm_id , cs_id , cm_name,cm_type ,cm_order , cm_state) values(1631,333,'2005款 1.8T 自豪5座','2005款',5,0);
insert into t_car_model(cm_id , cs_id , cm_name,cm_type ,cm_order , cm_state) values(1643,333,'2005款 1.8T 手豪7座','2005款',6,0);
insert into t_car_model(cm_id , cs_id , cm_name,cm_type ,cm_order , cm_state) values(1642,333,'2005款 1.8T 自舒7座','2005款',7,0);
insert into t_car_model(cm_id , cs_id , cm_name,cm_type ,cm_order , cm_state) values(1633,333,'2005款 1.8T 自豪7座','2005款',8,0);
insert into t_car_model(cm_id , cs_id , cm_name,cm_type ,cm_order , cm_state) values(1634,333,'2005款 2.0L 手舒5座','2005款',9,0);
insert into t_car_model(cm_id , cs_id , cm_name,cm_type ,cm_order , cm_state) values(1663,333,'2005款 2.0L 自舒5座','2005款',10,0);
insert into t_car_model(cm_id , cs_id , cm_name,cm_type ,cm_order , cm_state) values(1662,333,'2005款 2.0L 手舒7座','2005款',11,0);
insert into t_car_model(cm_id , cs_id , cm_name,cm_type ,cm_order , cm_state) values(1664,333,'2005款 2.0L 自舒7座','2005款',12,0);
insert into t_car_model(cm_id , cs_id , cm_name,cm_type ,cm_order , cm_state) values(1542,333,'2004款 2.0L 手基5座','2004款',1,0);
insert into t_car_model(cm_id , cs_id , cm_name,cm_type ,cm_order , cm_state) values(1275,333,'2004款 2.0L 手豪5座','2004款',2,0);
insert into t_car_model(cm_id , cs_id , cm_name,cm_type ,cm_order , cm_state) values(1448,333,'2004款 2.0L 自豪5座','2004款',3,0);
insert into t_car_model(cm_id , cs_id , cm_name,cm_type ,cm_order , cm_state) values(1449,333,'2004款 2.0L 手豪7座','2004款',4,0);
insert into t_car_model(cm_id , cs_id , cm_name,cm_type ,cm_order , cm_state) values(1450,333,'2004款 2.0L 自豪7座','2004款',5,0);
insert into t_car_series(cs_id,cbf_id,cs_name,cs_order,cs_letter) values(144,58,'高尔',1044,'G');
insert into t_car_model(cm_id , cs_id , cm_name,cm_type ,cm_order , cm_state) values(597,144,'2004款 1.6L 三门基本型','2004款',1,0);
insert into t_car_model(cm_id , cs_id , cm_name,cm_type ,cm_order , cm_state) values(924,144,'2004款 1.6L 三门旋风型','2004款',2,0);
insert into t_car_model(cm_id , cs_id , cm_name,cm_type ,cm_order , cm_state) values(676,144,'2004款 1.6L 三门舒适型','2004款',3,0);
insert into t_car_model(cm_id , cs_id , cm_name,cm_type ,cm_order , cm_state) values(1070,144,'2004款 1.6L 五门基本型','2004款',4,0);
insert into t_car_model(cm_id , cs_id , cm_name,cm_type ,cm_order , cm_state) values(1860,144,'2004款 1.6L 五门旋彩型','2004款',5,0);
insert into t_car_model(cm_id , cs_id , cm_name,cm_type ,cm_order , cm_state) values(574,144,'2004款 1.6L 五门舒适型','2004款',6,0);
insert into t_car_model(cm_id , cs_id , cm_name,cm_type ,cm_order , cm_state) values(1177,144,'2004款 1.6L 二十周年纪念版','2004款',7,0);
insert into t_car_series(cs_id,cbf_id,cs_name,cs_order,cs_letter) values(3103,58,'朗行',1045,'L');
insert into t_car_model(cm_id , cs_id , cm_name,cm_type ,cm_order , cm_state) values(29384,3103,'2017款 1.6L 手动风尚版','2017款',1,0);
insert into t_car_model(cm_id , cs_id , cm_name,cm_type ,cm_order , cm_state) values(29385,3103,'2017款 1.6L 自动风尚版','2017款',2,0);
insert into t_car_model(cm_id , cs_id , cm_name,cm_type ,cm_order , cm_state) values(29386,3103,'2017款 1.6L 手动舒适版','2017款',3,0);
insert into t_car_model(cm_id , cs_id , cm_name,cm_type ,cm_order , cm_state) values(29387,3103,'2017款 1.6L 自动舒适版','2017款',4,0);
insert into t_car_model(cm_id , cs_id , cm_name,cm_type ,cm_order , cm_state) values(29388,3103,'2017款 180TSI DSG舒适版','2017款',5,0);
insert into t_car_model(cm_id , cs_id , cm_name,cm_type ,cm_order , cm_state) values(29389,3103,'2017款 230TSI 手动舒适版','2017款',6,0);
insert into t_car_model(cm_id , cs_id , cm_name,cm_type ,cm_order , cm_state) values(29390,3103,'2017款 230TSI DSG舒适版','2017款',7,0);
insert into t_car_model(cm_id , cs_id , cm_name,cm_type ,cm_order , cm_state) values(29391,3103,'2017款 230TSI DSG豪华版','2017款',8,0);
insert into t_car_model(cm_id , cs_id , cm_name,cm_type ,cm_order , cm_state) values(23257,3103,'2015款 1.6L 手动风尚版','2015款',1,0);
insert into t_car_model(cm_id , cs_id , cm_name,cm_type ,cm_order , cm_state) values(23258,3103,'2015款 1.6L 自动风尚版','2015款',2,0);
insert into t_car_model(cm_id , cs_id , cm_name,cm_type ,cm_order , cm_state) values(23259,3103,'2015款 1.6L 手动舒适版','2015款',3,0);
insert into t_car_model(cm_id , cs_id , cm_name,cm_type ,cm_order , cm_state) values(23260,3103,'2015款 1.6L 自动舒适版','2015款',4,0);
insert into t_car_model(cm_id , cs_id , cm_name,cm_type ,cm_order , cm_state) values(23261,3103,'2015款 1.6L 自动豪华版','2015款',5,0);
insert into t_car_model(cm_id , cs_id , cm_name,cm_type ,cm_order , cm_state) values(23262,3103,'2015款 230TSI 手动舒适版','2015款',6,0);
insert into t_car_model(cm_id , cs_id , cm_name,cm_type ,cm_order , cm_state) values(23264,3103,'2015款 230TSI 手动豪华版','2015款',7,0);
insert into t_car_model(cm_id , cs_id , cm_name,cm_type ,cm_order , cm_state) values(23263,3103,'2015款 230TSI DSG舒适版','2015款',8,0);
insert into t_car_model(cm_id , cs_id , cm_name,cm_type ,cm_order , cm_state) values(23222,3103,'2015款 230TSI DSG豪华版','2015款',9,0);
insert into t_car_model(cm_id , cs_id , cm_name,cm_type ,cm_order , cm_state) values(19930,3103,'2014款 1.4TSI 自动30周年纪念版','2014款',1,0);
insert into t_car_model(cm_id , cs_id , cm_name,cm_type ,cm_order , cm_state) values(17312,3103,'2014款 1.6L 自动运动版','2014款',2,0);
insert into t_car_model(cm_id , cs_id , cm_name,cm_type ,cm_order , cm_state) values(17390,3103,'2014款 1.4TSI 自动运动版','2014款',3,0);
insert into t_car_model(cm_id , cs_id , cm_name,cm_type ,cm_order , cm_state) values(16383,3103,'2013款 1.6L 手动风尚型','2013款',1,0);
insert into t_car_model(cm_id , cs_id , cm_name,cm_type ,cm_order , cm_state) values(16384,3103,'2013款 1.6L 自动风尚型','2013款',2,0);
insert into t_car_model(cm_id , cs_id , cm_name,cm_type ,cm_order , cm_state) values(16385,3103,'2013款 1.6L 手动舒适型','2013款',3,0);
insert into t_car_model(cm_id , cs_id , cm_name,cm_type ,cm_order , cm_state) values(15790,3103,'2013款 1.6L 自动舒适型','2013款',4,0);
insert into t_car_model(cm_id , cs_id , cm_name,cm_type ,cm_order , cm_state) values(16074,3103,'2013款 1.6L 自动豪华型','2013款',5,0);
insert into t_car_model(cm_id , cs_id , cm_name,cm_type ,cm_order , cm_state) values(16386,3103,'2013款 1.4TSI 手动舒适型','2013款',6,0);
insert into t_car_model(cm_id , cs_id , cm_name,cm_type ,cm_order , cm_state) values(16387,3103,'2013款 1.4TSI 自动舒适型','2013款',7,0);
insert into t_car_model(cm_id , cs_id , cm_name,cm_type ,cm_order , cm_state) values(16388,3103,'2013款 1.4TSI 手动豪华型','2013款',8,0);
insert into t_car_model(cm_id , cs_id , cm_name,cm_type ,cm_order , cm_state) values(16150,3103,'2013款 1.4TSI 自动豪华型','2013款',9,0);
insert into t_car_series(cs_id,cbf_id,cs_name,cs_order,cs_letter) values(3197,58,'朗境',1046,'L');
insert into t_car_model(cm_id , cs_id , cm_name,cm_type ,cm_order , cm_state) values(29392,3197,'2017款 1.6L 自动舒适版','2017款',1,0);
insert into t_car_model(cm_id , cs_id , cm_name,cm_type ,cm_order , cm_state) values(29393,3197,'2017款 1.6L 自动豪华版','2017款',2,0);
insert into t_car_model(cm_id , cs_id , cm_name,cm_type ,cm_order , cm_state) values(29394,3197,'2017款 230TSI DSG舒适版','2017款',3,0);
insert into t_car_model(cm_id , cs_id , cm_name,cm_type ,cm_order , cm_state) values(29395,3197,'2017款 230TSI DSG豪华版','2017款',4,0);
insert into t_car_model(cm_id , cs_id , cm_name,cm_type ,cm_order , cm_state) values(24654,3197,'2016款 1.6L 自动舒适版','2016款',1,0);
insert into t_car_model(cm_id , cs_id , cm_name,cm_type ,cm_order , cm_state) values(24655,3197,'2016款 1.6L 自动豪华版','2016款',2,0);
insert into t_car_model(cm_id , cs_id , cm_name,cm_type ,cm_order , cm_state) values(24653,3197,'2016款 230TSI DSG舒适版','2016款',3,0);
insert into t_car_model(cm_id , cs_id , cm_name,cm_type ,cm_order , cm_state) values(23288,3197,'2016款 230TSI DSG豪华版','2016款',4,0);
insert into t_car_model(cm_id , cs_id , cm_name,cm_type ,cm_order , cm_state) values(17228,3197,'2014款 1.6L 自动型','2014款',1,0);
insert into t_car_model(cm_id , cs_id , cm_name,cm_type ,cm_order , cm_state) values(16806,3197,'2014款 1.4TSI DSG','2014款',2,0);
insert into t_car_series(cs_id,cbf_id,cs_name,cs_order,cs_letter) values(826,58,'Passat领驭',1047,'P');
insert into t_car_model(cm_id , cs_id , cm_name,cm_type ,cm_order , cm_state) values(13678,826,'2011款 2.0L 手动尊享型','2011款',1,0);
insert into t_car_model(cm_id , cs_id , cm_name,cm_type ,cm_order , cm_state) values(13683,826,'2011款 2.0L 手动尊品型','2011款',2,0);
insert into t_car_model(cm_id , cs_id , cm_name,cm_type ,cm_order , cm_state) values(13679,826,'2011款 1.8T 手动尊享型','2011款',3,0);
insert into t_car_model(cm_id , cs_id , cm_name,cm_type ,cm_order , cm_state) values(13680,826,'2011款 1.8T 自动尊享型','2011款',4,0);
insert into t_car_model(cm_id , cs_id , cm_name,cm_type ,cm_order , cm_state) values(13682,826,'2011款 1.8T 自动尊品型','2011款',5,0);
insert into t_car_model(cm_id , cs_id , cm_name,cm_type ,cm_order , cm_state) values(5379,826,'2009款 1.8T 手动尊享型','2009款',1,0);
insert into t_car_model(cm_id , cs_id , cm_name,cm_type ,cm_order , cm_state) values(5380,826,'2009款 1.8T 手动尊品型','2009款',2,0);
insert into t_car_model(cm_id , cs_id , cm_name,cm_type ,cm_order , cm_state) values(5381,826,'2009款 1.8T 自动尊品型','2009款',3,0);
insert into t_car_model(cm_id , cs_id , cm_name,cm_type ,cm_order , cm_state) values(5382,826,'2009款 1.8T 自动尊杰型','2009款',4,0);
insert into t_car_model(cm_id , cs_id , cm_name,cm_type ,cm_order , cm_state) values(8771,826,'2009款 1.8T 自动尊仕型','2009款',5,0);
insert into t_car_model(cm_id , cs_id , cm_name,cm_type ,cm_order , cm_state) values(5377,826,'2009款 2.0L MFI 手动尊享型','2009款',6,0);
insert into t_car_model(cm_id , cs_id , cm_name,cm_type ,cm_order , cm_state) values(5378,826,'2009款 2.0L MFI 自动尊享型','2009款',7,0);
insert into t_car_model(cm_id , cs_id , cm_name,cm_type ,cm_order , cm_state) values(5338,826,'2009款 2.8L V6 自动至尊型','2009款',8,0);
insert into t_car_model(cm_id , cs_id , cm_name,cm_type ,cm_order , cm_state) values(3387,826,'2007款 1.8T 手动标准型','2007款',1,0);
insert into t_car_model(cm_id , cs_id , cm_name,cm_type ,cm_order , cm_state) values(1968,826,'2007款 1.8T 手动豪华型','2007款',2,0);
insert into t_car_model(cm_id , cs_id , cm_name,cm_type ,cm_order , cm_state) values(1934,826,'2007款 1.8T 自动豪华型','2007款',3,0);
insert into t_car_model(cm_id , cs_id , cm_name,cm_type ,cm_order , cm_state) values(1970,826,'2007款 1.8T 自动VIP型','2007款',4,0);
insert into t_car_model(cm_id , cs_id , cm_name,cm_type ,cm_order , cm_state) values(3014,826,'2007款 1.8T 自动导航型','2007款',5,0);
insert into t_car_model(cm_id , cs_id , cm_name,cm_type ,cm_order , cm_state) values(2098,826,'2007款 2.0L 手动标准型','2007款',6,0);
insert into t_car_model(cm_id , cs_id , cm_name,cm_type ,cm_order , cm_state) values(2099,826,'2007款 2.0L 自动标准型','2007款',7,0);
insert into t_car_model(cm_id , cs_id , cm_name,cm_type ,cm_order , cm_state) values(1972,826,'2007款 2.8L 旗舰型','2007款',8,0);
insert into t_car_model(cm_id , cs_id , cm_name,cm_type ,cm_order , cm_state) values(6811,826,'2005款 1.8T 手动舒适型','2005款',1,0);
insert into t_car_model(cm_id , cs_id , cm_name,cm_type ,cm_order , cm_state) values(6812,826,'2005款 1.8T 自动舒适型','2005款',2,0);
insert into t_car_model(cm_id , cs_id , cm_name,cm_type ,cm_order , cm_state) values(1969,826,'2005款 1.8T 手动豪华型','2005款',3,0);
insert into t_car_model(cm_id , cs_id , cm_name,cm_type ,cm_order , cm_state) values(6813,826,'2005款 1.8T 自动豪华型','2005款',4,0);
insert into t_car_model(cm_id , cs_id , cm_name,cm_type ,cm_order , cm_state) values(1971,826,'2005款 2.8L 豪华型','2005款',5,0);
insert into t_car_series(cs_id,cbf_id,cs_name,cs_order,cs_letter) values(149,58,'桑塔纳经典',1048,'S');
insert into t_car_model(cm_id , cs_id , cm_name,cm_type ,cm_order , cm_state) values(1176,149,'2007款 1.8L 景畅型','2007款',1,0);
insert into t_car_model(cm_id , cs_id , cm_name,cm_type ,cm_order , cm_state) values(6814,149,'2006款 1.8L 旅行版豪华型','2006款',1,0);
insert into t_car_model(cm_id , cs_id , cm_name,cm_type ,cm_order , cm_state) values(650,149,'2004款 1.8L 标准型','2004款',1,0);
insert into t_car_model(cm_id , cs_id , cm_name,cm_type ,cm_order , cm_state) values(839,149,'2004款 1.6L 出租','2004款',2,0);
insert into t_car_model(cm_id , cs_id , cm_name,cm_type ,cm_order , cm_state) values(631,149,'2004款 1.6L 新全选+CD','2004款',3,0);
insert into t_car_model(cm_id , cs_id , cm_name,cm_type ,cm_order , cm_state) values(636,149,'2004款 1.8L 旅行车','2004款',4,0);
insert into t_car_model(cm_id , cs_id , cm_name,cm_type ,cm_order , cm_state) values(198,149,'2004款 1.8L 警用旅行车','2004款',5,0);
insert into t_car_series(cs_id,cbf_id,cs_name,cs_order,cs_letter) values(207,58,'桑塔纳志俊',1049,'S');
insert into t_car_model(cm_id , cs_id , cm_name,cm_type ,cm_order , cm_state) values(8249,207,'2010款 1.6L 手动实尚型','2010款',1,0);
insert into t_car_model(cm_id , cs_id , cm_name,cm_type ,cm_order , cm_state) values(8250,207,'2010款 1.6L 手动舒适型','2010款',2,0);
insert into t_car_model(cm_id , cs_id , cm_name,cm_type ,cm_order , cm_state) values(3581,207,'2008款 1.8L 手动实尚型','2008款',1,0);
insert into t_car_model(cm_id , cs_id , cm_name,cm_type ,cm_order , cm_state) values(3582,207,'2008款 1.8L 手动舒适型','2008款',2,0);
insert into t_car_model(cm_id , cs_id , cm_name,cm_type ,cm_order , cm_state) values(3583,207,'2008款 2.0L 手动豪华型','2008款',3,0);
insert into t_car_model(cm_id , cs_id , cm_name,cm_type ,cm_order , cm_state) values(3584,207,'2008款 2.0L 自动豪华型','2008款',4,0);
insert into t_car_model(cm_id , cs_id , cm_name,cm_type ,cm_order , cm_state) values(2645,207,'2006款 1.8L 手动基本型','2006款',1,0);
insert into t_car_model(cm_id , cs_id , cm_name,cm_type ,cm_order , cm_state) values(2346,207,'2006款 1.8L 手动舒适型','2006款',2,0);
insert into t_car_model(cm_id , cs_id , cm_name,cm_type ,cm_order , cm_state) values(2347,207,'2006款 1.8L 自动舒适型','2006款',3,0);
insert into t_car_model(cm_id , cs_id , cm_name,cm_type ,cm_order , cm_state) values(2348,207,'2006款 2.0L 手动豪华型','2006款',4,0);
insert into t_car_model(cm_id , cs_id , cm_name,cm_type ,cm_order , cm_state) values(2349,207,'2006款 2.0L 自动豪华型','2006款',5,0);
insert into t_car_model(cm_id , cs_id , cm_name,cm_type ,cm_order , cm_state) values(1953,207,'2005款 1.8L 手动超值型','2005款',1,0);
insert into t_car_model(cm_id , cs_id , cm_name,cm_type ,cm_order , cm_state) values(169,207,'2004款 1.8L 手动舒适型','2004款',1,0);
insert into t_car_model(cm_id , cs_id , cm_name,cm_type ,cm_order , cm_state) values(1068,207,'2004款 1.8L 手动基本型','2004款',2,0);
insert into t_car_model(cm_id , cs_id , cm_name,cm_type ,cm_order , cm_state) values(1067,207,'2004款 1.8L 手动出租版','2004款',3,0);
insert into t_car_model(cm_id , cs_id , cm_name,cm_type ,cm_order , cm_state) values(1069,207,'2004款 1.8L 手动豪华型','2004款',4,0);
insert into t_car_model(cm_id , cs_id , cm_name,cm_type ,cm_order , cm_state) values(580,207,'2004款 1.8L 自动舒适型','2004款',5,0);
insert into t_car_model(cm_id , cs_id , cm_name,cm_type ,cm_order , cm_state) values(171,207,'2004款 1.8L 自动豪华型','2004款',6,0);
insert into t_car_brand_factory(cbf_id , cb_id , cbf_name ,cbf_letter) values(8,1,'一汽-大众','Y');
insert into t_car_series(cs_id,cbf_id,cs_name,cs_order,cs_letter) values(633,8,'宝来',1050,'B');
insert into t_car_model(cm_id , cs_id , cm_name,cm_type ,cm_order , cm_state) values(42084,633,'2020款 1.5L 手动时尚型','2020款',1,0);
insert into t_car_model(cm_id , cs_id , cm_name,cm_type ,cm_order , cm_state) values(42088,633,'2020款 1.5L 手动舒适型','2020款',2,0);
insert into t_car_model(cm_id , cs_id , cm_name,cm_type ,cm_order , cm_state) values(42089,633,'2020款 1.5L 自动时尚型','2020款',3,0);
insert into t_car_model(cm_id , cs_id , cm_name,cm_type ,cm_order , cm_state) values(42090,633,'2020款 1.5L 自动舒适型','2020款',4,0);
insert into t_car_model(cm_id , cs_id , cm_name,cm_type ,cm_order , cm_state) values(42091,633,'2020款 1.5L 自动精英型','2020款',5,0);
insert into t_car_model(cm_id , cs_id , cm_name,cm_type ,cm_order , cm_state) values(42092,633,'2020款 1.5L 自动豪华型','2020款',6,0);
insert into t_car_model(cm_id , cs_id , cm_name,cm_type ,cm_order , cm_state) values(42093,633,'2020款 280TSI DSG精英型','2020款',7,0);
insert into t_car_model(cm_id , cs_id , cm_name,cm_type ,cm_order , cm_state) values(42094,633,'2020款 280TSI DSG豪华型','2020款',8,0);
insert into t_car_model(cm_id , cs_id , cm_name,cm_type ,cm_order , cm_state) values(42102,633,'2019款 宝来・传奇 1.5L 手动时尚型 国VI','2019款',1,0);
insert into t_car_model(cm_id , cs_id , cm_name,cm_type ,cm_order , cm_state) values(42103,633,'2019款 宝来・传奇 1.5L 自动时尚型 国VI','2019款',2,0);
insert into t_car_model(cm_id , cs_id , cm_name,cm_type ,cm_order , cm_state) values(42104,633,'2019款 宝来・传奇 1.5L 手动领先型 国VI','2019款',3,0);
insert into t_car_model(cm_id , cs_id , cm_name,cm_type ,cm_order , cm_state) values(42105,633,'2019款 宝来・传奇 1.5L 自动领先型 国VI','2019款',4,0);
insert into t_car_model(cm_id , cs_id , cm_name,cm_type ,cm_order , cm_state) values(38253,633,'2019款 改款 1.5L 手动时尚型 国V','2019款',5,0);
insert into t_car_model(cm_id , cs_id , cm_name,cm_type ,cm_order , cm_state) values(39412,633,'2019款 改款 1.5L 手动时尚型 国VI','2019款',6,0);
insert into t_car_model(cm_id , cs_id , cm_name,cm_type ,cm_order , cm_state) values(38255,633,'2019款 改款 1.5L 手动舒适型 国V','2019款',7,0);
insert into t_car_model(cm_id , cs_id , cm_name,cm_type ,cm_order , cm_state) values(39413,633,'2019款 改款 1.5L 手动舒适型 国VI','2019款',8,0);
insert into t_car_model(cm_id , cs_id , cm_name,cm_type ,cm_order , cm_state) values(38254,633,'2019款 改款 1.5L 自动时尚型 国V','2019款',9,0);
insert into t_car_model(cm_id , cs_id , cm_name,cm_type ,cm_order , cm_state) values(39414,633,'2019款 改款 1.5L 自动时尚型 国VI','2019款',10,0);
insert into t_car_model(cm_id , cs_id , cm_name,cm_type ,cm_order , cm_state) values(38256,633,'2019款 改款 1.5L 自动舒适型 国V','2019款',11,0);
insert into t_car_model(cm_id , cs_id , cm_name,cm_type ,cm_order , cm_state) values(39415,633,'2019款 改款 1.5L 自动舒适型 国VI','2019款',12,0);
insert into t_car_model(cm_id , cs_id , cm_name,cm_type ,cm_order , cm_state) values(38258,633,'2019款 改款 1.5L 自动精英型 国V','2019款',13,0);
insert into t_car_model(cm_id , cs_id , cm_name,cm_type ,cm_order , cm_state) values(39416,633,'2019款 改款 1.5L 自动精英型 国VI','2019款',14,0);
insert into t_car_model(cm_id , cs_id , cm_name,cm_type ,cm_order , cm_state) values(38259,633,'2019款 改款 1.5L 自动豪华型 国V','2019款',15,0);
insert into t_car_model(cm_id , cs_id , cm_name,cm_type ,cm_order , cm_state) values(39417,633,'2019款 改款 1.5L 自动豪华型 国VI','2019款',16,0);
insert into t_car_model(cm_id , cs_id , cm_name,cm_type ,cm_order , cm_state) values(38261,633,'2019款 改款 280TSI DSG精英型 国V','2019款',17,0);
insert into t_car_model(cm_id , cs_id , cm_name,cm_type ,cm_order , cm_state) values(39418,633,'2019款 改款 280TSI DSG精英型 国VI','2019款',18,0);
insert into t_car_model(cm_id , cs_id , cm_name,cm_type ,cm_order , cm_state) values(38262,633,'2019款 改款 280TSI DSG豪华型 国V','2019款',19,0);
insert into t_car_model(cm_id , cs_id , cm_name,cm_type ,cm_order , cm_state) values(39419,633,'2019款 改款 280TSI DSG豪华型 国VI','2019款',20,0);
insert into t_car_model(cm_id , cs_id , cm_name,cm_type ,cm_order , cm_state) values(38571,633,'2019款 宝来・传奇 1.5L 手动时尚型 国V','2019款',21,0);
insert into t_car_model(cm_id , cs_id , cm_name,cm_type ,cm_order , cm_state) values(38572,633,'2019款 宝来・传奇 1.5L 自动时尚型 国V','2019款',22,0);
insert into t_car_model(cm_id , cs_id , cm_name,cm_type ,cm_order , cm_state) values(38573,633,'2019款 宝来・传奇 1.5L 手动领先型 国V','2019款',23,0);
insert into t_car_model(cm_id , cs_id , cm_name,cm_type ,cm_order , cm_state) values(38574,633,'2019款 宝来・传奇 1.5L 自动领先型 国V','2019款',24,0);
insert into t_car_model(cm_id , cs_id , cm_name,cm_type ,cm_order , cm_state) values(34991,633,'2019款 1.5L 手动时尚型','2019款',25,0);
insert into t_car_model(cm_id , cs_id , cm_name,cm_type ,cm_order , cm_state) values(35096,633,'2019款 1.5L 自动时尚型','2019款',26,0);
insert into t_car_model(cm_id , cs_id , cm_name,cm_type ,cm_order , cm_state) values(35097,633,'2019款 1.5L 手动舒适型','2019款',27,0);
insert into t_car_model(cm_id , cs_id , cm_name,cm_type ,cm_order , cm_state) values(34990,633,'2019款 1.5L 自动舒适型','2019款',28,0);
insert into t_car_model(cm_id , cs_id , cm_name,cm_type ,cm_order , cm_state) values(34989,633,'2019款 1.5L 自动精英型','2019款',29,0);
insert into t_car_model(cm_id , cs_id , cm_name,cm_type ,cm_order , cm_state) values(35098,633,'2019款 1.5L 自动豪华型','2019款',30,0);
insert into t_car_model(cm_id , cs_id , cm_name,cm_type ,cm_order , cm_state) values(35001,633,'2019款 280TSI DSG精英型','2019款',31,0);
insert into t_car_model(cm_id , cs_id , cm_name,cm_type ,cm_order , cm_state) values(34746,633,'2019款 280TSI DSG豪华型','2019款',32,0);
insert into t_car_model(cm_id , cs_id , cm_name,cm_type ,cm_order , cm_state) values(32463,633,'2018款 1.5L 手动时尚型','2018款',1,0);
insert into t_car_model(cm_id , cs_id , cm_name,cm_type ,cm_order , cm_state) values(32464,633,'2018款 1.5L 自动时尚型','2018款',2,0);
insert into t_car_model(cm_id , cs_id , cm_name,cm_type ,cm_order , cm_state) values(32465,633,'2018款 1.5L 手动舒适型','2018款',3,0);
insert into t_car_model(cm_id , cs_id , cm_name,cm_type ,cm_order , cm_state) values(32466,633,'2018款 1.5L 自动舒适型','2018款',4,0);
insert into t_car_model(cm_id , cs_id , cm_name,cm_type ,cm_order , cm_state) values(32467,633,'2018款 1.5L 自动豪华型','2018款',5,0);
insert into t_car_model(cm_id , cs_id , cm_name,cm_type ,cm_order , cm_state) values(32468,633,'2018款 230TSI 手动舒适型','2018款',6,0);
insert into t_car_model(cm_id , cs_id , cm_name,cm_type ,cm_order , cm_state) values(32469,633,'2018款 230TSI DSG舒适型','2018款',7,0);
insert into t_car_model(cm_id , cs_id , cm_name,cm_type ,cm_order , cm_state) values(32470,633,'2018款 230TSI DSG豪华型','2018款',8,0);
insert into t_car_model(cm_id , cs_id , cm_name,cm_type ,cm_order , cm_state) values(29603,633,'2017款 1.6L 手动时尚型','2017款',1,0);
insert into t_car_model(cm_id , cs_id , cm_name,cm_type ,cm_order , cm_state) values(29604,633,'2017款 1.6L 自动时尚型','2017款',2,0);
insert into t_car_model(cm_id , cs_id , cm_name,cm_type ,cm_order , cm_state) values(29605,633,'2017款 1.6L 手动舒适型','2017款',3,0);
insert into t_car_model(cm_id , cs_id , cm_name,cm_type ,cm_order , cm_state) values(29606,633,'2017款 1.6L 自动舒适型','2017款',4,0);
insert into t_car_model(cm_id , cs_id , cm_name,cm_type ,cm_order , cm_state) values(29607,633,'2017款 1.6L 自动豪华型','2017款',5,0);
insert into t_car_model(cm_id , cs_id , cm_name,cm_type ,cm_order , cm_state) values(29608,633,'2017款 230TSI 手动舒适型','2017款',6,0);
insert into t_car_model(cm_id , cs_id , cm_name,cm_type ,cm_order , cm_state) values(29609,633,'2017款 230TSI DSG舒适型','2017款',7,0);
insert into t_car_model(cm_id , cs_id , cm_name,cm_type ,cm_order , cm_state) values(29610,633,'2017款 230TSI DSG豪华型','2017款',8,0);
insert into t_car_model(cm_id , cs_id , cm_name,cm_type ,cm_order , cm_state) values(29611,633,'2017款 1.6L 手动两百万辆纪念版','2017款',9,0);
insert into t_car_model(cm_id , cs_id , cm_name,cm_type ,cm_order , cm_state) values(29612,633,'2017款 1.6L 自动两百万辆纪念版','2017款',10,0);
insert into t_car_model(cm_id , cs_id , cm_name,cm_type ,cm_order , cm_state) values(29613,633,'2017款 230TSI 手动两百万辆纪念版','2017款',11,0);
insert into t_car_model(cm_id , cs_id , cm_name,cm_type ,cm_order , cm_state) values(29614,633,'2017款 230TSI 自动两百万辆纪念版','2017款',12,0);
insert into t_car_model(cm_id , cs_id , cm_name,cm_type ,cm_order , cm_state) values(29615,633,'2017款 1.6L 自动运动版','2017款',13,0);
insert into t_car_model(cm_id , cs_id , cm_name,cm_type ,cm_order , cm_state) values(29616,633,'2017款 230TSI DSG运动版','2017款',14,0);
insert into t_car_model(cm_id , cs_id , cm_name,cm_type ,cm_order , cm_state) values(25297,633,'2016款 1.6L 手动时尚型','2016款',1,0);
insert into t_car_model(cm_id , cs_id , cm_name,cm_type ,cm_order , cm_state) values(25298,633,'2016款 1.6L 自动时尚型','2016款',2,0);
insert into t_car_model(cm_id , cs_id , cm_name,cm_type ,cm_order , cm_state) values(25299,633,'2016款 1.6L 手动舒适型','2016款',3,0);
insert into t_car_model(cm_id , cs_id , cm_name,cm_type ,cm_order , cm_state) values(25300,633,'2016款 1.6L 自动舒适型','2016款',4,0);
insert into t_car_model(cm_id , cs_id , cm_name,cm_type ,cm_order , cm_state) values(25301,633,'2016款 1.6L 自动豪华型','2016款',5,0);
insert into t_car_model(cm_id , cs_id , cm_name,cm_type ,cm_order , cm_state) values(25302,633,'2016款 230TSI 手动舒适型','2016款',6,0);
insert into t_car_model(cm_id , cs_id , cm_name,cm_type ,cm_order , cm_state) values(25303,633,'2016款 230TSI DSG舒适型','2016款',7,0);
insert into t_car_model(cm_id , cs_id , cm_name,cm_type ,cm_order , cm_state) values(26316,633,'2016款 230TSI DSG 25周年纪念版','2016款',8,0);
insert into t_car_model(cm_id , cs_id , cm_name,cm_type ,cm_order , cm_state) values(24988,633,'2016款 230TSI DSG豪华型','2016款',9,0);
insert into t_car_model(cm_id , cs_id , cm_name,cm_type ,cm_order , cm_state) values(23202,633,'2015款 质惠版 1.6L 手动时尚型','2015款',1,0);
insert into t_car_model(cm_id , cs_id , cm_name,cm_type ,cm_order , cm_state) values(23203,633,'2015款 质惠版 1.6L 自动时尚型','2015款',2,0);
insert into t_car_model(cm_id , cs_id , cm_name,cm_type ,cm_order , cm_state) values(23204,633,'2015款 质惠版 1.6L 手动舒适型','2015款',3,0);
insert into t_car_model(cm_id , cs_id , cm_name,cm_type ,cm_order , cm_state) values(23205,633,'2015款 质惠版 1.6L 自动舒适型','2015款',4,0);
insert into t_car_model(cm_id , cs_id , cm_name,cm_type ,cm_order , cm_state) values(23206,633,'2015款 质惠版 1.4TSI 自动Sportline','2015款',5,0);
insert into t_car_model(cm_id , cs_id , cm_name,cm_type ,cm_order , cm_state) values(18207,633,'2014款 1.6L 手动时尚型','2014款',1,0);
insert into t_car_model(cm_id , cs_id , cm_name,cm_type ,cm_order , cm_state) values(18208,633,'2014款 1.6L 自动时尚型','2014款',2,0);
insert into t_car_model(cm_id , cs_id , cm_name,cm_type ,cm_order , cm_state) values(18209,633,'2014款 1.6L 手动舒适型','2014款',3,0);
insert into t_car_model(cm_id , cs_id , cm_name,cm_type ,cm_order , cm_state) values(18210,633,'2014款 1.6L 自动舒适型','2014款',4,0);
insert into t_car_model(cm_id , cs_id , cm_name,cm_type ,cm_order , cm_state) values(18211,633,'2014款 1.6L 自动豪华型','2014款',5,0);
insert into t_car_model(cm_id , cs_id , cm_name,cm_type ,cm_order , cm_state) values(18212,633,'2014款 1.4TSI 手动舒适型','2014款',6,0);
insert into t_car_model(cm_id , cs_id , cm_name,cm_type ,cm_order , cm_state) values(18213,633,'2014款 1.4TSI 自动舒适型','2014款',7,0);
insert into t_car_model(cm_id , cs_id , cm_name,cm_type ,cm_order , cm_state) values(18214,633,'2014款 1.4TSI 自动豪华型','2014款',8,0);
insert into t_car_model(cm_id , cs_id , cm_name,cm_type ,cm_order , cm_state) values(18660,633,'2014款 1.4TSI 手动Sportline','2014款',9,0);
insert into t_car_model(cm_id , cs_id , cm_name,cm_type ,cm_order , cm_state) values(17601,633,'2014款 1.4TSI 自动Sportline','2014款',10,0);
insert into t_car_model(cm_id , cs_id , cm_name,cm_type ,cm_order , cm_state) values(14419,633,'2013款 1.6L 手动时尚型','2013款',1,0);
insert into t_car_model(cm_id , cs_id , cm_name,cm_type ,cm_order , cm_state) values(14420,633,'2013款 1.6L 自动时尚型','2013款',2,0);
insert into t_car_model(cm_id , cs_id , cm_name,cm_type ,cm_order , cm_state) values(14421,633,'2013款 1.6L 手动舒适型','2013款',3,0);
insert into t_car_model(cm_id , cs_id , cm_name,cm_type ,cm_order , cm_state) values(14422,633,'2013款 1.6L 自动舒适型','2013款',4,0);
insert into t_car_model(cm_id , cs_id , cm_name,cm_type ,cm_order , cm_state) values(14423,633,'2013款 1.6L 自动豪华型','2013款',5,0);
insert into t_car_model(cm_id , cs_id , cm_name,cm_type ,cm_order , cm_state) values(14424,633,'2013款 1.4T 手动舒适型','2013款',6,0);
insert into t_car_model(cm_id , cs_id , cm_name,cm_type ,cm_order , cm_state) values(14425,633,'2013款 1.4T 自动舒适型','2013款',7,0);
insert into t_car_model(cm_id , cs_id , cm_name,cm_type ,cm_order , cm_state) values(13786,633,'2013款 1.4T 自动豪华型','2013款',8,0);
insert into t_car_model(cm_id , cs_id , cm_name,cm_type ,cm_order , cm_state) values(10989,633,'2012款 1.6L 手动时尚型','2012款',1,0);
insert into t_car_model(cm_id , cs_id , cm_name,cm_type ,cm_order , cm_state) values(10990,633,'2012款 1.6L 自动时尚型','2012款',2,0);
insert into t_car_model(cm_id , cs_id , cm_name,cm_type ,cm_order , cm_state) values(13655,633,'2012款 1.6L 手动时尚超值版','2012款',3,0);
insert into t_car_model(cm_id , cs_id , cm_name,cm_type ,cm_order , cm_state) values(13656,633,'2012款 1.6L 自动时尚超值版','2012款',4,0);
insert into t_car_model(cm_id , cs_id , cm_name,cm_type ,cm_order , cm_state) values(10991,633,'2012款 1.6L 手动舒适型','2012款',5,0);
insert into t_car_model(cm_id , cs_id , cm_name,cm_type ,cm_order , cm_state) values(10992,633,'2012款 1.6L 自动舒适型','2012款',6,0);
insert into t_car_model(cm_id , cs_id , cm_name,cm_type ,cm_order , cm_state) values(14201,633,'2012款 1.6L 手动舒适超值版','2012款',7,0);
insert into t_car_model(cm_id , cs_id , cm_name,cm_type ,cm_order , cm_state) values(14202,633,'2012款 1.6L 自动舒适超值版','2012款',8,0);
insert into t_car_model(cm_id , cs_id , cm_name,cm_type ,cm_order , cm_state) values(10993,633,'2012款 1.6L 自动豪华型','2012款',9,0);
insert into t_car_model(cm_id , cs_id , cm_name,cm_type ,cm_order , cm_state) values(10994,633,'2012款 1.4T 手动舒适型','2012款',10,0);
insert into t_car_model(cm_id , cs_id , cm_name,cm_type ,cm_order , cm_state) values(10996,633,'2012款 1.4T 自动舒适型','2012款',11,0);
insert into t_car_model(cm_id , cs_id , cm_name,cm_type ,cm_order , cm_state) values(10997,633,'2012款 1.4T 自动豪华型','2012款',12,0);
insert into t_car_model(cm_id , cs_id , cm_name,cm_type ,cm_order , cm_state) values(7891,633,'2011款 1.6L 手动时尚型','2011款',1,0);
insert into t_car_model(cm_id , cs_id , cm_name,cm_type ,cm_order , cm_state) values(7893,633,'2011款 1.6L 手动舒适型','2011款',2,0);
insert into t_car_model(cm_id , cs_id , cm_name,cm_type ,cm_order , cm_state) values(7892,633,'2011款 1.6L 自动时尚型','2011款',3,0);
insert into t_car_model(cm_id , cs_id , cm_name,cm_type ,cm_order , cm_state) values(7894,633,'2011款 1.6L 自动舒适型','2011款',4,0);
insert into t_car_model(cm_id , cs_id , cm_name,cm_type ,cm_order , cm_state) values(9824,633,'2011款 1.6L自动豪华型','2011款',5,0);
insert into t_car_model(cm_id , cs_id , cm_name,cm_type ,cm_order , cm_state) values(7895,633,'2011款 1.4T 手动舒适型','2011款',6,0);
insert into t_car_model(cm_id , cs_id , cm_name,cm_type ,cm_order , cm_state) values(7897,633,'2011款 1.4T 手动豪华型','2011款',7,0);
insert into t_car_model(cm_id , cs_id , cm_name,cm_type ,cm_order , cm_state) values(7896,633,'2011款 1.4T 自动舒适型','2011款',8,0);
insert into t_car_model(cm_id , cs_id , cm_name,cm_type ,cm_order , cm_state) values(7898,633,'2011款 1.4T 自动豪华型','2011款',9,0);
insert into t_car_model(cm_id , cs_id , cm_name,cm_type ,cm_order , cm_state) values(8831,633,'2011款 1.4T MT Sportline','2011款',10,0);
insert into t_car_model(cm_id , cs_id , cm_name,cm_type ,cm_order , cm_state) values(7701,633,'2011款 1.4T AT Sportline','2011款',11,0);
insert into t_car_model(cm_id , cs_id , cm_name,cm_type ,cm_order , cm_state) values(3927,633,'2008款 1.6L 手动时尚型','2008款',1,0);
insert into t_car_model(cm_id , cs_id , cm_name,cm_type ,cm_order , cm_state) values(4552,633,'2008款 1.6L 自动时尚型','2008款',2,0);
insert into t_car_model(cm_id , cs_id , cm_name,cm_type ,cm_order , cm_state) values(4551,633,'2008款 1.6L 手动舒适型','2008款',3,0);
insert into t_car_model(cm_id , cs_id , cm_name,cm_type ,cm_order , cm_state) values(4553,633,'2008款 1.6L 自动舒适型','2008款',4,0);
insert into t_car_model(cm_id , cs_id , cm_name,cm_type ,cm_order , cm_state) values(4281,633,'2008款 1.6L 自动豪华型','2008款',5,0);
insert into t_car_model(cm_id , cs_id , cm_name,cm_type ,cm_order , cm_state) values(4282,633,'2008款 2.0L 手动舒适型','2008款',6,0);
insert into t_car_model(cm_id , cs_id , cm_name,cm_type ,cm_order , cm_state) values(4554,633,'2008款 2.0L 自动舒适型','2008款',7,0);
insert into t_car_model(cm_id , cs_id , cm_name,cm_type ,cm_order , cm_state) values(4283,633,'2008款 2.0L 自动豪华型','2008款',8,0);
insert into t_car_series(cs_id,cbf_id,cs_name,cs_order,cs_letter) values(871,8,'高尔夫',1051,'G');
insert into t_car_model(cm_id , cs_id , cm_name,cm_type ,cm_order , cm_state) values(39410,871,'2019款 改款 1.6L 手动时尚型 国V','2019款',1,0);
insert into t_car_model(cm_id , cs_id , cm_name,cm_type ,cm_order , cm_state) values(39411,871,'2019款 改款 1.6L 自动时尚型 国V','2019款',2,0);
insert into t_car_model(cm_id , cs_id , cm_name,cm_type ,cm_order , cm_state) values(36446,871,'2019款 1.6L 自动舒适型 国V','2019款',3,0);
insert into t_car_model(cm_id , cs_id , cm_name,cm_type ,cm_order , cm_state) values(39402,871,'2019款 200TSI DSG舒适进取版 国VI','2019款',4,0);
insert into t_car_model(cm_id , cs_id , cm_name,cm_type ,cm_order , cm_state) values(36447,871,'2019款 200TSI DSG舒适型 国V','2019款',5,0);
insert into t_car_model(cm_id , cs_id , cm_name,cm_type ,cm_order , cm_state) values(39403,871,'2019款 200TSI DSG舒适型 国VI','2019款',6,0);
insert into t_car_model(cm_id , cs_id , cm_name,cm_type ,cm_order , cm_state) values(36448,871,'2019款 280TSI 手动舒适型 国V','2019款',7,0);
insert into t_car_model(cm_id , cs_id , cm_name,cm_type ,cm_order , cm_state) values(39404,871,'2019款 280TSI 手动舒适型 国VI','2019款',8,0);
insert into t_car_model(cm_id , cs_id , cm_name,cm_type ,cm_order , cm_state) values(36449,871,'2019款 280TSI DSG舒适型 国V','2019款',9,0);
insert into t_car_model(cm_id , cs_id , cm_name,cm_type ,cm_order , cm_state) values(39405,871,'2019款 280TSI DSG舒适型 国VI','2019款',10,0);
insert into t_car_model(cm_id , cs_id , cm_name,cm_type ,cm_order , cm_state) values(36450,871,'2019款 280TSI DSG豪华型 国V','2019款',11,0);
insert into t_car_model(cm_id , cs_id , cm_name,cm_type ,cm_order , cm_state) values(39406,871,'2019款 280TSI DSG豪华型 国VI','2019款',12,0);
insert into t_car_model(cm_id , cs_id , cm_name,cm_type ,cm_order , cm_state) values(36452,871,'2019款 280TSI 手动 R-Line型 国V','2019款',13,0);
insert into t_car_model(cm_id , cs_id , cm_name,cm_type ,cm_order , cm_state) values(39407,871,'2019款 280TSI 手动 R-Line型 国VI','2019款',14,0);
insert into t_car_model(cm_id , cs_id , cm_name,cm_type ,cm_order , cm_state) values(36453,871,'2019款 280TSI DSG R-Line型 国V','2019款',15,0);
insert into t_car_model(cm_id , cs_id , cm_name,cm_type ,cm_order , cm_state) values(39408,871,'2019款 280TSI DSG R-Line型 国VI','2019款',16,0);
insert into t_car_model(cm_id , cs_id , cm_name,cm_type ,cm_order , cm_state) values(36451,871,'2019款 280TSI DSG旗舰型 国V','2019款',17,0);
insert into t_car_model(cm_id , cs_id , cm_name,cm_type ,cm_order , cm_state) values(39409,871,'2019款 280TSI DSG旗舰型 国VI','2019款',18,0);
insert into t_car_model(cm_id , cs_id , cm_name,cm_type ,cm_order , cm_state) values(36454,871,'2019款 2.0TSI GTI 国V','2019款',19,0);
insert into t_car_model(cm_id , cs_id , cm_name,cm_type ,cm_order , cm_state) values(36444,871,'2019款 1.6L 手动时尚型 国V','2019款',20,0);
insert into t_car_model(cm_id , cs_id , cm_name,cm_type ,cm_order , cm_state) values(36445,871,'2019款 1.6L 自动时尚型 国V','2019款',21,0);
insert into t_car_model(cm_id , cs_id , cm_name,cm_type ,cm_order , cm_state) values(32527,871,'2018款 1.6L 手动时尚型','2018款',1,0);
insert into t_car_model(cm_id , cs_id , cm_name,cm_type ,cm_order , cm_state) values(32528,871,'2018款 1.6L 自动时尚型','2018款',2,0);
insert into t_car_model(cm_id , cs_id , cm_name,cm_type ,cm_order , cm_state) values(32529,871,'2018款 1.6L 自动舒适型','2018款',3,0);
insert into t_car_model(cm_id , cs_id , cm_name,cm_type ,cm_order , cm_state) values(32530,871,'2018款 180TSI 自动舒适型','2018款',4,0);
insert into t_car_model(cm_id , cs_id , cm_name,cm_type ,cm_order , cm_state) values(32531,871,'2018款 230TSI 手动舒适型','2018款',5,0);
insert into t_car_model(cm_id , cs_id , cm_name,cm_type ,cm_order , cm_state) values(32532,871,'2018款 230TSI 自动舒适型','2018款',6,0);
insert into t_car_model(cm_id , cs_id , cm_name,cm_type ,cm_order , cm_state) values(32533,871,'2018款  230TSI 自动豪华型','2018款',7,0);
insert into t_car_model(cm_id , cs_id , cm_name,cm_type ,cm_order , cm_state) values(32526,871,'2018款 280TSI 手动R-Line型','2018款',8,0);
insert into t_car_model(cm_id , cs_id , cm_name,cm_type ,cm_order , cm_state) values(31723,871,'2018款 280TSI 自动R-Line型','2018款',9,0);
insert into t_car_model(cm_id , cs_id , cm_name,cm_type ,cm_order , cm_state) values(31721,871,'2018款 280TSI 自动旗舰型','2018款',10,0);
insert into t_car_model(cm_id , cs_id , cm_name,cm_type ,cm_order , cm_state) values(31722,871,'2018款 2.0TSI GTI','2018款',11,0);
insert into t_car_model(cm_id , cs_id , cm_name,cm_type ,cm_order , cm_state) values(29136,871,'2017款 1.6L 自动舒适百万辆纪念版','2017款',1,0);
insert into t_car_model(cm_id , cs_id , cm_name,cm_type ,cm_order , cm_state) values(29207,871,'2017款 180TSI 自动舒适型','2017款',2,0);
insert into t_car_model(cm_id , cs_id , cm_name,cm_type ,cm_order , cm_state) values(29203,871,'2017款 230TSI 手动舒适百万辆纪念版','2017款',3,0);
insert into t_car_model(cm_id , cs_id , cm_name,cm_type ,cm_order , cm_state) values(29204,871,'2017款 230TSI 自动舒适百万辆纪念版','2017款',4,0);
insert into t_car_model(cm_id , cs_id , cm_name,cm_type ,cm_order , cm_state) values(29194,871,'2017款 230TSI 自动豪华百万辆纪念版','2017款',5,0);
insert into t_car_model(cm_id , cs_id , cm_name,cm_type ,cm_order , cm_state) values(29205,871,'2017款 280TSI 手动R-Line百万辆纪念版','2017款',6,0);
insert into t_car_model(cm_id , cs_id , cm_name,cm_type ,cm_order , cm_state) values(29206,871,'2017款 280TSI 自动R-Line百万辆纪念版','2017款',7,0);
insert into t_car_model(cm_id , cs_id , cm_name,cm_type ,cm_order , cm_state) values(26356,871,'2016款 1.4TSI 25周年纪念版','2016款',1,0);
insert into t_car_model(cm_id , cs_id , cm_name,cm_type ,cm_order , cm_state) values(24093,871,'2016款 1.6L 自动舒适型','2016款',2,0);
insert into t_car_model(cm_id , cs_id , cm_name,cm_type ,cm_order , cm_state) values(24094,871,'2016款 180TSI 自动舒适型','2016款',3,0);
insert into t_car_model(cm_id , cs_id , cm_name,cm_type ,cm_order , cm_state) values(24095,871,'2016款 230TSI 手动舒适型','2016款',4,0);
insert into t_car_model(cm_id , cs_id , cm_name,cm_type ,cm_order , cm_state) values(24096,871,'2016款 230TSI 自动舒适型','2016款',5,0);
insert into t_car_model(cm_id , cs_id , cm_name,cm_type ,cm_order , cm_state) values(24098,871,'2016款 230TSI 自动豪华型','2016款',6,0);
insert into t_car_model(cm_id , cs_id , cm_name,cm_type ,cm_order , cm_state) values(24097,871,'2016款 1.4TSI 手动R-Line','2016款',7,0);
insert into t_car_model(cm_id , cs_id , cm_name,cm_type ,cm_order , cm_state) values(24100,871,'2016款 1.4TSI 自动R-Line','2016款',8,0);
insert into t_car_model(cm_id , cs_id , cm_name,cm_type ,cm_order , cm_state) values(24091,871,'2016款 1.6L 手动时尚型','2016款',9,0);
insert into t_car_model(cm_id , cs_id , cm_name,cm_type ,cm_order , cm_state) values(24092,871,'2016款 1.6L 自动时尚型','2016款',10,0);
insert into t_car_model(cm_id , cs_id , cm_name,cm_type ,cm_order , cm_state) values(24099,871,'2016款 280TSI 自动旗舰型','2016款',11,0);
insert into t_car_model(cm_id , cs_id , cm_name,cm_type ,cm_order , cm_state) values(23721,871,'2016款 2.0TSI GTI','2016款',12,0);
insert into t_car_model(cm_id , cs_id , cm_name,cm_type ,cm_order , cm_state) values(20306,871,'2015款 1.6L 手动时尚型','2015款',1,0);
insert into t_car_model(cm_id , cs_id , cm_name,cm_type ,cm_order , cm_state) values(20307,871,'2015款 1.6L 自动时尚型','2015款',2,0);
insert into t_car_model(cm_id , cs_id , cm_name,cm_type ,cm_order , cm_state) values(20308,871,'2015款 1.6L 自动舒适型','2015款',3,0);
insert into t_car_model(cm_id , cs_id , cm_name,cm_type ,cm_order , cm_state) values(22342,871,'2015款 1.2TSI 自动舒适型','2015款',4,0);
insert into t_car_model(cm_id , cs_id , cm_name,cm_type ,cm_order , cm_state) values(20309,871,'2015款 1.4TSI 手动舒适型','2015款',5,0);
insert into t_car_model(cm_id , cs_id , cm_name,cm_type ,cm_order , cm_state) values(20310,871,'2015款 1.4TSI 自动舒适型','2015款',6,0);
insert into t_car_model(cm_id , cs_id , cm_name,cm_type ,cm_order , cm_state) values(20311,871,'2015款 1.4TSI 自动豪华型','2015款',7,0);
insert into t_car_model(cm_id , cs_id , cm_name,cm_type ,cm_order , cm_state) values(20312,871,'2015款 1.4TSI 自动旗舰型','2015款',8,0);
insert into t_car_model(cm_id , cs_id , cm_name,cm_type ,cm_order , cm_state) values(23079,871,'2015款 1.4TSI 手动R-Line','2015款',9,0);
insert into t_car_model(cm_id , cs_id , cm_name,cm_type ,cm_order , cm_state) values(22571,871,'2015款 1.4TSI 自动R-Line','2015款',10,0);
insert into t_car_model(cm_id , cs_id , cm_name,cm_type ,cm_order , cm_state) values(17554,871,'2014款 1.6L 手动时尚型','2014款',1,0);
insert into t_car_model(cm_id , cs_id , cm_name,cm_type ,cm_order , cm_state) values(17822,871,'2014款 1.6L 自动时尚型','2014款',2,0);
insert into t_car_model(cm_id , cs_id , cm_name,cm_type ,cm_order , cm_state) values(17823,871,'2014款 1.6L 自动舒适型','2014款',3,0);
insert into t_car_model(cm_id , cs_id , cm_name,cm_type ,cm_order , cm_state) values(17824,871,'2014款 1.4TSI 手动舒适型','2014款',4,0);
insert into t_car_model(cm_id , cs_id , cm_name,cm_type ,cm_order , cm_state) values(17826,871,'2014款 1.4TSI 自动舒适型','2014款',5,0);
insert into t_car_model(cm_id , cs_id , cm_name,cm_type ,cm_order , cm_state) values(17827,871,'2014款 1.4TSI 自动豪华型','2014款',6,0);
insert into t_car_model(cm_id , cs_id , cm_name,cm_type ,cm_order , cm_state) values(17096,871,'2014款 1.4TSI 自动旗舰型','2014款',7,0);
insert into t_car_model(cm_id , cs_id , cm_name,cm_type ,cm_order , cm_state) values(11159,871,'2012款 1.6 手动时尚型','2012款',1,0);
insert into t_car_model(cm_id , cs_id , cm_name,cm_type ,cm_order , cm_state) values(11160,871,'2012款 1.6 自动时尚型','2012款',2,0);
insert into t_car_model(cm_id , cs_id , cm_name,cm_type ,cm_order , cm_state) values(11161,871,'2012款 1.6 手动舒适型','2012款',3,0);
insert into t_car_model(cm_id , cs_id , cm_name,cm_type ,cm_order , cm_state) values(11162,871,'2012款 1.6 自动舒适型','2012款',4,0);
insert into t_car_model(cm_id , cs_id , cm_name,cm_type ,cm_order , cm_state) values(11163,871,'2012款 1.6 自动豪华版','2012款',5,0);
insert into t_car_model(cm_id , cs_id , cm_name,cm_type ,cm_order , cm_state) values(11165,871,'2012款 1.4TSI 手动舒适型','2012款',6,0);
insert into t_car_model(cm_id , cs_id , cm_name,cm_type ,cm_order , cm_state) values(11034,871,'2012款 1.4TSI 自动舒适型','2012款',7,0);
insert into t_car_model(cm_id , cs_id , cm_name,cm_type ,cm_order , cm_state) values(11033,871,'2012款 1.4TSI 自动豪华型','2012款',8,0);
insert into t_car_model(cm_id , cs_id , cm_name,cm_type ,cm_order , cm_state) values(7702,871,'2012款 1.4TSI 蓝驱版','2012款',9,0);
insert into t_car_model(cm_id , cs_id , cm_name,cm_type ,cm_order , cm_state) values(11238,871,'2012款 2.0TSI GTI','2012款',10,0);
insert into t_car_model(cm_id , cs_id , cm_name,cm_type ,cm_order , cm_state) values(8650,871,'2011款 1.6 手动时尚型','2011款',1,0);
insert into t_car_model(cm_id , cs_id , cm_name,cm_type ,cm_order , cm_state) values(8651,871,'2011款 1.6 自动时尚型','2011款',2,0);
insert into t_car_model(cm_id , cs_id , cm_name,cm_type ,cm_order , cm_state) values(8652,871,'2011款 1.6 手动舒适型','2011款',3,0);
insert into t_car_model(cm_id , cs_id , cm_name,cm_type ,cm_order , cm_state) values(8653,871,'2011款 1.6 自动舒适型','2011款',4,0);
insert into t_car_model(cm_id , cs_id , cm_name,cm_type ,cm_order , cm_state) values(8654,871,'2011款 1.6 自动豪华版','2011款',5,0);
insert into t_car_model(cm_id , cs_id , cm_name,cm_type ,cm_order , cm_state) values(8655,871,'2011款 1.4TSI 手动舒适型','2011款',6,0);
insert into t_car_model(cm_id , cs_id , cm_name,cm_type ,cm_order , cm_state) values(8656,871,'2011款 1.4TSI 自动舒适型','2011款',7,0);
insert into t_car_model(cm_id , cs_id , cm_name,cm_type ,cm_order , cm_state) values(8657,871,'2011款 1.4TSI 自动豪华型','2011款',8,0);
insert into t_car_model(cm_id , cs_id , cm_name,cm_type ,cm_order , cm_state) values(10328,871,'2011款 2.0TSI GTI','2011款',9,0);
insert into t_car_model(cm_id , cs_id , cm_name,cm_type ,cm_order , cm_state) values(5693,871,'2010款 1.6 手动时尚型','2010款',1,0);
insert into t_car_model(cm_id , cs_id , cm_name,cm_type ,cm_order , cm_state) values(5845,871,'2010款 1.6 自动时尚型','2010款',2,0);
insert into t_car_model(cm_id , cs_id , cm_name,cm_type ,cm_order , cm_state) values(5849,871,'2010款 1.6 手动舒适型','2010款',3,0);
insert into t_car_model(cm_id , cs_id , cm_name,cm_type ,cm_order , cm_state) values(5846,871,'2010款 1.6 自动舒适型','2010款',4,0);
insert into t_car_model(cm_id , cs_id , cm_name,cm_type ,cm_order , cm_state) values(5850,871,'2010款 1.6 自动豪华版','2010款',5,0);
insert into t_car_model(cm_id , cs_id , cm_name,cm_type ,cm_order , cm_state) values(5847,871,'2010款 1.4TSI 手动舒适型','2010款',6,0);
insert into t_car_model(cm_id , cs_id , cm_name,cm_type ,cm_order , cm_state) values(5848,871,'2010款 1.4TSI 自动舒适型','2010款',7,0);
insert into t_car_model(cm_id , cs_id , cm_name,cm_type ,cm_order , cm_state) values(5692,871,'2010款 1.4TSI 自动豪华型','2010款',8,0);
insert into t_car_model(cm_id , cs_id , cm_name,cm_type ,cm_order , cm_state) values(6558,871,'2010款 2.0TSI GTI','2010款',9,0);
insert into t_car_model(cm_id , cs_id , cm_name,cm_type ,cm_order , cm_state) values(6833,871,'2008款 1.6 自动时尚型','2008款',1,0);
insert into t_car_model(cm_id , cs_id , cm_name,cm_type ,cm_order , cm_state) values(4317,871,'2008款 1.6 手动五彩版','2008款',2,0);
insert into t_car_model(cm_id , cs_id , cm_name,cm_type ,cm_order , cm_state) values(4318,871,'2008款 1.6 自动五彩版','2008款',3,0);
insert into t_car_model(cm_id , cs_id , cm_name,cm_type ,cm_order , cm_state) values(710,871,'2005款 1.8 手动舒适型','2005款',1,0);
insert into t_car_model(cm_id , cs_id , cm_name,cm_type ,cm_order , cm_state) values(711,871,'2005款 1.8 自动舒适型','2005款',2,0);
insert into t_car_model(cm_id , cs_id , cm_name,cm_type ,cm_order , cm_state) values(766,871,'2004款 1.6 手动时尚型','2004款',1,0);
insert into t_car_model(cm_id , cs_id , cm_name,cm_type ,cm_order , cm_state) values(1915,871,'2004款 1.6 自动时尚型','2004款',2,0);
insert into t_car_model(cm_id , cs_id , cm_name,cm_type ,cm_order , cm_state) values(712,871,'2004款 1.6 手动舒适型','2004款',3,0);
insert into t_car_model(cm_id , cs_id , cm_name,cm_type ,cm_order , cm_state) values(713,871,'2004款 1.6 自动舒适型','2004款',4,0);
insert into t_car_series(cs_id,cbf_id,cs_name,cs_order,cs_letter) values(442,8,'速腾',1052,'S');
insert into t_car_model(cm_id , cs_id , cm_name,cm_type ,cm_order , cm_state) values(38346,442,'2019款 200TSI 手动时尚型 国V','2019款',1,0);
insert into t_car_model(cm_id , cs_id , cm_name,cm_type ,cm_order , cm_state) values(40827,442,'2019款 200TSI 手动时尚型 国VI','2019款',2,0);
insert into t_car_model(cm_id , cs_id , cm_name,cm_type ,cm_order , cm_state) values(38347,442,'2019款 200TSI DSG时尚型 国V','2019款',3,0);
insert into t_car_model(cm_id , cs_id , cm_name,cm_type ,cm_order , cm_state) values(40828,442,'2019款 200TSI DSG时尚型 国VI','2019款',4,0);
insert into t_car_model(cm_id , cs_id , cm_name,cm_type ,cm_order , cm_state) values(38348,442,'2019款 200TSI 手动舒适型 国V','2019款',5,0);
insert into t_car_model(cm_id , cs_id , cm_name,cm_type ,cm_order , cm_state) values(40829,442,'2019款 200TSI 手动舒适型 国VI','2019款',6,0);
insert into t_car_model(cm_id , cs_id , cm_name,cm_type ,cm_order , cm_state) values(38349,442,'2019款 200TSI DSG舒适型 国V','2019款',7,0);
insert into t_car_model(cm_id , cs_id , cm_name,cm_type ,cm_order , cm_state) values(40830,442,'2019款 200TSI DSG舒适型 国VI','2019款',8,0);
insert into t_car_model(cm_id , cs_id , cm_name,cm_type ,cm_order , cm_state) values(37991,442,'2019款 280TSI DSG舒适型 国V','2019款',9,0);
insert into t_car_model(cm_id , cs_id , cm_name,cm_type ,cm_order , cm_state) values(40831,442,'2019款 280TSI DSG舒适型 国VI','2019款',10,0);
insert into t_car_model(cm_id , cs_id , cm_name,cm_type ,cm_order , cm_state) values(37709,442,'2019款 280TSI DSG R-Line 国V','2019款',11,0);
insert into t_car_model(cm_id , cs_id , cm_name,cm_type ,cm_order , cm_state) values(40832,442,'2019款 280TSI DSG R-Line 国VI','2019款',12,0);
insert into t_car_model(cm_id , cs_id , cm_name,cm_type ,cm_order , cm_state) values(37976,442,'2019款 280TSI DSG豪华型 国V','2019款',13,0);
insert into t_car_model(cm_id , cs_id , cm_name,cm_type ,cm_order , cm_state) values(40833,442,'2019款 280TSI DSG豪华型 国VI','2019款',14,0);
insert into t_car_model(cm_id , cs_id , cm_name,cm_type ,cm_order , cm_state) values(38300,442,'2019款 280TSI DSG旗舰型 国V','2019款',15,0);
insert into t_car_model(cm_id , cs_id , cm_name,cm_type ,cm_order , cm_state) values(40834,442,'2019款 280TSI DSG旗舰型 国VI','2019款',16,0);
insert into t_car_model(cm_id , cs_id , cm_name,cm_type ,cm_order , cm_state) values(32453,442,'2018款 1.6L 手动时尚型','2018款',1,0);
insert into t_car_model(cm_id , cs_id , cm_name,cm_type ,cm_order , cm_state) values(34608,442,'2018款 280TSI DSG熠动版','2018款',2,0);
insert into t_car_model(cm_id , cs_id , cm_name,cm_type ,cm_order , cm_state) values(32462,442,'2018款 2.0TSI GLI','2018款',3,0);
insert into t_car_model(cm_id , cs_id , cm_name,cm_type ,cm_order , cm_state) values(32454,442,'2018款 1.6L 自动时尚型','2018款',4,0);
insert into t_car_model(cm_id , cs_id , cm_name,cm_type ,cm_order , cm_state) values(32455,442,'2018款 1.6L 手动舒适型','2018款',5,0);
insert into t_car_model(cm_id , cs_id , cm_name,cm_type ,cm_order , cm_state) values(32456,442,'2018款 1.6L 自动舒适型','2018款',6,0);
insert into t_car_model(cm_id , cs_id , cm_name,cm_type ,cm_order , cm_state) values(32457,442,'2018款 180TSI DSG臻享版','2018款',7,0);
insert into t_car_model(cm_id , cs_id , cm_name,cm_type ,cm_order , cm_state) values(32458,442,'2018款 280TSI DSG舒适型','2018款',8,0);
insert into t_car_model(cm_id , cs_id , cm_name,cm_type ,cm_order , cm_state) values(32459,442,'2018款 280TSI DSG豪华型','2018款',9,0);
insert into t_car_model(cm_id , cs_id , cm_name,cm_type ,cm_order , cm_state) values(32461,442,'2018款 280TSI DSG R-Line','2018款',10,0);
insert into t_car_model(cm_id , cs_id , cm_name,cm_type ,cm_order , cm_state) values(32460,442,'2018款 280TSI DSG旗舰型','2018款',11,0);
insert into t_car_model(cm_id , cs_id , cm_name,cm_type ,cm_order , cm_state) values(27771,442,'2017款 1.6L 手动时尚型','2017款',1,0);
insert into t_car_model(cm_id , cs_id , cm_name,cm_type ,cm_order , cm_state) values(27772,442,'2017款 1.6L 自动时尚型','2017款',2,0);
insert into t_car_model(cm_id , cs_id , cm_name,cm_type ,cm_order , cm_state) values(27778,442,'2017款 180TSI 自动领先型','2017款',3,0);
insert into t_car_model(cm_id , cs_id , cm_name,cm_type ,cm_order , cm_state) values(27770,442,'2017款 1.6L 手动舒适型','2017款',4,0);
insert into t_car_model(cm_id , cs_id , cm_name,cm_type ,cm_order , cm_state) values(27773,442,'2017款 1.6L 自动舒适型','2017款',5,0);
insert into t_car_model(cm_id , cs_id , cm_name,cm_type ,cm_order , cm_state) values(31127,442,'2017款 180TSI 自动臻享版','2017款',6,0);
insert into t_car_model(cm_id , cs_id , cm_name,cm_type ,cm_order , cm_state) values(27774,442,'2017款 230TSI 手动舒适型','2017款',7,0);
insert into t_car_model(cm_id , cs_id , cm_name,cm_type ,cm_order , cm_state) values(27775,442,'2017款 230TSI 自动舒适型','2017款',8,0);
insert into t_car_model(cm_id , cs_id , cm_name,cm_type ,cm_order , cm_state) values(27776,442,'2017款 230TSI 手动豪华型','2017款',9,0);
insert into t_car_model(cm_id , cs_id , cm_name,cm_type ,cm_order , cm_state) values(27777,442,'2017款 230TSI 自动豪华型','2017款',10,0);
insert into t_car_model(cm_id , cs_id , cm_name,cm_type ,cm_order , cm_state) values(27787,442,'2017款 280TSI 自动R-Line','2017款',11,0);
insert into t_car_model(cm_id , cs_id , cm_name,cm_type ,cm_order , cm_state) values(27779,442,'2017款 280TSI 自动旗舰型','2017款',12,0);
insert into t_car_model(cm_id , cs_id , cm_name,cm_type ,cm_order , cm_state) values(26309,442,'2016款 230TSI 25周年纪念版','2016款',1,0);
insert into t_car_model(cm_id , cs_id , cm_name,cm_type ,cm_order , cm_state) values(26853,442,'2016款 280TSI 自动R-Line','2016款',2,0);
insert into t_car_model(cm_id , cs_id , cm_name,cm_type ,cm_order , cm_state) values(26393,442,'2016款 2.0TSI GLI','2016款',3,0);
insert into t_car_model(cm_id , cs_id , cm_name,cm_type ,cm_order , cm_state) values(22090,442,'2015款 1.6L 手动时尚型','2015款',1,0);
insert into t_car_model(cm_id , cs_id , cm_name,cm_type ,cm_order , cm_state) values(22092,442,'2015款 1.6L 自动时尚型','2015款',2,0);
insert into t_car_model(cm_id , cs_id , cm_name,cm_type ,cm_order , cm_state) values(22091,442,'2015款 1.6L 手动舒适型','2015款',3,0);
insert into t_car_model(cm_id , cs_id , cm_name,cm_type ,cm_order , cm_state) values(22093,442,'2015款 1.6L 自动舒适型','2015款',4,0);
insert into t_car_model(cm_id , cs_id , cm_name,cm_type ,cm_order , cm_state) values(22088,442,'2015款 230TSI 手动舒适型','2015款',5,0);
insert into t_car_model(cm_id , cs_id , cm_name,cm_type ,cm_order , cm_state) values(22094,442,'2015款 230TSI 自动舒适型','2015款',6,0);
insert into t_car_model(cm_id , cs_id , cm_name,cm_type ,cm_order , cm_state) values(22089,442,'2015款 230TSI 手动豪华型','2015款',7,0);
insert into t_car_model(cm_id , cs_id , cm_name,cm_type ,cm_order , cm_state) values(22095,442,'2015款 230TSI 自动豪华型','2015款',8,0);
insert into t_car_model(cm_id , cs_id , cm_name,cm_type ,cm_order , cm_state) values(20924,442,'2015款 280TSI 自动旗舰型','2015款',9,0);
insert into t_car_model(cm_id , cs_id , cm_name,cm_type ,cm_order , cm_state) values(16960,442,'2014款 1.6L 手动时尚型','2014款',1,0);
insert into t_car_model(cm_id , cs_id , cm_name,cm_type ,cm_order , cm_state) values(16961,442,'2014款 1.6L 自动时尚型','2014款',2,0);
insert into t_car_model(cm_id , cs_id , cm_name,cm_type ,cm_order , cm_state) values(16962,442,'2014款 1.6L 手动舒适型','2014款',3,0);
insert into t_car_model(cm_id , cs_id , cm_name,cm_type ,cm_order , cm_state) values(16963,442,'2014款 1.6L 自动舒适型','2014款',4,0);
insert into t_car_model(cm_id , cs_id , cm_name,cm_type ,cm_order , cm_state) values(16964,442,'2014款 1.4TSI 手动时尚型','2014款',5,0);
insert into t_car_model(cm_id , cs_id , cm_name,cm_type ,cm_order , cm_state) values(16965,442,'2014款 1.4TSI 自动时尚型','2014款',6,0);
insert into t_car_model(cm_id , cs_id , cm_name,cm_type ,cm_order , cm_state) values(16966,442,'2014款 1.4TSI 手动豪华型','2014款',7,0);
insert into t_car_model(cm_id , cs_id , cm_name,cm_type ,cm_order , cm_state) values(16967,442,'2014款 1.4TSI 自动豪华型','2014款',8,0);
insert into t_car_model(cm_id , cs_id , cm_name,cm_type ,cm_order , cm_state) values(16970,442,'2014款 1.4TSI 蓝驱版','2014款',9,0);
insert into t_car_model(cm_id , cs_id , cm_name,cm_type ,cm_order , cm_state) values(16968,442,'2014款 1.4TSI 自动旗舰版','2014款',10,0);
insert into t_car_model(cm_id , cs_id , cm_name,cm_type ,cm_order , cm_state) values(16969,442,'2014款 1.8TSI 自动旗舰版','2014款',11,0);
insert into t_car_model(cm_id , cs_id , cm_name,cm_type ,cm_order , cm_state) values(19393,442,'2014款 改款 1.6L 自动时尚型','2014款',12,0);
insert into t_car_model(cm_id , cs_id , cm_name,cm_type ,cm_order , cm_state) values(19200,442,'2014款 改款 1.6L 手动舒适型','2014款',13,0);
insert into t_car_model(cm_id , cs_id , cm_name,cm_type ,cm_order , cm_state) values(19201,442,'2014款 改款 1.6L 自动舒适型','2014款',14,0);
insert into t_car_model(cm_id , cs_id , cm_name,cm_type ,cm_order , cm_state) values(19334,442,'2014款 改款 1.4TSI 蓝驱版','2014款',15,0);
insert into t_car_model(cm_id , cs_id , cm_name,cm_type ,cm_order , cm_state) values(19394,442,'2014款 改款 1.4TSI 手动时尚型','2014款',16,0);
insert into t_car_model(cm_id , cs_id , cm_name,cm_type ,cm_order , cm_state) values(19395,442,'2014款 改款 1.4TSI 自动时尚型','2014款',17,0);
insert into t_car_model(cm_id , cs_id , cm_name,cm_type ,cm_order , cm_state) values(18253,442,'2014款 改款 1.6L 手动时尚型','2014款',18,0);
insert into t_car_model(cm_id , cs_id , cm_name,cm_type ,cm_order , cm_state) values(21293,442,'2014款 改款 1.6L 手动领先型','2014款',19,0);
insert into t_car_model(cm_id , cs_id , cm_name,cm_type ,cm_order , cm_state) values(21294,442,'2014款 改款 1.6L 自动领先型','2014款',20,0);
insert into t_car_model(cm_id , cs_id , cm_name,cm_type ,cm_order , cm_state) values(21295,442,'2014款 改款 1.4TSI 手动精英型','2014款',21,0);
insert into t_car_model(cm_id , cs_id , cm_name,cm_type ,cm_order , cm_state) values(21296,442,'2014款 改款 1.4TSI 自动精英型','2014款',22,0);
insert into t_car_model(cm_id , cs_id , cm_name,cm_type ,cm_order , cm_state) values(18252,442,'2014款 改款 1.4TSI 手动豪华型','2014款',23,0);
insert into t_car_model(cm_id , cs_id , cm_name,cm_type ,cm_order , cm_state) values(19248,442,'2014款 改款 1.4TSI 自动豪华型','2014款',24,0);
insert into t_car_model(cm_id , cs_id , cm_name,cm_type ,cm_order , cm_state) values(19396,442,'2014款 改款 1.4TSI 自动旗舰版','2014款',25,0);
insert into t_car_model(cm_id , cs_id , cm_name,cm_type ,cm_order , cm_state) values(19397,442,'2014款 改款 1.8TSI 自动旗舰版','2014款',26,0);
insert into t_car_model(cm_id , cs_id , cm_name,cm_type ,cm_order , cm_state) values(14442,442,'2013款 1.4TSI 蓝驱版','2013款',1,0);
insert into t_car_model(cm_id , cs_id , cm_name,cm_type ,cm_order , cm_state) values(15467,442,'2013款 2.0TSI GLI','2013款',2,0);
insert into t_car_model(cm_id , cs_id , cm_name,cm_type ,cm_order , cm_state) values(11905,442,'2012款 1.6L 手动时尚型','2012款',1,0);
insert into t_car_model(cm_id , cs_id , cm_name,cm_type ,cm_order , cm_state) values(11906,442,'2012款 1.6L 自动时尚型','2012款',2,0);
insert into t_car_model(cm_id , cs_id , cm_name,cm_type ,cm_order , cm_state) values(11907,442,'2012款 1.6L 手动舒适型','2012款',3,0);
insert into t_car_model(cm_id , cs_id , cm_name,cm_type ,cm_order , cm_state) values(11878,442,'2012款 1.6L 自动舒适型','2012款',4,0);
insert into t_car_model(cm_id , cs_id , cm_name,cm_type ,cm_order , cm_state) values(11908,442,'2012款 1.4TSI 手动时尚型','2012款',5,0);
insert into t_car_model(cm_id , cs_id , cm_name,cm_type ,cm_order , cm_state) values(11909,442,'2012款 1.4TSI 自动时尚型','2012款',6,0);
insert into t_car_model(cm_id , cs_id , cm_name,cm_type ,cm_order , cm_state) values(11837,442,'2012款 1.4TSI 手动豪华型','2012款',7,0);
insert into t_car_model(cm_id , cs_id , cm_name,cm_type ,cm_order , cm_state) values(11838,442,'2012款 1.4TSI 自动豪华型','2012款',8,0);
insert into t_car_model(cm_id , cs_id , cm_name,cm_type ,cm_order , cm_state) values(11910,442,'2012款 1.4TSI 自动旗舰版','2012款',9,0);
insert into t_car_model(cm_id , cs_id , cm_name,cm_type ,cm_order , cm_state) values(11387,442,'2012款 1.8TSI 自动旗舰版','2012款',10,0);
insert into t_car_model(cm_id , cs_id , cm_name,cm_type ,cm_order , cm_state) values(9024,442,'2011款 1.6L 手动时尚型','2011款',1,0);
insert into t_car_model(cm_id , cs_id , cm_name,cm_type ,cm_order , cm_state) values(9025,442,'2011款 1.6L 自动时尚型','2011款',2,0);
insert into t_car_model(cm_id , cs_id , cm_name,cm_type ,cm_order , cm_state) values(9026,442,'2011款 1.6L 手动舒适型','2011款',3,0);
insert into t_car_model(cm_id , cs_id , cm_name,cm_type ,cm_order , cm_state) values(8803,442,'2011款 1.6L 自动舒适型','2011款',4,0);
insert into t_car_model(cm_id , cs_id , cm_name,cm_type ,cm_order , cm_state) values(11086,442,'2011款 1.6L 手动特别版','2011款',5,0);
insert into t_car_model(cm_id , cs_id , cm_name,cm_type ,cm_order , cm_state) values(11087,442,'2011款 1.6L 自动特别版','2011款',6,0);
insert into t_car_model(cm_id , cs_id , cm_name,cm_type ,cm_order , cm_state) values(9027,442,'2011款 1.4TSI 手动技术型','2011款',7,0);
insert into t_car_model(cm_id , cs_id , cm_name,cm_type ,cm_order , cm_state) values(9028,442,'2011款 1.4TSI 自动技术型','2011款',8,0);
insert into t_car_model(cm_id , cs_id , cm_name,cm_type ,cm_order , cm_state) values(8862,442,'2011款 1.4TSI 手动豪华型','2011款',9,0);
insert into t_car_model(cm_id , cs_id , cm_name,cm_type ,cm_order , cm_state) values(8817,442,'2011款 1.4TSI 自动豪华型','2011款',10,0);
insert into t_car_model(cm_id , cs_id , cm_name,cm_type ,cm_order , cm_state) values(9029,442,'2011款 1.8TSI 手动冠军版','2011款',11,0);
insert into t_car_model(cm_id , cs_id , cm_name,cm_type ,cm_order , cm_state) values(9030,442,'2011款 1.8TSI 自动冠军版','2011款',12,0);
insert into t_car_model(cm_id , cs_id , cm_name,cm_type ,cm_order , cm_state) values(6108,442,'2010款 1.4TSI 手动技术型','2010款',1,0);
insert into t_car_model(cm_id , cs_id , cm_name,cm_type ,cm_order , cm_state) values(6109,442,'2010款 1.4TSI 自动技术型','2010款',2,0);
insert into t_car_model(cm_id , cs_id , cm_name,cm_type ,cm_order , cm_state) values(6110,442,'2010款 1.4TSI 手动豪华型','2010款',3,0);
insert into t_car_model(cm_id , cs_id , cm_name,cm_type ,cm_order , cm_state) values(5340,442,'2010款 1.4TSI 自动豪华型','2010款',4,0);
insert into t_car_model(cm_id , cs_id , cm_name,cm_type ,cm_order , cm_state) values(7761,442,'2010款 1.8TSI 手动冠军版','2010款',5,0);
insert into t_car_model(cm_id , cs_id , cm_name,cm_type ,cm_order , cm_state) values(7514,442,'2010款 1.8TSI 自动冠军版','2010款',6,0);
insert into t_car_model(cm_id , cs_id , cm_name,cm_type ,cm_order , cm_state) values(5797,442,'2009款 1.6L 手动时尚型','2009款',1,0);
insert into t_car_model(cm_id , cs_id , cm_name,cm_type ,cm_order , cm_state) values(5798,442,'2009款 1.6L 自动时尚型','2009款',2,0);
insert into t_car_model(cm_id , cs_id , cm_name,cm_type ,cm_order , cm_state) values(4587,442,'2009款 1.6L 手动时尚型真皮版','2009款',3,0);
insert into t_car_model(cm_id , cs_id , cm_name,cm_type ,cm_order , cm_state) values(4588,442,'2009款 1.6L 自动时尚型真皮版','2009款',4,0);
insert into t_car_model(cm_id , cs_id , cm_name,cm_type ,cm_order , cm_state) values(4570,442,'2009款 1.6L 手动舒适型','2009款',5,0);
insert into t_car_model(cm_id , cs_id , cm_name,cm_type ,cm_order , cm_state) values(4586,442,'2009款 1.6L 自动舒适型','2009款',6,0);
insert into t_car_model(cm_id , cs_id , cm_name,cm_type ,cm_order , cm_state) values(4589,442,'2009款 2.0L 手动真皮版','2009款',7,0);
insert into t_car_model(cm_id , cs_id , cm_name,cm_type ,cm_order , cm_state) values(4590,442,'2009款 2.0L 自动真皮版','2009款',8,0);
insert into t_car_model(cm_id , cs_id , cm_name,cm_type ,cm_order , cm_state) values(4193,442,'2009款 1.8TSI 手动冠军版','2009款',9,0);
insert into t_car_model(cm_id , cs_id , cm_name,cm_type ,cm_order , cm_state) values(4148,442,'2009款 1.8TSI 自动冠军版','2009款',10,0);
insert into t_car_model(cm_id , cs_id , cm_name,cm_type ,cm_order , cm_state) values(3219,442,'2007款 1.8T 手动舒适型','2007款',1,0);
insert into t_car_model(cm_id , cs_id , cm_name,cm_type ,cm_order , cm_state) values(3220,442,'2007款 1.8T 手动舒适真皮','2007款',2,0);
insert into t_car_model(cm_id , cs_id , cm_name,cm_type ,cm_order , cm_state) values(3221,442,'2007款 1.8T 自动舒适型','2007款',3,0);
insert into t_car_model(cm_id , cs_id , cm_name,cm_type ,cm_order , cm_state) values(3222,442,'2007款 1.8T 自动舒适真皮','2007款',4,0);
insert into t_car_model(cm_id , cs_id , cm_name,cm_type ,cm_order , cm_state) values(2314,442,'2006款 1.6L手动时尚型','2006款',1,0);
insert into t_car_model(cm_id , cs_id , cm_name,cm_type ,cm_order , cm_state) values(2315,442,'2006款 1.6L自动时尚型','2006款',2,0);
insert into t_car_model(cm_id , cs_id , cm_name,cm_type ,cm_order , cm_state) values(2017,442,'2006款 1.8T 手动时尚型','2006款',3,0);
insert into t_car_model(cm_id , cs_id , cm_name,cm_type ,cm_order , cm_state) values(2134,442,'2006款 1.8T 手动豪华型','2006款',4,0);
insert into t_car_model(cm_id , cs_id , cm_name,cm_type ,cm_order , cm_state) values(2019,442,'2006款 2.0L 手动时尚型','2006款',5,0);
insert into t_car_model(cm_id , cs_id , cm_name,cm_type ,cm_order , cm_state) values(2133,442,'2006款 2.0L 自动时尚型','2006款',6,0);
insert into t_car_model(cm_id , cs_id , cm_name,cm_type ,cm_order , cm_state) values(2132,442,'2006款 2.0L 手动舒适型','2006款',7,0);
insert into t_car_model(cm_id , cs_id , cm_name,cm_type ,cm_order , cm_state) values(2020,442,'2006款 2.0L 自动舒适型','2006款',8,0);
insert into t_car_model(cm_id , cs_id , cm_name,cm_type ,cm_order , cm_state) values(2135,442,'2006款 1.8T 自动时尚型','2006款',9,0);
insert into t_car_model(cm_id , cs_id , cm_name,cm_type ,cm_order , cm_state) values(2018,442,'2006款 1.8T 自动豪华型','2006款',10,0);
insert into t_car_series(cs_id,cbf_id,cs_name,cs_order,cs_letter) values(4204,8,'C-TREK蔚领',1053,'C');
insert into t_car_model(cm_id , cs_id , cm_name,cm_type ,cm_order , cm_state) values(33418,4204,'2018款 1.5L 手动时尚型','2018款',1,0);
insert into t_car_model(cm_id , cs_id , cm_name,cm_type ,cm_order , cm_state) values(33419,4204,'2018款 1.5L 自动时尚型','2018款',2,0);
insert into t_car_model(cm_id , cs_id , cm_name,cm_type ,cm_order , cm_state) values(32480,4204,'2018款 1.5L 手动舒适型','2018款',3,0);
insert into t_car_model(cm_id , cs_id , cm_name,cm_type ,cm_order , cm_state) values(32481,4204,'2018款 1.5L 自动舒适型','2018款',4,0);
insert into t_car_model(cm_id , cs_id , cm_name,cm_type ,cm_order , cm_state) values(32482,4204,'2018款 1.5L 手动豪华型','2018款',5,0);
insert into t_car_model(cm_id , cs_id , cm_name,cm_type ,cm_order , cm_state) values(32483,4204,'2018款 1.5L 自动豪华型','2018款',6,0);
insert into t_car_model(cm_id , cs_id , cm_name,cm_type ,cm_order , cm_state) values(32484,4204,'2018款 230TSI 手动舒适型','2018款',7,0);
insert into t_car_model(cm_id , cs_id , cm_name,cm_type ,cm_order , cm_state) values(32485,4204,'2018款 230TSI DSG舒适型','2018款',8,0);
insert into t_car_model(cm_id , cs_id , cm_name,cm_type ,cm_order , cm_state) values(32486,4204,'2018款 230TSI DSG豪华型','2018款',9,0);
insert into t_car_model(cm_id , cs_id , cm_name,cm_type ,cm_order , cm_state) values(28272,4204,'2017款 1.6L 手动舒适型','2017款',1,0);
insert into t_car_model(cm_id , cs_id , cm_name,cm_type ,cm_order , cm_state) values(28273,4204,'2017款 1.6L 自动舒适型','2017款',2,0);
insert into t_car_model(cm_id , cs_id , cm_name,cm_type ,cm_order , cm_state) values(28274,4204,'2017款 1.6L 手动豪华型','2017款',3,0);
insert into t_car_model(cm_id , cs_id , cm_name,cm_type ,cm_order , cm_state) values(28275,4204,'2017款 1.6L 自动豪华型','2017款',4,0);
insert into t_car_model(cm_id , cs_id , cm_name,cm_type ,cm_order , cm_state) values(28276,4204,'2017款 230TSI 手动舒适型','2017款',5,0);
insert into t_car_model(cm_id , cs_id , cm_name,cm_type ,cm_order , cm_state) values(28277,4204,'2017款 230TSI DSG舒适型','2017款',6,0);
insert into t_car_model(cm_id , cs_id , cm_name,cm_type ,cm_order , cm_state) values(27811,4204,'2017款 230TSI DSG豪华型','2017款',7,0);
insert into t_car_series(cs_id,cbf_id,cs_name,cs_order,cs_letter) values(5094,8,'宝来・纯电',1054,'B');
insert into t_car_model(cm_id , cs_id , cm_name,cm_type ,cm_order , cm_state) values(42615,5094,'2020款 尚','2020款',1,0);
insert into t_car_model(cm_id , cs_id , cm_name,cm_type ,cm_order , cm_state) values(37679,5094,'2020款 尚Pro','2020款',2,0);
insert into t_car_series(cs_id,cbf_id,cs_name,cs_order,cs_letter) values(5040,8,'高尔夫・纯电',1055,'G');
insert into t_car_model(cm_id , cs_id , cm_name,cm_type ,cm_order , cm_state) values(42616,5040,'2020款 驰','2020款',1,0);
insert into t_car_model(cm_id , cs_id , cm_name,cm_type ,cm_order , cm_state) values(37098,5040,'2020款 驰Pro','2020款',2,0);
insert into t_car_series(cs_id,cbf_id,cs_name,cs_order,cs_letter) values(3964,8,'高尔夫・嘉旅',1056,'G');
insert into t_car_model(cm_id , cs_id , cm_name,cm_type ,cm_order , cm_state) values(37206,3964,'2019款 1.6L 手动纯真型 国V','2019款',1,0);
insert into t_car_model(cm_id , cs_id , cm_name,cm_type ,cm_order , cm_state) values(37207,3964,'2019款 1.6L 自动纯真型 国V','2019款',2,0);
insert into t_car_model(cm_id , cs_id , cm_name,cm_type ,cm_order , cm_state) values(39372,3964,'2019款 200TSI 自动好奇型纯真版 国VI','2019款',3,0);
insert into t_car_model(cm_id , cs_id , cm_name,cm_type ,cm_order , cm_state) values(37208,3964,'2019款 200TSI 自动好奇型 国V','2019款',4,0);
insert into t_car_model(cm_id , cs_id , cm_name,cm_type ,cm_order , cm_state) values(39373,3964,'2019款 200TSI 自动好奇型 国VI','2019款',5,0);
insert into t_car_model(cm_id , cs_id , cm_name,cm_type ,cm_order , cm_state) values(37209,3964,'2019款 280TSI 自动好奇型 国V','2019款',6,0);
insert into t_car_model(cm_id , cs_id , cm_name,cm_type ,cm_order , cm_state) values(39374,3964,'2019款 280TSI 自动好奇型 国VI','2019款',7,0);
insert into t_car_model(cm_id , cs_id , cm_name,cm_type ,cm_order , cm_state) values(37210,3964,'2019款 280TSI 自动守望型 国V','2019款',8,0);
insert into t_car_model(cm_id , cs_id , cm_name,cm_type ,cm_order , cm_state) values(39375,3964,'2019款 280TSI 自动守望型 国VI','2019款',9,0);
insert into t_car_model(cm_id , cs_id , cm_name,cm_type ,cm_order , cm_state) values(37030,3964,'2019款 280TSI 自动遨游型 国V','2019款',10,0);
insert into t_car_model(cm_id , cs_id , cm_name,cm_type ,cm_order , cm_state) values(39376,3964,'2019款 280TSI 自动遨游型 国VI','2019款',11,0);
insert into t_car_model(cm_id , cs_id , cm_name,cm_type ,cm_order , cm_state) values(33888,3964,'2018款 1.6L 手动舒适型','2018款',1,0);
insert into t_car_model(cm_id , cs_id , cm_name,cm_type ,cm_order , cm_state) values(33889,3964,'2018款 1.6L 自动舒适型','2018款',2,0);
insert into t_car_model(cm_id , cs_id , cm_name,cm_type ,cm_order , cm_state) values(33890,3964,'2018款 180TSI 自动进取型','2018款',3,0);
insert into t_car_model(cm_id , cs_id , cm_name,cm_type ,cm_order , cm_state) values(33891,3964,'2018款 230TSI 手动进取型','2018款',4,0);
insert into t_car_model(cm_id , cs_id , cm_name,cm_type ,cm_order , cm_state) values(33892,3964,'2018款 230TSI 自动进取型','2018款',5,0);
insert into t_car_model(cm_id , cs_id , cm_name,cm_type ,cm_order , cm_state) values(33893,3964,'2018款 230TSI 自动豪华型','2018款',6,0);
insert into t_car_model(cm_id , cs_id , cm_name,cm_type ,cm_order , cm_state) values(33894,3964,'2018款 280TSI 自动豪华型','2018款',7,0);
insert into t_car_model(cm_id , cs_id , cm_name,cm_type ,cm_order , cm_state) values(33895,3964,'2018款 280TSI 自动旗舰型','2018款',8,0);
insert into t_car_model(cm_id , cs_id , cm_name,cm_type ,cm_order , cm_state) values(26406,3964,'2016款 1.6L 手动舒适型','2016款',1,0);
insert into t_car_model(cm_id , cs_id , cm_name,cm_type ,cm_order , cm_state) values(26407,3964,'2016款 1.6L 自动舒适型','2016款',2,0);
insert into t_car_model(cm_id , cs_id , cm_name,cm_type ,cm_order , cm_state) values(26408,3964,'2016款 180TSI 自动进取型','2016款',3,0);
insert into t_car_model(cm_id , cs_id , cm_name,cm_type ,cm_order , cm_state) values(26409,3964,'2016款 230TSI 手动进取型','2016款',4,0);
insert into t_car_model(cm_id , cs_id , cm_name,cm_type ,cm_order , cm_state) values(26410,3964,'2016款 230TSI 自动进取型','2016款',5,0);
insert into t_car_model(cm_id , cs_id , cm_name,cm_type ,cm_order , cm_state) values(26411,3964,'2016款 230TSI 自动豪华型','2016款',6,0);
insert into t_car_model(cm_id , cs_id , cm_name,cm_type ,cm_order , cm_state) values(26388,3964,'2016款 280TSI 自动豪华型','2016款',7,0);
insert into t_car_model(cm_id , cs_id , cm_name,cm_type ,cm_order , cm_state) values(24629,3964,'2016款 280TSI 自动旗舰型','2016款',8,0);
insert into t_car_series(cs_id,cbf_id,cs_name,cs_order,cs_letter) values(496,8,'迈腾',1057,'M');
insert into t_car_model(cm_id , cs_id , cm_name,cm_type ,cm_order , cm_state) values(36586,496,'2019款 280TSI DSG 舒适型 国V','2019款',1,0);
insert into t_car_model(cm_id , cs_id , cm_name,cm_type ,cm_order , cm_state) values(39427,496,'2019款 280TSI DSG 舒适型 国VI','2019款',2,0);
insert into t_car_model(cm_id , cs_id , cm_name,cm_type ,cm_order , cm_state) values(36587,496,'2019款 280TSI DSG 领先型 国V','2019款',3,0);
insert into t_car_model(cm_id , cs_id , cm_name,cm_type ,cm_order , cm_state) values(39428,496,'2019款 280TSI DSG 领先型 国VI','2019款',4,0);
insert into t_car_model(cm_id , cs_id , cm_name,cm_type ,cm_order , cm_state) values(36588,496,'2019款 330TSI DSG 领先型 国V','2019款',5,0);
insert into t_car_model(cm_id , cs_id , cm_name,cm_type ,cm_order , cm_state) values(39429,496,'2019款 330TSI DSG 领先型 国VI','2019款',6,0);
insert into t_car_model(cm_id , cs_id , cm_name,cm_type ,cm_order , cm_state) values(36589,496,'2019款 330TSI DSG 豪华型 国V','2019款',7,0);
insert into t_car_model(cm_id , cs_id , cm_name,cm_type ,cm_order , cm_state) values(39430,496,'2019款 330TSI DSG 豪华型 国VI','2019款',8,0);
insert into t_car_model(cm_id , cs_id , cm_name,cm_type ,cm_order , cm_state) values(36590,496,'2019款 330TSI DSG 尊贵型 国V','2019款',9,0);
insert into t_car_model(cm_id , cs_id , cm_name,cm_type ,cm_order , cm_state) values(39431,496,'2019款 330TSI DSG 尊贵型 国VI','2019款',10,0);
insert into t_car_model(cm_id , cs_id , cm_name,cm_type ,cm_order , cm_state) values(36591,496,'2019款 380TSI DSG 豪华型 国V','2019款',11,0);
insert into t_car_model(cm_id , cs_id , cm_name,cm_type ,cm_order , cm_state) values(39432,496,'2019款 380TSI DSG 豪华型 国VI','2019款',12,0);
insert into t_car_model(cm_id , cs_id , cm_name,cm_type ,cm_order , cm_state) values(36592,496,'2019款 380TSI DSG 尊贵型 国V','2019款',13,0);
insert into t_car_model(cm_id , cs_id , cm_name,cm_type ,cm_order , cm_state) values(39433,496,'2019款 380TSI DSG 尊贵型 国VI','2019款',14,0);
insert into t_car_model(cm_id , cs_id , cm_name,cm_type ,cm_order , cm_state) values(36593,496,'2019款 380TSI DSG 旗舰型 国V','2019款',15,0);
insert into t_car_model(cm_id , cs_id , cm_name,cm_type ,cm_order , cm_state) values(39434,496,'2019款 380TSI DSG 旗舰型 国VI','2019款',16,0);
insert into t_car_model(cm_id , cs_id , cm_name,cm_type ,cm_order , cm_state) values(31996,496,'2018款 280TSI DSG 舒适型','2018款',1,0);
insert into t_car_model(cm_id , cs_id , cm_name,cm_type ,cm_order , cm_state) values(32891,496,'2018款 280TSI DSG 越享型','2018款',2,0);
insert into t_car_model(cm_id , cs_id , cm_name,cm_type ,cm_order , cm_state) values(31861,496,'2018款 330TSI DSG 豪华型','2018款',3,0);
insert into t_car_model(cm_id , cs_id , cm_name,cm_type ,cm_order , cm_state) values(32003,496,'2018款 380TSI DSG 豪华型','2018款',4,0);
insert into t_car_model(cm_id , cs_id , cm_name,cm_type ,cm_order , cm_state) values(31997,496,'2018款 280TSI DSG 领先型','2018款',5,0);
insert into t_car_model(cm_id , cs_id , cm_name,cm_type ,cm_order , cm_state) values(31998,496,'2018款 330TSI DSG 舒适型','2018款',6,0);
insert into t_car_model(cm_id , cs_id , cm_name,cm_type ,cm_order , cm_state) values(31999,496,'2018款 330TSI DSG 领先型','2018款',7,0);
insert into t_car_model(cm_id , cs_id , cm_name,cm_type ,cm_order , cm_state) values(34169,496,'2018款 改款 330TSI DSG 豪华型','2018款',8,0);
insert into t_car_model(cm_id , cs_id , cm_name,cm_type ,cm_order , cm_state) values(32001,496,'2018款 330TSI DSG 尊贵型','2018款',9,0);
insert into t_car_model(cm_id , cs_id , cm_name,cm_type ,cm_order , cm_state) values(34170,496,'2018款 改款 380TSI DSG 豪华型','2018款',10,0);
insert into t_car_model(cm_id , cs_id , cm_name,cm_type ,cm_order , cm_state) values(31860,496,'2018款 380TSI DSG 尊贵型','2018款',11,0);
insert into t_car_model(cm_id , cs_id , cm_name,cm_type ,cm_order , cm_state) values(32004,496,'2018款 380TSI DSG 旗舰型','2018款',12,0);
insert into t_car_model(cm_id , cs_id , cm_name,cm_type ,cm_order , cm_state) values(26927,496,'2017款 280TSI DSG 舒适型','2017款',1,0);
insert into t_car_model(cm_id , cs_id , cm_name,cm_type ,cm_order , cm_state) values(26928,496,'2017款 280TSI DSG 领先型','2017款',2,0);
insert into t_car_model(cm_id , cs_id , cm_name,cm_type ,cm_order , cm_state) values(26929,496,'2017款 330TSI DSG 舒适型','2017款',3,0);
insert into t_car_model(cm_id , cs_id , cm_name,cm_type ,cm_order , cm_state) values(26930,496,'2017款 330TSI DSG 领先型','2017款',4,0);
insert into t_car_model(cm_id , cs_id , cm_name,cm_type ,cm_order , cm_state) values(26931,496,'2017款 330TSI DSG 豪华型','2017款',5,0);
insert into t_car_model(cm_id , cs_id , cm_name,cm_type ,cm_order , cm_state) values(26932,496,'2017款 330TSI DSG 尊贵型','2017款',6,0);
insert into t_car_model(cm_id , cs_id , cm_name,cm_type ,cm_order , cm_state) values(26933,496,'2017款 380TSI DSG 豪华型','2017款',7,0);
insert into t_car_model(cm_id , cs_id , cm_name,cm_type ,cm_order , cm_state) values(26913,496,'2017款 380TSI DSG 尊贵型','2017款',8,0);
insert into t_car_model(cm_id , cs_id , cm_name,cm_type ,cm_order , cm_state) values(26202,496,'2017款 380TSI DSG 旗舰型','2017款',9,0);
insert into t_car_model(cm_id , cs_id , cm_name,cm_type ,cm_order , cm_state) values(25166,496,'2016款 1.8TSI 智享舒适型','2016款',1,0);
insert into t_car_model(cm_id , cs_id , cm_name,cm_type ,cm_order , cm_state) values(25167,496,'2016款 1.8TSI 智享领先型','2016款',2,0);
insert into t_car_model(cm_id , cs_id , cm_name,cm_type ,cm_order , cm_state) values(26354,496,'2016款 1.8TSI 25周年纪念版','2016款',3,0);
insert into t_car_model(cm_id , cs_id , cm_name,cm_type ,cm_order , cm_state) values(25168,496,'2016款 1.8TSI 智享豪华型','2016款',4,0);
insert into t_car_model(cm_id , cs_id , cm_name,cm_type ,cm_order , cm_state) values(25169,496,'2016款 2.0TSI 智享豪华型','2016款',5,0);
insert into t_car_model(cm_id , cs_id , cm_name,cm_type ,cm_order , cm_state) values(25170,496,'2016款 2.0TSI 智享尊贵型','2016款',6,0);
insert into t_car_model(cm_id , cs_id , cm_name,cm_type ,cm_order , cm_state) values(20270,496,'2015款 1.8TSI 豪华型','2015款',1,0);
insert into t_car_model(cm_id , cs_id , cm_name,cm_type ,cm_order , cm_state) values(20271,496,'2015款 1.8TSI 尊贵型','2015款',2,0);
insert into t_car_model(cm_id , cs_id , cm_name,cm_type ,cm_order , cm_state) values(20269,496,'2015款 1.8TSI 领先型','2015款',3,0);
insert into t_car_model(cm_id , cs_id , cm_name,cm_type ,cm_order , cm_state) values(20272,496,'2015款 2.0TSI 豪华型','2015款',4,0);
insert into t_car_model(cm_id , cs_id , cm_name,cm_type ,cm_order , cm_state) values(20273,496,'2015款 2.0TSI 尊贵型','2015款',5,0);
insert into t_car_model(cm_id , cs_id , cm_name,cm_type ,cm_order , cm_state) values(20274,496,'2015款 2.0TSI 旗舰型','2015款',6,0);
insert into t_car_model(cm_id , cs_id , cm_name,cm_type ,cm_order , cm_state) values(20267,496,'2015款 1.4TSI 豪华型','2015款',7,0);
insert into t_car_model(cm_id , cs_id , cm_name,cm_type ,cm_order , cm_state) values(22260,496,'2015款 改款 1.4TSI 豪华型','2015款',8,0);
insert into t_car_model(cm_id , cs_id , cm_name,cm_type ,cm_order , cm_state) values(20268,496,'2015款 1.8TSI 舒适型','2015款',9,0);
insert into t_car_model(cm_id , cs_id , cm_name,cm_type ,cm_order , cm_state) values(22263,496,'2015款 改款 1.8TSI 豪华型','2015款',10,0);
insert into t_car_model(cm_id , cs_id , cm_name,cm_type ,cm_order , cm_state) values(22265,496,'2015款 改款 2.0TSI 豪华型','2015款',11,0);
insert into t_car_model(cm_id , cs_id , cm_name,cm_type ,cm_order , cm_state) values(22264,496,'2015款 改款 1.8TSI 尊贵型','2015款',12,0);
insert into t_car_model(cm_id , cs_id , cm_name,cm_type ,cm_order , cm_state) values(22267,496,'2015款 改款 2.0TSI 尊贵型','2015款',13,0);
insert into t_car_model(cm_id , cs_id , cm_name,cm_type ,cm_order , cm_state) values(20265,496,'2015款 1.4TSI 舒适型','2015款',14,0);
insert into t_car_model(cm_id , cs_id , cm_name,cm_type ,cm_order , cm_state) values(22266,496,'2015款 改款 2.0TSI 旗舰型','2015款',15,0);
insert into t_car_model(cm_id , cs_id , cm_name,cm_type ,cm_order , cm_state) values(14443,496,'2013款 1.4TSI 蓝驱版','2013款',1,0);
insert into t_car_model(cm_id , cs_id , cm_name,cm_type ,cm_order , cm_state) values(16352,496,'2013款 1.4TSI 舒适型','2013款',2,0);
insert into t_car_model(cm_id , cs_id , cm_name,cm_type ,cm_order , cm_state) values(16353,496,'2013款 1.4TSI 豪华型','2013款',3,0);
insert into t_car_model(cm_id , cs_id , cm_name,cm_type ,cm_order , cm_state) values(16354,496,'2013款 1.8TSI 舒适型','2013款',4,0);
insert into t_car_model(cm_id , cs_id , cm_name,cm_type ,cm_order , cm_state) values(16356,496,'2013款 1.8TSI 豪华型','2013款',5,0);
insert into t_car_model(cm_id , cs_id , cm_name,cm_type ,cm_order , cm_state) values(16355,496,'2013款 1.8TSI 领先型','2013款',6,0);
insert into t_car_model(cm_id , cs_id , cm_name,cm_type ,cm_order , cm_state) values(16357,496,'2013款 1.8TSI 尊贵型','2013款',7,0);
insert into t_car_model(cm_id , cs_id , cm_name,cm_type ,cm_order , cm_state) values(16358,496,'2013款 2.0TSI 豪华型','2013款',8,0);
insert into t_car_model(cm_id , cs_id , cm_name,cm_type ,cm_order , cm_state) values(16359,496,'2013款 2.0TSI 尊贵型','2013款',9,0);
insert into t_car_model(cm_id , cs_id , cm_name,cm_type ,cm_order , cm_state) values(16360,496,'2013款 2.0TSI 至尊型','2013款',10,0);
insert into t_car_model(cm_id , cs_id , cm_name,cm_type ,cm_order , cm_state) values(18775,496,'2013款 3.0FSI 旗舰型','2013款',11,0);
insert into t_car_model(cm_id , cs_id , cm_name,cm_type ,cm_order , cm_state) values(10552,496,'2012款 1.4TSI 舒适型','2012款',1,0);
insert into t_car_model(cm_id , cs_id , cm_name,cm_type ,cm_order , cm_state) values(10553,496,'2012款 1.4TSI 豪华型','2012款',2,0);
insert into t_car_model(cm_id , cs_id , cm_name,cm_type ,cm_order , cm_state) values(10287,496,'2012款 1.8TSI 舒适型','2012款',3,0);
insert into t_car_model(cm_id , cs_id , cm_name,cm_type ,cm_order , cm_state) values(10288,496,'2012款 1.8TSI 豪华型','2012款',4,0);
insert into t_car_model(cm_id , cs_id , cm_name,cm_type ,cm_order , cm_state) values(10289,496,'2012款 1.8TSI 尊贵型','2012款',5,0);
insert into t_car_model(cm_id , cs_id , cm_name,cm_type ,cm_order , cm_state) values(10290,496,'2012款 2.0TSI 尊贵型','2012款',6,0);
insert into t_car_model(cm_id , cs_id , cm_name,cm_type ,cm_order , cm_state) values(10291,496,'2012款 2.0TSI 至尊型','2012款',7,0);
insert into t_car_model(cm_id , cs_id , cm_name,cm_type ,cm_order , cm_state) values(12305,496,'2012款 改款 1.4TSI 舒适型','2012款',8,0);
insert into t_car_model(cm_id , cs_id , cm_name,cm_type ,cm_order , cm_state) values(12306,496,'2012款 改款 1.4TSI 豪华型','2012款',9,0);
insert into t_car_model(cm_id , cs_id , cm_name,cm_type ,cm_order , cm_state) values(12307,496,'2012款 改款 1.8TSI 舒适型','2012款',10,0);
insert into t_car_model(cm_id , cs_id , cm_name,cm_type ,cm_order , cm_state) values(12312,496,'2012款 改款 1.8TSI 领先型','2012款',11,0);
insert into t_car_model(cm_id , cs_id , cm_name,cm_type ,cm_order , cm_state) values(12308,496,'2012款 改款 1.8TSI 豪华型','2012款',12,0);
insert into t_car_model(cm_id , cs_id , cm_name,cm_type ,cm_order , cm_state) values(12309,496,'2012款 改款 1.8TSI 尊贵型','2012款',13,0);
insert into t_car_model(cm_id , cs_id , cm_name,cm_type ,cm_order , cm_state) values(12314,496,'2012款 改款 2.0TSI 豪华型','2012款',14,0);
insert into t_car_model(cm_id , cs_id , cm_name,cm_type ,cm_order , cm_state) values(12310,496,'2012款 改款 2.0TSI 尊贵型','2012款',15,0);
insert into t_car_model(cm_id , cs_id , cm_name,cm_type ,cm_order , cm_state) values(12311,496,'2012款 改款 2.0TSI 至尊型','2012款',16,0);
insert into t_car_model(cm_id , cs_id , cm_name,cm_type ,cm_order , cm_state) values(11428,496,'2012款 3.0FSI 旗舰型','2012款',17,0);
insert into t_car_model(cm_id , cs_id , cm_name,cm_type ,cm_order , cm_state) values(7627,496,'2011款 1.4TSI 标准型','2011款',1,0);
insert into t_car_model(cm_id , cs_id , cm_name,cm_type ,cm_order , cm_state) values(7628,496,'2011款 1.4TSI 精英型','2011款',2,0);
insert into t_car_model(cm_id , cs_id , cm_name,cm_type ,cm_order , cm_state) values(7630,496,'2011款 1.8TSI 手动舒适型','2011款',3,0);
insert into t_car_model(cm_id , cs_id , cm_name,cm_type ,cm_order , cm_state) values(7632,496,'2011款 1.8TSI DSG舒适型','2011款',4,0);
insert into t_car_model(cm_id , cs_id , cm_name,cm_type ,cm_order , cm_state) values(7634,496,'2011款 1.8TSI DSG豪华型','2011款',5,0);
insert into t_car_model(cm_id , cs_id , cm_name,cm_type ,cm_order , cm_state) values(7637,496,'2011款 2.0TSI DSG舒适型','2011款',6,0);
insert into t_car_model(cm_id , cs_id , cm_name,cm_type ,cm_order , cm_state) values(7638,496,'2011款 2.0TSI DSG豪华型','2011款',7,0);
insert into t_car_model(cm_id , cs_id , cm_name,cm_type ,cm_order , cm_state) values(7059,496,'2010款 1.4TSI 标准型','2010款',1,0);
insert into t_car_model(cm_id , cs_id , cm_name,cm_type ,cm_order , cm_state) values(6586,496,'2010款 1.4TSI 精英型','2010款',2,0);
insert into t_car_model(cm_id , cs_id , cm_name,cm_type ,cm_order , cm_state) values(6434,496,'2009款 1.8TSI 手动标准型','2009款',1,0);
insert into t_car_model(cm_id , cs_id , cm_name,cm_type ,cm_order , cm_state) values(5010,496,'2009款 1.8TSI 手动技术型','2009款',2,0);
insert into t_car_model(cm_id , cs_id , cm_name,cm_type ,cm_order , cm_state) values(5011,496,'2009款 1.8TSI 手动舒适型','2009款',3,0);
insert into t_car_model(cm_id , cs_id , cm_name,cm_type ,cm_order , cm_state) values(6435,496,'2009款 1.8TSI DSG技术型','2009款',4,0);
insert into t_car_model(cm_id , cs_id , cm_name,cm_type ,cm_order , cm_state) values(5012,496,'2009款 1.8TSI DSG舒适型','2009款',5,0);
insert into t_car_model(cm_id , cs_id , cm_name,cm_type ,cm_order , cm_state) values(5014,496,'2009款 1.8TSI DSG豪华型','2009款',6,0);
insert into t_car_model(cm_id , cs_id , cm_name,cm_type ,cm_order , cm_state) values(5013,496,'2009款 2.0TSI DSG舒适型','2009款',7,0);
insert into t_car_model(cm_id , cs_id , cm_name,cm_type ,cm_order , cm_state) values(4937,496,'2009款 2.0TSI DSG豪华型','2009款',8,0);
insert into t_car_model(cm_id , cs_id , cm_name,cm_type ,cm_order , cm_state) values(2693,496,'2008款 2.0TSI 自动舒适型','2008款',1,0);
insert into t_car_model(cm_id , cs_id , cm_name,cm_type ,cm_order , cm_state) values(3794,496,'2008款 2.0TSI 自动豪华型','2008款',2,0);
insert into t_car_model(cm_id , cs_id , cm_name,cm_type ,cm_order , cm_state) values(3098,496,'2007款 1.8TSI 手动标准型','2007款',1,0);
insert into t_car_model(cm_id , cs_id , cm_name,cm_type ,cm_order , cm_state) values(3099,496,'2007款 1.8TSI 手动技术型','2007款',2,0);
insert into t_car_model(cm_id , cs_id , cm_name,cm_type ,cm_order , cm_state) values(3100,496,'2007款 1.8TSI 手动舒适型','2007款',3,0);
insert into t_car_model(cm_id , cs_id , cm_name,cm_type ,cm_order , cm_state) values(3101,496,'2007款 1.8TSI 自动技术型','2007款',4,0);
insert into t_car_model(cm_id , cs_id , cm_name,cm_type ,cm_order , cm_state) values(3102,496,'2007款 1.8TSI 自动舒适型','2007款',5,0);
insert into t_car_model(cm_id , cs_id , cm_name,cm_type ,cm_order , cm_state) values(2781,496,'2007款 1.8TSI 自动豪华型','2007款',6,0);
insert into t_car_model(cm_id , cs_id , cm_name,cm_type ,cm_order , cm_state) values(2780,496,'2007款 2.0 手动标准型','2007款',7,0);
insert into t_car_series(cs_id,cbf_id,cs_name,cs_order,cs_letter) values(905,8,'一汽-大众CC',1058,'Y');
insert into t_car_model(cm_id , cs_id , cm_name,cm_type ,cm_order , cm_state) values(35386,905,'2019款 330TSI 华颜版 国V','2019款',1,0);
insert into t_car_model(cm_id , cs_id , cm_name,cm_type ,cm_order , cm_state) values(39377,905,'2019款 330TSI 华颜版 国VI','2019款',2,0);
insert into t_car_model(cm_id , cs_id , cm_name,cm_type ,cm_order , cm_state) values(35387,905,'2019款 330TSI 魅颜版 国V','2019款',3,0);
insert into t_car_model(cm_id , cs_id , cm_name,cm_type ,cm_order , cm_state) values(39378,905,'2019款 330TSI 魅颜版 国VI','2019款',4,0);
insert into t_car_model(cm_id , cs_id , cm_name,cm_type ,cm_order , cm_state) values(35388,905,'2019款 380TSI 魅颜版 国V','2019款',5,0);
insert into t_car_model(cm_id , cs_id , cm_name,cm_type ,cm_order , cm_state) values(39379,905,'2019款 380TSI 魅颜版 国VI','2019款',6,0);
insert into t_car_model(cm_id , cs_id , cm_name,cm_type ,cm_order , cm_state) values(34417,905,'2019款 380TSI 曜颜版 国V','2019款',7,0);
insert into t_car_model(cm_id , cs_id , cm_name,cm_type ,cm_order , cm_state) values(39380,905,'2019款 380TSI 曜颜版 国VI','2019款',8,0);
insert into t_car_model(cm_id , cs_id , cm_name,cm_type ,cm_order , cm_state) values(32558,905,'2018款 1.8TSI 豪华型','2018款',1,0);
insert into t_car_model(cm_id , cs_id , cm_name,cm_type ,cm_order , cm_state) values(32555,905,'2018款 1.8TSI 尊贵型','2018款',2,0);
insert into t_car_model(cm_id , cs_id , cm_name,cm_type ,cm_order , cm_state) values(32559,905,'2018款 2.0TSI 尊贵型','2018款',3,0);
insert into t_car_model(cm_id , cs_id , cm_name,cm_type ,cm_order , cm_state) values(32561,905,'2018款 2.0TSI 豪华型','2018款',4,0);
insert into t_car_model(cm_id , cs_id , cm_name,cm_type ,cm_order , cm_state) values(32562,905,'2018款 2.0TSI 至尊型','2018款',5,0);
insert into t_car_model(cm_id , cs_id , cm_name,cm_type ,cm_order , cm_state) values(32563,905,'2018款 3.0FSI V6','2018款',6,0);
insert into t_car_model(cm_id , cs_id , cm_name,cm_type ,cm_order , cm_state) values(24262,905,'2016款 1.8TSI 尊贵型','2016款',1,0);
insert into t_car_model(cm_id , cs_id , cm_name,cm_type ,cm_order , cm_state) values(24263,905,'2016款 1.8TSI 豪华型','2016款',2,0);
insert into t_car_model(cm_id , cs_id , cm_name,cm_type ,cm_order , cm_state) values(26318,905,'2016款 300TSI 25周年纪念版','2016款',3,0);
insert into t_car_model(cm_id , cs_id , cm_name,cm_type ,cm_order , cm_state) values(24264,905,'2016款 2.0TSI 尊贵型','2016款',4,0);
insert into t_car_model(cm_id , cs_id , cm_name,cm_type ,cm_order , cm_state) values(24265,905,'2016款 2.0TSI 豪华型','2016款',5,0);
insert into t_car_model(cm_id , cs_id , cm_name,cm_type ,cm_order , cm_state) values(24266,905,'2016款 2.0TSI 至尊型','2016款',6,0);
insert into t_car_model(cm_id , cs_id , cm_name,cm_type ,cm_order , cm_state) values(24267,905,'2016款 3.0FSI V6','2016款',7,0);
insert into t_car_model(cm_id , cs_id , cm_name,cm_type ,cm_order , cm_state) values(20276,905,'2015款 1.8TSI 尊贵型','2015款',1,0);
insert into t_car_model(cm_id , cs_id , cm_name,cm_type ,cm_order , cm_state) values(20277,905,'2015款 1.8TSI 豪华型','2015款',2,0);
insert into t_car_model(cm_id , cs_id , cm_name,cm_type ,cm_order , cm_state) values(20278,905,'2015款 2.0TSI 尊贵型','2015款',3,0);
insert into t_car_model(cm_id , cs_id , cm_name,cm_type ,cm_order , cm_state) values(20279,905,'2015款 2.0TSI 豪华型','2015款',4,0);
insert into t_car_model(cm_id , cs_id , cm_name,cm_type ,cm_order , cm_state) values(20197,905,'2015款 2.0TSI 至尊型','2015款',5,0);
insert into t_car_model(cm_id , cs_id , cm_name,cm_type ,cm_order , cm_state) values(20280,905,'2015款 3.0FSI V6','2015款',6,0);
insert into t_car_model(cm_id , cs_id , cm_name,cm_type ,cm_order , cm_state) values(16268,905,'2013款 1.8TSI 尊贵型','2013款',1,0);
insert into t_car_model(cm_id , cs_id , cm_name,cm_type ,cm_order , cm_state) values(16177,905,'2013款 1.8TSI 豪华型','2013款',2,0);
insert into t_car_model(cm_id , cs_id , cm_name,cm_type ,cm_order , cm_state) values(16269,905,'2013款 2.0TSI 尊贵型','2013款',3,0);
insert into t_car_model(cm_id , cs_id , cm_name,cm_type ,cm_order , cm_state) values(16270,905,'2013款 2.0TSI 豪华型','2013款',4,0);
insert into t_car_model(cm_id , cs_id , cm_name,cm_type ,cm_order , cm_state) values(15742,905,'2013款 2.0TSI 至尊型','2013款',5,0);
insert into t_car_model(cm_id , cs_id , cm_name,cm_type ,cm_order , cm_state) values(16176,905,'2013款 3.0FSI V6','2013款',6,0);
insert into t_car_model(cm_id , cs_id , cm_name,cm_type ,cm_order , cm_state) values(13094,905,'2012款 1.8TSI 精英型','2012款',1,0);
insert into t_car_model(cm_id , cs_id , cm_name,cm_type ,cm_order , cm_state) values(13079,905,'2012款 1.8TSI 豪华型','2012款',2,0);
insert into t_car_model(cm_id , cs_id , cm_name,cm_type ,cm_order , cm_state) values(13078,905,'2012款 1.8TSI 尊贵型','2012款',3,0);
insert into t_car_model(cm_id , cs_id , cm_name,cm_type ,cm_order , cm_state) values(12354,905,'2012款 2.0TSI 尊贵型','2012款',4,0);
insert into t_car_model(cm_id , cs_id , cm_name,cm_type ,cm_order , cm_state) values(12355,905,'2012款 2.0TSI 豪华型','2012款',5,0);
insert into t_car_model(cm_id , cs_id , cm_name,cm_type ,cm_order , cm_state) values(12356,905,'2012款 2.0TSI 至尊型','2012款',6,0);
insert into t_car_model(cm_id , cs_id , cm_name,cm_type ,cm_order , cm_state) values(12706,905,'2012款 3.0FSI V6','2012款',7,0);
insert into t_car_model(cm_id , cs_id , cm_name,cm_type ,cm_order , cm_state) values(8153,905,'2011款 1.8TSI 尊贵型','2011款',1,0);
insert into t_car_model(cm_id , cs_id , cm_name,cm_type ,cm_order , cm_state) values(8154,905,'2011款 1.8TSI 豪华型','2011款',2,0);
insert into t_car_model(cm_id , cs_id , cm_name,cm_type ,cm_order , cm_state) values(9925,905,'2011款 2.0TSI 尊贵型','2011款',3,0);
insert into t_car_model(cm_id , cs_id , cm_name,cm_type ,cm_order , cm_state) values(9926,905,'2011款 2.0TSI 豪华型','2011款',4,0);
insert into t_car_model(cm_id , cs_id , cm_name,cm_type ,cm_order , cm_state) values(9927,905,'2011款 2.0TSI 至尊型','2011款',5,0);
insert into t_car_model(cm_id , cs_id , cm_name,cm_type ,cm_order , cm_state) values(8145,905,'2010款 2.0TSI 尊贵型','2010款',1,0);
insert into t_car_model(cm_id , cs_id , cm_name,cm_type ,cm_order , cm_state) values(5940,905,'2010款 2.0TSI 豪华型','2010款',2,0);
insert into t_car_model(cm_id , cs_id , cm_name,cm_type ,cm_order , cm_state) values(7700,905,'2010款 2.0TSI 至尊型','2010款',3,0);
insert into t_car_series(cs_id,cbf_id,cs_name,cs_order,cs_letter) values(4674,8,'T-ROC探歌',1059,'T');
insert into t_car_model(cm_id , cs_id , cm_name,cm_type ,cm_order , cm_state) values(42658,4674,'2020款 200TSI 手动两驱时尚型','2020款',1,0);
insert into t_car_model(cm_id , cs_id , cm_name,cm_type ,cm_order , cm_state) values(42659,4674,'2020款 230TSI DSG两驱时尚型','2020款',2,0);
insert into t_car_model(cm_id , cs_id , cm_name,cm_type ,cm_order , cm_state) values(42660,4674,'2020款 230TSI DSG两驱进取型','2020款',3,0);
insert into t_car_model(cm_id , cs_id , cm_name,cm_type ,cm_order , cm_state) values(42661,4674,'2020款 280TSI DSG两驱进取型','2020款',4,0);
insert into t_car_model(cm_id , cs_id , cm_name,cm_type ,cm_order , cm_state) values(42662,4674,'2020款 280TSI DSG两驱舒适型','2020款',5,0);
insert into t_car_model(cm_id , cs_id , cm_name,cm_type ,cm_order , cm_state) values(42663,4674,'2020款 280TSI DSG两驱豪华型','2020款',6,0);
insert into t_car_model(cm_id , cs_id , cm_name,cm_type ,cm_order , cm_state) values(42664,4674,'2020款 280TSI DSG四驱舒适型','2020款',7,0);
insert into t_car_model(cm_id , cs_id , cm_name,cm_type ,cm_order , cm_state) values(42665,4674,'2020款 280TSI DSG四驱豪华型','2020款',8,0);
insert into t_car_model(cm_id , cs_id , cm_name,cm_type ,cm_order , cm_state) values(42666,4674,'2020款 230TSI DSG两驱R-Line','2020款',9,0);
insert into t_car_model(cm_id , cs_id , cm_name,cm_type ,cm_order , cm_state) values(42667,4674,'2020款 280TSI DSG两驱R-Line','2020款',10,0);
insert into t_car_model(cm_id , cs_id , cm_name,cm_type ,cm_order , cm_state) values(42668,4674,'2020款 280TSI DSG两驱R-Line Pro','2020款',11,0);
insert into t_car_model(cm_id , cs_id , cm_name,cm_type ,cm_order , cm_state) values(39522,4674,'2019款 200TSI 手动两驱时尚型 国V','2019款',1,0);
insert into t_car_model(cm_id , cs_id , cm_name,cm_type ,cm_order , cm_state) values(40863,4674,'2019款 200TSI 手动两驱时尚型 国VI','2019款',2,0);
insert into t_car_model(cm_id , cs_id , cm_name,cm_type ,cm_order , cm_state) values(39523,4674,'2019款 230TSI DSG两驱时尚型 国V','2019款',3,0);
insert into t_car_model(cm_id , cs_id , cm_name,cm_type ,cm_order , cm_state) values(40864,4674,'2019款 230TSI DSG两驱时尚型 国VI','2019款',4,0);
insert into t_car_model(cm_id , cs_id , cm_name,cm_type ,cm_order , cm_state) values(40865,4674,'2019款 230TSI DSG两驱进取型 国V','2019款',5,0);
insert into t_car_model(cm_id , cs_id , cm_name,cm_type ,cm_order , cm_state) values(39524,4674,'2019款 230TSI DSG两驱进取型 国VI','2019款',6,0);
insert into t_car_model(cm_id , cs_id , cm_name,cm_type ,cm_order , cm_state) values(40866,4674,'2019款 280TSI DSG两驱进取型 国V','2019款',7,0);
insert into t_car_model(cm_id , cs_id , cm_name,cm_type ,cm_order , cm_state) values(39525,4674,'2019款 280TSI DSG两驱进取型 国VI','2019款',8,0);
insert into t_car_model(cm_id , cs_id , cm_name,cm_type ,cm_order , cm_state) values(40867,4674,'2019款 280TSI DSG两驱舒适型 国V','2019款',9,0);
insert into t_car_model(cm_id , cs_id , cm_name,cm_type ,cm_order , cm_state) values(39526,4674,'2019款 280TSI DSG两驱舒适型 国VI','2019款',10,0);
insert into t_car_model(cm_id , cs_id , cm_name,cm_type ,cm_order , cm_state) values(39527,4674,'2019款 280TSI DSG两驱豪华型 国V','2019款',11,0);
insert into t_car_model(cm_id , cs_id , cm_name,cm_type ,cm_order , cm_state) values(40868,4674,'2019款 280TSI DSG两驱豪华型 国VI','2019款',12,0);
insert into t_car_model(cm_id , cs_id , cm_name,cm_type ,cm_order , cm_state) values(39528,4674,'2019款 280TSI DSG四驱舒适型 国V','2019款',13,0);
insert into t_car_model(cm_id , cs_id , cm_name,cm_type ,cm_order , cm_state) values(40869,4674,'2019款 280TSI DSG四驱舒适型 国VI','2019款',14,0);
insert into t_car_model(cm_id , cs_id , cm_name,cm_type ,cm_order , cm_state) values(39529,4674,'2019款 280TSI DSG四驱豪华型 国V','2019款',15,0);
insert into t_car_model(cm_id , cs_id , cm_name,cm_type ,cm_order , cm_state) values(40870,4674,'2019款 280TSI DSG四驱豪华型 国VI','2019款',16,0);
insert into t_car_model(cm_id , cs_id , cm_name,cm_type ,cm_order , cm_state) values(41280,4674,'2019款 230TSI DSG两驱R-Line','2019款',17,0);
insert into t_car_model(cm_id , cs_id , cm_name,cm_type ,cm_order , cm_state) values(41279,4674,'2019款 280TSI DSG两驱R-Line','2019款',18,0);
insert into t_car_model(cm_id , cs_id , cm_name,cm_type ,cm_order , cm_state) values(38774,4674,'2019款 280TSI DSG两驱R-Line Pro','2019款',19,0);
insert into t_car_model(cm_id , cs_id , cm_name,cm_type ,cm_order , cm_state) values(35196,4674,'2018款 200TSI 手动两驱时尚型 国V','2018款',1,0);
insert into t_car_model(cm_id , cs_id , cm_name,cm_type ,cm_order , cm_state) values(35197,4674,'2018款 230TSI DSG两驱时尚型 国V','2018款',2,0);
insert into t_car_model(cm_id , cs_id , cm_name,cm_type ,cm_order , cm_state) values(39382,4674,'2018款 230TSI DSG两驱时尚型 国VI','2018款',3,0);
insert into t_car_model(cm_id , cs_id , cm_name,cm_type ,cm_order , cm_state) values(35199,4674,'2018款 230TSI DSG两驱进取型 国V','2018款',4,0);
insert into t_car_model(cm_id , cs_id , cm_name,cm_type ,cm_order , cm_state) values(39383,4674,'2018款 230TSI DSG两驱进取型 国VI','2018款',5,0);
insert into t_car_model(cm_id , cs_id , cm_name,cm_type ,cm_order , cm_state) values(35260,4674,'2018款 280TSI DSG两驱进取型 国V','2018款',6,0);
insert into t_car_model(cm_id , cs_id , cm_name,cm_type ,cm_order , cm_state) values(39385,4674,'2018款 280TSI DSG两驱进取型 国VI','2018款',7,0);
insert into t_car_model(cm_id , cs_id , cm_name,cm_type ,cm_order , cm_state) values(35278,4674,'2018款 280TSI DSG两驱舒适型 国V','2018款',8,0);
insert into t_car_model(cm_id , cs_id , cm_name,cm_type ,cm_order , cm_state) values(39386,4674,'2018款 280TSI DSG两驱舒适型 国VI','2018款',9,0);
insert into t_car_model(cm_id , cs_id , cm_name,cm_type ,cm_order , cm_state) values(35044,4674,'2018款 280TSI DSG两驱豪华型 国V','2018款',10,0);
insert into t_car_model(cm_id , cs_id , cm_name,cm_type ,cm_order , cm_state) values(39387,4674,'2018款 280TSI DSG两驱豪华型 国VI','2018款',11,0);
insert into t_car_model(cm_id , cs_id , cm_name,cm_type ,cm_order , cm_state) values(35201,4674,'2018款 280TSI DSG四驱舒适型 国V','2018款',12,0);
insert into t_car_model(cm_id , cs_id , cm_name,cm_type ,cm_order , cm_state) values(39388,4674,'2018款 280TSI DSG四驱舒适型 国VI','2018款',13,0);
insert into t_car_model(cm_id , cs_id , cm_name,cm_type ,cm_order , cm_state) values(33372,4674,'2018款 280TSI DSG四驱豪华型 国V','2018款',14,0);
insert into t_car_model(cm_id , cs_id , cm_name,cm_type ,cm_order , cm_state) values(39389,4674,'2018款 280TSI DSG四驱豪华型 国VI','2018款',15,0);
insert into t_car_series(cs_id,cbf_id,cs_name,cs_order,cs_letter) values(4744,8,'探岳',1060,'T');
insert into t_car_model(cm_id , cs_id , cm_name,cm_type ,cm_order , cm_state) values(36417,4744,'2019款 征途版 280TSI 两驱舒适型 国VI','2019款',1,0);
insert into t_car_model(cm_id , cs_id , cm_name,cm_type ,cm_order , cm_state) values(36418,4744,'2019款 征途版 280TSI 两驱豪华型 国VI','2019款',2,0);
insert into t_car_model(cm_id , cs_id , cm_name,cm_type ,cm_order , cm_state) values(36349,4744,'2019款 330TSI 两驱舒适型 国V','2019款',3,0);
insert into t_car_model(cm_id , cs_id , cm_name,cm_type ,cm_order , cm_state) values(39390,4744,'2019款 330TSI 两驱舒适型 国VI','2019款',4,0);
insert into t_car_model(cm_id , cs_id , cm_name,cm_type ,cm_order , cm_state) values(36337,4744,'2019款 330TSI 两驱豪华型 国V','2019款',5,0);
insert into t_car_model(cm_id , cs_id , cm_name,cm_type ,cm_order , cm_state) values(39391,4744,'2019款 330TSI 两驱豪华型 国VI','2019款',6,0);
insert into t_car_model(cm_id , cs_id , cm_name,cm_type ,cm_order , cm_state) values(41703,4744,'2019款 330TSI 两驱豪华型Plus 国V','2019款',7,0);
insert into t_car_model(cm_id , cs_id , cm_name,cm_type ,cm_order , cm_state) values(41704,4744,'2019款 330TSI 两驱豪华型Plus 国VI','2019款',8,0);
insert into t_car_model(cm_id , cs_id , cm_name,cm_type ,cm_order , cm_state) values(36350,4744,'2019款 330TSI 两驱尊贵型 国V','2019款',9,0);
insert into t_car_model(cm_id , cs_id , cm_name,cm_type ,cm_order , cm_state) values(39392,4744,'2019款 330TSI 两驱尊贵型 国VI','2019款',10,0);
insert into t_car_model(cm_id , cs_id , cm_name,cm_type ,cm_order , cm_state) values(36351,4744,'2019款 330TSI 四驱豪华型 国V','2019款',11,0);
insert into t_car_model(cm_id , cs_id , cm_name,cm_type ,cm_order , cm_state) values(39393,4744,'2019款 330TSI 四驱豪华型 国VI','2019款',12,0);
insert into t_car_model(cm_id , cs_id , cm_name,cm_type ,cm_order , cm_state) values(41705,4744,'2019款 330TSI 四驱豪华型Plus 国V','2019款',13,0);
insert into t_car_model(cm_id , cs_id , cm_name,cm_type ,cm_order , cm_state) values(41706,4744,'2019款 330TSI 四驱豪华型Plus 国VI','2019款',14,0);
insert into t_car_model(cm_id , cs_id , cm_name,cm_type ,cm_order , cm_state) values(36352,4744,'2019款 330TSI 四驱尊贵型 国V','2019款',15,0);
insert into t_car_model(cm_id , cs_id , cm_name,cm_type ,cm_order , cm_state) values(39394,4744,'2019款 330TSI 四驱尊贵型 国VI','2019款',16,0);
insert into t_car_model(cm_id , cs_id , cm_name,cm_type ,cm_order , cm_state) values(36338,4744,'2019款 380TSI 四驱R-Line 国V','2019款',17,0);
insert into t_car_model(cm_id , cs_id , cm_name,cm_type ,cm_order , cm_state) values(39395,4744,'2019款 380TSI 四驱R-Line 国VI','2019款',18,0);
insert into t_car_model(cm_id , cs_id , cm_name,cm_type ,cm_order , cm_state) values(36339,4744,'2019款 380TSI 四驱尊贵型 国V','2019款',19,0);
insert into t_car_model(cm_id , cs_id , cm_name,cm_type ,cm_order , cm_state) values(39396,4744,'2019款 380TSI 四驱尊贵型 国VI','2019款',20,0);
insert into t_car_model(cm_id , cs_id , cm_name,cm_type ,cm_order , cm_state) values(35850,4744,'2019款 380TSI 四驱旗舰型 国V','2019款',21,0);
insert into t_car_model(cm_id , cs_id , cm_name,cm_type ,cm_order , cm_state) values(39397,4744,'2019款 380TSI 四驱旗舰型 国VI','2019款',22,0);
insert into t_car_model(cm_id , cs_id , cm_name,cm_type ,cm_order , cm_state) values(37190,4744,'2019款 330TSI 四驱开疆版 国V','2019款',23,0);
insert into t_car_series(cs_id,cbf_id,cs_name,cs_order,cs_letter) values(16,8,'捷达',1061,'J');
insert into t_car_model(cm_id , cs_id , cm_name,cm_type ,cm_order , cm_state) values(37063,16,'2019款 梦想版 1.4L 手动时尚型','2019款',1,0);
insert into t_car_model(cm_id , cs_id , cm_name,cm_type ,cm_order , cm_state) values(37064,16,'2019款 梦想版 1.4L 手动舒适型','2019款',2,0);
insert into t_car_model(cm_id , cs_id , cm_name,cm_type ,cm_order , cm_state) values(37065,16,'2019款 梦想版 1.5L 手动时尚型','2019款',3,0);
insert into t_car_model(cm_id , cs_id , cm_name,cm_type ,cm_order , cm_state) values(37066,16,'2019款 梦想版 1.5L 自动时尚型','2019款',4,0);
insert into t_car_model(cm_id , cs_id , cm_name,cm_type ,cm_order , cm_state) values(37067,16,'2019款 梦想版 1.5L 手动舒适型','2019款',5,0);
insert into t_car_model(cm_id , cs_id , cm_name,cm_type ,cm_order , cm_state) values(37068,16,'2019款 梦想版 1.5L 自动舒适型','2019款',6,0);
insert into t_car_model(cm_id , cs_id , cm_name,cm_type ,cm_order , cm_state) values(28706,16,'2017款 1.4L 手动时尚型','2017款',1,0);
insert into t_car_model(cm_id , cs_id , cm_name,cm_type ,cm_order , cm_state) values(28707,16,'2017款 1.4L 手动舒适型','2017款',2,0);
insert into t_car_model(cm_id , cs_id , cm_name,cm_type ,cm_order , cm_state) values(28708,16,'2017款 1.5L 手动时尚型','2017款',3,0);
insert into t_car_model(cm_id , cs_id , cm_name,cm_type ,cm_order , cm_state) values(28709,16,'2017款 1.5L 自动时尚型','2017款',4,0);
insert into t_car_model(cm_id , cs_id , cm_name,cm_type ,cm_order , cm_state) values(28710,16,'2017款 1.5L 手动舒适型','2017款',5,0);
insert into t_car_model(cm_id , cs_id , cm_name,cm_type ,cm_order , cm_state) values(28451,16,'2017款 1.5L 自动舒适型','2017款',6,0);
insert into t_car_model(cm_id , cs_id , cm_name,cm_type ,cm_order , cm_state) values(28711,16,'2017款 1.5L 手动豪华型','2017款',7,0);
insert into t_car_model(cm_id , cs_id , cm_name,cm_type ,cm_order , cm_state) values(28353,16,'2017款 1.5L 自动豪华型','2017款',8,0);
insert into t_car_model(cm_id , cs_id , cm_name,cm_type ,cm_order , cm_state) values(28712,16,'2017款 1.4TSI 自动运动版','2017款',9,0);
insert into t_car_model(cm_id , cs_id , cm_name,cm_type ,cm_order , cm_state) values(26294,16,'2016款 1.6L 25周年纪念版','2016款',1,0);
insert into t_car_model(cm_id , cs_id , cm_name,cm_type ,cm_order , cm_state) values(20258,16,'2015款 1.4L 手动时尚型','2015款',1,0);
insert into t_car_model(cm_id , cs_id , cm_name,cm_type ,cm_order , cm_state) values(20259,16,'2015款 1.4L 手动舒适型','2015款',2,0);
insert into t_car_model(cm_id , cs_id , cm_name,cm_type ,cm_order , cm_state) values(20262,16,'2015款 1.6L 手动舒适型','2015款',3,0);
insert into t_car_model(cm_id , cs_id , cm_name,cm_type ,cm_order , cm_state) values(20263,16,'2015款 1.6L 自动舒适型','2015款',4,0);
insert into t_car_model(cm_id , cs_id , cm_name,cm_type ,cm_order , cm_state) values(20260,16,'2015款 1.6L 手动时尚型','2015款',5,0);
insert into t_car_model(cm_id , cs_id , cm_name,cm_type ,cm_order , cm_state) values(20261,16,'2015款 1.6L 自动时尚型','2015款',6,0);
insert into t_car_model(cm_id , cs_id , cm_name,cm_type ,cm_order , cm_state) values(20264,16,'2015款 1.6L 手动豪华型','2015款',7,0);
insert into t_car_model(cm_id , cs_id , cm_name,cm_type ,cm_order , cm_state) values(20266,16,'2015款 1.6L 自动豪华型','2015款',8,0);
insert into t_car_model(cm_id , cs_id , cm_name,cm_type ,cm_order , cm_state) values(20102,16,'2015款 1.4TSI 自动运动型','2015款',9,0);
insert into t_car_model(cm_id , cs_id , cm_name,cm_type ,cm_order , cm_state) values(23208,16,'2015款 质惠版 1.4L 手动时尚型','2015款',10,0);
insert into t_car_model(cm_id , cs_id , cm_name,cm_type ,cm_order , cm_state) values(23209,16,'2015款 质惠版 1.4L 手动舒适型','2015款',11,0);
insert into t_car_model(cm_id , cs_id , cm_name,cm_type ,cm_order , cm_state) values(23197,16,'2015款 质惠版 1.6L 手动时尚型','2015款',12,0);
insert into t_car_model(cm_id , cs_id , cm_name,cm_type ,cm_order , cm_state) values(23198,16,'2015款 质惠版 1.6L 自动时尚型','2015款',13,0);
insert into t_car_model(cm_id , cs_id , cm_name,cm_type ,cm_order , cm_state) values(23199,16,'2015款 质惠版 1.6L 手动舒适型','2015款',14,0);
insert into t_car_model(cm_id , cs_id , cm_name,cm_type ,cm_order , cm_state) values(23200,16,'2015款 质惠版 1.6L 自动舒适型','2015款',15,0);
insert into t_car_model(cm_id , cs_id , cm_name,cm_type ,cm_order , cm_state) values(23201,16,'2015款 质惠版 1.4TSI 自动运动型','2015款',16,0);
insert into t_car_model(cm_id , cs_id , cm_name,cm_type ,cm_order , cm_state) values(14885,16,'2013款 1.4L 手动时尚型','2013款',1,0);
insert into t_car_model(cm_id , cs_id , cm_name,cm_type ,cm_order , cm_state) values(14886,16,'2013款 1.4L 手动舒适型','2013款',2,0);
insert into t_car_model(cm_id , cs_id , cm_name,cm_type ,cm_order , cm_state) values(14887,16,'2013款 1.6L 手动时尚型','2013款',3,0);
insert into t_car_model(cm_id , cs_id , cm_name,cm_type ,cm_order , cm_state) values(18644,16,'2013款 1.6L 自动时尚型','2013款',4,0);
insert into t_car_model(cm_id , cs_id , cm_name,cm_type ,cm_order , cm_state) values(14888,16,'2013款 1.6L 手动舒适型','2013款',5,0);
insert into t_car_model(cm_id , cs_id , cm_name,cm_type ,cm_order , cm_state) values(14889,16,'2013款 1.6L 自动舒适型','2013款',6,0);
insert into t_car_model(cm_id , cs_id , cm_name,cm_type ,cm_order , cm_state) values(14890,16,'2013款 1.6L 手动豪华型','2013款',7,0);
insert into t_car_model(cm_id , cs_id , cm_name,cm_type ,cm_order , cm_state) values(14540,16,'2013款 1.6L 自动豪华型','2013款',8,0);
insert into t_car_model(cm_id , cs_id , cm_name,cm_type ,cm_order , cm_state) values(9707,16,'2012款 1.6L 纪念版','2012款',1,0);
insert into t_car_model(cm_id , cs_id , cm_name,cm_type ,cm_order , cm_state) values(12575,16,'2012款 1.6L 典藏版','2012款',2,0);
insert into t_car_model(cm_id , cs_id , cm_name,cm_type ,cm_order , cm_state) values(13490,16,'2012款 1.6L 前卫','2012款',3,0);
insert into t_car_model(cm_id , cs_id , cm_name,cm_type ,cm_order , cm_state) values(7286,16,'2010款 1.6L 伙伴','2010款',1,0);
insert into t_car_model(cm_id , cs_id , cm_name,cm_type ,cm_order , cm_state) values(7288,16,'2010款 1.6L 前卫','2010款',2,0);
insert into t_car_model(cm_id , cs_id , cm_name,cm_type ,cm_order , cm_state) values(7287,16,'2010款 1.9L 柴油先锋','2010款',3,0);
insert into t_car_model(cm_id , cs_id , cm_name,cm_type ,cm_order , cm_state) values(4179,16,'2008款 CIX-P伙伴型','2008款',1,0);
insert into t_car_model(cm_id , cs_id , cm_name,cm_type ,cm_order , cm_state) values(1170,16,'2008款 CIF 春天型','2008款',2,0);
insert into t_car_model(cm_id , cs_id , cm_name,cm_type ,cm_order , cm_state) values(4182,16,'2008款 GIF+AT 新前卫','2008款',3,0);
insert into t_car_model(cm_id , cs_id , cm_name,cm_type ,cm_order , cm_state) values(1465,16,'2008款 CIF+AT 春天型','2008款',4,0);
insert into t_car_model(cm_id , cs_id , cm_name,cm_type ,cm_order , cm_state) values(4762,16,'2008款 CiF-P 伙伴','2008款',5,0);
insert into t_car_model(cm_id , cs_id , cm_name,cm_type ,cm_order , cm_state) values(4181,16,'2008款 GIF 前卫型','2008款',6,0);
insert into t_car_model(cm_id , cs_id , cm_name,cm_type ,cm_order , cm_state) values(4180,16,'2008款 GDF-V 1.9L 柴油先锋','2008款',7,0);
insert into t_car_model(cm_id , cs_id , cm_name,cm_type ,cm_order , cm_state) values(4763,16,'2008款 GDF-P 1.9L 柴油先锋','2008款',8,0);
insert into t_car_model(cm_id , cs_id , cm_name,cm_type ,cm_order , cm_state) values(4764,16,'2008款 GiF 前卫','2008款',9,0);
insert into t_car_model(cm_id , cs_id , cm_name,cm_type ,cm_order , cm_state) values(4765,16,'2008款 GiF+AT 前卫','2008款',10,0);
insert into t_car_model(cm_id , cs_id , cm_name,cm_type ,cm_order , cm_state) values(6816,16,'2007款 CIX 伙伴豪华型','2007款',1,0);
insert into t_car_model(cm_id , cs_id , cm_name,cm_type ,cm_order , cm_state) values(2484,16,'2006款 GIF 前卫百万纪念版','2006款',1,0);
insert into t_car_model(cm_id , cs_id , cm_name,cm_type ,cm_order , cm_state) values(1846,16,'2005款 CIF 伙伴','2005款',1,0);
insert into t_car_model(cm_id , cs_id , cm_name,cm_type ,cm_order , cm_state) values(792,16,'2005款 CIF 基本型','2005款',2,0);
insert into t_car_model(cm_id , cs_id , cm_name,cm_type ,cm_order , cm_state) values(6827,16,'2005款 CIF 舒适型','2005款',3,0);
insert into t_car_model(cm_id , cs_id , cm_name,cm_type ,cm_order , cm_state) values(793,16,'2005款 GIF 前卫豪华型','2005款',4,0);
insert into t_car_model(cm_id , cs_id , cm_name,cm_type ,cm_order , cm_state) values(1466,16,'2004款 GDF 豪华型','2004款',1,0);
insert into t_car_series(cs_id,cbf_id,cs_name,cs_order,cs_letter) values(15,8,'宝来经典',1068,'B');
insert into t_car_model(cm_id , cs_id , cm_name,cm_type ,cm_order , cm_state) values(2416,15,'2006款 1.6 手动时尚 TL','2006款',1,0);
insert into t_car_model(cm_id , cs_id , cm_name,cm_type ,cm_order , cm_state) values(2418,15,'2006款 1.6 自动时尚 TL','2006款',2,0);
insert into t_car_model(cm_id , cs_id , cm_name,cm_type ,cm_order , cm_state) values(2419,15,'2006款 1.6 手动豪华 HL','2006款',3,0);
insert into t_car_model(cm_id , cs_id , cm_name,cm_type ,cm_order , cm_state) values(2420,15,'2006款 1.6 自动豪华 HL','2006款',4,0);
insert into t_car_model(cm_id , cs_id , cm_name,cm_type ,cm_order , cm_state) values(2417,15,'2006款 1.8 手动豪华 HL','2006款',5,0);
insert into t_car_model(cm_id , cs_id , cm_name,cm_type ,cm_order , cm_state) values(2421,15,'2006款 1.8 自动豪华 HL','2006款',6,0);
insert into t_car_model(cm_id , cs_id , cm_name,cm_type ,cm_order , cm_state) values(2738,15,'2006款 HS 1.6 手动时尚','2006款',7,0);
insert into t_car_model(cm_id , cs_id , cm_name,cm_type ,cm_order , cm_state) values(2739,15,'2006款 HS 1.6 自动时尚','2006款',8,0);
insert into t_car_model(cm_id , cs_id , cm_name,cm_type ,cm_order , cm_state) values(2740,15,'2006款 HS 1.6 手动豪华','2006款',9,0);
insert into t_car_model(cm_id , cs_id , cm_name,cm_type ,cm_order , cm_state) values(2724,15,'2006款 HS 1.6 自动豪华','2006款',10,0);
insert into t_car_model(cm_id , cs_id , cm_name,cm_type ,cm_order , cm_state) values(2741,15,'2006款 HS 1.8 手动豪华','2006款',11,0);
insert into t_car_model(cm_id , cs_id , cm_name,cm_type ,cm_order , cm_state) values(2742,15,'2006款 HS 1.8 自动豪华','2006款',12,0);
insert into t_car_model(cm_id , cs_id , cm_name,cm_type ,cm_order , cm_state) values(1806,15,'2005款 1.8奥运版','2005款',1,0);
insert into t_car_model(cm_id , cs_id , cm_name,cm_type ,cm_order , cm_state) values(1792,15,'2005款 1.8自动舒适','2005款',2,0);
insert into t_car_model(cm_id , cs_id , cm_name,cm_type ,cm_order , cm_state) values(1517,15,'2005款 1.6手动基本','2005款',3,0);
insert into t_car_model(cm_id , cs_id , cm_name,cm_type ,cm_order , cm_state) values(1518,15,'2005款 1.6手动天窗','2005款',4,0);
insert into t_car_model(cm_id , cs_id , cm_name,cm_type ,cm_order , cm_state) values(1519,15,'2005款 1.6自动基本','2005款',5,0);
insert into t_car_model(cm_id , cs_id , cm_name,cm_type ,cm_order , cm_state) values(1520,15,'2005款 1.6自动天窗','2005款',6,0);
insert into t_car_model(cm_id , cs_id , cm_name,cm_type ,cm_order , cm_state) values(1548,15,'2005款 1.8手动舒适','2005款',7,0);
insert into t_car_model(cm_id , cs_id , cm_name,cm_type ,cm_order , cm_state) values(1793,15,'2005款 1.8自舒天窗','2005款',8,0);
insert into t_car_model(cm_id , cs_id , cm_name,cm_type ,cm_order , cm_state) values(1739,15,'2005款 1.8T R(运动版)','2005款',9,0);
insert into t_car_model(cm_id , cs_id , cm_name,cm_type ,cm_order , cm_state) values(454,15,'2004款 1.6 手动基本','2004款',1,0);
insert into t_car_model(cm_id , cs_id , cm_name,cm_type ,cm_order , cm_state) values(763,15,'2004款 1.6 手动天窗','2004款',2,0);
insert into t_car_model(cm_id , cs_id , cm_name,cm_type ,cm_order , cm_state) values(456,15,'2004款 1.6 自动基本','2004款',3,0);
insert into t_car_model(cm_id , cs_id , cm_name,cm_type ,cm_order , cm_state) values(466,15,'2004款 1.6 自动天窗','2004款',4,0);
insert into t_car_model(cm_id , cs_id , cm_name,cm_type ,cm_order , cm_state) values(534,15,'2004款 1.8 手动舒适','2004款',5,0);
insert into t_car_model(cm_id , cs_id , cm_name,cm_type ,cm_order , cm_state) values(519,15,'2004款 1.8 手动豪华','2004款',6,0);
insert into t_car_model(cm_id , cs_id , cm_name,cm_type ,cm_order , cm_state) values(516,15,'2004款 1.8 手动尊贵','2004款',7,0);
insert into t_car_model(cm_id , cs_id , cm_name,cm_type ,cm_order , cm_state) values(524,15,'2004款 1.8 自动舒适','2004款',8,0);
insert into t_car_model(cm_id , cs_id , cm_name,cm_type ,cm_order , cm_state) values(764,15,'2004款 1.8 自动豪华','2004款',9,0);
insert into t_car_model(cm_id , cs_id , cm_name,cm_type ,cm_order , cm_state) values(518,15,'2004款 1.8 自动尊贵','2004款',10,0);
insert into t_car_model(cm_id , cs_id , cm_name,cm_type ,cm_order , cm_state) values(539,15,'2004款 1.8T 手动舒适','2004款',11,0);
insert into t_car_model(cm_id , cs_id , cm_name,cm_type ,cm_order , cm_state) values(716,15,'2004款 1.8T 手动豪华','2004款',12,0);
insert into t_car_model(cm_id , cs_id , cm_name,cm_type ,cm_order , cm_state) values(538,15,'2004款 1.8T 自动豪华','2004款',13,0);
insert into t_car_model(cm_id , cs_id , cm_name,cm_type ,cm_order , cm_state) values(714,15,'2004款 1.8T 手动尊贵','2004款',14,0);
insert into t_car_model(cm_id , cs_id , cm_name,cm_type ,cm_order , cm_state) values(762,15,'2004款 1.8T 自动尊贵','2004款',15,0);
insert into t_car_model(cm_id , cs_id , cm_name,cm_type ,cm_order , cm_state) values(1396,15,'2004款 1.9 TDI','2004款',16,0);
insert into t_car_series(cs_id,cbf_id,cs_name,cs_order,cs_letter) values(360,8,'开迪',1069,'K');
insert into t_car_model(cm_id , cs_id , cm_name,cm_type ,cm_order , cm_state) values(1605,360,'2005款 1.6L 功能型5座','2005款',1,0);
insert into t_car_model(cm_id , cs_id , cm_name,cm_type ,cm_order , cm_state) values(1606,360,'2005款 1.6L 功能型7座','2005款',2,0);
insert into t_car_model(cm_id , cs_id , cm_name,cm_type ,cm_order , cm_state) values(1607,360,'2005款 1.6L 舒适型5座','2005款',3,0);
insert into t_car_model(cm_id , cs_id , cm_name,cm_type ,cm_order , cm_state) values(1608,360,'2005款 1.6L 舒适型7座','2005款',4,0);
insert into t_car_model(cm_id , cs_id , cm_name,cm_type ,cm_order , cm_state) values(1609,360,'2005款 2.0T 柴油功能型5座','2005款',5,0);
insert into t_car_model(cm_id , cs_id , cm_name,cm_type ,cm_order , cm_state) values(1400,360,'2005款 2.0T 柴油功能型7座','2005款',6,0);
insert into t_car_brand_factory(cbf_id , cb_id , cbf_name ,cbf_letter) values(50,1,'大众(进口)','D');
insert into t_car_series(cs_id,cbf_id,cs_name,cs_order,cs_letter) values(210,50,'甲壳虫',1070,'J');
insert into t_car_model(cm_id , cs_id , cm_name,cm_type ,cm_order , cm_state) values(38950,210,'2019款 180TSI 珍藏版','2019款',1,0);
insert into t_car_model(cm_id , cs_id , cm_name,cm_type ,cm_order , cm_state) values(38951,210,'2019款 280TSI 珍藏版','2019款',2,0);
insert into t_car_model(cm_id , cs_id , cm_name,cm_type ,cm_order , cm_state) values(37055,210,'2019款 180TSI 经典版','2019款',3,0);
insert into t_car_model(cm_id , cs_id , cm_name,cm_type ,cm_order , cm_state) values(31570,210,'2018款 180TSI 宜乐型','2018款',1,0);
insert into t_car_model(cm_id , cs_id , cm_name,cm_type ,cm_order , cm_state) values(31573,210,'2018款 180TSI 尚乐型','2018款',2,0);
insert into t_car_model(cm_id , cs_id , cm_name,cm_type ,cm_order , cm_state) values(31575,210,'2018款 280TSI 纵乐型','2018款',3,0);
insert into t_car_model(cm_id , cs_id , cm_name,cm_type ,cm_order , cm_state) values(31576,210,'2018款 280TSI 至乐型','2018款',4,0);
insert into t_car_model(cm_id , cs_id , cm_name,cm_type ,cm_order , cm_state) values(34184,210,'2018款 180TSI 乐动橙版','2018款',5,0);
insert into t_car_model(cm_id , cs_id , cm_name,cm_type ,cm_order , cm_state) values(31574,210,'2018款 180TSI 沙丘越野版','2018款',6,0);
insert into t_car_model(cm_id , cs_id , cm_name,cm_type ,cm_order , cm_state) values(31577,210,'2018款 280TSI 沙丘越野版','2018款',7,0);
insert into t_car_model(cm_id , cs_id , cm_name,cm_type ,cm_order , cm_state) values(33600,210,'2018款 180TSI 魅舞红版','2018款',8,0);
insert into t_car_model(cm_id , cs_id , cm_name,cm_type ,cm_order , cm_state) values(31898,210,'2018款 180TSI 黑曜石系列特别版','2018款',9,0);
insert into t_car_model(cm_id , cs_id , cm_name,cm_type ,cm_order , cm_state) values(28581,210,'2017款 180TSI 宜乐版','2017款',1,0);
insert into t_car_model(cm_id , cs_id , cm_name,cm_type ,cm_order , cm_state) values(28582,210,'2017款 180TSI 尚乐版','2017款',2,0);
insert into t_car_model(cm_id , cs_id , cm_name,cm_type ,cm_order , cm_state) values(30553,210,'2017款 180TSI 翡冷翠经典版','2017款',3,0);
insert into t_car_model(cm_id , cs_id , cm_name,cm_type ,cm_order , cm_state) values(26649,210,'2017款 180TSI 红粉佳人版','2017款',4,0);
insert into t_car_model(cm_id , cs_id , cm_name,cm_type ,cm_order , cm_state) values(28603,210,'2017款 180TSI 沙丘越野版','2017款',5,0);
insert into t_car_model(cm_id , cs_id , cm_name,cm_type ,cm_order , cm_state) values(28583,210,'2017款 280TSI 纵乐版','2017款',6,0);
insert into t_car_model(cm_id , cs_id , cm_name,cm_type ,cm_order , cm_state) values(28604,210,'2017款 280TSI 沙丘越野版','2017款',7,0);
insert into t_car_model(cm_id , cs_id , cm_name,cm_type ,cm_order , cm_state) values(28584,210,'2017款 280TSI 至乐版','2017款',8,0);
insert into t_car_model(cm_id , cs_id , cm_name,cm_type ,cm_order , cm_state) values(25079,210,'2016款 180TSI Club版','2016款',1,0);
insert into t_car_model(cm_id , cs_id , cm_name,cm_type ,cm_order , cm_state) values(26489,210,'2016款 180TSI 沙丘越野版','2016款',2,0);
insert into t_car_model(cm_id , cs_id , cm_name,cm_type ,cm_order , cm_state) values(26490,210,'2016款 280TSI 沙丘越野版','2016款',3,0);
insert into t_car_model(cm_id , cs_id , cm_name,cm_type ,cm_order , cm_state) values(26806,210,'2016款 280TSI 鹿晗X跨界版','2016款',4,0);
insert into t_car_model(cm_id , cs_id , cm_name,cm_type ,cm_order , cm_state) values(26807,210,'2016款 380TSI 鹿晗X跨界版','2016款',5,0);
insert into t_car_model(cm_id , cs_id , cm_name,cm_type ,cm_order , cm_state) values(20722,210,'2015款 180TSI','2015款',1,0);
insert into t_car_model(cm_id , cs_id , cm_name,cm_type ,cm_order , cm_state) values(20723,210,'2015款 280TSI','2015款',2,0);
insert into t_car_model(cm_id , cs_id , cm_name,cm_type ,cm_order , cm_state) values(20724,210,'2015款 380TSI','2015款',3,0);
insert into t_car_model(cm_id , cs_id , cm_name,cm_type ,cm_order , cm_state) values(20965,210,'2015款 180TSI 敞篷版','2015款',4,0);
insert into t_car_model(cm_id , cs_id , cm_name,cm_type ,cm_order , cm_state) values(17110,210,'2014款 1.2TSI 时尚型','2014款',1,0);
insert into t_car_model(cm_id , cs_id , cm_name,cm_type ,cm_order , cm_state) values(17111,210,'2014款 1.2TSI 舒适型','2014款',2,0);
insert into t_car_model(cm_id , cs_id , cm_name,cm_type ,cm_order , cm_state) values(17112,210,'2014款 1.4TSI 时尚型','2014款',3,0);
insert into t_car_model(cm_id , cs_id , cm_name,cm_type ,cm_order , cm_state) values(17113,210,'2014款 1.4TSI 舒适型','2014款',4,0);
insert into t_car_model(cm_id , cs_id , cm_name,cm_type ,cm_order , cm_state) values(17114,210,'2014款 1.4TSI 豪华型','2014款',5,0);
insert into t_car_model(cm_id , cs_id , cm_name,cm_type ,cm_order , cm_state) values(17115,210,'2014款 1.4TSI R-Line','2014款',6,0);
insert into t_car_model(cm_id , cs_id , cm_name,cm_type ,cm_order , cm_state) values(19304,210,'2014款 380TSI 性能版','2014款',7,0);
insert into t_car_model(cm_id , cs_id , cm_name,cm_type ,cm_order , cm_state) values(17116,210,'2014款 2.0TSI Turbo版','2014款',8,0);
insert into t_car_model(cm_id , cs_id , cm_name,cm_type ,cm_order , cm_state) values(13833,210,'2013款 1.2TSI 时尚型','2013款',1,0);
insert into t_car_model(cm_id , cs_id , cm_name,cm_type ,cm_order , cm_state) values(13643,210,'2013款 1.2TSI 舒适型','2013款',2,0);
insert into t_car_model(cm_id , cs_id , cm_name,cm_type ,cm_order , cm_state) values(13774,210,'2013款 1.4TSI 时尚型','2013款',3,0);
insert into t_car_model(cm_id , cs_id , cm_name,cm_type ,cm_order , cm_state) values(13519,210,'2013款 1.4TSI 舒适型','2013款',4,0);
insert into t_car_model(cm_id , cs_id , cm_name,cm_type ,cm_order , cm_state) values(13859,210,'2013款 1.4TSI R-Line','2013款',5,0);
insert into t_car_model(cm_id , cs_id , cm_name,cm_type ,cm_order , cm_state) values(13834,210,'2013款 2.0TSI 顶配型','2013款',6,0);
insert into t_car_model(cm_id , cs_id , cm_name,cm_type ,cm_order , cm_state) values(13003,210,'2013款 1.4TSI Fender摇滚版','2013款',7,0);
insert into t_car_model(cm_id , cs_id , cm_name,cm_type ,cm_order , cm_state) values(13528,210,'2013款 1.4TSI 豪华型','2013款',8,0);
insert into t_car_model(cm_id , cs_id , cm_name,cm_type ,cm_order , cm_state) values(7556,210,'2010款 1.6 AT','2010款',1,0);
insert into t_car_model(cm_id , cs_id , cm_name,cm_type ,cm_order , cm_state) values(7255,210,'2010款 1.8T BlackOrange豪华版','2010款',2,0);
insert into t_car_model(cm_id , cs_id , cm_name,cm_type ,cm_order , cm_state) values(7471,210,'2010款 2.0 BlackOrange舒适版','2010款',3,0);
insert into t_car_model(cm_id , cs_id , cm_name,cm_type ,cm_order , cm_state) values(7472,210,'2010款 2.0 BlackOrange豪华版','2010款',4,0);
insert into t_car_model(cm_id , cs_id , cm_name,cm_type ,cm_order , cm_state) values(7473,210,'2010款 2.0 BlackOrange敞篷豪华版','2010款',5,0);
insert into t_car_model(cm_id , cs_id , cm_name,cm_type ,cm_order , cm_state) values(6362,210,'2009款 2.0 AT 顶配敞篷版','2009款',1,0);
insert into t_car_model(cm_id , cs_id , cm_name,cm_type ,cm_order , cm_state) values(3176,210,'2008款 1.8T AT 豪华型','2008款',1,0);
insert into t_car_model(cm_id , cs_id , cm_name,cm_type ,cm_order , cm_state) values(3185,210,'2008款 2.0 AT 标配版','2008款',2,0);
insert into t_car_model(cm_id , cs_id , cm_name,cm_type ,cm_order , cm_state) values(7158,210,'2008款 2.0 AT 顶配版','2008款',3,0);
insert into t_car_model(cm_id , cs_id , cm_name,cm_type ,cm_order , cm_state) values(2312,210,'2006款 2.0 豪华版','2006款',1,0);
insert into t_car_model(cm_id , cs_id , cm_name,cm_type ,cm_order , cm_state) values(2313,210,'2006款 2.0 敞篷豪华版','2006款',2,0);
insert into t_car_model(cm_id , cs_id , cm_name,cm_type ,cm_order , cm_state) values(1966,210,'2005款 2.5 MT 硬顶版','2005款',1,0);
insert into t_car_model(cm_id , cs_id , cm_name,cm_type ,cm_order , cm_state) values(1967,210,'2005款 2.5 MT 敞蓬版','2005款',2,0);
insert into t_car_model(cm_id , cs_id , cm_name,cm_type ,cm_order , cm_state) values(639,210,'2004款 1.8T AT','2004款',1,0);
insert into t_car_model(cm_id , cs_id , cm_name,cm_type ,cm_order , cm_state) values(724,210,'2004款 2.0 MT','2004款',2,0);
insert into t_car_model(cm_id , cs_id , cm_name,cm_type ,cm_order , cm_state) values(1267,210,'2004款 2.0 MT 敞蓬版','2004款',3,0);
insert into t_car_model(cm_id , cs_id , cm_name,cm_type ,cm_order , cm_state) values(925,210,'2004款 2.0 AT 敞蓬版','2004款',4,0);
insert into t_car_series(cs_id,cbf_id,cs_name,cs_order,cs_letter) values(372,50,'高尔夫(进口)',1071,'G');
insert into t_car_model(cm_id , cs_id , cm_name,cm_type ,cm_order , cm_state) values(37806,372,'2019款 1.8TSI 旅行版','2019款',1,0);
insert into t_car_model(cm_id , cs_id , cm_name,cm_type ,cm_order , cm_state) values(31431,372,'2017款 2.0TSI R','2017款',1,0);
insert into t_car_model(cm_id , cs_id , cm_name,cm_type ,cm_order , cm_state) values(20926,372,'2016款 2.0TSI R 旅行版','2016款',1,0);
insert into t_car_model(cm_id , cs_id , cm_name,cm_type ,cm_order , cm_state) values(23897,372,'2015款 1.4TSI 舒适旅行版','2015款',1,0);
insert into t_car_model(cm_id , cs_id , cm_name,cm_type ,cm_order , cm_state) values(21632,372,'2015款 1.4TSI Sportsvan','2015款',2,0);
insert into t_car_model(cm_id , cs_id , cm_name,cm_type ,cm_order , cm_state) values(19073,372,'2015款 2.0TSI R','2015款',3,0);
insert into t_car_model(cm_id , cs_id , cm_name,cm_type ,cm_order , cm_state) values(10308,372,'2014款 2.0TSI R敞篷版','2014款',1,0);
insert into t_car_model(cm_id , cs_id , cm_name,cm_type ,cm_order , cm_state) values(15158,372,'2014款 1.4TSI 豪华旅行版','2014款',2,0);
insert into t_car_model(cm_id , cs_id , cm_name,cm_type ,cm_order , cm_state) values(12165,372,'2013款 2.0TSI GTI敞篷版','2013款',1,0);
insert into t_car_model(cm_id , cs_id , cm_name,cm_type ,cm_order , cm_state) values(12731,372,'2012款 1.4TSI 舒适敞篷版','2012款',1,0);
insert into t_car_model(cm_id , cs_id , cm_name,cm_type ,cm_order , cm_state) values(9564,372,'2012款 1.4TSI 豪华敞篷版','2012款',2,0);
insert into t_car_model(cm_id , cs_id , cm_name,cm_type ,cm_order , cm_state) values(6062,372,'2011款 2.0TSI R','2011款',1,0);
insert into t_car_model(cm_id , cs_id , cm_name,cm_type ,cm_order , cm_state) values(5662,372,'2011款 1.4TSI 豪华旅行版','2011款',2,0);
insert into t_car_model(cm_id , cs_id , cm_name,cm_type ,cm_order , cm_state) values(10598,372,'2011款 1.4TSI 舒适旅行版','2011款',3,0);
insert into t_car_model(cm_id , cs_id , cm_name,cm_type ,cm_order , cm_state) values(7165,372,'2011款 1.4TSI Cross Golf','2011款',4,0);
insert into t_car_model(cm_id , cs_id , cm_name,cm_type ,cm_order , cm_state) values(1834,372,'2006款 3.2 R32','2006款',1,0);
insert into t_car_model(cm_id , cs_id , cm_name,cm_type ,cm_order , cm_state) values(1382,372,'2006款 GTI 2.0T 五门版','2006款',2,0);
insert into t_car_model(cm_id , cs_id , cm_name,cm_type ,cm_order , cm_state) values(2602,372,'2006款 GTI 2.0T 三门版','2006款',3,0);
insert into t_car_series(cs_id,cbf_id,cs_name,cs_order,cs_letter) values(4355,50,'高尔夫新能源(进口)',1072,'G');
insert into t_car_model(cm_id , cs_id , cm_name,cm_type ,cm_order , cm_state) values(33446,4355,'2018款 e-Golf','2018款',1,0);
insert into t_car_model(cm_id , cs_id , cm_name,cm_type ,cm_order , cm_state) values(18313,4355,'2015款 GTE','2015款',1,0);
insert into t_car_series(cs_id,cbf_id,cs_name,cs_order,cs_letter) values(3999,50,'蔚揽',1073,'W');
insert into t_car_model(cm_id , cs_id , cm_name,cm_type ,cm_order , cm_state) values(31563,3999,'2018款 280TSI 两驱舒行版','2018款',1,0);
insert into t_car_model(cm_id , cs_id , cm_name,cm_type ,cm_order , cm_state) values(31564,3999,'2018款 380TSI 两驱舒行版','2018款',2,0);
insert into t_car_model(cm_id , cs_id , cm_name,cm_type ,cm_order , cm_state) values(31565,3999,'2018款 380TSI 两驱畅行版','2018款',3,0);
insert into t_car_model(cm_id , cs_id , cm_name,cm_type ,cm_order , cm_state) values(31568,3999,'2018款 380TSI 四驱纵行版','2018款',4,0);
insert into t_car_model(cm_id , cs_id , cm_name,cm_type ,cm_order , cm_state) values(31566,3999,'2018款 380TSI 两驱R-line版','2018款',5,0);
insert into t_car_model(cm_id , cs_id , cm_name,cm_type ,cm_order , cm_state) values(29195,3999,'2017款 280TSI 两驱舒行版','2017款',1,0);
insert into t_car_model(cm_id , cs_id , cm_name,cm_type ,cm_order , cm_state) values(28678,3999,'2017款 380TSI 两驱舒行版','2017款',2,0);
insert into t_car_model(cm_id , cs_id , cm_name,cm_type ,cm_order , cm_state) values(28689,3999,'2017款 380TSI 两驱畅行版','2017款',3,0);
insert into t_car_model(cm_id , cs_id , cm_name,cm_type ,cm_order , cm_state) values(29196,3999,'2017款 380TSI 两驱R-line版','2017款',4,0);
insert into t_car_model(cm_id , cs_id , cm_name,cm_type ,cm_order , cm_state) values(29197,3999,'2017款 380TSI 四驱拓行版','2017款',5,0);
insert into t_car_model(cm_id , cs_id , cm_name,cm_type ,cm_order , cm_state) values(29198,3999,'2017款 380TSI 四驱纵行版','2017款',6,0);
insert into t_car_model(cm_id , cs_id , cm_name,cm_type ,cm_order , cm_state) values(25003,3999,'2016款 280TSI 两驱舒行版','2016款',1,0);
insert into t_car_model(cm_id , cs_id , cm_name,cm_type ,cm_order , cm_state) values(27670,3999,'2016款 380TSI 两驱逸行版','2016款',2,0);
insert into t_car_model(cm_id , cs_id , cm_name,cm_type ,cm_order , cm_state) values(26019,3999,'2016款 380TSI 两驱R-line版','2016款',3,0);
insert into t_car_model(cm_id , cs_id , cm_name,cm_type ,cm_order , cm_state) values(25950,3999,'2016款 380TSI 四驱拓行版','2016款',4,0);
insert into t_car_model(cm_id , cs_id , cm_name,cm_type ,cm_order , cm_state) values(26020,3999,'2016款 380TSI 四驱纵行版','2016款',5,0);
insert into t_car_series(cs_id,cbf_id,cs_name,cs_order,cs_letter) values(5029,50,'蔚揽新能源',1074,'W');
insert into t_car_model(cm_id , cs_id , cm_name,cm_type ,cm_order , cm_state) values(36998,5029,'2019款 GTE','2019款',1,0);
insert into t_car_series(cs_id,cbf_id,cs_name,cs_order,cs_letter) values(557,50,'Tiguan',1075,'T');
insert into t_car_model(cm_id , cs_id , cm_name,cm_type ,cm_order , cm_state) values(39234,557,'2019款 280TSI 两驱精英型','2019款',1,0);
insert into t_car_model(cm_id , cs_id , cm_name,cm_type ,cm_order , cm_state) values(39235,557,'2019款 330TSI 四驱创睿型','2019款',2,0);
insert into t_car_model(cm_id , cs_id , cm_name,cm_type ,cm_order , cm_state) values(39236,557,'2019款 330TSI 四驱高配型','2019款',3,0);
insert into t_car_model(cm_id , cs_id , cm_name,cm_type ,cm_order , cm_state) values(39237,557,'2019款 380TSI 四驱R-Line','2019款',4,0);
insert into t_car_model(cm_id , cs_id , cm_name,cm_type ,cm_order , cm_state) values(31133,557,'2018款 280TSI 两驱精英型','2018款',1,0);
insert into t_car_model(cm_id , cs_id , cm_name,cm_type ,cm_order , cm_state) values(31134,557,'2018款 330TSI 四驱创睿型','2018款',2,0);
insert into t_car_model(cm_id , cs_id , cm_name,cm_type ,cm_order , cm_state) values(31135,557,'2018款 330TSI 四驱高配型','2018款',3,0);
insert into t_car_model(cm_id , cs_id , cm_name,cm_type ,cm_order , cm_state) values(31136,557,'2018款 380TSI 四驱R-Line','2018款',4,0);
insert into t_car_model(cm_id , cs_id , cm_name,cm_type ,cm_order , cm_state) values(27891,557,'2017款 280TSI 两驱精英型','2017款',1,0);
insert into t_car_model(cm_id , cs_id , cm_name,cm_type ,cm_order , cm_state) values(28624,557,'2017款 330TSI 四驱创睿型','2017款',2,0);
insert into t_car_model(cm_id , cs_id , cm_name,cm_type ,cm_order , cm_state) values(28625,557,'2017款 330TSI 四驱高配型','2017款',3,0);
insert into t_car_model(cm_id , cs_id , cm_name,cm_type ,cm_order , cm_state) values(27613,557,'2017款 380TSI 四驱R-Line','2017款',4,0);
insert into t_car_model(cm_id , cs_id , cm_name,cm_type ,cm_order , cm_state) values(25641,557,'2016款 2.0TSI 四驱标准型','2016款',1,0);
insert into t_car_model(cm_id , cs_id , cm_name,cm_type ,cm_order , cm_state) values(25642,557,'2016款 2.0TSI 四驱精英型','2016款',2,0);
insert into t_car_model(cm_id , cs_id , cm_name,cm_type ,cm_order , cm_state) values(25643,557,'2016款 2.0TSI 四驱动感型','2016款',3,0);
insert into t_car_model(cm_id , cs_id , cm_name,cm_type ,cm_order , cm_state) values(22377,557,'2015款 2.0TSI 舒适版','2015款',1,0);
insert into t_car_model(cm_id , cs_id , cm_name,cm_type ,cm_order , cm_state) values(17426,557,'2014款 2.0TSI 专享版','2014款',1,0);
insert into t_car_model(cm_id , cs_id , cm_name,cm_type ,cm_order , cm_state) values(11580,557,'2012款 2.0TDI 舒适版','2012款',1,0);
insert into t_car_model(cm_id , cs_id , cm_name,cm_type ,cm_order , cm_state) values(11581,557,'2012款 2.0TDI 豪华版','2012款',2,0);
insert into t_car_model(cm_id , cs_id , cm_name,cm_type ,cm_order , cm_state) values(11579,557,'2012款 2.0TSI 舒适版','2012款',3,0);
insert into t_car_model(cm_id , cs_id , cm_name,cm_type ,cm_order , cm_state) values(9410,557,'2012款 2.0TSI 豪华版','2012款',4,0);
insert into t_car_model(cm_id , cs_id , cm_name,cm_type ,cm_order , cm_state) values(8700,557,'2011款 2.0TSI R-Line','2011款',1,0);
insert into t_car_model(cm_id , cs_id , cm_name,cm_type ,cm_order , cm_state) values(5195,557,'2009款 2.0TSI 舒适版','2009款',1,0);
insert into t_car_model(cm_id , cs_id , cm_name,cm_type ,cm_order , cm_state) values(5196,557,'2009款 2.0TSI 豪华版','2009款',2,0);
insert into t_car_series(cs_id,cbf_id,cs_name,cs_order,cs_letter) values(82,50,'途锐',1076,'T');
insert into t_car_model(cm_id , cs_id , cm_name,cm_type ,cm_order , cm_state) values(38065,82,'2019款 2.0TSI 领航版 国VI','2019款',1,0);
insert into t_car_model(cm_id , cs_id , cm_name,cm_type ,cm_order , cm_state) values(35819,82,'2019款 2.0TSI 锐翼版 国V','2019款',2,0);
insert into t_car_model(cm_id , cs_id , cm_name,cm_type ,cm_order , cm_state) values(40997,82,'2019款 2.0TSI 锐翼版 国VI','2019款',3,0);
insert into t_car_model(cm_id , cs_id , cm_name,cm_type ,cm_order , cm_state) values(35820,82,'2019款 3.0TSI 锐锋版 国V','2019款',4,0);
insert into t_car_model(cm_id , cs_id , cm_name,cm_type ,cm_order , cm_state) values(40998,82,'2019款 3.0TSI 锐锋版 国VI','2019款',5,0);
insert into t_car_model(cm_id , cs_id , cm_name,cm_type ,cm_order , cm_state) values(35821,82,'2019款 3.0TSI 锐智版 国V','2019款',6,0);
insert into t_car_model(cm_id , cs_id , cm_name,cm_type ,cm_order , cm_state) values(40999,82,'2019款 3.0TSI 锐智版 国VI','2019款',7,0);
insert into t_car_model(cm_id , cs_id , cm_name,cm_type ,cm_order , cm_state) values(34600,82,'2018款 3.0TSI 荣耀典藏版','2018款',1,0);
insert into t_car_model(cm_id , cs_id , cm_name,cm_type ,cm_order , cm_state) values(31175,82,'2017款 3.0TSI 拓界版','2017款',1,0);
insert into t_car_model(cm_id , cs_id , cm_name,cm_type ,cm_order , cm_state) values(30736,82,'2017款 3.0TSI 远征版','2017款',2,0);
insert into t_car_model(cm_id , cs_id , cm_name,cm_type ,cm_order , cm_state) values(26766,82,'2017款 3.0TSI 拓野型','2017款',3,0);
insert into t_car_model(cm_id , cs_id , cm_name,cm_type ,cm_order , cm_state) values(26765,82,'2017款 3.0TSI 启程型','2017款',4,0);
insert into t_car_model(cm_id , cs_id , cm_name,cm_type ,cm_order , cm_state) values(27353,82,'2017款 3.0TSI 行政版','2017款',5,0);
insert into t_car_model(cm_id , cs_id , cm_name,cm_type ,cm_order , cm_state) values(26767,82,'2017款 3.0TSI 驭岳型','2017款',6,0);
insert into t_car_model(cm_id , cs_id , cm_name,cm_type ,cm_order , cm_state) values(26768,82,'2017款 3.0TSI R-Line攀峰型','2017款',7,0);
insert into t_car_model(cm_id , cs_id , cm_name,cm_type ,cm_order , cm_state) values(23930,82,'2016款 3.0TSI 标配型','2016款',1,0);
insert into t_car_model(cm_id , cs_id , cm_name,cm_type ,cm_order , cm_state) values(23931,82,'2016款 3.0TSI 耀越版','2016款',2,0);
insert into t_car_model(cm_id , cs_id , cm_name,cm_type ,cm_order , cm_state) values(23932,82,'2016款 3.0TSI 高配型','2016款',3,0);
insert into t_car_model(cm_id , cs_id , cm_name,cm_type ,cm_order , cm_state) values(23933,82,'2016款 3.0TSI R-Line','2016款',4,0);
insert into t_car_model(cm_id , cs_id , cm_name,cm_type ,cm_order , cm_state) values(22947,82,'2015款 3.0TDI 柴油标配型','2015款',1,0);
insert into t_car_model(cm_id , cs_id , cm_name,cm_type ,cm_order , cm_state) values(22948,82,'2015款 3.0TDI 柴油舒适型','2015款',2,0);
insert into t_car_model(cm_id , cs_id , cm_name,cm_type ,cm_order , cm_state) values(22949,82,'2015款 3.0TSI 标配型','2015款',3,0);
insert into t_car_model(cm_id , cs_id , cm_name,cm_type ,cm_order , cm_state) values(22950,82,'2015款 3.0TSI 舒适型','2015款',4,0);
insert into t_car_model(cm_id , cs_id , cm_name,cm_type ,cm_order , cm_state) values(21501,82,'2015款 3.0TSI 耀锐限量版','2015款',5,0);
insert into t_car_model(cm_id , cs_id , cm_name,cm_type ,cm_order , cm_state) values(22952,82,'2015款 3.0TSI 豪华型','2015款',6,0);
insert into t_car_model(cm_id , cs_id , cm_name,cm_type ,cm_order , cm_state) values(22951,82,'2015款 3.0TSI 高配型','2015款',7,0);
insert into t_car_model(cm_id , cs_id , cm_name,cm_type ,cm_order , cm_state) values(22954,82,'2015款 3.0TSI R-Line 豪华型','2015款',8,0);
insert into t_car_model(cm_id , cs_id , cm_name,cm_type ,cm_order , cm_state) values(17966,82,'2014款 3.0TSI 新锐版','2014款',1,0);
insert into t_car_model(cm_id , cs_id , cm_name,cm_type ,cm_order , cm_state) values(18038,82,'2014款 3.0TSI 黑色探险者','2014款',2,0);
insert into t_car_model(cm_id , cs_id , cm_name,cm_type ,cm_order , cm_state) values(17495,82,'2014款 4.2L 标准型','2014款',3,0);
insert into t_car_model(cm_id , cs_id , cm_name,cm_type ,cm_order , cm_state) values(15097,82,'2013款 3.6L 越野增强高配型','2013款',1,0);
insert into t_car_model(cm_id , cs_id , cm_name,cm_type ,cm_order , cm_state) values(15098,82,'2013款 3.6L 越野增强豪华型','2013款',2,0);
insert into t_car_model(cm_id , cs_id , cm_name,cm_type ,cm_order , cm_state) values(14024,82,'2013款 3.0TSI X 十周年限量版','2013款',3,0);
insert into t_car_model(cm_id , cs_id , cm_name,cm_type ,cm_order , cm_state) values(14531,82,'2013款 3.0TSI 限量奢华版','2013款',4,0);
insert into t_car_model(cm_id , cs_id , cm_name,cm_type ,cm_order , cm_state) values(15287,82,'2012款 R-Line 高配型','2012款',1,0);
insert into t_car_model(cm_id , cs_id , cm_name,cm_type ,cm_order , cm_state) values(9476,82,'2012款 R-Line 豪华型','2012款',2,0);
insert into t_car_model(cm_id , cs_id , cm_name,cm_type ,cm_order , cm_state) values(8943,82,'2011款 3.0TDI 柴油标配型','2011款',1,0);
insert into t_car_model(cm_id , cs_id , cm_name,cm_type ,cm_order , cm_state) values(8944,82,'2011款 3.0TDI 柴油舒适型','2011款',2,0);
insert into t_car_model(cm_id , cs_id , cm_name,cm_type ,cm_order , cm_state) values(8945,82,'2011款 3.0TDI 柴油高配型','2011款',3,0);
insert into t_car_model(cm_id , cs_id , cm_name,cm_type ,cm_order , cm_state) values(7272,82,'2011款 3.0TDI 柴油豪华型','2011款',4,0);
insert into t_car_model(cm_id , cs_id , cm_name,cm_type ,cm_order , cm_state) values(8936,82,'2011款 3.0TSI 标配型','2011款',5,0);
insert into t_car_model(cm_id , cs_id , cm_name,cm_type ,cm_order , cm_state) values(8937,82,'2011款 3.0TSI 舒适型','2011款',6,0);
insert into t_car_model(cm_id , cs_id , cm_name,cm_type ,cm_order , cm_state) values(8914,82,'2011款 3.0TSI 高配型','2011款',7,0);
insert into t_car_model(cm_id , cs_id , cm_name,cm_type ,cm_order , cm_state) values(8938,82,'2011款 3.0TSI 豪华型','2011款',8,0);
insert into t_car_model(cm_id , cs_id , cm_name,cm_type ,cm_order , cm_state) values(7121,82,'2011款 3.0TSI Hybrid','2011款',9,0);
insert into t_car_model(cm_id , cs_id , cm_name,cm_type ,cm_order , cm_state) values(7003,82,'2010款 3.6 限量舒适版','2010款',1,0);
insert into t_car_model(cm_id , cs_id , cm_name,cm_type ,cm_order , cm_state) values(7004,82,'2010款 3.6 限量豪华版','2010款',2,0);
insert into t_car_model(cm_id , cs_id , cm_name,cm_type ,cm_order , cm_state) values(6593,82,'2010款 3.6 限量顶配版','2010款',3,0);
insert into t_car_model(cm_id , cs_id , cm_name,cm_type ,cm_order , cm_state) values(7005,82,'2010款 4.2 限量顶配版','2010款',4,0);
insert into t_car_model(cm_id , cs_id , cm_name,cm_type ,cm_order , cm_state) values(5607,82,'2009款 3.0T 柴油标准型','2009款',1,0);
insert into t_car_model(cm_id , cs_id , cm_name,cm_type ,cm_order , cm_state) values(5608,82,'2009款 3.0T 柴油豪华型','2009款',2,0);
insert into t_car_model(cm_id , cs_id , cm_name,cm_type ,cm_order , cm_state) values(5609,82,'2009款 3.0T 柴油顶配型','2009款',3,0);
insert into t_car_model(cm_id , cs_id , cm_name,cm_type ,cm_order , cm_state) values(3739,82,'2008款 6.0 W12顶级型','2008款',1,0);
insert into t_car_model(cm_id , cs_id , cm_name,cm_type ,cm_order , cm_state) values(2720,82,'2007款 3.6L 标准型','2007款',1,0);
insert into t_car_model(cm_id , cs_id , cm_name,cm_type ,cm_order , cm_state) values(2721,82,'2007款 3.6L 标配型','2007款',2,0);
insert into t_car_model(cm_id , cs_id , cm_name,cm_type ,cm_order , cm_state) values(2722,82,'2007款 3.6L 豪华型','2007款',3,0);
insert into t_car_model(cm_id , cs_id , cm_name,cm_type ,cm_order , cm_state) values(2723,82,'2007款 3.6L 顶级型','2007款',4,0);
insert into t_car_model(cm_id , cs_id , cm_name,cm_type ,cm_order , cm_state) values(2832,82,'2007款 4.2L 标准型','2007款',5,0);
insert into t_car_model(cm_id , cs_id , cm_name,cm_type ,cm_order , cm_state) values(2833,82,'2007款 4.2L 顶级型','2007款',6,0);
insert into t_car_model(cm_id , cs_id , cm_name,cm_type ,cm_order , cm_state) values(2208,82,'2006款 3.2L 豪华版','2006款',1,0);
insert into t_car_model(cm_id , cs_id , cm_name,cm_type ,cm_order , cm_state) values(411,82,'2006款 3.2L 顶级版','2006款',2,0);
insert into t_car_model(cm_id , cs_id , cm_name,cm_type ,cm_order , cm_state) values(419,82,'2006款 4.2L 顶级版','2006款',3,0);
insert into t_car_model(cm_id , cs_id , cm_name,cm_type ,cm_order , cm_state) values(6836,82,'2004款 3.2L 标配版','2004款',1,0);
insert into t_car_series(cs_id,cbf_id,cs_name,cs_order,cs_letter) values(86,50,'夏朗',1077,'X');
insert into t_car_model(cm_id , cs_id , cm_name,cm_type ,cm_order , cm_state) values(41106,86,'2019款 380TSI 舒享型 7座','2019款',1,0);
insert into t_car_model(cm_id , cs_id , cm_name,cm_type ,cm_order , cm_state) values(41107,86,'2019款 380TSI 尊享型 7座','2019款',2,0);
insert into t_car_model(cm_id , cs_id , cm_name,cm_type ,cm_order , cm_state) values(31424,86,'2018款 280TSI 乐享型 7座','2018款',1,0);
insert into t_car_model(cm_id , cs_id , cm_name,cm_type ,cm_order , cm_state) values(35690,86,'2018款 改款 380TSI 舒享型 7座','2018款',2,0);
insert into t_car_model(cm_id , cs_id , cm_name,cm_type ,cm_order , cm_state) values(35726,86,'2018款 改款 380TSI 舒享型 6座','2018款',3,0);
insert into t_car_model(cm_id , cs_id , cm_name,cm_type ,cm_order , cm_state) values(31425,86,'2018款 380TSI 舒享型 7座','2018款',4,0);
insert into t_car_model(cm_id , cs_id , cm_name,cm_type ,cm_order , cm_state) values(31426,86,'2018款 380TSI 舒享型 6座','2018款',5,0);
insert into t_car_model(cm_id , cs_id , cm_name,cm_type ,cm_order , cm_state) values(35727,86,'2018款 380TSI 畅享版尊享型 7座','2018款',6,0);
insert into t_car_model(cm_id , cs_id , cm_name,cm_type ,cm_order , cm_state) values(35691,86,'2018款 380TSI 畅享版尊享型 6座','2018款',7,0);
insert into t_car_model(cm_id , cs_id , cm_name,cm_type ,cm_order , cm_state) values(31427,86,'2018款 380TSI 尊享型 7座','2018款',8,0);
insert into t_car_model(cm_id , cs_id , cm_name,cm_type ,cm_order , cm_state) values(31428,86,'2018款 380TSI 尊享型 6座','2018款',9,0);
insert into t_car_model(cm_id , cs_id , cm_name,cm_type ,cm_order , cm_state) values(31429,86,'2018款 380TSI 旗舰型 7座','2018款',10,0);
insert into t_car_model(cm_id , cs_id , cm_name,cm_type ,cm_order , cm_state) values(31430,86,'2018款 380TSI 旗舰型 6座','2018款',11,0);
insert into t_car_model(cm_id , cs_id , cm_name,cm_type ,cm_order , cm_state) values(29848,86,'2017款 380TSI 舒享型 6座','2017款',1,0);
insert into t_car_model(cm_id , cs_id , cm_name,cm_type ,cm_order , cm_state) values(29849,86,'2017款 380TSI 尊享型 6座','2017款',2,0);
insert into t_car_model(cm_id , cs_id , cm_name,cm_type ,cm_order , cm_state) values(29847,86,'2017款 380TSI 旗舰型 7座','2017款',3,0);
insert into t_car_model(cm_id , cs_id , cm_name,cm_type ,cm_order , cm_state) values(29850,86,'2017款 380TSI 旗舰型 6座','2017款',4,0);
insert into t_car_model(cm_id , cs_id , cm_name,cm_type ,cm_order , cm_state) values(26355,86,'2016款 280TSI 乐享型 7座','2016款',1,0);
insert into t_car_model(cm_id , cs_id , cm_name,cm_type ,cm_order , cm_state) values(26666,86,'2016款 380TSI 舒享型 7座','2016款',2,0);
insert into t_car_model(cm_id , cs_id , cm_name,cm_type ,cm_order , cm_state) values(26365,86,'2016款 380TSI 澄净蓝限量版','2016款',3,0);
insert into t_car_model(cm_id , cs_id , cm_name,cm_type ,cm_order , cm_state) values(26364,86,'2016款 380TSI 暖心红限量版','2016款',4,0);
insert into t_car_model(cm_id , cs_id , cm_name,cm_type ,cm_order , cm_state) values(26667,86,'2016款 380TSI 尊享型 7座','2016款',5,0);
insert into t_car_model(cm_id , cs_id , cm_name,cm_type ,cm_order , cm_state) values(26133,86,'2015款 1.8TSI 舒适型','2015款',1,0);
insert into t_car_model(cm_id , cs_id , cm_name,cm_type ,cm_order , cm_state) values(20502,86,'2014款 2.0TSI 标配型','2014款',1,0);
insert into t_car_model(cm_id , cs_id , cm_name,cm_type ,cm_order , cm_state) values(20503,86,'2014款 2.0TSI 舒适型','2014款',2,0);
insert into t_car_model(cm_id , cs_id , cm_name,cm_type ,cm_order , cm_state) values(20504,86,'2014款 2.0TSI 豪华型','2014款',3,0);
insert into t_car_model(cm_id , cs_id , cm_name,cm_type ,cm_order , cm_state) values(14812,86,'2013款 1.8TSI 标配型 欧IV','2013款',1,0);
insert into t_car_model(cm_id , cs_id , cm_name,cm_type ,cm_order , cm_state) values(14813,86,'2013款 1.8TSI 舒适型 欧IV','2013款',2,0);
insert into t_car_model(cm_id , cs_id , cm_name,cm_type ,cm_order , cm_state) values(16210,86,'2013款 1.8TSI 舒适型','2013款',3,0);
insert into t_car_model(cm_id , cs_id , cm_name,cm_type ,cm_order , cm_state) values(16206,86,'2013款 2.0TSI 标配型','2013款',4,0);
insert into t_car_model(cm_id , cs_id , cm_name,cm_type ,cm_order , cm_state) values(16207,86,'2013款 2.0TSI 舒适型','2013款',5,0);
insert into t_car_model(cm_id , cs_id , cm_name,cm_type ,cm_order , cm_state) values(16208,86,'2013款 2.0TSI 豪华型','2013款',6,0);
insert into t_car_model(cm_id , cs_id , cm_name,cm_type ,cm_order , cm_state) values(16209,86,'2013款 1.8TSI 标配型','2013款',7,0);
insert into t_car_model(cm_id , cs_id , cm_name,cm_type ,cm_order , cm_state) values(11881,86,'2012款 2.0TSI 标配型 欧IV','2012款',1,0);
insert into t_car_model(cm_id , cs_id , cm_name,cm_type ,cm_order , cm_state) values(7180,86,'2012款 2.0TSI 舒适型 欧IV','2012款',2,0);
insert into t_car_model(cm_id , cs_id , cm_name,cm_type ,cm_order , cm_state) values(11882,86,'2012款 2.0TSI 豪华型 欧IV','2012款',3,0);
insert into t_car_model(cm_id , cs_id , cm_name,cm_type ,cm_order , cm_state) values(958,86,'2004款 1.8T AT','2004款',1,0);
insert into t_car_model(cm_id , cs_id , cm_name,cm_type ,cm_order , cm_state) values(499,86,'2004款 2.8 V6','2004款',2,0);
insert into t_car_series(cs_id,cbf_id,cs_name,cs_order,cs_letter) values(631,50,'迈特威',1078,'M');
insert into t_car_model(cm_id , cs_id , cm_name,cm_type ,cm_order , cm_state) values(37979,631,'2019款 2.0TSI 两驱豪华版 7座','2019款',1,0);
insert into t_car_model(cm_id , cs_id , cm_name,cm_type ,cm_order , cm_state) values(37980,631,'2019款 2.0TSI 四驱尊享版 7座','2019款',2,0);
insert into t_car_model(cm_id , cs_id , cm_name,cm_type ,cm_order , cm_state) values(31271,631,'2018款 2.0TSI 两驱舒适版 7座','2018款',1,0);
insert into t_car_model(cm_id , cs_id , cm_name,cm_type ,cm_order , cm_state) values(31272,631,'2018款 2.0TSI 两驱豪华版 6座','2018款',2,0);
insert into t_car_model(cm_id , cs_id , cm_name,cm_type ,cm_order , cm_state) values(31273,631,'2018款 2.0TSI 两驱豪华版 7座','2018款',3,0);
insert into t_car_model(cm_id , cs_id , cm_name,cm_type ,cm_order , cm_state) values(31274,631,'2018款 2.0TSI 四驱尊享版 6座','2018款',4,0);
insert into t_car_model(cm_id , cs_id , cm_name,cm_type ,cm_order , cm_state) values(31275,631,'2018款 2.0TSI 四驱尊享版 7座','2018款',5,0);
insert into t_car_model(cm_id , cs_id , cm_name,cm_type ,cm_order , cm_state) values(35871,631,'2018款 2.0TSI 四驱探索版 7座','2018款',6,0);
insert into t_car_model(cm_id , cs_id , cm_name,cm_type ,cm_order , cm_state) values(34835,631,'2018款 2.0TSI 四驱悠享版 7座','2018款',7,0);
insert into t_car_model(cm_id , cs_id , cm_name,cm_type ,cm_order , cm_state) values(33012,631,'2018款 2.0TSI 四驱风尚版 7座','2018款',8,0);
insert into t_car_model(cm_id , cs_id , cm_name,cm_type ,cm_order , cm_state) values(29516,631,'2017款 2.0TSI 两驱舒适版 7座','2017款',1,0);
insert into t_car_model(cm_id , cs_id , cm_name,cm_type ,cm_order , cm_state) values(29517,631,'2017款 2.0TSI 两驱豪华版 6座','2017款',2,0);
insert into t_car_model(cm_id , cs_id , cm_name,cm_type ,cm_order , cm_state) values(29518,631,'2017款 2.0TSI 两驱豪华版 7座','2017款',3,0);
insert into t_car_model(cm_id , cs_id , cm_name,cm_type ,cm_order , cm_state) values(29519,631,'2017款 2.0TSI 四驱尊享版 6座','2017款',4,0);
insert into t_car_model(cm_id , cs_id , cm_name,cm_type ,cm_order , cm_state) values(29520,631,'2017款 2.0TSI 四驱尊享版 7座','2017款',5,0);
insert into t_car_model(cm_id , cs_id , cm_name,cm_type ,cm_order , cm_state) values(25549,631,'2017款 2.0TSI 四驱探索版 7座','2017款',6,0);
insert into t_car_model(cm_id , cs_id , cm_name,cm_type ,cm_order , cm_state) values(26585,631,'2016款 2.0TSI 两驱舒适版 7座','2016款',1,0);
insert into t_car_model(cm_id , cs_id , cm_name,cm_type ,cm_order , cm_state) values(26592,631,'2016款 2.0TSI 两驱豪华版 6座','2016款',2,0);
insert into t_car_model(cm_id , cs_id , cm_name,cm_type ,cm_order , cm_state) values(26586,631,'2016款 2.0TSI 两驱豪华版 7座','2016款',3,0);
insert into t_car_model(cm_id , cs_id , cm_name,cm_type ,cm_order , cm_state) values(26593,631,'2016款 2.0TSI 四驱尊享版 6座','2016款',4,0);
insert into t_car_model(cm_id , cs_id , cm_name,cm_type ,cm_order , cm_state) values(26587,631,'2016款 2.0TSI 四驱尊享版 7座','2016款',5,0);
insert into t_car_model(cm_id , cs_id , cm_name,cm_type ,cm_order , cm_state) values(28240,631,'2016款 2.0TSI 两驱66周年纪念版','2016款',6,0);
insert into t_car_model(cm_id , cs_id , cm_name,cm_type ,cm_order , cm_state) values(28241,631,'2016款 2.0TSI 四驱66周年纪念版','2016款',7,0);
insert into t_car_model(cm_id , cs_id , cm_name,cm_type ,cm_order , cm_state) values(23545,631,'2015款 2.0TSI 四驱65周年限量版','2015款',1,0);
insert into t_car_model(cm_id , cs_id , cm_name,cm_type ,cm_order , cm_state) values(17494,631,'2014款 2.0TSI 四驱行政版','2014款',1,0);
insert into t_car_model(cm_id , cs_id , cm_name,cm_type ,cm_order , cm_state) values(11598,631,'2012款 2.0TSI 两驱商务版','2012款',1,0);
insert into t_car_model(cm_id , cs_id , cm_name,cm_type ,cm_order , cm_state) values(11599,631,'2012款 2.0TSI 两驱豪华版','2012款',2,0);
insert into t_car_model(cm_id , cs_id , cm_name,cm_type ,cm_order , cm_state) values(10035,631,'2012款 2.0TSI 四驱尊享版','2012款',3,0);
insert into t_car_model(cm_id , cs_id , cm_name,cm_type ,cm_order , cm_state) values(4020,631,'2008款 3.2L','2008款',1,0);
insert into t_car_series(cs_id,cbf_id,cs_name,cs_order,cs_letter) values(3416,50,'凯路威',1079,'K');
insert into t_car_model(cm_id , cs_id , cm_name,cm_type ,cm_order , cm_state) values(37981,3416,'2019款 2.0TSI 四驱舒适版 7座','2019款',1,0);
insert into t_car_model(cm_id , cs_id , cm_name,cm_type ,cm_order , cm_state) values(37982,3416,'2019款 2.0TSI 四驱舒适版 9座','2019款',2,0);
insert into t_car_model(cm_id , cs_id , cm_name,cm_type ,cm_order , cm_state) values(37983,3416,'2019款 2.0TSI 四驱豪华版 7座','2019款',3,0);
insert into t_car_model(cm_id , cs_id , cm_name,cm_type ,cm_order , cm_state) values(31265,3416,'2018款 2.0TSI 四驱舒适版 7座','2018款',1,0);
insert into t_car_model(cm_id , cs_id , cm_name,cm_type ,cm_order , cm_state) values(31266,3416,'2018款 2.0TSI 四驱舒适版 8座','2018款',2,0);
insert into t_car_model(cm_id , cs_id , cm_name,cm_type ,cm_order , cm_state) values(31264,3416,'2018款 2.0TSI 两驱舒适版 9座','2018款',3,0);
insert into t_car_model(cm_id , cs_id , cm_name,cm_type ,cm_order , cm_state) values(31267,3416,'2018款 2.0TSI 四驱舒适版 9座','2018款',4,0);
insert into t_car_model(cm_id , cs_id , cm_name,cm_type ,cm_order , cm_state) values(31268,3416,'2018款 2.0TSI 四驱豪华版 7座','2018款',5,0);
insert into t_car_model(cm_id , cs_id , cm_name,cm_type ,cm_order , cm_state) values(31269,3416,'2018款 2.0TSI 四驱豪华版 8座','2018款',6,0);
insert into t_car_model(cm_id , cs_id , cm_name,cm_type ,cm_order , cm_state) values(29506,3416,'2017款 2.0TSI 两驱舒适版 9座','2017款',1,0);
insert into t_car_model(cm_id , cs_id , cm_name,cm_type ,cm_order , cm_state) values(29505,3416,'2017款 2.0TSI 四驱舒适版 7座','2017款',2,0);
insert into t_car_model(cm_id , cs_id , cm_name,cm_type ,cm_order , cm_state) values(29507,3416,'2017款 2.0TSI 四驱舒适版 8座','2017款',3,0);
insert into t_car_model(cm_id , cs_id , cm_name,cm_type ,cm_order , cm_state) values(29508,3416,'2017款 2.0TSI 四驱舒适版 9座','2017款',4,0);
insert into t_car_model(cm_id , cs_id , cm_name,cm_type ,cm_order , cm_state) values(29510,3416,'2017款 2.0TSI 四驱豪华版 7座','2017款',5,0);
insert into t_car_model(cm_id , cs_id , cm_name,cm_type ,cm_order , cm_state) values(29509,3416,'2017款 2.0TSI 四驱豪华版 8座','2017款',6,0);
insert into t_car_model(cm_id , cs_id , cm_name,cm_type ,cm_order , cm_state) values(26590,3416,'2016款 2.0TSI 两驱舒适版 8座','2016款',1,0);
insert into t_car_model(cm_id , cs_id , cm_name,cm_type ,cm_order , cm_state) values(26588,3416,'2016款 2.0TSI 两驱舒适版 9座','2016款',2,0);
insert into t_car_model(cm_id , cs_id , cm_name,cm_type ,cm_order , cm_state) values(26591,3416,'2016款 2.0TSI 四驱舒适版 8座','2016款',3,0);
insert into t_car_model(cm_id , cs_id , cm_name,cm_type ,cm_order , cm_state) values(26589,3416,'2016款 2.0TSI 四驱舒适版 9座','2016款',4,0);
insert into t_car_model(cm_id , cs_id , cm_name,cm_type ,cm_order , cm_state) values(23105,3416,'2015款 2.0TSI 两驱舒适版','2015款',1,0);
insert into t_car_model(cm_id , cs_id , cm_name,cm_type ,cm_order , cm_state) values(23106,3416,'2015款 2.0TSI 四驱舒适版','2015款',2,0);
insert into t_car_model(cm_id , cs_id , cm_name,cm_type ,cm_order , cm_state) values(18584,3416,'2014款 2.0TSI 两驱舒适版','2014款',1,0);
insert into t_car_model(cm_id , cs_id , cm_name,cm_type ,cm_order , cm_state) values(18585,3416,'2014款 2.0TSI 四驱舒适版','2014款',2,0);
insert into t_car_series(cs_id,cbf_id,cs_name,cs_order,cs_letter) values(4330,50,'大众e-up!',1080,'D');
insert into t_car_model(cm_id , cs_id , cm_name,cm_type ,cm_order , cm_state) values(15320,4330,'2015款 electric up!','2015款',1,0);
insert into t_car_series(cs_id,cbf_id,cs_name,cs_order,cs_letter) values(780,50,'大众up!',1082,'D');
insert into t_car_model(cm_id , cs_id , cm_name,cm_type ,cm_order , cm_state) values(27517,780,'2016款 1.0L cross up!','2016款',1,0);
insert into t_car_model(cm_id , cs_id , cm_name,cm_type ,cm_order , cm_state) values(21702,780,'2015款 1.0L move up!','2015款',1,0);
insert into t_car_model(cm_id , cs_id , cm_name,cm_type ,cm_order , cm_state) values(21703,780,'2015款 1.0L high up!','2015款',2,0);
insert into t_car_series(cs_id,cbf_id,cs_name,cs_order,cs_letter) values(368,50,'Passat',1092,'P');
insert into t_car_model(cm_id , cs_id , cm_name,cm_type ,cm_order , cm_state) values(8198,368,'2011款 2.0T旅行版 舒适型','2011款',1,0);
insert into t_car_model(cm_id , cs_id , cm_name,cm_type ,cm_order , cm_state) values(8199,368,'2011款 2.0T旅行版 豪华型','2011款',2,0);
insert into t_car_model(cm_id , cs_id , cm_name,cm_type ,cm_order , cm_state) values(3906,368,'2008款 R36 3.6 I FSI','2008款',1,0);
insert into t_car_model(cm_id , cs_id , cm_name,cm_type ,cm_order , cm_state) values(4698,368,'2008款 R36 旅行版','2008款',2,0);
insert into t_car_model(cm_id , cs_id , cm_name,cm_type ,cm_order , cm_state) values(6840,368,'2003款 2.3豪华型','2003款',1,0);
insert into t_car_model(cm_id , cs_id , cm_name,cm_type ,cm_order , cm_state) values(6844,368,'2003款 2.8豪华型','2003款',2,0);
insert into t_car_series(cs_id,cbf_id,cs_name,cs_order,cs_letter) values(700,50,'大众CC',1094,'D');
insert into t_car_model(cm_id , cs_id , cm_name,cm_type ,cm_order , cm_state) values(6817,700,'2012款 3.6FSI R-Line','2012款',1,0);
insert into t_car_model(cm_id , cs_id , cm_name,cm_type ,cm_order , cm_state) values(4941,700,'2010款 2.0TSI 风尚版','2010款',1,0);
insert into t_car_model(cm_id , cs_id , cm_name,cm_type ,cm_order , cm_state) values(6236,700,'2010款 2.0TSI 豪华版','2010款',2,0);
insert into t_car_model(cm_id , cs_id , cm_name,cm_type ,cm_order , cm_state) values(3905,700,'2009款 3.6FSI 舒适版','2009款',1,0);
insert into t_car_model(cm_id , cs_id , cm_name,cm_type ,cm_order , cm_state) values(4696,700,'2009款 3.6FSI 顶配版','2009款',2,0);
insert into t_car_series(cs_id,cbf_id,cs_name,cs_order,cs_letter) values(430,50,'大众Eos',1121,'D');
insert into t_car_model(cm_id , cs_id , cm_name,cm_type ,cm_order , cm_state) values(8712,430,'2011款 2.0TSI','2011款',1,0);
insert into t_car_model(cm_id , cs_id , cm_name,cm_type ,cm_order , cm_state) values(9676,430,'2010款 2.0TSI DSG 舒适版','2010款',1,0);
insert into t_car_model(cm_id , cs_id , cm_name,cm_type ,cm_order , cm_state) values(9677,430,'2010款 2.0TSI DSG 豪华版','2010款',2,0);
insert into t_car_model(cm_id , cs_id , cm_name,cm_type ,cm_order , cm_state) values(7797,430,'2010款 2.0TSI DSG 月夜版','2010款',3,0);
insert into t_car_model(cm_id , cs_id , cm_name,cm_type ,cm_order , cm_state) values(3957,430,'2008款 2.0TSI 6MT','2008款',1,0);
insert into t_car_model(cm_id , cs_id , cm_name,cm_type ,cm_order , cm_state) values(3298,430,'2008款 2.0TSI DSG','2008款',2,0);
insert into t_car_series(cs_id,cbf_id,cs_name,cs_order,cs_letter) values(539,50,'迈腾(进口)',1132,'M');
insert into t_car_model(cm_id , cs_id , cm_name,cm_type ,cm_order , cm_state) values(23490,539,'2015款 旅行版 2.0TSI 舒适型','2015款',1,0);
insert into t_car_model(cm_id , cs_id , cm_name,cm_type ,cm_order , cm_state) values(11386,539,'2012款 旅行版 2.0TSI 舒适型','2012款',1,0);
insert into t_car_model(cm_id , cs_id , cm_name,cm_type ,cm_order , cm_state) values(11432,539,'2012款 旅行版 2.0TSI 豪华型','2012款',2,0);
insert into t_car_model(cm_id , cs_id , cm_name,cm_type ,cm_order , cm_state) values(13771,539,'2012款 旅行版 2.0TSI 四驱舒适型','2012款',3,0);
insert into t_car_model(cm_id , cs_id , cm_name,cm_type ,cm_order , cm_state) values(13676,539,'2012款 旅行版 2.0TSI 四驱豪华型','2012款',4,0);
insert into t_car_model(cm_id , cs_id , cm_name,cm_type ,cm_order , cm_state) values(3031,539,'2007款 3.2 豪华型','2007款',1,0);
insert into t_car_model(cm_id , cs_id , cm_name,cm_type ,cm_order , cm_state) values(2991,539,'2007款 3.2 尊贵型','2007款',2,0);
insert into t_car_series(cs_id,cbf_id,cs_name,cs_order,cs_letter) values(224,50,'辉腾',1133,'H');
insert into t_car_model(cm_id , cs_id , cm_name,cm_type ,cm_order , cm_state) values(22991,224,'2015款 3.0L 智享版','2015款',1,0);
insert into t_car_model(cm_id , cs_id , cm_name,cm_type ,cm_order , cm_state) values(22992,224,'2015款 3.0L 专享版','2015款',2,0);
insert into t_car_model(cm_id , cs_id , cm_name,cm_type ,cm_order , cm_state) values(22993,224,'2015款 3.6L 尊享版','2015款',3,0);
insert into t_car_model(cm_id , cs_id , cm_name,cm_type ,cm_order , cm_state) values(22612,224,'2015款  4.2L 奢享版','2015款',4,0);
insert into t_car_model(cm_id , cs_id , cm_name,cm_type ,cm_order , cm_state) values(20477,224,'2014款 3.0L 商务型','2014款',1,0);
insert into t_car_model(cm_id , cs_id , cm_name,cm_type ,cm_order , cm_state) values(20478,224,'2014款 3.0L 行政型','2014款',2,0);
insert into t_car_model(cm_id , cs_id , cm_name,cm_type ,cm_order , cm_state) values(16231,224,'2013款 4.2L 柏秋纳弗洛版','2013款',1,0);
insert into t_car_model(cm_id , cs_id , cm_name,cm_type ,cm_order , cm_state) values(12512,224,'2012款 3.0L 商务型','2012款',1,0);
insert into t_car_model(cm_id , cs_id , cm_name,cm_type ,cm_order , cm_state) values(12513,224,'2012款 3.0L 行政型','2012款',2,0);
insert into t_car_model(cm_id , cs_id , cm_name,cm_type ,cm_order , cm_state) values(12518,224,'2012款 6.0L 奢享定制型','2012款',3,0);
insert into t_car_model(cm_id , cs_id , cm_name,cm_type ,cm_order , cm_state) values(7932,224,'2012款 3.0TDI 行政型','2012款',4,0);
insert into t_car_model(cm_id , cs_id , cm_name,cm_type ,cm_order , cm_state) values(12514,224,'2012款 3.0L 精英定制型','2012款',5,0);
insert into t_car_model(cm_id , cs_id , cm_name,cm_type ,cm_order , cm_state) values(12515,224,'2012款 3.0TDI 精英定制型','2012款',6,0);
insert into t_car_model(cm_id , cs_id , cm_name,cm_type ,cm_order , cm_state) values(12516,224,'2012款 3.6L 尊享定制型','2012款',7,0);
insert into t_car_model(cm_id , cs_id , cm_name,cm_type ,cm_order , cm_state) values(12517,224,'2012款 4.2L 奢享定制型','2012款',8,0);
insert into t_car_model(cm_id , cs_id , cm_name,cm_type ,cm_order , cm_state) values(7642,224,'2011款 3.6L V6 5座加长商务版','2011款',1,0);
insert into t_car_model(cm_id , cs_id , cm_name,cm_type ,cm_order , cm_state) values(8521,224,'2011款 3.6L V6 5座加长舒适版','2011款',2,0);
insert into t_car_model(cm_id , cs_id , cm_name,cm_type ,cm_order , cm_state) values(8576,224,'2011款 3.6L V6 5座加长Individual版','2011款',3,0);
insert into t_car_model(cm_id , cs_id , cm_name,cm_type ,cm_order , cm_state) values(8577,224,'2011款 3.6L V6 4座加长Individual版','2011款',4,0);
insert into t_car_model(cm_id , cs_id , cm_name,cm_type ,cm_order , cm_state) values(7927,224,'2011款 4.2L V8 4座加长Individual版','2011款',5,0);
insert into t_car_model(cm_id , cs_id , cm_name,cm_type ,cm_order , cm_state) values(7924,224,'2011款 6.0L W12 4座加长Individual版','2011款',6,0);
insert into t_car_model(cm_id , cs_id , cm_name,cm_type ,cm_order , cm_state) values(5180,224,'2009款 3.6L V6 5座加长舒适版','2009款',1,0);
insert into t_car_model(cm_id , cs_id , cm_name,cm_type ,cm_order , cm_state) values(5187,224,'2009款 3.6L V6 5座加长豪华版','2009款',2,0);
insert into t_car_model(cm_id , cs_id , cm_name,cm_type ,cm_order , cm_state) values(5181,224,'2009款 3.6L V6 5座加长顶级版','2009款',3,0);
insert into t_car_model(cm_id , cs_id , cm_name,cm_type ,cm_order , cm_state) values(5182,224,'2009款 3.6L V6 4座加长行政版','2009款',4,0);
insert into t_car_model(cm_id , cs_id , cm_name,cm_type ,cm_order , cm_state) values(5197,224,'2009款 4.2L V8 5座加长行政版','2009款',5,0);
insert into t_car_model(cm_id , cs_id , cm_name,cm_type ,cm_order , cm_state) values(5198,224,'2009款 4.2L V8 4座加长行政版','2009款',6,0);
insert into t_car_model(cm_id , cs_id , cm_name,cm_type ,cm_order , cm_state) values(5199,224,'2009款 6.0L W12 5座加长尊崇版','2009款',7,0);
insert into t_car_model(cm_id , cs_id , cm_name,cm_type ,cm_order , cm_state) values(5200,224,'2009款 6.0L W12 4座加长尊崇版','2009款',8,0);
insert into t_car_model(cm_id , cs_id , cm_name,cm_type ,cm_order , cm_state) values(2813,224,'2007款 3.2L V6 5座基本版','2007款',1,0);
insert into t_car_model(cm_id , cs_id , cm_name,cm_type ,cm_order , cm_state) values(2205,224,'2006款 4.2L V8 4座豪华版','2006款',1,0);
insert into t_car_model(cm_id , cs_id , cm_name,cm_type ,cm_order , cm_state) values(2206,224,'2006款 6.0L W12 4座豪华版','2006款',2,0);
insert into t_car_model(cm_id , cs_id , cm_name,cm_type ,cm_order , cm_state) values(1979,224,'2005款 3.2L V6 5座豪华版','2005款',1,0);
insert into t_car_model(cm_id , cs_id , cm_name,cm_type ,cm_order , cm_state) values(1980,224,'2005款 6.0L W12 5座豪华版','2005款',2,0);
insert into t_car_model(cm_id , cs_id , cm_name,cm_type ,cm_order , cm_state) values(1226,224,'2004款 4.2L V8 5座豪华版','2004款',1,0);
insert into t_car_model(cm_id , cs_id , cm_name,cm_type ,cm_order , cm_state) values(376,224,'2004款 6.0L W12','2004款',2,0);
insert into t_car_series(cs_id,cbf_id,cs_name,cs_order,cs_letter) values(669,50,'尚酷',1136,'S');
insert into t_car_model(cm_id , cs_id , cm_name,cm_type ,cm_order , cm_state) values(25815,669,'2016款 1.4TSI Club版','2016款',1,0);
insert into t_car_model(cm_id , cs_id , cm_name,cm_type ,cm_order , cm_state) values(18231,669,'2015款 1.4TSI 风尚版','2015款',1,0);
insert into t_car_model(cm_id , cs_id , cm_name,cm_type ,cm_order , cm_state) values(20640,669,'2015款 1.4TSI 舒适版','2015款',2,0);
insert into t_car_model(cm_id , cs_id , cm_name,cm_type ,cm_order , cm_state) values(20641,669,'2015款 2.0TSI 豪华版','2015款',3,0);
insert into t_car_model(cm_id , cs_id , cm_name,cm_type ,cm_order , cm_state) values(18232,669,'2015款  R 2.0TSI','2015款',4,0);
insert into t_car_model(cm_id , cs_id , cm_name,cm_type ,cm_order , cm_state) values(17681,669,'2014款 1.4TSI 竞驰版','2014款',1,0);
insert into t_car_model(cm_id , cs_id , cm_name,cm_type ,cm_order , cm_state) values(16000,669,'2013款 1.4TSI GTS','2013款',1,0);
insert into t_car_model(cm_id , cs_id , cm_name,cm_type ,cm_order , cm_state) values(15964,669,'2013款 2.0TSI 百万里程版','2013款',2,0);
insert into t_car_model(cm_id , cs_id , cm_name,cm_type ,cm_order , cm_state) values(12975,669,'2013款 2.0TSI GTS','2013款',3,0);
insert into t_car_model(cm_id , cs_id , cm_name,cm_type ,cm_order , cm_state) values(10987,669,'2011款 1.4TSI 单增压风尚版','2011款',1,0);
insert into t_car_model(cm_id , cs_id , cm_name,cm_type ,cm_order , cm_state) values(14683,669,'2011款 1.4TSI 舒适版','2011款',2,0);
insert into t_car_model(cm_id , cs_id , cm_name,cm_type ,cm_order , cm_state) values(14681,669,'2011款 2.0TSI R-Line','2011款',3,0);
insert into t_car_model(cm_id , cs_id , cm_name,cm_type ,cm_order , cm_state) values(5493,669,'2011款 R 2.0TSI','2011款',4,0);
insert into t_car_model(cm_id , cs_id , cm_name,cm_type ,cm_order , cm_state) values(14684,669,'2011款 2.0TSI 豪华版','2011款',5,0);
insert into t_car_model(cm_id , cs_id , cm_name,cm_type ,cm_order , cm_state) values(5035,669,'2010款 2.0TSI 运动版','2010款',1,0);
insert into t_car_model(cm_id , cs_id , cm_name,cm_type ,cm_order , cm_state) values(5133,669,'2010款 2.0TSI 豪华版','2010款',2,0);
insert into t_car_model(cm_id , cs_id , cm_name,cm_type ,cm_order , cm_state) values(5134,669,'2009款 1.4TSI 风尚版','2009款',1,0);
insert into t_car_model(cm_id , cs_id , cm_name,cm_type ,cm_order , cm_state) values(4459,669,'2009款 1.4 TSI 手动运动版','2009款',2,0);
insert into t_car_model(cm_id , cs_id , cm_name,cm_type ,cm_order , cm_state) values(4699,669,'2009款 1.4TSI 豪华版','2009款',3,0);
