insert into t_car_brand_factory(cbf_id , cb_id , cbf_name ,cbf_letter) values(152,36,'北京奔驰','B');
insert into t_car_series(cs_id,cbf_id,cs_name,cs_order,cs_letter) values(5217,152,'奔驰A级AMG',434,'B');
insert into t_car_model(cm_id , cs_id , cm_name,cm_type ,cm_order , cm_state) values(41531,5217,'2019款 AMG A 35 L 低配版','2019款',1,0);
insert into t_car_model(cm_id , cs_id , cm_name,cm_type ,cm_order , cm_state) values(38618,5217,'2019款 AMG A 35 L 高配版','2019款',2,0);
insert into t_car_series(cs_id,cbf_id,cs_name,cs_order,cs_letter) values(5232,152,'奔驰EQC',435,'B');
insert into t_car_model(cm_id , cs_id , cm_name,cm_type ,cm_order , cm_state) values(41545,5232,'2019款 EQC 400 4MATIC 创世代1886限量版','2019款',1,0);
insert into t_car_series(cs_id,cbf_id,cs_name,cs_order,cs_letter) values(4764,152,'奔驰A级',436,'B');
insert into t_car_model(cm_id , cs_id , cm_name,cm_type ,cm_order , cm_state) values(42449,4764,'2020款 A 180 L','2020款',1,0);
insert into t_car_model(cm_id , cs_id , cm_name,cm_type ,cm_order , cm_state) values(42450,4764,'2020款 A 180 L 运动轿车','2020款',2,0);
insert into t_car_model(cm_id , cs_id , cm_name,cm_type ,cm_order , cm_state) values(42451,4764,'2020款 A 200 L','2020款',3,0);
insert into t_car_model(cm_id , cs_id , cm_name,cm_type ,cm_order , cm_state) values(42452,4764,'2020款 A 200 L 运动轿车','2020款',4,0);
insert into t_car_model(cm_id , cs_id , cm_name,cm_type ,cm_order , cm_state) values(42453,4764,'2020款 A 220 L 4MATIC 运动轿车','2020款',5,0);
insert into t_car_model(cm_id , cs_id , cm_name,cm_type ,cm_order , cm_state) values(40542,4764,'2019款 改款 A 180 L','2019款',1,0);
insert into t_car_model(cm_id , cs_id , cm_name,cm_type ,cm_order , cm_state) values(40543,4764,'2019款 改款 A 180 L 运动轿车','2019款',2,0);
insert into t_car_model(cm_id , cs_id , cm_name,cm_type ,cm_order , cm_state) values(40544,4764,'2019款 改款 A 200 L','2019款',3,0);
insert into t_car_model(cm_id , cs_id , cm_name,cm_type ,cm_order , cm_state) values(40545,4764,'2019款 改款 A 200 L 运动轿车','2019款',4,0);
insert into t_car_model(cm_id , cs_id , cm_name,cm_type ,cm_order , cm_state) values(40539,4764,'2019款 A 220 L 4MATIC 运动轿车','2019款',5,0);
insert into t_car_model(cm_id , cs_id , cm_name,cm_type ,cm_order , cm_state) values(36642,4764,'2019款 A 180 L','2019款',6,0);
insert into t_car_model(cm_id , cs_id , cm_name,cm_type ,cm_order , cm_state) values(36749,4764,'2019款 A 180 L 运动轿车','2019款',7,0);
insert into t_car_model(cm_id , cs_id , cm_name,cm_type ,cm_order , cm_state) values(34428,4764,'2019款 A 200 L','2019款',8,0);
insert into t_car_model(cm_id , cs_id , cm_name,cm_type ,cm_order , cm_state) values(34253,4764,'2019款 A 200 L 运动轿车','2019款',9,0);
insert into t_car_model(cm_id , cs_id , cm_name,cm_type ,cm_order , cm_state) values(36319,4764,'2019款 A 200 L 运动轿车先行特别版','2019款',10,0);
insert into t_car_series(cs_id,cbf_id,cs_name,cs_order,cs_letter) values(588,152,'奔驰C级',437,'B');
insert into t_car_model(cm_id , cs_id , cm_name,cm_type ,cm_order , cm_state) values(41968,588,'2020款 C 260 运动版','2020款',1,0);
insert into t_car_model(cm_id , cs_id , cm_name,cm_type ,cm_order , cm_state) values(41969,588,'2020款 C 260 运动版 4MATIC','2020款',2,0);
insert into t_car_model(cm_id , cs_id , cm_name,cm_type ,cm_order , cm_state) values(41970,588,'2020款 C 300 运动版','2020款',3,0);
insert into t_car_model(cm_id , cs_id , cm_name,cm_type ,cm_order , cm_state) values(41952,588,'2020款 C 200 L 时尚型','2020款',4,0);
insert into t_car_model(cm_id , cs_id , cm_name,cm_type ,cm_order , cm_state) values(41953,588,'2020款 C 200 L 时尚型运动版','2020款',5,0);
insert into t_car_model(cm_id , cs_id , cm_name,cm_type ,cm_order , cm_state) values(41958,588,'2020款 C 260 L','2020款',6,0);
insert into t_car_model(cm_id , cs_id , cm_name,cm_type ,cm_order , cm_state) values(41961,588,'2020款 C 260 L 运动版','2020款',7,0);
insert into t_car_model(cm_id , cs_id , cm_name,cm_type ,cm_order , cm_state) values(41959,588,'2020款 C 260 L 4MATIC','2020款',8,0);
insert into t_car_model(cm_id , cs_id , cm_name,cm_type ,cm_order , cm_state) values(41962,588,'2020款 C 260 L 4MATIC 运动版','2020款',9,0);
insert into t_car_model(cm_id , cs_id , cm_name,cm_type ,cm_order , cm_state) values(41960,588,'2020款 C 300 L','2020款',10,0);
insert into t_car_model(cm_id , cs_id , cm_name,cm_type ,cm_order , cm_state) values(41963,588,'2020款 C 300 L 运动版','2020款',11,0);
insert into t_car_model(cm_id , cs_id , cm_name,cm_type ,cm_order , cm_state) values(41951,588,'2020款 C 200 L 动感型运动版','2019款',1,0);
insert into t_car_model(cm_id , cs_id , cm_name,cm_type ,cm_order , cm_state) values(36171,588,'2019款 C 260 运动版','2019款',2,0);
insert into t_car_model(cm_id , cs_id , cm_name,cm_type ,cm_order , cm_state) values(36172,588,'2019款 C 260 运动版 4MATIC','2019款',3,0);
insert into t_car_model(cm_id , cs_id , cm_name,cm_type ,cm_order , cm_state) values(36173,588,'2019款 C 300 运动版','2019款',4,0);
insert into t_car_model(cm_id , cs_id , cm_name,cm_type ,cm_order , cm_state) values(36174,588,'2019款 C 180 L 动感型运动版','2019款',5,0);
insert into t_car_model(cm_id , cs_id , cm_name,cm_type ,cm_order , cm_state) values(36175,588,'2019款 C 180 L 时尚型','2019款',6,0);
insert into t_car_model(cm_id , cs_id , cm_name,cm_type ,cm_order , cm_state) values(36176,588,'2019款 C 180 L 时尚型运动版','2019款',7,0);
insert into t_car_model(cm_id , cs_id , cm_name,cm_type ,cm_order , cm_state) values(38240,588,'2019款 改款 C 260 L','2019款',8,0);
insert into t_car_model(cm_id , cs_id , cm_name,cm_type ,cm_order , cm_state) values(38241,588,'2019款 改款 C 260 L 运动版','2019款',9,0);
insert into t_car_model(cm_id , cs_id , cm_name,cm_type ,cm_order , cm_state) values(38236,588,'2019款 改款 C 260 L 4MATIC','2019款',10,0);
insert into t_car_model(cm_id , cs_id , cm_name,cm_type ,cm_order , cm_state) values(38238,588,'2019款 改款 C 260 L 4MATIC 运动版','2019款',11,0);
insert into t_car_model(cm_id , cs_id , cm_name,cm_type ,cm_order , cm_state) values(36180,588,'2019款 C 300 L','2019款',12,0);
insert into t_car_model(cm_id , cs_id , cm_name,cm_type ,cm_order , cm_state) values(34534,588,'2019款 C 300 L 运动版','2019款',13,0);
insert into t_car_model(cm_id , cs_id , cm_name,cm_type ,cm_order , cm_state) values(36177,588,'2019款 C 260 L','2019款',14,0);
insert into t_car_model(cm_id , cs_id , cm_name,cm_type ,cm_order , cm_state) values(36070,588,'2019款 C 260 L 运动版','2019款',15,0);
insert into t_car_model(cm_id , cs_id , cm_name,cm_type ,cm_order , cm_state) values(36178,588,'2019款 C 260 L 4MATIC','2019款',16,0);
insert into t_car_model(cm_id , cs_id , cm_name,cm_type ,cm_order , cm_state) values(36179,588,'2019款 C 260 L 4MATIC 运动版','2019款',17,0);
insert into t_car_model(cm_id , cs_id , cm_name,cm_type ,cm_order , cm_state) values(32644,588,'2018款 C 200 运动版','2018款',1,0);
insert into t_car_model(cm_id , cs_id , cm_name,cm_type ,cm_order , cm_state) values(34690,588,'2018款 C 200 成就特别版','2018款',2,0);
insert into t_car_model(cm_id , cs_id , cm_name,cm_type ,cm_order , cm_state) values(32645,588,'2018款 C 200 运动版 4MATIC','2018款',3,0);
insert into t_car_model(cm_id , cs_id , cm_name,cm_type ,cm_order , cm_state) values(32646,588,'2018款 C 300 运动版','2018款',4,0);
insert into t_car_model(cm_id , cs_id , cm_name,cm_type ,cm_order , cm_state) values(32648,588,'2018款 C 180 L 动感型运动版','2018款',5,0);
insert into t_car_model(cm_id , cs_id , cm_name,cm_type ,cm_order , cm_state) values(32649,588,'2018款 C 180 L 时尚型运动版','2018款',6,0);
insert into t_car_model(cm_id , cs_id , cm_name,cm_type ,cm_order , cm_state) values(32647,588,'2018款 C 180 L 时尚型','2018款',7,0);
insert into t_car_model(cm_id , cs_id , cm_name,cm_type ,cm_order , cm_state) values(32651,588,'2018款 C 200 L 运动版','2018款',8,0);
insert into t_car_model(cm_id , cs_id , cm_name,cm_type ,cm_order , cm_state) values(34605,588,'2018款 C 200 L 运动版 成就特别版','2018款',9,0);
insert into t_car_model(cm_id , cs_id , cm_name,cm_type ,cm_order , cm_state) values(32650,588,'2018款 C 200 L','2018款',10,0);
insert into t_car_model(cm_id , cs_id , cm_name,cm_type ,cm_order , cm_state) values(32653,588,'2018款 C 200 L 4MATIC 运动版','2018款',11,0);
insert into t_car_model(cm_id , cs_id , cm_name,cm_type ,cm_order , cm_state) values(32652,588,'2018款 C 200 L 4MATIC','2018款',12,0);
insert into t_car_model(cm_id , cs_id , cm_name,cm_type ,cm_order , cm_state) values(32655,588,'2018款 C 300 L 运动版','2018款',13,0);
insert into t_car_model(cm_id , cs_id , cm_name,cm_type ,cm_order , cm_state) values(32654,588,'2018款 C 300 L','2018款',14,0);
insert into t_car_model(cm_id , cs_id , cm_name,cm_type ,cm_order , cm_state) values(28863,588,'2017款 C 200 运动版','2017款',1,0);
insert into t_car_model(cm_id , cs_id , cm_name,cm_type ,cm_order , cm_state) values(28864,588,'2017款 C 200 运动版 4MATIC','2017款',2,0);
insert into t_car_model(cm_id , cs_id , cm_name,cm_type ,cm_order , cm_state) values(28865,588,'2017款 C 300 运动版','2017款',3,0);
insert into t_car_model(cm_id , cs_id , cm_name,cm_type ,cm_order , cm_state) values(28866,588,'2017款 C 180 L','2017款',4,0);
insert into t_car_model(cm_id , cs_id , cm_name,cm_type ,cm_order , cm_state) values(28867,588,'2017款 C 180 L 运动版','2017款',5,0);
insert into t_car_model(cm_id , cs_id , cm_name,cm_type ,cm_order , cm_state) values(28868,588,'2017款 C 200 L','2017款',6,0);
insert into t_car_model(cm_id , cs_id , cm_name,cm_type ,cm_order , cm_state) values(28869,588,'2017款 C 200 L 运动版','2017款',7,0);
insert into t_car_model(cm_id , cs_id , cm_name,cm_type ,cm_order , cm_state) values(28870,588,'2017款 C 200 L 4MATIC','2017款',8,0);
insert into t_car_model(cm_id , cs_id , cm_name,cm_type ,cm_order , cm_state) values(28872,588,'2017款 C 200 L 4MATIC 运动版','2017款',9,0);
insert into t_car_model(cm_id , cs_id , cm_name,cm_type ,cm_order , cm_state) values(28875,588,'2017款 C 300 L','2017款',10,0);
insert into t_car_model(cm_id , cs_id , cm_name,cm_type ,cm_order , cm_state) values(28877,588,'2017款 C 300 L 运动版','2017款',11,0);
insert into t_car_model(cm_id , cs_id , cm_name,cm_type ,cm_order , cm_state) values(29741,588,'2017款 改款 C 180 L 时尚型','2017款',12,0);
insert into t_car_model(cm_id , cs_id , cm_name,cm_type ,cm_order , cm_state) values(29742,588,'2017款 改款 C 180 L 动感型运动版','2017款',13,0);
insert into t_car_model(cm_id , cs_id , cm_name,cm_type ,cm_order , cm_state) values(29743,588,'2017款 改款 C 180 L 时尚型运动版','2017款',14,0);
insert into t_car_model(cm_id , cs_id , cm_name,cm_type ,cm_order , cm_state) values(29744,588,'2017款 改款 C 200 L','2017款',15,0);
insert into t_car_model(cm_id , cs_id , cm_name,cm_type ,cm_order , cm_state) values(29745,588,'2017款 改款 C 200 L 运动版','2017款',16,0);
insert into t_car_model(cm_id , cs_id , cm_name,cm_type ,cm_order , cm_state) values(29746,588,'2017款 改款 C 200 L 4MATIC','2017款',17,0);
insert into t_car_model(cm_id , cs_id , cm_name,cm_type ,cm_order , cm_state) values(29747,588,'2017款 改款 C 200 L 4MATIC 运动版','2017款',18,0);
insert into t_car_model(cm_id , cs_id , cm_name,cm_type ,cm_order , cm_state) values(29748,588,'2017款 改款 C 300 L','2017款',19,0);
insert into t_car_model(cm_id , cs_id , cm_name,cm_type ,cm_order , cm_state) values(29749,588,'2017款 改款 C 300 L 运动版','2017款',20,0);
insert into t_car_model(cm_id , cs_id , cm_name,cm_type ,cm_order , cm_state) values(29738,588,'2017款 改款 C 200 运动版','2017款',21,0);
insert into t_car_model(cm_id , cs_id , cm_name,cm_type ,cm_order , cm_state) values(29739,588,'2017款 改款 C 200 运动版 4MATIC','2017款',22,0);
insert into t_car_model(cm_id , cs_id , cm_name,cm_type ,cm_order , cm_state) values(29740,588,'2017款 改款 C 300 运动版','2017款',23,0);
insert into t_car_model(cm_id , cs_id , cm_name,cm_type ,cm_order , cm_state) values(26628,588,'2016款 C 200 运动版','2016款',1,0);
insert into t_car_model(cm_id , cs_id , cm_name,cm_type ,cm_order , cm_state) values(26629,588,'2016款 C 200 运动版 4MATIC','2016款',2,0);
insert into t_car_model(cm_id , cs_id , cm_name,cm_type ,cm_order , cm_state) values(26618,588,'2016款 C 180 L','2016款',3,0);
insert into t_car_model(cm_id , cs_id , cm_name,cm_type ,cm_order , cm_state) values(26619,588,'2016款 C 180 L 运动型','2016款',4,0);
insert into t_car_model(cm_id , cs_id , cm_name,cm_type ,cm_order , cm_state) values(26620,588,'2016款 C 200 L','2016款',5,0);
insert into t_car_model(cm_id , cs_id , cm_name,cm_type ,cm_order , cm_state) values(26621,588,'2016款 C 200 L 运动型','2016款',6,0);
insert into t_car_model(cm_id , cs_id , cm_name,cm_type ,cm_order , cm_state) values(26622,588,'2016款 C 200 L 4MATIC','2016款',7,0);
insert into t_car_model(cm_id , cs_id , cm_name,cm_type ,cm_order , cm_state) values(26623,588,'2016款 C 200 L 4MATIC 运动版','2016款',8,0);
insert into t_car_model(cm_id , cs_id , cm_name,cm_type ,cm_order , cm_state) values(22999,588,'2015款 C 200 运动版','2015款',1,0);
insert into t_car_model(cm_id , cs_id , cm_name,cm_type ,cm_order , cm_state) values(22606,588,'2015款 C 200 运动版 4MATIC','2015款',2,0);
insert into t_car_model(cm_id , cs_id , cm_name,cm_type ,cm_order , cm_state) values(19543,588,'2015款 C 180 L','2015款',3,0);
insert into t_car_model(cm_id , cs_id , cm_name,cm_type ,cm_order , cm_state) values(20729,588,'2015款 C 180 L 运动型','2015款',4,0);
insert into t_car_model(cm_id , cs_id , cm_name,cm_type ,cm_order , cm_state) values(19928,588,'2015款 C 200 L','2015款',5,0);
insert into t_car_model(cm_id , cs_id , cm_name,cm_type ,cm_order , cm_state) values(19544,588,'2015款 C 200 L 运动型','2015款',6,0);
insert into t_car_model(cm_id , cs_id , cm_name,cm_type ,cm_order , cm_state) values(22863,588,'2015款 改款  C 180 L','2015款',7,0);
insert into t_car_model(cm_id , cs_id , cm_name,cm_type ,cm_order , cm_state) values(22864,588,'2015款 改款 C 180 L 运动型','2015款',8,0);
insert into t_car_model(cm_id , cs_id , cm_name,cm_type ,cm_order , cm_state) values(22865,588,'2015款 改款 C 200 L','2015款',9,0);
insert into t_car_model(cm_id , cs_id , cm_name,cm_type ,cm_order , cm_state) values(22866,588,'2015款 改款 C 200 L 运动型','2015款',10,0);
insert into t_car_model(cm_id , cs_id , cm_name,cm_type ,cm_order , cm_state) values(22516,588,'2015款 C 200 L 4MATIC','2015款',11,0);
insert into t_car_model(cm_id , cs_id , cm_name,cm_type ,cm_order , cm_state) values(23073,588,'2015款 C 200 L 4MATIC 运动版','2015款',12,0);
insert into t_car_model(cm_id , cs_id , cm_name,cm_type ,cm_order , cm_state) values(19933,588,'2015款 C 260 L','2015款',13,0);
insert into t_car_model(cm_id , cs_id , cm_name,cm_type ,cm_order , cm_state) values(19003,588,'2015款 C 260 L 运动型','2015款',14,0);
insert into t_car_model(cm_id , cs_id , cm_name,cm_type ,cm_order , cm_state) values(23000,588,'2015款 C 300 运动版','2015款',15,0);
insert into t_car_model(cm_id , cs_id , cm_name,cm_type ,cm_order , cm_state) values(19545,588,'2015款 C 300 L','2015款',16,0);
insert into t_car_model(cm_id , cs_id , cm_name,cm_type ,cm_order , cm_state) values(23003,588,'2015款 C 300 L 运动型','2015款',17,0);
insert into t_car_model(cm_id , cs_id , cm_name,cm_type ,cm_order , cm_state) values(14290,588,'2013款 C 180 CGI 经典型','2013款',1,0);
insert into t_car_model(cm_id , cs_id , cm_name,cm_type ,cm_order , cm_state) values(14252,588,'2013款 C 260 CGI 优雅型','2013款',2,0);
insert into t_car_model(cm_id , cs_id , cm_name,cm_type ,cm_order , cm_state) values(14221,588,'2013款 C 260 CGI 时尚型','2013款',3,0);
insert into t_car_model(cm_id , cs_id , cm_name,cm_type ,cm_order , cm_state) values(16800,588,'2013款 C 180 经典型 Grand Edition','2013款',4,0);
insert into t_car_model(cm_id , cs_id , cm_name,cm_type ,cm_order , cm_state) values(16801,588,'2013款 C 260 优雅型 Grand Edition','2013款',5,0);
insert into t_car_model(cm_id , cs_id , cm_name,cm_type ,cm_order , cm_state) values(16796,588,'2013款 C 260 时尚型 Grand Edition','2013款',6,0);
insert into t_car_model(cm_id , cs_id , cm_name,cm_type ,cm_order , cm_state) values(16802,588,'2013款 C 300 运动型 Grand Edition','2013款',7,0);
insert into t_car_model(cm_id , cs_id , cm_name,cm_type ,cm_order , cm_state) values(9996,588,'2011款 C 180K 经典型','2011款',1,0);
insert into t_car_model(cm_id , cs_id , cm_name,cm_type ,cm_order , cm_state) values(9959,588,'2011款 C 200 CGI 优雅型','2011款',2,0);
insert into t_car_model(cm_id , cs_id , cm_name,cm_type ,cm_order , cm_state) values(10356,588,'2011款 C 200 CGI 时尚型','2011款',3,0);
insert into t_car_model(cm_id , cs_id , cm_name,cm_type ,cm_order , cm_state) values(10365,588,'2011款 C 260 CGI 时尚型','2011款',4,0);
insert into t_car_model(cm_id , cs_id , cm_name,cm_type ,cm_order , cm_state) values(9960,588,'2011款 C 300 时尚型','2011款',5,0);
insert into t_car_model(cm_id , cs_id , cm_name,cm_type ,cm_order , cm_state) values(7577,588,'2010款 C 180K 经典型','2010款',1,0);
insert into t_car_model(cm_id , cs_id , cm_name,cm_type ,cm_order , cm_state) values(6631,588,'2010款 C 200K 标准型','2010款',2,0);
insert into t_car_model(cm_id , cs_id , cm_name,cm_type ,cm_order , cm_state) values(6927,588,'2010款 C 200K 时尚型','2010款',3,0);
insert into t_car_model(cm_id , cs_id , cm_name,cm_type ,cm_order , cm_state) values(6630,588,'2010款 C 260 时尚型','2010款',4,0);
insert into t_car_model(cm_id , cs_id , cm_name,cm_type ,cm_order , cm_state) values(8162,588,'2010款 C 200 CGI 优雅型','2010款',5,0);
insert into t_car_model(cm_id , cs_id , cm_name,cm_type ,cm_order , cm_state) values(8163,588,'2010款 C 200 CGI 时尚型','2010款',6,0);
insert into t_car_model(cm_id , cs_id , cm_name,cm_type ,cm_order , cm_state) values(8164,588,'2010款 C 260 CGI 时尚型','2010款',7,0);
insert into t_car_model(cm_id , cs_id , cm_name,cm_type ,cm_order , cm_state) values(9032,588,'2010款 C 260 CGI 运动型','2010款',8,0);
insert into t_car_model(cm_id , cs_id , cm_name,cm_type ,cm_order , cm_state) values(6926,588,'2010款 C 300 时尚型','2010款',9,0);
insert into t_car_model(cm_id , cs_id , cm_name,cm_type ,cm_order , cm_state) values(7576,588,'2010款 C 300 运动型','2010款',10,0);
insert into t_car_model(cm_id , cs_id , cm_name,cm_type ,cm_order , cm_state) values(4309,588,'2008款 C 200K 标准型','2008款',1,0);
insert into t_car_model(cm_id , cs_id , cm_name,cm_type ,cm_order , cm_state) values(3730,588,'2008款 C 200K 优雅型','2008款',2,0);
insert into t_car_model(cm_id , cs_id , cm_name,cm_type ,cm_order , cm_state) values(3731,588,'2008款 C 200K 时尚型','2008款',3,0);
insert into t_car_model(cm_id , cs_id , cm_name,cm_type ,cm_order , cm_state) values(4066,588,'2008款 C 230 时尚型','2008款',4,0);
insert into t_car_model(cm_id , cs_id , cm_name,cm_type ,cm_order , cm_state) values(3732,588,'2008款 C 280 时尚型','2008款',5,0);
insert into t_car_series(cs_id,cbf_id,cs_name,cs_order,cs_letter) values(197,152,'奔驰E级',438,'B');
insert into t_car_model(cm_id , cs_id , cm_name,cm_type ,cm_order , cm_state) values(42697,197,'2020款 E 260 L','2020款',1,0);
insert into t_car_model(cm_id , cs_id , cm_name,cm_type ,cm_order , cm_state) values(42499,197,'2020款 E 260 L 运动型','2020款',2,0);
insert into t_car_model(cm_id , cs_id , cm_name,cm_type ,cm_order , cm_state) values(42698,197,'2020款 E 260 L 4MATIC','2020款',3,0);
insert into t_car_model(cm_id , cs_id , cm_name,cm_type ,cm_order , cm_state) values(42699,197,'2020款 E 260 L 运动型 4MATIC','2020款',4,0);
insert into t_car_model(cm_id , cs_id , cm_name,cm_type ,cm_order , cm_state) values(42436,197,'2020款 E 300 L 时尚型','2020款',5,0);
insert into t_car_model(cm_id , cs_id , cm_name,cm_type ,cm_order , cm_state) values(42700,197,'2020款 E 300 L 运动时尚型','2020款',6,0);
insert into t_car_model(cm_id , cs_id , cm_name,cm_type ,cm_order , cm_state) values(42701,197,'2020款 E 300 L 豪华型','2020款',7,0);
insert into t_car_model(cm_id , cs_id , cm_name,cm_type ,cm_order , cm_state) values(42702,197,'2020款 E 300 L 运动豪华型','2020款',8,0);
insert into t_car_model(cm_id , cs_id , cm_name,cm_type ,cm_order , cm_state) values(42703,197,'2020款 E 350 L 4MATIC','2020款',9,0);
insert into t_car_model(cm_id , cs_id , cm_name,cm_type ,cm_order , cm_state) values(42706,197,'2020款 E 350 L 运动型 4MATIC','2020款',10,0);
insert into t_car_model(cm_id , cs_id , cm_name,cm_type ,cm_order , cm_state) values(38237,197,'2019款 E 260 L','2019款',1,0);
insert into t_car_model(cm_id , cs_id , cm_name,cm_type ,cm_order , cm_state) values(38239,197,'2019款 E 260 L 运动型','2019款',2,0);
insert into t_car_model(cm_id , cs_id , cm_name,cm_type ,cm_order , cm_state) values(38242,197,'2019款 E 260 L 4MATIC','2019款',3,0);
insert into t_car_model(cm_id , cs_id , cm_name,cm_type ,cm_order , cm_state) values(38243,197,'2019款 E 260 L 运动型 4MATIC','2019款',4,0);
insert into t_car_model(cm_id , cs_id , cm_name,cm_type ,cm_order , cm_state) values(38244,197,'2019款 改款 E 300 L 时尚型','2019款',5,0);
insert into t_car_model(cm_id , cs_id , cm_name,cm_type ,cm_order , cm_state) values(38245,197,'2019款 改款 E 300 L 运动时尚型','2019款',6,0);
insert into t_car_model(cm_id , cs_id , cm_name,cm_type ,cm_order , cm_state) values(38246,197,'2019款 改款 E 300 L 豪华型','2019款',7,0);
insert into t_car_model(cm_id , cs_id , cm_name,cm_type ,cm_order , cm_state) values(38247,197,'2019款 改款 E 300 L 运动豪华型','2019款',8,0);
insert into t_car_model(cm_id , cs_id , cm_name,cm_type ,cm_order , cm_state) values(38248,197,'2019款 E 350 L 4MATIC','2019款',9,0);
insert into t_car_model(cm_id , cs_id , cm_name,cm_type ,cm_order , cm_state) values(38249,197,'2019款 E 350 L 运动型 4MATIC','2019款',10,0);
insert into t_car_model(cm_id , cs_id , cm_name,cm_type ,cm_order , cm_state) values(35804,197,'2019款 E 200 L','2019款',11,0);
insert into t_car_model(cm_id , cs_id , cm_name,cm_type ,cm_order , cm_state) values(35805,197,'2019款 E 200 L 运动型','2019款',12,0);
insert into t_car_model(cm_id , cs_id , cm_name,cm_type ,cm_order , cm_state) values(35806,197,'2019款 E 200 L 4MATIC','2019款',13,0);
insert into t_car_model(cm_id , cs_id , cm_name,cm_type ,cm_order , cm_state) values(35807,197,'2019款 E 200 L 运动型 4MATIC','2019款',14,0);
insert into t_car_model(cm_id , cs_id , cm_name,cm_type ,cm_order , cm_state) values(35808,197,'2019款 E 300 L 时尚型','2019款',15,0);
insert into t_car_model(cm_id , cs_id , cm_name,cm_type ,cm_order , cm_state) values(35809,197,'2019款 E 300 L 运动时尚型','2019款',16,0);
insert into t_car_model(cm_id , cs_id , cm_name,cm_type ,cm_order , cm_state) values(35810,197,'2019款 E 300 L 豪华型','2019款',17,0);
insert into t_car_model(cm_id , cs_id , cm_name,cm_type ,cm_order , cm_state) values(35811,197,'2019款 E 300 L 运动豪华型','2019款',18,0);
insert into t_car_model(cm_id , cs_id , cm_name,cm_type ,cm_order , cm_state) values(35812,197,'2019款 E 320 L 4MATIC','2019款',19,0);
insert into t_car_model(cm_id , cs_id , cm_name,cm_type ,cm_order , cm_state) values(35813,197,'2019款 E 320 L 运动型 4MATIC','2019款',20,0);
insert into t_car_model(cm_id , cs_id , cm_name,cm_type ,cm_order , cm_state) values(33259,197,'2018款 E 200 运动型','2018款',1,0);
insert into t_car_model(cm_id , cs_id , cm_name,cm_type ,cm_order , cm_state) values(33260,197,'2018款 E 200 运动型 4MATIC','2018款',2,0);
insert into t_car_model(cm_id , cs_id , cm_name,cm_type ,cm_order , cm_state) values(33261,197,'2018款 E 300 运动型','2018款',3,0);
insert into t_car_model(cm_id , cs_id , cm_name,cm_type ,cm_order , cm_state) values(33241,197,'2018款 E 200 L','2018款',4,0);
insert into t_car_model(cm_id , cs_id , cm_name,cm_type ,cm_order , cm_state) values(33242,197,'2018款 E 200 L 运动型','2018款',5,0);
insert into t_car_model(cm_id , cs_id , cm_name,cm_type ,cm_order , cm_state) values(33243,197,'2018款 E 200 L 4MATIC','2018款',6,0);
insert into t_car_model(cm_id , cs_id , cm_name,cm_type ,cm_order , cm_state) values(33244,197,'2018款 E 200 L 运动型 4MATIC','2018款',7,0);
insert into t_car_model(cm_id , cs_id , cm_name,cm_type ,cm_order , cm_state) values(33245,197,'2018款 E 300 L 时尚型','2018款',8,0);
insert into t_car_model(cm_id , cs_id , cm_name,cm_type ,cm_order , cm_state) values(33246,197,'2018款 E 300 L 运动时尚型','2018款',9,0);
insert into t_car_model(cm_id , cs_id , cm_name,cm_type ,cm_order , cm_state) values(33247,197,'2018款 E 300 L 豪华型','2018款',10,0);
insert into t_car_model(cm_id , cs_id , cm_name,cm_type ,cm_order , cm_state) values(33248,197,'2018款 E 300 L 运动豪华型','2018款',11,0);
insert into t_car_model(cm_id , cs_id , cm_name,cm_type ,cm_order , cm_state) values(33249,197,'2018款 E 320 L 4MATIC','2018款',12,0);
insert into t_car_model(cm_id , cs_id , cm_name,cm_type ,cm_order , cm_state) values(33250,197,'2018款 E 320 L 运动型 4MATIC','2018款',13,0);
insert into t_car_model(cm_id , cs_id , cm_name,cm_type ,cm_order , cm_state) values(33956,197,'2018款 改款 E 320 L 运动型 4MATIC','2018款',14,0);
insert into t_car_model(cm_id , cs_id , cm_name,cm_type ,cm_order , cm_state) values(33955,197,'2018款 改款 E 320 L 4MATIC','2018款',15,0);
insert into t_car_model(cm_id , cs_id , cm_name,cm_type ,cm_order , cm_state) values(33954,197,'2018款 改款 E 300 L 运动豪华型','2018款',16,0);
insert into t_car_model(cm_id , cs_id , cm_name,cm_type ,cm_order , cm_state) values(33953,197,'2018款 改款 E 300 L 豪华型','2018款',17,0);
insert into t_car_model(cm_id , cs_id , cm_name,cm_type ,cm_order , cm_state) values(33952,197,'2018款 改款 E 300 L 运动时尚型','2018款',18,0);
insert into t_car_model(cm_id , cs_id , cm_name,cm_type ,cm_order , cm_state) values(33951,197,'2018款 改款 E 300 L 时尚型','2018款',19,0);
insert into t_car_model(cm_id , cs_id , cm_name,cm_type ,cm_order , cm_state) values(33950,197,'2018款 改款 E 200 L 运动型 4MATIC','2018款',20,0);
insert into t_car_model(cm_id , cs_id , cm_name,cm_type ,cm_order , cm_state) values(33949,197,'2018款 改款 E 200 L 4MATIC','2018款',21,0);
insert into t_car_model(cm_id , cs_id , cm_name,cm_type ,cm_order , cm_state) values(33948,197,'2018款 改款 E 200 L 运动型','2018款',22,0);
insert into t_car_model(cm_id , cs_id , cm_name,cm_type ,cm_order , cm_state) values(33947,197,'2018款 改款 E 200 L','2018款',23,0);
insert into t_car_model(cm_id , cs_id , cm_name,cm_type ,cm_order , cm_state) values(28525,197,'2017款 E 200 运动型 4MATIC','2017款',1,0);
insert into t_car_model(cm_id , cs_id , cm_name,cm_type ,cm_order , cm_state) values(28526,197,'2017款 E 300 运动型','2017款',2,0);
insert into t_car_model(cm_id , cs_id , cm_name,cm_type ,cm_order , cm_state) values(28524,197,'2017款 E 200 运动型','2017款',3,0);
insert into t_car_model(cm_id , cs_id , cm_name,cm_type ,cm_order , cm_state) values(29890,197,'2017款 改款 E 200 运动型 4MATIC','2017款',4,0);
insert into t_car_model(cm_id , cs_id , cm_name,cm_type ,cm_order , cm_state) values(29891,197,'2017款 改款 E 300 运动型','2017款',5,0);
insert into t_car_model(cm_id , cs_id , cm_name,cm_type ,cm_order , cm_state) values(28519,197,'2017款 E 200 L 4MATIC','2017款',6,0);
insert into t_car_model(cm_id , cs_id , cm_name,cm_type ,cm_order , cm_state) values(28520,197,'2017款 E 200 L 运动型 4MATIC','2017款',7,0);
insert into t_car_model(cm_id , cs_id , cm_name,cm_type ,cm_order , cm_state) values(29898,197,'2017款 E 300 L 运动时尚型','2017款',8,0);
insert into t_car_model(cm_id , cs_id , cm_name,cm_type ,cm_order , cm_state) values(29899,197,'2017款 E 300 L 豪华型','2017款',9,0);
insert into t_car_model(cm_id , cs_id , cm_name,cm_type ,cm_order , cm_state) values(29901,197,'2017款 E 300 L 运动豪华型','2017款',10,0);
insert into t_car_model(cm_id , cs_id , cm_name,cm_type ,cm_order , cm_state) values(26203,197,'2017款 E 320 L 4MATIC','2017款',11,0);
insert into t_car_model(cm_id , cs_id , cm_name,cm_type ,cm_order , cm_state) values(26278,197,'2017款 E 320 L 运动型 4MATIC','2017款',12,0);
insert into t_car_model(cm_id , cs_id , cm_name,cm_type ,cm_order , cm_state) values(27235,197,'2016款 E 300 L 运动时尚型','2016款',1,0);
insert into t_car_model(cm_id , cs_id , cm_name,cm_type ,cm_order , cm_state) values(27219,197,'2016款 E 300 L 豪华型','2016款',2,0);
insert into t_car_model(cm_id , cs_id , cm_name,cm_type ,cm_order , cm_state) values(27220,197,'2016款 E 300 L 运动豪华型','2016款',3,0);
insert into t_car_model(cm_id , cs_id , cm_name,cm_type ,cm_order , cm_state) values(27236,197,'2016款 E 200 L','2016款',4,0);
insert into t_car_model(cm_id , cs_id , cm_name,cm_type ,cm_order , cm_state) values(27237,197,'2016款 E 200 L 运动型','2016款',5,0);
insert into t_car_model(cm_id , cs_id , cm_name,cm_type ,cm_order , cm_state) values(27234,197,'2016款 E 300 L 时尚型','2016款',6,0);
insert into t_car_model(cm_id , cs_id , cm_name,cm_type ,cm_order , cm_state) values(23118,197,'2015款 改款 E 180 L','2015款',1,0);
insert into t_car_model(cm_id , cs_id , cm_name,cm_type ,cm_order , cm_state) values(23119,197,'2015款 改款 E 200 L','2015款',2,0);
insert into t_car_model(cm_id , cs_id , cm_name,cm_type ,cm_order , cm_state) values(23120,197,'2015款 改款 E 260 L','2015款',3,0);
insert into t_car_model(cm_id , cs_id , cm_name,cm_type ,cm_order , cm_state) values(23121,197,'2015款 改款 E 260 L 豪华型','2015款',4,0);
insert into t_car_model(cm_id , cs_id , cm_name,cm_type ,cm_order , cm_state) values(19472,197,'2015款 E 320 L','2015款',5,0);
insert into t_car_model(cm_id , cs_id , cm_name,cm_type ,cm_order , cm_state) values(19473,197,'2015款 E 320 L 4MATIC','2015款',6,0);
insert into t_car_model(cm_id , cs_id , cm_name,cm_type ,cm_order , cm_state) values(19474,197,'2015款 E 320 L 豪华型 4MATIC','2015款',7,0);
insert into t_car_model(cm_id , cs_id , cm_name,cm_type ,cm_order , cm_state) values(19475,197,'2015款 E 400 L Hybrid','2015款',8,0);
insert into t_car_model(cm_id , cs_id , cm_name,cm_type ,cm_order , cm_state) values(23122,197,'2015款 改款 E 180 L 运动型','2015款',9,0);
insert into t_car_model(cm_id , cs_id , cm_name,cm_type ,cm_order , cm_state) values(23123,197,'2015款 改款 E 200 L 运动型','2015款',10,0);
insert into t_car_model(cm_id , cs_id , cm_name,cm_type ,cm_order , cm_state) values(23124,197,'2015款 改款 E 260 L 运动型','2015款',11,0);
insert into t_car_model(cm_id , cs_id , cm_name,cm_type ,cm_order , cm_state) values(20935,197,'2015款 E 180 L','2015款',12,0);
insert into t_car_model(cm_id , cs_id , cm_name,cm_type ,cm_order , cm_state) values(19450,197,'2015款 E 200 L','2015款',13,0);
insert into t_car_model(cm_id , cs_id , cm_name,cm_type ,cm_order , cm_state) values(19451,197,'2015款 E 260 L','2015款',14,0);
insert into t_car_model(cm_id , cs_id , cm_name,cm_type ,cm_order , cm_state) values(19471,197,'2015款 E 260 L 豪华型','2015款',15,0);
insert into t_car_model(cm_id , cs_id , cm_name,cm_type ,cm_order , cm_state) values(20900,197,'2015款 E 180 L 运动型','2015款',16,0);
insert into t_car_model(cm_id , cs_id , cm_name,cm_type ,cm_order , cm_state) values(19476,197,'2015款 E 200 L 运动型','2015款',17,0);
insert into t_car_model(cm_id , cs_id , cm_name,cm_type ,cm_order , cm_state) values(19477,197,'2015款 E 260 L 运动型','2015款',18,0);
insert into t_car_model(cm_id , cs_id , cm_name,cm_type ,cm_order , cm_state) values(19478,197,'2015款 E 260 L 运动时尚型','2015款',19,0);
insert into t_car_model(cm_id , cs_id , cm_name,cm_type ,cm_order , cm_state) values(19479,197,'2015款 E 260 L 运动豪华型','2015款',20,0);
insert into t_car_model(cm_id , cs_id , cm_name,cm_type ,cm_order , cm_state) values(23125,197,'2015款 改款 E 260 L 运动时尚型','2015款',21,0);
insert into t_car_model(cm_id , cs_id , cm_name,cm_type ,cm_order , cm_state) values(23126,197,'2015款 改款 E 260 L 运动豪华型','2015款',22,0);
insert into t_car_model(cm_id , cs_id , cm_name,cm_type ,cm_order , cm_state) values(19480,197,'2015款 E 320 L 运动型','2015款',23,0);
insert into t_car_model(cm_id , cs_id , cm_name,cm_type ,cm_order , cm_state) values(19481,197,'2015款 E 320 L 运动型 4MATIC','2015款',24,0);
insert into t_car_model(cm_id , cs_id , cm_name,cm_type ,cm_order , cm_state) values(19482,197,'2015款 E 320 L 运动豪华型','2015款',25,0);
insert into t_car_model(cm_id , cs_id , cm_name,cm_type ,cm_order , cm_state) values(19483,197,'2015款 E 400 L 运动豪华型 4MATIC','2015款',26,0);
insert into t_car_model(cm_id , cs_id , cm_name,cm_type ,cm_order , cm_state) values(16689,197,'2014款 E 260 L 运动型','2014款',1,0);
insert into t_car_model(cm_id , cs_id , cm_name,cm_type ,cm_order , cm_state) values(16539,197,'2014款 E 260 L 豪华型','2014款',2,0);
insert into t_car_model(cm_id , cs_id , cm_name,cm_type ,cm_order , cm_state) values(16803,197,'2014款 E 260 L 运动豪华型','2014款',3,0);
insert into t_car_model(cm_id , cs_id , cm_name,cm_type ,cm_order , cm_state) values(16804,197,'2014款 E 300 L 运动型','2014款',4,0);
insert into t_car_model(cm_id , cs_id , cm_name,cm_type ,cm_order , cm_state) values(15870,197,'2014款 E 300 L','2014款',5,0);
insert into t_car_model(cm_id , cs_id , cm_name,cm_type ,cm_order , cm_state) values(16805,197,'2014款 E 300 L 运动豪华型','2014款',6,0);
insert into t_car_model(cm_id , cs_id , cm_name,cm_type ,cm_order , cm_state) values(15706,197,'2014款 E 400 L 运动豪华型','2014款',7,0);
insert into t_car_model(cm_id , cs_id , cm_name,cm_type ,cm_order , cm_state) values(18132,197,'2014款 改款 E 260 L 运动型','2014款',8,0);
insert into t_car_model(cm_id , cs_id , cm_name,cm_type ,cm_order , cm_state) values(18133,197,'2014款 改款 E 260 L 运动豪华型','2014款',9,0);
insert into t_car_model(cm_id , cs_id , cm_name,cm_type ,cm_order , cm_state) values(18129,197,'2014款 E 260 L','2014款',10,0);
insert into t_car_model(cm_id , cs_id , cm_name,cm_type ,cm_order , cm_state) values(18130,197,'2014款 改款 E 260 L 豪华型','2014款',11,0);
insert into t_car_model(cm_id , cs_id , cm_name,cm_type ,cm_order , cm_state) values(18134,197,'2014款 改款 E 300 L 运动型','2014款',12,0);
insert into t_car_model(cm_id , cs_id , cm_name,cm_type ,cm_order , cm_state) values(18135,197,'2014款 改款 E 300 L 运动豪华型','2014款',13,0);
insert into t_car_model(cm_id , cs_id , cm_name,cm_type ,cm_order , cm_state) values(18131,197,'2014款 改款 E 300 L','2014款',14,0);
insert into t_car_model(cm_id , cs_id , cm_name,cm_type ,cm_order , cm_state) values(17652,197,'2014款 E 400 L Hybrid','2014款',15,0);
insert into t_car_model(cm_id , cs_id , cm_name,cm_type ,cm_order , cm_state) values(18136,197,'2014款 改款 E 400 L 运动豪华型','2014款',16,0);
insert into t_car_model(cm_id , cs_id , cm_name,cm_type ,cm_order , cm_state) values(14303,197,'2013款 E 260 L CGI优雅型','2013款',1,0);
insert into t_car_model(cm_id , cs_id , cm_name,cm_type ,cm_order , cm_state) values(14304,197,'2013款 E 260 L CGI时尚型','2013款',2,0);
insert into t_car_model(cm_id , cs_id , cm_name,cm_type ,cm_order , cm_state) values(14305,197,'2013款 E 300 L 优雅型','2013款',3,0);
insert into t_car_model(cm_id , cs_id , cm_name,cm_type ,cm_order , cm_state) values(14306,197,'2013款 E 300 L 时尚型','2013款',4,0);
insert into t_car_model(cm_id , cs_id , cm_name,cm_type ,cm_order , cm_state) values(14307,197,'2013款 E 300 L 时尚豪华型','2013款',5,0);
insert into t_car_model(cm_id , cs_id , cm_name,cm_type ,cm_order , cm_state) values(11928,197,'2012款 E 200 L CGI优雅型','2012款',1,0);
insert into t_car_model(cm_id , cs_id , cm_name,cm_type ,cm_order , cm_state) values(12016,197,'2012款 E 260 L CGI时尚型','2012款',2,0);
insert into t_car_model(cm_id , cs_id , cm_name,cm_type ,cm_order , cm_state) values(12015,197,'2012款 E 300 L 优雅型','2012款',3,0);
insert into t_car_model(cm_id , cs_id , cm_name,cm_type ,cm_order , cm_state) values(12448,197,'2012款 E 300 L 时尚型','2012款',4,0);
insert into t_car_model(cm_id , cs_id , cm_name,cm_type ,cm_order , cm_state) values(12449,197,'2012款 E 300 L 时尚豪华型','2012款',5,0);
insert into t_car_model(cm_id , cs_id , cm_name,cm_type ,cm_order , cm_state) values(9713,197,'2011款 E 200 L CGI优雅型','2011款',1,0);
insert into t_car_model(cm_id , cs_id , cm_name,cm_type ,cm_order , cm_state) values(7707,197,'2011款 E 260 L CGI时尚型','2011款',2,0);
insert into t_car_model(cm_id , cs_id , cm_name,cm_type ,cm_order , cm_state) values(10950,197,'2011款 E 300 L 优雅型','2011款',3,0);
insert into t_car_model(cm_id , cs_id , cm_name,cm_type ,cm_order , cm_state) values(9111,197,'2011款 E 300 L 时尚尊贵型','2011款',4,0);
insert into t_car_model(cm_id , cs_id , cm_name,cm_type ,cm_order , cm_state) values(7719,197,'2010款 E 260 L CGI优雅型','2010款',1,0);
insert into t_car_model(cm_id , cs_id , cm_name,cm_type ,cm_order , cm_state) values(7366,197,'2010款 E 300 L 时尚型','2010款',2,0);
insert into t_car_model(cm_id , cs_id , cm_name,cm_type ,cm_order , cm_state) values(6810,197,'2008款 E 230 时尚型','2008款',1,0);
insert into t_car_model(cm_id , cs_id , cm_name,cm_type ,cm_order , cm_state) values(4268,197,'2008款 E 280 个性运动版','2008款',2,0);
insert into t_car_model(cm_id , cs_id , cm_name,cm_type ,cm_order , cm_state) values(3165,197,'2007款 E 230 时尚型','2007款',1,0);
insert into t_car_model(cm_id , cs_id , cm_name,cm_type ,cm_order , cm_state) values(4146,197,'2007款 E 230 优雅型','2007款',2,0);
insert into t_car_model(cm_id , cs_id , cm_name,cm_type ,cm_order , cm_state) values(2675,197,'2007款 E 200K 优雅型','2007款',3,0);
insert into t_car_model(cm_id , cs_id , cm_name,cm_type ,cm_order , cm_state) values(2677,197,'2007款 E 350 时尚型','2007款',4,0);
insert into t_car_model(cm_id , cs_id , cm_name,cm_type ,cm_order , cm_state) values(3181,197,'2007款 E 280 时尚型','2007款',5,0);
insert into t_car_model(cm_id , cs_id , cm_name,cm_type ,cm_order , cm_state) values(2676,197,'2006款 E 280 优雅型','2006款',1,0);
insert into t_car_model(cm_id , cs_id , cm_name,cm_type ,cm_order , cm_state) values(2190,197,'2006款 E 350 时尚型','2006款',2,0);
insert into t_car_model(cm_id , cs_id , cm_name,cm_type ,cm_order , cm_state) values(2152,197,'2006款 E 350 优雅型','2006款',3,0);
insert into t_car_model(cm_id , cs_id , cm_name,cm_type ,cm_order , cm_state) values(2191,197,'2006款 E 500 时尚型','2006款',4,0);
insert into t_car_model(cm_id , cs_id , cm_name,cm_type ,cm_order , cm_state) values(2192,197,'2006款 E 500 优雅型','2006款',5,0);
insert into t_car_model(cm_id , cs_id , cm_name,cm_type ,cm_order , cm_state) values(1988,197,'2005款 E 200K','2005款',1,0);
insert into t_car_model(cm_id , cs_id , cm_name,cm_type ,cm_order , cm_state) values(1852,197,'2005款 E 280','2005款',2,0);
insert into t_car_series(cs_id,cbf_id,cs_name,cs_order,cs_letter) values(3248,152,'奔驰GLA',439,'B');
insert into t_car_model(cm_id , cs_id , cm_name,cm_type ,cm_order , cm_state) values(38275,3248,'2019款 GLA 200 动感型','2019款',1,0);
insert into t_car_model(cm_id , cs_id , cm_name,cm_type ,cm_order , cm_state) values(38276,3248,'2019款 GLA 200 时尚型','2019款',2,0);
insert into t_car_model(cm_id , cs_id , cm_name,cm_type ,cm_order , cm_state) values(38277,3248,'2019款 GLA 220 4MATIC 运动型','2019款',3,0);
insert into t_car_model(cm_id , cs_id , cm_name,cm_type ,cm_order , cm_state) values(38278,3248,'2019款 GLA 260 4MATIC 运动型','2019款',4,0);
insert into t_car_model(cm_id , cs_id , cm_name,cm_type ,cm_order , cm_state) values(32851,3248,'2018款 GLA 200 极地限量版','2018款',1,0);
insert into t_car_model(cm_id , cs_id , cm_name,cm_type ,cm_order , cm_state) values(33984,3248,'2018款 GLA 200 动感型','2018款',2,0);
insert into t_car_model(cm_id , cs_id , cm_name,cm_type ,cm_order , cm_state) values(33985,3248,'2018款 GLA 200 时尚型','2018款',3,0);
insert into t_car_model(cm_id , cs_id , cm_name,cm_type ,cm_order , cm_state) values(33986,3248,'2018款 GLA 220 4MATIC 运动型','2018款',4,0);
insert into t_car_model(cm_id , cs_id , cm_name,cm_type ,cm_order , cm_state) values(33987,3248,'2018款 GLA 260 4MATIC 运动型','2018款',5,0);
insert into t_car_model(cm_id , cs_id , cm_name,cm_type ,cm_order , cm_state) values(30875,3248,'2017款 GLA 200 动感型','2017款',1,0);
insert into t_car_model(cm_id , cs_id , cm_name,cm_type ,cm_order , cm_state) values(30874,3248,'2017款 GLA 200 时尚型','2017款',2,0);
insert into t_car_model(cm_id , cs_id , cm_name,cm_type ,cm_order , cm_state) values(30868,3248,'2017款 GLA 220 4MATIC 时尚型','2017款',3,0);
insert into t_car_model(cm_id , cs_id , cm_name,cm_type ,cm_order , cm_state) values(30876,3248,'2017款 GLA 220 4MATIC 豪华型','2017款',4,0);
insert into t_car_model(cm_id , cs_id , cm_name,cm_type ,cm_order , cm_state) values(30271,3248,'2017款 GLA 260 4MATIC 运动型','2017款',5,0);
insert into t_car_model(cm_id , cs_id , cm_name,cm_type ,cm_order , cm_state) values(24909,3248,'2016款 GLA 200 动感型','2016款',1,0);
insert into t_car_model(cm_id , cs_id , cm_name,cm_type ,cm_order , cm_state) values(24910,3248,'2016款 GLA 200 时尚型','2016款',2,0);
insert into t_car_model(cm_id , cs_id , cm_name,cm_type ,cm_order , cm_state) values(27469,3248,'2016款 GLA 200 蓝调版','2016款',3,0);
insert into t_car_model(cm_id , cs_id , cm_name,cm_type ,cm_order , cm_state) values(24911,3248,'2016款 GLA 220 4MATIC 时尚型','2016款',4,0);
insert into t_car_model(cm_id , cs_id , cm_name,cm_type ,cm_order , cm_state) values(24912,3248,'2016款 GLA 220 4MATIC 豪华型','2016款',5,0);
insert into t_car_model(cm_id , cs_id , cm_name,cm_type ,cm_order , cm_state) values(24913,3248,'2016款 GLA 260 4MATIC 运动型','2016款',6,0);
insert into t_car_model(cm_id , cs_id , cm_name,cm_type ,cm_order , cm_state) values(22338,3248,'2015款 GLA 200 动感型','2015款',1,0);
insert into t_car_model(cm_id , cs_id , cm_name,cm_type ,cm_order , cm_state) values(22301,3248,'2015款 GLA 200 时尚型','2015款',2,0);
insert into t_car_model(cm_id , cs_id , cm_name,cm_type ,cm_order , cm_state) values(22504,3248,'2015款 GLA 220 4MATIC 时尚型','2015款',3,0);
insert into t_car_model(cm_id , cs_id , cm_name,cm_type ,cm_order , cm_state) values(22300,3248,'2015款 GLA 220 4MATIC 豪华型','2015款',4,0);
insert into t_car_model(cm_id , cs_id , cm_name,cm_type ,cm_order , cm_state) values(17531,3248,'2015款 GLA 260 4MATIC 运动型','2015款',5,0);
insert into t_car_series(cs_id,cbf_id,cs_name,cs_order,cs_letter) values(3862,152,'奔驰GLC',440,'B');
insert into t_car_model(cm_id , cs_id , cm_name,cm_type ,cm_order , cm_state) values(41306,3862,'2020款 GLC 260 L 4MATIC 动感型','2020款',1,0);
insert into t_car_model(cm_id , cs_id , cm_name,cm_type ,cm_order , cm_state) values(41307,3862,'2020款 GLC 260 L 4MATIC 豪华型','2020款',2,0);
insert into t_car_model(cm_id , cs_id , cm_name,cm_type ,cm_order , cm_state) values(41304,3862,'2020款 GLC 300 L 4MATIC 动感型','2020款',3,0);
insert into t_car_model(cm_id , cs_id , cm_name,cm_type ,cm_order , cm_state) values(41300,3862,'2020款 GLC 300 L 4MATIC 豪华型','2020款',4,0);
insert into t_car_model(cm_id , cs_id , cm_name,cm_type ,cm_order , cm_state) values(41305,3862,'2020款 GLC 300 L 4MATIC AMG-Line','2020款',5,0);
insert into t_car_model(cm_id , cs_id , cm_name,cm_type ,cm_order , cm_state) values(36051,3862,'2019款 GLC 200 4MATIC','2019款',1,0);
insert into t_car_model(cm_id , cs_id , cm_name,cm_type ,cm_order , cm_state) values(36353,3862,'2019款 GLC 260 L 4MATIC 豪华型','2019款',2,0);
insert into t_car_model(cm_id , cs_id , cm_name,cm_type ,cm_order , cm_state) values(36354,3862,'2019款 GLC 300 L 4MATIC 动感型','2019款',3,0);
insert into t_car_model(cm_id , cs_id , cm_name,cm_type ,cm_order , cm_state) values(36348,3862,'2019款 GLC 300 L 4MATIC 豪华型','2019款',4,0);
insert into t_car_model(cm_id , cs_id , cm_name,cm_type ,cm_order , cm_state) values(36052,3862,'2019款 GLC 260 4MATIC 动感型','2019款',5,0);
insert into t_car_model(cm_id , cs_id , cm_name,cm_type ,cm_order , cm_state) values(36053,3862,'2019款 GLC 260 4MATIC 豪华型','2019款',6,0);
insert into t_car_model(cm_id , cs_id , cm_name,cm_type ,cm_order , cm_state) values(37636,3862,'2019款 GLC 200 L 4MATIC','2019款',7,0);
insert into t_car_model(cm_id , cs_id , cm_name,cm_type ,cm_order , cm_state) values(36069,3862,'2019款 GLC 260 L 4MATIC 动感型','2019款',8,0);
insert into t_car_model(cm_id , cs_id , cm_name,cm_type ,cm_order , cm_state) values(37701,3862,'2019款 改款 GLC 260 L 4MATIC 豪华型','2019款',9,0);
insert into t_car_model(cm_id , cs_id , cm_name,cm_type ,cm_order , cm_state) values(37702,3862,'2019款 改款 GLC 300 L 4MATIC 动感型','2019款',10,0);
insert into t_car_model(cm_id , cs_id , cm_name,cm_type ,cm_order , cm_state) values(37856,3862,'2019款 改款 GLC 300 L 4MATIC 豪华型','2019款',11,0);
insert into t_car_model(cm_id , cs_id , cm_name,cm_type ,cm_order , cm_state) values(32233,3862,'2018款 GLC 200 4MATIC','2018款',1,0);
insert into t_car_model(cm_id , cs_id , cm_name,cm_type ,cm_order , cm_state) values(32234,3862,'2018款 GLC 260 4MATIC 动感型','2018款',2,0);
insert into t_car_model(cm_id , cs_id , cm_name,cm_type ,cm_order , cm_state) values(32235,3862,'2018款 GLC 260 4MATIC 豪华型','2018款',3,0);
insert into t_car_model(cm_id , cs_id , cm_name,cm_type ,cm_order , cm_state) values(32236,3862,'2018款 GLC 300 4MATIC 动感型','2018款',4,0);
insert into t_car_model(cm_id , cs_id , cm_name,cm_type ,cm_order , cm_state) values(32237,3862,'2018款 GLC 300 4MATIC 豪华型','2018款',5,0);
insert into t_car_model(cm_id , cs_id , cm_name,cm_type ,cm_order , cm_state) values(34127,3862,'2018款 改款 GLC 200 4MATIC','2018款',6,0);
insert into t_car_model(cm_id , cs_id , cm_name,cm_type ,cm_order , cm_state) values(34128,3862,'2018款 改款 GLC 260 4MATIC 动感型','2018款',7,0);
insert into t_car_model(cm_id , cs_id , cm_name,cm_type ,cm_order , cm_state) values(34129,3862,'2018款 改款 GLC 260 4MATIC 豪华型','2018款',8,0);
insert into t_car_model(cm_id , cs_id , cm_name,cm_type ,cm_order , cm_state) values(34130,3862,'2018款 改款 GLC 300 4MATIC 动感型','2018款',9,0);
insert into t_car_model(cm_id , cs_id , cm_name,cm_type ,cm_order , cm_state) values(34131,3862,'2018款 改款 GLC 300 4MATIC 豪华型','2018款',10,0);
insert into t_car_model(cm_id , cs_id , cm_name,cm_type ,cm_order , cm_state) values(28075,3862,'2017款 GLC 200 4MATIC','2017款',1,0);
insert into t_car_model(cm_id , cs_id , cm_name,cm_type ,cm_order , cm_state) values(28076,3862,'2017款 GLC 260 4MATIC 动感型','2017款',2,0);
insert into t_car_model(cm_id , cs_id , cm_name,cm_type ,cm_order , cm_state) values(28077,3862,'2017款 GLC 260 4MATIC 豪华型','2017款',3,0);
insert into t_car_model(cm_id , cs_id , cm_name,cm_type ,cm_order , cm_state) values(28078,3862,'2017款 GLC 300 4MATIC 动感型','2017款',4,0);
insert into t_car_model(cm_id , cs_id , cm_name,cm_type ,cm_order , cm_state) values(28079,3862,'2017款 GLC 300 4MATIC 豪华型','2017款',5,0);
insert into t_car_model(cm_id , cs_id , cm_name,cm_type ,cm_order , cm_state) values(24607,3862,'2016款 GLC 200 4MATIC','2016款',1,0);
insert into t_car_model(cm_id , cs_id , cm_name,cm_type ,cm_order , cm_state) values(24609,3862,'2016款 GLC 260 4MATIC 豪华型','2016款',2,0);
insert into t_car_model(cm_id , cs_id , cm_name,cm_type ,cm_order , cm_state) values(24608,3862,'2016款 GLC 260 4MATIC 动感型','2016款',3,0);
insert into t_car_model(cm_id , cs_id , cm_name,cm_type ,cm_order , cm_state) values(24610,3862,'2016款 GLC 300 4MATIC 动感型','2016款',4,0);
insert into t_car_model(cm_id , cs_id , cm_name,cm_type ,cm_order , cm_state) values(23080,3862,'2016款 GLC 300 4MATIC 豪华型','2016款',5,0);
insert into t_car_series(cs_id,cbf_id,cs_name,cs_order,cs_letter) values(4349,152,'奔驰C级新能源',443,'B');
insert into t_car_model(cm_id , cs_id , cm_name,cm_type ,cm_order , cm_state) values(28878,4349,'2017款 C 350 eL','2017款',1,0);
insert into t_car_model(cm_id , cs_id , cm_name,cm_type ,cm_order , cm_state) values(22594,4349,'2016款 C 350 eL','2016款',1,0);
insert into t_car_series(cs_id,cbf_id,cs_name,cs_order,cs_letter) values(2562,152,'奔驰GLK级',444,'B');
insert into t_car_model(cm_id , cs_id , cm_name,cm_type ,cm_order , cm_state) values(20922,2562,'2015款 GLK 260 4MATIC 动感型 极致版','2015款',1,0);
insert into t_car_model(cm_id , cs_id , cm_name,cm_type ,cm_order , cm_state) values(21026,2562,'2015款 GLK 260 4MATIC 时尚型 极致版','2015款',2,0);
insert into t_car_model(cm_id , cs_id , cm_name,cm_type ,cm_order , cm_state) values(21027,2562,'2015款 GLK 300 4MATIC 时尚型 极致版','2015款',3,0);
insert into t_car_model(cm_id , cs_id , cm_name,cm_type ,cm_order , cm_state) values(21028,2562,'2015款 GLK 300 4MATIC 豪华型 极致版','2015款',4,0);
insert into t_car_model(cm_id , cs_id , cm_name,cm_type ,cm_order , cm_state) values(20145,2562,'2014款 GLK 200 标准型','2014款',1,0);
insert into t_car_model(cm_id , cs_id , cm_name,cm_type ,cm_order , cm_state) values(17637,2562,'2014款 GLK 260 4MATIC 动感型','2014款',2,0);
insert into t_car_model(cm_id , cs_id , cm_name,cm_type ,cm_order , cm_state) values(16864,2562,'2013款 GLK 300 4MATIC 动感天窗型','2013款',1,0);
insert into t_car_model(cm_id , cs_id , cm_name,cm_type ,cm_order , cm_state) values(14035,2562,'2013款 GLK 300 4MATIC 时尚型','2013款',2,0);
insert into t_car_model(cm_id , cs_id , cm_name,cm_type ,cm_order , cm_state) values(14036,2562,'2013款 GLK 300 4MATIC 豪华型','2013款',3,0);
insert into t_car_model(cm_id , cs_id , cm_name,cm_type ,cm_order , cm_state) values(16866,2562,'2013款 改款 GLK 300 4MATIC 时尚型','2013款',4,0);
insert into t_car_model(cm_id , cs_id , cm_name,cm_type ,cm_order , cm_state) values(16867,2562,'2013款 改款 GLK 300 4MATIC 豪华型','2013款',5,0);
insert into t_car_model(cm_id , cs_id , cm_name,cm_type ,cm_order , cm_state) values(14034,2562,'2013款 GLK 300 4MATIC 动感型','2013款',6,0);
insert into t_car_model(cm_id , cs_id , cm_name,cm_type ,cm_order , cm_state) values(11341,2562,'2012款 GLK 300 4MATIC 动感型','2012款',1,0);
insert into t_car_model(cm_id , cs_id , cm_name,cm_type ,cm_order , cm_state) values(12645,2562,'2012款 GLK 300 4MATIC 时尚型','2012款',2,0);
insert into t_car_model(cm_id , cs_id , cm_name,cm_type ,cm_order , cm_state) values(12644,2562,'2012款 GLK 300 4MATIC 豪华型','2012款',3,0);
insert into t_car_brand_factory(cbf_id , cb_id , cbf_name ,cbf_letter) values(301,36,'福建奔驰','F');
insert into t_car_series(cs_id,cbf_id,cs_name,cs_order,cs_letter) values(3823,301,'奔驰V级',445,'B');
insert into t_car_model(cm_id , cs_id , cm_name,cm_type ,cm_order , cm_state) values(42250,3823,'2018款 V 260 领航版 国VI','2018款',1,0);
insert into t_car_model(cm_id , cs_id , cm_name,cm_type ,cm_order , cm_state) values(42251,3823,'2018款 V 260 尊贵版 国VI','2018款',2,0);
insert into t_car_model(cm_id , cs_id , cm_name,cm_type ,cm_order , cm_state) values(42252,3823,'2018款 V 260 L 尊贵加长版 国VI','2018款',3,0);
insert into t_car_model(cm_id , cs_id , cm_name,cm_type ,cm_order , cm_state) values(34541,3823,'2018款 V 260 AMG 运动版','2018款',4,0);
insert into t_car_model(cm_id , cs_id , cm_name,cm_type ,cm_order , cm_state) values(35122,3823,'2018款 V 260 领航版 国V','2018款',5,0);
insert into t_car_model(cm_id , cs_id , cm_name,cm_type ,cm_order , cm_state) values(35123,3823,'2018款 V 260 尊贵版 国V','2018款',6,0);
insert into t_car_model(cm_id , cs_id , cm_name,cm_type ,cm_order , cm_state) values(35124,3823,'2018款 V 260 L 尊贵加长版 国V','2018款',7,0);
insert into t_car_model(cm_id , cs_id , cm_name,cm_type ,cm_order , cm_state) values(30741,3823,'2017款 V 260 领航版','2017款',1,0);
insert into t_car_model(cm_id , cs_id , cm_name,cm_type ,cm_order , cm_state) values(30743,3823,'2017款 V 260 尊贵版','2017款',2,0);
insert into t_car_model(cm_id , cs_id , cm_name,cm_type ,cm_order , cm_state) values(30744,3823,'2017款 V 260 L 尊贵加长版','2017款',3,0);
insert into t_car_model(cm_id , cs_id , cm_name,cm_type ,cm_order , cm_state) values(30745,3823,'2017款 V 260 L 臻藏版','2017款',4,0);
insert into t_car_model(cm_id , cs_id , cm_name,cm_type ,cm_order , cm_state) values(25635,3823,'2016款 V 260 领航版','2016款',1,0);
insert into t_car_model(cm_id , cs_id , cm_name,cm_type ,cm_order , cm_state) values(22654,3823,'2016款 V 260 尊贵版','2016款',2,0);
insert into t_car_model(cm_id , cs_id , cm_name,cm_type ,cm_order , cm_state) values(25636,3823,'2016款 V 260 L 尊贵加长版','2016款',3,0);
insert into t_car_series(cs_id,cbf_id,cs_name,cs_order,cs_letter) values(2084,301,'威霆',446,'W');
insert into t_car_model(cm_id , cs_id , cm_name,cm_type ,cm_order , cm_state) values(42246,2084,'2018款 2.0T 精英版 7座 国VI','2018款',1,0);
insert into t_car_model(cm_id , cs_id , cm_name,cm_type ,cm_order , cm_state) values(42247,2084,'2018款 2.0T 精英版 8座 国VI','2018款',2,0);
insert into t_car_model(cm_id , cs_id , cm_name,cm_type ,cm_order , cm_state) values(42248,2084,'2018款 2.0T 精英版 9座 国VI','2018款',3,0);
insert into t_car_model(cm_id , cs_id , cm_name,cm_type ,cm_order , cm_state) values(42249,2084,'2018款 2.0T 商务版 国VI','2018款',4,0);
insert into t_car_model(cm_id , cs_id , cm_name,cm_type ,cm_order , cm_state) values(36541,2084,'2018款 2.0T 精英版 7座 国V','2018款',5,0);
insert into t_car_model(cm_id , cs_id , cm_name,cm_type ,cm_order , cm_state) values(36545,2084,'2018款 2.0T 精英版 8座 国V','2018款',6,0);
insert into t_car_model(cm_id , cs_id , cm_name,cm_type ,cm_order , cm_state) values(36542,2084,'2018款 2.0T 精英版 9座 国V','2018款',7,0);
insert into t_car_model(cm_id , cs_id , cm_name,cm_type ,cm_order , cm_state) values(36543,2084,'2018款 2.0T 商务版 国V','2018款',8,0);
insert into t_car_model(cm_id , cs_id , cm_name,cm_type ,cm_order , cm_state) values(27605,2084,'2016款 2.0T 精英版','2016款',1,0);
insert into t_car_model(cm_id , cs_id , cm_name,cm_type ,cm_order , cm_state) values(27606,2084,'2016款 2.0T 精英版 9座','2016款',2,0);
insert into t_car_model(cm_id , cs_id , cm_name,cm_type ,cm_order , cm_state) values(27607,2084,'2016款 2.0T 商务版','2016款',3,0);
insert into t_car_model(cm_id , cs_id , cm_name,cm_type ,cm_order , cm_state) values(24953,2084,'2015款 3.0L 精英版','2015款',1,0);
insert into t_car_model(cm_id , cs_id , cm_name,cm_type ,cm_order , cm_state) values(16757,2084,'2013款 2.1T 精英版','2013款',1,0);
insert into t_car_model(cm_id , cs_id , cm_name,cm_type ,cm_order , cm_state) values(15505,2084,'2013款 3.0L 精英版','2013款',2,0);
insert into t_car_model(cm_id , cs_id , cm_name,cm_type ,cm_order , cm_state) values(15583,2084,'2013款 3.0L 商务版','2013款',3,0);
insert into t_car_model(cm_id , cs_id , cm_name,cm_type ,cm_order , cm_state) values(9899,2084,'2011款 2.5L 7座行政版','2011款',1,0);
insert into t_car_model(cm_id , cs_id , cm_name,cm_type ,cm_order , cm_state) values(9849,2084,'2011款 2.5L 精英版','2011款',2,0);
insert into t_car_model(cm_id , cs_id , cm_name,cm_type ,cm_order , cm_state) values(9900,2084,'2011款 2.5L 商务版','2011款',3,0);
insert into t_car_model(cm_id , cs_id , cm_name,cm_type ,cm_order , cm_state) values(7345,2084,'2010款 2.1T 柴油精英版','2010款',1,0);
insert into t_car_model(cm_id , cs_id , cm_name,cm_type ,cm_order , cm_state) values(7346,2084,'2010款 2.1T 柴油商务版','2010款',2,0);
insert into t_car_model(cm_id , cs_id , cm_name,cm_type ,cm_order , cm_state) values(7348,2084,'2010款 2.5L 精英版','2010款',3,0);
insert into t_car_model(cm_id , cs_id , cm_name,cm_type ,cm_order , cm_state) values(7347,2084,'2010款 2.5L 商务版','2010款',4,0);
insert into t_car_series(cs_id,cbf_id,cs_name,cs_order,cs_letter) values(2564,301,'凌特',447,'L');
insert into t_car_model(cm_id , cs_id , cm_name,cm_type ,cm_order , cm_state) values(1003757,2564,'2016款 2.1T佳旅 中轴版','2016款',1,0);
insert into t_car_model(cm_id , cs_id , cm_name,cm_type ,cm_order , cm_state) values(1003755,2564,'2016款 2.1T畅旅 中轴版','2016款',2,0);
insert into t_car_model(cm_id , cs_id , cm_name,cm_type ,cm_order , cm_state) values(1003730,2564,'2016款 2.1T畅旅 长轴版','2016款',3,0);
insert into t_car_model(cm_id , cs_id , cm_name,cm_type ,cm_order , cm_state) values(1003756,2564,'2016款 2.1T畅旅 长轴加长版','2016款',4,0);
insert into t_car_model(cm_id , cs_id , cm_name,cm_type ,cm_order , cm_state) values(1001830,2564,'2014款 2.1T厢式 长轴版','2014款',1,0);
insert into t_car_model(cm_id , cs_id , cm_name,cm_type ,cm_order , cm_state) values(1001831,2564,'2014款 2.1T厢式 长轴加长版','2014款',2,0);
insert into t_car_model(cm_id , cs_id , cm_name,cm_type ,cm_order , cm_state) values(1001829,2564,'2014款 2.1T佳旅 中轴版','2014款',3,0);
insert into t_car_model(cm_id , cs_id , cm_name,cm_type ,cm_order , cm_state) values(1001070,2564,'2012款 2.1T尊旅 中轴版','2012款',1,0);
insert into t_car_model(cm_id , cs_id , cm_name,cm_type ,cm_order , cm_state) values(1000985,2564,'2012款 2.1T尊旅 长轴版','2012款',2,0);
insert into t_car_model(cm_id , cs_id , cm_name,cm_type ,cm_order , cm_state) values(1000986,2564,'2012款 2.1T尊旅 长轴加长版','2012款',3,0);
insert into t_car_model(cm_id , cs_id , cm_name,cm_type ,cm_order , cm_state) values(1001007,2564,'2012款 2.1T佳旅 长轴版','2012款',4,0);
insert into t_car_model(cm_id , cs_id , cm_name,cm_type ,cm_order , cm_state) values(1001008,2564,'2012款 2.1T佳旅 长轴加长版','2012款',5,0);
insert into t_car_model(cm_id , cs_id , cm_name,cm_type ,cm_order , cm_state) values(1001009,2564,'2012款 2.1T厢式 基本型85KW','2012款',6,0);
insert into t_car_model(cm_id , cs_id , cm_name,cm_type ,cm_order , cm_state) values(1001068,2564,'2012款 2.1T厢式 基本型110KW','2012款',7,0);
insert into t_car_series(cs_id,cbf_id,cs_name,cs_order,cs_letter) values(2034,301,'唯雅诺',448,'W');
insert into t_car_model(cm_id , cs_id , cm_name,cm_type ,cm_order , cm_state) values(22607,2034,'2015款 3.0L 合伙人版','2015款',1,0);
insert into t_car_model(cm_id , cs_id , cm_name,cm_type ,cm_order , cm_state) values(18786,2034,'2014款 3.5L 卓越版','2014款',1,0);
insert into t_car_model(cm_id , cs_id , cm_name,cm_type ,cm_order , cm_state) values(15571,2034,'2013款 3.0L 舒适版','2013款',1,0);
insert into t_car_model(cm_id , cs_id , cm_name,cm_type ,cm_order , cm_state) values(15572,2034,'2013款 3.0L 礼遇版','2013款',2,0);
insert into t_car_model(cm_id , cs_id , cm_name,cm_type ,cm_order , cm_state) values(15506,2034,'2013款 3.0L 领航版','2013款',3,0);
insert into t_car_model(cm_id , cs_id , cm_name,cm_type ,cm_order , cm_state) values(13938,2034,'2013款 3.5L 劲驰版','2013款',4,0);
insert into t_car_model(cm_id , cs_id , cm_name,cm_type ,cm_order , cm_state) values(12590,2034,'2013款 3.5L 皓驰版','2013款',5,0);
insert into t_car_model(cm_id , cs_id , cm_name,cm_type ,cm_order , cm_state) values(9897,2034,'2012款 2.5L 舒适版','2012款',1,0);
insert into t_car_model(cm_id , cs_id , cm_name,cm_type ,cm_order , cm_state) values(12589,2034,'2012款 2.5L 礼遇版','2012款',2,0);
insert into t_car_model(cm_id , cs_id , cm_name,cm_type ,cm_order , cm_state) values(12772,2034,'2012款 2.5L 领航版','2012款',3,0);
insert into t_car_model(cm_id , cs_id , cm_name,cm_type ,cm_order , cm_state) values(12771,2034,'2012款 2.5L 尊贵版','2012款',4,0);
insert into t_car_model(cm_id , cs_id , cm_name,cm_type ,cm_order , cm_state) values(9140,2034,'2011款 2.5L 限量版','2011款',1,0);
insert into t_car_model(cm_id , cs_id , cm_name,cm_type ,cm_order , cm_state) values(9850,2034,'2011款 2.5L 豪华版','2011款',2,0);
insert into t_car_model(cm_id , cs_id , cm_name,cm_type ,cm_order , cm_state) values(9896,2034,'2011款 2.5L 尊贵版','2011款',3,0);
insert into t_car_model(cm_id , cs_id , cm_name,cm_type ,cm_order , cm_state) values(9898,2034,'2011款 2.5L 领航版','2011款',4,0);
insert into t_car_model(cm_id , cs_id , cm_name,cm_type ,cm_order , cm_state) values(6947,2034,'2010款 2.5L 豪华版','2010款',1,0);
insert into t_car_model(cm_id , cs_id , cm_name,cm_type ,cm_order , cm_state) values(7344,2034,'2010款 2.5L 尊贵版','2010款',2,0);
insert into t_car_brand_factory(cbf_id , cb_id , cbf_name ,cbf_letter) values(47,36,'奔驰(进口)','B');
insert into t_car_series(cs_id,cbf_id,cs_name,cs_order,cs_letter) values(52,47,'奔驰A级(进口)',449,'B');
insert into t_car_model(cm_id , cs_id , cm_name,cm_type ,cm_order , cm_state) values(40729,52,'2019款 A 200 动感型','2019款',1,0);
insert into t_car_model(cm_id , cs_id , cm_name,cm_type ,cm_order , cm_state) values(40727,52,'2019款 A 200 时尚型','2019款',2,0);
insert into t_car_model(cm_id , cs_id , cm_name,cm_type ,cm_order , cm_state) values(34150,52,'2018款 A 180','2018款',1,0);
insert into t_car_model(cm_id , cs_id , cm_name,cm_type ,cm_order , cm_state) values(34151,52,'2018款 A 200 动感型','2018款',2,0);
insert into t_car_model(cm_id , cs_id , cm_name,cm_type ,cm_order , cm_state) values(34152,52,'2018款 A 200 时尚型','2018款',3,0);
insert into t_car_model(cm_id , cs_id , cm_name,cm_type ,cm_order , cm_state) values(34153,52,'2018款 A 200 运动型','2018款',4,0);
insert into t_car_model(cm_id , cs_id , cm_name,cm_type ,cm_order , cm_state) values(34154,52,'2018款 A 260 运动型','2018款',5,0);
insert into t_car_model(cm_id , cs_id , cm_name,cm_type ,cm_order , cm_state) values(28171,52,'2017款 A 180','2017款',1,0);
insert into t_car_model(cm_id , cs_id , cm_name,cm_type ,cm_order , cm_state) values(28172,52,'2017款 A 200 动感型','2017款',2,0);
insert into t_car_model(cm_id , cs_id , cm_name,cm_type ,cm_order , cm_state) values(28173,52,'2017款 A 200 时尚型','2017款',3,0);
insert into t_car_model(cm_id , cs_id , cm_name,cm_type ,cm_order , cm_state) values(28174,52,'2017款 A 200 运动型','2017款',4,0);
insert into t_car_model(cm_id , cs_id , cm_name,cm_type ,cm_order , cm_state) values(28175,52,'2017款 A 260 运动型','2017款',5,0);
insert into t_car_model(cm_id , cs_id , cm_name,cm_type ,cm_order , cm_state) values(30821,52,'2017款 改款 A 180','2017款',6,0);
insert into t_car_model(cm_id , cs_id , cm_name,cm_type ,cm_order , cm_state) values(30822,52,'2017款 改款 A 200 动感型','2017款',7,0);
insert into t_car_model(cm_id , cs_id , cm_name,cm_type ,cm_order , cm_state) values(30823,52,'2017款 改款 A 200 时尚型','2017款',8,0);
insert into t_car_model(cm_id , cs_id , cm_name,cm_type ,cm_order , cm_state) values(30824,52,'2017款 改款 A 200 运动型','2017款',9,0);
insert into t_car_model(cm_id , cs_id , cm_name,cm_type ,cm_order , cm_state) values(30981,52,'2017款 A 200 极地限量版','2017款',10,0);
insert into t_car_model(cm_id , cs_id , cm_name,cm_type ,cm_order , cm_state) values(30825,52,'2017款 改款 A 260 运动型','2017款',11,0);
insert into t_car_model(cm_id , cs_id , cm_name,cm_type ,cm_order , cm_state) values(24877,52,'2016款 A 180','2016款',1,0);
insert into t_car_model(cm_id , cs_id , cm_name,cm_type ,cm_order , cm_state) values(24879,52,'2016款 A 200 动感型','2016款',2,0);
insert into t_car_model(cm_id , cs_id , cm_name,cm_type ,cm_order , cm_state) values(24878,52,'2016款 A 200 时尚型','2016款',3,0);
insert into t_car_model(cm_id , cs_id , cm_name,cm_type ,cm_order , cm_state) values(24881,52,'2016款 A 200 运动型','2016款',4,0);
insert into t_car_model(cm_id , cs_id , cm_name,cm_type ,cm_order , cm_state) values(24880,52,'2016款 A 200 赛道版','2016款',5,0);
insert into t_car_model(cm_id , cs_id , cm_name,cm_type ,cm_order , cm_state) values(24882,52,'2016款 A 260 运动型','2016款',6,0);
insert into t_car_model(cm_id , cs_id , cm_name,cm_type ,cm_order , cm_state) values(22651,52,'2015款 A 180 标准型','2015款',1,0);
insert into t_car_model(cm_id , cs_id , cm_name,cm_type ,cm_order , cm_state) values(20677,52,'2015款 A 180','2015款',2,0);
insert into t_car_model(cm_id , cs_id , cm_name,cm_type ,cm_order , cm_state) values(20678,52,'2015款 A 200 时尚型','2015款',3,0);
insert into t_car_model(cm_id , cs_id , cm_name,cm_type ,cm_order , cm_state) values(20680,52,'2015款 A 200 运动型','2015款',4,0);
insert into t_car_model(cm_id , cs_id , cm_name,cm_type ,cm_order , cm_state) values(14967,52,'2013款 A 180 时尚型','2013款',1,0);
insert into t_car_model(cm_id , cs_id , cm_name,cm_type ,cm_order , cm_state) values(14968,52,'2013款 A 200 都市型','2013款',2,0);
insert into t_car_model(cm_id , cs_id , cm_name,cm_type ,cm_order , cm_state) values(14969,52,'2013款 A 260 运动型','2013款',3,0);
insert into t_car_model(cm_id , cs_id , cm_name,cm_type ,cm_order , cm_state) values(8379,52,'2011款 A 160','2011款',1,0);
insert into t_car_model(cm_id , cs_id , cm_name,cm_type ,cm_order , cm_state) values(8961,52,'2011款 A 180','2011款',2,0);
insert into t_car_model(cm_id , cs_id , cm_name,cm_type ,cm_order , cm_state) values(217,52,'2004款 A 160','2004款',1,0);
insert into t_car_series(cs_id,cbf_id,cs_name,cs_order,cs_letter) values(398,47,'奔驰B级',450,'B');
insert into t_car_model(cm_id , cs_id , cm_name,cm_type ,cm_order , cm_state) values(41543,398,'2020款 B 200 动感型','2020款',1,0);
insert into t_car_model(cm_id , cs_id , cm_name,cm_type ,cm_order , cm_state) values(41544,398,'2020款 B 200 时尚型','2020款',2,0);
insert into t_car_model(cm_id , cs_id , cm_name,cm_type ,cm_order , cm_state) values(35853,398,'2019款 B 180','2019款',1,0);
insert into t_car_model(cm_id , cs_id , cm_name,cm_type ,cm_order , cm_state) values(35856,398,'2019款 B 200 动感型','2019款',2,0);
insert into t_car_model(cm_id , cs_id , cm_name,cm_type ,cm_order , cm_state) values(35857,398,'2019款 B 200 时尚型','2019款',3,0);
insert into t_car_model(cm_id , cs_id , cm_name,cm_type ,cm_order , cm_state) values(35858,398,'2019款 B 200 豪华型','2019款',4,0);
insert into t_car_model(cm_id , cs_id , cm_name,cm_type ,cm_order , cm_state) values(35859,398,'2019款 B 260 运动型','2019款',5,0);
insert into t_car_model(cm_id , cs_id , cm_name,cm_type ,cm_order , cm_state) values(34143,398,'2018款 B 180','2018款',1,0);
insert into t_car_model(cm_id , cs_id , cm_name,cm_type ,cm_order , cm_state) values(34144,398,'2018款 B 200 动感型','2018款',2,0);
insert into t_car_model(cm_id , cs_id , cm_name,cm_type ,cm_order , cm_state) values(34145,398,'2018款 B 200 时尚型','2018款',3,0);
insert into t_car_model(cm_id , cs_id , cm_name,cm_type ,cm_order , cm_state) values(34146,398,'2018款 B 200 豪华型','2018款',4,0);
insert into t_car_model(cm_id , cs_id , cm_name,cm_type ,cm_order , cm_state) values(34155,398,'2018款 B 260 运动型','2018款',5,0);
insert into t_car_model(cm_id , cs_id , cm_name,cm_type ,cm_order , cm_state) values(30811,398,'2017款 B 180','2017款',1,0);
insert into t_car_model(cm_id , cs_id , cm_name,cm_type ,cm_order , cm_state) values(30812,398,'2017款 B 200 动感型','2017款',2,0);
insert into t_car_model(cm_id , cs_id , cm_name,cm_type ,cm_order , cm_state) values(30813,398,'2017款 B 200 时尚型','2017款',3,0);
insert into t_car_model(cm_id , cs_id , cm_name,cm_type ,cm_order , cm_state) values(30814,398,'2017款 B 200 豪华型','2017款',4,0);
insert into t_car_model(cm_id , cs_id , cm_name,cm_type ,cm_order , cm_state) values(30980,398,'2017款 B 200 极地限量版','2017款',5,0);
insert into t_car_model(cm_id , cs_id , cm_name,cm_type ,cm_order , cm_state) values(30815,398,'2017款 B 260 运动型','2017款',6,0);
insert into t_car_model(cm_id , cs_id , cm_name,cm_type ,cm_order , cm_state) values(26468,398,'2016款 B 180','2016款',1,0);
insert into t_car_model(cm_id , cs_id , cm_name,cm_type ,cm_order , cm_state) values(27614,398,'2016款 B 200 臻藏版','2016款',2,0);
insert into t_car_model(cm_id , cs_id , cm_name,cm_type ,cm_order , cm_state) values(21448,398,'2015款 B 200 动感型','2015款',1,0);
insert into t_car_model(cm_id , cs_id , cm_name,cm_type ,cm_order , cm_state) values(21449,398,'2015款 B 200 时尚型','2015款',2,0);
insert into t_car_model(cm_id , cs_id , cm_name,cm_type ,cm_order , cm_state) values(21450,398,'2015款 B 200 豪华型','2015款',3,0);
insert into t_car_model(cm_id , cs_id , cm_name,cm_type ,cm_order , cm_state) values(21451,398,'2015款 B 260 运动型','2015款',4,0);
insert into t_car_model(cm_id , cs_id , cm_name,cm_type ,cm_order , cm_state) values(16494,398,'2013款 B 260','2013款',1,0);
insert into t_car_model(cm_id , cs_id , cm_name,cm_type ,cm_order , cm_state) values(13671,398,'2012款 B 180','2012款',1,0);
insert into t_car_model(cm_id , cs_id , cm_name,cm_type ,cm_order , cm_state) values(10725,398,'2012款 B 200','2012款',2,0);
insert into t_car_model(cm_id , cs_id , cm_name,cm_type ,cm_order , cm_state) values(1405,398,'2009款 B 200 动感型','2009款',1,0);
insert into t_car_model(cm_id , cs_id , cm_name,cm_type ,cm_order , cm_state) values(4716,398,'2009款 B 200 时尚型','2009款',2,0);
insert into t_car_model(cm_id , cs_id , cm_name,cm_type ,cm_order , cm_state) values(7114,398,'2009款 B 200 豪华型','2009款',3,0);
insert into t_car_series(cs_id,cbf_id,cs_name,cs_order,cs_letter) values(2966,47,'奔驰CLA级',451,'B');
insert into t_car_model(cm_id , cs_id , cm_name,cm_type ,cm_order , cm_state) values(35832,2966,'2019款 CLA 180','2019款',1,0);
insert into t_car_model(cm_id , cs_id , cm_name,cm_type ,cm_order , cm_state) values(35833,2966,'2019款 CLA 200 动感型','2019款',2,0);
insert into t_car_model(cm_id , cs_id , cm_name,cm_type ,cm_order , cm_state) values(35834,2966,'2019款 CLA 200 时尚型','2019款',3,0);
insert into t_car_model(cm_id , cs_id , cm_name,cm_type ,cm_order , cm_state) values(35822,2966,'2019款 CLA 200 暗夜特别版','2019款',4,0);
insert into t_car_model(cm_id , cs_id , cm_name,cm_type ,cm_order , cm_state) values(35835,2966,'2019款 CLA 220 4MATIC','2019款',5,0);
insert into t_car_model(cm_id , cs_id , cm_name,cm_type ,cm_order , cm_state) values(35836,2966,'2019款 CLA 260 4MATIC','2019款',6,0);
insert into t_car_model(cm_id , cs_id , cm_name,cm_type ,cm_order , cm_state) values(34097,2966,'2018款 CLA 180','2018款',1,0);
insert into t_car_model(cm_id , cs_id , cm_name,cm_type ,cm_order , cm_state) values(34098,2966,'2018款 CLA 200 动感型','2018款',2,0);
insert into t_car_model(cm_id , cs_id , cm_name,cm_type ,cm_order , cm_state) values(34099,2966,'2018款 CLA 200 时尚型','2018款',3,0);
insert into t_car_model(cm_id , cs_id , cm_name,cm_type ,cm_order , cm_state) values(34100,2966,'2018款 CLA 220 4MATIC','2018款',4,0);
insert into t_car_model(cm_id , cs_id , cm_name,cm_type ,cm_order , cm_state) values(34101,2966,'2018款 CLA 260 4MATIC','2018款',5,0);
insert into t_car_model(cm_id , cs_id , cm_name,cm_type ,cm_order , cm_state) values(28846,2966,'2017款 CLA 180','2017款',1,0);
insert into t_car_model(cm_id , cs_id , cm_name,cm_type ,cm_order , cm_state) values(28847,2966,'2017款 CLA 200 动感型','2017款',2,0);
insert into t_car_model(cm_id , cs_id , cm_name,cm_type ,cm_order , cm_state) values(28848,2966,'2017款 CLA 200 时尚型','2017款',3,0);
insert into t_car_model(cm_id , cs_id , cm_name,cm_type ,cm_order , cm_state) values(28849,2966,'2017款 CLA 220 4MATIC','2017款',4,0);
insert into t_car_model(cm_id , cs_id , cm_name,cm_type ,cm_order , cm_state) values(28850,2966,'2017款 CLA 260 4MATIC','2017款',5,0);
insert into t_car_model(cm_id , cs_id , cm_name,cm_type ,cm_order , cm_state) values(30804,2966,'2017款 改款 CLA 180','2017款',6,0);
insert into t_car_model(cm_id , cs_id , cm_name,cm_type ,cm_order , cm_state) values(30805,2966,'2017款 改款 CLA 200 动感型','2017款',7,0);
insert into t_car_model(cm_id , cs_id , cm_name,cm_type ,cm_order , cm_state) values(30806,2966,'2017款 改款 CLA 200 时尚型','2017款',8,0);
insert into t_car_model(cm_id , cs_id , cm_name,cm_type ,cm_order , cm_state) values(30807,2966,'2017款 改款 CLA 220 4MATIC','2017款',9,0);
insert into t_car_model(cm_id , cs_id , cm_name,cm_type ,cm_order , cm_state) values(30217,2966,'2017款 CLA 220 4MATIC 极地限量版','2017款',10,0);
insert into t_car_model(cm_id , cs_id , cm_name,cm_type ,cm_order , cm_state) values(30808,2966,'2017款 改款 CLA 260 4MATIC','2017款',11,0);
insert into t_car_model(cm_id , cs_id , cm_name,cm_type ,cm_order , cm_state) values(24871,2966,'2016款 CLA 200 动感型','2016款',1,0);
insert into t_car_model(cm_id , cs_id , cm_name,cm_type ,cm_order , cm_state) values(24874,2966,'2016款 CLA 200 时尚型','2016款',2,0);
insert into t_car_model(cm_id , cs_id , cm_name,cm_type ,cm_order , cm_state) values(24875,2966,'2016款 CLA 220 4MATIC','2016款',3,0);
insert into t_car_model(cm_id , cs_id , cm_name,cm_type ,cm_order , cm_state) values(24876,2966,'2016款 CLA 260 4MATIC','2016款',4,0);
insert into t_car_model(cm_id , cs_id , cm_name,cm_type ,cm_order , cm_state) values(27598,2966,'2016款 改款 CLA 200 动感型','2016款',5,0);
insert into t_car_model(cm_id , cs_id , cm_name,cm_type ,cm_order , cm_state) values(27599,2966,'2016款 改款 CLA 200 时尚型','2016款',6,0);
insert into t_car_model(cm_id , cs_id , cm_name,cm_type ,cm_order , cm_state) values(27600,2966,'2016款 改款 CLA 220 4MATIC','2016款',7,0);
insert into t_car_model(cm_id , cs_id , cm_name,cm_type ,cm_order , cm_state) values(27601,2966,'2016款 改款 CLA 260 4MATIC','2016款',8,0);
insert into t_car_model(cm_id , cs_id , cm_name,cm_type ,cm_order , cm_state) values(21578,2966,'2015款 CLA 200','2015款',1,0);
insert into t_car_model(cm_id , cs_id , cm_name,cm_type ,cm_order , cm_state) values(21579,2966,'2015款 CLA 220 4MATIC','2015款',2,0);
insert into t_car_model(cm_id , cs_id , cm_name,cm_type ,cm_order , cm_state) values(18711,2966,'2014款 CLA 260 4MATIC','2014款',1,0);
insert into t_car_series(cs_id,cbf_id,cs_name,cs_order,cs_letter) values(56,47,'奔驰C级(进口)',452,'B');
insert into t_car_model(cm_id , cs_id , cm_name,cm_type ,cm_order , cm_state) values(36886,56,'2019款 C 260 轿跑车','2019款',1,0);
insert into t_car_model(cm_id , cs_id , cm_name,cm_type ,cm_order , cm_state) values(36888,56,'2019款 C 260 4MATIC 轿跑车','2019款',2,0);
insert into t_car_model(cm_id , cs_id , cm_name,cm_type ,cm_order , cm_state) values(36889,56,'2019款 C 300 轿跑车','2019款',3,0);
insert into t_car_model(cm_id , cs_id , cm_name,cm_type ,cm_order , cm_state) values(36890,56,'2019款 C 180 旅行轿车','2019款',4,0);
insert into t_car_model(cm_id , cs_id , cm_name,cm_type ,cm_order , cm_state) values(36891,56,'2019款 C 260 旅行轿车','2019款',5,0);
insert into t_car_model(cm_id , cs_id , cm_name,cm_type ,cm_order , cm_state) values(36892,56,'2019款 C 260 4MATIC 旅行轿车','2019款',6,0);
insert into t_car_model(cm_id , cs_id , cm_name,cm_type ,cm_order , cm_state) values(36893,56,'2019款 C 300 旅行轿车','2019款',7,0);
insert into t_car_model(cm_id , cs_id , cm_name,cm_type ,cm_order , cm_state) values(32666,56,'2018款 C 180 旅行轿车','2018款',1,0);
insert into t_car_model(cm_id , cs_id , cm_name,cm_type ,cm_order , cm_state) values(32667,56,'2018款 C 200 旅行轿车','2018款',2,0);
insert into t_car_model(cm_id , cs_id , cm_name,cm_type ,cm_order , cm_state) values(32668,56,'2018款 C 200 4MATIC 旅行轿车','2018款',3,0);
insert into t_car_model(cm_id , cs_id , cm_name,cm_type ,cm_order , cm_state) values(32669,56,'2018款 C 300 旅行轿车','2018款',4,0);
insert into t_car_model(cm_id , cs_id , cm_name,cm_type ,cm_order , cm_state) values(32670,56,'2018款 C 200 轿跑车','2018款',5,0);
insert into t_car_model(cm_id , cs_id , cm_name,cm_type ,cm_order , cm_state) values(32671,56,'2018款 C 200 4MATIC 轿跑车','2018款',6,0);
insert into t_car_model(cm_id , cs_id , cm_name,cm_type ,cm_order , cm_state) values(31549,56,'2018款 C 300 轿跑璨夜特别版','2018款',7,0);
insert into t_car_model(cm_id , cs_id , cm_name,cm_type ,cm_order , cm_state) values(28854,56,'2017款 C 300 旅行轿车','2017款',1,0);
insert into t_car_model(cm_id , cs_id , cm_name,cm_type ,cm_order , cm_state) values(28853,56,'2017款 C 200 4MATIC 旅行轿车','2017款',2,0);
insert into t_car_model(cm_id , cs_id , cm_name,cm_type ,cm_order , cm_state) values(28852,56,'2017款 C 200 旅行轿车','2017款',3,0);
insert into t_car_model(cm_id , cs_id , cm_name,cm_type ,cm_order , cm_state) values(28851,56,'2017款 C 180 旅行轿车','2017款',4,0);
insert into t_car_model(cm_id , cs_id , cm_name,cm_type ,cm_order , cm_state) values(28855,56,'2017款 C 200 轿跑版','2017款',5,0);
insert into t_car_model(cm_id , cs_id , cm_name,cm_type ,cm_order , cm_state) values(28857,56,'2017款 C 300 轿跑版','2017款',6,0);
insert into t_car_model(cm_id , cs_id , cm_name,cm_type ,cm_order , cm_state) values(30371,56,'2017款 改款 C 200 轿跑版','2017款',7,0);
insert into t_car_model(cm_id , cs_id , cm_name,cm_type ,cm_order , cm_state) values(28856,56,'2017款 C 200 4MATIC 轿跑版','2017款',8,0);
insert into t_car_model(cm_id , cs_id , cm_name,cm_type ,cm_order , cm_state) values(30372,56,'2017款 改款 C 300 轿跑版','2017款',9,0);
insert into t_car_model(cm_id , cs_id , cm_name,cm_type ,cm_order , cm_state) values(30373,56,'2017款 改款 C 180 旅行轿车','2017款',10,0);
insert into t_car_model(cm_id , cs_id , cm_name,cm_type ,cm_order , cm_state) values(30374,56,'2017款 改款 C 200 旅行轿车','2017款',11,0);
insert into t_car_model(cm_id , cs_id , cm_name,cm_type ,cm_order , cm_state) values(30375,56,'2017款 改款 C 200 4MATIC 旅行轿车','2017款',12,0);
insert into t_car_model(cm_id , cs_id , cm_name,cm_type ,cm_order , cm_state) values(30376,56,'2017款 改款 C 300 旅行轿车','2017款',13,0);
insert into t_car_model(cm_id , cs_id , cm_name,cm_type ,cm_order , cm_state) values(25147,56,'2016款 C 180 旅行轿车','2016款',1,0);
insert into t_car_model(cm_id , cs_id , cm_name,cm_type ,cm_order , cm_state) values(24460,56,'2016款 C 200 4MATIC 旅行轿车','2016款',2,0);
insert into t_car_model(cm_id , cs_id , cm_name,cm_type ,cm_order , cm_state) values(24746,56,'2016款 C 300 旅行轿车','2016款',3,0);
insert into t_car_model(cm_id , cs_id , cm_name,cm_type ,cm_order , cm_state) values(25855,56,'2016款 C 200 轿跑版','2016款',4,0);
insert into t_car_model(cm_id , cs_id , cm_name,cm_type ,cm_order , cm_state) values(27563,56,'2016款 C 200 4MATIC 轿跑版','2016款',5,0);
insert into t_car_model(cm_id , cs_id , cm_name,cm_type ,cm_order , cm_state) values(23520,56,'2016款 C 300 轿跑版','2016款',6,0);
insert into t_car_model(cm_id , cs_id , cm_name,cm_type ,cm_order , cm_state) values(22582,56,'2015款 C 200 旅行轿车','2015款',1,0);
insert into t_car_model(cm_id , cs_id , cm_name,cm_type ,cm_order , cm_state) values(18055,56,'2014款 C 200','2014款',1,0);
insert into t_car_model(cm_id , cs_id , cm_name,cm_type ,cm_order , cm_state) values(17269,56,'2014款 C 250','2014款',2,0);
insert into t_car_model(cm_id , cs_id , cm_name,cm_type ,cm_order , cm_state) values(15835,56,'2013款 C 180 轿跑版','2013款',1,0);
insert into t_car_model(cm_id , cs_id , cm_name,cm_type ,cm_order , cm_state) values(10304,56,'2011款 C 200 时尚旅行版','2011款',1,0);
insert into t_car_model(cm_id , cs_id , cm_name,cm_type ,cm_order , cm_state) values(9239,56,'2011款 C 200 豪华运动旅行版','2011款',2,0);
insert into t_car_model(cm_id , cs_id , cm_name,cm_type ,cm_order , cm_state) values(7578,56,'2010款 C 200 CGI旅行版','2010款',1,0);
insert into t_car_model(cm_id , cs_id , cm_name,cm_type ,cm_order , cm_state) values(7902,56,'2010款 C 300 旅行版','2010款',2,0);
insert into t_car_model(cm_id , cs_id , cm_name,cm_type ,cm_order , cm_state) values(2784,56,'2008款 C 180K','2008款',1,0);
insert into t_car_model(cm_id , cs_id , cm_name,cm_type ,cm_order , cm_state) values(2796,56,'2008款 C 230','2008款',2,0);
insert into t_car_model(cm_id , cs_id , cm_name,cm_type ,cm_order , cm_state) values(2798,56,'2008款 C 350','2008款',3,0);
insert into t_car_model(cm_id , cs_id , cm_name,cm_type ,cm_order , cm_state) values(3411,56,'2007款 C 200K 优雅型','2007款',1,0);
insert into t_car_model(cm_id , cs_id , cm_name,cm_type ,cm_order , cm_state) values(2795,56,'2007款 C 200K 时尚型','2007款',2,0);
insert into t_car_model(cm_id , cs_id , cm_name,cm_type ,cm_order , cm_state) values(2797,56,'2007款 C 280 时尚型','2007款',3,0);
insert into t_car_model(cm_id , cs_id , cm_name,cm_type ,cm_order , cm_state) values(2183,56,'2006款 C 230 优雅型','2006款',1,0);
insert into t_car_model(cm_id , cs_id , cm_name,cm_type ,cm_order , cm_state) values(2173,56,'2006款 C 230 时尚型','2006款',2,0);
insert into t_car_model(cm_id , cs_id , cm_name,cm_type ,cm_order , cm_state) values(2172,56,'2006款 C 200K Coupe','2006款',3,0);
insert into t_car_model(cm_id , cs_id , cm_name,cm_type ,cm_order , cm_state) values(1286,56,'2005款 C 200K Coupe','2005款',1,0);
insert into t_car_model(cm_id , cs_id , cm_name,cm_type ,cm_order , cm_state) values(961,56,'2004款 C 200K','2004款',1,0);
insert into t_car_series(cs_id,cbf_id,cs_name,cs_order,cs_letter) values(450,47,'奔驰E级(进口)',453,'B');
insert into t_car_model(cm_id , cs_id , cm_name,cm_type ,cm_order , cm_state) values(42437,450,'2020款 E 260 运动版','2020款',1,0);
insert into t_car_model(cm_id , cs_id , cm_name,cm_type ,cm_order , cm_state) values(42704,450,'2020款 E 260 运动版 4MATIC','2020款',2,0);
insert into t_car_model(cm_id , cs_id , cm_name,cm_type ,cm_order , cm_state) values(42705,450,'2020款 E 300 运动版','2020款',3,0);
insert into t_car_model(cm_id , cs_id , cm_name,cm_type ,cm_order , cm_state) values(35801,450,'2019款 E 200 轿跑车','2019款',1,0);
insert into t_car_model(cm_id , cs_id , cm_name,cm_type ,cm_order , cm_state) values(35802,450,'2019款 E 200 4MATIC 轿跑车','2019款',2,0);
insert into t_car_model(cm_id , cs_id , cm_name,cm_type ,cm_order , cm_state) values(35803,450,'2019款 E 300 轿跑车','2019款',3,0);
insert into t_car_model(cm_id , cs_id , cm_name,cm_type ,cm_order , cm_state) values(36098,450,'2019款 E 350 4MATIC 轿跑车','2019款',4,0);
insert into t_car_model(cm_id , cs_id , cm_name,cm_type ,cm_order , cm_state) values(38298,450,'2019款 E 300 敞篷轿跑车','2019款',5,0);
insert into t_car_model(cm_id , cs_id , cm_name,cm_type ,cm_order , cm_state) values(38295,450,'2019款 E 260 运动版','2019款',6,0);
insert into t_car_model(cm_id , cs_id , cm_name,cm_type ,cm_order , cm_state) values(38296,450,'2019款 E 260 运动版 4MATIC','2019款',7,0);
insert into t_car_model(cm_id , cs_id , cm_name,cm_type ,cm_order , cm_state) values(38297,450,'2019款 改款 E 300 运动版','2019款',8,0);
insert into t_car_model(cm_id , cs_id , cm_name,cm_type ,cm_order , cm_state) values(35707,450,'2019款 E 200 运动型','2019款',9,0);
insert into t_car_model(cm_id , cs_id , cm_name,cm_type ,cm_order , cm_state) values(35708,450,'2019款 E 200 运动型 4MATIC','2019款',10,0);
insert into t_car_model(cm_id , cs_id , cm_name,cm_type ,cm_order , cm_state) values(35709,450,'2019款 E 300 运动型','2019款',11,0);
insert into t_car_model(cm_id , cs_id , cm_name,cm_type ,cm_order , cm_state) values(34612,450,'2018款 E 200 敞篷轿跑车','2018款',1,0);
insert into t_car_model(cm_id , cs_id , cm_name,cm_type ,cm_order , cm_state) values(34558,450,'2018款 E 200 敞篷轿跑车 先型特别版','2018款',2,0);
insert into t_car_model(cm_id , cs_id , cm_name,cm_type ,cm_order , cm_state) values(34613,450,'2018款 E 200 4MATIC 敞篷轿跑车','2018款',3,0);
insert into t_car_model(cm_id , cs_id , cm_name,cm_type ,cm_order , cm_state) values(34339,450,'2018款 E 200 轿跑车','2018款',4,0);
insert into t_car_model(cm_id , cs_id , cm_name,cm_type ,cm_order , cm_state) values(34340,450,'2018款 E 200 4MATIC 轿跑车','2018款',5,0);
insert into t_car_model(cm_id , cs_id , cm_name,cm_type ,cm_order , cm_state) values(34341,450,'2018款 E 300 轿跑车','2018款',6,0);
insert into t_car_model(cm_id , cs_id , cm_name,cm_type ,cm_order , cm_state) values(30706,450,'2017款 E 200 轿跑车','2017款',1,0);
insert into t_car_model(cm_id , cs_id , cm_name,cm_type ,cm_order , cm_state) values(30693,450,'2017款 E 200 4MATIC 轿跑车','2017款',2,0);
insert into t_car_model(cm_id , cs_id , cm_name,cm_type ,cm_order , cm_state) values(30707,450,'2017款 E 300 轿跑车','2017款',3,0);
insert into t_car_model(cm_id , cs_id , cm_name,cm_type ,cm_order , cm_state) values(26962,450,'2016款 E 200 轿跑车 灵动版','2016款',1,0);
insert into t_car_model(cm_id , cs_id , cm_name,cm_type ,cm_order , cm_state) values(26963,450,'2016款 E 260 轿跑车 灵动版','2016款',2,0);
insert into t_car_model(cm_id , cs_id , cm_name,cm_type ,cm_order , cm_state) values(26964,450,'2016款 E 320 轿跑车 灵动版','2016款',3,0);
insert into t_car_model(cm_id , cs_id , cm_name,cm_type ,cm_order , cm_state) values(26965,450,'2016款 E 400 轿跑车 灵动版','2016款',4,0);
insert into t_car_model(cm_id , cs_id , cm_name,cm_type ,cm_order , cm_state) values(27620,450,'2016款 E 400 敞篷轿跑车 灵动版','2016款',5,0);
insert into t_car_model(cm_id , cs_id , cm_name,cm_type ,cm_order , cm_state) values(27621,450,'2016款 E 260 敞篷轿跑车 灵动版','2016款',6,0);
insert into t_car_model(cm_id , cs_id , cm_name,cm_type ,cm_order , cm_state) values(18051,450,'2014款 E 200 轿跑版','2014款',1,0);
insert into t_car_model(cm_id , cs_id , cm_name,cm_type ,cm_order , cm_state) values(18018,450,'2014款 E 260 轿跑版','2014款',2,0);
insert into t_car_model(cm_id , cs_id , cm_name,cm_type ,cm_order , cm_state) values(18466,450,'2014款 E 320 轿跑版','2014款',3,0);
insert into t_car_model(cm_id , cs_id , cm_name,cm_type ,cm_order , cm_state) values(16143,450,'2014款 E 400 轿跑版','2014款',4,0);
insert into t_car_model(cm_id , cs_id , cm_name,cm_type ,cm_order , cm_state) values(19179,450,'2014款 E 260 敞篷轿跑车','2014款',5,0);
insert into t_car_model(cm_id , cs_id , cm_name,cm_type ,cm_order , cm_state) values(19292,450,'2014款 E 400 敞篷轿跑车','2014款',6,0);
insert into t_car_model(cm_id , cs_id , cm_name,cm_type ,cm_order , cm_state) values(14003,450,'2012款 E 200 CGI Coupe','2012款',1,0);
insert into t_car_model(cm_id , cs_id , cm_name,cm_type ,cm_order , cm_state) values(14361,450,'2012款 E 260 CGI 敞篷版','2012款',2,0);
insert into t_car_model(cm_id , cs_id , cm_name,cm_type ,cm_order , cm_state) values(14010,450,'2012款 E 260 CGI Coupe','2012款',3,0);
insert into t_car_model(cm_id , cs_id , cm_name,cm_type ,cm_order , cm_state) values(14011,450,'2012款 E 350 Coupe','2012款',4,0);
insert into t_car_model(cm_id , cs_id , cm_name,cm_type ,cm_order , cm_state) values(11501,450,'2011款 E 260 CGI Coupe','2011款',1,0);
insert into t_car_model(cm_id , cs_id , cm_name,cm_type ,cm_order , cm_state) values(13067,450,'2011款 E 350 CGI 敞篷版','2011款',2,0);
insert into t_car_model(cm_id , cs_id , cm_name,cm_type ,cm_order , cm_state) values(11502,450,'2011款 E 260 CGI 敞篷版','2011款',3,0);
insert into t_car_model(cm_id , cs_id , cm_name,cm_type ,cm_order , cm_state) values(8317,450,'2010款 E 260 CGI 敞篷版','2010款',1,0);
insert into t_car_model(cm_id , cs_id , cm_name,cm_type ,cm_order , cm_state) values(6538,450,'2010款 E 200 CGI 优雅型','2010款',2,0);
insert into t_car_model(cm_id , cs_id , cm_name,cm_type ,cm_order , cm_state) values(6540,450,'2010款 E 260 CGI 时尚型','2010款',3,0);
insert into t_car_model(cm_id , cs_id , cm_name,cm_type ,cm_order , cm_state) values(6541,450,'2010款 E 260 CGI Coupe','2010款',4,0);
insert into t_car_model(cm_id , cs_id , cm_name,cm_type ,cm_order , cm_state) values(6856,450,'2010款 E 300 优雅型豪华版','2010款',5,0);
insert into t_car_model(cm_id , cs_id , cm_name,cm_type ,cm_order , cm_state) values(6857,450,'2010款 E 300 时尚型豪华版','2010款',6,0);
insert into t_car_model(cm_id , cs_id , cm_name,cm_type ,cm_order , cm_state) values(6737,450,'2010款 E 350 敞篷版','2010款',7,0);
insert into t_car_model(cm_id , cs_id , cm_name,cm_type ,cm_order , cm_state) values(5577,450,'2009款 E 300 优雅型','2009款',1,0);
insert into t_car_model(cm_id , cs_id , cm_name,cm_type ,cm_order , cm_state) values(5576,450,'2009款 E 300 时尚型','2009款',2,0);
insert into t_car_model(cm_id , cs_id , cm_name,cm_type ,cm_order , cm_state) values(4962,450,'2009款 E 350 Coupe','2009款',3,0);
insert into t_car_model(cm_id , cs_id , cm_name,cm_type ,cm_order , cm_state) values(2201,450,'2006款 E 350 时尚型','2006款',1,0);
insert into t_car_model(cm_id , cs_id , cm_name,cm_type ,cm_order , cm_state) values(2202,450,'2006款 E 350 优雅型','2006款',2,0);
insert into t_car_model(cm_id , cs_id , cm_name,cm_type ,cm_order , cm_state) values(2203,450,'2006款 E 500 时尚型','2006款',3,0);
insert into t_car_model(cm_id , cs_id , cm_name,cm_type ,cm_order , cm_state) values(2204,450,'2006款 E 500 优雅型','2006款',4,0);
insert into t_car_model(cm_id , cs_id , cm_name,cm_type ,cm_order , cm_state) values(6793,450,'2004款 E 240','2004款',1,0);
insert into t_car_series(cs_id,cbf_id,cs_name,cs_order,cs_letter) values(365,47,'奔驰CLS级',454,'B');
insert into t_car_model(cm_id , cs_id , cm_name,cm_type ,cm_order , cm_state) values(35120,365,'2018款 CLS 300 动感型','2018款',1,0);
insert into t_car_model(cm_id , cs_id , cm_name,cm_type ,cm_order , cm_state) values(35121,365,'2018款 CLS 300 豪华型','2018款',2,0);
insert into t_car_model(cm_id , cs_id , cm_name,cm_type ,cm_order , cm_state) values(34852,365,'2018款 CLS 350 4MATIC','2018款',3,0);
insert into t_car_model(cm_id , cs_id , cm_name,cm_type ,cm_order , cm_state) values(34611,365,'2018款  CLS 350 4MATIC先型特别版','2018款',4,0);
insert into t_car_model(cm_id , cs_id , cm_name,cm_type ,cm_order , cm_state) values(28871,365,'2017款 CLS 260逸彩版','2017款',1,0);
insert into t_car_model(cm_id , cs_id , cm_name,cm_type ,cm_order , cm_state) values(28721,365,'2017款 CLS 320逸彩版','2017款',2,0);
insert into t_car_model(cm_id , cs_id , cm_name,cm_type ,cm_order , cm_state) values(28873,365,'2017款 CLS 400 4MATIC逸彩版','2017款',3,0);
insert into t_car_model(cm_id , cs_id , cm_name,cm_type ,cm_order , cm_state) values(28874,365,'2017款 CLS 260 猎装版','2017款',4,0);
insert into t_car_model(cm_id , cs_id , cm_name,cm_type ,cm_order , cm_state) values(28876,365,'2017款 CLS 400 4MATIC猎装版','2017款',5,0);
insert into t_car_model(cm_id , cs_id , cm_name,cm_type ,cm_order , cm_state) values(26665,365,'2016款 CLS 260 逸彩版','2016款',1,0);
insert into t_car_model(cm_id , cs_id , cm_name,cm_type ,cm_order , cm_state) values(26609,365,'2016款 CLS 260 猎装版','2016款',2,0);
insert into t_car_model(cm_id , cs_id , cm_name,cm_type ,cm_order , cm_state) values(26663,365,'2016款 CLS 320 逸彩版','2016款',3,0);
insert into t_car_model(cm_id , cs_id , cm_name,cm_type ,cm_order , cm_state) values(26664,365,'2016款 CLS 400 4MATIC逸彩版','2016款',4,0);
insert into t_car_model(cm_id , cs_id , cm_name,cm_type ,cm_order , cm_state) values(26610,365,'2016款 CLS 400 4MATIC猎装版','2016款',5,0);
insert into t_car_model(cm_id , cs_id , cm_name,cm_type ,cm_order , cm_state) values(21542,365,'2015款 CLS 260','2015款',1,0);
insert into t_car_model(cm_id , cs_id , cm_name,cm_type ,cm_order , cm_state) values(21543,365,'2015款 CLS 320','2015款',2,0);
insert into t_car_model(cm_id , cs_id , cm_name,cm_type ,cm_order , cm_state) values(21067,365,'2015款 CLS 400 4MATIC','2015款',3,0);
insert into t_car_model(cm_id , cs_id , cm_name,cm_type ,cm_order , cm_state) values(15622,365,'2013款 CLS 350 猎装时尚型','2013款',1,0);
insert into t_car_model(cm_id , cs_id , cm_name,cm_type ,cm_order , cm_state) values(15392,365,'2013款 CLS 350 猎装豪华型','2013款',2,0);
insert into t_car_model(cm_id , cs_id , cm_name,cm_type ,cm_order , cm_state) values(11088,365,'2012款 CLS 300 CGI','2012款',1,0);
insert into t_car_model(cm_id , cs_id , cm_name,cm_type ,cm_order , cm_state) values(8377,365,'2012款 CLS 350 CGI','2012款',2,0);
insert into t_car_model(cm_id , cs_id , cm_name,cm_type ,cm_order , cm_state) values(5912,365,'2009款 CLS 300','2009款',1,0);
insert into t_car_model(cm_id , cs_id , cm_name,cm_type ,cm_order , cm_state) values(5925,365,'2009款 CLS 350','2009款',2,0);
insert into t_car_model(cm_id , cs_id , cm_name,cm_type ,cm_order , cm_state) values(5926,365,'2009款 CLS 500','2009款',3,0);
insert into t_car_model(cm_id , cs_id , cm_name,cm_type ,cm_order , cm_state) values(4311,365,'2008款 CLS 350','2008款',1,0);
insert into t_car_model(cm_id , cs_id , cm_name,cm_type ,cm_order , cm_state) values(4312,365,'2008款 CLS 500','2008款',2,0);
insert into t_car_model(cm_id , cs_id , cm_name,cm_type ,cm_order , cm_state) values(1365,365,'2007款 CLS 350','2007款',1,0);
insert into t_car_model(cm_id , cs_id , cm_name,cm_type ,cm_order , cm_state) values(1366,365,'2007款 CLS 500','2007款',2,0);
insert into t_car_series(cs_id,cbf_id,cs_name,cs_order,cs_letter) values(59,47,'奔驰S级',455,'B');
insert into t_car_model(cm_id , cs_id , cm_name,cm_type ,cm_order , cm_state) values(41537,59,'2019款 S 320 L 臻藏版','2019款',1,0);
insert into t_car_model(cm_id , cs_id , cm_name,cm_type ,cm_order , cm_state) values(41538,59,'2019款 S 350 L 尊贵型 臻藏版','2019款',2,0);
insert into t_car_model(cm_id , cs_id , cm_name,cm_type ,cm_order , cm_state) values(41539,59,'2019款 S 350 L 豪华型 臻藏版','2019款',3,0);
insert into t_car_model(cm_id , cs_id , cm_name,cm_type ,cm_order , cm_state) values(41540,59,'2019款 S 450 L 臻藏版','2019款',4,0);
insert into t_car_model(cm_id , cs_id , cm_name,cm_type ,cm_order , cm_state) values(41541,59,'2019款 S 450 L 4MATIC 臻藏版','2019款',5,0);
insert into t_car_model(cm_id , cs_id , cm_name,cm_type ,cm_order , cm_state) values(41542,59,'2019款 S 500 L 4MATIC 臻藏版','2019款',6,0);
insert into t_car_model(cm_id , cs_id , cm_name,cm_type ,cm_order , cm_state) values(35646,59,'2019款 S 320 L','2019款',7,0);
insert into t_car_model(cm_id , cs_id , cm_name,cm_type ,cm_order , cm_state) values(35647,59,'2019款 S 350 L 尊贵型','2019款',8,0);
insert into t_car_model(cm_id , cs_id , cm_name,cm_type ,cm_order , cm_state) values(35648,59,'2019款 S 350 L 豪华型','2019款',9,0);
insert into t_car_model(cm_id , cs_id , cm_name,cm_type ,cm_order , cm_state) values(35852,59,'2019款 S 450 L','2019款',10,0);
insert into t_car_model(cm_id , cs_id , cm_name,cm_type ,cm_order , cm_state) values(35854,59,'2019款 S 450 L 4MATIC','2019款',11,0);
insert into t_car_model(cm_id , cs_id , cm_name,cm_type ,cm_order , cm_state) values(35855,59,'2019款 S 500 L 4MATIC','2019款',12,0);
insert into t_car_model(cm_id , cs_id , cm_name,cm_type ,cm_order , cm_state) values(34557,59,'2018款 S 450 4MATIC 轿跑版','2018款',1,0);
insert into t_car_model(cm_id , cs_id , cm_name,cm_type ,cm_order , cm_state) values(31477,59,'2018款 S 320 L','2018款',2,0);
insert into t_car_model(cm_id , cs_id , cm_name,cm_type ,cm_order , cm_state) values(30273,59,'2018款 S 350 L','2018款',3,0);
insert into t_car_model(cm_id , cs_id , cm_name,cm_type ,cm_order , cm_state) values(31813,59,'2018款 S 450 L','2018款',4,0);
insert into t_car_model(cm_id , cs_id , cm_name,cm_type ,cm_order , cm_state) values(34122,59,'2018款 S 450 L 4MATIC 卓越特别版','2018款',5,0);
insert into t_car_model(cm_id , cs_id , cm_name,cm_type ,cm_order , cm_state) values(31814,59,'2018款 S 450 L 4MATIC','2018款',6,0);
insert into t_car_model(cm_id , cs_id , cm_name,cm_type ,cm_order , cm_state) values(32783,59,'2018款 S 500 L 4MATIC','2018款',7,0);
insert into t_car_model(cm_id , cs_id , cm_name,cm_type ,cm_order , cm_state) values(28883,59,'2017款 S 320 L 商务型','2017款',1,0);
insert into t_car_model(cm_id , cs_id , cm_name,cm_type ,cm_order , cm_state) values(30974,59,'2017款 S 320 L 商务型升级版','2017款',2,0);
insert into t_car_model(cm_id , cs_id , cm_name,cm_type ,cm_order , cm_state) values(28884,59,'2017款 S 320 L 豪华型','2017款',3,0);
insert into t_car_model(cm_id , cs_id , cm_name,cm_type ,cm_order , cm_state) values(28885,59,'2017款 S 400 L','2017款',4,0);
insert into t_car_model(cm_id , cs_id , cm_name,cm_type ,cm_order , cm_state) values(28886,59,'2017款 S 400 L 4MATIC','2017款',5,0);
insert into t_car_model(cm_id , cs_id , cm_name,cm_type ,cm_order , cm_state) values(28888,59,'2017款 S 500 L 4MATIC','2017款',6,0);
insert into t_car_model(cm_id , cs_id , cm_name,cm_type ,cm_order , cm_state) values(28889,59,'2017款 S 400 4MATIC 轿跑版','2017款',7,0);
insert into t_car_model(cm_id , cs_id , cm_name,cm_type ,cm_order , cm_state) values(28890,59,'2017款 S 500 4MATIC 轿跑版','2017款',8,0);
insert into t_car_model(cm_id , cs_id , cm_name,cm_type ,cm_order , cm_state) values(24796,59,'2016款 S 400 4MATIC 轿跑版','2016款',1,0);
insert into t_car_model(cm_id , cs_id , cm_name,cm_type ,cm_order , cm_state) values(27175,59,'2016款 S 500 4MATIC 轿跑版','2016款',2,0);
insert into t_car_model(cm_id , cs_id , cm_name,cm_type ,cm_order , cm_state) values(27322,59,'2016款 S 320 L 商务型','2016款',3,0);
insert into t_car_model(cm_id , cs_id , cm_name,cm_type ,cm_order , cm_state) values(25502,59,'2016款 S 320 L 豪华型','2016款',4,0);
insert into t_car_model(cm_id , cs_id , cm_name,cm_type ,cm_order , cm_state) values(25503,59,'2016款 S 400 L','2016款',5,0);
insert into t_car_model(cm_id , cs_id , cm_name,cm_type ,cm_order , cm_state) values(25504,59,'2016款 S 400 L 4MATIC','2016款',6,0);
insert into t_car_model(cm_id , cs_id , cm_name,cm_type ,cm_order , cm_state) values(25505,59,'2016款 S 500 L 4MATIC','2016款',7,0);
insert into t_car_model(cm_id , cs_id , cm_name,cm_type ,cm_order , cm_state) values(23141,59,'2015款 S 400 L','2015款',1,0);
insert into t_car_model(cm_id , cs_id , cm_name,cm_type ,cm_order , cm_state) values(21010,59,'2015款 S 400 L 4MATIC','2015款',2,0);
insert into t_car_model(cm_id , cs_id , cm_name,cm_type ,cm_order , cm_state) values(18176,59,'2015款 S 500 4MATIC 轿跑版','2015款',3,0);
insert into t_car_model(cm_id , cs_id , cm_name,cm_type ,cm_order , cm_state) values(19246,59,'2014款 S 320 L 商务型','2014款',1,0);
insert into t_car_model(cm_id , cs_id , cm_name,cm_type ,cm_order , cm_state) values(19247,59,'2014款 S 320 L 豪华型','2014款',2,0);
insert into t_car_model(cm_id , cs_id , cm_name,cm_type ,cm_order , cm_state) values(17098,59,'2014款 S 400 L 尊贵型','2014款',3,0);
insert into t_car_model(cm_id , cs_id , cm_name,cm_type ,cm_order , cm_state) values(16488,59,'2014款 S 400 L 豪华型','2014款',4,0);
insert into t_car_model(cm_id , cs_id , cm_name,cm_type ,cm_order , cm_state) values(16050,59,'2014款 S 400 L HYBRID','2014款',5,0);
insert into t_car_model(cm_id , cs_id , cm_name,cm_type ,cm_order , cm_state) values(15354,59,'2014款 S 500 L','2014款',6,0);
insert into t_car_model(cm_id , cs_id , cm_name,cm_type ,cm_order , cm_state) values(18271,59,'2014款 S 500 L 4MATIC','2014款',7,0);
insert into t_car_model(cm_id , cs_id , cm_name,cm_type ,cm_order , cm_state) values(18002,59,'2014款 S 600 L','2014款',8,0);
insert into t_car_model(cm_id , cs_id , cm_name,cm_type ,cm_order , cm_state) values(14404,59,'2012款 S 300 L 商务简配型','2012款',1,0);
insert into t_car_model(cm_id , cs_id , cm_name,cm_type ,cm_order , cm_state) values(13058,59,'2012款 S 300 L 商务型 Grand Edition','2012款',2,0);
insert into t_car_model(cm_id , cs_id , cm_name,cm_type ,cm_order , cm_state) values(13059,59,'2012款 S 300 L 尊贵型 Grand Edition','2012款',3,0);
insert into t_car_model(cm_id , cs_id , cm_name,cm_type ,cm_order , cm_state) values(13060,59,'2012款 S 300 L 豪华型 Grand Edition','2012款',4,0);
insert into t_car_model(cm_id , cs_id , cm_name,cm_type ,cm_order , cm_state) values(12568,59,'2012款 S 350 L Grand Edition','2012款',5,0);
insert into t_car_model(cm_id , cs_id , cm_name,cm_type ,cm_order , cm_state) values(13061,59,'2012款 S 350 L 4MATIC Grand Edition','2012款',6,0);
insert into t_car_model(cm_id , cs_id , cm_name,cm_type ,cm_order , cm_state) values(13062,59,'2012款 S 400 L HYBRID Grand Edition','2012款',7,0);
insert into t_car_model(cm_id , cs_id , cm_name,cm_type ,cm_order , cm_state) values(13063,59,'2012款 S 500 L 4MATIC Grand Edition','2012款',8,0);
insert into t_car_model(cm_id , cs_id , cm_name,cm_type ,cm_order , cm_state) values(13064,59,'2012款 S 600 L Grand Edition','2012款',9,0);
insert into t_car_model(cm_id , cs_id , cm_name,cm_type ,cm_order , cm_state) values(15028,59,'2012款 S 600 L Grand Edition designo','2012款',10,0);
insert into t_car_model(cm_id , cs_id , cm_name,cm_type ,cm_order , cm_state) values(9941,59,'2011款 S 350 L CGI','2011款',1,0);
insert into t_car_model(cm_id , cs_id , cm_name,cm_type ,cm_order , cm_state) values(9916,59,'2011款 S 350 L CGI 4MATIC','2011款',2,0);
insert into t_car_model(cm_id , cs_id , cm_name,cm_type ,cm_order , cm_state) values(9915,59,'2011款 S 500 L CGI 4MATIC','2011款',3,0);
insert into t_car_model(cm_id , cs_id , cm_name,cm_type ,cm_order , cm_state) values(5916,59,'2010款 S 350 L 豪华型','2010款',1,0);
insert into t_car_model(cm_id , cs_id , cm_name,cm_type ,cm_order , cm_state) values(5913,59,'2010款 S 300 L 商务型','2010款',2,0);
insert into t_car_model(cm_id , cs_id , cm_name,cm_type ,cm_order , cm_state) values(5918,59,'2010款 S 350 L 4MATIC','2010款',3,0);
insert into t_car_model(cm_id , cs_id , cm_name,cm_type ,cm_order , cm_state) values(5914,59,'2010款 S 300 L 尊贵型','2010款',4,0);
insert into t_car_model(cm_id , cs_id , cm_name,cm_type ,cm_order , cm_state) values(5915,59,'2010款 S 300 L 豪华型','2010款',5,0);
insert into t_car_model(cm_id , cs_id , cm_name,cm_type ,cm_order , cm_state) values(4963,59,'2010款 S 400 L HYBRID','2010款',6,0);
insert into t_car_model(cm_id , cs_id , cm_name,cm_type ,cm_order , cm_state) values(5921,59,'2010款 S 600 L','2010款',7,0);
insert into t_car_model(cm_id , cs_id , cm_name,cm_type ,cm_order , cm_state) values(5919,59,'2010款 S 500 L','2010款',8,0);
insert into t_car_model(cm_id , cs_id , cm_name,cm_type ,cm_order , cm_state) values(5920,59,'2010款 S 500 L 4MATIC','2010款',9,0);
insert into t_car_model(cm_id , cs_id , cm_name,cm_type ,cm_order , cm_state) values(3714,59,'2008款 S 300 L 商务型','2008款',1,0);
insert into t_car_model(cm_id , cs_id , cm_name,cm_type ,cm_order , cm_state) values(3715,59,'2008款 S 300 L 尊贵型','2008款',2,0);
insert into t_car_model(cm_id , cs_id , cm_name,cm_type ,cm_order , cm_state) values(4768,59,'2008款 S 300 L 豪华型','2008款',3,0);
insert into t_car_model(cm_id , cs_id , cm_name,cm_type ,cm_order , cm_state) values(1725,59,'2008款 S 350 L 豪华型','2008款',4,0);
insert into t_car_model(cm_id , cs_id , cm_name,cm_type ,cm_order , cm_state) values(4766,59,'2008款 S 350 L 动感型','2008款',5,0);
insert into t_car_model(cm_id , cs_id , cm_name,cm_type ,cm_order , cm_state) values(4121,59,'2008款 S 350 L 4MATIC','2008款',6,0);
insert into t_car_model(cm_id , cs_id , cm_name,cm_type ,cm_order , cm_state) values(1845,59,'2008款 S 500 L','2008款',7,0);
insert into t_car_model(cm_id , cs_id , cm_name,cm_type ,cm_order , cm_state) values(4139,59,'2008款 S 500 L 4MATIC','2008款',8,0);
insert into t_car_model(cm_id , cs_id , cm_name,cm_type ,cm_order , cm_state) values(2686,59,'2008款 S 600 L','2008款',9,0);
insert into t_car_model(cm_id , cs_id , cm_name,cm_type ,cm_order , cm_state) values(2687,59,'2006款 S 300','2006款',1,0);
insert into t_car_model(cm_id , cs_id , cm_name,cm_type ,cm_order , cm_state) values(1738,59,'2004款 S 280','2004款',1,0);
insert into t_car_model(cm_id , cs_id , cm_name,cm_type ,cm_order , cm_state) values(546,59,'2004款 S 350','2004款',2,0);
insert into t_car_model(cm_id , cs_id , cm_name,cm_type ,cm_order , cm_state) values(805,59,'2004款 S 500','2004款',3,0);
insert into t_car_model(cm_id , cs_id , cm_name,cm_type ,cm_order , cm_state) values(806,59,'2004款 S 600','2004款',4,0);
insert into t_car_model(cm_id , cs_id , cm_name,cm_type ,cm_order , cm_state) values(29155,59,'1999款 S 320','1999款',1,0);
insert into t_car_series(cs_id,cbf_id,cs_name,cs_order,cs_letter) values(3339,47,'奔驰GLC(进口)',456,'B');
insert into t_car_model(cm_id , cs_id , cm_name,cm_type ,cm_order , cm_state) values(38272,3339,'2019款 改款 GLC 200 4MATIC 轿跑SUV','2019款',1,0);
insert into t_car_model(cm_id , cs_id , cm_name,cm_type ,cm_order , cm_state) values(38273,3339,'2019款 改款 GLC 260 4MATIC 轿跑SUV','2019款',2,0);
insert into t_car_model(cm_id , cs_id , cm_name,cm_type ,cm_order , cm_state) values(38274,3339,'2019款 改款 GLC 300 4MATIC 轿跑SUV','2019款',3,0);
insert into t_car_model(cm_id , cs_id , cm_name,cm_type ,cm_order , cm_state) values(35863,3339,'2019款 GLC 200 4MATIC 轿跑SUV','2019款',4,0);
insert into t_car_model(cm_id , cs_id , cm_name,cm_type ,cm_order , cm_state) values(35864,3339,'2019款 GLC 260 4MATIC 轿跑SUV','2019款',5,0);
insert into t_car_model(cm_id , cs_id , cm_name,cm_type ,cm_order , cm_state) values(35865,3339,'2019款 GLC 300 4MATIC 轿跑SUV','2019款',6,0);
insert into t_car_model(cm_id , cs_id , cm_name,cm_type ,cm_order , cm_state) values(34125,3339,'2018款 GLC 200 4MATIC 轿跑SUV','2018款',1,0);
insert into t_car_model(cm_id , cs_id , cm_name,cm_type ,cm_order , cm_state) values(34126,3339,'2018款 GLC 260 4MATIC 轿跑SUV','2018款',2,0);
insert into t_car_model(cm_id , cs_id , cm_name,cm_type ,cm_order , cm_state) values(34140,3339,'2018款 GLC 300 4MATIC 轿跑SUV','2018款',3,0);
insert into t_car_model(cm_id , cs_id , cm_name,cm_type ,cm_order , cm_state) values(28423,3339,'2017款 GLC 200 4MATIC 轿跑SUV','2017款',1,0);
insert into t_car_model(cm_id , cs_id , cm_name,cm_type ,cm_order , cm_state) values(28424,3339,'2017款 GLC 260 4MATIC 轿跑SUV','2017款',2,0);
insert into t_car_model(cm_id , cs_id , cm_name,cm_type ,cm_order , cm_state) values(28425,3339,'2017款 GLC 300 4MATIC 轿跑SUV','2017款',3,0);
insert into t_car_series(cs_id,cbf_id,cs_name,cs_order,cs_letter) values(3683,47,'奔驰GLE',457,'B');
insert into t_car_model(cm_id , cs_id , cm_name,cm_type ,cm_order , cm_state) values(38570,3683,'2020款 GLE 350 4MATIC 时尚型','2020款',1,0);
insert into t_car_model(cm_id , cs_id , cm_name,cm_type ,cm_order , cm_state) values(38435,3683,'2020款 GLE 350 4MATIC 豪华型','2020款',2,0);
insert into t_car_model(cm_id , cs_id , cm_name,cm_type ,cm_order , cm_state) values(38569,3683,'2020款 GLE 450 4MATIC 时尚型','2020款',3,0);
insert into t_car_model(cm_id , cs_id , cm_name,cm_type ,cm_order , cm_state) values(37145,3683,'2019款 GLE 320 4MATIC 豪华型臻藏版','2019款',1,0);
insert into t_car_model(cm_id , cs_id , cm_name,cm_type ,cm_order , cm_state) values(37146,3683,'2019款 GLE 350 d 4MATIC','2019款',2,0);
insert into t_car_model(cm_id , cs_id , cm_name,cm_type ,cm_order , cm_state) values(37318,3683,'2019款 GLE 400 4MATIC 臻藏版(特殊配置)','2019款',3,0);
insert into t_car_model(cm_id , cs_id , cm_name,cm_type ,cm_order , cm_state) values(37147,3683,'2019款 GLE 400 4MATIC 臻藏版','2019款',4,0);
insert into t_car_model(cm_id , cs_id , cm_name,cm_type ,cm_order , cm_state) values(36381,3683,'2019款 GLE 320 4MATIC 动感型臻藏版','2019款',5,0);
insert into t_car_model(cm_id , cs_id , cm_name,cm_type ,cm_order , cm_state) values(37144,3683,'2019款 GLE 300 d 4MATIC','2019款',6,0);
insert into t_car_model(cm_id , cs_id , cm_name,cm_type ,cm_order , cm_state) values(34147,3683,'2018款 GLE 320 4MATIC 轿跑SUV','2018款',1,0);
insert into t_car_model(cm_id , cs_id , cm_name,cm_type ,cm_order , cm_state) values(34148,3683,'2018款 GLE 400 4MATIC 轿跑SUV','2018款',2,0);
insert into t_car_model(cm_id , cs_id , cm_name,cm_type ,cm_order , cm_state) values(34149,3683,'2018款 GLE 500 4MATIC 轿跑SUV','2018款',3,0);
insert into t_car_model(cm_id , cs_id , cm_name,cm_type ,cm_order , cm_state) values(34275,3683,'2018款 GLE 300 d 4MATIC','2018款',4,0);
insert into t_car_model(cm_id , cs_id , cm_name,cm_type ,cm_order , cm_state) values(34276,3683,'2018款 GLE 320 4MATIC 动感型臻藏版','2018款',5,0);
insert into t_car_model(cm_id , cs_id , cm_name,cm_type ,cm_order , cm_state) values(34277,3683,'2018款 GLE 320 4MATIC 豪华型臻藏版','2018款',6,0);
insert into t_car_model(cm_id , cs_id , cm_name,cm_type ,cm_order , cm_state) values(34278,3683,'2018款 GLE 350 d 4MATIC','2018款',7,0);
insert into t_car_model(cm_id , cs_id , cm_name,cm_type ,cm_order , cm_state) values(34279,3683,'2018款 GLE 400 4MATIC 臻藏版','2018款',8,0);
insert into t_car_model(cm_id , cs_id , cm_name,cm_type ,cm_order , cm_state) values(28880,3683,'2017款 GLE 300 d 4MATIC','2017款',1,0);
insert into t_car_model(cm_id , cs_id , cm_name,cm_type ,cm_order , cm_state) values(28617,3683,'2017款 GLE 320 4MATIC 动感型','2017款',2,0);
insert into t_car_model(cm_id , cs_id , cm_name,cm_type ,cm_order , cm_state) values(28618,3683,'2017款 GLE 320 4MATIC 豪华型','2017款',3,0);
insert into t_car_model(cm_id , cs_id , cm_name,cm_type ,cm_order , cm_state) values(28881,3683,'2017款 GLE 350 d 4MATIC','2017款',4,0);
insert into t_car_model(cm_id , cs_id , cm_name,cm_type ,cm_order , cm_state) values(28619,3683,'2017款 GLE 400 4MATIC','2017款',5,0);
insert into t_car_model(cm_id , cs_id , cm_name,cm_type ,cm_order , cm_state) values(28882,3683,'2017款 GLE 450 AMG 4MATIC','2017款',6,0);
insert into t_car_model(cm_id , cs_id , cm_name,cm_type ,cm_order , cm_state) values(28891,3683,'2017款 GLE 320 4MATIC 轿跑SUV','2017款',7,0);
insert into t_car_model(cm_id , cs_id , cm_name,cm_type ,cm_order , cm_state) values(28892,3683,'2017款 GLE 400 4MATIC 轿跑SUV','2017款',8,0);
insert into t_car_model(cm_id , cs_id , cm_name,cm_type ,cm_order , cm_state) values(28684,3683,'2017款 GLE 450 AMG 4MATIC 轿跑SUV','2017款',9,0);
insert into t_car_model(cm_id , cs_id , cm_name,cm_type ,cm_order , cm_state) values(24320,3683,'2017款 GLE 500 4MATIC 轿跑SUV','2017款',10,0);
insert into t_car_model(cm_id , cs_id , cm_name,cm_type ,cm_order , cm_state) values(25594,3683,'2016款 GLE 320 4MATIC 动感型','2016款',1,0);
insert into t_car_model(cm_id , cs_id , cm_name,cm_type ,cm_order , cm_state) values(25589,3683,'2016款 GLE 320 4MATIC 豪华型','2016款',2,0);
insert into t_car_model(cm_id , cs_id , cm_name,cm_type ,cm_order , cm_state) values(25596,3683,'2016款 GLE 400 4MATIC','2016款',3,0);
insert into t_car_model(cm_id , cs_id , cm_name,cm_type ,cm_order , cm_state) values(24214,3683,'2016款 GLE 450 AMG 4MATIC','2016款',4,0);
insert into t_car_model(cm_id , cs_id , cm_name,cm_type ,cm_order , cm_state) values(25588,3683,'2016款 GLE 300 d 4MATIC','2016款',5,0);
insert into t_car_model(cm_id , cs_id , cm_name,cm_type ,cm_order , cm_state) values(25595,3683,'2016款 GLE 350 d 4MATIC','2016款',6,0);
insert into t_car_model(cm_id , cs_id , cm_name,cm_type ,cm_order , cm_state) values(24223,3683,'2015款 GLE 320 4MATIC','2015款',1,0);
insert into t_car_model(cm_id , cs_id , cm_name,cm_type ,cm_order , cm_state) values(24226,3683,'2015款 GLE 350 d 4MATIC','2015款',2,0);
insert into t_car_model(cm_id , cs_id , cm_name,cm_type ,cm_order , cm_state) values(23116,3683,'2015款 GLE 400 4MATIC','2015款',3,0);
insert into t_car_model(cm_id , cs_id , cm_name,cm_type ,cm_order , cm_state) values(23725,3683,'2015款 GLE 320 4MATIC 轿跑SUV','2015款',4,0);
insert into t_car_model(cm_id , cs_id , cm_name,cm_type ,cm_order , cm_state) values(21182,3683,'2015款 GLE 400 4MATIC 轿跑SUV','2015款',5,0);
insert into t_car_model(cm_id , cs_id , cm_name,cm_type ,cm_order , cm_state) values(21181,3683,'2015款 GLE 450 AMG 4MATIC 轿跑SUV','2015款',6,0);
insert into t_car_series(cs_id,cbf_id,cs_name,cs_order,cs_letter) values(60,47,'奔驰G级',458,'B');
insert into t_car_model(cm_id , cs_id , cm_name,cm_type ,cm_order , cm_state) values(39584,60,'2019款 改款 G 500','2019款',1,0);
insert into t_car_model(cm_id , cs_id , cm_name,cm_type ,cm_order , cm_state) values(33268,60,'2019款 G 500','2019款',2,0);
insert into t_car_model(cm_id , cs_id , cm_name,cm_type ,cm_order , cm_state) values(30460,60,'2018款 G 500 designo 匠心典藏版','2018款',1,0);
insert into t_car_model(cm_id , cs_id , cm_name,cm_type ,cm_order , cm_state) values(22690,60,'2017款 G 350 d','2017款',1,0);
insert into t_car_model(cm_id , cs_id , cm_name,cm_type ,cm_order , cm_state) values(28573,60,'2017款 G 500 卓越版','2017款',2,0);
insert into t_car_model(cm_id , cs_id , cm_name,cm_type ,cm_order , cm_state) values(28602,60,'2017款 G 500','2017款',3,0);
insert into t_car_model(cm_id , cs_id , cm_name,cm_type ,cm_order , cm_state) values(25070,60,'2016款 G 500','2016款',1,0);
insert into t_car_model(cm_id , cs_id , cm_name,cm_type ,cm_order , cm_state) values(22608,60,'2015款 G 500 重装版','2015款',1,0);
insert into t_car_model(cm_id , cs_id , cm_name,cm_type ,cm_order , cm_state) values(12545,60,'2013款 G 500','2013款',1,0);
insert into t_car_model(cm_id , cs_id , cm_name,cm_type ,cm_order , cm_state) values(6157,60,'2010款 G 500','2010款',1,0);
insert into t_car_model(cm_id , cs_id , cm_name,cm_type ,cm_order , cm_state) values(5486,60,'2009款 G 55 AMG','2009款',1,0);
insert into t_car_model(cm_id , cs_id , cm_name,cm_type ,cm_order , cm_state) values(2948,60,'2007款 G 55 AMG','2007款',1,0);
insert into t_car_model(cm_id , cs_id , cm_name,cm_type ,cm_order , cm_state) values(323,60,'2004款 G 500','2004款',1,0);
insert into t_car_series(cs_id,cbf_id,cs_name,cs_order,cs_letter) values(3688,47,'奔驰GLS',459,'B');
insert into t_car_model(cm_id , cs_id , cm_name,cm_type ,cm_order , cm_state) values(37316,3688,'2019款 GLS 320 4MATIC臻藏版','2019款',1,0);
insert into t_car_model(cm_id , cs_id , cm_name,cm_type ,cm_order , cm_state) values(37317,3688,'2019款 GLS 400 4MATIC动感型臻藏版','2019款',2,0);
insert into t_car_model(cm_id , cs_id , cm_name,cm_type ,cm_order , cm_state) values(34132,3688,'2018款 改款 GLS 320 4MATIC','2018款',1,0);
insert into t_car_model(cm_id , cs_id , cm_name,cm_type ,cm_order , cm_state) values(34133,3688,'2018款 改款 GLS 350d 4MATIC','2018款',2,0);
insert into t_car_model(cm_id , cs_id , cm_name,cm_type ,cm_order , cm_state) values(34134,3688,'2018款 改款 GLS 400 4MATIC动感型','2018款',3,0);
insert into t_car_model(cm_id , cs_id , cm_name,cm_type ,cm_order , cm_state) values(34135,3688,'2018款 改款 GLS 400 4MATIC豪华型','2018款',4,0);
insert into t_car_model(cm_id , cs_id , cm_name,cm_type ,cm_order , cm_state) values(34136,3688,'2018款 改款 GLS 500 4MATIC','2018款',5,0);
insert into t_car_model(cm_id , cs_id , cm_name,cm_type ,cm_order , cm_state) values(32474,3688,'2018款 GLS 350d 4MATIC','2018款',6,0);
insert into t_car_model(cm_id , cs_id , cm_name,cm_type ,cm_order , cm_state) values(32471,3688,'2018款 GLS 320 4MATIC','2018款',7,0);
insert into t_car_model(cm_id , cs_id , cm_name,cm_type ,cm_order , cm_state) values(32475,3688,'2018款 GLS 400 4MATIC动感型','2018款',8,0);
insert into t_car_model(cm_id , cs_id , cm_name,cm_type ,cm_order , cm_state) values(32476,3688,'2018款 GLS 400 4MATIC豪华型','2018款',9,0);
insert into t_car_model(cm_id , cs_id , cm_name,cm_type ,cm_order , cm_state) values(32477,3688,'2018款 GLS 500 4MATIC','2018款',10,0);
insert into t_car_model(cm_id , cs_id , cm_name,cm_type ,cm_order , cm_state) values(28858,3688,'2017款 GLS 350d 4MATIC','2017款',1,0);
insert into t_car_model(cm_id , cs_id , cm_name,cm_type ,cm_order , cm_state) values(28450,3688,'2017款 GLS 400 4MATIC时尚型','2017款',2,0);
insert into t_car_model(cm_id , cs_id , cm_name,cm_type ,cm_order , cm_state) values(28859,3688,'2017款 GLS 400 4MATIC动感型','2017款',3,0);
insert into t_car_model(cm_id , cs_id , cm_name,cm_type ,cm_order , cm_state) values(28861,3688,'2017款 GLS 400 4MATIC豪华型','2017款',4,0);
insert into t_car_model(cm_id , cs_id , cm_name,cm_type ,cm_order , cm_state) values(28862,3688,'2017款 GLS 500 4MATIC','2017款',5,0);
insert into t_car_model(cm_id , cs_id , cm_name,cm_type ,cm_order , cm_state) values(24426,3688,'2016款 GLS 350d 4MATIC','2016款',1,0);
insert into t_car_model(cm_id , cs_id , cm_name,cm_type ,cm_order , cm_state) values(25592,3688,'2016款 GLS 400 4MATIC动感型','2016款',2,0);
insert into t_car_model(cm_id , cs_id , cm_name,cm_type ,cm_order , cm_state) values(25593,3688,'2016款 GLS 400 4MATIC豪华型','2016款',3,0);
insert into t_car_model(cm_id , cs_id , cm_name,cm_type ,cm_order , cm_state) values(24427,3688,'2016款 GLS 500 4MATIC','2016款',4,0);
insert into t_car_series(cs_id,cbf_id,cs_name,cs_order,cs_letter) values(3278,47,'奔驰SLC级',460,'B');
insert into t_car_model(cm_id , cs_id , cm_name,cm_type ,cm_order , cm_state) values(40744,3278,'2019款 SLC 260 瑾瑜典藏版','2019款',1,0);
insert into t_car_model(cm_id , cs_id , cm_name,cm_type ,cm_order , cm_state) values(34607,3278,'2018款 SLC 260 动感型','2018款',1,0);
insert into t_car_model(cm_id , cs_id , cm_name,cm_type ,cm_order , cm_state) values(34610,3278,'2018款 SLC 300 豪华运动型','2018款',2,0);
insert into t_car_model(cm_id , cs_id , cm_name,cm_type ,cm_order , cm_state) values(34609,3278,'2018款 SLC 260 朱颜特别版','2018款',3,0);
insert into t_car_model(cm_id , cs_id , cm_name,cm_type ,cm_order , cm_state) values(27596,3278,'2016款 SLC 200 时尚型','2016款',1,0);
insert into t_car_model(cm_id , cs_id , cm_name,cm_type ,cm_order , cm_state) values(27595,3278,'2016款 SLC 200 动感型','2016款',2,0);
insert into t_car_model(cm_id , cs_id , cm_name,cm_type ,cm_order , cm_state) values(27597,3278,'2016款 SLC 300 豪华运动型','2016款',3,0);
insert into t_car_series(cs_id,cbf_id,cs_name,cs_order,cs_letter) values(237,47,'奔驰SL级',461,'B');
insert into t_car_model(cm_id , cs_id , cm_name,cm_type ,cm_order , cm_state) values(32854,237,'2018款 SL 400 倾情特别版','2018款',1,0);
insert into t_car_model(cm_id , cs_id , cm_name,cm_type ,cm_order , cm_state) values(28599,237,'2017款 SL 400','2017款',1,0);
insert into t_car_model(cm_id , cs_id , cm_name,cm_type ,cm_order , cm_state) values(24872,237,'2016款 SL 400 时尚型','2016款',1,0);
insert into t_car_model(cm_id , cs_id , cm_name,cm_type ,cm_order , cm_state) values(24873,237,'2016款 SL 400 豪华运动型','2016款',2,0);
insert into t_car_model(cm_id , cs_id , cm_name,cm_type ,cm_order , cm_state) values(14172,237,'2013款 SL 350 时尚型','2013款',1,0);
insert into t_car_model(cm_id , cs_id , cm_name,cm_type ,cm_order , cm_state) values(14173,237,'2013款 SL 350 豪华运动型','2013款',2,0);
insert into t_car_model(cm_id , cs_id , cm_name,cm_type ,cm_order , cm_state) values(10547,237,'2011款 SL 300 Grand Edition','2011款',1,0);
insert into t_car_model(cm_id , cs_id , cm_name,cm_type ,cm_order , cm_state) values(10548,237,'2011款 SL 350 Grand Edition','2011款',2,0);
insert into t_car_model(cm_id , cs_id , cm_name,cm_type ,cm_order , cm_state) values(10549,237,'2011款 SL 500 Grand Edition','2011款',3,0);
insert into t_car_model(cm_id , cs_id , cm_name,cm_type ,cm_order , cm_state) values(6899,237,'2010款 SL 300','2010款',1,0);
insert into t_car_model(cm_id , cs_id , cm_name,cm_type ,cm_order , cm_state) values(6931,237,'2010款 SL 350','2010款',2,0);
insert into t_car_model(cm_id , cs_id , cm_name,cm_type ,cm_order , cm_state) values(7732,237,'2010款 SL 500','2010款',3,0);
insert into t_car_model(cm_id , cs_id , cm_name,cm_type ,cm_order , cm_state) values(4384,237,'2008款 SL 350','2008款',1,0);
insert into t_car_model(cm_id , cs_id , cm_name,cm_type ,cm_order , cm_state) values(4385,237,'2008款 SL 500','2008款',2,0);
insert into t_car_model(cm_id , cs_id , cm_name,cm_type ,cm_order , cm_state) values(965,237,'2004款 SL 350','2004款',1,0);
insert into t_car_model(cm_id , cs_id , cm_name,cm_type ,cm_order , cm_state) values(775,237,'2004款 SL 500','2004款',2,0);
insert into t_car_series(cs_id,cbf_id,cs_name,cs_order,cs_letter) values(4344,47,'奔驰S级新能源',470,'B');
insert into t_car_model(cm_id , cs_id , cm_name,cm_type ,cm_order , cm_state) values(28887,4344,'2017款 S 500 eL','2017款',1,0);
insert into t_car_model(cm_id , cs_id , cm_name,cm_type ,cm_order , cm_state) values(22610,4344,'2016款 S 500 eL','2016款',1,0);
insert into t_car_series(cs_id,cbf_id,cs_name,cs_order,cs_letter) values(3079,47,'奔驰GLA(进口)',473,'B');
insert into t_car_model(cm_id , cs_id , cm_name,cm_type ,cm_order , cm_state) values(22366,3079,'2015款 GLA 260 4MATIC劳伦斯特别版','2015款',1,0);
insert into t_car_model(cm_id , cs_id , cm_name,cm_type ,cm_order , cm_state) values(20664,3079,'2015款 GLA 260 4MATIC','2015款',2,0);
insert into t_car_model(cm_id , cs_id , cm_name,cm_type ,cm_order , cm_state) values(20665,3079,'2015款 GLA 200','2015款',3,0);
insert into t_car_series(cs_id,cbf_id,cs_name,cs_order,cs_letter) values(4346,47,'奔驰GLE新能源',478,'B');
insert into t_car_model(cm_id , cs_id , cm_name,cm_type ,cm_order , cm_state) values(28620,4346,'2017款 GLE 500e 4MATIC','2017款',1,0);
insert into t_car_model(cm_id , cs_id , cm_name,cm_type ,cm_order , cm_state) values(22124,4346,'2016款 GLE 500e 4MATIC','2016款',1,0);
insert into t_car_series(cs_id,cbf_id,cs_name,cs_order,cs_letter) values(2005,47,'Sprinter',480,'S');
insert into t_car_model(cm_id , cs_id , cm_name,cm_type ,cm_order , cm_state) values(6775,2005,'2009款 增配版','2009款',1,0);
insert into t_car_series(cs_id,cbf_id,cs_name,cs_order,cs_letter) values(192,47,'威霆(进口)',486,'W');
insert into t_car_model(cm_id , cs_id , cm_name,cm_type ,cm_order , cm_state) values(7246,192,'2010款 VITO 3.2L 紧凑型','2010款',1,0);
insert into t_car_model(cm_id , cs_id , cm_name,cm_type ,cm_order , cm_state) values(7247,192,'2010款 VITO 3.2L 长型','2010款',2,0);
insert into t_car_model(cm_id , cs_id , cm_name,cm_type ,cm_order , cm_state) values(7248,192,'2010款 VITO 3.2L 加长型','2010款',3,0);
insert into t_car_model(cm_id , cs_id , cm_name,cm_type ,cm_order , cm_state) values(765,192,'2004款 VITO 2.3L','2004款',1,0);
insert into t_car_series(cs_id,cbf_id,cs_name,cs_order,cs_letter) values(595,47,'奔驰GLK级(进口)',495,'B');
insert into t_car_model(cm_id , cs_id , cm_name,cm_type ,cm_order , cm_state) values(8548,595,'2011款 GLK 300 4MATIC 动感型','2011款',1,0);
insert into t_car_model(cm_id , cs_id , cm_name,cm_type ,cm_order , cm_state) values(8612,595,'2011款 GLK 300 4MATIC 时尚型','2011款',2,0);
insert into t_car_model(cm_id , cs_id , cm_name,cm_type ,cm_order , cm_state) values(8152,595,'2011款 GLK 300 4MATIC 豪华型','2011款',3,0);
insert into t_car_model(cm_id , cs_id , cm_name,cm_type ,cm_order , cm_state) values(6726,595,'2011款 GLK 350 4MATIC','2011款',4,0);
insert into t_car_model(cm_id , cs_id , cm_name,cm_type ,cm_order , cm_state) values(7211,595,'2010款 GLK 300 4MATIC 时尚型','2010款',1,0);
insert into t_car_model(cm_id , cs_id , cm_name,cm_type ,cm_order , cm_state) values(3901,595,'2008款 GLK 300 4MATIC 豪华型','2008款',1,0);
insert into t_car_model(cm_id , cs_id , cm_name,cm_type ,cm_order , cm_state) values(3903,595,'2008款 GLK 350 4MATIC','2008款',2,0);
insert into t_car_series(cs_id,cbf_id,cs_name,cs_order,cs_letter) values(57,47,'奔驰M级',496,'B');
insert into t_car_model(cm_id , cs_id , cm_name,cm_type ,cm_order , cm_state) values(22852,57,'2015款 ML 400 4MATIC动感型','2015款',1,0);
insert into t_car_model(cm_id , cs_id , cm_name,cm_type ,cm_order , cm_state) values(22853,57,'2015款 ML 400 4MATIC豪华型','2015款',2,0);
insert into t_car_model(cm_id , cs_id , cm_name,cm_type ,cm_order , cm_state) values(22851,57,'2015款 ML 350 CDI 4MATIC','2015款',3,0);
insert into t_car_model(cm_id , cs_id , cm_name,cm_type ,cm_order , cm_state) values(22850,57,'2015款 ML 320 4MATIC','2015款',4,0);
insert into t_car_model(cm_id , cs_id , cm_name,cm_type ,cm_order , cm_state) values(17515,57,'2014款 ML 320 4MATIC','2014款',1,0);
insert into t_car_model(cm_id , cs_id , cm_name,cm_type ,cm_order , cm_state) values(17649,57,'2014款 ML 350 CDI 4MATIC','2014款',2,0);
insert into t_car_model(cm_id , cs_id , cm_name,cm_type ,cm_order , cm_state) values(17516,57,'2014款 ML 400 4MATIC动感型','2014款',3,0);
insert into t_car_model(cm_id , cs_id , cm_name,cm_type ,cm_order , cm_state) values(17517,57,'2014款 ML 400 4MATIC豪华型','2014款',4,0);
insert into t_car_model(cm_id , cs_id , cm_name,cm_type ,cm_order , cm_state) values(13735,57,'2012款 ML 300','2012款',1,0);
insert into t_car_model(cm_id , cs_id , cm_name,cm_type ,cm_order , cm_state) values(12340,57,'2012款 ML 350 动感型','2012款',2,0);
insert into t_car_model(cm_id , cs_id , cm_name,cm_type ,cm_order , cm_state) values(12372,57,'2012款 ML 350 豪华型','2012款',3,0);
insert into t_car_model(cm_id , cs_id , cm_name,cm_type ,cm_order , cm_state) values(7356,57,'2010款 ML 300 4MATIC','2010款',1,0);
insert into t_car_model(cm_id , cs_id , cm_name,cm_type ,cm_order , cm_state) values(7733,57,'2010款 ML 350 4MATIC豪华型','2010款',2,0);
insert into t_car_model(cm_id , cs_id , cm_name,cm_type ,cm_order , cm_state) values(8553,57,'2010款 ML 350 4MATIC豪华型特别版','2010款',3,0);
insert into t_car_model(cm_id , cs_id , cm_name,cm_type ,cm_order , cm_state) values(7734,57,'2010款 ML 500 4MATIC','2010款',4,0);
insert into t_car_model(cm_id , cs_id , cm_name,cm_type ,cm_order , cm_state) values(8554,57,'2010款 ML 500 4MATIC特别版','2010款',5,0);
insert into t_car_model(cm_id , cs_id , cm_name,cm_type ,cm_order , cm_state) values(3586,57,'2008款 ML 350 4MATIC动感型','2008款',1,0);
insert into t_car_model(cm_id , cs_id , cm_name,cm_type ,cm_order , cm_state) values(3587,57,'2008款 ML 350 4MATIC豪华型','2008款',2,0);
insert into t_car_model(cm_id , cs_id , cm_name,cm_type ,cm_order , cm_state) values(3619,57,'2008款 ML 500 4MATIC','2008款',3,0);
insert into t_car_model(cm_id , cs_id , cm_name,cm_type ,cm_order , cm_state) values(2947,57,'2007款 ML 63 AMG','2007款',1,0);
insert into t_car_model(cm_id , cs_id , cm_name,cm_type ,cm_order , cm_state) values(2193,57,'2006款 ML 350 运动型','2006款',1,0);
insert into t_car_model(cm_id , cs_id , cm_name,cm_type ,cm_order , cm_state) values(2174,57,'2006款 ML 350 尊贵型','2006款',2,0);
insert into t_car_model(cm_id , cs_id , cm_name,cm_type ,cm_order , cm_state) values(2175,57,'2006款 ML 500','2006款',3,0);
insert into t_car_model(cm_id , cs_id , cm_name,cm_type ,cm_order , cm_state) values(335,57,'2005款 ML 350','2005款',1,0);
insert into t_car_model(cm_id , cs_id , cm_name,cm_type ,cm_order , cm_state) values(343,57,'2005款 ML 500','2005款',2,0);
insert into t_car_series(cs_id,cbf_id,cs_name,cs_order,cs_letter) values(467,47,'奔驰GL级',497,'B');
insert into t_car_model(cm_id , cs_id , cm_name,cm_type ,cm_order , cm_state) values(23143,467,'2015款 GL 350 CDI 4MATIC','2015款',1,0);
insert into t_car_model(cm_id , cs_id , cm_name,cm_type ,cm_order , cm_state) values(23144,467,'2015款 GL 400 4MATIC动感型','2015款',2,0);
insert into t_car_model(cm_id , cs_id , cm_name,cm_type ,cm_order , cm_state) values(23145,467,'2015款 GL 400 4MATIC豪华型','2015款',3,0);
insert into t_car_model(cm_id , cs_id , cm_name,cm_type ,cm_order , cm_state) values(22308,467,'2015款 GL 500 4MATIC','2015款',4,0);
insert into t_car_model(cm_id , cs_id , cm_name,cm_type ,cm_order , cm_state) values(17653,467,'2014款 GL 350 CDI 4MATIC','2014款',1,0);
insert into t_car_model(cm_id , cs_id , cm_name,cm_type ,cm_order , cm_state) values(17645,467,'2014款 GL 400 4MATIC动感型','2014款',2,0);
insert into t_car_model(cm_id , cs_id , cm_name,cm_type ,cm_order , cm_state) values(17646,467,'2014款 GL 400 4MATIC豪华型','2014款',3,0);
insert into t_car_model(cm_id , cs_id , cm_name,cm_type ,cm_order , cm_state) values(15810,467,'2013款 GL 500 4MATIC','2013款',1,0);
insert into t_car_model(cm_id , cs_id , cm_name,cm_type ,cm_order , cm_state) values(9207,467,'2011款 GL 450 4MATIC尊贵型','2011款',1,0);
insert into t_car_model(cm_id , cs_id , cm_name,cm_type ,cm_order , cm_state) values(10257,467,'2011款 GL 450 尊贵型 Grand Edition','2011款',2,0);
insert into t_car_model(cm_id , cs_id , cm_name,cm_type ,cm_order , cm_state) values(4643,467,'2008款 GL 450 4MATIC经典型','2008款',1,0);
insert into t_car_model(cm_id , cs_id , cm_name,cm_type ,cm_order , cm_state) values(4644,467,'2008款 GL 450 4MATIC尊贵型','2008款',2,0);
insert into t_car_model(cm_id , cs_id , cm_name,cm_type ,cm_order , cm_state) values(2466,467,'2006款 GL 450 4MATIC','2006款',1,0);
insert into t_car_series(cs_id,cbf_id,cs_name,cs_order,cs_letter) values(469,47,'奔驰R级',498,'B');
insert into t_car_model(cm_id , cs_id , cm_name,cm_type ,cm_order , cm_state) values(28685,469,'2017款 R 320 4MATIC 商务型臻藏版','2017款',1,0);
insert into t_car_model(cm_id , cs_id , cm_name,cm_type ,cm_order , cm_state) values(28686,469,'2017款 R 320 4MATIC 豪华型臻藏版','2017款',2,0);
insert into t_car_model(cm_id , cs_id , cm_name,cm_type ,cm_order , cm_state) values(28687,469,'2017款 R 400 4MATIC 臻藏版','2017款',3,0);
insert into t_car_model(cm_id , cs_id , cm_name,cm_type ,cm_order , cm_state) values(23384,469,'2015款 R 320 4MATIC 豪华型','2015款',1,0);
insert into t_car_model(cm_id , cs_id , cm_name,cm_type ,cm_order , cm_state) values(23385,469,'2015款 R 400 4MATIC 商务型','2015款',2,0);
insert into t_car_model(cm_id , cs_id , cm_name,cm_type ,cm_order , cm_state) values(23386,469,'2015款 R 400 4MATIC 豪华型','2015款',3,0);
insert into t_car_model(cm_id , cs_id , cm_name,cm_type ,cm_order , cm_state) values(18958,469,'2014款 R 320 4MATIC 商务型','2014款',1,0);
insert into t_car_model(cm_id , cs_id , cm_name,cm_type ,cm_order , cm_state) values(18959,469,'2014款 R 320 4MATIC 豪华型','2014款',2,0);
insert into t_car_model(cm_id , cs_id , cm_name,cm_type ,cm_order , cm_state) values(18960,469,'2014款 R 400 4MATIC 商务型','2014款',3,0);
insert into t_car_model(cm_id , cs_id , cm_name,cm_type ,cm_order , cm_state) values(18961,469,'2014款 R 400 4MATIC 豪华型','2014款',4,0);
insert into t_car_model(cm_id , cs_id , cm_name,cm_type ,cm_order , cm_state) values(17241,469,'2011款 R 300 L 商务型','2011款',1,0);
insert into t_car_model(cm_id , cs_id , cm_name,cm_type ,cm_order , cm_state) values(18046,469,'2011款 R 300 L 豪华型','2011款',2,0);
insert into t_car_model(cm_id , cs_id , cm_name,cm_type ,cm_order , cm_state) values(18047,469,'2011款 R 350 L 4MATIC','2011款',3,0);
insert into t_car_model(cm_id , cs_id , cm_name,cm_type ,cm_order , cm_state) values(7045,469,'2010款 R 350 L 4MATIC Grand Edition','2010款',1,0);
insert into t_car_model(cm_id , cs_id , cm_name,cm_type ,cm_order , cm_state) values(7046,469,'2010款 R 500 L 4MATIC Grand Edition','2010款',2,0);
insert into t_car_model(cm_id , cs_id , cm_name,cm_type ,cm_order , cm_state) values(8556,469,'2010款 R 500 L 4MATIC','2010款',3,0);
insert into t_car_model(cm_id , cs_id , cm_name,cm_type ,cm_order , cm_state) values(8551,469,'2010款 R 300 L 商务型','2010款',4,0);
insert into t_car_model(cm_id , cs_id , cm_name,cm_type ,cm_order , cm_state) values(8552,469,'2010款 R 300 L 豪华型','2010款',5,0);
insert into t_car_model(cm_id , cs_id , cm_name,cm_type ,cm_order , cm_state) values(8555,469,'2010款 R 350 L 4MATIC','2010款',6,0);
insert into t_car_model(cm_id , cs_id , cm_name,cm_type ,cm_order , cm_state) values(5201,469,'2009款 R 300 L 商务型','2009款',1,0);
insert into t_car_model(cm_id , cs_id , cm_name,cm_type ,cm_order , cm_state) values(4019,469,'2009款 R 300 L 豪华型','2009款',2,0);
insert into t_car_model(cm_id , cs_id , cm_name,cm_type ,cm_order , cm_state) values(3545,469,'2007款 R 350 L 4MATIC','2007款',1,0);
insert into t_car_model(cm_id , cs_id , cm_name,cm_type ,cm_order , cm_state) values(3546,469,'2007款 R 500 L 4MATIC','2007款',2,0);
insert into t_car_model(cm_id , cs_id , cm_name,cm_type ,cm_order , cm_state) values(2502,469,'2006款 R 350 4MATIC','2006款',1,0);
insert into t_car_model(cm_id , cs_id , cm_name,cm_type ,cm_order , cm_state) values(2503,469,'2006款 R 500 4MATIC','2006款',2,0);
insert into t_car_series(cs_id,cbf_id,cs_name,cs_order,cs_letter) values(300,47,'唯雅诺(进口)',499,'W');
insert into t_car_model(cm_id , cs_id , cm_name,cm_type ,cm_order , cm_state) values(9373,300,'2011款 3.2L 马可波罗','2011款',1,0);
insert into t_car_model(cm_id , cs_id , cm_name,cm_type ,cm_order , cm_state) values(10975,300,'2011款 3.5L 125周年纪念版 6座','2011款',2,0);
insert into t_car_model(cm_id , cs_id , cm_name,cm_type ,cm_order , cm_state) values(11144,300,'2011款 3.5L 125周年纪念版 7座','2011款',3,0);
insert into t_car_model(cm_id , cs_id , cm_name,cm_type ,cm_order , cm_state) values(7245,300,'2010款 Viano 3.2L','2010款',1,0);
insert into t_car_model(cm_id , cs_id , cm_name,cm_type ,cm_order , cm_state) values(8729,300,'2010款 Viano 3.5L','2010款',2,0);
insert into t_car_model(cm_id , cs_id , cm_name,cm_type ,cm_order , cm_state) values(2437,300,'2006款 Viano 3.2L','2006款',1,0);
insert into t_car_model(cm_id , cs_id , cm_name,cm_type ,cm_order , cm_state) values(1141,300,'2004款 Viano 3.2L','2004款',1,0);
insert into t_car_series(cs_id,cbf_id,cs_name,cs_order,cs_letter) values(235,47,'奔驰CLK级',501,'B');
insert into t_car_model(cm_id , cs_id , cm_name,cm_type ,cm_order , cm_state) values(2195,235,'2006款 CLK 200K 双门轿跑车','2006款',1,0);
insert into t_car_model(cm_id , cs_id , cm_name,cm_type ,cm_order , cm_state) values(2198,235,'2006款 CLK 200K 敞篷跑车','2006款',2,0);
insert into t_car_model(cm_id , cs_id , cm_name,cm_type ,cm_order , cm_state) values(2196,235,'2006款 CLK 280 双门轿跑车','2006款',3,0);
insert into t_car_model(cm_id , cs_id , cm_name,cm_type ,cm_order , cm_state) values(2199,235,'2006款 CLK 280 敞篷跑车','2006款',4,0);
insert into t_car_model(cm_id , cs_id , cm_name,cm_type ,cm_order , cm_state) values(2197,235,'2006款 CLK 350 双门轿跑车','2006款',5,0);
insert into t_car_model(cm_id , cs_id , cm_name,cm_type ,cm_order , cm_state) values(2200,235,'2006款 CLK 350 敞篷跑车','2006款',6,0);
insert into t_car_model(cm_id , cs_id , cm_name,cm_type ,cm_order , cm_state) values(807,235,'2004款 CLK 240 跑车版','2004款',1,0);
insert into t_car_model(cm_id , cs_id , cm_name,cm_type ,cm_order , cm_state) values(209,235,'2004款 CLK 240 敞蓬版','2004款',2,0);
insert into t_car_series(cs_id,cbf_id,cs_name,cs_order,cs_letter) values(683,47,'奔驰CL级',502,'B');
insert into t_car_model(cm_id , cs_id , cm_name,cm_type ,cm_order , cm_state) values(4556,683,'2008款 CL 600','2008款',1,0);
insert into t_car_series(cs_id,cbf_id,cs_name,cs_order,cs_letter) values(267,47,'奔驰SLK级',504,'B');
insert into t_car_model(cm_id , cs_id , cm_name,cm_type ,cm_order , cm_state) values(21581,267,'2015款 SLK 200 碳纤维限量版','2015款',1,0);
insert into t_car_model(cm_id , cs_id , cm_name,cm_type ,cm_order , cm_state) values(9362,267,'2011款 SLK 350','2011款',1,0);
insert into t_car_model(cm_id , cs_id , cm_name,cm_type ,cm_order , cm_state) values(10949,267,'2011款 SLK 200 豪华运动型','2011款',2,0);
insert into t_car_model(cm_id , cs_id , cm_name,cm_type ,cm_order , cm_state) values(10948,267,'2011款 SLK 200 时尚型','2011款',3,0);
insert into t_car_model(cm_id , cs_id , cm_name,cm_type ,cm_order , cm_state) values(8076,267,'2010款 SLK 200K','2010款',1,0);
insert into t_car_model(cm_id , cs_id , cm_name,cm_type ,cm_order , cm_state) values(8073,267,'2010款 SLK 200K Grand Edition','2010款',2,0);
insert into t_car_model(cm_id , cs_id , cm_name,cm_type ,cm_order , cm_state) values(8074,267,'2010款 SLK 300 Grand Edition','2010款',3,0);
insert into t_car_model(cm_id , cs_id , cm_name,cm_type ,cm_order , cm_state) values(8075,267,'2010款 SLK 350 Grand Edition','2010款',4,0);
insert into t_car_model(cm_id , cs_id , cm_name,cm_type ,cm_order , cm_state) values(4386,267,'2009款 SLK 200K','2009款',1,0);
insert into t_car_model(cm_id , cs_id , cm_name,cm_type ,cm_order , cm_state) values(4387,267,'2009款 SLK 300','2009款',2,0);
insert into t_car_model(cm_id , cs_id , cm_name,cm_type ,cm_order , cm_state) values(5987,267,'2009款 SLK 300 黑白经典版','2009款',3,0);
insert into t_car_model(cm_id , cs_id , cm_name,cm_type ,cm_order , cm_state) values(4388,267,'2009款 SLK 350','2009款',4,0);
insert into t_car_model(cm_id , cs_id , cm_name,cm_type ,cm_order , cm_state) values(6002,267,'2009款 SLK 350 黑白经典版','2009款',5,0);
insert into t_car_model(cm_id , cs_id , cm_name,cm_type ,cm_order , cm_state) values(3916,267,'2008款 SLK 200K PASSION','2008款',1,0);
insert into t_car_model(cm_id , cs_id , cm_name,cm_type ,cm_order , cm_state) values(3917,267,'2008款 SLK 280 PASSION','2008款',2,0);
insert into t_car_model(cm_id , cs_id , cm_name,cm_type ,cm_order , cm_state) values(3918,267,'2008款 SLK 350 PASSION','2008款',3,0);
insert into t_car_model(cm_id , cs_id , cm_name,cm_type ,cm_order , cm_state) values(2194,267,'2006款 SLK 280','2006款',1,0);
insert into t_car_model(cm_id , cs_id , cm_name,cm_type ,cm_order , cm_state) values(996,267,'2004款 SLK 200K','2004款',1,0);
insert into t_car_model(cm_id , cs_id , cm_name,cm_type ,cm_order , cm_state) values(1368,267,'2004款 SLK 350','2004款',2,0);
insert into t_car_brand_factory(cbf_id , cb_id , cbf_name ,cbf_letter) values(344,36,'梅赛德斯-AMG','M');
insert into t_car_series(cs_id,cbf_id,cs_name,cs_order,cs_letter) values(2842,344,'奔驰A级AMG(进口)',506,'B');
insert into t_car_model(cm_id , cs_id , cm_name,cm_type ,cm_order , cm_state) values(35144,2842,'2018款 AMG A 45 4MATIC 臻藏版','2018款',1,0);
insert into t_car_model(cm_id , cs_id , cm_name,cm_type ,cm_order , cm_state) values(30826,2842,'2017款 改款 AMG A 45 4MATIC','2017款',1,0);
insert into t_car_model(cm_id , cs_id , cm_name,cm_type ,cm_order , cm_state) values(28896,2842,'2017款 AMG A 45 4MATIC','2017款',2,0);
insert into t_car_model(cm_id , cs_id , cm_name,cm_type ,cm_order , cm_state) values(30746,2842,'2017款 AMG A 45 4MATIC 暗夜雷霆限量版','2017款',3,0);
insert into t_car_model(cm_id , cs_id , cm_name,cm_type ,cm_order , cm_state) values(23149,2842,'2016款 AMG A 45 4MATIC','2016款',1,0);
insert into t_car_model(cm_id , cs_id , cm_name,cm_type ,cm_order , cm_state) values(24710,2842,'2016款 AMG A 45 4MATIC 冠军版','2016款',2,0);
insert into t_car_model(cm_id , cs_id , cm_name,cm_type ,cm_order , cm_state) values(13111,2842,'2014款 AMG A 45 4MATIC','2014款',1,0);
insert into t_car_series(cs_id,cbf_id,cs_name,cs_order,cs_letter) values(2967,344,'奔驰CLA级AMG',507,'B');
insert into t_car_model(cm_id , cs_id , cm_name,cm_type ,cm_order , cm_state) values(30809,2967,'2017款 改款 AMG CLA 45 4MATIC','2017款',1,0);
insert into t_car_model(cm_id , cs_id , cm_name,cm_type ,cm_order , cm_state) values(30747,2967,'2017款 AMG CLA 45 4MATIC 暗夜雷霆限量版','2017款',2,0);
insert into t_car_model(cm_id , cs_id , cm_name,cm_type ,cm_order , cm_state) values(27603,2967,'2017款 AMG CLA 45 4MATIC','2017款',3,0);
insert into t_car_model(cm_id , cs_id , cm_name,cm_type ,cm_order , cm_state) values(27441,2967,'2016款 AMG CLA 45 4MATIC','2016款',1,0);
insert into t_car_model(cm_id , cs_id , cm_name,cm_type ,cm_order , cm_state) values(21829,2967,'2015款 AMG CLA 45 4MATIC','2015款',1,0);
insert into t_car_model(cm_id , cs_id , cm_name,cm_type ,cm_order , cm_state) values(14598,2967,'2014款 AMG CLA 45 4MATIC','2014款',1,0);
insert into t_car_series(cs_id,cbf_id,cs_name,cs_order,cs_letter) values(2717,344,'奔驰C级AMG',508,'B');
insert into t_car_model(cm_id , cs_id , cm_name,cm_type ,cm_order , cm_state) values(36897,2717,'2019款 AMG C 43 4MATIC','2019款',1,0);
insert into t_car_model(cm_id , cs_id , cm_name,cm_type ,cm_order , cm_state) values(36899,2717,'2019款 AMG C 43 4MATIC 轿跑车','2019款',2,0);
insert into t_car_model(cm_id , cs_id , cm_name,cm_type ,cm_order , cm_state) values(36900,2717,'2019款 AMG C 43 4MATIC 旅行轿车 特别版','2019款',3,0);
insert into t_car_model(cm_id , cs_id , cm_name,cm_type ,cm_order , cm_state) values(34051,2717,'2019款 AMG C 63','2019款',4,0);
insert into t_car_model(cm_id , cs_id , cm_name,cm_type ,cm_order , cm_state) values(36902,2717,'2019款 AMG C 63 S','2019款',5,0);
insert into t_car_model(cm_id , cs_id , cm_name,cm_type ,cm_order , cm_state) values(36904,2717,'2019款 AMG C 63 轿跑车','2019款',6,0);
insert into t_car_model(cm_id , cs_id , cm_name,cm_type ,cm_order , cm_state) values(36905,2717,'2019款 AMG C 63 S 轿跑车','2019款',7,0);
insert into t_car_model(cm_id , cs_id , cm_name,cm_type ,cm_order , cm_state) values(30064,2717,'2017款 AMG C 43 4MATIC 特别版','2017款',1,0);
insert into t_car_model(cm_id , cs_id , cm_name,cm_type ,cm_order , cm_state) values(28893,2717,'2017款 AMG C 63','2017款',2,0);
insert into t_car_model(cm_id , cs_id , cm_name,cm_type ,cm_order , cm_state) values(28894,2717,'2017款 AMG C 63 S','2017款',3,0);
insert into t_car_model(cm_id , cs_id , cm_name,cm_type ,cm_order , cm_state) values(29417,2717,'2017款 AMG C 63 S 中国限量版','2017款',4,0);
insert into t_car_model(cm_id , cs_id , cm_name,cm_type ,cm_order , cm_state) values(26775,2717,'2016款 AMG C 63 Coupe','2016款',1,0);
insert into t_car_model(cm_id , cs_id , cm_name,cm_type ,cm_order , cm_state) values(26774,2717,'2016款 AMG C 63 S Coupe','2016款',2,0);
insert into t_car_model(cm_id , cs_id , cm_name,cm_type ,cm_order , cm_state) values(27398,2717,'2016款 AMG C 63 S Coupe 限量特别版','2016款',3,0);
insert into t_car_model(cm_id , cs_id , cm_name,cm_type ,cm_order , cm_state) values(20428,2717,'2015款 AMG C 63 S','2015款',1,0);
insert into t_car_model(cm_id , cs_id , cm_name,cm_type ,cm_order , cm_state) values(21712,2717,'2015款 AMG C 63','2015款',2,0);
insert into t_car_model(cm_id , cs_id , cm_name,cm_type ,cm_order , cm_state) values(17840,2717,'2014款 AMG C 63 Edition 507','2014款',1,0);
insert into t_car_model(cm_id , cs_id , cm_name,cm_type ,cm_order , cm_state) values(14961,2717,'2014款 AMG C 63 Coupe Edition 507','2014款',2,0);
insert into t_car_model(cm_id , cs_id , cm_name,cm_type ,cm_order , cm_state) values(9404,2717,'2012款 AMG C 63 动感型','2012款',1,0);
insert into t_car_model(cm_id , cs_id , cm_name,cm_type ,cm_order , cm_state) values(9734,2717,'2012款 AMG C 63 Coupe 动感型','2012款',2,0);
insert into t_car_model(cm_id , cs_id , cm_name,cm_type ,cm_order , cm_state) values(12550,2717,'2012款 AMG C 63 高性能版','2012款',3,0);
insert into t_car_model(cm_id , cs_id , cm_name,cm_type ,cm_order , cm_state) values(12551,2717,'2012款 AMG C 63 Coupe 高性能版','2012款',4,0);
insert into t_car_model(cm_id , cs_id , cm_name,cm_type ,cm_order , cm_state) values(8473,2717,'2010款 AMG C 63 动感型增强版','2010款',1,0);
insert into t_car_model(cm_id , cs_id , cm_name,cm_type ,cm_order , cm_state) values(8474,2717,'2010款 AMG C 63 高性能版','2010款',2,0);
insert into t_car_model(cm_id , cs_id , cm_name,cm_type ,cm_order , cm_state) values(5301,2717,'2009款 AMG C 63 动感型','2009款',1,0);
insert into t_car_series(cs_id,cbf_id,cs_name,cs_order,cs_letter) values(2718,344,'奔驰E级AMG',509,'B');
insert into t_car_model(cm_id , cs_id , cm_name,cm_type ,cm_order , cm_state) values(39238,2718,'2019款 AMG E 53 4MATIC+','2019款',1,0);
insert into t_car_model(cm_id , cs_id , cm_name,cm_type ,cm_order , cm_state) values(38941,2718,'2019款 AMG E 53 4MATIC+ 轿跑车','2019款',2,0);
insert into t_car_model(cm_id , cs_id , cm_name,cm_type ,cm_order , cm_state) values(40732,2718,'2019款 AMG E 63 S 4MATIC+','2019款',3,0);
insert into t_car_model(cm_id , cs_id , cm_name,cm_type ,cm_order , cm_state) values(32776,2718,'2018款 AMG E 63 S 4MATIC+ 特别版','2018款',1,0);
insert into t_car_model(cm_id , cs_id , cm_name,cm_type ,cm_order , cm_state) values(30063,2718,'2017款 AMG E 43 4MATIC 特别版','2017款',1,0);
insert into t_car_model(cm_id , cs_id , cm_name,cm_type ,cm_order , cm_state) values(2946,2718,'2007款 AMG E 63','2007款',1,0);
insert into t_car_series(cs_id,cbf_id,cs_name,cs_order,cs_letter) values(2197,344,'奔驰S级AMG',510,'B');
insert into t_car_model(cm_id , cs_id , cm_name,cm_type ,cm_order , cm_state) values(41570,2197,'2019款 AMG S 65 L 典藏版','2019款',1,0);
insert into t_car_model(cm_id , cs_id , cm_name,cm_type ,cm_order , cm_state) values(31657,2197,'2018款 AMG S 63 4MATIC+ Coupe','2018款',1,0);
insert into t_car_model(cm_id , cs_id , cm_name,cm_type ,cm_order , cm_state) values(32845,2197,'2018款 AMG S 63 L 4MATIC+','2018款',2,0);
insert into t_car_model(cm_id , cs_id , cm_name,cm_type ,cm_order , cm_state) values(32846,2197,'2018款 AMG S 65 L','2018款',3,0);
insert into t_car_model(cm_id , cs_id , cm_name,cm_type ,cm_order , cm_state) values(25509,2197,'2016款 AMG S 63 L 4MATIC','2016款',1,0);
insert into t_car_model(cm_id , cs_id , cm_name,cm_type ,cm_order , cm_state) values(23794,2197,'2015款 AMG S 63 L 4MATIC','2015款',1,0);
insert into t_car_model(cm_id , cs_id , cm_name,cm_type ,cm_order , cm_state) values(18608,2197,'2015款 AMG S 63 4MATIC Coupe','2015款',2,0);
insert into t_car_model(cm_id , cs_id , cm_name,cm_type ,cm_order , cm_state) values(17671,2197,'2014款 AMG S 63 L 4MATIC','2014款',1,0);
insert into t_car_model(cm_id , cs_id , cm_name,cm_type ,cm_order , cm_state) values(17445,2197,'2014款 AMG S 65 L','2014款',2,0);
insert into t_car_model(cm_id , cs_id , cm_name,cm_type ,cm_order , cm_state) values(16111,2197,'2013款 AMG S 65 L Grand Edition','2013款',1,0);
insert into t_car_model(cm_id , cs_id , cm_name,cm_type ,cm_order , cm_state) values(5922,2197,'2010款 AMG S 65','2010款',1,0);
insert into t_car_model(cm_id , cs_id , cm_name,cm_type ,cm_order , cm_state) values(2945,2197,'2007款 AMG S 65','2007款',1,0);
insert into t_car_series(cs_id,cbf_id,cs_name,cs_order,cs_letter) values(3264,344,'奔驰GLA AMG',511,'B');
insert into t_car_model(cm_id , cs_id , cm_name,cm_type ,cm_order , cm_state) values(30593,3264,'2017款 改款 AMG GLA 45 4MATIC','2017款',1,0);
insert into t_car_model(cm_id , cs_id , cm_name,cm_type ,cm_order , cm_state) values(28897,3264,'2017款 AMG GLA 45 4MATIC','2017款',2,0);
insert into t_car_model(cm_id , cs_id , cm_name,cm_type ,cm_order , cm_state) values(30748,3264,'2017款 AMG GLA 45 4MATIC 暗夜雷霆限量版','2017款',3,0);
insert into t_car_model(cm_id , cs_id , cm_name,cm_type ,cm_order , cm_state) values(26993,3264,'2016款 AMG GLA 45 4MATIC','2016款',1,0);
insert into t_car_model(cm_id , cs_id , cm_name,cm_type ,cm_order , cm_state) values(18000,3264,'2015款 AMG GLA 45 4MATIC','2015款',1,0);
insert into t_car_series(cs_id,cbf_id,cs_name,cs_order,cs_letter) values(4074,344,'奔驰GLC AMG',512,'B');
insert into t_car_model(cm_id , cs_id , cm_name,cm_type ,cm_order , cm_state) values(35166,4074,'2018款 AMG GLC 63 4MATIC+','2018款',1,0);
insert into t_car_model(cm_id , cs_id , cm_name,cm_type ,cm_order , cm_state) values(35167,4074,'2018款 AMG GLC 63 4MATIC+ 轿跑SUV','2018款',2,0);
insert into t_car_model(cm_id , cs_id , cm_name,cm_type ,cm_order , cm_state) values(35655,4074,'2018款 AMG GLC 63 S 4MATIC+ 轿跑SUV','2018款',3,0);
insert into t_car_model(cm_id , cs_id , cm_name,cm_type ,cm_order , cm_state) values(35656,4074,'2018款 AMG GLC 63 S 4MATIC+ 轿跑SUV先型特别版','2018款',4,0);
insert into t_car_model(cm_id , cs_id , cm_name,cm_type ,cm_order , cm_state) values(30721,4074,'2017款 AMG GLC 43 4MATIC','2017款',1,0);
insert into t_car_model(cm_id , cs_id , cm_name,cm_type ,cm_order , cm_state) values(30723,4074,'2017款 AMG GLC 43 4MATIC 轿跑SUV','2017款',2,0);
insert into t_car_model(cm_id , cs_id , cm_name,cm_type ,cm_order , cm_state) values(30061,4074,'2017款 AMG GLC 43 4MATIC 特别版','2017款',3,0);
insert into t_car_model(cm_id , cs_id , cm_name,cm_type ,cm_order , cm_state) values(30062,4074,'2017款 AMG GLC 43 4MATIC 轿跑SUV特别版','2017款',4,0);
insert into t_car_series(cs_id,cbf_id,cs_name,cs_order,cs_letter) values(3704,344,'奔驰GLE AMG',513,'B');
insert into t_car_model(cm_id , cs_id , cm_name,cm_type ,cm_order , cm_state) values(34556,3704,'2018款 AMG GLE 43 4MATIC 轿跑SUV 幻橙特别版','2018款',1,0);
insert into t_car_model(cm_id , cs_id , cm_name,cm_type ,cm_order , cm_state) values(28279,3704,'2017款 AMG GLE 43 4MATIC','2017款',1,0);
insert into t_car_model(cm_id , cs_id , cm_name,cm_type ,cm_order , cm_state) values(31438,3704,'2017款 AMG GLE 43 4MATIC 轿跑SUV','2017款',2,0);
insert into t_car_model(cm_id , cs_id , cm_name,cm_type ,cm_order , cm_state) values(22126,3704,'2015款 AMG GLE 63 4MATIC','2015款',1,0);
insert into t_car_model(cm_id , cs_id , cm_name,cm_type ,cm_order , cm_state) values(22240,3704,'2015款 AMG GLE 63 S 4MATIC','2015款',2,0);
insert into t_car_model(cm_id , cs_id , cm_name,cm_type ,cm_order , cm_state) values(21361,3704,'2015款 AMG GLE 63 4MATIC 轿跑SUV','2015款',3,0);
insert into t_car_series(cs_id,cbf_id,cs_name,cs_order,cs_letter) values(2723,344,'奔驰G级AMG',514,'B');
insert into t_car_model(cm_id , cs_id , cm_name,cm_type ,cm_order , cm_state) values(39582,2723,'2019款 改款 AMG G 63','2019款',1,0);
insert into t_car_model(cm_id , cs_id , cm_name,cm_type ,cm_order , cm_state) values(39583,2723,'2019款 改款 AMG G 63 先型特别版','2019款',2,0);
insert into t_car_model(cm_id , cs_id , cm_name,cm_type ,cm_order , cm_state) values(33574,2723,'2019款 AMG G 63','2019款',3,0);
insert into t_car_model(cm_id , cs_id , cm_name,cm_type ,cm_order , cm_state) values(33583,2723,'2019款 AMG G 63 先型特别版','2019款',4,0);
insert into t_car_model(cm_id , cs_id , cm_name,cm_type ,cm_order , cm_state) values(31780,2723,'2018款 AMG G 63 典藏版','2018款',1,0);
insert into t_car_model(cm_id , cs_id , cm_name,cm_type ,cm_order , cm_state) values(24766,2723,'2016款 AMG G 63','2016款',1,0);
insert into t_car_model(cm_id , cs_id , cm_name,cm_type ,cm_order , cm_state) values(22688,2723,'2016款 AMG G 65','2016款',2,0);
insert into t_car_model(cm_id , cs_id , cm_name,cm_type ,cm_order , cm_state) values(22691,2723,'2016款 AMG G 63 Edition 463','2016款',3,0);
insert into t_car_model(cm_id , cs_id , cm_name,cm_type ,cm_order , cm_state) values(22687,2723,'2015款 AMG G 63 悍野限量版','2015款',1,0);
insert into t_car_model(cm_id , cs_id , cm_name,cm_type ,cm_order , cm_state) values(12576,2723,'2013款 AMG G 63','2013款',1,0);
insert into t_car_model(cm_id , cs_id , cm_name,cm_type ,cm_order , cm_state) values(12710,2723,'2013款 AMG G 65','2013款',2,0);
insert into t_car_model(cm_id , cs_id , cm_name,cm_type ,cm_order , cm_state) values(8324,2723,'2009款 AMG G 55','2009款',1,0);
insert into t_car_model(cm_id , cs_id , cm_name,cm_type ,cm_order , cm_state) values(8326,2723,'2007款 AMG G 55','2007款',1,0);
insert into t_car_series(cs_id,cbf_id,cs_name,cs_order,cs_letter) values(3901,344,'奔驰GLS AMG',515,'B');
insert into t_car_model(cm_id , cs_id , cm_name,cm_type ,cm_order , cm_state) values(28895,3901,'2017款 AMG GLS 63 4MATIC','2017款',1,0);
insert into t_car_model(cm_id , cs_id , cm_name,cm_type ,cm_order , cm_state) values(24428,3901,'2016款 AMG GLS 63 4MATIC','2016款',1,0);
insert into t_car_series(cs_id,cbf_id,cs_name,cs_order,cs_letter) values(3451,344,'AMG GT',516,'A');
insert into t_car_model(cm_id , cs_id , cm_name,cm_type ,cm_order , cm_state) values(37174,3451,'2019款 AMG GT','2019款',1,0);
insert into t_car_model(cm_id , cs_id , cm_name,cm_type ,cm_order , cm_state) values(39751,3451,'2019款 AMG GT S','2019款',2,0);
insert into t_car_model(cm_id , cs_id , cm_name,cm_type ,cm_order , cm_state) values(39752,3451,'2019款 AMG GT C','2019款',3,0);
insert into t_car_model(cm_id , cs_id , cm_name,cm_type ,cm_order , cm_state) values(37165,3451,'2019款 AMG GT C Roadster','2019款',4,0);
insert into t_car_model(cm_id , cs_id , cm_name,cm_type ,cm_order , cm_state) values(37164,3451,'2019款 AMG GT R','2019款',5,0);
insert into t_car_model(cm_id , cs_id , cm_name,cm_type ,cm_order , cm_state) values(37163,3451,'2019款 AMG GT R PRO','2019款',6,0);
insert into t_car_model(cm_id , cs_id , cm_name,cm_type ,cm_order , cm_state) values(37045,3451,'2019款 AMG GT 50 四门跑车','2019款',7,0);
insert into t_car_model(cm_id , cs_id , cm_name,cm_type ,cm_order , cm_state) values(37476,3451,'2019款 AMG GT 53 4MATIC+ 四门跑车','2019款',8,0);
insert into t_car_model(cm_id , cs_id , cm_name,cm_type ,cm_order , cm_state) values(33767,3451,'2019款 AMG GT 63 S 4MATIC+ 四门跑车','2019款',9,0);
insert into t_car_model(cm_id , cs_id , cm_name,cm_type ,cm_order , cm_state) values(37477,3451,'2019款 AMG GT 63 S 4MATIC+ 四门跑车 先型特别版','2019款',10,0);
insert into t_car_model(cm_id , cs_id , cm_name,cm_type ,cm_order , cm_state) values(34291,3451,'2018款 AMG GT C 中国特别版','2018款',1,0);
insert into t_car_model(cm_id , cs_id , cm_name,cm_type ,cm_order , cm_state) values(31470,3451,'2017款 AMG GT','2017款',1,0);
insert into t_car_model(cm_id , cs_id , cm_name,cm_type ,cm_order , cm_state) values(31469,3451,'2017款 AMG GT S','2017款',2,0);
insert into t_car_model(cm_id , cs_id , cm_name,cm_type ,cm_order , cm_state) values(30060,3451,'2017款 AMG GT R','2017款',3,0);
insert into t_car_model(cm_id , cs_id , cm_name,cm_type ,cm_order , cm_state) values(29449,3451,'2017款 AMG GT S 限量特别版','2017款',4,0);
insert into t_car_model(cm_id , cs_id , cm_name,cm_type ,cm_order , cm_state) values(24357,3451,'2016款 AMG GT','2016款',1,0);
insert into t_car_model(cm_id , cs_id , cm_name,cm_type ,cm_order , cm_state) values(20769,3451,'2015款 AMG GT S','2015款',1,0);
insert into t_car_series(cs_id,cbf_id,cs_name,cs_order,cs_letter) values(2719,344,'奔驰CLS级AMG',517,'B');
insert into t_car_model(cm_id , cs_id , cm_name,cm_type ,cm_order , cm_state) values(19456,2719,'2015款 AMG CLS 63 4MATIC','2015款',1,0);
insert into t_car_model(cm_id , cs_id , cm_name,cm_type ,cm_order , cm_state) values(14836,2719,'2015款 AMG CLS 63 S 4MATIC','2015款',2,0);
insert into t_car_model(cm_id , cs_id , cm_name,cm_type ,cm_order , cm_state) values(19925,2719,'2013款 AMG CLS 63','2013款',1,0);
insert into t_car_model(cm_id , cs_id , cm_name,cm_type ,cm_order , cm_state) values(8964,2719,'2012款 AMG CLS 63','2012款',1,0);
insert into t_car_model(cm_id , cs_id , cm_name,cm_type ,cm_order , cm_state) values(4189,2719,'2008款 AMG CLS 63','2008款',1,0);
insert into t_car_series(cs_id,cbf_id,cs_name,cs_order,cs_letter) values(2721,344,'奔驰SLK级AMG',520,'B');
insert into t_car_model(cm_id , cs_id , cm_name,cm_type ,cm_order , cm_state) values(8077,2721,'2010款 AMG SLK 55','2010款',1,0);
insert into t_car_model(cm_id , cs_id , cm_name,cm_type ,cm_order , cm_state) values(5299,2721,'2009款 AMG SLK 55','2009款',1,0);
insert into t_car_series(cs_id,cbf_id,cs_name,cs_order,cs_letter) values(2720,344,'奔驰SL级AMG',521,'B');
insert into t_car_model(cm_id , cs_id , cm_name,cm_type ,cm_order , cm_state) values(12098,2720,'2013款 AMG SL 63','2013款',1,0);
insert into t_car_model(cm_id , cs_id , cm_name,cm_type ,cm_order , cm_state) values(5300,2720,'2009款 AMG SL 63','2009款',1,0);
insert into t_car_series(cs_id,cbf_id,cs_name,cs_order,cs_letter) values(2722,344,'奔驰M级AMG',525,'B');
insert into t_car_model(cm_id , cs_id , cm_name,cm_type ,cm_order , cm_state) values(22854,2722,'2015款 AMG ML 63','2015款',1,0);
insert into t_car_model(cm_id , cs_id , cm_name,cm_type ,cm_order , cm_state) values(18122,2722,'2014款 AMG ML 63','2014款',1,0);
insert into t_car_model(cm_id , cs_id , cm_name,cm_type ,cm_order , cm_state) values(11287,2722,'2012款 AMG ML 63','2012款',1,0);
insert into t_car_model(cm_id , cs_id , cm_name,cm_type ,cm_order , cm_state) values(8323,2722,'2011款 AMG ML 63','2011款',1,0);
insert into t_car_model(cm_id , cs_id , cm_name,cm_type ,cm_order , cm_state) values(8322,2722,'2007款 AMG ML 63','2007款',1,0);
insert into t_car_series(cs_id,cbf_id,cs_name,cs_order,cs_letter) values(2833,344,'奔驰GL级AMG',526,'B');
insert into t_car_model(cm_id , cs_id , cm_name,cm_type ,cm_order , cm_state) values(18123,2833,'2014款 AMG GL 63','2014款',1,0);
insert into t_car_model(cm_id , cs_id , cm_name,cm_type ,cm_order , cm_state) values(12976,2833,'2013款 AMG GL 63','2013款',1,0);
insert into t_car_series(cs_id,cbf_id,cs_name,cs_order,cs_letter) values(914,344,'奔驰SLS级AMG',528,'B');
insert into t_car_model(cm_id , cs_id , cm_name,cm_type ,cm_order , cm_state) values(14298,914,'2014款 SLS AMG Black Series','2014款',1,0);
insert into t_car_model(cm_id , cs_id , cm_name,cm_type ,cm_order , cm_state) values(14517,914,'2013款 SLS AMG 45周年中国限量版','2013款',1,0);
insert into t_car_model(cm_id , cs_id , cm_name,cm_type ,cm_order , cm_state) values(8550,914,'2011款 SLS AMG','2011款',1,0);
insert into t_car_brand_factory(cbf_id , cb_id , cbf_name ,cbf_letter) values(407,36,'梅赛德斯-迈巴赫','M');
insert into t_car_series(cs_id,cbf_id,cs_name,cs_order,cs_letter) values(3665,407,'迈巴赫S级',536,'M');
insert into t_car_model(cm_id , cs_id , cm_name,cm_type ,cm_order , cm_state) values(41632,3665,'2020款 S 450 4MATIC','2020款',1,0);
insert into t_car_model(cm_id , cs_id , cm_name,cm_type ,cm_order , cm_state) values(41640,3665,'2020款 S 560 4MATIC','2020款',2,0);
insert into t_car_model(cm_id , cs_id , cm_name,cm_type ,cm_order , cm_state) values(41641,3665,'2020款 S 680','2020款',3,0);
insert into t_car_model(cm_id , cs_id , cm_name,cm_type ,cm_order , cm_state) values(41642,3665,'2020款 S 680 双调典藏版','2020款',4,0);
insert into t_car_model(cm_id , cs_id , cm_name,cm_type ,cm_order , cm_state) values(35641,3665,'2019款 S 450 4MATIC','2019款',1,0);
insert into t_car_model(cm_id , cs_id , cm_name,cm_type ,cm_order , cm_state) values(33573,3665,'2019款 S 560 4MATIC','2019款',2,0);
insert into t_car_model(cm_id , cs_id , cm_name,cm_type ,cm_order , cm_state) values(34539,3665,'2019款 S 680','2019款',3,0);
insert into t_car_model(cm_id , cs_id , cm_name,cm_type ,cm_order , cm_state) values(37056,3665,'2019款 S 680 双调典藏版','2019款',4,0);
insert into t_car_model(cm_id , cs_id , cm_name,cm_type ,cm_order , cm_state) values(40283,3665,'2019款 改款 S 450 4MATIC','2019款',5,0);
insert into t_car_model(cm_id , cs_id , cm_name,cm_type ,cm_order , cm_state) values(40284,3665,'2019款 改款 S 560 4MATIC','2019款',6,0);
insert into t_car_model(cm_id , cs_id , cm_name,cm_type ,cm_order , cm_state) values(40285,3665,'2019款 改款 S 680','2019款',7,0);
insert into t_car_model(cm_id , cs_id , cm_name,cm_type ,cm_order , cm_state) values(40286,3665,'2019款 改款 S 680 双调典藏版','2019款',8,0);
insert into t_car_model(cm_id , cs_id , cm_name,cm_type ,cm_order , cm_state) values(31543,3665,'2018款 S 450 4MATIC','2018款',1,0);
insert into t_car_model(cm_id , cs_id , cm_name,cm_type ,cm_order , cm_state) values(30186,3665,'2018款 S 560 4MATIC','2018款',2,0);
insert into t_car_model(cm_id , cs_id , cm_name,cm_type ,cm_order , cm_state) values(32792,3665,'2018款 S 680','2018款',3,0);
insert into t_car_model(cm_id , cs_id , cm_name,cm_type ,cm_order , cm_state) values(28817,3665,'2017款 S 400 4MATIC','2017款',1,0);
insert into t_car_model(cm_id , cs_id , cm_name,cm_type ,cm_order , cm_state) values(28818,3665,'2017款 S 500 4MATIC','2017款',2,0);
insert into t_car_model(cm_id , cs_id , cm_name,cm_type ,cm_order , cm_state) values(28819,3665,'2017款 S 600','2017款',3,0);
insert into t_car_model(cm_id , cs_id , cm_name,cm_type ,cm_order , cm_state) values(25507,3665,'2016款 S 400 4MATIC','2016款',1,0);
insert into t_car_model(cm_id , cs_id , cm_name,cm_type ,cm_order , cm_state) values(21475,3665,'2015款 S 400 4MATIC','2015款',1,0);
insert into t_car_model(cm_id , cs_id , cm_name,cm_type ,cm_order , cm_state) values(23617,3665,'2015款 S 500 4MATIC','2015款',2,0);
insert into t_car_model(cm_id , cs_id , cm_name,cm_type ,cm_order , cm_state) values(20909,3665,'2015款 S 600','2015款',3,0);
