insert into t_car_brand_factory(cbf_id , cb_id , cbf_name ,cbf_letter) values(33,102,'奇瑞汽车','Q');
insert into t_car_series(cs_id,cb_id,cbf_id,cs_name,cs_order,cs_letter) values(613,102,33,'威麟X5',3485,'W');
insert into t_car_model(cm_id ,cb_id,cbf_id, cs_id , cm_name,cm_type ,cm_order , cm_state) values(7726,102,33,613,'2011款 2.0T 两驱标准型','2011款',1,0);
insert into t_car_model(cm_id ,cb_id,cbf_id, cs_id , cm_name,cm_type ,cm_order , cm_state) values(7728,102,33,613,'2011款 2.0T 两驱舒适型','2011款',2,0);
insert into t_car_model(cm_id ,cb_id,cbf_id, cs_id , cm_name,cm_type ,cm_order , cm_state) values(7729,102,33,613,'2011款 2.0T 两驱精英型','2011款',3,0);
insert into t_car_model(cm_id ,cb_id,cbf_id, cs_id , cm_name,cm_type ,cm_order , cm_state) values(7730,102,33,613,'2011款 2.0T 四驱舒适型','2011款',4,0);
insert into t_car_model(cm_id ,cb_id,cbf_id, cs_id , cm_name,cm_type ,cm_order , cm_state) values(10628,102,33,613,'2011款 2.0T 四驱精英型','2011款',5,0);
insert into t_car_model(cm_id ,cb_id,cbf_id, cs_id , cm_name,cm_type ,cm_order , cm_state) values(10629,102,33,613,'2011款 2.0T 四驱豪华型','2011款',6,0);
insert into t_car_model(cm_id ,cb_id,cbf_id, cs_id , cm_name,cm_type ,cm_order , cm_state) values(3889,102,33,613,'2010款 2.0T 四驱舒适型','2010款',1,0);
insert into t_car_model(cm_id ,cb_id,cbf_id, cs_id , cm_name,cm_type ,cm_order , cm_state) values(7727,102,33,613,'2010款 2.0T 四驱精英型','2010款',2,0);
insert into t_car_series(cs_id,cb_id,cbf_id,cs_name,cs_order,cs_letter) values(909,102,33,'威麟V5',3486,'W');
insert into t_car_model(cm_id ,cb_id,cbf_id, cs_id , cm_name,cm_type ,cm_order , cm_state) values(10637,102,33,909,'2012款 2.0L 自动豪华型','2012款',1,0);
insert into t_car_model(cm_id ,cb_id,cbf_id, cs_id , cm_name,cm_type ,cm_order , cm_state) values(10636,102,33,909,'2012款 2.0L 手动豪华型','2012款',2,0);
insert into t_car_model(cm_id ,cb_id,cbf_id, cs_id , cm_name,cm_type ,cm_order , cm_state) values(10635,102,33,909,'2012款 2.0L 手动舒适型','2012款',3,0);
insert into t_car_model(cm_id ,cb_id,cbf_id, cs_id , cm_name,cm_type ,cm_order , cm_state) values(10634,102,33,909,'2012款 1.9T 手动豪华型','2012款',4,0);
insert into t_car_model(cm_id ,cb_id,cbf_id, cs_id , cm_name,cm_type ,cm_order , cm_state) values(10633,102,33,909,'2012款 1.9T 手动舒适型','2012款',5,0);
insert into t_car_model(cm_id ,cb_id,cbf_id, cs_id , cm_name,cm_type ,cm_order , cm_state) values(10632,102,33,909,'2012款 1.8L 手动豪华型','2012款',6,0);
insert into t_car_model(cm_id ,cb_id,cbf_id, cs_id , cm_name,cm_type ,cm_order , cm_state) values(10631,102,33,909,'2012款 1.8L 手动舒适型','2012款',7,0);
insert into t_car_model(cm_id ,cb_id,cbf_id, cs_id , cm_name,cm_type ,cm_order , cm_state) values(8177,102,33,909,'2009款 1.8L 手动经典型','2009款',1,0);
insert into t_car_model(cm_id ,cb_id,cbf_id, cs_id , cm_name,cm_type ,cm_order , cm_state) values(5983,102,33,909,'2009款 1.8L 手动舒适型','2009款',2,0);
insert into t_car_model(cm_id ,cb_id,cbf_id, cs_id , cm_name,cm_type ,cm_order , cm_state) values(5984,102,33,909,'2009款 1.8L 手动豪华型','2009款',3,0);
insert into t_car_model(cm_id ,cb_id,cbf_id, cs_id , cm_name,cm_type ,cm_order , cm_state) values(5985,102,33,909,'2009款 1.9T 手动舒适型','2009款',4,0);
insert into t_car_model(cm_id ,cb_id,cbf_id, cs_id , cm_name,cm_type ,cm_order , cm_state) values(5986,102,33,909,'2009款 1.9T 手动豪华型','2009款',5,0);
insert into t_car_model(cm_id ,cb_id,cbf_id, cs_id , cm_name,cm_type ,cm_order , cm_state) values(5982,102,33,909,'2009款 2.0L 手动舒适型','2009款',6,0);
insert into t_car_model(cm_id ,cb_id,cbf_id, cs_id , cm_name,cm_type ,cm_order , cm_state) values(5981,102,33,909,'2009款 2.0L 手动豪华型','2009款',7,0);
insert into t_car_model(cm_id ,cb_id,cbf_id, cs_id , cm_name,cm_type ,cm_order , cm_state) values(5964,102,33,909,'2009款 2.0L 自动豪华型','2009款',8,0);
insert into t_car_brand_factory(cbf_id , cb_id , cbf_name ,cbf_letter) values(502,102,'奇瑞万达客车','Q');
insert into t_car_series(cs_id,cb_id,cbf_id,cs_name,cs_order,cs_letter) values(2539,102,502,'威麟H5',3488,'W');
insert into t_car_model(cm_id ,cb_id,cbf_id, cs_id , cm_name,cm_type ,cm_order , cm_state) values(1006673,102,502,2539,'2018款 2.7L汽油公务型','2018款',1,0);
insert into t_car_model(cm_id ,cb_id,cbf_id, cs_id , cm_name,cm_type ,cm_order , cm_state) values(1006679,102,502,2539,'2018款 2.7L汽油商务型','2018款',2,0);
insert into t_car_model(cm_id ,cb_id,cbf_id, cs_id , cm_name,cm_type ,cm_order , cm_state) values(1006678,102,502,2539,'2018款 2.8T柴油公务型','2018款',3,0);
insert into t_car_model(cm_id ,cb_id,cbf_id, cs_id , cm_name,cm_type ,cm_order , cm_state) values(1006671,102,502,2539,'2018款 2.8T柴油商务型','2018款',4,0);
insert into t_car_model(cm_id ,cb_id,cbf_id, cs_id , cm_name,cm_type ,cm_order , cm_state) values(1006286,102,502,2539,'2018款 2.8T手动豪华型','2018款',5,0);
insert into t_car_model(cm_id ,cb_id,cbf_id, cs_id , cm_name,cm_type ,cm_order , cm_state) values(1000534,102,502,2539,'2011款 2.0T商务舒适型','2011款',1,0);
insert into t_car_model(cm_id ,cb_id,cbf_id, cs_id , cm_name,cm_type ,cm_order , cm_state) values(1000532,102,502,2539,'2011款 2.0T商务豪华型','2011款',2,0);
insert into t_car_model(cm_id ,cb_id,cbf_id, cs_id , cm_name,cm_type ,cm_order , cm_state) values(1000533,102,502,2539,'2010款 2.0T豪华型','2010款',1,0);
insert into t_car_series(cs_id,cb_id,cbf_id,cs_name,cs_order,cs_letter) values(4796,102,502,'威麟H6',3489,'W');
insert into t_car_model(cm_id ,cb_id,cbf_id, cs_id , cm_name,cm_type ,cm_order , cm_state) values(1006676,102,502,4796,'2018款 2.7L汽油公务型','2018款',1,0);
insert into t_car_model(cm_id ,cb_id,cbf_id, cs_id , cm_name,cm_type ,cm_order , cm_state) values(1006675,102,502,4796,'2018款 2.8T柴油公务型','2018款',2,0);
insert into t_car_model(cm_id ,cb_id,cbf_id, cs_id , cm_name,cm_type ,cm_order , cm_state) values(1006677,102,502,4796,'2018款 2.8T柴油商务型','2018款',3,0);
insert into t_car_model(cm_id ,cb_id,cbf_id, cs_id , cm_name,cm_type ,cm_order , cm_state) values(1006287,102,502,4796,'2018款 2.8T手动豪华型','2018款',4,0);
insert into t_car_series(cs_id,cb_id,cbf_id,cs_name,cs_order,cs_letter) values(2538,102,502,'威麟H3',3490,'W');
insert into t_car_model(cm_id ,cb_id,cbf_id, cs_id , cm_name,cm_type ,cm_order , cm_state) values(1000531,102,502,2538,'2011款 2.0T豪华型','2011款',1,0);
