insert into t_car_brand_factory(cbf_id , cb_id , cbf_name ,cbf_letter) values(376,44,'奇瑞捷豹路虎','Q');
insert into t_car_series(cs_id,cbf_id,cs_name,cs_order,cs_letter) values(4462,376,'捷豹XEL',2071,'J');
insert into t_car_model(cm_id , cs_id , cm_name,cm_type ,cm_order , cm_state) values(37081,4462,'2019款 2.0T 200PS 精英版','2019款',1,0);
insert into t_car_model(cm_id , cs_id , cm_name,cm_type ,cm_order , cm_state) values(37082,4462,'2019款 2.0T 200PS 豪华版','2019款',2,0);
insert into t_car_model(cm_id , cs_id , cm_name,cm_type ,cm_order , cm_state) values(37083,4462,'2019款 2.0T 200PS 尊享版','2019款',3,0);
insert into t_car_model(cm_id , cs_id , cm_name,cm_type ,cm_order , cm_state) values(37084,4462,'2019款 2.0T 250PS 尊享版','2019款',4,0);
insert into t_car_model(cm_id , cs_id , cm_name,cm_type ,cm_order , cm_state) values(37085,4462,'2019款 2.0T 250PS 奢华版','2019款',5,0);
insert into t_car_model(cm_id , cs_id , cm_name,cm_type ,cm_order , cm_state) values(32611,4462,'2018款 2.0T 200PS 精英版','2018款',1,0);
insert into t_car_model(cm_id , cs_id , cm_name,cm_type ,cm_order , cm_state) values(32612,4462,'2018款 2.0T 200PS 豪华版','2018款',2,0);
insert into t_car_model(cm_id , cs_id , cm_name,cm_type ,cm_order , cm_state) values(32943,4462,'2018款 2.0T 200PS LOVE挚爱版','2018款',3,0);
insert into t_car_model(cm_id , cs_id , cm_name,cm_type ,cm_order , cm_state) values(32613,4462,'2018款 2.0T 200PS 尊享版','2018款',4,0);
insert into t_car_model(cm_id , cs_id , cm_name,cm_type ,cm_order , cm_state) values(32614,4462,'2018款 2.0T 200PS 首发限量版','2018款',5,0);
insert into t_car_model(cm_id , cs_id , cm_name,cm_type ,cm_order , cm_state) values(32615,4462,'2018款 2.0T 250PS 尊享版','2018款',6,0);
insert into t_car_model(cm_id , cs_id , cm_name,cm_type ,cm_order , cm_state) values(30630,4462,'2018款 2.0T 250PS 奢华版','2018款',7,0);
insert into t_car_series(cs_id,cbf_id,cs_name,cs_order,cs_letter) values(4083,376,'捷豹XFL',2072,'J');
insert into t_car_model(cm_id , cs_id , cm_name,cm_type ,cm_order , cm_state) values(36654,4083,'2019款 XFL 2.0T 200PS 两驱风华版','2019款',1,0);
insert into t_car_model(cm_id , cs_id , cm_name,cm_type ,cm_order , cm_state) values(36655,4083,'2019款 XFL 2.0T 200PS 两驱精英版','2019款',2,0);
insert into t_car_model(cm_id , cs_id , cm_name,cm_type ,cm_order , cm_state) values(36656,4083,'2019款 XFL 2.0T 250PS 两驱豪华版','2019款',3,0);
insert into t_car_model(cm_id , cs_id , cm_name,cm_type ,cm_order , cm_state) values(36657,4083,'2019款 XFL 2.0T 250PS 四驱尊享版','2019款',4,0);
insert into t_car_model(cm_id , cs_id , cm_name,cm_type ,cm_order , cm_state) values(36658,4083,'2019款 XFL 2.0T 300PS 四驱奢华版','2019款',5,0);
insert into t_car_model(cm_id , cs_id , cm_name,cm_type ,cm_order , cm_state) values(31614,4083,'2018款 XFL 2.0T 200PS 风华版','2018款',1,0);
insert into t_car_model(cm_id , cs_id , cm_name,cm_type ,cm_order , cm_state) values(31615,4083,'2018款 XFL 2.0T 200PS 精英版','2018款',2,0);
insert into t_car_model(cm_id , cs_id , cm_name,cm_type ,cm_order , cm_state) values(31616,4083,'2018款 XFL 2.0T 250PS 豪华版','2018款',3,0);
insert into t_car_model(cm_id , cs_id , cm_name,cm_type ,cm_order , cm_state) values(31301,4083,'2018款 XFL 2.0T 250PS 尊享版','2018款',4,0);
insert into t_car_model(cm_id , cs_id , cm_name,cm_type ,cm_order , cm_state) values(31617,4083,'2018款 XFL 3.0 SC 340PS 奢华版','2018款',5,0);
insert into t_car_model(cm_id , cs_id , cm_name,cm_type ,cm_order , cm_state) values(26439,4083,'2017款 XFL 2.0T 200PS 风华版','2017款',1,0);
insert into t_car_model(cm_id , cs_id , cm_name,cm_type ,cm_order , cm_state) values(26440,4083,'2017款 XFL 2.0T 200PS 精英版','2017款',2,0);
insert into t_car_model(cm_id , cs_id , cm_name,cm_type ,cm_order , cm_state) values(26441,4083,'2017款 XFL 2.0T 200PS 豪华版','2017款',3,0);
insert into t_car_model(cm_id , cs_id , cm_name,cm_type ,cm_order , cm_state) values(26444,4083,'2017款 XFL 2.0T 240PS 豪华版','2017款',4,0);
insert into t_car_model(cm_id , cs_id , cm_name,cm_type ,cm_order , cm_state) values(26442,4083,'2017款 XFL 2.0T 240PS 尊享版','2017款',5,0);
insert into t_car_model(cm_id , cs_id , cm_name,cm_type ,cm_order , cm_state) values(26447,4083,'2017款 XFL 2.0T 240PS 奢华版','2017款',6,0);
insert into t_car_model(cm_id , cs_id , cm_name,cm_type ,cm_order , cm_state) values(26443,4083,'2017款 XFL 3.0 SC 340PS 尊享版','2017款',7,0);
insert into t_car_model(cm_id , cs_id , cm_name,cm_type ,cm_order , cm_state) values(25930,4083,'2017款 XFL 3.0 SC 340PS 奢华版','2017款',8,0);
insert into t_car_series(cs_id,cbf_id,cs_name,cs_order,cs_letter) values(4663,376,'捷豹E-PACE',2073,'J');
insert into t_car_model(cm_id , cs_id , cm_name,cm_type ,cm_order , cm_state) values(35588,4663,'2018款 P200','2018款',1,0);
insert into t_car_model(cm_id , cs_id , cm_name,cm_type ,cm_order , cm_state) values(35589,4663,'2018款 P200 S','2018款',2,0);
insert into t_car_model(cm_id , cs_id , cm_name,cm_type ,cm_order , cm_state) values(33283,4663,'2018款 P200 首发限量版','2018款',3,0);
insert into t_car_model(cm_id , cs_id , cm_name,cm_type ,cm_order , cm_state) values(35567,4663,'2018款 P250 S','2018款',4,0);
insert into t_car_model(cm_id , cs_id , cm_name,cm_type ,cm_order , cm_state) values(35298,4663,'2018款 P250 SE','2018款',5,0);
insert into t_car_model(cm_id , cs_id , cm_name,cm_type ,cm_order , cm_state) values(35281,4663,'2018款 P250 HSE','2018款',6,0);
insert into t_car_brand_factory(cbf_id , cb_id , cbf_name ,cbf_letter) values(85,44,'捷豹','J');
insert into t_car_series(cs_id,cbf_id,cs_name,cs_order,cs_letter) values(3312,85,'捷豹XE',2074,'J');
insert into t_car_model(cm_id , cs_id , cm_name,cm_type ,cm_order , cm_state) values(39809,3312,'2019款 2.0T 300PS 四驱Landmark Edition','2019款',1,0);
insert into t_car_model(cm_id , cs_id , cm_name,cm_type ,cm_order , cm_state) values(33058,3312,'2018款 2.0T 300PS 四驱R-Sport运动版','2018款',1,0);
insert into t_car_model(cm_id , cs_id , cm_name,cm_type ,cm_order , cm_state) values(30853,3312,'2018款 2.0T 200PS 两驱R-Sport运动版','2018款',2,0);
insert into t_car_model(cm_id , cs_id , cm_name,cm_type ,cm_order , cm_state) values(30854,3312,'2018款 2.0T 250PS 两驱R-Sport运动版','2018款',3,0);
insert into t_car_model(cm_id , cs_id , cm_name,cm_type ,cm_order , cm_state) values(30855,3312,'2018款 2.0T 250PS 四驱R-Sport运动版','2018款',4,0);
insert into t_car_model(cm_id , cs_id , cm_name,cm_type ,cm_order , cm_state) values(30856,3312,'2018款 3.0 SC 380PS 两驱S高性能版','2018款',5,0);
insert into t_car_model(cm_id , cs_id , cm_name,cm_type ,cm_order , cm_state) values(27123,3312,'2017款 2.0T 200PS R-Sport','2017款',1,0);
insert into t_car_model(cm_id , cs_id , cm_name,cm_type ,cm_order , cm_state) values(27124,3312,'2017款 2.0T 240PS R-Sport','2017款',2,0);
insert into t_car_model(cm_id , cs_id , cm_name,cm_type ,cm_order , cm_state) values(27125,3312,'2017款 3.0 SC 340PS S','2017款',3,0);
insert into t_car_model(cm_id , cs_id , cm_name,cm_type ,cm_order , cm_state) values(21022,3312,'2015款 2.0T 200PS R-Sport','2015款',1,0);
insert into t_car_model(cm_id , cs_id , cm_name,cm_type ,cm_order , cm_state) values(17846,3312,'2015款 2.0T 240PS R-Sport','2015款',2,0);
insert into t_car_model(cm_id , cs_id , cm_name,cm_type ,cm_order , cm_state) values(20254,3312,'2015款 3.0 SC 340PS S','2015款',3,0);
insert into t_car_series(cs_id,cbf_id,cs_name,cs_order,cs_letter) values(589,85,'捷豹XF',2075,'J');
insert into t_car_model(cm_id , cs_id , cm_name,cm_type ,cm_order , cm_state) values(39579,589,'2019款 XF Sportbrake 25t 两驱风华版','2019款',1,0);
insert into t_car_model(cm_id , cs_id , cm_name,cm_type ,cm_order , cm_state) values(39580,589,'2019款 XF Sportbrake 30t 四驱运动版','2019款',2,0);
insert into t_car_model(cm_id , cs_id , cm_name,cm_type ,cm_order , cm_state) values(32777,589,'2018款 XF Sportbrake 2.0T 250PS 两驱风华版','2018款',1,0);
insert into t_car_model(cm_id , cs_id , cm_name,cm_type ,cm_order , cm_state) values(32778,589,'2018款 XF Sportbrake 2.0T 250PS 四驱风华版','2018款',2,0);
insert into t_car_model(cm_id , cs_id , cm_name,cm_type ,cm_order , cm_state) values(32779,589,'2018款 XF Sportbrake 3.0 SC 380PS 四驱S高性能版','2018款',3,0);
insert into t_car_model(cm_id , cs_id , cm_name,cm_type ,cm_order , cm_state) values(32780,589,'2018款 XF Sportbrake 3.0 SC 380PS 四驱首发限量版','2018款',4,0);
insert into t_car_model(cm_id , cs_id , cm_name,cm_type ,cm_order , cm_state) values(23831,589,'2016款 XF 2.0T 两驱风华版','2016款',1,0);
insert into t_car_model(cm_id , cs_id , cm_name,cm_type ,cm_order , cm_state) values(23833,589,'2016款 XF 2.0T 两驱R-Sport运动版','2016款',2,0);
insert into t_car_model(cm_id , cs_id , cm_name,cm_type ,cm_order , cm_state) values(23835,589,'2016款 XF 2.0T 两驱奢华版','2016款',3,0);
insert into t_car_model(cm_id , cs_id , cm_name,cm_type ,cm_order , cm_state) values(23832,589,'2016款 XF 3.0 SC 两驱风华版','2016款',4,0);
insert into t_car_model(cm_id , cs_id , cm_name,cm_type ,cm_order , cm_state) values(23834,589,'2016款 XF 3.0 SC 两驱R-Sport运动版','2016款',5,0);
insert into t_car_model(cm_id , cs_id , cm_name,cm_type ,cm_order , cm_state) values(23836,589,'2016款 XF 3.0 SC 四驱S高性能版','2016款',6,0);
insert into t_car_model(cm_id , cs_id , cm_name,cm_type ,cm_order , cm_state) values(18361,589,'2015款 XF 2.0T Sportbrake 风华版','2015款',1,0);
insert into t_car_model(cm_id , cs_id , cm_name,cm_type ,cm_order , cm_state) values(19897,589,'2015款 XF 2.0T Sportbrake 豪华版','2015款',2,0);
insert into t_car_model(cm_id , cs_id , cm_name,cm_type ,cm_order , cm_state) values(19882,589,'2015款 XF 2.0T 豪华版','2015款',3,0);
insert into t_car_model(cm_id , cs_id , cm_name,cm_type ,cm_order , cm_state) values(22157,589,'2015款 XF 2.0T 80周年典藏豪华版','2015款',4,0);
insert into t_car_model(cm_id , cs_id , cm_name,cm_type ,cm_order , cm_state) values(19796,589,'2015款 XF 2.0T 风华版','2015款',5,0);
insert into t_car_model(cm_id , cs_id , cm_name,cm_type ,cm_order , cm_state) values(22156,589,'2015款 XF 2.0T 80周年典藏风华版','2015款',6,0);
insert into t_car_model(cm_id , cs_id , cm_name,cm_type ,cm_order , cm_state) values(19883,589,'2015款 XF 2.0T 奢华版','2015款',7,0);
insert into t_car_model(cm_id , cs_id , cm_name,cm_type ,cm_order , cm_state) values(19896,589,'2015款 XF 3.0 SC R-Sport 风华版','2015款',8,0);
insert into t_car_model(cm_id , cs_id , cm_name,cm_type ,cm_order , cm_state) values(19895,589,'2015款 XF 3.0 SC R-Sport 豪华版','2015款',9,0);
insert into t_car_model(cm_id , cs_id , cm_name,cm_type ,cm_order , cm_state) values(22158,589,'2015款 XF 3.0 SC 80周年典藏R-Sport版','2015款',10,0);
insert into t_car_model(cm_id , cs_id , cm_name,cm_type ,cm_order , cm_state) values(18362,589,'2015款 XF 3.0 SC R-Sport 奢华版','2015款',11,0);
insert into t_car_model(cm_id , cs_id , cm_name,cm_type ,cm_order , cm_state) values(17434,589,'2014款 XF 3.0 SC 风华版','2014款',1,0);
insert into t_car_model(cm_id , cs_id , cm_name,cm_type ,cm_order , cm_state) values(18023,589,'2014款 XF 3.0 SC Sport Club限量版','2014款',2,0);
insert into t_car_model(cm_id , cs_id , cm_name,cm_type ,cm_order , cm_state) values(17435,589,'2014款 XF 3.0 SC 豪华版','2014款',3,0);
insert into t_car_model(cm_id , cs_id , cm_name,cm_type ,cm_order , cm_state) values(17436,589,'2014款 XF 3.0 SC 奢华版','2014款',4,0);
insert into t_car_model(cm_id , cs_id , cm_name,cm_type ,cm_order , cm_state) values(17432,589,'2014款 XF 2.0T 奢华版','2014款',5,0);
insert into t_car_model(cm_id , cs_id , cm_name,cm_type ,cm_order , cm_state) values(17430,589,'2014款 XF 2.0T 豪华版','2014款',6,0);
insert into t_car_model(cm_id , cs_id , cm_name,cm_type ,cm_order , cm_state) values(17429,589,'2014款 XF 2.0T 风华版','2014款',7,0);
insert into t_car_model(cm_id , cs_id , cm_name,cm_type ,cm_order , cm_state) values(18024,589,'2014款 XF 2.0T Style Club限量版','2014款',8,0);
insert into t_car_model(cm_id , cs_id , cm_name,cm_type ,cm_order , cm_state) values(13717,589,'2013款 XF 2.0T 风华版','2013款',1,0);
insert into t_car_model(cm_id , cs_id , cm_name,cm_type ,cm_order , cm_state) values(16229,589,'2013款 XF 2.0T 剑桥限量版','2013款',2,0);
insert into t_car_model(cm_id , cs_id , cm_name,cm_type ,cm_order , cm_state) values(13718,589,'2013款 XF 2.0T 豪华版','2013款',3,0);
insert into t_car_model(cm_id , cs_id , cm_name,cm_type ,cm_order , cm_state) values(13719,589,'2013款 XF 2.0T 奢华版','2013款',4,0);
insert into t_car_model(cm_id , cs_id , cm_name,cm_type ,cm_order , cm_state) values(13720,589,'2013款 XF 3.0 SC 风华版','2013款',5,0);
insert into t_car_model(cm_id , cs_id , cm_name,cm_type ,cm_order , cm_state) values(13721,589,'2013款 XF 3.0 SC 豪华版','2013款',6,0);
insert into t_car_model(cm_id , cs_id , cm_name,cm_type ,cm_order , cm_state) values(13722,589,'2013款 XF 3.0 SC 奢华版','2013款',7,0);
insert into t_car_model(cm_id , cs_id , cm_name,cm_type ,cm_order , cm_state) values(13043,589,'2012款 XF 3.0L V6伦敦限量版','2012款',1,0);
insert into t_car_model(cm_id , cs_id , cm_name,cm_type ,cm_order , cm_state) values(11015,589,'2012款 XF 3.0L V6风华版','2012款',2,0);
insert into t_car_model(cm_id , cs_id , cm_name,cm_type ,cm_order , cm_state) values(10001,589,'2012款 XF 3.0L V6豪华版','2012款',3,0);
insert into t_car_model(cm_id , cs_id , cm_name,cm_type ,cm_order , cm_state) values(9130,589,'2011款 XF 3.0 V6 75周年纪念版','2011款',1,0);
insert into t_car_model(cm_id , cs_id , cm_name,cm_type ,cm_order , cm_state) values(4909,589,'2009款 XF 3.0L V6豪华版','2009款',1,0);
insert into t_car_model(cm_id , cs_id , cm_name,cm_type ,cm_order , cm_state) values(5358,589,'2009款 XF 5.0L V8奢华版','2009款',2,0);
insert into t_car_model(cm_id , cs_id , cm_name,cm_type ,cm_order , cm_state) values(4599,589,'2009款 XF 4.2 SV8机械增压版','2009款',3,0);
insert into t_car_model(cm_id , cs_id , cm_name,cm_type ,cm_order , cm_state) values(4843,589,'2009款 XFR 5.0L V8机械增压版','2009款',4,0);
insert into t_car_model(cm_id , cs_id , cm_name,cm_type ,cm_order , cm_state) values(3763,589,'2008款 XF 3.0 V6优质豪华版','2008款',1,0);
insert into t_car_series(cs_id,cbf_id,cs_name,cs_order,cs_letter) values(3209,85,'捷豹F-PACE',2076,'J');
insert into t_car_model(cm_id , cs_id , cm_name,cm_type ,cm_order , cm_state) values(41262,3209,'2020款 2.0T 都市尊享版','2020款',1,0);
insert into t_car_model(cm_id , cs_id , cm_name,cm_type ,cm_order , cm_state) values(38358,3209,'2020款 2.0T 赛旗版','2020款',2,0);
insert into t_car_model(cm_id , cs_id , cm_name,cm_type ,cm_order , cm_state) values(41445,3209,'2020款 300-Sport运动版','2020款',3,0);
insert into t_car_model(cm_id , cs_id , cm_name,cm_type ,cm_order , cm_state) values(41446,3209,'2020款 3.0SC S高性能版','2020款',4,0);
insert into t_car_model(cm_id , cs_id , cm_name,cm_type ,cm_order , cm_state) values(36216,3209,'2019款 2.0T 两驱都市尊享版','2019款',1,0);
insert into t_car_model(cm_id , cs_id , cm_name,cm_type ,cm_order , cm_state) values(36217,3209,'2019款 2.0T 四驱都市尊享版','2019款',2,0);
insert into t_car_model(cm_id , cs_id , cm_name,cm_type ,cm_order , cm_state) values(36218,3209,'2019款 2.0T 四驱R-Sport运动版','2019款',3,0);
insert into t_car_model(cm_id , cs_id , cm_name,cm_type ,cm_order , cm_state) values(36219,3209,'2019款 3.0 SC 四驱S高性能版','2019款',4,0);
insert into t_car_model(cm_id , cs_id , cm_name,cm_type ,cm_order , cm_state) values(30454,3209,'2018款 2.0T 两驱都市尊享版','2018款',1,0);
insert into t_car_model(cm_id , cs_id , cm_name,cm_type ,cm_order , cm_state) values(30455,3209,'2018款 2.0T 四驱都市尊享版','2018款',2,0);
insert into t_car_model(cm_id , cs_id , cm_name,cm_type ,cm_order , cm_state) values(30456,3209,'2018款 2.0T 四驱R-Sport运动版','2018款',3,0);
insert into t_car_model(cm_id , cs_id , cm_name,cm_type ,cm_order , cm_state) values(32874,3209,'2018款 改款 2.0T 四驱R-Sport运动版','2018款',4,0);
insert into t_car_model(cm_id , cs_id , cm_name,cm_type ,cm_order , cm_state) values(30457,3209,'2018款  3.0 SC 四驱R-Sport运动版','2018款',5,0);
insert into t_car_model(cm_id , cs_id , cm_name,cm_type ,cm_order , cm_state) values(30458,3209,'2018款 3.0 SC 四驱S高性能版','2018款',6,0);
insert into t_car_model(cm_id , cs_id , cm_name,cm_type ,cm_order , cm_state) values(24628,3209,'2016款 2.0T 两驱都市尊享版','2016款',1,0);
insert into t_car_model(cm_id , cs_id , cm_name,cm_type ,cm_order , cm_state) values(24627,3209,'2016款 2.0T 两驱R-Sport运动版','2016款',2,0);
insert into t_car_model(cm_id , cs_id , cm_name,cm_type ,cm_order , cm_state) values(24625,3209,'2016款 3.0 SC 四驱R-Sport运动版','2016款',3,0);
insert into t_car_model(cm_id , cs_id , cm_name,cm_type ,cm_order , cm_state) values(21374,3209,'2016款 3.0 SC 四驱S高性能版','2016款',4,0);
insert into t_car_model(cm_id , cs_id , cm_name,cm_type ,cm_order , cm_state) values(24624,3209,'2016款 3.0 SC 四驱S高性能首发限量版','2016款',5,0);
insert into t_car_series(cs_id,cbf_id,cs_name,cs_order,cs_letter) values(4251,85,'捷豹I-PACE',2077,'J');
insert into t_car_model(cm_id , cs_id , cm_name,cm_type ,cm_order , cm_state) values(33680,4251,'2018款 EV400 S','2018款',1,0);
insert into t_car_model(cm_id , cs_id , cm_name,cm_type ,cm_order , cm_state) values(33681,4251,'2018款 EV400 SE','2018款',2,0);
insert into t_car_model(cm_id , cs_id , cm_name,cm_type ,cm_order , cm_state) values(33682,4251,'2018款 EV400 HSE','2018款',3,0);
insert into t_car_model(cm_id , cs_id , cm_name,cm_type ,cm_order , cm_state) values(33684,4251,'2018款 EV400 首发限量版','2018款',4,0);
insert into t_car_series(cs_id,cbf_id,cs_name,cs_order,cs_letter) values(2903,85,'捷豹F-TYPE',2078,'J');
insert into t_car_model(cm_id , cs_id , cm_name,cm_type ,cm_order , cm_state) values(34567,2903,'2019款 2.0T 硬顶版','2019款',1,0);
insert into t_car_model(cm_id , cs_id , cm_name,cm_type ,cm_order , cm_state) values(34568,2903,'2019款 2.0T 敞篷版','2019款',2,0);
insert into t_car_model(cm_id , cs_id , cm_name,cm_type ,cm_order , cm_state) values(34569,2903,'2019款 3.0T 硬顶版','2019款',3,0);
insert into t_car_model(cm_id , cs_id , cm_name,cm_type ,cm_order , cm_state) values(34570,2903,'2019款 3.0T 敞篷版','2019款',4,0);
insert into t_car_model(cm_id , cs_id , cm_name,cm_type ,cm_order , cm_state) values(34571,2903,'2019款 3.0T R-Dynamic硬顶版','2019款',5,0);
insert into t_car_model(cm_id , cs_id , cm_name,cm_type ,cm_order , cm_state) values(34572,2903,'2019款 3.0T R-Dynamic敞篷版','2019款',6,0);
insert into t_car_model(cm_id , cs_id , cm_name,cm_type ,cm_order , cm_state) values(34573,2903,'2019款 5.0T SVR 硬顶版','2019款',7,0);
insert into t_car_model(cm_id , cs_id , cm_name,cm_type ,cm_order , cm_state) values(34574,2903,'2019款 5.0T SVR 敞篷版','2019款',8,0);
insert into t_car_model(cm_id , cs_id , cm_name,cm_type ,cm_order , cm_state) values(29251,2903,'2018款 3.0T 硬顶版','2018款',1,0);
insert into t_car_model(cm_id , cs_id , cm_name,cm_type ,cm_order , cm_state) values(29252,2903,'2018款 3.0T 敞篷版','2018款',2,0);
insert into t_car_model(cm_id , cs_id , cm_name,cm_type ,cm_order , cm_state) values(29033,2903,'2018款 3.0T 400 SPORT硬顶版','2018款',3,0);
insert into t_car_model(cm_id , cs_id , cm_name,cm_type ,cm_order , cm_state) values(29032,2903,'2018款 5.0T SVR 硬顶版','2018款',4,0);
insert into t_car_model(cm_id , cs_id , cm_name,cm_type ,cm_order , cm_state) values(29253,2903,'2018款 5.0T SVR 敞篷版','2018款',5,0);
insert into t_car_model(cm_id , cs_id , cm_name,cm_type ,cm_order , cm_state) values(22615,2903,'2016款 3.0T 硬顶版','2016款',1,0);
insert into t_car_model(cm_id , cs_id , cm_name,cm_type ,cm_order , cm_state) values(22618,2903,'2016款 3.0T S 硬顶版','2016款',2,0);
insert into t_car_model(cm_id , cs_id , cm_name,cm_type ,cm_order , cm_state) values(24951,2903,'2016款 3.0T 英伦风尚特别版','2016款',3,0);
insert into t_car_model(cm_id , cs_id , cm_name,cm_type ,cm_order , cm_state) values(22521,2903,'2016款 3.0T S 四驱硬顶版','2016款',4,0);
insert into t_car_model(cm_id , cs_id , cm_name,cm_type ,cm_order , cm_state) values(20802,2903,'2016款 5.0T R 四驱硬顶版','2016款',5,0);
insert into t_car_model(cm_id , cs_id , cm_name,cm_type ,cm_order , cm_state) values(25121,2903,'2016款 5.0T SVR','2016款',6,0);
insert into t_car_model(cm_id , cs_id , cm_name,cm_type ,cm_order , cm_state) values(22619,2903,'2016款 3.0T 敞篷版','2016款',7,0);
insert into t_car_model(cm_id , cs_id , cm_name,cm_type ,cm_order , cm_state) values(22621,2903,'2016款 3.0T S 敞篷版','2016款',8,0);
insert into t_car_model(cm_id , cs_id , cm_name,cm_type ,cm_order , cm_state) values(22517,2903,'2016款 3.0T S 四驱敞篷版','2016款',9,0);
insert into t_car_model(cm_id , cs_id , cm_name,cm_type ,cm_order , cm_state) values(22520,2903,'2016款 5.0T R 四驱敞篷版','2016款',10,0);
insert into t_car_model(cm_id , cs_id , cm_name,cm_type ,cm_order , cm_state) values(17582,2903,'2015款 3.0T 硬顶版','2015款',1,0);
insert into t_car_model(cm_id , cs_id , cm_name,cm_type ,cm_order , cm_state) values(18696,2903,'2015款 3.0T S 硬顶版','2015款',2,0);
insert into t_car_model(cm_id , cs_id , cm_name,cm_type ,cm_order , cm_state) values(17579,2903,'2015款 5.0T R 硬顶版','2015款',3,0);
insert into t_car_model(cm_id , cs_id , cm_name,cm_type ,cm_order , cm_state) values(14469,2903,'2013款 3.0T 敞篷版','2013款',1,0);
insert into t_car_model(cm_id , cs_id , cm_name,cm_type ,cm_order , cm_state) values(14470,2903,'2013款 3.0T S 敞篷版','2013款',2,0);
insert into t_car_model(cm_id , cs_id , cm_name,cm_type ,cm_order , cm_state) values(13957,2903,'2013款 5.0T S 敞篷版','2013款',3,0);
insert into t_car_model(cm_id , cs_id , cm_name,cm_type ,cm_order , cm_state) values(15765,2903,'2013款 5.0T S 敞篷中国限量版','2013款',4,0);
insert into t_car_series(cs_id,cbf_id,cs_name,cs_order,cs_letter) values(178,85,'捷豹XJ',2079,'J');
insert into t_car_model(cm_id , cs_id , cm_name,cm_type ,cm_order , cm_state) values(35392,178,'2019款 XJL 3.0 SC 两驱典雅商务版','2019款',1,0);
insert into t_car_model(cm_id , cs_id , cm_name,cm_type ,cm_order , cm_state) values(35393,178,'2019款 XJL 3.0 SC 两驱XJ50','2019款',2,0);
insert into t_car_model(cm_id , cs_id , cm_name,cm_type ,cm_order , cm_state) values(35394,178,'2019款 XJL 3.0 SC 四驱XJ50','2019款',3,0);
insert into t_car_model(cm_id , cs_id , cm_name,cm_type ,cm_order , cm_state) values(33568,178,'2018款 XJL 3.0 SC 两驱典雅商务版','2018款',1,0);
insert into t_car_model(cm_id , cs_id , cm_name,cm_type ,cm_order , cm_state) values(33569,178,'2018款 XJL 3.0 SC 两驱全景商务版','2018款',2,0);
insert into t_car_model(cm_id , cs_id , cm_name,cm_type ,cm_order , cm_state) values(33570,178,'2018款 XJL 3.0 SC 两驱尊享商务版','2018款',3,0);
insert into t_car_model(cm_id , cs_id , cm_name,cm_type ,cm_order , cm_state) values(33571,178,'2018款 XJL 3.0 SC 四驱全景商务版','2018款',4,0);
insert into t_car_model(cm_id , cs_id , cm_name,cm_type ,cm_order , cm_state) values(33572,178,'2018款 XJL 3.0 SC 四驱尊享商务版','2018款',5,0);
insert into t_car_model(cm_id , cs_id , cm_name,cm_type ,cm_order , cm_state) values(24767,178,'2016款 XJL 2.0T 两驱典雅商务版','2016款',1,0);
insert into t_car_model(cm_id , cs_id , cm_name,cm_type ,cm_order , cm_state) values(24768,178,'2016款 XJL 3.0 SC 两驱典雅商务版','2016款',2,0);
insert into t_car_model(cm_id , cs_id , cm_name,cm_type ,cm_order , cm_state) values(24769,178,'2016款 XJL 3.0 SC 四驱全景商务版','2016款',3,0);
insert into t_car_model(cm_id , cs_id , cm_name,cm_type ,cm_order , cm_state) values(24770,178,'2016款 XJL 3.0 SC 两驱尊享商务版','2016款',4,0);
insert into t_car_model(cm_id , cs_id , cm_name,cm_type ,cm_order , cm_state) values(24771,178,'2016款 XJL 3.0 SC 四驱尊享商务版','2016款',5,0);
insert into t_car_model(cm_id , cs_id , cm_name,cm_type ,cm_order , cm_state) values(24772,178,'2016款 XJL 3.0 SC 四驱旗舰商务版','2016款',6,0);
insert into t_car_model(cm_id , cs_id , cm_name,cm_type ,cm_order , cm_state) values(26028,178,'2016款 XJL 3.0 SC 四驱璀璨臻藏版','2016款',7,0);
insert into t_car_model(cm_id , cs_id , cm_name,cm_type ,cm_order , cm_state) values(20296,178,'2015款 XJL 2.0T 两驱典雅商务版','2015款',1,0);
insert into t_car_model(cm_id , cs_id , cm_name,cm_type ,cm_order , cm_state) values(21126,178,'2015款 XJL 2.0T 两驱全景商务版','2015款',2,0);
insert into t_car_model(cm_id , cs_id , cm_name,cm_type ,cm_order , cm_state) values(20442,178,'2015款 XJL 2.0T 两驱尊享商务版','2015款',3,0);
insert into t_car_model(cm_id , cs_id , cm_name,cm_type ,cm_order , cm_state) values(21127,178,'2015款  XJL 3.0 SC 两驱全景商务版','2015款',4,0);
insert into t_car_model(cm_id , cs_id , cm_name,cm_type ,cm_order , cm_state) values(20443,178,'2015款 XJL 3.0 SC 四驱全景商务版','2015款',5,0);
insert into t_car_model(cm_id , cs_id , cm_name,cm_type ,cm_order , cm_state) values(21128,178,'2015款 XJL 3.0 SC 两驱尊享商务版','2015款',6,0);
insert into t_car_model(cm_id , cs_id , cm_name,cm_type ,cm_order , cm_state) values(21129,178,'2015款 XJL 3.0 SC 四驱尊享商务版','2015款',7,0);
insert into t_car_model(cm_id , cs_id , cm_name,cm_type ,cm_order , cm_state) values(20689,178,'2015款 XJL 3.0 SC 两驱剑桥限量版','2015款',8,0);
insert into t_car_model(cm_id , cs_id , cm_name,cm_type ,cm_order , cm_state) values(21130,178,'2015款 XJL 3.0 SC 两驱旗舰商务版','2015款',9,0);
insert into t_car_model(cm_id , cs_id , cm_name,cm_type ,cm_order , cm_state) values(21131,178,'2015款 XJL 3.0 SC 四驱旗舰商务版','2015款',10,0);
insert into t_car_model(cm_id , cs_id , cm_name,cm_type ,cm_order , cm_state) values(22159,178,'2015款 XJL 2.0T 典雅商务80周年典藏版','2015款',11,0);
insert into t_car_model(cm_id , cs_id , cm_name,cm_type ,cm_order , cm_state) values(22160,178,'2015款 XJL 3.0 SC 典雅商务80周年典藏版','2015款',12,0);
insert into t_car_model(cm_id , cs_id , cm_name,cm_type ,cm_order , cm_state) values(22161,178,'2015款 XJL 3.0 SC 四驱全景商务80周年典藏版','2015款',13,0);
insert into t_car_model(cm_id , cs_id , cm_name,cm_type ,cm_order , cm_state) values(22162,178,'2015款 XJL 3.0 SC 四驱尊享商务80周年典藏版','2015款',14,0);
insert into t_car_model(cm_id , cs_id , cm_name,cm_type ,cm_order , cm_state) values(17427,178,'2014款 XJL 2.0T 两驱典雅商务版','2014款',1,0);
insert into t_car_model(cm_id , cs_id , cm_name,cm_type ,cm_order , cm_state) values(17428,178,'2014款 XJL 2.0T 两驱全景商务版','2014款',2,0);
insert into t_car_model(cm_id , cs_id , cm_name,cm_type ,cm_order , cm_state) values(17437,178,'2014款 XJL 2.0T 两驱尊享商务版','2014款',3,0);
insert into t_car_model(cm_id , cs_id , cm_name,cm_type ,cm_order , cm_state) values(17433,178,'2014款 XJL 3.0 SC 两驱全景商务版','2014款',4,0);
insert into t_car_model(cm_id , cs_id , cm_name,cm_type ,cm_order , cm_state) values(17318,178,'2014款 XJL 3.0 SC 四驱全景商务版','2014款',5,0);
insert into t_car_model(cm_id , cs_id , cm_name,cm_type ,cm_order , cm_state) values(17439,178,'2014款 XJL 3.0 SC 两驱尊享商务版','2014款',6,0);
insert into t_car_model(cm_id , cs_id , cm_name,cm_type ,cm_order , cm_state) values(17440,178,'2014款 XJL 3.0 SC 四驱尊享商务版','2014款',7,0);
insert into t_car_model(cm_id , cs_id , cm_name,cm_type ,cm_order , cm_state) values(17442,178,'2014款 XJL 3.0 SC 两驱旗舰商务版','2014款',8,0);
insert into t_car_model(cm_id , cs_id , cm_name,cm_type ,cm_order , cm_state) values(17441,178,'2014款 XJL 3.0 SC 四驱旗舰商务版','2014款',9,0);
insert into t_car_model(cm_id , cs_id , cm_name,cm_type ,cm_order , cm_state) values(13708,178,'2013款 XJL 2.0T 典雅商务版','2013款',1,0);
insert into t_car_model(cm_id , cs_id , cm_name,cm_type ,cm_order , cm_state) values(13709,178,'2013款 XJL 2.0T 全景商务版','2013款',2,0);
insert into t_car_model(cm_id , cs_id , cm_name,cm_type ,cm_order , cm_state) values(16230,178,'2013款 XJL 3.0 SC 剑桥限量版','2013款',3,0);
insert into t_car_model(cm_id , cs_id , cm_name,cm_type ,cm_order , cm_state) values(13710,178,'2013款 XJL 3.0 SC 全景商务版','2013款',4,0);
insert into t_car_model(cm_id , cs_id , cm_name,cm_type ,cm_order , cm_state) values(13711,178,'2013款 XJL 3.0 SC 旗舰商务版','2013款',5,0);
insert into t_car_model(cm_id , cs_id , cm_name,cm_type ,cm_order , cm_state) values(13726,178,'2013款 XJL 3.0 SC 四驱旗舰商务版','2013款',6,0);
insert into t_car_model(cm_id , cs_id , cm_name,cm_type ,cm_order , cm_state) values(13713,178,'2013款 XJL 5.0 SC 巅峰创世版 四座','2013款',7,0);
insert into t_car_model(cm_id , cs_id , cm_name,cm_type ,cm_order , cm_state) values(13712,178,'2013款 XJL 5.0 SC 巅峰创世版 五座','2013款',8,0);
insert into t_car_model(cm_id , cs_id , cm_name,cm_type ,cm_order , cm_state) values(11016,178,'2012款 XJL 3.0 全景商务版','2012款',1,0);
insert into t_car_model(cm_id , cs_id , cm_name,cm_type ,cm_order , cm_state) values(13001,178,'2012款 XJL 3.0 伦敦限量版','2012款',2,0);
insert into t_car_model(cm_id , cs_id , cm_name,cm_type ,cm_order , cm_state) values(11017,178,'2012款 XJL 3.0 旗舰商务版','2012款',3,0);
insert into t_car_model(cm_id , cs_id , cm_name,cm_type ,cm_order , cm_state) values(10005,178,'2012款 XJL 5.0 全景奢华版','2012款',4,0);
insert into t_car_model(cm_id , cs_id , cm_name,cm_type ,cm_order , cm_state) values(13030,178,'2012款 XJL 5.0 伦敦限量版','2012款',5,0);
insert into t_car_model(cm_id , cs_id , cm_name,cm_type ,cm_order , cm_state) values(11018,178,'2012款 XJL 5.0 旗舰尊崇版','2012款',6,0);
insert into t_car_model(cm_id , cs_id , cm_name,cm_type ,cm_order , cm_state) values(6684,178,'2011款 XJL 3.0 全景商务版','2011款',1,0);
insert into t_car_model(cm_id , cs_id , cm_name,cm_type ,cm_order , cm_state) values(9382,178,'2011款 XJL 5.0 旗舰尊崇版','2011款',2,0);
insert into t_car_model(cm_id , cs_id , cm_name,cm_type ,cm_order , cm_state) values(5650,178,'2010款 XJL 5.0 全景奢华版','2010款',1,0);
insert into t_car_model(cm_id , cs_id , cm_name,cm_type ,cm_order , cm_state) values(3300,178,'2007款 XJ6L 3.0皇家加长版','2007款',1,0);
insert into t_car_model(cm_id , cs_id , cm_name,cm_type ,cm_order , cm_state) values(3301,178,'2007款 XJ8L 4.2皇家加长版','2007款',2,0);
insert into t_car_model(cm_id , cs_id , cm_name,cm_type ,cm_order , cm_state) values(1784,178,'2005款 XJ6L 3.0','2005款',1,0);
insert into t_car_model(cm_id , cs_id , cm_name,cm_type ,cm_order , cm_state) values(1785,178,'2005款 XJ8L 4.2','2005款',2,0);
insert into t_car_model(cm_id , cs_id , cm_name,cm_type ,cm_order , cm_state) values(794,178,'2004款 XJ8 3.5','2004款',1,0);
insert into t_car_model(cm_id , cs_id , cm_name,cm_type ,cm_order , cm_state) values(971,178,'2004款 XJ8 4.2','2004款',2,0);
insert into t_car_series(cs_id,cbf_id,cs_name,cs_order,cs_letter) values(456,85,'捷豹XK',2087,'J');
insert into t_car_model(cm_id , cs_id , cm_name,cm_type ,cm_order , cm_state) values(11309,456,'2013款 XKR-S 5.0L 敞篷版','2013款',1,0);
insert into t_car_model(cm_id , cs_id , cm_name,cm_type ,cm_order , cm_state) values(13469,456,'2013款 XKR 5.0L 名匠臻藏版硬顶版','2013款',2,0);
insert into t_car_model(cm_id , cs_id , cm_name,cm_type ,cm_order , cm_state) values(13470,456,'2013款 XKR 5.0L 名匠臻藏版敞篷版','2013款',3,0);
insert into t_car_model(cm_id , cs_id , cm_name,cm_type ,cm_order , cm_state) values(9546,456,'2012款 XKR-S 5.0L 硬顶版','2012款',1,0);
insert into t_car_model(cm_id , cs_id , cm_name,cm_type ,cm_order , cm_state) values(10004,456,'2012款 XKR 5.0L 机械增压硬顶版','2012款',2,0);
insert into t_car_model(cm_id , cs_id , cm_name,cm_type ,cm_order , cm_state) values(11019,456,'2012款 XKR 5.0L 机械增压敞篷版','2012款',3,0);
insert into t_car_model(cm_id , cs_id , cm_name,cm_type ,cm_order , cm_state) values(2408,456,'2009款 XKR 5.0L V8机械增压硬顶跑车','2009款',1,0);
insert into t_car_model(cm_id , cs_id , cm_name,cm_type ,cm_order , cm_state) values(5359,456,'2009款 XKR 5.0L V8机械增压敞篷跑车','2009款',2,0);
insert into t_car_model(cm_id , cs_id , cm_name,cm_type ,cm_order , cm_state) values(2261,456,'2006款 4.2L V8双门跑车','2006款',1,0);
insert into t_car_model(cm_id , cs_id , cm_name,cm_type ,cm_order , cm_state) values(2485,456,'2006款 4.2L V8敞篷跑车','2006款',2,0);
insert into t_car_series(cs_id,cbf_id,cs_name,cs_order,cs_letter) values(328,85,'捷豹X-Type',2088,'J');
insert into t_car_model(cm_id , cs_id , cm_name,cm_type ,cm_order , cm_state) values(1239,328,'2004款 X2.5','2004款',1,0);
insert into t_car_series(cs_id,cbf_id,cs_name,cs_order,cs_letter) values(258,85,'捷豹S-Type',2089,'J');
insert into t_car_model(cm_id , cs_id , cm_name,cm_type ,cm_order , cm_state) values(6788,258,'2007款 3.0标准型','2007款',1,0);
insert into t_car_model(cm_id , cs_id , cm_name,cm_type ,cm_order , cm_state) values(2101,258,'2006款 3.0动感典藏版','2006款',1,0);
insert into t_car_model(cm_id , cs_id , cm_name,cm_type ,cm_order , cm_state) values(976,258,'2004款 3.0','2004款',1,0);
insert into t_car_model(cm_id , cs_id , cm_name,cm_type ,cm_order , cm_state) values(1237,258,'2004款 R 4.2','2004款',2,0);
