insert into t_car_brand_factory(cbf_id , cb_id , cbf_name ,cbf_letter) values(33,319,'奇瑞汽车','Q');
insert into t_car_series(cs_id,cb_id,cbf_id,cs_name,cs_order,cs_letter) values(4683,319,33,'捷途X70',2104,'J');
insert into t_car_model(cm_id ,cb_id,cbf_id, cs_id , cm_name,cm_type ,cm_order , cm_state) values(41331,319,33,4683,'2020款 1.5T 手动劲行版 5座','2020款',1,0);
insert into t_car_model(cm_id ,cb_id,cbf_id, cs_id , cm_name,cm_type ,cm_order , cm_state) values(42128,319,33,4683,'2020款 1.5T 手动劲行版 6座','2020款',2,0);
insert into t_car_model(cm_id ,cb_id,cbf_id, cs_id , cm_name,cm_type ,cm_order , cm_state) values(42129,319,33,4683,'2020款 1.5T 手动劲行版 7座','2020款',3,0);
insert into t_car_model(cm_id ,cb_id,cbf_id, cs_id , cm_name,cm_type ,cm_order , cm_state) values(41332,319,33,4683,'2020款 1.5T 手动畅行版 5座','2020款',4,0);
insert into t_car_model(cm_id ,cb_id,cbf_id, cs_id , cm_name,cm_type ,cm_order , cm_state) values(42130,319,33,4683,'2020款 1.5T 手动畅行版 6座','2020款',5,0);
insert into t_car_model(cm_id ,cb_id,cbf_id, cs_id , cm_name,cm_type ,cm_order , cm_state) values(42131,319,33,4683,'2020款 1.5T 手动畅行版 7座','2020款',6,0);
insert into t_car_model(cm_id ,cb_id,cbf_id, cs_id , cm_name,cm_type ,cm_order , cm_state) values(41333,319,33,4683,'2020款 1.5T 手动悦行版 5座','2020款',7,0);
insert into t_car_model(cm_id ,cb_id,cbf_id, cs_id , cm_name,cm_type ,cm_order , cm_state) values(42132,319,33,4683,'2020款 1.5T 手动悦行版 6座','2020款',8,0);
insert into t_car_model(cm_id ,cb_id,cbf_id, cs_id , cm_name,cm_type ,cm_order , cm_state) values(42133,319,33,4683,'2020款 1.5T 手动悦行版 7座','2020款',9,0);
insert into t_car_model(cm_id ,cb_id,cbf_id, cs_id , cm_name,cm_type ,cm_order , cm_state) values(41334,319,33,4683,'2020款 1.5T 手动智行版 5座','2020款',10,0);
insert into t_car_model(cm_id ,cb_id,cbf_id, cs_id , cm_name,cm_type ,cm_order , cm_state) values(42146,319,33,4683,'2020款 1.5T 手动智行版 6座','2020款',11,0);
insert into t_car_model(cm_id ,cb_id,cbf_id, cs_id , cm_name,cm_type ,cm_order , cm_state) values(42147,319,33,4683,'2020款 1.5T 手动智行版 7座','2020款',12,0);
insert into t_car_model(cm_id ,cb_id,cbf_id, cs_id , cm_name,cm_type ,cm_order , cm_state) values(41335,319,33,4683,'2020款 1.5T 手动尊行版 5座','2020款',13,0);
insert into t_car_model(cm_id ,cb_id,cbf_id, cs_id , cm_name,cm_type ,cm_order , cm_state) values(42134,319,33,4683,'2020款 1.5T 手动尊行版 6座','2020款',14,0);
insert into t_car_model(cm_id ,cb_id,cbf_id, cs_id , cm_name,cm_type ,cm_order , cm_state) values(42135,319,33,4683,'2020款 1.5T 手动尊行版 7座','2020款',15,0);
insert into t_car_model(cm_id ,cb_id,cbf_id, cs_id , cm_name,cm_type ,cm_order , cm_state) values(42136,319,33,4683,'2020款 1.5T DCT畅行版 5座','2020款',16,0);
insert into t_car_model(cm_id ,cb_id,cbf_id, cs_id , cm_name,cm_type ,cm_order , cm_state) values(42137,319,33,4683,'2020款 1.5T DCT畅行版 6座','2020款',17,0);
insert into t_car_model(cm_id ,cb_id,cbf_id, cs_id , cm_name,cm_type ,cm_order , cm_state) values(41336,319,33,4683,'2020款 1.5T DCT畅行版 7座','2020款',18,0);
insert into t_car_model(cm_id ,cb_id,cbf_id, cs_id , cm_name,cm_type ,cm_order , cm_state) values(41337,319,33,4683,'2020款 1.5T DCT悦行版 5座','2020款',19,0);
insert into t_car_model(cm_id ,cb_id,cbf_id, cs_id , cm_name,cm_type ,cm_order , cm_state) values(42138,319,33,4683,'2020款 1.5T DCT悦行版 6座','2020款',20,0);
insert into t_car_model(cm_id ,cb_id,cbf_id, cs_id , cm_name,cm_type ,cm_order , cm_state) values(42139,319,33,4683,'2020款 1.5T DCT悦行版 7座','2020款',21,0);
insert into t_car_model(cm_id ,cb_id,cbf_id, cs_id , cm_name,cm_type ,cm_order , cm_state) values(41338,319,33,4683,'2020款 1.5T DCT智行版 5座','2020款',22,0);
insert into t_car_model(cm_id ,cb_id,cbf_id, cs_id , cm_name,cm_type ,cm_order , cm_state) values(42140,319,33,4683,'2020款 1.5T DCT智行版 6座','2020款',23,0);
insert into t_car_model(cm_id ,cb_id,cbf_id, cs_id , cm_name,cm_type ,cm_order , cm_state) values(42141,319,33,4683,'2020款 1.5T DCT智行版 7座','2020款',24,0);
insert into t_car_model(cm_id ,cb_id,cbf_id, cs_id , cm_name,cm_type ,cm_order , cm_state) values(42142,319,33,4683,'2020款 1.5T DCT尊行版 5座','2020款',25,0);
insert into t_car_model(cm_id ,cb_id,cbf_id, cs_id , cm_name,cm_type ,cm_order , cm_state) values(42143,319,33,4683,'2020款 1.5T DCT尊行版 6座','2020款',26,0);
insert into t_car_model(cm_id ,cb_id,cbf_id, cs_id , cm_name,cm_type ,cm_order , cm_state) values(41339,319,33,4683,'2020款 1.5T DCT尊行版 7座','2020款',27,0);
insert into t_car_model(cm_id ,cb_id,cbf_id, cs_id , cm_name,cm_type ,cm_order , cm_state) values(40559,319,33,4683,'2019款 1.5T DCT劲行版','2019款',1,0);
insert into t_car_model(cm_id ,cb_id,cbf_id, cs_id , cm_name,cm_type ,cm_order , cm_state) values(40560,319,33,4683,'2019款 1.5T DCT畅行版','2019款',2,0);
insert into t_car_model(cm_id ,cb_id,cbf_id, cs_id , cm_name,cm_type ,cm_order , cm_state) values(40561,319,33,4683,'2019款 1.5T DCT悦行版','2019款',3,0);
insert into t_car_model(cm_id ,cb_id,cbf_id, cs_id , cm_name,cm_type ,cm_order , cm_state) values(40562,319,33,4683,'2019款 1.5T DCT智行版','2019款',4,0);
insert into t_car_model(cm_id ,cb_id,cbf_id, cs_id , cm_name,cm_type ,cm_order , cm_state) values(40563,319,33,4683,'2019款 1.5T DCT尊行版','2019款',5,0);
insert into t_car_model(cm_id ,cb_id,cbf_id, cs_id , cm_name,cm_type ,cm_order , cm_state) values(35216,319,33,4683,'2018款 1.5T 手动劲行版','2018款',1,0);
insert into t_car_model(cm_id ,cb_id,cbf_id, cs_id , cm_name,cm_type ,cm_order , cm_state) values(35217,319,33,4683,'2018款 1.5T 手动畅行版','2018款',2,0);
insert into t_car_model(cm_id ,cb_id,cbf_id, cs_id , cm_name,cm_type ,cm_order , cm_state) values(35218,319,33,4683,'2018款 1.5T 手动悦行版','2018款',3,0);
insert into t_car_model(cm_id ,cb_id,cbf_id, cs_id , cm_name,cm_type ,cm_order , cm_state) values(35219,319,33,4683,'2018款 1.5T 手动智行版','2018款',4,0);
insert into t_car_model(cm_id ,cb_id,cbf_id, cs_id , cm_name,cm_type ,cm_order , cm_state) values(35220,319,33,4683,'2018款 1.5T 自动畅行版','2018款',5,0);
insert into t_car_model(cm_id ,cb_id,cbf_id, cs_id , cm_name,cm_type ,cm_order , cm_state) values(35221,319,33,4683,'2018款 1.5T 自动悦行版','2018款',6,0);
insert into t_car_model(cm_id ,cb_id,cbf_id, cs_id , cm_name,cm_type ,cm_order , cm_state) values(35222,319,33,4683,'2018款 1.5T 自动智行版','2018款',7,0);
insert into t_car_model(cm_id ,cb_id,cbf_id, cs_id , cm_name,cm_type ,cm_order , cm_state) values(35223,319,33,4683,'2018款 1.5T 自动尊行版','2018款',8,0);
insert into t_car_series(cs_id,cb_id,cbf_id,cs_name,cs_order,cs_letter) values(5052,319,33,'捷途X70S',2105,'J');
insert into t_car_model(cm_id ,cb_id,cbf_id, cs_id , cm_name,cm_type ,cm_order , cm_state) values(42149,319,33,5052,'2019款 1.5T 手动旅途版 5座 国VI','2019款',1,0);
insert into t_car_model(cm_id ,cb_id,cbf_id, cs_id , cm_name,cm_type ,cm_order , cm_state) values(42150,319,33,5052,'2019款 1.5T 手动旅途版 6座 国VI','2019款',2,0);
insert into t_car_model(cm_id ,cb_id,cbf_id, cs_id , cm_name,cm_type ,cm_order , cm_state) values(42151,319,33,5052,'2019款 1.5T 手动旅途版 7座 国VI','2019款',3,0);
insert into t_car_model(cm_id ,cb_id,cbf_id, cs_id , cm_name,cm_type ,cm_order , cm_state) values(42152,319,33,5052,'2019款 1.5T 手动乐途版 5座 国VI','2019款',4,0);
insert into t_car_model(cm_id ,cb_id,cbf_id, cs_id , cm_name,cm_type ,cm_order , cm_state) values(42153,319,33,5052,'2019款 1.5T 手动乐途版 6座 国VI','2019款',5,0);
insert into t_car_model(cm_id ,cb_id,cbf_id, cs_id , cm_name,cm_type ,cm_order , cm_state) values(42154,319,33,5052,'2019款 1.5T 手动乐途版 7座 国VI','2019款',6,0);
insert into t_car_model(cm_id ,cb_id,cbf_id, cs_id , cm_name,cm_type ,cm_order , cm_state) values(42155,319,33,5052,'2019款 1.5T 手动探途版 5座 国VI','2019款',7,0);
insert into t_car_model(cm_id ,cb_id,cbf_id, cs_id , cm_name,cm_type ,cm_order , cm_state) values(42156,319,33,5052,'2019款 1.5T 手动探途版 6座 国VI','2019款',8,0);
insert into t_car_model(cm_id ,cb_id,cbf_id, cs_id , cm_name,cm_type ,cm_order , cm_state) values(42157,319,33,5052,'2019款 1.5T 手动探途版 7座 国VI','2019款',9,0);
insert into t_car_model(cm_id ,cb_id,cbf_id, cs_id , cm_name,cm_type ,cm_order , cm_state) values(42158,319,33,5052,'2019款 1.5T 手动征途版 5座 国VI','2019款',10,0);
insert into t_car_model(cm_id ,cb_id,cbf_id, cs_id , cm_name,cm_type ,cm_order , cm_state) values(42159,319,33,5052,'2019款 1.5T 手动征途版 6座 国VI','2019款',11,0);
insert into t_car_model(cm_id ,cb_id,cbf_id, cs_id , cm_name,cm_type ,cm_order , cm_state) values(42160,319,33,5052,'2019款 1.5T 手动征途版 7座 国VI','2019款',12,0);
insert into t_car_model(cm_id ,cb_id,cbf_id, cs_id , cm_name,cm_type ,cm_order , cm_state) values(42161,319,33,5052,'2019款 1.5T 手动坦途版 5座 国VI','2019款',13,0);
insert into t_car_model(cm_id ,cb_id,cbf_id, cs_id , cm_name,cm_type ,cm_order , cm_state) values(42162,319,33,5052,'2019款 1.5T 手动坦途版 6座 国VI','2019款',14,0);
insert into t_car_model(cm_id ,cb_id,cbf_id, cs_id , cm_name,cm_type ,cm_order , cm_state) values(42163,319,33,5052,'2019款 1.5T 手动坦途版 7座 国VI','2019款',15,0);
insert into t_car_model(cm_id ,cb_id,cbf_id, cs_id , cm_name,cm_type ,cm_order , cm_state) values(40546,319,33,5052,'2019款 1.5T DCT乐途版 5座','2019款',16,0);
insert into t_car_model(cm_id ,cb_id,cbf_id, cs_id , cm_name,cm_type ,cm_order , cm_state) values(42164,319,33,5052,'2019款 1.5T DCT乐途版 6座','2019款',17,0);
insert into t_car_model(cm_id ,cb_id,cbf_id, cs_id , cm_name,cm_type ,cm_order , cm_state) values(42165,319,33,5052,'2019款 1.5T DCT乐途版 7座','2019款',18,0);
insert into t_car_model(cm_id ,cb_id,cbf_id, cs_id , cm_name,cm_type ,cm_order , cm_state) values(40547,319,33,5052,'2019款 1.5T DCT探途版 5座','2019款',19,0);
insert into t_car_model(cm_id ,cb_id,cbf_id, cs_id , cm_name,cm_type ,cm_order , cm_state) values(42166,319,33,5052,'2019款 1.5T DCT探途版 6座','2019款',20,0);
insert into t_car_model(cm_id ,cb_id,cbf_id, cs_id , cm_name,cm_type ,cm_order , cm_state) values(42167,319,33,5052,'2019款 1.5T DCT探途版 7座','2019款',21,0);
insert into t_car_model(cm_id ,cb_id,cbf_id, cs_id , cm_name,cm_type ,cm_order , cm_state) values(40548,319,33,5052,'2019款 1.5T DCT征途版 5座','2019款',22,0);
insert into t_car_model(cm_id ,cb_id,cbf_id, cs_id , cm_name,cm_type ,cm_order , cm_state) values(42168,319,33,5052,'2019款 1.5T DCT征途版 6座','2019款',23,0);
insert into t_car_model(cm_id ,cb_id,cbf_id, cs_id , cm_name,cm_type ,cm_order , cm_state) values(42169,319,33,5052,'2019款 1.5T DCT征途版 7座','2019款',24,0);
insert into t_car_model(cm_id ,cb_id,cbf_id, cs_id , cm_name,cm_type ,cm_order , cm_state) values(40549,319,33,5052,'2019款 1.5T DCT坦途版 5座','2019款',25,0);
insert into t_car_model(cm_id ,cb_id,cbf_id, cs_id , cm_name,cm_type ,cm_order , cm_state) values(42170,319,33,5052,'2019款 1.5T DCT坦途版 6座','2019款',26,0);
insert into t_car_model(cm_id ,cb_id,cbf_id, cs_id , cm_name,cm_type ,cm_order , cm_state) values(42171,319,33,5052,'2019款 1.5T DCT坦途版 7座','2019款',27,0);
insert into t_car_model(cm_id ,cb_id,cbf_id, cs_id , cm_name,cm_type ,cm_order , cm_state) values(36709,319,33,5052,'2019款 1.5T 手动旅途版 国V','2019款',28,0);
insert into t_car_model(cm_id ,cb_id,cbf_id, cs_id , cm_name,cm_type ,cm_order , cm_state) values(36710,319,33,5052,'2019款 1.5T 手动乐途版 国V','2019款',29,0);
insert into t_car_model(cm_id ,cb_id,cbf_id, cs_id , cm_name,cm_type ,cm_order , cm_state) values(36711,319,33,5052,'2019款 1.5T 手动探途版 国V','2019款',30,0);
insert into t_car_model(cm_id ,cb_id,cbf_id, cs_id , cm_name,cm_type ,cm_order , cm_state) values(36712,319,33,5052,'2019款 1.5T 手动征途版 国V','2019款',31,0);
insert into t_car_model(cm_id ,cb_id,cbf_id, cs_id , cm_name,cm_type ,cm_order , cm_state) values(36714,319,33,5052,'2019款 1.5T 自动乐途版 国V','2019款',32,0);
insert into t_car_model(cm_id ,cb_id,cbf_id, cs_id , cm_name,cm_type ,cm_order , cm_state) values(36715,319,33,5052,'2019款 1.5T 自动探途版 国V','2019款',33,0);
insert into t_car_model(cm_id ,cb_id,cbf_id, cs_id , cm_name,cm_type ,cm_order , cm_state) values(36716,319,33,5052,'2019款 1.5T 自动征途版 国V','2019款',34,0);
insert into t_car_model(cm_id ,cb_id,cbf_id, cs_id , cm_name,cm_type ,cm_order , cm_state) values(36713,319,33,5052,'2019款 1.5T 自动坦途版 国V','2019款',35,0);
insert into t_car_series(cs_id,cb_id,cbf_id,cs_name,cs_order,cs_letter) values(4797,319,33,'捷途X90',2106,'J');
insert into t_car_model(cm_id ,cb_id,cbf_id, cs_id , cm_name,cm_type ,cm_order , cm_state) values(37490,319,33,4797,'2019款 1.5T 手动优享型 5座 国V','2019款',1,0);
insert into t_car_model(cm_id ,cb_id,cbf_id, cs_id , cm_name,cm_type ,cm_order , cm_state) values(37513,319,33,4797,'2019款 1.5T 手动优享型 6座 国V','2019款',2,0);
insert into t_car_model(cm_id ,cb_id,cbf_id, cs_id , cm_name,cm_type ,cm_order , cm_state) values(37514,319,33,4797,'2019款 1.5T 手动优享型 7座 国V','2019款',3,0);
insert into t_car_model(cm_id ,cb_id,cbf_id, cs_id , cm_name,cm_type ,cm_order , cm_state) values(37491,319,33,4797,'2019款 1.5T 手动悦享型 5座 国V','2019款',4,0);
insert into t_car_model(cm_id ,cb_id,cbf_id, cs_id , cm_name,cm_type ,cm_order , cm_state) values(37515,319,33,4797,'2019款 1.5T 手动悦享型 6座 国V','2019款',5,0);
insert into t_car_model(cm_id ,cb_id,cbf_id, cs_id , cm_name,cm_type ,cm_order , cm_state) values(37516,319,33,4797,'2019款 1.5T 手动悦享型 7座 国V','2019款',6,0);
insert into t_car_model(cm_id ,cb_id,cbf_id, cs_id , cm_name,cm_type ,cm_order , cm_state) values(37492,319,33,4797,'2019款 1.5T 手动智享型 5座 国V','2019款',7,0);
insert into t_car_model(cm_id ,cb_id,cbf_id, cs_id , cm_name,cm_type ,cm_order , cm_state) values(37517,319,33,4797,'2019款 1.5T 手动智享型 6座 国V','2019款',8,0);
insert into t_car_model(cm_id ,cb_id,cbf_id, cs_id , cm_name,cm_type ,cm_order , cm_state) values(37518,319,33,4797,'2019款 1.5T 手动智享型 7座 国V','2019款',9,0);
insert into t_car_model(cm_id ,cb_id,cbf_id, cs_id , cm_name,cm_type ,cm_order , cm_state) values(37493,319,33,4797,'2019款 1.5T 手动尊享型 5座 国V','2019款',10,0);
insert into t_car_model(cm_id ,cb_id,cbf_id, cs_id , cm_name,cm_type ,cm_order , cm_state) values(37519,319,33,4797,'2019款 1.5T 手动尊享型 6座 国V','2019款',11,0);
insert into t_car_model(cm_id ,cb_id,cbf_id, cs_id , cm_name,cm_type ,cm_order , cm_state) values(37520,319,33,4797,'2019款 1.5T 手动尊享型 7座 国V','2019款',12,0);
insert into t_car_model(cm_id ,cb_id,cbf_id, cs_id , cm_name,cm_type ,cm_order , cm_state) values(42038,319,33,4797,'2019款 1.5T 手动优享型 5座 国VI','2019款',13,0);
insert into t_car_model(cm_id ,cb_id,cbf_id, cs_id , cm_name,cm_type ,cm_order , cm_state) values(42039,319,33,4797,'2019款 1.5T 手动优享型 6座 国VI','2019款',14,0);
insert into t_car_model(cm_id ,cb_id,cbf_id, cs_id , cm_name,cm_type ,cm_order , cm_state) values(42040,319,33,4797,'2019款 1.5T 手动优享型 7座 国VI','2019款',15,0);
insert into t_car_model(cm_id ,cb_id,cbf_id, cs_id , cm_name,cm_type ,cm_order , cm_state) values(42041,319,33,4797,'2019款 1.5T 手动悦享型 5座 国VI','2019款',16,0);
insert into t_car_model(cm_id ,cb_id,cbf_id, cs_id , cm_name,cm_type ,cm_order , cm_state) values(42042,319,33,4797,'2019款 1.5T 手动悦享型 6座 国VI','2019款',17,0);
insert into t_car_model(cm_id ,cb_id,cbf_id, cs_id , cm_name,cm_type ,cm_order , cm_state) values(42043,319,33,4797,'2019款 1.5T 手动悦享型 7座 国VI','2019款',18,0);
insert into t_car_model(cm_id ,cb_id,cbf_id, cs_id , cm_name,cm_type ,cm_order , cm_state) values(42044,319,33,4797,'2019款 1.5T 手动智享型 5座 国VI','2019款',19,0);
insert into t_car_model(cm_id ,cb_id,cbf_id, cs_id , cm_name,cm_type ,cm_order , cm_state) values(42045,319,33,4797,'2019款 1.5T 手动智享型 6座 国VI','2019款',20,0);
insert into t_car_model(cm_id ,cb_id,cbf_id, cs_id , cm_name,cm_type ,cm_order , cm_state) values(42046,319,33,4797,'2019款 1.5T 手动智享型 7座 国VI','2019款',21,0);
insert into t_car_model(cm_id ,cb_id,cbf_id, cs_id , cm_name,cm_type ,cm_order , cm_state) values(42047,319,33,4797,'2019款 1.5T 手动尊享型 5座 国VI','2019款',22,0);
insert into t_car_model(cm_id ,cb_id,cbf_id, cs_id , cm_name,cm_type ,cm_order , cm_state) values(42048,319,33,4797,'2019款 1.5T 手动尊享型 6座 国VI','2019款',23,0);
insert into t_car_model(cm_id ,cb_id,cbf_id, cs_id , cm_name,cm_type ,cm_order , cm_state) values(42049,319,33,4797,'2019款 1.5T 手动尊享型 7座 国VI','2019款',24,0);
insert into t_car_model(cm_id ,cb_id,cbf_id, cs_id , cm_name,cm_type ,cm_order , cm_state) values(37495,319,33,4797,'2019款 1.5T 自动优享型 5座 国V','2019款',25,0);
insert into t_car_model(cm_id ,cb_id,cbf_id, cs_id , cm_name,cm_type ,cm_order , cm_state) values(37521,319,33,4797,'2019款 1.5T 自动优享型 6座 国V','2019款',26,0);
insert into t_car_model(cm_id ,cb_id,cbf_id, cs_id , cm_name,cm_type ,cm_order , cm_state) values(37522,319,33,4797,'2019款 1.5T 自动优享型 7座 国V','2019款',27,0);
insert into t_car_model(cm_id ,cb_id,cbf_id, cs_id , cm_name,cm_type ,cm_order , cm_state) values(37496,319,33,4797,'2019款 1.5T 自动悦享型 5座 国V','2019款',28,0);
insert into t_car_model(cm_id ,cb_id,cbf_id, cs_id , cm_name,cm_type ,cm_order , cm_state) values(37523,319,33,4797,'2019款 1.5T 自动悦享型 6座 国V','2019款',29,0);
insert into t_car_model(cm_id ,cb_id,cbf_id, cs_id , cm_name,cm_type ,cm_order , cm_state) values(37524,319,33,4797,'2019款 1.5T 自动悦享型 7座 国V','2019款',30,0);
insert into t_car_model(cm_id ,cb_id,cbf_id, cs_id , cm_name,cm_type ,cm_order , cm_state) values(37497,319,33,4797,'2019款 1.5T 自动智享型 5座 国V','2019款',31,0);
insert into t_car_model(cm_id ,cb_id,cbf_id, cs_id , cm_name,cm_type ,cm_order , cm_state) values(37525,319,33,4797,'2019款 1.5T 自动智享型 6座 国V','2019款',32,0);
insert into t_car_model(cm_id ,cb_id,cbf_id, cs_id , cm_name,cm_type ,cm_order , cm_state) values(37526,319,33,4797,'2019款 1.5T 自动智享型 7座 国V','2019款',33,0);
insert into t_car_model(cm_id ,cb_id,cbf_id, cs_id , cm_name,cm_type ,cm_order , cm_state) values(37470,319,33,4797,'2019款 1.5T 自动尊享型 5座 国V','2019款',34,0);
insert into t_car_model(cm_id ,cb_id,cbf_id, cs_id , cm_name,cm_type ,cm_order , cm_state) values(37527,319,33,4797,'2019款 1.5T 自动尊享型 6座 国V','2019款',35,0);
insert into t_car_model(cm_id ,cb_id,cbf_id, cs_id , cm_name,cm_type ,cm_order , cm_state) values(37528,319,33,4797,'2019款 1.5T 自动尊享型 7座 国V','2019款',36,0);
insert into t_car_model(cm_id ,cb_id,cbf_id, cs_id , cm_name,cm_type ,cm_order , cm_state) values(40523,319,33,4797,'2019款 1.5T DCT优享型 5座 国VI','2019款',37,0);
insert into t_car_model(cm_id ,cb_id,cbf_id, cs_id , cm_name,cm_type ,cm_order , cm_state) values(40524,319,33,4797,'2019款 1.5T DCT优享型 6座 国VI','2019款',38,0);
insert into t_car_model(cm_id ,cb_id,cbf_id, cs_id , cm_name,cm_type ,cm_order , cm_state) values(41308,319,33,4797,'2019款 1.5T DCT优享型 7座 国VI','2019款',39,0);
insert into t_car_model(cm_id ,cb_id,cbf_id, cs_id , cm_name,cm_type ,cm_order , cm_state) values(40526,319,33,4797,'2019款 1.5T DCT悦享型 5座 国VI','2019款',40,0);
insert into t_car_model(cm_id ,cb_id,cbf_id, cs_id , cm_name,cm_type ,cm_order , cm_state) values(40527,319,33,4797,'2019款 1.5T DCT悦享型 6座 国VI','2019款',41,0);
insert into t_car_model(cm_id ,cb_id,cbf_id, cs_id , cm_name,cm_type ,cm_order , cm_state) values(41309,319,33,4797,'2019款 1.5T DCT悦享型 7座 国VI','2019款',42,0);
insert into t_car_model(cm_id ,cb_id,cbf_id, cs_id , cm_name,cm_type ,cm_order , cm_state) values(40529,319,33,4797,'2019款 1.5T DCT智享型 5座 国VI','2019款',43,0);
insert into t_car_model(cm_id ,cb_id,cbf_id, cs_id , cm_name,cm_type ,cm_order , cm_state) values(40530,319,33,4797,'2019款 1.5T DCT智享型 6座 国VI','2019款',44,0);
insert into t_car_model(cm_id ,cb_id,cbf_id, cs_id , cm_name,cm_type ,cm_order , cm_state) values(41310,319,33,4797,'2019款 1.5T DCT智享型 7座 国VI','2019款',45,0);
insert into t_car_model(cm_id ,cb_id,cbf_id, cs_id , cm_name,cm_type ,cm_order , cm_state) values(40532,319,33,4797,'2019款 1.5T DCT尊享型 5座 国VI','2019款',46,0);
insert into t_car_model(cm_id ,cb_id,cbf_id, cs_id , cm_name,cm_type ,cm_order , cm_state) values(40533,319,33,4797,'2019款 1.5T DCT尊享型 6座 国VI','2019款',47,0);
insert into t_car_model(cm_id ,cb_id,cbf_id, cs_id , cm_name,cm_type ,cm_order , cm_state) values(41311,319,33,4797,'2019款 1.5T DCT尊享型 7座 国VI','2019款',48,0);
insert into t_car_model(cm_id ,cb_id,cbf_id, cs_id , cm_name,cm_type ,cm_order , cm_state) values(41972,319,33,4797,'2019款 1.6T DCT悦旅版 5座 国VI','2019款',49,0);
insert into t_car_model(cm_id ,cb_id,cbf_id, cs_id , cm_name,cm_type ,cm_order , cm_state) values(41973,319,33,4797,'2019款 1.6T DCT悦旅版 6座 国VI','2019款',50,0);
insert into t_car_model(cm_id ,cb_id,cbf_id, cs_id , cm_name,cm_type ,cm_order , cm_state) values(41974,319,33,4797,'2019款 1.6T DCT悦旅版 7座 国VI','2019款',51,0);
insert into t_car_model(cm_id ,cb_id,cbf_id, cs_id , cm_name,cm_type ,cm_order , cm_state) values(41975,319,33,4797,'2019款 1.6T DCT智旅版 5座 国VI','2019款',52,0);
insert into t_car_model(cm_id ,cb_id,cbf_id, cs_id , cm_name,cm_type ,cm_order , cm_state) values(41976,319,33,4797,'2019款 1.6T DCT智旅版 6座 国VI','2019款',53,0);
insert into t_car_model(cm_id ,cb_id,cbf_id, cs_id , cm_name,cm_type ,cm_order , cm_state) values(41977,319,33,4797,'2019款 1.6T DCT智旅版 7座 国VI','2019款',54,0);
insert into t_car_model(cm_id ,cb_id,cbf_id, cs_id , cm_name,cm_type ,cm_order , cm_state) values(41978,319,33,4797,'2019款 1.6T DCT尊旅版 5座 国VI','2019款',55,0);
insert into t_car_model(cm_id ,cb_id,cbf_id, cs_id , cm_name,cm_type ,cm_order , cm_state) values(41979,319,33,4797,'2019款 1.6T DCT尊旅版 6座 国VI','2019款',56,0);
insert into t_car_model(cm_id ,cb_id,cbf_id, cs_id , cm_name,cm_type ,cm_order , cm_state) values(41980,319,33,4797,'2019款 1.6T DCT尊旅版 7座 国VI','2019款',57,0);
insert into t_car_model(cm_id ,cb_id,cbf_id, cs_id , cm_name,cm_type ,cm_order , cm_state) values(41981,319,33,4797,'2019款 1.6T DCT耀旅版 5座 国VI','2019款',58,0);
insert into t_car_model(cm_id ,cb_id,cbf_id, cs_id , cm_name,cm_type ,cm_order , cm_state) values(41271,319,33,4797,'2019款 1.6T DCT耀旅版 6座 国VI','2019款',59,0);
insert into t_car_model(cm_id ,cb_id,cbf_id, cs_id , cm_name,cm_type ,cm_order , cm_state) values(41982,319,33,4797,'2019款 1.6T DCT耀旅版 7座 国VI','2019款',60,0);
insert into t_car_model(cm_id ,cb_id,cbf_id, cs_id , cm_name,cm_type ,cm_order , cm_state) values(37498,319,33,4797,'2019款 1.6T DCT智享型 5座 国V','2019款',61,0);
insert into t_car_model(cm_id ,cb_id,cbf_id, cs_id , cm_name,cm_type ,cm_order , cm_state) values(37529,319,33,4797,'2019款 1.6T DCT智享型 6座 国V','2019款',62,0);
insert into t_car_model(cm_id ,cb_id,cbf_id, cs_id , cm_name,cm_type ,cm_order , cm_state) values(37530,319,33,4797,'2019款 1.6T DCT智享型 7座 国V','2019款',63,0);
insert into t_car_model(cm_id ,cb_id,cbf_id, cs_id , cm_name,cm_type ,cm_order , cm_state) values(34425,319,33,4797,'2019款 1.6T DCT尊享型 5座 国V','2019款',64,0);
insert into t_car_model(cm_id ,cb_id,cbf_id, cs_id , cm_name,cm_type ,cm_order , cm_state) values(37531,319,33,4797,'2019款 1.6T DCT尊享型 6座 国V','2019款',65,0);
insert into t_car_model(cm_id ,cb_id,cbf_id, cs_id , cm_name,cm_type ,cm_order , cm_state) values(37532,319,33,4797,'2019款 1.6T DCT尊享型 7座 国V','2019款',66,0);
insert into t_car_brand_factory(cbf_id , cb_id , cbf_name ,cbf_letter) values(405,319,'奇瑞新能源','Q');
insert into t_car_series(cs_id,cb_id,cbf_id,cs_name,cs_order,cs_letter) values(5255,319,405,'捷途X70S EV',2109,'J');
insert into t_car_model(cm_id ,cb_id,cbf_id, cs_id , cm_name,cm_type ,cm_order , cm_state) values(41489,319,405,5255,'2019款 E动版','2019款',1,0);
insert into t_car_model(cm_id ,cb_id,cbf_id, cs_id , cm_name,cm_type ,cm_order , cm_state) values(41490,319,405,5255,'2019款 E劲版','2019款',2,0);
insert into t_car_model(cm_id ,cb_id,cbf_id, cs_id , cm_name,cm_type ,cm_order , cm_state) values(38772,319,405,5255,'2019款 E智版','2019款',3,0);
