insert into t_car_brand_factory(cbf_id , cb_id , cbf_name ,cbf_letter) values(33,319,'奇瑞汽车','Q');
insert into t_car_series(cs_id,cbf_id,cs_name,cs_order,cs_letter) values(4683,33,'捷途X70',2104,'J');
insert into t_car_model(cm_id , cs_id , cm_name,cm_type ,cm_order , cm_state) values(41331,4683,'2020款 1.5T 手动劲行版 5座','2020款',1,0);
insert into t_car_model(cm_id , cs_id , cm_name,cm_type ,cm_order , cm_state) values(42128,4683,'2020款 1.5T 手动劲行版 6座','2020款',2,0);
insert into t_car_model(cm_id , cs_id , cm_name,cm_type ,cm_order , cm_state) values(42129,4683,'2020款 1.5T 手动劲行版 7座','2020款',3,0);
insert into t_car_model(cm_id , cs_id , cm_name,cm_type ,cm_order , cm_state) values(41332,4683,'2020款 1.5T 手动畅行版 5座','2020款',4,0);
insert into t_car_model(cm_id , cs_id , cm_name,cm_type ,cm_order , cm_state) values(42130,4683,'2020款 1.5T 手动畅行版 6座','2020款',5,0);
insert into t_car_model(cm_id , cs_id , cm_name,cm_type ,cm_order , cm_state) values(42131,4683,'2020款 1.5T 手动畅行版 7座','2020款',6,0);
insert into t_car_model(cm_id , cs_id , cm_name,cm_type ,cm_order , cm_state) values(41333,4683,'2020款 1.5T 手动悦行版 5座','2020款',7,0);
insert into t_car_model(cm_id , cs_id , cm_name,cm_type ,cm_order , cm_state) values(42132,4683,'2020款 1.5T 手动悦行版 6座','2020款',8,0);
insert into t_car_model(cm_id , cs_id , cm_name,cm_type ,cm_order , cm_state) values(42133,4683,'2020款 1.5T 手动悦行版 7座','2020款',9,0);
insert into t_car_model(cm_id , cs_id , cm_name,cm_type ,cm_order , cm_state) values(41334,4683,'2020款 1.5T 手动智行版 5座','2020款',10,0);
insert into t_car_model(cm_id , cs_id , cm_name,cm_type ,cm_order , cm_state) values(42146,4683,'2020款 1.5T 手动智行版 6座','2020款',11,0);
insert into t_car_model(cm_id , cs_id , cm_name,cm_type ,cm_order , cm_state) values(42147,4683,'2020款 1.5T 手动智行版 7座','2020款',12,0);
insert into t_car_model(cm_id , cs_id , cm_name,cm_type ,cm_order , cm_state) values(41335,4683,'2020款 1.5T 手动尊行版 5座','2020款',13,0);
insert into t_car_model(cm_id , cs_id , cm_name,cm_type ,cm_order , cm_state) values(42134,4683,'2020款 1.5T 手动尊行版 6座','2020款',14,0);
insert into t_car_model(cm_id , cs_id , cm_name,cm_type ,cm_order , cm_state) values(42135,4683,'2020款 1.5T 手动尊行版 7座','2020款',15,0);
insert into t_car_model(cm_id , cs_id , cm_name,cm_type ,cm_order , cm_state) values(42136,4683,'2020款 1.5T DCT畅行版 5座','2020款',16,0);
insert into t_car_model(cm_id , cs_id , cm_name,cm_type ,cm_order , cm_state) values(42137,4683,'2020款 1.5T DCT畅行版 6座','2020款',17,0);
insert into t_car_model(cm_id , cs_id , cm_name,cm_type ,cm_order , cm_state) values(41336,4683,'2020款 1.5T DCT畅行版 7座','2020款',18,0);
insert into t_car_model(cm_id , cs_id , cm_name,cm_type ,cm_order , cm_state) values(41337,4683,'2020款 1.5T DCT悦行版 5座','2020款',19,0);
insert into t_car_model(cm_id , cs_id , cm_name,cm_type ,cm_order , cm_state) values(42138,4683,'2020款 1.5T DCT悦行版 6座','2020款',20,0);
insert into t_car_model(cm_id , cs_id , cm_name,cm_type ,cm_order , cm_state) values(42139,4683,'2020款 1.5T DCT悦行版 7座','2020款',21,0);
insert into t_car_model(cm_id , cs_id , cm_name,cm_type ,cm_order , cm_state) values(41338,4683,'2020款 1.5T DCT智行版 5座','2020款',22,0);
insert into t_car_model(cm_id , cs_id , cm_name,cm_type ,cm_order , cm_state) values(42140,4683,'2020款 1.5T DCT智行版 6座','2020款',23,0);
insert into t_car_model(cm_id , cs_id , cm_name,cm_type ,cm_order , cm_state) values(42141,4683,'2020款 1.5T DCT智行版 7座','2020款',24,0);
insert into t_car_model(cm_id , cs_id , cm_name,cm_type ,cm_order , cm_state) values(42142,4683,'2020款 1.5T DCT尊行版 5座','2020款',25,0);
insert into t_car_model(cm_id , cs_id , cm_name,cm_type ,cm_order , cm_state) values(42143,4683,'2020款 1.5T DCT尊行版 6座','2020款',26,0);
insert into t_car_model(cm_id , cs_id , cm_name,cm_type ,cm_order , cm_state) values(41339,4683,'2020款 1.5T DCT尊行版 7座','2020款',27,0);
insert into t_car_model(cm_id , cs_id , cm_name,cm_type ,cm_order , cm_state) values(40559,4683,'2019款 1.5T DCT劲行版','2019款',1,0);
insert into t_car_model(cm_id , cs_id , cm_name,cm_type ,cm_order , cm_state) values(40560,4683,'2019款 1.5T DCT畅行版','2019款',2,0);
insert into t_car_model(cm_id , cs_id , cm_name,cm_type ,cm_order , cm_state) values(40561,4683,'2019款 1.5T DCT悦行版','2019款',3,0);
insert into t_car_model(cm_id , cs_id , cm_name,cm_type ,cm_order , cm_state) values(40562,4683,'2019款 1.5T DCT智行版','2019款',4,0);
insert into t_car_model(cm_id , cs_id , cm_name,cm_type ,cm_order , cm_state) values(40563,4683,'2019款 1.5T DCT尊行版','2019款',5,0);
insert into t_car_model(cm_id , cs_id , cm_name,cm_type ,cm_order , cm_state) values(35216,4683,'2018款 1.5T 手动劲行版','2018款',1,0);
insert into t_car_model(cm_id , cs_id , cm_name,cm_type ,cm_order , cm_state) values(35217,4683,'2018款 1.5T 手动畅行版','2018款',2,0);
insert into t_car_model(cm_id , cs_id , cm_name,cm_type ,cm_order , cm_state) values(35218,4683,'2018款 1.5T 手动悦行版','2018款',3,0);
insert into t_car_model(cm_id , cs_id , cm_name,cm_type ,cm_order , cm_state) values(35219,4683,'2018款 1.5T 手动智行版','2018款',4,0);
insert into t_car_model(cm_id , cs_id , cm_name,cm_type ,cm_order , cm_state) values(35220,4683,'2018款 1.5T 自动畅行版','2018款',5,0);
insert into t_car_model(cm_id , cs_id , cm_name,cm_type ,cm_order , cm_state) values(35221,4683,'2018款 1.5T 自动悦行版','2018款',6,0);
insert into t_car_model(cm_id , cs_id , cm_name,cm_type ,cm_order , cm_state) values(35222,4683,'2018款 1.5T 自动智行版','2018款',7,0);
insert into t_car_model(cm_id , cs_id , cm_name,cm_type ,cm_order , cm_state) values(35223,4683,'2018款 1.5T 自动尊行版','2018款',8,0);
insert into t_car_series(cs_id,cbf_id,cs_name,cs_order,cs_letter) values(5052,33,'捷途X70S',2105,'J');
insert into t_car_model(cm_id , cs_id , cm_name,cm_type ,cm_order , cm_state) values(42149,5052,'2019款 1.5T 手动旅途版 5座 国VI','2019款',1,0);
insert into t_car_model(cm_id , cs_id , cm_name,cm_type ,cm_order , cm_state) values(42150,5052,'2019款 1.5T 手动旅途版 6座 国VI','2019款',2,0);
insert into t_car_model(cm_id , cs_id , cm_name,cm_type ,cm_order , cm_state) values(42151,5052,'2019款 1.5T 手动旅途版 7座 国VI','2019款',3,0);
insert into t_car_model(cm_id , cs_id , cm_name,cm_type ,cm_order , cm_state) values(42152,5052,'2019款 1.5T 手动乐途版 5座 国VI','2019款',4,0);
insert into t_car_model(cm_id , cs_id , cm_name,cm_type ,cm_order , cm_state) values(42153,5052,'2019款 1.5T 手动乐途版 6座 国VI','2019款',5,0);
insert into t_car_model(cm_id , cs_id , cm_name,cm_type ,cm_order , cm_state) values(42154,5052,'2019款 1.5T 手动乐途版 7座 国VI','2019款',6,0);
insert into t_car_model(cm_id , cs_id , cm_name,cm_type ,cm_order , cm_state) values(42155,5052,'2019款 1.5T 手动探途版 5座 国VI','2019款',7,0);
insert into t_car_model(cm_id , cs_id , cm_name,cm_type ,cm_order , cm_state) values(42156,5052,'2019款 1.5T 手动探途版 6座 国VI','2019款',8,0);
insert into t_car_model(cm_id , cs_id , cm_name,cm_type ,cm_order , cm_state) values(42157,5052,'2019款 1.5T 手动探途版 7座 国VI','2019款',9,0);
insert into t_car_model(cm_id , cs_id , cm_name,cm_type ,cm_order , cm_state) values(42158,5052,'2019款 1.5T 手动征途版 5座 国VI','2019款',10,0);
insert into t_car_model(cm_id , cs_id , cm_name,cm_type ,cm_order , cm_state) values(42159,5052,'2019款 1.5T 手动征途版 6座 国VI','2019款',11,0);
insert into t_car_model(cm_id , cs_id , cm_name,cm_type ,cm_order , cm_state) values(42160,5052,'2019款 1.5T 手动征途版 7座 国VI','2019款',12,0);
insert into t_car_model(cm_id , cs_id , cm_name,cm_type ,cm_order , cm_state) values(42161,5052,'2019款 1.5T 手动坦途版 5座 国VI','2019款',13,0);
insert into t_car_model(cm_id , cs_id , cm_name,cm_type ,cm_order , cm_state) values(42162,5052,'2019款 1.5T 手动坦途版 6座 国VI','2019款',14,0);
insert into t_car_model(cm_id , cs_id , cm_name,cm_type ,cm_order , cm_state) values(42163,5052,'2019款 1.5T 手动坦途版 7座 国VI','2019款',15,0);
insert into t_car_model(cm_id , cs_id , cm_name,cm_type ,cm_order , cm_state) values(40546,5052,'2019款 1.5T DCT乐途版 5座','2019款',16,0);
insert into t_car_model(cm_id , cs_id , cm_name,cm_type ,cm_order , cm_state) values(42164,5052,'2019款 1.5T DCT乐途版 6座','2019款',17,0);
insert into t_car_model(cm_id , cs_id , cm_name,cm_type ,cm_order , cm_state) values(42165,5052,'2019款 1.5T DCT乐途版 7座','2019款',18,0);
insert into t_car_model(cm_id , cs_id , cm_name,cm_type ,cm_order , cm_state) values(40547,5052,'2019款 1.5T DCT探途版 5座','2019款',19,0);
insert into t_car_model(cm_id , cs_id , cm_name,cm_type ,cm_order , cm_state) values(42166,5052,'2019款 1.5T DCT探途版 6座','2019款',20,0);
insert into t_car_model(cm_id , cs_id , cm_name,cm_type ,cm_order , cm_state) values(42167,5052,'2019款 1.5T DCT探途版 7座','2019款',21,0);
insert into t_car_model(cm_id , cs_id , cm_name,cm_type ,cm_order , cm_state) values(40548,5052,'2019款 1.5T DCT征途版 5座','2019款',22,0);
insert into t_car_model(cm_id , cs_id , cm_name,cm_type ,cm_order , cm_state) values(42168,5052,'2019款 1.5T DCT征途版 6座','2019款',23,0);
insert into t_car_model(cm_id , cs_id , cm_name,cm_type ,cm_order , cm_state) values(42169,5052,'2019款 1.5T DCT征途版 7座','2019款',24,0);
insert into t_car_model(cm_id , cs_id , cm_name,cm_type ,cm_order , cm_state) values(40549,5052,'2019款 1.5T DCT坦途版 5座','2019款',25,0);
insert into t_car_model(cm_id , cs_id , cm_name,cm_type ,cm_order , cm_state) values(42170,5052,'2019款 1.5T DCT坦途版 6座','2019款',26,0);
insert into t_car_model(cm_id , cs_id , cm_name,cm_type ,cm_order , cm_state) values(42171,5052,'2019款 1.5T DCT坦途版 7座','2019款',27,0);
insert into t_car_model(cm_id , cs_id , cm_name,cm_type ,cm_order , cm_state) values(36709,5052,'2019款 1.5T 手动旅途版 国V','2019款',28,0);
insert into t_car_model(cm_id , cs_id , cm_name,cm_type ,cm_order , cm_state) values(36710,5052,'2019款 1.5T 手动乐途版 国V','2019款',29,0);
insert into t_car_model(cm_id , cs_id , cm_name,cm_type ,cm_order , cm_state) values(36711,5052,'2019款 1.5T 手动探途版 国V','2019款',30,0);
insert into t_car_model(cm_id , cs_id , cm_name,cm_type ,cm_order , cm_state) values(36712,5052,'2019款 1.5T 手动征途版 国V','2019款',31,0);
insert into t_car_model(cm_id , cs_id , cm_name,cm_type ,cm_order , cm_state) values(36714,5052,'2019款 1.5T 自动乐途版 国V','2019款',32,0);
insert into t_car_model(cm_id , cs_id , cm_name,cm_type ,cm_order , cm_state) values(36715,5052,'2019款 1.5T 自动探途版 国V','2019款',33,0);
insert into t_car_model(cm_id , cs_id , cm_name,cm_type ,cm_order , cm_state) values(36716,5052,'2019款 1.5T 自动征途版 国V','2019款',34,0);
insert into t_car_model(cm_id , cs_id , cm_name,cm_type ,cm_order , cm_state) values(36713,5052,'2019款 1.5T 自动坦途版 国V','2019款',35,0);
insert into t_car_series(cs_id,cbf_id,cs_name,cs_order,cs_letter) values(4797,33,'捷途X90',2106,'J');
insert into t_car_model(cm_id , cs_id , cm_name,cm_type ,cm_order , cm_state) values(37490,4797,'2019款 1.5T 手动优享型 5座 国V','2019款',1,0);
insert into t_car_model(cm_id , cs_id , cm_name,cm_type ,cm_order , cm_state) values(37513,4797,'2019款 1.5T 手动优享型 6座 国V','2019款',2,0);
insert into t_car_model(cm_id , cs_id , cm_name,cm_type ,cm_order , cm_state) values(37514,4797,'2019款 1.5T 手动优享型 7座 国V','2019款',3,0);
insert into t_car_model(cm_id , cs_id , cm_name,cm_type ,cm_order , cm_state) values(37491,4797,'2019款 1.5T 手动悦享型 5座 国V','2019款',4,0);
insert into t_car_model(cm_id , cs_id , cm_name,cm_type ,cm_order , cm_state) values(37515,4797,'2019款 1.5T 手动悦享型 6座 国V','2019款',5,0);
insert into t_car_model(cm_id , cs_id , cm_name,cm_type ,cm_order , cm_state) values(37516,4797,'2019款 1.5T 手动悦享型 7座 国V','2019款',6,0);
insert into t_car_model(cm_id , cs_id , cm_name,cm_type ,cm_order , cm_state) values(37492,4797,'2019款 1.5T 手动智享型 5座 国V','2019款',7,0);
insert into t_car_model(cm_id , cs_id , cm_name,cm_type ,cm_order , cm_state) values(37517,4797,'2019款 1.5T 手动智享型 6座 国V','2019款',8,0);
insert into t_car_model(cm_id , cs_id , cm_name,cm_type ,cm_order , cm_state) values(37518,4797,'2019款 1.5T 手动智享型 7座 国V','2019款',9,0);
insert into t_car_model(cm_id , cs_id , cm_name,cm_type ,cm_order , cm_state) values(37493,4797,'2019款 1.5T 手动尊享型 5座 国V','2019款',10,0);
insert into t_car_model(cm_id , cs_id , cm_name,cm_type ,cm_order , cm_state) values(37519,4797,'2019款 1.5T 手动尊享型 6座 国V','2019款',11,0);
insert into t_car_model(cm_id , cs_id , cm_name,cm_type ,cm_order , cm_state) values(37520,4797,'2019款 1.5T 手动尊享型 7座 国V','2019款',12,0);
insert into t_car_model(cm_id , cs_id , cm_name,cm_type ,cm_order , cm_state) values(42038,4797,'2019款 1.5T 手动优享型 5座 国VI','2019款',13,0);
insert into t_car_model(cm_id , cs_id , cm_name,cm_type ,cm_order , cm_state) values(42039,4797,'2019款 1.5T 手动优享型 6座 国VI','2019款',14,0);
insert into t_car_model(cm_id , cs_id , cm_name,cm_type ,cm_order , cm_state) values(42040,4797,'2019款 1.5T 手动优享型 7座 国VI','2019款',15,0);
insert into t_car_model(cm_id , cs_id , cm_name,cm_type ,cm_order , cm_state) values(42041,4797,'2019款 1.5T 手动悦享型 5座 国VI','2019款',16,0);
insert into t_car_model(cm_id , cs_id , cm_name,cm_type ,cm_order , cm_state) values(42042,4797,'2019款 1.5T 手动悦享型 6座 国VI','2019款',17,0);
insert into t_car_model(cm_id , cs_id , cm_name,cm_type ,cm_order , cm_state) values(42043,4797,'2019款 1.5T 手动悦享型 7座 国VI','2019款',18,0);
insert into t_car_model(cm_id , cs_id , cm_name,cm_type ,cm_order , cm_state) values(42044,4797,'2019款 1.5T 手动智享型 5座 国VI','2019款',19,0);
insert into t_car_model(cm_id , cs_id , cm_name,cm_type ,cm_order , cm_state) values(42045,4797,'2019款 1.5T 手动智享型 6座 国VI','2019款',20,0);
insert into t_car_model(cm_id , cs_id , cm_name,cm_type ,cm_order , cm_state) values(42046,4797,'2019款 1.5T 手动智享型 7座 国VI','2019款',21,0);
insert into t_car_model(cm_id , cs_id , cm_name,cm_type ,cm_order , cm_state) values(42047,4797,'2019款 1.5T 手动尊享型 5座 国VI','2019款',22,0);
insert into t_car_model(cm_id , cs_id , cm_name,cm_type ,cm_order , cm_state) values(42048,4797,'2019款 1.5T 手动尊享型 6座 国VI','2019款',23,0);
insert into t_car_model(cm_id , cs_id , cm_name,cm_type ,cm_order , cm_state) values(42049,4797,'2019款 1.5T 手动尊享型 7座 国VI','2019款',24,0);
insert into t_car_model(cm_id , cs_id , cm_name,cm_type ,cm_order , cm_state) values(37495,4797,'2019款 1.5T 自动优享型 5座 国V','2019款',25,0);
insert into t_car_model(cm_id , cs_id , cm_name,cm_type ,cm_order , cm_state) values(37521,4797,'2019款 1.5T 自动优享型 6座 国V','2019款',26,0);
insert into t_car_model(cm_id , cs_id , cm_name,cm_type ,cm_order , cm_state) values(37522,4797,'2019款 1.5T 自动优享型 7座 国V','2019款',27,0);
insert into t_car_model(cm_id , cs_id , cm_name,cm_type ,cm_order , cm_state) values(37496,4797,'2019款 1.5T 自动悦享型 5座 国V','2019款',28,0);
insert into t_car_model(cm_id , cs_id , cm_name,cm_type ,cm_order , cm_state) values(37523,4797,'2019款 1.5T 自动悦享型 6座 国V','2019款',29,0);
insert into t_car_model(cm_id , cs_id , cm_name,cm_type ,cm_order , cm_state) values(37524,4797,'2019款 1.5T 自动悦享型 7座 国V','2019款',30,0);
insert into t_car_model(cm_id , cs_id , cm_name,cm_type ,cm_order , cm_state) values(37497,4797,'2019款 1.5T 自动智享型 5座 国V','2019款',31,0);
insert into t_car_model(cm_id , cs_id , cm_name,cm_type ,cm_order , cm_state) values(37525,4797,'2019款 1.5T 自动智享型 6座 国V','2019款',32,0);
insert into t_car_model(cm_id , cs_id , cm_name,cm_type ,cm_order , cm_state) values(37526,4797,'2019款 1.5T 自动智享型 7座 国V','2019款',33,0);
insert into t_car_model(cm_id , cs_id , cm_name,cm_type ,cm_order , cm_state) values(37470,4797,'2019款 1.5T 自动尊享型 5座 国V','2019款',34,0);
insert into t_car_model(cm_id , cs_id , cm_name,cm_type ,cm_order , cm_state) values(37527,4797,'2019款 1.5T 自动尊享型 6座 国V','2019款',35,0);
insert into t_car_model(cm_id , cs_id , cm_name,cm_type ,cm_order , cm_state) values(37528,4797,'2019款 1.5T 自动尊享型 7座 国V','2019款',36,0);
insert into t_car_model(cm_id , cs_id , cm_name,cm_type ,cm_order , cm_state) values(40523,4797,'2019款 1.5T DCT优享型 5座 国VI','2019款',37,0);
insert into t_car_model(cm_id , cs_id , cm_name,cm_type ,cm_order , cm_state) values(40524,4797,'2019款 1.5T DCT优享型 6座 国VI','2019款',38,0);
insert into t_car_model(cm_id , cs_id , cm_name,cm_type ,cm_order , cm_state) values(41308,4797,'2019款 1.5T DCT优享型 7座 国VI','2019款',39,0);
insert into t_car_model(cm_id , cs_id , cm_name,cm_type ,cm_order , cm_state) values(40526,4797,'2019款 1.5T DCT悦享型 5座 国VI','2019款',40,0);
insert into t_car_model(cm_id , cs_id , cm_name,cm_type ,cm_order , cm_state) values(40527,4797,'2019款 1.5T DCT悦享型 6座 国VI','2019款',41,0);
insert into t_car_model(cm_id , cs_id , cm_name,cm_type ,cm_order , cm_state) values(41309,4797,'2019款 1.5T DCT悦享型 7座 国VI','2019款',42,0);
insert into t_car_model(cm_id , cs_id , cm_name,cm_type ,cm_order , cm_state) values(40529,4797,'2019款 1.5T DCT智享型 5座 国VI','2019款',43,0);
insert into t_car_model(cm_id , cs_id , cm_name,cm_type ,cm_order , cm_state) values(40530,4797,'2019款 1.5T DCT智享型 6座 国VI','2019款',44,0);
insert into t_car_model(cm_id , cs_id , cm_name,cm_type ,cm_order , cm_state) values(41310,4797,'2019款 1.5T DCT智享型 7座 国VI','2019款',45,0);
insert into t_car_model(cm_id , cs_id , cm_name,cm_type ,cm_order , cm_state) values(40532,4797,'2019款 1.5T DCT尊享型 5座 国VI','2019款',46,0);
insert into t_car_model(cm_id , cs_id , cm_name,cm_type ,cm_order , cm_state) values(40533,4797,'2019款 1.5T DCT尊享型 6座 国VI','2019款',47,0);
insert into t_car_model(cm_id , cs_id , cm_name,cm_type ,cm_order , cm_state) values(41311,4797,'2019款 1.5T DCT尊享型 7座 国VI','2019款',48,0);
insert into t_car_model(cm_id , cs_id , cm_name,cm_type ,cm_order , cm_state) values(41972,4797,'2019款 1.6T DCT悦旅版 5座 国VI','2019款',49,0);
insert into t_car_model(cm_id , cs_id , cm_name,cm_type ,cm_order , cm_state) values(41973,4797,'2019款 1.6T DCT悦旅版 6座 国VI','2019款',50,0);
insert into t_car_model(cm_id , cs_id , cm_name,cm_type ,cm_order , cm_state) values(41974,4797,'2019款 1.6T DCT悦旅版 7座 国VI','2019款',51,0);
insert into t_car_model(cm_id , cs_id , cm_name,cm_type ,cm_order , cm_state) values(41975,4797,'2019款 1.6T DCT智旅版 5座 国VI','2019款',52,0);
insert into t_car_model(cm_id , cs_id , cm_name,cm_type ,cm_order , cm_state) values(41976,4797,'2019款 1.6T DCT智旅版 6座 国VI','2019款',53,0);
insert into t_car_model(cm_id , cs_id , cm_name,cm_type ,cm_order , cm_state) values(41977,4797,'2019款 1.6T DCT智旅版 7座 国VI','2019款',54,0);
insert into t_car_model(cm_id , cs_id , cm_name,cm_type ,cm_order , cm_state) values(41978,4797,'2019款 1.6T DCT尊旅版 5座 国VI','2019款',55,0);
insert into t_car_model(cm_id , cs_id , cm_name,cm_type ,cm_order , cm_state) values(41979,4797,'2019款 1.6T DCT尊旅版 6座 国VI','2019款',56,0);
insert into t_car_model(cm_id , cs_id , cm_name,cm_type ,cm_order , cm_state) values(41980,4797,'2019款 1.6T DCT尊旅版 7座 国VI','2019款',57,0);
insert into t_car_model(cm_id , cs_id , cm_name,cm_type ,cm_order , cm_state) values(41981,4797,'2019款 1.6T DCT耀旅版 5座 国VI','2019款',58,0);
insert into t_car_model(cm_id , cs_id , cm_name,cm_type ,cm_order , cm_state) values(41271,4797,'2019款 1.6T DCT耀旅版 6座 国VI','2019款',59,0);
insert into t_car_model(cm_id , cs_id , cm_name,cm_type ,cm_order , cm_state) values(41982,4797,'2019款 1.6T DCT耀旅版 7座 国VI','2019款',60,0);
insert into t_car_model(cm_id , cs_id , cm_name,cm_type ,cm_order , cm_state) values(37498,4797,'2019款 1.6T DCT智享型 5座 国V','2019款',61,0);
insert into t_car_model(cm_id , cs_id , cm_name,cm_type ,cm_order , cm_state) values(37529,4797,'2019款 1.6T DCT智享型 6座 国V','2019款',62,0);
insert into t_car_model(cm_id , cs_id , cm_name,cm_type ,cm_order , cm_state) values(37530,4797,'2019款 1.6T DCT智享型 7座 国V','2019款',63,0);
insert into t_car_model(cm_id , cs_id , cm_name,cm_type ,cm_order , cm_state) values(34425,4797,'2019款 1.6T DCT尊享型 5座 国V','2019款',64,0);
insert into t_car_model(cm_id , cs_id , cm_name,cm_type ,cm_order , cm_state) values(37531,4797,'2019款 1.6T DCT尊享型 6座 国V','2019款',65,0);
insert into t_car_model(cm_id , cs_id , cm_name,cm_type ,cm_order , cm_state) values(37532,4797,'2019款 1.6T DCT尊享型 7座 国V','2019款',66,0);
insert into t_car_brand_factory(cbf_id , cb_id , cbf_name ,cbf_letter) values(405,319,'奇瑞新能源','Q');
insert into t_car_series(cs_id,cbf_id,cs_name,cs_order,cs_letter) values(5255,405,'捷途X70S EV',2109,'J');
insert into t_car_model(cm_id , cs_id , cm_name,cm_type ,cm_order , cm_state) values(41489,5255,'2019款 E动版','2019款',1,0);
insert into t_car_model(cm_id , cs_id , cm_name,cm_type ,cm_order , cm_state) values(41490,5255,'2019款 E劲版','2019款',2,0);
insert into t_car_model(cm_id , cs_id , cm_name,cm_type ,cm_order , cm_state) values(38772,5255,'2019款 E智版','2019款',3,0);
