insert into t_car_brand_factory(cbf_id , cb_id , cbf_name ,cbf_letter) values(162,67,'上汽斯柯达','S');
insert into t_car_series(cs_id,cbf_id,cs_name,cs_order,cs_letter) values(382,162,'晶锐',3389,'J');
insert into t_car_model(cm_id , cs_id , cm_name,cm_type ,cm_order , cm_state) values(29038,382,'2017款 1.4L 手动前行版','2017款',1,0);
insert into t_car_model(cm_id , cs_id , cm_name,cm_type ,cm_order , cm_state) values(29039,382,'2017款 1.4L 自动前行版','2017款',2,0);
insert into t_car_model(cm_id , cs_id , cm_name,cm_type ,cm_order , cm_state) values(29040,382,'2017款 1.4L 手动车享版','2017款',3,0);
insert into t_car_model(cm_id , cs_id , cm_name,cm_type ,cm_order , cm_state) values(29041,382,'2017款 1.4L 自动车享版','2017款',4,0);
insert into t_car_model(cm_id , cs_id , cm_name,cm_type ,cm_order , cm_state) values(29042,382,'2017款 1.4L 手动创行版','2017款',5,0);
insert into t_car_model(cm_id , cs_id , cm_name,cm_type ,cm_order , cm_state) values(29043,382,'2017款 1.4L 自动创行版','2017款',6,0);
insert into t_car_model(cm_id , cs_id , cm_name,cm_type ,cm_order , cm_state) values(29044,382,'2017款 1.6L 自动创行版','2017款',7,0);
insert into t_car_model(cm_id , cs_id , cm_name,cm_type ,cm_order , cm_state) values(29046,382,'2017款 1.6L 自动运动版','2017款',8,0);
insert into t_car_model(cm_id , cs_id , cm_name,cm_type ,cm_order , cm_state) values(29047,382,'2017款 1.6L 自动智行版','2017款',9,0);
insert into t_car_model(cm_id , cs_id , cm_name,cm_type ,cm_order , cm_state) values(26113,382,'2016款 1.4L 自动车享版','2016款',1,0);
insert into t_car_model(cm_id , cs_id , cm_name,cm_type ,cm_order , cm_state) values(22440,382,'2015款 1.4L 手动前行版','2015款',1,0);
insert into t_car_model(cm_id , cs_id , cm_name,cm_type ,cm_order , cm_state) values(22441,382,'2015款 1.4L 自动前行版','2015款',2,0);
insert into t_car_model(cm_id , cs_id , cm_name,cm_type ,cm_order , cm_state) values(22442,382,'2015款 1.4L 手动创行版','2015款',3,0);
insert into t_car_model(cm_id , cs_id , cm_name,cm_type ,cm_order , cm_state) values(22341,382,'2015款 1.4L 自动创行版','2015款',4,0);
insert into t_car_model(cm_id , cs_id , cm_name,cm_type ,cm_order , cm_state) values(22444,382,'2015款 1.6L 自动创行版','2015款',5,0);
insert into t_car_model(cm_id , cs_id , cm_name,cm_type ,cm_order , cm_state) values(22443,382,'2015款 1.6L 手动运动版','2015款',6,0);
insert into t_car_model(cm_id , cs_id , cm_name,cm_type ,cm_order , cm_state) values(22203,382,'2015款 1.6L 自动运动版','2015款',7,0);
insert into t_car_model(cm_id , cs_id , cm_name,cm_type ,cm_order , cm_state) values(22312,382,'2015款 1.6L 自动智行版','2015款',8,0);
insert into t_car_model(cm_id , cs_id , cm_name,cm_type ,cm_order , cm_state) values(16705,382,'2014款 1.4L 手动晶致版','2014款',1,0);
insert into t_car_model(cm_id , cs_id , cm_name,cm_type ,cm_order , cm_state) values(16706,382,'2014款 1.4L 自动晶致版','2014款',2,0);
insert into t_car_model(cm_id , cs_id , cm_name,cm_type ,cm_order , cm_state) values(16707,382,'2014款 1.4L 手动晶灵版','2014款',3,0);
insert into t_car_model(cm_id , cs_id , cm_name,cm_type ,cm_order , cm_state) values(16708,382,'2014款 1.4L 自动晶灵版','2014款',4,0);
insert into t_car_model(cm_id , cs_id , cm_name,cm_type ,cm_order , cm_state) values(16709,382,'2014款 1.6L 自动晶享版','2014款',5,0);
insert into t_car_model(cm_id , cs_id , cm_name,cm_type ,cm_order , cm_state) values(16712,382,'2014款 1.6L 手动Sport版','2014款',6,0);
insert into t_car_model(cm_id , cs_id , cm_name,cm_type ,cm_order , cm_state) values(16714,382,'2014款 1.6L 自动Sport版','2014款',7,0);
insert into t_car_model(cm_id , cs_id , cm_name,cm_type ,cm_order , cm_state) values(16710,382,'2014款 1.6L 自动Monte carlo版','2014款',8,0);
insert into t_car_model(cm_id , cs_id , cm_name,cm_type ,cm_order , cm_state) values(16711,382,'2014款 1.6L Scout','2014款',9,0);
insert into t_car_model(cm_id , cs_id , cm_name,cm_type ,cm_order , cm_state) values(11131,382,'2012款 1.4L 手动晶致版','2012款',1,0);
insert into t_car_model(cm_id , cs_id , cm_name,cm_type ,cm_order , cm_state) values(11132,382,'2012款 1.4L 自动晶致版','2012款',2,0);
insert into t_car_model(cm_id , cs_id , cm_name,cm_type ,cm_order , cm_state) values(11133,382,'2012款 1.4L 手动晶灵版','2012款',3,0);
insert into t_car_model(cm_id , cs_id , cm_name,cm_type ,cm_order , cm_state) values(11134,382,'2012款 1.4L 自动晶灵版','2012款',4,0);
insert into t_car_model(cm_id , cs_id , cm_name,cm_type ,cm_order , cm_state) values(11124,382,'2012款 1.6L 自动晶享版','2012款',5,0);
insert into t_car_model(cm_id , cs_id , cm_name,cm_type ,cm_order , cm_state) values(11135,382,'2012款 1.6L 手动酷黑版','2012款',6,0);
insert into t_car_model(cm_id , cs_id , cm_name,cm_type ,cm_order , cm_state) values(11136,382,'2012款 1.6L 自动酷黑版','2012款',7,0);
insert into t_car_model(cm_id , cs_id , cm_name,cm_type ,cm_order , cm_state) values(13313,382,'2012款 1.6L 五周年典藏版','2012款',8,0);
insert into t_car_model(cm_id , cs_id , cm_name,cm_type ,cm_order , cm_state) values(13762,382,'2012款 1.6L 手动Sport版','2012款',9,0);
insert into t_car_model(cm_id , cs_id , cm_name,cm_type ,cm_order , cm_state) values(13763,382,'2012款 1.6L 自动Sport版','2012款',10,0);
insert into t_car_model(cm_id , cs_id , cm_name,cm_type ,cm_order , cm_state) values(11421,382,'2012款 1.6L Scout','2012款',11,0);
insert into t_car_model(cm_id , cs_id , cm_name,cm_type ,cm_order , cm_state) values(8123,382,'2011款 1.4L 手动晶致版','2011款',1,0);
insert into t_car_model(cm_id , cs_id , cm_name,cm_type ,cm_order , cm_state) values(8124,382,'2011款 1.4L 自动晶致版','2011款',2,0);
insert into t_car_model(cm_id , cs_id , cm_name,cm_type ,cm_order , cm_state) values(8118,382,'2011款 1.4L 手动晶灵版','2011款',3,0);
insert into t_car_model(cm_id , cs_id , cm_name,cm_type ,cm_order , cm_state) values(8119,382,'2011款 1.4L 自动晶灵版','2011款',4,0);
insert into t_car_model(cm_id , cs_id , cm_name,cm_type ,cm_order , cm_state) values(10457,382,'2011款 1.4L 手动酷炫版','2011款',5,0);
insert into t_car_model(cm_id , cs_id , cm_name,cm_type ,cm_order , cm_state) values(10458,382,'2011款 1.4L 自动酷炫版','2011款',6,0);
insert into t_car_model(cm_id , cs_id , cm_name,cm_type ,cm_order , cm_state) values(8120,382,'2011款 1.6L 自动晶灵版','2011款',7,0);
insert into t_car_model(cm_id , cs_id , cm_name,cm_type ,cm_order , cm_state) values(8125,382,'2011款 1.6L 自动晶享版','2011款',8,0);
insert into t_car_model(cm_id , cs_id , cm_name,cm_type ,cm_order , cm_state) values(8121,382,'2011款 1.6L 手动酷黑版','2011款',9,0);
insert into t_car_model(cm_id , cs_id , cm_name,cm_type ,cm_order , cm_state) values(7710,382,'2011款 1.6L 自动酷黑版','2011款',10,0);
insert into t_car_model(cm_id , cs_id , cm_name,cm_type ,cm_order , cm_state) values(5583,382,'2009款 1.4L 自动晶致版','2009款',1,0);
insert into t_car_model(cm_id , cs_id , cm_name,cm_type ,cm_order , cm_state) values(5584,382,'2009款 1.4L 自动晶灵版','2009款',2,0);
insert into t_car_model(cm_id , cs_id , cm_name,cm_type ,cm_order , cm_state) values(5585,382,'2009款 1.6L 自动晶灵版','2009款',3,0);
insert into t_car_model(cm_id , cs_id , cm_name,cm_type ,cm_order , cm_state) values(4292,382,'2008款 1.4L 手动晶致版','2008款',1,0);
insert into t_car_model(cm_id , cs_id , cm_name,cm_type ,cm_order , cm_state) values(4681,382,'2008款 1.4L 手动晶灵版','2008款',2,0);
insert into t_car_model(cm_id , cs_id , cm_name,cm_type ,cm_order , cm_state) values(4683,382,'2008款 1.4L 自动晶享版','2008款',3,0);
insert into t_car_model(cm_id , cs_id , cm_name,cm_type ,cm_order , cm_state) values(4682,382,'2008款 1.6L 手动晶灵版','2008款',4,0);
insert into t_car_model(cm_id , cs_id , cm_name,cm_type ,cm_order , cm_state) values(4684,382,'2008款 1.6L 自动晶享版','2008款',5,0);
insert into t_car_series(cs_id,cbf_id,cs_name,cs_order,cs_letter) values(519,162,'明锐',3390,'M');
insert into t_car_model(cm_id , cs_id , cm_name,cm_type ,cm_order , cm_state) values(35986,519,'2019款 1.5L 手动标准版 国V','2019款',1,0);
insert into t_car_model(cm_id , cs_id , cm_name,cm_type ,cm_order , cm_state) values(38250,519,'2019款 1.5L 手动标准版 国VI','2019款',2,0);
insert into t_car_model(cm_id , cs_id , cm_name,cm_type ,cm_order , cm_state) values(38038,519,'2019款 1.5L 手动智行舒适版 国V','2019款',3,0);
insert into t_car_model(cm_id , cs_id , cm_name,cm_type ,cm_order , cm_state) values(38251,519,'2019款 1.5L 手动智行舒适版 国VI','2019款',4,0);
insert into t_car_model(cm_id , cs_id , cm_name,cm_type ,cm_order , cm_state) values(38039,519,'2019款 1.5L 自动智行舒适版 国V','2019款',5,0);
insert into t_car_model(cm_id , cs_id , cm_name,cm_type ,cm_order , cm_state) values(38252,519,'2019款 1.5L 自动智行舒适版 国VI','2019款',6,0);
insert into t_car_model(cm_id , cs_id , cm_name,cm_type ,cm_order , cm_state) values(38040,519,'2019款 TSI230 DSG智行舒适版 国V','2019款',7,0);
insert into t_car_model(cm_id , cs_id , cm_name,cm_type ,cm_order , cm_state) values(39134,519,'2019款 TSI230 DSG智行舒适版 国VI','2019款',8,0);
insert into t_car_model(cm_id , cs_id , cm_name,cm_type ,cm_order , cm_state) values(38041,519,'2019款 1.5L 手动智行豪华版 国V','2019款',9,0);
insert into t_car_model(cm_id , cs_id , cm_name,cm_type ,cm_order , cm_state) values(38257,519,'2019款 1.5L 手动智行豪华版 国VI','2019款',10,0);
insert into t_car_model(cm_id , cs_id , cm_name,cm_type ,cm_order , cm_state) values(38042,519,'2019款 1.5L 自动智行豪华版 国V','2019款',11,0);
insert into t_car_model(cm_id , cs_id , cm_name,cm_type ,cm_order , cm_state) values(38260,519,'2019款 1.5L 自动智行豪华版 国VI','2019款',12,0);
insert into t_car_model(cm_id , cs_id , cm_name,cm_type ,cm_order , cm_state) values(38043,519,'2019款 TSI230 DSG智行豪华版 国V','2019款',13,0);
insert into t_car_model(cm_id , cs_id , cm_name,cm_type ,cm_order , cm_state) values(39135,519,'2019款 TSI230 DSG智行豪华版 国VI','2019款',14,0);
insert into t_car_model(cm_id , cs_id , cm_name,cm_type ,cm_order , cm_state) values(38044,519,'2019款 TSI280 DSG智行豪华版 国V','2019款',15,0);
insert into t_car_model(cm_id , cs_id , cm_name,cm_type ,cm_order , cm_state) values(37944,519,'2019款 TSI280 DSG智行豪华版 国VI','2019款',16,0);
insert into t_car_model(cm_id , cs_id , cm_name,cm_type ,cm_order , cm_state) values(38045,519,'2019款 TSI280 DSG智行旗舰版 国V','2019款',17,0);
insert into t_car_model(cm_id , cs_id , cm_name,cm_type ,cm_order , cm_state) values(37945,519,'2019款 TSI280 DSG智行旗舰版 国VI','2019款',18,0);
insert into t_car_model(cm_id , cs_id , cm_name,cm_type ,cm_order , cm_state) values(37946,519,'2019款 旅行车 TSI230 DSG舒适版 国V','2019款',19,0);
insert into t_car_model(cm_id , cs_id , cm_name,cm_type ,cm_order , cm_state) values(39197,519,'2019款 旅行车 TSI230 DSG舒适版 国VI','2019款',20,0);
insert into t_car_model(cm_id , cs_id , cm_name,cm_type ,cm_order , cm_state) values(37947,519,'2019款 旅行车 TSI230 DSG豪华版 国V','2019款',21,0);
insert into t_car_model(cm_id , cs_id , cm_name,cm_type ,cm_order , cm_state) values(39198,519,'2019款 旅行车 TSI230 DSG豪华版 国VI','2019款',22,0);
insert into t_car_model(cm_id , cs_id , cm_name,cm_type ,cm_order , cm_state) values(37948,519,'2019款 旅行车 TSI280 DSG豪华版 国V','2019款',23,0);
insert into t_car_model(cm_id , cs_id , cm_name,cm_type ,cm_order , cm_state) values(37949,519,'2019款 旅行车 TSI280 DSG豪华版 国VI','2019款',24,0);
insert into t_car_model(cm_id , cs_id , cm_name,cm_type ,cm_order , cm_state) values(37950,519,'2019款 旅行车 TSI280 DSG旗舰版 国V','2019款',25,0);
insert into t_car_model(cm_id , cs_id , cm_name,cm_type ,cm_order , cm_state) values(37951,519,'2019款 旅行车 TSI280 DSG旗舰版 国VI','2019款',26,0);
insert into t_car_model(cm_id , cs_id , cm_name,cm_type ,cm_order , cm_state) values(35987,519,'2019款 1.5L 手动舒适版','2019款',27,0);
insert into t_car_model(cm_id , cs_id , cm_name,cm_type ,cm_order , cm_state) values(35988,519,'2019款 1.5L 自动舒适版','2019款',28,0);
insert into t_car_model(cm_id , cs_id , cm_name,cm_type ,cm_order , cm_state) values(35989,519,'2019款 TSI230 DSG舒适版','2019款',29,0);
insert into t_car_model(cm_id , cs_id , cm_name,cm_type ,cm_order , cm_state) values(35990,519,'2019款 1.5L 手动豪华版','2019款',30,0);
insert into t_car_model(cm_id , cs_id , cm_name,cm_type ,cm_order , cm_state) values(35991,519,'2019款 1.5L 自动豪华版','2019款',31,0);
insert into t_car_model(cm_id , cs_id , cm_name,cm_type ,cm_order , cm_state) values(35992,519,'2019款 TSI230 DSG豪华版','2019款',32,0);
insert into t_car_model(cm_id , cs_id , cm_name,cm_type ,cm_order , cm_state) values(35993,519,'2019款 TSI280 DSG豪华版','2019款',33,0);
insert into t_car_model(cm_id , cs_id , cm_name,cm_type ,cm_order , cm_state) values(35994,519,'2019款 TSI280 DSG旗舰版','2019款',34,0);
insert into t_car_model(cm_id , cs_id , cm_name,cm_type ,cm_order , cm_state) values(31310,519,'2018款 1.6L 手动标准版','2018款',1,0);
insert into t_car_model(cm_id , cs_id , cm_name,cm_type ,cm_order , cm_state) values(31311,519,'2018款 1.6L 手动舒适版','2018款',2,0);
insert into t_car_model(cm_id , cs_id , cm_name,cm_type ,cm_order , cm_state) values(32173,519,'2018款 1.6L 自动舒适版','2018款',3,0);
insert into t_car_model(cm_id , cs_id , cm_name,cm_type ,cm_order , cm_state) values(32174,519,'2018款 1.6L 自动豪华版','2018款',4,0);
insert into t_car_model(cm_id , cs_id , cm_name,cm_type ,cm_order , cm_state) values(31312,519,'2018款 TSI230 DSG舒适版','2018款',5,0);
insert into t_car_model(cm_id , cs_id , cm_name,cm_type ,cm_order , cm_state) values(31313,519,'2018款 TSI230 DSG豪华版','2018款',6,0);
insert into t_car_model(cm_id , cs_id , cm_name,cm_type ,cm_order , cm_state) values(34864,519,'2018款 TSI230 DSG豪华优享版','2018款',7,0);
insert into t_car_model(cm_id , cs_id , cm_name,cm_type ,cm_order , cm_state) values(31314,519,'2018款 TSI230 DSG旗舰版','2018款',8,0);
insert into t_car_model(cm_id , cs_id , cm_name,cm_type ,cm_order , cm_state) values(31315,519,'2018款 TSI280 DSG豪华版','2018款',9,0);
insert into t_car_model(cm_id , cs_id , cm_name,cm_type ,cm_order , cm_state) values(31113,519,'2018款 TSI280 DSG旗舰版','2018款',10,0);
insert into t_car_model(cm_id , cs_id , cm_name,cm_type ,cm_order , cm_state) values(31285,519,'2018款 旅行车 1.6L 手动标准版','2018款',11,0);
insert into t_car_model(cm_id , cs_id , cm_name,cm_type ,cm_order , cm_state) values(32175,519,'2018款 旅行车 1.6L 自动舒适版','2018款',12,0);
insert into t_car_model(cm_id , cs_id , cm_name,cm_type ,cm_order , cm_state) values(32176,519,'2018款 旅行车 1.6L 自动豪华版','2018款',13,0);
insert into t_car_model(cm_id , cs_id , cm_name,cm_type ,cm_order , cm_state) values(31284,519,'2018款 旅行车 TSI230 DSG舒适版','2018款',14,0);
insert into t_car_model(cm_id , cs_id , cm_name,cm_type ,cm_order , cm_state) values(31283,519,'2018款 旅行车 TSI230 DSG豪华版','2018款',15,0);
insert into t_car_model(cm_id , cs_id , cm_name,cm_type ,cm_order , cm_state) values(31282,519,'2018款 旅行车 TSI280 DSG豪华版','2018款',16,0);
insert into t_car_model(cm_id , cs_id , cm_name,cm_type ,cm_order , cm_state) values(30155,519,'2018款 旅行车 TSI280 DSG旗舰版','2018款',17,0);
insert into t_car_model(cm_id , cs_id , cm_name,cm_type ,cm_order , cm_state) values(26143,519,'2017款 1.6L 手动前行版','2017款',1,0);
insert into t_car_model(cm_id , cs_id , cm_name,cm_type ,cm_order , cm_state) values(26144,519,'2017款 1.6L 自动前行版','2017款',2,0);
insert into t_car_model(cm_id , cs_id , cm_name,cm_type ,cm_order , cm_state) values(26145,519,'2017款 1.6L 手动创行版','2017款',3,0);
insert into t_car_model(cm_id , cs_id , cm_name,cm_type ,cm_order , cm_state) values(25606,519,'2017款 1.6L 自动创行版','2017款',4,0);
insert into t_car_model(cm_id , cs_id , cm_name,cm_type ,cm_order , cm_state) values(25605,519,'2017款 1.6L 手动智行版','2017款',5,0);
insert into t_car_model(cm_id , cs_id , cm_name,cm_type ,cm_order , cm_state) values(25625,519,'2017款 1.6L 自动智行版','2017款',6,0);
insert into t_car_model(cm_id , cs_id , cm_name,cm_type ,cm_order , cm_state) values(26146,519,'2017款 TSI280 DSG智行版','2017款',7,0);
insert into t_car_model(cm_id , cs_id , cm_name,cm_type ,cm_order , cm_state) values(26147,519,'2017款 TSI280 DSG尊行版','2017款',8,0);
insert into t_car_model(cm_id , cs_id , cm_name,cm_type ,cm_order , cm_state) values(31432,519,'2017款 经典款 1.6L 手动标准版','2017款',9,0);
insert into t_car_model(cm_id , cs_id , cm_name,cm_type ,cm_order , cm_state) values(31433,519,'2017款 经典款 1.6L 自动标准版','2017款',10,0);
insert into t_car_model(cm_id , cs_id , cm_name,cm_type ,cm_order , cm_state) values(31434,519,'2017款 经典款 1.6L 手动舒适版','2017款',11,0);
insert into t_car_model(cm_id , cs_id , cm_name,cm_type ,cm_order , cm_state) values(31435,519,'2017款 经典款 1.6L 自动舒适版','2017款',12,0);
insert into t_car_model(cm_id , cs_id , cm_name,cm_type ,cm_order , cm_state) values(23648,519,'2016款 1.6L 手动前行版','2016款',1,0);
insert into t_car_model(cm_id , cs_id , cm_name,cm_type ,cm_order , cm_state) values(23640,519,'2016款 1.6L 自动前行版','2016款',2,0);
insert into t_car_model(cm_id , cs_id , cm_name,cm_type ,cm_order , cm_state) values(23641,519,'2016款 1.6L 手动创行版','2016款',3,0);
insert into t_car_model(cm_id , cs_id , cm_name,cm_type ,cm_order , cm_state) values(23642,519,'2016款 1.6L 自动创行版','2016款',4,0);
insert into t_car_model(cm_id , cs_id , cm_name,cm_type ,cm_order , cm_state) values(23643,519,'2016款 1.6L 手动智行版','2016款',5,0);
insert into t_car_model(cm_id , cs_id , cm_name,cm_type ,cm_order , cm_state) values(23644,519,'2016款 1.6L 自动智行版','2016款',6,0);
insert into t_car_model(cm_id , cs_id , cm_name,cm_type ,cm_order , cm_state) values(23645,519,'2016款 TSI280 DSG前行版','2016款',7,0);
insert into t_car_model(cm_id , cs_id , cm_name,cm_type ,cm_order , cm_state) values(23646,519,'2016款 TSI280 DSG智行版','2016款',8,0);
insert into t_car_model(cm_id , cs_id , cm_name,cm_type ,cm_order , cm_state) values(23613,519,'2016款 TSI280 DSG尊行版','2016款',9,0);
insert into t_car_model(cm_id , cs_id , cm_name,cm_type ,cm_order , cm_state) values(18812,519,'2015款 1.6L 手动逸致版','2015款',1,0);
insert into t_car_model(cm_id , cs_id , cm_name,cm_type ,cm_order , cm_state) values(18813,519,'2015款 1.6L 自动逸致版','2015款',2,0);
insert into t_car_model(cm_id , cs_id , cm_name,cm_type ,cm_order , cm_state) values(18814,519,'2015款 1.6L 手动逸杰版','2015款',3,0);
insert into t_car_model(cm_id , cs_id , cm_name,cm_type ,cm_order , cm_state) values(18815,519,'2015款 1.6L 自动逸杰版','2015款',4,0);
insert into t_car_model(cm_id , cs_id , cm_name,cm_type ,cm_order , cm_state) values(18816,519,'2015款 1.6L 手动逸俊版','2015款',5,0);
insert into t_car_model(cm_id , cs_id , cm_name,cm_type ,cm_order , cm_state) values(18817,519,'2015款 1.6L 自动逸俊版','2015款',6,0);
insert into t_car_model(cm_id , cs_id , cm_name,cm_type ,cm_order , cm_state) values(18818,519,'2015款 1.4TSI DSG逸致版','2015款',7,0);
insert into t_car_model(cm_id , cs_id , cm_name,cm_type ,cm_order , cm_state) values(18819,519,'2015款 1.4TSI 手动逸俊版','2015款',8,0);
insert into t_car_model(cm_id , cs_id , cm_name,cm_type ,cm_order , cm_state) values(18820,519,'2015款 1.4TSI DSG逸俊版','2015款',9,0);
insert into t_car_model(cm_id , cs_id , cm_name,cm_type ,cm_order , cm_state) values(18821,519,'2015款 1.4TSI DSG逸尊版','2015款',10,0);
insert into t_car_model(cm_id , cs_id , cm_name,cm_type ,cm_order , cm_state) values(20491,519,'2015款 经典款 1.6L 手动逸致版','2015款',11,0);
insert into t_car_model(cm_id , cs_id , cm_name,cm_type ,cm_order , cm_state) values(20492,519,'2015款 经典款 1.6L 自动逸致版','2015款',12,0);
insert into t_car_model(cm_id , cs_id , cm_name,cm_type ,cm_order , cm_state) values(20493,519,'2015款 经典款 1.6L 手动逸杰版','2015款',13,0);
insert into t_car_model(cm_id , cs_id , cm_name,cm_type ,cm_order , cm_state) values(20494,519,'2015款 经典款 1.6L 自动逸杰版','2015款',14,0);
insert into t_car_model(cm_id , cs_id , cm_name,cm_type ,cm_order , cm_state) values(16544,519,'2014款 1.6L 手动逸致版','2014款',1,0);
insert into t_car_model(cm_id , cs_id , cm_name,cm_type ,cm_order , cm_state) values(16547,519,'2014款 1.6L 自动逸致版','2014款',2,0);
insert into t_car_model(cm_id , cs_id , cm_name,cm_type ,cm_order , cm_state) values(16546,519,'2014款 1.6L 手动逸杰版','2014款',3,0);
insert into t_car_model(cm_id , cs_id , cm_name,cm_type ,cm_order , cm_state) values(16548,519,'2014款 1.6L 自动逸杰版','2014款',4,0);
insert into t_car_model(cm_id , cs_id , cm_name,cm_type ,cm_order , cm_state) values(16545,519,'2014款 1.6L 手动逸俊版','2014款',5,0);
insert into t_car_model(cm_id , cs_id , cm_name,cm_type ,cm_order , cm_state) values(16549,519,'2014款 1.6L 自动逸俊版','2014款',6,0);
insert into t_car_model(cm_id , cs_id , cm_name,cm_type ,cm_order , cm_state) values(16551,519,'2014款 2.0L 自动逸杰版','2014款',7,0);
insert into t_car_model(cm_id , cs_id , cm_name,cm_type ,cm_order , cm_state) values(16552,519,'2014款 1.4TSI 手动逸俊版','2014款',8,0);
insert into t_car_model(cm_id , cs_id , cm_name,cm_type ,cm_order , cm_state) values(16738,519,'2014款 1.4TSI DSG逸致版','2014款',9,0);
insert into t_car_model(cm_id , cs_id , cm_name,cm_type ,cm_order , cm_state) values(16553,519,'2014款 1.4TSI DSG逸俊版','2014款',10,0);
insert into t_car_model(cm_id , cs_id , cm_name,cm_type ,cm_order , cm_state) values(16555,519,'2014款 1.4TSI DSG逸尊版','2014款',11,0);
insert into t_car_model(cm_id , cs_id , cm_name,cm_type ,cm_order , cm_state) values(16554,519,'2014款 1.4TSI GreenLine','2014款',12,0);
insert into t_car_model(cm_id , cs_id , cm_name,cm_type ,cm_order , cm_state) values(16556,519,'2014款 1.8TSI DSG逸俊版','2014款',13,0);
insert into t_car_model(cm_id , cs_id , cm_name,cm_type ,cm_order , cm_state) values(16557,519,'2014款 1.8TSI DSG逸尊版','2014款',14,0);
insert into t_car_model(cm_id , cs_id , cm_name,cm_type ,cm_order , cm_state) values(13324,519,'2013款 1.6L 手动逸致版','2013款',1,0);
insert into t_car_model(cm_id , cs_id , cm_name,cm_type ,cm_order , cm_state) values(16406,519,'2013款 1.6L 自动逸致版','2013款',2,0);
insert into t_car_model(cm_id , cs_id , cm_name,cm_type ,cm_order , cm_state) values(13325,519,'2013款 1.6L 手动逸杰版','2013款',3,0);
insert into t_car_model(cm_id , cs_id , cm_name,cm_type ,cm_order , cm_state) values(13326,519,'2013款 1.6L 自动逸杰版','2013款',4,0);
insert into t_car_model(cm_id , cs_id , cm_name,cm_type ,cm_order , cm_state) values(13327,519,'2013款 1.6L 手动逸俊版','2013款',5,0);
insert into t_car_model(cm_id , cs_id , cm_name,cm_type ,cm_order , cm_state) values(13328,519,'2013款 1.6L 自动逸俊版','2013款',6,0);
insert into t_car_model(cm_id , cs_id , cm_name,cm_type ,cm_order , cm_state) values(13314,519,'2013款 1.6L 五周年典藏版','2013款',7,0);
insert into t_car_model(cm_id , cs_id , cm_name,cm_type ,cm_order , cm_state) values(13329,519,'2013款 2.0L 手动逸杰版','2013款',8,0);
insert into t_car_model(cm_id , cs_id , cm_name,cm_type ,cm_order , cm_state) values(13330,519,'2013款 2.0L 自动逸杰版','2013款',9,0);
insert into t_car_model(cm_id , cs_id , cm_name,cm_type ,cm_order , cm_state) values(13331,519,'2013款 1.4TSI 手动逸俊版','2013款',10,0);
insert into t_car_model(cm_id , cs_id , cm_name,cm_type ,cm_order , cm_state) values(13332,519,'2013款 1.4TSI DSG逸俊版','2013款',11,0);
insert into t_car_model(cm_id , cs_id , cm_name,cm_type ,cm_order , cm_state) values(13333,519,'2013款 1.4TSI DSG逸尊版','2013款',12,0);
insert into t_car_model(cm_id , cs_id , cm_name,cm_type ,cm_order , cm_state) values(13385,519,'2013款 1.4TSI GreenLine2','2013款',13,0);
insert into t_car_model(cm_id , cs_id , cm_name,cm_type ,cm_order , cm_state) values(13334,519,'2013款 1.8TSI DSG逸俊版','2013款',14,0);
insert into t_car_model(cm_id , cs_id , cm_name,cm_type ,cm_order , cm_state) values(13335,519,'2013款 1.8TSI DSG逸尊版','2013款',15,0);
insert into t_car_model(cm_id , cs_id , cm_name,cm_type ,cm_order , cm_state) values(10702,519,'2012款 1.6L 手动逸致版','2012款',1,0);
insert into t_car_model(cm_id , cs_id , cm_name,cm_type ,cm_order , cm_state) values(10696,519,'2012款 1.6L 手动逸杰版','2012款',2,0);
insert into t_car_model(cm_id , cs_id , cm_name,cm_type ,cm_order , cm_state) values(10697,519,'2012款 1.6L 自动逸杰版','2012款',3,0);
insert into t_car_model(cm_id , cs_id , cm_name,cm_type ,cm_order , cm_state) values(10703,519,'2012款 1.6L 手动逸俊版','2012款',4,0);
insert into t_car_model(cm_id , cs_id , cm_name,cm_type ,cm_order , cm_state) values(10704,519,'2012款 1.6L 自动逸俊版','2012款',5,0);
insert into t_car_model(cm_id , cs_id , cm_name,cm_type ,cm_order , cm_state) values(10698,519,'2012款 2.0L 手动逸杰版','2012款',6,0);
insert into t_car_model(cm_id , cs_id , cm_name,cm_type ,cm_order , cm_state) values(10699,519,'2012款 2.0L 自动逸杰版','2012款',7,0);
insert into t_car_model(cm_id , cs_id , cm_name,cm_type ,cm_order , cm_state) values(10705,519,'2012款 1.4TSI 手动逸俊版','2012款',8,0);
insert into t_car_model(cm_id , cs_id , cm_name,cm_type ,cm_order , cm_state) values(10706,519,'2012款 1.4TSI DSG逸俊版','2012款',9,0);
insert into t_car_model(cm_id , cs_id , cm_name,cm_type ,cm_order , cm_state) values(10707,519,'2012款 1.4TSI DSG逸尊版','2012款',10,0);
insert into t_car_model(cm_id , cs_id , cm_name,cm_type ,cm_order , cm_state) values(10708,519,'2012款 1.8TSI DSG逸俊版','2012款',11,0);
insert into t_car_model(cm_id , cs_id , cm_name,cm_type ,cm_order , cm_state) values(10709,519,'2012款 1.8TSI DSG逸尊版','2012款',12,0);
insert into t_car_model(cm_id , cs_id , cm_name,cm_type ,cm_order , cm_state) values(7709,519,'2010款 2.0TSI RS','2010款',1,0);
insert into t_car_model(cm_id , cs_id , cm_name,cm_type ,cm_order , cm_state) values(7490,519,'2010款 1.6L 手动逸致版','2010款',2,0);
insert into t_car_model(cm_id , cs_id , cm_name,cm_type ,cm_order , cm_state) values(7498,519,'2010款 1.6L 自动逸致版','2010款',3,0);
insert into t_car_model(cm_id , cs_id , cm_name,cm_type ,cm_order , cm_state) values(7499,519,'2010款 1.6L 手动逸俊版','2010款',4,0);
insert into t_car_model(cm_id , cs_id , cm_name,cm_type ,cm_order , cm_state) values(7500,519,'2010款 1.6L 自动逸俊版','2010款',5,0);
insert into t_car_model(cm_id , cs_id , cm_name,cm_type ,cm_order , cm_state) values(7501,519,'2010款 1.6L 自动逸尊版','2010款',6,0);
insert into t_car_model(cm_id , cs_id , cm_name,cm_type ,cm_order , cm_state) values(7475,519,'2010款 2.0L 手动逸俊版','2010款',7,0);
insert into t_car_model(cm_id , cs_id , cm_name,cm_type ,cm_order , cm_state) values(7474,519,'2010款 2.0L 自动逸俊版','2010款',8,0);
insert into t_car_model(cm_id , cs_id , cm_name,cm_type ,cm_order , cm_state) values(7502,519,'2010款 1.4TSI 手动逸俊版','2010款',9,0);
insert into t_car_model(cm_id , cs_id , cm_name,cm_type ,cm_order , cm_state) values(8023,519,'2010款 1.4TSI GreenLine','2010款',10,0);
insert into t_car_model(cm_id , cs_id , cm_name,cm_type ,cm_order , cm_state) values(7503,519,'2010款 1.4TSI DSG逸俊版','2010款',11,0);
insert into t_car_model(cm_id , cs_id , cm_name,cm_type ,cm_order , cm_state) values(7504,519,'2010款 1.4TSI DSG逸尊版','2010款',12,0);
insert into t_car_model(cm_id , cs_id , cm_name,cm_type ,cm_order , cm_state) values(7470,519,'2010款 1.8TSI DSG逸俊版','2010款',13,0);
insert into t_car_model(cm_id , cs_id , cm_name,cm_type ,cm_order , cm_state) values(7505,519,'2010款 1.8TSI DSG逸尊版','2010款',14,0);
insert into t_car_model(cm_id , cs_id , cm_name,cm_type ,cm_order , cm_state) values(5085,519,'2009款 1.6L 手动逸致版','2009款',1,0);
insert into t_car_model(cm_id , cs_id , cm_name,cm_type ,cm_order , cm_state) values(5086,519,'2009款 1.6L 自动逸致版','2009款',2,0);
insert into t_car_model(cm_id , cs_id , cm_name,cm_type ,cm_order , cm_state) values(5087,519,'2009款 1.6L 手动逸仕版','2009款',3,0);
insert into t_car_model(cm_id , cs_id , cm_name,cm_type ,cm_order , cm_state) values(5088,519,'2009款 1.6L 自动逸仕版','2009款',4,0);
insert into t_car_model(cm_id , cs_id , cm_name,cm_type ,cm_order , cm_state) values(5581,519,'2009款 1.6L 手动逸尊版','2009款',5,0);
insert into t_car_model(cm_id , cs_id , cm_name,cm_type ,cm_order , cm_state) values(5582,519,'2009款 1.6L 自动逸尊版','2009款',6,0);
insert into t_car_model(cm_id , cs_id , cm_name,cm_type ,cm_order , cm_state) values(5089,519,'2009款 2.0L 手动逸仕版','2009款',7,0);
insert into t_car_model(cm_id , cs_id , cm_name,cm_type ,cm_order , cm_state) values(5090,519,'2009款 2.0L 自动逸仕版','2009款',8,0);
insert into t_car_model(cm_id , cs_id , cm_name,cm_type ,cm_order , cm_state) values(5091,519,'2009款 1.8TSI 自动逸仕版','2009款',9,0);
insert into t_car_model(cm_id , cs_id , cm_name,cm_type ,cm_order , cm_state) values(5092,519,'2009款 1.8TSI 自动逸尊版','2009款',10,0);
insert into t_car_model(cm_id , cs_id , cm_name,cm_type ,cm_order , cm_state) values(3973,519,'2008款 2.0L 手动逸致版','2008款',1,0);
insert into t_car_model(cm_id , cs_id , cm_name,cm_type ,cm_order , cm_state) values(2914,519,'2008款 2.0L 手动逸仕版','2008款',2,0);
insert into t_car_model(cm_id , cs_id , cm_name,cm_type ,cm_order , cm_state) values(6750,519,'2008款 2.0L 手动奥运版','2008款',3,0);
insert into t_car_model(cm_id , cs_id , cm_name,cm_type ,cm_order , cm_state) values(4603,519,'2008款 1.8T 手动夺金版','2008款',4,0);
insert into t_car_model(cm_id , cs_id , cm_name,cm_type ,cm_order , cm_state) values(3585,519,'2008款 1.8T 逸尊DVD导航版','2008款',5,0);
insert into t_car_model(cm_id , cs_id , cm_name,cm_type ,cm_order , cm_state) values(3005,519,'2007款 1.6L 手动逸致版','2007款',1,0);
insert into t_car_model(cm_id , cs_id , cm_name,cm_type ,cm_order , cm_state) values(3153,519,'2007款 1.6L 自动逸致版','2007款',2,0);
insert into t_car_model(cm_id , cs_id , cm_name,cm_type ,cm_order , cm_state) values(3154,519,'2007款 1.6L 手动逸仕版','2007款',3,0);
insert into t_car_model(cm_id , cs_id , cm_name,cm_type ,cm_order , cm_state) values(3152,519,'2007款 1.6L 自动逸仕版','2007款',4,0);
insert into t_car_model(cm_id , cs_id , cm_name,cm_type ,cm_order , cm_state) values(2912,519,'2007款 1.8T 自动逸仕版','2007款',5,0);
insert into t_car_model(cm_id , cs_id , cm_name,cm_type ,cm_order , cm_state) values(2901,519,'2007款 1.8T 自动逸尊版','2007款',6,0);
insert into t_car_model(cm_id , cs_id , cm_name,cm_type ,cm_order , cm_state) values(2913,519,'2007款 2.0L 自动逸仕版','2007款',7,0);
insert into t_car_series(cs_id,cbf_id,cs_name,cs_order,cs_letter) values(3290,162,'昕动',3391,'X');
insert into t_car_model(cm_id , cs_id , cm_name,cm_type ,cm_order , cm_state) values(40755,3290,'2019款 改款 1.5L 手动入门版 国V','2019款',1,0);
insert into t_car_model(cm_id , cs_id , cm_name,cm_type ,cm_order , cm_state) values(40747,3290,'2019款 改款 1.5L 手动入门版 国VI','2019款',2,0);
insert into t_car_model(cm_id , cs_id , cm_name,cm_type ,cm_order , cm_state) values(40756,3290,'2019款 改款 1.5L 手动标准版 国V','2019款',3,0);
insert into t_car_model(cm_id , cs_id , cm_name,cm_type ,cm_order , cm_state) values(40748,3290,'2019款 改款 1.5L 手动标准版 国VI','2019款',4,0);
insert into t_car_model(cm_id , cs_id , cm_name,cm_type ,cm_order , cm_state) values(40757,3290,'2019款 改款 1.5L 自动标准版 国V','2019款',5,0);
insert into t_car_model(cm_id , cs_id , cm_name,cm_type ,cm_order , cm_state) values(40749,3290,'2019款 改款 1.5L 自动标准版 国VI','2019款',6,0);
insert into t_car_model(cm_id , cs_id , cm_name,cm_type ,cm_order , cm_state) values(40758,3290,'2019款 改款  1.5L 手动舒适版 国V','2019款',7,0);
insert into t_car_model(cm_id , cs_id , cm_name,cm_type ,cm_order , cm_state) values(40750,3290,'2019款 改款 1.5L 手动舒适版 国VI','2019款',8,0);
insert into t_car_model(cm_id , cs_id , cm_name,cm_type ,cm_order , cm_state) values(40759,3290,'2019款 改款  1.5L 自动舒适版 国V','2019款',9,0);
insert into t_car_model(cm_id , cs_id , cm_name,cm_type ,cm_order , cm_state) values(40751,3290,'2019款 改款 1.5L 自动舒适版 国VI','2019款',10,0);
insert into t_car_model(cm_id , cs_id , cm_name,cm_type ,cm_order , cm_state) values(37196,3290,'2019款 1.5L 自动运动版 国V','2019款',11,0);
insert into t_car_model(cm_id , cs_id , cm_name,cm_type ,cm_order , cm_state) values(40752,3290,'2019款 1.5L 自动运动版 国VI','2019款',12,0);
insert into t_car_model(cm_id , cs_id , cm_name,cm_type ,cm_order , cm_state) values(37191,3290,'2019款 1.5L 手动入门版','2019款',13,0);
insert into t_car_model(cm_id , cs_id , cm_name,cm_type ,cm_order , cm_state) values(37192,3290,'2019款 1.5L 手动标准版','2019款',14,0);
insert into t_car_model(cm_id , cs_id , cm_name,cm_type ,cm_order , cm_state) values(37193,3290,'2019款 1.5L 自动标准版','2019款',15,0);
insert into t_car_model(cm_id , cs_id , cm_name,cm_type ,cm_order , cm_state) values(37194,3290,'2019款 1.5L 手动舒适版','2019款',16,0);
insert into t_car_model(cm_id , cs_id , cm_name,cm_type ,cm_order , cm_state) values(37195,3290,'2019款 1.5L 自动舒适版','2019款',17,0);
insert into t_car_model(cm_id , cs_id , cm_name,cm_type ,cm_order , cm_state) values(32410,3290,'2018款 1.4L 手动标准版','2018款',1,0);
insert into t_car_model(cm_id , cs_id , cm_name,cm_type ,cm_order , cm_state) values(32411,3290,'2018款 1.6L 手动标准版','2018款',2,0);
insert into t_car_model(cm_id , cs_id , cm_name,cm_type ,cm_order , cm_state) values(32412,3290,'2018款 1.6L 自动标准版','2018款',3,0);
insert into t_car_model(cm_id , cs_id , cm_name,cm_type ,cm_order , cm_state) values(32413,3290,'2018款 1.6L 手动舒适版','2018款',4,0);
insert into t_car_model(cm_id , cs_id , cm_name,cm_type ,cm_order , cm_state) values(32414,3290,'2018款 1.6L 自动舒适版','2018款',5,0);
insert into t_car_model(cm_id , cs_id , cm_name,cm_type ,cm_order , cm_state) values(32415,3290,'2018款 1.6L 自动运动版','2018款',6,0);
insert into t_car_model(cm_id , cs_id , cm_name,cm_type ,cm_order , cm_state) values(32416,3290,'2018款 TSI230 DSG运动版','2018款',7,0);
insert into t_car_model(cm_id , cs_id , cm_name,cm_type ,cm_order , cm_state) values(23658,3290,'2016款 1.4L 手动前行版','2016款',1,0);
insert into t_car_model(cm_id , cs_id , cm_name,cm_type ,cm_order , cm_state) values(23652,3290,'2016款 1.6L 手动前行版','2016款',2,0);
insert into t_car_model(cm_id , cs_id , cm_name,cm_type ,cm_order , cm_state) values(23659,3290,'2016款 1.6L 自动前行版','2016款',3,0);
insert into t_car_model(cm_id , cs_id , cm_name,cm_type ,cm_order , cm_state) values(23660,3290,'2016款 1.6L 手动创行版','2016款',4,0);
insert into t_car_model(cm_id , cs_id , cm_name,cm_type ,cm_order , cm_state) values(23661,3290,'2016款 1.6L 自动创行版','2016款',5,0);
insert into t_car_model(cm_id , cs_id , cm_name,cm_type ,cm_order , cm_state) values(23662,3290,'2016款 1.6L 自动智行版','2016款',6,0);
insert into t_car_model(cm_id , cs_id , cm_name,cm_type ,cm_order , cm_state) values(23663,3290,'2016款 1.4TSI DSG智行版','2016款',7,0);
insert into t_car_model(cm_id , cs_id , cm_name,cm_type ,cm_order , cm_state) values(25347,3290,'2016款 改款 1.4L 手动前行版','2016款',8,0);
insert into t_car_model(cm_id , cs_id , cm_name,cm_type ,cm_order , cm_state) values(25348,3290,'2016款 改款 1.6L 手动前行版','2016款',9,0);
insert into t_car_model(cm_id , cs_id , cm_name,cm_type ,cm_order , cm_state) values(25349,3290,'2016款 改款 1.6L 自动前行版','2016款',10,0);
insert into t_car_model(cm_id , cs_id , cm_name,cm_type ,cm_order , cm_state) values(25350,3290,'2016款 改款 1.6L 手动创行版','2016款',11,0);
insert into t_car_model(cm_id , cs_id , cm_name,cm_type ,cm_order , cm_state) values(25351,3290,'2016款 改款 1.6L 自动创行版','2016款',12,0);
insert into t_car_model(cm_id , cs_id , cm_name,cm_type ,cm_order , cm_state) values(25352,3290,'2016款 改款 1.6L 自动智行版','2016款',13,0);
insert into t_car_model(cm_id , cs_id , cm_name,cm_type ,cm_order , cm_state) values(25353,3290,'2016款 改款 TSI230 DSG智行版','2016款',14,0);
insert into t_car_model(cm_id , cs_id , cm_name,cm_type ,cm_order , cm_state) values(18804,3290,'2014款 1.6L 手动乐享版','2014款',1,0);
insert into t_car_model(cm_id , cs_id , cm_name,cm_type ,cm_order , cm_state) values(18805,3290,'2014款 1.6L 自动乐享版','2014款',2,0);
insert into t_car_model(cm_id , cs_id , cm_name,cm_type ,cm_order , cm_state) values(18807,3290,'2014款 1.6L 手动悦享版','2014款',3,0);
insert into t_car_model(cm_id , cs_id , cm_name,cm_type ,cm_order , cm_state) values(17789,3290,'2014款 1.6L 自动悦享版','2014款',4,0);
insert into t_car_model(cm_id , cs_id , cm_name,cm_type ,cm_order , cm_state) values(18808,3290,'2014款 1.6L 自动致享版','2014款',5,0);
insert into t_car_model(cm_id , cs_id , cm_name,cm_type ,cm_order , cm_state) values(18806,3290,'2014款 1.4TSI DSG乐享版','2014款',6,0);
insert into t_car_model(cm_id , cs_id , cm_name,cm_type ,cm_order , cm_state) values(18737,3290,'2014款 1.4TSI DSG舒享版','2014款',7,0);
insert into t_car_model(cm_id , cs_id , cm_name,cm_type ,cm_order , cm_state) values(18738,3290,'2014款 1.4TSI DSG致享版','2014款',8,0);
insert into t_car_series(cs_id,cbf_id,cs_name,cs_order,cs_letter) values(2962,162,'昕锐',3392,'X');
insert into t_car_model(cm_id , cs_id , cm_name,cm_type ,cm_order , cm_state) values(40760,2962,'2019款 改款 1.5L 手动入门版 国V','2019款',1,0);
insert into t_car_model(cm_id , cs_id , cm_name,cm_type ,cm_order , cm_state) values(40764,2962,'2019款 改款 1.5L 手动入门版 国VI','2019款',2,0);
insert into t_car_model(cm_id , cs_id , cm_name,cm_type ,cm_order , cm_state) values(40761,2962,'2019款 改款 1.5L 手动标准版 国V','2019款',3,0);
insert into t_car_model(cm_id , cs_id , cm_name,cm_type ,cm_order , cm_state) values(40765,2962,'2019款 改款 1.5L 手动标准版 国VI','2019款',4,0);
insert into t_car_model(cm_id , cs_id , cm_name,cm_type ,cm_order , cm_state) values(40762,2962,'2019款 改款 1.5L 自动标准版 国V','2019款',5,0);
insert into t_car_model(cm_id , cs_id , cm_name,cm_type ,cm_order , cm_state) values(40766,2962,'2019款 改款 1.5L 自动标准版 国VI','2019款',6,0);
insert into t_car_model(cm_id , cs_id , cm_name,cm_type ,cm_order , cm_state) values(35917,2962,'2019款 1.5L 手动舒适版 国V','2019款',7,0);
insert into t_car_model(cm_id , cs_id , cm_name,cm_type ,cm_order , cm_state) values(40767,2962,'2019款 1.5L 手动舒适版 国VI','2019款',8,0);
insert into t_car_model(cm_id , cs_id , cm_name,cm_type ,cm_order , cm_state) values(35918,2962,'2019款 1.5L 自动舒适版 国V','2019款',9,0);
insert into t_car_model(cm_id , cs_id , cm_name,cm_type ,cm_order , cm_state) values(40768,2962,'2019款 1.5L 自动舒适版 国VI','2019款',10,0);
insert into t_car_model(cm_id , cs_id , cm_name,cm_type ,cm_order , cm_state) values(35919,2962,'2019款 1.5L 自动智享版 国V','2019款',11,0);
insert into t_car_model(cm_id , cs_id , cm_name,cm_type ,cm_order , cm_state) values(40769,2962,'2019款 1.5L 自动智享版 国VI','2019款',12,0);
insert into t_car_model(cm_id , cs_id , cm_name,cm_type ,cm_order , cm_state) values(35913,2962,'2019款 1.5L 手动入门版','2019款',13,0);
insert into t_car_model(cm_id , cs_id , cm_name,cm_type ,cm_order , cm_state) values(35914,2962,'2019款 1.5L 手动标准版','2019款',14,0);
insert into t_car_model(cm_id , cs_id , cm_name,cm_type ,cm_order , cm_state) values(35915,2962,'2019款 1.5L 自动标准版','2019款',15,0);
insert into t_car_model(cm_id , cs_id , cm_name,cm_type ,cm_order , cm_state) values(32421,2962,'2018款 1.4L 手动标准版','2018款',1,0);
insert into t_car_model(cm_id , cs_id , cm_name,cm_type ,cm_order , cm_state) values(32422,2962,'2018款 1.4L 手动舒适版','2018款',2,0);
insert into t_car_model(cm_id , cs_id , cm_name,cm_type ,cm_order , cm_state) values(32423,2962,'2018款 1.6L 手动标准版','2018款',3,0);
insert into t_car_model(cm_id , cs_id , cm_name,cm_type ,cm_order , cm_state) values(32424,2962,'2018款 1.6L 手动舒适版','2018款',4,0);
insert into t_car_model(cm_id , cs_id , cm_name,cm_type ,cm_order , cm_state) values(32425,2962,'2018款 1.6L 自动舒适版','2018款',5,0);
insert into t_car_model(cm_id , cs_id , cm_name,cm_type ,cm_order , cm_state) values(23664,2962,'2016款 1.4L 手动前行版','2016款',1,0);
insert into t_car_model(cm_id , cs_id , cm_name,cm_type ,cm_order , cm_state) values(23667,2962,'2016款 1.4L 手动创行版','2016款',2,0);
insert into t_car_model(cm_id , cs_id , cm_name,cm_type ,cm_order , cm_state) values(23665,2962,'2016款 1.6L 手动前行版','2016款',3,0);
insert into t_car_model(cm_id , cs_id , cm_name,cm_type ,cm_order , cm_state) values(23666,2962,'2016款 1.6L 自动前行版','2016款',4,0);
insert into t_car_model(cm_id , cs_id , cm_name,cm_type ,cm_order , cm_state) values(23668,2962,'2016款 1.6L 手动创行版','2016款',5,0);
insert into t_car_model(cm_id , cs_id , cm_name,cm_type ,cm_order , cm_state) values(23669,2962,'2016款 1.6L 自动创行版','2016款',6,0);
insert into t_car_model(cm_id , cs_id , cm_name,cm_type ,cm_order , cm_state) values(23670,2962,'2016款 1.6L 手动尊行版','2016款',7,0);
insert into t_car_model(cm_id , cs_id , cm_name,cm_type ,cm_order , cm_state) values(23671,2962,'2016款 1.6L 自动尊行版','2016款',8,0);
insert into t_car_model(cm_id , cs_id , cm_name,cm_type ,cm_order , cm_state) values(19770,2962,'2015款 1.4L 手动乐选型','2015款',1,0);
insert into t_car_model(cm_id , cs_id , cm_name,cm_type ,cm_order , cm_state) values(19771,2962,'2015款 1.4L 手动智选型','2015款',2,0);
insert into t_car_model(cm_id , cs_id , cm_name,cm_type ,cm_order , cm_state) values(19772,2962,'2015款 1.6L 手动乐选型','2015款',3,0);
insert into t_car_model(cm_id , cs_id , cm_name,cm_type ,cm_order , cm_state) values(19773,2962,'2015款 1.6L 自动乐选型','2015款',4,0);
insert into t_car_model(cm_id , cs_id , cm_name,cm_type ,cm_order , cm_state) values(19774,2962,'2015款 1.6L 手动智选型','2015款',5,0);
insert into t_car_model(cm_id , cs_id , cm_name,cm_type ,cm_order , cm_state) values(19775,2962,'2015款 1.6L 自动智选型','2015款',6,0);
insert into t_car_model(cm_id , cs_id , cm_name,cm_type ,cm_order , cm_state) values(19776,2962,'2015款 1.6L 手动优选型','2015款',7,0);
insert into t_car_model(cm_id , cs_id , cm_name,cm_type ,cm_order , cm_state) values(19777,2962,'2015款 1.6L 自动优选型','2015款',8,0);
insert into t_car_model(cm_id , cs_id , cm_name,cm_type ,cm_order , cm_state) values(15527,2962,'2013款 1.4L 手动乐选型','2013款',1,0);
insert into t_car_model(cm_id , cs_id , cm_name,cm_type ,cm_order , cm_state) values(15529,2962,'2013款 1.4L 手动智选型','2013款',2,0);
insert into t_car_model(cm_id , cs_id , cm_name,cm_type ,cm_order , cm_state) values(15528,2962,'2013款 1.6L 手动乐选型','2013款',3,0);
insert into t_car_model(cm_id , cs_id , cm_name,cm_type ,cm_order , cm_state) values(18521,2962,'2013款 1.6L 自动乐选型','2013款',4,0);
insert into t_car_model(cm_id , cs_id , cm_name,cm_type ,cm_order , cm_state) values(15530,2962,'2013款 1.6L 手动智选型','2013款',5,0);
insert into t_car_model(cm_id , cs_id , cm_name,cm_type ,cm_order , cm_state) values(15167,2962,'2013款 1.6L 自动智选型','2013款',6,0);
insert into t_car_model(cm_id , cs_id , cm_name,cm_type ,cm_order , cm_state) values(15531,2962,'2013款 1.6L 手动优选型','2013款',7,0);
insert into t_car_model(cm_id , cs_id , cm_name,cm_type ,cm_order , cm_state) values(14574,2962,'2013款 1.6L 自动优选型','2013款',8,0);
insert into t_car_series(cs_id,cbf_id,cs_name,cs_order,cs_letter) values(3171,162,'速派',3393,'S');
insert into t_car_model(cm_id , cs_id , cm_name,cm_type ,cm_order , cm_state) values(40783,3171,'2019款 TSI280 DSG标准版','2019款',1,0);
insert into t_car_model(cm_id , cs_id , cm_name,cm_type ,cm_order , cm_state) values(40784,3171,'2019款 TSI280 DSG舒适版 ','2019款',2,0);
insert into t_car_model(cm_id , cs_id , cm_name,cm_type ,cm_order , cm_state) values(40785,3171,'2019款 TSI330 DSG舒适版 ','2019款',3,0);
insert into t_car_model(cm_id , cs_id , cm_name,cm_type ,cm_order , cm_state) values(39706,3171,'2019款 TSI330 DSG豪华版','2019款',4,0);
insert into t_car_model(cm_id , cs_id , cm_name,cm_type ,cm_order , cm_state) values(39537,3171,'2019款 TSI380 DSG旗舰版','2019款',5,0);
insert into t_car_model(cm_id , cs_id , cm_name,cm_type ,cm_order , cm_state) values(31785,3171,'2018款 TSI280 手动标准版 国V','2018款',1,0);
insert into t_car_model(cm_id , cs_id , cm_name,cm_type ,cm_order , cm_state) values(31786,3171,'2018款 TSI280 DSG标准版 国V','2018款',2,0);
insert into t_car_model(cm_id , cs_id , cm_name,cm_type ,cm_order , cm_state) values(37968,3171,'2018款 TSI280 DSG标准版 国VI','2018款',3,0);
insert into t_car_model(cm_id , cs_id , cm_name,cm_type ,cm_order , cm_state) values(31787,3171,'2018款 TSI280 DSG舒适版 国V','2018款',4,0);
insert into t_car_model(cm_id , cs_id , cm_name,cm_type ,cm_order , cm_state) values(37969,3171,'2018款 TSI280 DSG舒适版 国VI','2018款',5,0);
insert into t_car_model(cm_id , cs_id , cm_name,cm_type ,cm_order , cm_state) values(37963,3171,'2018款 TSI280 DSG豪华版 国V','2018款',6,0);
insert into t_car_model(cm_id , cs_id , cm_name,cm_type ,cm_order , cm_state) values(37970,3171,'2018款 TSI280 DSG豪华版 国VI','2018款',7,0);
insert into t_car_model(cm_id , cs_id , cm_name,cm_type ,cm_order , cm_state) values(31788,3171,'2018款 TSI330 DSG舒适版 国V','2018款',8,0);
insert into t_car_model(cm_id , cs_id , cm_name,cm_type ,cm_order , cm_state) values(37971,3171,'2018款 TSI330 DSG舒适版 国VI','2018款',9,0);
insert into t_car_model(cm_id , cs_id , cm_name,cm_type ,cm_order , cm_state) values(31789,3171,'2018款 TSI330 DSG豪华版 国V','2018款',10,0);
insert into t_car_model(cm_id , cs_id , cm_name,cm_type ,cm_order , cm_state) values(37972,3171,'2018款 TSI330 DSG豪华版 国VI','2018款',11,0);
insert into t_car_model(cm_id , cs_id , cm_name,cm_type ,cm_order , cm_state) values(31790,3171,'2018款 TSI380 DSG旗舰版 国V','2018款',12,0);
insert into t_car_model(cm_id , cs_id , cm_name,cm_type ,cm_order , cm_state) values(37973,3171,'2018款 TSI380 DSG旗舰版 国VI','2018款',13,0);
insert into t_car_model(cm_id , cs_id , cm_name,cm_type ,cm_order , cm_state) values(31784,3171,'2017款 TSI280 DSG冠军版','2017款',1,0);
insert into t_car_model(cm_id , cs_id , cm_name,cm_type ,cm_order , cm_state) values(24884,3171,'2016款 TSI280 DSG智行版','2016款',1,0);
insert into t_car_model(cm_id , cs_id , cm_name,cm_type ,cm_order , cm_state) values(24036,3171,'2016款 TSI280 手动前行版','2016款',2,0);
insert into t_car_model(cm_id , cs_id , cm_name,cm_type ,cm_order , cm_state) values(24031,3171,'2016款 TSI380 DSG尊行版','2016款',3,0);
insert into t_car_model(cm_id , cs_id , cm_name,cm_type ,cm_order , cm_state) values(23568,3171,'2016款 TSI380 DSG旗舰版','2016款',4,0);
insert into t_car_model(cm_id , cs_id , cm_name,cm_type ,cm_order , cm_state) values(24035,3171,'2016款 TSI280 DSG前行版','2016款',5,0);
insert into t_car_model(cm_id , cs_id , cm_name,cm_type ,cm_order , cm_state) values(24034,3171,'2016款 TSI280 DSG创行版','2016款',6,0);
insert into t_car_model(cm_id , cs_id , cm_name,cm_type ,cm_order , cm_state) values(28112,3171,'2016款 TSI280 DSG冠军版','2016款',7,0);
insert into t_car_model(cm_id , cs_id , cm_name,cm_type ,cm_order , cm_state) values(24033,3171,'2016款 TSI330 DSG创行版','2016款',8,0);
insert into t_car_model(cm_id , cs_id , cm_name,cm_type ,cm_order , cm_state) values(24032,3171,'2016款 TSI330 DSG智行版','2016款',9,0);
insert into t_car_model(cm_id , cs_id , cm_name,cm_type ,cm_order , cm_state) values(27192,3171,'2016款 改款 TSI380 DSG尊行版','2016款',10,0);
insert into t_car_model(cm_id , cs_id , cm_name,cm_type ,cm_order , cm_state) values(27193,3171,'2016款 改款 TSI380 DSG旗舰版','2016款',11,0);
insert into t_car_model(cm_id , cs_id , cm_name,cm_type ,cm_order , cm_state) values(21801,3171,'2015款 1.8TSI 手动绅仕版','2015款',1,0);
insert into t_car_model(cm_id , cs_id , cm_name,cm_type ,cm_order , cm_state) values(16659,3171,'2013款 1.4TSI 手动绅仕版','2013款',1,0);
insert into t_car_model(cm_id , cs_id , cm_name,cm_type ,cm_order , cm_state) values(16660,3171,'2013款 1.4TSI DSG绅仕版','2013款',2,0);
insert into t_car_model(cm_id , cs_id , cm_name,cm_type ,cm_order , cm_state) values(16661,3171,'2013款 1.4TSI DSG名仕版','2013款',3,0);
insert into t_car_model(cm_id , cs_id , cm_name,cm_type ,cm_order , cm_state) values(16662,3171,'2013款 1.4TSI DSG绿动版','2013款',4,0);
insert into t_car_model(cm_id , cs_id , cm_name,cm_type ,cm_order , cm_state) values(16663,3171,'2013款 1.8TSI 手动名仕版','2013款',5,0);
insert into t_car_model(cm_id , cs_id , cm_name,cm_type ,cm_order , cm_state) values(16664,3171,'2013款 1.8TSI 自动名仕版','2013款',6,0);
insert into t_car_model(cm_id , cs_id , cm_name,cm_type ,cm_order , cm_state) values(16665,3171,'2013款 1.8TSI 自动雅仕版','2013款',7,0);
insert into t_car_model(cm_id , cs_id , cm_name,cm_type ,cm_order , cm_state) values(16572,3171,'2013款 2.0TSI DSG尊仕版','2013款',8,0);
insert into t_car_series(cs_id,cbf_id,cs_name,cs_order,cs_letter) values(4690,162,'柯米克',3394,'K');
insert into t_car_model(cm_id , cs_id , cm_name,cm_type ,cm_order , cm_state) values(34491,4690,'2018款 1.5L 手动标准版 国V','2018款',1,0);
insert into t_car_model(cm_id , cs_id , cm_name,cm_type ,cm_order , cm_state) values(40188,4690,'2018款 1.5L 手动标准版 国VI','2018款',2,0);
insert into t_car_model(cm_id , cs_id , cm_name,cm_type ,cm_order , cm_state) values(34794,4690,'2018款 1.5L 自动标准版 国V','2018款',3,0);
insert into t_car_model(cm_id , cs_id , cm_name,cm_type ,cm_order , cm_state) values(40189,4690,'2018款 1.5L 自动标准版 国VI','2018款',4,0);
insert into t_car_model(cm_id , cs_id , cm_name,cm_type ,cm_order , cm_state) values(34793,4690,'2018款 1.5L 手动舒适版 国V','2018款',5,0);
insert into t_car_model(cm_id , cs_id , cm_name,cm_type ,cm_order , cm_state) values(40190,4690,'2018款 1.5L 手动舒适版 国VI','2018款',6,0);
insert into t_car_model(cm_id , cs_id , cm_name,cm_type ,cm_order , cm_state) values(33502,4690,'2018款 1.5L 自动舒适版 国V','2018款',7,0);
insert into t_car_model(cm_id , cs_id , cm_name,cm_type ,cm_order , cm_state) values(40191,4690,'2018款 1.5L 自动舒适版 国VI','2018款',8,0);
insert into t_car_series(cs_id,cbf_id,cs_name,cs_order,cs_letter) values(4453,162,'柯珞克',3395,'K');
insert into t_car_model(cm_id , cs_id , cm_name,cm_type ,cm_order , cm_state) values(38326,4453,'2019款 TSI230 标准版','2019款',1,0);
insert into t_car_model(cm_id , cs_id , cm_name,cm_type ,cm_order , cm_state) values(38327,4453,'2019款 TSI280 智行舒适版 国V','2019款',2,0);
insert into t_car_model(cm_id , cs_id , cm_name,cm_type ,cm_order , cm_state) values(38328,4453,'2019款 TSI280 智行舒适版 国VI','2019款',3,0);
insert into t_car_model(cm_id , cs_id , cm_name,cm_type ,cm_order , cm_state) values(38329,4453,'2019款 TSI280 智行优享版 国V','2019款',4,0);
insert into t_car_model(cm_id , cs_id , cm_name,cm_type ,cm_order , cm_state) values(38330,4453,'2019款 TSI280 智行优享版 国VI','2019款',5,0);
insert into t_car_model(cm_id , cs_id , cm_name,cm_type ,cm_order , cm_state) values(38333,4453,'2019款 TSI280 智行豪华版 国V','2019款',6,0);
insert into t_car_model(cm_id , cs_id , cm_name,cm_type ,cm_order , cm_state) values(38335,4453,'2019款 TSI280 智行豪华版 国VI','2019款',7,0);
insert into t_car_model(cm_id , cs_id , cm_name,cm_type ,cm_order , cm_state) values(38338,4453,'2019款 TSI280 智行旗舰版 国V','2019款',8,0);
insert into t_car_model(cm_id , cs_id , cm_name,cm_type ,cm_order , cm_state) values(38339,4453,'2019款 TSI280 智行旗舰版 国VI','2019款',9,0);
insert into t_car_model(cm_id , cs_id , cm_name,cm_type ,cm_order , cm_state) values(33561,4453,'2018款 TSI230 标准版','2018款',1,0);
insert into t_car_model(cm_id , cs_id , cm_name,cm_type ,cm_order , cm_state) values(33562,4453,'2018款 TSI280 舒适版 国V','2018款',2,0);
insert into t_car_model(cm_id , cs_id , cm_name,cm_type ,cm_order , cm_state) values(37964,4453,'2018款 TSI280 舒适版 国VI','2018款',3,0);
insert into t_car_model(cm_id , cs_id , cm_name,cm_type ,cm_order , cm_state) values(36665,4453,'2018款 TSI280 优享版 国V','2018款',4,0);
insert into t_car_model(cm_id , cs_id , cm_name,cm_type ,cm_order , cm_state) values(37965,4453,'2018款 TSI280 优享版 国VI','2018款',5,0);
insert into t_car_model(cm_id , cs_id , cm_name,cm_type ,cm_order , cm_state) values(33563,4453,'2018款 TSI280 豪华版 国V','2018款',6,0);
insert into t_car_model(cm_id , cs_id , cm_name,cm_type ,cm_order , cm_state) values(37966,4453,'2018款 TSI280 豪华版 国VI','2018款',7,0);
insert into t_car_model(cm_id , cs_id , cm_name,cm_type ,cm_order , cm_state) values(30461,4453,'2018款 TSI280 旗舰版 国V','2018款',8,0);
insert into t_car_model(cm_id , cs_id , cm_name,cm_type ,cm_order , cm_state) values(37967,4453,'2018款 TSI280 旗舰版 国VI','2018款',9,0);
insert into t_car_series(cs_id,cbf_id,cs_name,cs_order,cs_letter) values(4217,162,'柯迪亚克',3396,'K');
insert into t_car_model(cm_id , cs_id , cm_name,cm_type ,cm_order , cm_state) values(38137,4217,'2019款 改款 TSI330 5座两驱标准版 国V','2019款',1,0);
insert into t_car_model(cm_id , cs_id , cm_name,cm_type ,cm_order , cm_state) values(38138,4217,'2019款 改款 TSI330 5座两驱标准版 国VI','2019款',2,0);
insert into t_car_model(cm_id , cs_id , cm_name,cm_type ,cm_order , cm_state) values(38139,4217,'2019款 改款 TSI330 5座两驱舒适版 国V','2019款',3,0);
insert into t_car_model(cm_id , cs_id , cm_name,cm_type ,cm_order , cm_state) values(38140,4217,'2019款 改款 TSI330 5座两驱舒适版 国VI','2019款',4,0);
insert into t_car_model(cm_id , cs_id , cm_name,cm_type ,cm_order , cm_state) values(38141,4217,'2019款 改款 TSI330 7座两驱舒适版 国V','2019款',5,0);
insert into t_car_model(cm_id , cs_id , cm_name,cm_type ,cm_order , cm_state) values(38142,4217,'2019款 改款 TSI330 7座两驱舒适版 国VI','2019款',6,0);
insert into t_car_model(cm_id , cs_id , cm_name,cm_type ,cm_order , cm_state) values(38143,4217,'2019款 改款 TSI330 5座两驱豪华优享版 国V','2019款',7,0);
insert into t_car_model(cm_id , cs_id , cm_name,cm_type ,cm_order , cm_state) values(38144,4217,'2019款 改款 TSI330 5座两驱豪华优享版 国VI','2019款',8,0);
insert into t_car_model(cm_id , cs_id , cm_name,cm_type ,cm_order , cm_state) values(38145,4217,'2019款 改款 TSI330 7座两驱豪华优享版 国V','2019款',9,0);
insert into t_car_model(cm_id , cs_id , cm_name,cm_type ,cm_order , cm_state) values(38147,4217,'2019款 改款 TSI330 7座两驱豪华优享版 国VI','2019款',10,0);
insert into t_car_model(cm_id , cs_id , cm_name,cm_type ,cm_order , cm_state) values(38148,4217,'2019款 改款 TSI380 7座四驱豪华优享版 国V','2019款',11,0);
insert into t_car_model(cm_id , cs_id , cm_name,cm_type ,cm_order , cm_state) values(38149,4217,'2019款 改款 TSI380 7座四驱豪华优享版 国VI','2019款',12,0);
insert into t_car_model(cm_id , cs_id , cm_name,cm_type ,cm_order , cm_state) values(38150,4217,'2019款 改款 TSI380 7座四驱旗舰版 国V','2019款',13,0);
insert into t_car_model(cm_id , cs_id , cm_name,cm_type ,cm_order , cm_state) values(38151,4217,'2019款 改款 TSI380 7座四驱旗舰版 国VI','2019款',14,0);
insert into t_car_model(cm_id , cs_id , cm_name,cm_type ,cm_order , cm_state) values(36810,4217,'2019款 TSI330 5座两驱标准版 国V','2019款',15,0);
insert into t_car_model(cm_id , cs_id , cm_name,cm_type ,cm_order , cm_state) values(36811,4217,'2019款 TSI330 5座两驱标准版 国VI','2019款',16,0);
insert into t_car_model(cm_id , cs_id , cm_name,cm_type ,cm_order , cm_state) values(36812,4217,'2019款 TSI330 5座两驱舒适版 国V','2019款',17,0);
insert into t_car_model(cm_id , cs_id , cm_name,cm_type ,cm_order , cm_state) values(36813,4217,'2019款 TSI330 5座两驱舒适版 国VI','2019款',18,0);
insert into t_car_model(cm_id , cs_id , cm_name,cm_type ,cm_order , cm_state) values(36814,4217,'2019款 TSI330 7座两驱舒适版 国V','2019款',19,0);
insert into t_car_model(cm_id , cs_id , cm_name,cm_type ,cm_order , cm_state) values(36815,4217,'2019款 TSI330 7座两驱舒适版 国VI','2019款',20,0);
insert into t_car_model(cm_id , cs_id , cm_name,cm_type ,cm_order , cm_state) values(36816,4217,'2019款 TSI330 5座两驱豪华优享版 国V','2019款',21,0);
insert into t_car_model(cm_id , cs_id , cm_name,cm_type ,cm_order , cm_state) values(36817,4217,'2019款 TSI330 5座两驱豪华优享版 国VI','2019款',22,0);
insert into t_car_model(cm_id , cs_id , cm_name,cm_type ,cm_order , cm_state) values(36818,4217,'2019款 TSI330 7座两驱豪华优享版 国V','2019款',23,0);
insert into t_car_model(cm_id , cs_id , cm_name,cm_type ,cm_order , cm_state) values(36819,4217,'2019款 TSI330 7座两驱豪华优享版 国VI','2019款',24,0);
insert into t_car_model(cm_id , cs_id , cm_name,cm_type ,cm_order , cm_state) values(36820,4217,'2019款 TSI380 7座四驱豪华优享版 国V','2019款',25,0);
insert into t_car_model(cm_id , cs_id , cm_name,cm_type ,cm_order , cm_state) values(36821,4217,'2019款 TSI380 7座四驱豪华优享版 国VI','2019款',26,0);
insert into t_car_model(cm_id , cs_id , cm_name,cm_type ,cm_order , cm_state) values(36822,4217,'2019款 TSI380 7座四驱旗舰版 国V','2019款',27,0);
insert into t_car_model(cm_id , cs_id , cm_name,cm_type ,cm_order , cm_state) values(36823,4217,'2019款 TSI380 7座四驱旗舰版 国VI','2019款',28,0);
insert into t_car_model(cm_id , cs_id , cm_name,cm_type ,cm_order , cm_state) values(32096,4217,'2018款 TSI330 5座两驱标准版','2018款',1,0);
insert into t_car_model(cm_id , cs_id , cm_name,cm_type ,cm_order , cm_state) values(32097,4217,'2018款 TSI330 5座两驱舒适版','2018款',2,0);
insert into t_car_model(cm_id , cs_id , cm_name,cm_type ,cm_order , cm_state) values(32098,4217,'2018款 TSI330 5座两驱豪华版','2018款',3,0);
insert into t_car_model(cm_id , cs_id , cm_name,cm_type ,cm_order , cm_state) values(32099,4217,'2018款 TSI330 5座两驱豪华优享版','2018款',4,0);
insert into t_car_model(cm_id , cs_id , cm_name,cm_type ,cm_order , cm_state) values(32100,4217,'2018款 TSI330 7座两驱豪华优享版','2018款',5,0);
insert into t_car_model(cm_id , cs_id , cm_name,cm_type ,cm_order , cm_state) values(32101,4217,'2018款 TSI330 7座两驱豪华科技版','2018款',6,0);
insert into t_car_model(cm_id , cs_id , cm_name,cm_type ,cm_order , cm_state) values(33399,4217,'2018款 改款 TSI330 5座两驱标准版','2018款',7,0);
insert into t_car_model(cm_id , cs_id , cm_name,cm_type ,cm_order , cm_state) values(33400,4217,'2018款 改款 TSI330 5座两驱舒适版','2018款',8,0);
insert into t_car_model(cm_id , cs_id , cm_name,cm_type ,cm_order , cm_state) values(33401,4217,'2018款 改款 TSI330 5座两驱豪华版','2018款',9,0);
insert into t_car_model(cm_id , cs_id , cm_name,cm_type ,cm_order , cm_state) values(33402,4217,'2018款 改款 TSI330 5座两驱豪华优享版','2018款',10,0);
insert into t_car_model(cm_id , cs_id , cm_name,cm_type ,cm_order , cm_state) values(33403,4217,'2018款 改款 TSI330 7座两驱豪华优享版','2018款',11,0);
insert into t_car_model(cm_id , cs_id , cm_name,cm_type ,cm_order , cm_state) values(33404,4217,'2018款 改款 TSI330 7座两驱豪华科技版','2018款',12,0);
insert into t_car_model(cm_id , cs_id , cm_name,cm_type ,cm_order , cm_state) values(32102,4217,'2018款 TSI380 7座四驱旗舰版','2018款',13,0);
insert into t_car_model(cm_id , cs_id , cm_name,cm_type ,cm_order , cm_state) values(29893,4217,'2017款 TSI330 5座两驱标准版','2017款',1,0);
insert into t_car_model(cm_id , cs_id , cm_name,cm_type ,cm_order , cm_state) values(29894,4217,'2017款 TSI330  5座两驱舒适版','2017款',2,0);
insert into t_car_model(cm_id , cs_id , cm_name,cm_type ,cm_order , cm_state) values(29895,4217,'2017款 TSI330 5座两驱豪华版','2017款',3,0);
insert into t_car_model(cm_id , cs_id , cm_name,cm_type ,cm_order , cm_state) values(29896,4217,'2017款 TSI330 7座两驱豪华版','2017款',4,0);
insert into t_car_model(cm_id , cs_id , cm_name,cm_type ,cm_order , cm_state) values(29892,4217,'2017款 TSI330 7座两驱豪华科技版','2017款',5,0);
insert into t_car_model(cm_id , cs_id , cm_name,cm_type ,cm_order , cm_state) values(28047,4217,'2017款 TSI380 7座四驱旗舰版','2017款',6,0);
insert into t_car_series(cs_id,cbf_id,cs_name,cs_order,cs_letter) values(4986,162,'柯迪亚克GT',3397,'K');
insert into t_car_model(cm_id , cs_id , cm_name,cm_type ,cm_order , cm_state) values(38434,4986,'2019款 TSI280 两驱标准版 国V','2019款',1,0);
insert into t_car_model(cm_id , cs_id , cm_name,cm_type ,cm_order , cm_state) values(36859,4986,'2019款 TSI280 两驱标准版 国VI','2019款',2,0);
insert into t_car_model(cm_id , cs_id , cm_name,cm_type ,cm_order , cm_state) values(36754,4986,'2019款 TSI330 两驱标准版 国V','2019款',3,0);
insert into t_car_model(cm_id , cs_id , cm_name,cm_type ,cm_order , cm_state) values(36755,4986,'2019款 TSI330 两驱标准版 国VI','2019款',4,0);
insert into t_car_model(cm_id , cs_id , cm_name,cm_type ,cm_order , cm_state) values(36756,4986,'2019款 TSI330 两驱舒适版 国V','2019款',5,0);
insert into t_car_model(cm_id , cs_id , cm_name,cm_type ,cm_order , cm_state) values(36757,4986,'2019款 TSI330 两驱舒适版 国VI','2019款',6,0);
insert into t_car_model(cm_id , cs_id , cm_name,cm_type ,cm_order , cm_state) values(36760,4986,'2019款 TSI330 两驱豪华版 国V','2019款',7,0);
insert into t_car_model(cm_id , cs_id , cm_name,cm_type ,cm_order , cm_state) values(36761,4986,'2019款 TSI330 两驱豪华版 国VI','2019款',8,0);
insert into t_car_model(cm_id , cs_id , cm_name,cm_type ,cm_order , cm_state) values(36758,4986,'2019款 TSI380 四驱舒适版 国V','2019款',9,0);
insert into t_car_model(cm_id , cs_id , cm_name,cm_type ,cm_order , cm_state) values(36759,4986,'2019款 TSI380 四驱舒适版 国VI','2019款',10,0);
insert into t_car_model(cm_id , cs_id , cm_name,cm_type ,cm_order , cm_state) values(36360,4986,'2019款 TSI380 四驱豪华版 国V','2019款',11,0);
insert into t_car_model(cm_id , cs_id , cm_name,cm_type ,cm_order , cm_state) values(36397,4986,'2019款 TSI380 四驱豪华版 国VI','2019款',12,0);
insert into t_car_model(cm_id , cs_id , cm_name,cm_type ,cm_order , cm_state) values(36762,4986,'2019款 TSI380 四驱旗舰版 国V','2019款',13,0);
insert into t_car_model(cm_id , cs_id , cm_name,cm_type ,cm_order , cm_state) values(36763,4986,'2019款 TSI380 四驱旗舰版 国VI','2019款',14,0);
insert into t_car_model(cm_id , cs_id , cm_name,cm_type ,cm_order , cm_state) values(36684,4986,'2019款 TSI380 四驱火星特工版 国V','2019款',15,0);
insert into t_car_model(cm_id , cs_id , cm_name,cm_type ,cm_order , cm_state) values(36742,4986,'2019款 TSI380 四驱火星特工版 国VI','2019款',16,0);
insert into t_car_series(cs_id,cbf_id,cs_name,cs_order,cs_letter) values(772,162,'昊锐',3399,'H');
insert into t_car_model(cm_id , cs_id , cm_name,cm_type ,cm_order , cm_state) values(14482,772,'2013款 1.4TSI GreenLine2','2013款',1,0);
insert into t_car_model(cm_id , cs_id , cm_name,cm_type ,cm_order , cm_state) values(11622,772,'2012款 1.4TSI 手动智雅版','2012款',1,0);
insert into t_car_model(cm_id , cs_id , cm_name,cm_type ,cm_order , cm_state) values(11621,772,'2012款 1.4TSI DSG智雅版','2012款',2,0);
insert into t_car_model(cm_id , cs_id , cm_name,cm_type ,cm_order , cm_state) values(11620,772,'2012款 1.4TSI DSG优雅版','2012款',3,0);
insert into t_car_model(cm_id , cs_id , cm_name,cm_type ,cm_order , cm_state) values(13315,772,'2012款 1.4TSI 五周年典藏版','2012款',4,0);
insert into t_car_model(cm_id , cs_id , cm_name,cm_type ,cm_order , cm_state) values(11625,772,'2012款 1.8TSI 手动优雅版','2012款',5,0);
insert into t_car_model(cm_id , cs_id , cm_name,cm_type ,cm_order , cm_state) values(11624,772,'2012款 1.8TSI 自动优雅版','2012款',6,0);
insert into t_car_model(cm_id , cs_id , cm_name,cm_type ,cm_order , cm_state) values(11623,772,'2012款 1.8TSI 自动贵雅版','2012款',7,0);
insert into t_car_model(cm_id , cs_id , cm_name,cm_type ,cm_order , cm_state) values(11627,772,'2012款 2.0TSI 自动典雅版','2012款',8,0);
insert into t_car_model(cm_id , cs_id , cm_name,cm_type ,cm_order , cm_state) values(11626,772,'2012款 2.0TSI 自动尊雅版','2012款',9,0);
insert into t_car_model(cm_id , cs_id , cm_name,cm_type ,cm_order , cm_state) values(7663,772,'2010款 1.4TSI 手动智雅版','2010款',1,0);
insert into t_car_model(cm_id , cs_id , cm_name,cm_type ,cm_order , cm_state) values(7664,772,'2010款 1.4TSI DSG智雅版','2010款',2,0);
insert into t_car_model(cm_id , cs_id , cm_name,cm_type ,cm_order , cm_state) values(7665,772,'2010款 1.4TSI DSG优雅版','2010款',3,0);
insert into t_car_model(cm_id , cs_id , cm_name,cm_type ,cm_order , cm_state) values(5614,772,'2009款 1.8TSI 手动智雅版','2009款',1,0);
insert into t_car_model(cm_id , cs_id , cm_name,cm_type ,cm_order , cm_state) values(5615,772,'2009款 1.8TSI 自动智雅版','2009款',2,0);
insert into t_car_model(cm_id , cs_id , cm_name,cm_type ,cm_order , cm_state) values(5612,772,'2009款 1.8TSI 自动优雅版','2009款',3,0);
insert into t_car_model(cm_id , cs_id , cm_name,cm_type ,cm_order , cm_state) values(5613,772,'2009款 1.8TSI 自动贵雅版','2009款',4,0);
insert into t_car_model(cm_id , cs_id , cm_name,cm_type ,cm_order , cm_state) values(5617,772,'2009款 1.8TSI 自动尊雅版','2009款',5,0);
insert into t_car_model(cm_id , cs_id , cm_name,cm_type ,cm_order , cm_state) values(5618,772,'2009款 2.0TSI 自动优雅版','2009款',6,0);
insert into t_car_model(cm_id , cs_id , cm_name,cm_type ,cm_order , cm_state) values(5616,772,'2009款 2.0TSI 自动贵雅版','2009款',7,0);
insert into t_car_model(cm_id , cs_id , cm_name,cm_type ,cm_order , cm_state) values(5004,772,'2009款 2.0TSI 自动尊雅版','2009款',8,0);
insert into t_car_model(cm_id , cs_id , cm_name,cm_type ,cm_order , cm_state) values(5681,772,'2009款 2.0TSI 自动旗舰版','2009款',9,0);
insert into t_car_series(cs_id,cbf_id,cs_name,cs_order,cs_letter) values(3013,162,'Yeti',3400,'Y');
insert into t_car_model(cm_id , cs_id , cm_name,cm_type ,cm_order , cm_state) values(27793,3013,'2017款 TSI300 DSG尊行版','2017款',1,0);
insert into t_car_model(cm_id , cs_id , cm_name,cm_type ,cm_order , cm_state) values(27792,3013,'2017款 TSI280 DSG尊行版','2017款',2,0);
insert into t_car_model(cm_id , cs_id , cm_name,cm_type ,cm_order , cm_state) values(27789,3013,'2017款 1.6L 手动前行版','2017款',3,0);
insert into t_car_model(cm_id , cs_id , cm_name,cm_type ,cm_order , cm_state) values(27790,3013,'2017款 TSI280 DSG前行版','2017款',4,0);
insert into t_car_model(cm_id , cs_id , cm_name,cm_type ,cm_order , cm_state) values(27524,3013,'2017款 TSI280 DSG车享兄弟版','2017款',5,0);
insert into t_car_model(cm_id , cs_id , cm_name,cm_type ,cm_order , cm_state) values(27791,3013,'2017款 TSI280 DSG创行版','2017款',6,0);
insert into t_car_model(cm_id , cs_id , cm_name,cm_type ,cm_order , cm_state) values(23435,3013,'2016款 1.6L 手动前行版','2016款',1,0);
insert into t_car_model(cm_id , cs_id , cm_name,cm_type ,cm_order , cm_state) values(23439,3013,'2016款 1.4TSI DSG尊行版','2016款',2,0);
insert into t_car_model(cm_id , cs_id , cm_name,cm_type ,cm_order , cm_state) values(23436,3013,'2016款 1.4TSI 手动前行版','2016款',3,0);
insert into t_car_model(cm_id , cs_id , cm_name,cm_type ,cm_order , cm_state) values(23437,3013,'2016款 1.4TSI DSG前行版','2016款',4,0);
insert into t_car_model(cm_id , cs_id , cm_name,cm_type ,cm_order , cm_state) values(23438,3013,'2016款 1.4TSI DSG创行版','2016款',5,0);
insert into t_car_model(cm_id , cs_id , cm_name,cm_type ,cm_order , cm_state) values(23372,3013,'2016款 1.8TSI DSG尊行版','2016款',6,0);
insert into t_car_model(cm_id , cs_id , cm_name,cm_type ,cm_order , cm_state) values(19284,3013,'2014款 1.6L 手动炫彩版','2014款',1,0);
insert into t_car_model(cm_id , cs_id , cm_name,cm_type ,cm_order , cm_state) values(17534,3013,'2014款 1.4TSI 手动探索版','2014款',2,0);
insert into t_car_model(cm_id , cs_id , cm_name,cm_type ,cm_order , cm_state) values(19285,3013,'2014款 1.4TSI 手动炫彩版','2014款',3,0);
insert into t_car_model(cm_id , cs_id , cm_name,cm_type ,cm_order , cm_state) values(19286,3013,'2014款 1.4TSI DSG炫彩版','2014款',4,0);
insert into t_car_model(cm_id , cs_id , cm_name,cm_type ,cm_order , cm_state) values(17535,3013,'2014款 1.4TSI DSG探索版','2014款',5,0);
insert into t_car_model(cm_id , cs_id , cm_name,cm_type ,cm_order , cm_state) values(17536,3013,'2014款 1.4TSI 手动极地版','2014款',6,0);
insert into t_car_model(cm_id , cs_id , cm_name,cm_type ,cm_order , cm_state) values(19287,3013,'2014款 1.4TSI DSG魅影版','2014款',7,0);
insert into t_car_model(cm_id , cs_id , cm_name,cm_type ,cm_order , cm_state) values(17537,3013,'2014款 1.4TSI DSG极地版','2014款',8,0);
insert into t_car_model(cm_id , cs_id , cm_name,cm_type ,cm_order , cm_state) values(17538,3013,'2014款 1.4TSI DSG野驱版','2014款',9,0);
insert into t_car_model(cm_id , cs_id , cm_name,cm_type ,cm_order , cm_state) values(17132,3013,'2014款 1.8TSI DSG极地版','2014款',10,0);
insert into t_car_model(cm_id , cs_id , cm_name,cm_type ,cm_order , cm_state) values(15007,3013,'2014款 1.8TSI DSG野驱版','2014款',11,0);
insert into t_car_brand_factory(cbf_id , cb_id , cbf_name ,cbf_letter) values(138,67,'斯柯达(进口)','S');
insert into t_car_series(cs_id,cbf_id,cs_name,cs_order,cs_letter) values(356,138,'明锐(进口)',3410,'M');
insert into t_car_model(cm_id , cs_id , cm_name,cm_type ,cm_order , cm_state) values(22097,356,'2015款 1.8T 逸享旅行版','2015款',1,0);
insert into t_car_model(cm_id , cs_id , cm_name,cm_type ,cm_order , cm_state) values(22098,356,'2015款 1.8T 逸臻旅行版','2015款',2,0);
insert into t_car_series(cs_id,cbf_id,cs_name,cs_order,cs_letter) values(357,138,'速派(进口)',3414,'S');
insert into t_car_model(cm_id , cs_id , cm_name,cm_type ,cm_order , cm_state) values(15918,357,'2013款 旅行版 2.0TSI L&K限量版','2013款',1,0);
insert into t_car_model(cm_id , cs_id , cm_name,cm_type ,cm_order , cm_state) values(15917,357,'2013款 旅行版 2.0TSI 尊贵版','2013款',2,0);
insert into t_car_model(cm_id , cs_id , cm_name,cm_type ,cm_order , cm_state) values(1347,357,'2004款 1.8T','2004款',1,0);
insert into t_car_model(cm_id , cs_id , cm_name,cm_type ,cm_order , cm_state) values(1348,357,'2004款 2.8','2004款',2,0);
insert into t_car_series(cs_id,cbf_id,cs_name,cs_order,cs_letter) values(3269,138,'速尊',3416,'S');
insert into t_car_model(cm_id , cs_id , cm_name,cm_type ,cm_order , cm_state) values(17813,3269,'2014款 2.0TSI 尊贵版','2014款',1,0);
insert into t_car_model(cm_id , cs_id , cm_name,cm_type ,cm_order , cm_state) values(17647,3269,'2014款 2.0TSI L&K限量版','2014款',2,0);
insert into t_car_series(cs_id,cbf_id,cs_name,cs_order,cs_letter) values(858,138,'Yeti(进口)',3419,'Y');
insert into t_car_model(cm_id , cs_id , cm_name,cm_type ,cm_order , cm_state) values(15916,858,'2013款 1.8T DSG尊享版','2013款',1,0);
insert into t_car_model(cm_id , cs_id , cm_name,cm_type ,cm_order , cm_state) values(5474,858,'2013款 1.8T DSG尊贵版','2013款',2,0);
