insert into t_car_brand_factory(cbf_id , cb_id , cbf_name ,cbf_letter) values(92,63,'东风日产','D');
insert into t_car_series(cs_id,cb_id,cbf_id,cs_name,cs_order,cs_letter) values(522,63,92,'骊威',3050,'L');
insert into t_car_model(cm_id ,cb_id,cbf_id, cs_id , cm_name,cm_type ,cm_order , cm_state) values(30467,63,92,522,'2015款 1.6XE 手动舒适版','2015款',1,0);
insert into t_car_model(cm_id ,cb_id,cbf_id, cs_id , cm_name,cm_type ,cm_order , cm_state) values(30468,63,92,522,'2015款 1.6XE CVT舒适版','2015款',2,0);
insert into t_car_model(cm_id ,cb_id,cbf_id, cs_id , cm_name,cm_type ,cm_order , cm_state) values(30469,63,92,522,'2015款 1.6XE 手动舒适互联版','2015款',3,0);
insert into t_car_model(cm_id ,cb_id,cbf_id, cs_id , cm_name,cm_type ,cm_order , cm_state) values(30470,63,92,522,'2015款 1.6XE CVT舒适互联版','2015款',4,0);
insert into t_car_model(cm_id ,cb_id,cbf_id, cs_id , cm_name,cm_type ,cm_order , cm_state) values(30471,63,92,522,'2015款 1.6XL 手动豪华版','2015款',5,0);
insert into t_car_model(cm_id ,cb_id,cbf_id, cs_id , cm_name,cm_type ,cm_order , cm_state) values(30472,63,92,522,'2015款 1.6XL CVT豪华版','2015款',6,0);
insert into t_car_model(cm_id ,cb_id,cbf_id, cs_id , cm_name,cm_type ,cm_order , cm_state) values(22761,63,92,522,'2015款 1.6XL CVT豪华真皮版','2015款',7,0);
insert into t_car_model(cm_id ,cb_id,cbf_id, cs_id , cm_name,cm_type ,cm_order , cm_state) values(30473,63,92,522,'2015款 劲锐 1.6XV 手动豪华版','2015款',8,0);
insert into t_car_model(cm_id ,cb_id,cbf_id, cs_id , cm_name,cm_type ,cm_order , cm_state) values(30474,63,92,522,'2015款 劲锐 1.6XV CVT豪华版','2015款',9,0);
insert into t_car_model(cm_id ,cb_id,cbf_id, cs_id , cm_name,cm_type ,cm_order , cm_state) values(22760,63,92,522,'2015款 劲锐 1.6XV CVT酷咖版','2015款',10,0);
insert into t_car_model(cm_id ,cb_id,cbf_id, cs_id , cm_name,cm_type ,cm_order , cm_state) values(15538,63,92,522,'2013款 劲锐 1.6XL 手动舒适版','2013款',1,0);
insert into t_car_model(cm_id ,cb_id,cbf_id, cs_id , cm_name,cm_type ,cm_order , cm_state) values(15537,63,92,522,'2013款 劲锐 1.6XL CVT舒适版','2013款',2,0);
insert into t_car_model(cm_id ,cb_id,cbf_id, cs_id , cm_name,cm_type ,cm_order , cm_state) values(15541,63,92,522,'2013款 1.6XE 手动舒适版','2013款',3,0);
insert into t_car_model(cm_id ,cb_id,cbf_id, cs_id , cm_name,cm_type ,cm_order , cm_state) values(15542,63,92,522,'2013款 1.6XE CVT舒适版','2013款',4,0);
insert into t_car_model(cm_id ,cb_id,cbf_id, cs_id , cm_name,cm_type ,cm_order , cm_state) values(15539,63,92,522,'2013款 1.6XL 手动豪华版','2013款',5,0);
insert into t_car_model(cm_id ,cb_id,cbf_id, cs_id , cm_name,cm_type ,cm_order , cm_state) values(15540,63,92,522,'2013款 1.6XL CVT豪华版','2013款',6,0);
insert into t_car_model(cm_id ,cb_id,cbf_id, cs_id , cm_name,cm_type ,cm_order , cm_state) values(15536,63,92,522,'2013款 劲锐 1.6XV 手动豪华版','2013款',7,0);
insert into t_car_model(cm_id ,cb_id,cbf_id, cs_id , cm_name,cm_type ,cm_order , cm_state) values(14436,63,92,522,'2013款 劲锐 1.6XV CVT豪华版','2013款',8,0);
insert into t_car_model(cm_id ,cb_id,cbf_id, cs_id , cm_name,cm_type ,cm_order , cm_state) values(7387,63,92,522,'2010款 劲悦版 1.6L 自动炫能型','2010款',1,0);
insert into t_car_model(cm_id ,cb_id,cbf_id, cs_id , cm_name,cm_type ,cm_order , cm_state) values(7395,63,92,522,'2010款 劲锐版 1.6L 手动标准型','2010款',2,0);
insert into t_car_model(cm_id ,cb_id,cbf_id, cs_id , cm_name,cm_type ,cm_order , cm_state) values(7396,63,92,522,'2010款 劲锐版 1.6L 自动标准型','2010款',3,0);
insert into t_car_model(cm_id ,cb_id,cbf_id, cs_id , cm_name,cm_type ,cm_order , cm_state) values(7397,63,92,522,'2010款 劲锐版 1.6L 手动智能型','2010款',4,0);
insert into t_car_model(cm_id ,cb_id,cbf_id, cs_id , cm_name,cm_type ,cm_order , cm_state) values(7398,63,92,522,'2010款 劲锐版 1.6L 自动智能型','2010款',5,0);
insert into t_car_model(cm_id ,cb_id,cbf_id, cs_id , cm_name,cm_type ,cm_order , cm_state) values(7399,63,92,522,'2010款 劲锐版 1.6L 自动智能高配型','2010款',6,0);
insert into t_car_model(cm_id ,cb_id,cbf_id, cs_id , cm_name,cm_type ,cm_order , cm_state) values(7391,63,92,522,'2010款 劲悦版 1.6L 手动全能型','2010款',7,0);
insert into t_car_model(cm_id ,cb_id,cbf_id, cs_id , cm_name,cm_type ,cm_order , cm_state) values(7392,63,92,522,'2010款 劲悦版 1.6L 自动全能型','2010款',8,0);
insert into t_car_model(cm_id ,cb_id,cbf_id, cs_id , cm_name,cm_type ,cm_order , cm_state) values(7393,63,92,522,'2010款 劲悦版 1.6L 手动超能型','2010款',9,0);
insert into t_car_model(cm_id ,cb_id,cbf_id, cs_id , cm_name,cm_type ,cm_order , cm_state) values(7394,63,92,522,'2010款 劲悦版 1.6L 自动超能型','2010款',10,0);
insert into t_car_model(cm_id ,cb_id,cbf_id, cs_id , cm_name,cm_type ,cm_order , cm_state) values(7411,63,92,522,'2010款 劲逸版 1.8L 手动标准型','2010款',11,0);
insert into t_car_model(cm_id ,cb_id,cbf_id, cs_id , cm_name,cm_type ,cm_order , cm_state) values(7412,63,92,522,'2010款 劲逸版 1.8L 自动标准型','2010款',12,0);
insert into t_car_model(cm_id ,cb_id,cbf_id, cs_id , cm_name,cm_type ,cm_order , cm_state) values(6858,63,92,522,'2009款 1.6L 手动全能型','2009款',1,0);
insert into t_car_model(cm_id ,cb_id,cbf_id, cs_id , cm_name,cm_type ,cm_order , cm_state) values(6859,63,92,522,'2009款 1.6L 自动全能型','2009款',2,0);
insert into t_car_model(cm_id ,cb_id,cbf_id, cs_id , cm_name,cm_type ,cm_order , cm_state) values(3780,63,92,522,'2008款 1.6L 自动炫能型','2008款',1,0);
insert into t_car_model(cm_id ,cb_id,cbf_id, cs_id , cm_name,cm_type ,cm_order , cm_state) values(3781,63,92,522,'2008款 劲锐 1.6L 手动标准版','2008款',2,0);
insert into t_car_model(cm_id ,cb_id,cbf_id, cs_id , cm_name,cm_type ,cm_order , cm_state) values(3782,63,92,522,'2008款 劲锐 1.6L 自动标准版','2008款',3,0);
insert into t_car_model(cm_id ,cb_id,cbf_id, cs_id , cm_name,cm_type ,cm_order , cm_state) values(3783,63,92,522,'2008款 劲锐 1.6L 手动智能版','2008款',4,0);
insert into t_car_model(cm_id ,cb_id,cbf_id, cs_id , cm_name,cm_type ,cm_order , cm_state) values(3784,63,92,522,'2008款 劲锐 1.6L 自动智能版','2008款',5,0);
insert into t_car_model(cm_id ,cb_id,cbf_id, cs_id , cm_name,cm_type ,cm_order , cm_state) values(3779,63,92,522,'2008款 1.6L 手动炫能型','2008款',6,0);
insert into t_car_model(cm_id ,cb_id,cbf_id, cs_id , cm_name,cm_type ,cm_order , cm_state) values(2938,63,92,522,'2007款 1.6L 手动多能型','2007款',1,0);
insert into t_car_model(cm_id ,cb_id,cbf_id, cs_id , cm_name,cm_type ,cm_order , cm_state) values(2939,63,92,522,'2007款 1.6L 自动多能型','2007款',2,0);
insert into t_car_model(cm_id ,cb_id,cbf_id, cs_id , cm_name,cm_type ,cm_order , cm_state) values(3437,63,92,522,'2007款 改款 1.6L 手动多能型','2007款',3,0);
insert into t_car_model(cm_id ,cb_id,cbf_id, cs_id , cm_name,cm_type ,cm_order , cm_state) values(3438,63,92,522,'2007款 改款 1.6L 自动多能型','2007款',4,0);
insert into t_car_model(cm_id ,cb_id,cbf_id, cs_id , cm_name,cm_type ,cm_order , cm_state) values(2940,63,92,522,'2007款 1.6L 手动全能型','2007款',5,0);
insert into t_car_model(cm_id ,cb_id,cbf_id, cs_id , cm_name,cm_type ,cm_order , cm_state) values(2941,63,92,522,'2007款 1.6L 自动全能型','2007款',6,0);
insert into t_car_model(cm_id ,cb_id,cbf_id, cs_id , cm_name,cm_type ,cm_order , cm_state) values(2942,63,92,522,'2007款 1.6L 手动超能型','2007款',7,0);
insert into t_car_model(cm_id ,cb_id,cbf_id, cs_id , cm_name,cm_type ,cm_order , cm_state) values(2943,63,92,522,'2007款 1.6L 自动超能型','2007款',8,0);
insert into t_car_series(cs_id,cb_id,cbf_id,cs_name,cs_order,cs_letter) values(425,63,92,'骐达TIIDA',3051,'Q');
insert into t_car_model(cm_id ,cb_id,cbf_id, cs_id , cm_name,cm_type ,cm_order , cm_state) values(42670,63,92,425,'2020款 1.6L 手动乐动版','2020款',1,0);
insert into t_car_model(cm_id ,cb_id,cbf_id, cs_id , cm_name,cm_type ,cm_order , cm_state) values(42671,63,92,425,'2020款 1.6L CVT酷动版','2020款',2,0);
insert into t_car_model(cm_id ,cb_id,cbf_id, cs_id , cm_name,cm_type ,cm_order , cm_state) values(42672,63,92,425,'2020款 1.6L CVT智行版','2020款',3,0);
insert into t_car_model(cm_id ,cb_id,cbf_id, cs_id , cm_name,cm_type ,cm_order , cm_state) values(42673,63,92,425,'2020款 1.6L CVT智享版','2020款',4,0);
insert into t_car_model(cm_id ,cb_id,cbf_id, cs_id , cm_name,cm_type ,cm_order , cm_state) values(42674,63,92,425,'2020款 1.6L CVT智尊版','2020款',5,0);
insert into t_car_model(cm_id ,cb_id,cbf_id, cs_id , cm_name,cm_type ,cm_order , cm_state) values(38413,63,92,425,'2019款 1.6L 手动乐动版 国VI','2019款',1,0);
insert into t_car_model(cm_id ,cb_id,cbf_id, cs_id , cm_name,cm_type ,cm_order , cm_state) values(38414,63,92,425,'2019款 1.6L CVT酷动版 国VI','2019款',2,0);
insert into t_car_model(cm_id ,cb_id,cbf_id, cs_id , cm_name,cm_type ,cm_order , cm_state) values(38415,63,92,425,'2019款 1.6L CVT智行版 国VI','2019款',3,0);
insert into t_car_model(cm_id ,cb_id,cbf_id, cs_id , cm_name,cm_type ,cm_order , cm_state) values(38416,63,92,425,'2019款 1.6L CVT智享版 国VI','2019款',4,0);
insert into t_car_model(cm_id ,cb_id,cbf_id, cs_id , cm_name,cm_type ,cm_order , cm_state) values(38417,63,92,425,'2019款 1.6L CVT智尊版 国VI','2019款',5,0);
insert into t_car_model(cm_id ,cb_id,cbf_id, cs_id , cm_name,cm_type ,cm_order , cm_state) values(36839,63,92,425,'2019款 1.6L 手动乐动版 国V','2019款',6,0);
insert into t_car_model(cm_id ,cb_id,cbf_id, cs_id , cm_name,cm_type ,cm_order , cm_state) values(36840,63,92,425,'2019款 1.6L CVT酷动版 国V','2019款',7,0);
insert into t_car_model(cm_id ,cb_id,cbf_id, cs_id , cm_name,cm_type ,cm_order , cm_state) values(36841,63,92,425,'2019款 1.6L CVT智行版 国V','2019款',8,0);
insert into t_car_model(cm_id ,cb_id,cbf_id, cs_id , cm_name,cm_type ,cm_order , cm_state) values(36842,63,92,425,'2019款 1.6L CVT智享版 国V','2019款',9,0);
insert into t_car_model(cm_id ,cb_id,cbf_id, cs_id , cm_name,cm_type ,cm_order , cm_state) values(36843,63,92,425,'2019款 1.6L CVT智尊版 国V','2019款',10,0);
insert into t_car_model(cm_id ,cb_id,cbf_id, cs_id , cm_name,cm_type ,cm_order , cm_state) values(26341,63,92,425,'2016款 1.6L 手动乐动版','2016款',1,0);
insert into t_car_model(cm_id ,cb_id,cbf_id, cs_id , cm_name,cm_type ,cm_order , cm_state) values(26342,63,92,425,'2016款 1.6L CVT乐动版','2016款',2,0);
insert into t_car_model(cm_id ,cb_id,cbf_id, cs_id , cm_name,cm_type ,cm_order , cm_state) values(26343,63,92,425,'2016款 1.6L 手动酷动版','2016款',3,0);
insert into t_car_model(cm_id ,cb_id,cbf_id, cs_id , cm_name,cm_type ,cm_order , cm_state) values(26344,63,92,425,'2016款 1.6L CVT酷动版','2016款',4,0);
insert into t_car_model(cm_id ,cb_id,cbf_id, cs_id , cm_name,cm_type ,cm_order , cm_state) values(26346,63,92,425,'2016款 1.6L CVT智行版','2016款',5,0);
insert into t_car_model(cm_id ,cb_id,cbf_id, cs_id , cm_name,cm_type ,cm_order , cm_state) values(26287,63,92,425,'2016款 1.6L CVT智尊版','2016款',6,0);
insert into t_car_model(cm_id ,cb_id,cbf_id, cs_id , cm_name,cm_type ,cm_order , cm_state) values(22249,63,92,425,'2015款 1.6T 手动GTS限量版','2015款',1,0);
insert into t_car_model(cm_id ,cb_id,cbf_id, cs_id , cm_name,cm_type ,cm_order , cm_state) values(22250,63,92,425,'2015款 1.6T M-CVT GTS限量版','2015款',2,0);
insert into t_car_model(cm_id ,cb_id,cbf_id, cs_id , cm_name,cm_type ,cm_order , cm_state) values(21095,63,92,425,'2014款 1.6L 手动舒适型','2014款',1,0);
insert into t_car_model(cm_id ,cb_id,cbf_id, cs_id , cm_name,cm_type ,cm_order , cm_state) values(21096,63,92,425,'2014款 1.6L CVT舒适型','2014款',2,0);
insert into t_car_model(cm_id ,cb_id,cbf_id, cs_id , cm_name,cm_type ,cm_order , cm_state) values(21097,63,92,425,'2014款 1.6L 手动智能型','2014款',3,0);
insert into t_car_model(cm_id ,cb_id,cbf_id, cs_id , cm_name,cm_type ,cm_order , cm_state) values(21098,63,92,425,'2014款 1.6L CVT智能型','2014款',4,0);
insert into t_car_model(cm_id ,cb_id,cbf_id, cs_id , cm_name,cm_type ,cm_order , cm_state) values(20381,63,92,425,'2014款 1.6L CVT酷咖版','2014款',5,0);
insert into t_car_model(cm_id ,cb_id,cbf_id, cs_id , cm_name,cm_type ,cm_order , cm_state) values(21099,63,92,425,'2014款 1.6L CVT豪华型','2014款',6,0);
insert into t_car_model(cm_id ,cb_id,cbf_id, cs_id , cm_name,cm_type ,cm_order , cm_state) values(16786,63,92,425,'2013款 1.6L CVT酷咖版','2013款',1,0);
insert into t_car_model(cm_id ,cb_id,cbf_id, cs_id , cm_name,cm_type ,cm_order , cm_state) values(13307,63,92,425,'2012款 1.6T GTS极速限量版','2012款',1,0);
insert into t_car_model(cm_id ,cb_id,cbf_id, cs_id , cm_name,cm_type ,cm_order , cm_state) values(10017,63,92,425,'2011款 1.6L 手动舒适型','2011款',1,0);
insert into t_car_model(cm_id ,cb_id,cbf_id, cs_id , cm_name,cm_type ,cm_order , cm_state) values(10018,63,92,425,'2011款 1.6L CVT舒适型','2011款',2,0);
insert into t_car_model(cm_id ,cb_id,cbf_id, cs_id , cm_name,cm_type ,cm_order , cm_state) values(10019,63,92,425,'2011款 1.6L 手动智能型','2011款',3,0);
insert into t_car_model(cm_id ,cb_id,cbf_id, cs_id , cm_name,cm_type ,cm_order , cm_state) values(10020,63,92,425,'2011款 1.6L CVT智能型','2011款',4,0);
insert into t_car_model(cm_id ,cb_id,cbf_id, cs_id , cm_name,cm_type ,cm_order , cm_state) values(10021,63,92,425,'2011款 1.6L CVT豪华型','2011款',5,0);
insert into t_car_model(cm_id ,cb_id,cbf_id, cs_id , cm_name,cm_type ,cm_order , cm_state) values(10268,63,92,425,'2011款 1.6T 手动炫动版','2011款',6,0);
insert into t_car_model(cm_id ,cb_id,cbf_id, cs_id , cm_name,cm_type ,cm_order , cm_state) values(10269,63,92,425,'2011款 1.6T M-CVT炫动版','2011款',7,0);
insert into t_car_model(cm_id ,cb_id,cbf_id, cs_id , cm_name,cm_type ,cm_order , cm_state) values(10270,63,92,425,'2011款 1.6T 手动致酷版','2011款',8,0);
insert into t_car_model(cm_id ,cb_id,cbf_id, cs_id , cm_name,cm_type ,cm_order , cm_state) values(9937,63,92,425,'2011款 1.6T M-CVT致酷版','2011款',9,0);
insert into t_car_model(cm_id ,cb_id,cbf_id, cs_id , cm_name,cm_type ,cm_order , cm_state) values(3460,63,92,425,'2008款 1.6L 手动时尚型','2008款',1,0);
insert into t_car_model(cm_id ,cb_id,cbf_id, cs_id , cm_name,cm_type ,cm_order , cm_state) values(3461,63,92,425,'2008款 1.6L 自动时尚型','2008款',2,0);
insert into t_car_model(cm_id ,cb_id,cbf_id, cs_id , cm_name,cm_type ,cm_order , cm_state) values(3462,63,92,425,'2008款 1.6L 手动智能型','2008款',3,0);
insert into t_car_model(cm_id ,cb_id,cbf_id, cs_id , cm_name,cm_type ,cm_order , cm_state) values(3463,63,92,425,'2008款 1.6L 自动智能型','2008款',4,0);
insert into t_car_model(cm_id ,cb_id,cbf_id, cs_id , cm_name,cm_type ,cm_order , cm_state) values(4723,63,92,425,'2008款 1.6L 自动科技型','2008款',5,0);
insert into t_car_model(cm_id ,cb_id,cbf_id, cs_id , cm_name,cm_type ,cm_order , cm_state) values(3464,63,92,425,'2008款 1.6L 自动豪华型','2008款',6,0);
insert into t_car_model(cm_id ,cb_id,cbf_id, cs_id , cm_name,cm_type ,cm_order , cm_state) values(3465,63,92,425,'2008款 1.6L 自动尊贵型','2008款',7,0);
insert into t_car_model(cm_id ,cb_id,cbf_id, cs_id , cm_name,cm_type ,cm_order , cm_state) values(2286,63,92,425,'2006款 1.6G MT','2006款',1,0);
insert into t_car_model(cm_id ,cb_id,cbf_id, cs_id , cm_name,cm_type ,cm_order , cm_state) values(2287,63,92,425,'2006款 1.6G AT','2006款',2,0);
insert into t_car_model(cm_id ,cb_id,cbf_id, cs_id , cm_name,cm_type ,cm_order , cm_state) values(2288,63,92,425,'2006款 1.6GE MT','2006款',3,0);
insert into t_car_model(cm_id ,cb_id,cbf_id, cs_id , cm_name,cm_type ,cm_order , cm_state) values(2289,63,92,425,'2006款 1.6GE AT','2006款',4,0);
insert into t_car_model(cm_id ,cb_id,cbf_id, cs_id , cm_name,cm_type ,cm_order , cm_state) values(2290,63,92,425,'2006款 1.6GS AT','2006款',5,0);
insert into t_car_model(cm_id ,cb_id,cbf_id, cs_id , cm_name,cm_type ,cm_order , cm_state) values(2291,63,92,425,'2006款 1.6GS AT（NAVI）','2006款',6,0);
insert into t_car_model(cm_id ,cb_id,cbf_id, cs_id , cm_name,cm_type ,cm_order , cm_state) values(1803,63,92,425,'2005款 1.6G MT','2005款',1,0);
insert into t_car_model(cm_id ,cb_id,cbf_id, cs_id , cm_name,cm_type ,cm_order , cm_state) values(1800,63,92,425,'2005款 1.6G AT','2005款',2,0);
insert into t_car_model(cm_id ,cb_id,cbf_id, cs_id , cm_name,cm_type ,cm_order , cm_state) values(1804,63,92,425,'2005款 1.6GE AT','2005款',3,0);
insert into t_car_model(cm_id ,cb_id,cbf_id, cs_id , cm_name,cm_type ,cm_order , cm_state) values(1805,63,92,425,'2005款 1.6GS AT','2005款',4,0);
insert into t_car_model(cm_id ,cb_id,cbf_id, cs_id , cm_name,cm_type ,cm_order , cm_state) values(1835,63,92,425,'2005款 1.6GS AT（NAVI）','2005款',5,0);
insert into t_car_series(cs_id,cb_id,cbf_id,cs_name,cs_order,cs_letter) values(448,63,92,'轩逸',3052,'X');
insert into t_car_model(cm_id ,cb_id,cbf_id, cs_id , cm_name,cm_type ,cm_order , cm_state) values(40786,63,92,448,'2020款 1.6L XE 手动舒享版','2020款',1,0);
insert into t_car_model(cm_id ,cb_id,cbf_id, cs_id , cm_name,cm_type ,cm_order , cm_state) values(40787,63,92,448,'2020款 1.6L XE CVT舒享版','2020款',2,0);
insert into t_car_model(cm_id ,cb_id,cbf_id, cs_id , cm_name,cm_type ,cm_order , cm_state) values(40788,63,92,448,'2020款 1.6L XL 手动悦享版','2020款',3,0);
insert into t_car_model(cm_id ,cb_id,cbf_id, cs_id , cm_name,cm_type ,cm_order , cm_state) values(40789,63,92,448,'2020款 1.6L XL CVT悦享版','2020款',4,0);
insert into t_car_model(cm_id ,cb_id,cbf_id, cs_id , cm_name,cm_type ,cm_order , cm_state) values(40790,63,92,448,'2020款 1.6L XL CVT智享版','2020款',5,0);
insert into t_car_model(cm_id ,cb_id,cbf_id, cs_id , cm_name,cm_type ,cm_order , cm_state) values(38890,63,92,448,'2020款 1.6L TOP CVT奢享版','2020款',6,0);
insert into t_car_model(cm_id ,cb_id,cbf_id, cs_id , cm_name,cm_type ,cm_order , cm_state) values(40337,63,92,448,'2019款 经典 1.6XE 手动舒适版','2019款',1,0);
insert into t_car_model(cm_id ,cb_id,cbf_id, cs_id , cm_name,cm_type ,cm_order , cm_state) values(40338,63,92,448,'2019款 经典 1.6XE CVT舒适版','2019款',2,0);
insert into t_car_model(cm_id ,cb_id,cbf_id, cs_id , cm_name,cm_type ,cm_order , cm_state) values(40339,63,92,448,'2019款 经典 1.6XL 手动豪华版','2019款',3,0);
insert into t_car_model(cm_id ,cb_id,cbf_id, cs_id , cm_name,cm_type ,cm_order , cm_state) values(40340,63,92,448,'2019款 经典 1.6XL CVT豪华版','2019款',4,0);
insert into t_car_model(cm_id ,cb_id,cbf_id, cs_id , cm_name,cm_type ,cm_order , cm_state) values(36075,63,92,448,'2019款 1.6XE 手动舒适版 国V','2019款',5,0);
insert into t_car_model(cm_id ,cb_id,cbf_id, cs_id , cm_name,cm_type ,cm_order , cm_state) values(36078,63,92,448,'2019款 1.6XE 手动舒适版 国VI','2019款',6,0);
insert into t_car_model(cm_id ,cb_id,cbf_id, cs_id , cm_name,cm_type ,cm_order , cm_state) values(36076,63,92,448,'2019款 1.6XE CVT舒适版 国V','2019款',7,0);
insert into t_car_model(cm_id ,cb_id,cbf_id, cs_id , cm_name,cm_type ,cm_order , cm_state) values(36079,63,92,448,'2019款 1.6XE CVT舒适版 国VI','2019款',8,0);
insert into t_car_model(cm_id ,cb_id,cbf_id, cs_id , cm_name,cm_type ,cm_order , cm_state) values(36077,63,92,448,'2019款 1.6XL 手动豪华版 国V','2019款',9,0);
insert into t_car_model(cm_id ,cb_id,cbf_id, cs_id , cm_name,cm_type ,cm_order , cm_state) values(36080,63,92,448,'2019款 1.6XL 手动豪华版 国VI','2019款',10,0);
insert into t_car_model(cm_id ,cb_id,cbf_id, cs_id , cm_name,cm_type ,cm_order , cm_state) values(36032,63,92,448,'2019款 1.6XV CVT智联尊享版 国V','2019款',11,0);
insert into t_car_model(cm_id ,cb_id,cbf_id, cs_id , cm_name,cm_type ,cm_order , cm_state) values(36081,63,92,448,'2019款 1.6XV CVT智联尊享版 国VI','2019款',12,0);
insert into t_car_model(cm_id ,cb_id,cbf_id, cs_id , cm_name,cm_type ,cm_order , cm_state) values(36033,63,92,448,'2019款 1.6XV  CVT智联智尊版 国V','2019款',13,0);
insert into t_car_model(cm_id ,cb_id,cbf_id, cs_id , cm_name,cm_type ,cm_order , cm_state) values(36082,63,92,448,'2019款 1.6XV CVT智联智尊版 国VI','2019款',14,0);
insert into t_car_model(cm_id ,cb_id,cbf_id, cs_id , cm_name,cm_type ,cm_order , cm_state) values(36034,63,92,448,'2019款 1.8XV CVT智联智尊版 国V','2019款',15,0);
insert into t_car_model(cm_id ,cb_id,cbf_id, cs_id , cm_name,cm_type ,cm_order , cm_state) values(35458,63,92,448,'2019款 经典 1.6XE+ 手动智联领先版','2019款',16,0);
insert into t_car_model(cm_id ,cb_id,cbf_id, cs_id , cm_name,cm_type ,cm_order , cm_state) values(35459,63,92,448,'2019款 经典 1.6XE+ CVT智联领先版','2019款',17,0);
insert into t_car_model(cm_id ,cb_id,cbf_id, cs_id , cm_name,cm_type ,cm_order , cm_state) values(35460,63,92,448,'2019款 经典 1.6XE+ 手动智联豪华版','2019款',18,0);
insert into t_car_model(cm_id ,cb_id,cbf_id, cs_id , cm_name,cm_type ,cm_order , cm_state) values(35461,63,92,448,'2019款 经典 1.6XE+ CVT智联豪华版','2019款',19,0);
insert into t_car_model(cm_id ,cb_id,cbf_id, cs_id , cm_name,cm_type ,cm_order , cm_state) values(33255,63,92,448,'2018款 经典 1.6XE+ 手动领先版','2018款',1,0);
insert into t_car_model(cm_id ,cb_id,cbf_id, cs_id , cm_name,cm_type ,cm_order , cm_state) values(33256,63,92,448,'2018款 经典 1.6XE+ CVT领先版','2018款',2,0);
insert into t_car_model(cm_id ,cb_id,cbf_id, cs_id , cm_name,cm_type ,cm_order , cm_state) values(33257,63,92,448,'2018款 经典 1.6XE+ 手动豪华版','2018款',3,0);
insert into t_car_model(cm_id ,cb_id,cbf_id, cs_id , cm_name,cm_type ,cm_order , cm_state) values(33258,63,92,448,'2018款 经典 1.6XE+ CVT豪华版','2018款',4,0);
insert into t_car_model(cm_id ,cb_id,cbf_id, cs_id , cm_name,cm_type ,cm_order , cm_state) values(33317,63,92,448,'2018款 1.6XE 手动舒适版','2018款',5,0);
insert into t_car_model(cm_id ,cb_id,cbf_id, cs_id , cm_name,cm_type ,cm_order , cm_state) values(33318,63,92,448,'2018款 1.6XE CVT舒适版','2018款',6,0);
insert into t_car_model(cm_id ,cb_id,cbf_id, cs_id , cm_name,cm_type ,cm_order , cm_state) values(33319,63,92,448,'2018款 1.6XL 手动豪华版','2018款',7,0);
insert into t_car_model(cm_id ,cb_id,cbf_id, cs_id , cm_name,cm_type ,cm_order , cm_state) values(33320,63,92,448,'2018款 1.6XV CVT尊享版','2018款',8,0);
insert into t_car_model(cm_id ,cb_id,cbf_id, cs_id , cm_name,cm_type ,cm_order , cm_state) values(33321,63,92,448,'2018款 1.6XV+ CVT智尊版','2018款',9,0);
insert into t_car_model(cm_id ,cb_id,cbf_id, cs_id , cm_name,cm_type ,cm_order , cm_state) values(33322,63,92,448,'2018款 1.8XV CVT智尊版','2018款',10,0);
insert into t_car_model(cm_id ,cb_id,cbf_id, cs_id , cm_name,cm_type ,cm_order , cm_state) values(33253,63,92,448,'2018款 经典 1.6XE 手动舒适版','2018款',11,0);
insert into t_car_model(cm_id ,cb_id,cbf_id, cs_id , cm_name,cm_type ,cm_order , cm_state) values(33254,63,92,448,'2018款 经典 1.6XE CVT舒适版','2018款',12,0);
insert into t_car_model(cm_id ,cb_id,cbf_id, cs_id , cm_name,cm_type ,cm_order , cm_state) values(25392,63,92,448,'2016款 1.6XE 手动舒适版','2016款',1,0);
insert into t_car_model(cm_id ,cb_id,cbf_id, cs_id , cm_name,cm_type ,cm_order , cm_state) values(25394,63,92,448,'2016款 1.6XL 手动豪华版','2016款',2,0);
insert into t_car_model(cm_id ,cb_id,cbf_id, cs_id , cm_name,cm_type ,cm_order , cm_state) values(25393,63,92,448,'2016款 1.6XE CVT舒适版','2016款',3,0);
insert into t_car_model(cm_id ,cb_id,cbf_id, cs_id , cm_name,cm_type ,cm_order , cm_state) values(25395,63,92,448,'2016款 1.6XL CVT豪华版','2016款',4,0);
insert into t_car_model(cm_id ,cb_id,cbf_id, cs_id , cm_name,cm_type ,cm_order , cm_state) values(25396,63,92,448,'2016款 1.6XL  CVT尊享版','2016款',5,0);
insert into t_car_model(cm_id ,cb_id,cbf_id, cs_id , cm_name,cm_type ,cm_order , cm_state) values(25397,63,92,448,'2016款 1.6XV CVT智享版','2016款',6,0);
insert into t_car_model(cm_id ,cb_id,cbf_id, cs_id , cm_name,cm_type ,cm_order , cm_state) values(25398,63,92,448,'2016款 1.6XV  CVT智尊版','2016款',7,0);
insert into t_car_model(cm_id ,cb_id,cbf_id, cs_id , cm_name,cm_type ,cm_order , cm_state) values(25399,63,92,448,'2016款 1.8XL CVT豪华版','2016款',8,0);
insert into t_car_model(cm_id ,cb_id,cbf_id, cs_id , cm_name,cm_type ,cm_order , cm_state) values(25295,63,92,448,'2016款 1.8XV CVT智尊版','2016款',9,0);
insert into t_car_model(cm_id ,cb_id,cbf_id, cs_id , cm_name,cm_type ,cm_order , cm_state) values(28042,63,92,448,'2016款 经典 1.6XE 手动舒适版','2016款',10,0);
insert into t_car_model(cm_id ,cb_id,cbf_id, cs_id , cm_name,cm_type ,cm_order , cm_state) values(28043,63,92,448,'2016款 经典 1.6XE 自动舒适版','2016款',11,0);
insert into t_car_model(cm_id ,cb_id,cbf_id, cs_id , cm_name,cm_type ,cm_order , cm_state) values(27571,63,92,448,'2016款 经典 1.6XE 手动领先版','2016款',12,0);
insert into t_car_model(cm_id ,cb_id,cbf_id, cs_id , cm_name,cm_type ,cm_order , cm_state) values(27572,63,92,448,'2016款 经典 1.6XE 自动领先版','2016款',13,0);
insert into t_car_model(cm_id ,cb_id,cbf_id, cs_id , cm_name,cm_type ,cm_order , cm_state) values(28044,63,92,448,'2016款 经典 1.6XL 手动豪华版','2016款',14,0);
insert into t_car_model(cm_id ,cb_id,cbf_id, cs_id , cm_name,cm_type ,cm_order , cm_state) values(28045,63,92,448,'2016款 经典 1.6XL 自动豪华版','2016款',15,0);
insert into t_car_model(cm_id ,cb_id,cbf_id, cs_id , cm_name,cm_type ,cm_order , cm_state) values(19027,63,92,448,'2014款 1.6XV CVT尊享版','2014款',1,0);
insert into t_car_model(cm_id ,cb_id,cbf_id, cs_id , cm_name,cm_type ,cm_order , cm_state) values(13431,63,92,448,'2012款 1.6XE 手动舒适版','2012款',1,0);
insert into t_car_model(cm_id ,cb_id,cbf_id, cs_id , cm_name,cm_type ,cm_order , cm_state) values(13432,63,92,448,'2012款 1.6XE CVT舒适版','2012款',2,0);
insert into t_car_model(cm_id ,cb_id,cbf_id, cs_id , cm_name,cm_type ,cm_order , cm_state) values(13433,63,92,448,'2012款 1.6XL 手动豪华版','2012款',3,0);
insert into t_car_model(cm_id ,cb_id,cbf_id, cs_id , cm_name,cm_type ,cm_order , cm_state) values(13434,63,92,448,'2012款 1.6XL CVT豪华版','2012款',4,0);
insert into t_car_model(cm_id ,cb_id,cbf_id, cs_id , cm_name,cm_type ,cm_order , cm_state) values(13435,63,92,448,'2012款 1.8XE CVT舒适版','2012款',5,0);
insert into t_car_model(cm_id ,cb_id,cbf_id, cs_id , cm_name,cm_type ,cm_order , cm_state) values(13132,63,92,448,'2012款 1.8XL 手动豪华版','2012款',6,0);
insert into t_car_model(cm_id ,cb_id,cbf_id, cs_id , cm_name,cm_type ,cm_order , cm_state) values(13436,63,92,448,'2012款 1.8XL CVT豪华版','2012款',7,0);
insert into t_car_model(cm_id ,cb_id,cbf_id, cs_id , cm_name,cm_type ,cm_order , cm_state) values(12650,63,92,448,'2012款 1.8XV CVT尊享版','2012款',8,0);
insert into t_car_model(cm_id ,cb_id,cbf_id, cs_id , cm_name,cm_type ,cm_order , cm_state) values(13437,63,92,448,'2012款 经典 1.6XE 手动舒适版','2012款',9,0);
insert into t_car_model(cm_id ,cb_id,cbf_id, cs_id , cm_name,cm_type ,cm_order , cm_state) values(13438,63,92,448,'2012款 经典 1.6XE 自动舒适版','2012款',10,0);
insert into t_car_model(cm_id ,cb_id,cbf_id, cs_id , cm_name,cm_type ,cm_order , cm_state) values(13439,63,92,448,'2012款 经典 1.6XL 手动豪华版','2012款',11,0);
insert into t_car_model(cm_id ,cb_id,cbf_id, cs_id , cm_name,cm_type ,cm_order , cm_state) values(13440,63,92,448,'2012款 经典 1.6XL 自动豪华版','2012款',12,0);
insert into t_car_model(cm_id ,cb_id,cbf_id, cs_id , cm_name,cm_type ,cm_order , cm_state) values(5212,63,92,448,'2009款 1.6XE 手动舒适版','2009款',1,0);
insert into t_car_model(cm_id ,cb_id,cbf_id, cs_id , cm_name,cm_type ,cm_order , cm_state) values(5252,63,92,448,'2009款 1.6XE 自动舒适版','2009款',2,0);
insert into t_car_model(cm_id ,cb_id,cbf_id, cs_id , cm_name,cm_type ,cm_order , cm_state) values(5253,63,92,448,'2009款 1.6XL 手动豪华天窗版','2009款',3,0);
insert into t_car_model(cm_id ,cb_id,cbf_id, cs_id , cm_name,cm_type ,cm_order , cm_state) values(5213,63,92,448,'2009款 1.6XL 自动豪华天窗版','2009款',4,0);
insert into t_car_model(cm_id ,cb_id,cbf_id, cs_id , cm_name,cm_type ,cm_order , cm_state) values(5214,63,92,448,'2009款 2.0XL CVT豪华版','2009款',5,0);
insert into t_car_model(cm_id ,cb_id,cbf_id, cs_id , cm_name,cm_type ,cm_order , cm_state) values(5216,63,92,448,'2009款 2.0XL CVT豪华天窗版','2009款',6,0);
insert into t_car_model(cm_id ,cb_id,cbf_id, cs_id , cm_name,cm_type ,cm_order , cm_state) values(5215,63,92,448,'2009款 2.0XL CVT科技版','2009款',7,0);
insert into t_car_model(cm_id ,cb_id,cbf_id, cs_id , cm_name,cm_type ,cm_order , cm_state) values(5217,63,92,448,'2009款 2.0XL CVT科技天窗版','2009款',8,0);
insert into t_car_model(cm_id ,cb_id,cbf_id, cs_id , cm_name,cm_type ,cm_order , cm_state) values(4320,63,92,448,'2008款 1.6XE 舒适版','2008款',1,0);
insert into t_car_model(cm_id ,cb_id,cbf_id, cs_id , cm_name,cm_type ,cm_order , cm_state) values(4321,63,92,448,'2008款 1.6XL 豪华版','2008款',2,0);
insert into t_car_model(cm_id ,cb_id,cbf_id, cs_id , cm_name,cm_type ,cm_order , cm_state) values(4322,63,92,448,'2008款 2.0XE 舒适版','2008款',3,0);
insert into t_car_model(cm_id ,cb_id,cbf_id, cs_id , cm_name,cm_type ,cm_order , cm_state) values(4323,63,92,448,'2008款 2.0XL 豪华版','2008款',4,0);
insert into t_car_model(cm_id ,cb_id,cbf_id, cs_id , cm_name,cm_type ,cm_order , cm_state) values(4324,63,92,448,'2008款 2.0XL 科技版','2008款',5,0);
insert into t_car_model(cm_id ,cb_id,cbf_id, cs_id , cm_name,cm_type ,cm_order , cm_state) values(4325,63,92,448,'2008款 2.0XL 致酷版','2008款',6,0);
insert into t_car_model(cm_id ,cb_id,cbf_id, cs_id , cm_name,cm_type ,cm_order , cm_state) values(4326,63,92,448,'2008款 2.0XV DVD版','2008款',7,0);
insert into t_car_model(cm_id ,cb_id,cbf_id, cs_id , cm_name,cm_type ,cm_order , cm_state) values(4327,63,92,448,'2008款 2.0XV NAVI','2008款',8,0);
insert into t_car_model(cm_id ,cb_id,cbf_id, cs_id , cm_name,cm_type ,cm_order , cm_state) values(3201,63,92,448,'2007款 1.6 XE 舒适版','2007款',1,0);
insert into t_car_model(cm_id ,cb_id,cbf_id, cs_id , cm_name,cm_type ,cm_order , cm_state) values(3202,63,92,448,'2007款 1.6 XE 豪华版','2007款',2,0);
insert into t_car_model(cm_id ,cb_id,cbf_id, cs_id , cm_name,cm_type ,cm_order , cm_state) values(3203,63,92,448,'2007款 2.0 XE 舒适版','2007款',3,0);
insert into t_car_model(cm_id ,cb_id,cbf_id, cs_id , cm_name,cm_type ,cm_order , cm_state) values(3204,63,92,448,'2007款 2.0 XL 豪华版','2007款',4,0);
insert into t_car_model(cm_id ,cb_id,cbf_id, cs_id , cm_name,cm_type ,cm_order , cm_state) values(3205,63,92,448,'2007款 2.0 XL 科技版','2007款',5,0);
insert into t_car_model(cm_id ,cb_id,cbf_id, cs_id , cm_name,cm_type ,cm_order , cm_state) values(3206,63,92,448,'2007款 2.0 XL 天窗版','2007款',6,0);
insert into t_car_model(cm_id ,cb_id,cbf_id, cs_id , cm_name,cm_type ,cm_order , cm_state) values(3785,63,92,448,'2007款 2.0 XL 致酷版','2007款',7,0);
insert into t_car_model(cm_id ,cb_id,cbf_id, cs_id , cm_name,cm_type ,cm_order , cm_state) values(3207,63,92,448,'2007款 2.0 XV DVD版','2007款',8,0);
insert into t_car_model(cm_id ,cb_id,cbf_id, cs_id , cm_name,cm_type ,cm_order , cm_state) values(3208,63,92,448,'2007款 2.0 XV NAVI','2007款',9,0);
insert into t_car_model(cm_id ,cb_id,cbf_id, cs_id , cm_name,cm_type ,cm_order , cm_state) values(2760,63,92,448,'2006款 1.6 XE','2006款',1,0);
insert into t_car_model(cm_id ,cb_id,cbf_id, cs_id , cm_name,cm_type ,cm_order , cm_state) values(2445,63,92,448,'2006款 2.0 XE','2006款',2,0);
insert into t_car_model(cm_id ,cb_id,cbf_id, cs_id , cm_name,cm_type ,cm_order , cm_state) values(2446,63,92,448,'2006款 2.0 XL','2006款',3,0);
insert into t_car_model(cm_id ,cb_id,cbf_id, cs_id , cm_name,cm_type ,cm_order , cm_state) values(2448,63,92,448,'2006款 2.0 XL天窗版','2006款',4,0);
insert into t_car_model(cm_id ,cb_id,cbf_id, cs_id , cm_name,cm_type ,cm_order , cm_state) values(2447,63,92,448,'2006款 2.0 XV','2006款',5,0);
insert into t_car_model(cm_id ,cb_id,cbf_id, cs_id , cm_name,cm_type ,cm_order , cm_state) values(2606,63,92,448,'2006款 2.0 XV NAVI','2006款',6,0);
insert into t_car_model(cm_id ,cb_id,cbf_id, cs_id , cm_name,cm_type ,cm_order , cm_state) values(6756,63,92,448,'2006款 2.0 XL 科技版','2006款',7,0);
insert into t_car_series(cs_id,cb_id,cbf_id,cs_name,cs_order,cs_letter) values(64,63,92,'阳光',3053,'Y');
insert into t_car_model(cm_id ,cb_id,cbf_id, cs_id , cm_name,cm_type ,cm_order , cm_state) values(28012,63,92,64,'2016款 1.5XE 手动领先版','2016款',1,0);
insert into t_car_model(cm_id ,cb_id,cbf_id, cs_id , cm_name,cm_type ,cm_order , cm_state) values(28013,63,92,64,'2016款 1.5XE CVT领先版','2016款',2,0);
insert into t_car_model(cm_id ,cb_id,cbf_id, cs_id , cm_name,cm_type ,cm_order , cm_state) values(26367,63,92,64,'2015款 1.5XE 手动舒适版','2015款',1,0);
insert into t_car_model(cm_id ,cb_id,cbf_id, cs_id , cm_name,cm_type ,cm_order , cm_state) values(26368,63,92,64,'2015款 1.5XE CVT舒适版','2015款',2,0);
insert into t_car_model(cm_id ,cb_id,cbf_id, cs_id , cm_name,cm_type ,cm_order , cm_state) values(23051,63,92,64,'2015款 1.5XE 手动大师版','2015款',3,0);
insert into t_car_model(cm_id ,cb_id,cbf_id, cs_id , cm_name,cm_type ,cm_order , cm_state) values(23052,63,92,64,'2015款 1.5XE CVT大师版','2015款',4,0);
insert into t_car_model(cm_id ,cb_id,cbf_id, cs_id , cm_name,cm_type ,cm_order , cm_state) values(26369,63,92,64,'2015款 1.5XE 手动精英版','2015款',5,0);
insert into t_car_model(cm_id ,cb_id,cbf_id, cs_id , cm_name,cm_type ,cm_order , cm_state) values(26370,63,92,64,'2015款 1.5XE CVT精英版','2015款',6,0);
insert into t_car_model(cm_id ,cb_id,cbf_id, cs_id , cm_name,cm_type ,cm_order , cm_state) values(18179,63,92,64,'2014款 1.5XV CVT尊贵版','2014款',1,0);
insert into t_car_model(cm_id ,cb_id,cbf_id, cs_id , cm_name,cm_type ,cm_order , cm_state) values(18222,63,92,64,'2014款 1.5XE 手动舒适版','2014款',2,0);
insert into t_car_model(cm_id ,cb_id,cbf_id, cs_id , cm_name,cm_type ,cm_order , cm_state) values(18223,63,92,64,'2014款 1.5XE CVT舒适版','2014款',3,0);
insert into t_car_model(cm_id ,cb_id,cbf_id, cs_id , cm_name,cm_type ,cm_order , cm_state) values(18220,63,92,64,'2014款 1.5XE 手动精英版','2014款',4,0);
insert into t_car_model(cm_id ,cb_id,cbf_id, cs_id , cm_name,cm_type ,cm_order , cm_state) values(18221,63,92,64,'2014款 1.5XE CVT精英版','2014款',5,0);
insert into t_car_model(cm_id ,cb_id,cbf_id, cs_id , cm_name,cm_type ,cm_order , cm_state) values(18219,63,92,64,'2014款 1.5XL 手动豪华版','2014款',6,0);
insert into t_car_model(cm_id ,cb_id,cbf_id, cs_id , cm_name,cm_type ,cm_order , cm_state) values(18191,63,92,64,'2014款 1.5XL CVT豪华版','2014款',7,0);
insert into t_car_model(cm_id ,cb_id,cbf_id, cs_id , cm_name,cm_type ,cm_order , cm_state) values(9164,63,92,64,'2011款 1.5XE CVT舒适版','2011款',1,0);
insert into t_car_model(cm_id ,cb_id,cbf_id, cs_id , cm_name,cm_type ,cm_order , cm_state) values(9163,63,92,64,'2011款 1.5XL 手动豪华版','2011款',2,0);
insert into t_car_model(cm_id ,cb_id,cbf_id, cs_id , cm_name,cm_type ,cm_order , cm_state) values(9165,63,92,64,'2011款 1.5XL CVT豪华版','2011款',3,0);
insert into t_car_model(cm_id ,cb_id,cbf_id, cs_id , cm_name,cm_type ,cm_order , cm_state) values(9166,63,92,64,'2011款 1.5XV 手动尊贵版','2011款',4,0);
insert into t_car_model(cm_id ,cb_id,cbf_id, cs_id , cm_name,cm_type ,cm_order , cm_state) values(9167,63,92,64,'2011款 1.5XV CVT尊贵版','2011款',5,0);
insert into t_car_model(cm_id ,cb_id,cbf_id, cs_id , cm_name,cm_type ,cm_order , cm_state) values(9162,63,92,64,'2011款 1.5XE 手动舒适版','2011款',6,0);
insert into t_car_model(cm_id ,cb_id,cbf_id, cs_id , cm_name,cm_type ,cm_order , cm_state) values(1354,63,92,64,'2005款 2.0E 手动','2005款',1,0);
insert into t_car_model(cm_id ,cb_id,cbf_id, cs_id , cm_name,cm_type ,cm_order , cm_state) values(1353,63,92,64,'2005款 2.0E 自动','2005款',2,0);
insert into t_car_model(cm_id ,cb_id,cbf_id, cs_id , cm_name,cm_type ,cm_order , cm_state) values(1355,63,92,64,'2005款 2.0LE 自动','2005款',3,0);
insert into t_car_model(cm_id ,cb_id,cbf_id, cs_id , cm_name,cm_type ,cm_order , cm_state) values(1356,63,92,64,'2005款 2.0LS 自动','2005款',4,0);
insert into t_car_model(cm_id ,cb_id,cbf_id, cs_id , cm_name,cm_type ,cm_order , cm_state) values(1357,63,92,64,'2005款 2.0LS-NAVI','2005款',5,0);
insert into t_car_model(cm_id ,cb_id,cbf_id, cs_id , cm_name,cm_type ,cm_order , cm_state) values(413,63,92,64,'2004款 2.0E 手动','2004款',1,0);
insert into t_car_model(cm_id ,cb_id,cbf_id, cs_id , cm_name,cm_type ,cm_order , cm_state) values(412,63,92,64,'2004款 2.0E 自动','2004款',2,0);
insert into t_car_model(cm_id ,cb_id,cbf_id, cs_id , cm_name,cm_type ,cm_order , cm_state) values(414,63,92,64,'2004款 2.0LE 自动','2004款',3,0);
insert into t_car_model(cm_id ,cb_id,cbf_id, cs_id , cm_name,cm_type ,cm_order , cm_state) values(415,63,92,64,'2004款 2.0LS 自动','2004款',4,0);
insert into t_car_series(cs_id,cb_id,cbf_id,cs_name,cs_order,cs_letter) values(3817,63,92,'蓝鸟',3054,'L');
insert into t_car_model(cm_id ,cb_id,cbf_id, cs_id , cm_name,cm_type ,cm_order , cm_state) values(42675,63,92,3817,'2020款 1.6L 手动时尚版','2020款',1,0);
insert into t_car_model(cm_id ,cb_id,cbf_id, cs_id , cm_name,cm_type ,cm_order , cm_state) values(42676,63,92,3817,'2020款 1.6L 手动炫酷版','2020款',2,0);
insert into t_car_model(cm_id ,cb_id,cbf_id, cs_id , cm_name,cm_type ,cm_order , cm_state) values(42677,63,92,3817,'2020款 1.6L CVT炫酷版','2020款',3,0);
insert into t_car_model(cm_id ,cb_id,cbf_id, cs_id , cm_name,cm_type ,cm_order , cm_state) values(42678,63,92,3817,'2020款 1.6L CVT智联智酷版','2020款',4,0);
insert into t_car_model(cm_id ,cb_id,cbf_id, cs_id , cm_name,cm_type ,cm_order , cm_state) values(42679,63,92,3817,'2020款 1.6L CVT智联高能版','2020款',5,0);
insert into t_car_model(cm_id ,cb_id,cbf_id, cs_id , cm_name,cm_type ,cm_order , cm_state) values(36534,63,92,3817,'2019款 1.6L 手动时尚版 国VI','2019款',1,0);
insert into t_car_model(cm_id ,cb_id,cbf_id, cs_id , cm_name,cm_type ,cm_order , cm_state) values(36535,63,92,3817,'2019款 1.6L 手动炫酷版 国VI','2019款',2,0);
insert into t_car_model(cm_id ,cb_id,cbf_id, cs_id , cm_name,cm_type ,cm_order , cm_state) values(36536,63,92,3817,'2019款 1.6L CVT炫酷版 国VI','2019款',3,0);
insert into t_car_model(cm_id ,cb_id,cbf_id, cs_id , cm_name,cm_type ,cm_order , cm_state) values(36537,63,92,3817,'2019款 1.6L CVT智联智酷版 国VI','2019款',4,0);
insert into t_car_model(cm_id ,cb_id,cbf_id, cs_id , cm_name,cm_type ,cm_order , cm_state) values(36538,63,92,3817,'2019款 1.6L CVT智联高能版 国VI','2019款',5,0);
insert into t_car_model(cm_id ,cb_id,cbf_id, cs_id , cm_name,cm_type ,cm_order , cm_state) values(36422,63,92,3817,'2019款 1.6L 手动时尚版 国V','2019款',6,0);
insert into t_car_model(cm_id ,cb_id,cbf_id, cs_id , cm_name,cm_type ,cm_order , cm_state) values(36423,63,92,3817,'2019款 1.6L 手动炫酷版 国V','2019款',7,0);
insert into t_car_model(cm_id ,cb_id,cbf_id, cs_id , cm_name,cm_type ,cm_order , cm_state) values(36424,63,92,3817,'2019款 1.6L CVT炫酷版 国V','2019款',8,0);
insert into t_car_model(cm_id ,cb_id,cbf_id, cs_id , cm_name,cm_type ,cm_order , cm_state) values(36425,63,92,3817,'2019款 1.6L CVT智联智酷版 国V','2019款',9,0);
insert into t_car_model(cm_id ,cb_id,cbf_id, cs_id , cm_name,cm_type ,cm_order , cm_state) values(36426,63,92,3817,'2019款 1.6L CVT智联高能版 国V','2019款',10,0);
insert into t_car_model(cm_id ,cb_id,cbf_id, cs_id , cm_name,cm_type ,cm_order , cm_state) values(34737,63,92,3817,'2018款 1.6L 手动时尚潮音版','2018款',1,0);
insert into t_car_model(cm_id ,cb_id,cbf_id, cs_id , cm_name,cm_type ,cm_order , cm_state) values(34738,63,92,3817,'2018款 1.6L 手动炫酷潮音版','2018款',2,0);
insert into t_car_model(cm_id ,cb_id,cbf_id, cs_id , cm_name,cm_type ,cm_order , cm_state) values(34739,63,92,3817,'2018款 1.6L CVT炫酷潮音版','2018款',3,0);
insert into t_car_model(cm_id ,cb_id,cbf_id, cs_id , cm_name,cm_type ,cm_order , cm_state) values(34740,63,92,3817,'2018款 1.6L CVT智酷潮音版','2018款',4,0);
insert into t_car_model(cm_id ,cb_id,cbf_id, cs_id , cm_name,cm_type ,cm_order , cm_state) values(34736,63,92,3817,'2018款 1.6L CVT高能潮音版','2018款',5,0);
insert into t_car_model(cm_id ,cb_id,cbf_id, cs_id , cm_name,cm_type ,cm_order , cm_state) values(24316,63,92,3817,'2016款 1.6L 手动时尚版','2016款',1,0);
insert into t_car_model(cm_id ,cb_id,cbf_id, cs_id , cm_name,cm_type ,cm_order , cm_state) values(24003,63,92,3817,'2016款 1.6L 手动炫酷版','2016款',2,0);
insert into t_car_model(cm_id ,cb_id,cbf_id, cs_id , cm_name,cm_type ,cm_order , cm_state) values(24002,63,92,3817,'2016款 1.6L CVT炫酷版','2016款',3,0);
insert into t_car_model(cm_id ,cb_id,cbf_id, cs_id , cm_name,cm_type ,cm_order , cm_state) values(24001,63,92,3817,'2016款 1.6L CVT智酷版','2016款',4,0);
insert into t_car_model(cm_id ,cb_id,cbf_id, cs_id , cm_name,cm_type ,cm_order , cm_state) values(26036,63,92,3817,'2016款 1.6L CVT智炫版','2016款',5,0);
insert into t_car_model(cm_id ,cb_id,cbf_id, cs_id , cm_name,cm_type ,cm_order , cm_state) values(22586,63,92,3817,'2016款 1.6L CVT高能版','2016款',6,0);
insert into t_car_series(cs_id,cb_id,cbf_id,cs_name,cs_order,cs_letter) values(4766,63,92,'轩逸・纯电',3055,'X');
insert into t_car_model(cm_id ,cb_id,cbf_id, cs_id , cm_name,cm_type ,cm_order , cm_state) values(35010,63,92,4766,'2018款 智领版','2018款',1,0);
insert into t_car_model(cm_id ,cb_id,cbf_id, cs_id , cm_name,cm_type ,cm_order , cm_state) values(34282,63,92,4766,'2018款 智尊版','2018款',2,0);
insert into t_car_series(cs_id,cb_id,cbf_id,cs_name,cs_order,cs_letter) values(634,63,92,'天籁',3056,'T');
insert into t_car_model(cm_id ,cb_id,cbf_id, cs_id , cm_name,cm_type ,cm_order , cm_state) values(42398,63,92,634,'2020款 2.0L XE 时尚版','2020款',1,0);
insert into t_car_model(cm_id ,cb_id,cbf_id, cs_id , cm_name,cm_type ,cm_order , cm_state) values(42399,63,92,634,'2020款 2.0L XL 舒适版','2020款',2,0);
insert into t_car_model(cm_id ,cb_id,cbf_id, cs_id , cm_name,cm_type ,cm_order , cm_state) values(42400,63,92,634,'2020款 2.0L XL Upper 智行版','2020款',3,0);
insert into t_car_model(cm_id ,cb_id,cbf_id, cs_id , cm_name,cm_type ,cm_order , cm_state) values(42402,63,92,634,'2020款 2.0T XL 智领版','2020款',4,0);
insert into t_car_model(cm_id ,cb_id,cbf_id, cs_id , cm_name,cm_type ,cm_order , cm_state) values(42403,63,92,634,'2020款 2.0T XL Upper AD1 智享领航版','2020款',5,0);
insert into t_car_model(cm_id ,cb_id,cbf_id, cs_id , cm_name,cm_type ,cm_order , cm_state) values(42404,63,92,634,'2020款 2.0T XV AD1 智尊领航版','2020款',6,0);
insert into t_car_model(cm_id ,cb_id,cbf_id, cs_id , cm_name,cm_type ,cm_order , cm_state) values(37326,63,92,634,'2019款 2.0L XE 时尚版','2019款',1,0);
insert into t_car_model(cm_id ,cb_id,cbf_id, cs_id , cm_name,cm_type ,cm_order , cm_state) values(37327,63,92,634,'2019款 2.0L XL 舒适版','2019款',2,0);
insert into t_car_model(cm_id ,cb_id,cbf_id, cs_id , cm_name,cm_type ,cm_order , cm_state) values(36540,63,92,634,'2019款 2.0L XL Upper 智行版','2019款',3,0);
insert into t_car_model(cm_id ,cb_id,cbf_id, cs_id , cm_name,cm_type ,cm_order , cm_state) values(37328,63,92,634,'2019款 2.0T XL 智领版','2019款',4,0);
insert into t_car_model(cm_id ,cb_id,cbf_id, cs_id , cm_name,cm_type ,cm_order , cm_state) values(37329,63,92,634,'2019款 2.0T XL Upper 智享版','2019款',5,0);
insert into t_car_model(cm_id ,cb_id,cbf_id, cs_id , cm_name,cm_type ,cm_order , cm_state) values(37330,63,92,634,'2019款 2.0T XV 智尊版','2019款',6,0);
insert into t_car_model(cm_id ,cb_id,cbf_id, cs_id , cm_name,cm_type ,cm_order , cm_state) values(36308,63,92,634,'2019款 2.0T XV AD1 智尊领航版','2019款',7,0);
insert into t_car_model(cm_id ,cb_id,cbf_id, cs_id , cm_name,cm_type ,cm_order , cm_state) values(34360,63,92,634,'2018款 2.0L XL 智进版','2018款',1,0);
insert into t_car_model(cm_id ,cb_id,cbf_id, cs_id , cm_name,cm_type ,cm_order , cm_state) values(27180,63,92,634,'2016款 2.0L XE 时尚版','2016款',1,0);
insert into t_car_model(cm_id ,cb_id,cbf_id, cs_id , cm_name,cm_type ,cm_order , cm_state) values(27181,63,92,634,'2016款 2.0L XL舒适版','2016款',2,0);
insert into t_car_model(cm_id ,cb_id,cbf_id, cs_id , cm_name,cm_type ,cm_order , cm_state) values(29512,63,92,634,'2016款 改款 2.0L XL舒适版','2016款',3,0);
insert into t_car_model(cm_id ,cb_id,cbf_id, cs_id , cm_name,cm_type ,cm_order , cm_state) values(27182,63,92,634,'2016款 2.0L XL-Upper 智尚版','2016款',4,0);
insert into t_car_model(cm_id ,cb_id,cbf_id, cs_id , cm_name,cm_type ,cm_order , cm_state) values(27183,63,92,634,'2016款 2.5L XL 舒享版','2016款',5,0);
insert into t_car_model(cm_id ,cb_id,cbf_id, cs_id , cm_name,cm_type ,cm_order , cm_state) values(27184,63,92,634,'2016款 2.5L XL-Upper 智享版','2016款',6,0);
insert into t_car_model(cm_id ,cb_id,cbf_id, cs_id , cm_name,cm_type ,cm_order , cm_state) values(27149,63,92,634,'2016款 2.5L XL-UpperNAVI Tech 智尊版','2016款',7,0);
insert into t_car_model(cm_id ,cb_id,cbf_id, cs_id , cm_name,cm_type ,cm_order , cm_state) values(27185,63,92,634,'2016款 公爵 2.5L XV 尊享版','2016款',8,0);
insert into t_car_model(cm_id ,cb_id,cbf_id, cs_id , cm_name,cm_type ,cm_order , cm_state) values(27019,63,92,634,'2016款 公爵 2.5L XV-VIP 旗舰版','2016款',9,0);
insert into t_car_model(cm_id ,cb_id,cbf_id, cs_id , cm_name,cm_type ,cm_order , cm_state) values(22640,63,92,634,'2015款 2.0L XE-Sporty欧冠运动版','2015款',1,0);
insert into t_car_model(cm_id ,cb_id,cbf_id, cs_id , cm_name,cm_type ,cm_order , cm_state) values(22641,63,92,634,'2015款 2.0L XL-Sporty欧冠运动版','2015款',2,0);
insert into t_car_model(cm_id ,cb_id,cbf_id, cs_id , cm_name,cm_type ,cm_order , cm_state) values(22642,63,92,634,'2015款 2.0L XL Upper欧冠科技版','2015款',3,0);
insert into t_car_model(cm_id ,cb_id,cbf_id, cs_id , cm_name,cm_type ,cm_order , cm_state) values(22643,63,92,634,'2015款 2.5L XL Upper欧冠科技版','2015款',4,0);
insert into t_car_model(cm_id ,cb_id,cbf_id, cs_id , cm_name,cm_type ,cm_order , cm_state) values(22644,63,92,634,'2015款 2.5L XL-NAVI Tech欧冠智享版','2015款',5,0);
insert into t_car_model(cm_id ,cb_id,cbf_id, cs_id , cm_name,cm_type ,cm_order , cm_state) values(22645,63,92,634,'2015款 2.5L XL-UpperNAVI Tech欧冠尊贵版','2015款',6,0);
insert into t_car_model(cm_id ,cb_id,cbf_id, cs_id , cm_name,cm_type ,cm_order , cm_state) values(22646,63,92,634,'2015款 公爵 2.5L XV欧冠荣耀版','2015款',7,0);
insert into t_car_model(cm_id ,cb_id,cbf_id, cs_id , cm_name,cm_type ,cm_order , cm_state) values(22647,63,92,634,'2015款 公爵 2.5L XV欧冠尊雅版','2015款',8,0);
insert into t_car_model(cm_id ,cb_id,cbf_id, cs_id , cm_name,cm_type ,cm_order , cm_state) values(22648,63,92,634,'2015款 公爵 2.5L XV-NAVI-FES欧冠尊尚版','2015款',9,0);
insert into t_car_model(cm_id ,cb_id,cbf_id, cs_id , cm_name,cm_type ,cm_order , cm_state) values(22649,63,92,634,'2015款 公爵 2.5L XV-VIP欧冠尊领版','2015款',10,0);
insert into t_car_model(cm_id ,cb_id,cbf_id, cs_id , cm_name,cm_type ,cm_order , cm_state) values(19025,63,92,634,'2014款 2.0L XL Upper科技版','2014款',1,0);
insert into t_car_model(cm_id ,cb_id,cbf_id, cs_id , cm_name,cm_type ,cm_order , cm_state) values(19026,63,92,634,'2014款 2.5L XL Upper科技版','2014款',2,0);
insert into t_car_model(cm_id ,cb_id,cbf_id, cs_id , cm_name,cm_type ,cm_order , cm_state) values(18970,63,92,634,'2014款 公爵 2.5L XV荣耀版','2014款',3,0);
insert into t_car_model(cm_id ,cb_id,cbf_id, cs_id , cm_name,cm_type ,cm_order , cm_state) values(17638,63,92,634,'2014款 公爵 2.5L XV尊享版','2014款',4,0);
insert into t_car_model(cm_id ,cb_id,cbf_id, cs_id , cm_name,cm_type ,cm_order , cm_state) values(17639,63,92,634,'2014款 公爵 2.5L XV尊雅版','2014款',5,0);
insert into t_car_model(cm_id ,cb_id,cbf_id, cs_id , cm_name,cm_type ,cm_order , cm_state) values(17640,63,92,634,'2014款 公爵 2.5L XV-NAVI-FES尊尚版','2014款',6,0);
insert into t_car_model(cm_id ,cb_id,cbf_id, cs_id , cm_name,cm_type ,cm_order , cm_state) values(17337,63,92,634,'2014款 公爵 2.5L XV-VIP尊领版','2014款',7,0);
insert into t_car_model(cm_id ,cb_id,cbf_id, cs_id , cm_name,cm_type ,cm_order , cm_state) values(15128,63,92,634,'2013款 2.0L XE时尚版','2013款',1,0);
insert into t_car_model(cm_id ,cb_id,cbf_id, cs_id , cm_name,cm_type ,cm_order , cm_state) values(15104,63,92,634,'2013款 2.0L XL舒适版','2013款',2,0);
insert into t_car_model(cm_id ,cb_id,cbf_id, cs_id , cm_name,cm_type ,cm_order , cm_state) values(15127,63,92,634,'2013款 2.0L XL-NAVI智领版','2013款',3,0);
insert into t_car_model(cm_id ,cb_id,cbf_id, cs_id , cm_name,cm_type ,cm_order , cm_state) values(15126,63,92,634,'2013款 2.5L XL领先版','2013款',4,0);
insert into t_car_model(cm_id ,cb_id,cbf_id, cs_id , cm_name,cm_type ,cm_order , cm_state) values(15125,63,92,634,'2013款 2.5L XL-NAVI豪华版','2013款',5,0);
insert into t_car_model(cm_id ,cb_id,cbf_id, cs_id , cm_name,cm_type ,cm_order , cm_state) values(14881,63,92,634,'2013款 2.5L XL-NAVI Tech智享版','2013款',6,0);
insert into t_car_model(cm_id ,cb_id,cbf_id, cs_id , cm_name,cm_type ,cm_order , cm_state) values(15124,63,92,634,'2013款 2.5L XL-UpperNAVI Tech尊贵版','2013款',7,0);
insert into t_car_model(cm_id ,cb_id,cbf_id, cs_id , cm_name,cm_type ,cm_order , cm_state) values(11867,63,92,634,'2012款 2.0L XL智享版','2012款',1,0);
insert into t_car_model(cm_id ,cb_id,cbf_id, cs_id , cm_name,cm_type ,cm_order , cm_state) values(13075,63,92,634,'2012款 2.5L XL-NAVI云安全版','2012款',2,0);
insert into t_car_model(cm_id ,cb_id,cbf_id, cs_id , cm_name,cm_type ,cm_order , cm_state) values(11868,63,92,634,'2012款 2.5L XL智享版','2012款',3,0);
insert into t_car_model(cm_id ,cb_id,cbf_id, cs_id , cm_name,cm_type ,cm_order , cm_state) values(13076,63,92,634,'2012款 2.5L XV云安全版','2012款',4,0);
insert into t_car_model(cm_id ,cb_id,cbf_id, cs_id , cm_name,cm_type ,cm_order , cm_state) values(13077,63,92,634,'2012款 2.5L XV VIP云安全版','2012款',5,0);
insert into t_car_model(cm_id ,cb_id,cbf_id, cs_id , cm_name,cm_type ,cm_order , cm_state) values(9012,63,92,634,'2011款 2.0L XE标准版','2011款',1,0);
insert into t_car_model(cm_id ,cb_id,cbf_id, cs_id , cm_name,cm_type ,cm_order , cm_state) values(9013,63,92,634,'2011款 2.0L XL舒适版','2011款',2,0);
insert into t_car_model(cm_id ,cb_id,cbf_id, cs_id , cm_name,cm_type ,cm_order , cm_state) values(9710,63,92,634,'2011款 2.0L XL荣耀版','2011款',3,0);
insert into t_car_model(cm_id ,cb_id,cbf_id, cs_id , cm_name,cm_type ,cm_order , cm_state) values(9014,63,92,634,'2011款 2.0L XL-NAVI智尚版','2011款',4,0);
insert into t_car_model(cm_id ,cb_id,cbf_id, cs_id , cm_name,cm_type ,cm_order , cm_state) values(9010,63,92,634,'2011款 2.5L XL领先版','2011款',5,0);
insert into t_car_model(cm_id ,cb_id,cbf_id, cs_id , cm_name,cm_type ,cm_order , cm_state) values(9711,63,92,634,'2011款 2.5L XL荣耀版','2011款',6,0);
insert into t_car_model(cm_id ,cb_id,cbf_id, cs_id , cm_name,cm_type ,cm_order , cm_state) values(9011,63,92,634,'2011款 2.5L XL-NAVI智领版','2011款',7,0);
insert into t_car_model(cm_id ,cb_id,cbf_id, cs_id , cm_name,cm_type ,cm_order , cm_state) values(9009,63,92,634,'2011款 公爵 2.5L XV尊雅版','2011款',8,0);
insert into t_car_model(cm_id ,cb_id,cbf_id, cs_id , cm_name,cm_type ,cm_order , cm_state) values(9004,63,92,634,'2011款 公爵 2.5L XV VIP尊尚版','2011款',9,0);
insert into t_car_model(cm_id ,cb_id,cbf_id, cs_id , cm_name,cm_type ,cm_order , cm_state) values(9008,63,92,634,'2011款 公爵 3.5L XV VIP尊领版','2011款',10,0);
insert into t_car_model(cm_id ,cb_id,cbf_id, cs_id , cm_name,cm_type ,cm_order , cm_state) values(8019,63,92,634,'2010款 2.0L XL周年纪念版','2010款',1,0);
insert into t_car_model(cm_id ,cb_id,cbf_id, cs_id , cm_name,cm_type ,cm_order , cm_state) values(8020,63,92,634,'2010款 2.5L XL周年纪念版','2010款',2,0);
insert into t_car_model(cm_id ,cb_id,cbf_id, cs_id , cm_name,cm_type ,cm_order , cm_state) values(5565,63,92,634,'2009款 公爵 2.5L XV VIP尊享版','2009款',1,0);
insert into t_car_model(cm_id ,cb_id,cbf_id, cs_id , cm_name,cm_type ,cm_order , cm_state) values(3928,63,92,634,'2008款 2.0L XE标准版','2008款',1,0);
insert into t_car_model(cm_id ,cb_id,cbf_id, cs_id , cm_name,cm_type ,cm_order , cm_state) values(3919,63,92,634,'2008款 2.0L XL舒适版','2008款',2,0);
insert into t_car_model(cm_id ,cb_id,cbf_id, cs_id , cm_name,cm_type ,cm_order , cm_state) values(3990,63,92,634,'2008款 2.0L XL Opt豪华版','2008款',3,0);
insert into t_car_model(cm_id ,cb_id,cbf_id, cs_id , cm_name,cm_type ,cm_order , cm_state) values(3920,63,92,634,'2008款 2.5L XL领先版','2008款',4,0);
insert into t_car_model(cm_id ,cb_id,cbf_id, cs_id , cm_name,cm_type ,cm_order , cm_state) values(4662,63,92,634,'2008款 2.5L RX酷动版','2008款',5,0);
insert into t_car_model(cm_id ,cb_id,cbf_id, cs_id , cm_name,cm_type ,cm_order , cm_state) values(3991,63,92,634,'2008款 2.5L XL Res剧院版','2008款',6,0);
insert into t_car_model(cm_id ,cb_id,cbf_id, cs_id , cm_name,cm_type ,cm_order , cm_state) values(3992,63,92,634,'2008款 公爵 2.5L XV尊雅版','2008款',7,0);
insert into t_car_model(cm_id ,cb_id,cbf_id, cs_id , cm_name,cm_type ,cm_order , cm_state) values(3993,63,92,634,'2008款 公爵 3.5L XV VIP至尊版','2008款',8,0);
insert into t_car_model(cm_id ,cb_id,cbf_id, cs_id , cm_name,cm_type ,cm_order , cm_state) values(3921,63,92,634,'2008款 公爵 3.5L XV尊驭版','2008款',9,0);
insert into t_car_model(cm_id ,cb_id,cbf_id, cs_id , cm_name,cm_type ,cm_order , cm_state) values(3146,63,92,634,'2007款 御 230JK豪华版','2007款',1,0);
insert into t_car_model(cm_id ,cb_id,cbf_id, cs_id , cm_name,cm_type ,cm_order , cm_state) values(3147,63,92,634,'2007款 御 230JK豪华天窗','2007款',2,0);
insert into t_car_model(cm_id ,cb_id,cbf_id, cs_id , cm_name,cm_type ,cm_order , cm_state) values(3148,63,92,634,'2007款 御 230JM-S科技版','2007款',3,0);
insert into t_car_model(cm_id ,cb_id,cbf_id, cs_id , cm_name,cm_type ,cm_order , cm_state) values(3149,63,92,634,'2007款 御 230JM尊贵版','2007款',4,0);
insert into t_car_model(cm_id ,cb_id,cbf_id, cs_id , cm_name,cm_type ,cm_order , cm_state) values(3150,63,92,634,'2007款 御 350JM-VIP旗舰','2007款',5,0);
insert into t_car_model(cm_id ,cb_id,cbf_id, cs_id , cm_name,cm_type ,cm_order , cm_state) values(6748,63,92,634,'2007款 230JK豪华天窗','2007款',6,0);
insert into t_car_model(cm_id ,cb_id,cbf_id, cs_id , cm_name,cm_type ,cm_order , cm_state) values(6749,63,92,634,'2007款 230JM-S科技版','2007款',7,0);
insert into t_car_model(cm_id ,cb_id,cbf_id, cs_id , cm_name,cm_type ,cm_order , cm_state) values(6751,63,92,634,'2007款 230JM尊贵版','2007款',8,0);
insert into t_car_model(cm_id ,cb_id,cbf_id, cs_id , cm_name,cm_type ,cm_order , cm_state) values(6755,63,92,634,'2007款 天籁350JM-VIP','2007款',9,0);
insert into t_car_model(cm_id ,cb_id,cbf_id, cs_id , cm_name,cm_type ,cm_order , cm_state) values(2177,63,92,634,'2006款 230JK-S舒适','2006款',1,0);
insert into t_car_model(cm_id ,cb_id,cbf_id, cs_id , cm_name,cm_type ,cm_order , cm_state) values(2185,63,92,634,'2006款 230JK-S舒适天窗','2006款',2,0);
insert into t_car_model(cm_id ,cb_id,cbf_id, cs_id , cm_name,cm_type ,cm_order , cm_state) values(2176,63,92,634,'2006款 200JK豪华版','2006款',3,0);
insert into t_car_model(cm_id ,cb_id,cbf_id, cs_id , cm_name,cm_type ,cm_order , cm_state) values(2184,63,92,634,'2006款 200JK豪华天窗','2006款',4,0);
insert into t_car_model(cm_id ,cb_id,cbf_id, cs_id , cm_name,cm_type ,cm_order , cm_state) values(6742,63,92,634,'2006款 230JK 2周年纪念版','2006款',5,0);
insert into t_car_model(cm_id ,cb_id,cbf_id, cs_id , cm_name,cm_type ,cm_order , cm_state) values(2178,63,92,634,'2005款 230JM-S','2005款',1,0);
insert into t_car_model(cm_id ,cb_id,cbf_id, cs_id , cm_name,cm_type ,cm_order , cm_state) values(2179,63,92,634,'2005款 230JM','2005款',2,0);
insert into t_car_model(cm_id ,cb_id,cbf_id, cs_id , cm_name,cm_type ,cm_order , cm_state) values(2180,63,92,634,'2005款 350JM-VIP','2005款',3,0);
insert into t_car_model(cm_id ,cb_id,cbf_id, cs_id , cm_name,cm_type ,cm_order , cm_state) values(1335,63,92,634,'2004款 230JK','2004款',1,0);
insert into t_car_model(cm_id ,cb_id,cbf_id, cs_id , cm_name,cm_type ,cm_order , cm_state) values(1463,63,92,634,'2004款 230JK(天窗版)','2004款',2,0);
insert into t_car_model(cm_id ,cb_id,cbf_id, cs_id , cm_name,cm_type ,cm_order , cm_state) values(1933,63,92,634,'2004款 230JM-S','2004款',3,0);
insert into t_car_model(cm_id ,cb_id,cbf_id, cs_id , cm_name,cm_type ,cm_order , cm_state) values(1271,63,92,634,'2004款 230JM','2004款',4,0);
insert into t_car_model(cm_id ,cb_id,cbf_id, cs_id , cm_name,cm_type ,cm_order , cm_state) values(1464,63,92,634,'2004款 230JM(天窗版)','2004款',5,0);
insert into t_car_model(cm_id ,cb_id,cbf_id, cs_id , cm_name,cm_type ,cm_order , cm_state) values(1081,63,92,634,'2004款 350JM-VIP','2004款',6,0);
insert into t_car_series(cs_id,cb_id,cbf_id,cs_name,cs_order,cs_letter) values(3957,63,92,'西玛',3057,'X');
insert into t_car_model(cm_id ,cb_id,cbf_id, cs_id , cm_name,cm_type ,cm_order , cm_state) values(25746,63,92,3957,'2016款 2.5L XE 精英版','2016款',1,0);
insert into t_car_model(cm_id ,cb_id,cbf_id, cs_id , cm_name,cm_type ,cm_order , cm_state) values(25747,63,92,3957,'2016款 2.5L XL 豪华版','2016款',2,0);
insert into t_car_model(cm_id ,cb_id,cbf_id, cs_id , cm_name,cm_type ,cm_order , cm_state) values(24553,63,92,3957,'2016款 2.5L XV 至尊版','2016款',3,0);
insert into t_car_series(cs_id,cb_id,cbf_id,cs_name,cs_order,cs_letter) values(4305,63,92,'劲客',3058,'J');
insert into t_car_model(cm_id ,cb_id,cbf_id, cs_id , cm_name,cm_type ,cm_order , cm_state) values(42650,63,92,4305,'2020款 1.5L 手动酷动版','2020款',1,0);
insert into t_car_model(cm_id ,cb_id,cbf_id, cs_id , cm_name,cm_type ,cm_order , cm_state) values(42651,63,92,4305,'2020款 1.5L CVT酷享版','2020款',2,0);
insert into t_car_model(cm_id ,cb_id,cbf_id, cs_id , cm_name,cm_type ,cm_order , cm_state) values(42652,63,92,4305,'2020款 1.5L CVT智联豪华版','2020款',3,0);
insert into t_car_model(cm_id ,cb_id,cbf_id, cs_id , cm_name,cm_type ,cm_order , cm_state) values(42653,63,92,4305,'2020款 1.5L CVT智联尊享版','2020款',4,0);
insert into t_car_model(cm_id ,cb_id,cbf_id, cs_id , cm_name,cm_type ,cm_order , cm_state) values(38394,63,92,4305,'2019款 1.5L 手动酷动版','2019款',1,0);
insert into t_car_model(cm_id ,cb_id,cbf_id, cs_id , cm_name,cm_type ,cm_order , cm_state) values(38395,63,92,4305,'2019款 1.5L CVT酷享版','2019款',2,0);
insert into t_car_model(cm_id ,cb_id,cbf_id, cs_id , cm_name,cm_type ,cm_order , cm_state) values(38396,63,92,4305,'2019款 1.5L CVT智联豪华版','2019款',3,0);
insert into t_car_model(cm_id ,cb_id,cbf_id, cs_id , cm_name,cm_type ,cm_order , cm_state) values(38397,63,92,4305,'2019款 1.5L CVT智联尊享版','2019款',4,0);
insert into t_car_model(cm_id ,cb_id,cbf_id, cs_id , cm_name,cm_type ,cm_order , cm_state) values(34923,63,92,4305,'2018款 1.5L CVT智联豪华版','2018款',1,0);
insert into t_car_model(cm_id ,cb_id,cbf_id, cs_id , cm_name,cm_type ,cm_order , cm_state) values(34924,63,92,4305,'2018款 1.5L CVT智联尊享版','2018款',2,0);
insert into t_car_model(cm_id ,cb_id,cbf_id, cs_id , cm_name,cm_type ,cm_order , cm_state) values(30952,63,92,4305,'2017款 1.5L 手动酷动版','2017款',1,0);
insert into t_car_model(cm_id ,cb_id,cbf_id, cs_id , cm_name,cm_type ,cm_order , cm_state) values(30799,63,92,4305,'2017款 1.5L CVT酷享版','2017款',2,0);
insert into t_car_model(cm_id ,cb_id,cbf_id, cs_id , cm_name,cm_type ,cm_order , cm_state) values(30800,63,92,4305,'2017款 1.5L CVT智行版','2017款',3,0);
insert into t_car_model(cm_id ,cb_id,cbf_id, cs_id , cm_name,cm_type ,cm_order , cm_state) values(29342,63,92,4305,'2017款 1.5L CVT智领版','2017款',4,0);
insert into t_car_series(cs_id,cb_id,cbf_id,cs_name,cs_order,cs_letter) values(564,63,92,'逍客',3059,'X');
insert into t_car_model(cm_id ,cb_id,cbf_id, cs_id , cm_name,cm_type ,cm_order , cm_state) values(38611,63,92,564,'2019款 2.0L CVT智享版','2019款',1,0);
insert into t_car_model(cm_id ,cb_id,cbf_id, cs_id , cm_name,cm_type ,cm_order , cm_state) values(38546,63,92,564,'2019款 2.0L CVT豪华版','2019款',2,0);
insert into t_car_model(cm_id ,cb_id,cbf_id, cs_id , cm_name,cm_type ,cm_order , cm_state) values(38612,63,92,564,'2019款 2.0L CVT旗舰版','2019款',3,0);
insert into t_car_model(cm_id ,cb_id,cbf_id, cs_id , cm_name,cm_type ,cm_order , cm_state) values(30528,63,92,564,'2017款 1.2T 手动时尚版','2017款',1,0);
insert into t_car_model(cm_id ,cb_id,cbf_id, cs_id , cm_name,cm_type ,cm_order , cm_state) values(30529,63,92,564,'2017款 1.2T CVT时尚版','2017款',2,0);
insert into t_car_model(cm_id ,cb_id,cbf_id, cs_id , cm_name,cm_type ,cm_order , cm_state) values(38385,63,92,564,'2017款 2.0L CVT精英版 国VI','2017款',3,0);
insert into t_car_model(cm_id ,cb_id,cbf_id, cs_id , cm_name,cm_type ,cm_order , cm_state) values(38386,63,92,564,'2017款 2.0L CVT智享版 国VI','2017款',4,0);
insert into t_car_model(cm_id ,cb_id,cbf_id, cs_id , cm_name,cm_type ,cm_order , cm_state) values(38387,63,92,564,'2017款 2.0L CVT豪华版 国VI','2017款',5,0);
insert into t_car_model(cm_id ,cb_id,cbf_id, cs_id , cm_name,cm_type ,cm_order , cm_state) values(38388,63,92,564,'2017款 2.0L CVT旗舰版 国VI','2017款',6,0);
insert into t_car_model(cm_id ,cb_id,cbf_id, cs_id , cm_name,cm_type ,cm_order , cm_state) values(30530,63,92,564,'2017款 2.0L CVT精英版 国V','2017款',7,0);
insert into t_car_model(cm_id ,cb_id,cbf_id, cs_id , cm_name,cm_type ,cm_order , cm_state) values(30531,63,92,564,'2017款 2.0L CVT智享版 国V','2017款',8,0);
insert into t_car_model(cm_id ,cb_id,cbf_id, cs_id , cm_name,cm_type ,cm_order , cm_state) values(30532,63,92,564,'2017款 2.0L CVT豪华版 国V','2017款',9,0);
insert into t_car_model(cm_id ,cb_id,cbf_id, cs_id , cm_name,cm_type ,cm_order , cm_state) values(30533,63,92,564,'2017款 2.0L CVT旗舰版 国V','2017款',10,0);
insert into t_car_model(cm_id ,cb_id,cbf_id, cs_id , cm_name,cm_type ,cm_order , cm_state) values(24208,63,92,564,'2016款 1.2T 手动时尚版','2016款',1,0);
insert into t_car_model(cm_id ,cb_id,cbf_id, cs_id , cm_name,cm_type ,cm_order , cm_state) values(24209,63,92,564,'2016款 1.2T CVT时尚版','2016款',2,0);
insert into t_car_model(cm_id ,cb_id,cbf_id, cs_id , cm_name,cm_type ,cm_order , cm_state) values(24210,63,92,564,'2016款 2.0L CVT精英版','2016款',3,0);
insert into t_car_model(cm_id ,cb_id,cbf_id, cs_id , cm_name,cm_type ,cm_order , cm_state) values(24134,63,92,564,'2016款 2.0L CVT领先版','2016款',4,0);
insert into t_car_model(cm_id ,cb_id,cbf_id, cs_id , cm_name,cm_type ,cm_order , cm_state) values(24211,63,92,564,'2016款 2.0L CVT豪华版','2016款',5,0);
insert into t_car_model(cm_id ,cb_id,cbf_id, cs_id , cm_name,cm_type ,cm_order , cm_state) values(24212,63,92,564,'2016款 2.0L CVT尊享版','2016款',6,0);
insert into t_car_model(cm_id ,cb_id,cbf_id, cs_id , cm_name,cm_type ,cm_order , cm_state) values(23944,63,92,564,'2016款 2.0L CVT旗舰版','2016款',7,0);
insert into t_car_model(cm_id ,cb_id,cbf_id, cs_id , cm_name,cm_type ,cm_order , cm_state) values(20230,63,92,564,'2015款 2.0XL 酷火 MT 2WD','2015款',1,0);
insert into t_car_model(cm_id ,cb_id,cbf_id, cs_id , cm_name,cm_type ,cm_order , cm_state) values(20231,63,92,564,'2015款 2.0XL 酷火 CVT 2WD','2015款',2,0);
insert into t_car_model(cm_id ,cb_id,cbf_id, cs_id , cm_name,cm_type ,cm_order , cm_state) values(20232,63,92,564,'2015款 2.0XV 酷雷 CVT 2WD','2015款',3,0);
insert into t_car_model(cm_id ,cb_id,cbf_id, cs_id , cm_name,cm_type ,cm_order , cm_state) values(20233,63,92,564,'2015款 2.0XV 酷炫 CVT 2WD','2015款',4,0);
insert into t_car_model(cm_id ,cb_id,cbf_id, cs_id , cm_name,cm_type ,cm_order , cm_state) values(16785,63,92,564,'2013款 2.0XV 炫 CVT 2WD','2013款',1,0);
insert into t_car_model(cm_id ,cb_id,cbf_id, cs_id , cm_name,cm_type ,cm_order , cm_state) values(12760,63,92,564,'2012款 1.6XE 风 5MT 2WD','2012款',1,0);
insert into t_car_model(cm_id ,cb_id,cbf_id, cs_id , cm_name,cm_type ,cm_order , cm_state) values(12761,63,92,564,'2012款 2.0XL 火 6MT 2WD','2012款',2,0);
insert into t_car_model(cm_id ,cb_id,cbf_id, cs_id , cm_name,cm_type ,cm_order , cm_state) values(12762,63,92,564,'2012款 2.0XL 火 CVT 2WD','2012款',3,0);
insert into t_car_model(cm_id ,cb_id,cbf_id, cs_id , cm_name,cm_type ,cm_order , cm_state) values(12763,63,92,564,'2012款 2.0XV 雷 CVT 2WD','2012款',4,0);
insert into t_car_model(cm_id ,cb_id,cbf_id, cs_id , cm_name,cm_type ,cm_order , cm_state) values(12764,63,92,564,'2012款 2.0XV 虎 CVT 4WD','2012款',5,0);
insert into t_car_model(cm_id ,cb_id,cbf_id, cs_id , cm_name,cm_type ,cm_order , cm_state) values(12765,63,92,564,'2012款 2.0XV 龙 CVT 4WD','2012款',6,0);
insert into t_car_model(cm_id ,cb_id,cbf_id, cs_id , cm_name,cm_type ,cm_order , cm_state) values(9274,63,92,564,'2011款 1.6XE 风 5MT 2WD','2011款',1,0);
insert into t_car_model(cm_id ,cb_id,cbf_id, cs_id , cm_name,cm_type ,cm_order , cm_state) values(9277,63,92,564,'2011款 2.0XL 火 6MT 2WD','2011款',2,0);
insert into t_car_model(cm_id ,cb_id,cbf_id, cs_id , cm_name,cm_type ,cm_order , cm_state) values(9278,63,92,564,'2011款 2.0XL 火 CVT 2WD','2011款',3,0);
insert into t_car_model(cm_id ,cb_id,cbf_id, cs_id , cm_name,cm_type ,cm_order , cm_state) values(9279,63,92,564,'2011款 2.0XV 雷 CVT 2WD','2011款',4,0);
insert into t_car_model(cm_id ,cb_id,cbf_id, cs_id , cm_name,cm_type ,cm_order , cm_state) values(9280,63,92,564,'2011款 2.0XV 虎 CVT 4WD','2011款',5,0);
insert into t_car_model(cm_id ,cb_id,cbf_id, cs_id , cm_name,cm_type ,cm_order , cm_state) values(9248,63,92,564,'2011款 2.0XV 龙 CVT 4WD','2011款',6,0);
insert into t_car_model(cm_id ,cb_id,cbf_id, cs_id , cm_name,cm_type ,cm_order , cm_state) values(6287,63,92,564,'2010款 20S火 6MT 2WD','2010款',1,0);
insert into t_car_model(cm_id ,cb_id,cbf_id, cs_id , cm_name,cm_type ,cm_order , cm_state) values(6288,63,92,564,'2010款 20S火 CVT 2WD','2010款',2,0);
insert into t_car_model(cm_id ,cb_id,cbf_id, cs_id , cm_name,cm_type ,cm_order , cm_state) values(6291,63,92,564,'2010款 20X雷 CVT 2WD','2010款',3,0);
insert into t_car_model(cm_id ,cb_id,cbf_id, cs_id , cm_name,cm_type ,cm_order , cm_state) values(6293,63,92,564,'2010款 20XFOUR 虎 CVT 4WD','2010款',4,0);
insert into t_car_model(cm_id ,cb_id,cbf_id, cs_id , cm_name,cm_type ,cm_order , cm_state) values(6295,63,92,564,'2010款 20XFOUR 龙 CVT 4WD','2010款',5,0);
insert into t_car_model(cm_id ,cb_id,cbf_id, cs_id , cm_name,cm_type ,cm_order , cm_state) values(3716,63,92,564,'2008款 16G风 5MT 2WD','2008款',1,0);
insert into t_car_model(cm_id ,cb_id,cbf_id, cs_id , cm_name,cm_type ,cm_order , cm_state) values(3572,63,92,564,'2008款 20S火 6MT 2WD','2008款',2,0);
insert into t_car_model(cm_id ,cb_id,cbf_id, cs_id , cm_name,cm_type ,cm_order , cm_state) values(3573,63,92,564,'2008款 20S火 CVT 2WD','2008款',3,0);
insert into t_car_model(cm_id ,cb_id,cbf_id, cs_id , cm_name,cm_type ,cm_order , cm_state) values(3574,63,92,564,'2008款 20S炎 CVT 2WD','2008款',4,0);
insert into t_car_model(cm_id ,cb_id,cbf_id, cs_id , cm_name,cm_type ,cm_order , cm_state) values(3575,63,92,564,'2008款 20X雷 CVT 2WD','2008款',5,0);
insert into t_car_model(cm_id ,cb_id,cbf_id, cs_id , cm_name,cm_type ,cm_order , cm_state) values(3576,63,92,564,'2008款 20X虎 CVT 4WD','2008款',6,0);
insert into t_car_model(cm_id ,cb_id,cbf_id, cs_id , cm_name,cm_type ,cm_order , cm_state) values(3253,63,92,564,'2008款 20XV龙 CVT 4WD','2008款',7,0);
insert into t_car_series(cs_id,cb_id,cbf_id,cs_name,cs_order,cs_letter) values(656,63,92,'奇骏',3060,'Q');
insert into t_car_model(cm_id ,cb_id,cbf_id, cs_id , cm_name,cm_type ,cm_order , cm_state) values(41928,63,92,656,'2020款 2.0L CVT时尚版 2WD','2020款',1,0);
insert into t_car_model(cm_id ,cb_id,cbf_id, cs_id , cm_name,cm_type ,cm_order , cm_state) values(41929,63,92,656,'2020款 2.0L CVT智联舒适版 2WD','2020款',2,0);
insert into t_car_model(cm_id ,cb_id,cbf_id, cs_id , cm_name,cm_type ,cm_order , cm_state) values(41931,63,92,656,'2020款 2.0L CVT智联七座舒适版 2WD','2020款',3,0);
insert into t_car_model(cm_id ,cb_id,cbf_id, cs_id , cm_name,cm_type ,cm_order , cm_state) values(41930,63,92,656,'2020款 2.0L CVT智联尊享版 2WD','2020款',4,0);
insert into t_car_model(cm_id ,cb_id,cbf_id, cs_id , cm_name,cm_type ,cm_order , cm_state) values(41932,63,92,656,'2020款 2.5L CVT智联领先版 4WD','2020款',5,0);
insert into t_car_model(cm_id ,cb_id,cbf_id, cs_id , cm_name,cm_type ,cm_order , cm_state) values(41933,63,92,656,'2020款  2.5L CVT豪华领航版 4WD','2020款',6,0);
insert into t_car_model(cm_id ,cb_id,cbf_id, cs_id , cm_name,cm_type ,cm_order , cm_state) values(41934,63,92,656,'2020款 2.5L CVT七座豪华领航版 4WD','2020款',7,0);
insert into t_car_model(cm_id ,cb_id,cbf_id, cs_id , cm_name,cm_type ,cm_order , cm_state) values(41935,63,92,656,'2020款 2.5L CVT至尊领航版 4WD','2020款',8,0);
insert into t_car_model(cm_id ,cb_id,cbf_id, cs_id , cm_name,cm_type ,cm_order , cm_state) values(35475,63,92,656,'2019款 2.0L CVT时尚版 2WD','2019款',1,0);
insert into t_car_model(cm_id ,cb_id,cbf_id, cs_id , cm_name,cm_type ,cm_order , cm_state) values(35476,63,92,656,'2019款 2.0L CVT舒适版 2WD','2019款',2,0);
insert into t_car_model(cm_id ,cb_id,cbf_id, cs_id , cm_name,cm_type ,cm_order , cm_state) values(36404,63,92,656,'2019款 2.0L CVT智联舒适版 2WD','2019款',3,0);
insert into t_car_model(cm_id ,cb_id,cbf_id, cs_id , cm_name,cm_type ,cm_order , cm_state) values(35477,63,92,656,'2019款 2.0L CVT七座舒适版 2WD','2019款',4,0);
insert into t_car_model(cm_id ,cb_id,cbf_id, cs_id , cm_name,cm_type ,cm_order , cm_state) values(36405,63,92,656,'2019款 2.0L CVT智联七座舒适版 2WD','2019款',5,0);
insert into t_car_model(cm_id ,cb_id,cbf_id, cs_id , cm_name,cm_type ,cm_order , cm_state) values(35478,63,92,656,'2019款 2.5L CVT智联领先版 4WD','2019款',6,0);
insert into t_car_model(cm_id ,cb_id,cbf_id, cs_id , cm_name,cm_type ,cm_order , cm_state) values(35479,63,92,656,'2019款 2.5L CVT智联七座领先版 4WD','2019款',7,0);
insert into t_car_model(cm_id ,cb_id,cbf_id, cs_id , cm_name,cm_type ,cm_order , cm_state) values(35480,63,92,656,'2019款 2.5L CVT智联豪华版 4WD','2019款',8,0);
insert into t_car_model(cm_id ,cb_id,cbf_id, cs_id , cm_name,cm_type ,cm_order , cm_state) values(35481,63,92,656,'2019款 2.5L CVT智联至尊版 4WD','2019款',9,0);
insert into t_car_model(cm_id ,cb_id,cbf_id, cs_id , cm_name,cm_type ,cm_order , cm_state) values(30034,63,92,656,'2017款 2.0L 手动经典版 2WD','2017款',1,0);
insert into t_car_model(cm_id ,cb_id,cbf_id, cs_id , cm_name,cm_type ,cm_order , cm_state) values(29995,63,92,656,'2017款 2.0L CVT时尚版 2WD','2017款',2,0);
insert into t_car_model(cm_id ,cb_id,cbf_id, cs_id , cm_name,cm_type ,cm_order , cm_state) values(29994,63,92,656,'2017款 2.0L CVT舒适版 2WD','2017款',3,0);
insert into t_car_model(cm_id ,cb_id,cbf_id, cs_id , cm_name,cm_type ,cm_order , cm_state) values(29993,63,92,656,'2017款 2.0L CVT七座舒适版 2WD','2017款',4,0);
insert into t_car_model(cm_id ,cb_id,cbf_id, cs_id , cm_name,cm_type ,cm_order , cm_state) values(29992,63,92,656,'2017款 2.0L CVT智享版 2WD','2017款',5,0);
insert into t_car_model(cm_id ,cb_id,cbf_id, cs_id , cm_name,cm_type ,cm_order , cm_state) values(29991,63,92,656,'2017款 2.5L CVT领先版 4WD','2017款',6,0);
insert into t_car_model(cm_id ,cb_id,cbf_id, cs_id , cm_name,cm_type ,cm_order , cm_state) values(29990,63,92,656,'2017款 2.5L CVT七座领先版 4WD','2017款',7,0);
insert into t_car_model(cm_id ,cb_id,cbf_id, cs_id , cm_name,cm_type ,cm_order , cm_state) values(29989,63,92,656,'2017款 2.5L CVT豪华版 4WD','2017款',8,0);
insert into t_car_model(cm_id ,cb_id,cbf_id, cs_id , cm_name,cm_type ,cm_order , cm_state) values(29897,63,92,656,'2017款 2.5L CVT至尊版 4WD','2017款',9,0);
insert into t_car_model(cm_id ,cb_id,cbf_id, cs_id , cm_name,cm_type ,cm_order , cm_state) values(25840,63,92,656,'2016款 2.0L CVT智享版 4WD','2016款',1,0);
insert into t_car_model(cm_id ,cb_id,cbf_id, cs_id , cm_name,cm_type ,cm_order , cm_state) values(27567,63,92,656,'2016款 2.5L CVT运动版 4WD','2016款',2,0);
insert into t_car_model(cm_id ,cb_id,cbf_id, cs_id , cm_name,cm_type ,cm_order , cm_state) values(23279,63,92,656,'2015款 2.0L CVT舒适MAX版 2WD','2015款',1,0);
insert into t_car_model(cm_id ,cb_id,cbf_id, cs_id , cm_name,cm_type ,cm_order , cm_state) values(23280,63,92,656,'2015款 2.5L CVT领先MAX版 4WD','2015款',2,0);
insert into t_car_model(cm_id ,cb_id,cbf_id, cs_id , cm_name,cm_type ,cm_order , cm_state) values(18354,63,92,656,'2014款 2.0L 手动时尚版 2WD','2014款',1,0);
insert into t_car_model(cm_id ,cb_id,cbf_id, cs_id , cm_name,cm_type ,cm_order , cm_state) values(18353,63,92,656,'2014款 2.0L CVT时尚版 2WD','2014款',2,0);
insert into t_car_model(cm_id ,cb_id,cbf_id, cs_id , cm_name,cm_type ,cm_order , cm_state) values(18350,63,92,656,'2014款 2.0L CVT智驱版 4WD','2014款',3,0);
insert into t_car_model(cm_id ,cb_id,cbf_id, cs_id , cm_name,cm_type ,cm_order , cm_state) values(18352,63,92,656,'2014款 2.0L CVT舒适版 2WD','2014款',4,0);
insert into t_car_model(cm_id ,cb_id,cbf_id, cs_id , cm_name,cm_type ,cm_order , cm_state) values(18351,63,92,656,'2014款 2.0L CVT智领版 2WD','2014款',5,0);
insert into t_car_model(cm_id ,cb_id,cbf_id, cs_id , cm_name,cm_type ,cm_order , cm_state) values(18349,63,92,656,'2014款 2.5L CVT领先版 4WD','2014款',6,0);
insert into t_car_model(cm_id ,cb_id,cbf_id, cs_id , cm_name,cm_type ,cm_order , cm_state) values(18348,63,92,656,'2014款 2.5L CVT豪华版 4WD','2014款',7,0);
insert into t_car_model(cm_id ,cb_id,cbf_id, cs_id , cm_name,cm_type ,cm_order , cm_state) values(18347,63,92,656,'2014款 2.5L CVT尊享版 4WD','2014款',8,0);
insert into t_car_model(cm_id ,cb_id,cbf_id, cs_id , cm_name,cm_type ,cm_order , cm_state) values(17986,63,92,656,'2014款 2.5L CVT至尊版 4WD','2014款',9,0);
insert into t_car_model(cm_id ,cb_id,cbf_id, cs_id , cm_name,cm_type ,cm_order , cm_state) values(11357,63,92,656,'2012款 2.0L 手动舒适版 4WD','2012款',1,0);
insert into t_car_model(cm_id ,cb_id,cbf_id, cs_id , cm_name,cm_type ,cm_order , cm_state) values(11358,63,92,656,'2012款 2.0L CVT舒适版 4WD','2012款',2,0);
insert into t_car_model(cm_id ,cb_id,cbf_id, cs_id , cm_name,cm_type ,cm_order , cm_state) values(11359,63,92,656,'2012款 2.5L 手动豪华版 4WD','2012款',3,0);
insert into t_car_model(cm_id ,cb_id,cbf_id, cs_id , cm_name,cm_type ,cm_order , cm_state) values(11360,63,92,656,'2012款 2.5L CVT豪华版 4WD','2012款',4,0);
insert into t_car_model(cm_id ,cb_id,cbf_id, cs_id , cm_name,cm_type ,cm_order , cm_state) values(11361,63,92,656,'2012款 2.5L CVT旗舰版 4WD','2012款',5,0);
insert into t_car_model(cm_id ,cb_id,cbf_id, cs_id , cm_name,cm_type ,cm_order , cm_state) values(11362,63,92,656,'2012款 2.5L CVT尊享版 4WD','2012款',6,0);
insert into t_car_model(cm_id ,cb_id,cbf_id, cs_id , cm_name,cm_type ,cm_order , cm_state) values(11254,63,92,656,'2012款 2.5L CVT至尊版 4WD','2012款',7,0);
insert into t_car_model(cm_id ,cb_id,cbf_id, cs_id , cm_name,cm_type ,cm_order , cm_state) values(6289,63,92,656,'2010款 2.0L 手动舒适版 4WD','2010款',1,0);
insert into t_car_model(cm_id ,cb_id,cbf_id, cs_id , cm_name,cm_type ,cm_order , cm_state) values(6290,63,92,656,'2010款 2.0L CVT舒适版 4WD','2010款',2,0);
insert into t_car_model(cm_id ,cb_id,cbf_id, cs_id , cm_name,cm_type ,cm_order , cm_state) values(6292,63,92,656,'2010款 2.5L 手动豪华版 4WD','2010款',3,0);
insert into t_car_model(cm_id ,cb_id,cbf_id, cs_id , cm_name,cm_type ,cm_order , cm_state) values(6294,63,92,656,'2010款 2.5L CVT豪华版 4WD','2010款',4,0);
insert into t_car_model(cm_id ,cb_id,cbf_id, cs_id , cm_name,cm_type ,cm_order , cm_state) values(6296,63,92,656,'2010款 2.5L CVT旗舰版 4WD','2010款',5,0);
insert into t_car_model(cm_id ,cb_id,cbf_id, cs_id , cm_name,cm_type ,cm_order , cm_state) values(6297,63,92,656,'2010款 2.5L CVT至尊版 4WD','2010款',6,0);
insert into t_car_model(cm_id ,cb_id,cbf_id, cs_id , cm_name,cm_type ,cm_order , cm_state) values(4335,63,92,656,'2008款 2.0L XE MT 4WD','2008款',1,0);
insert into t_car_model(cm_id ,cb_id,cbf_id, cs_id , cm_name,cm_type ,cm_order , cm_state) values(4356,63,92,656,'2008款 2.0L XE CVT 4WD','2008款',2,0);
insert into t_car_model(cm_id ,cb_id,cbf_id, cs_id , cm_name,cm_type ,cm_order , cm_state) values(4357,63,92,656,'2008款 2.5L XL MT 4WD','2008款',3,0);
insert into t_car_model(cm_id ,cb_id,cbf_id, cs_id , cm_name,cm_type ,cm_order , cm_state) values(4358,63,92,656,'2008款 2.5L XL CVT 4WD','2008款',4,0);
insert into t_car_model(cm_id ,cb_id,cbf_id, cs_id , cm_name,cm_type ,cm_order , cm_state) values(4359,63,92,656,'2008款 2.5L XV CVT 4WD','2008款',5,0);
insert into t_car_series(cs_id,cb_id,cbf_id,cs_name,cs_order,cs_letter) values(2381,63,92,'楼兰',3061,'L');
insert into t_car_model(cm_id ,cb_id,cbf_id, cs_id , cm_name,cm_type ,cm_order , cm_state) values(38420,63,92,2381,'2019款 2.5L XE 两驱精英版 国VI','2019款',1,0);
insert into t_car_model(cm_id ,cb_id,cbf_id, cs_id , cm_name,cm_type ,cm_order , cm_state) values(38421,63,92,2381,'2019款 2.5L XL 两驱智联豪华版 国VI','2019款',2,0);
insert into t_car_model(cm_id ,cb_id,cbf_id, cs_id , cm_name,cm_type ,cm_order , cm_state) values(38422,63,92,2381,'2019款 2.5L XL Plus 两驱智联领先版 国VI','2019款',3,0);
insert into t_car_model(cm_id ,cb_id,cbf_id, cs_id , cm_name,cm_type ,cm_order , cm_state) values(38423,63,92,2381,'2019款 2.5 S/C HEV XE 四驱混动智联尊尚版 国VI','2019款',4,0);
insert into t_car_model(cm_id ,cb_id,cbf_id, cs_id , cm_name,cm_type ,cm_order , cm_state) values(38424,63,92,2381,'2019款 2.5 S/C HEV XL 四驱混动智联尊贵版 国VI','2019款',5,0);
insert into t_car_model(cm_id ,cb_id,cbf_id, cs_id , cm_name,cm_type ,cm_order , cm_state) values(38425,63,92,2381,'2019款 2.5 S/C HEV XV 四驱混动智联旗舰版 国VI','2019款',6,0);
insert into t_car_model(cm_id ,cb_id,cbf_id, cs_id , cm_name,cm_type ,cm_order , cm_state) values(35283,63,92,2381,'2019款 2.5L XE 两驱精英版 国V','2019款',7,0);
insert into t_car_model(cm_id ,cb_id,cbf_id, cs_id , cm_name,cm_type ,cm_order , cm_state) values(35284,63,92,2381,'2019款 2.5L XL 两驱智联豪华版 国V','2019款',8,0);
insert into t_car_model(cm_id ,cb_id,cbf_id, cs_id , cm_name,cm_type ,cm_order , cm_state) values(35285,63,92,2381,'2019款 2.5L XL Plus 两驱智联领先版 国V','2019款',9,0);
insert into t_car_model(cm_id ,cb_id,cbf_id, cs_id , cm_name,cm_type ,cm_order , cm_state) values(35286,63,92,2381,'2019款 2.5 S/C HEV XE 四驱混动智联尊尚版 国V','2019款',10,0);
insert into t_car_model(cm_id ,cb_id,cbf_id, cs_id , cm_name,cm_type ,cm_order , cm_state) values(35287,63,92,2381,'2019款 2.5 S/C HEV XL 四驱混动智联尊贵版 国V','2019款',11,0);
insert into t_car_model(cm_id ,cb_id,cbf_id, cs_id , cm_name,cm_type ,cm_order , cm_state) values(35288,63,92,2381,'2019款 2.5 S/C HEV XV 四驱混动智联旗舰版 国V','2019款',12,0);
insert into t_car_model(cm_id ,cb_id,cbf_id, cs_id , cm_name,cm_type ,cm_order , cm_state) values(29476,63,92,2381,'2017款 2.5L XE 两驱精英版','2017款',1,0);
insert into t_car_model(cm_id ,cb_id,cbf_id, cs_id , cm_name,cm_type ,cm_order , cm_state) values(29477,63,92,2381,'2017款 2.5L XL 两驱智尚版','2017款',2,0);
insert into t_car_model(cm_id ,cb_id,cbf_id, cs_id , cm_name,cm_type ,cm_order , cm_state) values(29478,63,92,2381,'2017款 2.5L XL NAVI Plus 两驱智领版','2017款',3,0);
insert into t_car_model(cm_id ,cb_id,cbf_id, cs_id , cm_name,cm_type ,cm_order , cm_state) values(29479,63,92,2381,'2017款 2.5 S/C HEV XE 四驱混动尊尚版','2017款',4,0);
insert into t_car_model(cm_id ,cb_id,cbf_id, cs_id , cm_name,cm_type ,cm_order , cm_state) values(29480,63,92,2381,'2017款 2.5 S/C HEV XL 四驱混动尊贵版','2017款',5,0);
insert into t_car_model(cm_id ,cb_id,cbf_id, cs_id , cm_name,cm_type ,cm_order , cm_state) values(29481,63,92,2381,'2017款 2.5 S/C HEV XV 四驱混动旗舰版','2017款',6,0);
insert into t_car_model(cm_id ,cb_id,cbf_id, cs_id , cm_name,cm_type ,cm_order , cm_state) values(25841,63,92,2381,'2016款 2.5 S/C HEV XL 两驱混动尊锐版','2016款',1,0);
insert into t_car_model(cm_id ,cb_id,cbf_id, cs_id , cm_name,cm_type ,cm_order , cm_state) values(25842,63,92,2381,'2016款 2.5 S/C HEV XL 四驱混动尊贵版','2016款',2,0);
insert into t_car_model(cm_id ,cb_id,cbf_id, cs_id , cm_name,cm_type ,cm_order , cm_state) values(23165,63,92,2381,'2015款 2.5L XE 两驱精英版','2015款',1,0);
insert into t_car_model(cm_id ,cb_id,cbf_id, cs_id , cm_name,cm_type ,cm_order , cm_state) values(23164,63,92,2381,'2015款 2.5L XL 两驱智尚版','2015款',2,0);
insert into t_car_model(cm_id ,cb_id,cbf_id, cs_id , cm_name,cm_type ,cm_order , cm_state) values(23473,63,92,2381,'2015款 2.5L XL NAVI 两驱智享版','2015款',3,0);
insert into t_car_model(cm_id ,cb_id,cbf_id, cs_id , cm_name,cm_type ,cm_order , cm_state) values(23474,63,92,2381,'2015款 2.5L XL NAVI Plus 两驱智领版','2015款',4,0);
insert into t_car_model(cm_id ,cb_id,cbf_id, cs_id , cm_name,cm_type ,cm_order , cm_state) values(23475,63,92,2381,'2015款 2.5L XV RES 两驱豪华版','2015款',5,0);
insert into t_car_model(cm_id ,cb_id,cbf_id, cs_id , cm_name,cm_type ,cm_order , cm_state) values(23476,63,92,2381,'2015款 2.5L XV RES Plus 两驱豪雅版','2015款',6,0);
insert into t_car_model(cm_id ,cb_id,cbf_id, cs_id , cm_name,cm_type ,cm_order , cm_state) values(23477,63,92,2381,'2015款 2.5 S/C HEV XE 两驱混动尊享版','2015款',7,0);
insert into t_car_model(cm_id ,cb_id,cbf_id, cs_id , cm_name,cm_type ,cm_order , cm_state) values(22314,63,92,2381,'2015款 2.5 S/C HEV XL 两驱混动尊雅版','2015款',8,0);
insert into t_car_model(cm_id ,cb_id,cbf_id, cs_id , cm_name,cm_type ,cm_order , cm_state) values(23163,63,92,2381,'2015款 2.5 S/C HEV XV 四驱混动旗舰版','2015款',9,0);
insert into t_car_model(cm_id ,cb_id,cbf_id, cs_id , cm_name,cm_type ,cm_order , cm_state) values(15881,63,92,2381,'2013款 3.5L CVT 荣耀版','2013款',1,0);
insert into t_car_model(cm_id ,cb_id,cbf_id, cs_id , cm_name,cm_type ,cm_order , cm_state) values(10471,63,92,2381,'2011款 3.5L CVT','2011款',1,0);
insert into t_car_series(cs_id,cb_id,cbf_id,cs_name,cs_order,cs_letter) values(2086,63,92,'玛驰',3062,'M');
insert into t_car_model(cm_id ,cb_id,cbf_id, cs_id , cm_name,cm_type ,cm_order , cm_state) values(20983,63,92,2086,'2015款 1.2L 手动易享版','2015款',1,0);
insert into t_car_model(cm_id ,cb_id,cbf_id, cs_id , cm_name,cm_type ,cm_order , cm_state) values(20984,63,92,2086,'2015款 1.5L 自动易型版','2015款',2,0);
insert into t_car_model(cm_id ,cb_id,cbf_id, cs_id , cm_name,cm_type ,cm_order , cm_state) values(20985,63,92,2086,'2015款 1.5L 手动易炫版','2015款',3,0);
insert into t_car_model(cm_id ,cb_id,cbf_id, cs_id , cm_name,cm_type ,cm_order , cm_state) values(20987,63,92,2086,'2015款 1.5L 自动易炫版','2015款',4,0);
insert into t_car_model(cm_id ,cb_id,cbf_id, cs_id , cm_name,cm_type ,cm_order , cm_state) values(20895,63,92,2086,'2015款 1.5L 自动易智版','2015款',5,0);
insert into t_car_model(cm_id ,cb_id,cbf_id, cs_id , cm_name,cm_type ,cm_order , cm_state) values(8175,63,92,2086,'2010款 1.5L 手动易型版','2010款',1,0);
insert into t_car_model(cm_id ,cb_id,cbf_id, cs_id , cm_name,cm_type ,cm_order , cm_state) values(7410,63,92,2086,'2010款 1.5L 手动易炫版','2010款',2,0);
insert into t_car_model(cm_id ,cb_id,cbf_id, cs_id , cm_name,cm_type ,cm_order , cm_state) values(8174,63,92,2086,'2010款 1.5L 自动易炫版','2010款',3,0);
insert into t_car_model(cm_id ,cb_id,cbf_id, cs_id , cm_name,cm_type ,cm_order , cm_state) values(8176,63,92,2086,'2010款 1.5L 自动易智版','2010款',4,0);
insert into t_car_series(cs_id,cb_id,cbf_id,cs_name,cs_order,cs_letter) values(355,63,92,'颐达',3063,'Y');
insert into t_car_model(cm_id ,cb_id,cbf_id, cs_id , cm_name,cm_type ,cm_order , cm_state) values(4724,63,92,355,'2009款 1.6L 自动科技版','2009款',1,0);
insert into t_car_model(cm_id ,cb_id,cbf_id, cs_id , cm_name,cm_type ,cm_order , cm_state) values(3466,63,92,355,'2008款 1.6L 手动时尚型','2008款',1,0);
insert into t_car_model(cm_id ,cb_id,cbf_id, cs_id , cm_name,cm_type ,cm_order , cm_state) values(3467,63,92,355,'2008款 1.6L 自动时尚型','2008款',2,0);
insert into t_car_model(cm_id ,cb_id,cbf_id, cs_id , cm_name,cm_type ,cm_order , cm_state) values(3468,63,92,355,'2008款 1.6L 手动智能型','2008款',3,0);
insert into t_car_model(cm_id ,cb_id,cbf_id, cs_id , cm_name,cm_type ,cm_order , cm_state) values(3469,63,92,355,'2008款 1.6L 自动智能型','2008款',4,0);
insert into t_car_model(cm_id ,cb_id,cbf_id, cs_id , cm_name,cm_type ,cm_order , cm_state) values(3470,63,92,355,'2008款 1.6L 自动豪华型','2008款',5,0);
insert into t_car_model(cm_id ,cb_id,cbf_id, cs_id , cm_name,cm_type ,cm_order , cm_state) values(3471,63,92,355,'2008款 1.6L 自动尊贵型','2008款',6,0);
insert into t_car_model(cm_id ,cb_id,cbf_id, cs_id , cm_name,cm_type ,cm_order , cm_state) values(2280,63,92,355,'2006款 1.6J MT','2006款',1,0);
insert into t_car_model(cm_id ,cb_id,cbf_id, cs_id , cm_name,cm_type ,cm_order , cm_state) values(2282,63,92,355,'2006款 1.6JE MT','2006款',2,0);
insert into t_car_model(cm_id ,cb_id,cbf_id, cs_id , cm_name,cm_type ,cm_order , cm_state) values(2281,63,92,355,'2006款 1.6JC AT','2006款',3,0);
insert into t_car_model(cm_id ,cb_id,cbf_id, cs_id , cm_name,cm_type ,cm_order , cm_state) values(2283,63,92,355,'2006款 1.6JE AT','2006款',4,0);
insert into t_car_model(cm_id ,cb_id,cbf_id, cs_id , cm_name,cm_type ,cm_order , cm_state) values(2284,63,92,355,'2006款 1.6JS AT','2006款',5,0);
insert into t_car_model(cm_id ,cb_id,cbf_id, cs_id , cm_name,cm_type ,cm_order , cm_state) values(2285,63,92,355,'2006款 1.6JS AT（NAVI）','2006款',6,0);
insert into t_car_model(cm_id ,cb_id,cbf_id, cs_id , cm_name,cm_type ,cm_order , cm_state) values(1386,63,92,355,'2005款 1.6L','2005款',1,0);
insert into t_car_model(cm_id ,cb_id,cbf_id, cs_id , cm_name,cm_type ,cm_order , cm_state) values(1496,63,92,355,'2005款 1.6J MT','2005款',2,0);
insert into t_car_model(cm_id ,cb_id,cbf_id, cs_id , cm_name,cm_type ,cm_order , cm_state) values(1497,63,92,355,'2005款 1.6J AT','2005款',3,0);
insert into t_car_model(cm_id ,cb_id,cbf_id, cs_id , cm_name,cm_type ,cm_order , cm_state) values(1610,63,92,355,'2005款 1.6JE AT','2005款',4,0);
insert into t_car_model(cm_id ,cb_id,cbf_id, cs_id , cm_name,cm_type ,cm_order , cm_state) values(1611,63,92,355,'2005款 1.6JS AT','2005款',5,0);
insert into t_car_model(cm_id ,cb_id,cbf_id, cs_id , cm_name,cm_type ,cm_order , cm_state) values(1836,63,92,355,'2005款 1.6JS AT（NAVI）','2005款',6,0);
insert into t_car_series(cs_id,cb_id,cbf_id,cs_name,cs_order,cs_letter) values(63,63,92,'蓝鸟经典',3064,'L');
insert into t_car_model(cm_id ,cb_id,cbf_id, cs_id , cm_name,cm_type ,cm_order , cm_state) values(390,63,92,63,'2004款 2.0L 手动尊贵型','2004款',1,0);
insert into t_car_model(cm_id ,cb_id,cbf_id, cs_id , cm_name,cm_type ,cm_order , cm_state) values(880,63,92,63,'2004款 2.0L 自动豪华型','2004款',2,0);
insert into t_car_model(cm_id ,cb_id,cbf_id, cs_id , cm_name,cm_type ,cm_order , cm_state) values(391,63,92,63,'2004款 2.0L 自动尊贵型','2004款',3,0);
insert into t_car_model(cm_id ,cb_id,cbf_id, cs_id , cm_name,cm_type ,cm_order , cm_state) values(392,63,92,63,'2004款 2.0L 自动旗舰型','2004款',4,0);
insert into t_car_model(cm_id ,cb_id,cbf_id, cs_id , cm_name,cm_type ,cm_order , cm_state) values(1360,63,92,63,'2004款 智尊 2.0L 手动舒适型','2004款',5,0);
insert into t_car_model(cm_id ,cb_id,cbf_id, cs_id , cm_name,cm_type ,cm_order , cm_state) values(1359,63,92,63,'2004款 智尊 2.0L 自动舒适型','2004款',6,0);
insert into t_car_model(cm_id ,cb_id,cbf_id, cs_id , cm_name,cm_type ,cm_order , cm_state) values(1084,63,92,63,'2004款 智尊 2.0L 自动豪华型','2004款',7,0);
insert into t_car_model(cm_id ,cb_id,cbf_id, cs_id , cm_name,cm_type ,cm_order , cm_state) values(1358,63,92,63,'2004款 智尊 2.0L 自动尊贵型','2004款',8,0);
insert into t_car_model(cm_id ,cb_id,cbf_id, cs_id , cm_name,cm_type ,cm_order , cm_state) values(1039,63,92,63,'2004款 智尊 2.0L 自动旗舰型','2004款',9,0);
insert into t_car_series(cs_id,cb_id,cbf_id,cs_name,cs_order,cs_letter) values(475,63,92,'骏逸',3065,'J');
insert into t_car_model(cm_id ,cb_id,cbf_id, cs_id , cm_name,cm_type ,cm_order , cm_state) values(3589,63,92,475,'2008款 1.8L 手动舒适型','2008款',1,0);
insert into t_car_model(cm_id ,cb_id,cbf_id, cs_id , cm_name,cm_type ,cm_order , cm_state) values(2621,63,92,475,'2006款 1.8L 手动标准型','2006款',1,0);
insert into t_car_model(cm_id ,cb_id,cbf_id, cs_id , cm_name,cm_type ,cm_order , cm_state) values(2622,63,92,475,'2006款 1.8L 自动标准型','2006款',2,0);
insert into t_car_model(cm_id ,cb_id,cbf_id, cs_id , cm_name,cm_type ,cm_order , cm_state) values(2623,63,92,475,'2006款 1.8L 自动舒适型','2006款',3,0);
insert into t_car_model(cm_id ,cb_id,cbf_id, cs_id , cm_name,cm_type ,cm_order , cm_state) values(2561,63,92,475,'2006款 1.8L 自动时尚版','2006款',4,0);
insert into t_car_model(cm_id ,cb_id,cbf_id, cs_id , cm_name,cm_type ,cm_order , cm_state) values(2624,63,92,475,'2006款 1.8L 自动尊贵型','2006款',5,0);
insert into t_car_brand_factory(cbf_id , cb_id , cbf_name ,cbf_letter) values(173,63,'郑州日产','Z');
insert into t_car_series(cs_id,cb_id,cbf_id,cs_name,cs_order,cs_letter) values(4691,63,173,'途达',3066,'T');
insert into t_car_model(cm_id ,cb_id,cbf_id, cs_id , cm_name,cm_type ,cm_order , cm_state) values(34171,63,173,4691,'2018款 2.5L 手动两驱精英版','2018款',1,0);
insert into t_car_model(cm_id ,cb_id,cbf_id, cs_id , cm_name,cm_type ,cm_order , cm_state) values(34172,63,173,4691,'2018款 2.5L 手动两驱领先版','2018款',2,0);
insert into t_car_model(cm_id ,cb_id,cbf_id, cs_id , cm_name,cm_type ,cm_order , cm_state) values(34173,63,173,4691,'2018款 2.5L 自动两驱豪华版','2018款',3,0);
insert into t_car_model(cm_id ,cb_id,cbf_id, cs_id , cm_name,cm_type ,cm_order , cm_state) values(34141,63,173,4691,'2018款 2.5L 自动两驱智享版','2018款',4,0);
insert into t_car_model(cm_id ,cb_id,cbf_id, cs_id , cm_name,cm_type ,cm_order , cm_state) values(34174,63,173,4691,'2018款 2.5L 自动四驱豪华版','2018款',5,0);
insert into t_car_model(cm_id ,cb_id,cbf_id, cs_id , cm_name,cm_type ,cm_order , cm_state) values(33503,63,173,4691,'2018款 2.5L 自动四驱旗舰版','2018款',6,0);
insert into t_car_series(cs_id,cb_id,cbf_id,cs_name,cs_order,cs_letter) values(2113,63,173,'日产NV200',3067,'R');
insert into t_car_model(cm_id ,cb_id,cbf_id, cs_id , cm_name,cm_type ,cm_order , cm_state) values(33176,63,173,2113,'2018款 1.6L CVT豪华型','2018款',1,0);
insert into t_car_model(cm_id ,cb_id,cbf_id, cs_id , cm_name,cm_type ,cm_order , cm_state) values(33177,63,173,2113,'2018款 1.6L CVT尊享型','2018款',2,0);
insert into t_car_model(cm_id ,cb_id,cbf_id, cs_id , cm_name,cm_type ,cm_order , cm_state) values(27285,63,173,2113,'2016款 改款 1.6L 手动豪华型','2016款',1,0);
insert into t_car_model(cm_id ,cb_id,cbf_id, cs_id , cm_name,cm_type ,cm_order , cm_state) values(27286,63,173,2113,'2016款 改款 1.6L 手动尊雅型','2016款',2,0);
insert into t_car_model(cm_id ,cb_id,cbf_id, cs_id , cm_name,cm_type ,cm_order , cm_state) values(24651,63,173,2113,'2016款 1.6L 手动豪华型','2016款',3,0);
insert into t_car_model(cm_id ,cb_id,cbf_id, cs_id , cm_name,cm_type ,cm_order , cm_state) values(26688,63,173,2113,'2016款 1.6L 手动尊雅型','2016款',4,0);
insert into t_car_model(cm_id ,cb_id,cbf_id, cs_id , cm_name,cm_type ,cm_order , cm_state) values(26689,63,173,2113,'2016款 1.6L CVT豪华型','2016款',5,0);
insert into t_car_model(cm_id ,cb_id,cbf_id, cs_id , cm_name,cm_type ,cm_order , cm_state) values(24598,63,173,2113,'2016款 1.6L CVT尊享型','2016款',6,0);
insert into t_car_model(cm_id ,cb_id,cbf_id, cs_id , cm_name,cm_type ,cm_order , cm_state) values(27287,63,173,2113,'2016款 改款 1.6L CVT豪华型','2016款',7,0);
insert into t_car_model(cm_id ,cb_id,cbf_id, cs_id , cm_name,cm_type ,cm_order , cm_state) values(27288,63,173,2113,'2016款 改款 1.6L CVT尊享型','2016款',8,0);
insert into t_car_model(cm_id ,cb_id,cbf_id, cs_id , cm_name,cm_type ,cm_order , cm_state) values(18202,63,173,2113,'2014款 1.6L 手动豪华型 国IV','2014款',1,0);
insert into t_car_model(cm_id ,cb_id,cbf_id, cs_id , cm_name,cm_type ,cm_order , cm_state) values(18203,63,173,2113,'2014款 1.6L 手动尊雅型 国IV','2014款',2,0);
insert into t_car_model(cm_id ,cb_id,cbf_id, cs_id , cm_name,cm_type ,cm_order , cm_state) values(18204,63,173,2113,'2014款 1.6L 手动尊享型 国IV','2014款',3,0);
insert into t_car_model(cm_id ,cb_id,cbf_id, cs_id , cm_name,cm_type ,cm_order , cm_state) values(18205,63,173,2113,'2014款 1.6L 手动尊贵型 国IV','2014款',4,0);
insert into t_car_model(cm_id ,cb_id,cbf_id, cs_id , cm_name,cm_type ,cm_order , cm_state) values(18364,63,173,2113,'2014款 1.6L 手动豪华型 国V','2014款',5,0);
insert into t_car_model(cm_id ,cb_id,cbf_id, cs_id , cm_name,cm_type ,cm_order , cm_state) values(18365,63,173,2113,'2014款 1.6L 手动尊雅型 国V','2014款',6,0);
insert into t_car_model(cm_id ,cb_id,cbf_id, cs_id , cm_name,cm_type ,cm_order , cm_state) values(18366,63,173,2113,'2014款 1.6L 手动尊享型 国V','2014款',7,0);
insert into t_car_model(cm_id ,cb_id,cbf_id, cs_id , cm_name,cm_type ,cm_order , cm_state) values(18367,63,173,2113,'2014款 1.6L 手动尊贵型 国V','2014款',8,0);
insert into t_car_model(cm_id ,cb_id,cbf_id, cs_id , cm_name,cm_type ,cm_order , cm_state) values(18187,63,173,2113,'2014款 1.6L CVT豪华型 国IV','2014款',9,0);
insert into t_car_model(cm_id ,cb_id,cbf_id, cs_id , cm_name,cm_type ,cm_order , cm_state) values(18194,63,173,2113,'2014款 1.6L CVT尊雅型 国IV','2014款',10,0);
insert into t_car_model(cm_id ,cb_id,cbf_id, cs_id , cm_name,cm_type ,cm_order , cm_state) values(18195,63,173,2113,'2014款 1.6L CVT尊享型 国IV','2014款',11,0);
insert into t_car_model(cm_id ,cb_id,cbf_id, cs_id , cm_name,cm_type ,cm_order , cm_state) values(18196,63,173,2113,'2014款 1.6L CVT尊贵型 国IV','2014款',12,0);
insert into t_car_model(cm_id ,cb_id,cbf_id, cs_id , cm_name,cm_type ,cm_order , cm_state) values(21197,63,173,2113,'2014款 1.6L CVT豪华型 国V','2014款',13,0);
insert into t_car_model(cm_id ,cb_id,cbf_id, cs_id , cm_name,cm_type ,cm_order , cm_state) values(21198,63,173,2113,'2014款 1.6L CVT尊雅型 国V','2014款',14,0);
insert into t_car_model(cm_id ,cb_id,cbf_id, cs_id , cm_name,cm_type ,cm_order , cm_state) values(21199,63,173,2113,'2014款 1.6L CVT尊享型 国V','2014款',15,0);
insert into t_car_model(cm_id ,cb_id,cbf_id, cs_id , cm_name,cm_type ,cm_order , cm_state) values(21200,63,173,2113,'2014款 1.6L CVT尊贵型 国V','2014款',16,0);
insert into t_car_model(cm_id ,cb_id,cbf_id, cs_id , cm_name,cm_type ,cm_order , cm_state) values(15049,63,173,2113,'2013款 1.6L 豪华型 国IV','2013款',1,0);
insert into t_car_model(cm_id ,cb_id,cbf_id, cs_id , cm_name,cm_type ,cm_order , cm_state) values(15050,63,173,2113,'2013款 1.6L 尊雅型 国IV','2013款',2,0);
insert into t_car_model(cm_id ,cb_id,cbf_id, cs_id , cm_name,cm_type ,cm_order , cm_state) values(15051,63,173,2113,'2013款 1.6L 尊贵型 国IV','2013款',3,0);
insert into t_car_model(cm_id ,cb_id,cbf_id, cs_id , cm_name,cm_type ,cm_order , cm_state) values(15032,63,173,2113,'2013款 1.6L 豪华型 国V','2013款',4,0);
insert into t_car_model(cm_id ,cb_id,cbf_id, cs_id , cm_name,cm_type ,cm_order , cm_state) values(15033,63,173,2113,'2013款 1.6L 尊雅型 国V','2013款',5,0);
insert into t_car_model(cm_id ,cb_id,cbf_id, cs_id , cm_name,cm_type ,cm_order , cm_state) values(15034,63,173,2113,'2013款 1.6L 尊贵型 国V','2013款',6,0);
insert into t_car_model(cm_id ,cb_id,cbf_id, cs_id , cm_name,cm_type ,cm_order , cm_state) values(13922,63,173,2113,'2012款 1.6L 232座 豪华型','2012款',1,0);
insert into t_car_model(cm_id ,cb_id,cbf_id, cs_id , cm_name,cm_type ,cm_order , cm_state) values(13923,63,173,2113,'2012款 1.6L 232座 尊雅型','2012款',2,0);
insert into t_car_model(cm_id ,cb_id,cbf_id, cs_id , cm_name,cm_type ,cm_order , cm_state) values(13925,63,173,2113,'2012款 1.6L 232座 尊贵型','2012款',3,0);
insert into t_car_model(cm_id ,cb_id,cbf_id, cs_id , cm_name,cm_type ,cm_order , cm_state) values(13924,63,173,2113,'2012款 1.6L 223座 尊雅型','2012款',4,0);
insert into t_car_model(cm_id ,cb_id,cbf_id, cs_id , cm_name,cm_type ,cm_order , cm_state) values(13926,63,173,2113,'2012款 1.6L 223座 尊贵型','2012款',5,0);
insert into t_car_model(cm_id ,cb_id,cbf_id, cs_id , cm_name,cm_type ,cm_order , cm_state) values(9289,63,173,2113,'2011款 1.6L 232座 尊雅型','2011款',1,0);
insert into t_car_model(cm_id ,cb_id,cbf_id, cs_id , cm_name,cm_type ,cm_order , cm_state) values(10351,63,173,2113,'2011款 1.6L 223座 尊雅型','2011款',2,0);
insert into t_car_model(cm_id ,cb_id,cbf_id, cs_id , cm_name,cm_type ,cm_order , cm_state) values(10352,63,173,2113,'2011款 1.6L 223座 尊贵型','2011款',3,0);
insert into t_car_model(cm_id ,cb_id,cbf_id, cs_id , cm_name,cm_type ,cm_order , cm_state) values(7580,63,173,2113,'2010款 1.6L 基本型','2010款',1,0);
insert into t_car_model(cm_id ,cb_id,cbf_id, cs_id , cm_name,cm_type ,cm_order , cm_state) values(7581,63,173,2113,'2010款 1.6L 标准型','2010款',2,0);
insert into t_car_model(cm_id ,cb_id,cbf_id, cs_id , cm_name,cm_type ,cm_order , cm_state) values(7582,63,173,2113,'2010款 1.6L 舒适型','2010款',3,0);
insert into t_car_model(cm_id ,cb_id,cbf_id, cs_id , cm_name,cm_type ,cm_order , cm_state) values(7583,63,173,2113,'2010款 1.6L 豪华型','2010款',4,0);
insert into t_car_model(cm_id ,cb_id,cbf_id, cs_id , cm_name,cm_type ,cm_order , cm_state) values(7585,63,173,2113,'2010款 1.6L 232座 尊贵型','2010款',5,0);
insert into t_car_series(cs_id,cb_id,cbf_id,cs_name,cs_order,cs_letter) values(4307,63,173,'纳瓦拉',3068,'N');
insert into t_car_model(cm_id ,cb_id,cbf_id, cs_id , cm_name,cm_type ,cm_order , cm_state) values(1008321,63,173,4307,'2019款 2.5L手动两驱舒适型国VI QR25','2019款',1,0);
insert into t_car_model(cm_id ,cb_id,cbf_id, cs_id , cm_name,cm_type ,cm_order , cm_state) values(1008320,63,173,4307,'2019款 2.5L手动两驱尊享型国VI QR25','2019款',2,0);
insert into t_car_model(cm_id ,cb_id,cbf_id, cs_id , cm_name,cm_type ,cm_order , cm_state) values(1008319,63,173,4307,'2019款 2.5L手动两驱旗舰型国VI QR25','2019款',3,0);
insert into t_car_model(cm_id ,cb_id,cbf_id, cs_id , cm_name,cm_type ,cm_order , cm_state) values(1008318,63,173,4307,'2019款 2.5L手动四驱舒适型国VI QR25','2019款',4,0);
insert into t_car_model(cm_id ,cb_id,cbf_id, cs_id , cm_name,cm_type ,cm_order , cm_state) values(1008317,63,173,4307,'2019款 2.5L手动四驱尊享型国VI QR25','2019款',5,0);
insert into t_car_model(cm_id ,cb_id,cbf_id, cs_id , cm_name,cm_type ,cm_order , cm_state) values(1008316,63,173,4307,'2019款 2.5L手动四驱旗舰型国VI QR25','2019款',6,0);
insert into t_car_model(cm_id ,cb_id,cbf_id, cs_id , cm_name,cm_type ,cm_order , cm_state) values(1005090,63,173,4307,'2017款 2.5L手动两驱标准版QR25','2017款',1,0);
insert into t_car_model(cm_id ,cb_id,cbf_id, cs_id , cm_name,cm_type ,cm_order , cm_state) values(1005259,63,173,4307,'2017款 2.5L手动两驱豪华版QR25','2017款',2,0);
insert into t_car_model(cm_id ,cb_id,cbf_id, cs_id , cm_name,cm_type ,cm_order , cm_state) values(1005258,63,173,4307,'2017款 2.5L手动两驱旗舰版QR25','2017款',3,0);
insert into t_car_model(cm_id ,cb_id,cbf_id, cs_id , cm_name,cm_type ,cm_order , cm_state) values(1005257,63,173,4307,'2017款 2.5L自动两驱豪华版QR25','2017款',4,0);
insert into t_car_model(cm_id ,cb_id,cbf_id, cs_id , cm_name,cm_type ,cm_order , cm_state) values(1005256,63,173,4307,'2017款 2.5L手动四驱标准版QR25','2017款',5,0);
insert into t_car_model(cm_id ,cb_id,cbf_id, cs_id , cm_name,cm_type ,cm_order , cm_state) values(1005255,63,173,4307,'2017款 2.5L手动四驱豪华版QR25','2017款',6,0);
insert into t_car_model(cm_id ,cb_id,cbf_id, cs_id , cm_name,cm_type ,cm_order , cm_state) values(1005254,63,173,4307,'2017款 2.5L手动四驱旗舰版QR25','2017款',7,0);
insert into t_car_model(cm_id ,cb_id,cbf_id, cs_id , cm_name,cm_type ,cm_order , cm_state) values(1005253,63,173,4307,'2017款 2.5L自动四驱豪华版QR25','2017款',8,0);
insert into t_car_series(cs_id,cb_id,cbf_id,cs_name,cs_order,cs_letter) values(2466,63,173,'日产D22',3069,'R');
insert into t_car_model(cm_id ,cb_id,cbf_id, cs_id , cm_name,cm_type ,cm_order , cm_state) values(1001534,63,173,2466,'2013款 2.4L汽油两驱标准型','2013款',1,0);
insert into t_car_model(cm_id ,cb_id,cbf_id, cs_id , cm_name,cm_type ,cm_order , cm_state) values(1001535,63,173,2466,'2013款 2.4L汽油两驱高级型','2013款',2,0);
insert into t_car_model(cm_id ,cb_id,cbf_id, cs_id , cm_name,cm_type ,cm_order , cm_state) values(1001536,63,173,2466,'2013款 2.4L汽油四驱标准型','2013款',3,0);
insert into t_car_model(cm_id ,cb_id,cbf_id, cs_id , cm_name,cm_type ,cm_order , cm_state) values(1001537,63,173,2466,'2013款 2.4L汽油四驱高级型','2013款',4,0);
insert into t_car_model(cm_id ,cb_id,cbf_id, cs_id , cm_name,cm_type ,cm_order , cm_state) values(1000107,63,173,2466,'2011款 2.5T柴油两驱标准型','2011款',1,0);
insert into t_car_model(cm_id ,cb_id,cbf_id, cs_id , cm_name,cm_type ,cm_order , cm_state) values(1000108,63,173,2466,'2011款 2.5T柴油两驱高级型','2011款',2,0);
insert into t_car_model(cm_id ,cb_id,cbf_id, cs_id , cm_name,cm_type ,cm_order , cm_state) values(1000109,63,173,2466,'2011款 2.5T柴油四驱标准型','2011款',3,0);
insert into t_car_model(cm_id ,cb_id,cbf_id, cs_id , cm_name,cm_type ,cm_order , cm_state) values(1000110,63,173,2466,'2011款 2.5T柴油四驱高级型','2011款',4,0);
insert into t_car_model(cm_id ,cb_id,cbf_id, cs_id , cm_name,cm_type ,cm_order , cm_state) values(1000111,63,173,2466,'2011款 2.4L汽油两驱标准型','2011款',5,0);
insert into t_car_model(cm_id ,cb_id,cbf_id, cs_id , cm_name,cm_type ,cm_order , cm_state) values(1000112,63,173,2466,'2011款 2.4L汽油两驱高级型','2011款',6,0);
insert into t_car_model(cm_id ,cb_id,cbf_id, cs_id , cm_name,cm_type ,cm_order , cm_state) values(1000113,63,173,2466,'2011款 2.4L汽油四驱标准型','2011款',7,0);
insert into t_car_model(cm_id ,cb_id,cbf_id, cs_id , cm_name,cm_type ,cm_order , cm_state) values(1000114,63,173,2466,'2011款 2.4L汽油四驱高级型','2011款',8,0);
insert into t_car_series(cs_id,cb_id,cbf_id,cs_name,cs_order,cs_letter) values(2853,63,173,'日产ZN厢式车',3070,'R');
insert into t_car_model(cm_id ,cb_id,cbf_id, cs_id , cm_name,cm_type ,cm_order , cm_state) values(1001453,63,173,2853,'2013款 2.4L两驱标准型5座','2013款',1,0);
insert into t_car_model(cm_id ,cb_id,cbf_id, cs_id , cm_name,cm_type ,cm_order , cm_state) values(1001454,63,173,2853,'2013款 2.4L两驱豪华型5座','2013款',2,0);
insert into t_car_model(cm_id ,cb_id,cbf_id, cs_id , cm_name,cm_type ,cm_order , cm_state) values(1001455,63,173,2853,'2013款 2.4L四驱标准型5座','2013款',3,0);
insert into t_car_model(cm_id ,cb_id,cbf_id, cs_id , cm_name,cm_type ,cm_order , cm_state) values(1001456,63,173,2853,'2013款 2.4L四驱豪华型5座','2013款',4,0);
insert into t_car_model(cm_id ,cb_id,cbf_id, cs_id , cm_name,cm_type ,cm_order , cm_state) values(1001162,63,173,2853,'2012款 2.4L两驱标准版7座','2012款',1,0);
insert into t_car_model(cm_id ,cb_id,cbf_id, cs_id , cm_name,cm_type ,cm_order , cm_state) values(1001167,63,173,2853,'2012款 2.4L两驱高级版7座','2012款',2,0);
insert into t_car_model(cm_id ,cb_id,cbf_id, cs_id , cm_name,cm_type ,cm_order , cm_state) values(1001165,63,173,2853,'2012款 2.4L四驱标准版7座','2012款',3,0);
insert into t_car_model(cm_id ,cb_id,cbf_id, cs_id , cm_name,cm_type ,cm_order , cm_state) values(1001169,63,173,2853,'2012款 2.4L四驱高级版7座','2012款',4,0);
insert into t_car_model(cm_id ,cb_id,cbf_id, cs_id , cm_name,cm_type ,cm_order , cm_state) values(1001879,63,173,2853,'2011款 2.4L两驱标准型5座ZN6493','2011款',1,0);
insert into t_car_model(cm_id ,cb_id,cbf_id, cs_id , cm_name,cm_type ,cm_order , cm_state) values(1001878,63,173,2853,'2011款 2.4L两驱标准型7座ZN6493','2011款',2,0);
insert into t_car_model(cm_id ,cb_id,cbf_id, cs_id , cm_name,cm_type ,cm_order , cm_state) values(1001881,63,173,2853,'2011款 2.4L两驱高级型5座ZN6493','2011款',3,0);
insert into t_car_model(cm_id ,cb_id,cbf_id, cs_id , cm_name,cm_type ,cm_order , cm_state) values(1001880,63,173,2853,'2011款 2.4L两驱高级型7座ZN6493','2011款',4,0);
insert into t_car_model(cm_id ,cb_id,cbf_id, cs_id , cm_name,cm_type ,cm_order , cm_state) values(1001882,63,173,2853,'2011款 2.4L四驱标准型5座ZN6493','2011款',5,0);
insert into t_car_model(cm_id ,cb_id,cbf_id, cs_id , cm_name,cm_type ,cm_order , cm_state) values(1001883,63,173,2853,'2011款 2.4L四驱标准型7座ZN6493','2011款',6,0);
insert into t_car_model(cm_id ,cb_id,cbf_id, cs_id , cm_name,cm_type ,cm_order , cm_state) values(1001884,63,173,2853,'2011款 2.4L四驱高级型5座ZN6493','2011款',7,0);
insert into t_car_model(cm_id ,cb_id,cbf_id, cs_id , cm_name,cm_type ,cm_order , cm_state) values(1001885,63,173,2853,'2011款 2.4L四驱高级型7座ZN6493','2011款',8,0);
insert into t_car_series(cs_id,cb_id,cbf_id,cs_name,cs_order,cs_letter) values(53,63,173,'帕拉丁',3071,'P');
insert into t_car_model(cm_id ,cb_id,cbf_id, cs_id , cm_name,cm_type ,cm_order , cm_state) values(16133,63,173,53,'2013款 2.4L 两驱标准型 国V','2013款',1,0);
insert into t_car_model(cm_id ,cb_id,cbf_id, cs_id , cm_name,cm_type ,cm_order , cm_state) values(16134,63,173,53,'2013款 2.4L 两驱豪华型 国V','2013款',2,0);
insert into t_car_model(cm_id ,cb_id,cbf_id, cs_id , cm_name,cm_type ,cm_order , cm_state) values(16135,63,173,53,'2013款 2.4L 四驱标准型 国V','2013款',3,0);
insert into t_car_model(cm_id ,cb_id,cbf_id, cs_id , cm_name,cm_type ,cm_order , cm_state) values(15335,63,173,53,'2013款 2.4L 四驱豪华型 国IV','2013款',4,0);
insert into t_car_model(cm_id ,cb_id,cbf_id, cs_id , cm_name,cm_type ,cm_order , cm_state) values(16055,63,173,53,'2013款 2.4L 四驱豪华纪念版 国IV','2013款',5,0);
insert into t_car_model(cm_id ,cb_id,cbf_id, cs_id , cm_name,cm_type ,cm_order , cm_state) values(16136,63,173,53,'2013款 2.4L 四驱豪华型 国V','2013款',6,0);
insert into t_car_model(cm_id ,cb_id,cbf_id, cs_id , cm_name,cm_type ,cm_order , cm_state) values(15331,63,173,53,'2013款 2.4L 两驱舒适型','2013款',7,0);
insert into t_car_model(cm_id ,cb_id,cbf_id, cs_id , cm_name,cm_type ,cm_order , cm_state) values(15334,63,173,53,'2013款 2.4L 四驱舒适型','2013款',8,0);
insert into t_car_model(cm_id ,cb_id,cbf_id, cs_id , cm_name,cm_type ,cm_order , cm_state) values(15333,63,173,53,'2013款 2.4L 两驱行政型','2013款',9,0);
insert into t_car_model(cm_id ,cb_id,cbf_id, cs_id , cm_name,cm_type ,cm_order , cm_state) values(15336,63,173,53,'2013款 2.4L 四驱行政型','2013款',10,0);
insert into t_car_model(cm_id ,cb_id,cbf_id, cs_id , cm_name,cm_type ,cm_order , cm_state) values(15330,63,173,53,'2013款 2.4L 两驱标准型 国IV','2013款',11,0);
insert into t_car_model(cm_id ,cb_id,cbf_id, cs_id , cm_name,cm_type ,cm_order , cm_state) values(16053,63,173,53,'2013款 2.4L 两驱标准纪念版 国IV','2013款',12,0);
insert into t_car_model(cm_id ,cb_id,cbf_id, cs_id , cm_name,cm_type ,cm_order , cm_state) values(15332,63,173,53,'2013款 2.4L 两驱豪华型 国IV','2013款',13,0);
insert into t_car_model(cm_id ,cb_id,cbf_id, cs_id , cm_name,cm_type ,cm_order , cm_state) values(15325,63,173,53,'2013款 2.4L 四驱标准型 国IV','2013款',14,0);
insert into t_car_model(cm_id ,cb_id,cbf_id, cs_id , cm_name,cm_type ,cm_order , cm_state) values(16054,63,173,53,'2013款 2.4L 四驱标准纪念版 国IV','2013款',15,0);
insert into t_car_model(cm_id ,cb_id,cbf_id, cs_id , cm_name,cm_type ,cm_order , cm_state) values(6745,63,173,53,'2008款 2.4L 两驱标准型','2008款',1,0);
insert into t_car_model(cm_id ,cb_id,cbf_id, cs_id , cm_name,cm_type ,cm_order , cm_state) values(6744,63,173,53,'2008款 2.4L 四驱标准型','2008款',2,0);
insert into t_car_model(cm_id ,cb_id,cbf_id, cs_id , cm_name,cm_type ,cm_order , cm_state) values(6746,63,173,53,'2007款 2.4L XE 两驱标准型','2007款',1,0);
insert into t_car_model(cm_id ,cb_id,cbf_id, cs_id , cm_name,cm_type ,cm_order , cm_state) values(6733,63,173,53,'2007款 2.4L XE 四驱标准型','2007款',2,0);
insert into t_car_model(cm_id ,cb_id,cbf_id, cs_id , cm_name,cm_type ,cm_order , cm_state) values(6734,63,173,53,'2007款 2.4L XE 四驱超豪华型','2007款',3,0);
insert into t_car_model(cm_id ,cb_id,cbf_id, cs_id , cm_name,cm_type ,cm_order , cm_state) values(6735,63,173,53,'2007款 3.3L 四驱超豪华型','2007款',4,0);
insert into t_car_model(cm_id ,cb_id,cbf_id, cs_id , cm_name,cm_type ,cm_order , cm_state) values(2121,63,173,53,'2006款 2.4L 两驱标准型','2006款',1,0);
insert into t_car_model(cm_id ,cb_id,cbf_id, cs_id , cm_name,cm_type ,cm_order , cm_state) values(5761,63,173,53,'2006款 2.4L 两驱舒适型','2006款',2,0);
insert into t_car_model(cm_id ,cb_id,cbf_id, cs_id , cm_name,cm_type ,cm_order , cm_state) values(2124,63,173,53,'2006款 2.4L 两驱豪华型','2006款',3,0);
insert into t_car_model(cm_id ,cb_id,cbf_id, cs_id , cm_name,cm_type ,cm_order , cm_state) values(6731,63,173,53,'2006款 2.4L XE 两驱豪华版','2006款',4,0);
insert into t_car_model(cm_id ,cb_id,cbf_id, cs_id , cm_name,cm_type ,cm_order , cm_state) values(5762,63,173,53,'2006款 2.4L 两驱行政型','2006款',5,0);
insert into t_car_model(cm_id ,cb_id,cbf_id, cs_id , cm_name,cm_type ,cm_order , cm_state) values(6732,63,173,53,'2006款 2.4L XE 四驱标准型','2006款',6,0);
insert into t_car_model(cm_id ,cb_id,cbf_id, cs_id , cm_name,cm_type ,cm_order , cm_state) values(2122,63,173,53,'2006款 2.4L 四驱标准型','2006款',7,0);
insert into t_car_model(cm_id ,cb_id,cbf_id, cs_id , cm_name,cm_type ,cm_order , cm_state) values(5763,63,173,53,'2006款 2.4L 四驱舒适型','2006款',8,0);
insert into t_car_model(cm_id ,cb_id,cbf_id, cs_id , cm_name,cm_type ,cm_order , cm_state) values(2125,63,173,53,'2006款 2.4L 四驱豪华型','2006款',9,0);
insert into t_car_model(cm_id ,cb_id,cbf_id, cs_id , cm_name,cm_type ,cm_order , cm_state) values(5764,63,173,53,'2006款 2.4L 四驱行政型','2006款',10,0);
insert into t_car_model(cm_id ,cb_id,cbf_id, cs_id , cm_name,cm_type ,cm_order , cm_state) values(2123,63,173,53,'2006款 3.3L 四驱豪华型','2006款',11,0);
insert into t_car_model(cm_id ,cb_id,cbf_id, cs_id , cm_name,cm_type ,cm_order , cm_state) values(133,63,173,53,'2004款 2.4L 两驱标准型','2004款',1,0);
insert into t_car_model(cm_id ,cb_id,cbf_id, cs_id , cm_name,cm_type ,cm_order , cm_state) values(1180,63,173,53,'2004款 2.4L 两驱黑内饰型','2004款',2,0);
insert into t_car_model(cm_id ,cb_id,cbf_id, cs_id , cm_name,cm_type ,cm_order , cm_state) values(4218,63,173,53,'2004款 2.4L 两驱豪华型','2004款',3,0);
insert into t_car_model(cm_id ,cb_id,cbf_id, cs_id , cm_name,cm_type ,cm_order , cm_state) values(132,63,173,53,'2004款 2.4L 四驱标准型','2004款',4,0);
insert into t_car_model(cm_id ,cb_id,cbf_id, cs_id , cm_name,cm_type ,cm_order , cm_state) values(4219,63,173,53,'2004款 2.4L 四驱豪华型','2004款',5,0);
insert into t_car_model(cm_id ,cb_id,cbf_id, cs_id , cm_name,cm_type ,cm_order , cm_state) values(134,63,173,53,'2004款 3.3L 四驱标准型','2004款',6,0);
insert into t_car_brand_factory(cbf_id , cb_id , cbf_name ,cbf_letter) values(73,63,'日产(进口)','R');
insert into t_car_series(cs_id,cb_id,cbf_id,cs_name,cs_order,cs_letter) values(2054,63,73,'JUKE',3095,'J');
insert into t_car_model(cm_id ,cb_id,cbf_id, cs_id , cm_name,cm_type ,cm_order , cm_state) values(7123,63,73,2054,'2011款 基本型','2011款',1,0);
insert into t_car_series(cs_id,cb_id,cbf_id,cs_name,cs_order,cs_letter) values(208,63,73,'奇骏(进口)',3102,'Q');
insert into t_car_model(cm_id ,cb_id,cbf_id, cs_id , cm_name,cm_type ,cm_order , cm_state) values(1172,63,73,208,'2004款 2.5 标准型','2004款',1,0);
insert into t_car_model(cm_id ,cb_id,cbf_id, cs_id , cm_name,cm_type ,cm_order , cm_state) values(769,63,73,208,'2004款 2.5 俊朗型','2004款',2,0);
insert into t_car_model(cm_id ,cb_id,cbf_id, cs_id , cm_name,cm_type ,cm_order , cm_state) values(1171,63,73,208,'2004款 2.5 豪华型','2004款',3,0);
insert into t_car_series(cs_id,cb_id,cbf_id,cs_name,cs_order,cs_letter) values(958,63,73,'楼兰(海外)',3105,'L');
insert into t_car_model(cm_id ,cb_id,cbf_id, cs_id , cm_name,cm_type ,cm_order , cm_state) values(6845,63,73,958,'2008款 3.5L','2008款',1,0);
insert into t_car_series(cs_id,cb_id,cbf_id,cs_name,cs_order,cs_letter) values(264,63,73,'途乐',3109,'T');
insert into t_car_model(cm_id ,cb_id,cbf_id, cs_id , cm_name,cm_type ,cm_order , cm_state) values(30709,63,73,264,'2018款 4.0L 领英型','2018款',1,0);
insert into t_car_model(cm_id ,cb_id,cbf_id, cs_id , cm_name,cm_type ,cm_order , cm_state) values(30710,63,73,264,'2018款 4.0L 旗舰型','2018款',2,0);
insert into t_car_model(cm_id ,cb_id,cbf_id, cs_id , cm_name,cm_type ,cm_order , cm_state) values(30711,63,73,264,'2018款 4.0L 铂金型','2018款',3,0);
insert into t_car_model(cm_id ,cb_id,cbf_id, cs_id , cm_name,cm_type ,cm_order , cm_state) values(30764,63,73,264,'2018款 5.6L 标准型','2018款',4,0);
insert into t_car_model(cm_id ,cb_id,cbf_id, cs_id , cm_name,cm_type ,cm_order , cm_state) values(27906,63,73,264,'2017款 5.6L 标准型','2017款',1,0);
insert into t_car_model(cm_id ,cb_id,cbf_id, cs_id , cm_name,cm_type ,cm_order , cm_state) values(23919,63,73,264,'2016款 5.6L 标准型','2016款',1,0);
insert into t_car_model(cm_id ,cb_id,cbf_id, cs_id , cm_name,cm_type ,cm_order , cm_state) values(17596,63,73,264,'2014款 5.6L LE','2014款',1,0);
insert into t_car_model(cm_id ,cb_id,cbf_id, cs_id , cm_name,cm_type ,cm_order , cm_state) values(7129,63,73,264,'2012款 5.6L V8旗舰版','2012款',1,0);
insert into t_car_model(cm_id ,cb_id,cbf_id, cs_id , cm_name,cm_type ,cm_order , cm_state) values(973,63,73,264,'2004款 4800 GRX','2004款',1,0);
insert into t_car_series(cs_id,cb_id,cbf_id,cs_name,cs_order,cs_letter) values(702,63,73,'日产370Z',3121,'R');
insert into t_car_model(cm_id ,cb_id,cbf_id, cs_id , cm_name,cm_type ,cm_order , cm_state) values(20992,63,73,702,'2015款 3.7L Coupe','2015款',1,0);
insert into t_car_model(cm_id ,cb_id,cbf_id, cs_id , cm_name,cm_type ,cm_order , cm_state) values(19202,63,73,702,'2015款 3.7L NISMO','2015款',2,0);
insert into t_car_model(cm_id ,cb_id,cbf_id, cs_id , cm_name,cm_type ,cm_order , cm_state) values(11929,63,73,702,'2013款 3.7L Coupe','2013款',1,0);
insert into t_car_model(cm_id ,cb_id,cbf_id, cs_id , cm_name,cm_type ,cm_order , cm_state) values(14505,63,73,702,'2013款 3.7L Roadster','2013款',2,0);
insert into t_car_series(cs_id,cb_id,cbf_id,cs_name,cs_order,cs_letter) values(436,63,73,'日产GT-R',3122,'R');
insert into t_car_model(cm_id ,cb_id,cbf_id, cs_id , cm_name,cm_type ,cm_order , cm_state) values(28544,63,73,436,'2017款 3.8T 旗舰版','2017款',1,0);
insert into t_car_model(cm_id ,cb_id,cbf_id, cs_id , cm_name,cm_type ,cm_order , cm_state) values(28587,63,73,436,'2017款 3.8T 定制版','2017款',2,0);
insert into t_car_model(cm_id ,cb_id,cbf_id, cs_id , cm_name,cm_type ,cm_order , cm_state) values(28588,63,73,436,'2017款 3.8T 限量定制版','2017款',3,0);
insert into t_car_model(cm_id ,cb_id,cbf_id, cs_id , cm_name,cm_type ,cm_order , cm_state) values(28545,63,73,436,'2017款 3.8T 黑金刚版','2017款',4,0);
insert into t_car_model(cm_id ,cb_id,cbf_id, cs_id , cm_name,cm_type ,cm_order , cm_state) values(17692,63,73,436,'2015款 3.8T 动感酷黑内饰版','2015款',1,0);
insert into t_car_model(cm_id ,cb_id,cbf_id, cs_id , cm_name,cm_type ,cm_order , cm_state) values(17691,63,73,436,'2015款 3.8T 豪华棕红内饰版','2015款',2,0);
insert into t_car_model(cm_id ,cb_id,cbf_id, cs_id , cm_name,cm_type ,cm_order , cm_state) values(17557,63,73,436,'2015款 3.8T 时尚米白内饰版','2015款',3,0);
insert into t_car_model(cm_id ,cb_id,cbf_id, cs_id , cm_name,cm_type ,cm_order , cm_state) values(17542,63,73,436,'2015款 3.8T NISMO','2015款',4,0);
insert into t_car_model(cm_id ,cb_id,cbf_id, cs_id , cm_name,cm_type ,cm_order , cm_state) values(17693,63,73,436,'2015款 3.8T 特别版','2015款',5,0);
insert into t_car_model(cm_id ,cb_id,cbf_id, cs_id , cm_name,cm_type ,cm_order , cm_state) values(18964,63,73,436,'2015款 3.8T 黑金刚版','2015款',6,0);
insert into t_car_model(cm_id ,cb_id,cbf_id, cs_id , cm_name,cm_type ,cm_order , cm_state) values(15836,63,73,436,'2014款 3.8T Premium Edition 黑色内饰','2014款',1,0);
insert into t_car_model(cm_id ,cb_id,cbf_id, cs_id , cm_name,cm_type ,cm_order , cm_state) values(14818,63,73,436,'2014款 3.8T Premium Edition 棕红内饰','2014款',2,0);
insert into t_car_model(cm_id ,cb_id,cbf_id, cs_id , cm_name,cm_type ,cm_order , cm_state) values(11255,63,73,436,'2013款 3.8T Premium Edition','2013款',1,0);
insert into t_car_model(cm_id ,cb_id,cbf_id, cs_id , cm_name,cm_type ,cm_order , cm_state) values(8778,63,73,436,'2012款 3.8T Premium Edition','2012款',1,0);
insert into t_car_model(cm_id ,cb_id,cbf_id, cs_id , cm_name,cm_type ,cm_order , cm_state) values(6703,63,73,436,'2010款 3.8T Premium Edition','2010款',1,0);
insert into t_car_model(cm_id ,cb_id,cbf_id, cs_id , cm_name,cm_type ,cm_order , cm_state) values(1907,63,73,436,'2009款 R35','2009款',1,0);
insert into t_car_series(cs_id,cb_id,cbf_id,cs_name,cs_order,cs_letter) values(205,63,73,'风度',3133,'F');
insert into t_car_model(cm_id ,cb_id,cbf_id, cs_id , cm_name,cm_type ,cm_order , cm_state) values(774,63,73,205,'2004款 2.0 G','2004款',1,0);
insert into t_car_model(cm_id ,cb_id,cbf_id, cs_id , cm_name,cm_type ,cm_order , cm_state) values(772,63,73,205,'2004款 3.0','2004款',2,0);
insert into t_car_series(cs_id,cb_id,cbf_id,cs_name,cs_order,cs_letter) values(376,63,73,'风雅',3134,'F');
insert into t_car_model(cm_id ,cb_id,cbf_id, cs_id , cm_name,cm_type ,cm_order , cm_state) values(2547,63,73,376,'2007款 350','2007款',1,0);
insert into t_car_model(cm_id ,cb_id,cbf_id, cs_id , cm_name,cm_type ,cm_order , cm_state) values(6830,63,73,376,'2007款 3.5 豪华导航版','2007款',2,0);
insert into t_car_model(cm_id ,cb_id,cbf_id, cs_id , cm_name,cm_type ,cm_order , cm_state) values(6829,63,73,376,'2007款 3.5 VIP版','2007款',3,0);
insert into t_car_model(cm_id ,cb_id,cbf_id, cs_id , cm_name,cm_type ,cm_order , cm_state) values(1390,63,73,376,'2005款 350 豪华版','2005款',1,0);
insert into t_car_model(cm_id ,cb_id,cbf_id, cs_id , cm_name,cm_type ,cm_order , cm_state) values(1754,63,73,376,'2005款 350 豪华导航版','2005款',2,0);
insert into t_car_model(cm_id ,cb_id,cbf_id, cs_id , cm_name,cm_type ,cm_order , cm_state) values(1755,63,73,376,'2005款 350 VIP版','2005款',3,0);
insert into t_car_series(cs_id,cb_id,cbf_id,cs_name,cs_order,cs_letter) values(204,63,73,'CIMA',3136,'C');
insert into t_car_model(cm_id ,cb_id,cbf_id, cs_id , cm_name,cm_type ,cm_order , cm_state) values(410,63,73,204,'2004款 4.5 CIMA','2004款',1,0);
insert into t_car_series(cs_id,cb_id,cbf_id,cs_name,cs_order,cs_letter) values(438,63,73,'贵士',3139,'G');
insert into t_car_model(cm_id ,cb_id,cbf_id, cs_id , cm_name,cm_type ,cm_order , cm_state) values(21615,63,73,438,'2015款 3.5L SL','2015款',1,0);
insert into t_car_model(cm_id ,cb_id,cbf_id, cs_id , cm_name,cm_type ,cm_order , cm_state) values(15859,63,73,438,'2013款 3.5L SL','2013款',1,0);
insert into t_car_model(cm_id ,cb_id,cbf_id, cs_id , cm_name,cm_type ,cm_order , cm_state) values(11407,63,73,438,'2012款 3.5L SL','2012款',1,0);
insert into t_car_model(cm_id ,cb_id,cbf_id, cs_id , cm_name,cm_type ,cm_order , cm_state) values(2546,63,73,438,'2006款 3.5L','2006款',1,0);
insert into t_car_model(cm_id ,cb_id,cbf_id, cs_id , cm_name,cm_type ,cm_order , cm_state) values(1932,63,73,438,'2005款 3.5L','2005款',1,0);
insert into t_car_series(cs_id,cb_id,cbf_id,cs_name,cs_order,cs_letter) values(316,63,73,'日产350Z',3141,'R');
insert into t_car_model(cm_id ,cb_id,cbf_id, cs_id , cm_name,cm_type ,cm_order , cm_state) values(2545,63,73,316,'2006款 3.5 MT','2006款',1,0);
insert into t_car_model(cm_id ,cb_id,cbf_id, cs_id , cm_name,cm_type ,cm_order , cm_state) values(1193,63,73,316,'2004款 3.5 AT','2004款',1,0);
insert into t_car_series(cs_id,cb_id,cbf_id,cs_name,cs_order,cs_letter) values(2578,63,73,'碧莲',3142,'B');
insert into t_car_model(cm_id ,cb_id,cbf_id, cs_id , cm_name,cm_type ,cm_order , cm_state) values(1000765,63,73,2578,'2011款 4.5L-STD','2011款',1,0);
insert into t_car_model(cm_id ,cb_id,cbf_id, cs_id , cm_name,cm_type ,cm_order , cm_state) values(1000764,63,73,2578,'2011款 4.5L-VIP','2011款',2,0);
insert into t_car_model(cm_id ,cb_id,cbf_id, cs_id , cm_name,cm_type ,cm_order , cm_state) values(1000766,63,73,2578,'2011款 4.5L-尊贵VIP','2011款',3,0);
