insert into t_car_brand_factory(cbf_id , cb_id , cbf_name ,cbf_letter) values(92,63,'东风日产','D');
insert into t_car_series(cs_id,cbf_id,cs_name,cs_order,cs_letter) values(522,92,'骊威',3050,'L');
insert into t_car_model(cm_id , cs_id , cm_name,cm_type ,cm_order , cm_state) values(30467,522,'2015款 1.6XE 手动舒适版','2015款',1,0);
insert into t_car_model(cm_id , cs_id , cm_name,cm_type ,cm_order , cm_state) values(30468,522,'2015款 1.6XE CVT舒适版','2015款',2,0);
insert into t_car_model(cm_id , cs_id , cm_name,cm_type ,cm_order , cm_state) values(30469,522,'2015款 1.6XE 手动舒适互联版','2015款',3,0);
insert into t_car_model(cm_id , cs_id , cm_name,cm_type ,cm_order , cm_state) values(30470,522,'2015款 1.6XE CVT舒适互联版','2015款',4,0);
insert into t_car_model(cm_id , cs_id , cm_name,cm_type ,cm_order , cm_state) values(30471,522,'2015款 1.6XL 手动豪华版','2015款',5,0);
insert into t_car_model(cm_id , cs_id , cm_name,cm_type ,cm_order , cm_state) values(30472,522,'2015款 1.6XL CVT豪华版','2015款',6,0);
insert into t_car_model(cm_id , cs_id , cm_name,cm_type ,cm_order , cm_state) values(22761,522,'2015款 1.6XL CVT豪华真皮版','2015款',7,0);
insert into t_car_model(cm_id , cs_id , cm_name,cm_type ,cm_order , cm_state) values(30473,522,'2015款 劲锐 1.6XV 手动豪华版','2015款',8,0);
insert into t_car_model(cm_id , cs_id , cm_name,cm_type ,cm_order , cm_state) values(30474,522,'2015款 劲锐 1.6XV CVT豪华版','2015款',9,0);
insert into t_car_model(cm_id , cs_id , cm_name,cm_type ,cm_order , cm_state) values(22760,522,'2015款 劲锐 1.6XV CVT酷咖版','2015款',10,0);
insert into t_car_model(cm_id , cs_id , cm_name,cm_type ,cm_order , cm_state) values(15538,522,'2013款 劲锐 1.6XL 手动舒适版','2013款',1,0);
insert into t_car_model(cm_id , cs_id , cm_name,cm_type ,cm_order , cm_state) values(15537,522,'2013款 劲锐 1.6XL CVT舒适版','2013款',2,0);
insert into t_car_model(cm_id , cs_id , cm_name,cm_type ,cm_order , cm_state) values(15541,522,'2013款 1.6XE 手动舒适版','2013款',3,0);
insert into t_car_model(cm_id , cs_id , cm_name,cm_type ,cm_order , cm_state) values(15542,522,'2013款 1.6XE CVT舒适版','2013款',4,0);
insert into t_car_model(cm_id , cs_id , cm_name,cm_type ,cm_order , cm_state) values(15539,522,'2013款 1.6XL 手动豪华版','2013款',5,0);
insert into t_car_model(cm_id , cs_id , cm_name,cm_type ,cm_order , cm_state) values(15540,522,'2013款 1.6XL CVT豪华版','2013款',6,0);
insert into t_car_model(cm_id , cs_id , cm_name,cm_type ,cm_order , cm_state) values(15536,522,'2013款 劲锐 1.6XV 手动豪华版','2013款',7,0);
insert into t_car_model(cm_id , cs_id , cm_name,cm_type ,cm_order , cm_state) values(14436,522,'2013款 劲锐 1.6XV CVT豪华版','2013款',8,0);
insert into t_car_model(cm_id , cs_id , cm_name,cm_type ,cm_order , cm_state) values(7387,522,'2010款 劲悦版 1.6L 自动炫能型','2010款',1,0);
insert into t_car_model(cm_id , cs_id , cm_name,cm_type ,cm_order , cm_state) values(7395,522,'2010款 劲锐版 1.6L 手动标准型','2010款',2,0);
insert into t_car_model(cm_id , cs_id , cm_name,cm_type ,cm_order , cm_state) values(7396,522,'2010款 劲锐版 1.6L 自动标准型','2010款',3,0);
insert into t_car_model(cm_id , cs_id , cm_name,cm_type ,cm_order , cm_state) values(7397,522,'2010款 劲锐版 1.6L 手动智能型','2010款',4,0);
insert into t_car_model(cm_id , cs_id , cm_name,cm_type ,cm_order , cm_state) values(7398,522,'2010款 劲锐版 1.6L 自动智能型','2010款',5,0);
insert into t_car_model(cm_id , cs_id , cm_name,cm_type ,cm_order , cm_state) values(7399,522,'2010款 劲锐版 1.6L 自动智能高配型','2010款',6,0);
insert into t_car_model(cm_id , cs_id , cm_name,cm_type ,cm_order , cm_state) values(7391,522,'2010款 劲悦版 1.6L 手动全能型','2010款',7,0);
insert into t_car_model(cm_id , cs_id , cm_name,cm_type ,cm_order , cm_state) values(7392,522,'2010款 劲悦版 1.6L 自动全能型','2010款',8,0);
insert into t_car_model(cm_id , cs_id , cm_name,cm_type ,cm_order , cm_state) values(7393,522,'2010款 劲悦版 1.6L 手动超能型','2010款',9,0);
insert into t_car_model(cm_id , cs_id , cm_name,cm_type ,cm_order , cm_state) values(7394,522,'2010款 劲悦版 1.6L 自动超能型','2010款',10,0);
insert into t_car_model(cm_id , cs_id , cm_name,cm_type ,cm_order , cm_state) values(7411,522,'2010款 劲逸版 1.8L 手动标准型','2010款',11,0);
insert into t_car_model(cm_id , cs_id , cm_name,cm_type ,cm_order , cm_state) values(7412,522,'2010款 劲逸版 1.8L 自动标准型','2010款',12,0);
insert into t_car_model(cm_id , cs_id , cm_name,cm_type ,cm_order , cm_state) values(6858,522,'2009款 1.6L 手动全能型','2009款',1,0);
insert into t_car_model(cm_id , cs_id , cm_name,cm_type ,cm_order , cm_state) values(6859,522,'2009款 1.6L 自动全能型','2009款',2,0);
insert into t_car_model(cm_id , cs_id , cm_name,cm_type ,cm_order , cm_state) values(3780,522,'2008款 1.6L 自动炫能型','2008款',1,0);
insert into t_car_model(cm_id , cs_id , cm_name,cm_type ,cm_order , cm_state) values(3781,522,'2008款 劲锐 1.6L 手动标准版','2008款',2,0);
insert into t_car_model(cm_id , cs_id , cm_name,cm_type ,cm_order , cm_state) values(3782,522,'2008款 劲锐 1.6L 自动标准版','2008款',3,0);
insert into t_car_model(cm_id , cs_id , cm_name,cm_type ,cm_order , cm_state) values(3783,522,'2008款 劲锐 1.6L 手动智能版','2008款',4,0);
insert into t_car_model(cm_id , cs_id , cm_name,cm_type ,cm_order , cm_state) values(3784,522,'2008款 劲锐 1.6L 自动智能版','2008款',5,0);
insert into t_car_model(cm_id , cs_id , cm_name,cm_type ,cm_order , cm_state) values(3779,522,'2008款 1.6L 手动炫能型','2008款',6,0);
insert into t_car_model(cm_id , cs_id , cm_name,cm_type ,cm_order , cm_state) values(2938,522,'2007款 1.6L 手动多能型','2007款',1,0);
insert into t_car_model(cm_id , cs_id , cm_name,cm_type ,cm_order , cm_state) values(2939,522,'2007款 1.6L 自动多能型','2007款',2,0);
insert into t_car_model(cm_id , cs_id , cm_name,cm_type ,cm_order , cm_state) values(3437,522,'2007款 改款 1.6L 手动多能型','2007款',3,0);
insert into t_car_model(cm_id , cs_id , cm_name,cm_type ,cm_order , cm_state) values(3438,522,'2007款 改款 1.6L 自动多能型','2007款',4,0);
insert into t_car_model(cm_id , cs_id , cm_name,cm_type ,cm_order , cm_state) values(2940,522,'2007款 1.6L 手动全能型','2007款',5,0);
insert into t_car_model(cm_id , cs_id , cm_name,cm_type ,cm_order , cm_state) values(2941,522,'2007款 1.6L 自动全能型','2007款',6,0);
insert into t_car_model(cm_id , cs_id , cm_name,cm_type ,cm_order , cm_state) values(2942,522,'2007款 1.6L 手动超能型','2007款',7,0);
insert into t_car_model(cm_id , cs_id , cm_name,cm_type ,cm_order , cm_state) values(2943,522,'2007款 1.6L 自动超能型','2007款',8,0);
insert into t_car_series(cs_id,cbf_id,cs_name,cs_order,cs_letter) values(425,92,'骐达TIIDA',3051,'Q');
insert into t_car_model(cm_id , cs_id , cm_name,cm_type ,cm_order , cm_state) values(42670,425,'2020款 1.6L 手动乐动版','2020款',1,0);
insert into t_car_model(cm_id , cs_id , cm_name,cm_type ,cm_order , cm_state) values(42671,425,'2020款 1.6L CVT酷动版','2020款',2,0);
insert into t_car_model(cm_id , cs_id , cm_name,cm_type ,cm_order , cm_state) values(42672,425,'2020款 1.6L CVT智行版','2020款',3,0);
insert into t_car_model(cm_id , cs_id , cm_name,cm_type ,cm_order , cm_state) values(42673,425,'2020款 1.6L CVT智享版','2020款',4,0);
insert into t_car_model(cm_id , cs_id , cm_name,cm_type ,cm_order , cm_state) values(42674,425,'2020款 1.6L CVT智尊版','2020款',5,0);
insert into t_car_model(cm_id , cs_id , cm_name,cm_type ,cm_order , cm_state) values(38413,425,'2019款 1.6L 手动乐动版 国VI','2019款',1,0);
insert into t_car_model(cm_id , cs_id , cm_name,cm_type ,cm_order , cm_state) values(38414,425,'2019款 1.6L CVT酷动版 国VI','2019款',2,0);
insert into t_car_model(cm_id , cs_id , cm_name,cm_type ,cm_order , cm_state) values(38415,425,'2019款 1.6L CVT智行版 国VI','2019款',3,0);
insert into t_car_model(cm_id , cs_id , cm_name,cm_type ,cm_order , cm_state) values(38416,425,'2019款 1.6L CVT智享版 国VI','2019款',4,0);
insert into t_car_model(cm_id , cs_id , cm_name,cm_type ,cm_order , cm_state) values(38417,425,'2019款 1.6L CVT智尊版 国VI','2019款',5,0);
insert into t_car_model(cm_id , cs_id , cm_name,cm_type ,cm_order , cm_state) values(36839,425,'2019款 1.6L 手动乐动版 国V','2019款',6,0);
insert into t_car_model(cm_id , cs_id , cm_name,cm_type ,cm_order , cm_state) values(36840,425,'2019款 1.6L CVT酷动版 国V','2019款',7,0);
insert into t_car_model(cm_id , cs_id , cm_name,cm_type ,cm_order , cm_state) values(36841,425,'2019款 1.6L CVT智行版 国V','2019款',8,0);
insert into t_car_model(cm_id , cs_id , cm_name,cm_type ,cm_order , cm_state) values(36842,425,'2019款 1.6L CVT智享版 国V','2019款',9,0);
insert into t_car_model(cm_id , cs_id , cm_name,cm_type ,cm_order , cm_state) values(36843,425,'2019款 1.6L CVT智尊版 国V','2019款',10,0);
insert into t_car_model(cm_id , cs_id , cm_name,cm_type ,cm_order , cm_state) values(26341,425,'2016款 1.6L 手动乐动版','2016款',1,0);
insert into t_car_model(cm_id , cs_id , cm_name,cm_type ,cm_order , cm_state) values(26342,425,'2016款 1.6L CVT乐动版','2016款',2,0);
insert into t_car_model(cm_id , cs_id , cm_name,cm_type ,cm_order , cm_state) values(26343,425,'2016款 1.6L 手动酷动版','2016款',3,0);
insert into t_car_model(cm_id , cs_id , cm_name,cm_type ,cm_order , cm_state) values(26344,425,'2016款 1.6L CVT酷动版','2016款',4,0);
insert into t_car_model(cm_id , cs_id , cm_name,cm_type ,cm_order , cm_state) values(26346,425,'2016款 1.6L CVT智行版','2016款',5,0);
insert into t_car_model(cm_id , cs_id , cm_name,cm_type ,cm_order , cm_state) values(26287,425,'2016款 1.6L CVT智尊版','2016款',6,0);
insert into t_car_model(cm_id , cs_id , cm_name,cm_type ,cm_order , cm_state) values(22249,425,'2015款 1.6T 手动GTS限量版','2015款',1,0);
insert into t_car_model(cm_id , cs_id , cm_name,cm_type ,cm_order , cm_state) values(22250,425,'2015款 1.6T M-CVT GTS限量版','2015款',2,0);
insert into t_car_model(cm_id , cs_id , cm_name,cm_type ,cm_order , cm_state) values(21095,425,'2014款 1.6L 手动舒适型','2014款',1,0);
insert into t_car_model(cm_id , cs_id , cm_name,cm_type ,cm_order , cm_state) values(21096,425,'2014款 1.6L CVT舒适型','2014款',2,0);
insert into t_car_model(cm_id , cs_id , cm_name,cm_type ,cm_order , cm_state) values(21097,425,'2014款 1.6L 手动智能型','2014款',3,0);
insert into t_car_model(cm_id , cs_id , cm_name,cm_type ,cm_order , cm_state) values(21098,425,'2014款 1.6L CVT智能型','2014款',4,0);
insert into t_car_model(cm_id , cs_id , cm_name,cm_type ,cm_order , cm_state) values(20381,425,'2014款 1.6L CVT酷咖版','2014款',5,0);
insert into t_car_model(cm_id , cs_id , cm_name,cm_type ,cm_order , cm_state) values(21099,425,'2014款 1.6L CVT豪华型','2014款',6,0);
insert into t_car_model(cm_id , cs_id , cm_name,cm_type ,cm_order , cm_state) values(16786,425,'2013款 1.6L CVT酷咖版','2013款',1,0);
insert into t_car_model(cm_id , cs_id , cm_name,cm_type ,cm_order , cm_state) values(13307,425,'2012款 1.6T GTS极速限量版','2012款',1,0);
insert into t_car_model(cm_id , cs_id , cm_name,cm_type ,cm_order , cm_state) values(10017,425,'2011款 1.6L 手动舒适型','2011款',1,0);
insert into t_car_model(cm_id , cs_id , cm_name,cm_type ,cm_order , cm_state) values(10018,425,'2011款 1.6L CVT舒适型','2011款',2,0);
insert into t_car_model(cm_id , cs_id , cm_name,cm_type ,cm_order , cm_state) values(10019,425,'2011款 1.6L 手动智能型','2011款',3,0);
insert into t_car_model(cm_id , cs_id , cm_name,cm_type ,cm_order , cm_state) values(10020,425,'2011款 1.6L CVT智能型','2011款',4,0);
insert into t_car_model(cm_id , cs_id , cm_name,cm_type ,cm_order , cm_state) values(10021,425,'2011款 1.6L CVT豪华型','2011款',5,0);
insert into t_car_model(cm_id , cs_id , cm_name,cm_type ,cm_order , cm_state) values(10268,425,'2011款 1.6T 手动炫动版','2011款',6,0);
insert into t_car_model(cm_id , cs_id , cm_name,cm_type ,cm_order , cm_state) values(10269,425,'2011款 1.6T M-CVT炫动版','2011款',7,0);
insert into t_car_model(cm_id , cs_id , cm_name,cm_type ,cm_order , cm_state) values(10270,425,'2011款 1.6T 手动致酷版','2011款',8,0);
insert into t_car_model(cm_id , cs_id , cm_name,cm_type ,cm_order , cm_state) values(9937,425,'2011款 1.6T M-CVT致酷版','2011款',9,0);
insert into t_car_model(cm_id , cs_id , cm_name,cm_type ,cm_order , cm_state) values(3460,425,'2008款 1.6L 手动时尚型','2008款',1,0);
insert into t_car_model(cm_id , cs_id , cm_name,cm_type ,cm_order , cm_state) values(3461,425,'2008款 1.6L 自动时尚型','2008款',2,0);
insert into t_car_model(cm_id , cs_id , cm_name,cm_type ,cm_order , cm_state) values(3462,425,'2008款 1.6L 手动智能型','2008款',3,0);
insert into t_car_model(cm_id , cs_id , cm_name,cm_type ,cm_order , cm_state) values(3463,425,'2008款 1.6L 自动智能型','2008款',4,0);
insert into t_car_model(cm_id , cs_id , cm_name,cm_type ,cm_order , cm_state) values(4723,425,'2008款 1.6L 自动科技型','2008款',5,0);
insert into t_car_model(cm_id , cs_id , cm_name,cm_type ,cm_order , cm_state) values(3464,425,'2008款 1.6L 自动豪华型','2008款',6,0);
insert into t_car_model(cm_id , cs_id , cm_name,cm_type ,cm_order , cm_state) values(3465,425,'2008款 1.6L 自动尊贵型','2008款',7,0);
insert into t_car_model(cm_id , cs_id , cm_name,cm_type ,cm_order , cm_state) values(2286,425,'2006款 1.6G MT','2006款',1,0);
insert into t_car_model(cm_id , cs_id , cm_name,cm_type ,cm_order , cm_state) values(2287,425,'2006款 1.6G AT','2006款',2,0);
insert into t_car_model(cm_id , cs_id , cm_name,cm_type ,cm_order , cm_state) values(2288,425,'2006款 1.6GE MT','2006款',3,0);
insert into t_car_model(cm_id , cs_id , cm_name,cm_type ,cm_order , cm_state) values(2289,425,'2006款 1.6GE AT','2006款',4,0);
insert into t_car_model(cm_id , cs_id , cm_name,cm_type ,cm_order , cm_state) values(2290,425,'2006款 1.6GS AT','2006款',5,0);
insert into t_car_model(cm_id , cs_id , cm_name,cm_type ,cm_order , cm_state) values(2291,425,'2006款 1.6GS AT（NAVI）','2006款',6,0);
insert into t_car_model(cm_id , cs_id , cm_name,cm_type ,cm_order , cm_state) values(1803,425,'2005款 1.6G MT','2005款',1,0);
insert into t_car_model(cm_id , cs_id , cm_name,cm_type ,cm_order , cm_state) values(1800,425,'2005款 1.6G AT','2005款',2,0);
insert into t_car_model(cm_id , cs_id , cm_name,cm_type ,cm_order , cm_state) values(1804,425,'2005款 1.6GE AT','2005款',3,0);
insert into t_car_model(cm_id , cs_id , cm_name,cm_type ,cm_order , cm_state) values(1805,425,'2005款 1.6GS AT','2005款',4,0);
insert into t_car_model(cm_id , cs_id , cm_name,cm_type ,cm_order , cm_state) values(1835,425,'2005款 1.6GS AT（NAVI）','2005款',5,0);
insert into t_car_series(cs_id,cbf_id,cs_name,cs_order,cs_letter) values(448,92,'轩逸',3052,'X');
insert into t_car_model(cm_id , cs_id , cm_name,cm_type ,cm_order , cm_state) values(40786,448,'2020款 1.6L XE 手动舒享版','2020款',1,0);
insert into t_car_model(cm_id , cs_id , cm_name,cm_type ,cm_order , cm_state) values(40787,448,'2020款 1.6L XE CVT舒享版','2020款',2,0);
insert into t_car_model(cm_id , cs_id , cm_name,cm_type ,cm_order , cm_state) values(40788,448,'2020款 1.6L XL 手动悦享版','2020款',3,0);
insert into t_car_model(cm_id , cs_id , cm_name,cm_type ,cm_order , cm_state) values(40789,448,'2020款 1.6L XL CVT悦享版','2020款',4,0);
insert into t_car_model(cm_id , cs_id , cm_name,cm_type ,cm_order , cm_state) values(40790,448,'2020款 1.6L XL CVT智享版','2020款',5,0);
insert into t_car_model(cm_id , cs_id , cm_name,cm_type ,cm_order , cm_state) values(38890,448,'2020款 1.6L TOP CVT奢享版','2020款',6,0);
insert into t_car_model(cm_id , cs_id , cm_name,cm_type ,cm_order , cm_state) values(40337,448,'2019款 经典 1.6XE 手动舒适版','2019款',1,0);
insert into t_car_model(cm_id , cs_id , cm_name,cm_type ,cm_order , cm_state) values(40338,448,'2019款 经典 1.6XE CVT舒适版','2019款',2,0);
insert into t_car_model(cm_id , cs_id , cm_name,cm_type ,cm_order , cm_state) values(40339,448,'2019款 经典 1.6XL 手动豪华版','2019款',3,0);
insert into t_car_model(cm_id , cs_id , cm_name,cm_type ,cm_order , cm_state) values(40340,448,'2019款 经典 1.6XL CVT豪华版','2019款',4,0);
insert into t_car_model(cm_id , cs_id , cm_name,cm_type ,cm_order , cm_state) values(36075,448,'2019款 1.6XE 手动舒适版 国V','2019款',5,0);
insert into t_car_model(cm_id , cs_id , cm_name,cm_type ,cm_order , cm_state) values(36078,448,'2019款 1.6XE 手动舒适版 国VI','2019款',6,0);
insert into t_car_model(cm_id , cs_id , cm_name,cm_type ,cm_order , cm_state) values(36076,448,'2019款 1.6XE CVT舒适版 国V','2019款',7,0);
insert into t_car_model(cm_id , cs_id , cm_name,cm_type ,cm_order , cm_state) values(36079,448,'2019款 1.6XE CVT舒适版 国VI','2019款',8,0);
insert into t_car_model(cm_id , cs_id , cm_name,cm_type ,cm_order , cm_state) values(36077,448,'2019款 1.6XL 手动豪华版 国V','2019款',9,0);
insert into t_car_model(cm_id , cs_id , cm_name,cm_type ,cm_order , cm_state) values(36080,448,'2019款 1.6XL 手动豪华版 国VI','2019款',10,0);
insert into t_car_model(cm_id , cs_id , cm_name,cm_type ,cm_order , cm_state) values(36032,448,'2019款 1.6XV CVT智联尊享版 国V','2019款',11,0);
insert into t_car_model(cm_id , cs_id , cm_name,cm_type ,cm_order , cm_state) values(36081,448,'2019款 1.6XV CVT智联尊享版 国VI','2019款',12,0);
insert into t_car_model(cm_id , cs_id , cm_name,cm_type ,cm_order , cm_state) values(36033,448,'2019款 1.6XV  CVT智联智尊版 国V','2019款',13,0);
insert into t_car_model(cm_id , cs_id , cm_name,cm_type ,cm_order , cm_state) values(36082,448,'2019款 1.6XV CVT智联智尊版 国VI','2019款',14,0);
insert into t_car_model(cm_id , cs_id , cm_name,cm_type ,cm_order , cm_state) values(36034,448,'2019款 1.8XV CVT智联智尊版 国V','2019款',15,0);
insert into t_car_model(cm_id , cs_id , cm_name,cm_type ,cm_order , cm_state) values(35458,448,'2019款 经典 1.6XE+ 手动智联领先版','2019款',16,0);
insert into t_car_model(cm_id , cs_id , cm_name,cm_type ,cm_order , cm_state) values(35459,448,'2019款 经典 1.6XE+ CVT智联领先版','2019款',17,0);
insert into t_car_model(cm_id , cs_id , cm_name,cm_type ,cm_order , cm_state) values(35460,448,'2019款 经典 1.6XE+ 手动智联豪华版','2019款',18,0);
insert into t_car_model(cm_id , cs_id , cm_name,cm_type ,cm_order , cm_state) values(35461,448,'2019款 经典 1.6XE+ CVT智联豪华版','2019款',19,0);
insert into t_car_model(cm_id , cs_id , cm_name,cm_type ,cm_order , cm_state) values(33255,448,'2018款 经典 1.6XE+ 手动领先版','2018款',1,0);
insert into t_car_model(cm_id , cs_id , cm_name,cm_type ,cm_order , cm_state) values(33256,448,'2018款 经典 1.6XE+ CVT领先版','2018款',2,0);
insert into t_car_model(cm_id , cs_id , cm_name,cm_type ,cm_order , cm_state) values(33257,448,'2018款 经典 1.6XE+ 手动豪华版','2018款',3,0);
insert into t_car_model(cm_id , cs_id , cm_name,cm_type ,cm_order , cm_state) values(33258,448,'2018款 经典 1.6XE+ CVT豪华版','2018款',4,0);
insert into t_car_model(cm_id , cs_id , cm_name,cm_type ,cm_order , cm_state) values(33317,448,'2018款 1.6XE 手动舒适版','2018款',5,0);
insert into t_car_model(cm_id , cs_id , cm_name,cm_type ,cm_order , cm_state) values(33318,448,'2018款 1.6XE CVT舒适版','2018款',6,0);
insert into t_car_model(cm_id , cs_id , cm_name,cm_type ,cm_order , cm_state) values(33319,448,'2018款 1.6XL 手动豪华版','2018款',7,0);
insert into t_car_model(cm_id , cs_id , cm_name,cm_type ,cm_order , cm_state) values(33320,448,'2018款 1.6XV CVT尊享版','2018款',8,0);
insert into t_car_model(cm_id , cs_id , cm_name,cm_type ,cm_order , cm_state) values(33321,448,'2018款 1.6XV+ CVT智尊版','2018款',9,0);
insert into t_car_model(cm_id , cs_id , cm_name,cm_type ,cm_order , cm_state) values(33322,448,'2018款 1.8XV CVT智尊版','2018款',10,0);
insert into t_car_model(cm_id , cs_id , cm_name,cm_type ,cm_order , cm_state) values(33253,448,'2018款 经典 1.6XE 手动舒适版','2018款',11,0);
insert into t_car_model(cm_id , cs_id , cm_name,cm_type ,cm_order , cm_state) values(33254,448,'2018款 经典 1.6XE CVT舒适版','2018款',12,0);
insert into t_car_model(cm_id , cs_id , cm_name,cm_type ,cm_order , cm_state) values(25392,448,'2016款 1.6XE 手动舒适版','2016款',1,0);
insert into t_car_model(cm_id , cs_id , cm_name,cm_type ,cm_order , cm_state) values(25394,448,'2016款 1.6XL 手动豪华版','2016款',2,0);
insert into t_car_model(cm_id , cs_id , cm_name,cm_type ,cm_order , cm_state) values(25393,448,'2016款 1.6XE CVT舒适版','2016款',3,0);
insert into t_car_model(cm_id , cs_id , cm_name,cm_type ,cm_order , cm_state) values(25395,448,'2016款 1.6XL CVT豪华版','2016款',4,0);
insert into t_car_model(cm_id , cs_id , cm_name,cm_type ,cm_order , cm_state) values(25396,448,'2016款 1.6XL  CVT尊享版','2016款',5,0);
insert into t_car_model(cm_id , cs_id , cm_name,cm_type ,cm_order , cm_state) values(25397,448,'2016款 1.6XV CVT智享版','2016款',6,0);
insert into t_car_model(cm_id , cs_id , cm_name,cm_type ,cm_order , cm_state) values(25398,448,'2016款 1.6XV  CVT智尊版','2016款',7,0);
insert into t_car_model(cm_id , cs_id , cm_name,cm_type ,cm_order , cm_state) values(25399,448,'2016款 1.8XL CVT豪华版','2016款',8,0);
insert into t_car_model(cm_id , cs_id , cm_name,cm_type ,cm_order , cm_state) values(25295,448,'2016款 1.8XV CVT智尊版','2016款',9,0);
insert into t_car_model(cm_id , cs_id , cm_name,cm_type ,cm_order , cm_state) values(28042,448,'2016款 经典 1.6XE 手动舒适版','2016款',10,0);
insert into t_car_model(cm_id , cs_id , cm_name,cm_type ,cm_order , cm_state) values(28043,448,'2016款 经典 1.6XE 自动舒适版','2016款',11,0);
insert into t_car_model(cm_id , cs_id , cm_name,cm_type ,cm_order , cm_state) values(27571,448,'2016款 经典 1.6XE 手动领先版','2016款',12,0);
insert into t_car_model(cm_id , cs_id , cm_name,cm_type ,cm_order , cm_state) values(27572,448,'2016款 经典 1.6XE 自动领先版','2016款',13,0);
insert into t_car_model(cm_id , cs_id , cm_name,cm_type ,cm_order , cm_state) values(28044,448,'2016款 经典 1.6XL 手动豪华版','2016款',14,0);
insert into t_car_model(cm_id , cs_id , cm_name,cm_type ,cm_order , cm_state) values(28045,448,'2016款 经典 1.6XL 自动豪华版','2016款',15,0);
insert into t_car_model(cm_id , cs_id , cm_name,cm_type ,cm_order , cm_state) values(19027,448,'2014款 1.6XV CVT尊享版','2014款',1,0);
insert into t_car_model(cm_id , cs_id , cm_name,cm_type ,cm_order , cm_state) values(13431,448,'2012款 1.6XE 手动舒适版','2012款',1,0);
insert into t_car_model(cm_id , cs_id , cm_name,cm_type ,cm_order , cm_state) values(13432,448,'2012款 1.6XE CVT舒适版','2012款',2,0);
insert into t_car_model(cm_id , cs_id , cm_name,cm_type ,cm_order , cm_state) values(13433,448,'2012款 1.6XL 手动豪华版','2012款',3,0);
insert into t_car_model(cm_id , cs_id , cm_name,cm_type ,cm_order , cm_state) values(13434,448,'2012款 1.6XL CVT豪华版','2012款',4,0);
insert into t_car_model(cm_id , cs_id , cm_name,cm_type ,cm_order , cm_state) values(13435,448,'2012款 1.8XE CVT舒适版','2012款',5,0);
insert into t_car_model(cm_id , cs_id , cm_name,cm_type ,cm_order , cm_state) values(13132,448,'2012款 1.8XL 手动豪华版','2012款',6,0);
insert into t_car_model(cm_id , cs_id , cm_name,cm_type ,cm_order , cm_state) values(13436,448,'2012款 1.8XL CVT豪华版','2012款',7,0);
insert into t_car_model(cm_id , cs_id , cm_name,cm_type ,cm_order , cm_state) values(12650,448,'2012款 1.8XV CVT尊享版','2012款',8,0);
insert into t_car_model(cm_id , cs_id , cm_name,cm_type ,cm_order , cm_state) values(13437,448,'2012款 经典 1.6XE 手动舒适版','2012款',9,0);
insert into t_car_model(cm_id , cs_id , cm_name,cm_type ,cm_order , cm_state) values(13438,448,'2012款 经典 1.6XE 自动舒适版','2012款',10,0);
insert into t_car_model(cm_id , cs_id , cm_name,cm_type ,cm_order , cm_state) values(13439,448,'2012款 经典 1.6XL 手动豪华版','2012款',11,0);
insert into t_car_model(cm_id , cs_id , cm_name,cm_type ,cm_order , cm_state) values(13440,448,'2012款 经典 1.6XL 自动豪华版','2012款',12,0);
insert into t_car_model(cm_id , cs_id , cm_name,cm_type ,cm_order , cm_state) values(5212,448,'2009款 1.6XE 手动舒适版','2009款',1,0);
insert into t_car_model(cm_id , cs_id , cm_name,cm_type ,cm_order , cm_state) values(5252,448,'2009款 1.6XE 自动舒适版','2009款',2,0);
insert into t_car_model(cm_id , cs_id , cm_name,cm_type ,cm_order , cm_state) values(5253,448,'2009款 1.6XL 手动豪华天窗版','2009款',3,0);
insert into t_car_model(cm_id , cs_id , cm_name,cm_type ,cm_order , cm_state) values(5213,448,'2009款 1.6XL 自动豪华天窗版','2009款',4,0);
insert into t_car_model(cm_id , cs_id , cm_name,cm_type ,cm_order , cm_state) values(5214,448,'2009款 2.0XL CVT豪华版','2009款',5,0);
insert into t_car_model(cm_id , cs_id , cm_name,cm_type ,cm_order , cm_state) values(5216,448,'2009款 2.0XL CVT豪华天窗版','2009款',6,0);
insert into t_car_model(cm_id , cs_id , cm_name,cm_type ,cm_order , cm_state) values(5215,448,'2009款 2.0XL CVT科技版','2009款',7,0);
insert into t_car_model(cm_id , cs_id , cm_name,cm_type ,cm_order , cm_state) values(5217,448,'2009款 2.0XL CVT科技天窗版','2009款',8,0);
insert into t_car_model(cm_id , cs_id , cm_name,cm_type ,cm_order , cm_state) values(4320,448,'2008款 1.6XE 舒适版','2008款',1,0);
insert into t_car_model(cm_id , cs_id , cm_name,cm_type ,cm_order , cm_state) values(4321,448,'2008款 1.6XL 豪华版','2008款',2,0);
insert into t_car_model(cm_id , cs_id , cm_name,cm_type ,cm_order , cm_state) values(4322,448,'2008款 2.0XE 舒适版','2008款',3,0);
insert into t_car_model(cm_id , cs_id , cm_name,cm_type ,cm_order , cm_state) values(4323,448,'2008款 2.0XL 豪华版','2008款',4,0);
insert into t_car_model(cm_id , cs_id , cm_name,cm_type ,cm_order , cm_state) values(4324,448,'2008款 2.0XL 科技版','2008款',5,0);
insert into t_car_model(cm_id , cs_id , cm_name,cm_type ,cm_order , cm_state) values(4325,448,'2008款 2.0XL 致酷版','2008款',6,0);
insert into t_car_model(cm_id , cs_id , cm_name,cm_type ,cm_order , cm_state) values(4326,448,'2008款 2.0XV DVD版','2008款',7,0);
insert into t_car_model(cm_id , cs_id , cm_name,cm_type ,cm_order , cm_state) values(4327,448,'2008款 2.0XV NAVI','2008款',8,0);
insert into t_car_model(cm_id , cs_id , cm_name,cm_type ,cm_order , cm_state) values(3201,448,'2007款 1.6 XE 舒适版','2007款',1,0);
insert into t_car_model(cm_id , cs_id , cm_name,cm_type ,cm_order , cm_state) values(3202,448,'2007款 1.6 XE 豪华版','2007款',2,0);
insert into t_car_model(cm_id , cs_id , cm_name,cm_type ,cm_order , cm_state) values(3203,448,'2007款 2.0 XE 舒适版','2007款',3,0);
insert into t_car_model(cm_id , cs_id , cm_name,cm_type ,cm_order , cm_state) values(3204,448,'2007款 2.0 XL 豪华版','2007款',4,0);
insert into t_car_model(cm_id , cs_id , cm_name,cm_type ,cm_order , cm_state) values(3205,448,'2007款 2.0 XL 科技版','2007款',5,0);
insert into t_car_model(cm_id , cs_id , cm_name,cm_type ,cm_order , cm_state) values(3206,448,'2007款 2.0 XL 天窗版','2007款',6,0);
insert into t_car_model(cm_id , cs_id , cm_name,cm_type ,cm_order , cm_state) values(3785,448,'2007款 2.0 XL 致酷版','2007款',7,0);
insert into t_car_model(cm_id , cs_id , cm_name,cm_type ,cm_order , cm_state) values(3207,448,'2007款 2.0 XV DVD版','2007款',8,0);
insert into t_car_model(cm_id , cs_id , cm_name,cm_type ,cm_order , cm_state) values(3208,448,'2007款 2.0 XV NAVI','2007款',9,0);
insert into t_car_model(cm_id , cs_id , cm_name,cm_type ,cm_order , cm_state) values(2760,448,'2006款 1.6 XE','2006款',1,0);
insert into t_car_model(cm_id , cs_id , cm_name,cm_type ,cm_order , cm_state) values(2445,448,'2006款 2.0 XE','2006款',2,0);
insert into t_car_model(cm_id , cs_id , cm_name,cm_type ,cm_order , cm_state) values(2446,448,'2006款 2.0 XL','2006款',3,0);
insert into t_car_model(cm_id , cs_id , cm_name,cm_type ,cm_order , cm_state) values(2448,448,'2006款 2.0 XL天窗版','2006款',4,0);
insert into t_car_model(cm_id , cs_id , cm_name,cm_type ,cm_order , cm_state) values(2447,448,'2006款 2.0 XV','2006款',5,0);
insert into t_car_model(cm_id , cs_id , cm_name,cm_type ,cm_order , cm_state) values(2606,448,'2006款 2.0 XV NAVI','2006款',6,0);
insert into t_car_model(cm_id , cs_id , cm_name,cm_type ,cm_order , cm_state) values(6756,448,'2006款 2.0 XL 科技版','2006款',7,0);
insert into t_car_series(cs_id,cbf_id,cs_name,cs_order,cs_letter) values(64,92,'阳光',3053,'Y');
insert into t_car_model(cm_id , cs_id , cm_name,cm_type ,cm_order , cm_state) values(28012,64,'2016款 1.5XE 手动领先版','2016款',1,0);
insert into t_car_model(cm_id , cs_id , cm_name,cm_type ,cm_order , cm_state) values(28013,64,'2016款 1.5XE CVT领先版','2016款',2,0);
insert into t_car_model(cm_id , cs_id , cm_name,cm_type ,cm_order , cm_state) values(26367,64,'2015款 1.5XE 手动舒适版','2015款',1,0);
insert into t_car_model(cm_id , cs_id , cm_name,cm_type ,cm_order , cm_state) values(26368,64,'2015款 1.5XE CVT舒适版','2015款',2,0);
insert into t_car_model(cm_id , cs_id , cm_name,cm_type ,cm_order , cm_state) values(23051,64,'2015款 1.5XE 手动大师版','2015款',3,0);
insert into t_car_model(cm_id , cs_id , cm_name,cm_type ,cm_order , cm_state) values(23052,64,'2015款 1.5XE CVT大师版','2015款',4,0);
insert into t_car_model(cm_id , cs_id , cm_name,cm_type ,cm_order , cm_state) values(26369,64,'2015款 1.5XE 手动精英版','2015款',5,0);
insert into t_car_model(cm_id , cs_id , cm_name,cm_type ,cm_order , cm_state) values(26370,64,'2015款 1.5XE CVT精英版','2015款',6,0);
insert into t_car_model(cm_id , cs_id , cm_name,cm_type ,cm_order , cm_state) values(18179,64,'2014款 1.5XV CVT尊贵版','2014款',1,0);
insert into t_car_model(cm_id , cs_id , cm_name,cm_type ,cm_order , cm_state) values(18222,64,'2014款 1.5XE 手动舒适版','2014款',2,0);
insert into t_car_model(cm_id , cs_id , cm_name,cm_type ,cm_order , cm_state) values(18223,64,'2014款 1.5XE CVT舒适版','2014款',3,0);
insert into t_car_model(cm_id , cs_id , cm_name,cm_type ,cm_order , cm_state) values(18220,64,'2014款 1.5XE 手动精英版','2014款',4,0);
insert into t_car_model(cm_id , cs_id , cm_name,cm_type ,cm_order , cm_state) values(18221,64,'2014款 1.5XE CVT精英版','2014款',5,0);
insert into t_car_model(cm_id , cs_id , cm_name,cm_type ,cm_order , cm_state) values(18219,64,'2014款 1.5XL 手动豪华版','2014款',6,0);
insert into t_car_model(cm_id , cs_id , cm_name,cm_type ,cm_order , cm_state) values(18191,64,'2014款 1.5XL CVT豪华版','2014款',7,0);
insert into t_car_model(cm_id , cs_id , cm_name,cm_type ,cm_order , cm_state) values(9164,64,'2011款 1.5XE CVT舒适版','2011款',1,0);
insert into t_car_model(cm_id , cs_id , cm_name,cm_type ,cm_order , cm_state) values(9163,64,'2011款 1.5XL 手动豪华版','2011款',2,0);
insert into t_car_model(cm_id , cs_id , cm_name,cm_type ,cm_order , cm_state) values(9165,64,'2011款 1.5XL CVT豪华版','2011款',3,0);
insert into t_car_model(cm_id , cs_id , cm_name,cm_type ,cm_order , cm_state) values(9166,64,'2011款 1.5XV 手动尊贵版','2011款',4,0);
insert into t_car_model(cm_id , cs_id , cm_name,cm_type ,cm_order , cm_state) values(9167,64,'2011款 1.5XV CVT尊贵版','2011款',5,0);
insert into t_car_model(cm_id , cs_id , cm_name,cm_type ,cm_order , cm_state) values(9162,64,'2011款 1.5XE 手动舒适版','2011款',6,0);
insert into t_car_model(cm_id , cs_id , cm_name,cm_type ,cm_order , cm_state) values(1354,64,'2005款 2.0E 手动','2005款',1,0);
insert into t_car_model(cm_id , cs_id , cm_name,cm_type ,cm_order , cm_state) values(1353,64,'2005款 2.0E 自动','2005款',2,0);
insert into t_car_model(cm_id , cs_id , cm_name,cm_type ,cm_order , cm_state) values(1355,64,'2005款 2.0LE 自动','2005款',3,0);
insert into t_car_model(cm_id , cs_id , cm_name,cm_type ,cm_order , cm_state) values(1356,64,'2005款 2.0LS 自动','2005款',4,0);
insert into t_car_model(cm_id , cs_id , cm_name,cm_type ,cm_order , cm_state) values(1357,64,'2005款 2.0LS-NAVI','2005款',5,0);
insert into t_car_model(cm_id , cs_id , cm_name,cm_type ,cm_order , cm_state) values(413,64,'2004款 2.0E 手动','2004款',1,0);
insert into t_car_model(cm_id , cs_id , cm_name,cm_type ,cm_order , cm_state) values(412,64,'2004款 2.0E 自动','2004款',2,0);
insert into t_car_model(cm_id , cs_id , cm_name,cm_type ,cm_order , cm_state) values(414,64,'2004款 2.0LE 自动','2004款',3,0);
insert into t_car_model(cm_id , cs_id , cm_name,cm_type ,cm_order , cm_state) values(415,64,'2004款 2.0LS 自动','2004款',4,0);
insert into t_car_series(cs_id,cbf_id,cs_name,cs_order,cs_letter) values(3817,92,'蓝鸟',3054,'L');
insert into t_car_model(cm_id , cs_id , cm_name,cm_type ,cm_order , cm_state) values(42675,3817,'2020款 1.6L 手动时尚版','2020款',1,0);
insert into t_car_model(cm_id , cs_id , cm_name,cm_type ,cm_order , cm_state) values(42676,3817,'2020款 1.6L 手动炫酷版','2020款',2,0);
insert into t_car_model(cm_id , cs_id , cm_name,cm_type ,cm_order , cm_state) values(42677,3817,'2020款 1.6L CVT炫酷版','2020款',3,0);
insert into t_car_model(cm_id , cs_id , cm_name,cm_type ,cm_order , cm_state) values(42678,3817,'2020款 1.6L CVT智联智酷版','2020款',4,0);
insert into t_car_model(cm_id , cs_id , cm_name,cm_type ,cm_order , cm_state) values(42679,3817,'2020款 1.6L CVT智联高能版','2020款',5,0);
insert into t_car_model(cm_id , cs_id , cm_name,cm_type ,cm_order , cm_state) values(36534,3817,'2019款 1.6L 手动时尚版 国VI','2019款',1,0);
insert into t_car_model(cm_id , cs_id , cm_name,cm_type ,cm_order , cm_state) values(36535,3817,'2019款 1.6L 手动炫酷版 国VI','2019款',2,0);
insert into t_car_model(cm_id , cs_id , cm_name,cm_type ,cm_order , cm_state) values(36536,3817,'2019款 1.6L CVT炫酷版 国VI','2019款',3,0);
insert into t_car_model(cm_id , cs_id , cm_name,cm_type ,cm_order , cm_state) values(36537,3817,'2019款 1.6L CVT智联智酷版 国VI','2019款',4,0);
insert into t_car_model(cm_id , cs_id , cm_name,cm_type ,cm_order , cm_state) values(36538,3817,'2019款 1.6L CVT智联高能版 国VI','2019款',5,0);
insert into t_car_model(cm_id , cs_id , cm_name,cm_type ,cm_order , cm_state) values(36422,3817,'2019款 1.6L 手动时尚版 国V','2019款',6,0);
insert into t_car_model(cm_id , cs_id , cm_name,cm_type ,cm_order , cm_state) values(36423,3817,'2019款 1.6L 手动炫酷版 国V','2019款',7,0);
insert into t_car_model(cm_id , cs_id , cm_name,cm_type ,cm_order , cm_state) values(36424,3817,'2019款 1.6L CVT炫酷版 国V','2019款',8,0);
insert into t_car_model(cm_id , cs_id , cm_name,cm_type ,cm_order , cm_state) values(36425,3817,'2019款 1.6L CVT智联智酷版 国V','2019款',9,0);
insert into t_car_model(cm_id , cs_id , cm_name,cm_type ,cm_order , cm_state) values(36426,3817,'2019款 1.6L CVT智联高能版 国V','2019款',10,0);
insert into t_car_model(cm_id , cs_id , cm_name,cm_type ,cm_order , cm_state) values(34737,3817,'2018款 1.6L 手动时尚潮音版','2018款',1,0);
insert into t_car_model(cm_id , cs_id , cm_name,cm_type ,cm_order , cm_state) values(34738,3817,'2018款 1.6L 手动炫酷潮音版','2018款',2,0);
insert into t_car_model(cm_id , cs_id , cm_name,cm_type ,cm_order , cm_state) values(34739,3817,'2018款 1.6L CVT炫酷潮音版','2018款',3,0);
insert into t_car_model(cm_id , cs_id , cm_name,cm_type ,cm_order , cm_state) values(34740,3817,'2018款 1.6L CVT智酷潮音版','2018款',4,0);
insert into t_car_model(cm_id , cs_id , cm_name,cm_type ,cm_order , cm_state) values(34736,3817,'2018款 1.6L CVT高能潮音版','2018款',5,0);
insert into t_car_model(cm_id , cs_id , cm_name,cm_type ,cm_order , cm_state) values(24316,3817,'2016款 1.6L 手动时尚版','2016款',1,0);
insert into t_car_model(cm_id , cs_id , cm_name,cm_type ,cm_order , cm_state) values(24003,3817,'2016款 1.6L 手动炫酷版','2016款',2,0);
insert into t_car_model(cm_id , cs_id , cm_name,cm_type ,cm_order , cm_state) values(24002,3817,'2016款 1.6L CVT炫酷版','2016款',3,0);
insert into t_car_model(cm_id , cs_id , cm_name,cm_type ,cm_order , cm_state) values(24001,3817,'2016款 1.6L CVT智酷版','2016款',4,0);
insert into t_car_model(cm_id , cs_id , cm_name,cm_type ,cm_order , cm_state) values(26036,3817,'2016款 1.6L CVT智炫版','2016款',5,0);
insert into t_car_model(cm_id , cs_id , cm_name,cm_type ,cm_order , cm_state) values(22586,3817,'2016款 1.6L CVT高能版','2016款',6,0);
insert into t_car_series(cs_id,cbf_id,cs_name,cs_order,cs_letter) values(4766,92,'轩逸・纯电',3055,'X');
insert into t_car_model(cm_id , cs_id , cm_name,cm_type ,cm_order , cm_state) values(35010,4766,'2018款 智领版','2018款',1,0);
insert into t_car_model(cm_id , cs_id , cm_name,cm_type ,cm_order , cm_state) values(34282,4766,'2018款 智尊版','2018款',2,0);
insert into t_car_series(cs_id,cbf_id,cs_name,cs_order,cs_letter) values(634,92,'天籁',3056,'T');
insert into t_car_model(cm_id , cs_id , cm_name,cm_type ,cm_order , cm_state) values(42398,634,'2020款 2.0L XE 时尚版','2020款',1,0);
insert into t_car_model(cm_id , cs_id , cm_name,cm_type ,cm_order , cm_state) values(42399,634,'2020款 2.0L XL 舒适版','2020款',2,0);
insert into t_car_model(cm_id , cs_id , cm_name,cm_type ,cm_order , cm_state) values(42400,634,'2020款 2.0L XL Upper 智行版','2020款',3,0);
insert into t_car_model(cm_id , cs_id , cm_name,cm_type ,cm_order , cm_state) values(42402,634,'2020款 2.0T XL 智领版','2020款',4,0);
insert into t_car_model(cm_id , cs_id , cm_name,cm_type ,cm_order , cm_state) values(42403,634,'2020款 2.0T XL Upper AD1 智享领航版','2020款',5,0);
insert into t_car_model(cm_id , cs_id , cm_name,cm_type ,cm_order , cm_state) values(42404,634,'2020款 2.0T XV AD1 智尊领航版','2020款',6,0);
insert into t_car_model(cm_id , cs_id , cm_name,cm_type ,cm_order , cm_state) values(37326,634,'2019款 2.0L XE 时尚版','2019款',1,0);
insert into t_car_model(cm_id , cs_id , cm_name,cm_type ,cm_order , cm_state) values(37327,634,'2019款 2.0L XL 舒适版','2019款',2,0);
insert into t_car_model(cm_id , cs_id , cm_name,cm_type ,cm_order , cm_state) values(36540,634,'2019款 2.0L XL Upper 智行版','2019款',3,0);
insert into t_car_model(cm_id , cs_id , cm_name,cm_type ,cm_order , cm_state) values(37328,634,'2019款 2.0T XL 智领版','2019款',4,0);
insert into t_car_model(cm_id , cs_id , cm_name,cm_type ,cm_order , cm_state) values(37329,634,'2019款 2.0T XL Upper 智享版','2019款',5,0);
insert into t_car_model(cm_id , cs_id , cm_name,cm_type ,cm_order , cm_state) values(37330,634,'2019款 2.0T XV 智尊版','2019款',6,0);
insert into t_car_model(cm_id , cs_id , cm_name,cm_type ,cm_order , cm_state) values(36308,634,'2019款 2.0T XV AD1 智尊领航版','2019款',7,0);
insert into t_car_model(cm_id , cs_id , cm_name,cm_type ,cm_order , cm_state) values(34360,634,'2018款 2.0L XL 智进版','2018款',1,0);
insert into t_car_model(cm_id , cs_id , cm_name,cm_type ,cm_order , cm_state) values(27180,634,'2016款 2.0L XE 时尚版','2016款',1,0);
insert into t_car_model(cm_id , cs_id , cm_name,cm_type ,cm_order , cm_state) values(27181,634,'2016款 2.0L XL舒适版','2016款',2,0);
insert into t_car_model(cm_id , cs_id , cm_name,cm_type ,cm_order , cm_state) values(29512,634,'2016款 改款 2.0L XL舒适版','2016款',3,0);
insert into t_car_model(cm_id , cs_id , cm_name,cm_type ,cm_order , cm_state) values(27182,634,'2016款 2.0L XL-Upper 智尚版','2016款',4,0);
insert into t_car_model(cm_id , cs_id , cm_name,cm_type ,cm_order , cm_state) values(27183,634,'2016款 2.5L XL 舒享版','2016款',5,0);
insert into t_car_model(cm_id , cs_id , cm_name,cm_type ,cm_order , cm_state) values(27184,634,'2016款 2.5L XL-Upper 智享版','2016款',6,0);
insert into t_car_model(cm_id , cs_id , cm_name,cm_type ,cm_order , cm_state) values(27149,634,'2016款 2.5L XL-UpperNAVI Tech 智尊版','2016款',7,0);
insert into t_car_model(cm_id , cs_id , cm_name,cm_type ,cm_order , cm_state) values(27185,634,'2016款 公爵 2.5L XV 尊享版','2016款',8,0);
insert into t_car_model(cm_id , cs_id , cm_name,cm_type ,cm_order , cm_state) values(27019,634,'2016款 公爵 2.5L XV-VIP 旗舰版','2016款',9,0);
insert into t_car_model(cm_id , cs_id , cm_name,cm_type ,cm_order , cm_state) values(22640,634,'2015款 2.0L XE-Sporty欧冠运动版','2015款',1,0);
insert into t_car_model(cm_id , cs_id , cm_name,cm_type ,cm_order , cm_state) values(22641,634,'2015款 2.0L XL-Sporty欧冠运动版','2015款',2,0);
insert into t_car_model(cm_id , cs_id , cm_name,cm_type ,cm_order , cm_state) values(22642,634,'2015款 2.0L XL Upper欧冠科技版','2015款',3,0);
insert into t_car_model(cm_id , cs_id , cm_name,cm_type ,cm_order , cm_state) values(22643,634,'2015款 2.5L XL Upper欧冠科技版','2015款',4,0);
insert into t_car_model(cm_id , cs_id , cm_name,cm_type ,cm_order , cm_state) values(22644,634,'2015款 2.5L XL-NAVI Tech欧冠智享版','2015款',5,0);
insert into t_car_model(cm_id , cs_id , cm_name,cm_type ,cm_order , cm_state) values(22645,634,'2015款 2.5L XL-UpperNAVI Tech欧冠尊贵版','2015款',6,0);
insert into t_car_model(cm_id , cs_id , cm_name,cm_type ,cm_order , cm_state) values(22646,634,'2015款 公爵 2.5L XV欧冠荣耀版','2015款',7,0);
insert into t_car_model(cm_id , cs_id , cm_name,cm_type ,cm_order , cm_state) values(22647,634,'2015款 公爵 2.5L XV欧冠尊雅版','2015款',8,0);
insert into t_car_model(cm_id , cs_id , cm_name,cm_type ,cm_order , cm_state) values(22648,634,'2015款 公爵 2.5L XV-NAVI-FES欧冠尊尚版','2015款',9,0);
insert into t_car_model(cm_id , cs_id , cm_name,cm_type ,cm_order , cm_state) values(22649,634,'2015款 公爵 2.5L XV-VIP欧冠尊领版','2015款',10,0);
insert into t_car_model(cm_id , cs_id , cm_name,cm_type ,cm_order , cm_state) values(19025,634,'2014款 2.0L XL Upper科技版','2014款',1,0);
insert into t_car_model(cm_id , cs_id , cm_name,cm_type ,cm_order , cm_state) values(19026,634,'2014款 2.5L XL Upper科技版','2014款',2,0);
insert into t_car_model(cm_id , cs_id , cm_name,cm_type ,cm_order , cm_state) values(18970,634,'2014款 公爵 2.5L XV荣耀版','2014款',3,0);
insert into t_car_model(cm_id , cs_id , cm_name,cm_type ,cm_order , cm_state) values(17638,634,'2014款 公爵 2.5L XV尊享版','2014款',4,0);
insert into t_car_model(cm_id , cs_id , cm_name,cm_type ,cm_order , cm_state) values(17639,634,'2014款 公爵 2.5L XV尊雅版','2014款',5,0);
insert into t_car_model(cm_id , cs_id , cm_name,cm_type ,cm_order , cm_state) values(17640,634,'2014款 公爵 2.5L XV-NAVI-FES尊尚版','2014款',6,0);
insert into t_car_model(cm_id , cs_id , cm_name,cm_type ,cm_order , cm_state) values(17337,634,'2014款 公爵 2.5L XV-VIP尊领版','2014款',7,0);
insert into t_car_model(cm_id , cs_id , cm_name,cm_type ,cm_order , cm_state) values(15128,634,'2013款 2.0L XE时尚版','2013款',1,0);
insert into t_car_model(cm_id , cs_id , cm_name,cm_type ,cm_order , cm_state) values(15104,634,'2013款 2.0L XL舒适版','2013款',2,0);
insert into t_car_model(cm_id , cs_id , cm_name,cm_type ,cm_order , cm_state) values(15127,634,'2013款 2.0L XL-NAVI智领版','2013款',3,0);
insert into t_car_model(cm_id , cs_id , cm_name,cm_type ,cm_order , cm_state) values(15126,634,'2013款 2.5L XL领先版','2013款',4,0);
insert into t_car_model(cm_id , cs_id , cm_name,cm_type ,cm_order , cm_state) values(15125,634,'2013款 2.5L XL-NAVI豪华版','2013款',5,0);
insert into t_car_model(cm_id , cs_id , cm_name,cm_type ,cm_order , cm_state) values(14881,634,'2013款 2.5L XL-NAVI Tech智享版','2013款',6,0);
insert into t_car_model(cm_id , cs_id , cm_name,cm_type ,cm_order , cm_state) values(15124,634,'2013款 2.5L XL-UpperNAVI Tech尊贵版','2013款',7,0);
insert into t_car_model(cm_id , cs_id , cm_name,cm_type ,cm_order , cm_state) values(11867,634,'2012款 2.0L XL智享版','2012款',1,0);
insert into t_car_model(cm_id , cs_id , cm_name,cm_type ,cm_order , cm_state) values(13075,634,'2012款 2.5L XL-NAVI云安全版','2012款',2,0);
insert into t_car_model(cm_id , cs_id , cm_name,cm_type ,cm_order , cm_state) values(11868,634,'2012款 2.5L XL智享版','2012款',3,0);
insert into t_car_model(cm_id , cs_id , cm_name,cm_type ,cm_order , cm_state) values(13076,634,'2012款 2.5L XV云安全版','2012款',4,0);
insert into t_car_model(cm_id , cs_id , cm_name,cm_type ,cm_order , cm_state) values(13077,634,'2012款 2.5L XV VIP云安全版','2012款',5,0);
insert into t_car_model(cm_id , cs_id , cm_name,cm_type ,cm_order , cm_state) values(9012,634,'2011款 2.0L XE标准版','2011款',1,0);
insert into t_car_model(cm_id , cs_id , cm_name,cm_type ,cm_order , cm_state) values(9013,634,'2011款 2.0L XL舒适版','2011款',2,0);
insert into t_car_model(cm_id , cs_id , cm_name,cm_type ,cm_order , cm_state) values(9710,634,'2011款 2.0L XL荣耀版','2011款',3,0);
insert into t_car_model(cm_id , cs_id , cm_name,cm_type ,cm_order , cm_state) values(9014,634,'2011款 2.0L XL-NAVI智尚版','2011款',4,0);
insert into t_car_model(cm_id , cs_id , cm_name,cm_type ,cm_order , cm_state) values(9010,634,'2011款 2.5L XL领先版','2011款',5,0);
insert into t_car_model(cm_id , cs_id , cm_name,cm_type ,cm_order , cm_state) values(9711,634,'2011款 2.5L XL荣耀版','2011款',6,0);
insert into t_car_model(cm_id , cs_id , cm_name,cm_type ,cm_order , cm_state) values(9011,634,'2011款 2.5L XL-NAVI智领版','2011款',7,0);
insert into t_car_model(cm_id , cs_id , cm_name,cm_type ,cm_order , cm_state) values(9009,634,'2011款 公爵 2.5L XV尊雅版','2011款',8,0);
insert into t_car_model(cm_id , cs_id , cm_name,cm_type ,cm_order , cm_state) values(9004,634,'2011款 公爵 2.5L XV VIP尊尚版','2011款',9,0);
insert into t_car_model(cm_id , cs_id , cm_name,cm_type ,cm_order , cm_state) values(9008,634,'2011款 公爵 3.5L XV VIP尊领版','2011款',10,0);
insert into t_car_model(cm_id , cs_id , cm_name,cm_type ,cm_order , cm_state) values(8019,634,'2010款 2.0L XL周年纪念版','2010款',1,0);
insert into t_car_model(cm_id , cs_id , cm_name,cm_type ,cm_order , cm_state) values(8020,634,'2010款 2.5L XL周年纪念版','2010款',2,0);
insert into t_car_model(cm_id , cs_id , cm_name,cm_type ,cm_order , cm_state) values(5565,634,'2009款 公爵 2.5L XV VIP尊享版','2009款',1,0);
insert into t_car_model(cm_id , cs_id , cm_name,cm_type ,cm_order , cm_state) values(3928,634,'2008款 2.0L XE标准版','2008款',1,0);
insert into t_car_model(cm_id , cs_id , cm_name,cm_type ,cm_order , cm_state) values(3919,634,'2008款 2.0L XL舒适版','2008款',2,0);
insert into t_car_model(cm_id , cs_id , cm_name,cm_type ,cm_order , cm_state) values(3990,634,'2008款 2.0L XL Opt豪华版','2008款',3,0);
insert into t_car_model(cm_id , cs_id , cm_name,cm_type ,cm_order , cm_state) values(3920,634,'2008款 2.5L XL领先版','2008款',4,0);
insert into t_car_model(cm_id , cs_id , cm_name,cm_type ,cm_order , cm_state) values(4662,634,'2008款 2.5L RX酷动版','2008款',5,0);
insert into t_car_model(cm_id , cs_id , cm_name,cm_type ,cm_order , cm_state) values(3991,634,'2008款 2.5L XL Res剧院版','2008款',6,0);
insert into t_car_model(cm_id , cs_id , cm_name,cm_type ,cm_order , cm_state) values(3992,634,'2008款 公爵 2.5L XV尊雅版','2008款',7,0);
insert into t_car_model(cm_id , cs_id , cm_name,cm_type ,cm_order , cm_state) values(3993,634,'2008款 公爵 3.5L XV VIP至尊版','2008款',8,0);
insert into t_car_model(cm_id , cs_id , cm_name,cm_type ,cm_order , cm_state) values(3921,634,'2008款 公爵 3.5L XV尊驭版','2008款',9,0);
insert into t_car_model(cm_id , cs_id , cm_name,cm_type ,cm_order , cm_state) values(3146,634,'2007款 御 230JK豪华版','2007款',1,0);
insert into t_car_model(cm_id , cs_id , cm_name,cm_type ,cm_order , cm_state) values(3147,634,'2007款 御 230JK豪华天窗','2007款',2,0);
insert into t_car_model(cm_id , cs_id , cm_name,cm_type ,cm_order , cm_state) values(3148,634,'2007款 御 230JM-S科技版','2007款',3,0);
insert into t_car_model(cm_id , cs_id , cm_name,cm_type ,cm_order , cm_state) values(3149,634,'2007款 御 230JM尊贵版','2007款',4,0);
insert into t_car_model(cm_id , cs_id , cm_name,cm_type ,cm_order , cm_state) values(3150,634,'2007款 御 350JM-VIP旗舰','2007款',5,0);
insert into t_car_model(cm_id , cs_id , cm_name,cm_type ,cm_order , cm_state) values(6748,634,'2007款 230JK豪华天窗','2007款',6,0);
insert into t_car_model(cm_id , cs_id , cm_name,cm_type ,cm_order , cm_state) values(6749,634,'2007款 230JM-S科技版','2007款',7,0);
insert into t_car_model(cm_id , cs_id , cm_name,cm_type ,cm_order , cm_state) values(6751,634,'2007款 230JM尊贵版','2007款',8,0);
insert into t_car_model(cm_id , cs_id , cm_name,cm_type ,cm_order , cm_state) values(6755,634,'2007款 天籁350JM-VIP','2007款',9,0);
insert into t_car_model(cm_id , cs_id , cm_name,cm_type ,cm_order , cm_state) values(2177,634,'2006款 230JK-S舒适','2006款',1,0);
insert into t_car_model(cm_id , cs_id , cm_name,cm_type ,cm_order , cm_state) values(2185,634,'2006款 230JK-S舒适天窗','2006款',2,0);
insert into t_car_model(cm_id , cs_id , cm_name,cm_type ,cm_order , cm_state) values(2176,634,'2006款 200JK豪华版','2006款',3,0);
insert into t_car_model(cm_id , cs_id , cm_name,cm_type ,cm_order , cm_state) values(2184,634,'2006款 200JK豪华天窗','2006款',4,0);
insert into t_car_model(cm_id , cs_id , cm_name,cm_type ,cm_order , cm_state) values(6742,634,'2006款 230JK 2周年纪念版','2006款',5,0);
insert into t_car_model(cm_id , cs_id , cm_name,cm_type ,cm_order , cm_state) values(2178,634,'2005款 230JM-S','2005款',1,0);
insert into t_car_model(cm_id , cs_id , cm_name,cm_type ,cm_order , cm_state) values(2179,634,'2005款 230JM','2005款',2,0);
insert into t_car_model(cm_id , cs_id , cm_name,cm_type ,cm_order , cm_state) values(2180,634,'2005款 350JM-VIP','2005款',3,0);
insert into t_car_model(cm_id , cs_id , cm_name,cm_type ,cm_order , cm_state) values(1335,634,'2004款 230JK','2004款',1,0);
insert into t_car_model(cm_id , cs_id , cm_name,cm_type ,cm_order , cm_state) values(1463,634,'2004款 230JK(天窗版)','2004款',2,0);
insert into t_car_model(cm_id , cs_id , cm_name,cm_type ,cm_order , cm_state) values(1933,634,'2004款 230JM-S','2004款',3,0);
insert into t_car_model(cm_id , cs_id , cm_name,cm_type ,cm_order , cm_state) values(1271,634,'2004款 230JM','2004款',4,0);
insert into t_car_model(cm_id , cs_id , cm_name,cm_type ,cm_order , cm_state) values(1464,634,'2004款 230JM(天窗版)','2004款',5,0);
insert into t_car_model(cm_id , cs_id , cm_name,cm_type ,cm_order , cm_state) values(1081,634,'2004款 350JM-VIP','2004款',6,0);
insert into t_car_series(cs_id,cbf_id,cs_name,cs_order,cs_letter) values(3957,92,'西玛',3057,'X');
insert into t_car_model(cm_id , cs_id , cm_name,cm_type ,cm_order , cm_state) values(25746,3957,'2016款 2.5L XE 精英版','2016款',1,0);
insert into t_car_model(cm_id , cs_id , cm_name,cm_type ,cm_order , cm_state) values(25747,3957,'2016款 2.5L XL 豪华版','2016款',2,0);
insert into t_car_model(cm_id , cs_id , cm_name,cm_type ,cm_order , cm_state) values(24553,3957,'2016款 2.5L XV 至尊版','2016款',3,0);
insert into t_car_series(cs_id,cbf_id,cs_name,cs_order,cs_letter) values(4305,92,'劲客',3058,'J');
insert into t_car_model(cm_id , cs_id , cm_name,cm_type ,cm_order , cm_state) values(42650,4305,'2020款 1.5L 手动酷动版','2020款',1,0);
insert into t_car_model(cm_id , cs_id , cm_name,cm_type ,cm_order , cm_state) values(42651,4305,'2020款 1.5L CVT酷享版','2020款',2,0);
insert into t_car_model(cm_id , cs_id , cm_name,cm_type ,cm_order , cm_state) values(42652,4305,'2020款 1.5L CVT智联豪华版','2020款',3,0);
insert into t_car_model(cm_id , cs_id , cm_name,cm_type ,cm_order , cm_state) values(42653,4305,'2020款 1.5L CVT智联尊享版','2020款',4,0);
insert into t_car_model(cm_id , cs_id , cm_name,cm_type ,cm_order , cm_state) values(38394,4305,'2019款 1.5L 手动酷动版','2019款',1,0);
insert into t_car_model(cm_id , cs_id , cm_name,cm_type ,cm_order , cm_state) values(38395,4305,'2019款 1.5L CVT酷享版','2019款',2,0);
insert into t_car_model(cm_id , cs_id , cm_name,cm_type ,cm_order , cm_state) values(38396,4305,'2019款 1.5L CVT智联豪华版','2019款',3,0);
insert into t_car_model(cm_id , cs_id , cm_name,cm_type ,cm_order , cm_state) values(38397,4305,'2019款 1.5L CVT智联尊享版','2019款',4,0);
insert into t_car_model(cm_id , cs_id , cm_name,cm_type ,cm_order , cm_state) values(34923,4305,'2018款 1.5L CVT智联豪华版','2018款',1,0);
insert into t_car_model(cm_id , cs_id , cm_name,cm_type ,cm_order , cm_state) values(34924,4305,'2018款 1.5L CVT智联尊享版','2018款',2,0);
insert into t_car_model(cm_id , cs_id , cm_name,cm_type ,cm_order , cm_state) values(30952,4305,'2017款 1.5L 手动酷动版','2017款',1,0);
insert into t_car_model(cm_id , cs_id , cm_name,cm_type ,cm_order , cm_state) values(30799,4305,'2017款 1.5L CVT酷享版','2017款',2,0);
insert into t_car_model(cm_id , cs_id , cm_name,cm_type ,cm_order , cm_state) values(30800,4305,'2017款 1.5L CVT智行版','2017款',3,0);
insert into t_car_model(cm_id , cs_id , cm_name,cm_type ,cm_order , cm_state) values(29342,4305,'2017款 1.5L CVT智领版','2017款',4,0);
insert into t_car_series(cs_id,cbf_id,cs_name,cs_order,cs_letter) values(564,92,'逍客',3059,'X');
insert into t_car_model(cm_id , cs_id , cm_name,cm_type ,cm_order , cm_state) values(38611,564,'2019款 2.0L CVT智享版','2019款',1,0);
insert into t_car_model(cm_id , cs_id , cm_name,cm_type ,cm_order , cm_state) values(38546,564,'2019款 2.0L CVT豪华版','2019款',2,0);
insert into t_car_model(cm_id , cs_id , cm_name,cm_type ,cm_order , cm_state) values(38612,564,'2019款 2.0L CVT旗舰版','2019款',3,0);
insert into t_car_model(cm_id , cs_id , cm_name,cm_type ,cm_order , cm_state) values(30528,564,'2017款 1.2T 手动时尚版','2017款',1,0);
insert into t_car_model(cm_id , cs_id , cm_name,cm_type ,cm_order , cm_state) values(30529,564,'2017款 1.2T CVT时尚版','2017款',2,0);
insert into t_car_model(cm_id , cs_id , cm_name,cm_type ,cm_order , cm_state) values(38385,564,'2017款 2.0L CVT精英版 国VI','2017款',3,0);
insert into t_car_model(cm_id , cs_id , cm_name,cm_type ,cm_order , cm_state) values(38386,564,'2017款 2.0L CVT智享版 国VI','2017款',4,0);
insert into t_car_model(cm_id , cs_id , cm_name,cm_type ,cm_order , cm_state) values(38387,564,'2017款 2.0L CVT豪华版 国VI','2017款',5,0);
insert into t_car_model(cm_id , cs_id , cm_name,cm_type ,cm_order , cm_state) values(38388,564,'2017款 2.0L CVT旗舰版 国VI','2017款',6,0);
insert into t_car_model(cm_id , cs_id , cm_name,cm_type ,cm_order , cm_state) values(30530,564,'2017款 2.0L CVT精英版 国V','2017款',7,0);
insert into t_car_model(cm_id , cs_id , cm_name,cm_type ,cm_order , cm_state) values(30531,564,'2017款 2.0L CVT智享版 国V','2017款',8,0);
insert into t_car_model(cm_id , cs_id , cm_name,cm_type ,cm_order , cm_state) values(30532,564,'2017款 2.0L CVT豪华版 国V','2017款',9,0);
insert into t_car_model(cm_id , cs_id , cm_name,cm_type ,cm_order , cm_state) values(30533,564,'2017款 2.0L CVT旗舰版 国V','2017款',10,0);
insert into t_car_model(cm_id , cs_id , cm_name,cm_type ,cm_order , cm_state) values(24208,564,'2016款 1.2T 手动时尚版','2016款',1,0);
insert into t_car_model(cm_id , cs_id , cm_name,cm_type ,cm_order , cm_state) values(24209,564,'2016款 1.2T CVT时尚版','2016款',2,0);
insert into t_car_model(cm_id , cs_id , cm_name,cm_type ,cm_order , cm_state) values(24210,564,'2016款 2.0L CVT精英版','2016款',3,0);
insert into t_car_model(cm_id , cs_id , cm_name,cm_type ,cm_order , cm_state) values(24134,564,'2016款 2.0L CVT领先版','2016款',4,0);
insert into t_car_model(cm_id , cs_id , cm_name,cm_type ,cm_order , cm_state) values(24211,564,'2016款 2.0L CVT豪华版','2016款',5,0);
insert into t_car_model(cm_id , cs_id , cm_name,cm_type ,cm_order , cm_state) values(24212,564,'2016款 2.0L CVT尊享版','2016款',6,0);
insert into t_car_model(cm_id , cs_id , cm_name,cm_type ,cm_order , cm_state) values(23944,564,'2016款 2.0L CVT旗舰版','2016款',7,0);
insert into t_car_model(cm_id , cs_id , cm_name,cm_type ,cm_order , cm_state) values(20230,564,'2015款 2.0XL 酷火 MT 2WD','2015款',1,0);
insert into t_car_model(cm_id , cs_id , cm_name,cm_type ,cm_order , cm_state) values(20231,564,'2015款 2.0XL 酷火 CVT 2WD','2015款',2,0);
insert into t_car_model(cm_id , cs_id , cm_name,cm_type ,cm_order , cm_state) values(20232,564,'2015款 2.0XV 酷雷 CVT 2WD','2015款',3,0);
insert into t_car_model(cm_id , cs_id , cm_name,cm_type ,cm_order , cm_state) values(20233,564,'2015款 2.0XV 酷炫 CVT 2WD','2015款',4,0);
insert into t_car_model(cm_id , cs_id , cm_name,cm_type ,cm_order , cm_state) values(16785,564,'2013款 2.0XV 炫 CVT 2WD','2013款',1,0);
insert into t_car_model(cm_id , cs_id , cm_name,cm_type ,cm_order , cm_state) values(12760,564,'2012款 1.6XE 风 5MT 2WD','2012款',1,0);
insert into t_car_model(cm_id , cs_id , cm_name,cm_type ,cm_order , cm_state) values(12761,564,'2012款 2.0XL 火 6MT 2WD','2012款',2,0);
insert into t_car_model(cm_id , cs_id , cm_name,cm_type ,cm_order , cm_state) values(12762,564,'2012款 2.0XL 火 CVT 2WD','2012款',3,0);
insert into t_car_model(cm_id , cs_id , cm_name,cm_type ,cm_order , cm_state) values(12763,564,'2012款 2.0XV 雷 CVT 2WD','2012款',4,0);
insert into t_car_model(cm_id , cs_id , cm_name,cm_type ,cm_order , cm_state) values(12764,564,'2012款 2.0XV 虎 CVT 4WD','2012款',5,0);
insert into t_car_model(cm_id , cs_id , cm_name,cm_type ,cm_order , cm_state) values(12765,564,'2012款 2.0XV 龙 CVT 4WD','2012款',6,0);
insert into t_car_model(cm_id , cs_id , cm_name,cm_type ,cm_order , cm_state) values(9274,564,'2011款 1.6XE 风 5MT 2WD','2011款',1,0);
insert into t_car_model(cm_id , cs_id , cm_name,cm_type ,cm_order , cm_state) values(9277,564,'2011款 2.0XL 火 6MT 2WD','2011款',2,0);
insert into t_car_model(cm_id , cs_id , cm_name,cm_type ,cm_order , cm_state) values(9278,564,'2011款 2.0XL 火 CVT 2WD','2011款',3,0);
insert into t_car_model(cm_id , cs_id , cm_name,cm_type ,cm_order , cm_state) values(9279,564,'2011款 2.0XV 雷 CVT 2WD','2011款',4,0);
insert into t_car_model(cm_id , cs_id , cm_name,cm_type ,cm_order , cm_state) values(9280,564,'2011款 2.0XV 虎 CVT 4WD','2011款',5,0);
insert into t_car_model(cm_id , cs_id , cm_name,cm_type ,cm_order , cm_state) values(9248,564,'2011款 2.0XV 龙 CVT 4WD','2011款',6,0);
insert into t_car_model(cm_id , cs_id , cm_name,cm_type ,cm_order , cm_state) values(6287,564,'2010款 20S火 6MT 2WD','2010款',1,0);
insert into t_car_model(cm_id , cs_id , cm_name,cm_type ,cm_order , cm_state) values(6288,564,'2010款 20S火 CVT 2WD','2010款',2,0);
insert into t_car_model(cm_id , cs_id , cm_name,cm_type ,cm_order , cm_state) values(6291,564,'2010款 20X雷 CVT 2WD','2010款',3,0);
insert into t_car_model(cm_id , cs_id , cm_name,cm_type ,cm_order , cm_state) values(6293,564,'2010款 20XFOUR 虎 CVT 4WD','2010款',4,0);
insert into t_car_model(cm_id , cs_id , cm_name,cm_type ,cm_order , cm_state) values(6295,564,'2010款 20XFOUR 龙 CVT 4WD','2010款',5,0);
insert into t_car_model(cm_id , cs_id , cm_name,cm_type ,cm_order , cm_state) values(3716,564,'2008款 16G风 5MT 2WD','2008款',1,0);
insert into t_car_model(cm_id , cs_id , cm_name,cm_type ,cm_order , cm_state) values(3572,564,'2008款 20S火 6MT 2WD','2008款',2,0);
insert into t_car_model(cm_id , cs_id , cm_name,cm_type ,cm_order , cm_state) values(3573,564,'2008款 20S火 CVT 2WD','2008款',3,0);
insert into t_car_model(cm_id , cs_id , cm_name,cm_type ,cm_order , cm_state) values(3574,564,'2008款 20S炎 CVT 2WD','2008款',4,0);
insert into t_car_model(cm_id , cs_id , cm_name,cm_type ,cm_order , cm_state) values(3575,564,'2008款 20X雷 CVT 2WD','2008款',5,0);
insert into t_car_model(cm_id , cs_id , cm_name,cm_type ,cm_order , cm_state) values(3576,564,'2008款 20X虎 CVT 4WD','2008款',6,0);
insert into t_car_model(cm_id , cs_id , cm_name,cm_type ,cm_order , cm_state) values(3253,564,'2008款 20XV龙 CVT 4WD','2008款',7,0);
insert into t_car_series(cs_id,cbf_id,cs_name,cs_order,cs_letter) values(656,92,'奇骏',3060,'Q');
insert into t_car_model(cm_id , cs_id , cm_name,cm_type ,cm_order , cm_state) values(41928,656,'2020款 2.0L CVT时尚版 2WD','2020款',1,0);
insert into t_car_model(cm_id , cs_id , cm_name,cm_type ,cm_order , cm_state) values(41929,656,'2020款 2.0L CVT智联舒适版 2WD','2020款',2,0);
insert into t_car_model(cm_id , cs_id , cm_name,cm_type ,cm_order , cm_state) values(41931,656,'2020款 2.0L CVT智联七座舒适版 2WD','2020款',3,0);
insert into t_car_model(cm_id , cs_id , cm_name,cm_type ,cm_order , cm_state) values(41930,656,'2020款 2.0L CVT智联尊享版 2WD','2020款',4,0);
insert into t_car_model(cm_id , cs_id , cm_name,cm_type ,cm_order , cm_state) values(41932,656,'2020款 2.5L CVT智联领先版 4WD','2020款',5,0);
insert into t_car_model(cm_id , cs_id , cm_name,cm_type ,cm_order , cm_state) values(41933,656,'2020款  2.5L CVT豪华领航版 4WD','2020款',6,0);
insert into t_car_model(cm_id , cs_id , cm_name,cm_type ,cm_order , cm_state) values(41934,656,'2020款 2.5L CVT七座豪华领航版 4WD','2020款',7,0);
insert into t_car_model(cm_id , cs_id , cm_name,cm_type ,cm_order , cm_state) values(41935,656,'2020款 2.5L CVT至尊领航版 4WD','2020款',8,0);
insert into t_car_model(cm_id , cs_id , cm_name,cm_type ,cm_order , cm_state) values(35475,656,'2019款 2.0L CVT时尚版 2WD','2019款',1,0);
insert into t_car_model(cm_id , cs_id , cm_name,cm_type ,cm_order , cm_state) values(35476,656,'2019款 2.0L CVT舒适版 2WD','2019款',2,0);
insert into t_car_model(cm_id , cs_id , cm_name,cm_type ,cm_order , cm_state) values(36404,656,'2019款 2.0L CVT智联舒适版 2WD','2019款',3,0);
insert into t_car_model(cm_id , cs_id , cm_name,cm_type ,cm_order , cm_state) values(35477,656,'2019款 2.0L CVT七座舒适版 2WD','2019款',4,0);
insert into t_car_model(cm_id , cs_id , cm_name,cm_type ,cm_order , cm_state) values(36405,656,'2019款 2.0L CVT智联七座舒适版 2WD','2019款',5,0);
insert into t_car_model(cm_id , cs_id , cm_name,cm_type ,cm_order , cm_state) values(35478,656,'2019款 2.5L CVT智联领先版 4WD','2019款',6,0);
insert into t_car_model(cm_id , cs_id , cm_name,cm_type ,cm_order , cm_state) values(35479,656,'2019款 2.5L CVT智联七座领先版 4WD','2019款',7,0);
insert into t_car_model(cm_id , cs_id , cm_name,cm_type ,cm_order , cm_state) values(35480,656,'2019款 2.5L CVT智联豪华版 4WD','2019款',8,0);
insert into t_car_model(cm_id , cs_id , cm_name,cm_type ,cm_order , cm_state) values(35481,656,'2019款 2.5L CVT智联至尊版 4WD','2019款',9,0);
insert into t_car_model(cm_id , cs_id , cm_name,cm_type ,cm_order , cm_state) values(30034,656,'2017款 2.0L 手动经典版 2WD','2017款',1,0);
insert into t_car_model(cm_id , cs_id , cm_name,cm_type ,cm_order , cm_state) values(29995,656,'2017款 2.0L CVT时尚版 2WD','2017款',2,0);
insert into t_car_model(cm_id , cs_id , cm_name,cm_type ,cm_order , cm_state) values(29994,656,'2017款 2.0L CVT舒适版 2WD','2017款',3,0);
insert into t_car_model(cm_id , cs_id , cm_name,cm_type ,cm_order , cm_state) values(29993,656,'2017款 2.0L CVT七座舒适版 2WD','2017款',4,0);
insert into t_car_model(cm_id , cs_id , cm_name,cm_type ,cm_order , cm_state) values(29992,656,'2017款 2.0L CVT智享版 2WD','2017款',5,0);
insert into t_car_model(cm_id , cs_id , cm_name,cm_type ,cm_order , cm_state) values(29991,656,'2017款 2.5L CVT领先版 4WD','2017款',6,0);
insert into t_car_model(cm_id , cs_id , cm_name,cm_type ,cm_order , cm_state) values(29990,656,'2017款 2.5L CVT七座领先版 4WD','2017款',7,0);
insert into t_car_model(cm_id , cs_id , cm_name,cm_type ,cm_order , cm_state) values(29989,656,'2017款 2.5L CVT豪华版 4WD','2017款',8,0);
insert into t_car_model(cm_id , cs_id , cm_name,cm_type ,cm_order , cm_state) values(29897,656,'2017款 2.5L CVT至尊版 4WD','2017款',9,0);
insert into t_car_model(cm_id , cs_id , cm_name,cm_type ,cm_order , cm_state) values(25840,656,'2016款 2.0L CVT智享版 4WD','2016款',1,0);
insert into t_car_model(cm_id , cs_id , cm_name,cm_type ,cm_order , cm_state) values(27567,656,'2016款 2.5L CVT运动版 4WD','2016款',2,0);
insert into t_car_model(cm_id , cs_id , cm_name,cm_type ,cm_order , cm_state) values(23279,656,'2015款 2.0L CVT舒适MAX版 2WD','2015款',1,0);
insert into t_car_model(cm_id , cs_id , cm_name,cm_type ,cm_order , cm_state) values(23280,656,'2015款 2.5L CVT领先MAX版 4WD','2015款',2,0);
insert into t_car_model(cm_id , cs_id , cm_name,cm_type ,cm_order , cm_state) values(18354,656,'2014款 2.0L 手动时尚版 2WD','2014款',1,0);
insert into t_car_model(cm_id , cs_id , cm_name,cm_type ,cm_order , cm_state) values(18353,656,'2014款 2.0L CVT时尚版 2WD','2014款',2,0);
insert into t_car_model(cm_id , cs_id , cm_name,cm_type ,cm_order , cm_state) values(18350,656,'2014款 2.0L CVT智驱版 4WD','2014款',3,0);
insert into t_car_model(cm_id , cs_id , cm_name,cm_type ,cm_order , cm_state) values(18352,656,'2014款 2.0L CVT舒适版 2WD','2014款',4,0);
insert into t_car_model(cm_id , cs_id , cm_name,cm_type ,cm_order , cm_state) values(18351,656,'2014款 2.0L CVT智领版 2WD','2014款',5,0);
insert into t_car_model(cm_id , cs_id , cm_name,cm_type ,cm_order , cm_state) values(18349,656,'2014款 2.5L CVT领先版 4WD','2014款',6,0);
insert into t_car_model(cm_id , cs_id , cm_name,cm_type ,cm_order , cm_state) values(18348,656,'2014款 2.5L CVT豪华版 4WD','2014款',7,0);
insert into t_car_model(cm_id , cs_id , cm_name,cm_type ,cm_order , cm_state) values(18347,656,'2014款 2.5L CVT尊享版 4WD','2014款',8,0);
insert into t_car_model(cm_id , cs_id , cm_name,cm_type ,cm_order , cm_state) values(17986,656,'2014款 2.5L CVT至尊版 4WD','2014款',9,0);
insert into t_car_model(cm_id , cs_id , cm_name,cm_type ,cm_order , cm_state) values(11357,656,'2012款 2.0L 手动舒适版 4WD','2012款',1,0);
insert into t_car_model(cm_id , cs_id , cm_name,cm_type ,cm_order , cm_state) values(11358,656,'2012款 2.0L CVT舒适版 4WD','2012款',2,0);
insert into t_car_model(cm_id , cs_id , cm_name,cm_type ,cm_order , cm_state) values(11359,656,'2012款 2.5L 手动豪华版 4WD','2012款',3,0);
insert into t_car_model(cm_id , cs_id , cm_name,cm_type ,cm_order , cm_state) values(11360,656,'2012款 2.5L CVT豪华版 4WD','2012款',4,0);
insert into t_car_model(cm_id , cs_id , cm_name,cm_type ,cm_order , cm_state) values(11361,656,'2012款 2.5L CVT旗舰版 4WD','2012款',5,0);
insert into t_car_model(cm_id , cs_id , cm_name,cm_type ,cm_order , cm_state) values(11362,656,'2012款 2.5L CVT尊享版 4WD','2012款',6,0);
insert into t_car_model(cm_id , cs_id , cm_name,cm_type ,cm_order , cm_state) values(11254,656,'2012款 2.5L CVT至尊版 4WD','2012款',7,0);
insert into t_car_model(cm_id , cs_id , cm_name,cm_type ,cm_order , cm_state) values(6289,656,'2010款 2.0L 手动舒适版 4WD','2010款',1,0);
insert into t_car_model(cm_id , cs_id , cm_name,cm_type ,cm_order , cm_state) values(6290,656,'2010款 2.0L CVT舒适版 4WD','2010款',2,0);
insert into t_car_model(cm_id , cs_id , cm_name,cm_type ,cm_order , cm_state) values(6292,656,'2010款 2.5L 手动豪华版 4WD','2010款',3,0);
insert into t_car_model(cm_id , cs_id , cm_name,cm_type ,cm_order , cm_state) values(6294,656,'2010款 2.5L CVT豪华版 4WD','2010款',4,0);
insert into t_car_model(cm_id , cs_id , cm_name,cm_type ,cm_order , cm_state) values(6296,656,'2010款 2.5L CVT旗舰版 4WD','2010款',5,0);
insert into t_car_model(cm_id , cs_id , cm_name,cm_type ,cm_order , cm_state) values(6297,656,'2010款 2.5L CVT至尊版 4WD','2010款',6,0);
insert into t_car_model(cm_id , cs_id , cm_name,cm_type ,cm_order , cm_state) values(4335,656,'2008款 2.0L XE MT 4WD','2008款',1,0);
insert into t_car_model(cm_id , cs_id , cm_name,cm_type ,cm_order , cm_state) values(4356,656,'2008款 2.0L XE CVT 4WD','2008款',2,0);
insert into t_car_model(cm_id , cs_id , cm_name,cm_type ,cm_order , cm_state) values(4357,656,'2008款 2.5L XL MT 4WD','2008款',3,0);
insert into t_car_model(cm_id , cs_id , cm_name,cm_type ,cm_order , cm_state) values(4358,656,'2008款 2.5L XL CVT 4WD','2008款',4,0);
insert into t_car_model(cm_id , cs_id , cm_name,cm_type ,cm_order , cm_state) values(4359,656,'2008款 2.5L XV CVT 4WD','2008款',5,0);
insert into t_car_series(cs_id,cbf_id,cs_name,cs_order,cs_letter) values(2381,92,'楼兰',3061,'L');
insert into t_car_model(cm_id , cs_id , cm_name,cm_type ,cm_order , cm_state) values(38420,2381,'2019款 2.5L XE 两驱精英版 国VI','2019款',1,0);
insert into t_car_model(cm_id , cs_id , cm_name,cm_type ,cm_order , cm_state) values(38421,2381,'2019款 2.5L XL 两驱智联豪华版 国VI','2019款',2,0);
insert into t_car_model(cm_id , cs_id , cm_name,cm_type ,cm_order , cm_state) values(38422,2381,'2019款 2.5L XL Plus 两驱智联领先版 国VI','2019款',3,0);
insert into t_car_model(cm_id , cs_id , cm_name,cm_type ,cm_order , cm_state) values(38423,2381,'2019款 2.5 S/C HEV XE 四驱混动智联尊尚版 国VI','2019款',4,0);
insert into t_car_model(cm_id , cs_id , cm_name,cm_type ,cm_order , cm_state) values(38424,2381,'2019款 2.5 S/C HEV XL 四驱混动智联尊贵版 国VI','2019款',5,0);
insert into t_car_model(cm_id , cs_id , cm_name,cm_type ,cm_order , cm_state) values(38425,2381,'2019款 2.5 S/C HEV XV 四驱混动智联旗舰版 国VI','2019款',6,0);
insert into t_car_model(cm_id , cs_id , cm_name,cm_type ,cm_order , cm_state) values(35283,2381,'2019款 2.5L XE 两驱精英版 国V','2019款',7,0);
insert into t_car_model(cm_id , cs_id , cm_name,cm_type ,cm_order , cm_state) values(35284,2381,'2019款 2.5L XL 两驱智联豪华版 国V','2019款',8,0);
insert into t_car_model(cm_id , cs_id , cm_name,cm_type ,cm_order , cm_state) values(35285,2381,'2019款 2.5L XL Plus 两驱智联领先版 国V','2019款',9,0);
insert into t_car_model(cm_id , cs_id , cm_name,cm_type ,cm_order , cm_state) values(35286,2381,'2019款 2.5 S/C HEV XE 四驱混动智联尊尚版 国V','2019款',10,0);
insert into t_car_model(cm_id , cs_id , cm_name,cm_type ,cm_order , cm_state) values(35287,2381,'2019款 2.5 S/C HEV XL 四驱混动智联尊贵版 国V','2019款',11,0);
insert into t_car_model(cm_id , cs_id , cm_name,cm_type ,cm_order , cm_state) values(35288,2381,'2019款 2.5 S/C HEV XV 四驱混动智联旗舰版 国V','2019款',12,0);
insert into t_car_model(cm_id , cs_id , cm_name,cm_type ,cm_order , cm_state) values(29476,2381,'2017款 2.5L XE 两驱精英版','2017款',1,0);
insert into t_car_model(cm_id , cs_id , cm_name,cm_type ,cm_order , cm_state) values(29477,2381,'2017款 2.5L XL 两驱智尚版','2017款',2,0);
insert into t_car_model(cm_id , cs_id , cm_name,cm_type ,cm_order , cm_state) values(29478,2381,'2017款 2.5L XL NAVI Plus 两驱智领版','2017款',3,0);
insert into t_car_model(cm_id , cs_id , cm_name,cm_type ,cm_order , cm_state) values(29479,2381,'2017款 2.5 S/C HEV XE 四驱混动尊尚版','2017款',4,0);
insert into t_car_model(cm_id , cs_id , cm_name,cm_type ,cm_order , cm_state) values(29480,2381,'2017款 2.5 S/C HEV XL 四驱混动尊贵版','2017款',5,0);
insert into t_car_model(cm_id , cs_id , cm_name,cm_type ,cm_order , cm_state) values(29481,2381,'2017款 2.5 S/C HEV XV 四驱混动旗舰版','2017款',6,0);
insert into t_car_model(cm_id , cs_id , cm_name,cm_type ,cm_order , cm_state) values(25841,2381,'2016款 2.5 S/C HEV XL 两驱混动尊锐版','2016款',1,0);
insert into t_car_model(cm_id , cs_id , cm_name,cm_type ,cm_order , cm_state) values(25842,2381,'2016款 2.5 S/C HEV XL 四驱混动尊贵版','2016款',2,0);
insert into t_car_model(cm_id , cs_id , cm_name,cm_type ,cm_order , cm_state) values(23165,2381,'2015款 2.5L XE 两驱精英版','2015款',1,0);
insert into t_car_model(cm_id , cs_id , cm_name,cm_type ,cm_order , cm_state) values(23164,2381,'2015款 2.5L XL 两驱智尚版','2015款',2,0);
insert into t_car_model(cm_id , cs_id , cm_name,cm_type ,cm_order , cm_state) values(23473,2381,'2015款 2.5L XL NAVI 两驱智享版','2015款',3,0);
insert into t_car_model(cm_id , cs_id , cm_name,cm_type ,cm_order , cm_state) values(23474,2381,'2015款 2.5L XL NAVI Plus 两驱智领版','2015款',4,0);
insert into t_car_model(cm_id , cs_id , cm_name,cm_type ,cm_order , cm_state) values(23475,2381,'2015款 2.5L XV RES 两驱豪华版','2015款',5,0);
insert into t_car_model(cm_id , cs_id , cm_name,cm_type ,cm_order , cm_state) values(23476,2381,'2015款 2.5L XV RES Plus 两驱豪雅版','2015款',6,0);
insert into t_car_model(cm_id , cs_id , cm_name,cm_type ,cm_order , cm_state) values(23477,2381,'2015款 2.5 S/C HEV XE 两驱混动尊享版','2015款',7,0);
insert into t_car_model(cm_id , cs_id , cm_name,cm_type ,cm_order , cm_state) values(22314,2381,'2015款 2.5 S/C HEV XL 两驱混动尊雅版','2015款',8,0);
insert into t_car_model(cm_id , cs_id , cm_name,cm_type ,cm_order , cm_state) values(23163,2381,'2015款 2.5 S/C HEV XV 四驱混动旗舰版','2015款',9,0);
insert into t_car_model(cm_id , cs_id , cm_name,cm_type ,cm_order , cm_state) values(15881,2381,'2013款 3.5L CVT 荣耀版','2013款',1,0);
insert into t_car_model(cm_id , cs_id , cm_name,cm_type ,cm_order , cm_state) values(10471,2381,'2011款 3.5L CVT','2011款',1,0);
insert into t_car_series(cs_id,cbf_id,cs_name,cs_order,cs_letter) values(2086,92,'玛驰',3062,'M');
insert into t_car_model(cm_id , cs_id , cm_name,cm_type ,cm_order , cm_state) values(20983,2086,'2015款 1.2L 手动易享版','2015款',1,0);
insert into t_car_model(cm_id , cs_id , cm_name,cm_type ,cm_order , cm_state) values(20984,2086,'2015款 1.5L 自动易型版','2015款',2,0);
insert into t_car_model(cm_id , cs_id , cm_name,cm_type ,cm_order , cm_state) values(20985,2086,'2015款 1.5L 手动易炫版','2015款',3,0);
insert into t_car_model(cm_id , cs_id , cm_name,cm_type ,cm_order , cm_state) values(20987,2086,'2015款 1.5L 自动易炫版','2015款',4,0);
insert into t_car_model(cm_id , cs_id , cm_name,cm_type ,cm_order , cm_state) values(20895,2086,'2015款 1.5L 自动易智版','2015款',5,0);
insert into t_car_model(cm_id , cs_id , cm_name,cm_type ,cm_order , cm_state) values(8175,2086,'2010款 1.5L 手动易型版','2010款',1,0);
insert into t_car_model(cm_id , cs_id , cm_name,cm_type ,cm_order , cm_state) values(7410,2086,'2010款 1.5L 手动易炫版','2010款',2,0);
insert into t_car_model(cm_id , cs_id , cm_name,cm_type ,cm_order , cm_state) values(8174,2086,'2010款 1.5L 自动易炫版','2010款',3,0);
insert into t_car_model(cm_id , cs_id , cm_name,cm_type ,cm_order , cm_state) values(8176,2086,'2010款 1.5L 自动易智版','2010款',4,0);
insert into t_car_series(cs_id,cbf_id,cs_name,cs_order,cs_letter) values(355,92,'颐达',3063,'Y');
insert into t_car_model(cm_id , cs_id , cm_name,cm_type ,cm_order , cm_state) values(4724,355,'2009款 1.6L 自动科技版','2009款',1,0);
insert into t_car_model(cm_id , cs_id , cm_name,cm_type ,cm_order , cm_state) values(3466,355,'2008款 1.6L 手动时尚型','2008款',1,0);
insert into t_car_model(cm_id , cs_id , cm_name,cm_type ,cm_order , cm_state) values(3467,355,'2008款 1.6L 自动时尚型','2008款',2,0);
insert into t_car_model(cm_id , cs_id , cm_name,cm_type ,cm_order , cm_state) values(3468,355,'2008款 1.6L 手动智能型','2008款',3,0);
insert into t_car_model(cm_id , cs_id , cm_name,cm_type ,cm_order , cm_state) values(3469,355,'2008款 1.6L 自动智能型','2008款',4,0);
insert into t_car_model(cm_id , cs_id , cm_name,cm_type ,cm_order , cm_state) values(3470,355,'2008款 1.6L 自动豪华型','2008款',5,0);
insert into t_car_model(cm_id , cs_id , cm_name,cm_type ,cm_order , cm_state) values(3471,355,'2008款 1.6L 自动尊贵型','2008款',6,0);
insert into t_car_model(cm_id , cs_id , cm_name,cm_type ,cm_order , cm_state) values(2280,355,'2006款 1.6J MT','2006款',1,0);
insert into t_car_model(cm_id , cs_id , cm_name,cm_type ,cm_order , cm_state) values(2282,355,'2006款 1.6JE MT','2006款',2,0);
insert into t_car_model(cm_id , cs_id , cm_name,cm_type ,cm_order , cm_state) values(2281,355,'2006款 1.6JC AT','2006款',3,0);
insert into t_car_model(cm_id , cs_id , cm_name,cm_type ,cm_order , cm_state) values(2283,355,'2006款 1.6JE AT','2006款',4,0);
insert into t_car_model(cm_id , cs_id , cm_name,cm_type ,cm_order , cm_state) values(2284,355,'2006款 1.6JS AT','2006款',5,0);
insert into t_car_model(cm_id , cs_id , cm_name,cm_type ,cm_order , cm_state) values(2285,355,'2006款 1.6JS AT（NAVI）','2006款',6,0);
insert into t_car_model(cm_id , cs_id , cm_name,cm_type ,cm_order , cm_state) values(1386,355,'2005款 1.6L','2005款',1,0);
insert into t_car_model(cm_id , cs_id , cm_name,cm_type ,cm_order , cm_state) values(1496,355,'2005款 1.6J MT','2005款',2,0);
insert into t_car_model(cm_id , cs_id , cm_name,cm_type ,cm_order , cm_state) values(1497,355,'2005款 1.6J AT','2005款',3,0);
insert into t_car_model(cm_id , cs_id , cm_name,cm_type ,cm_order , cm_state) values(1610,355,'2005款 1.6JE AT','2005款',4,0);
insert into t_car_model(cm_id , cs_id , cm_name,cm_type ,cm_order , cm_state) values(1611,355,'2005款 1.6JS AT','2005款',5,0);
insert into t_car_model(cm_id , cs_id , cm_name,cm_type ,cm_order , cm_state) values(1836,355,'2005款 1.6JS AT（NAVI）','2005款',6,0);
insert into t_car_series(cs_id,cbf_id,cs_name,cs_order,cs_letter) values(63,92,'蓝鸟经典',3064,'L');
insert into t_car_model(cm_id , cs_id , cm_name,cm_type ,cm_order , cm_state) values(390,63,'2004款 2.0L 手动尊贵型','2004款',1,0);
insert into t_car_model(cm_id , cs_id , cm_name,cm_type ,cm_order , cm_state) values(880,63,'2004款 2.0L 自动豪华型','2004款',2,0);
insert into t_car_model(cm_id , cs_id , cm_name,cm_type ,cm_order , cm_state) values(391,63,'2004款 2.0L 自动尊贵型','2004款',3,0);
insert into t_car_model(cm_id , cs_id , cm_name,cm_type ,cm_order , cm_state) values(392,63,'2004款 2.0L 自动旗舰型','2004款',4,0);
insert into t_car_model(cm_id , cs_id , cm_name,cm_type ,cm_order , cm_state) values(1360,63,'2004款 智尊 2.0L 手动舒适型','2004款',5,0);
insert into t_car_model(cm_id , cs_id , cm_name,cm_type ,cm_order , cm_state) values(1359,63,'2004款 智尊 2.0L 自动舒适型','2004款',6,0);
insert into t_car_model(cm_id , cs_id , cm_name,cm_type ,cm_order , cm_state) values(1084,63,'2004款 智尊 2.0L 自动豪华型','2004款',7,0);
insert into t_car_model(cm_id , cs_id , cm_name,cm_type ,cm_order , cm_state) values(1358,63,'2004款 智尊 2.0L 自动尊贵型','2004款',8,0);
insert into t_car_model(cm_id , cs_id , cm_name,cm_type ,cm_order , cm_state) values(1039,63,'2004款 智尊 2.0L 自动旗舰型','2004款',9,0);
insert into t_car_series(cs_id,cbf_id,cs_name,cs_order,cs_letter) values(475,92,'骏逸',3065,'J');
insert into t_car_model(cm_id , cs_id , cm_name,cm_type ,cm_order , cm_state) values(3589,475,'2008款 1.8L 手动舒适型','2008款',1,0);
insert into t_car_model(cm_id , cs_id , cm_name,cm_type ,cm_order , cm_state) values(2621,475,'2006款 1.8L 手动标准型','2006款',1,0);
insert into t_car_model(cm_id , cs_id , cm_name,cm_type ,cm_order , cm_state) values(2622,475,'2006款 1.8L 自动标准型','2006款',2,0);
insert into t_car_model(cm_id , cs_id , cm_name,cm_type ,cm_order , cm_state) values(2623,475,'2006款 1.8L 自动舒适型','2006款',3,0);
insert into t_car_model(cm_id , cs_id , cm_name,cm_type ,cm_order , cm_state) values(2561,475,'2006款 1.8L 自动时尚版','2006款',4,0);
insert into t_car_model(cm_id , cs_id , cm_name,cm_type ,cm_order , cm_state) values(2624,475,'2006款 1.8L 自动尊贵型','2006款',5,0);
insert into t_car_brand_factory(cbf_id , cb_id , cbf_name ,cbf_letter) values(173,63,'郑州日产','Z');
insert into t_car_series(cs_id,cbf_id,cs_name,cs_order,cs_letter) values(4691,173,'途达',3066,'T');
insert into t_car_model(cm_id , cs_id , cm_name,cm_type ,cm_order , cm_state) values(34171,4691,'2018款 2.5L 手动两驱精英版','2018款',1,0);
insert into t_car_model(cm_id , cs_id , cm_name,cm_type ,cm_order , cm_state) values(34172,4691,'2018款 2.5L 手动两驱领先版','2018款',2,0);
insert into t_car_model(cm_id , cs_id , cm_name,cm_type ,cm_order , cm_state) values(34173,4691,'2018款 2.5L 自动两驱豪华版','2018款',3,0);
insert into t_car_model(cm_id , cs_id , cm_name,cm_type ,cm_order , cm_state) values(34141,4691,'2018款 2.5L 自动两驱智享版','2018款',4,0);
insert into t_car_model(cm_id , cs_id , cm_name,cm_type ,cm_order , cm_state) values(34174,4691,'2018款 2.5L 自动四驱豪华版','2018款',5,0);
insert into t_car_model(cm_id , cs_id , cm_name,cm_type ,cm_order , cm_state) values(33503,4691,'2018款 2.5L 自动四驱旗舰版','2018款',6,0);
insert into t_car_series(cs_id,cbf_id,cs_name,cs_order,cs_letter) values(2113,173,'日产NV200',3067,'R');
insert into t_car_model(cm_id , cs_id , cm_name,cm_type ,cm_order , cm_state) values(33176,2113,'2018款 1.6L CVT豪华型','2018款',1,0);
insert into t_car_model(cm_id , cs_id , cm_name,cm_type ,cm_order , cm_state) values(33177,2113,'2018款 1.6L CVT尊享型','2018款',2,0);
insert into t_car_model(cm_id , cs_id , cm_name,cm_type ,cm_order , cm_state) values(27285,2113,'2016款 改款 1.6L 手动豪华型','2016款',1,0);
insert into t_car_model(cm_id , cs_id , cm_name,cm_type ,cm_order , cm_state) values(27286,2113,'2016款 改款 1.6L 手动尊雅型','2016款',2,0);
insert into t_car_model(cm_id , cs_id , cm_name,cm_type ,cm_order , cm_state) values(24651,2113,'2016款 1.6L 手动豪华型','2016款',3,0);
insert into t_car_model(cm_id , cs_id , cm_name,cm_type ,cm_order , cm_state) values(26688,2113,'2016款 1.6L 手动尊雅型','2016款',4,0);
insert into t_car_model(cm_id , cs_id , cm_name,cm_type ,cm_order , cm_state) values(26689,2113,'2016款 1.6L CVT豪华型','2016款',5,0);
insert into t_car_model(cm_id , cs_id , cm_name,cm_type ,cm_order , cm_state) values(24598,2113,'2016款 1.6L CVT尊享型','2016款',6,0);
insert into t_car_model(cm_id , cs_id , cm_name,cm_type ,cm_order , cm_state) values(27287,2113,'2016款 改款 1.6L CVT豪华型','2016款',7,0);
insert into t_car_model(cm_id , cs_id , cm_name,cm_type ,cm_order , cm_state) values(27288,2113,'2016款 改款 1.6L CVT尊享型','2016款',8,0);
insert into t_car_model(cm_id , cs_id , cm_name,cm_type ,cm_order , cm_state) values(18202,2113,'2014款 1.6L 手动豪华型 国IV','2014款',1,0);
insert into t_car_model(cm_id , cs_id , cm_name,cm_type ,cm_order , cm_state) values(18203,2113,'2014款 1.6L 手动尊雅型 国IV','2014款',2,0);
insert into t_car_model(cm_id , cs_id , cm_name,cm_type ,cm_order , cm_state) values(18204,2113,'2014款 1.6L 手动尊享型 国IV','2014款',3,0);
insert into t_car_model(cm_id , cs_id , cm_name,cm_type ,cm_order , cm_state) values(18205,2113,'2014款 1.6L 手动尊贵型 国IV','2014款',4,0);
insert into t_car_model(cm_id , cs_id , cm_name,cm_type ,cm_order , cm_state) values(18364,2113,'2014款 1.6L 手动豪华型 国V','2014款',5,0);
insert into t_car_model(cm_id , cs_id , cm_name,cm_type ,cm_order , cm_state) values(18365,2113,'2014款 1.6L 手动尊雅型 国V','2014款',6,0);
insert into t_car_model(cm_id , cs_id , cm_name,cm_type ,cm_order , cm_state) values(18366,2113,'2014款 1.6L 手动尊享型 国V','2014款',7,0);
insert into t_car_model(cm_id , cs_id , cm_name,cm_type ,cm_order , cm_state) values(18367,2113,'2014款 1.6L 手动尊贵型 国V','2014款',8,0);
insert into t_car_model(cm_id , cs_id , cm_name,cm_type ,cm_order , cm_state) values(18187,2113,'2014款 1.6L CVT豪华型 国IV','2014款',9,0);
insert into t_car_model(cm_id , cs_id , cm_name,cm_type ,cm_order , cm_state) values(18194,2113,'2014款 1.6L CVT尊雅型 国IV','2014款',10,0);
insert into t_car_model(cm_id , cs_id , cm_name,cm_type ,cm_order , cm_state) values(18195,2113,'2014款 1.6L CVT尊享型 国IV','2014款',11,0);
insert into t_car_model(cm_id , cs_id , cm_name,cm_type ,cm_order , cm_state) values(18196,2113,'2014款 1.6L CVT尊贵型 国IV','2014款',12,0);
insert into t_car_model(cm_id , cs_id , cm_name,cm_type ,cm_order , cm_state) values(21197,2113,'2014款 1.6L CVT豪华型 国V','2014款',13,0);
insert into t_car_model(cm_id , cs_id , cm_name,cm_type ,cm_order , cm_state) values(21198,2113,'2014款 1.6L CVT尊雅型 国V','2014款',14,0);
insert into t_car_model(cm_id , cs_id , cm_name,cm_type ,cm_order , cm_state) values(21199,2113,'2014款 1.6L CVT尊享型 国V','2014款',15,0);
insert into t_car_model(cm_id , cs_id , cm_name,cm_type ,cm_order , cm_state) values(21200,2113,'2014款 1.6L CVT尊贵型 国V','2014款',16,0);
insert into t_car_model(cm_id , cs_id , cm_name,cm_type ,cm_order , cm_state) values(15049,2113,'2013款 1.6L 豪华型 国IV','2013款',1,0);
insert into t_car_model(cm_id , cs_id , cm_name,cm_type ,cm_order , cm_state) values(15050,2113,'2013款 1.6L 尊雅型 国IV','2013款',2,0);
insert into t_car_model(cm_id , cs_id , cm_name,cm_type ,cm_order , cm_state) values(15051,2113,'2013款 1.6L 尊贵型 国IV','2013款',3,0);
insert into t_car_model(cm_id , cs_id , cm_name,cm_type ,cm_order , cm_state) values(15032,2113,'2013款 1.6L 豪华型 国V','2013款',4,0);
insert into t_car_model(cm_id , cs_id , cm_name,cm_type ,cm_order , cm_state) values(15033,2113,'2013款 1.6L 尊雅型 国V','2013款',5,0);
insert into t_car_model(cm_id , cs_id , cm_name,cm_type ,cm_order , cm_state) values(15034,2113,'2013款 1.6L 尊贵型 国V','2013款',6,0);
insert into t_car_model(cm_id , cs_id , cm_name,cm_type ,cm_order , cm_state) values(13922,2113,'2012款 1.6L 232座 豪华型','2012款',1,0);
insert into t_car_model(cm_id , cs_id , cm_name,cm_type ,cm_order , cm_state) values(13923,2113,'2012款 1.6L 232座 尊雅型','2012款',2,0);
insert into t_car_model(cm_id , cs_id , cm_name,cm_type ,cm_order , cm_state) values(13925,2113,'2012款 1.6L 232座 尊贵型','2012款',3,0);
insert into t_car_model(cm_id , cs_id , cm_name,cm_type ,cm_order , cm_state) values(13924,2113,'2012款 1.6L 223座 尊雅型','2012款',4,0);
insert into t_car_model(cm_id , cs_id , cm_name,cm_type ,cm_order , cm_state) values(13926,2113,'2012款 1.6L 223座 尊贵型','2012款',5,0);
insert into t_car_model(cm_id , cs_id , cm_name,cm_type ,cm_order , cm_state) values(9289,2113,'2011款 1.6L 232座 尊雅型','2011款',1,0);
insert into t_car_model(cm_id , cs_id , cm_name,cm_type ,cm_order , cm_state) values(10351,2113,'2011款 1.6L 223座 尊雅型','2011款',2,0);
insert into t_car_model(cm_id , cs_id , cm_name,cm_type ,cm_order , cm_state) values(10352,2113,'2011款 1.6L 223座 尊贵型','2011款',3,0);
insert into t_car_model(cm_id , cs_id , cm_name,cm_type ,cm_order , cm_state) values(7580,2113,'2010款 1.6L 基本型','2010款',1,0);
insert into t_car_model(cm_id , cs_id , cm_name,cm_type ,cm_order , cm_state) values(7581,2113,'2010款 1.6L 标准型','2010款',2,0);
insert into t_car_model(cm_id , cs_id , cm_name,cm_type ,cm_order , cm_state) values(7582,2113,'2010款 1.6L 舒适型','2010款',3,0);
insert into t_car_model(cm_id , cs_id , cm_name,cm_type ,cm_order , cm_state) values(7583,2113,'2010款 1.6L 豪华型','2010款',4,0);
insert into t_car_model(cm_id , cs_id , cm_name,cm_type ,cm_order , cm_state) values(7585,2113,'2010款 1.6L 232座 尊贵型','2010款',5,0);
insert into t_car_series(cs_id,cbf_id,cs_name,cs_order,cs_letter) values(4307,173,'纳瓦拉',3068,'N');
insert into t_car_model(cm_id , cs_id , cm_name,cm_type ,cm_order , cm_state) values(1008321,4307,'2019款 2.5L手动两驱舒适型国VI QR25','2019款',1,0);
insert into t_car_model(cm_id , cs_id , cm_name,cm_type ,cm_order , cm_state) values(1008320,4307,'2019款 2.5L手动两驱尊享型国VI QR25','2019款',2,0);
insert into t_car_model(cm_id , cs_id , cm_name,cm_type ,cm_order , cm_state) values(1008319,4307,'2019款 2.5L手动两驱旗舰型国VI QR25','2019款',3,0);
insert into t_car_model(cm_id , cs_id , cm_name,cm_type ,cm_order , cm_state) values(1008318,4307,'2019款 2.5L手动四驱舒适型国VI QR25','2019款',4,0);
insert into t_car_model(cm_id , cs_id , cm_name,cm_type ,cm_order , cm_state) values(1008317,4307,'2019款 2.5L手动四驱尊享型国VI QR25','2019款',5,0);
insert into t_car_model(cm_id , cs_id , cm_name,cm_type ,cm_order , cm_state) values(1008316,4307,'2019款 2.5L手动四驱旗舰型国VI QR25','2019款',6,0);
insert into t_car_model(cm_id , cs_id , cm_name,cm_type ,cm_order , cm_state) values(1005090,4307,'2017款 2.5L手动两驱标准版QR25','2017款',1,0);
insert into t_car_model(cm_id , cs_id , cm_name,cm_type ,cm_order , cm_state) values(1005259,4307,'2017款 2.5L手动两驱豪华版QR25','2017款',2,0);
insert into t_car_model(cm_id , cs_id , cm_name,cm_type ,cm_order , cm_state) values(1005258,4307,'2017款 2.5L手动两驱旗舰版QR25','2017款',3,0);
insert into t_car_model(cm_id , cs_id , cm_name,cm_type ,cm_order , cm_state) values(1005257,4307,'2017款 2.5L自动两驱豪华版QR25','2017款',4,0);
insert into t_car_model(cm_id , cs_id , cm_name,cm_type ,cm_order , cm_state) values(1005256,4307,'2017款 2.5L手动四驱标准版QR25','2017款',5,0);
insert into t_car_model(cm_id , cs_id , cm_name,cm_type ,cm_order , cm_state) values(1005255,4307,'2017款 2.5L手动四驱豪华版QR25','2017款',6,0);
insert into t_car_model(cm_id , cs_id , cm_name,cm_type ,cm_order , cm_state) values(1005254,4307,'2017款 2.5L手动四驱旗舰版QR25','2017款',7,0);
insert into t_car_model(cm_id , cs_id , cm_name,cm_type ,cm_order , cm_state) values(1005253,4307,'2017款 2.5L自动四驱豪华版QR25','2017款',8,0);
insert into t_car_series(cs_id,cbf_id,cs_name,cs_order,cs_letter) values(2466,173,'日产D22',3069,'R');
insert into t_car_model(cm_id , cs_id , cm_name,cm_type ,cm_order , cm_state) values(1001534,2466,'2013款 2.4L汽油两驱标准型','2013款',1,0);
insert into t_car_model(cm_id , cs_id , cm_name,cm_type ,cm_order , cm_state) values(1001535,2466,'2013款 2.4L汽油两驱高级型','2013款',2,0);
insert into t_car_model(cm_id , cs_id , cm_name,cm_type ,cm_order , cm_state) values(1001536,2466,'2013款 2.4L汽油四驱标准型','2013款',3,0);
insert into t_car_model(cm_id , cs_id , cm_name,cm_type ,cm_order , cm_state) values(1001537,2466,'2013款 2.4L汽油四驱高级型','2013款',4,0);
insert into t_car_model(cm_id , cs_id , cm_name,cm_type ,cm_order , cm_state) values(1000107,2466,'2011款 2.5T柴油两驱标准型','2011款',1,0);
insert into t_car_model(cm_id , cs_id , cm_name,cm_type ,cm_order , cm_state) values(1000108,2466,'2011款 2.5T柴油两驱高级型','2011款',2,0);
insert into t_car_model(cm_id , cs_id , cm_name,cm_type ,cm_order , cm_state) values(1000109,2466,'2011款 2.5T柴油四驱标准型','2011款',3,0);
insert into t_car_model(cm_id , cs_id , cm_name,cm_type ,cm_order , cm_state) values(1000110,2466,'2011款 2.5T柴油四驱高级型','2011款',4,0);
insert into t_car_model(cm_id , cs_id , cm_name,cm_type ,cm_order , cm_state) values(1000111,2466,'2011款 2.4L汽油两驱标准型','2011款',5,0);
insert into t_car_model(cm_id , cs_id , cm_name,cm_type ,cm_order , cm_state) values(1000112,2466,'2011款 2.4L汽油两驱高级型','2011款',6,0);
insert into t_car_model(cm_id , cs_id , cm_name,cm_type ,cm_order , cm_state) values(1000113,2466,'2011款 2.4L汽油四驱标准型','2011款',7,0);
insert into t_car_model(cm_id , cs_id , cm_name,cm_type ,cm_order , cm_state) values(1000114,2466,'2011款 2.4L汽油四驱高级型','2011款',8,0);
insert into t_car_series(cs_id,cbf_id,cs_name,cs_order,cs_letter) values(2853,173,'日产ZN厢式车',3070,'R');
insert into t_car_model(cm_id , cs_id , cm_name,cm_type ,cm_order , cm_state) values(1001453,2853,'2013款 2.4L两驱标准型5座','2013款',1,0);
insert into t_car_model(cm_id , cs_id , cm_name,cm_type ,cm_order , cm_state) values(1001454,2853,'2013款 2.4L两驱豪华型5座','2013款',2,0);
insert into t_car_model(cm_id , cs_id , cm_name,cm_type ,cm_order , cm_state) values(1001455,2853,'2013款 2.4L四驱标准型5座','2013款',3,0);
insert into t_car_model(cm_id , cs_id , cm_name,cm_type ,cm_order , cm_state) values(1001456,2853,'2013款 2.4L四驱豪华型5座','2013款',4,0);
insert into t_car_model(cm_id , cs_id , cm_name,cm_type ,cm_order , cm_state) values(1001162,2853,'2012款 2.4L两驱标准版7座','2012款',1,0);
insert into t_car_model(cm_id , cs_id , cm_name,cm_type ,cm_order , cm_state) values(1001167,2853,'2012款 2.4L两驱高级版7座','2012款',2,0);
insert into t_car_model(cm_id , cs_id , cm_name,cm_type ,cm_order , cm_state) values(1001165,2853,'2012款 2.4L四驱标准版7座','2012款',3,0);
insert into t_car_model(cm_id , cs_id , cm_name,cm_type ,cm_order , cm_state) values(1001169,2853,'2012款 2.4L四驱高级版7座','2012款',4,0);
insert into t_car_model(cm_id , cs_id , cm_name,cm_type ,cm_order , cm_state) values(1001879,2853,'2011款 2.4L两驱标准型5座ZN6493','2011款',1,0);
insert into t_car_model(cm_id , cs_id , cm_name,cm_type ,cm_order , cm_state) values(1001878,2853,'2011款 2.4L两驱标准型7座ZN6493','2011款',2,0);
insert into t_car_model(cm_id , cs_id , cm_name,cm_type ,cm_order , cm_state) values(1001881,2853,'2011款 2.4L两驱高级型5座ZN6493','2011款',3,0);
insert into t_car_model(cm_id , cs_id , cm_name,cm_type ,cm_order , cm_state) values(1001880,2853,'2011款 2.4L两驱高级型7座ZN6493','2011款',4,0);
insert into t_car_model(cm_id , cs_id , cm_name,cm_type ,cm_order , cm_state) values(1001882,2853,'2011款 2.4L四驱标准型5座ZN6493','2011款',5,0);
insert into t_car_model(cm_id , cs_id , cm_name,cm_type ,cm_order , cm_state) values(1001883,2853,'2011款 2.4L四驱标准型7座ZN6493','2011款',6,0);
insert into t_car_model(cm_id , cs_id , cm_name,cm_type ,cm_order , cm_state) values(1001884,2853,'2011款 2.4L四驱高级型5座ZN6493','2011款',7,0);
insert into t_car_model(cm_id , cs_id , cm_name,cm_type ,cm_order , cm_state) values(1001885,2853,'2011款 2.4L四驱高级型7座ZN6493','2011款',8,0);
insert into t_car_series(cs_id,cbf_id,cs_name,cs_order,cs_letter) values(53,173,'帕拉丁',3071,'P');
insert into t_car_model(cm_id , cs_id , cm_name,cm_type ,cm_order , cm_state) values(16133,53,'2013款 2.4L 两驱标准型 国V','2013款',1,0);
insert into t_car_model(cm_id , cs_id , cm_name,cm_type ,cm_order , cm_state) values(16134,53,'2013款 2.4L 两驱豪华型 国V','2013款',2,0);
insert into t_car_model(cm_id , cs_id , cm_name,cm_type ,cm_order , cm_state) values(16135,53,'2013款 2.4L 四驱标准型 国V','2013款',3,0);
insert into t_car_model(cm_id , cs_id , cm_name,cm_type ,cm_order , cm_state) values(15335,53,'2013款 2.4L 四驱豪华型 国IV','2013款',4,0);
insert into t_car_model(cm_id , cs_id , cm_name,cm_type ,cm_order , cm_state) values(16055,53,'2013款 2.4L 四驱豪华纪念版 国IV','2013款',5,0);
insert into t_car_model(cm_id , cs_id , cm_name,cm_type ,cm_order , cm_state) values(16136,53,'2013款 2.4L 四驱豪华型 国V','2013款',6,0);
insert into t_car_model(cm_id , cs_id , cm_name,cm_type ,cm_order , cm_state) values(15331,53,'2013款 2.4L 两驱舒适型','2013款',7,0);
insert into t_car_model(cm_id , cs_id , cm_name,cm_type ,cm_order , cm_state) values(15334,53,'2013款 2.4L 四驱舒适型','2013款',8,0);
insert into t_car_model(cm_id , cs_id , cm_name,cm_type ,cm_order , cm_state) values(15333,53,'2013款 2.4L 两驱行政型','2013款',9,0);
insert into t_car_model(cm_id , cs_id , cm_name,cm_type ,cm_order , cm_state) values(15336,53,'2013款 2.4L 四驱行政型','2013款',10,0);
insert into t_car_model(cm_id , cs_id , cm_name,cm_type ,cm_order , cm_state) values(15330,53,'2013款 2.4L 两驱标准型 国IV','2013款',11,0);
insert into t_car_model(cm_id , cs_id , cm_name,cm_type ,cm_order , cm_state) values(16053,53,'2013款 2.4L 两驱标准纪念版 国IV','2013款',12,0);
insert into t_car_model(cm_id , cs_id , cm_name,cm_type ,cm_order , cm_state) values(15332,53,'2013款 2.4L 两驱豪华型 国IV','2013款',13,0);
insert into t_car_model(cm_id , cs_id , cm_name,cm_type ,cm_order , cm_state) values(15325,53,'2013款 2.4L 四驱标准型 国IV','2013款',14,0);
insert into t_car_model(cm_id , cs_id , cm_name,cm_type ,cm_order , cm_state) values(16054,53,'2013款 2.4L 四驱标准纪念版 国IV','2013款',15,0);
insert into t_car_model(cm_id , cs_id , cm_name,cm_type ,cm_order , cm_state) values(6745,53,'2008款 2.4L 两驱标准型','2008款',1,0);
insert into t_car_model(cm_id , cs_id , cm_name,cm_type ,cm_order , cm_state) values(6744,53,'2008款 2.4L 四驱标准型','2008款',2,0);
insert into t_car_model(cm_id , cs_id , cm_name,cm_type ,cm_order , cm_state) values(6746,53,'2007款 2.4L XE 两驱标准型','2007款',1,0);
insert into t_car_model(cm_id , cs_id , cm_name,cm_type ,cm_order , cm_state) values(6733,53,'2007款 2.4L XE 四驱标准型','2007款',2,0);
insert into t_car_model(cm_id , cs_id , cm_name,cm_type ,cm_order , cm_state) values(6734,53,'2007款 2.4L XE 四驱超豪华型','2007款',3,0);
insert into t_car_model(cm_id , cs_id , cm_name,cm_type ,cm_order , cm_state) values(6735,53,'2007款 3.3L 四驱超豪华型','2007款',4,0);
insert into t_car_model(cm_id , cs_id , cm_name,cm_type ,cm_order , cm_state) values(2121,53,'2006款 2.4L 两驱标准型','2006款',1,0);
insert into t_car_model(cm_id , cs_id , cm_name,cm_type ,cm_order , cm_state) values(5761,53,'2006款 2.4L 两驱舒适型','2006款',2,0);
insert into t_car_model(cm_id , cs_id , cm_name,cm_type ,cm_order , cm_state) values(2124,53,'2006款 2.4L 两驱豪华型','2006款',3,0);
insert into t_car_model(cm_id , cs_id , cm_name,cm_type ,cm_order , cm_state) values(6731,53,'2006款 2.4L XE 两驱豪华版','2006款',4,0);
insert into t_car_model(cm_id , cs_id , cm_name,cm_type ,cm_order , cm_state) values(5762,53,'2006款 2.4L 两驱行政型','2006款',5,0);
insert into t_car_model(cm_id , cs_id , cm_name,cm_type ,cm_order , cm_state) values(6732,53,'2006款 2.4L XE 四驱标准型','2006款',6,0);
insert into t_car_model(cm_id , cs_id , cm_name,cm_type ,cm_order , cm_state) values(2122,53,'2006款 2.4L 四驱标准型','2006款',7,0);
insert into t_car_model(cm_id , cs_id , cm_name,cm_type ,cm_order , cm_state) values(5763,53,'2006款 2.4L 四驱舒适型','2006款',8,0);
insert into t_car_model(cm_id , cs_id , cm_name,cm_type ,cm_order , cm_state) values(2125,53,'2006款 2.4L 四驱豪华型','2006款',9,0);
insert into t_car_model(cm_id , cs_id , cm_name,cm_type ,cm_order , cm_state) values(5764,53,'2006款 2.4L 四驱行政型','2006款',10,0);
insert into t_car_model(cm_id , cs_id , cm_name,cm_type ,cm_order , cm_state) values(2123,53,'2006款 3.3L 四驱豪华型','2006款',11,0);
insert into t_car_model(cm_id , cs_id , cm_name,cm_type ,cm_order , cm_state) values(133,53,'2004款 2.4L 两驱标准型','2004款',1,0);
insert into t_car_model(cm_id , cs_id , cm_name,cm_type ,cm_order , cm_state) values(1180,53,'2004款 2.4L 两驱黑内饰型','2004款',2,0);
insert into t_car_model(cm_id , cs_id , cm_name,cm_type ,cm_order , cm_state) values(4218,53,'2004款 2.4L 两驱豪华型','2004款',3,0);
insert into t_car_model(cm_id , cs_id , cm_name,cm_type ,cm_order , cm_state) values(132,53,'2004款 2.4L 四驱标准型','2004款',4,0);
insert into t_car_model(cm_id , cs_id , cm_name,cm_type ,cm_order , cm_state) values(4219,53,'2004款 2.4L 四驱豪华型','2004款',5,0);
insert into t_car_model(cm_id , cs_id , cm_name,cm_type ,cm_order , cm_state) values(134,53,'2004款 3.3L 四驱标准型','2004款',6,0);
insert into t_car_brand_factory(cbf_id , cb_id , cbf_name ,cbf_letter) values(73,63,'日产(进口)','R');
insert into t_car_series(cs_id,cbf_id,cs_name,cs_order,cs_letter) values(2054,73,'JUKE',3095,'J');
insert into t_car_model(cm_id , cs_id , cm_name,cm_type ,cm_order , cm_state) values(7123,2054,'2011款 基本型','2011款',1,0);
insert into t_car_series(cs_id,cbf_id,cs_name,cs_order,cs_letter) values(208,73,'奇骏(进口)',3102,'Q');
insert into t_car_model(cm_id , cs_id , cm_name,cm_type ,cm_order , cm_state) values(1172,208,'2004款 2.5 标准型','2004款',1,0);
insert into t_car_model(cm_id , cs_id , cm_name,cm_type ,cm_order , cm_state) values(769,208,'2004款 2.5 俊朗型','2004款',2,0);
insert into t_car_model(cm_id , cs_id , cm_name,cm_type ,cm_order , cm_state) values(1171,208,'2004款 2.5 豪华型','2004款',3,0);
insert into t_car_series(cs_id,cbf_id,cs_name,cs_order,cs_letter) values(958,73,'楼兰(海外)',3105,'L');
insert into t_car_model(cm_id , cs_id , cm_name,cm_type ,cm_order , cm_state) values(6845,958,'2008款 3.5L','2008款',1,0);
insert into t_car_series(cs_id,cbf_id,cs_name,cs_order,cs_letter) values(264,73,'途乐',3109,'T');
insert into t_car_model(cm_id , cs_id , cm_name,cm_type ,cm_order , cm_state) values(30709,264,'2018款 4.0L 领英型','2018款',1,0);
insert into t_car_model(cm_id , cs_id , cm_name,cm_type ,cm_order , cm_state) values(30710,264,'2018款 4.0L 旗舰型','2018款',2,0);
insert into t_car_model(cm_id , cs_id , cm_name,cm_type ,cm_order , cm_state) values(30711,264,'2018款 4.0L 铂金型','2018款',3,0);
insert into t_car_model(cm_id , cs_id , cm_name,cm_type ,cm_order , cm_state) values(30764,264,'2018款 5.6L 标准型','2018款',4,0);
insert into t_car_model(cm_id , cs_id , cm_name,cm_type ,cm_order , cm_state) values(27906,264,'2017款 5.6L 标准型','2017款',1,0);
insert into t_car_model(cm_id , cs_id , cm_name,cm_type ,cm_order , cm_state) values(23919,264,'2016款 5.6L 标准型','2016款',1,0);
insert into t_car_model(cm_id , cs_id , cm_name,cm_type ,cm_order , cm_state) values(17596,264,'2014款 5.6L LE','2014款',1,0);
insert into t_car_model(cm_id , cs_id , cm_name,cm_type ,cm_order , cm_state) values(7129,264,'2012款 5.6L V8旗舰版','2012款',1,0);
insert into t_car_model(cm_id , cs_id , cm_name,cm_type ,cm_order , cm_state) values(973,264,'2004款 4800 GRX','2004款',1,0);
insert into t_car_series(cs_id,cbf_id,cs_name,cs_order,cs_letter) values(702,73,'日产370Z',3121,'R');
insert into t_car_model(cm_id , cs_id , cm_name,cm_type ,cm_order , cm_state) values(20992,702,'2015款 3.7L Coupe','2015款',1,0);
insert into t_car_model(cm_id , cs_id , cm_name,cm_type ,cm_order , cm_state) values(19202,702,'2015款 3.7L NISMO','2015款',2,0);
insert into t_car_model(cm_id , cs_id , cm_name,cm_type ,cm_order , cm_state) values(11929,702,'2013款 3.7L Coupe','2013款',1,0);
insert into t_car_model(cm_id , cs_id , cm_name,cm_type ,cm_order , cm_state) values(14505,702,'2013款 3.7L Roadster','2013款',2,0);
insert into t_car_series(cs_id,cbf_id,cs_name,cs_order,cs_letter) values(436,73,'日产GT-R',3122,'R');
insert into t_car_model(cm_id , cs_id , cm_name,cm_type ,cm_order , cm_state) values(28544,436,'2017款 3.8T 旗舰版','2017款',1,0);
insert into t_car_model(cm_id , cs_id , cm_name,cm_type ,cm_order , cm_state) values(28587,436,'2017款 3.8T 定制版','2017款',2,0);
insert into t_car_model(cm_id , cs_id , cm_name,cm_type ,cm_order , cm_state) values(28588,436,'2017款 3.8T 限量定制版','2017款',3,0);
insert into t_car_model(cm_id , cs_id , cm_name,cm_type ,cm_order , cm_state) values(28545,436,'2017款 3.8T 黑金刚版','2017款',4,0);
insert into t_car_model(cm_id , cs_id , cm_name,cm_type ,cm_order , cm_state) values(17692,436,'2015款 3.8T 动感酷黑内饰版','2015款',1,0);
insert into t_car_model(cm_id , cs_id , cm_name,cm_type ,cm_order , cm_state) values(17691,436,'2015款 3.8T 豪华棕红内饰版','2015款',2,0);
insert into t_car_model(cm_id , cs_id , cm_name,cm_type ,cm_order , cm_state) values(17557,436,'2015款 3.8T 时尚米白内饰版','2015款',3,0);
insert into t_car_model(cm_id , cs_id , cm_name,cm_type ,cm_order , cm_state) values(17542,436,'2015款 3.8T NISMO','2015款',4,0);
insert into t_car_model(cm_id , cs_id , cm_name,cm_type ,cm_order , cm_state) values(17693,436,'2015款 3.8T 特别版','2015款',5,0);
insert into t_car_model(cm_id , cs_id , cm_name,cm_type ,cm_order , cm_state) values(18964,436,'2015款 3.8T 黑金刚版','2015款',6,0);
insert into t_car_model(cm_id , cs_id , cm_name,cm_type ,cm_order , cm_state) values(15836,436,'2014款 3.8T Premium Edition 黑色内饰','2014款',1,0);
insert into t_car_model(cm_id , cs_id , cm_name,cm_type ,cm_order , cm_state) values(14818,436,'2014款 3.8T Premium Edition 棕红内饰','2014款',2,0);
insert into t_car_model(cm_id , cs_id , cm_name,cm_type ,cm_order , cm_state) values(11255,436,'2013款 3.8T Premium Edition','2013款',1,0);
insert into t_car_model(cm_id , cs_id , cm_name,cm_type ,cm_order , cm_state) values(8778,436,'2012款 3.8T Premium Edition','2012款',1,0);
insert into t_car_model(cm_id , cs_id , cm_name,cm_type ,cm_order , cm_state) values(6703,436,'2010款 3.8T Premium Edition','2010款',1,0);
insert into t_car_model(cm_id , cs_id , cm_name,cm_type ,cm_order , cm_state) values(1907,436,'2009款 R35','2009款',1,0);
insert into t_car_series(cs_id,cbf_id,cs_name,cs_order,cs_letter) values(205,73,'风度',3133,'F');
insert into t_car_model(cm_id , cs_id , cm_name,cm_type ,cm_order , cm_state) values(774,205,'2004款 2.0 G','2004款',1,0);
insert into t_car_model(cm_id , cs_id , cm_name,cm_type ,cm_order , cm_state) values(772,205,'2004款 3.0','2004款',2,0);
insert into t_car_series(cs_id,cbf_id,cs_name,cs_order,cs_letter) values(376,73,'风雅',3134,'F');
insert into t_car_model(cm_id , cs_id , cm_name,cm_type ,cm_order , cm_state) values(2547,376,'2007款 350','2007款',1,0);
insert into t_car_model(cm_id , cs_id , cm_name,cm_type ,cm_order , cm_state) values(6830,376,'2007款 3.5 豪华导航版','2007款',2,0);
insert into t_car_model(cm_id , cs_id , cm_name,cm_type ,cm_order , cm_state) values(6829,376,'2007款 3.5 VIP版','2007款',3,0);
insert into t_car_model(cm_id , cs_id , cm_name,cm_type ,cm_order , cm_state) values(1390,376,'2005款 350 豪华版','2005款',1,0);
insert into t_car_model(cm_id , cs_id , cm_name,cm_type ,cm_order , cm_state) values(1754,376,'2005款 350 豪华导航版','2005款',2,0);
insert into t_car_model(cm_id , cs_id , cm_name,cm_type ,cm_order , cm_state) values(1755,376,'2005款 350 VIP版','2005款',3,0);
insert into t_car_series(cs_id,cbf_id,cs_name,cs_order,cs_letter) values(204,73,'CIMA',3136,'C');
insert into t_car_model(cm_id , cs_id , cm_name,cm_type ,cm_order , cm_state) values(410,204,'2004款 4.5 CIMA','2004款',1,0);
insert into t_car_series(cs_id,cbf_id,cs_name,cs_order,cs_letter) values(438,73,'贵士',3139,'G');
insert into t_car_model(cm_id , cs_id , cm_name,cm_type ,cm_order , cm_state) values(21615,438,'2015款 3.5L SL','2015款',1,0);
insert into t_car_model(cm_id , cs_id , cm_name,cm_type ,cm_order , cm_state) values(15859,438,'2013款 3.5L SL','2013款',1,0);
insert into t_car_model(cm_id , cs_id , cm_name,cm_type ,cm_order , cm_state) values(11407,438,'2012款 3.5L SL','2012款',1,0);
insert into t_car_model(cm_id , cs_id , cm_name,cm_type ,cm_order , cm_state) values(2546,438,'2006款 3.5L','2006款',1,0);
insert into t_car_model(cm_id , cs_id , cm_name,cm_type ,cm_order , cm_state) values(1932,438,'2005款 3.5L','2005款',1,0);
insert into t_car_series(cs_id,cbf_id,cs_name,cs_order,cs_letter) values(316,73,'日产350Z',3141,'R');
insert into t_car_model(cm_id , cs_id , cm_name,cm_type ,cm_order , cm_state) values(2545,316,'2006款 3.5 MT','2006款',1,0);
insert into t_car_model(cm_id , cs_id , cm_name,cm_type ,cm_order , cm_state) values(1193,316,'2004款 3.5 AT','2004款',1,0);
insert into t_car_series(cs_id,cbf_id,cs_name,cs_order,cs_letter) values(2578,73,'碧莲',3142,'B');
insert into t_car_model(cm_id , cs_id , cm_name,cm_type ,cm_order , cm_state) values(1000765,2578,'2011款 4.5L-STD','2011款',1,0);
insert into t_car_model(cm_id , cs_id , cm_name,cm_type ,cm_order , cm_state) values(1000764,2578,'2011款 4.5L-VIP','2011款',2,0);
insert into t_car_model(cm_id , cs_id , cm_name,cm_type ,cm_order , cm_state) values(1000766,2578,'2011款 4.5L-尊贵VIP','2011款',3,0);
