insert into t_car_brand_factory(cbf_id , cb_id , cbf_name ,cbf_letter) values(151,14,'东风本田','D');
insert into t_car_series(cs_id,cb_id,cbf_id,cs_name,cs_order,cs_letter) values(3104,14,151,'杰德',556,'J');
insert into t_car_model(cm_id ,cb_id,cbf_id, cs_id , cm_name,cm_type ,cm_order , cm_state) values(38058,14,151,3104,'2020款 1.8L 自动经典版','2020款',1,0);
insert into t_car_model(cm_id ,cb_id,cbf_id, cs_id , cm_name,cm_type ,cm_order , cm_state) values(38059,14,151,3104,'2020款 1.8L 自动舒适版','2020款',2,0);
insert into t_car_model(cm_id ,cb_id,cbf_id, cs_id , cm_name,cm_type ,cm_order , cm_state) values(38061,14,151,3104,'2020款 210TURBO CVT风尚版','2020款',3,0);
insert into t_car_model(cm_id ,cb_id,cbf_id, cs_id , cm_name,cm_type ,cm_order , cm_state) values(38062,14,151,3104,'2020款 210TURBO CVT豪华版','2020款',4,0);
insert into t_car_model(cm_id ,cb_id,cbf_id, cs_id , cm_name,cm_type ,cm_order , cm_state) values(28945,14,151,3104,'2017款 1.8L 自动经典版 5座','2017款',1,0);
insert into t_car_model(cm_id ,cb_id,cbf_id, cs_id , cm_name,cm_type ,cm_order , cm_state) values(28946,14,151,3104,'2017款 1.8L 自动舒适版 5座','2017款',2,0);
insert into t_car_model(cm_id ,cb_id,cbf_id, cs_id , cm_name,cm_type ,cm_order , cm_state) values(28947,14,151,3104,'2017款 1.8L 自动舒适版 6座','2017款',3,0);
insert into t_car_model(cm_id ,cb_id,cbf_id, cs_id , cm_name,cm_type ,cm_order , cm_state) values(28944,14,151,3104,'2017款 210TURBO CVT风尚版 5座','2017款',4,0);
insert into t_car_model(cm_id ,cb_id,cbf_id, cs_id , cm_name,cm_type ,cm_order , cm_state) values(28943,14,151,3104,'2017款 210TURBO CVT豪华版 5座','2017款',5,0);
insert into t_car_model(cm_id ,cb_id,cbf_id, cs_id , cm_name,cm_type ,cm_order , cm_state) values(28580,14,151,3104,'2017款 210TURBO CVT豪华版 6座','2017款',6,0);
insert into t_car_model(cm_id ,cb_id,cbf_id, cs_id , cm_name,cm_type ,cm_order , cm_state) values(24182,14,151,3104,'2016款 1.8L 自动舒适版 5座','2016款',1,0);
insert into t_car_model(cm_id ,cb_id,cbf_id, cs_id , cm_name,cm_type ,cm_order , cm_state) values(24183,14,151,3104,'2016款 1.8L 自动舒适精英版 5座','2016款',2,0);
insert into t_car_model(cm_id ,cb_id,cbf_id, cs_id , cm_name,cm_type ,cm_order , cm_state) values(24184,14,151,3104,'2016款 1.8L 自动舒适版 6座','2016款',3,0);
insert into t_car_model(cm_id ,cb_id,cbf_id, cs_id , cm_name,cm_type ,cm_order , cm_state) values(24185,14,151,3104,'2016款 1.8L CVT豪华版 5座','2016款',4,0);
insert into t_car_model(cm_id ,cb_id,cbf_id, cs_id , cm_name,cm_type ,cm_order , cm_state) values(24186,14,151,3104,'2016款 1.8L CVT豪华尊享版 5座','2016款',5,0);
insert into t_car_model(cm_id ,cb_id,cbf_id, cs_id , cm_name,cm_type ,cm_order , cm_state) values(24187,14,151,3104,'2016款 1.8L CVT豪华版 6座','2016款',6,0);
insert into t_car_model(cm_id ,cb_id,cbf_id, cs_id , cm_name,cm_type ,cm_order , cm_state) values(20194,14,151,3104,'2014款 1.8L 自动舒适精英版 5座','2014款',1,0);
insert into t_car_model(cm_id ,cb_id,cbf_id, cs_id , cm_name,cm_type ,cm_order , cm_state) values(20240,14,151,3104,'2014款 1.8L CVT豪华版 5座','2014款',2,0);
insert into t_car_model(cm_id ,cb_id,cbf_id, cs_id , cm_name,cm_type ,cm_order , cm_state) values(20195,14,151,3104,'2014款 1.8L CVT豪华尊享版 5座','2014款',3,0);
insert into t_car_model(cm_id ,cb_id,cbf_id, cs_id , cm_name,cm_type ,cm_order , cm_state) values(16543,14,151,3104,'2013款 1.8L 自动舒适版 5座','2013款',1,0);
insert into t_car_model(cm_id ,cb_id,cbf_id, cs_id , cm_name,cm_type ,cm_order , cm_state) values(16542,14,151,3104,'2013款 1.8L 自动舒适版 6座','2013款',2,0);
insert into t_car_model(cm_id ,cb_id,cbf_id, cs_id , cm_name,cm_type ,cm_order , cm_state) values(16541,14,151,3104,'2013款 1.8L CVT豪华版 5座','2013款',3,0);
insert into t_car_model(cm_id ,cb_id,cbf_id, cs_id , cm_name,cm_type ,cm_order , cm_state) values(15816,14,151,3104,'2013款 1.8L CVT豪华版 6座','2013款',4,0);
insert into t_car_series(cs_id,cb_id,cbf_id,cs_name,cs_order,cs_letter) values(135,14,151,'思域',557,'S');
insert into t_car_model(cm_id ,cb_id,cbf_id, cs_id , cm_name,cm_type ,cm_order , cm_state) values(39307,14,151,135,'2019款 180TURBO CVT尚悦版 国V','2019款',1,0);
insert into t_car_model(cm_id ,cb_id,cbf_id, cs_id , cm_name,cm_type ,cm_order , cm_state) values(39313,14,151,135,'2019款 180TURBO CVT尚悦版 国VI','2019款',2,0);
insert into t_car_model(cm_id ,cb_id,cbf_id, cs_id , cm_name,cm_type ,cm_order , cm_state) values(39308,14,151,135,'2019款 180TURBO CVT尚动版 国V','2019款',3,0);
insert into t_car_model(cm_id ,cb_id,cbf_id, cs_id , cm_name,cm_type ,cm_order , cm_state) values(39314,14,151,135,'2019款 180TURBO CVT尚动版 国VI','2019款',4,0);
insert into t_car_model(cm_id ,cb_id,cbf_id, cs_id , cm_name,cm_type ,cm_order , cm_state) values(39309,14,151,135,'2019款 180TURBO CVT尚擎版 国V','2019款',5,0);
insert into t_car_model(cm_id ,cb_id,cbf_id, cs_id , cm_name,cm_type ,cm_order , cm_state) values(39315,14,151,135,'2019款 180TURBO CVT尚擎版 国VI','2019款',6,0);
insert into t_car_model(cm_id ,cb_id,cbf_id, cs_id , cm_name,cm_type ,cm_order , cm_state) values(39310,14,151,135,'2019款 220TURBO 手动劲控版 国V','2019款',7,0);
insert into t_car_model(cm_id ,cb_id,cbf_id, cs_id , cm_name,cm_type ,cm_order , cm_state) values(39316,14,151,135,'2019款 220TURBO 手动劲控版 国VI','2019款',8,0);
insert into t_car_model(cm_id ,cb_id,cbf_id, cs_id , cm_name,cm_type ,cm_order , cm_state) values(39311,14,151,135,'2019款 220TURBO CVT劲动版 国V','2019款',9,0);
insert into t_car_model(cm_id ,cb_id,cbf_id, cs_id , cm_name,cm_type ,cm_order , cm_state) values(39317,14,151,135,'2019款 220TURBO CVT劲动版 国VI','2019款',10,0);
insert into t_car_model(cm_id ,cb_id,cbf_id, cs_id , cm_name,cm_type ,cm_order , cm_state) values(39258,14,151,135,'2019款 220TURBO CVT燃动版 国V','2019款',11,0);
insert into t_car_model(cm_id ,cb_id,cbf_id, cs_id , cm_name,cm_type ,cm_order , cm_state) values(39318,14,151,135,'2019款 220TURBO CVT燃动版 国VI','2019款',12,0);
insert into t_car_model(cm_id ,cb_id,cbf_id, cs_id , cm_name,cm_type ,cm_order , cm_state) values(39312,14,151,135,'2019款 220TURBO CVT劲擎版 国V','2019款',13,0);
insert into t_car_model(cm_id ,cb_id,cbf_id, cs_id , cm_name,cm_type ,cm_order , cm_state) values(39319,14,151,135,'2019款 220TURBO CVT劲擎版 国VI','2019款',14,0);
insert into t_car_model(cm_id ,cb_id,cbf_id, cs_id , cm_name,cm_type ,cm_order , cm_state) values(39282,14,151,135,'2019款 220TURBO CVT燃擎版 国V','2019款',15,0);
insert into t_car_model(cm_id ,cb_id,cbf_id, cs_id , cm_name,cm_type ,cm_order , cm_state) values(39320,14,151,135,'2019款 220TURBO CVT燃擎版 国VI','2019款',16,0);
insert into t_car_model(cm_id ,cb_id,cbf_id, cs_id , cm_name,cm_type ,cm_order , cm_state) values(24188,14,151,135,'2016款 1.8L 手动舒适版','2016款',1,0);
insert into t_car_model(cm_id ,cb_id,cbf_id, cs_id , cm_name,cm_type ,cm_order , cm_state) values(24189,14,151,135,'2016款 1.8L 自动舒适版','2016款',2,0);
insert into t_car_model(cm_id ,cb_id,cbf_id, cs_id , cm_name,cm_type ,cm_order , cm_state) values(24458,14,151,135,'2016款 1.8L 自动豪华版','2016款',3,0);
insert into t_car_model(cm_id ,cb_id,cbf_id, cs_id , cm_name,cm_type ,cm_order , cm_state) values(28541,14,151,135,'2016款 180TURBO 手动舒适版','2016款',4,0);
insert into t_car_model(cm_id ,cb_id,cbf_id, cs_id , cm_name,cm_type ,cm_order , cm_state) values(28542,14,151,135,'2016款 180TURBO CVT舒适版','2016款',5,0);
insert into t_car_model(cm_id ,cb_id,cbf_id, cs_id , cm_name,cm_type ,cm_order , cm_state) values(25891,14,151,135,'2016款 220TURBO 手动豪华版','2016款',6,0);
insert into t_car_model(cm_id ,cb_id,cbf_id, cs_id , cm_name,cm_type ,cm_order , cm_state) values(25892,14,151,135,'2016款 220TURBO CVT豪华版','2016款',7,0);
insert into t_car_model(cm_id ,cb_id,cbf_id, cs_id , cm_name,cm_type ,cm_order , cm_state) values(25893,14,151,135,'2016款 220TURBO CVT尊贵版','2016款',8,0);
insert into t_car_model(cm_id ,cb_id,cbf_id, cs_id , cm_name,cm_type ,cm_order , cm_state) values(25894,14,151,135,'2016款 220TURBO CVT尊耀版','2016款',9,0);
insert into t_car_model(cm_id ,cb_id,cbf_id, cs_id , cm_name,cm_type ,cm_order , cm_state) values(19429,14,151,135,'2014款 1.8L 手动经典版','2014款',1,0);
insert into t_car_model(cm_id ,cb_id,cbf_id, cs_id , cm_name,cm_type ,cm_order , cm_state) values(19508,14,151,135,'2014款 1.8L 自动经典版','2014款',2,0);
insert into t_car_model(cm_id ,cb_id,cbf_id, cs_id , cm_name,cm_type ,cm_order , cm_state) values(19509,14,151,135,'2014款 1.8L 手动舒适版','2014款',3,0);
insert into t_car_model(cm_id ,cb_id,cbf_id, cs_id , cm_name,cm_type ,cm_order , cm_state) values(19510,14,151,135,'2014款 1.8L 自动舒适版','2014款',4,0);
insert into t_car_model(cm_id ,cb_id,cbf_id, cs_id , cm_name,cm_type ,cm_order , cm_state) values(19511,14,151,135,'2014款 1.8L 自动豪华版','2014款',5,0);
insert into t_car_model(cm_id ,cb_id,cbf_id, cs_id , cm_name,cm_type ,cm_order , cm_state) values(19523,14,151,135,'2014款 2.4L 手动Si','2014款',6,0);
insert into t_car_model(cm_id ,cb_id,cbf_id, cs_id , cm_name,cm_type ,cm_order , cm_state) values(15948,14,151,135,'2013款 十周年纪念 1.8L 手动舒适版','2013款',1,0);
insert into t_car_model(cm_id ,cb_id,cbf_id, cs_id , cm_name,cm_type ,cm_order , cm_state) values(15949,14,151,135,'2013款 十周年纪念 1.8L 自动舒适版','2013款',2,0);
insert into t_car_model(cm_id ,cb_id,cbf_id, cs_id , cm_name,cm_type ,cm_order , cm_state) values(15950,14,151,135,'2013款 十周年纪念 1.8L 自动豪华版','2013款',3,0);
insert into t_car_model(cm_id ,cb_id,cbf_id, cs_id , cm_name,cm_type ,cm_order , cm_state) values(10952,14,151,135,'2012款 1.8L 手动舒适版','2012款',1,0);
insert into t_car_model(cm_id ,cb_id,cbf_id, cs_id , cm_name,cm_type ,cm_order , cm_state) values(10953,14,151,135,'2012款 1.8L 自动舒适版','2012款',2,0);
insert into t_car_model(cm_id ,cb_id,cbf_id, cs_id , cm_name,cm_type ,cm_order , cm_state) values(10954,14,151,135,'2012款 1.8L 自动豪华版','2012款',3,0);
insert into t_car_model(cm_id ,cb_id,cbf_id, cs_id , cm_name,cm_type ,cm_order , cm_state) values(10955,14,151,135,'2012款 1.8L 自动豪华导航版','2012款',4,0);
insert into t_car_model(cm_id ,cb_id,cbf_id, cs_id , cm_name,cm_type ,cm_order , cm_state) values(10956,14,151,135,'2012款 2.0L 自动TYPE-S','2012款',5,0);
insert into t_car_model(cm_id ,cb_id,cbf_id, cs_id , cm_name,cm_type ,cm_order , cm_state) values(10957,14,151,135,'2012款 2.0L 自动TYPE-S导航版','2012款',6,0);
insert into t_car_model(cm_id ,cb_id,cbf_id, cs_id , cm_name,cm_type ,cm_order , cm_state) values(4808,14,151,135,'2009款 1.8L 手动经典版','2009款',1,0);
insert into t_car_model(cm_id ,cb_id,cbf_id, cs_id , cm_name,cm_type ,cm_order , cm_state) values(4809,14,151,135,'2009款 1.8L 自动经典版','2009款',2,0);
insert into t_car_model(cm_id ,cb_id,cbf_id, cs_id , cm_name,cm_type ,cm_order , cm_state) values(4810,14,151,135,'2009款 1.8L 手动舒适版','2009款',3,0);
insert into t_car_model(cm_id ,cb_id,cbf_id, cs_id , cm_name,cm_type ,cm_order , cm_state) values(4811,14,151,135,'2009款 1.8L 自动舒适版','2009款',4,0);
insert into t_car_model(cm_id ,cb_id,cbf_id, cs_id , cm_name,cm_type ,cm_order , cm_state) values(4812,14,151,135,'2009款 1.8L 手动豪华版','2009款',5,0);
insert into t_car_model(cm_id ,cb_id,cbf_id, cs_id , cm_name,cm_type ,cm_order , cm_state) values(4813,14,151,135,'2009款 1.8L 自动豪华版','2009款',6,0);
insert into t_car_model(cm_id ,cb_id,cbf_id, cs_id , cm_name,cm_type ,cm_order , cm_state) values(4814,14,151,135,'2009款 1.8L 自动尊贵版','2009款',7,0);
insert into t_car_model(cm_id ,cb_id,cbf_id, cs_id , cm_name,cm_type ,cm_order , cm_state) values(5407,14,151,135,'2009款 1.3L 混合动力版','2009款',8,0);
insert into t_car_model(cm_id ,cb_id,cbf_id, cs_id , cm_name,cm_type ,cm_order , cm_state) values(4151,14,151,135,'2008款 1.8L 手动纪念经典版','2008款',1,0);
insert into t_car_model(cm_id ,cb_id,cbf_id, cs_id , cm_name,cm_type ,cm_order , cm_state) values(4152,14,151,135,'2008款 1.8L 自动纪念经典版','2008款',2,0);
insert into t_car_model(cm_id ,cb_id,cbf_id, cs_id , cm_name,cm_type ,cm_order , cm_state) values(4153,14,151,135,'2008款 1.8L 手动纪念豪华版','2008款',3,0);
insert into t_car_model(cm_id ,cb_id,cbf_id, cs_id , cm_name,cm_type ,cm_order , cm_state) values(4154,14,151,135,'2008款 1.8L 自动纪念豪华版','2008款',4,0);
insert into t_car_model(cm_id ,cb_id,cbf_id, cs_id , cm_name,cm_type ,cm_order , cm_state) values(4155,14,151,135,'2008款 1.8L 手动纪念尊贵版','2008款',5,0);
insert into t_car_model(cm_id ,cb_id,cbf_id, cs_id , cm_name,cm_type ,cm_order , cm_state) values(4156,14,151,135,'2008款 1.8L 自动纪念尊贵版','2008款',6,0);
insert into t_car_model(cm_id ,cb_id,cbf_id, cs_id , cm_name,cm_type ,cm_order , cm_state) values(3457,14,151,135,'2007款 1.3L 混合动力版','2007款',1,0);
insert into t_car_model(cm_id ,cb_id,cbf_id, cs_id , cm_name,cm_type ,cm_order , cm_state) values(2095,14,151,135,'2006款 1.8L 手动经典版','2006款',1,0);
insert into t_car_model(cm_id ,cb_id,cbf_id, cs_id , cm_name,cm_type ,cm_order , cm_state) values(2070,14,151,135,'2006款 1.8L 自动经典版','2006款',2,0);
insert into t_car_model(cm_id ,cb_id,cbf_id, cs_id , cm_name,cm_type ,cm_order , cm_state) values(2096,14,151,135,'2006款 1.8L 手动豪华版','2006款',3,0);
insert into t_car_model(cm_id ,cb_id,cbf_id, cs_id , cm_name,cm_type ,cm_order , cm_state) values(2071,14,151,135,'2006款 1.8L 自动豪华版','2006款',4,0);
insert into t_car_model(cm_id ,cb_id,cbf_id, cs_id , cm_name,cm_type ,cm_order , cm_state) values(2097,14,151,135,'2006款 1.8L 手动尊贵版','2006款',5,0);
insert into t_car_model(cm_id ,cb_id,cbf_id, cs_id , cm_name,cm_type ,cm_order , cm_state) values(2072,14,151,135,'2006款 1.8L 自动尊贵版','2006款',6,0);
insert into t_car_model(cm_id ,cb_id,cbf_id, cs_id , cm_name,cm_type ,cm_order , cm_state) values(611,14,151,135,'2004款 1.6','2004款',1,0);
insert into t_car_series(cs_id,cb_id,cbf_id,cs_name,cs_order,cs_letter) values(3859,14,151,'哥瑞',558,'G');
insert into t_car_model(cm_id ,cb_id,cbf_id, cs_id , cm_name,cm_type ,cm_order , cm_state) values(24204,14,151,3859,'2016款 1.5L 手动经典版','2016款',1,0);
insert into t_car_model(cm_id ,cb_id,cbf_id, cs_id , cm_name,cm_type ,cm_order , cm_state) values(24205,14,151,3859,'2016款 1.5L CVT经典版','2016款',2,0);
insert into t_car_model(cm_id ,cb_id,cbf_id, cs_id , cm_name,cm_type ,cm_order , cm_state) values(24206,14,151,3859,'2016款 1.5L CVT舒适版','2016款',3,0);
insert into t_car_model(cm_id ,cb_id,cbf_id, cs_id , cm_name,cm_type ,cm_order , cm_state) values(24207,14,151,3859,'2016款 1.5L CVT风尚版','2016款',4,0);
insert into t_car_model(cm_id ,cb_id,cbf_id, cs_id , cm_name,cm_type ,cm_order , cm_state) values(23072,14,151,3859,'2016款 1.5L CVT豪华版','2016款',5,0);
insert into t_car_series(cs_id,cb_id,cbf_id,cs_name,cs_order,cs_letter) values(4179,14,151,'竞瑞',559,'J');
insert into t_car_model(cm_id ,cb_id,cbf_id, cs_id , cm_name,cm_type ,cm_order , cm_state) values(28091,14,151,4179,'2017款 1.5L 手动经典版','2017款',1,0);
insert into t_car_model(cm_id ,cb_id,cbf_id, cs_id , cm_name,cm_type ,cm_order , cm_state) values(28092,14,151,4179,'2017款 1.5L CVT经典版','2017款',2,0);
insert into t_car_model(cm_id ,cb_id,cbf_id, cs_id , cm_name,cm_type ,cm_order , cm_state) values(28093,14,151,4179,'2017款 1.5L CVT舒适版','2017款',3,0);
insert into t_car_model(cm_id ,cb_id,cbf_id, cs_id , cm_name,cm_type ,cm_order , cm_state) values(28094,14,151,4179,'2017款 1.5L CVT风尚版','2017款',4,0);
insert into t_car_model(cm_id ,cb_id,cbf_id, cs_id , cm_name,cm_type ,cm_order , cm_state) values(27240,14,151,4179,'2017款 1.5L CVT豪华版','2017款',5,0);
insert into t_car_series(cs_id,cb_id,cbf_id,cs_name,cs_order,cs_letter) values(5031,14,151,'享域',560,'X');
insert into t_car_model(cm_id ,cb_id,cbf_id, cs_id , cm_name,cm_type ,cm_order , cm_state) values(38382,14,151,5031,'2019款 180TURBO 手动舒适版','2019款',1,0);
insert into t_car_model(cm_id ,cb_id,cbf_id, cs_id , cm_name,cm_type ,cm_order , cm_state) values(38383,14,151,5031,'2019款 180TURBO CVT畅享版','2019款',2,0);
insert into t_car_model(cm_id ,cb_id,cbf_id, cs_id , cm_name,cm_type ,cm_order , cm_state) values(38384,14,151,5031,'2019款 180TURBO CVT乐享版','2019款',3,0);
insert into t_car_model(cm_id ,cb_id,cbf_id, cs_id , cm_name,cm_type ,cm_order , cm_state) values(38268,14,151,5031,'2019款 180TURBO CVT耀享版','2019款',4,0);
insert into t_car_series(cs_id,cb_id,cbf_id,cs_name,cs_order,cs_letter) values(4809,14,151,'INSPIRE',561,'I');
insert into t_car_model(cm_id ,cb_id,cbf_id, cs_id , cm_name,cm_type ,cm_order , cm_state) values(36361,14,151,4809,'2019款 260TURBO 典雅版 国V','2019款',1,0);
insert into t_car_model(cm_id ,cb_id,cbf_id, cs_id , cm_name,cm_type ,cm_order , cm_state) values(36460,14,151,4809,'2019款 260TURBO 典雅版 国VI','2019款',2,0);
insert into t_car_model(cm_id ,cb_id,cbf_id, cs_id , cm_name,cm_type ,cm_order , cm_state) values(36362,14,151,4809,'2019款 260TURBO 精致版 国V','2019款',3,0);
insert into t_car_model(cm_id ,cb_id,cbf_id, cs_id , cm_name,cm_type ,cm_order , cm_state) values(36461,14,151,4809,'2019款 260TURBO 精致版 国VI','2019款',4,0);
insert into t_car_model(cm_id ,cb_id,cbf_id, cs_id , cm_name,cm_type ,cm_order , cm_state) values(36299,14,151,4809,'2019款 260TURBO 精悦版 国V','2019款',5,0);
insert into t_car_model(cm_id ,cb_id,cbf_id, cs_id , cm_name,cm_type ,cm_order , cm_state) values(36462,14,151,4809,'2019款 260TURBO 精悦版 国VI','2019款',6,0);
insert into t_car_model(cm_id ,cb_id,cbf_id, cs_id , cm_name,cm_type ,cm_order , cm_state) values(35772,14,151,4809,'2019款 260TURBO 精耀版 国V','2019款',7,0);
insert into t_car_model(cm_id ,cb_id,cbf_id, cs_id , cm_name,cm_type ,cm_order , cm_state) values(36463,14,151,4809,'2019款 260TURBO 精耀版 国VI','2019款',8,0);
insert into t_car_model(cm_id ,cb_id,cbf_id, cs_id , cm_name,cm_type ,cm_order , cm_state) values(36464,14,151,4809,'2019款 锐・混动 2.0L 净雅版 国V','2019款',9,0);
insert into t_car_model(cm_id ,cb_id,cbf_id, cs_id , cm_name,cm_type ,cm_order , cm_state) values(36467,14,151,4809,'2019款 锐・混动 2.0L 净雅版 国VI','2019款',10,0);
insert into t_car_model(cm_id ,cb_id,cbf_id, cs_id , cm_name,cm_type ,cm_order , cm_state) values(36465,14,151,4809,'2019款 锐・混动 2.0L 净尚版 国V','2019款',11,0);
insert into t_car_model(cm_id ,cb_id,cbf_id, cs_id , cm_name,cm_type ,cm_order , cm_state) values(36468,14,151,4809,'2019款 锐・混动 2.0L 净尚版 国VI','2019款',12,0);
insert into t_car_model(cm_id ,cb_id,cbf_id, cs_id , cm_name,cm_type ,cm_order , cm_state) values(35773,14,151,4809,'2019款  锐・混动 2.0L 净越版 国V','2019款',13,0);
insert into t_car_model(cm_id ,cb_id,cbf_id, cs_id , cm_name,cm_type ,cm_order , cm_state) values(36466,14,151,4809,'2019款 锐・混动 2.0L 净越版 国VI','2019款',14,0);
insert into t_car_series(cs_id,cb_id,cbf_id,cs_name,cs_order,cs_letter) values(3582,14,151,'本田XR-V',562,'B');
insert into t_car_model(cm_id ,cb_id,cbf_id, cs_id , cm_name,cm_type ,cm_order , cm_state) values(40643,14,151,3582,'2019款 1.5L 手动经典版 国V','2019款',1,0);
insert into t_car_model(cm_id ,cb_id,cbf_id, cs_id , cm_name,cm_type ,cm_order , cm_state) values(40644,14,151,3582,'2019款 1.5L 手动经典版 国VI','2019款',2,0);
insert into t_car_model(cm_id ,cb_id,cbf_id, cs_id , cm_name,cm_type ,cm_order , cm_state) values(40645,14,151,3582,'2019款 1.5L CVT经典版 国V','2019款',3,0);
insert into t_car_model(cm_id ,cb_id,cbf_id, cs_id , cm_name,cm_type ,cm_order , cm_state) values(40646,14,151,3582,'2019款 1.5L CVT经典版 国VI','2019款',4,0);
insert into t_car_model(cm_id ,cb_id,cbf_id, cs_id , cm_name,cm_type ,cm_order , cm_state) values(40647,14,151,3582,'2019款 1.5L CVT舒适版 国V','2019款',5,0);
insert into t_car_model(cm_id ,cb_id,cbf_id, cs_id , cm_name,cm_type ,cm_order , cm_state) values(40648,14,151,3582,'2019款 1.5L CVT舒适版 国VI','2019款',6,0);
insert into t_car_model(cm_id ,cb_id,cbf_id, cs_id , cm_name,cm_type ,cm_order , cm_state) values(40649,14,151,3582,'2019款 1.5L CVT豪华版 国V','2019款',7,0);
insert into t_car_model(cm_id ,cb_id,cbf_id, cs_id , cm_name,cm_type ,cm_order , cm_state) values(40650,14,151,3582,'2019款 1.5L CVT豪华版 国VI','2019款',8,0);
insert into t_car_model(cm_id ,cb_id,cbf_id, cs_id , cm_name,cm_type ,cm_order , cm_state) values(40651,14,151,3582,'2019款 220 TURBO CVT舒适版 国V','2019款',9,0);
insert into t_car_model(cm_id ,cb_id,cbf_id, cs_id , cm_name,cm_type ,cm_order , cm_state) values(40652,14,151,3582,'2019款 220 TURBO CVT舒适版 国VI','2019款',10,0);
insert into t_car_model(cm_id ,cb_id,cbf_id, cs_id , cm_name,cm_type ,cm_order , cm_state) values(40653,14,151,3582,'2019款 220 TURBO CVT豪华版 国V','2019款',11,0);
insert into t_car_model(cm_id ,cb_id,cbf_id, cs_id , cm_name,cm_type ,cm_order , cm_state) values(40654,14,151,3582,'2019款 220 TURBO CVT豪华版 国VI','2019款',12,0);
insert into t_car_model(cm_id ,cb_id,cbf_id, cs_id , cm_name,cm_type ,cm_order , cm_state) values(40655,14,151,3582,'2019款 220 TURBO CVT旗舰版 国V','2019款',13,0);
insert into t_car_model(cm_id ,cb_id,cbf_id, cs_id , cm_name,cm_type ,cm_order , cm_state) values(40192,14,151,3582,'2019款 220 TURBO CVT旗舰版 国VI','2019款',14,0);
insert into t_car_model(cm_id ,cb_id,cbf_id, cs_id , cm_name,cm_type ,cm_order , cm_state) values(29140,14,151,3582,'2017款 1.5L LXi 手动经典版','2017款',1,0);
insert into t_car_model(cm_id ,cb_id,cbf_id, cs_id , cm_name,cm_type ,cm_order , cm_state) values(29141,14,151,3582,'2017款 1.5L LXi CVT经典版','2017款',2,0);
insert into t_car_model(cm_id ,cb_id,cbf_id, cs_id , cm_name,cm_type ,cm_order , cm_state) values(29142,14,151,3582,'2017款 1.8L EXi 手动舒适版','2017款',3,0);
insert into t_car_model(cm_id ,cb_id,cbf_id, cs_id , cm_name,cm_type ,cm_order , cm_state) values(29143,14,151,3582,'2017款 1.8L EXi CVT舒适版','2017款',4,0);
insert into t_car_model(cm_id ,cb_id,cbf_id, cs_id , cm_name,cm_type ,cm_order , cm_state) values(29144,14,151,3582,'2017款 1.8L VTi CVT豪华版','2017款',5,0);
insert into t_car_model(cm_id ,cb_id,cbf_id, cs_id , cm_name,cm_type ,cm_order , cm_state) values(20916,14,151,3582,'2015款 1.5L LXi 手动经典版','2015款',1,0);
insert into t_car_model(cm_id ,cb_id,cbf_id, cs_id , cm_name,cm_type ,cm_order , cm_state) values(20917,14,151,3582,'2015款 1.5L LXi CVT经典版','2015款',2,0);
insert into t_car_model(cm_id ,cb_id,cbf_id, cs_id , cm_name,cm_type ,cm_order , cm_state) values(20081,14,151,3582,'2015款 1.8L EXi 手动舒适版','2015款',3,0);
insert into t_car_model(cm_id ,cb_id,cbf_id, cs_id , cm_name,cm_type ,cm_order , cm_state) values(20871,14,151,3582,'2015款 1.8L EXi  CVT舒适版','2015款',4,0);
insert into t_car_model(cm_id ,cb_id,cbf_id, cs_id , cm_name,cm_type ,cm_order , cm_state) values(20870,14,151,3582,'2015款 1.8L VTi CVT豪华版','2015款',5,0);
insert into t_car_series(cs_id,cb_id,cbf_id,cs_name,cs_order,cs_letter) values(314,14,151,'本田CR-V',563,'B');
insert into t_car_model(cm_id ,cb_id,cbf_id, cs_id , cm_name,cm_type ,cm_order , cm_state) values(42645,14,151,314,'2020款 耀目版 240TURBO 手动两驱经典版','2020款',1,0);
insert into t_car_model(cm_id ,cb_id,cbf_id, cs_id , cm_name,cm_type ,cm_order , cm_state) values(42646,14,151,314,'2020款 耀目版 240TURBO CVT两驱舒适版','2020款',2,0);
insert into t_car_model(cm_id ,cb_id,cbf_id, cs_id , cm_name,cm_type ,cm_order , cm_state) values(42647,14,151,314,'2020款 耀目版 240TURBO CVT两驱都市版','2020款',3,0);
insert into t_car_model(cm_id ,cb_id,cbf_id, cs_id , cm_name,cm_type ,cm_order , cm_state) values(42648,14,151,314,'2020款 耀目版plus 240TURBO CVT两驱风尚版','2020款',4,0);
insert into t_car_model(cm_id ,cb_id,cbf_id, cs_id , cm_name,cm_type ,cm_order , cm_state) values(42649,14,151,314,'2020款 耀目版plus 240TURBO CVT四驱豪华版','2020款',5,0);
insert into t_car_model(cm_id ,cb_id,cbf_id, cs_id , cm_name,cm_type ,cm_order , cm_state) values(36243,14,151,314,'2019款 240TURBO CVT四驱尊贵版 国V','2019款',1,0);
insert into t_car_model(cm_id ,cb_id,cbf_id, cs_id , cm_name,cm_type ,cm_order , cm_state) values(36260,14,151,314,'2019款 240TURBO CVT四驱尊贵版 国VI','2019款',2,0);
insert into t_car_model(cm_id ,cb_id,cbf_id, cs_id , cm_name,cm_type ,cm_order , cm_state) values(36244,14,151,314,'2019款 240TURBO CVT四驱尊耀版 国V','2019款',3,0);
insert into t_car_model(cm_id ,cb_id,cbf_id, cs_id , cm_name,cm_type ,cm_order , cm_state) values(36261,14,151,314,'2019款 240TURBO CVT四驱尊耀版 国VI','2019款',4,0);
insert into t_car_model(cm_id ,cb_id,cbf_id, cs_id , cm_name,cm_type ,cm_order , cm_state) values(36144,14,151,314,'2019款 锐・混动 2.0L 两驱净速版 国V','2019款',5,0);
insert into t_car_model(cm_id ,cb_id,cbf_id, cs_id , cm_name,cm_type ,cm_order , cm_state) values(36148,14,151,314,'2019款 锐・混动 2.0L 两驱净速版 国VI','2019款',6,0);
insert into t_car_model(cm_id ,cb_id,cbf_id, cs_id , cm_name,cm_type ,cm_order , cm_state) values(36145,14,151,314,'2019款 锐・混动 2.0L 两驱净驰版 国V','2019款',7,0);
insert into t_car_model(cm_id ,cb_id,cbf_id, cs_id , cm_name,cm_type ,cm_order , cm_state) values(36149,14,151,314,'2019款 锐・混动 2.0L 两驱净驰版 国VI','2019款',8,0);
insert into t_car_model(cm_id ,cb_id,cbf_id, cs_id , cm_name,cm_type ,cm_order , cm_state) values(36146,14,151,314,'2019款 锐・混动 2.0L 两驱净致版 国V','2019款',9,0);
insert into t_car_model(cm_id ,cb_id,cbf_id, cs_id , cm_name,cm_type ,cm_order , cm_state) values(36150,14,151,314,'2019款 锐・混动 2.0L 两驱净致版 国VI','2019款',10,0);
insert into t_car_model(cm_id ,cb_id,cbf_id, cs_id , cm_name,cm_type ,cm_order , cm_state) values(36147,14,151,314,'2019款 锐・混动 2.0L 四驱净享版 国V','2019款',11,0);
insert into t_car_model(cm_id ,cb_id,cbf_id, cs_id , cm_name,cm_type ,cm_order , cm_state) values(36151,14,151,314,'2019款 锐・混动 2.0L 四驱净享版 国VI','2019款',12,0);
insert into t_car_model(cm_id ,cb_id,cbf_id, cs_id , cm_name,cm_type ,cm_order , cm_state) values(36238,14,151,314,'2019款 240TURBO 手动两驱经典版 国V','2019款',13,0);
insert into t_car_model(cm_id ,cb_id,cbf_id, cs_id , cm_name,cm_type ,cm_order , cm_state) values(36239,14,151,314,'2019款 240TURBO CVT两驱舒适版 国V','2019款',14,0);
insert into t_car_model(cm_id ,cb_id,cbf_id, cs_id , cm_name,cm_type ,cm_order , cm_state) values(36256,14,151,314,'2019款 240TURBO CVT两驱舒适版 国VI','2019款',15,0);
insert into t_car_model(cm_id ,cb_id,cbf_id, cs_id , cm_name,cm_type ,cm_order , cm_state) values(36240,14,151,314,'2019款 240TURBO CVT两驱都市版 国V','2019款',16,0);
insert into t_car_model(cm_id ,cb_id,cbf_id, cs_id , cm_name,cm_type ,cm_order , cm_state) values(36257,14,151,314,'2019款 240TURBO CVT两驱都市版 国VI','2019款',17,0);
insert into t_car_model(cm_id ,cb_id,cbf_id, cs_id , cm_name,cm_type ,cm_order , cm_state) values(36241,14,151,314,'2019款 240TURBO CVT两驱风尚版 国V','2019款',18,0);
insert into t_car_model(cm_id ,cb_id,cbf_id, cs_id , cm_name,cm_type ,cm_order , cm_state) values(36258,14,151,314,'2019款 240TURBO CVT两驱风尚版 国VI','2019款',19,0);
insert into t_car_model(cm_id ,cb_id,cbf_id, cs_id , cm_name,cm_type ,cm_order , cm_state) values(36242,14,151,314,'2019款 240TURBO CVT四驱豪华版 国V','2019款',20,0);
insert into t_car_model(cm_id ,cb_id,cbf_id, cs_id , cm_name,cm_type ,cm_order , cm_state) values(36259,14,151,314,'2019款 240TURBO CVT四驱豪华版 国VI','2019款',21,0);
insert into t_car_model(cm_id ,cb_id,cbf_id, cs_id , cm_name,cm_type ,cm_order , cm_state) values(35109,14,151,314,'2018款 240TURBO 手动两驱经典版','2018款',1,0);
insert into t_car_model(cm_id ,cb_id,cbf_id, cs_id , cm_name,cm_type ,cm_order , cm_state) values(35110,14,151,314,'2018款 240TURBO CVT两驱舒适版','2018款',2,0);
insert into t_car_model(cm_id ,cb_id,cbf_id, cs_id , cm_name,cm_type ,cm_order , cm_state) values(30945,14,151,314,'2017款 240TURBO 手动两驱经典版','2017款',1,0);
insert into t_car_model(cm_id ,cb_id,cbf_id, cs_id , cm_name,cm_type ,cm_order , cm_state) values(30946,14,151,314,'2017款 240TURBO CVT两驱舒适版','2017款',2,0);
insert into t_car_model(cm_id ,cb_id,cbf_id, cs_id , cm_name,cm_type ,cm_order , cm_state) values(30947,14,151,314,'2017款 240TURBO CVT两驱都市版','2017款',3,0);
insert into t_car_model(cm_id ,cb_id,cbf_id, cs_id , cm_name,cm_type ,cm_order , cm_state) values(30948,14,151,314,'2017款 240TURBO CVT两驱风尚版','2017款',4,0);
insert into t_car_model(cm_id ,cb_id,cbf_id, cs_id , cm_name,cm_type ,cm_order , cm_state) values(30949,14,151,314,'2017款 240TURBO CVT四驱豪华版','2017款',5,0);
insert into t_car_model(cm_id ,cb_id,cbf_id, cs_id , cm_name,cm_type ,cm_order , cm_state) values(30950,14,151,314,'2017款 240TURBO CVT四驱尊贵版','2017款',6,0);
insert into t_car_model(cm_id ,cb_id,cbf_id, cs_id , cm_name,cm_type ,cm_order , cm_state) values(30951,14,151,314,'2017款 240TURBO CVT四驱尊耀版','2017款',7,0);
insert into t_car_model(cm_id ,cb_id,cbf_id, cs_id , cm_name,cm_type ,cm_order , cm_state) values(30975,14,151,314,'2017款 混动 2.0L 净速版','2017款',8,0);
insert into t_car_model(cm_id ,cb_id,cbf_id, cs_id , cm_name,cm_type ,cm_order , cm_state) values(30976,14,151,314,'2017款 混动 2.0L 净驰版','2017款',9,0);
insert into t_car_model(cm_id ,cb_id,cbf_id, cs_id , cm_name,cm_type ,cm_order , cm_state) values(30977,14,151,314,'2017款 混动 2.0L 净致版','2017款',10,0);
insert into t_car_model(cm_id ,cb_id,cbf_id, cs_id , cm_name,cm_type ,cm_order , cm_state) values(25647,14,151,314,'2016款 2.0L 两驱经典版','2016款',1,0);
insert into t_car_model(cm_id ,cb_id,cbf_id, cs_id , cm_name,cm_type ,cm_order , cm_state) values(25648,14,151,314,'2016款 2.0L 两驱都市版','2016款',2,0);
insert into t_car_model(cm_id ,cb_id,cbf_id, cs_id , cm_name,cm_type ,cm_order , cm_state) values(22518,14,151,314,'2015款 2.0L 两驱经典版','2015款',1,0);
insert into t_car_model(cm_id ,cb_id,cbf_id, cs_id , cm_name,cm_type ,cm_order , cm_state) values(22270,14,151,314,'2015款 2.0L 两驱都市版','2015款',2,0);
insert into t_car_model(cm_id ,cb_id,cbf_id, cs_id , cm_name,cm_type ,cm_order , cm_state) values(22373,14,151,314,'2015款 2.0L 两驱风尚版','2015款',3,0);
insert into t_car_model(cm_id ,cb_id,cbf_id, cs_id , cm_name,cm_type ,cm_order , cm_state) values(22374,14,151,314,'2015款 2.0L 四驱风尚版','2015款',4,0);
insert into t_car_model(cm_id ,cb_id,cbf_id, cs_id , cm_name,cm_type ,cm_order , cm_state) values(22375,14,151,314,'2015款 2.4L 两驱豪华版','2015款',5,0);
insert into t_car_model(cm_id ,cb_id,cbf_id, cs_id , cm_name,cm_type ,cm_order , cm_state) values(22376,14,151,314,'2015款 2.4L 四驱豪华版','2015款',6,0);
insert into t_car_model(cm_id ,cb_id,cbf_id, cs_id , cm_name,cm_type ,cm_order , cm_state) values(22378,14,151,314,'2015款 2.4L 四驱尊贵版','2015款',7,0);
insert into t_car_model(cm_id ,cb_id,cbf_id, cs_id , cm_name,cm_type ,cm_order , cm_state) values(15962,14,151,314,'2013款 2.0L 两驱经典版','2013款',1,0);
insert into t_car_model(cm_id ,cb_id,cbf_id, cs_id , cm_name,cm_type ,cm_order , cm_state) values(20614,14,151,314,'2013款 2.0L 四驱经典版','2013款',2,0);
insert into t_car_model(cm_id ,cb_id,cbf_id, cs_id , cm_name,cm_type ,cm_order , cm_state) values(15963,14,151,314,'2013款 2.4L 两驱豪华版','2013款',3,0);
insert into t_car_model(cm_id ,cb_id,cbf_id, cs_id , cm_name,cm_type ,cm_order , cm_state) values(20619,14,151,314,'2013款 2.4L 四驱豪华版','2013款',4,0);
insert into t_car_model(cm_id ,cb_id,cbf_id, cs_id , cm_name,cm_type ,cm_order , cm_state) values(20622,14,151,314,'2013款 2.4L 四驱尊贵版','2013款',5,0);
insert into t_car_model(cm_id ,cb_id,cbf_id, cs_id , cm_name,cm_type ,cm_order , cm_state) values(20623,14,151,314,'2013款 2.4L 四驱尊贵导航版','2013款',6,0);
insert into t_car_model(cm_id ,cb_id,cbf_id, cs_id , cm_name,cm_type ,cm_order , cm_state) values(12076,14,151,314,'2012款 2.0L 两驱都市版','2012款',1,0);
insert into t_car_model(cm_id ,cb_id,cbf_id, cs_id , cm_name,cm_type ,cm_order , cm_state) values(12065,14,151,314,'2012款 2.0L 四驱经典版','2012款',2,0);
insert into t_car_model(cm_id ,cb_id,cbf_id, cs_id , cm_name,cm_type ,cm_order , cm_state) values(12031,14,151,314,'2012款 2.4L 四驱豪华版','2012款',3,0);
insert into t_car_model(cm_id ,cb_id,cbf_id, cs_id , cm_name,cm_type ,cm_order , cm_state) values(12077,14,151,314,'2012款 2.4L 四驱尊贵版','2012款',4,0);
insert into t_car_model(cm_id ,cb_id,cbf_id, cs_id , cm_name,cm_type ,cm_order , cm_state) values(12078,14,151,314,'2012款 2.4L 四驱尊贵导航版','2012款',5,0);
insert into t_car_model(cm_id ,cb_id,cbf_id, cs_id , cm_name,cm_type ,cm_order , cm_state) values(7249,14,151,314,'2010款 2.0L 手动两驱都市版','2010款',1,0);
insert into t_car_model(cm_id ,cb_id,cbf_id, cs_id , cm_name,cm_type ,cm_order , cm_state) values(7250,14,151,314,'2010款 2.0L 自动两驱都市版','2010款',2,0);
insert into t_car_model(cm_id ,cb_id,cbf_id, cs_id , cm_name,cm_type ,cm_order , cm_state) values(7251,14,151,314,'2010款 2.0L 自动四驱经典版','2010款',3,0);
insert into t_car_model(cm_id ,cb_id,cbf_id, cs_id , cm_name,cm_type ,cm_order , cm_state) values(7252,14,151,314,'2010款 2.4L 自动四驱豪华版','2010款',4,0);
insert into t_car_model(cm_id ,cb_id,cbf_id, cs_id , cm_name,cm_type ,cm_order , cm_state) values(7253,14,151,314,'2010款 2.4L 自动四驱尊贵版','2010款',5,0);
insert into t_car_model(cm_id ,cb_id,cbf_id, cs_id , cm_name,cm_type ,cm_order , cm_state) values(7254,14,151,314,'2010款 2.4L 自动四驱尊贵导航版','2010款',6,0);
insert into t_car_model(cm_id ,cb_id,cbf_id, cs_id , cm_name,cm_type ,cm_order , cm_state) values(4330,14,151,314,'2008款 2.0L 手动两驱都市版','2008款',1,0);
insert into t_car_model(cm_id ,cb_id,cbf_id, cs_id , cm_name,cm_type ,cm_order , cm_state) values(3764,14,151,314,'2008款 2.0L 自动两驱都市版','2008款',2,0);
insert into t_car_model(cm_id ,cb_id,cbf_id, cs_id , cm_name,cm_type ,cm_order , cm_state) values(3448,14,151,314,'2007款 2.0L 手动四驱经典版','2007款',1,0);
insert into t_car_model(cm_id ,cb_id,cbf_id, cs_id , cm_name,cm_type ,cm_order , cm_state) values(2974,14,151,314,'2007款 2.0L 自动四驱经典版','2007款',2,0);
insert into t_car_model(cm_id ,cb_id,cbf_id, cs_id , cm_name,cm_type ,cm_order , cm_state) values(3449,14,151,314,'2007款 2.4L 手动四驱豪华版','2007款',3,0);
insert into t_car_model(cm_id ,cb_id,cbf_id, cs_id , cm_name,cm_type ,cm_order , cm_state) values(2975,14,151,314,'2007款 2.4L 自动四驱豪华版','2007款',4,0);
insert into t_car_model(cm_id ,cb_id,cbf_id, cs_id , cm_name,cm_type ,cm_order , cm_state) values(2976,14,151,314,'2007款 2.4L 自动四驱尊贵版','2007款',5,0);
insert into t_car_model(cm_id ,cb_id,cbf_id, cs_id , cm_name,cm_type ,cm_order , cm_state) values(1824,14,151,314,'2005款 2.0L 手动','2005款',1,0);
insert into t_car_model(cm_id ,cb_id,cbf_id, cs_id , cm_name,cm_type ,cm_order , cm_state) values(1626,14,151,314,'2005款 2.0L 自动','2005款',2,0);
insert into t_car_model(cm_id ,cb_id,cbf_id, cs_id , cm_name,cm_type ,cm_order , cm_state) values(1825,14,151,314,'2005款 2.4L 手动','2005款',3,0);
insert into t_car_model(cm_id ,cb_id,cbf_id, cs_id , cm_name,cm_type ,cm_order , cm_state) values(1627,14,151,314,'2005款 2.4L 自动','2005款',4,0);
insert into t_car_model(cm_id ,cb_id,cbf_id, cs_id , cm_name,cm_type ,cm_order , cm_state) values(1192,14,151,314,'2004款 2.0L','2004款',1,0);
insert into t_car_series(cs_id,cb_id,cbf_id,cs_name,cs_order,cs_letter) values(4304,14,151,'本田UR-V',564,'B');
insert into t_car_model(cm_id ,cb_id,cbf_id, cs_id , cm_name,cm_type ,cm_order , cm_state) values(29666,14,151,4304,'2017款 240TURBO 两驱经典版','2017款',1,0);
insert into t_car_model(cm_id ,cb_id,cbf_id, cs_id , cm_name,cm_type ,cm_order , cm_state) values(29667,14,151,4304,'2017款 240TURBO 两驱豪华版','2017款',2,0);
insert into t_car_model(cm_id ,cb_id,cbf_id, cs_id , cm_name,cm_type ,cm_order , cm_state) values(29665,14,151,4304,'2017款 370TURBO 两驱尊贵版','2017款',3,0);
insert into t_car_model(cm_id ,cb_id,cbf_id, cs_id , cm_name,cm_type ,cm_order , cm_state) values(29254,14,151,4304,'2017款 370TURBO 四驱尊享版','2017款',4,0);
insert into t_car_model(cm_id ,cb_id,cbf_id, cs_id , cm_name,cm_type ,cm_order , cm_state) values(29664,14,151,4304,'2017款 370TURBO 四驱尊耀版','2017款',5,0);
insert into t_car_series(cs_id,cb_id,cbf_id,cs_name,cs_order,cs_letter) values(2565,14,151,'艾力绅',565,'A');
insert into t_car_model(cm_id ,cb_id,cbf_id, cs_id , cm_name,cm_type ,cm_order , cm_state) values(41795,14,151,2565,'2019款 2.0L 混动舒适版','2019款',1,0);
insert into t_car_model(cm_id ,cb_id,cbf_id, cs_id , cm_name,cm_type ,cm_order , cm_state) values(41796,14,151,2565,'2019款 2.0L 混动豪华版','2019款',2,0);
insert into t_car_model(cm_id ,cb_id,cbf_id, cs_id , cm_name,cm_type ,cm_order , cm_state) values(41410,14,151,2565,'2019款 2.0L 混动至尊版','2019款',3,0);
insert into t_car_model(cm_id ,cb_id,cbf_id, cs_id , cm_name,cm_type ,cm_order , cm_state) values(24851,14,151,2565,'2016款 2.4L 经典版','2016款',1,0);
insert into t_car_model(cm_id ,cb_id,cbf_id, cs_id , cm_name,cm_type ,cm_order , cm_state) values(24852,14,151,2565,'2016款 2.4L 舒适版','2016款',2,0);
insert into t_car_model(cm_id ,cb_id,cbf_id, cs_id , cm_name,cm_type ,cm_order , cm_state) values(24853,14,151,2565,'2016款 2.4L 风尚版','2016款',3,0);
insert into t_car_model(cm_id ,cb_id,cbf_id, cs_id , cm_name,cm_type ,cm_order , cm_state) values(24854,14,151,2565,'2016款 2.4L 豪华版','2016款',4,0);
insert into t_car_model(cm_id ,cb_id,cbf_id, cs_id , cm_name,cm_type ,cm_order , cm_state) values(24680,14,151,2565,'2016款 2.4L 至尊版','2016款',5,0);
insert into t_car_model(cm_id ,cb_id,cbf_id, cs_id , cm_name,cm_type ,cm_order , cm_state) values(21465,14,151,2565,'2015款 2.4L VTi舒适版','2015款',1,0);
insert into t_car_model(cm_id ,cb_id,cbf_id, cs_id , cm_name,cm_type ,cm_order , cm_state) values(21466,14,151,2565,'2015款 2.4L VTi豪华版','2015款',2,0);
insert into t_car_model(cm_id ,cb_id,cbf_id, cs_id , cm_name,cm_type ,cm_order , cm_state) values(21467,14,151,2565,'2015款 2.4L VTi-S尊贵版','2015款',3,0);
insert into t_car_model(cm_id ,cb_id,cbf_id, cs_id , cm_name,cm_type ,cm_order , cm_state) values(13041,14,151,2565,'2012款 2.4L VTi舒适版','2012款',1,0);
insert into t_car_model(cm_id ,cb_id,cbf_id, cs_id , cm_name,cm_type ,cm_order , cm_state) values(11399,14,151,2565,'2012款 2.4L VTi豪华版','2012款',2,0);
insert into t_car_model(cm_id ,cb_id,cbf_id, cs_id , cm_name,cm_type ,cm_order , cm_state) values(15608,14,151,2565,'2012款 2.4L VTi豪华导航版','2012款',3,0);
insert into t_car_model(cm_id ,cb_id,cbf_id, cs_id , cm_name,cm_type ,cm_order , cm_state) values(13042,14,151,2565,'2012款 2.4L VTi-S尊贵版','2012款',4,0);
insert into t_car_model(cm_id ,cb_id,cbf_id, cs_id , cm_name,cm_type ,cm_order , cm_state) values(15609,14,151,2565,'2012款 2.4L VTi-S尊贵导航版','2012款',5,0);
insert into t_car_series(cs_id,cb_id,cbf_id,cs_name,cs_order,cs_letter) values(859,14,151,'思铂睿',566,'S');
insert into t_car_model(cm_id ,cb_id,cbf_id, cs_id , cm_name,cm_type ,cm_order , cm_state) values(28951,14,151,859,'2017款 2.0L 经典版','2017款',1,0);
insert into t_car_model(cm_id ,cb_id,cbf_id, cs_id , cm_name,cm_type ,cm_order , cm_state) values(28952,14,151,859,'2017款 2.0L 舒适版','2017款',2,0);
insert into t_car_model(cm_id ,cb_id,cbf_id, cs_id , cm_name,cm_type ,cm_order , cm_state) values(28953,14,151,859,'2017款 2.4L 豪华版','2017款',3,0);
insert into t_car_model(cm_id ,cb_id,cbf_id, cs_id , cm_name,cm_type ,cm_order , cm_state) values(28954,14,151,859,'2017款 2.4L Si','2017款',4,0);
insert into t_car_model(cm_id ,cb_id,cbf_id, cs_id , cm_name,cm_type ,cm_order , cm_state) values(28950,14,151,859,'2017款 混动 2.0L 净驰版','2017款',5,0);
insert into t_car_model(cm_id ,cb_id,cbf_id, cs_id , cm_name,cm_type ,cm_order , cm_state) values(28585,14,151,859,'2017款 混动 2.0L 净致版','2017款',6,0);
insert into t_car_model(cm_id ,cb_id,cbf_id, cs_id , cm_name,cm_type ,cm_order , cm_state) values(20139,14,151,859,'2015款 2.0L 豪华版','2015款',1,0);
insert into t_car_model(cm_id ,cb_id,cbf_id, cs_id , cm_name,cm_type ,cm_order , cm_state) values(20141,14,151,859,'2015款 2.0L 尊贵版','2015款',2,0);
insert into t_car_model(cm_id ,cb_id,cbf_id, cs_id , cm_name,cm_type ,cm_order , cm_state) values(20142,14,151,859,'2015款 2.0L 典藏版','2015款',3,0);
insert into t_car_model(cm_id ,cb_id,cbf_id, cs_id , cm_name,cm_type ,cm_order , cm_state) values(20143,14,151,859,'2015款 2.4L 豪华版','2015款',4,0);
insert into t_car_model(cm_id ,cb_id,cbf_id, cs_id , cm_name,cm_type ,cm_order , cm_state) values(20144,14,151,859,'2015款 2.4L 尊贵版','2015款',5,0);
insert into t_car_model(cm_id ,cb_id,cbf_id, cs_id , cm_name,cm_type ,cm_order , cm_state) values(24126,14,151,859,'2015款 2.4L 尊耀版','2015款',6,0);
insert into t_car_model(cm_id ,cb_id,cbf_id, cs_id , cm_name,cm_type ,cm_order , cm_state) values(20041,14,151,859,'2015款 2.4L Si','2015款',7,0);
insert into t_car_model(cm_id ,cb_id,cbf_id, cs_id , cm_name,cm_type ,cm_order , cm_state) values(14498,14,151,859,'2013款 2.0L 豪华版','2013款',1,0);
insert into t_car_model(cm_id ,cb_id,cbf_id, cs_id , cm_name,cm_type ,cm_order , cm_state) values(14499,14,151,859,'2013款 2.0L 尊贵版','2013款',2,0);
insert into t_car_model(cm_id ,cb_id,cbf_id, cs_id , cm_name,cm_type ,cm_order , cm_state) values(14500,14,151,859,'2013款 2.4L 豪华版','2013款',3,0);
insert into t_car_model(cm_id ,cb_id,cbf_id, cs_id , cm_name,cm_type ,cm_order , cm_state) values(14501,14,151,859,'2013款 2.4L 尊贵版','2013款',4,0);
insert into t_car_model(cm_id ,cb_id,cbf_id, cs_id , cm_name,cm_type ,cm_order , cm_state) values(14435,14,151,859,'2013款 2.4L TYPE-S','2013款',5,0);
insert into t_car_model(cm_id ,cb_id,cbf_id, cs_id , cm_name,cm_type ,cm_order , cm_state) values(5487,14,151,859,'2009款 2.4L 豪华版','2009款',1,0);
insert into t_car_model(cm_id ,cb_id,cbf_id, cs_id , cm_name,cm_type ,cm_order , cm_state) values(5703,14,151,859,'2009款 2.4L 尊贵版','2009款',2,0);
insert into t_car_model(cm_id ,cb_id,cbf_id, cs_id , cm_name,cm_type ,cm_order , cm_state) values(5704,14,151,859,'2009款 2.4L 尊贵导航版','2009款',3,0);
insert into t_car_model(cm_id ,cb_id,cbf_id, cs_id , cm_name,cm_type ,cm_order , cm_state) values(5705,14,151,859,'2009款 2.4L TYPE-S','2009款',4,0);
insert into t_car_model(cm_id ,cb_id,cbf_id, cs_id , cm_name,cm_type ,cm_order , cm_state) values(5706,14,151,859,'2009款 2.4L TYPE-S NAVI','2009款',5,0);
insert into t_car_brand_factory(cbf_id , cb_id , cbf_name ,cbf_letter) values(32,14,'广汽本田','G');
insert into t_car_series(cs_id,cb_id,cbf_id,cs_name,cs_order,cs_letter) values(5393,14,32,'皓影',568,'H');
insert into t_car_model(cm_id ,cb_id,cbf_id, cs_id , cm_name,cm_type ,cm_order , cm_state) values(41230,14,32,5393,'2019款 240TURBO 基本型','2019款',1,0);
insert into t_car_model(cm_id ,cb_id,cbf_id, cs_id , cm_name,cm_type ,cm_order , cm_state) values(42000,14,32,5393,'2019款 锐・混动 基本型','2019款',2,0);
insert into t_car_model(cm_id ,cb_id,cbf_id, cs_id , cm_name,cm_type ,cm_order , cm_state) values(42001,14,32,5393,'2019款 锐・混动 幻夜版','2019款',3,0);
insert into t_car_model(cm_id ,cb_id,cbf_id, cs_id , cm_name,cm_type ,cm_order , cm_state) values(42686,14,32,5393,'2019款 240TURBO 顶配','2019款',4,0);
insert into t_car_model(cm_id ,cb_id,cbf_id, cs_id , cm_name,cm_type ,cm_order , cm_state) values(42687,14,32,5393,'2019款 240TURBO 幻夜版','2019款',5,0);
insert into t_car_model(cm_id ,cb_id,cbf_id, cs_id , cm_name,cm_type ,cm_order , cm_state) values(42688,14,32,5393,'2019款 锐・混动 中配','2019款',6,0);
insert into t_car_series(cs_id,cb_id,cbf_id,cs_name,cs_order,cs_letter) values(81,14,32,'飞度',569,'F');
insert into t_car_model(cm_id ,cb_id,cbf_id, cs_id , cm_name,cm_type ,cm_order , cm_state) values(33278,14,32,81,'2018款 1.5L 手动舒适版','2018款',1,0);
insert into t_car_model(cm_id ,cb_id,cbf_id, cs_id , cm_name,cm_type ,cm_order , cm_state) values(33279,14,32,81,'2018款 1.5L CVT舒适版','2018款',2,0);
insert into t_car_model(cm_id ,cb_id,cbf_id, cs_id , cm_name,cm_type ,cm_order , cm_state) values(33280,14,32,81,'2018款 1.5L CVT舒适天窗版','2018款',3,0);
insert into t_car_model(cm_id ,cb_id,cbf_id, cs_id , cm_name,cm_type ,cm_order , cm_state) values(33281,14,32,81,'2018款 1.5L CVT潮跑版','2018款',4,0);
insert into t_car_model(cm_id ,cb_id,cbf_id, cs_id , cm_name,cm_type ,cm_order , cm_state) values(32842,14,32,81,'2018款 1.5L CVT潮跑+版','2018款',5,0);
insert into t_car_model(cm_id ,cb_id,cbf_id, cs_id , cm_name,cm_type ,cm_order , cm_state) values(33094,14,32,81,'2018款 1.5L CVT豪华版','2018款',6,0);
insert into t_car_model(cm_id ,cb_id,cbf_id, cs_id , cm_name,cm_type ,cm_order , cm_state) values(27276,14,32,81,'2016款 1.5L LX 手动舒适型','2016款',1,0);
insert into t_car_model(cm_id ,cb_id,cbf_id, cs_id , cm_name,cm_type ,cm_order , cm_state) values(27277,14,32,81,'2016款 1.5L LX CVT舒适型','2016款',2,0);
insert into t_car_model(cm_id ,cb_id,cbf_id, cs_id , cm_name,cm_type ,cm_order , cm_state) values(27255,14,32,81,'2016款 1.5L LXS CVT舒适天窗版','2016款',3,0);
insert into t_car_model(cm_id ,cb_id,cbf_id, cs_id , cm_name,cm_type ,cm_order , cm_state) values(27278,14,32,81,'2016款 1.5L SE CVT时尚型','2016款',4,0);
insert into t_car_model(cm_id ,cb_id,cbf_id, cs_id , cm_name,cm_type ,cm_order , cm_state) values(27256,14,32,81,'2016款 1.5L SES CVT时尚天窗版','2016款',5,0);
insert into t_car_model(cm_id ,cb_id,cbf_id, cs_id , cm_name,cm_type ,cm_order , cm_state) values(27279,14,32,81,'2016款 1.5L EX CVT精英型','2016款',6,0);
insert into t_car_model(cm_id ,cb_id,cbf_id, cs_id , cm_name,cm_type ,cm_order , cm_state) values(27281,14,32,81,'2016款 1.5L EXLI CVT领先型','2016款',7,0);
insert into t_car_model(cm_id ,cb_id,cbf_id, cs_id , cm_name,cm_type ,cm_order , cm_state) values(19116,14,32,81,'2014款 1.5L LX 手动舒适型','2014款',1,0);
insert into t_car_model(cm_id ,cb_id,cbf_id, cs_id , cm_name,cm_type ,cm_order , cm_state) values(19117,14,32,81,'2014款 1.5L LX CVT舒适型','2014款',2,0);
insert into t_car_model(cm_id ,cb_id,cbf_id, cs_id , cm_name,cm_type ,cm_order , cm_state) values(19119,14,32,81,'2014款 1.5L SE CVT时尚型','2014款',3,0);
insert into t_car_model(cm_id ,cb_id,cbf_id, cs_id , cm_name,cm_type ,cm_order , cm_state) values(19120,14,32,81,'2014款 1.5L EX CVT精英型','2014款',4,0);
insert into t_car_model(cm_id ,cb_id,cbf_id, cs_id , cm_name,cm_type ,cm_order , cm_state) values(18903,14,32,81,'2014款 1.5L EXLI CVT领先型','2014款',5,0);
insert into t_car_model(cm_id ,cb_id,cbf_id, cs_id , cm_name,cm_type ,cm_order , cm_state) values(9660,14,32,81,'2011款 1.3L 手动舒适版','2011款',1,0);
insert into t_car_model(cm_id ,cb_id,cbf_id, cs_id , cm_name,cm_type ,cm_order , cm_state) values(9661,14,32,81,'2011款 1.3L 自动舒适版','2011款',2,0);
insert into t_car_model(cm_id ,cb_id,cbf_id, cs_id , cm_name,cm_type ,cm_order , cm_state) values(9662,14,32,81,'2011款 1.5L 手动豪华版','2011款',3,0);
insert into t_car_model(cm_id ,cb_id,cbf_id, cs_id , cm_name,cm_type ,cm_order , cm_state) values(9663,14,32,81,'2011款 1.5L 自动豪华版','2011款',4,0);
insert into t_car_model(cm_id ,cb_id,cbf_id, cs_id , cm_name,cm_type ,cm_order , cm_state) values(9203,14,32,81,'2011款 1.5L 自动全景天窗版','2011款',5,0);
insert into t_car_model(cm_id ,cb_id,cbf_id, cs_id , cm_name,cm_type ,cm_order , cm_state) values(4006,14,32,81,'2008款 1.3L 手动舒适版','2008款',1,0);
insert into t_car_model(cm_id ,cb_id,cbf_id, cs_id , cm_name,cm_type ,cm_order , cm_state) values(4007,14,32,81,'2008款 1.3L 自动舒适版','2008款',2,0);
insert into t_car_model(cm_id ,cb_id,cbf_id, cs_id , cm_name,cm_type ,cm_order , cm_state) values(4008,14,32,81,'2008款 1.5L 手动豪华版','2008款',3,0);
insert into t_car_model(cm_id ,cb_id,cbf_id, cs_id , cm_name,cm_type ,cm_order , cm_state) values(4009,14,32,81,'2008款 1.5L 自动豪华版','2008款',4,0);
insert into t_car_model(cm_id ,cb_id,cbf_id, cs_id , cm_name,cm_type ,cm_order , cm_state) values(4010,14,32,81,'2008款 1.5L 自动炫酷运动版','2008款',5,0);
insert into t_car_model(cm_id ,cb_id,cbf_id, cs_id , cm_name,cm_type ,cm_order , cm_state) values(3259,14,32,81,'2007款 1.3L 手动标准版','2007款',1,0);
insert into t_car_model(cm_id ,cb_id,cbf_id, cs_id , cm_name,cm_type ,cm_order , cm_state) values(3260,14,32,81,'2007款 1.3L CVT舒适版','2007款',2,0);
insert into t_car_model(cm_id ,cb_id,cbf_id, cs_id , cm_name,cm_type ,cm_order , cm_state) values(3261,14,32,81,'2007款 1.5L 手动标准版','2007款',3,0);
insert into t_car_model(cm_id ,cb_id,cbf_id, cs_id , cm_name,cm_type ,cm_order , cm_state) values(3229,14,32,81,'2007款 1.5L CVT舒适版','2007款',4,0);
insert into t_car_model(cm_id ,cb_id,cbf_id, cs_id , cm_name,cm_type ,cm_order , cm_state) values(1136,14,32,81,'2004款 1.3L 手动','2004款',1,0);
insert into t_car_model(cm_id ,cb_id,cbf_id, cs_id , cm_name,cm_type ,cm_order , cm_state) values(1146,14,32,81,'2004款 1.3L CVT','2004款',2,0);
insert into t_car_model(cm_id ,cb_id,cbf_id, cs_id , cm_name,cm_type ,cm_order , cm_state) values(1147,14,32,81,'2004款 1.5L 手动','2004款',3,0);
insert into t_car_model(cm_id ,cb_id,cbf_id, cs_id , cm_name,cm_type ,cm_order , cm_state) values(1145,14,32,81,'2004款 1.5L CVT','2004款',4,0);
insert into t_car_model(cm_id ,cb_id,cbf_id, cs_id , cm_name,cm_type ,cm_order , cm_state) values(594,14,32,81,'2004款 三厢 1.3L 手动','2004款',5,0);
insert into t_car_model(cm_id ,cb_id,cbf_id, cs_id , cm_name,cm_type ,cm_order , cm_state) values(595,14,32,81,'2004款 三厢 1.3L CVT','2004款',6,0);
insert into t_car_model(cm_id ,cb_id,cbf_id, cs_id , cm_name,cm_type ,cm_order , cm_state) values(1656,14,32,81,'2004款 三厢 1.5L MT','2004款',7,0);
insert into t_car_model(cm_id ,cb_id,cbf_id, cs_id , cm_name,cm_type ,cm_order , cm_state) values(1103,14,32,81,'2004款 三厢 1.5L CVT','2004款',8,0);
insert into t_car_series(cs_id,cb_id,cbf_id,cs_name,cs_order,cs_letter) values(3876,14,32,'锋范',570,'F');
insert into t_car_model(cm_id ,cb_id,cbf_id, cs_id , cm_name,cm_type ,cm_order , cm_state) values(39277,14,32,3876,'2019款 1.5L 手动进取版','2019款',1,0);
insert into t_car_model(cm_id ,cb_id,cbf_id, cs_id , cm_name,cm_type ,cm_order , cm_state) values(39278,14,32,3876,'2019款 1.5L 手动舒适版','2019款',2,0);
insert into t_car_model(cm_id ,cb_id,cbf_id, cs_id , cm_name,cm_type ,cm_order , cm_state) values(39279,14,32,3876,'2019款 1.5L CVT舒适版','2019款',3,0);
insert into t_car_model(cm_id ,cb_id,cbf_id, cs_id , cm_name,cm_type ,cm_order , cm_state) values(39280,14,32,3876,'2019款 1.5L CVT型动版','2019款',4,0);
insert into t_car_model(cm_id ,cb_id,cbf_id, cs_id , cm_name,cm_type ,cm_order , cm_state) values(39281,14,32,3876,'2019款 1.5L CVT型动Pro版','2019款',5,0);
insert into t_car_model(cm_id ,cb_id,cbf_id, cs_id , cm_name,cm_type ,cm_order , cm_state) values(35003,14,32,3876,'2018款 1.5L 手动进取版','2018款',1,0);
insert into t_car_model(cm_id ,cb_id,cbf_id, cs_id , cm_name,cm_type ,cm_order , cm_state) values(35004,14,32,3876,'2018款 1.5L 手动舒适版','2018款',2,0);
insert into t_car_model(cm_id ,cb_id,cbf_id, cs_id , cm_name,cm_type ,cm_order , cm_state) values(35006,14,32,3876,'2018款 1.5L CVT舒适版','2018款',3,0);
insert into t_car_model(cm_id ,cb_id,cbf_id, cs_id , cm_name,cm_type ,cm_order , cm_state) values(35005,14,32,3876,'2018款 1.5L CVT型动版','2018款',4,0);
insert into t_car_model(cm_id ,cb_id,cbf_id, cs_id , cm_name,cm_type ,cm_order , cm_state) values(34997,14,32,3876,'2018款 1.5L CVT型动Pro版','2018款',5,0);
insert into t_car_model(cm_id ,cb_id,cbf_id, cs_id , cm_name,cm_type ,cm_order , cm_state) values(28589,14,32,3876,'2017款 1.5L 手动进取版','2017款',1,0);
insert into t_car_model(cm_id ,cb_id,cbf_id, cs_id , cm_name,cm_type ,cm_order , cm_state) values(28590,14,32,3876,'2017款 1.5L 手动舒适版','2017款',2,0);
insert into t_car_model(cm_id ,cb_id,cbf_id, cs_id , cm_name,cm_type ,cm_order , cm_state) values(28591,14,32,3876,'2017款 1.5L CVT舒适版','2017款',3,0);
insert into t_car_model(cm_id ,cb_id,cbf_id, cs_id , cm_name,cm_type ,cm_order , cm_state) values(28529,14,32,3876,'2017款 1.5L CVT精英版','2017款',4,0);
insert into t_car_model(cm_id ,cb_id,cbf_id, cs_id , cm_name,cm_type ,cm_order , cm_state) values(28592,14,32,3876,'2017款 1.5L 手动豪华版','2017款',5,0);
insert into t_car_model(cm_id ,cb_id,cbf_id, cs_id , cm_name,cm_type ,cm_order , cm_state) values(28595,14,32,3876,'2017款 1.5L CVT豪华版','2017款',6,0);
insert into t_car_model(cm_id ,cb_id,cbf_id, cs_id , cm_name,cm_type ,cm_order , cm_state) values(28593,14,32,3876,'2017款 1.5L CVT旗舰版','2017款',7,0);
insert into t_car_model(cm_id ,cb_id,cbf_id, cs_id , cm_name,cm_type ,cm_order , cm_state) values(23373,14,32,3876,'2015款 1.5L 手动进取版','2015款',1,0);
insert into t_car_model(cm_id ,cb_id,cbf_id, cs_id , cm_name,cm_type ,cm_order , cm_state) values(23374,14,32,3876,'2015款 1.5L 手动舒适版','2015款',2,0);
insert into t_car_model(cm_id ,cb_id,cbf_id, cs_id , cm_name,cm_type ,cm_order , cm_state) values(23377,14,32,3876,'2015款 1.5L CVT舒适版','2015款',3,0);
insert into t_car_model(cm_id ,cb_id,cbf_id, cs_id , cm_name,cm_type ,cm_order , cm_state) values(23376,14,32,3876,'2015款 1.5L 手动豪华版','2015款',4,0);
insert into t_car_model(cm_id ,cb_id,cbf_id, cs_id , cm_name,cm_type ,cm_order , cm_state) values(23378,14,32,3876,'2015款 1.5L CVT豪华版','2015款',5,0);
insert into t_car_model(cm_id ,cb_id,cbf_id, cs_id , cm_name,cm_type ,cm_order , cm_state) values(23375,14,32,3876,'2015款 1.5L 手动旗舰版','2015款',6,0);
insert into t_car_model(cm_id ,cb_id,cbf_id, cs_id , cm_name,cm_type ,cm_order , cm_state) values(23287,14,32,3876,'2015款 1.5L CVT旗舰版','2015款',7,0);
insert into t_car_series(cs_id,cb_id,cbf_id,cs_name,cs_order,cs_letter) values(3085,14,32,'凌派',571,'L');
insert into t_car_model(cm_id ,cb_id,cbf_id, cs_id , cm_name,cm_type ,cm_order , cm_state) values(36023,14,32,3085,'2019款 180Turbo 手动舒适版 国V','2019款',1,0);
insert into t_car_model(cm_id ,cb_id,cbf_id, cs_id , cm_name,cm_type ,cm_order , cm_state) values(40606,14,32,3085,'2019款 180Turbo 手动舒适版 国VI','2019款',2,0);
insert into t_car_model(cm_id ,cb_id,cbf_id, cs_id , cm_name,cm_type ,cm_order , cm_state) values(36024,14,32,3085,'2019款 180Turbo CVT舒适版 国V','2019款',3,0);
insert into t_car_model(cm_id ,cb_id,cbf_id, cs_id , cm_name,cm_type ,cm_order , cm_state) values(40607,14,32,3085,'2019款 180Turbo CVT舒适版 国VI','2019款',4,0);
insert into t_car_model(cm_id ,cb_id,cbf_id, cs_id , cm_name,cm_type ,cm_order , cm_state) values(36025,14,32,3085,'2019款 180Turbo CVT豪华版 国V','2019款',5,0);
insert into t_car_model(cm_id ,cb_id,cbf_id, cs_id , cm_name,cm_type ,cm_order , cm_state) values(40608,14,32,3085,'2019款 180Turbo CVT豪华版 国VI','2019款',6,0);
insert into t_car_model(cm_id ,cb_id,cbf_id, cs_id , cm_name,cm_type ,cm_order , cm_state) values(36026,14,32,3085,'2019款 180Turbo CVT领先版 国V','2019款',7,0);
insert into t_car_model(cm_id ,cb_id,cbf_id, cs_id , cm_name,cm_type ,cm_order , cm_state) values(40609,14,32,3085,'2019款 180Turbo CVT领先版 国VI','2019款',8,0);
insert into t_car_model(cm_id ,cb_id,cbf_id, cs_id , cm_name,cm_type ,cm_order , cm_state) values(35533,14,32,3085,'2019款 180Turbo CVT旗舰版 国V','2019款',9,0);
insert into t_car_model(cm_id ,cb_id,cbf_id, cs_id , cm_name,cm_type ,cm_order , cm_state) values(40610,14,32,3085,'2019款 180Turbo CVT旗舰版 国VI','2019款',10,0);
insert into t_car_model(cm_id ,cb_id,cbf_id, cs_id , cm_name,cm_type ,cm_order , cm_state) values(30943,14,32,3085,'2017款 1.8L CVT舒适特装版','2017款',1,0);
insert into t_car_model(cm_id ,cb_id,cbf_id, cs_id , cm_name,cm_type ,cm_order , cm_state) values(30944,14,32,3085,'2017款 1.8L CVT豪华特装版','2017款',2,0);
insert into t_car_model(cm_id ,cb_id,cbf_id, cs_id , cm_name,cm_type ,cm_order , cm_state) values(24483,14,32,3085,'2016款 1.8L 手动风尚版','2016款',1,0);
insert into t_car_model(cm_id ,cb_id,cbf_id, cs_id , cm_name,cm_type ,cm_order , cm_state) values(24484,14,32,3085,'2016款 1.8L 手动舒适版','2016款',2,0);
insert into t_car_model(cm_id ,cb_id,cbf_id, cs_id , cm_name,cm_type ,cm_order , cm_state) values(24485,14,32,3085,'2016款 1.8L CVT舒适版','2016款',3,0);
insert into t_car_model(cm_id ,cb_id,cbf_id, cs_id , cm_name,cm_type ,cm_order , cm_state) values(24486,14,32,3085,'2016款 1.8L 手动豪华版','2016款',4,0);
insert into t_car_model(cm_id ,cb_id,cbf_id, cs_id , cm_name,cm_type ,cm_order , cm_state) values(24487,14,32,3085,'2016款 1.8L CVT豪华版','2016款',5,0);
insert into t_car_model(cm_id ,cb_id,cbf_id, cs_id , cm_name,cm_type ,cm_order , cm_state) values(24488,14,32,3085,'2016款 1.8L CVT领先版','2016款',6,0);
insert into t_car_model(cm_id ,cb_id,cbf_id, cs_id , cm_name,cm_type ,cm_order , cm_state) values(24489,14,32,3085,'2016款 1.8L CVT旗舰版','2016款',7,0);
insert into t_car_model(cm_id ,cb_id,cbf_id, cs_id , cm_name,cm_type ,cm_order , cm_state) values(20550,14,32,3085,'2015款 1.8L 手动舒适版','2015款',1,0);
insert into t_car_model(cm_id ,cb_id,cbf_id, cs_id , cm_name,cm_type ,cm_order , cm_state) values(20551,14,32,3085,'2015款 1.8L 自动舒适版','2015款',2,0);
insert into t_car_model(cm_id ,cb_id,cbf_id, cs_id , cm_name,cm_type ,cm_order , cm_state) values(20552,14,32,3085,'2015款 1.8L 手动豪华版','2015款',3,0);
insert into t_car_model(cm_id ,cb_id,cbf_id, cs_id , cm_name,cm_type ,cm_order , cm_state) values(20553,14,32,3085,'2015款 1.8L 自动豪华版','2015款',4,0);
insert into t_car_model(cm_id ,cb_id,cbf_id, cs_id , cm_name,cm_type ,cm_order , cm_state) values(22379,14,32,3085,'2015款 1.8L 自动超配限量版','2015款',5,0);
insert into t_car_model(cm_id ,cb_id,cbf_id, cs_id , cm_name,cm_type ,cm_order , cm_state) values(20554,14,32,3085,'2015款 1.8L 自动旗舰版','2015款',6,0);
insert into t_car_model(cm_id ,cb_id,cbf_id, cs_id , cm_name,cm_type ,cm_order , cm_state) values(16363,14,32,3085,'2013款 1.8L 手动舒适版','2013款',1,0);
insert into t_car_model(cm_id ,cb_id,cbf_id, cs_id , cm_name,cm_type ,cm_order , cm_state) values(16007,14,32,3085,'2013款 1.8L 自动舒适版','2013款',2,0);
insert into t_car_model(cm_id ,cb_id,cbf_id, cs_id , cm_name,cm_type ,cm_order , cm_state) values(16008,14,32,3085,'2013款 1.8L 自动豪华版','2013款',3,0);
insert into t_car_model(cm_id ,cb_id,cbf_id, cs_id , cm_name,cm_type ,cm_order , cm_state) values(15719,14,32,3085,'2013款 1.8L 自动旗舰版','2013款',4,0);
insert into t_car_series(cs_id,cb_id,cbf_id,cs_name,cs_order,cs_letter) values(78,14,32,'雅阁',572,'Y');
insert into t_car_model(cm_id ,cb_id,cbf_id, cs_id , cm_name,cm_type ,cm_order , cm_state) values(40611,14,32,78,'2018款 230TURBO 舒适版 国VI','2018款',1,0);
insert into t_car_model(cm_id ,cb_id,cbf_id, cs_id , cm_name,cm_type ,cm_order , cm_state) values(40617,14,32,78,'2018款 260TURBO 精英版 国VI','2018款',2,0);
insert into t_car_model(cm_id ,cb_id,cbf_id, cs_id , cm_name,cm_type ,cm_order , cm_state) values(40618,14,32,78,'2018款 260TURBO 豪华版 国VI','2018款',3,0);
insert into t_car_model(cm_id ,cb_id,cbf_id, cs_id , cm_name,cm_type ,cm_order , cm_state) values(40619,14,32,78,'2018款 260TURBO 尊贵版 国VI','2018款',4,0);
insert into t_car_model(cm_id ,cb_id,cbf_id, cs_id , cm_name,cm_type ,cm_order , cm_state) values(40620,14,32,78,'2018款 260TURBO 旗舰版 国VI','2018款',5,0);
insert into t_car_model(cm_id ,cb_id,cbf_id, cs_id , cm_name,cm_type ,cm_order , cm_state) values(40621,14,32,78,'2018款 锐・混动 2.0L 锐酷版 国VI','2018款',6,0);
insert into t_car_model(cm_id ,cb_id,cbf_id, cs_id , cm_name,cm_type ,cm_order , cm_state) values(40622,14,32,78,'2018款 锐・混动 2.0L 锐领版 国VI','2018款',7,0);
insert into t_car_model(cm_id ,cb_id,cbf_id, cs_id , cm_name,cm_type ,cm_order , cm_state) values(40623,14,32,78,'2018款 锐・混动 2.0L 锐智版 国VI','2018款',8,0);
insert into t_car_model(cm_id ,cb_id,cbf_id, cs_id , cm_name,cm_type ,cm_order , cm_state) values(40624,14,32,78,'2018款 锐・混动 2.0L 锐尊版 国VI','2018款',9,0);
insert into t_car_model(cm_id ,cb_id,cbf_id, cs_id , cm_name,cm_type ,cm_order , cm_state) values(34334,14,32,78,'2018款 230TURBO 舒享版 国V','2018款',10,0);
insert into t_car_model(cm_id ,cb_id,cbf_id, cs_id , cm_name,cm_type ,cm_order , cm_state) values(34198,14,32,78,'2018款 230TURBO 舒适版 国V','2018款',11,0);
insert into t_car_model(cm_id ,cb_id,cbf_id, cs_id , cm_name,cm_type ,cm_order , cm_state) values(34199,14,32,78,'2018款 260TURBO 精英版 国V','2018款',12,0);
insert into t_car_model(cm_id ,cb_id,cbf_id, cs_id , cm_name,cm_type ,cm_order , cm_state) values(34200,14,32,78,'2018款 260TURBO 豪华版 国V','2018款',13,0);
insert into t_car_model(cm_id ,cb_id,cbf_id, cs_id , cm_name,cm_type ,cm_order , cm_state) values(34201,14,32,78,'2018款 260TURBO 尊贵版 国V','2018款',14,0);
insert into t_car_model(cm_id ,cb_id,cbf_id, cs_id , cm_name,cm_type ,cm_order , cm_state) values(33853,14,32,78,'2018款 260TURBO 旗舰版 国V','2018款',15,0);
insert into t_car_model(cm_id ,cb_id,cbf_id, cs_id , cm_name,cm_type ,cm_order , cm_state) values(35378,14,32,78,'2018款 锐・混动 2.0L 锐酷版 国V','2018款',16,0);
insert into t_car_model(cm_id ,cb_id,cbf_id, cs_id , cm_name,cm_type ,cm_order , cm_state) values(35379,14,32,78,'2018款 锐・混动 2.0L 锐领版 国V','2018款',17,0);
insert into t_car_model(cm_id ,cb_id,cbf_id, cs_id , cm_name,cm_type ,cm_order , cm_state) values(35380,14,32,78,'2018款 锐・混动 2.0L 锐智版 国V','2018款',18,0);
insert into t_car_model(cm_id ,cb_id,cbf_id, cs_id , cm_name,cm_type ,cm_order , cm_state) values(34532,14,32,78,'2018款 锐・混动 2.0L 锐尊版 国V','2018款',19,0);
insert into t_car_model(cm_id ,cb_id,cbf_id, cs_id , cm_name,cm_type ,cm_order , cm_state) values(25028,14,32,78,'2016款 2.4L EX 新春限量特装版','2016款',1,0);
insert into t_car_model(cm_id ,cb_id,cbf_id, cs_id , cm_name,cm_type ,cm_order , cm_state) values(25710,14,32,78,'2016款 2.0L 舒享版','2016款',2,0);
insert into t_car_model(cm_id ,cb_id,cbf_id, cs_id , cm_name,cm_type ,cm_order , cm_state) values(25705,14,32,78,'2016款 2.0L 舒适版','2016款',3,0);
insert into t_car_model(cm_id ,cb_id,cbf_id, cs_id , cm_name,cm_type ,cm_order , cm_state) values(25706,14,32,78,'2016款 2.0L 精英版','2016款',4,0);
insert into t_car_model(cm_id ,cb_id,cbf_id, cs_id , cm_name,cm_type ,cm_order , cm_state) values(25707,14,32,78,'2016款 2.0L 豪华版','2016款',5,0);
insert into t_car_model(cm_id ,cb_id,cbf_id, cs_id , cm_name,cm_type ,cm_order , cm_state) values(25708,14,32,78,'2016款 2.4L 舒适版','2016款',6,0);
insert into t_car_model(cm_id ,cb_id,cbf_id, cs_id , cm_name,cm_type ,cm_order , cm_state) values(25709,14,32,78,'2016款 2.4L 智睿版','2016款',7,0);
insert into t_car_model(cm_id ,cb_id,cbf_id, cs_id , cm_name,cm_type ,cm_order , cm_state) values(25661,14,32,78,'2016款 2.4L 豪华版','2016款',8,0);
insert into t_car_model(cm_id ,cb_id,cbf_id, cs_id , cm_name,cm_type ,cm_order , cm_state) values(25522,14,32,78,'2016款 2.4L 智尊版','2016款',9,0);
insert into t_car_model(cm_id ,cb_id,cbf_id, cs_id , cm_name,cm_type ,cm_order , cm_state) values(27812,14,32,78,'2016款 混动 2.0L 锐酷版','2016款',10,0);
insert into t_car_model(cm_id ,cb_id,cbf_id, cs_id , cm_name,cm_type ,cm_order , cm_state) values(27813,14,32,78,'2016款 混动 2.0L 锐领版','2016款',11,0);
insert into t_car_model(cm_id ,cb_id,cbf_id, cs_id , cm_name,cm_type ,cm_order , cm_state) values(27252,14,32,78,'2016款 混动 2.0L 锐尊版','2016款',12,0);
insert into t_car_model(cm_id ,cb_id,cbf_id, cs_id , cm_name,cm_type ,cm_order , cm_state) values(22135,14,32,78,'2015款 2.0L LX 舒适版','2015款',1,0);
insert into t_car_model(cm_id ,cb_id,cbf_id, cs_id , cm_name,cm_type ,cm_order , cm_state) values(22137,14,32,78,'2015款 2.0L LXS  精英版','2015款',2,0);
insert into t_car_model(cm_id ,cb_id,cbf_id, cs_id , cm_name,cm_type ,cm_order , cm_state) values(22138,14,32,78,'2015款 2.0L EX 豪华版','2015款',3,0);
insert into t_car_model(cm_id ,cb_id,cbf_id, cs_id , cm_name,cm_type ,cm_order , cm_state) values(22139,14,32,78,'2015款 2.0L EXN 豪华导航版','2015款',4,0);
insert into t_car_model(cm_id ,cb_id,cbf_id, cs_id , cm_name,cm_type ,cm_order , cm_state) values(22140,14,32,78,'2015款 2.4L LX 舒适版','2015款',5,0);
insert into t_car_model(cm_id ,cb_id,cbf_id, cs_id , cm_name,cm_type ,cm_order , cm_state) values(22141,14,32,78,'2015款 2.4L EX 豪华版','2015款',6,0);
insert into t_car_model(cm_id ,cb_id,cbf_id, cs_id , cm_name,cm_type ,cm_order , cm_state) values(22142,14,32,78,'2015款 2.4L EXN 豪华导航版','2015款',7,0);
insert into t_car_model(cm_id ,cb_id,cbf_id, cs_id , cm_name,cm_type ,cm_order , cm_state) values(22143,14,32,78,'2015款 3.0L VTI 尊贵版','2015款',8,0);
insert into t_car_model(cm_id ,cb_id,cbf_id, cs_id , cm_name,cm_type ,cm_order , cm_state) values(22144,14,32,78,'2015款 3.0L XLN 旗舰版','2015款',9,0);
insert into t_car_model(cm_id ,cb_id,cbf_id, cs_id , cm_name,cm_type ,cm_order , cm_state) values(18279,14,32,78,'2014款 2.0L LX 舒适版','2014款',1,0);
insert into t_car_model(cm_id ,cb_id,cbf_id, cs_id , cm_name,cm_type ,cm_order , cm_state) values(17012,14,32,78,'2014款 2.0L EX 豪华版','2014款',2,0);
insert into t_car_model(cm_id ,cb_id,cbf_id, cs_id , cm_name,cm_type ,cm_order , cm_state) values(17013,14,32,78,'2014款 2.0L EXN 豪华导航版','2014款',3,0);
insert into t_car_model(cm_id ,cb_id,cbf_id, cs_id , cm_name,cm_type ,cm_order , cm_state) values(18334,14,32,78,'2014款 2.4L LX 舒适版','2014款',4,0);
insert into t_car_model(cm_id ,cb_id,cbf_id, cs_id , cm_name,cm_type ,cm_order , cm_state) values(16986,14,32,78,'2014款 2.4L EX 豪华版','2014款',5,0);
insert into t_car_model(cm_id ,cb_id,cbf_id, cs_id , cm_name,cm_type ,cm_order , cm_state) values(16643,14,32,78,'2014款 2.4L EXN 豪华导航版','2014款',6,0);
insert into t_car_model(cm_id ,cb_id,cbf_id, cs_id , cm_name,cm_type ,cm_order , cm_state) values(16696,14,32,78,'2014款 3.0L VTI 尊贵版','2014款',7,0);
insert into t_car_model(cm_id ,cb_id,cbf_id, cs_id , cm_name,cm_type ,cm_order , cm_state) values(17011,14,32,78,'2014款 3.0L EXLN 旗舰版','2014款',8,0);
insert into t_car_model(cm_id ,cb_id,cbf_id, cs_id , cm_name,cm_type ,cm_order , cm_state) values(15117,14,32,78,'2013款 2.0L LX','2013款',1,0);
insert into t_car_model(cm_id ,cb_id,cbf_id, cs_id , cm_name,cm_type ,cm_order , cm_state) values(13980,14,32,78,'2013款 2.0L SE','2013款',2,0);
insert into t_car_model(cm_id ,cb_id,cbf_id, cs_id , cm_name,cm_type ,cm_order , cm_state) values(13981,14,32,78,'2013款 2.0L PE','2013款',3,0);
insert into t_car_model(cm_id ,cb_id,cbf_id, cs_id , cm_name,cm_type ,cm_order , cm_state) values(13982,14,32,78,'2013款 2.4L LX','2013款',4,0);
insert into t_car_model(cm_id ,cb_id,cbf_id, cs_id , cm_name,cm_type ,cm_order , cm_state) values(13847,14,32,78,'2013款 2.4L SE','2013款',5,0);
insert into t_car_model(cm_id ,cb_id,cbf_id, cs_id , cm_name,cm_type ,cm_order , cm_state) values(13983,14,32,78,'2013款 2.4L PE','2013款',6,0);
insert into t_car_model(cm_id ,cb_id,cbf_id, cs_id , cm_name,cm_type ,cm_order , cm_state) values(11937,14,32,78,'2012款 2.0L MT','2012款',1,0);
insert into t_car_model(cm_id ,cb_id,cbf_id, cs_id , cm_name,cm_type ,cm_order , cm_state) values(11794,14,32,78,'2012款 2.0L SE','2012款',2,0);
insert into t_car_model(cm_id ,cb_id,cbf_id, cs_id , cm_name,cm_type ,cm_order , cm_state) values(11938,14,32,78,'2012款 2.0L EX Navi','2012款',3,0);
insert into t_car_model(cm_id ,cb_id,cbf_id, cs_id , cm_name,cm_type ,cm_order , cm_state) values(11939,14,32,78,'2012款 2.4L LX','2012款',4,0);
insert into t_car_model(cm_id ,cb_id,cbf_id, cs_id , cm_name,cm_type ,cm_order , cm_state) values(11940,14,32,78,'2012款 2.4L SE','2012款',5,0);
insert into t_car_model(cm_id ,cb_id,cbf_id, cs_id , cm_name,cm_type ,cm_order , cm_state) values(11941,14,32,78,'2012款 2.4L EX Navi','2012款',6,0);
insert into t_car_model(cm_id ,cb_id,cbf_id, cs_id , cm_name,cm_type ,cm_order , cm_state) values(11942,14,32,78,'2012款 2.4L EXL Navi','2012款',7,0);
insert into t_car_model(cm_id ,cb_id,cbf_id, cs_id , cm_name,cm_type ,cm_order , cm_state) values(11943,14,32,78,'2012款 3.5L V6','2012款',8,0);
insert into t_car_model(cm_id ,cb_id,cbf_id, cs_id , cm_name,cm_type ,cm_order , cm_state) values(9300,14,32,78,'2011款 2.0L MT','2011款',1,0);
insert into t_car_model(cm_id ,cb_id,cbf_id, cs_id , cm_name,cm_type ,cm_order , cm_state) values(9299,14,32,78,'2011款 2.0L EX','2011款',2,0);
insert into t_car_model(cm_id ,cb_id,cbf_id, cs_id , cm_name,cm_type ,cm_order , cm_state) values(9298,14,32,78,'2011款 2.0L EX Navi','2011款',3,0);
insert into t_car_model(cm_id ,cb_id,cbf_id, cs_id , cm_name,cm_type ,cm_order , cm_state) values(9297,14,32,78,'2011款 2.4L LX','2011款',4,0);
insert into t_car_model(cm_id ,cb_id,cbf_id, cs_id , cm_name,cm_type ,cm_order , cm_state) values(9296,14,32,78,'2011款 2.4L EX','2011款',5,0);
insert into t_car_model(cm_id ,cb_id,cbf_id, cs_id , cm_name,cm_type ,cm_order , cm_state) values(9294,14,32,78,'2011款 2.4L EX Navi','2011款',6,0);
insert into t_car_model(cm_id ,cb_id,cbf_id, cs_id , cm_name,cm_type ,cm_order , cm_state) values(9137,14,32,78,'2011款 2.4L EXL Navi','2011款',7,0);
insert into t_car_model(cm_id ,cb_id,cbf_id, cs_id , cm_name,cm_type ,cm_order , cm_state) values(9295,14,32,78,'2011款 3.5L V6','2011款',8,0);
insert into t_car_model(cm_id ,cb_id,cbf_id, cs_id , cm_name,cm_type ,cm_order , cm_state) values(6381,14,32,78,'2010款 2.0L MT','2010款',1,0);
insert into t_car_model(cm_id ,cb_id,cbf_id, cs_id , cm_name,cm_type ,cm_order , cm_state) values(6382,14,32,78,'2010款 2.0L EX','2010款',2,0);
insert into t_car_model(cm_id ,cb_id,cbf_id, cs_id , cm_name,cm_type ,cm_order , cm_state) values(6383,14,32,78,'2010款 2.0L EX Navi','2010款',3,0);
insert into t_car_model(cm_id ,cb_id,cbf_id, cs_id , cm_name,cm_type ,cm_order , cm_state) values(6384,14,32,78,'2010款 2.4L LX','2010款',4,0);
insert into t_car_model(cm_id ,cb_id,cbf_id, cs_id , cm_name,cm_type ,cm_order , cm_state) values(6385,14,32,78,'2010款 2.4L 百万纪念版','2010款',5,0);
insert into t_car_model(cm_id ,cb_id,cbf_id, cs_id , cm_name,cm_type ,cm_order , cm_state) values(6386,14,32,78,'2010款 2.4L EX Navi','2010款',6,0);
insert into t_car_model(cm_id ,cb_id,cbf_id, cs_id , cm_name,cm_type ,cm_order , cm_state) values(6387,14,32,78,'2010款 2.4L EXL Navi','2010款',7,0);
insert into t_car_model(cm_id ,cb_id,cbf_id, cs_id , cm_name,cm_type ,cm_order , cm_state) values(6388,14,32,78,'2010款 3.5L V6','2010款',8,0);
insert into t_car_model(cm_id ,cb_id,cbf_id, cs_id , cm_name,cm_type ,cm_order , cm_state) values(4821,14,32,78,'2009款 2.4L LX','2009款',1,0);
insert into t_car_model(cm_id ,cb_id,cbf_id, cs_id , cm_name,cm_type ,cm_order , cm_state) values(3738,14,32,78,'2008款 2.0L MT','2008款',1,0);
insert into t_car_model(cm_id ,cb_id,cbf_id, cs_id , cm_name,cm_type ,cm_order , cm_state) values(3549,14,32,78,'2008款 2.0L EX','2008款',2,0);
insert into t_car_model(cm_id ,cb_id,cbf_id, cs_id , cm_name,cm_type ,cm_order , cm_state) values(4122,14,32,78,'2008款 2.0L EX Navi','2008款',3,0);
insert into t_car_model(cm_id ,cb_id,cbf_id, cs_id , cm_name,cm_type ,cm_order , cm_state) values(3550,14,32,78,'2008款 2.4L EX','2008款',4,0);
insert into t_car_model(cm_id ,cb_id,cbf_id, cs_id , cm_name,cm_type ,cm_order , cm_state) values(4284,14,32,78,'2008款 2.4L EX Navi','2008款',5,0);
insert into t_car_model(cm_id ,cb_id,cbf_id, cs_id , cm_name,cm_type ,cm_order , cm_state) values(3567,14,32,78,'2008款 2.4L EXL Navi','2008款',6,0);
insert into t_car_model(cm_id ,cb_id,cbf_id, cs_id , cm_name,cm_type ,cm_order , cm_state) values(3551,14,32,78,'2008款 3.5L AT','2008款',7,0);
insert into t_car_model(cm_id ,cb_id,cbf_id, cs_id , cm_name,cm_type ,cm_order , cm_state) values(2745,14,32,78,'2007款 2.0L 手动普通版','2007款',1,0);
insert into t_car_model(cm_id ,cb_id,cbf_id, cs_id , cm_name,cm_type ,cm_order , cm_state) values(2746,14,32,78,'2007款 2.0L 自动标准版','2007款',2,0);
insert into t_car_model(cm_id ,cb_id,cbf_id, cs_id , cm_name,cm_type ,cm_order , cm_state) values(2747,14,32,78,'2007款 2.0L 自动舒适版','2007款',3,0);
insert into t_car_model(cm_id ,cb_id,cbf_id, cs_id , cm_name,cm_type ,cm_order , cm_state) values(2748,14,32,78,'2007款 2.4L 自动舒适版','2007款',4,0);
insert into t_car_model(cm_id ,cb_id,cbf_id, cs_id , cm_name,cm_type ,cm_order , cm_state) values(2744,14,32,78,'2007款 2.4L 自动豪华版','2007款',5,0);
insert into t_car_model(cm_id ,cb_id,cbf_id, cs_id , cm_name,cm_type ,cm_order , cm_state) values(2749,14,32,78,'2007款 3.0L 自动豪华版','2007款',6,0);
insert into t_car_model(cm_id ,cb_id,cbf_id, cs_id , cm_name,cm_type ,cm_order , cm_state) values(3169,14,32,78,'2007款 2.0L 手动普通精典版','2007款',7,0);
insert into t_car_model(cm_id ,cb_id,cbf_id, cs_id , cm_name,cm_type ,cm_order , cm_state) values(3170,14,32,78,'2007款 2.0L 自动标准精典版','2007款',8,0);
insert into t_car_model(cm_id ,cb_id,cbf_id, cs_id , cm_name,cm_type ,cm_order , cm_state) values(3171,14,32,78,'2007款 2.0L 自动舒适精典版','2007款',9,0);
insert into t_car_model(cm_id ,cb_id,cbf_id, cs_id , cm_name,cm_type ,cm_order , cm_state) values(3172,14,32,78,'2007款 2.4L 自动舒适精典版','2007款',10,0);
insert into t_car_model(cm_id ,cb_id,cbf_id, cs_id , cm_name,cm_type ,cm_order , cm_state) values(3173,14,32,78,'2007款 2.4L 自动豪华精典版','2007款',11,0);
insert into t_car_model(cm_id ,cb_id,cbf_id, cs_id , cm_name,cm_type ,cm_order , cm_state) values(3174,14,32,78,'2007款 3.0L 自动豪华精典版','2007款',12,0);
insert into t_car_model(cm_id ,cb_id,cbf_id, cs_id , cm_name,cm_type ,cm_order , cm_state) values(1996,14,32,78,'2006款 2.0L 普通版','2006款',1,0);
insert into t_car_model(cm_id ,cb_id,cbf_id, cs_id , cm_name,cm_type ,cm_order , cm_state) values(1997,14,32,78,'2006款 2.0L 标准版','2006款',2,0);
insert into t_car_model(cm_id ,cb_id,cbf_id, cs_id , cm_name,cm_type ,cm_order , cm_state) values(1998,14,32,78,'2006款 2.0L 舒适版','2006款',3,0);
insert into t_car_model(cm_id ,cb_id,cbf_id, cs_id , cm_name,cm_type ,cm_order , cm_state) values(1999,14,32,78,'2006款 2.4L 标准版','2006款',4,0);
insert into t_car_model(cm_id ,cb_id,cbf_id, cs_id , cm_name,cm_type ,cm_order , cm_state) values(2000,14,32,78,'2006款 2.4L 加热版','2006款',5,0);
insert into t_car_model(cm_id ,cb_id,cbf_id, cs_id , cm_name,cm_type ,cm_order , cm_state) values(1991,14,32,78,'2006款 2.4L 豪华版','2006款',6,0);
insert into t_car_model(cm_id ,cb_id,cbf_id, cs_id , cm_name,cm_type ,cm_order , cm_state) values(2001,14,32,78,'2006款 3.0L V6','2006款',7,0);
insert into t_car_model(cm_id ,cb_id,cbf_id, cs_id , cm_name,cm_type ,cm_order , cm_state) values(1992,14,32,78,'2006款 3.0L V6豪华版','2006款',8,0);
insert into t_car_model(cm_id ,cb_id,cbf_id, cs_id , cm_name,cm_type ,cm_order , cm_state) values(1467,14,32,78,'2005款 2.0L 普通版','2005款',1,0);
insert into t_car_model(cm_id ,cb_id,cbf_id, cs_id , cm_name,cm_type ,cm_order , cm_state) values(1468,14,32,78,'2005款 2.0L 标准版','2005款',2,0);
insert into t_car_model(cm_id ,cb_id,cbf_id, cs_id , cm_name,cm_type ,cm_order , cm_state) values(1469,14,32,78,'2005款 2.0L 舒适版','2005款',3,0);
insert into t_car_model(cm_id ,cb_id,cbf_id, cs_id , cm_name,cm_type ,cm_order , cm_state) values(1470,14,32,78,'2005款 2.4L 标准版','2005款',4,0);
insert into t_car_model(cm_id ,cb_id,cbf_id, cs_id , cm_name,cm_type ,cm_order , cm_state) values(1471,14,32,78,'2005款 2.4L 加热版','2005款',5,0);
insert into t_car_model(cm_id ,cb_id,cbf_id, cs_id , cm_name,cm_type ,cm_order , cm_state) values(1472,14,32,78,'2005款 3.0L V6','2005款',6,0);
insert into t_car_model(cm_id ,cb_id,cbf_id, cs_id , cm_name,cm_type ,cm_order , cm_state) values(593,14,32,78,'2004款 2.0L','2004款',1,0);
insert into t_car_model(cm_id ,cb_id,cbf_id, cs_id , cm_name,cm_type ,cm_order , cm_state) values(591,14,32,78,'2004款 2.4L','2004款',2,0);
insert into t_car_model(cm_id ,cb_id,cbf_id, cs_id , cm_name,cm_type ,cm_order , cm_state) values(590,14,32,78,'2004款 3.0L V6','2004款',3,0);
insert into t_car_series(cs_id,cb_id,cbf_id,cs_name,cs_order,cs_letter) values(3460,14,32,'缤智',573,'B');
insert into t_car_model(cm_id ,cb_id,cbf_id, cs_id , cm_name,cm_type ,cm_order , cm_state) values(40020,14,32,3460,'2019款 1.5L 手动舒适型 国V','2019款',1,0);
insert into t_car_model(cm_id ,cb_id,cbf_id, cs_id , cm_name,cm_type ,cm_order , cm_state) values(40021,14,32,3460,'2019款 1.5L 手动舒适型 国VI','2019款',2,0);
insert into t_car_model(cm_id ,cb_id,cbf_id, cs_id , cm_name,cm_type ,cm_order , cm_state) values(40022,14,32,3460,'2019款 1.5L CVT先锋型 国V','2019款',3,0);
insert into t_car_model(cm_id ,cb_id,cbf_id, cs_id , cm_name,cm_type ,cm_order , cm_state) values(40023,14,32,3460,'2019款 1.5L CVT先锋型 国VI','2019款',4,0);
insert into t_car_model(cm_id ,cb_id,cbf_id, cs_id , cm_name,cm_type ,cm_order , cm_state) values(40024,14,32,3460,'2019款 1.5L CVT豪华型 国V','2019款',5,0);
insert into t_car_model(cm_id ,cb_id,cbf_id, cs_id , cm_name,cm_type ,cm_order , cm_state) values(40025,14,32,3460,'2019款 1.5L CVT豪华型 国VI','2019款',6,0);
insert into t_car_model(cm_id ,cb_id,cbf_id, cs_id , cm_name,cm_type ,cm_order , cm_state) values(40026,14,32,3460,'2019款 220 TURBO CVT精英版 国V','2019款',7,0);
insert into t_car_model(cm_id ,cb_id,cbf_id, cs_id , cm_name,cm_type ,cm_order , cm_state) values(40027,14,32,3460,'2019款 220 TURBO CVT精英版 国VI','2019款',8,0);
insert into t_car_model(cm_id ,cb_id,cbf_id, cs_id , cm_name,cm_type ,cm_order , cm_state) values(40028,14,32,3460,'2019款 220 TURBO CVT豪华版 国V','2019款',9,0);
insert into t_car_model(cm_id ,cb_id,cbf_id, cs_id , cm_name,cm_type ,cm_order , cm_state) values(40029,14,32,3460,'2019款 220 TURBO CVT豪华版 国VI','2019款',10,0);
insert into t_car_model(cm_id ,cb_id,cbf_id, cs_id , cm_name,cm_type ,cm_order , cm_state) values(40031,14,32,3460,'2019款 220 TURBO CVT旗舰版 国V','2019款',11,0);
insert into t_car_model(cm_id ,cb_id,cbf_id, cs_id , cm_name,cm_type ,cm_order , cm_state) values(39570,14,32,3460,'2019款 220 TURBO CVT旗舰版 国VI','2019款',12,0);
insert into t_car_model(cm_id ,cb_id,cbf_id, cs_id , cm_name,cm_type ,cm_order , cm_state) values(31678,14,32,3460,'2018款 1.5L CVT两驱科技精英型','2018款',1,0);
insert into t_car_model(cm_id ,cb_id,cbf_id, cs_id , cm_name,cm_type ,cm_order , cm_state) values(28917,14,32,3460,'2017款 1.5L 手动两驱舒适型','2017款',1,0);
insert into t_car_model(cm_id ,cb_id,cbf_id, cs_id , cm_name,cm_type ,cm_order , cm_state) values(28918,14,32,3460,'2017款 1.5L CVT两驱舒适型','2017款',2,0);
insert into t_car_model(cm_id ,cb_id,cbf_id, cs_id , cm_name,cm_type ,cm_order , cm_state) values(28919,14,32,3460,'2017款 1.8L CVT两驱精英型','2017款',3,0);
insert into t_car_model(cm_id ,cb_id,cbf_id, cs_id , cm_name,cm_type ,cm_order , cm_state) values(28920,14,32,3460,'2017款 1.8L CVT两驱先锋型','2017款',4,0);
insert into t_car_model(cm_id ,cb_id,cbf_id, cs_id , cm_name,cm_type ,cm_order , cm_state) values(28921,14,32,3460,'2017款 1.8L CVT两驱豪华型','2017款',5,0);
insert into t_car_model(cm_id ,cb_id,cbf_id, cs_id , cm_name,cm_type ,cm_order , cm_state) values(29851,14,32,3460,'2017款 1.8L CVT两驱智享型','2017款',6,0);
insert into t_car_model(cm_id ,cb_id,cbf_id, cs_id , cm_name,cm_type ,cm_order , cm_state) values(28922,14,32,3460,'2017款 1.8L CVT四驱旗舰型','2017款',7,0);
insert into t_car_model(cm_id ,cb_id,cbf_id, cs_id , cm_name,cm_type ,cm_order , cm_state) values(24506,14,32,3460,'2016款 1.8L CVT两驱先锋型','2016款',1,0);
insert into t_car_model(cm_id ,cb_id,cbf_id, cs_id , cm_name,cm_type ,cm_order , cm_state) values(20298,14,32,3460,'2015款 1.5L 手动两驱舒适型','2015款',1,0);
insert into t_car_model(cm_id ,cb_id,cbf_id, cs_id , cm_name,cm_type ,cm_order , cm_state) values(20696,14,32,3460,'2015款 1.5L CVT两驱舒适型','2015款',2,0);
insert into t_car_model(cm_id ,cb_id,cbf_id, cs_id , cm_name,cm_type ,cm_order , cm_state) values(20290,14,32,3460,'2015款 1.8L 手动两驱精英型','2015款',3,0);
insert into t_car_model(cm_id ,cb_id,cbf_id, cs_id , cm_name,cm_type ,cm_order , cm_state) values(20373,14,32,3460,'2015款 1.8L CVT两驱精英型','2015款',4,0);
insert into t_car_model(cm_id ,cb_id,cbf_id, cs_id , cm_name,cm_type ,cm_order , cm_state) values(20374,14,32,3460,'2015款 1.8L CVT两驱豪华型','2015款',5,0);
insert into t_car_model(cm_id ,cb_id,cbf_id, cs_id , cm_name,cm_type ,cm_order , cm_state) values(18918,14,32,3460,'2015款 1.8L CVT四驱旗舰型','2015款',6,0);
insert into t_car_series(cs_id,cb_id,cbf_id,cs_name,cs_order,cs_letter) values(4102,14,32,'冠道',574,'G');
insert into t_car_model(cm_id ,cb_id,cbf_id, cs_id , cm_name,cm_type ,cm_order , cm_state) values(40602,14,32,4102,'2019款 240TURBO 两驱精英版','2019款',1,0);
insert into t_car_model(cm_id ,cb_id,cbf_id, cs_id , cm_name,cm_type ,cm_order , cm_state) values(40603,14,32,4102,'2019款 240TURBO 两驱舒享版','2019款',2,0);
insert into t_car_model(cm_id ,cb_id,cbf_id, cs_id , cm_name,cm_type ,cm_order , cm_state) values(40604,14,32,4102,'2019款 240TURBO 两驱豪华版','2019款',3,0);
insert into t_car_model(cm_id ,cb_id,cbf_id, cs_id , cm_name,cm_type ,cm_order , cm_state) values(40605,14,32,4102,'2019款 240TURBO 两驱尊享版','2019款',4,0);
insert into t_car_model(cm_id ,cb_id,cbf_id, cs_id , cm_name,cm_type ,cm_order , cm_state) values(40232,14,32,4102,'2019款 240TURBO 两驱豪华・星空限量版','2019款',5,0);
insert into t_car_model(cm_id ,cb_id,cbf_id, cs_id , cm_name,cm_type ,cm_order , cm_state) values(40175,14,32,4102,'2019款 240TURBO 两驱尊享・星空限量版','2019款',6,0);
insert into t_car_model(cm_id ,cb_id,cbf_id, cs_id , cm_name,cm_type ,cm_order , cm_state) values(28185,14,32,4102,'2017款 370TURBO 两驱精英版','2017款',1,0);
insert into t_car_model(cm_id ,cb_id,cbf_id, cs_id , cm_name,cm_type ,cm_order , cm_state) values(28186,14,32,4102,'2017款 370TURBO 两驱豪华版','2017款',2,0);
insert into t_car_model(cm_id ,cb_id,cbf_id, cs_id , cm_name,cm_type ,cm_order , cm_state) values(28187,14,32,4102,'2017款 370TURBO 四驱尊享版','2017款',3,0);
insert into t_car_model(cm_id ,cb_id,cbf_id, cs_id , cm_name,cm_type ,cm_order , cm_state) values(28188,14,32,4102,'2017款 370TURBO 四驱尊贵版','2017款',4,0);
insert into t_car_model(cm_id ,cb_id,cbf_id, cs_id , cm_name,cm_type ,cm_order , cm_state) values(26161,14,32,4102,'2017款 370TURBO 四驱至尊版','2017款',5,0);
insert into t_car_model(cm_id ,cb_id,cbf_id, cs_id , cm_name,cm_type ,cm_order , cm_state) values(29627,14,32,4102,'2017款 240TURBO 两驱精英版','2017款',6,0);
insert into t_car_model(cm_id ,cb_id,cbf_id, cs_id , cm_name,cm_type ,cm_order , cm_state) values(29625,14,32,4102,'2017款 240TURBO 两驱舒享版','2017款',7,0);
insert into t_car_model(cm_id ,cb_id,cbf_id, cs_id , cm_name,cm_type ,cm_order , cm_state) values(29626,14,32,4102,'2017款 240TURBO 两驱豪华版','2017款',8,0);
insert into t_car_model(cm_id ,cb_id,cbf_id, cs_id , cm_name,cm_type ,cm_order , cm_state) values(28254,14,32,4102,'2017款 240TURBO 两驱尊享版','2017款',9,0);
insert into t_car_series(cs_id,cb_id,cbf_id,cs_name,cs_order,cs_letter) values(880,14,32,'奥德赛',575,'A');
insert into t_car_model(cm_id ,cb_id,cbf_id, cs_id , cm_name,cm_type ,cm_order , cm_state) values(39079,14,32,880,'2019款 2.0L 锐・舒享版','2019款',1,0);
insert into t_car_model(cm_id ,cb_id,cbf_id, cs_id , cm_name,cm_type ,cm_order , cm_state) values(39080,14,32,880,'2019款 2.0L 锐・畅享版','2019款',2,0);
insert into t_car_model(cm_id ,cb_id,cbf_id, cs_id , cm_name,cm_type ,cm_order , cm_state) values(39081,14,32,880,'2019款 2.0L 锐・智享版','2019款',3,0);
insert into t_car_model(cm_id ,cb_id,cbf_id, cs_id , cm_name,cm_type ,cm_order , cm_state) values(39082,14,32,880,'2019款 2.0L 锐・尊享版','2019款',4,0);
insert into t_car_model(cm_id ,cb_id,cbf_id, cs_id , cm_name,cm_type ,cm_order , cm_state) values(38714,14,32,880,'2019款 2.0L 锐・至臻版','2019款',5,0);
insert into t_car_model(cm_id ,cb_id,cbf_id, cs_id , cm_name,cm_type ,cm_order , cm_state) values(39083,14,32,880,'2019款 2.0L 锐・至尊版','2019款',6,0);
insert into t_car_model(cm_id ,cb_id,cbf_id, cs_id , cm_name,cm_type ,cm_order , cm_state) values(40005,14,32,880,'2019款 2.0L 锐・尊享福祉版','2019款',7,0);
insert into t_car_model(cm_id ,cb_id,cbf_id, cs_id , cm_name,cm_type ,cm_order , cm_state) values(40006,14,32,880,'2019款 2.0L 锐・至臻福祉版','2019款',8,0);
insert into t_car_model(cm_id ,cb_id,cbf_id, cs_id , cm_name,cm_type ,cm_order , cm_state) values(35175,14,32,880,'2018款 2.4L 舒适版','2018款',1,0);
insert into t_car_model(cm_id ,cb_id,cbf_id, cs_id , cm_name,cm_type ,cm_order , cm_state) values(35176,14,32,880,'2018款 2.4L 豪华版','2018款',2,0);
insert into t_car_model(cm_id ,cb_id,cbf_id, cs_id , cm_name,cm_type ,cm_order , cm_state) values(35177,14,32,880,'2018款 2.4L 智享版','2018款',3,0);
insert into t_car_model(cm_id ,cb_id,cbf_id, cs_id , cm_name,cm_type ,cm_order , cm_state) values(35178,14,32,880,'2018款 2.4L 尊享版','2018款',4,0);
insert into t_car_model(cm_id ,cb_id,cbf_id, cs_id , cm_name,cm_type ,cm_order , cm_state) values(35134,14,32,880,'2018款 2.4L 至尊版','2018款',5,0);
insert into t_car_model(cm_id ,cb_id,cbf_id, cs_id , cm_name,cm_type ,cm_order , cm_state) values(35769,14,32,880,'2018款 2.4L 智享福祉版','2018款',6,0);
insert into t_car_model(cm_id ,cb_id,cbf_id, cs_id , cm_name,cm_type ,cm_order , cm_state) values(35770,14,32,880,'2018款 2.4L 至尊福祉版','2018款',7,0);
insert into t_car_model(cm_id ,cb_id,cbf_id, cs_id , cm_name,cm_type ,cm_order , cm_state) values(28531,14,32,880,'2017款 2.4L 至尊福祉版','2017款',1,0);
insert into t_car_model(cm_id ,cb_id,cbf_id, cs_id , cm_name,cm_type ,cm_order , cm_state) values(29298,14,32,880,'2017款 2.4L 舒适版','2017款',2,0);
insert into t_car_model(cm_id ,cb_id,cbf_id, cs_id , cm_name,cm_type ,cm_order , cm_state) values(29299,14,32,880,'2017款 2.4L 豪华版','2017款',3,0);
insert into t_car_model(cm_id ,cb_id,cbf_id, cs_id , cm_name,cm_type ,cm_order , cm_state) values(29296,14,32,880,'2017款 2.4L 智享版','2017款',4,0);
insert into t_car_model(cm_id ,cb_id,cbf_id, cs_id , cm_name,cm_type ,cm_order , cm_state) values(29297,14,32,880,'2017款 2.4L 智酷版','2017款',5,0);
insert into t_car_model(cm_id ,cb_id,cbf_id, cs_id , cm_name,cm_type ,cm_order , cm_state) values(29300,14,32,880,'2017款 2.4L 至尊版','2017款',6,0);
insert into t_car_model(cm_id ,cb_id,cbf_id, cs_id , cm_name,cm_type ,cm_order , cm_state) values(28530,14,32,880,'2017款  2.4L 智享福祉版','2017款',7,0);
insert into t_car_model(cm_id ,cb_id,cbf_id, cs_id , cm_name,cm_type ,cm_order , cm_state) values(19608,14,32,880,'2015款 2.4L 舒适版','2015款',1,0);
insert into t_car_model(cm_id ,cb_id,cbf_id, cs_id , cm_name,cm_type ,cm_order , cm_state) values(19765,14,32,880,'2015款 2.4L 豪华版','2015款',2,0);
insert into t_car_model(cm_id ,cb_id,cbf_id, cs_id , cm_name,cm_type ,cm_order , cm_state) values(19766,14,32,880,'2015款 2.4L 智享版','2015款',3,0);
insert into t_car_model(cm_id ,cb_id,cbf_id, cs_id , cm_name,cm_type ,cm_order , cm_state) values(19767,14,32,880,'2015款 2.4L 尊享版','2015款',4,0);
insert into t_car_model(cm_id ,cb_id,cbf_id, cs_id , cm_name,cm_type ,cm_order , cm_state) values(19768,14,32,880,'2015款 2.4L 至尊版','2015款',5,0);
insert into t_car_model(cm_id ,cb_id,cbf_id, cs_id , cm_name,cm_type ,cm_order , cm_state) values(23319,14,32,880,'2015款 改款 2.4L 舒适版','2015款',6,0);
insert into t_car_model(cm_id ,cb_id,cbf_id, cs_id , cm_name,cm_type ,cm_order , cm_state) values(23320,14,32,880,'2015款 改款 2.4L 豪华版','2015款',7,0);
insert into t_car_model(cm_id ,cb_id,cbf_id, cs_id , cm_name,cm_type ,cm_order , cm_state) values(23321,14,32,880,'2015款 改款 2.4L 智享版','2015款',8,0);
insert into t_car_model(cm_id ,cb_id,cbf_id, cs_id , cm_name,cm_type ,cm_order , cm_state) values(23309,14,32,880,'2015款 改款 2.4L 智酷版','2015款',9,0);
insert into t_car_model(cm_id ,cb_id,cbf_id, cs_id , cm_name,cm_type ,cm_order , cm_state) values(23322,14,32,880,'2015款 改款 2.4L 至尊版','2015款',10,0);
insert into t_car_model(cm_id ,cb_id,cbf_id, cs_id , cm_name,cm_type ,cm_order , cm_state) values(17807,14,32,880,'2014款 2.4L 舒适版','2014款',1,0);
insert into t_car_model(cm_id ,cb_id,cbf_id, cs_id , cm_name,cm_type ,cm_order , cm_state) values(17808,14,32,880,'2014款 2.4L 精英版','2014款',2,0);
insert into t_car_model(cm_id ,cb_id,cbf_id, cs_id , cm_name,cm_type ,cm_order , cm_state) values(17809,14,32,880,'2014款 2.4L 豪华版','2014款',3,0);
insert into t_car_model(cm_id ,cb_id,cbf_id, cs_id , cm_name,cm_type ,cm_order , cm_state) values(17810,14,32,880,'2014款 2.4L 运动版','2014款',4,0);
insert into t_car_model(cm_id ,cb_id,cbf_id, cs_id , cm_name,cm_type ,cm_order , cm_state) values(17811,14,32,880,'2014款 2.4L 明鉴版','2014款',5,0);
insert into t_car_model(cm_id ,cb_id,cbf_id, cs_id , cm_name,cm_type ,cm_order , cm_state) values(17812,14,32,880,'2014款 2.4L 明鉴领秀版','2014款',6,0);
insert into t_car_model(cm_id ,cb_id,cbf_id, cs_id , cm_name,cm_type ,cm_order , cm_state) values(13481,14,32,880,'2013款 2.4L 舒适版','2013款',1,0);
insert into t_car_model(cm_id ,cb_id,cbf_id, cs_id , cm_name,cm_type ,cm_order , cm_state) values(13444,14,32,880,'2013款 2.4L 精英版','2013款',2,0);
insert into t_car_model(cm_id ,cb_id,cbf_id, cs_id , cm_name,cm_type ,cm_order , cm_state) values(13482,14,32,880,'2013款 2.4L 豪华版','2013款',3,0);
insert into t_car_model(cm_id ,cb_id,cbf_id, cs_id , cm_name,cm_type ,cm_order , cm_state) values(13483,14,32,880,'2013款 2.4L 运动版','2013款',4,0);
insert into t_car_model(cm_id ,cb_id,cbf_id, cs_id , cm_name,cm_type ,cm_order , cm_state) values(13484,14,32,880,'2013款 2.4L 智能版','2013款',5,0);
insert into t_car_model(cm_id ,cb_id,cbf_id, cs_id , cm_name,cm_type ,cm_order , cm_state) values(15379,14,32,880,'2013款 2.4L 明鉴版','2013款',6,0);
insert into t_car_model(cm_id ,cb_id,cbf_id, cs_id , cm_name,cm_type ,cm_order , cm_state) values(13485,14,32,880,'2013款 2.4L 领秀版','2013款',7,0);
insert into t_car_model(cm_id ,cb_id,cbf_id, cs_id , cm_name,cm_type ,cm_order , cm_state) values(15377,14,32,880,'2013款 2.4L 明鉴领秀版','2013款',8,0);
insert into t_car_model(cm_id ,cb_id,cbf_id, cs_id , cm_name,cm_type ,cm_order , cm_state) values(10665,14,32,880,'2011款 劲秀 2.4L 舒适版','2011款',1,0);
insert into t_car_model(cm_id ,cb_id,cbf_id, cs_id , cm_name,cm_type ,cm_order , cm_state) values(10666,14,32,880,'2011款 劲秀 2.4L 豪华版','2011款',2,0);
insert into t_car_model(cm_id ,cb_id,cbf_id, cs_id , cm_name,cm_type ,cm_order , cm_state) values(10667,14,32,880,'2011款 劲秀 2.4L 领秀版','2011款',3,0);
insert into t_car_model(cm_id ,cb_id,cbf_id, cs_id , cm_name,cm_type ,cm_order , cm_state) values(5911,14,32,880,'2009款 2.4L 舒适版','2009款',1,0);
insert into t_car_model(cm_id ,cb_id,cbf_id, cs_id , cm_name,cm_type ,cm_order , cm_state) values(5910,14,32,880,'2009款 2.4L 豪华版','2009款',2,0);
insert into t_car_model(cm_id ,cb_id,cbf_id, cs_id , cm_name,cm_type ,cm_order , cm_state) values(5405,14,32,880,'2009款 2.4L 领秀版','2009款',3,0);
insert into t_car_model(cm_id ,cb_id,cbf_id, cs_id , cm_name,cm_type ,cm_order , cm_state) values(3681,14,32,880,'2008款 2.4L 普通版','2008款',1,0);
insert into t_car_model(cm_id ,cb_id,cbf_id, cs_id , cm_name,cm_type ,cm_order , cm_state) values(3682,14,32,880,'2008款 2.4L 标准版','2008款',2,0);
insert into t_car_model(cm_id ,cb_id,cbf_id, cs_id , cm_name,cm_type ,cm_order , cm_state) values(3683,14,32,880,'2008款 2.4L 舒适版','2008款',3,0);
insert into t_car_model(cm_id ,cb_id,cbf_id, cs_id , cm_name,cm_type ,cm_order , cm_state) values(3684,14,32,880,'2008款 2.4L 豪华版','2008款',4,0);
insert into t_car_model(cm_id ,cb_id,cbf_id, cs_id , cm_name,cm_type ,cm_order , cm_state) values(2750,14,32,880,'2007款 2.4L 普通版','2007款',1,0);
insert into t_car_model(cm_id ,cb_id,cbf_id, cs_id , cm_name,cm_type ,cm_order , cm_state) values(2751,14,32,880,'2007款 2.4L 标准版','2007款',2,0);
insert into t_car_model(cm_id ,cb_id,cbf_id, cs_id , cm_name,cm_type ,cm_order , cm_state) values(2752,14,32,880,'2007款 2.4L 舒适版','2007款',3,0);
insert into t_car_model(cm_id ,cb_id,cbf_id, cs_id , cm_name,cm_type ,cm_order , cm_state) values(2743,14,32,880,'2007款 2.4L 豪华版','2007款',4,0);
insert into t_car_model(cm_id ,cb_id,cbf_id, cs_id , cm_name,cm_type ,cm_order , cm_state) values(1994,14,32,880,'2006款 2.4L 基本型','2006款',1,0);
insert into t_car_model(cm_id ,cb_id,cbf_id, cs_id , cm_name,cm_type ,cm_order , cm_state) values(1995,14,32,880,'2006款 2.4L 舒适型','2006款',2,0);
insert into t_car_model(cm_id ,cb_id,cbf_id, cs_id , cm_name,cm_type ,cm_order , cm_state) values(1993,14,32,880,'2006款 2.4L 豪华型','2006款',3,0);
insert into t_car_model(cm_id ,cb_id,cbf_id, cs_id , cm_name,cm_type ,cm_order , cm_state) values(1473,14,32,880,'2005款 2.4L 基本型','2005款',1,0);
insert into t_car_model(cm_id ,cb_id,cbf_id, cs_id , cm_name,cm_type ,cm_order , cm_state) values(1474,14,32,880,'2005款 2.4L 舒适型','2005款',2,0);
insert into t_car_model(cm_id ,cb_id,cbf_id, cs_id , cm_name,cm_type ,cm_order , cm_state) values(601,14,32,880,'2004款 2.4L 豪华型','2004款',1,0);
insert into t_car_series(cs_id,cb_id,cbf_id,cs_name,cs_order,cs_letter) values(694,14,32,'锋范经典',577,'F');
insert into t_car_model(cm_id ,cb_id,cbf_id, cs_id , cm_name,cm_type ,cm_order , cm_state) values(17402,14,32,694,'2014款 风尚 1.5L 自动精英版','2014款',1,0);
insert into t_car_model(cm_id ,cb_id,cbf_id, cs_id , cm_name,cm_type ,cm_order , cm_state) values(17401,14,32,694,'2014款 风尚 1.5L 手动精英版','2014款',2,0);
insert into t_car_model(cm_id ,cb_id,cbf_id, cs_id , cm_name,cm_type ,cm_order , cm_state) values(11931,14,32,694,'2012款 1.5L 手动舒适版','2012款',1,0);
insert into t_car_model(cm_id ,cb_id,cbf_id, cs_id , cm_name,cm_type ,cm_order , cm_state) values(11932,14,32,694,'2012款 1.5L 手动精英版','2012款',2,0);
insert into t_car_model(cm_id ,cb_id,cbf_id, cs_id , cm_name,cm_type ,cm_order , cm_state) values(11883,14,32,694,'2012款 1.5L 自动精英版','2012款',3,0);
insert into t_car_model(cm_id ,cb_id,cbf_id, cs_id , cm_name,cm_type ,cm_order , cm_state) values(11933,14,32,694,'2012款 1.5L 自动旗舰版','2012款',4,0);
insert into t_car_model(cm_id ,cb_id,cbf_id, cs_id , cm_name,cm_type ,cm_order , cm_state) values(11934,14,32,694,'2012款 1.8L 自动舒适版','2012款',5,0);
insert into t_car_model(cm_id ,cb_id,cbf_id, cs_id , cm_name,cm_type ,cm_order , cm_state) values(11935,14,32,694,'2012款 1.8L 自动豪华版','2012款',6,0);
insert into t_car_model(cm_id ,cb_id,cbf_id, cs_id , cm_name,cm_type ,cm_order , cm_state) values(11936,14,32,694,'2012款 1.8L 自动旗舰版','2012款',7,0);
insert into t_car_model(cm_id ,cb_id,cbf_id, cs_id , cm_name,cm_type ,cm_order , cm_state) values(11153,14,32,694,'2011款 1.5L 手动精英品致版','2011款',1,0);
insert into t_car_model(cm_id ,cb_id,cbf_id, cs_id , cm_name,cm_type ,cm_order , cm_state) values(11154,14,32,694,'2011款 1.5L 自动精英品致版','2011款',2,0);
insert into t_car_model(cm_id ,cb_id,cbf_id, cs_id , cm_name,cm_type ,cm_order , cm_state) values(4719,14,32,694,'2008款 1.5L 手动舒适版','2008款',1,0);
insert into t_car_model(cm_id ,cb_id,cbf_id, cs_id , cm_name,cm_type ,cm_order , cm_state) values(4731,14,32,694,'2008款 1.5L 手动精英版','2008款',2,0);
insert into t_car_model(cm_id ,cb_id,cbf_id, cs_id , cm_name,cm_type ,cm_order , cm_state) values(4706,14,32,694,'2008款 1.5L 自动精英版','2008款',3,0);
insert into t_car_model(cm_id ,cb_id,cbf_id, cs_id , cm_name,cm_type ,cm_order , cm_state) values(4730,14,32,694,'2008款 1.8L 自动舒适版','2008款',4,0);
insert into t_car_model(cm_id ,cb_id,cbf_id, cs_id , cm_name,cm_type ,cm_order , cm_state) values(4663,14,32,694,'2008款 1.8L 自动豪华版','2008款',5,0);
insert into t_car_series(cs_id,cb_id,cbf_id,cs_name,cs_order,cs_letter) values(449,14,32,'思迪',578,'S');
insert into t_car_model(cm_id ,cb_id,cbf_id, cs_id , cm_name,cm_type ,cm_order , cm_state) values(3255,14,32,449,'2007款 1.3L 手动标准版','2007款',1,0);
insert into t_car_model(cm_id ,cb_id,cbf_id, cs_id , cm_name,cm_type ,cm_order , cm_state) values(3256,14,32,449,'2007款 1.5L 手动标准版','2007款',2,0);
insert into t_car_model(cm_id ,cb_id,cbf_id, cs_id , cm_name,cm_type ,cm_order , cm_state) values(3257,14,32,449,'2007款 1.5L 手动舒适版','2007款',3,0);
insert into t_car_model(cm_id ,cb_id,cbf_id, cs_id , cm_name,cm_type ,cm_order , cm_state) values(3258,14,32,449,'2007款 1.5L 自动舒适版','2007款',4,0);
insert into t_car_model(cm_id ,cb_id,cbf_id, cs_id , cm_name,cm_type ,cm_order , cm_state) values(3230,14,32,449,'2007款 1.5L 自动豪华版','2007款',5,0);
insert into t_car_model(cm_id ,cb_id,cbf_id, cs_id , cm_name,cm_type ,cm_order , cm_state) values(2112,14,32,449,'2006款 1.3L 手动','2006款',1,0);
insert into t_car_model(cm_id ,cb_id,cbf_id, cs_id , cm_name,cm_type ,cm_order , cm_state) values(2113,14,32,449,'2006款 1.3L 自动','2006款',2,0);
insert into t_car_model(cm_id ,cb_id,cbf_id, cs_id , cm_name,cm_type ,cm_order , cm_state) values(2114,14,32,449,'2006款 1.5L 手动普通型','2006款',3,0);
insert into t_car_model(cm_id ,cb_id,cbf_id, cs_id , cm_name,cm_type ,cm_order , cm_state) values(2115,14,32,449,'2006款 1.5L 自动标准型','2006款',4,0);
insert into t_car_model(cm_id ,cb_id,cbf_id, cs_id , cm_name,cm_type ,cm_order , cm_state) values(2116,14,32,449,'2006款 1.5L 自动豪华型','2006款',5,0);
insert into t_car_series(cs_id,cb_id,cbf_id,cs_name,cs_order,cs_letter) values(2168,14,32,'歌诗图',579,'G');
insert into t_car_model(cm_id ,cb_id,cbf_id, cs_id , cm_name,cm_type ,cm_order , cm_state) values(24726,14,32,2168,'2016款 2.4L 豪华版','2016款',1,0);
insert into t_car_model(cm_id ,cb_id,cbf_id, cs_id , cm_name,cm_type ,cm_order , cm_state) values(24679,14,32,2168,'2016款 2.4L 豪华导航版','2016款',2,0);
insert into t_car_model(cm_id ,cb_id,cbf_id, cs_id , cm_name,cm_type ,cm_order , cm_state) values(24727,14,32,2168,'2016款 3.0L AWD尊贵版','2016款',3,0);
insert into t_car_model(cm_id ,cb_id,cbf_id, cs_id , cm_name,cm_type ,cm_order , cm_state) values(24728,14,32,2168,'2016款 3.0L AWD尊贵导航版','2016款',4,0);
insert into t_car_model(cm_id ,cb_id,cbf_id, cs_id , cm_name,cm_type ,cm_order , cm_state) values(18915,14,32,2168,'2014款 2.4L 豪华版','2014款',1,0);
insert into t_car_model(cm_id ,cb_id,cbf_id, cs_id , cm_name,cm_type ,cm_order , cm_state) values(18739,14,32,2168,'2014款 2.4L 豪华导航版','2014款',2,0);
insert into t_car_model(cm_id ,cb_id,cbf_id, cs_id , cm_name,cm_type ,cm_order , cm_state) values(18916,14,32,2168,'2014款 3.0L AWD尊贵版','2014款',3,0);
insert into t_car_model(cm_id ,cb_id,cbf_id, cs_id , cm_name,cm_type ,cm_order , cm_state) values(18721,14,32,2168,'2014款 3.0L AWD尊贵导航版','2014款',4,0);
insert into t_car_model(cm_id ,cb_id,cbf_id, cs_id , cm_name,cm_type ,cm_order , cm_state) values(12508,14,32,2168,'2012款 2.4L 豪华版','2012款',1,0);
insert into t_car_model(cm_id ,cb_id,cbf_id, cs_id , cm_name,cm_type ,cm_order , cm_state) values(12464,14,32,2168,'2012款 2.4L 尊享版','2012款',2,0);
insert into t_car_model(cm_id ,cb_id,cbf_id, cs_id , cm_name,cm_type ,cm_order , cm_state) values(7703,14,32,2168,'2011款 3.5L 尊贵版','2011款',1,0);
insert into t_car_model(cm_id ,cb_id,cbf_id, cs_id , cm_name,cm_type ,cm_order , cm_state) values(8713,14,32,2168,'2011款 3.5L 旗舰版','2011款',2,0);
insert into t_car_brand_factory(cbf_id , cb_id , cbf_name ,cbf_letter) values(75,14,'本田(进口)','B');
insert into t_car_series(cs_id,cb_id,cbf_id,cs_name,cs_order,cs_letter) values(900,14,75,'飞度(进口)',590,'F');
insert into t_car_model(cm_id ,cb_id,cbf_id, cs_id , cm_name,cm_type ,cm_order , cm_state) values(8418,14,75,900,'2013款 1.3L Hybrid','2013款',1,0);
insert into t_car_series(cs_id,cb_id,cbf_id,cs_name,cs_order,cs_letter) values(723,14,75,'INSIGHT',593,'I');
insert into t_car_model(cm_id ,cb_id,cbf_id, cs_id , cm_name,cm_type ,cm_order , cm_state) values(14352,14,75,723,'2013款 1.3L 标准型','2013款',1,0);
insert into t_car_series(cs_id,cb_id,cbf_id,cs_name,cs_order,cs_letter) values(231,14,75,'里程',601,'L');
insert into t_car_model(cm_id ,cb_id,cbf_id, cs_id , cm_name,cm_type ,cm_order , cm_state) values(826,14,75,231,'2004款 3.5 AT','2004款',1,0);
insert into t_car_series(cs_id,cb_id,cbf_id,cs_name,cs_order,cs_letter) values(897,14,75,'本田CR-Z',618,'B');
insert into t_car_model(cm_id ,cb_id,cbf_id, cs_id , cm_name,cm_type ,cm_order , cm_state) values(9610,14,75,897,'2012款 hybrid','2012款',1,0);
insert into t_car_series(cs_id,cb_id,cbf_id,cs_name,cs_order,cs_letter) values(233,14,75,'时韵',629,'S');
insert into t_car_model(cm_id ,cb_id,cbf_id, cs_id , cm_name,cm_type ,cm_order , cm_state) values(603,14,75,233,'2004款 2.0 AT','2004款',1,0);
