insert into t_car_brand_factory(cbf_id , cb_id , cbf_name ,cbf_letter) values(555,133,'特斯拉中国','T');
insert into t_car_series(cs_id,cbf_id,cs_name,cs_order,cs_letter) values(5346,555,'Model 3',3456,'M');
insert into t_car_model(cm_id , cs_id , cm_name,cm_type ,cm_order , cm_state) values(40012,5346,'2019款 标准续航后驱升级版','2019款',1,0);
insert into t_car_brand_factory(cbf_id , cb_id , cbf_name ,cbf_letter) values(318,133,'特斯拉（进口）','T');
insert into t_car_series(cs_id,cbf_id,cs_name,cs_order,cs_letter) values(5182,318,'Model Y',3457,'M');
insert into t_car_model(cm_id , cs_id , cm_name,cm_type ,cm_order , cm_state) values(38293,5182,'2019款 长续航后驱版','2019款',1,0);
insert into t_car_model(cm_id , cs_id , cm_name,cm_type ,cm_order , cm_state) values(38294,5182,'2019款 长续航全轮驱动版','2019款',2,0);
insert into t_car_model(cm_id , cs_id , cm_name,cm_type ,cm_order , cm_state) values(38263,5182,'2019款 Performance高性能全轮驱动版','2019款',3,0);
insert into t_car_series(cs_id,cbf_id,cs_name,cs_order,cs_letter) values(2356,318,'Roadster',3458,'R');
insert into t_car_model(cm_id , cs_id , cm_name,cm_type ,cm_order , cm_state) values(38046,2356,'2019款 普通版','2019款',1,0);
insert into t_car_model(cm_id , cs_id , cm_name,cm_type ,cm_order , cm_state) values(32840,2356,'2019款 创始人系列','2019款',2,0);
insert into t_car_series(cs_id,cbf_id,cs_name,cs_order,cs_letter) values(4078,318,'Model 3(进口)',3459,'M');
insert into t_car_model(cm_id , cs_id , cm_name,cm_type ,cm_order , cm_state) values(36961,4078,'2019款 长续航全轮驱动版','2019款',1,0);
insert into t_car_model(cm_id , cs_id , cm_name,cm_type ,cm_order , cm_state) values(36317,4078,'2019款 Performance高性能全轮驱动版','2019款',2,0);
insert into t_car_model(cm_id , cs_id , cm_name,cm_type ,cm_order , cm_state) values(37760,4078,'2019款 长续航后驱版','2019款',3,0);
insert into t_car_model(cm_id , cs_id , cm_name,cm_type ,cm_order , cm_state) values(38737,4078,'2019款 标准续航后驱升级版','2019款',4,0);
insert into t_car_series(cs_id,cbf_id,cs_name,cs_order,cs_letter) values(2357,318,'Model S',3460,'M');
insert into t_car_model(cm_id , cs_id , cm_name,cm_type ,cm_order , cm_state) values(39113,2357,'2019款 长续航版','2019款',1,0);
insert into t_car_model(cm_id , cs_id , cm_name,cm_type ,cm_order , cm_state) values(39114,2357,'2019款 Performance 高性能版','2019款',2,0);
insert into t_car_model(cm_id , cs_id , cm_name,cm_type ,cm_order , cm_state) values(39112,2357,'2019款 标准续航版','2019款',3,0);
insert into t_car_model(cm_id , cs_id , cm_name,cm_type ,cm_order , cm_state) values(30425,2357,'2017款 Model S 75','2017款',1,0);
insert into t_car_model(cm_id , cs_id , cm_name,cm_type ,cm_order , cm_state) values(30426,2357,'2017款 Model S 75D 标准续航版','2017款',2,0);
insert into t_car_model(cm_id , cs_id , cm_name,cm_type ,cm_order , cm_state) values(30427,2357,'2017款 Model S 90D','2017款',3,0);
insert into t_car_model(cm_id , cs_id , cm_name,cm_type ,cm_order , cm_state) values(29112,2357,'2017款 Model S 100D','2017款',4,0);
insert into t_car_model(cm_id , cs_id , cm_name,cm_type ,cm_order , cm_state) values(30428,2357,'2017款 Model S 100D 长续航版','2017款',5,0);
insert into t_car_model(cm_id , cs_id , cm_name,cm_type ,cm_order , cm_state) values(30429,2357,'2017款 Model S P100D Performance高性能版','2017款',6,0);
insert into t_car_model(cm_id , cs_id , cm_name,cm_type ,cm_order , cm_state) values(26709,2357,'2016款 Model S 60','2016款',1,0);
insert into t_car_model(cm_id , cs_id , cm_name,cm_type ,cm_order , cm_state) values(26710,2357,'2016款 Model S 60D','2016款',2,0);
insert into t_car_model(cm_id , cs_id , cm_name,cm_type ,cm_order , cm_state) values(26030,2357,'2016款 Model S 70','2016款',3,0);
insert into t_car_model(cm_id , cs_id , cm_name,cm_type ,cm_order , cm_state) values(26031,2357,'2016款 Model S 70D','2016款',4,0);
insert into t_car_model(cm_id , cs_id , cm_name,cm_type ,cm_order , cm_state) values(26451,2357,'2016款 Model S 75','2016款',5,0);
insert into t_car_model(cm_id , cs_id , cm_name,cm_type ,cm_order , cm_state) values(26452,2357,'2016款 Model S 75D','2016款',6,0);
insert into t_car_model(cm_id , cs_id , cm_name,cm_type ,cm_order , cm_state) values(26032,2357,'2016款 Model S 90D','2016款',7,0);
insert into t_car_model(cm_id , cs_id , cm_name,cm_type ,cm_order , cm_state) values(26029,2357,'2016款 Model S P90D','2016款',8,0);
insert into t_car_model(cm_id , cs_id , cm_name,cm_type ,cm_order , cm_state) values(27449,2357,'2016款 Model S P100D','2016款',9,0);
insert into t_car_model(cm_id , cs_id , cm_name,cm_type ,cm_order , cm_state) values(21709,2357,'2015款 Model S 60','2015款',1,0);
insert into t_car_model(cm_id , cs_id , cm_name,cm_type ,cm_order , cm_state) values(20612,2357,'2015款 Model S 60D','2015款',2,0);
insert into t_car_model(cm_id , cs_id , cm_name,cm_type ,cm_order , cm_state) values(23332,2357,'2015款 Model S 70','2015款',3,0);
insert into t_car_model(cm_id , cs_id , cm_name,cm_type ,cm_order , cm_state) values(23333,2357,'2015款 Model S 90','2015款',4,0);
insert into t_car_model(cm_id , cs_id , cm_name,cm_type ,cm_order , cm_state) values(22299,2357,'2015款 Model S 70D','2015款',5,0);
insert into t_car_model(cm_id , cs_id , cm_name,cm_type ,cm_order , cm_state) values(21710,2357,'2015款 Model S 85','2015款',6,0);
insert into t_car_model(cm_id , cs_id , cm_name,cm_type ,cm_order , cm_state) values(20561,2357,'2015款 Model S 85D','2015款',7,0);
insert into t_car_model(cm_id , cs_id , cm_name,cm_type ,cm_order , cm_state) values(20695,2357,'2015款 Model S P85D','2015款',8,0);
insert into t_car_model(cm_id , cs_id , cm_name,cm_type ,cm_order , cm_state) values(23334,2357,'2015款 Model S 90D','2015款',9,0);
insert into t_car_model(cm_id , cs_id , cm_name,cm_type ,cm_order , cm_state) values(23335,2357,'2015款 Model S P90D','2015款',10,0);
insert into t_car_model(cm_id , cs_id , cm_name,cm_type ,cm_order , cm_state) values(19217,2357,'2014款 Model S 60','2014款',1,0);
insert into t_car_model(cm_id , cs_id , cm_name,cm_type ,cm_order , cm_state) values(18113,2357,'2014款 Model S 85','2014款',2,0);
insert into t_car_model(cm_id , cs_id , cm_name,cm_type ,cm_order , cm_state) values(11053,2357,'2014款 Model S P85','2014款',3,0);
insert into t_car_series(cs_id,cbf_id,cs_name,cs_order,cs_letter) values(2664,318,'Model X',3461,'M');
insert into t_car_model(cm_id , cs_id , cm_name,cm_type ,cm_order , cm_state) values(39116,2664,'2019款 长续航版','2019款',1,0);
insert into t_car_model(cm_id , cs_id , cm_name,cm_type ,cm_order , cm_state) values(39117,2664,'2019款 Performance 高性能版','2019款',2,0);
insert into t_car_model(cm_id , cs_id , cm_name,cm_type ,cm_order , cm_state) values(39115,2664,'2019款 标准续航版','2019款',3,0);
insert into t_car_model(cm_id , cs_id , cm_name,cm_type ,cm_order , cm_state) values(29113,2664,'2017款 Model X 100D 长续航版','2017款',1,0);
insert into t_car_model(cm_id , cs_id , cm_name,cm_type ,cm_order , cm_state) values(27045,2664,'2016款 Model X 60D','2016款',1,0);
insert into t_car_model(cm_id , cs_id , cm_name,cm_type ,cm_order , cm_state) values(26916,2664,'2016款 Model X 75D','2016款',2,0);
insert into t_car_model(cm_id , cs_id , cm_name,cm_type ,cm_order , cm_state) values(25171,2664,'2016款 Model X P90D Signature Red','2016款',3,0);
insert into t_car_model(cm_id , cs_id , cm_name,cm_type ,cm_order , cm_state) values(25172,2664,'2016款 Model X 90D','2016款',4,0);
insert into t_car_model(cm_id , cs_id , cm_name,cm_type ,cm_order , cm_state) values(24049,2664,'2016款 Model X P90D','2016款',5,0);
insert into t_car_model(cm_id , cs_id , cm_name,cm_type ,cm_order , cm_state) values(27452,2664,'2016款 Model X P100D Performance高性能版','2016款',6,0);
