insert into t_car_brand_factory(cbf_id , cb_id , cbf_name ,cbf_letter) values(392,73,'东风英菲尼迪','D');
insert into t_car_series(cs_id,cbf_id,cs_name,cs_order,cs_letter) values(3553,392,'英菲尼迪Q50L',3898,'Y');
insert into t_car_model(cm_id , cs_id , cm_name,cm_type ,cm_order , cm_state) values(39012,3553,'2018款 2.0T 舒适版 国VI','2018款',1,0);
insert into t_car_model(cm_id , cs_id , cm_name,cm_type ,cm_order , cm_state) values(39013,3553,'2018款 2.0T 逸享版 国VI','2018款',2,0);
insert into t_car_model(cm_id , cs_id , cm_name,cm_type ,cm_order , cm_state) values(39014,3553,'2018款 2.0T 进享版 国VI','2018款',3,0);
insert into t_car_model(cm_id , cs_id , cm_name,cm_type ,cm_order , cm_state) values(39015,3553,'2018款 2.0T 菁英运动版 国VI','2018款',4,0);
insert into t_car_model(cm_id , cs_id , cm_name,cm_type ,cm_order , cm_state) values(39016,3553,'2018款 2.0T 豪华版 国VI','2018款',5,0);
insert into t_car_model(cm_id , cs_id , cm_name,cm_type ,cm_order , cm_state) values(39017,3553,'2018款 2.0T 豪华运动版 国VI','2018款',6,0);
insert into t_car_model(cm_id , cs_id , cm_name,cm_type ,cm_order , cm_state) values(33520,3553,'2018款 2.0T 舒适版 国V','2018款',7,0);
insert into t_car_model(cm_id , cs_id , cm_name,cm_type ,cm_order , cm_state) values(33521,3553,'2018款 2.0T 逸享版 国V','2018款',8,0);
insert into t_car_model(cm_id , cs_id , cm_name,cm_type ,cm_order , cm_state) values(33522,3553,'2018款 2.0T 进享版 国V','2018款',9,0);
insert into t_car_model(cm_id , cs_id , cm_name,cm_type ,cm_order , cm_state) values(33514,3553,'2018款 2.0T 菁英运动版 国V','2018款',10,0);
insert into t_car_model(cm_id , cs_id , cm_name,cm_type ,cm_order , cm_state) values(33523,3553,'2018款 2.0T 豪华版 国V','2018款',11,0);
insert into t_car_model(cm_id , cs_id , cm_name,cm_type ,cm_order , cm_state) values(33524,3553,'2018款 2.0T 豪华运动版 国V','2018款',12,0);
insert into t_car_model(cm_id , cs_id , cm_name,cm_type ,cm_order , cm_state) values(25967,3553,'2016款 2.0T 舒适版','2016款',1,0);
insert into t_car_model(cm_id , cs_id , cm_name,cm_type ,cm_order , cm_state) values(25968,3553,'2016款 2.0T 悦享版','2016款',2,0);
insert into t_car_model(cm_id , cs_id , cm_name,cm_type ,cm_order , cm_state) values(25969,3553,'2016款 2.0T 进取版','2016款',3,0);
insert into t_car_model(cm_id , cs_id , cm_name,cm_type ,cm_order , cm_state) values(25970,3553,'2016款 2.0T 菁英运动版','2016款',4,0);
insert into t_car_model(cm_id , cs_id , cm_name,cm_type ,cm_order , cm_state) values(25971,3553,'2016款 2.0T 豪华版','2016款',5,0);
insert into t_car_model(cm_id , cs_id , cm_name,cm_type ,cm_order , cm_state) values(25972,3553,'2016款 2.0T 豪华运动版','2016款',6,0);
insert into t_car_model(cm_id , cs_id , cm_name,cm_type ,cm_order , cm_state) values(20874,3553,'2015款 2.0T 舒适版','2015款',1,0);
insert into t_car_model(cm_id , cs_id , cm_name,cm_type ,cm_order , cm_state) values(19538,3553,'2015款 2.0T 悦享版','2015款',2,0);
insert into t_car_model(cm_id , cs_id , cm_name,cm_type ,cm_order , cm_state) values(20875,3553,'2015款 2.0T 运动版','2015款',3,0);
insert into t_car_model(cm_id , cs_id , cm_name,cm_type ,cm_order , cm_state) values(20876,3553,'2015款 2.0T 豪华版','2015款',4,0);
insert into t_car_model(cm_id , cs_id , cm_name,cm_type ,cm_order , cm_state) values(20877,3553,'2015款 2.0T 豪华运动版','2015款',5,0);
insert into t_car_series(cs_id,cbf_id,cs_name,cs_order,cs_letter) values(3591,392,'英菲尼迪QX50',3899,'Y');
insert into t_car_model(cm_id , cs_id , cm_name,cm_type ,cm_order , cm_state) values(34552,3591,'2018款 2.0T 两驱菁英版','2018款',1,0);
insert into t_car_model(cm_id , cs_id , cm_name,cm_type ,cm_order , cm_state) values(34577,3591,'2018款 2.0T 两驱时尚版','2018款',2,0);
insert into t_car_model(cm_id , cs_id , cm_name,cm_type ,cm_order , cm_state) values(34578,3591,'2018款 2.0T 四驱菁英版','2018款',3,0);
insert into t_car_model(cm_id , cs_id , cm_name,cm_type ,cm_order , cm_state) values(34579,3591,'2018款 2.0T 四驱智能版','2018款',4,0);
insert into t_car_model(cm_id , cs_id , cm_name,cm_type ,cm_order , cm_state) values(34584,3591,'2018款 2.0T 四驱豪华版','2018款',5,0);
insert into t_car_model(cm_id , cs_id , cm_name,cm_type ,cm_order , cm_state) values(34209,3591,'2018款 2.0T 四驱旗舰版','2018款',6,0);
insert into t_car_model(cm_id , cs_id , cm_name,cm_type ,cm_order , cm_state) values(21705,3591,'2015款 2.5L 舒适版','2015款',1,0);
insert into t_car_model(cm_id , cs_id , cm_name,cm_type ,cm_order , cm_state) values(21706,3591,'2015款 2.5L 悦享版','2015款',2,0);
insert into t_car_model(cm_id , cs_id , cm_name,cm_type ,cm_order , cm_state) values(21707,3591,'2015款 2.5L 豪华版','2015款',3,0);
insert into t_car_model(cm_id , cs_id , cm_name,cm_type ,cm_order , cm_state) values(20193,3591,'2015款 2.5L 尊享版','2015款',4,0);
insert into t_car_brand_factory(cbf_id , cb_id , cbf_name ,cbf_letter) values(72,73,'英菲尼迪(进口)','Y');
insert into t_car_series(cs_id,cbf_id,cs_name,cs_order,cs_letter) values(2992,72,'英菲尼迪Q50',3900,'Y');
insert into t_car_model(cm_id , cs_id , cm_name,cm_type ,cm_order , cm_state) values(31381,2992,'2017款 3.5L Hybrid','2017款',1,0);
insert into t_car_model(cm_id , cs_id , cm_name,cm_type ,cm_order , cm_state) values(18591,2992,'2014款 3.7L 舒适版','2014款',1,0);
insert into t_car_model(cm_id , cs_id , cm_name,cm_type ,cm_order , cm_state) values(18592,2992,'2014款 3.7L 豪华版','2014款',2,0);
insert into t_car_model(cm_id , cs_id , cm_name,cm_type ,cm_order , cm_state) values(16814,2992,'2014款 3.7L 豪华运动版','2014款',3,0);
insert into t_car_model(cm_id , cs_id , cm_name,cm_type ,cm_order , cm_state) values(17982,2992,'2014款 2.0T 舒适版','2014款',4,0);
insert into t_car_model(cm_id , cs_id , cm_name,cm_type ,cm_order , cm_state) values(18865,2992,'2014款 2.0T 豪华版','2014款',5,0);
insert into t_car_model(cm_id , cs_id , cm_name,cm_type ,cm_order , cm_state) values(18866,2992,'2014款 2.0T 豪华运动版','2014款',6,0);
insert into t_car_model(cm_id , cs_id , cm_name,cm_type ,cm_order , cm_state) values(18593,2992,'2014款 3.5L Hybrid 豪华运动版','2014款',7,0);
insert into t_car_model(cm_id , cs_id , cm_name,cm_type ,cm_order , cm_state) values(18594,2992,'2014款 3.5L Hybrid 旗舰版','2014款',8,0);
insert into t_car_series(cs_id,cbf_id,cs_name,cs_order,cs_letter) values(3097,72,'英菲尼迪Q70',3901,'Y');
insert into t_car_model(cm_id , cs_id , cm_name,cm_type ,cm_order , cm_state) values(37822,3097,'2019款 Q70L 2.0T 精英版 PLUS','2019款',1,0);
insert into t_car_model(cm_id , cs_id , cm_name,cm_type ,cm_order , cm_state) values(37823,3097,'2019款 Q70L 2.0T 悦享版 PLUS','2019款',2,0);
insert into t_car_model(cm_id , cs_id , cm_name,cm_type ,cm_order , cm_state) values(37824,3097,'2019款 Q70L 2.0T 豪华版 PLUS','2019款',3,0);
insert into t_car_model(cm_id , cs_id , cm_name,cm_type ,cm_order , cm_state) values(36644,3097,'2019款 Q70L 2.0T 精英版','2019款',4,0);
insert into t_car_model(cm_id , cs_id , cm_name,cm_type ,cm_order , cm_state) values(36645,3097,'2019款 Q70L 2.0T 悦享版','2019款',5,0);
insert into t_car_model(cm_id , cs_id , cm_name,cm_type ,cm_order , cm_state) values(36646,3097,'2019款 Q70L 2.0T 豪华版','2019款',6,0);
insert into t_car_model(cm_id , cs_id , cm_name,cm_type ,cm_order , cm_state) values(36647,3097,'2019款 Q70L 2.0T 奢华版','2019款',7,0);
insert into t_car_model(cm_id , cs_id , cm_name,cm_type ,cm_order , cm_state) values(28902,3097,'2017款 Q70L 2.5L 精英版','2017款',1,0);
insert into t_car_model(cm_id , cs_id , cm_name,cm_type ,cm_order , cm_state) values(28903,3097,'2017款 Q70L 2.5L 悦享版','2017款',2,0);
insert into t_car_model(cm_id , cs_id , cm_name,cm_type ,cm_order , cm_state) values(28904,3097,'2017款 Q70L 2.5L 豪华版','2017款',3,0);
insert into t_car_model(cm_id , cs_id , cm_name,cm_type ,cm_order , cm_state) values(28905,3097,'2017款 Q70L 2.5L 奢华版','2017款',4,0);
insert into t_car_model(cm_id , cs_id , cm_name,cm_type ,cm_order , cm_state) values(28906,3097,'2017款 Q70L 3.5L Hybrid 豪华版','2017款',5,0);
insert into t_car_model(cm_id , cs_id , cm_name,cm_type ,cm_order , cm_state) values(28907,3097,'2017款 Q70L 3.5L Hybrid 奢华版','2017款',6,0);
insert into t_car_model(cm_id , cs_id , cm_name,cm_type ,cm_order , cm_state) values(22899,3097,'2015款 Q70L 2.5L 精英版','2015款',1,0);
insert into t_car_model(cm_id , cs_id , cm_name,cm_type ,cm_order , cm_state) values(22876,3097,'2015款 Q70L 2.5L 悦享版','2015款',2,0);
insert into t_car_model(cm_id , cs_id , cm_name,cm_type ,cm_order , cm_state) values(22877,3097,'2015款 Q70L 2.5L 豪华版','2015款',3,0);
insert into t_car_model(cm_id , cs_id , cm_name,cm_type ,cm_order , cm_state) values(22900,3097,'2015款 Q70L 2.5L 奢华版','2015款',4,0);
insert into t_car_model(cm_id , cs_id , cm_name,cm_type ,cm_order , cm_state) values(22901,3097,'2015款 Q70L 3.5L Hybrid 豪华版','2015款',5,0);
insert into t_car_model(cm_id , cs_id , cm_name,cm_type ,cm_order , cm_state) values(22902,3097,'2015款 Q70L 3.5L Hybrid 奢华版','2015款',6,0);
insert into t_car_model(cm_id , cs_id , cm_name,cm_type ,cm_order , cm_state) values(16823,3097,'2013款 Q70L 2.5L 舒适版','2013款',1,0);
insert into t_car_model(cm_id , cs_id , cm_name,cm_type ,cm_order , cm_state) values(16824,3097,'2013款 Q70L 2.5L 雅致版','2013款',2,0);
insert into t_car_model(cm_id , cs_id , cm_name,cm_type ,cm_order , cm_state) values(16825,3097,'2013款 Q70L 2.5L 豪华版','2013款',3,0);
insert into t_car_model(cm_id , cs_id , cm_name,cm_type ,cm_order , cm_state) values(16826,3097,'2013款 Q70L 2.5L 奢华版','2013款',4,0);
insert into t_car_model(cm_id , cs_id , cm_name,cm_type ,cm_order , cm_state) values(16822,3097,'2013款 Q70L 3.5L Hybrid 豪华版','2013款',5,0);
insert into t_car_model(cm_id , cs_id , cm_name,cm_type ,cm_order , cm_state) values(15774,3097,'2013款 Q70L 3.5L Hybrid 奢华版','2013款',6,0);
insert into t_car_series(cs_id,cbf_id,cs_name,cs_order,cs_letter) values(3535,72,'英菲尼迪ESQ',3902,'Y');
insert into t_car_model(cm_id , cs_id , cm_name,cm_type ,cm_order , cm_state) values(20283,3535,'2014款 1.6L 率性版','2014款',1,0);
insert into t_car_model(cm_id , cs_id , cm_name,cm_type ,cm_order , cm_state) values(19425,3535,'2014款 1.6L 率臻版','2014款',2,0);
insert into t_car_model(cm_id , cs_id , cm_name,cm_type ,cm_order , cm_state) values(20284,3535,'2014款 1.6T 率动版','2014款',3,0);
insert into t_car_series(cs_id,cbf_id,cs_name,cs_order,cs_letter) values(3652,72,'英菲尼迪QX30',3903,'Y');
insert into t_car_model(cm_id , cs_id , cm_name,cm_type ,cm_order , cm_state) values(35081,3652,'2018款 1.6T 两驱时尚版','2018款',1,0);
insert into t_car_model(cm_id , cs_id , cm_name,cm_type ,cm_order , cm_state) values(35082,3652,'2018款 1.6T 两驱运动版','2018款',2,0);
insert into t_car_model(cm_id , cs_id , cm_name,cm_type ,cm_order , cm_state) values(35083,3652,'2018款 1.6T 两驱极限版','2018款',3,0);
insert into t_car_model(cm_id , cs_id , cm_name,cm_type ,cm_order , cm_state) values(36083,3652,'2018款 2.0T 四驱运动版','2018款',4,0);
insert into t_car_model(cm_id , cs_id , cm_name,cm_type ,cm_order , cm_state) values(36084,3652,'2018款 2.0T 四驱极限版','2018款',5,0);
insert into t_car_model(cm_id , cs_id , cm_name,cm_type ,cm_order , cm_state) values(30438,3652,'2017款 1.6T 两驱极夜版','2017款',1,0);
insert into t_car_model(cm_id , cs_id , cm_name,cm_type ,cm_order , cm_state) values(28257,3652,'2017款 1.6T 两驱时尚版','2017款',2,0);
insert into t_car_model(cm_id , cs_id , cm_name,cm_type ,cm_order , cm_state) values(28496,3652,'2017款 1.6T 两驱运动版','2017款',3,0);
insert into t_car_model(cm_id , cs_id , cm_name,cm_type ,cm_order , cm_state) values(28498,3652,'2017款 2.0T 四驱时尚版','2017款',4,0);
insert into t_car_model(cm_id , cs_id , cm_name,cm_type ,cm_order , cm_state) values(28322,3652,'2017款 2.0T 四驱运动版','2017款',5,0);
insert into t_car_model(cm_id , cs_id , cm_name,cm_type ,cm_order , cm_state) values(24573,3652,'2017款 2.0T 四驱极限版','2017款',6,0);
insert into t_car_series(cs_id,cbf_id,cs_name,cs_order,cs_letter) values(3043,72,'英菲尼迪QX60',3904,'Y');
insert into t_car_model(cm_id , cs_id , cm_name,cm_type ,cm_order , cm_state) values(41971,3043,'2018款 2.5T Hybrid 两驱卓越版 国VI','2018款',1,0);
insert into t_car_model(cm_id , cs_id , cm_name,cm_type ,cm_order , cm_state) values(41983,3043,'2018款 2.5T Hybrid 四驱全能版 国VI','2018款',2,0);
insert into t_car_model(cm_id , cs_id , cm_name,cm_type ,cm_order , cm_state) values(33499,3043,'2018款 2.5T Hybrid 两驱冠军家庭版','2018款',3,0);
insert into t_car_model(cm_id , cs_id , cm_name,cm_type ,cm_order , cm_state) values(33500,3043,'2018款 2.5T Hybrid 四驱冠军家庭版','2018款',4,0);
insert into t_car_model(cm_id , cs_id , cm_name,cm_type ,cm_order , cm_state) values(27966,3043,'2016款 3.5L 四驱全能版','2016款',1,0);
insert into t_car_model(cm_id , cs_id , cm_name,cm_type ,cm_order , cm_state) values(27965,3043,'2016款 2.5T Hybrid 两驱卓越版 国V','2016款',2,0);
insert into t_car_model(cm_id , cs_id , cm_name,cm_type ,cm_order , cm_state) values(27864,3043,'2016款 2.5T Hybrid 四驱全能版 国V','2016款',3,0);
insert into t_car_model(cm_id , cs_id , cm_name,cm_type ,cm_order , cm_state) values(19831,3043,'2014款 2.5T Hybrid 两驱卓越版','2014款',1,0);
insert into t_car_model(cm_id , cs_id , cm_name,cm_type ,cm_order , cm_state) values(15460,3043,'2014款 2.5T Hybrid 四驱全能版','2014款',2,0);
insert into t_car_model(cm_id , cs_id , cm_name,cm_type ,cm_order , cm_state) values(15873,3043,'2014款 3.5L 两驱卓越版','2014款',3,0);
insert into t_car_model(cm_id , cs_id , cm_name,cm_type ,cm_order , cm_state) values(16833,3043,'2014款 3.5L 四驱全能版','2014款',4,0);
insert into t_car_series(cs_id,cbf_id,cs_name,cs_order,cs_letter) values(3100,72,'英菲尼迪QX80',3905,'Y');
insert into t_car_model(cm_id , cs_id , cm_name,cm_type ,cm_order , cm_state) values(18862,3100,'2016款 5.6L 4WD','2016款',1,0);
insert into t_car_model(cm_id , cs_id , cm_name,cm_type ,cm_order , cm_state) values(15777,3100,'2013款 5.6L 4WD','2013款',1,0);
insert into t_car_series(cs_id,cbf_id,cs_name,cs_order,cs_letter) values(3201,72,'英菲尼迪Q60',3906,'Y');
insert into t_car_model(cm_id , cs_id , cm_name,cm_type ,cm_order , cm_state) values(35194,3201,'2019款 2.0T 豪华版','2019款',1,0);
insert into t_car_model(cm_id , cs_id , cm_name,cm_type ,cm_order , cm_state) values(35195,3201,'2019款 S 2.0T 豪华运动版','2019款',2,0);
insert into t_car_model(cm_id , cs_id , cm_name,cm_type ,cm_order , cm_state) values(29880,3201,'2017款 2.0T 豪华版','2017款',1,0);
insert into t_car_model(cm_id , cs_id , cm_name,cm_type ,cm_order , cm_state) values(30001,3201,'2017款 S 2.0T 豪华运动版','2017款',2,0);
insert into t_car_model(cm_id , cs_id , cm_name,cm_type ,cm_order , cm_state) values(16817,3201,'2013款 3.7L','2013款',1,0);
insert into t_car_series(cs_id,cbf_id,cs_name,cs_order,cs_letter) values(3098,72,'英菲尼迪QX50(进口)',3914,'Y');
insert into t_car_model(cm_id , cs_id , cm_name,cm_type ,cm_order , cm_state) values(16818,3098,'2013款 2.5L 两驱优雅版','2013款',1,0);
insert into t_car_model(cm_id , cs_id , cm_name,cm_type ,cm_order , cm_state) values(16819,3098,'2013款 2.5L 两驱尊雅版','2013款',2,0);
insert into t_car_model(cm_id , cs_id , cm_name,cm_type ,cm_order , cm_state) values(16820,3098,'2013款 2.5L 四驱优雅版','2013款',3,0);
insert into t_car_model(cm_id , cs_id , cm_name,cm_type ,cm_order , cm_state) values(15775,3098,'2013款 2.5L 四驱尊雅版','2013款',4,0);
insert into t_car_model(cm_id , cs_id , cm_name,cm_type ,cm_order , cm_state) values(16821,3098,'2013款 3.7L 四驱版','2013款',5,0);
insert into t_car_series(cs_id,cbf_id,cs_name,cs_order,cs_letter) values(383,72,'英菲尼迪G系',3920,'Y');
insert into t_car_model(cm_id , cs_id , cm_name,cm_type ,cm_order , cm_state) values(13046,383,'2013款 G25 Sedan 运动版','2013款',1,0);
insert into t_car_model(cm_id , cs_id , cm_name,cm_type ,cm_order , cm_state) values(13047,383,'2013款 G25 Sedan 豪华运动版','2013款',2,0);
insert into t_car_model(cm_id , cs_id , cm_name,cm_type ,cm_order , cm_state) values(13357,383,'2013款 G25 Sedan STC限量版','2013款',3,0);
insert into t_car_model(cm_id , cs_id , cm_name,cm_type ,cm_order , cm_state) values(13048,383,'2013款 G37 Sedan','2013款',4,0);
insert into t_car_model(cm_id , cs_id , cm_name,cm_type ,cm_order , cm_state) values(13049,383,'2013款 G37 Coupe','2013款',5,0);
insert into t_car_model(cm_id , cs_id , cm_name,cm_type ,cm_order , cm_state) values(13050,383,'2013款 G37 Convertible','2013款',6,0);
insert into t_car_model(cm_id , cs_id , cm_name,cm_type ,cm_order , cm_state) values(13362,383,'2013款 G37 Convertible红木版','2013款',7,0);
insert into t_car_model(cm_id , cs_id , cm_name,cm_type ,cm_order , cm_state) values(6974,383,'2010款 G25 Sedan 运动版','2010款',1,0);
insert into t_car_model(cm_id , cs_id , cm_name,cm_type ,cm_order , cm_state) values(6861,383,'2010款 G25 Sedan 豪华运动版','2010款',2,0);
insert into t_car_model(cm_id , cs_id , cm_name,cm_type ,cm_order , cm_state) values(6632,383,'2010款 G37 Sedan','2010款',3,0);
insert into t_car_model(cm_id , cs_id , cm_name,cm_type ,cm_order , cm_state) values(6924,383,'2010款 G37 Coupe','2010款',4,0);
insert into t_car_model(cm_id , cs_id , cm_name,cm_type ,cm_order , cm_state) values(6925,383,'2010款 G37 硬顶敞篷紫檀木版','2010款',5,0);
insert into t_car_model(cm_id , cs_id , cm_name,cm_type ,cm_order , cm_state) values(6975,383,'2010款 G37 硬顶敞篷合金版','2010款',6,0);
insert into t_car_model(cm_id , cs_id , cm_name,cm_type ,cm_order , cm_state) values(6976,383,'2010款 G37 硬顶敞篷红木饰版','2010款',7,0);
insert into t_car_model(cm_id , cs_id , cm_name,cm_type ,cm_order , cm_state) values(4591,383,'2009款 G37','2009款',1,0);
insert into t_car_model(cm_id , cs_id , cm_name,cm_type ,cm_order , cm_state) values(4759,383,'2009款 G37S Coupe','2009款',2,0);
insert into t_car_model(cm_id , cs_id , cm_name,cm_type ,cm_order , cm_state) values(3117,383,'2007款 G35 标准版','2007款',1,0);
insert into t_car_model(cm_id , cs_id , cm_name,cm_type ,cm_order , cm_state) values(3118,383,'2007款 G35 至尊版','2007款',2,0);
insert into t_car_model(cm_id , cs_id , cm_name,cm_type ,cm_order , cm_state) values(1411,383,'2004款 Sedan','2004款',1,0);
insert into t_car_model(cm_id , cs_id , cm_name,cm_type ,cm_order , cm_state) values(1410,383,'2004款 Coupe','2004款',2,0);
insert into t_car_series(cs_id,cbf_id,cs_name,cs_order,cs_letter) values(581,72,'英菲尼迪M系',3921,'Y');
insert into t_car_model(cm_id , cs_id , cm_name,cm_type ,cm_order , cm_state) values(12996,581,'2012款 M25L 舒适版','2012款',1,0);
insert into t_car_model(cm_id , cs_id , cm_name,cm_type ,cm_order , cm_state) values(12659,581,'2012款 M25L 雅致版','2012款',2,0);
insert into t_car_model(cm_id , cs_id , cm_name,cm_type ,cm_order , cm_state) values(12997,581,'2012款 M25L 豪华版','2012款',3,0);
insert into t_car_model(cm_id , cs_id , cm_name,cm_type ,cm_order , cm_state) values(12998,581,'2012款 M25L 奢华版','2012款',4,0);
insert into t_car_model(cm_id , cs_id , cm_name,cm_type ,cm_order , cm_state) values(12660,581,'2012款 M35hL 豪华版','2012款',5,0);
insert into t_car_model(cm_id , cs_id , cm_name,cm_type ,cm_order , cm_state) values(12999,581,'2012款 M35hL 奢华版','2012款',6,0);
insert into t_car_model(cm_id , cs_id , cm_name,cm_type ,cm_order , cm_state) values(8593,581,'2011款 M25 舒适型','2011款',1,0);
insert into t_car_model(cm_id , cs_id , cm_name,cm_type ,cm_order , cm_state) values(8594,581,'2011款 M25 豪华型','2011款',2,0);
insert into t_car_model(cm_id , cs_id , cm_name,cm_type ,cm_order , cm_state) values(8595,581,'2011款 M25 奢华型','2011款',3,0);
insert into t_car_model(cm_id , cs_id , cm_name,cm_type ,cm_order , cm_state) values(7161,581,'2011款 M37','2011款',4,0);
insert into t_car_model(cm_id , cs_id , cm_name,cm_type ,cm_order , cm_state) values(4968,581,'2009款 M35','2009款',1,0);
insert into t_car_model(cm_id , cs_id , cm_name,cm_type ,cm_order , cm_state) values(3534,581,'2008款 M35 标准版','2008款',1,0);
insert into t_car_model(cm_id , cs_id , cm_name,cm_type ,cm_order , cm_state) values(3426,581,'2008款 M35 尊尚版','2008款',2,0);
insert into t_car_series(cs_id,cbf_id,cs_name,cs_order,cs_letter) values(605,72,'英菲尼迪EX',3922,'Y');
insert into t_car_model(cm_id , cs_id , cm_name,cm_type ,cm_order , cm_state) values(13352,605,'2013款 EX25 两驱优雅版','2013款',1,0);
insert into t_car_model(cm_id , cs_id , cm_name,cm_type ,cm_order , cm_state) values(13353,605,'2013款 EX25 两驱尊雅版','2013款',2,0);
insert into t_car_model(cm_id , cs_id , cm_name,cm_type ,cm_order , cm_state) values(13354,605,'2013款 EX25 四驱优雅版','2013款',3,0);
insert into t_car_model(cm_id , cs_id , cm_name,cm_type ,cm_order , cm_state) values(13355,605,'2013款 EX25 四驱尊雅版','2013款',4,0);
insert into t_car_model(cm_id , cs_id , cm_name,cm_type ,cm_order , cm_state) values(13356,605,'2013款 EX37','2013款',5,0);
insert into t_car_model(cm_id , cs_id , cm_name,cm_type ,cm_order , cm_state) values(10579,605,'2011款 EX25 优雅版','2011款',1,0);
insert into t_car_model(cm_id , cs_id , cm_name,cm_type ,cm_order , cm_state) values(11298,605,'2011款 EX25 尊雅版','2011款',2,0);
insert into t_car_model(cm_id , cs_id , cm_name,cm_type ,cm_order , cm_state) values(10578,605,'2011款 EX35','2011款',3,0);
insert into t_car_model(cm_id , cs_id , cm_name,cm_type ,cm_order , cm_state) values(7001,605,'2010款 EX25 优雅版','2010款',1,0);
insert into t_car_model(cm_id , cs_id , cm_name,cm_type ,cm_order , cm_state) values(6862,605,'2010款 EX25 尊雅版','2010款',2,0);
insert into t_car_model(cm_id , cs_id , cm_name,cm_type ,cm_order , cm_state) values(7002,605,'2010款 EX35','2010款',3,0);
insert into t_car_model(cm_id , cs_id , cm_name,cm_type ,cm_order , cm_state) values(5459,605,'2009款 EX35 风尚版','2009款',1,0);
insert into t_car_model(cm_id , cs_id , cm_name,cm_type ,cm_order , cm_state) values(5460,605,'2009款 EX35 风华版','2009款',2,0);
insert into t_car_model(cm_id , cs_id , cm_name,cm_type ,cm_order , cm_state) values(3882,605,'2008款 EX35 风尚版','2008款',1,0);
insert into t_car_model(cm_id , cs_id , cm_name,cm_type ,cm_order , cm_state) values(4285,605,'2008款 EX35 风华版','2008款',2,0);
insert into t_car_series(cs_id,cbf_id,cs_name,cs_order,cs_letter) values(122,72,'英菲尼迪FX',3923,'Y');
insert into t_car_model(cm_id , cs_id , cm_name,cm_type ,cm_order , cm_state) values(13358,122,'2013款 FX37 标准版','2013款',1,0);
insert into t_car_model(cm_id , cs_id , cm_name,cm_type ,cm_order , cm_state) values(15418,122,'2013款 FX37 标准升级版','2013款',2,0);
insert into t_car_model(cm_id , cs_id , cm_name,cm_type ,cm_order , cm_state) values(15419,122,'2013款 FX37 超越升级版','2013款',3,0);
insert into t_car_model(cm_id , cs_id , cm_name,cm_type ,cm_order , cm_state) values(13359,122,'2013款 FX37 超越版','2013款',4,0);
insert into t_car_model(cm_id , cs_id , cm_name,cm_type ,cm_order , cm_state) values(13360,122,'2013款 FX37 五周年限量版','2013款',5,0);
insert into t_car_model(cm_id , cs_id , cm_name,cm_type ,cm_order , cm_state) values(15421,122,'2013款 FX50 巅峰升级版','2013款',6,0);
insert into t_car_model(cm_id , cs_id , cm_name,cm_type ,cm_order , cm_state) values(13361,122,'2013款 FX50 巅峰版','2013款',7,0);
insert into t_car_model(cm_id , cs_id , cm_name,cm_type ,cm_order , cm_state) values(10557,122,'2011款 FX35 标准版','2011款',1,0);
insert into t_car_model(cm_id , cs_id , cm_name,cm_type ,cm_order , cm_state) values(10558,122,'2011款 FX35 超越版','2011款',2,0);
insert into t_car_model(cm_id , cs_id , cm_name,cm_type ,cm_order , cm_state) values(10559,122,'2011款 FX50 巅峰版','2011款',3,0);
insert into t_car_model(cm_id , cs_id , cm_name,cm_type ,cm_order , cm_state) values(9377,122,'2011款 FX35 金尚标准版','2011款',4,0);
insert into t_car_model(cm_id , cs_id , cm_name,cm_type ,cm_order , cm_state) values(9378,122,'2011款 FX35 金尚超越版','2011款',5,0);
insert into t_car_model(cm_id , cs_id , cm_name,cm_type ,cm_order , cm_state) values(9379,122,'2011款 FX50 金尚巅峰版','2011款',6,0);
insert into t_car_model(cm_id , cs_id , cm_name,cm_type ,cm_order , cm_state) values(7715,122,'2010款 FX35 标准版','2010款',1,0);
insert into t_car_model(cm_id , cs_id , cm_name,cm_type ,cm_order , cm_state) values(7716,122,'2010款 FX35 超越版','2010款',2,0);
insert into t_car_model(cm_id , cs_id , cm_name,cm_type ,cm_order , cm_state) values(7717,122,'2010款 FX50 巅峰版','2010款',3,0);
insert into t_car_model(cm_id , cs_id , cm_name,cm_type ,cm_order , cm_state) values(4859,122,'2009款 FX35 标准版','2009款',1,0);
insert into t_car_model(cm_id , cs_id , cm_name,cm_type ,cm_order , cm_state) values(4831,122,'2009款 FX35 超越版','2009款',2,0);
insert into t_car_model(cm_id , cs_id , cm_name,cm_type ,cm_order , cm_state) values(4561,122,'2009款 FX50 巅峰版','2009款',3,0);
insert into t_car_model(cm_id , cs_id , cm_name,cm_type ,cm_order , cm_state) values(3119,122,'2007款 FX35 标准版','2007款',1,0);
insert into t_car_model(cm_id , cs_id , cm_name,cm_type ,cm_order , cm_state) values(3120,122,'2007款 FX35 超越版','2007款',2,0);
insert into t_car_model(cm_id , cs_id , cm_name,cm_type ,cm_order , cm_state) values(3121,122,'2007款 FX45 巅峰版','2007款',3,0);
insert into t_car_model(cm_id , cs_id , cm_name,cm_type ,cm_order , cm_state) values(622,122,'2004款 FX45','2004款',1,0);
insert into t_car_series(cs_id,cbf_id,cs_name,cs_order,cs_letter) values(2400,72,'英菲尼迪JX',3924,'Y');
insert into t_car_model(cm_id , cs_id , cm_name,cm_type ,cm_order , cm_state) values(13767,2400,'2013款 JX35 两驱卓越版','2013款',1,0);
insert into t_car_model(cm_id , cs_id , cm_name,cm_type ,cm_order , cm_state) values(11319,2400,'2013款 JX35 四驱全能版','2013款',2,0);
insert into t_car_series(cs_id,cbf_id,cs_name,cs_order,cs_letter) values(3099,72,'英菲尼迪QX70',3925,'Y');
insert into t_car_model(cm_id , cs_id , cm_name,cm_type ,cm_order , cm_state) values(19832,3099,'2015款 3.7L 绝影版','2015款',1,0);
insert into t_car_model(cm_id , cs_id , cm_name,cm_type ,cm_order , cm_state) values(15776,3099,'2013款 3.7L 标准版','2013款',1,0);
insert into t_car_model(cm_id , cs_id , cm_name,cm_type ,cm_order , cm_state) values(16828,3099,'2013款 3.5L 标准版','2013款',2,0);
insert into t_car_model(cm_id , cs_id , cm_name,cm_type ,cm_order , cm_state) values(16829,3099,'2013款 3.5L 超越版','2013款',3,0);
insert into t_car_model(cm_id , cs_id , cm_name,cm_type ,cm_order , cm_state) values(16830,3099,'2013款 3.7L 超越版','2013款',4,0);
insert into t_car_model(cm_id , cs_id , cm_name,cm_type ,cm_order , cm_state) values(16831,3099,'2013款 5.0L 巅峰版','2013款',5,0);
insert into t_car_series(cs_id,cbf_id,cs_name,cs_order,cs_letter) values(416,72,'英菲尼迪QX',3926,'Y');
insert into t_car_model(cm_id , cs_id , cm_name,cm_type ,cm_order , cm_state) values(15417,416,'2013款 QX56 升级版','2013款',1,0);
insert into t_car_model(cm_id , cs_id , cm_name,cm_type ,cm_order , cm_state) values(13305,416,'2013款 QX56','2013款',2,0);
insert into t_car_model(cm_id , cs_id , cm_name,cm_type ,cm_order , cm_state) values(7441,416,'2011款 QX56','2011款',1,0);
insert into t_car_model(cm_id , cs_id , cm_name,cm_type ,cm_order , cm_state) values(1690,416,'2004款 QX56','2004款',1,0);
insert into t_car_series(cs_id,cbf_id,cs_name,cs_order,cs_letter) values(3202,72,'英菲尼迪Q60S',3928,'Y');
insert into t_car_model(cm_id , cs_id , cm_name,cm_type ,cm_order , cm_state) values(16827,3202,'2013款 3.7L','2013款',1,0);
