insert into t_car_brand_factory(cbf_id , cb_id , cbf_name ,cbf_letter) values(57,62,'东风悦达起亚','D');
insert into t_car_series(cs_id,cb_id,cbf_id,cs_name,cs_order,cs_letter) values(4505,62,57,'KX CROSS',2946,'K');
insert into t_car_model(cm_id ,cb_id,cbf_id, cs_id , cm_name,cm_type ,cm_order , cm_state) values(42394,62,57,4505,'2019款 1.4L AT GLS 国V','2019款',1,0);
insert into t_car_model(cm_id ,cb_id,cbf_id, cs_id , cm_name,cm_type ,cm_order , cm_state) values(42395,62,57,4505,'2019款 1.4L AT GLS 国VI','2019款',2,0);
insert into t_car_model(cm_id ,cb_id,cbf_id, cs_id , cm_name,cm_type ,cm_order , cm_state) values(42396,62,57,4505,'2019款 1.6L 自动灵动天窗版 国V','2019款',3,0);
insert into t_car_model(cm_id ,cb_id,cbf_id, cs_id , cm_name,cm_type ,cm_order , cm_state) values(42397,62,57,4505,'2019款  1.6L 自动灵动天窗版 国VI','2019款',4,0);
insert into t_car_model(cm_id ,cb_id,cbf_id, cs_id , cm_name,cm_type ,cm_order , cm_state) values(35509,62,57,4505,'2018款 1.6L 自动灵动天窗版','2018款',1,0);
insert into t_car_model(cm_id ,cb_id,cbf_id, cs_id , cm_name,cm_type ,cm_order , cm_state) values(31157,62,57,4505,'2017款 1.4L MT GLS','2017款',1,0);
insert into t_car_model(cm_id ,cb_id,cbf_id, cs_id , cm_name,cm_type ,cm_order , cm_state) values(31328,62,57,4505,'2017款 1.4L AT GLS','2017款',2,0);
insert into t_car_series(cs_id,cb_id,cbf_id,cs_name,cs_order,cs_letter) values(4387,62,57,'焕驰',2947,'H');
insert into t_car_model(cm_id ,cb_id,cbf_id, cs_id , cm_name,cm_type ,cm_order , cm_state) values(42384,62,57,4387,'2019款 1.4L 手动智享版Value 国V','2019款',1,0);
insert into t_car_model(cm_id ,cb_id,cbf_id, cs_id , cm_name,cm_type ,cm_order , cm_state) values(42378,62,57,4387,'2019款 1.4L 手动智享版Value 国VI','2019款',2,0);
insert into t_car_model(cm_id ,cb_id,cbf_id, cs_id , cm_name,cm_type ,cm_order , cm_state) values(42385,62,57,4387,'2019款 1.4L 自动智享版Value 国V','2019款',3,0);
insert into t_car_model(cm_id ,cb_id,cbf_id, cs_id , cm_name,cm_type ,cm_order , cm_state) values(42379,62,57,4387,'2019款 1.4L 自动智享版Value 国VI','2019款',4,0);
insert into t_car_model(cm_id ,cb_id,cbf_id, cs_id , cm_name,cm_type ,cm_order , cm_state) values(42388,62,57,4387,'2019款 1.4L 手动豪华版Deluxe 国V','2019款',5,0);
insert into t_car_model(cm_id ,cb_id,cbf_id, cs_id , cm_name,cm_type ,cm_order , cm_state) values(42380,62,57,4387,'2019款 1.4L 手动豪华版Deluxe 国VI','2019款',6,0);
insert into t_car_model(cm_id ,cb_id,cbf_id, cs_id , cm_name,cm_type ,cm_order , cm_state) values(42391,62,57,4387,'2019款 1.4L 自动豪华版Deluxe 国V','2019款',7,0);
insert into t_car_model(cm_id ,cb_id,cbf_id, cs_id , cm_name,cm_type ,cm_order , cm_state) values(42381,62,57,4387,'2019款 1.4L 自动豪华版Deluxe 国VI','2019款',8,0);
insert into t_car_model(cm_id ,cb_id,cbf_id, cs_id , cm_name,cm_type ,cm_order , cm_state) values(31946,62,57,4387,'2017款 1.4L 手动时尚版Smart','2017款',1,0);
insert into t_car_model(cm_id ,cb_id,cbf_id, cs_id , cm_name,cm_type ,cm_order , cm_state) values(31947,62,57,4387,'2017款 1.4L 手动智享版Value','2017款',2,0);
insert into t_car_model(cm_id ,cb_id,cbf_id, cs_id , cm_name,cm_type ,cm_order , cm_state) values(31949,62,57,4387,'2017款 1.4L 手动豪华版Deluxe','2017款',3,0);
insert into t_car_model(cm_id ,cb_id,cbf_id, cs_id , cm_name,cm_type ,cm_order , cm_state) values(31948,62,57,4387,'2017款 1.4L 自动智享版Value','2017款',4,0);
insert into t_car_model(cm_id ,cb_id,cbf_id, cs_id , cm_name,cm_type ,cm_order , cm_state) values(30031,62,57,4387,'2017款 1.4L 自动豪华版Deluxe','2017款',5,0);
insert into t_car_series(cs_id,cb_id,cbf_id,cs_name,cs_order,cs_letter) values(2319,62,57,'起亚K2',2948,'Q');
insert into t_car_model(cm_id ,cb_id,cbf_id, cs_id , cm_name,cm_type ,cm_order , cm_state) values(42382,62,57,2319,'2019款 三厢 1.4L MT GL 国V','2019款',1,0);
insert into t_car_model(cm_id ,cb_id,cbf_id, cs_id , cm_name,cm_type ,cm_order , cm_state) values(42383,62,57,2319,'2019款 三厢 1.4L MT GL 国VI','2019款',2,0);
insert into t_car_model(cm_id ,cb_id,cbf_id, cs_id , cm_name,cm_type ,cm_order , cm_state) values(42386,62,57,2319,'2019款 三厢 1.6L AT Premium 国V','2019款',3,0);
insert into t_car_model(cm_id ,cb_id,cbf_id, cs_id , cm_name,cm_type ,cm_order , cm_state) values(42387,62,57,2319,'2019款 三厢 1.6L AT Premium 国VI','2019款',4,0);
insert into t_car_model(cm_id ,cb_id,cbf_id, cs_id , cm_name,cm_type ,cm_order , cm_state) values(42390,62,57,2319,'2019款 三厢 1.4L MT 15周年特别版GLS 国V','2019款',5,0);
insert into t_car_model(cm_id ,cb_id,cbf_id, cs_id , cm_name,cm_type ,cm_order , cm_state) values(42389,62,57,2319,'2019款 三厢 1.4L MT 15周年特别版GLS 国VI','2019款',6,0);
insert into t_car_model(cm_id ,cb_id,cbf_id, cs_id , cm_name,cm_type ,cm_order , cm_state) values(42392,62,57,2319,'2019款 三厢 1.4L AT 15周年特别版GLS 国V','2019款',7,0);
insert into t_car_model(cm_id ,cb_id,cbf_id, cs_id , cm_name,cm_type ,cm_order , cm_state) values(42393,62,57,2319,'2019款 三厢 1.4L AT 15周年特别版GLS 国VI','2019款',8,0);
insert into t_car_model(cm_id ,cb_id,cbf_id, cs_id , cm_name,cm_type ,cm_order , cm_state) values(28296,62,57,2319,'2017款 三厢 1.4L MT DLX','2017款',1,0);
insert into t_car_model(cm_id ,cb_id,cbf_id, cs_id , cm_name,cm_type ,cm_order , cm_state) values(28294,62,57,2319,'2017款 三厢 1.4L MT GL','2017款',2,0);
insert into t_car_model(cm_id ,cb_id,cbf_id, cs_id , cm_name,cm_type ,cm_order , cm_state) values(28295,62,57,2319,'2017款 三厢 1.4L MT GLS','2017款',3,0);
insert into t_car_model(cm_id ,cb_id,cbf_id, cs_id , cm_name,cm_type ,cm_order , cm_state) values(32334,62,57,2319,'2017款 三厢 1.4L MT 15周年特别版GLS','2017款',4,0);
insert into t_car_model(cm_id ,cb_id,cbf_id, cs_id , cm_name,cm_type ,cm_order , cm_state) values(28284,62,57,2319,'2017款 三厢 1.4L AT GLS','2017款',5,0);
insert into t_car_model(cm_id ,cb_id,cbf_id, cs_id , cm_name,cm_type ,cm_order , cm_state) values(32335,62,57,2319,'2017款 三厢 1.4L AT 15周年特别版GLS','2017款',6,0);
insert into t_car_model(cm_id ,cb_id,cbf_id, cs_id , cm_name,cm_type ,cm_order , cm_state) values(27860,62,57,2319,'2017款  三厢 1.6L AT Premium','2017款',7,0);
insert into t_car_model(cm_id ,cb_id,cbf_id, cs_id , cm_name,cm_type ,cm_order , cm_state) values(22292,62,57,2319,'2015款 两厢 1.4L MT GL','2015款',1,0);
insert into t_car_model(cm_id ,cb_id,cbf_id, cs_id , cm_name,cm_type ,cm_order , cm_state) values(22293,62,57,2319,'2015款 两厢 1.4L MT GLS','2015款',2,0);
insert into t_car_model(cm_id ,cb_id,cbf_id, cs_id , cm_name,cm_type ,cm_order , cm_state) values(22294,62,57,2319,'2015款 两厢 1.4L AT GLS','2015款',3,0);
insert into t_car_model(cm_id ,cb_id,cbf_id, cs_id , cm_name,cm_type ,cm_order , cm_state) values(22295,62,57,2319,'2015款 两厢 1.4L MT GLS炫酷版','2015款',4,0);
insert into t_car_model(cm_id ,cb_id,cbf_id, cs_id , cm_name,cm_type ,cm_order , cm_state) values(22296,62,57,2319,'2015款 两厢 1.4L AT GLS炫酷版','2015款',5,0);
insert into t_car_model(cm_id ,cb_id,cbf_id, cs_id , cm_name,cm_type ,cm_order , cm_state) values(22297,62,57,2319,'2015款 两厢 1.6L AT Premium','2015款',6,0);
insert into t_car_model(cm_id ,cb_id,cbf_id, cs_id , cm_name,cm_type ,cm_order , cm_state) values(20854,62,57,2319,'2015款 三厢 1.4L MT GL','2015款',7,0);
insert into t_car_model(cm_id ,cb_id,cbf_id, cs_id , cm_name,cm_type ,cm_order , cm_state) values(20855,62,57,2319,'2015款 三厢 1.4L MT GLS','2015款',8,0);
insert into t_car_model(cm_id ,cb_id,cbf_id, cs_id , cm_name,cm_type ,cm_order , cm_state) values(20762,62,57,2319,'2015款 三厢 1.4L AT GLS','2015款',9,0);
insert into t_car_model(cm_id ,cb_id,cbf_id, cs_id , cm_name,cm_type ,cm_order , cm_state) values(20849,62,57,2319,'2015款 三厢 1.4L MT TOP','2015款',10,0);
insert into t_car_model(cm_id ,cb_id,cbf_id, cs_id , cm_name,cm_type ,cm_order , cm_state) values(20850,62,57,2319,'2015款 三厢 1.4L AT TOP','2015款',11,0);
insert into t_car_model(cm_id ,cb_id,cbf_id, cs_id , cm_name,cm_type ,cm_order , cm_state) values(20851,62,57,2319,'2015款 三厢 1.4L AT Premium','2015款',12,0);
insert into t_car_model(cm_id ,cb_id,cbf_id, cs_id , cm_name,cm_type ,cm_order , cm_state) values(20852,62,57,2319,'2015款 三厢 1.6L AT Premium','2015款',13,0);
insert into t_car_model(cm_id ,cb_id,cbf_id, cs_id , cm_name,cm_type ,cm_order , cm_state) values(11900,62,57,2319,'2012款 三厢 1.6L AT Premium ECO','2012款',1,0);
insert into t_car_model(cm_id ,cb_id,cbf_id, cs_id , cm_name,cm_type ,cm_order , cm_state) values(13551,62,57,2319,'2012款 三厢 1.4L MT GL纪念版','2012款',2,0);
insert into t_car_model(cm_id ,cb_id,cbf_id, cs_id , cm_name,cm_type ,cm_order , cm_state) values(13552,62,57,2319,'2012款 三厢 1.4L MT GLS纪念版','2012款',3,0);
insert into t_car_model(cm_id ,cb_id,cbf_id, cs_id , cm_name,cm_type ,cm_order , cm_state) values(11944,62,57,2319,'2012款 两厢 1.4L MT GL','2012款',4,0);
insert into t_car_model(cm_id ,cb_id,cbf_id, cs_id , cm_name,cm_type ,cm_order , cm_state) values(11945,62,57,2319,'2012款 两厢 1.4L MT GLS','2012款',5,0);
insert into t_car_model(cm_id ,cb_id,cbf_id, cs_id , cm_name,cm_type ,cm_order , cm_state) values(13545,62,57,2319,'2012款 两厢 1.4L MT GL纪念版','2012款',6,0);
insert into t_car_model(cm_id ,cb_id,cbf_id, cs_id , cm_name,cm_type ,cm_order , cm_state) values(13546,62,57,2319,'2012款 两厢 1.4L MT GLS纪念版','2012款',7,0);
insert into t_car_model(cm_id ,cb_id,cbf_id, cs_id , cm_name,cm_type ,cm_order , cm_state) values(13547,62,57,2319,'2012款 两厢 1.4L MT 炫酷纪念版','2012款',8,0);
insert into t_car_model(cm_id ,cb_id,cbf_id, cs_id , cm_name,cm_type ,cm_order , cm_state) values(13548,62,57,2319,'2012款 两厢 1.4L AT GLS纪念版','2012款',9,0);
insert into t_car_model(cm_id ,cb_id,cbf_id, cs_id , cm_name,cm_type ,cm_order , cm_state) values(13549,62,57,2319,'2012款 两厢 1.4L AT 炫酷纪念版','2012款',10,0);
insert into t_car_model(cm_id ,cb_id,cbf_id, cs_id , cm_name,cm_type ,cm_order , cm_state) values(13550,62,57,2319,'2012款 两厢 1.6L AT Premium纪念版','2012款',11,0);
insert into t_car_model(cm_id ,cb_id,cbf_id, cs_id , cm_name,cm_type ,cm_order , cm_state) values(11946,62,57,2319,'2012款 两厢 1.4L AT GLS','2012款',12,0);
insert into t_car_model(cm_id ,cb_id,cbf_id, cs_id , cm_name,cm_type ,cm_order , cm_state) values(11412,62,57,2319,'2012款 两厢 1.6L AT Premium','2012款',13,0);
insert into t_car_model(cm_id ,cb_id,cbf_id, cs_id , cm_name,cm_type ,cm_order , cm_state) values(13553,62,57,2319,'2012款 三厢 1.4L AT GLS纪念版','2012款',14,0);
insert into t_car_model(cm_id ,cb_id,cbf_id, cs_id , cm_name,cm_type ,cm_order , cm_state) values(13554,62,57,2319,'2012款 三厢 1.4L MT TOP纪念版','2012款',15,0);
insert into t_car_model(cm_id ,cb_id,cbf_id, cs_id , cm_name,cm_type ,cm_order , cm_state) values(13555,62,57,2319,'2012款 三厢 1.4L AT TOP纪念版','2012款',16,0);
insert into t_car_model(cm_id ,cb_id,cbf_id, cs_id , cm_name,cm_type ,cm_order , cm_state) values(13556,62,57,2319,'2012款 三厢 1.4L AT Premium ECO纪念版','2012款',17,0);
insert into t_car_model(cm_id ,cb_id,cbf_id, cs_id , cm_name,cm_type ,cm_order , cm_state) values(13557,62,57,2319,'2012款 三厢 1.6L AT Premium纪念版','2012款',18,0);
insert into t_car_model(cm_id ,cb_id,cbf_id, cs_id , cm_name,cm_type ,cm_order , cm_state) values(13558,62,57,2319,'2012款 三厢 1.6L AT Premium ECO纪念版','2012款',19,0);
insert into t_car_model(cm_id ,cb_id,cbf_id, cs_id , cm_name,cm_type ,cm_order , cm_state) values(10522,62,57,2319,'2011款 三厢 1.4L MT GL','2011款',1,0);
insert into t_car_model(cm_id ,cb_id,cbf_id, cs_id , cm_name,cm_type ,cm_order , cm_state) values(10361,62,57,2319,'2011款 三厢 1.4L MT GLS','2011款',2,0);
insert into t_car_model(cm_id ,cb_id,cbf_id, cs_id , cm_name,cm_type ,cm_order , cm_state) values(10396,62,57,2319,'2011款 三厢 1.4L AT GLS','2011款',3,0);
insert into t_car_model(cm_id ,cb_id,cbf_id, cs_id , cm_name,cm_type ,cm_order , cm_state) values(10523,62,57,2319,'2011款 三厢 1.4L MT TOP','2011款',4,0);
insert into t_car_model(cm_id ,cb_id,cbf_id, cs_id , cm_name,cm_type ,cm_order , cm_state) values(10362,62,57,2319,'2011款 三厢 1.4L AT TOP','2011款',5,0);
insert into t_car_model(cm_id ,cb_id,cbf_id, cs_id , cm_name,cm_type ,cm_order , cm_state) values(10524,62,57,2319,'2011款 三厢 1.4L AT Premium ECO','2011款',6,0);
insert into t_car_model(cm_id ,cb_id,cbf_id, cs_id , cm_name,cm_type ,cm_order , cm_state) values(9892,62,57,2319,'2011款 三厢 1.6L AT Premium','2011款',7,0);
insert into t_car_series(cs_id,cb_id,cbf_id,cs_name,cs_order,cs_letter) values(813,62,57,'福瑞迪',2949,'F');
insert into t_car_model(cm_id ,cb_id,cbf_id, cs_id , cm_name,cm_type ,cm_order , cm_state) values(38641,62,57,813,'2019款 1.6L 手动舒适版 国V','2019款',1,0);
insert into t_car_model(cm_id ,cb_id,cbf_id, cs_id , cm_name,cm_type ,cm_order , cm_state) values(38645,62,57,813,'2019款 1.6L 手动舒适版 国VI','2019款',2,0);
insert into t_car_model(cm_id ,cb_id,cbf_id, cs_id , cm_name,cm_type ,cm_order , cm_state) values(38642,62,57,813,'2019款 1.6L 自动风尚版 国V','2019款',3,0);
insert into t_car_model(cm_id ,cb_id,cbf_id, cs_id , cm_name,cm_type ,cm_order , cm_state) values(38646,62,57,813,'2019款 1.6L 自动风尚版 国VI','2019款',4,0);
insert into t_car_model(cm_id ,cb_id,cbf_id, cs_id , cm_name,cm_type ,cm_order , cm_state) values(38643,62,57,813,'2019款 1.6L 手动智享天窗版 国V','2019款',5,0);
insert into t_car_model(cm_id ,cb_id,cbf_id, cs_id , cm_name,cm_type ,cm_order , cm_state) values(38647,62,57,813,'2019款 1.6L 手动智享天窗版 国VI','2019款',6,0);
insert into t_car_model(cm_id ,cb_id,cbf_id, cs_id , cm_name,cm_type ,cm_order , cm_state) values(38644,62,57,813,'2019款 1.6L 自动智享互联版 国V','2019款',7,0);
insert into t_car_model(cm_id ,cb_id,cbf_id, cs_id , cm_name,cm_type ,cm_order , cm_state) values(38648,62,57,813,'2019款 1.6L 自动智享互联版 国VI','2019款',8,0);
insert into t_car_model(cm_id ,cb_id,cbf_id, cs_id , cm_name,cm_type ,cm_order , cm_state) values(32534,62,57,813,'2018款 1.6L 手动舒适版Smart','2018款',1,0);
insert into t_car_model(cm_id ,cb_id,cbf_id, cs_id , cm_name,cm_type ,cm_order , cm_state) values(32535,62,57,813,'2018款 1.6L 手动智享天窗版Value','2018款',2,0);
insert into t_car_model(cm_id ,cb_id,cbf_id, cs_id , cm_name,cm_type ,cm_order , cm_state) values(34755,62,57,813,'2018款 1.6L 自动Smart','2018款',3,0);
insert into t_car_model(cm_id ,cb_id,cbf_id, cs_id , cm_name,cm_type ,cm_order , cm_state) values(32536,62,57,813,'2018款 1.6L 自动智享互联版Value-Connect','2018款',4,0);
insert into t_car_model(cm_id ,cb_id,cbf_id, cs_id , cm_name,cm_type ,cm_order , cm_state) values(31562,62,57,813,'2018款 1.6L 自动智享豪华版Value-Comfort','2018款',5,0);
insert into t_car_model(cm_id ,cb_id,cbf_id, cs_id , cm_name,cm_type ,cm_order , cm_state) values(25402,62,57,813,'2016款 1.6L MT GL','2016款',1,0);
insert into t_car_model(cm_id ,cb_id,cbf_id, cs_id , cm_name,cm_type ,cm_order , cm_state) values(25403,62,57,813,'2016款 1.6L AT GL','2016款',2,0);
insert into t_car_model(cm_id ,cb_id,cbf_id, cs_id , cm_name,cm_type ,cm_order , cm_state) values(25410,62,57,813,'2016款 1.6L MT GLS','2016款',3,0);
insert into t_car_model(cm_id ,cb_id,cbf_id, cs_id , cm_name,cm_type ,cm_order , cm_state) values(25411,62,57,813,'2016款 1.6L AT GLS','2016款',4,0);
insert into t_car_model(cm_id ,cb_id,cbf_id, cs_id , cm_name,cm_type ,cm_order , cm_state) values(17447,62,57,813,'2014款 1.6L MT GL','2014款',1,0);
insert into t_car_model(cm_id ,cb_id,cbf_id, cs_id , cm_name,cm_type ,cm_order , cm_state) values(17448,62,57,813,'2014款 1.6L AT GL','2014款',2,0);
insert into t_car_model(cm_id ,cb_id,cbf_id, cs_id , cm_name,cm_type ,cm_order , cm_state) values(17449,62,57,813,'2014款 1.6L MT GLS','2014款',3,0);
insert into t_car_model(cm_id ,cb_id,cbf_id, cs_id , cm_name,cm_type ,cm_order , cm_state) values(17450,62,57,813,'2014款 1.6L AT GLS','2014款',4,0);
insert into t_car_model(cm_id ,cb_id,cbf_id, cs_id , cm_name,cm_type ,cm_order , cm_state) values(17451,62,57,813,'2014款 1.6L AT Premium','2014款',5,0);
insert into t_car_model(cm_id ,cb_id,cbf_id, cs_id , cm_name,cm_type ,cm_order , cm_state) values(17452,62,57,813,'2014款 1.6L MT Premium Special','2014款',6,0);
insert into t_car_model(cm_id ,cb_id,cbf_id, cs_id , cm_name,cm_type ,cm_order , cm_state) values(17453,62,57,813,'2014款 1.6L AT Premium Special','2014款',7,0);
insert into t_car_model(cm_id ,cb_id,cbf_id, cs_id , cm_name,cm_type ,cm_order , cm_state) values(13069,62,57,813,'2012款 1.6L MT GL 纪念版','2012款',1,0);
insert into t_car_model(cm_id ,cb_id,cbf_id, cs_id , cm_name,cm_type ,cm_order , cm_state) values(13070,62,57,813,'2012款 1.6L AT GL 纪念版','2012款',2,0);
insert into t_car_model(cm_id ,cb_id,cbf_id, cs_id , cm_name,cm_type ,cm_order , cm_state) values(13071,62,57,813,'2012款 1.6L MT GLS 纪念版','2012款',3,0);
insert into t_car_model(cm_id ,cb_id,cbf_id, cs_id , cm_name,cm_type ,cm_order , cm_state) values(13072,62,57,813,'2012款 1.6L AT GLS 纪念版','2012款',4,0);
insert into t_car_model(cm_id ,cb_id,cbf_id, cs_id , cm_name,cm_type ,cm_order , cm_state) values(13073,62,57,813,'2012款 1.6L AT Premium 纪念版','2012款',5,0);
insert into t_car_model(cm_id ,cb_id,cbf_id, cs_id , cm_name,cm_type ,cm_order , cm_state) values(8741,62,57,813,'2011款 1.6L MT GL','2011款',1,0);
insert into t_car_model(cm_id ,cb_id,cbf_id, cs_id , cm_name,cm_type ,cm_order , cm_state) values(8742,62,57,813,'2011款 1.6L AT GL','2011款',2,0);
insert into t_car_model(cm_id ,cb_id,cbf_id, cs_id , cm_name,cm_type ,cm_order , cm_state) values(8743,62,57,813,'2011款 1.6L MT GLS','2011款',3,0);
insert into t_car_model(cm_id ,cb_id,cbf_id, cs_id , cm_name,cm_type ,cm_order , cm_state) values(8744,62,57,813,'2011款 1.6L AT GLS','2011款',4,0);
insert into t_car_model(cm_id ,cb_id,cbf_id, cs_id , cm_name,cm_type ,cm_order , cm_state) values(8745,62,57,813,'2011款 1.6L AT Premium','2011款',5,0);
insert into t_car_model(cm_id ,cb_id,cbf_id, cs_id , cm_name,cm_type ,cm_order , cm_state) values(8746,62,57,813,'2011款 2.0L AT TOP','2011款',6,0);
insert into t_car_model(cm_id ,cb_id,cbf_id, cs_id , cm_name,cm_type ,cm_order , cm_state) values(5523,62,57,813,'2009款 1.6L MT GL','2009款',1,0);
insert into t_car_model(cm_id ,cb_id,cbf_id, cs_id , cm_name,cm_type ,cm_order , cm_state) values(5524,62,57,813,'2009款 1.6L AT GL','2009款',2,0);
insert into t_car_model(cm_id ,cb_id,cbf_id, cs_id , cm_name,cm_type ,cm_order , cm_state) values(5303,62,57,813,'2009款 1.6L MT GLS','2009款',3,0);
insert into t_car_model(cm_id ,cb_id,cbf_id, cs_id , cm_name,cm_type ,cm_order , cm_state) values(5522,62,57,813,'2009款 1.6L AT GLS','2009款',4,0);
insert into t_car_model(cm_id ,cb_id,cbf_id, cs_id , cm_name,cm_type ,cm_order , cm_state) values(5526,62,57,813,'2009款 1.6L AT Premium','2009款',5,0);
insert into t_car_model(cm_id ,cb_id,cbf_id, cs_id , cm_name,cm_type ,cm_order , cm_state) values(5525,62,57,813,'2009款 2.0L AT TOP','2009款',6,0);
insert into t_car_series(cs_id,cb_id,cbf_id,cs_name,cs_order,cs_letter) values(2886,62,57,'起亚K3',2950,'Q');
insert into t_car_model(cm_id ,cb_id,cbf_id, cs_id , cm_name,cm_type ,cm_order , cm_state) values(39422,62,57,2886,'2019款 1.5L CVT智行版','2019款',1,0);
insert into t_car_model(cm_id ,cb_id,cbf_id, cs_id , cm_name,cm_type ,cm_order , cm_state) values(39301,62,57,2886,'2019款 1.5L CVT舒适版','2019款',2,0);
insert into t_car_model(cm_id ,cb_id,cbf_id, cs_id , cm_name,cm_type ,cm_order , cm_state) values(39302,62,57,2886,'2019款 1.5L CVT新锐版','2019款',3,0);
insert into t_car_model(cm_id ,cb_id,cbf_id, cs_id , cm_name,cm_type ,cm_order , cm_state) values(39229,62,57,2886,'2019款 1.5L CVT智享互联版','2019款',4,0);
insert into t_car_model(cm_id ,cb_id,cbf_id, cs_id , cm_name,cm_type ,cm_order , cm_state) values(39303,62,57,2886,'2019款 1.5L CVT智享智驾版','2019款',5,0);
insert into t_car_model(cm_id ,cb_id,cbf_id, cs_id , cm_name,cm_type ,cm_order , cm_state) values(38702,62,57,2886,'2019款 1.5L CVT豪华版','2019款',6,0);
insert into t_car_model(cm_id ,cb_id,cbf_id, cs_id , cm_name,cm_type ,cm_order , cm_state) values(39283,62,57,2886,'2019款 1.4T DCT智享运动版','2019款',7,0);
insert into t_car_model(cm_id ,cb_id,cbf_id, cs_id , cm_name,cm_type ,cm_order , cm_state) values(32383,62,57,2886,'2017款  1.6L 自动15周年特别版GLS','2017款',1,0);
insert into t_car_model(cm_id ,cb_id,cbf_id, cs_id , cm_name,cm_type ,cm_order , cm_state) values(25711,62,57,2886,'2016款 1.6L 手动GL','2016款',1,0);
insert into t_car_model(cm_id ,cb_id,cbf_id, cs_id , cm_name,cm_type ,cm_order , cm_state) values(25737,62,57,2886,'2016款 1.6L 自动GL','2016款',2,0);
insert into t_car_model(cm_id ,cb_id,cbf_id, cs_id , cm_name,cm_type ,cm_order , cm_state) values(25738,62,57,2886,'2016款 1.6L 手动GLS','2016款',3,0);
insert into t_car_model(cm_id ,cb_id,cbf_id, cs_id , cm_name,cm_type ,cm_order , cm_state) values(25739,62,57,2886,'2016款 1.6L 自动GLS','2016款',4,0);
insert into t_car_model(cm_id ,cb_id,cbf_id, cs_id , cm_name,cm_type ,cm_order , cm_state) values(25740,62,57,2886,'2016款 1.6L 自动DLX','2016款',5,0);
insert into t_car_model(cm_id ,cb_id,cbf_id, cs_id , cm_name,cm_type ,cm_order , cm_state) values(25741,62,57,2886,'2016款 1.6L 自动Premium','2016款',6,0);
insert into t_car_model(cm_id ,cb_id,cbf_id, cs_id , cm_name,cm_type ,cm_order , cm_state) values(25742,62,57,2886,'2016款 1.4T 自动GL','2016款',7,0);
insert into t_car_model(cm_id ,cb_id,cbf_id, cs_id , cm_name,cm_type ,cm_order , cm_state) values(25743,62,57,2886,'2016款 1.4T 自动GLS','2016款',8,0);
insert into t_car_model(cm_id ,cb_id,cbf_id, cs_id , cm_name,cm_type ,cm_order , cm_state) values(25744,62,57,2886,'2016款 1.4T 自动Premium','2016款',9,0);
insert into t_car_model(cm_id ,cb_id,cbf_id, cs_id , cm_name,cm_type ,cm_order , cm_state) values(19729,62,57,2886,'2015款 1.6L 手动GL','2015款',1,0);
insert into t_car_model(cm_id ,cb_id,cbf_id, cs_id , cm_name,cm_type ,cm_order , cm_state) values(19730,62,57,2886,'2015款 1.6L 自动GL','2015款',2,0);
insert into t_car_model(cm_id ,cb_id,cbf_id, cs_id , cm_name,cm_type ,cm_order , cm_state) values(19723,62,57,2886,'2015款 1.6L 手动GLS','2015款',3,0);
insert into t_car_model(cm_id ,cb_id,cbf_id, cs_id , cm_name,cm_type ,cm_order , cm_state) values(19724,62,57,2886,'2015款 1.6L 自动GLS','2015款',4,0);
insert into t_car_model(cm_id ,cb_id,cbf_id, cs_id , cm_name,cm_type ,cm_order , cm_state) values(19731,62,57,2886,'2015款 1.6L 自动DLX','2015款',5,0);
insert into t_car_model(cm_id ,cb_id,cbf_id, cs_id , cm_name,cm_type ,cm_order , cm_state) values(19732,62,57,2886,'2015款 1.6L 自动Premium','2015款',6,0);
insert into t_car_model(cm_id ,cb_id,cbf_id, cs_id , cm_name,cm_type ,cm_order , cm_state) values(19733,62,57,2886,'2015款 1.8L 自动Premium','2015款',7,0);
insert into t_car_model(cm_id ,cb_id,cbf_id, cs_id , cm_name,cm_type ,cm_order , cm_state) values(13835,62,57,2886,'2013款 1.6L 手动GL','2013款',1,0);
insert into t_car_model(cm_id ,cb_id,cbf_id, cs_id , cm_name,cm_type ,cm_order , cm_state) values(13674,62,57,2886,'2013款 1.6L 自动GL','2013款',2,0);
insert into t_car_model(cm_id ,cb_id,cbf_id, cs_id , cm_name,cm_type ,cm_order , cm_state) values(13836,62,57,2886,'2013款 1.6L 手动GLS','2013款',3,0);
insert into t_car_model(cm_id ,cb_id,cbf_id, cs_id , cm_name,cm_type ,cm_order , cm_state) values(13837,62,57,2886,'2013款 1.6L 自动GLS','2013款',4,0);
insert into t_car_model(cm_id ,cb_id,cbf_id, cs_id , cm_name,cm_type ,cm_order , cm_state) values(13838,62,57,2886,'2013款 1.6L 自动DLX','2013款',5,0);
insert into t_car_model(cm_id ,cb_id,cbf_id, cs_id , cm_name,cm_type ,cm_order , cm_state) values(13839,62,57,2886,'2013款 1.6L 自动Premium','2013款',6,0);
insert into t_car_model(cm_id ,cb_id,cbf_id, cs_id , cm_name,cm_type ,cm_order , cm_state) values(13840,62,57,2886,'2013款 1.8L 自动Premium','2013款',7,0);
insert into t_car_series(cs_id,cb_id,cbf_id,cs_name,cs_order,cs_letter) values(5188,62,57,'起亚K3新能源',2951,'Q');
insert into t_car_model(cm_id ,cb_id,cbf_id, cs_id , cm_name,cm_type ,cm_order , cm_state) values(41021,62,57,5188,'2019款 1.6L 自动舒适版','2019款',1,0);
insert into t_car_model(cm_id ,cb_id,cbf_id, cs_id , cm_name,cm_type ,cm_order , cm_state) values(38353,62,57,5188,'2019款 1.6L 自动智享互联版','2019款',2,0);
insert into t_car_series(cs_id,cb_id,cbf_id,cs_name,cs_order,cs_letter) values(4523,62,57,'凯绅',2952,'K');
insert into t_car_model(cm_id ,cb_id,cbf_id, cs_id , cm_name,cm_type ,cm_order , cm_state) values(42374,62,57,4523,'2019款 1.8L 自动GL','2019款',1,0);
insert into t_car_model(cm_id ,cb_id,cbf_id, cs_id , cm_name,cm_type ,cm_order , cm_state) values(42375,62,57,4523,'2019款 1.8L 自动GLS','2019款',2,0);
insert into t_car_model(cm_id ,cb_id,cbf_id, cs_id , cm_name,cm_type ,cm_order , cm_state) values(42376,62,57,4523,'2019款 1.8L 自动DLX','2019款',3,0);
insert into t_car_model(cm_id ,cb_id,cbf_id, cs_id , cm_name,cm_type ,cm_order , cm_state) values(42377,62,57,4523,'2019款 1.6T 自动GLS','2019款',4,0);
insert into t_car_model(cm_id ,cb_id,cbf_id, cs_id , cm_name,cm_type ,cm_order , cm_state) values(31595,62,57,4523,'2017款 1.8L 自动GL','2017款',1,0);
insert into t_car_model(cm_id ,cb_id,cbf_id, cs_id , cm_name,cm_type ,cm_order , cm_state) values(31596,62,57,4523,'2017款 1.8L 自动GLS','2017款',2,0);
insert into t_car_model(cm_id ,cb_id,cbf_id, cs_id , cm_name,cm_type ,cm_order , cm_state) values(31597,62,57,4523,'2017款 1.8L 自动DLX','2017款',3,0);
insert into t_car_model(cm_id ,cb_id,cbf_id, cs_id , cm_name,cm_type ,cm_order , cm_state) values(31357,62,57,4523,'2017款 1.6T 自动GLS','2017款',4,0);
insert into t_car_series(cs_id,cb_id,cbf_id,cs_name,cs_order,cs_letter) values(2246,62,57,'起亚K5',2953,'Q');
insert into t_car_model(cm_id ,cb_id,cbf_id, cs_id , cm_name,cm_type ,cm_order , cm_state) values(36733,62,57,2246,'2019款 Pro 1.6T 自动时尚版 国V','2019款',1,0);
insert into t_car_model(cm_id ,cb_id,cbf_id, cs_id , cm_name,cm_type ,cm_order , cm_state) values(36735,62,57,2246,'2019款 Pro 1.6T 自动时尚版 国VI','2019款',2,0);
insert into t_car_model(cm_id ,cb_id,cbf_id, cs_id , cm_name,cm_type ,cm_order , cm_state) values(36442,62,57,2246,'2019款 Pro 1.6T 自动豪华版 国V','2019款',3,0);
insert into t_car_model(cm_id ,cb_id,cbf_id, cs_id , cm_name,cm_type ,cm_order , cm_state) values(36736,62,57,2246,'2019款 Pro 1.6T 自动豪华版 国VI','2019款',4,0);
insert into t_car_model(cm_id ,cb_id,cbf_id, cs_id , cm_name,cm_type ,cm_order , cm_state) values(36734,62,57,2246,'2019款 Pro 2.0L 自动豪华版 国V','2019款',5,0);
insert into t_car_model(cm_id ,cb_id,cbf_id, cs_id , cm_name,cm_type ,cm_order , cm_state) values(36737,62,57,2246,'2019款 Pro 2.0L 自动豪华版 国VI','2019款',6,0);
insert into t_car_model(cm_id ,cb_id,cbf_id, cs_id , cm_name,cm_type ,cm_order , cm_state) values(32258,62,57,2246,'2017款 2.0L 自动15周年特别版LUX','2017款',1,0);
insert into t_car_model(cm_id ,cb_id,cbf_id, cs_id , cm_name,cm_type ,cm_order , cm_state) values(24057,62,57,2246,'2016款 2.0L 自动GL','2016款',1,0);
insert into t_car_model(cm_id ,cb_id,cbf_id, cs_id , cm_name,cm_type ,cm_order , cm_state) values(24060,62,57,2246,'2016款 1.6T 自动GLS','2016款',2,0);
insert into t_car_model(cm_id ,cb_id,cbf_id, cs_id , cm_name,cm_type ,cm_order , cm_state) values(24062,62,57,2246,'2016款 2.0T 自动LUX','2016款',3,0);
insert into t_car_model(cm_id ,cb_id,cbf_id, cs_id , cm_name,cm_type ,cm_order , cm_state) values(23935,62,57,2246,'2016款 2.0L 自动PRM','2016款',4,0);
insert into t_car_model(cm_id ,cb_id,cbf_id, cs_id , cm_name,cm_type ,cm_order , cm_state) values(26815,62,57,2246,'2016款 2.0L hybrid GLS','2016款',5,0);
insert into t_car_model(cm_id ,cb_id,cbf_id, cs_id , cm_name,cm_type ,cm_order , cm_state) values(26814,62,57,2246,'2016款 2.0L hybrid LUX','2016款',6,0);
insert into t_car_model(cm_id ,cb_id,cbf_id, cs_id , cm_name,cm_type ,cm_order , cm_state) values(24058,62,57,2246,'2016款 2.0L 自动GLS','2016款',7,0);
insert into t_car_model(cm_id ,cb_id,cbf_id, cs_id , cm_name,cm_type ,cm_order , cm_state) values(26333,62,57,2246,'2016款 2.0L hybrid PRM','2016款',8,0);
insert into t_car_model(cm_id ,cb_id,cbf_id, cs_id , cm_name,cm_type ,cm_order , cm_state) values(24059,62,57,2246,'2016款 2.0L 自动LUX','2016款',9,0);
insert into t_car_model(cm_id ,cb_id,cbf_id, cs_id , cm_name,cm_type ,cm_order , cm_state) values(24061,62,57,2246,'2016款 1.6T 自动LUX','2016款',10,0);
insert into t_car_model(cm_id ,cb_id,cbf_id, cs_id , cm_name,cm_type ,cm_order , cm_state) values(23717,62,57,2246,'2016款 1.6T 自动PRM','2016款',11,0);
insert into t_car_model(cm_id ,cb_id,cbf_id, cs_id , cm_name,cm_type ,cm_order , cm_state) values(24063,62,57,2246,'2016款 2.0T 自动PRM','2016款',12,0);
insert into t_car_model(cm_id ,cb_id,cbf_id, cs_id , cm_name,cm_type ,cm_order , cm_state) values(21587,62,57,2246,'2015款 2.0L 手动GL','2015款',1,0);
insert into t_car_model(cm_id ,cb_id,cbf_id, cs_id , cm_name,cm_type ,cm_order , cm_state) values(21588,62,57,2246,'2015款 2.0L 自动GL','2015款',2,0);
insert into t_car_model(cm_id ,cb_id,cbf_id, cs_id , cm_name,cm_type ,cm_order , cm_state) values(21589,62,57,2246,'2015款 2.0L 自动GLS','2015款',3,0);
insert into t_car_model(cm_id ,cb_id,cbf_id, cs_id , cm_name,cm_type ,cm_order , cm_state) values(21590,62,57,2246,'2015款 2.0L 自动LUX','2015款',4,0);
insert into t_car_model(cm_id ,cb_id,cbf_id, cs_id , cm_name,cm_type ,cm_order , cm_state) values(21591,62,57,2246,'2015款 2.0L 自动Special','2015款',5,0);
insert into t_car_model(cm_id ,cb_id,cbf_id, cs_id , cm_name,cm_type ,cm_order , cm_state) values(21592,62,57,2246,'2015款 2.0T 自动Turbo','2015款',6,0);
insert into t_car_model(cm_id ,cb_id,cbf_id, cs_id , cm_name,cm_type ,cm_order , cm_state) values(21593,62,57,2246,'2015款 2.0T 自动T-PRM','2015款',7,0);
insert into t_car_model(cm_id ,cb_id,cbf_id, cs_id , cm_name,cm_type ,cm_order , cm_state) values(21594,62,57,2246,'2015款 2.0T 自动T-Special','2015款',8,0);
insert into t_car_model(cm_id ,cb_id,cbf_id, cs_id , cm_name,cm_type ,cm_order , cm_state) values(17814,62,57,2246,'2014款 2.0T 自动','2014款',1,0);
insert into t_car_model(cm_id ,cb_id,cbf_id, cs_id , cm_name,cm_type ,cm_order , cm_state) values(17599,62,57,2246,'2014款 2.0L 手动GL','2014款',2,0);
insert into t_car_model(cm_id ,cb_id,cbf_id, cs_id , cm_name,cm_type ,cm_order , cm_state) values(17623,62,57,2246,'2014款 2.0L 自动GL','2014款',3,0);
insert into t_car_model(cm_id ,cb_id,cbf_id, cs_id , cm_name,cm_type ,cm_order , cm_state) values(17624,62,57,2246,'2014款 2.0L 自动GLS','2014款',4,0);
insert into t_car_model(cm_id ,cb_id,cbf_id, cs_id , cm_name,cm_type ,cm_order , cm_state) values(17625,62,57,2246,'2014款 2.0L 自动LUXURY','2014款',5,0);
insert into t_car_model(cm_id ,cb_id,cbf_id, cs_id , cm_name,cm_type ,cm_order , cm_state) values(17627,62,57,2246,'2014款 2.0L 自动PREMIUM','2014款',6,0);
insert into t_car_model(cm_id ,cb_id,cbf_id, cs_id , cm_name,cm_type ,cm_order , cm_state) values(17626,62,57,2246,'2014款 2.0L 自动PREMIUM 2','2014款',7,0);
insert into t_car_model(cm_id ,cb_id,cbf_id, cs_id , cm_name,cm_type ,cm_order , cm_state) values(17774,62,57,2246,'2014款 2.0T 自动T-PREMIUM','2014款',8,0);
insert into t_car_model(cm_id ,cb_id,cbf_id, cs_id , cm_name,cm_type ,cm_order , cm_state) values(17555,62,57,2246,'2014款 2.0T 自动T-Special','2014款',9,0);
insert into t_car_model(cm_id ,cb_id,cbf_id, cs_id , cm_name,cm_type ,cm_order , cm_state) values(17628,62,57,2246,'2014款 2.4L 自动LUXURY','2014款',10,0);
insert into t_car_model(cm_id ,cb_id,cbf_id, cs_id , cm_name,cm_type ,cm_order , cm_state) values(17629,62,57,2246,'2014款 2.4L 自动PREMIUM','2014款',11,0);
insert into t_car_model(cm_id ,cb_id,cbf_id, cs_id , cm_name,cm_type ,cm_order , cm_state) values(12216,62,57,2246,'2012款 2.0L 手动GL','2012款',1,0);
insert into t_car_model(cm_id ,cb_id,cbf_id, cs_id , cm_name,cm_type ,cm_order , cm_state) values(12217,62,57,2246,'2012款 2.0L 自动GL','2012款',2,0);
insert into t_car_model(cm_id ,cb_id,cbf_id, cs_id , cm_name,cm_type ,cm_order , cm_state) values(12218,62,57,2246,'2012款 2.0L 自动GLS','2012款',3,0);
insert into t_car_model(cm_id ,cb_id,cbf_id, cs_id , cm_name,cm_type ,cm_order , cm_state) values(12219,62,57,2246,'2012款 2.0L 自动DLX','2012款',4,0);
insert into t_car_model(cm_id ,cb_id,cbf_id, cs_id , cm_name,cm_type ,cm_order , cm_state) values(13475,62,57,2246,'2012款 2.0L 自动DLX特别版','2012款',5,0);
insert into t_car_model(cm_id ,cb_id,cbf_id, cs_id , cm_name,cm_type ,cm_order , cm_state) values(12220,62,57,2246,'2012款 2.0L 自动DLX-2','2012款',6,0);
insert into t_car_model(cm_id ,cb_id,cbf_id, cs_id , cm_name,cm_type ,cm_order , cm_state) values(13476,62,57,2246,'2012款 2.0L 自动DLX-2特别版','2012款',7,0);
insert into t_car_model(cm_id ,cb_id,cbf_id, cs_id , cm_name,cm_type ,cm_order , cm_state) values(12221,62,57,2246,'2012款 2.0L 自动Premium','2012款',8,0);
insert into t_car_model(cm_id ,cb_id,cbf_id, cs_id , cm_name,cm_type ,cm_order , cm_state) values(13477,62,57,2246,'2012款 2.0L 自动Premium特别版','2012款',9,0);
insert into t_car_model(cm_id ,cb_id,cbf_id, cs_id , cm_name,cm_type ,cm_order , cm_state) values(12222,62,57,2246,'2012款 2.4L 自动DLX','2012款',10,0);
insert into t_car_model(cm_id ,cb_id,cbf_id, cs_id , cm_name,cm_type ,cm_order , cm_state) values(13478,62,57,2246,'2012款 2.4L 自动DLX特别版','2012款',11,0);
insert into t_car_model(cm_id ,cb_id,cbf_id, cs_id , cm_name,cm_type ,cm_order , cm_state) values(12223,62,57,2246,'2012款 2.4L 自动Premium','2012款',12,0);
insert into t_car_model(cm_id ,cb_id,cbf_id, cs_id , cm_name,cm_type ,cm_order , cm_state) values(13479,62,57,2246,'2012款 2.4L 自动Premium特别版','2012款',13,0);
insert into t_car_model(cm_id ,cb_id,cbf_id, cs_id , cm_name,cm_type ,cm_order , cm_state) values(9590,62,57,2246,'2011款 2.0L 手动GL','2011款',1,0);
insert into t_car_model(cm_id ,cb_id,cbf_id, cs_id , cm_name,cm_type ,cm_order , cm_state) values(9591,62,57,2246,'2011款 2.0L 自动GL','2011款',2,0);
insert into t_car_model(cm_id ,cb_id,cbf_id, cs_id , cm_name,cm_type ,cm_order , cm_state) values(9592,62,57,2246,'2011款 2.0L 自动GLS','2011款',3,0);
insert into t_car_model(cm_id ,cb_id,cbf_id, cs_id , cm_name,cm_type ,cm_order , cm_state) values(10450,62,57,2246,'2011款 2.0L 自动DLX','2011款',4,0);
insert into t_car_model(cm_id ,cb_id,cbf_id, cs_id , cm_name,cm_type ,cm_order , cm_state) values(9593,62,57,2246,'2011款 2.0L 自动TOP','2011款',5,0);
insert into t_car_model(cm_id ,cb_id,cbf_id, cs_id , cm_name,cm_type ,cm_order , cm_state) values(9563,62,57,2246,'2011款 2.0L 自动Premium','2011款',6,0);
insert into t_car_model(cm_id ,cb_id,cbf_id, cs_id , cm_name,cm_type ,cm_order , cm_state) values(9594,62,57,2246,'2011款 2.4L 自动TOP','2011款',7,0);
insert into t_car_model(cm_id ,cb_id,cbf_id, cs_id , cm_name,cm_type ,cm_order , cm_state) values(9201,62,57,2246,'2011款 2.4L 自动Premium','2011款',8,0);
insert into t_car_series(cs_id,cb_id,cbf_id,cs_name,cs_order,cs_letter) values(4834,62,57,'起亚K5新能源',2954,'Q');
insert into t_car_model(cm_id ,cb_id,cbf_id, cs_id , cm_name,cm_type ,cm_order , cm_state) values(42322,62,57,4834,'2018款 2.0L GLS','2018款',1,0);
insert into t_car_model(cm_id ,cb_id,cbf_id, cs_id , cm_name,cm_type ,cm_order , cm_state) values(42323,62,57,4834,'2018款 2.0L LUX','2018款',2,0);
insert into t_car_model(cm_id ,cb_id,cbf_id, cs_id , cm_name,cm_type ,cm_order , cm_state) values(35587,62,57,4834,'2018款 2.0L 智享版','2018款',3,0);
insert into t_car_model(cm_id ,cb_id,cbf_id, cs_id , cm_name,cm_type ,cm_order , cm_state) values(34516,62,57,4834,'2018款 2.0L 智尊版','2018款',4,0);
insert into t_car_series(cs_id,cb_id,cbf_id,cs_name,cs_order,cs_letter) values(3664,62,57,'起亚KX3',2955,'Q');
insert into t_car_model(cm_id ,cb_id,cbf_id, cs_id , cm_name,cm_type ,cm_order , cm_state) values(35652,62,57,3664,'2019款 1.6L 手动时尚版','2019款',1,0);
insert into t_car_model(cm_id ,cb_id,cbf_id, cs_id , cm_name,cm_type ,cm_order , cm_state) values(35619,62,57,3664,'2019款 1.6L 自动时尚天窗版','2019款',2,0);
insert into t_car_model(cm_id ,cb_id,cbf_id, cs_id , cm_name,cm_type ,cm_order , cm_state) values(27763,62,57,3664,'2017款 1.6L 手动傲风版','2017款',1,0);
insert into t_car_model(cm_id ,cb_id,cbf_id, cs_id , cm_name,cm_type ,cm_order , cm_state) values(27764,62,57,3664,'2017款 1.6L 自动傲风版','2017款',2,0);
insert into t_car_model(cm_id ,cb_id,cbf_id, cs_id , cm_name,cm_type ,cm_order , cm_state) values(27765,62,57,3664,'2017款 1.6L 自动傲雅版','2017款',3,0);
insert into t_car_model(cm_id ,cb_id,cbf_id, cs_id , cm_name,cm_type ,cm_order , cm_state) values(32388,62,57,3664,'2017款 1.6L 自动傲雅15周年特别版','2017款',4,0);
insert into t_car_model(cm_id ,cb_id,cbf_id, cs_id , cm_name,cm_type ,cm_order , cm_state) values(27766,62,57,3664,'2017款 1.6L 自动傲尊版','2017款',5,0);
insert into t_car_model(cm_id ,cb_id,cbf_id, cs_id , cm_name,cm_type ,cm_order , cm_state) values(27767,62,57,3664,'2017款 1.6T 自动傲雅版','2017款',6,0);
insert into t_car_model(cm_id ,cb_id,cbf_id, cs_id , cm_name,cm_type ,cm_order , cm_state) values(27379,62,57,3664,'2017款 1.6T 自动傲尊版','2017款',7,0);
insert into t_car_model(cm_id ,cb_id,cbf_id, cs_id , cm_name,cm_type ,cm_order , cm_state) values(21532,62,57,3664,'2015款 1.6L 手动两驱GL','2015款',1,0);
insert into t_car_model(cm_id ,cb_id,cbf_id, cs_id , cm_name,cm_type ,cm_order , cm_state) values(21533,62,57,3664,'2015款 1.6L 手动两驱GLS','2015款',2,0);
insert into t_car_model(cm_id ,cb_id,cbf_id, cs_id , cm_name,cm_type ,cm_order , cm_state) values(21534,62,57,3664,'2015款 1.6L 自动两驱GLS','2015款',3,0);
insert into t_car_model(cm_id ,cb_id,cbf_id, cs_id , cm_name,cm_type ,cm_order , cm_state) values(23801,62,57,3664,'2015款 1.6L 自动Special','2015款',4,0);
insert into t_car_model(cm_id ,cb_id,cbf_id, cs_id , cm_name,cm_type ,cm_order , cm_state) values(21535,62,57,3664,'2015款 1.6L 自动两驱DLX','2015款',5,0);
insert into t_car_model(cm_id ,cb_id,cbf_id, cs_id , cm_name,cm_type ,cm_order , cm_state) values(21536,62,57,3664,'2015款 1.6L 自动两驱PRM','2015款',6,0);
insert into t_car_model(cm_id ,cb_id,cbf_id, cs_id , cm_name,cm_type ,cm_order , cm_state) values(23802,62,57,3664,'2015款 1.6T 自动两驱Special','2015款',7,0);
insert into t_car_model(cm_id ,cb_id,cbf_id, cs_id , cm_name,cm_type ,cm_order , cm_state) values(21537,62,57,3664,'2015款 1.6T 自动两驱DLX','2015款',8,0);
insert into t_car_model(cm_id ,cb_id,cbf_id, cs_id , cm_name,cm_type ,cm_order , cm_state) values(21538,62,57,3664,'2015款 1.6T 自动两驱PRM','2015款',9,0);
insert into t_car_model(cm_id ,cb_id,cbf_id, cs_id , cm_name,cm_type ,cm_order , cm_state) values(21540,62,57,3664,'2015款 2.0L 自动两驱DLX','2015款',10,0);
insert into t_car_model(cm_id ,cb_id,cbf_id, cs_id , cm_name,cm_type ,cm_order , cm_state) values(21541,62,57,3664,'2015款 2.0L 自动四驱PRM','2015款',11,0);
insert into t_car_series(cs_id,cb_id,cbf_id,cs_name,cs_order,cs_letter) values(4973,62,57,'起亚KX3新能源',2956,'Q');
insert into t_car_model(cm_id ,cb_id,cbf_id, cs_id , cm_name,cm_type ,cm_order , cm_state) values(36201,62,57,4973,'2019款 标准型','2019款',1,0);
insert into t_car_series(cs_id,cb_id,cbf_id,cs_name,cs_order,cs_letter) values(4824,62,57,'奕跑',2957,'Y');
insert into t_car_model(cm_id ,cb_id,cbf_id, cs_id , cm_name,cm_type ,cm_order , cm_state) values(39519,62,57,4824,'2019款 1.4L 手动趣享版 国VI','2019款',1,0);
insert into t_car_model(cm_id ,cb_id,cbf_id, cs_id , cm_name,cm_type ,cm_order , cm_state) values(39520,62,57,4824,'2019款 1.4L 自动趣享版 国VI','2019款',2,0);
insert into t_car_model(cm_id ,cb_id,cbf_id, cs_id , cm_name,cm_type ,cm_order , cm_state) values(41507,62,57,4824,'2019款 1.4L 自动时尚版 国VI','2019款',3,0);
insert into t_car_model(cm_id ,cb_id,cbf_id, cs_id , cm_name,cm_type ,cm_order , cm_state) values(41508,62,57,4824,'2019款  1.4L 自动运动版 国VI','2019款',4,0);
insert into t_car_model(cm_id ,cb_id,cbf_id, cs_id , cm_name,cm_type ,cm_order , cm_state) values(34499,62,57,4824,'2019款 1.4L 自动趣享版 国V','2019款',5,0);
insert into t_car_model(cm_id ,cb_id,cbf_id, cs_id , cm_name,cm_type ,cm_order , cm_state) values(35471,62,57,4824,'2019款 1.4L 手动趣享版 国V','2018款',1,0);
insert into t_car_series(cs_id,cb_id,cbf_id,cs_name,cs_order,cs_letter) values(3954,62,57,'起亚KX5',2958,'Q');
insert into t_car_model(cm_id ,cb_id,cbf_id, cs_id , cm_name,cm_type ,cm_order , cm_state) values(38284,62,57,3954,'2019款 2.0L 自动两驱时尚版','2019款',1,0);
insert into t_car_model(cm_id ,cb_id,cbf_id, cs_id , cm_name,cm_type ,cm_order , cm_state) values(38285,62,57,3954,'2019款 2.0L 自动两驱舒适版','2019款',2,0);
insert into t_car_model(cm_id ,cb_id,cbf_id, cs_id , cm_name,cm_type ,cm_order , cm_state) values(38124,62,57,3954,'2019款 1.6T 自动两驱精英版','2019款',3,0);
insert into t_car_model(cm_id ,cb_id,cbf_id, cs_id , cm_name,cm_type ,cm_order , cm_state) values(38288,62,57,3954,'2019款 1.6T 自动四驱精英版','2019款',4,0);
insert into t_car_model(cm_id ,cb_id,cbf_id, cs_id , cm_name,cm_type ,cm_order , cm_state) values(38287,62,57,3954,'2019款 1.6T 自动两驱豪华版','2019款',5,0);
insert into t_car_model(cm_id ,cb_id,cbf_id, cs_id , cm_name,cm_type ,cm_order , cm_state) values(36851,62,57,3954,'2019款 1.6T 自动四驱豪华版','2019款',6,0);
insert into t_car_model(cm_id ,cb_id,cbf_id, cs_id , cm_name,cm_type ,cm_order , cm_state) values(32389,62,57,3954,'2017款 1.6T 自动两驱15周年特别版DLX','2017款',1,0);
insert into t_car_model(cm_id ,cb_id,cbf_id, cs_id , cm_name,cm_type ,cm_order , cm_state) values(25086,62,57,3954,'2016款 2.0L 手动两驱GL','2016款',1,0);
insert into t_car_model(cm_id ,cb_id,cbf_id, cs_id , cm_name,cm_type ,cm_order , cm_state) values(25084,62,57,3954,'2016款 2.0L 自动两驱GLS','2016款',2,0);
insert into t_car_model(cm_id ,cb_id,cbf_id, cs_id , cm_name,cm_type ,cm_order , cm_state) values(25083,62,57,3954,'2016款 2.0L 自动两驱Premium','2016款',3,0);
insert into t_car_model(cm_id ,cb_id,cbf_id, cs_id , cm_name,cm_type ,cm_order , cm_state) values(25081,62,57,3954,'2016款 1.6T 自动两驱DLX','2016款',4,0);
insert into t_car_model(cm_id ,cb_id,cbf_id, cs_id , cm_name,cm_type ,cm_order , cm_state) values(25080,62,57,3954,'2016款 1.6T 自动两驱Premium','2016款',5,0);
insert into t_car_model(cm_id ,cb_id,cbf_id, cs_id , cm_name,cm_type ,cm_order , cm_state) values(25085,62,57,3954,'2016款 2.0L 自动两驱GL','2016款',6,0);
insert into t_car_model(cm_id ,cb_id,cbf_id, cs_id , cm_name,cm_type ,cm_order , cm_state) values(25082,62,57,3954,'2016款 1.6T 自动两驱GL','2016款',7,0);
insert into t_car_model(cm_id ,cb_id,cbf_id, cs_id , cm_name,cm_type ,cm_order , cm_state) values(24504,62,57,3954,'2016款 1.6T 自动四驱Premium','2016款',8,0);
insert into t_car_series(cs_id,cb_id,cbf_id,cs_name,cs_order,cs_letter) values(2137,62,57,'智跑',2959,'Z');
insert into t_car_model(cm_id ,cb_id,cbf_id, cs_id , cm_name,cm_type ,cm_order , cm_state) values(41084,62,57,2137,'2019款 2.0L 手动时尚版','2019款',1,0);
insert into t_car_model(cm_id ,cb_id,cbf_id, cs_id , cm_name,cm_type ,cm_order , cm_state) values(41085,62,57,2137,'2019款 2.0L 自动智享豪华版','2019款',2,0);
insert into t_car_model(cm_id ,cb_id,cbf_id, cs_id , cm_name,cm_type ,cm_order , cm_state) values(41505,62,57,2137,'2019款 2.0L 自动智享豪华加强款','2019款',3,0);
insert into t_car_model(cm_id ,cb_id,cbf_id, cs_id , cm_name,cm_type ,cm_order , cm_state) values(37879,62,57,2137,'2019款 1.4T DCT时尚版GL','2019款',4,0);
insert into t_car_model(cm_id ,cb_id,cbf_id, cs_id , cm_name,cm_type ,cm_order , cm_state) values(38076,62,57,2137,'2019款 1.4T DCT智享豪华版GLS','2019款',5,0);
insert into t_car_model(cm_id ,cb_id,cbf_id, cs_id , cm_name,cm_type ,cm_order , cm_state) values(41506,62,57,2137,'2019款 1.4T DCT智享豪华舒适款','2019款',6,0);
insert into t_car_model(cm_id ,cb_id,cbf_id, cs_id , cm_name,cm_type ,cm_order , cm_state) values(34182,62,57,2137,'2018款 2.0L 手动时尚版 国V','2018款',1,0);
insert into t_car_model(cm_id ,cb_id,cbf_id, cs_id , cm_name,cm_type ,cm_order , cm_state) values(33900,62,57,2137,'2018款 2.0L 自动智享豪华版 国V','2018款',2,0);
insert into t_car_model(cm_id ,cb_id,cbf_id, cs_id , cm_name,cm_type ,cm_order , cm_state) values(26908,62,57,2137,'2016款 2.0L 手动两驱版GL','2016款',1,0);
insert into t_car_model(cm_id ,cb_id,cbf_id, cs_id , cm_name,cm_type ,cm_order , cm_state) values(26909,62,57,2137,'2016款 2.0L 自动两驱版GL','2016款',2,0);
insert into t_car_model(cm_id ,cb_id,cbf_id, cs_id , cm_name,cm_type ,cm_order , cm_state) values(26910,62,57,2137,'2016款 2.0L 自动两驱版GLS','2016款',3,0);
insert into t_car_model(cm_id ,cb_id,cbf_id, cs_id , cm_name,cm_type ,cm_order , cm_state) values(26911,62,57,2137,'2016款 2.0L 自动两驱版DLX','2016款',4,0);
insert into t_car_model(cm_id ,cb_id,cbf_id, cs_id , cm_name,cm_type ,cm_order , cm_state) values(26912,62,57,2137,'2016款 2.0L 自动两驱版Premium','2016款',5,0);
insert into t_car_model(cm_id ,cb_id,cbf_id, cs_id , cm_name,cm_type ,cm_order , cm_state) values(20445,62,57,2137,'2015款 2.0L 手动两驱版GL','2015款',1,0);
insert into t_car_model(cm_id ,cb_id,cbf_id, cs_id , cm_name,cm_type ,cm_order , cm_state) values(20210,62,57,2137,'2015款 2.0L 自动两驱版GL','2015款',2,0);
insert into t_car_model(cm_id ,cb_id,cbf_id, cs_id , cm_name,cm_type ,cm_order , cm_state) values(20446,62,57,2137,'2015款 2.0L 手动两驱版GLS','2015款',3,0);
insert into t_car_model(cm_id ,cb_id,cbf_id, cs_id , cm_name,cm_type ,cm_order , cm_state) values(20447,62,57,2137,'2015款 2.0L 自动两驱版GLS','2015款',4,0);
insert into t_car_model(cm_id ,cb_id,cbf_id, cs_id , cm_name,cm_type ,cm_order , cm_state) values(20448,62,57,2137,'2015款 2.0L 自动四驱版GLS','2015款',5,0);
insert into t_car_model(cm_id ,cb_id,cbf_id, cs_id , cm_name,cm_type ,cm_order , cm_state) values(20209,62,57,2137,'2015款 2.0L 自动两驱版DLX','2015款',6,0);
insert into t_car_model(cm_id ,cb_id,cbf_id, cs_id , cm_name,cm_type ,cm_order , cm_state) values(20449,62,57,2137,'2015款 2.0L 自动两驱版Premium','2015款',7,0);
insert into t_car_model(cm_id ,cb_id,cbf_id, cs_id , cm_name,cm_type ,cm_order , cm_state) values(20450,62,57,2137,'2015款 2.4L 自动四驱版Premium','2015款',8,0);
insert into t_car_model(cm_id ,cb_id,cbf_id, cs_id , cm_name,cm_type ,cm_order , cm_state) values(16627,62,57,2137,'2014款 2.0L 手动两驱版GL','2014款',1,0);
insert into t_car_model(cm_id ,cb_id,cbf_id, cs_id , cm_name,cm_type ,cm_order , cm_state) values(16628,62,57,2137,'2014款 2.0L 自动两驱版GL','2014款',2,0);
insert into t_car_model(cm_id ,cb_id,cbf_id, cs_id , cm_name,cm_type ,cm_order , cm_state) values(16629,62,57,2137,'2014款 2.0L 手动两驱版GLS','2014款',3,0);
insert into t_car_model(cm_id ,cb_id,cbf_id, cs_id , cm_name,cm_type ,cm_order , cm_state) values(16630,62,57,2137,'2014款 2.0L 自动两驱版GLS','2014款',4,0);
insert into t_car_model(cm_id ,cb_id,cbf_id, cs_id , cm_name,cm_type ,cm_order , cm_state) values(16631,62,57,2137,'2014款 2.0L 自动四驱版GLS','2014款',5,0);
insert into t_car_model(cm_id ,cb_id,cbf_id, cs_id , cm_name,cm_type ,cm_order , cm_state) values(16632,62,57,2137,'2014款 2.0L 自动两驱版DLX','2014款',6,0);
insert into t_car_model(cm_id ,cb_id,cbf_id, cs_id , cm_name,cm_type ,cm_order , cm_state) values(16633,62,57,2137,'2014款 2.0L 自动两驱版Premium','2014款',7,0);
insert into t_car_model(cm_id ,cb_id,cbf_id, cs_id , cm_name,cm_type ,cm_order , cm_state) values(16634,62,57,2137,'2014款 2.0L 自动两驱版Premium Special','2014款',8,0);
insert into t_car_model(cm_id ,cb_id,cbf_id, cs_id , cm_name,cm_type ,cm_order , cm_state) values(16635,62,57,2137,'2014款 2.4L 自动四驱版GLS','2014款',9,0);
insert into t_car_model(cm_id ,cb_id,cbf_id, cs_id , cm_name,cm_type ,cm_order , cm_state) values(16636,62,57,2137,'2014款 2.4L 自动四驱版Premium','2014款',10,0);
insert into t_car_model(cm_id ,cb_id,cbf_id, cs_id , cm_name,cm_type ,cm_order , cm_state) values(11245,62,57,2137,'2012款 2.0L 手动两驱版GL','2012款',1,0);
insert into t_car_model(cm_id ,cb_id,cbf_id, cs_id , cm_name,cm_type ,cm_order , cm_state) values(11246,62,57,2137,'2012款 2.0L 自动两驱版GL','2012款',2,0);
insert into t_car_model(cm_id ,cb_id,cbf_id, cs_id , cm_name,cm_type ,cm_order , cm_state) values(11247,62,57,2137,'2012款 2.0L 手动两驱版GLS','2012款',3,0);
insert into t_car_model(cm_id ,cb_id,cbf_id, cs_id , cm_name,cm_type ,cm_order , cm_state) values(11248,62,57,2137,'2012款 2.0L 自动两驱版GLS','2012款',4,0);
insert into t_car_model(cm_id ,cb_id,cbf_id, cs_id , cm_name,cm_type ,cm_order , cm_state) values(11249,62,57,2137,'2012款 2.0L 自动四驱版GLS','2012款',5,0);
insert into t_car_model(cm_id ,cb_id,cbf_id, cs_id , cm_name,cm_type ,cm_order , cm_state) values(11250,62,57,2137,'2012款 2.0L 自动两驱版NAVI','2012款',6,0);
insert into t_car_model(cm_id ,cb_id,cbf_id, cs_id , cm_name,cm_type ,cm_order , cm_state) values(11251,62,57,2137,'2012款 2.4L 自动四驱版GLS','2012款',7,0);
insert into t_car_model(cm_id ,cb_id,cbf_id, cs_id , cm_name,cm_type ,cm_order , cm_state) values(11240,62,57,2137,'2012款 2.4L 自动四驱版Premium','2012款',8,0);
insert into t_car_model(cm_id ,cb_id,cbf_id, cs_id , cm_name,cm_type ,cm_order , cm_state) values(7652,62,57,2137,'2011款 2.0L 手动两驱版GL','2011款',1,0);
insert into t_car_model(cm_id ,cb_id,cbf_id, cs_id , cm_name,cm_type ,cm_order , cm_state) values(8599,62,57,2137,'2011款 2.0L 自动两驱版GL','2011款',2,0);
insert into t_car_model(cm_id ,cb_id,cbf_id, cs_id , cm_name,cm_type ,cm_order , cm_state) values(8600,62,57,2137,'2011款 2.0L 手动两驱版GLS','2011款',3,0);
insert into t_car_model(cm_id ,cb_id,cbf_id, cs_id , cm_name,cm_type ,cm_order , cm_state) values(8601,62,57,2137,'2011款 2.0L 自动两驱版GLS','2011款',4,0);
insert into t_car_model(cm_id ,cb_id,cbf_id, cs_id , cm_name,cm_type ,cm_order , cm_state) values(8602,62,57,2137,'2011款 2.0L 自动四驱版GLS','2011款',5,0);
insert into t_car_model(cm_id ,cb_id,cbf_id, cs_id , cm_name,cm_type ,cm_order , cm_state) values(8604,62,57,2137,'2011款 2.4L 自动四驱版GLS','2011款',6,0);
insert into t_car_model(cm_id ,cb_id,cbf_id, cs_id , cm_name,cm_type ,cm_order , cm_state) values(8603,62,57,2137,'2011款 2.0L 自动两驱版Premium','2011款',7,0);
insert into t_car_model(cm_id ,cb_id,cbf_id, cs_id , cm_name,cm_type ,cm_order , cm_state) values(8605,62,57,2137,'2011款 2.4L 自动四驱版Premium','2011款',8,0);
insert into t_car_series(cs_id,cb_id,cbf_id,cs_name,cs_order,cs_letter) values(4200,62,57,'起亚KX7',2960,'Q');
insert into t_car_model(cm_id ,cb_id,cbf_id, cs_id , cm_name,cm_type ,cm_order , cm_state) values(29585,62,57,4200,'2017款 2.0L 自动两驱SMART 5座','2017款',1,0);
insert into t_car_model(cm_id ,cb_id,cbf_id, cs_id , cm_name,cm_type ,cm_order , cm_state) values(29586,62,57,4200,'2017款 2.0L 自动两驱GL 5座','2017款',2,0);
insert into t_car_model(cm_id ,cb_id,cbf_id, cs_id , cm_name,cm_type ,cm_order , cm_state) values(29799,62,57,4200,'2017款 2.0L 自动两驱GLS 5座','2017款',3,0);
insert into t_car_model(cm_id ,cb_id,cbf_id, cs_id , cm_name,cm_type ,cm_order , cm_state) values(29453,62,57,4200,'2017款 2.4L 自动两驱GLS 5座','2017款',4,0);
insert into t_car_model(cm_id ,cb_id,cbf_id, cs_id , cm_name,cm_type ,cm_order , cm_state) values(29587,62,57,4200,'2017款 2.0T 自动两驱GL 7座','2017款',5,0);
insert into t_car_model(cm_id ,cb_id,cbf_id, cs_id , cm_name,cm_type ,cm_order , cm_state) values(29588,62,57,4200,'2017款 2.0T 自动两驱GLS 7座','2017款',6,0);
insert into t_car_model(cm_id ,cb_id,cbf_id, cs_id , cm_name,cm_type ,cm_order , cm_state) values(29589,62,57,4200,'2017款 2.0T 自动四驱DLX 7座','2017款',7,0);
insert into t_car_model(cm_id ,cb_id,cbf_id, cs_id , cm_name,cm_type ,cm_order , cm_state) values(27687,62,57,4200,'2017款 2.0T 自动四驱LUX 7座','2017款',8,0);
insert into t_car_series(cs_id,cb_id,cbf_id,cs_name,cs_order,cs_letter) values(142,62,57,'千里马',2961,'Q');
insert into t_car_model(cm_id ,cb_id,cbf_id, cs_id , cm_name,cm_type ,cm_order , cm_state) values(2682,62,57,142,'2006款 1.3L MT纪念版','2006款',1,0);
insert into t_car_model(cm_id ,cb_id,cbf_id, cs_id , cm_name,cm_type ,cm_order , cm_state) values(2683,62,57,142,'2006款 1.3L AT纪念版','2006款',2,0);
insert into t_car_model(cm_id ,cb_id,cbf_id, cs_id , cm_name,cm_type ,cm_order , cm_state) values(2390,62,57,142,'2006款 1.6L MT增配版GL','2006款',3,0);
insert into t_car_model(cm_id ,cb_id,cbf_id, cs_id , cm_name,cm_type ,cm_order , cm_state) values(2391,62,57,142,'2006款 1.6L AT增配版GL','2006款',4,0);
insert into t_car_model(cm_id ,cb_id,cbf_id, cs_id , cm_name,cm_type ,cm_order , cm_state) values(2304,62,57,142,'2006款 1.6L MT特别版GL','2006款',5,0);
insert into t_car_model(cm_id ,cb_id,cbf_id, cs_id , cm_name,cm_type ,cm_order , cm_state) values(2305,62,57,142,'2006款 1.6L AT特别版GL','2006款',6,0);
insert into t_car_model(cm_id ,cb_id,cbf_id, cs_id , cm_name,cm_type ,cm_order , cm_state) values(1346,62,57,142,'2005款 1.3L MT DLX','2005款',1,0);
insert into t_car_model(cm_id ,cb_id,cbf_id, cs_id , cm_name,cm_type ,cm_order , cm_state) values(1345,62,57,142,'2005款 1.3L MT GL','2005款',2,0);
insert into t_car_model(cm_id ,cb_id,cbf_id, cs_id , cm_name,cm_type ,cm_order , cm_state) values(1344,62,57,142,'2005款 1.3L AT GL','2005款',3,0);
insert into t_car_model(cm_id ,cb_id,cbf_id, cs_id , cm_name,cm_type ,cm_order , cm_state) values(1819,62,57,142,'2005款 1.6L MT GL','2005款',4,0);
insert into t_car_model(cm_id ,cb_id,cbf_id, cs_id , cm_name,cm_type ,cm_order , cm_state) values(1341,62,57,142,'2005款 1.6L MT GLS','2005款',5,0);
insert into t_car_model(cm_id ,cb_id,cbf_id, cs_id , cm_name,cm_type ,cm_order , cm_state) values(1340,62,57,142,'2005款 1.6L AT GLS','2005款',6,0);
insert into t_car_model(cm_id ,cb_id,cbf_id, cs_id , cm_name,cm_type ,cm_order , cm_state) values(1342,62,57,142,'2005款 1.6L MT天窗版GLS','2005款',7,0);
insert into t_car_model(cm_id ,cb_id,cbf_id, cs_id , cm_name,cm_type ,cm_order , cm_state) values(1343,62,57,142,'2005款 1.6L AT天窗版GLS','2005款',8,0);
insert into t_car_model(cm_id ,cb_id,cbf_id, cs_id , cm_name,cm_type ,cm_order , cm_state) values(438,62,57,142,'2004款 1.3L MT','2004款',1,0);
insert into t_car_model(cm_id ,cb_id,cbf_id, cs_id , cm_name,cm_type ,cm_order , cm_state) values(18,62,57,142,'2004款 1.3L AT','2004款',2,0);
insert into t_car_model(cm_id ,cb_id,cbf_id, cs_id , cm_name,cm_type ,cm_order , cm_state) values(439,62,57,142,'2004款 1.6L MT','2004款',3,0);
insert into t_car_model(cm_id ,cb_id,cbf_id, cs_id , cm_name,cm_type ,cm_order , cm_state) values(440,62,57,142,'2004款 1.6L AT','2004款',4,0);
insert into t_car_model(cm_id ,cb_id,cbf_id, cs_id , cm_name,cm_type ,cm_order , cm_state) values(441,62,57,142,'2004款 1.6L MT天窗版','2004款',5,0);
insert into t_car_model(cm_id ,cb_id,cbf_id, cs_id , cm_name,cm_type ,cm_order , cm_state) values(442,62,57,142,'2004款 1.6L AT天窗版','2004款',6,0);
insert into t_car_series(cs_id,cb_id,cbf_id,cs_name,cs_order,cs_letter) values(454,62,57,'锐欧',2962,'R');
insert into t_car_model(cm_id ,cb_id,cbf_id, cs_id , cm_name,cm_type ,cm_order , cm_state) values(2766,62,57,454,'2007款 1.4L MT GL','2007款',1,0);
insert into t_car_model(cm_id ,cb_id,cbf_id, cs_id , cm_name,cm_type ,cm_order , cm_state) values(2773,62,57,454,'2007款 1.4L MT','2007款',2,0);
insert into t_car_model(cm_id ,cb_id,cbf_id, cs_id , cm_name,cm_type ,cm_order , cm_state) values(20773,62,57,454,'2007款 1.4L AT GL','2007款',3,0);
insert into t_car_model(cm_id ,cb_id,cbf_id, cs_id , cm_name,cm_type ,cm_order , cm_state) values(2729,62,57,454,'2007款 1.4L MT GLS','2007款',4,0);
insert into t_car_model(cm_id ,cb_id,cbf_id, cs_id , cm_name,cm_type ,cm_order , cm_state) values(2767,62,57,454,'2007款 1.4L AT GLS','2007款',5,0);
insert into t_car_model(cm_id ,cb_id,cbf_id, cs_id , cm_name,cm_type ,cm_order , cm_state) values(2768,62,57,454,'2007款 1.6L MT GLS','2007款',6,0);
insert into t_car_model(cm_id ,cb_id,cbf_id, cs_id , cm_name,cm_type ,cm_order , cm_state) values(2730,62,57,454,'2007款 1.6L AT GLS','2007款',7,0);
insert into t_car_series(cs_id,cb_id,cbf_id,cs_name,cs_order,cs_letter) values(876,62,57,'秀尔',2963,'X');
insert into t_car_model(cm_id ,cb_id,cbf_id, cs_id , cm_name,cm_type ,cm_order , cm_state) values(16025,62,57,876,'2013款 1.6L MT GL','2013款',1,0);
insert into t_car_model(cm_id ,cb_id,cbf_id, cs_id , cm_name,cm_type ,cm_order , cm_state) values(16026,62,57,876,'2013款 1.6L AT GL','2013款',2,0);
insert into t_car_model(cm_id ,cb_id,cbf_id, cs_id , cm_name,cm_type ,cm_order , cm_state) values(16027,62,57,876,'2013款 1.6L MT GLS','2013款',3,0);
insert into t_car_model(cm_id ,cb_id,cbf_id, cs_id , cm_name,cm_type ,cm_order , cm_state) values(16028,62,57,876,'2013款 1.6L AT Premium','2013款',4,0);
insert into t_car_model(cm_id ,cb_id,cbf_id, cs_id , cm_name,cm_type ,cm_order , cm_state) values(11451,62,57,876,'2012款 1.6L MT GL','2012款',1,0);
insert into t_car_model(cm_id ,cb_id,cbf_id, cs_id , cm_name,cm_type ,cm_order , cm_state) values(11452,62,57,876,'2012款 1.6L AT GL','2012款',2,0);
insert into t_car_model(cm_id ,cb_id,cbf_id, cs_id , cm_name,cm_type ,cm_order , cm_state) values(11453,62,57,876,'2012款 1.6L MT GLS','2012款',3,0);
insert into t_car_model(cm_id ,cb_id,cbf_id, cs_id , cm_name,cm_type ,cm_order , cm_state) values(11454,62,57,876,'2012款 1.6L AT GLS','2012款',4,0);
insert into t_car_model(cm_id ,cb_id,cbf_id, cs_id , cm_name,cm_type ,cm_order , cm_state) values(11455,62,57,876,'2012款 1.6L AT Premium','2012款',5,0);
insert into t_car_model(cm_id ,cb_id,cbf_id, cs_id , cm_name,cm_type ,cm_order , cm_state) values(6320,62,57,876,'2010款 1.6L MT GL','2010款',1,0);
insert into t_car_model(cm_id ,cb_id,cbf_id, cs_id , cm_name,cm_type ,cm_order , cm_state) values(6363,62,57,876,'2010款 1.6L AT GL','2010款',2,0);
insert into t_car_model(cm_id ,cb_id,cbf_id, cs_id , cm_name,cm_type ,cm_order , cm_state) values(6364,62,57,876,'2010款 1.6L MT GLS','2010款',3,0);
insert into t_car_model(cm_id ,cb_id,cbf_id, cs_id , cm_name,cm_type ,cm_order , cm_state) values(6365,62,57,876,'2010款 1.6L AT GLS','2010款',4,0);
insert into t_car_model(cm_id ,cb_id,cbf_id, cs_id , cm_name,cm_type ,cm_order , cm_state) values(6366,62,57,876,'2010款 1.6L AT Premium','2010款',5,0);
insert into t_car_model(cm_id ,cb_id,cbf_id, cs_id , cm_name,cm_type ,cm_order , cm_state) values(5696,62,57,876,'2010款 2.0L MT GLS','2010款',6,0);
insert into t_car_model(cm_id ,cb_id,cbf_id, cs_id , cm_name,cm_type ,cm_order , cm_state) values(6367,62,57,876,'2010款 2.0L AT Premium','2010款',7,0);
insert into t_car_series(cs_id,cb_id,cbf_id,cs_name,cs_order,cs_letter) values(413,62,57,'赛拉图',2964,'S');
insert into t_car_model(cm_id ,cb_id,cbf_id, cs_id , cm_name,cm_type ,cm_order , cm_state) values(11506,62,57,413,'2012款 1.6L MT GL','2012款',1,0);
insert into t_car_model(cm_id ,cb_id,cbf_id, cs_id , cm_name,cm_type ,cm_order , cm_state) values(12352,62,57,413,'2012款 1.8L MT TOP','2012款',2,0);
insert into t_car_model(cm_id ,cb_id,cbf_id, cs_id , cm_name,cm_type ,cm_order , cm_state) values(12350,62,57,413,'2012款 1.6L AT GL','2012款',3,0);
insert into t_car_model(cm_id ,cb_id,cbf_id, cs_id , cm_name,cm_type ,cm_order , cm_state) values(11418,62,57,413,'2012款 1.6L MT GLS','2012款',4,0);
insert into t_car_model(cm_id ,cb_id,cbf_id, cs_id , cm_name,cm_type ,cm_order , cm_state) values(12351,62,57,413,'2012款 1.6L AT GLS','2012款',5,0);
insert into t_car_model(cm_id ,cb_id,cbf_id, cs_id , cm_name,cm_type ,cm_order , cm_state) values(12353,62,57,413,'2012款 1.8L AT TOP','2012款',6,0);
insert into t_car_model(cm_id ,cb_id,cbf_id, cs_id , cm_name,cm_type ,cm_order , cm_state) values(7517,62,57,413,'2010款 1.6L MT GL','2010款',1,0);
insert into t_car_model(cm_id ,cb_id,cbf_id, cs_id , cm_name,cm_type ,cm_order , cm_state) values(7518,62,57,413,'2010款 1.6 AT GL','2010款',2,0);
insert into t_car_model(cm_id ,cb_id,cbf_id, cs_id , cm_name,cm_type ,cm_order , cm_state) values(7519,62,57,413,'2010款 1.6L MT GLS','2010款',3,0);
insert into t_car_model(cm_id ,cb_id,cbf_id, cs_id , cm_name,cm_type ,cm_order , cm_state) values(7521,62,57,413,'2010款 1.8L MT TOP','2010款',4,0);
insert into t_car_model(cm_id ,cb_id,cbf_id, cs_id , cm_name,cm_type ,cm_order , cm_state) values(7522,62,57,413,'2010款 1.8L AT TOP','2010款',5,0);
insert into t_car_model(cm_id ,cb_id,cbf_id, cs_id , cm_name,cm_type ,cm_order , cm_state) values(7520,62,57,413,'2010款 1.6L AT GLS','2010款',6,0);
insert into t_car_model(cm_id ,cb_id,cbf_id, cs_id , cm_name,cm_type ,cm_order , cm_state) values(3595,62,57,413,'2008款 欧风 1.6 MT GL','2008款',1,0);
insert into t_car_model(cm_id ,cb_id,cbf_id, cs_id , cm_name,cm_type ,cm_order , cm_state) values(3295,62,57,413,'2008款 欧风 1.6 MT GLS','2008款',2,0);
insert into t_car_model(cm_id ,cb_id,cbf_id, cs_id , cm_name,cm_type ,cm_order , cm_state) values(3707,62,57,413,'2008款 欧风 1.6 AT GL','2008款',3,0);
insert into t_car_model(cm_id ,cb_id,cbf_id, cs_id , cm_name,cm_type ,cm_order , cm_state) values(3588,62,57,413,'2008款 欧风 1.6 AT GLS','2008款',4,0);
insert into t_car_model(cm_id ,cb_id,cbf_id, cs_id , cm_name,cm_type ,cm_order , cm_state) values(3452,62,57,413,'2007款 1.6L MT GL','2007款',1,0);
insert into t_car_model(cm_id ,cb_id,cbf_id, cs_id , cm_name,cm_type ,cm_order , cm_state) values(3453,62,57,413,'2007款 1.6L AT GL','2007款',2,0);
insert into t_car_model(cm_id ,cb_id,cbf_id, cs_id , cm_name,cm_type ,cm_order , cm_state) values(3436,62,57,413,'2007款 1.6L MT GLS','2007款',3,0);
insert into t_car_model(cm_id ,cb_id,cbf_id, cs_id , cm_name,cm_type ,cm_order , cm_state) values(3454,62,57,413,'2007款 1.6L AT GLS','2007款',4,0);
insert into t_car_model(cm_id ,cb_id,cbf_id, cs_id , cm_name,cm_type ,cm_order , cm_state) values(3455,62,57,413,'2007款 1.8L MT TOP','2007款',5,0);
insert into t_car_model(cm_id ,cb_id,cbf_id, cs_id , cm_name,cm_type ,cm_order , cm_state) values(3456,62,57,413,'2007款 1.8L AT TOP','2007款',6,0);
insert into t_car_model(cm_id ,cb_id,cbf_id, cs_id , cm_name,cm_type ,cm_order , cm_state) values(2515,62,57,413,'2006款 1.6L MT GL','2006款',1,0);
insert into t_car_model(cm_id ,cb_id,cbf_id, cs_id , cm_name,cm_type ,cm_order , cm_state) values(2516,62,57,413,'2006款 1.6L AT GL','2006款',2,0);
insert into t_car_model(cm_id ,cb_id,cbf_id, cs_id , cm_name,cm_type ,cm_order , cm_state) values(2517,62,57,413,'2006款 1.6L MT GLS','2006款',3,0);
insert into t_car_model(cm_id ,cb_id,cbf_id, cs_id , cm_name,cm_type ,cm_order , cm_state) values(2518,62,57,413,'2006款 1.6L AT GLS','2006款',4,0);
insert into t_car_model(cm_id ,cb_id,cbf_id, cs_id , cm_name,cm_type ,cm_order , cm_state) values(2519,62,57,413,'2006款 1.8L MT GLS','2006款',5,0);
insert into t_car_model(cm_id ,cb_id,cbf_id, cs_id , cm_name,cm_type ,cm_order , cm_state) values(2520,62,57,413,'2006款 1.8L AT GLS','2006款',6,0);
insert into t_car_model(cm_id ,cb_id,cbf_id, cs_id , cm_name,cm_type ,cm_order , cm_state) values(2521,62,57,413,'2006款 1.8L MT SPORTS','2006款',7,0);
insert into t_car_model(cm_id ,cb_id,cbf_id, cs_id , cm_name,cm_type ,cm_order , cm_state) values(2522,62,57,413,'2006款 1.8L AT SPORTS','2006款',8,0);
insert into t_car_model(cm_id ,cb_id,cbf_id, cs_id , cm_name,cm_type ,cm_order , cm_state) values(1773,62,57,413,'2005款 1.6L MT GL','2005款',1,0);
insert into t_car_model(cm_id ,cb_id,cbf_id, cs_id , cm_name,cm_type ,cm_order , cm_state) values(1676,62,57,413,'2005款 1.6L AT GL','2005款',2,0);
insert into t_car_model(cm_id ,cb_id,cbf_id, cs_id , cm_name,cm_type ,cm_order , cm_state) values(1794,62,57,413,'2005款 1.6L MT GLS','2005款',3,0);
insert into t_car_model(cm_id ,cb_id,cbf_id, cs_id , cm_name,cm_type ,cm_order , cm_state) values(1924,62,57,413,'2005款 1.6L MT GLS-2','2005款',4,0);
insert into t_car_model(cm_id ,cb_id,cbf_id, cs_id , cm_name,cm_type ,cm_order , cm_state) values(1795,62,57,413,'2005款 1.6L AT GLS','2005款',5,0);
insert into t_car_model(cm_id ,cb_id,cbf_id, cs_id , cm_name,cm_type ,cm_order , cm_state) values(1775,62,57,413,'2005款 1.8L MT GLS','2005款',6,0);
insert into t_car_model(cm_id ,cb_id,cbf_id, cs_id , cm_name,cm_type ,cm_order , cm_state) values(1796,62,57,413,'2005款 1.8L AT GLS','2005款',7,0);
insert into t_car_model(cm_id ,cb_id,cbf_id, cs_id , cm_name,cm_type ,cm_order , cm_state) values(1840,62,57,413,'2005款 1.8L MT SPORTS','2005款',8,0);
insert into t_car_model(cm_id ,cb_id,cbf_id, cs_id , cm_name,cm_type ,cm_order , cm_state) values(1841,62,57,413,'2005款 1.8L AT SPORTS','2005款',9,0);
insert into t_car_series(cs_id,cb_id,cbf_id,cs_name,cs_order,cs_letter) values(3385,62,57,'起亚K3S',2965,'Q');
insert into t_car_model(cm_id ,cb_id,cbf_id, cs_id , cm_name,cm_type ,cm_order , cm_state) values(18598,62,57,3385,'2014款 1.6L 手动GL','2014款',1,0);
insert into t_car_model(cm_id ,cb_id,cbf_id, cs_id , cm_name,cm_type ,cm_order , cm_state) values(18599,62,57,3385,'2014款 1.6L 自动GL','2014款',2,0);
insert into t_car_model(cm_id ,cb_id,cbf_id, cs_id , cm_name,cm_type ,cm_order , cm_state) values(18600,62,57,3385,'2014款 1.6L 手动GLS','2014款',3,0);
insert into t_car_model(cm_id ,cb_id,cbf_id, cs_id , cm_name,cm_type ,cm_order , cm_state) values(18601,62,57,3385,'2014款 1.6L 自动GLS','2014款',4,0);
insert into t_car_model(cm_id ,cb_id,cbf_id, cs_id , cm_name,cm_type ,cm_order , cm_state) values(18602,62,57,3385,'2014款 1.6L 自动DLX','2014款',5,0);
insert into t_car_model(cm_id ,cb_id,cbf_id, cs_id , cm_name,cm_type ,cm_order , cm_state) values(18312,62,57,3385,'2014款 1.6L 自动Premium','2014款',6,0);
insert into t_car_series(cs_id,cb_id,cbf_id,cs_name,cs_order,cs_letter) values(3286,62,57,'起亚K4',2966,'Q');
insert into t_car_model(cm_id ,cb_id,cbf_id, cs_id , cm_name,cm_type ,cm_order , cm_state) values(27340,62,57,3286,'2017款 1.8L 手动GL','2017款',1,0);
insert into t_car_model(cm_id ,cb_id,cbf_id, cs_id , cm_name,cm_type ,cm_order , cm_state) values(27331,62,57,3286,'2017款 1.8L 自动GL','2017款',2,0);
insert into t_car_model(cm_id ,cb_id,cbf_id, cs_id , cm_name,cm_type ,cm_order , cm_state) values(27332,62,57,3286,'2017款 1.8L 自动GLS Special','2017款',3,0);
insert into t_car_model(cm_id ,cb_id,cbf_id, cs_id , cm_name,cm_type ,cm_order , cm_state) values(27333,62,57,3286,'2017款 1.8L 自动DLX Special','2017款',4,0);
insert into t_car_model(cm_id ,cb_id,cbf_id, cs_id , cm_name,cm_type ,cm_order , cm_state) values(27336,62,57,3286,'2017款 2.0L 自动PRM','2017款',5,0);
insert into t_car_model(cm_id ,cb_id,cbf_id, cs_id , cm_name,cm_type ,cm_order , cm_state) values(27339,62,57,3286,'2017款 1.6T 自动T-GLS Special','2017款',6,0);
insert into t_car_model(cm_id ,cb_id,cbf_id, cs_id , cm_name,cm_type ,cm_order , cm_state) values(27334,62,57,3286,'2017款 1.6T 自动T-DLX Turbo','2017款',7,0);
insert into t_car_model(cm_id ,cb_id,cbf_id, cs_id , cm_name,cm_type ,cm_order , cm_state) values(27335,62,57,3286,'2017款 1.6T 自动T-PRM','2017款',8,0);
insert into t_car_model(cm_id ,cb_id,cbf_id, cs_id , cm_name,cm_type ,cm_order , cm_state) values(23803,62,57,3286,'2015款 1.8L 自动GLS Special','2015款',1,0);
insert into t_car_model(cm_id ,cb_id,cbf_id, cs_id , cm_name,cm_type ,cm_order , cm_state) values(23804,62,57,3286,'2015款 1.8L 自动DLX Special','2015款',2,0);
insert into t_car_model(cm_id ,cb_id,cbf_id, cs_id , cm_name,cm_type ,cm_order , cm_state) values(23805,62,57,3286,'2015款 1.6T 自动T-GLS Special','2015款',3,0);
insert into t_car_model(cm_id ,cb_id,cbf_id, cs_id , cm_name,cm_type ,cm_order , cm_state) values(20178,62,57,3286,'2014款 1.8L 手动GL','2014款',1,0);
insert into t_car_model(cm_id ,cb_id,cbf_id, cs_id , cm_name,cm_type ,cm_order , cm_state) values(20179,62,57,3286,'2014款 1.8L 自动GL','2014款',2,0);
insert into t_car_model(cm_id ,cb_id,cbf_id, cs_id , cm_name,cm_type ,cm_order , cm_state) values(20180,62,57,3286,'2014款 1.8L 自动GLS','2014款',3,0);
insert into t_car_model(cm_id ,cb_id,cbf_id, cs_id , cm_name,cm_type ,cm_order , cm_state) values(20181,62,57,3286,'2014款 1.8L 自动DLX','2014款',4,0);
insert into t_car_model(cm_id ,cb_id,cbf_id, cs_id , cm_name,cm_type ,cm_order , cm_state) values(19837,62,57,3286,'2014款 1.8L 自动LUX','2014款',5,0);
insert into t_car_model(cm_id ,cb_id,cbf_id, cs_id , cm_name,cm_type ,cm_order , cm_state) values(20182,62,57,3286,'2014款 2.0L 自动LUX','2014款',6,0);
insert into t_car_model(cm_id ,cb_id,cbf_id, cs_id , cm_name,cm_type ,cm_order , cm_state) values(20052,62,57,3286,'2014款 2.0L 自动PRM','2014款',7,0);
insert into t_car_model(cm_id ,cb_id,cbf_id, cs_id , cm_name,cm_type ,cm_order , cm_state) values(20183,62,57,3286,'2014款 1.6T 自动Turbo','2014款',8,0);
insert into t_car_model(cm_id ,cb_id,cbf_id, cs_id , cm_name,cm_type ,cm_order , cm_state) values(20184,62,57,3286,'2014款 1.6T 自动T-PRM','2014款',9,0);
insert into t_car_series(cs_id,cb_id,cbf_id,cs_name,cs_order,cs_letter) values(298,62,57,'远舰',2967,'Y');
insert into t_car_model(cm_id ,cb_id,cbf_id, cs_id , cm_name,cm_type ,cm_order , cm_state) values(2158,62,57,298,'2006款 2.0L 手动豪华版GL','2006款',1,0);
insert into t_car_model(cm_id ,cb_id,cbf_id, cs_id , cm_name,cm_type ,cm_order , cm_state) values(2159,62,57,298,'2006款 2.0L 自动豪华版GL','2006款',2,0);
insert into t_car_model(cm_id ,cb_id,cbf_id, cs_id , cm_name,cm_type ,cm_order , cm_state) values(2160,62,57,298,'2006款 2.0L 手动尊贵版GLS-1','2006款',3,0);
insert into t_car_model(cm_id ,cb_id,cbf_id, cs_id , cm_name,cm_type ,cm_order , cm_state) values(2161,62,57,298,'2006款 2.0L 手动尊贵版GLS-2','2006款',4,0);
insert into t_car_model(cm_id ,cb_id,cbf_id, cs_id , cm_name,cm_type ,cm_order , cm_state) values(2162,62,57,298,'2006款 2.0L 自动尊贵版GLS','2006款',5,0);
insert into t_car_model(cm_id ,cb_id,cbf_id, cs_id , cm_name,cm_type ,cm_order , cm_state) values(2163,62,57,298,'2006款 2.0L 自动顶级版TOP','2006款',6,0);
insert into t_car_model(cm_id ,cb_id,cbf_id, cs_id , cm_name,cm_type ,cm_order , cm_state) values(1200,62,57,298,'2005款 2.0L MT GL','2005款',1,0);
insert into t_car_model(cm_id ,cb_id,cbf_id, cs_id , cm_name,cm_type ,cm_order , cm_state) values(1952,62,57,298,'2005款 2.0L AT GL','2005款',2,0);
insert into t_car_model(cm_id ,cb_id,cbf_id, cs_id , cm_name,cm_type ,cm_order , cm_state) values(1459,62,57,298,'2005款 2.0L MT GLS-1','2005款',3,0);
insert into t_car_model(cm_id ,cb_id,cbf_id, cs_id , cm_name,cm_type ,cm_order , cm_state) values(1129,62,57,298,'2005款 2.0L MT GLS-2','2005款',4,0);
insert into t_car_model(cm_id ,cb_id,cbf_id, cs_id , cm_name,cm_type ,cm_order , cm_state) values(1123,62,57,298,'2005款 2.0L AT GLS-1','2005款',5,0);
insert into t_car_model(cm_id ,cb_id,cbf_id, cs_id , cm_name,cm_type ,cm_order , cm_state) values(1460,62,57,298,'2005款 2.0L AT GLS-2','2005款',6,0);
insert into t_car_model(cm_id ,cb_id,cbf_id, cs_id , cm_name,cm_type ,cm_order , cm_state) values(1085,62,57,298,'2005款 2.0L AT TOP','2005款',7,0);
insert into t_car_series(cs_id,cb_id,cbf_id,cs_name,cs_order,cs_letter) values(565,62,57,'狮跑',2968,'S');
insert into t_car_model(cm_id ,cb_id,cbf_id, cs_id , cm_name,cm_type ,cm_order , cm_state) values(16145,62,57,565,'2013款 2.0L 自动两驱版Premium','2013款',1,0);
insert into t_car_model(cm_id ,cb_id,cbf_id, cs_id , cm_name,cm_type ,cm_order , cm_state) values(16185,62,57,565,'2013款 2.0L 手动两驱版GL','2013款',2,0);
insert into t_car_model(cm_id ,cb_id,cbf_id, cs_id , cm_name,cm_type ,cm_order , cm_state) values(16186,62,57,565,'2013款 2.0L 自动两驱版GL','2013款',3,0);
insert into t_car_model(cm_id ,cb_id,cbf_id, cs_id , cm_name,cm_type ,cm_order , cm_state) values(16187,62,57,565,'2013款 2.0L 手动两驱版GLS','2013款',4,0);
insert into t_car_model(cm_id ,cb_id,cbf_id, cs_id , cm_name,cm_type ,cm_order , cm_state) values(16188,62,57,565,'2013款 2.0L 自动两驱版GLS','2013款',5,0);
insert into t_car_model(cm_id ,cb_id,cbf_id, cs_id , cm_name,cm_type ,cm_order , cm_state) values(16189,62,57,565,'2013款 2.0L 手动四驱版GLS','2013款',6,0);
insert into t_car_model(cm_id ,cb_id,cbf_id, cs_id , cm_name,cm_type ,cm_order , cm_state) values(16190,62,57,565,'2013款 2.0L 自动两驱版DLX','2013款',7,0);
insert into t_car_model(cm_id ,cb_id,cbf_id, cs_id , cm_name,cm_type ,cm_order , cm_state) values(11063,62,57,565,'2012款 2.0L 手动两驱版GL','2012款',1,0);
insert into t_car_model(cm_id ,cb_id,cbf_id, cs_id , cm_name,cm_type ,cm_order , cm_state) values(11064,62,57,565,'2012款 2.0L 自动两驱版GL','2012款',2,0);
insert into t_car_model(cm_id ,cb_id,cbf_id, cs_id , cm_name,cm_type ,cm_order , cm_state) values(11065,62,57,565,'2012款 2.0L 手动两驱版GLS','2012款',3,0);
insert into t_car_model(cm_id ,cb_id,cbf_id, cs_id , cm_name,cm_type ,cm_order , cm_state) values(11066,62,57,565,'2012款 2.0L 自动两驱版GLS','2012款',4,0);
insert into t_car_model(cm_id ,cb_id,cbf_id, cs_id , cm_name,cm_type ,cm_order , cm_state) values(11067,62,57,565,'2012款 2.0L 手动四驱版GLS','2012款',5,0);
insert into t_car_model(cm_id ,cb_id,cbf_id, cs_id , cm_name,cm_type ,cm_order , cm_state) values(9843,62,57,565,'2012款 2.0L 自动两驱版Premium','2012款',6,0);
insert into t_car_model(cm_id ,cb_id,cbf_id, cs_id , cm_name,cm_type ,cm_order , cm_state) values(8302,62,57,565,'2011款 2.0L 手动两驱版GL','2011款',1,0);
insert into t_car_model(cm_id ,cb_id,cbf_id, cs_id , cm_name,cm_type ,cm_order , cm_state) values(8303,62,57,565,'2011款 2.0L 自动两驱版GL','2011款',2,0);
insert into t_car_model(cm_id ,cb_id,cbf_id, cs_id , cm_name,cm_type ,cm_order , cm_state) values(8304,62,57,565,'2011款 2.0L 手动两驱版GLS','2011款',3,0);
insert into t_car_model(cm_id ,cb_id,cbf_id, cs_id , cm_name,cm_type ,cm_order , cm_state) values(8305,62,57,565,'2011款 2.0L 自动两驱版GLS','2011款',4,0);
insert into t_car_model(cm_id ,cb_id,cbf_id, cs_id , cm_name,cm_type ,cm_order , cm_state) values(8306,62,57,565,'2011款 2.0L 手动四驱版GLS','2011款',5,0);
insert into t_car_model(cm_id ,cb_id,cbf_id, cs_id , cm_name,cm_type ,cm_order , cm_state) values(8307,62,57,565,'2011款 2.7L 自动四驱版GLS','2011款',6,0);
insert into t_car_model(cm_id ,cb_id,cbf_id, cs_id , cm_name,cm_type ,cm_order , cm_state) values(5249,62,57,565,'2009款 2.0L 手动两驱版GL','2009款',1,0);
insert into t_car_model(cm_id ,cb_id,cbf_id, cs_id , cm_name,cm_type ,cm_order , cm_state) values(5250,62,57,565,'2009款 2.0L 自动两驱版GL','2009款',2,0);
insert into t_car_model(cm_id ,cb_id,cbf_id, cs_id , cm_name,cm_type ,cm_order , cm_state) values(5251,62,57,565,'2009款 2.0L 手动两驱版GLS','2009款',3,0);
insert into t_car_model(cm_id ,cb_id,cbf_id, cs_id , cm_name,cm_type ,cm_order , cm_state) values(5254,62,57,565,'2009款 2.0L 自动两驱版GLS','2009款',4,0);
insert into t_car_model(cm_id ,cb_id,cbf_id, cs_id , cm_name,cm_type ,cm_order , cm_state) values(5255,62,57,565,'2009款 2.0L 手动四驱版GLS','2009款',5,0);
insert into t_car_model(cm_id ,cb_id,cbf_id, cs_id , cm_name,cm_type ,cm_order , cm_state) values(5256,62,57,565,'2009款 2.7L 自动四驱版GLS','2009款',6,0);
insert into t_car_model(cm_id ,cb_id,cbf_id, cs_id , cm_name,cm_type ,cm_order , cm_state) values(3777,62,57,565,'2008款 2.7L 自动四驱旗舰版','2008款',1,0);
insert into t_car_model(cm_id ,cb_id,cbf_id, cs_id , cm_name,cm_type ,cm_order , cm_state) values(3348,62,57,565,'2007款 2.0L 手动两驱版GL','2007款',1,0);
insert into t_car_model(cm_id ,cb_id,cbf_id, cs_id , cm_name,cm_type ,cm_order , cm_state) values(3349,62,57,565,'2007款 2.0L 自动两驱版GL','2007款',2,0);
insert into t_car_model(cm_id ,cb_id,cbf_id, cs_id , cm_name,cm_type ,cm_order , cm_state) values(3350,62,57,565,'2007款 2.0L 手动两驱版GLS','2007款',3,0);
insert into t_car_model(cm_id ,cb_id,cbf_id, cs_id , cm_name,cm_type ,cm_order , cm_state) values(3351,62,57,565,'2007款 2.0L 自动两驱版GLS','2007款',4,0);
insert into t_car_model(cm_id ,cb_id,cbf_id, cs_id , cm_name,cm_type ,cm_order , cm_state) values(3352,62,57,565,'2007款 2.0L 手动四驱版GLS','2007款',5,0);
insert into t_car_model(cm_id ,cb_id,cbf_id, cs_id , cm_name,cm_type ,cm_order , cm_state) values(3296,62,57,565,'2007款 2.7L 自动四驱版GLS','2007款',6,0);
insert into t_car_series(cs_id,cb_id,cbf_id,cs_name,cs_order,cs_letter) values(284,62,57,'嘉华',2969,'J');
insert into t_car_model(cm_id ,cb_id,cbf_id, cs_id , cm_name,cm_type ,cm_order , cm_state) values(2126,62,57,284,'2006款 2.7L GL','2006款',1,0);
insert into t_car_model(cm_id ,cb_id,cbf_id, cs_id , cm_name,cm_type ,cm_order , cm_state) values(2127,62,57,284,'2006款 2.7L GLS-1','2006款',2,0);
insert into t_car_model(cm_id ,cb_id,cbf_id, cs_id , cm_name,cm_type ,cm_order , cm_state) values(2128,62,57,284,'2006款 2.7L GLS-2','2006款',3,0);
insert into t_car_model(cm_id ,cb_id,cbf_id, cs_id , cm_name,cm_type ,cm_order , cm_state) values(2129,62,57,284,'2006款 2.7L TOP','2006款',4,0);
insert into t_car_model(cm_id ,cb_id,cbf_id, cs_id , cm_name,cm_type ,cm_order , cm_state) values(2130,62,57,284,'2006款 3.5L 尊贵版','2006款',5,0);
insert into t_car_model(cm_id ,cb_id,cbf_id, cs_id , cm_name,cm_type ,cm_order , cm_state) values(2131,62,57,284,'2006款 3.5L 顶级版TOP','2006款',6,0);
insert into t_car_model(cm_id ,cb_id,cbf_id, cs_id , cm_name,cm_type ,cm_order , cm_state) values(1461,62,57,284,'2004款 3.5L GL','2004款',1,0);
insert into t_car_model(cm_id ,cb_id,cbf_id, cs_id , cm_name,cm_type ,cm_order , cm_state) values(1042,62,57,284,'2004款 3.5L GLS','2004款',2,0);
insert into t_car_model(cm_id ,cb_id,cbf_id, cs_id , cm_name,cm_type ,cm_order , cm_state) values(1056,62,57,284,'2004款 3.5L TOP','2004款',3,0);
insert into t_car_brand_factory(cbf_id , cb_id , cbf_name ,cbf_letter) values(111,62,'起亚(进口)','Q');
insert into t_car_series(cs_id,cb_id,cbf_id,cs_name,cs_order,cs_letter) values(890,62,111,'起亚K5(进口)',2985,'Q');
insert into t_car_model(cm_id ,cb_id,cbf_id, cs_id , cm_name,cm_type ,cm_order , cm_state) values(19634,62,111,890,'2014款 2.0L Hybrid 豪华版','2014款',1,0);
insert into t_car_model(cm_id ,cb_id,cbf_id, cs_id , cm_name,cm_type ,cm_order , cm_state) values(18167,62,111,890,'2014款 2.0L Hybrid 旗舰版','2014款',2,0);
insert into t_car_model(cm_id ,cb_id,cbf_id, cs_id , cm_name,cm_type ,cm_order , cm_state) values(16722,62,111,890,'2013款 2.0L Hybrid','2013款',1,0);
insert into t_car_series(cs_id,cb_id,cbf_id,cs_name,cs_order,cs_letter) values(1010,62,111,'凯尊',2989,'K');
insert into t_car_model(cm_id ,cb_id,cbf_id, cs_id , cm_name,cm_type ,cm_order , cm_state) values(16201,62,111,1010,'2013款 2.4L 商务型 国IV','2013款',1,0);
insert into t_car_model(cm_id ,cb_id,cbf_id, cs_id , cm_name,cm_type ,cm_order , cm_state) values(16193,62,111,1010,'2013款 2.4L 商务天窗型 国IV','2013款',2,0);
insert into t_car_model(cm_id ,cb_id,cbf_id, cs_id , cm_name,cm_type ,cm_order , cm_state) values(16194,62,111,1010,'2013款 2.4L 精英型 国IV','2013款',3,0);
insert into t_car_model(cm_id ,cb_id,cbf_id, cs_id , cm_name,cm_type ,cm_order , cm_state) values(16195,62,111,1010,'2013款 2.4L 尊贵型 国IV','2013款',4,0);
insert into t_car_model(cm_id ,cb_id,cbf_id, cs_id , cm_name,cm_type ,cm_order , cm_state) values(16196,62,111,1010,'2013款 2.4L 旗舰型 国IV','2013款',5,0);
insert into t_car_model(cm_id ,cb_id,cbf_id, cs_id , cm_name,cm_type ,cm_order , cm_state) values(16073,62,111,1010,'2013款 2.4L 商务型 国V','2013款',6,0);
insert into t_car_model(cm_id ,cb_id,cbf_id, cs_id , cm_name,cm_type ,cm_order , cm_state) values(16200,62,111,1010,'2013款 2.4L 商务天窗型 国V','2013款',7,0);
insert into t_car_model(cm_id ,cb_id,cbf_id, cs_id , cm_name,cm_type ,cm_order , cm_state) values(16199,62,111,1010,'2013款 2.4L 精英型 国V','2013款',8,0);
insert into t_car_model(cm_id ,cb_id,cbf_id, cs_id , cm_name,cm_type ,cm_order , cm_state) values(16198,62,111,1010,'2013款 2.4L 尊贵型 国V','2013款',9,0);
insert into t_car_model(cm_id ,cb_id,cbf_id, cs_id , cm_name,cm_type ,cm_order , cm_state) values(16197,62,111,1010,'2013款 2.4L 旗舰型 国V','2013款',10,0);
insert into t_car_model(cm_id ,cb_id,cbf_id, cs_id , cm_name,cm_type ,cm_order , cm_state) values(10411,62,111,1010,'2012款 2.4L 商务型','2012款',1,0);
insert into t_car_model(cm_id ,cb_id,cbf_id, cs_id , cm_name,cm_type ,cm_order , cm_state) values(10407,62,111,1010,'2012款 2.4L 商务天窗型','2012款',2,0);
insert into t_car_model(cm_id ,cb_id,cbf_id, cs_id , cm_name,cm_type ,cm_order , cm_state) values(10408,62,111,1010,'2012款 2.4L 精英型','2012款',3,0);
insert into t_car_model(cm_id ,cb_id,cbf_id, cs_id , cm_name,cm_type ,cm_order , cm_state) values(10409,62,111,1010,'2012款 2.4L 尊贵型','2012款',4,0);
insert into t_car_model(cm_id ,cb_id,cbf_id, cs_id , cm_name,cm_type ,cm_order , cm_state) values(10410,62,111,1010,'2012款 2.4L 旗舰型','2012款',5,0);
insert into t_car_model(cm_id ,cb_id,cbf_id, cs_id , cm_name,cm_type ,cm_order , cm_state) values(8246,62,111,1010,'2011款 2.4L 商务型','2011款',1,0);
insert into t_car_model(cm_id ,cb_id,cbf_id, cs_id , cm_name,cm_type ,cm_order , cm_state) values(8247,62,111,1010,'2011款 2.4L 精英型','2011款',2,0);
insert into t_car_model(cm_id ,cb_id,cbf_id, cs_id , cm_name,cm_type ,cm_order , cm_state) values(6582,62,111,1010,'2011款 2.4L 尊贵型','2011款',3,0);
insert into t_car_model(cm_id ,cb_id,cbf_id, cs_id , cm_name,cm_type ,cm_order , cm_state) values(8318,62,111,1010,'2011款 2.4L 旗舰型','2011款',4,0);
insert into t_car_series(cs_id,cb_id,cbf_id,cs_name,cs_order,cs_letter) values(2681,62,111,'起亚K9',2991,'Q');
insert into t_car_model(cm_id ,cb_id,cbf_id, cs_id , cm_name,cm_type ,cm_order , cm_state) values(22482,62,111,2681,'2015款 3.8L 典雅版','2015款',1,0);
insert into t_car_model(cm_id ,cb_id,cbf_id, cs_id , cm_name,cm_type ,cm_order , cm_state) values(22483,62,111,2681,'2015款 3.8L 豪华版','2015款',2,0);
insert into t_car_model(cm_id ,cb_id,cbf_id, cs_id , cm_name,cm_type ,cm_order , cm_state) values(22346,62,111,2681,'2015款 3.8L 尊贵版','2015款',3,0);
insert into t_car_model(cm_id ,cb_id,cbf_id, cs_id , cm_name,cm_type ,cm_order , cm_state) values(22484,62,111,2681,'2015款 3.8L 旗舰版','2015款',4,0);
insert into t_car_series(cs_id,cb_id,cbf_id,cs_name,cs_order,cs_letter) values(2420,62,111,'斯汀格',2993,'S');
insert into t_car_model(cm_id ,cb_id,cbf_id, cs_id , cm_name,cm_type ,cm_order , cm_state) values(32750,62,111,2420,'2018款 2.0T GT','2018款',1,0);
insert into t_car_model(cm_id ,cb_id,cbf_id, cs_id , cm_name,cm_type ,cm_order , cm_state) values(32751,62,111,2420,'2018款 2.0T GT+','2018款',2,0);
insert into t_car_series(cs_id,cb_id,cbf_id,cs_name,cs_order,cs_letter) values(452,62,111,'SPORTAGE',2999,'S');
insert into t_car_model(cm_id ,cb_id,cbf_id, cs_id , cm_name,cm_type ,cm_order , cm_state) values(6820,62,111,452,'2006款 2.0 两驱','2006款',1,0);
insert into t_car_model(cm_id ,cb_id,cbf_id, cs_id , cm_name,cm_type ,cm_order , cm_state) values(6822,62,111,452,'2006款 2.0 MT四驱','2006款',2,0);
insert into t_car_model(cm_id ,cb_id,cbf_id, cs_id , cm_name,cm_type ,cm_order , cm_state) values(2241,62,111,452,'2005款 2.0','2005款',1,0);
insert into t_car_model(cm_id ,cb_id,cbf_id, cs_id , cm_name,cm_type ,cm_order , cm_state) values(2242,62,111,452,'2005款 2.7','2005款',2,0);
insert into t_car_series(cs_id,cb_id,cbf_id,cs_name,cs_order,cs_letter) values(3198,62,111,'极睿',3000,'J');
insert into t_car_model(cm_id ,cb_id,cbf_id, cs_id , cm_name,cm_type ,cm_order , cm_state) values(29054,62,111,3198,'2017款 1.6L 标准版','2017款',1,0);
insert into t_car_model(cm_id ,cb_id,cbf_id, cs_id , cm_name,cm_type ,cm_order , cm_state) values(28914,62,111,3198,'2017款 1.6L 豪华版','2017款',2,0);
insert into t_car_model(cm_id ,cb_id,cbf_id, cs_id , cm_name,cm_type ,cm_order , cm_state) values(29053,62,111,3198,'2017款 1.6L 旗舰版','2017款',3,0);
insert into t_car_series(cs_id,cb_id,cbf_id,cs_name,cs_order,cs_letter) values(281,62,111,'索兰托',3002,'S');
insert into t_car_model(cm_id ,cb_id,cbf_id, cs_id , cm_name,cm_type ,cm_order , cm_state) values(33115,62,111,281,'2018款 索兰托L 2.0T 柴油2WD都市版 5座','2018款',1,0);
insert into t_car_model(cm_id ,cb_id,cbf_id, cs_id , cm_name,cm_type ,cm_order , cm_state) values(33116,62,111,281,'2018款 索兰托L 2.0T 柴油2WD都市版 7座','2018款',2,0);
insert into t_car_model(cm_id ,cb_id,cbf_id, cs_id , cm_name,cm_type ,cm_order , cm_state) values(33117,62,111,281,'2018款 索兰托L 2.0T 柴油2WD豪华版 5座','2018款',3,0);
insert into t_car_model(cm_id ,cb_id,cbf_id, cs_id , cm_name,cm_type ,cm_order , cm_state) values(33118,62,111,281,'2018款 索兰托L 2.0T 柴油2WD豪华版 7座','2018款',4,0);
insert into t_car_model(cm_id ,cb_id,cbf_id, cs_id , cm_name,cm_type ,cm_order , cm_state) values(33109,62,111,281,'2018款 索兰托L 2.0T 柴油4WD都市版 5座','2018款',5,0);
insert into t_car_model(cm_id ,cb_id,cbf_id, cs_id , cm_name,cm_type ,cm_order , cm_state) values(33110,62,111,281,'2018款 索兰托L 2.0T 柴油4WD都市版 7座','2018款',6,0);
insert into t_car_model(cm_id ,cb_id,cbf_id, cs_id , cm_name,cm_type ,cm_order , cm_state) values(33111,62,111,281,'2018款 索兰托L 2.0T 柴油4WD豪华版 5座','2018款',7,0);
insert into t_car_model(cm_id ,cb_id,cbf_id, cs_id , cm_name,cm_type ,cm_order , cm_state) values(33112,62,111,281,'2018款 索兰托L 2.0T 柴油4WD豪华版 7座','2018款',8,0);
insert into t_car_model(cm_id ,cb_id,cbf_id, cs_id , cm_name,cm_type ,cm_order , cm_state) values(33113,62,111,281,'2018款 索兰托L 2.0T 柴油4WD旗舰版 5座','2018款',9,0);
insert into t_car_model(cm_id ,cb_id,cbf_id, cs_id , cm_name,cm_type ,cm_order , cm_state) values(33114,62,111,281,'2018款 索兰托L 2.0T 柴油4WD旗舰版 7座','2018款',10,0);
insert into t_car_model(cm_id ,cb_id,cbf_id, cs_id , cm_name,cm_type ,cm_order , cm_state) values(33125,62,111,281,'2018款 索兰托L 2.4L 汽油2WD都市版 5座','2018款',11,0);
insert into t_car_model(cm_id ,cb_id,cbf_id, cs_id , cm_name,cm_type ,cm_order , cm_state) values(33126,62,111,281,'2018款 索兰托L 2.4L 汽油2WD都市版 7座','2018款',12,0);
insert into t_car_model(cm_id ,cb_id,cbf_id, cs_id , cm_name,cm_type ,cm_order , cm_state) values(33127,62,111,281,'2018款 索兰托L 2.4L 汽油2WD豪华版 5座','2018款',13,0);
insert into t_car_model(cm_id ,cb_id,cbf_id, cs_id , cm_name,cm_type ,cm_order , cm_state) values(33124,62,111,281,'2018款 索兰托L 2.4L 汽油4WD旗舰版 7座','2018款',14,0);
insert into t_car_model(cm_id ,cb_id,cbf_id, cs_id , cm_name,cm_type ,cm_order , cm_state) values(33123,62,111,281,'2018款 索兰托L 2.4L 汽油4WD旗舰版 5座','2018款',15,0);
insert into t_car_model(cm_id ,cb_id,cbf_id, cs_id , cm_name,cm_type ,cm_order , cm_state) values(33122,62,111,281,'2018款 索兰托L 2.4L 汽油4WD豪华版 7座','2018款',16,0);
insert into t_car_model(cm_id ,cb_id,cbf_id, cs_id , cm_name,cm_type ,cm_order , cm_state) values(33121,62,111,281,'2018款 索兰托L 2.4L 汽油4WD豪华版 5座','2018款',17,0);
insert into t_car_model(cm_id ,cb_id,cbf_id, cs_id , cm_name,cm_type ,cm_order , cm_state) values(33120,62,111,281,'2018款 索兰托L 2.4L 汽油4WD都市版 7座','2018款',18,0);
insert into t_car_model(cm_id ,cb_id,cbf_id, cs_id , cm_name,cm_type ,cm_order , cm_state) values(33119,62,111,281,'2018款 索兰托L 2.4L 汽油4WD都市版 5座','2018款',19,0);
insert into t_car_model(cm_id ,cb_id,cbf_id, cs_id , cm_name,cm_type ,cm_order , cm_state) values(33128,62,111,281,'2018款 索兰托L 2.4L 汽油2WD豪华版 7座','2018款',20,0);
insert into t_car_model(cm_id ,cb_id,cbf_id, cs_id , cm_name,cm_type ,cm_order , cm_state) values(24402,62,111,281,'2016款 索兰托L 2.2T 柴油2WD定制版 5座 国IV','2016款',1,0);
insert into t_car_model(cm_id ,cb_id,cbf_id, cs_id , cm_name,cm_type ,cm_order , cm_state) values(24405,62,111,281,'2016款 索兰托L 2.2T 柴油4WD定制版 5座 国IV','2016款',2,0);
insert into t_car_model(cm_id ,cb_id,cbf_id, cs_id , cm_name,cm_type ,cm_order , cm_state) values(24406,62,111,281,'2016款 索兰托L 2.2T 柴油4WD定制版 7座 国IV','2016款',3,0);
insert into t_car_model(cm_id ,cb_id,cbf_id, cs_id , cm_name,cm_type ,cm_order , cm_state) values(24408,62,111,281,'2016款 索兰托L 2.4L 汽油2WD定制版 5座 国IV','2016款',4,0);
insert into t_car_model(cm_id ,cb_id,cbf_id, cs_id , cm_name,cm_type ,cm_order , cm_state) values(24409,62,111,281,'2016款 索兰托L 2.4L 汽油4WD定制版 5座 国IV','2016款',5,0);
insert into t_car_model(cm_id ,cb_id,cbf_id, cs_id , cm_name,cm_type ,cm_order , cm_state) values(24410,62,111,281,'2016款 索兰托L 2.4L 汽油4WD定制版 7座 国IV','2016款',6,0);
insert into t_car_model(cm_id ,cb_id,cbf_id, cs_id , cm_name,cm_type ,cm_order , cm_state) values(24411,62,111,281,'2016款 索兰托L 2.0T 汽油4WD定制版 5座 国IV','2016款',7,0);
insert into t_car_model(cm_id ,cb_id,cbf_id, cs_id , cm_name,cm_type ,cm_order , cm_state) values(24413,62,111,281,'2016款 索兰托L 2.0T 汽油4WD定制版 7座 国IV','2016款',8,0);
insert into t_car_model(cm_id ,cb_id,cbf_id, cs_id , cm_name,cm_type ,cm_order , cm_state) values(29179,62,111,281,'2016款 索兰托L 2.2T 柴油2WD定制版 5座 国V','2016款',9,0);
insert into t_car_model(cm_id ,cb_id,cbf_id, cs_id , cm_name,cm_type ,cm_order , cm_state) values(29180,62,111,281,'2016款 索兰托L 2.2T 柴油4WD定制版 5座 国V','2016款',10,0);
insert into t_car_model(cm_id ,cb_id,cbf_id, cs_id , cm_name,cm_type ,cm_order , cm_state) values(29181,62,111,281,'2016款 索兰托L 2.2T 柴油4WD定制版 7座 国V','2016款',11,0);
insert into t_car_model(cm_id ,cb_id,cbf_id, cs_id , cm_name,cm_type ,cm_order , cm_state) values(29182,62,111,281,'2016款 索兰托L 2.2T 柴油4WD精英版 5座 国V','2016款',12,0);
insert into t_car_model(cm_id ,cb_id,cbf_id, cs_id , cm_name,cm_type ,cm_order , cm_state) values(29183,62,111,281,'2016款 索兰托L 2.2T 柴油4WD精英版 7座 国V','2016款',13,0);
insert into t_car_model(cm_id ,cb_id,cbf_id, cs_id , cm_name,cm_type ,cm_order , cm_state) values(29184,62,111,281,'2016款 索兰托L 2.2T 柴油4WD尊贵版 5座 国V','2016款',14,0);
insert into t_car_model(cm_id ,cb_id,cbf_id, cs_id , cm_name,cm_type ,cm_order , cm_state) values(29185,62,111,281,'2016款 索兰托L 2.2T 柴油4WD尊贵版 7座 国V','2016款',15,0);
insert into t_car_model(cm_id ,cb_id,cbf_id, cs_id , cm_name,cm_type ,cm_order , cm_state) values(29186,62,111,281,'2016款 索兰托L 2.2T 柴油4WD旗舰版 5座 国V','2016款',16,0);
insert into t_car_model(cm_id ,cb_id,cbf_id, cs_id , cm_name,cm_type ,cm_order , cm_state) values(29187,62,111,281,'2016款 索兰托L 2.2T 柴油4WD旗舰版 7座 国V','2016款',17,0);
insert into t_car_model(cm_id ,cb_id,cbf_id, cs_id , cm_name,cm_type ,cm_order , cm_state) values(24414,62,111,281,'2016款 索兰托L 2.4L 汽油2WD定制版 5座 国V','2016款',18,0);
insert into t_car_model(cm_id ,cb_id,cbf_id, cs_id , cm_name,cm_type ,cm_order , cm_state) values(24416,62,111,281,'2016款 索兰托L 2.4L 汽油4WD定制版 5座 国V','2016款',19,0);
insert into t_car_model(cm_id ,cb_id,cbf_id, cs_id , cm_name,cm_type ,cm_order , cm_state) values(24417,62,111,281,'2016款 索兰托L 2.4L 汽油4WD定制版 7座 国V','2016款',20,0);
insert into t_car_model(cm_id ,cb_id,cbf_id, cs_id , cm_name,cm_type ,cm_order , cm_state) values(24419,62,111,281,'2016款 索兰托L 2.0T 汽油4WD定制版 5座 国V','2016款',21,0);
insert into t_car_model(cm_id ,cb_id,cbf_id, cs_id , cm_name,cm_type ,cm_order , cm_state) values(24420,62,111,281,'2016款 索兰托L 2.0T 汽油4WD定制版 7座 国V','2016款',22,0);
insert into t_car_model(cm_id ,cb_id,cbf_id, cs_id , cm_name,cm_type ,cm_order , cm_state) values(21427,62,111,281,'2015款 索兰托L 2.2T 柴油4WD精英版 5座 国IV','2015款',1,0);
insert into t_car_model(cm_id ,cb_id,cbf_id, cs_id , cm_name,cm_type ,cm_order , cm_state) values(21410,62,111,281,'2015款 索兰托L 2.2T 柴油4WD精英版 7座 国IV','2015款',2,0);
insert into t_car_model(cm_id ,cb_id,cbf_id, cs_id , cm_name,cm_type ,cm_order , cm_state) values(20938,62,111,281,'2015款 索兰托L 2.2T 柴油4WD尊贵版 5座 国IV','2015款',3,0);
insert into t_car_model(cm_id ,cb_id,cbf_id, cs_id , cm_name,cm_type ,cm_order , cm_state) values(21425,62,111,281,'2015款 索兰托L 2.2T 柴油4WD标准版 5座','2015款',4,0);
insert into t_car_model(cm_id ,cb_id,cbf_id, cs_id , cm_name,cm_type ,cm_order , cm_state) values(21404,62,111,281,'2015款 索兰托L 2.2T 柴油4WD标准版 7座','2015款',5,0);
insert into t_car_model(cm_id ,cb_id,cbf_id, cs_id , cm_name,cm_type ,cm_order , cm_state) values(20940,62,111,281,'2015款 索兰托L 2.2T 柴油2WD运动版 5座','2015款',6,0);
insert into t_car_model(cm_id ,cb_id,cbf_id, cs_id , cm_name,cm_type ,cm_order , cm_state) values(21426,62,111,281,'2015款 索兰托L 2.2T 柴油4WD运动版 5座','2015款',7,0);
insert into t_car_model(cm_id ,cb_id,cbf_id, cs_id , cm_name,cm_type ,cm_order , cm_state) values(21407,62,111,281,'2015款 索兰托L 2.2T 柴油4WD运动版 7座','2015款',8,0);
insert into t_car_model(cm_id ,cb_id,cbf_id, cs_id , cm_name,cm_type ,cm_order , cm_state) values(21832,62,111,281,'2015款 索兰托L 2.4L 汽油4WD标准版 5座 国IV','2015款',9,0);
insert into t_car_model(cm_id ,cb_id,cbf_id, cs_id , cm_name,cm_type ,cm_order , cm_state) values(21833,62,111,281,'2015款 索兰托L 2.4L 汽油4WD标准版 7座 国IV','2015款',10,0);
insert into t_car_model(cm_id ,cb_id,cbf_id, cs_id , cm_name,cm_type ,cm_order , cm_state) values(21831,62,111,281,'2015款 索兰托L 2.4L 汽油2WD运动版 5座 国IV','2015款',11,0);
insert into t_car_model(cm_id ,cb_id,cbf_id, cs_id , cm_name,cm_type ,cm_order , cm_state) values(21834,62,111,281,'2015款 索兰托L 2.4L 汽油4WD运动版 5座 国IV','2015款',12,0);
insert into t_car_model(cm_id ,cb_id,cbf_id, cs_id , cm_name,cm_type ,cm_order , cm_state) values(21835,62,111,281,'2015款 索兰托L 2.4L 汽油4WD运动版 7座 国IV','2015款',13,0);
insert into t_car_model(cm_id ,cb_id,cbf_id, cs_id , cm_name,cm_type ,cm_order , cm_state) values(21842,62,111,281,'2015款 索兰托L 2.0T 汽油4WD标准版 5座 国IV','2015款',14,0);
insert into t_car_model(cm_id ,cb_id,cbf_id, cs_id , cm_name,cm_type ,cm_order , cm_state) values(21843,62,111,281,'2015款 索兰托L 2.0T 汽油4WD标准版 7座 国IV','2015款',15,0);
insert into t_car_model(cm_id ,cb_id,cbf_id, cs_id , cm_name,cm_type ,cm_order , cm_state) values(21844,62,111,281,'2015款 索兰托L 2.0T 汽油4WD运动版 5座 国IV','2015款',16,0);
insert into t_car_model(cm_id ,cb_id,cbf_id, cs_id , cm_name,cm_type ,cm_order , cm_state) values(21845,62,111,281,'2015款 索兰托L 2.0T 汽油4WD运动版 7座 国IV','2015款',17,0);
insert into t_car_model(cm_id ,cb_id,cbf_id, cs_id , cm_name,cm_type ,cm_order , cm_state) values(20941,62,111,281,'2015款 索兰托L 2.4L 汽油4WD标准版 5座 国V','2015款',18,0);
insert into t_car_model(cm_id ,cb_id,cbf_id, cs_id , cm_name,cm_type ,cm_order , cm_state) values(21405,62,111,281,'2015款 索兰托L 2.4L 汽油4WD标准版 7座 国V','2015款',19,0);
insert into t_car_model(cm_id ,cb_id,cbf_id, cs_id , cm_name,cm_type ,cm_order , cm_state) values(20946,62,111,281,'2015款 索兰托L 2.4L 汽油2WD运动版 5座 国V','2015款',20,0);
insert into t_car_model(cm_id ,cb_id,cbf_id, cs_id , cm_name,cm_type ,cm_order , cm_state) values(20942,62,111,281,'2015款 索兰托L 2.4L 汽油4WD运动版 5座 国V','2015款',21,0);
insert into t_car_model(cm_id ,cb_id,cbf_id, cs_id , cm_name,cm_type ,cm_order , cm_state) values(21408,62,111,281,'2015款 索兰托L 2.4L 汽油4WD运动版 7座 国V','2015款',22,0);
insert into t_car_model(cm_id ,cb_id,cbf_id, cs_id , cm_name,cm_type ,cm_order , cm_state) values(20947,62,111,281,'2015款 索兰托L 2.0T 汽油4WD标准版 5座 国V','2015款',23,0);
insert into t_car_model(cm_id ,cb_id,cbf_id, cs_id , cm_name,cm_type ,cm_order , cm_state) values(21406,62,111,281,'2015款 索兰托L 2.0T 汽油4WD标准版 7座 国V','2015款',24,0);
insert into t_car_model(cm_id ,cb_id,cbf_id, cs_id , cm_name,cm_type ,cm_order , cm_state) values(20948,62,111,281,'2015款 索兰托L 2.0T 汽油4WD运动版 5座 国V','2015款',25,0);
insert into t_car_model(cm_id ,cb_id,cbf_id, cs_id , cm_name,cm_type ,cm_order , cm_state) values(21409,62,111,281,'2015款 索兰托L 2.0T 汽油4WD运动版 7座 国V','2015款',26,0);
insert into t_car_model(cm_id ,cb_id,cbf_id, cs_id , cm_name,cm_type ,cm_order , cm_state) values(21836,62,111,281,'2015款 索兰托L 2.4L 汽油4WD精英版 5座 国IV','2015款',27,0);
insert into t_car_model(cm_id ,cb_id,cbf_id, cs_id , cm_name,cm_type ,cm_order , cm_state) values(21837,62,111,281,'2015款 索兰托L 2.4L 汽油4WD精英版 7座 国IV','2015款',28,0);
insert into t_car_model(cm_id ,cb_id,cbf_id, cs_id , cm_name,cm_type ,cm_order , cm_state) values(21838,62,111,281,'2015款 索兰托L 2.4L 汽油4WD尊贵版 5座 国IV','2015款',29,0);
insert into t_car_model(cm_id ,cb_id,cbf_id, cs_id , cm_name,cm_type ,cm_order , cm_state) values(21839,62,111,281,'2015款 索兰托L 2.4L 汽油4WD尊贵版 7座 国IV','2015款',30,0);
insert into t_car_model(cm_id ,cb_id,cbf_id, cs_id , cm_name,cm_type ,cm_order , cm_state) values(21840,62,111,281,'2015款 索兰托L 2.4L 汽油4WD旗舰版 5座 国IV','2015款',31,0);
insert into t_car_model(cm_id ,cb_id,cbf_id, cs_id , cm_name,cm_type ,cm_order , cm_state) values(21841,62,111,281,'2015款 索兰托L 2.4L 汽油4WD旗舰版 7座 国IV','2015款',32,0);
insert into t_car_model(cm_id ,cb_id,cbf_id, cs_id , cm_name,cm_type ,cm_order , cm_state) values(21846,62,111,281,'2015款 索兰托L 2.0T 汽油4WD精英版 5座 国IV','2015款',33,0);
insert into t_car_model(cm_id ,cb_id,cbf_id, cs_id , cm_name,cm_type ,cm_order , cm_state) values(21847,62,111,281,'2015款 索兰托L 2.0T 汽油4WD精英版 7座 国IV','2015款',34,0);
insert into t_car_model(cm_id ,cb_id,cbf_id, cs_id , cm_name,cm_type ,cm_order , cm_state) values(21848,62,111,281,'2015款 索兰托L 2.0T 汽油4WD尊贵版 5座 国IV','2015款',35,0);
insert into t_car_model(cm_id ,cb_id,cbf_id, cs_id , cm_name,cm_type ,cm_order , cm_state) values(21849,62,111,281,'2015款 索兰托L 2.0T 汽油4WD尊贵版 7座 国IV','2015款',36,0);
insert into t_car_model(cm_id ,cb_id,cbf_id, cs_id , cm_name,cm_type ,cm_order , cm_state) values(21850,62,111,281,'2015款 索兰托L 2.0T 汽油4WD旗舰版 5座 国IV','2015款',37,0);
insert into t_car_model(cm_id ,cb_id,cbf_id, cs_id , cm_name,cm_type ,cm_order , cm_state) values(21851,62,111,281,'2015款 索兰托L 2.0T 汽油4WD旗舰版 7座 国IV','2015款',38,0);
insert into t_car_model(cm_id ,cb_id,cbf_id, cs_id , cm_name,cm_type ,cm_order , cm_state) values(21413,62,111,281,'2015款 索兰托L 2.2T 柴油4WD尊贵版 7座 国IV','2015款',39,0);
insert into t_car_model(cm_id ,cb_id,cbf_id, cs_id , cm_name,cm_type ,cm_order , cm_state) values(20939,62,111,281,'2015款 索兰托L 2.2T 柴油4WD旗舰版 5座 国IV','2015款',40,0);
insert into t_car_model(cm_id ,cb_id,cbf_id, cs_id , cm_name,cm_type ,cm_order , cm_state) values(21416,62,111,281,'2015款 索兰托L 2.2T 柴油4WD旗舰版 7座 国IV','2015款',41,0);
insert into t_car_model(cm_id ,cb_id,cbf_id, cs_id , cm_name,cm_type ,cm_order , cm_state) values(20943,62,111,281,'2015款 索兰托L 2.4L 汽油4WD精英版 5座 国V','2015款',42,0);
insert into t_car_model(cm_id ,cb_id,cbf_id, cs_id , cm_name,cm_type ,cm_order , cm_state) values(21411,62,111,281,'2015款 索兰托L 2.4L 汽油4WD精英版 7座 国V','2015款',43,0);
insert into t_car_model(cm_id ,cb_id,cbf_id, cs_id , cm_name,cm_type ,cm_order , cm_state) values(20944,62,111,281,'2015款 索兰托L 2.4L 汽油4WD尊贵版 5座 国V','2015款',44,0);
insert into t_car_model(cm_id ,cb_id,cbf_id, cs_id , cm_name,cm_type ,cm_order , cm_state) values(21414,62,111,281,'2015款 索兰托L 2.4L 汽油4WD尊贵版 7座 国V','2015款',45,0);
insert into t_car_model(cm_id ,cb_id,cbf_id, cs_id , cm_name,cm_type ,cm_order , cm_state) values(20945,62,111,281,'2015款 索兰托L 2.4L 汽油4WD旗舰版 5座 国V','2015款',46,0);
insert into t_car_model(cm_id ,cb_id,cbf_id, cs_id , cm_name,cm_type ,cm_order , cm_state) values(21417,62,111,281,'2015款 索兰托L 2.4L 汽油4WD旗舰版 7座 国V','2015款',47,0);
insert into t_car_model(cm_id ,cb_id,cbf_id, cs_id , cm_name,cm_type ,cm_order , cm_state) values(20949,62,111,281,'2015款 索兰托L 2.0T 汽油4WD精英版 5座 国V','2015款',48,0);
insert into t_car_model(cm_id ,cb_id,cbf_id, cs_id , cm_name,cm_type ,cm_order , cm_state) values(21412,62,111,281,'2015款 索兰托L 2.0T 汽油4WD精英版 7座 国V','2015款',49,0);
insert into t_car_model(cm_id ,cb_id,cbf_id, cs_id , cm_name,cm_type ,cm_order , cm_state) values(20950,62,111,281,'2015款 索兰托L 2.0T 汽油4WD尊贵版 5座 国V','2015款',50,0);
insert into t_car_model(cm_id ,cb_id,cbf_id, cs_id , cm_name,cm_type ,cm_order , cm_state) values(21415,62,111,281,'2015款 索兰托L 2.0T 汽油4WD尊贵版 7座 国V','2015款',51,0);
insert into t_car_model(cm_id ,cb_id,cbf_id, cs_id , cm_name,cm_type ,cm_order , cm_state) values(20951,62,111,281,'2015款 索兰托L 2.0T 汽油4WD旗舰版 5座 国V','2015款',52,0);
insert into t_car_model(cm_id ,cb_id,cbf_id, cs_id , cm_name,cm_type ,cm_order , cm_state) values(21418,62,111,281,'2015款 索兰托L 2.0T 汽油4WD旗舰版 7座 国V','2015款',53,0);
insert into t_car_model(cm_id ,cb_id,cbf_id, cs_id , cm_name,cm_type ,cm_order , cm_state) values(14162,62,111,281,'2013款 2.4L 5座汽油舒适版','2013款',1,0);
insert into t_car_model(cm_id ,cb_id,cbf_id, cs_id , cm_name,cm_type ,cm_order , cm_state) values(14163,62,111,281,'2013款 2.4L 7座汽油舒适版','2013款',2,0);
insert into t_car_model(cm_id ,cb_id,cbf_id, cs_id , cm_name,cm_type ,cm_order , cm_state) values(14160,62,111,281,'2013款 2.4L 5座汽油豪华版','2013款',3,0);
insert into t_car_model(cm_id ,cb_id,cbf_id, cs_id , cm_name,cm_type ,cm_order , cm_state) values(14161,62,111,281,'2013款 2.4L 7座汽油豪华版','2013款',4,0);
insert into t_car_model(cm_id ,cb_id,cbf_id, cs_id , cm_name,cm_type ,cm_order , cm_state) values(14158,62,111,281,'2013款 2.4L 5座汽油至尊版','2013款',5,0);
insert into t_car_model(cm_id ,cb_id,cbf_id, cs_id , cm_name,cm_type ,cm_order , cm_state) values(14159,62,111,281,'2013款 2.4L 7座汽油至尊版','2013款',6,0);
insert into t_car_model(cm_id ,cb_id,cbf_id, cs_id , cm_name,cm_type ,cm_order , cm_state) values(15052,62,111,281,'2013款 2.4L 5座汽油舒适版 国IV','2013款',7,0);
insert into t_car_model(cm_id ,cb_id,cbf_id, cs_id , cm_name,cm_type ,cm_order , cm_state) values(15053,62,111,281,'2013款 2.4L 7座汽油舒适版 国IV','2013款',8,0);
insert into t_car_model(cm_id ,cb_id,cbf_id, cs_id , cm_name,cm_type ,cm_order , cm_state) values(15054,62,111,281,'2013款 2.4L 5座汽油豪华版 国IV','2013款',9,0);
insert into t_car_model(cm_id ,cb_id,cbf_id, cs_id , cm_name,cm_type ,cm_order , cm_state) values(15055,62,111,281,'2013款 2.4L 7座汽油豪华版 国IV','2013款',10,0);
insert into t_car_model(cm_id ,cb_id,cbf_id, cs_id , cm_name,cm_type ,cm_order , cm_state) values(15056,62,111,281,'2013款 2.4L 5座汽油至尊版 国IV','2013款',11,0);
insert into t_car_model(cm_id ,cb_id,cbf_id, cs_id , cm_name,cm_type ,cm_order , cm_state) values(15057,62,111,281,'2013款 2.4L 7座汽油至尊版 国IV','2013款',12,0);
insert into t_car_model(cm_id ,cb_id,cbf_id, cs_id , cm_name,cm_type ,cm_order , cm_state) values(15058,62,111,281,'2013款 2.4L 5座汽油至尊UVO版 国IV','2013款',13,0);
insert into t_car_model(cm_id ,cb_id,cbf_id, cs_id , cm_name,cm_type ,cm_order , cm_state) values(15059,62,111,281,'2013款 2.4L 7座汽油至尊UVO版 国IV','2013款',14,0);
insert into t_car_model(cm_id ,cb_id,cbf_id, cs_id , cm_name,cm_type ,cm_order , cm_state) values(15060,62,111,281,'2013款 2.4L 5座汽油舒适版 国V','2013款',15,0);
insert into t_car_model(cm_id ,cb_id,cbf_id, cs_id , cm_name,cm_type ,cm_order , cm_state) values(15061,62,111,281,'2013款 2.4L 7座汽油舒适版 国V','2013款',16,0);
insert into t_car_model(cm_id ,cb_id,cbf_id, cs_id , cm_name,cm_type ,cm_order , cm_state) values(15062,62,111,281,'2013款 2.4L 5座汽油豪华版 国V','2013款',17,0);
insert into t_car_model(cm_id ,cb_id,cbf_id, cs_id , cm_name,cm_type ,cm_order , cm_state) values(15063,62,111,281,'2013款 2.4L 7座汽油豪华版 国V','2013款',18,0);
insert into t_car_model(cm_id ,cb_id,cbf_id, cs_id , cm_name,cm_type ,cm_order , cm_state) values(15064,62,111,281,'2013款 2.4L 5座汽油至尊版 国V','2013款',19,0);
insert into t_car_model(cm_id ,cb_id,cbf_id, cs_id , cm_name,cm_type ,cm_order , cm_state) values(15065,62,111,281,'2013款 2.4L 7座汽油至尊版 国V','2013款',20,0);
insert into t_car_model(cm_id ,cb_id,cbf_id, cs_id , cm_name,cm_type ,cm_order , cm_state) values(15066,62,111,281,'2013款 2.4L 5座汽油至尊UVO版 国V','2013款',21,0);
insert into t_car_model(cm_id ,cb_id,cbf_id, cs_id , cm_name,cm_type ,cm_order , cm_state) values(15067,62,111,281,'2013款 2.4L 7座汽油至尊UVO版 国V','2013款',22,0);
insert into t_car_model(cm_id ,cb_id,cbf_id, cs_id , cm_name,cm_type ,cm_order , cm_state) values(14156,62,111,281,'2013款 2.4L 5座汽油至尊UVO版','2013款',23,0);
insert into t_car_model(cm_id ,cb_id,cbf_id, cs_id , cm_name,cm_type ,cm_order , cm_state) values(14157,62,111,281,'2013款 2.4L 7座汽油至尊UVO版','2013款',24,0);
insert into t_car_model(cm_id ,cb_id,cbf_id, cs_id , cm_name,cm_type ,cm_order , cm_state) values(14170,62,111,281,'2013款 2.2T 5座柴油舒适版','2013款',25,0);
insert into t_car_model(cm_id ,cb_id,cbf_id, cs_id , cm_name,cm_type ,cm_order , cm_state) values(14171,62,111,281,'2013款 2.2T 7座柴油舒适版','2013款',26,0);
insert into t_car_model(cm_id ,cb_id,cbf_id, cs_id , cm_name,cm_type ,cm_order , cm_state) values(14168,62,111,281,'2013款 2.2T 5座柴油豪华版','2013款',27,0);
insert into t_car_model(cm_id ,cb_id,cbf_id, cs_id , cm_name,cm_type ,cm_order , cm_state) values(14169,62,111,281,'2013款 2.2T 7座柴油豪华版','2013款',28,0);
insert into t_car_model(cm_id ,cb_id,cbf_id, cs_id , cm_name,cm_type ,cm_order , cm_state) values(14166,62,111,281,'2013款 2.2T 5座柴油至尊版','2013款',29,0);
insert into t_car_model(cm_id ,cb_id,cbf_id, cs_id , cm_name,cm_type ,cm_order , cm_state) values(14167,62,111,281,'2013款 2.2T 7座柴油至尊版','2013款',30,0);
insert into t_car_model(cm_id ,cb_id,cbf_id, cs_id , cm_name,cm_type ,cm_order , cm_state) values(14164,62,111,281,'2013款 2.2T 5座柴油至尊UVO版','2013款',31,0);
insert into t_car_model(cm_id ,cb_id,cbf_id, cs_id , cm_name,cm_type ,cm_order , cm_state) values(14165,62,111,281,'2013款 2.2T 7座柴油至尊UVO版','2013款',32,0);
insert into t_car_model(cm_id ,cb_id,cbf_id, cs_id , cm_name,cm_type ,cm_order , cm_state) values(10416,62,111,281,'2012款 2.4L 汽油舒适版','2012款',1,0);
insert into t_car_model(cm_id ,cb_id,cbf_id, cs_id , cm_name,cm_type ,cm_order , cm_state) values(10414,62,111,281,'2012款 2.4L 汽油豪华版','2012款',2,0);
insert into t_car_model(cm_id ,cb_id,cbf_id, cs_id , cm_name,cm_type ,cm_order , cm_state) values(6158,62,111,281,'2012款 2.4L 汽油至尊版','2012款',3,0);
insert into t_car_model(cm_id ,cb_id,cbf_id, cs_id , cm_name,cm_type ,cm_order , cm_state) values(10417,62,111,281,'2012款 2.2T 柴油舒适版','2012款',4,0);
insert into t_car_model(cm_id ,cb_id,cbf_id, cs_id , cm_name,cm_type ,cm_order , cm_state) values(10415,62,111,281,'2012款 2.2T 柴油豪华版','2012款',5,0);
insert into t_car_model(cm_id ,cb_id,cbf_id, cs_id , cm_name,cm_type ,cm_order , cm_state) values(10413,62,111,281,'2012款 2.2T 柴油至尊版','2012款',6,0);
insert into t_car_model(cm_id ,cb_id,cbf_id, cs_id , cm_name,cm_type ,cm_order , cm_state) values(7460,62,111,281,'2010款 2.2T 柴油舒适版','2010款',1,0);
insert into t_car_model(cm_id ,cb_id,cbf_id, cs_id , cm_name,cm_type ,cm_order , cm_state) values(7459,62,111,281,'2010款 2.2T 柴油豪华版','2010款',2,0);
insert into t_car_model(cm_id ,cb_id,cbf_id, cs_id , cm_name,cm_type ,cm_order , cm_state) values(7461,62,111,281,'2010款 2.2T 柴油至尊版','2010款',3,0);
insert into t_car_model(cm_id ,cb_id,cbf_id, cs_id , cm_name,cm_type ,cm_order , cm_state) values(5740,62,111,281,'2009款 2.4L 舒适版','2009款',1,0);
insert into t_car_model(cm_id ,cb_id,cbf_id, cs_id , cm_name,cm_type ,cm_order , cm_state) values(5711,62,111,281,'2009款 2.4L 豪华版','2009款',2,0);
insert into t_car_model(cm_id ,cb_id,cbf_id, cs_id , cm_name,cm_type ,cm_order , cm_state) values(5242,62,111,281,'2009款 2.4L 至尊版','2009款',3,0);
insert into t_car_model(cm_id ,cb_id,cbf_id, cs_id , cm_name,cm_type ,cm_order , cm_state) values(4307,62,111,281,'2008款 2.5L 柴油舒适版','2008款',1,0);
insert into t_car_model(cm_id ,cb_id,cbf_id, cs_id , cm_name,cm_type ,cm_order , cm_state) values(4306,62,111,281,'2008款 2.5L 柴油精英版','2008款',2,0);
insert into t_car_model(cm_id ,cb_id,cbf_id, cs_id , cm_name,cm_type ,cm_order , cm_state) values(4346,62,111,281,'2006款 3.8L 汽油舒适版','2006款',1,0);
insert into t_car_model(cm_id ,cb_id,cbf_id, cs_id , cm_name,cm_type ,cm_order , cm_state) values(2406,62,111,281,'2006款 3.8L 汽油豪华版','2006款',2,0);
insert into t_car_model(cm_id ,cb_id,cbf_id, cs_id , cm_name,cm_type ,cm_order , cm_state) values(2240,62,111,281,'2005款 2.4L AWD','2005款',1,0);
insert into t_car_model(cm_id ,cb_id,cbf_id, cs_id , cm_name,cm_type ,cm_order , cm_state) values(1038,62,111,281,'2004款 3.5L AWD','2004款',1,0);
insert into t_car_series(cs_id,cb_id,cbf_id,cs_name,cs_order,cs_letter) values(591,62,111,'霸锐',3003,'B');
insert into t_car_model(cm_id ,cb_id,cbf_id, cs_id , cm_name,cm_type ,cm_order , cm_state) values(25264,62,111,591,'2017款 3.8L 豪华版','2017款',1,0);
insert into t_car_model(cm_id ,cb_id,cbf_id, cs_id , cm_name,cm_type ,cm_order , cm_state) values(19876,62,111,591,'2015款 3.8L 豪华版 国IV','2015款',1,0);
insert into t_car_model(cm_id ,cb_id,cbf_id, cs_id , cm_name,cm_type ,cm_order , cm_state) values(19877,62,111,591,'2015款 3.8L 豪华版 国V','2015款',2,0);
insert into t_car_model(cm_id ,cb_id,cbf_id, cs_id , cm_name,cm_type ,cm_order , cm_state) values(16589,62,111,591,'2013款 3.8L 豪华版 国V','2013款',1,0);
insert into t_car_model(cm_id ,cb_id,cbf_id, cs_id , cm_name,cm_type ,cm_order , cm_state) values(3812,62,111,591,'2008款 3.8L 豪华版 国IV','2008款',1,0);
insert into t_car_series(cs_id,cb_id,cbf_id,cs_name,cs_order,cs_letter) values(3448,62,111,'嘉华(进口)',3005,'J');
insert into t_car_model(cm_id ,cb_id,cbf_id, cs_id , cm_name,cm_type ,cm_order , cm_state) values(29191,62,111,3448,'2017款 2.2T 舒适版 国V','2017款',1,0);
insert into t_car_model(cm_id ,cb_id,cbf_id, cs_id , cm_name,cm_type ,cm_order , cm_state) values(29192,62,111,3448,'2017款 2.2T 豪华版 国V','2017款',2,0);
insert into t_car_model(cm_id ,cb_id,cbf_id, cs_id , cm_name,cm_type ,cm_order , cm_state) values(29193,62,111,3448,'2017款 2.2T 旗舰版 国V','2017款',3,0);
insert into t_car_model(cm_id ,cb_id,cbf_id, cs_id , cm_name,cm_type ,cm_order , cm_state) values(23347,62,111,3448,'2015款 2.2T 舒适版 国IV','2015款',1,0);
insert into t_car_model(cm_id ,cb_id,cbf_id, cs_id , cm_name,cm_type ,cm_order , cm_state) values(23346,62,111,3448,'2015款 2.2T 豪华版 国IV','2015款',2,0);
insert into t_car_model(cm_id ,cb_id,cbf_id, cs_id , cm_name,cm_type ,cm_order , cm_state) values(18841,62,111,3448,'2015款 2.2T 旗舰版 国IV','2015款',3,0);
insert into t_car_model(cm_id ,cb_id,cbf_id, cs_id , cm_name,cm_type ,cm_order , cm_state) values(25128,62,111,3448,'2015款 3.3GDI 舒适版 国V','2015款',4,0);
insert into t_car_model(cm_id ,cb_id,cbf_id, cs_id , cm_name,cm_type ,cm_order , cm_state) values(25129,62,111,3448,'2015款 3.3GDI 豪华版 国V','2015款',5,0);
insert into t_car_model(cm_id ,cb_id,cbf_id, cs_id , cm_name,cm_type ,cm_order , cm_state) values(25130,62,111,3448,'2015款 3.3GDI 旗舰版 国V','2015款',6,0);
insert into t_car_model(cm_id ,cb_id,cbf_id, cs_id , cm_name,cm_type ,cm_order , cm_state) values(23350,62,111,3448,'2015款 3.3GDI 舒适版 国IV','2015款',7,0);
insert into t_car_model(cm_id ,cb_id,cbf_id, cs_id , cm_name,cm_type ,cm_order , cm_state) values(23349,62,111,3448,'2015款 3.3GDI 豪华版 国IV','2015款',8,0);
insert into t_car_model(cm_id ,cb_id,cbf_id, cs_id , cm_name,cm_type ,cm_order , cm_state) values(23348,62,111,3448,'2015款 3.3GDI 旗舰版 国IV','2015款',9,0);
insert into t_car_series(cs_id,cb_id,cbf_id,cs_name,cs_order,cs_letter) values(275,62,111,'欧菲莱斯',3009,'O');
insert into t_car_model(cm_id ,cb_id,cbf_id, cs_id , cm_name,cm_type ,cm_order , cm_state) values(4167,62,111,275,'2008款 2.7 舒适版','2008款',1,0);
insert into t_car_model(cm_id ,cb_id,cbf_id, cs_id , cm_name,cm_type ,cm_order , cm_state) values(4345,62,111,275,'2008款 2.7 尊贵版','2008款',2,0);
insert into t_car_model(cm_id ,cb_id,cbf_id, cs_id , cm_name,cm_type ,cm_order , cm_state) values(4168,62,111,275,'2008款 3.8 旗舰版','2008款',3,0);
insert into t_car_model(cm_id ,cb_id,cbf_id, cs_id , cm_name,cm_type ,cm_order , cm_state) values(2785,62,111,275,'2007款 2.7 V6','2007款',1,0);
insert into t_car_model(cm_id ,cb_id,cbf_id, cs_id , cm_name,cm_type ,cm_order , cm_state) values(2786,62,111,275,'2007款 3.8 V6','2007款',2,0);
insert into t_car_model(cm_id ,cb_id,cbf_id, cs_id , cm_name,cm_type ,cm_order , cm_state) values(1851,62,111,275,'2005款 2.7 V6标配','2005款',1,0);
insert into t_car_model(cm_id ,cb_id,cbf_id, cs_id , cm_name,cm_type ,cm_order , cm_state) values(2239,62,111,275,'2005款 2.7 V6增配','2005款',2,0);
insert into t_car_model(cm_id ,cb_id,cbf_id, cs_id , cm_name,cm_type ,cm_order , cm_state) values(1021,62,111,275,'2004款 3.5 V6','2004款',1,0);
insert into t_car_series(cs_id,cb_id,cbf_id,cs_name,cs_order,cs_letter) values(453,62,111,'佳乐',3012,'J');
insert into t_car_model(cm_id ,cb_id,cbf_id, cs_id , cm_name,cm_type ,cm_order , cm_state) values(17740,62,111,453,'2013款 2.0L 5座自动标准版 国IV','2013款',1,0);
insert into t_car_model(cm_id ,cb_id,cbf_id, cs_id , cm_name,cm_type ,cm_order , cm_state) values(17741,62,111,453,'2013款 2.0L 5座自动舒适版 国IV','2013款',2,0);
insert into t_car_model(cm_id ,cb_id,cbf_id, cs_id , cm_name,cm_type ,cm_order , cm_state) values(17742,62,111,453,'2013款 2.0L 7座自动标准版 国IV','2013款',3,0);
insert into t_car_model(cm_id ,cb_id,cbf_id, cs_id , cm_name,cm_type ,cm_order , cm_state) values(17743,62,111,453,'2013款 2.0L 7座自动舒适版 国IV','2013款',4,0);
insert into t_car_model(cm_id ,cb_id,cbf_id, cs_id , cm_name,cm_type ,cm_order , cm_state) values(17744,62,111,453,'2013款 2.0L 7座自动豪华版 国IV','2013款',5,0);
insert into t_car_model(cm_id ,cb_id,cbf_id, cs_id , cm_name,cm_type ,cm_order , cm_state) values(16087,62,111,453,'2013款 2.0L 5座自动标准版 国V','2013款',6,0);
insert into t_car_model(cm_id ,cb_id,cbf_id, cs_id , cm_name,cm_type ,cm_order , cm_state) values(16086,62,111,453,'2013款 2.0L 5座自动舒适版 国V','2013款',7,0);
insert into t_car_model(cm_id ,cb_id,cbf_id, cs_id , cm_name,cm_type ,cm_order , cm_state) values(16088,62,111,453,'2013款 2.0L 7座自动标准版 国V','2013款',8,0);
insert into t_car_model(cm_id ,cb_id,cbf_id, cs_id , cm_name,cm_type ,cm_order , cm_state) values(16076,62,111,453,'2013款 2.0L 7座自动舒适版 国V','2013款',9,0);
insert into t_car_model(cm_id ,cb_id,cbf_id, cs_id , cm_name,cm_type ,cm_order , cm_state) values(16089,62,111,453,'2013款 2.0L 7座自动豪华版 国V','2013款',10,0);
insert into t_car_model(cm_id ,cb_id,cbf_id, cs_id , cm_name,cm_type ,cm_order , cm_state) values(9472,62,111,453,'2011款 1.6L 5座手动舒适版','2011款',1,0);
insert into t_car_model(cm_id ,cb_id,cbf_id, cs_id , cm_name,cm_type ,cm_order , cm_state) values(9474,62,111,453,'2011款 1.6L 5座自动舒适版','2011款',2,0);
insert into t_car_model(cm_id ,cb_id,cbf_id, cs_id , cm_name,cm_type ,cm_order , cm_state) values(9473,62,111,453,'2011款 1.6L 5座手动豪华版','2011款',3,0);
insert into t_car_model(cm_id ,cb_id,cbf_id, cs_id , cm_name,cm_type ,cm_order , cm_state) values(9475,62,111,453,'2011款 1.6L 5座自动豪华版','2011款',4,0);
insert into t_car_model(cm_id ,cb_id,cbf_id, cs_id , cm_name,cm_type ,cm_order , cm_state) values(8512,62,111,453,'2011款 2.0L 5座自动标准版','2011款',5,0);
insert into t_car_model(cm_id ,cb_id,cbf_id, cs_id , cm_name,cm_type ,cm_order , cm_state) values(8259,62,111,453,'2011款 2.0L 5座自动舒适版','2011款',6,0);
insert into t_car_model(cm_id ,cb_id,cbf_id, cs_id , cm_name,cm_type ,cm_order , cm_state) values(8513,62,111,453,'2011款 2.0L 7座自动标准版','2011款',7,0);
insert into t_car_model(cm_id ,cb_id,cbf_id, cs_id , cm_name,cm_type ,cm_order , cm_state) values(8248,62,111,453,'2011款 2.0L 7座自动舒适版','2011款',8,0);
insert into t_car_model(cm_id ,cb_id,cbf_id, cs_id , cm_name,cm_type ,cm_order , cm_state) values(8514,62,111,453,'2011款 2.0L 7座自动豪华版','2011款',9,0);
insert into t_car_model(cm_id ,cb_id,cbf_id, cs_id , cm_name,cm_type ,cm_order , cm_state) values(3516,62,111,453,'2007款 2.0L 5座豪华版','2007款',1,0);
insert into t_car_model(cm_id ,cb_id,cbf_id, cs_id , cm_name,cm_type ,cm_order , cm_state) values(3634,62,111,453,'2007款 2.0L 5座标准版','2007款',2,0);
insert into t_car_model(cm_id ,cb_id,cbf_id, cs_id , cm_name,cm_type ,cm_order , cm_state) values(3515,62,111,453,'2007款 2.0L 5座舒适版','2007款',3,0);
insert into t_car_model(cm_id ,cb_id,cbf_id, cs_id , cm_name,cm_type ,cm_order , cm_state) values(3635,62,111,453,'2007款 2.0L 7座标准版','2007款',4,0);
insert into t_car_model(cm_id ,cb_id,cbf_id, cs_id , cm_name,cm_type ,cm_order , cm_state) values(3111,62,111,453,'2007款 2.0L 7座舒适版','2007款',5,0);
insert into t_car_model(cm_id ,cb_id,cbf_id, cs_id , cm_name,cm_type ,cm_order , cm_state) values(2725,62,111,453,'2007款 2.0L 7座豪华版','2007款',6,0);
insert into t_car_model(cm_id ,cb_id,cbf_id, cs_id , cm_name,cm_type ,cm_order , cm_state) values(2244,62,111,453,'2005款 2.0L','2005款',1,0);
insert into t_car_series(cs_id,cb_id,cbf_id,cs_name,cs_order,cs_letter) values(502,62,111,'起亚VQ',3014,'Q');
insert into t_car_model(cm_id ,cb_id,cbf_id, cs_id , cm_name,cm_type ,cm_order , cm_state) values(14155,62,111,502,'2013款 2.2T VQ-R 舒适版','2013款',1,0);
insert into t_car_model(cm_id ,cb_id,cbf_id, cs_id , cm_name,cm_type ,cm_order , cm_state) values(12709,62,111,502,'2013款 2.2T VQ-R 豪华版','2013款',2,0);
insert into t_car_model(cm_id ,cb_id,cbf_id, cs_id , cm_name,cm_type ,cm_order , cm_state) values(8218,62,111,502,'2011款 2.7 舒适版','2011款',1,0);
insert into t_car_model(cm_id ,cb_id,cbf_id, cs_id , cm_name,cm_type ,cm_order , cm_state) values(9578,62,111,502,'2011款 2.7 豪华版','2011款',2,0);
insert into t_car_model(cm_id ,cb_id,cbf_id, cs_id , cm_name,cm_type ,cm_order , cm_state) values(4347,62,111,502,'2006款 2.7 舒适版','2006款',1,0);
insert into t_car_model(cm_id ,cb_id,cbf_id, cs_id , cm_name,cm_type ,cm_order , cm_state) values(2731,62,111,502,'2006款 2.7 豪华版','2006款',2,0);
insert into t_car_series(cs_id,cb_id,cbf_id,cs_name,cs_order,cs_letter) values(1016,62,111,'速迈',3016,'S');
insert into t_car_model(cm_id ,cb_id,cbf_id, cs_id , cm_name,cm_type ,cm_order , cm_state) values(17633,62,111,1016,'2014款 2.0L 时尚版 国IV','2014款',1,0);
insert into t_car_model(cm_id ,cb_id,cbf_id, cs_id , cm_name,cm_type ,cm_order , cm_state) values(17634,62,111,1016,'2014款 2.0L 豪华版 国IV','2014款',2,0);
insert into t_car_model(cm_id ,cb_id,cbf_id, cs_id , cm_name,cm_type ,cm_order , cm_state) values(17635,62,111,1016,'2014款 2.0L 旗舰版 国IV','2014款',3,0);
insert into t_car_model(cm_id ,cb_id,cbf_id, cs_id , cm_name,cm_type ,cm_order , cm_state) values(17630,62,111,1016,'2014款 1.6T 时尚版 国IV','2014款',4,0);
insert into t_car_model(cm_id ,cb_id,cbf_id, cs_id , cm_name,cm_type ,cm_order , cm_state) values(17631,62,111,1016,'2014款 1.6T 豪华版 国IV','2014款',5,0);
insert into t_car_model(cm_id ,cb_id,cbf_id, cs_id , cm_name,cm_type ,cm_order , cm_state) values(17632,62,111,1016,'2014款 1.6T 旗舰版 国IV','2014款',6,0);
insert into t_car_model(cm_id ,cb_id,cbf_id, cs_id , cm_name,cm_type ,cm_order , cm_state) values(25369,62,111,1016,'2014款 2.0L 时尚版 国V','2014款',7,0);
insert into t_car_model(cm_id ,cb_id,cbf_id, cs_id , cm_name,cm_type ,cm_order , cm_state) values(25370,62,111,1016,'2014款 2.0L 豪华版 国V','2014款',8,0);
insert into t_car_model(cm_id ,cb_id,cbf_id, cs_id , cm_name,cm_type ,cm_order , cm_state) values(25371,62,111,1016,'2014款 2.0L 旗舰版 国V','2014款',9,0);
insert into t_car_model(cm_id ,cb_id,cbf_id, cs_id , cm_name,cm_type ,cm_order , cm_state) values(25372,62,111,1016,'2014款 1.6T 时尚版 国V','2014款',10,0);
insert into t_car_model(cm_id ,cb_id,cbf_id, cs_id , cm_name,cm_type ,cm_order , cm_state) values(25373,62,111,1016,'2014款 1.6T 豪华版 国V','2014款',11,0);
insert into t_car_model(cm_id ,cb_id,cbf_id, cs_id , cm_name,cm_type ,cm_order , cm_state) values(25374,62,111,1016,'2014款 1.6T 旗舰版 国V','2014款',12,0);
insert into t_car_model(cm_id ,cb_id,cbf_id, cs_id , cm_name,cm_type ,cm_order , cm_state) values(15636,62,111,1016,'2013款 1.6AT 时尚版','2013款',1,0);
insert into t_car_model(cm_id ,cb_id,cbf_id, cs_id , cm_name,cm_type ,cm_order , cm_state) values(15637,62,111,1016,'2013款 1.6AT 豪华版','2013款',2,0);
insert into t_car_model(cm_id ,cb_id,cbf_id, cs_id , cm_name,cm_type ,cm_order , cm_state) values(15638,62,111,1016,'2013款 1.6AT 运动版','2013款',3,0);
insert into t_car_model(cm_id ,cb_id,cbf_id, cs_id , cm_name,cm_type ,cm_order , cm_state) values(15639,62,111,1016,'2013款 2.0AT 豪华版','2013款',4,0);
insert into t_car_model(cm_id ,cb_id,cbf_id, cs_id , cm_name,cm_type ,cm_order , cm_state) values(15640,62,111,1016,'2013款 2.0AT 运动版','2013款',5,0);
insert into t_car_model(cm_id ,cb_id,cbf_id, cs_id , cm_name,cm_type ,cm_order , cm_state) values(15641,62,111,1016,'2013款 2.0AT 旗舰版','2013款',6,0);
insert into t_car_model(cm_id ,cb_id,cbf_id, cs_id , cm_name,cm_type ,cm_order , cm_state) values(10299,62,111,1016,'2011款 1.6AT 时尚版','2011款',1,0);
insert into t_car_model(cm_id ,cb_id,cbf_id, cs_id , cm_name,cm_type ,cm_order , cm_state) values(10300,62,111,1016,'2011款 1.6AT 豪华版','2011款',2,0);
insert into t_car_model(cm_id ,cb_id,cbf_id, cs_id , cm_name,cm_type ,cm_order , cm_state) values(10301,62,111,1016,'2011款 1.6AT 运动版','2011款',3,0);
insert into t_car_model(cm_id ,cb_id,cbf_id, cs_id , cm_name,cm_type ,cm_order , cm_state) values(10302,62,111,1016,'2011款 2.0AT 豪华版','2011款',4,0);
insert into t_car_model(cm_id ,cb_id,cbf_id, cs_id , cm_name,cm_type ,cm_order , cm_state) values(10298,62,111,1016,'2011款 2.0AT 运动版','2011款',5,0);
insert into t_car_model(cm_id ,cb_id,cbf_id, cs_id , cm_name,cm_type ,cm_order , cm_state) values(10303,62,111,1016,'2011款 2.0AT 旗舰版','2011款',6,0);
insert into t_car_model(cm_id ,cb_id,cbf_id, cs_id , cm_name,cm_type ,cm_order , cm_state) values(6956,62,111,1016,'2010款 1.6AT 时尚版','2010款',1,0);
insert into t_car_model(cm_id ,cb_id,cbf_id, cs_id , cm_name,cm_type ,cm_order , cm_state) values(6603,62,111,1016,'2010款 1.6AT 豪华版','2010款',2,0);
insert into t_car_model(cm_id ,cb_id,cbf_id, cs_id , cm_name,cm_type ,cm_order , cm_state) values(6955,62,111,1016,'2010款 1.6AT 运动版','2010款',3,0);
insert into t_car_model(cm_id ,cb_id,cbf_id, cs_id , cm_name,cm_type ,cm_order , cm_state) values(6959,62,111,1016,'2010款 2.0AT 豪华版','2010款',4,0);
insert into t_car_model(cm_id ,cb_id,cbf_id, cs_id , cm_name,cm_type ,cm_order , cm_state) values(6958,62,111,1016,'2010款 2.0AT 运动版','2010款',5,0);
insert into t_car_model(cm_id ,cb_id,cbf_id, cs_id , cm_name,cm_type ,cm_order , cm_state) values(6957,62,111,1016,'2010款 2.0AT 旗舰版','2010款',6,0);
