insert into t_car_brand_factory(cbf_id , cb_id , cbf_name ,cbf_letter) values(376,49,'奇瑞捷豹路虎','Q');
insert into t_car_series(cs_id,cbf_id,cs_name,cs_order,cs_letter) values(3871,376,'发现神行',2622,'F');
insert into t_car_model(cm_id , cs_id , cm_name,cm_type ,cm_order , cm_state) values(39091,3871,'2019款 200PS PURE版 国V','2019款',1,0);
insert into t_car_model(cm_id , cs_id , cm_name,cm_type ,cm_order , cm_state) values(37935,3871,'2019款 200PS PURE版 国VI','2019款',2,0);
insert into t_car_model(cm_id , cs_id , cm_name,cm_type ,cm_order , cm_state) values(39092,3871,'2019款 240PS PURE版 国V','2019款',3,0);
insert into t_car_model(cm_id , cs_id , cm_name,cm_type ,cm_order , cm_state) values(37936,3871,'2019款 240PS PURE版 国VI','2019款',4,0);
insert into t_car_model(cm_id , cs_id , cm_name,cm_type ,cm_order , cm_state) values(39093,3871,'2019款 240PS SE版 国V','2019款',5,0);
insert into t_car_model(cm_id , cs_id , cm_name,cm_type ,cm_order , cm_state) values(37937,3871,'2019款 240PS SE版 国VI','2019款',6,0);
insert into t_car_model(cm_id , cs_id , cm_name,cm_type ,cm_order , cm_state) values(39094,3871,'2019款 240PS SE Dynamic版 国V','2019款',7,0);
insert into t_car_model(cm_id , cs_id , cm_name,cm_type ,cm_order , cm_state) values(37938,3871,'2019款 240PS SE Dynamic版 国VI','2019款',8,0);
insert into t_car_model(cm_id , cs_id , cm_name,cm_type ,cm_order , cm_state) values(39095,3871,'2019款 240PS HSE版 国V','2019款',9,0);
insert into t_car_model(cm_id , cs_id , cm_name,cm_type ,cm_order , cm_state) values(37939,3871,'2019款 240PS HSE版 国VI','2019款',10,0);
insert into t_car_model(cm_id , cs_id , cm_name,cm_type ,cm_order , cm_state) values(39096,3871,'2019款 240PS HSE LUXURY版 国V','2019款',11,0);
insert into t_car_model(cm_id , cs_id , cm_name,cm_type ,cm_order , cm_state) values(37940,3871,'2019款 240PS HSE LUXURY版 国VI','2019款',12,0);
insert into t_car_model(cm_id , cs_id , cm_name,cm_type ,cm_order , cm_state) values(31459,3871,'2018款 200PS PURE版','2018款',1,0);
insert into t_car_model(cm_id , cs_id , cm_name,cm_type ,cm_order , cm_state) values(31460,3871,'2018款 240PS PURE版','2018款',2,0);
insert into t_car_model(cm_id , cs_id , cm_name,cm_type ,cm_order , cm_state) values(31461,3871,'2018款 240PS SE版','2018款',3,0);
insert into t_car_model(cm_id , cs_id , cm_name,cm_type ,cm_order , cm_state) values(31462,3871,'2018款 240PS HSE版','2018款',4,0);
insert into t_car_model(cm_id , cs_id , cm_name,cm_type ,cm_order , cm_state) values(33174,3871,'2018款 240PS 智越限量版','2018款',5,0);
insert into t_car_model(cm_id , cs_id , cm_name,cm_type ,cm_order , cm_state) values(31463,3871,'2018款 240PS HSE LUXURY版','2018款',6,0);
insert into t_car_model(cm_id , cs_id , cm_name,cm_type ,cm_order , cm_state) values(29014,3871,'2017款 2.0T PURE','2017款',1,0);
insert into t_car_model(cm_id , cs_id , cm_name,cm_type ,cm_order , cm_state) values(29015,3871,'2017款 2.0T SE','2017款',2,0);
insert into t_car_model(cm_id , cs_id , cm_name,cm_type ,cm_order , cm_state) values(29018,3871,'2017款 2.0T 酷黑限量版','2017款',3,0);
insert into t_car_model(cm_id , cs_id , cm_name,cm_type ,cm_order , cm_state) values(29016,3871,'2017款 2.0T HSE','2017款',4,0);
insert into t_car_model(cm_id , cs_id , cm_name,cm_type ,cm_order , cm_state) values(29017,3871,'2017款 2.0T HSE LUXURY','2017款',5,0);
insert into t_car_model(cm_id , cs_id , cm_name,cm_type ,cm_order , cm_state) values(24626,3871,'2016款 2.0T 上市限量版','2016款',1,0);
insert into t_car_model(cm_id , cs_id , cm_name,cm_type ,cm_order , cm_state) values(24364,3871,'2016款 2.0T S','2016款',2,0);
insert into t_car_model(cm_id , cs_id , cm_name,cm_type ,cm_order , cm_state) values(24362,3871,'2016款 2.0T SE','2016款',3,0);
insert into t_car_model(cm_id , cs_id , cm_name,cm_type ,cm_order , cm_state) values(27565,3871,'2016款 2.0T 限量版','2016款',4,0);
insert into t_car_model(cm_id , cs_id , cm_name,cm_type ,cm_order , cm_state) values(24363,3871,'2016款 2.0T HSE','2016款',5,0);
insert into t_car_model(cm_id , cs_id , cm_name,cm_type ,cm_order , cm_state) values(23183,3871,'2016款 2.0T HSE LUXURY','2016款',6,0);
insert into t_car_series(cs_id,cbf_id,cs_name,cs_order,cs_letter) values(3521,376,'揽胜极光',2623,'L');
insert into t_car_model(cm_id , cs_id , cm_name,cm_type ,cm_order , cm_state) values(39747,3521,'2020款 249PS 青春版','2020款',1,0);
insert into t_car_model(cm_id , cs_id , cm_name,cm_type ,cm_order , cm_state) values(39798,3521,'2020款 249PS R-DYNAMIC S 运动版','2020款',2,0);
insert into t_car_model(cm_id , cs_id , cm_name,cm_type ,cm_order , cm_state) values(39748,3521,'2020款 249PS R-DYNAMIC S 首发运动定制版','2020款',3,0);
insert into t_car_model(cm_id , cs_id , cm_name,cm_type ,cm_order , cm_state) values(39799,3521,'2020款 249PS R-DYNAMIC SE 运动科技版','2020款',4,0);
insert into t_car_model(cm_id , cs_id , cm_name,cm_type ,cm_order , cm_state) values(39801,3521,'2020款 249PS R-DYNAMIC SE 运动科技定制版','2020款',5,0);
insert into t_car_model(cm_id , cs_id , cm_name,cm_type ,cm_order , cm_state) values(38747,3521,'2020款 249PS R-DYNAMIC HSE 豪华定制版','2020款',6,0);
insert into t_car_model(cm_id , cs_id , cm_name,cm_type ,cm_order , cm_state) values(31447,3521,'2018款 200PS PURE 新尚版','2018款',1,0);
insert into t_car_model(cm_id , cs_id , cm_name,cm_type ,cm_order , cm_state) values(31448,3521,'2018款 240PS PURE 风尚版','2018款',2,0);
insert into t_car_model(cm_id , cs_id , cm_name,cm_type ,cm_order , cm_state) values(31449,3521,'2018款 240PS SE 智耀版','2018款',3,0);
insert into t_car_model(cm_id , cs_id , cm_name,cm_type ,cm_order , cm_state) values(31450,3521,'2018款 240PS SE DYNAMIC 智锐版','2018款',4,0);
insert into t_car_model(cm_id , cs_id , cm_name,cm_type ,cm_order , cm_state) values(31583,3521,'2018款 240PS 梦莲湖蓝限量版','2018款',5,0);
insert into t_car_model(cm_id , cs_id , cm_name,cm_type ,cm_order , cm_state) values(31456,3521,'2018款 240PS HSE DYNAMIC 致动版','2018款',6,0);
insert into t_car_model(cm_id , cs_id , cm_name,cm_type ,cm_order , cm_state) values(29019,3521,'2017款 2.0T PURE 风尚版','2017款',1,0);
insert into t_car_model(cm_id , cs_id , cm_name,cm_type ,cm_order , cm_state) values(29020,3521,'2017款 2.0T SE 智耀版','2017款',2,0);
insert into t_car_model(cm_id , cs_id , cm_name,cm_type ,cm_order , cm_state) values(30957,3521,'2017款 2.0T 英伦锋尚版','2017款',3,0);
insert into t_car_model(cm_id , cs_id , cm_name,cm_type ,cm_order , cm_state) values(29021,3521,'2017款 2.0T SE PLUS 智享版','2017款',4,0);
insert into t_car_model(cm_id , cs_id , cm_name,cm_type ,cm_order , cm_state) values(29022,3521,'2017款 2.0T HSE DYNAMIC 致动版','2017款',5,0);
insert into t_car_model(cm_id , cs_id , cm_name,cm_type ,cm_order , cm_state) values(29023,3521,'2017款 2.0T 绚黑限量版','2017款',6,0);
insert into t_car_model(cm_id , cs_id , cm_name,cm_type ,cm_order , cm_state) values(26138,3521,'2016款 2.0T PURE 风尚版','2016款',1,0);
insert into t_car_model(cm_id , cs_id , cm_name,cm_type ,cm_order , cm_state) values(26139,3521,'2016款 2.0T SE 智耀版','2016款',2,0);
insert into t_car_model(cm_id , cs_id , cm_name,cm_type ,cm_order , cm_state) values(26140,3521,'2016款 2.0T SE PLUS 智享版','2016款',3,0);
insert into t_car_model(cm_id , cs_id , cm_name,cm_type ,cm_order , cm_state) values(26141,3521,'2016款 2.0T HSE DYNAMIC 致动版','2016款',4,0);
insert into t_car_model(cm_id , cs_id , cm_name,cm_type ,cm_order , cm_state) values(26166,3521,'2016款 2.0T 倾橙限量版','2016款',5,0);
insert into t_car_model(cm_id , cs_id , cm_name,cm_type ,cm_order , cm_state) values(21603,3521,'2015款 2.0T 五门风尚版','2015款',1,0);
insert into t_car_model(cm_id , cs_id , cm_name,cm_type ,cm_order , cm_state) values(21604,3521,'2015款 2.0T 五门智耀版','2015款',2,0);
insert into t_car_model(cm_id , cs_id , cm_name,cm_type ,cm_order , cm_state) values(21605,3521,'2015款 2.0T 五门锐动版','2015款',3,0);
insert into t_car_model(cm_id , cs_id , cm_name,cm_type ,cm_order , cm_state) values(21606,3521,'2015款 2.0T 五门致享版','2015款',4,0);
insert into t_car_brand_factory(cbf_id , cb_id , cbf_name ,cbf_letter) values(49,49,'路虎(进口)','L');
insert into t_car_series(cs_id,cbf_id,cs_name,cs_order,cs_letter) values(754,49,'揽胜极光(进口)',2624,'L');
insert into t_car_model(cm_id , cs_id , cm_name,cm_type ,cm_order , cm_state) values(31457,754,'2018款 240PS HSE DYNAMIC 敞篷版','2018款',1,0);
insert into t_car_model(cm_id , cs_id , cm_name,cm_type ,cm_order , cm_state) values(29024,754,'2017款 2.0T 敞篷版','2017款',1,0);
insert into t_car_model(cm_id , cs_id , cm_name,cm_type ,cm_order , cm_state) values(21800,754,'2016款 2.0T 敞篷版','2016款',1,0);
insert into t_car_model(cm_id , cs_id , cm_name,cm_type ,cm_order , cm_state) values(19781,754,'2015款 2.0T 5门耀享版','2015款',1,0);
insert into t_car_model(cm_id , cs_id , cm_name,cm_type ,cm_order , cm_state) values(19782,754,'2015款 2.0T 5门耀动版','2015款',2,0);
insert into t_car_model(cm_id , cs_id , cm_name,cm_type ,cm_order , cm_state) values(20964,754,'2015款 2.0T 耀慕创世限量版','2015款',3,0);
insert into t_car_model(cm_id , cs_id , cm_name,cm_type ,cm_order , cm_state) values(20116,754,'2015款 2.0T 倾橙限量版','2015款',4,0);
insert into t_car_model(cm_id , cs_id , cm_name,cm_type ,cm_order , cm_state) values(23243,754,'2015款 2.0T NW8 Brit限量版','2015款',5,0);
insert into t_car_model(cm_id , cs_id , cm_name,cm_type ,cm_order , cm_state) values(17837,754,'2014款 2.0T 5门限量版','2014款',1,0);
insert into t_car_model(cm_id , cs_id , cm_name,cm_type ,cm_order , cm_state) values(17497,754,'2014款 2.0T 5门圣诞限量版','2014款',2,0);
insert into t_car_model(cm_id , cs_id , cm_name,cm_type ,cm_order , cm_state) values(17834,754,'2014款 2.0T 5门耀真版','2014款',3,0);
insert into t_car_model(cm_id , cs_id , cm_name,cm_type ,cm_order , cm_state) values(17835,754,'2014款 2.0T 5门耀享版','2014款',4,0);
insert into t_car_model(cm_id , cs_id , cm_name,cm_type ,cm_order , cm_state) values(17836,754,'2014款 2.0T 5门耀动版','2014款',5,0);
insert into t_car_model(cm_id , cs_id , cm_name,cm_type ,cm_order , cm_state) values(16266,754,'2013款 2.2T 5门柴油版','2013款',1,0);
insert into t_car_model(cm_id , cs_id , cm_name,cm_type ,cm_order , cm_state) values(14402,754,'2013款 2.0T 3门耀动版','2013款',2,0);
insert into t_car_model(cm_id , cs_id , cm_name,cm_type ,cm_order , cm_state) values(14403,754,'2013款 2.0T 3门耀致版','2013款',3,0);
insert into t_car_model(cm_id , cs_id , cm_name,cm_type ,cm_order , cm_state) values(16112,754,'2013款 2.0T 3门眩蓝限量版','2013款',4,0);
insert into t_car_model(cm_id , cs_id , cm_name,cm_type ,cm_order , cm_state) values(12641,754,'2013款 2.0T 3门维多利亚限量版','2013款',5,0);
insert into t_car_model(cm_id , cs_id , cm_name,cm_type ,cm_order , cm_state) values(15516,754,'2013款 2.0T 5门耀真版','2013款',6,0);
insert into t_car_model(cm_id , cs_id , cm_name,cm_type ,cm_order , cm_state) values(14401,754,'2013款 2.0T 5门耀动版','2013款',7,0);
insert into t_car_model(cm_id , cs_id , cm_name,cm_type ,cm_order , cm_state) values(14297,754,'2013款 2.0T 5门耀致版','2013款',8,0);
insert into t_car_model(cm_id , cs_id , cm_name,cm_type ,cm_order , cm_state) values(16478,754,'2013款 2.0T 5门熠动限量版','2013款',9,0);
insert into t_car_model(cm_id , cs_id , cm_name,cm_type ,cm_order , cm_state) values(8887,754,'2012款 2.0T 5门耀动版','2012款',1,0);
insert into t_car_model(cm_id , cs_id , cm_name,cm_type ,cm_order , cm_state) values(8086,754,'2012款 2.0T 3门耀动版','2012款',2,0);
insert into t_car_model(cm_id , cs_id , cm_name,cm_type ,cm_order , cm_state) values(10049,754,'2012款 2.0T 5门耀致版','2012款',3,0);
insert into t_car_model(cm_id , cs_id , cm_name,cm_type ,cm_order , cm_state) values(10048,754,'2012款 2.0T 3门耀致版','2012款',4,0);
insert into t_car_series(cs_id,cbf_id,cs_name,cs_order,cs_letter) values(4316,49,'揽胜星脉',2625,'L');
insert into t_car_model(cm_id , cs_id , cm_name,cm_type ,cm_order , cm_state) values(41995,4316,'2020款 P250','2020款',1,0);
insert into t_car_model(cm_id , cs_id , cm_name,cm_type ,cm_order , cm_state) values(41996,4316,'2020款 P250 R-DYNAMIC S','2020款',2,0);
insert into t_car_model(cm_id , cs_id , cm_name,cm_type ,cm_order , cm_state) values(41997,4316,'2020款 P340 R-DYNAMIC S','2020款',3,0);
insert into t_car_model(cm_id , cs_id , cm_name,cm_type ,cm_order , cm_state) values(41998,4316,'2020款 P380 R-DYNAMIC SE','2020款',4,0);
insert into t_car_model(cm_id , cs_id , cm_name,cm_type ,cm_order , cm_state) values(41999,4316,'2020款 P380 R-DYNAMIC HSE','2020款',5,0);
insert into t_car_model(cm_id , cs_id , cm_name,cm_type ,cm_order , cm_state) values(36660,4316,'2019款 250PS','2019款',1,0);
insert into t_car_model(cm_id , cs_id , cm_name,cm_type ,cm_order , cm_state) values(36661,4316,'2019款 250PS R-DYNAMIC S','2019款',2,0);
insert into t_car_model(cm_id , cs_id , cm_name,cm_type ,cm_order , cm_state) values(36662,4316,'2019款 300PS R-DYNAMIC S','2019款',3,0);
insert into t_car_model(cm_id , cs_id , cm_name,cm_type ,cm_order , cm_state) values(36663,4316,'2019款 380PS R-DYNAMIC SE','2019款',4,0);
insert into t_car_model(cm_id , cs_id , cm_name,cm_type ,cm_order , cm_state) values(36664,4316,'2019款 380PS R-DYNAMIC HSE','2019款',5,0);
insert into t_car_model(cm_id , cs_id , cm_name,cm_type ,cm_order , cm_state) values(33034,4316,'2018款 P250 S','2018款',1,0);
insert into t_car_model(cm_id , cs_id , cm_name,cm_type ,cm_order , cm_state) values(31077,4316,'2018款 P300 S','2018款',2,0);
insert into t_car_model(cm_id , cs_id , cm_name,cm_type ,cm_order , cm_state) values(31078,4316,'2018款 P300 R-DYNAMIC S','2018款',3,0);
insert into t_car_model(cm_id , cs_id , cm_name,cm_type ,cm_order , cm_state) values(33035,4316,'2018款 P380 S','2018款',4,0);
insert into t_car_model(cm_id , cs_id , cm_name,cm_type ,cm_order , cm_state) values(33036,4316,'2018款 P380 R-DYNAMIC S','2018款',5,0);
insert into t_car_model(cm_id , cs_id , cm_name,cm_type ,cm_order , cm_state) values(33037,4316,'2018款 P380 R-DYNAMIC SE','2018款',6,0);
insert into t_car_model(cm_id , cs_id , cm_name,cm_type ,cm_order , cm_state) values(33038,4316,'2018款 P380 R-DYNAMIC HSE','2018款',7,0);
insert into t_car_model(cm_id , cs_id , cm_name,cm_type ,cm_order , cm_state) values(33039,4316,'2018款 P380 首发限量版','2018款',8,0);
insert into t_car_model(cm_id , cs_id , cm_name,cm_type ,cm_order , cm_state) values(29581,4316,'2017款 P250 S','2017款',1,0);
insert into t_car_model(cm_id , cs_id , cm_name,cm_type ,cm_order , cm_state) values(29582,4316,'2017款 P380 S','2017款',2,0);
insert into t_car_model(cm_id , cs_id , cm_name,cm_type ,cm_order , cm_state) values(29579,4316,'2017款 P380 R-DYNAMIC S','2017款',3,0);
insert into t_car_model(cm_id , cs_id , cm_name,cm_type ,cm_order , cm_state) values(29580,4316,'2017款 P380 R-DYNAMIC SE','2017款',4,0);
insert into t_car_model(cm_id , cs_id , cm_name,cm_type ,cm_order , cm_state) values(29578,4316,'2017款 P380 R-DYNAMIC HSE','2017款',5,0);
insert into t_car_model(cm_id , cs_id , cm_name,cm_type ,cm_order , cm_state) values(29456,4316,'2017款 P380 首发限量版','2017款',6,0);
insert into t_car_series(cs_id,cbf_id,cs_name,cs_order,cs_letter) values(802,49,'发现',2626,'F');
insert into t_car_model(cm_id , cs_id , cm_name,cm_type ,cm_order , cm_state) values(42405,802,'2020款 2.0T SE','2020款',1,0);
insert into t_car_model(cm_id , cs_id , cm_name,cm_type ,cm_order , cm_state) values(42320,802,'2020款 2.0T 30周年特别版','2020款',2,0);
insert into t_car_model(cm_id , cs_id , cm_name,cm_type ,cm_order , cm_state) values(42406,802,'2020款 3.0 V6 SE','2020款',3,0);
insert into t_car_model(cm_id , cs_id , cm_name,cm_type ,cm_order , cm_state) values(42119,802,'2020款 3.0 V6 30周年特别版','2020款',4,0);
insert into t_car_model(cm_id , cs_id , cm_name,cm_type ,cm_order , cm_state) values(42407,802,'2020款 3.0 V6 HSE','2020款',5,0);
insert into t_car_model(cm_id , cs_id , cm_name,cm_type ,cm_order , cm_state) values(36868,802,'2019款 2.0T SE','2019款',1,0);
insert into t_car_model(cm_id , cs_id , cm_name,cm_type ,cm_order , cm_state) values(36869,802,'2019款 2.0T HSE','2019款',2,0);
insert into t_car_model(cm_id , cs_id , cm_name,cm_type ,cm_order , cm_state) values(36870,802,'2019款 3.0 V6 SE','2019款',3,0);
insert into t_car_model(cm_id , cs_id , cm_name,cm_type ,cm_order , cm_state) values(36871,802,'2019款 3.0 V6 HSE','2019款',4,0);
insert into t_car_model(cm_id , cs_id , cm_name,cm_type ,cm_order , cm_state) values(36872,802,'2019款 3.0 V6 HSE LUXURY','2019款',5,0);
insert into t_car_model(cm_id , cs_id , cm_name,cm_type ,cm_order , cm_state) values(33998,802,'2018款 2.0T SE','2018款',1,0);
insert into t_car_model(cm_id , cs_id , cm_name,cm_type ,cm_order , cm_state) values(34110,802,'2018款 2.0T 特别版','2018款',2,0);
insert into t_car_model(cm_id , cs_id , cm_name,cm_type ,cm_order , cm_state) values(33927,802,'2018款 3.0 V6 SE','2018款',3,0);
insert into t_car_model(cm_id , cs_id , cm_name,cm_type ,cm_order , cm_state) values(33946,802,'2018款 3.0 V6 HSE','2018款',4,0);
insert into t_car_model(cm_id , cs_id , cm_name,cm_type ,cm_order , cm_state) values(34109,802,'2018款 3.0 V6 HSE LUXURY','2018款',5,0);
insert into t_car_model(cm_id , cs_id , cm_name,cm_type ,cm_order , cm_state) values(27913,802,'2017款 3.0 V6 S','2017款',1,0);
insert into t_car_model(cm_id , cs_id , cm_name,cm_type ,cm_order , cm_state) values(27914,802,'2017款 3.0 V6 SE','2017款',2,0);
insert into t_car_model(cm_id , cs_id , cm_name,cm_type ,cm_order , cm_state) values(27915,802,'2017款 3.0 V6 HSE','2017款',3,0);
insert into t_car_model(cm_id , cs_id , cm_name,cm_type ,cm_order , cm_state) values(27916,802,'2017款 3.0 V6 HSE LUXURY','2017款',4,0);
insert into t_car_model(cm_id , cs_id , cm_name,cm_type ,cm_order , cm_state) values(27917,802,'2017款 3.0 V6 首发限量版','2017款',5,0);
insert into t_car_model(cm_id , cs_id , cm_name,cm_type ,cm_order , cm_state) values(24862,802,'2016款 3.0 SDV6 HSE 柴油版','2016款',1,0);
insert into t_car_model(cm_id , cs_id , cm_name,cm_type ,cm_order , cm_state) values(24863,802,'2016款 3.0 V6 SC SE','2016款',2,0);
insert into t_car_model(cm_id , cs_id , cm_name,cm_type ,cm_order , cm_state) values(24864,802,'2016款 3.0 V6 SC HSE','2016款',3,0);
insert into t_car_model(cm_id , cs_id , cm_name,cm_type ,cm_order , cm_state) values(24865,802,'2016款 3.0 V6 SC HSE Luxury','2016款',4,0);
insert into t_car_model(cm_id , cs_id , cm_name,cm_type ,cm_order , cm_state) values(25935,802,'2016款 3.0 SDV6 曜黑典藏版 HSE 柴油版','2016款',5,0);
insert into t_car_model(cm_id , cs_id , cm_name,cm_type ,cm_order , cm_state) values(25934,802,'2016款 3.0 SC 曜黑典藏版 SE','2016款',6,0);
insert into t_car_model(cm_id , cs_id , cm_name,cm_type ,cm_order , cm_state) values(24319,802,'2016款 3.0 SC 曜黑典藏版 HSE','2016款',7,0);
insert into t_car_model(cm_id , cs_id , cm_name,cm_type ,cm_order , cm_state) values(24318,802,'2016款 3.0 SC 征峰限量版','2016款',8,0);
insert into t_car_model(cm_id , cs_id , cm_name,cm_type ,cm_order , cm_state) values(22152,802,'2015款 3.0 SDV6 HSE 柴油版','2015款',1,0);
insert into t_car_model(cm_id , cs_id , cm_name,cm_type ,cm_order , cm_state) values(22153,802,'2015款 3.0 V6 SC SE','2015款',2,0);
insert into t_car_model(cm_id , cs_id , cm_name,cm_type ,cm_order , cm_state) values(22154,802,'2015款 3.0 V6 SC HSE','2015款',3,0);
insert into t_car_model(cm_id , cs_id , cm_name,cm_type ,cm_order , cm_state) values(22155,802,'2015款 3.0 V6 SC HSE Luxury','2015款',4,0);
insert into t_car_model(cm_id , cs_id , cm_name,cm_type ,cm_order , cm_state) values(18254,802,'2014款 3.0 SDV6 HSE 柴油版','2014款',1,0);
insert into t_car_model(cm_id , cs_id , cm_name,cm_type ,cm_order , cm_state) values(18280,802,'2014款 3.0 V6 SC SE','2014款',2,0);
insert into t_car_model(cm_id , cs_id , cm_name,cm_type ,cm_order , cm_state) values(18281,802,'2014款 3.0 V6 SC HSE','2014款',3,0);
insert into t_car_model(cm_id , cs_id , cm_name,cm_type ,cm_order , cm_state) values(18282,802,'2014款 3.0 V6 SC HSE Luxury','2014款',4,0);
insert into t_car_model(cm_id , cs_id , cm_name,cm_type ,cm_order , cm_state) values(18251,802,'2014款 3.0 V6 XXV Edition','2014款',5,0);
insert into t_car_model(cm_id , cs_id , cm_name,cm_type ,cm_order , cm_state) values(14475,802,'2013款 3.0 SDV6 HSE 柴油版','2013款',1,0);
insert into t_car_model(cm_id , cs_id , cm_name,cm_type ,cm_order , cm_state) values(16782,802,'2013款 3.0 SDV6 尊黑限量版','2013款',2,0);
insert into t_car_model(cm_id , cs_id , cm_name,cm_type ,cm_order , cm_state) values(14476,802,'2013款 5.0 V8 SE','2013款',3,0);
insert into t_car_model(cm_id , cs_id , cm_name,cm_type ,cm_order , cm_state) values(14439,802,'2013款 5.0 V8 HSE','2013款',4,0);
insert into t_car_model(cm_id , cs_id , cm_name,cm_type ,cm_order , cm_state) values(16783,802,'2013款 5.0 V8 尊黑限量版','2013款',5,0);
insert into t_car_model(cm_id , cs_id , cm_name,cm_type ,cm_order , cm_state) values(11422,802,'2012款 3.0 SDV6 HSE 柴油版','2012款',1,0);
insert into t_car_model(cm_id , cs_id , cm_name,cm_type ,cm_order , cm_state) values(13513,802,'2012款 3.0 SDV6 HSE奢朗限量版','2012款',2,0);
insert into t_car_model(cm_id , cs_id , cm_name,cm_type ,cm_order , cm_state) values(11423,802,'2012款 5.0 V8 SE','2012款',3,0);
insert into t_car_model(cm_id , cs_id , cm_name,cm_type ,cm_order , cm_state) values(10974,802,'2012款 5.0 V8 HSE','2012款',4,0);
insert into t_car_model(cm_id , cs_id , cm_name,cm_type ,cm_order , cm_state) values(12488,802,'2012款 5.0 V8 HSE奢朗限量版','2012款',5,0);
insert into t_car_model(cm_id , cs_id , cm_name,cm_type ,cm_order , cm_state) values(5853,802,'2011款 2.7 TDV6 S 柴油版','2011款',1,0);
insert into t_car_model(cm_id , cs_id , cm_name,cm_type ,cm_order , cm_state) values(8902,802,'2011款 2.7 TDV6 HSE 柴油版','2011款',2,0);
insert into t_car_model(cm_id , cs_id , cm_name,cm_type ,cm_order , cm_state) values(8903,802,'2011款 3.0 SDV6 HSE 柴油版','2011款',3,0);
insert into t_car_model(cm_id , cs_id , cm_name,cm_type ,cm_order , cm_state) values(8906,802,'2011款 4.0 V6 HSE','2011款',4,0);
insert into t_car_model(cm_id , cs_id , cm_name,cm_type ,cm_order , cm_state) values(8907,802,'2011款 5.0 V8 HSE','2011款',5,0);
insert into t_car_model(cm_id , cs_id , cm_name,cm_type ,cm_order , cm_state) values(5852,802,'2010款 3.0TDV6 HSE 柴油版','2010款',1,0);
insert into t_car_model(cm_id , cs_id , cm_name,cm_type ,cm_order , cm_state) values(5851,802,'2010款 4.0 V6 HSE 汽油版','2010款',2,0);
insert into t_car_model(cm_id , cs_id , cm_name,cm_type ,cm_order , cm_state) values(5245,802,'2010款 5.0 V8 HSE 汽油版','2010款',3,0);
insert into t_car_model(cm_id , cs_id , cm_name,cm_type ,cm_order , cm_state) values(5209,802,'2009款 2.7 TDV6-S','2009款',1,0);
insert into t_car_model(cm_id , cs_id , cm_name,cm_type ,cm_order , cm_state) values(1780,802,'2005款 4.0 V6 HSE','2005款',1,0);
insert into t_car_model(cm_id , cs_id , cm_name,cm_type ,cm_order , cm_state) values(1781,802,'2005款 4.4 V8 HSE','2005款',2,0);
insert into t_car_model(cm_id , cs_id , cm_name,cm_type ,cm_order , cm_state) values(671,802,'2004款 4.0 新发现','2004款',1,0);
insert into t_car_series(cs_id,cbf_id,cs_name,cs_order,cs_letter) values(850,49,'揽胜运动版',2627,'L');
insert into t_car_model(cm_id , cs_id , cm_name,cm_type ,cm_order , cm_state) values(41448,850,'2020款 3.0 L6 SE','2020款',1,0);
insert into t_car_model(cm_id , cs_id , cm_name,cm_type ,cm_order , cm_state) values(41449,850,'2020款 3.0 L6 HSE DYNAMIC','2020款',2,0);
insert into t_car_model(cm_id , cs_id , cm_name,cm_type ,cm_order , cm_state) values(41450,850,'2020款 3.0 L6 HST','2020款',3,0);
insert into t_car_model(cm_id , cs_id , cm_name,cm_type ,cm_order , cm_state) values(41460,850,'2020款 5.0 V8 SVR','2020款',4,0);
insert into t_car_model(cm_id , cs_id , cm_name,cm_type ,cm_order , cm_state) values(40138,850,'2019款 3.0 L6 SE','2019款',1,0);
insert into t_car_model(cm_id , cs_id , cm_name,cm_type ,cm_order , cm_state) values(40139,850,'2019款 3.0 L6 HSE DYNAMIC','2019款',2,0);
insert into t_car_model(cm_id , cs_id , cm_name,cm_type ,cm_order , cm_state) values(37811,850,'2019款 3.0 L6 HST','2019款',3,0);
insert into t_car_model(cm_id , cs_id , cm_name,cm_type ,cm_order , cm_state) values(36866,850,'2019款 5.0 V8 SVR','2019款',4,0);
insert into t_car_model(cm_id , cs_id , cm_name,cm_type ,cm_order , cm_state) values(36863,850,'2019款 3.0 V6 特别版','2019款',5,0);
insert into t_car_model(cm_id , cs_id , cm_name,cm_type ,cm_order , cm_state) values(36864,850,'2019款 3.0 V6 HSE DYNAMIC','2019款',6,0);
insert into t_car_model(cm_id , cs_id , cm_name,cm_type ,cm_order , cm_state) values(36865,850,'2019款 3.0 V6 锋尚创世版 DYNAMIC','2019款',7,0);
insert into t_car_model(cm_id , cs_id , cm_name,cm_type ,cm_order , cm_state) values(32930,850,'2018款 3.0 V6 HSE DYNAMIC','2018款',1,0);
insert into t_car_model(cm_id , cs_id , cm_name,cm_type ,cm_order , cm_state) values(32022,850,'2018款 3.0 V6 锋尚创世版 DYNAMIC','2018款',2,0);
insert into t_car_model(cm_id , cs_id , cm_name,cm_type ,cm_order , cm_state) values(32023,850,'2018款 5.0 V8 SVR','2018款',3,0);
insert into t_car_model(cm_id , cs_id , cm_name,cm_type ,cm_order , cm_state) values(28925,850,'2017款 3.0 V6 SC HSE','2017款',1,0);
insert into t_car_model(cm_id , cs_id , cm_name,cm_type ,cm_order , cm_state) values(28923,850,'2017款 3.0 V6 SC SE','2017款',2,0);
insert into t_car_model(cm_id , cs_id , cm_name,cm_type ,cm_order , cm_state) values(28926,850,'2017款 3.0 V6 SC HSE DYNAMIC','2017款',3,0);
insert into t_car_model(cm_id , cs_id , cm_name,cm_type ,cm_order , cm_state) values(28927,850,'2017款 3.0 V6 锋尚创世版 DYNAMIC','2017款',4,0);
insert into t_car_model(cm_id , cs_id , cm_name,cm_type ,cm_order , cm_state) values(28928,850,'2017款 5.0 V8 SVR','2017款',5,0);
insert into t_car_model(cm_id , cs_id , cm_name,cm_type ,cm_order , cm_state) values(24252,850,'2016款 2.0 GTDi HSE','2016款',1,0);
insert into t_car_model(cm_id , cs_id , cm_name,cm_type ,cm_order , cm_state) values(24251,850,'2016款 3.0 V6 SC SE','2016款',2,0);
insert into t_car_model(cm_id , cs_id , cm_name,cm_type ,cm_order , cm_state) values(24250,850,'2016款 3.0 SDV6 HSE','2016款',3,0);
insert into t_car_model(cm_id , cs_id , cm_name,cm_type ,cm_order , cm_state) values(24253,850,'2016款 3.0 SDV6 HSE DYNAMIC','2016款',4,0);
insert into t_car_model(cm_id , cs_id , cm_name,cm_type ,cm_order , cm_state) values(24254,850,'2016款 3.0 V6 SC HSE','2016款',5,0);
insert into t_car_model(cm_id , cs_id , cm_name,cm_type ,cm_order , cm_state) values(24255,850,'2016款 3.0 V6 SC HSE DYNAMIC','2016款',6,0);
insert into t_car_model(cm_id , cs_id , cm_name,cm_type ,cm_order , cm_state) values(22113,850,'2016款 3.0 V6 HST','2016款',7,0);
insert into t_car_model(cm_id , cs_id , cm_name,cm_type ,cm_order , cm_state) values(24256,850,'2016款 3.0 SD V6 Hybrid HSE DYNAMIC','2016款',8,0);
insert into t_car_model(cm_id , cs_id , cm_name,cm_type ,cm_order , cm_state) values(24257,850,'2016款 5.0 V8 SVR','2016款',9,0);
insert into t_car_model(cm_id , cs_id , cm_name,cm_type ,cm_order , cm_state) values(21276,850,'2015款 3.0 SDV6 HSE','2015款',1,0);
insert into t_car_model(cm_id , cs_id , cm_name,cm_type ,cm_order , cm_state) values(21302,850,'2015款 3.0 SDV6 HSE DYNAMIC','2015款',2,0);
insert into t_car_model(cm_id , cs_id , cm_name,cm_type ,cm_order , cm_state) values(21303,850,'2015款 3.0 V6 SC HSE','2015款',3,0);
insert into t_car_model(cm_id , cs_id , cm_name,cm_type ,cm_order , cm_state) values(21304,850,'2015款 3.0 V6 SC HSE DYNAMIC','2015款',4,0);
insert into t_car_model(cm_id , cs_id , cm_name,cm_type ,cm_order , cm_state) values(18662,850,'2015款 3.0 SDV6 Hybrid HSE DYNAMIC','2015款',5,0);
insert into t_car_model(cm_id , cs_id , cm_name,cm_type ,cm_order , cm_state) values(21305,850,'2015款 3.0 V6 SC 锋尚创世版','2015款',6,0);
insert into t_car_model(cm_id , cs_id , cm_name,cm_type ,cm_order , cm_state) values(21306,850,'2015款 5.0 V8 锋尚创世版 DYNAMIC','2015款',7,0);
insert into t_car_model(cm_id , cs_id , cm_name,cm_type ,cm_order , cm_state) values(22164,850,'2015款 5.0 V8 SC SVR','2015款',8,0);
insert into t_car_model(cm_id , cs_id , cm_name,cm_type ,cm_order , cm_state) values(15309,850,'2014款 3.0 V6 SC HSE','2014款',1,0);
insert into t_car_model(cm_id , cs_id , cm_name,cm_type ,cm_order , cm_state) values(15977,850,'2014款 3.0 V6 SC HSE DYNAMIC','2014款',2,0);
insert into t_car_model(cm_id , cs_id , cm_name,cm_type ,cm_order , cm_state) values(15982,850,'2014款 3.0 V6 SC 锋尚创世版','2014款',3,0);
insert into t_car_model(cm_id , cs_id , cm_name,cm_type ,cm_order , cm_state) values(15983,850,'2014款 5.0 V8 SC 锋尚创世版 DYNAMIC','2014款',4,0);
insert into t_car_model(cm_id , cs_id , cm_name,cm_type ,cm_order , cm_state) values(16834,850,'2014款 3.0 V6 SC 智利红限量版','2014款',5,0);
insert into t_car_model(cm_id , cs_id , cm_name,cm_type ,cm_order , cm_state) values(12487,850,'2013款 5.0 V8 NA HSE 驭红限量版','2013款',1,0);
insert into t_car_model(cm_id , cs_id , cm_name,cm_type ,cm_order , cm_state) values(14471,850,'2013款 3.0 TDV6 柴油版','2013款',2,0);
insert into t_car_model(cm_id , cs_id , cm_name,cm_type ,cm_order , cm_state) values(13761,850,'2013款 3.0 TDV6 柴油极致运动版','2013款',3,0);
insert into t_car_model(cm_id , cs_id , cm_name,cm_type ,cm_order , cm_state) values(16042,850,'2013款 3.0 TDV6 黑标限量版','2013款',4,0);
insert into t_car_model(cm_id , cs_id , cm_name,cm_type ,cm_order , cm_state) values(14472,850,'2013款 5.0 V8 NA HSE','2013款',5,0);
insert into t_car_model(cm_id , cs_id , cm_name,cm_type ,cm_order , cm_state) values(14473,850,'2013款 5.0 V8 SC HSE','2013款',6,0);
insert into t_car_model(cm_id , cs_id , cm_name,cm_type ,cm_order , cm_state) values(14474,850,'2013款 5.0 V8 SC 锋尚创世版','2013款',7,0);
insert into t_car_model(cm_id , cs_id , cm_name,cm_type ,cm_order , cm_state) values(15986,850,'2013款 5.0 V8 NA 黑标限量版','2013款',8,0);
insert into t_car_model(cm_id , cs_id , cm_name,cm_type ,cm_order , cm_state) values(11629,850,'2012款 3.0 TDV6 HSE 柴油版','2012款',1,0);
insert into t_car_model(cm_id , cs_id , cm_name,cm_type ,cm_order , cm_state) values(11630,850,'2012款 3.0 TDV6 极致运动版','2012款',2,0);
insert into t_car_model(cm_id , cs_id , cm_name,cm_type ,cm_order , cm_state) values(11631,850,'2012款 5.0 V8 NA HSE','2012款',3,0);
insert into t_car_model(cm_id , cs_id , cm_name,cm_type ,cm_order , cm_state) values(11632,850,'2012款 5.0 V8 SC HSE','2012款',4,0);
insert into t_car_model(cm_id , cs_id , cm_name,cm_type ,cm_order , cm_state) values(11628,850,'2012款 5.0 V8 SC 锋尚创世版','2012款',5,0);
insert into t_car_model(cm_id , cs_id , cm_name,cm_type ,cm_order , cm_state) values(8904,850,'2011款 3.0 TDV6 柴油版','2011款',1,0);
insert into t_car_model(cm_id , cs_id , cm_name,cm_type ,cm_order , cm_state) values(8905,850,'2011款 3.0 TDV6 Sporty 柴油版','2011款',2,0);
insert into t_car_model(cm_id , cs_id , cm_name,cm_type ,cm_order , cm_state) values(8909,850,'2011款 5.0 V8 NA HSE','2011款',3,0);
insert into t_car_model(cm_id , cs_id , cm_name,cm_type ,cm_order , cm_state) values(8910,850,'2011款 5.0 V8 SC HSE','2011款',4,0);
insert into t_car_model(cm_id , cs_id , cm_name,cm_type ,cm_order , cm_state) values(6080,850,'2011款 5.0 V8 SC Autobiography','2011款',5,0);
insert into t_car_model(cm_id , cs_id , cm_name,cm_type ,cm_order , cm_state) values(5857,850,'2010款 3.0 TDV6 HSE 柴油版','2010款',1,0);
insert into t_car_model(cm_id , cs_id , cm_name,cm_type ,cm_order , cm_state) values(5856,850,'2010款 3.6 TDV8 HSE 柴油版','2010款',2,0);
insert into t_car_model(cm_id , cs_id , cm_name,cm_type ,cm_order , cm_state) values(5855,850,'2010款 5.0 V8 NA HSE','2010款',3,0);
insert into t_car_model(cm_id , cs_id , cm_name,cm_type ,cm_order , cm_state) values(5247,850,'2010款 5.0 V8 SC HSE','2010款',4,0);
insert into t_car_model(cm_id , cs_id , cm_name,cm_type ,cm_order , cm_state) values(2026,850,'2006款 运动版V8 4.2 机械增压','2006款',1,0);
insert into t_car_model(cm_id , cs_id , cm_name,cm_type ,cm_order , cm_state) values(1847,850,'2005款 运动版V8 4.4','2005款',1,0);
insert into t_car_series(cs_id,cbf_id,cs_name,cs_order,cs_letter) values(69,49,'揽胜',2628,'L');
insert into t_car_model(cm_id , cs_id , cm_name,cm_type ,cm_order , cm_state) values(41458,69,'2020款 5.0 V8 SC 50周年SV典藏版','2020款',1,0);
insert into t_car_model(cm_id , cs_id , cm_name,cm_type ,cm_order , cm_state) values(41457,69,'2020款 5.0 V8 SC SVA巅峰创世加长版','2020款',2,0);
insert into t_car_model(cm_id , cs_id , cm_name,cm_type ,cm_order , cm_state) values(36873,69,'2019款 3.0 V6 SC 盛世版','2019款',1,0);
insert into t_car_model(cm_id , cs_id , cm_name,cm_type ,cm_order , cm_state) values(36874,69,'2019款 3.0 V6 SC 传世版','2019款',2,0);
insert into t_car_model(cm_id , cs_id , cm_name,cm_type ,cm_order , cm_state) values(36875,69,'2019款 3.0 V6 SC 传世加长版','2019款',3,0);
insert into t_car_model(cm_id , cs_id , cm_name,cm_type ,cm_order , cm_state) values(36877,69,'2019款 3.0 V6 SC 尊崇创世加长版','2019款',4,0);
insert into t_car_model(cm_id , cs_id , cm_name,cm_type ,cm_order , cm_state) values(36878,69,'2019款 5.0 V8 SC 尊崇创世加长版','2019款',5,0);
insert into t_car_model(cm_id , cs_id , cm_name,cm_type ,cm_order , cm_state) values(32952,69,'2019款 5.0 V8 SC SVA巅峰创世加长版','2019款',6,0);
insert into t_car_model(cm_id , cs_id , cm_name,cm_type ,cm_order , cm_state) values(34824,69,'2018款 3.0 V6 SC 盛世版','2018款',1,0);
insert into t_car_model(cm_id , cs_id , cm_name,cm_type ,cm_order , cm_state) values(33641,69,'2018款 3.0 V6 SC Vogue 传世版','2018款',2,0);
insert into t_car_model(cm_id , cs_id , cm_name,cm_type ,cm_order , cm_state) values(33633,69,'2018款 3.0 V6 SC Vogue 传世加长版','2018款',3,0);
insert into t_car_model(cm_id , cs_id , cm_name,cm_type ,cm_order , cm_state) values(33634,69,'2018款 3.0 V6 SC Vogue SE 创世加长版','2018款',4,0);
insert into t_car_model(cm_id , cs_id , cm_name,cm_type ,cm_order , cm_state) values(33642,69,'2018款 3.0 V6 SC AB 尊崇创世加长版','2018款',5,0);
insert into t_car_model(cm_id , cs_id , cm_name,cm_type ,cm_order , cm_state) values(33643,69,'2018款 5.0 V8 SC AB 尊崇创世加长版','2018款',6,0);
insert into t_car_model(cm_id , cs_id , cm_name,cm_type ,cm_order , cm_state) values(33763,69,'2018款 5.0 V8 SC SV Coupe','2018款',7,0);
insert into t_car_model(cm_id , cs_id , cm_name,cm_type ,cm_order , cm_state) values(32095,69,'2017款 3.0 V6 SC 盛世版','2017款',1,0);
insert into t_car_model(cm_id , cs_id , cm_name,cm_type ,cm_order , cm_state) values(27297,69,'2017款 3.0 V6 SC Vogue','2017款',2,0);
insert into t_car_model(cm_id , cs_id , cm_name,cm_type ,cm_order , cm_state) values(28908,69,'2017款 3.0 V6 SC Vogue 加长版','2017款',3,0);
insert into t_car_model(cm_id , cs_id , cm_name,cm_type ,cm_order , cm_state) values(28909,69,'2017款 3.0 V6 SC Vogue SE 创世加长版','2017款',4,0);
insert into t_car_model(cm_id , cs_id , cm_name,cm_type ,cm_order , cm_state) values(28910,69,'2017款 3.0 V6 SC AB 尊崇创世加长版','2017款',5,0);
insert into t_car_model(cm_id , cs_id , cm_name,cm_type ,cm_order , cm_state) values(28911,69,'2017款 5.0 V8 SC AB 尊崇创世加长版','2017款',6,0);
insert into t_car_model(cm_id , cs_id , cm_name,cm_type ,cm_order , cm_state) values(28912,69,'2017款 5.0 V8 SC 巅峰创世加长版','2017款',7,0);
insert into t_car_model(cm_id , cs_id , cm_name,cm_type ,cm_order , cm_state) values(23989,69,'2016款 3.0 V6 SC Vogue','2016款',1,0);
insert into t_car_model(cm_id , cs_id , cm_name,cm_type ,cm_order , cm_state) values(23990,69,'2016款 3.0 V6 SC Vogue 加长版','2016款',2,0);
insert into t_car_model(cm_id , cs_id , cm_name,cm_type ,cm_order , cm_state) values(23991,69,'2016款 3.0 V6 SC Vogue SE 创世加长版','2016款',3,0);
insert into t_car_model(cm_id , cs_id , cm_name,cm_type ,cm_order , cm_state) values(23992,69,'2016款 3.0 TDV6 Hybrid Vogue SE 创世加长版','2016款',4,0);
insert into t_car_model(cm_id , cs_id , cm_name,cm_type ,cm_order , cm_state) values(23993,69,'2016款 3.0 V6 SC Vogue SE 尊崇创世加长版','2016款',5,0);
insert into t_car_model(cm_id , cs_id , cm_name,cm_type ,cm_order , cm_state) values(23994,69,'2016款 5.0 V8 SC AB 尊崇创世加长版','2016款',6,0);
insert into t_car_model(cm_id , cs_id , cm_name,cm_type ,cm_order , cm_state) values(23995,69,'2016款 5.0 V8 SC AB 巅峰创世加长版','2016款',7,0);
insert into t_car_model(cm_id , cs_id , cm_name,cm_type ,cm_order , cm_state) values(21308,69,'2015款 3.0 TDV6 Vogue','2015款',1,0);
insert into t_car_model(cm_id , cs_id , cm_name,cm_type ,cm_order , cm_state) values(21309,69,'2015款 3.0 TDV6 Vogue SE 创世加长版','2015款',2,0);
insert into t_car_model(cm_id , cs_id , cm_name,cm_type ,cm_order , cm_state) values(16735,69,'2015款 3.0 TDV6 Hybrid Vogue SE 创世加长版','2015款',3,0);
insert into t_car_model(cm_id , cs_id , cm_name,cm_type ,cm_order , cm_state) values(21310,69,'2015款 3.0 V6 SC Vogue','2015款',4,0);
insert into t_car_model(cm_id , cs_id , cm_name,cm_type ,cm_order , cm_state) values(20115,69,'2015款 3.0 V6 黑曜限量版','2015款',5,0);
insert into t_car_model(cm_id , cs_id , cm_name,cm_type ,cm_order , cm_state) values(21311,69,'2015款 3.0 V6 SC Vogue SE 创世加长版','2015款',6,0);
insert into t_car_model(cm_id , cs_id , cm_name,cm_type ,cm_order , cm_state) values(21312,69,'2015款 5.0 V8 SC AB 尊崇创世加长版','2015款',7,0);
insert into t_car_model(cm_id , cs_id , cm_name,cm_type ,cm_order , cm_state) values(21313,69,'2015款 5.0 V8 SC AB 巅峰创世加长版','2015款',8,0);
insert into t_car_model(cm_id , cs_id , cm_name,cm_type ,cm_order , cm_state) values(18709,69,'2014款 3.0 TDV6 Vogue','2014款',1,0);
insert into t_car_model(cm_id , cs_id , cm_name,cm_type ,cm_order , cm_state) values(16258,69,'2014款 3.0 TDV6 Vogue SE','2014款',2,0);
insert into t_car_model(cm_id , cs_id , cm_name,cm_type ,cm_order , cm_state) values(16259,69,'2014款 3.0 V6 SC Vogue','2014款',3,0);
insert into t_car_model(cm_id , cs_id , cm_name,cm_type ,cm_order , cm_state) values(16260,69,'2014款 3.0 V6 SC Vogue SE','2014款',4,0);
insert into t_car_model(cm_id , cs_id , cm_name,cm_type ,cm_order , cm_state) values(18710,69,'2014款 改款 3.0 V6 SC Vogue','2014款',5,0);
insert into t_car_model(cm_id , cs_id , cm_name,cm_type ,cm_order , cm_state) values(18707,69,'2014款 3.0 TDV6 Vogue SE 创世加长版','2014款',6,0);
insert into t_car_model(cm_id , cs_id , cm_name,cm_type ,cm_order , cm_state) values(17316,69,'2014款 3.0 V6 SC Vogue SE 创世加长版','2014款',7,0);
insert into t_car_model(cm_id , cs_id , cm_name,cm_type ,cm_order , cm_state) values(18708,69,'2014款 5.0 V8 SC AB 尊崇创世加长版','2014款',8,0);
insert into t_car_model(cm_id , cs_id , cm_name,cm_type ,cm_order , cm_state) values(19151,69,'2014款 5.0 V8 SC AB 巅峰创世加长版','2014款',9,0);
insert into t_car_model(cm_id , cs_id , cm_name,cm_type ,cm_order , cm_state) values(14478,69,'2013款 5.0 V8 NA Vogue','2013款',1,0);
insert into t_car_model(cm_id , cs_id , cm_name,cm_type ,cm_order , cm_state) values(14479,69,'2013款 5.0 V8 NA Vogue SE','2013款',2,0);
insert into t_car_model(cm_id , cs_id , cm_name,cm_type ,cm_order , cm_state) values(14477,69,'2013款 3.0 TDV6 Vogue','2013款',3,0);
insert into t_car_model(cm_id , cs_id , cm_name,cm_type ,cm_order , cm_state) values(14480,69,'2013款 5.0 V8 SC Vogue SE','2013款',4,0);
insert into t_car_model(cm_id , cs_id , cm_name,cm_type ,cm_order , cm_state) values(13544,69,'2013款 5.0 V8 AB 尊崇创世版','2013款',5,0);
insert into t_car_model(cm_id , cs_id , cm_name,cm_type ,cm_order , cm_state) values(11035,69,'2012款 3.6 TDV8','2012款',1,0);
insert into t_car_model(cm_id , cs_id , cm_name,cm_type ,cm_order , cm_state) values(11313,69,'2012款 4.4 TDV8','2012款',2,0);
insert into t_car_model(cm_id , cs_id , cm_name,cm_type ,cm_order , cm_state) values(11166,69,'2012款 5.0 V8 NA','2012款',3,0);
insert into t_car_model(cm_id , cs_id , cm_name,cm_type ,cm_order , cm_state) values(11312,69,'2012款 5.0 V8 SC','2012款',4,0);
insert into t_car_model(cm_id , cs_id , cm_name,cm_type ,cm_order , cm_state) values(10694,69,'2012款 5.0 V8 SC 尊崇创世版','2012款',5,0);
insert into t_car_model(cm_id , cs_id , cm_name,cm_type ,cm_order , cm_state) values(12114,69,'2012款 5.0 V8 SC 巅峰创世典藏版','2012款',6,0);
insert into t_car_model(cm_id , cs_id , cm_name,cm_type ,cm_order , cm_state) values(8915,69,'2011款 3.6 TDV8','2011款',1,0);
insert into t_car_model(cm_id , cs_id , cm_name,cm_type ,cm_order , cm_state) values(8916,69,'2011款 5.0 V8 NA HSE','2011款',2,0);
insert into t_car_model(cm_id , cs_id , cm_name,cm_type ,cm_order , cm_state) values(7971,69,'2011款 5.0 V8 SC','2011款',3,0);
insert into t_car_model(cm_id , cs_id , cm_name,cm_type ,cm_order , cm_state) values(8917,69,'2011款 5.0 V8 SC 尊崇创世版','2011款',4,0);
insert into t_car_model(cm_id , cs_id , cm_name,cm_type ,cm_order , cm_state) values(5860,69,'2010款 3.6 TDV8 HSE','2010款',1,0);
insert into t_car_model(cm_id , cs_id , cm_name,cm_type ,cm_order , cm_state) values(5859,69,'2010款 5.0 V8 NA HSE','2010款',2,0);
insert into t_car_model(cm_id , cs_id , cm_name,cm_type ,cm_order , cm_state) values(5246,69,'2010款 5.0 V8 SC HSE','2010款',3,0);
insert into t_car_model(cm_id , cs_id , cm_name,cm_type ,cm_order , cm_state) values(5858,69,'2010款 5.0 V8 SC 创世尊崇版','2010款',4,0);
insert into t_car_model(cm_id , cs_id , cm_name,cm_type ,cm_order , cm_state) values(3303,69,'2007款 V8 4.4','2007款',1,0);
insert into t_car_model(cm_id , cs_id , cm_name,cm_type ,cm_order , cm_state) values(3302,69,'2007款 V8 4.2 机械增压','2007款',2,0);
insert into t_car_model(cm_id , cs_id , cm_name,cm_type ,cm_order , cm_state) values(1854,69,'2005款 4.4','2005款',1,0);
insert into t_car_series(cs_id,cbf_id,cs_name,cs_order,cs_letter) values(4579,49,'揽胜新能源',2629,'L');
insert into t_car_model(cm_id , cs_id , cm_name,cm_type ,cm_order , cm_state) values(36881,4579,'2019款 P400e 创世加长版','2019款',1,0);
insert into t_car_model(cm_id , cs_id , cm_name,cm_type ,cm_order , cm_state) values(32775,4579,'2018款 P400e 创世加长版','2018款',1,0);
insert into t_car_series(cs_id,cbf_id,cs_name,cs_order,cs_letter) values(4569,49,'揽胜运动版新能源',2630,'L');
insert into t_car_model(cm_id , cs_id , cm_name,cm_type ,cm_order , cm_state) values(41447,4569,'2020款 P400e SE','2020款',1,0);
insert into t_car_model(cm_id , cs_id , cm_name,cm_type ,cm_order , cm_state) values(36867,4569,'2019款 P400e HSE','2019款',1,0);
insert into t_car_model(cm_id , cs_id , cm_name,cm_type ,cm_order , cm_state) values(40137,4569,'2019款  P400e SE','2019款',2,0);
insert into t_car_model(cm_id , cs_id , cm_name,cm_type ,cm_order , cm_state) values(32782,4569,'2018款 P400e','2018款',1,0);
insert into t_car_series(cs_id,cbf_id,cs_name,cs_order,cs_letter) values(3565,49,'发现神行(进口)',2632,'F');
insert into t_car_model(cm_id , cs_id , cm_name,cm_type ,cm_order , cm_state) values(20920,3565,'2015款 2.0T SE','2015款',1,0);
insert into t_car_model(cm_id , cs_id , cm_name,cm_type ,cm_order , cm_state) values(19795,3565,'2015款 2.0T HSE LUXURY','2015款',2,0);
insert into t_car_series(cs_id,cbf_id,cs_name,cs_order,cs_letter) values(256,49,'卫士',2633,'W');
insert into t_car_model(cm_id , cs_id , cm_name,cm_type ,cm_order , cm_state) values(7199,256,'2010款 冰・火限量版','2010款',1,0);
insert into t_car_series(cs_id,cbf_id,cs_name,cs_order,cs_letter) values(77,49,'神行者2',2635,'S');
insert into t_car_model(cm_id , cs_id , cm_name,cm_type ,cm_order , cm_state) values(19642,77,'2015款 2.2T SD4 XS典藏版','2015款',1,0);
insert into t_car_model(cm_id , cs_id , cm_name,cm_type ,cm_order , cm_state) values(19641,77,'2015款 2.0T Si4 XS典藏版','2015款',2,0);
insert into t_car_model(cm_id , cs_id , cm_name,cm_type ,cm_order , cm_state) values(19643,77,'2015款 2.0T Si4 HSE Luxury典藏版','2015款',3,0);
insert into t_car_model(cm_id , cs_id , cm_name,cm_type ,cm_order , cm_state) values(18094,77,'2014款 2.2T SD4 S柴油版','2014款',1,0);
insert into t_car_model(cm_id , cs_id , cm_name,cm_type ,cm_order , cm_state) values(18095,77,'2014款 2.2T SD4 SE柴油版','2014款',2,0);
insert into t_car_model(cm_id , cs_id , cm_name,cm_type ,cm_order , cm_state) values(18096,77,'2014款 2.0T Si4 S汽油版','2014款',3,0);
insert into t_car_model(cm_id , cs_id , cm_name,cm_type ,cm_order , cm_state) values(18097,77,'2014款 2.0T Si4 SE汽油版','2014款',4,0);
insert into t_car_model(cm_id , cs_id , cm_name,cm_type ,cm_order , cm_state) values(18098,77,'2014款 2.0T Si4 HSE汽油版','2014款',5,0);
insert into t_car_model(cm_id , cs_id , cm_name,cm_type ,cm_order , cm_state) values(14486,77,'2013款 2.2T SD4 S柴油版','2013款',1,0);
insert into t_car_model(cm_id , cs_id , cm_name,cm_type ,cm_order , cm_state) values(14487,77,'2013款 2.2T SD4 SE柴油版','2013款',2,0);
insert into t_car_model(cm_id , cs_id , cm_name,cm_type ,cm_order , cm_state) values(15515,77,'2013款 2.2T SD4 越动限量版','2013款',3,0);
insert into t_car_model(cm_id , cs_id , cm_name,cm_type ,cm_order , cm_state) values(14488,77,'2013款 2.0T Si4 SE汽油版','2013款',4,0);
insert into t_car_model(cm_id , cs_id , cm_name,cm_type ,cm_order , cm_state) values(13636,77,'2013款 2.0T Si4 HSE汽油版','2013款',5,0);
insert into t_car_model(cm_id , cs_id , cm_name,cm_type ,cm_order , cm_state) values(15383,77,'2013款 2.0T Si4 越动限量版','2013款',6,0);
insert into t_car_model(cm_id , cs_id , cm_name,cm_type ,cm_order , cm_state) values(11426,77,'2012款 3.2L 圣诞新年特别版 SE','2012款',1,0);
insert into t_car_model(cm_id , cs_id , cm_name,cm_type ,cm_order , cm_state) values(11427,77,'2012款 3.2L 圣诞新年特别版 HSE','2012款',2,0);
insert into t_car_model(cm_id , cs_id , cm_name,cm_type ,cm_order , cm_state) values(12071,77,'2012款 2.2T SD4 S柴油版','2012款',3,0);
insert into t_car_model(cm_id , cs_id , cm_name,cm_type ,cm_order , cm_state) values(12072,77,'2012款 2.2T SD4 SE柴油版','2012款',4,0);
insert into t_car_model(cm_id , cs_id , cm_name,cm_type ,cm_order , cm_state) values(12073,77,'2012款 2.2T SD4 HSE柴油版','2012款',5,0);
insert into t_car_model(cm_id , cs_id , cm_name,cm_type ,cm_order , cm_state) values(12075,77,'2012款 2.0T Si4 SE汽油版','2012款',6,0);
insert into t_car_model(cm_id , cs_id , cm_name,cm_type ,cm_order , cm_state) values(12074,77,'2012款 2.0T Si4 HSE汽油版','2012款',7,0);
insert into t_car_model(cm_id , cs_id , cm_name,cm_type ,cm_order , cm_state) values(8226,77,'2011款 2.2T SD4 SE柴油版','2011款',1,0);
insert into t_car_model(cm_id , cs_id , cm_name,cm_type ,cm_order , cm_state) values(8912,77,'2011款 2.2T SD4 HSE柴油版','2011款',2,0);
insert into t_car_model(cm_id , cs_id , cm_name,cm_type ,cm_order , cm_state) values(8911,77,'2011款 3.2L i6 SE汽油版','2011款',3,0);
insert into t_car_model(cm_id , cs_id , cm_name,cm_type ,cm_order , cm_state) values(8913,77,'2011款 3.2L i6 HSE汽油版','2011款',4,0);
insert into t_car_model(cm_id , cs_id , cm_name,cm_type ,cm_order , cm_state) values(9991,77,'2011款 3.2L 中国红限量版','2011款',5,0);
insert into t_car_model(cm_id , cs_id , cm_name,cm_type ,cm_order , cm_state) values(6922,77,'2010款 2.2 TD4 手动SE柴油版','2010款',1,0);
insert into t_car_model(cm_id , cs_id , cm_name,cm_type ,cm_order , cm_state) values(5017,77,'2010款 2.2 TD4 自动SE柴油版','2010款',2,0);
insert into t_car_model(cm_id , cs_id , cm_name,cm_type ,cm_order , cm_state) values(6355,77,'2010款 2.2 TD4 自动HSE柴油版','2010款',3,0);
insert into t_car_model(cm_id , cs_id , cm_name,cm_type ,cm_order , cm_state) values(6357,77,'2010款 3.2 i6 自动SE汽油版','2010款',4,0);
insert into t_car_model(cm_id , cs_id , cm_name,cm_type ,cm_order , cm_state) values(6356,77,'2010款 3.2 i6 自动HSE汽油版','2010款',5,0);
insert into t_car_model(cm_id , cs_id , cm_name,cm_type ,cm_order , cm_state) values(5606,77,'2009款 3.2L','2009款',1,0);
insert into t_car_model(cm_id , cs_id , cm_name,cm_type ,cm_order , cm_state) values(2415,77,'2007款 3.2L','2007款',1,0);
insert into t_car_series(cs_id,cbf_id,cs_name,cs_order,cs_letter) values(3177,49,'神行者',2637,'S');
insert into t_car_model(cm_id , cs_id , cm_name,cm_type ,cm_order , cm_state) values(16656,3177,'2004款 2.5 V6','2004款',1,0);
insert into t_car_model(cm_id , cs_id , cm_name,cm_type ,cm_order , cm_state) values(16655,3177,'2003款 2.5 V6','2003款',1,0);
