insert into t_car_brand_factory(cbf_id , cb_id , cbf_name ,cbf_letter) values(51,41,'东南汽车','D');
insert into t_car_series(cs_id,cbf_id,cs_name,cs_order,cs_letter) values(574,51,'凯领',1139,'K');
insert into t_car_model(cm_id , cs_id , cm_name,cm_type ,cm_order , cm_state) values(3407,574,'2007款 3.0L 经典版','2007款',1,0);
insert into t_car_model(cm_id , cs_id , cm_name,cm_type ,cm_order , cm_state) values(3450,574,'2007款 3.0L 豪华版','2007款',2,0);
insert into t_car_model(cm_id , cs_id , cm_name,cm_type ,cm_order , cm_state) values(3451,574,'2007款 3.0L 至尊版','2007款',3,0);
insert into t_car_brand_factory(cbf_id , cb_id , cbf_name ,cbf_letter) values(175,41,'道奇(进口)','D');
insert into t_car_series(cs_id,cbf_id,cs_name,cs_order,cs_letter) values(602,175,'酷威',1140,'K');
insert into t_car_model(cm_id , cs_id , cm_name,cm_type ,cm_order , cm_state) values(25516,602,'2016款 2.4L 两驱旅行版','2016款',1,0);
insert into t_car_model(cm_id , cs_id , cm_name,cm_type ,cm_order , cm_state) values(25517,602,'2016款 2.0TD 四驱旅行版','2016款',2,0);
insert into t_car_model(cm_id , cs_id , cm_name,cm_type ,cm_order , cm_state) values(22420,602,'2015款 2.0TD 四驱尊尚版','2015款',1,0);
insert into t_car_model(cm_id , cs_id , cm_name,cm_type ,cm_order , cm_state) values(18171,602,'2014款 2.4L 两驱旅行版','2014款',1,0);
insert into t_car_model(cm_id , cs_id , cm_name,cm_type ,cm_order , cm_state) values(14895,602,'2013款 2.4L 两驱智尚版','2013款',1,0);
insert into t_car_model(cm_id , cs_id , cm_name,cm_type ,cm_order , cm_state) values(8789,602,'2013款 2.4L 两驱尊尚版','2013款',2,0);
insert into t_car_model(cm_id , cs_id , cm_name,cm_type ,cm_order , cm_state) values(14894,602,'2013款 3.6L 四驱旗舰版','2013款',3,0);
insert into t_car_model(cm_id , cs_id , cm_name,cm_type ,cm_order , cm_state) values(9268,602,'2011款 2.7 豪华导航版','2011款',1,0);
insert into t_car_model(cm_id , cs_id , cm_name,cm_type ,cm_order , cm_state) values(6728,602,'2010款 2.7','2010款',1,0);
insert into t_car_model(cm_id , cs_id , cm_name,cm_type ,cm_order , cm_state) values(3879,602,'2009款 2.7','2009款',1,0);
insert into t_car_series(cs_id,cbf_id,cs_name,cs_order,cs_letter) values(576,175,'锋哲',1142,'F');
insert into t_car_model(cm_id , cs_id , cm_name,cm_type ,cm_order , cm_state) values(3601,576,'2008款 2.4 SE','2008款',1,0);
insert into t_car_model(cm_id , cs_id , cm_name,cm_type ,cm_order , cm_state) values(3408,576,'2007款 2.4 SXT','2007款',1,0);
insert into t_car_series(cs_id,cbf_id,cs_name,cs_order,cs_letter) values(2198,175,'道奇Ram',1147,'D');
insert into t_car_model(cm_id , cs_id , cm_name,cm_type ,cm_order , cm_state) values(8327,2198,'2011款 1500 Sport','2011款',1,0);
insert into t_car_model(cm_id , cs_id , cm_name,cm_type ,cm_order , cm_state) values(8329,2198,'2011款 1500 Laramie','2011款',2,0);
insert into t_car_model(cm_id , cs_id , cm_name,cm_type ,cm_order , cm_state) values(8617,2198,'2011款 1500 Laramie Longhorn','2011款',3,0);
insert into t_car_series(cs_id,cbf_id,cs_name,cs_order,cs_letter) values(575,175,'酷搏',1148,'K');
insert into t_car_model(cm_id , cs_id , cm_name,cm_type ,cm_order , cm_state) values(10281,575,'2011款 2.0 SXT经典版','2011款',1,0);
insert into t_car_model(cm_id , cs_id , cm_name,cm_type ,cm_order , cm_state) values(10280,575,'2011款 2.0 SXT舒适版','2011款',2,0);
insert into t_car_model(cm_id , cs_id , cm_name,cm_type ,cm_order , cm_state) values(10247,575,'2011款 2.0 SXT豪华导航版','2011款',3,0);
insert into t_car_model(cm_id , cs_id , cm_name,cm_type ,cm_order , cm_state) values(7355,575,'2010款 2.0 SXT','2010款',1,0);
insert into t_car_model(cm_id , cs_id , cm_name,cm_type ,cm_order , cm_state) values(5698,575,'2009款 2.0 运动型','2009款',1,0);
insert into t_car_model(cm_id , cs_id , cm_name,cm_type ,cm_order , cm_state) values(5699,575,'2009款 2.0 豪华型','2009款',2,0);
insert into t_car_model(cm_id , cs_id , cm_name,cm_type ,cm_order , cm_state) values(3409,575,'2008款 2.0','2008款',1,0);
