insert into t_car_brand_factory(cbf_id , cb_id , cbf_name ,cbf_letter) values(139,71,'上汽通用雪佛兰','S');
insert into t_car_series(cs_id,cb_id,cbf_id,cs_name,cs_order,cs_letter) values(5008,71,139,'科鲁泽',3714,'K');
insert into t_car_model(cm_id ,cb_id,cbf_id, cs_id , cm_name,cm_type ,cm_order , cm_state) values(38389,71,139,5008,'2019款 320T 手动欣快版 国VI','2019款',1,0);
insert into t_car_model(cm_id ,cb_id,cbf_id, cs_id , cm_name,cm_type ,cm_order , cm_state) values(38133,71,139,5008,'2019款 Redline 320T 双离合欢快版 国VI','2019款',2,0);
insert into t_car_model(cm_id ,cb_id,cbf_id, cs_id , cm_name,cm_type ,cm_order , cm_state) values(37612,71,139,5008,'2019款 Redline 320T 双离合爽快版 国VI','2019款',3,0);
insert into t_car_model(cm_id ,cb_id,cbf_id, cs_id , cm_name,cm_type ,cm_order , cm_state) values(38134,71,139,5008,'2019款 RS 330T 自动畅快版 国VI','2019款',4,0);
insert into t_car_model(cm_id ,cb_id,cbf_id, cs_id , cm_name,cm_type ,cm_order , cm_state) values(36796,71,139,5008,'2019款 RS 330T 自动痛快版 国VI','2019款',5,0);
insert into t_car_series(cs_id,cb_id,cbf_id,cs_name,cs_order,cs_letter) values(657,71,139,'科鲁兹',3715,'K');
insert into t_car_model(cm_id ,cb_id,cbf_id, cs_id , cm_name,cm_type ,cm_order , cm_state) values(35642,71,139,657,'2018款 改款 320 手动先锋版','2018款',1,0);
insert into t_car_model(cm_id ,cb_id,cbf_id, cs_id , cm_name,cm_type ,cm_order , cm_state) values(35643,71,139,657,'2018款 改款 320 自动先锋版','2018款',2,0);
insert into t_car_model(cm_id ,cb_id,cbf_id, cs_id , cm_name,cm_type ,cm_order , cm_state) values(35644,71,139,657,'2018款 改款 320 手动炫锋版','2018款',3,0);
insert into t_car_model(cm_id ,cb_id,cbf_id, cs_id , cm_name,cm_type ,cm_order , cm_state) values(35645,71,139,657,'2018款 改款 320 自动炫锋都市版','2018款',4,0);
insert into t_car_model(cm_id ,cb_id,cbf_id, cs_id , cm_name,cm_type ,cm_order , cm_state) values(35638,71,139,657,'2018款  Redline 320 自动先锋版','2018款',5,0);
insert into t_car_model(cm_id ,cb_id,cbf_id, cs_id , cm_name,cm_type ,cm_order , cm_state) values(35436,71,139,657,'2018款 Redline 320 自动炫锋都市版','2018款',6,0);
insert into t_car_model(cm_id ,cb_id,cbf_id, cs_id , cm_name,cm_type ,cm_order , cm_state) values(34497,71,139,657,'2018款 Redline 330T 双离合领锋版','2018款',7,0);
insert into t_car_model(cm_id ,cb_id,cbf_id, cs_id , cm_name,cm_type ,cm_order , cm_state) values(31377,71,139,657,'2018款 两厢 320 手动先锋版','2018款',8,0);
insert into t_car_model(cm_id ,cb_id,cbf_id, cs_id , cm_name,cm_type ,cm_order , cm_state) values(31378,71,139,657,'2018款 两厢 320 自动先锋天窗版','2018款',9,0);
insert into t_car_model(cm_id ,cb_id,cbf_id, cs_id , cm_name,cm_type ,cm_order , cm_state) values(31379,71,139,657,'2018款 两厢 320 自动炫锋版','2018款',10,0);
insert into t_car_model(cm_id ,cb_id,cbf_id, cs_id , cm_name,cm_type ,cm_order , cm_state) values(31380,71,139,657,'2018款 两厢 330T 双离合领锋版','2018款',11,0);
insert into t_car_model(cm_id ,cb_id,cbf_id, cs_id , cm_name,cm_type ,cm_order , cm_state) values(31371,71,139,657,'2018款 320 手动先锋版','2018款',12,0);
insert into t_car_model(cm_id ,cb_id,cbf_id, cs_id , cm_name,cm_type ,cm_order , cm_state) values(31372,71,139,657,'2018款 320 自动先锋天窗版','2018款',13,0);
insert into t_car_model(cm_id ,cb_id,cbf_id, cs_id , cm_name,cm_type ,cm_order , cm_state) values(31373,71,139,657,'2018款 320 手动炫锋版','2018款',14,0);
insert into t_car_model(cm_id ,cb_id,cbf_id, cs_id , cm_name,cm_type ,cm_order , cm_state) values(31639,71,139,657,'2018款 320 自动炫锋都市版','2018款',15,0);
insert into t_car_model(cm_id ,cb_id,cbf_id, cs_id , cm_name,cm_type ,cm_order , cm_state) values(31375,71,139,657,'2018款 330T 双离合炫锋版','2018款',16,0);
insert into t_car_model(cm_id ,cb_id,cbf_id, cs_id , cm_name,cm_type ,cm_order , cm_state) values(31376,71,139,657,'2018款 330T 双离合领锋版','2018款',17,0);
insert into t_car_model(cm_id ,cb_id,cbf_id, cs_id , cm_name,cm_type ,cm_order , cm_state) values(29160,71,139,657,'2017款 1.5L 两厢 自动先锋天窗版','2017款',1,0);
insert into t_car_model(cm_id ,cb_id,cbf_id, cs_id , cm_name,cm_type ,cm_order , cm_state) values(29159,71,139,657,'2017款 1.5L 两厢 手动先锋版','2017款',2,0);
insert into t_car_model(cm_id ,cb_id,cbf_id, cs_id , cm_name,cm_type ,cm_order , cm_state) values(29161,71,139,657,'2017款 1.5L 两厢 自动炫锋版','2017款',3,0);
insert into t_car_model(cm_id ,cb_id,cbf_id, cs_id , cm_name,cm_type ,cm_order , cm_state) values(29162,71,139,657,'2017款 1.4T 两厢 双离合炫锋版','2017款',4,0);
insert into t_car_model(cm_id ,cb_id,cbf_id, cs_id , cm_name,cm_type ,cm_order , cm_state) values(28553,71,139,657,'2017款 1.4T 两厢 双离合领锋版','2017款',5,0);
insert into t_car_model(cm_id ,cb_id,cbf_id, cs_id , cm_name,cm_type ,cm_order , cm_state) values(27110,71,139,657,'2017款 1.5L 手动先锋版','2017款',6,0);
insert into t_car_model(cm_id ,cb_id,cbf_id, cs_id , cm_name,cm_type ,cm_order , cm_state) values(27111,71,139,657,'2017款 1.5L 自动先锋天窗版','2017款',7,0);
insert into t_car_model(cm_id ,cb_id,cbf_id, cs_id , cm_name,cm_type ,cm_order , cm_state) values(27112,71,139,657,'2017款 1.5L 手动炫锋版','2017款',8,0);
insert into t_car_model(cm_id ,cb_id,cbf_id, cs_id , cm_name,cm_type ,cm_order , cm_state) values(27113,71,139,657,'2017款 1.5L 自动炫锋版','2017款',9,0);
insert into t_car_model(cm_id ,cb_id,cbf_id, cs_id , cm_name,cm_type ,cm_order , cm_state) values(27114,71,139,657,'2017款 1.4T 双离合先锋天窗版','2017款',10,0);
insert into t_car_model(cm_id ,cb_id,cbf_id, cs_id , cm_name,cm_type ,cm_order , cm_state) values(27115,71,139,657,'2017款 1.4T 双离合炫锋版','2017款',11,0);
insert into t_car_model(cm_id ,cb_id,cbf_id, cs_id , cm_name,cm_type ,cm_order , cm_state) values(26788,71,139,657,'2017款 1.4T 双离合领锋版','2017款',12,0);
insert into t_car_model(cm_id ,cb_id,cbf_id, cs_id , cm_name,cm_type ,cm_order , cm_state) values(30692,71,139,657,'2017款 1.4T 创:战纪定制版','2017款',13,0);
insert into t_car_model(cm_id ,cb_id,cbf_id, cs_id , cm_name,cm_type ,cm_order , cm_state) values(23214,71,139,657,'2016款 1.5L 手动时尚版','2016款',1,0);
insert into t_car_model(cm_id ,cb_id,cbf_id, cs_id , cm_name,cm_type ,cm_order , cm_state) values(23215,71,139,657,'2016款 1.5L 自动时尚天窗版','2016款',2,0);
insert into t_car_model(cm_id ,cb_id,cbf_id, cs_id , cm_name,cm_type ,cm_order , cm_state) values(23216,71,139,657,'2016款 1.5L 手动精英版','2016款',3,0);
insert into t_car_model(cm_id ,cb_id,cbf_id, cs_id , cm_name,cm_type ,cm_order , cm_state) values(23217,71,139,657,'2016款 1.5L 自动豪华版','2016款',4,0);
insert into t_car_model(cm_id ,cb_id,cbf_id, cs_id , cm_name,cm_type ,cm_order , cm_state) values(23218,71,139,657,'2016款 1.4T DCG豪华版','2016款',5,0);
insert into t_car_model(cm_id ,cb_id,cbf_id, cs_id , cm_name,cm_type ,cm_order , cm_state) values(23219,71,139,657,'2016款 1.4T DCG旗舰版','2016款',6,0);
insert into t_car_model(cm_id ,cb_id,cbf_id, cs_id , cm_name,cm_type ,cm_order , cm_state) values(19915,71,139,657,'2015款 1.5L 手动时尚版','2015款',1,0);
insert into t_car_model(cm_id ,cb_id,cbf_id, cs_id , cm_name,cm_type ,cm_order , cm_state) values(19916,71,139,657,'2015款 1.5L 自动时尚导航版','2015款',2,0);
insert into t_car_model(cm_id ,cb_id,cbf_id, cs_id , cm_name,cm_type ,cm_order , cm_state) values(19917,71,139,657,'2015款 1.5L 手动精英版','2015款',3,0);
insert into t_car_model(cm_id ,cb_id,cbf_id, cs_id , cm_name,cm_type ,cm_order , cm_state) values(19918,71,139,657,'2015款 1.5L 自动豪华版','2015款',4,0);
insert into t_car_model(cm_id ,cb_id,cbf_id, cs_id , cm_name,cm_type ,cm_order , cm_state) values(19919,71,139,657,'2015款 1.4T 手动精英版','2015款',5,0);
insert into t_car_model(cm_id ,cb_id,cbf_id, cs_id , cm_name,cm_type ,cm_order , cm_state) values(19920,71,139,657,'2015款 1.4T DCG豪华版','2015款',6,0);
insert into t_car_model(cm_id ,cb_id,cbf_id, cs_id , cm_name,cm_type ,cm_order , cm_state) values(18946,71,139,657,'2015款 1.4T DCG旗舰版','2015款',7,0);
insert into t_car_model(cm_id ,cb_id,cbf_id, cs_id , cm_name,cm_type ,cm_order , cm_state) values(23107,71,139,657,'2015款 掀背 1.6L 手动舒适版','2015款',8,0);
insert into t_car_model(cm_id ,cb_id,cbf_id, cs_id , cm_name,cm_type ,cm_order , cm_state) values(23108,71,139,657,'2015款 掀背 1.6L 自动舒适版','2015款',9,0);
insert into t_car_model(cm_id ,cb_id,cbf_id, cs_id , cm_name,cm_type ,cm_order , cm_state) values(20249,71,139,657,'2015款 1.5L 经典 SL MT','2015款',10,0);
insert into t_car_model(cm_id ,cb_id,cbf_id, cs_id , cm_name,cm_type ,cm_order , cm_state) values(20250,71,139,657,'2015款 1.5L 经典 SE MT','2015款',11,0);
insert into t_car_model(cm_id ,cb_id,cbf_id, cs_id , cm_name,cm_type ,cm_order , cm_state) values(19855,71,139,657,'2015款 1.5L 经典 SE AT','2015款',12,0);
insert into t_car_model(cm_id ,cb_id,cbf_id, cs_id , cm_name,cm_type ,cm_order , cm_state) values(18672,71,139,657,'2014款 1.6L SL百万纪念版 MT','2014款',1,0);
insert into t_car_model(cm_id ,cb_id,cbf_id, cs_id , cm_name,cm_type ,cm_order , cm_state) values(18673,71,139,657,'2014款 1.6L SL百万纪念版 AT','2014款',2,0);
insert into t_car_model(cm_id ,cb_id,cbf_id, cs_id , cm_name,cm_type ,cm_order , cm_state) values(14833,71,139,657,'2013款 1.6L SL天窗版 MT','2013款',1,0);
insert into t_car_model(cm_id ,cb_id,cbf_id, cs_id , cm_name,cm_type ,cm_order , cm_state) values(14282,71,139,657,'2013款 1.6L SL天地版 MT','2013款',2,0);
insert into t_car_model(cm_id ,cb_id,cbf_id, cs_id , cm_name,cm_type ,cm_order , cm_state) values(14283,71,139,657,'2013款 1.6L SL天地版 AT','2013款',3,0);
insert into t_car_model(cm_id ,cb_id,cbf_id, cs_id , cm_name,cm_type ,cm_order , cm_state) values(14281,71,139,657,'2013款 1.6L SL MT','2013款',4,0);
insert into t_car_model(cm_id ,cb_id,cbf_id, cs_id , cm_name,cm_type ,cm_order , cm_state) values(14284,71,139,657,'2013款 1.6L SE MT','2013款',5,0);
insert into t_car_model(cm_id ,cb_id,cbf_id, cs_id , cm_name,cm_type ,cm_order , cm_state) values(14285,71,139,657,'2013款 1.6L SE AT','2013款',6,0);
insert into t_car_model(cm_id ,cb_id,cbf_id, cs_id , cm_name,cm_type ,cm_order , cm_state) values(14286,71,139,657,'2013款 1.8L SE AT','2013款',7,0);
insert into t_car_model(cm_id ,cb_id,cbf_id, cs_id , cm_name,cm_type ,cm_order , cm_state) values(14287,71,139,657,'2013款 1.8L SX AT','2013款',8,0);
insert into t_car_model(cm_id ,cb_id,cbf_id, cs_id , cm_name,cm_type ,cm_order , cm_state) values(14769,71,139,657,'2013款 1.6L SE WTCC版 MT','2013款',9,0);
insert into t_car_model(cm_id ,cb_id,cbf_id, cs_id , cm_name,cm_type ,cm_order , cm_state) values(14770,71,139,657,'2013款 1.6L SE WTCC版 AT','2013款',10,0);
insert into t_car_model(cm_id ,cb_id,cbf_id, cs_id , cm_name,cm_type ,cm_order , cm_state) values(14771,71,139,657,'2013款 1.8L SE WTCC版 AT','2013款',11,0);
insert into t_car_model(cm_id ,cb_id,cbf_id, cs_id , cm_name,cm_type ,cm_order , cm_state) values(14772,71,139,657,'2013款 1.8L SX WTCC版 AT','2013款',12,0);
insert into t_car_model(cm_id ,cb_id,cbf_id, cs_id , cm_name,cm_type ,cm_order , cm_state) values(16936,71,139,657,'2013款 掀背 1.6L 手动豪华型','2013款',13,0);
insert into t_car_model(cm_id ,cb_id,cbf_id, cs_id , cm_name,cm_type ,cm_order , cm_state) values(16471,71,139,657,'2013款 掀背 1.6L 自动豪华型','2013款',14,0);
insert into t_car_model(cm_id ,cb_id,cbf_id, cs_id , cm_name,cm_type ,cm_order , cm_state) values(15858,71,139,657,'2013款 掀背 1.6T 自动旗舰型','2013款',15,0);
insert into t_car_model(cm_id ,cb_id,cbf_id, cs_id , cm_name,cm_type ,cm_order , cm_state) values(11692,71,139,657,'2012款 1.6L SL天地版 MT','2012款',1,0);
insert into t_car_model(cm_id ,cb_id,cbf_id, cs_id , cm_name,cm_type ,cm_order , cm_state) values(11693,71,139,657,'2012款 1.6L SL天地版 AT','2012款',2,0);
insert into t_car_model(cm_id ,cb_id,cbf_id, cs_id , cm_name,cm_type ,cm_order , cm_state) values(11691,71,139,657,'2012款 1.6L SL MT','2012款',3,0);
insert into t_car_model(cm_id ,cb_id,cbf_id, cs_id , cm_name,cm_type ,cm_order , cm_state) values(11694,71,139,657,'2012款 1.6L SE MT','2012款',4,0);
insert into t_car_model(cm_id ,cb_id,cbf_id, cs_id , cm_name,cm_type ,cm_order , cm_state) values(11695,71,139,657,'2012款 1.6L SE AT','2012款',5,0);
insert into t_car_model(cm_id ,cb_id,cbf_id, cs_id , cm_name,cm_type ,cm_order , cm_state) values(11696,71,139,657,'2012款 1.8L SE AT','2012款',6,0);
insert into t_car_model(cm_id ,cb_id,cbf_id, cs_id , cm_name,cm_type ,cm_order , cm_state) values(11697,71,139,657,'2012款 1.8L SX AT','2012款',7,0);
insert into t_car_model(cm_id ,cb_id,cbf_id, cs_id , cm_name,cm_type ,cm_order , cm_state) values(11698,71,139,657,'2012款 1.6T SE MT','2012款',8,0);
insert into t_car_model(cm_id ,cb_id,cbf_id, cs_id , cm_name,cm_type ,cm_order , cm_state) values(10538,71,139,657,'2011款 1.6L SE MT 变形金刚版','2011款',1,0);
insert into t_car_model(cm_id ,cb_id,cbf_id, cs_id , cm_name,cm_type ,cm_order , cm_state) values(10539,71,139,657,'2011款 1.6L SE AT 变形金刚版','2011款',2,0);
insert into t_car_model(cm_id ,cb_id,cbf_id, cs_id , cm_name,cm_type ,cm_order , cm_state) values(10540,71,139,657,'2011款 1.6T SE MT 变形金刚版','2011款',3,0);
insert into t_car_model(cm_id ,cb_id,cbf_id, cs_id , cm_name,cm_type ,cm_order , cm_state) values(8300,71,139,657,'2011款 1.6L SL天地版 AT','2011款',4,0);
insert into t_car_model(cm_id ,cb_id,cbf_id, cs_id , cm_name,cm_type ,cm_order , cm_state) values(9645,71,139,657,'2011款 1.6L SL MT','2011款',5,0);
insert into t_car_model(cm_id ,cb_id,cbf_id, cs_id , cm_name,cm_type ,cm_order , cm_state) values(8866,71,139,657,'2011款 1.6L SE AT','2011款',6,0);
insert into t_car_model(cm_id ,cb_id,cbf_id, cs_id , cm_name,cm_type ,cm_order , cm_state) values(8867,71,139,657,'2011款 1.8L SE AT','2011款',7,0);
insert into t_car_model(cm_id ,cb_id,cbf_id, cs_id , cm_name,cm_type ,cm_order , cm_state) values(8868,71,139,657,'2011款 1.8L SX AT','2011款',8,0);
insert into t_car_model(cm_id ,cb_id,cbf_id, cs_id , cm_name,cm_type ,cm_order , cm_state) values(8800,71,139,657,'2011款 1.6T SE MT','2011款',9,0);
insert into t_car_model(cm_id ,cb_id,cbf_id, cs_id , cm_name,cm_type ,cm_order , cm_state) values(8299,71,139,657,'2010款 1.6L SL天地版 MT','2010款',1,0);
insert into t_car_model(cm_id ,cb_id,cbf_id, cs_id , cm_name,cm_type ,cm_order , cm_state) values(5048,71,139,657,'2009款 1.6L SL MT','2009款',1,0);
insert into t_car_model(cm_id ,cb_id,cbf_id, cs_id , cm_name,cm_type ,cm_order , cm_state) values(4336,71,139,657,'2009款 1.6L SL AT','2009款',2,0);
insert into t_car_model(cm_id ,cb_id,cbf_id, cs_id , cm_name,cm_type ,cm_order , cm_state) values(5049,71,139,657,'2009款 1.6L SE MT','2009款',3,0);
insert into t_car_model(cm_id ,cb_id,cbf_id, cs_id , cm_name,cm_type ,cm_order , cm_state) values(5267,71,139,657,'2009款 1.6L SE AT','2009款',4,0);
insert into t_car_model(cm_id ,cb_id,cbf_id, cs_id , cm_name,cm_type ,cm_order , cm_state) values(5225,71,139,657,'2009款 1.8L SE AT','2009款',5,0);
insert into t_car_model(cm_id ,cb_id,cbf_id, cs_id , cm_name,cm_type ,cm_order , cm_state) values(5050,71,139,657,'2009款 1.8L SX AT','2009款',6,0);
insert into t_car_series(cs_id,cb_id,cbf_id,cs_name,cs_order,cs_letter) values(4105,71,139,'科沃兹',3716,'K');
insert into t_car_model(cm_id ,cb_id,cbf_id, cs_id , cm_name,cm_type ,cm_order , cm_state) values(39696,71,139,4105,'2020款 325T 自动欣悦版 国VI','2020款',1,0);
insert into t_car_model(cm_id ,cb_id,cbf_id, cs_id , cm_name,cm_type ,cm_order , cm_state) values(39025,71,139,4105,'2020款 Redline 325T 自动欣尚版 国VI','2020款',2,0);
insert into t_car_model(cm_id ,cb_id,cbf_id, cs_id , cm_name,cm_type ,cm_order , cm_state) values(38390,71,139,4105,'2020款 Redline 325T 自动欣耀版 国VI','2020款',3,0);
insert into t_car_model(cm_id ,cb_id,cbf_id, cs_id , cm_name,cm_type ,cm_order , cm_state) values(34032,71,139,4105,'2019款 320 手动欣享版','2019款',1,0);
insert into t_car_model(cm_id ,cb_id,cbf_id, cs_id , cm_name,cm_type ,cm_order , cm_state) values(34033,71,139,4105,'2019款 320 自动欣享版','2019款',2,0);
insert into t_car_model(cm_id ,cb_id,cbf_id, cs_id , cm_name,cm_type ,cm_order , cm_state) values(36262,71,139,4105,'2019款 320 自动欣享天窗版','2019款',3,0);
insert into t_car_model(cm_id ,cb_id,cbf_id, cs_id , cm_name,cm_type ,cm_order , cm_state) values(34034,71,139,4105,'2019款 320 手动欣悦版','2019款',4,0);
insert into t_car_model(cm_id ,cb_id,cbf_id, cs_id , cm_name,cm_type ,cm_order , cm_state) values(34035,71,139,4105,'2019款 320 自动欣悦版','2019款',5,0);
insert into t_car_model(cm_id ,cb_id,cbf_id, cs_id , cm_name,cm_type ,cm_order , cm_state) values(34036,71,139,4105,'2019款 320 自动欣尚版','2019款',6,0);
insert into t_car_model(cm_id ,cb_id,cbf_id, cs_id , cm_name,cm_type ,cm_order , cm_state) values(34031,71,139,4105,'2019款 325T 双离合欣悦版','2019款',7,0);
insert into t_car_model(cm_id ,cb_id,cbf_id, cs_id , cm_name,cm_type ,cm_order , cm_state) values(34030,71,139,4105,'2019款 325T 双离合欣尚版','2019款',8,0);
insert into t_car_model(cm_id ,cb_id,cbf_id, cs_id , cm_name,cm_type ,cm_order , cm_state) values(32638,71,139,4105,'2018款 320 手动欣享版','2018款',1,0);
insert into t_car_model(cm_id ,cb_id,cbf_id, cs_id , cm_name,cm_type ,cm_order , cm_state) values(32639,71,139,4105,'2018款 320 自动欣享版','2018款',2,0);
insert into t_car_model(cm_id ,cb_id,cbf_id, cs_id , cm_name,cm_type ,cm_order , cm_state) values(32640,71,139,4105,'2018款 320 自动欣享天窗版','2018款',3,0);
insert into t_car_model(cm_id ,cb_id,cbf_id, cs_id , cm_name,cm_type ,cm_order , cm_state) values(32641,71,139,4105,'2018款 320 手动欣悦版','2018款',4,0);
insert into t_car_model(cm_id ,cb_id,cbf_id, cs_id , cm_name,cm_type ,cm_order , cm_state) values(32642,71,139,4105,'2018款 320 自动欣悦版','2018款',5,0);
insert into t_car_model(cm_id ,cb_id,cbf_id, cs_id , cm_name,cm_type ,cm_order , cm_state) values(32643,71,139,4105,'2018款 320 自动欣尚版','2018款',6,0);
insert into t_car_model(cm_id ,cb_id,cbf_id, cs_id , cm_name,cm_type ,cm_order , cm_state) values(27568,71,139,4105,'2016款 1.5L 手动欣享版','2016款',1,0);
insert into t_car_model(cm_id ,cb_id,cbf_id, cs_id , cm_name,cm_type ,cm_order , cm_state) values(27569,71,139,4105,'2016款 1.5L 自动欣享版','2016款',2,0);
insert into t_car_model(cm_id ,cb_id,cbf_id, cs_id , cm_name,cm_type ,cm_order , cm_state) values(27570,71,139,4105,'2016款 1.5L 手动欣悦版','2016款',3,0);
insert into t_car_model(cm_id ,cb_id,cbf_id, cs_id , cm_name,cm_type ,cm_order , cm_state) values(27573,71,139,4105,'2016款 1.5L 自动欣悦版','2016款',4,0);
insert into t_car_model(cm_id ,cb_id,cbf_id, cs_id , cm_name,cm_type ,cm_order , cm_state) values(26164,71,139,4105,'2016款 1.5L 自动欣尚版','2016款',5,0);
insert into t_car_series(cs_id,cb_id,cbf_id,cs_name,cs_order,cs_letter) values(4882,71,139,'沃兰多',3717,'W');
insert into t_car_model(cm_id ,cb_id,cbf_id, cs_id , cm_name,cm_type ,cm_order , cm_state) values(40671,71,139,4882,'2019款 530T 手动畅享版（5座款） 国VI','2019款',1,0);
insert into t_car_model(cm_id ,cb_id,cbf_id, cs_id , cm_name,cm_type ,cm_order , cm_state) values(40672,71,139,4882,'2019款 530T 手动畅享版（5+2款） 国VI','2019款',2,0);
insert into t_car_model(cm_id ,cb_id,cbf_id, cs_id , cm_name,cm_type ,cm_order , cm_state) values(40673,71,139,4882,'2019款 530T 自动劲享版（5座款） 国VI','2019款',3,0);
insert into t_car_model(cm_id ,cb_id,cbf_id, cs_id , cm_name,cm_type ,cm_order , cm_state) values(40674,71,139,4882,'2019款 530T 自动劲享版（5+2款） 国VI','2019款',4,0);
insert into t_car_model(cm_id ,cb_id,cbf_id, cs_id , cm_name,cm_type ,cm_order , cm_state) values(40675,71,139,4882,'2019款 Redline 530T 自动纵享版（5座款） 国VI','2019款',5,0);
insert into t_car_model(cm_id ,cb_id,cbf_id, cs_id , cm_name,cm_type ,cm_order , cm_state) values(40676,71,139,4882,'2019款 Redline 530T 自动纵享版（5+2款） 国VI','2019款',6,0);
insert into t_car_model(cm_id ,cb_id,cbf_id, cs_id , cm_name,cm_type ,cm_order , cm_state) values(40677,71,139,4882,'2019款 Redline 530T 自动耀享版（5+2款） 国VI','2019款',7,0);
insert into t_car_model(cm_id ,cb_id,cbf_id, cs_id , cm_name,cm_type ,cm_order , cm_state) values(40678,71,139,4882,'2019款 530T 自动米奇定制版（5+2款） 国VI','2019款',8,0);
insert into t_car_model(cm_id ,cb_id,cbf_id, cs_id , cm_name,cm_type ,cm_order , cm_state) values(37866,71,139,4882,'2019款 530T 手动畅享版（5座款） 国V','2019款',9,0);
insert into t_car_model(cm_id ,cb_id,cbf_id, cs_id , cm_name,cm_type ,cm_order , cm_state) values(37867,71,139,4882,'2019款 530T 自动劲享版（5座款） 国V','2019款',10,0);
insert into t_car_model(cm_id ,cb_id,cbf_id, cs_id , cm_name,cm_type ,cm_order , cm_state) values(37868,71,139,4882,'2019款 Redline 530T 自动纵享版（5座款） 国V','2019款',11,0);
insert into t_car_model(cm_id ,cb_id,cbf_id, cs_id , cm_name,cm_type ,cm_order , cm_state) values(37237,71,139,4882,'2019款 530T 自动米奇定制版（5+2款） 国V','2019款',12,0);
insert into t_car_model(cm_id ,cb_id,cbf_id, cs_id , cm_name,cm_type ,cm_order , cm_state) values(35637,71,139,4882,'2018款 530T 手动畅享版（5+2款） 国V','2018款',1,0);
insert into t_car_model(cm_id ,cb_id,cbf_id, cs_id , cm_name,cm_type ,cm_order , cm_state) values(35970,71,139,4882,'2018款 530T 自动劲享版（5+2款） 国V','2018款',2,0);
insert into t_car_model(cm_id ,cb_id,cbf_id, cs_id , cm_name,cm_type ,cm_order , cm_state) values(35971,71,139,4882,'2018款 Redline 530T 自动纵享版（5+2款） 国V','2018款',3,0);
insert into t_car_model(cm_id ,cb_id,cbf_id, cs_id , cm_name,cm_type ,cm_order , cm_state) values(35131,71,139,4882,'2018款 Redline 530T 自动耀享版（5+2款） 国V','2018款',4,0);
insert into t_car_series(cs_id,cb_id,cbf_id,cs_name,cs_order,cs_letter) values(4031,71,139,'迈锐宝XL',3718,'M');
insert into t_car_model(cm_id ,cb_id,cbf_id, cs_id , cm_name,cm_type ,cm_order , cm_state) values(38054,71,139,4031,'2019款 535T CVT锐行版','2019款',1,0);
insert into t_car_model(cm_id ,cb_id,cbf_id, cs_id , cm_name,cm_type ,cm_order , cm_state) values(38055,71,139,4031,'2019款 535T CVT锐动版','2019款',2,0);
insert into t_car_model(cm_id ,cb_id,cbf_id, cs_id , cm_name,cm_type ,cm_order , cm_state) values(38056,71,139,4031,'2019款 535T CVT锐联版','2019款',3,0);
insert into t_car_model(cm_id ,cb_id,cbf_id, cs_id , cm_name,cm_type ,cm_order , cm_state) values(37371,71,139,4031,'2019款 Redline 550T 自动锐动版','2019款',4,0);
insert into t_car_model(cm_id ,cb_id,cbf_id, cs_id , cm_name,cm_type ,cm_order , cm_state) values(37370,71,139,4031,'2019款 Redline 550T 自动锐联版','2019款',5,0);
insert into t_car_model(cm_id ,cb_id,cbf_id, cs_id , cm_name,cm_type ,cm_order , cm_state) values(37295,71,139,4031,'2019款 Redline 550T 自动锐智版','2019款',6,0);
insert into t_car_model(cm_id ,cb_id,cbf_id, cs_id , cm_name,cm_type ,cm_order , cm_state) values(41937,71,139,4031,'2019款 550T 自动宝蓝限量版','2019款',7,0);
insert into t_car_model(cm_id ,cb_id,cbf_id, cs_id , cm_name,cm_type ,cm_order , cm_state) values(33156,71,139,4031,'2018款 530T 自动锐享版','2018款',1,0);
insert into t_car_model(cm_id ,cb_id,cbf_id, cs_id , cm_name,cm_type ,cm_order , cm_state) values(33157,71,139,4031,'2018款 530T 自动锐驰版','2018款',2,0);
insert into t_car_model(cm_id ,cb_id,cbf_id, cs_id , cm_name,cm_type ,cm_order , cm_state) values(33158,71,139,4031,'2018款 530T 自动锐逸版','2018款',3,0);
insert into t_car_model(cm_id ,cb_id,cbf_id, cs_id , cm_name,cm_type ,cm_order , cm_state) values(33159,71,139,4031,'2018款 535 自动锐尚版','2018款',4,0);
insert into t_car_model(cm_id ,cb_id,cbf_id, cs_id , cm_name,cm_type ,cm_order , cm_state) values(33160,71,139,4031,'2018款 530T 双离合锐耀版','2018款',5,0);
insert into t_car_model(cm_id ,cb_id,cbf_id, cs_id , cm_name,cm_type ,cm_order , cm_state) values(33161,71,139,4031,'2018款 535 自动锐尊版','2018款',6,0);
insert into t_car_model(cm_id ,cb_id,cbf_id, cs_id , cm_name,cm_type ,cm_order , cm_state) values(33162,71,139,4031,'2018款 530H 全混动锐尚版','2018款',7,0);
insert into t_car_model(cm_id ,cb_id,cbf_id, cs_id , cm_name,cm_type ,cm_order , cm_state) values(33163,71,139,4031,'2018款 530H 全混动锐尊版','2018款',8,0);
insert into t_car_model(cm_id ,cb_id,cbf_id, cs_id , cm_name,cm_type ,cm_order , cm_state) values(28930,71,139,4031,'2017款 1.5T 自动锐享版','2017款',1,0);
insert into t_car_model(cm_id ,cb_id,cbf_id, cs_id , cm_name,cm_type ,cm_order , cm_state) values(28931,71,139,4031,'2017款 1.5T 自动锐驰版','2017款',2,0);
insert into t_car_model(cm_id ,cb_id,cbf_id, cs_id , cm_name,cm_type ,cm_order , cm_state) values(28932,71,139,4031,'2017款 1.5T 自动锐尚版','2017款',3,0);
insert into t_car_model(cm_id ,cb_id,cbf_id, cs_id , cm_name,cm_type ,cm_order , cm_state) values(28933,71,139,4031,'2017款 1.5T 双离合锐耀版','2017款',4,0);
insert into t_car_model(cm_id ,cb_id,cbf_id, cs_id , cm_name,cm_type ,cm_order , cm_state) values(28934,71,139,4031,'2017款 2.5L 自动锐尚版','2017款',5,0);
insert into t_car_model(cm_id ,cb_id,cbf_id, cs_id , cm_name,cm_type ,cm_order , cm_state) values(28935,71,139,4031,'2017款 2.5L 自动锐尊版','2017款',6,0);
insert into t_car_model(cm_id ,cb_id,cbf_id, cs_id , cm_name,cm_type ,cm_order , cm_state) values(28936,71,139,4031,'2017款 1.8L 全混动锐尚版','2017款',7,0);
insert into t_car_model(cm_id ,cb_id,cbf_id, cs_id , cm_name,cm_type ,cm_order , cm_state) values(28937,71,139,4031,'2017款 1.8L 全混动锐尊版','2017款',8,0);
insert into t_car_model(cm_id ,cb_id,cbf_id, cs_id , cm_name,cm_type ,cm_order , cm_state) values(25341,71,139,4031,'2016款 1.5T 双离合锐享版','2016款',1,0);
insert into t_car_model(cm_id ,cb_id,cbf_id, cs_id , cm_name,cm_type ,cm_order , cm_state) values(25342,71,139,4031,'2016款 1.5T 双离合锐驰版','2016款',2,0);
insert into t_car_model(cm_id ,cb_id,cbf_id, cs_id , cm_name,cm_type ,cm_order , cm_state) values(25343,71,139,4031,'2016款 1.5T 双离合锐尚版','2016款',3,0);
insert into t_car_model(cm_id ,cb_id,cbf_id, cs_id , cm_name,cm_type ,cm_order , cm_state) values(24614,71,139,4031,'2016款 1.5T 双离合锐耀版','2016款',4,0);
insert into t_car_model(cm_id ,cb_id,cbf_id, cs_id , cm_name,cm_type ,cm_order , cm_state) values(25344,71,139,4031,'2016款 2.5L 自动锐尚版','2016款',5,0);
insert into t_car_model(cm_id ,cb_id,cbf_id, cs_id , cm_name,cm_type ,cm_order , cm_state) values(25345,71,139,4031,'2016款 2.5L 自动锐尊版','2016款',6,0);
insert into t_car_model(cm_id ,cb_id,cbf_id, cs_id , cm_name,cm_type ,cm_order , cm_state) values(27672,71,139,4031,'2016款 1.8L 全混动锐尚版','2016款',7,0);
insert into t_car_model(cm_id ,cb_id,cbf_id, cs_id , cm_name,cm_type ,cm_order , cm_state) values(26351,71,139,4031,'2016款 1.8L 全混动锐尊版','2016款',8,0);
insert into t_car_series(cs_id,cb_id,cbf_id,cs_name,cs_order,cs_letter) values(3335,71,139,'创酷',3719,'C');
insert into t_car_model(cm_id ,cb_id,cbf_id, cs_id , cm_name,cm_type ,cm_order , cm_state) values(39810,71,139,3335,'2019款 325T 手动劲版 国VI','2019款',1,0);
insert into t_car_model(cm_id ,cb_id,cbf_id, cs_id , cm_name,cm_type ,cm_order , cm_state) values(39811,71,139,3335,'2019款 325T 自动劲版 国VI','2019款',2,0);
insert into t_car_model(cm_id ,cb_id,cbf_id, cs_id , cm_name,cm_type ,cm_order , cm_state) values(39581,71,139,3335,'2019款 Redline 325T 自动趣版 国VI','2019款',3,0);
insert into t_car_model(cm_id ,cb_id,cbf_id, cs_id , cm_name,cm_type ,cm_order , cm_state) values(39812,71,139,3335,'2019款 Redline 335T CVT潮版 国VI','2019款',4,0);
insert into t_car_model(cm_id ,cb_id,cbf_id, cs_id , cm_name,cm_type ,cm_order , cm_state) values(39813,71,139,3335,'2019款 Redline 335T CVT极版 国VI','2019款',5,0);
insert into t_car_model(cm_id ,cb_id,cbf_id, cs_id , cm_name,cm_type ,cm_order , cm_state) values(42276,71,139,3335,'2019款 Redline 335T CVT x iG战队联名限量版 国VI','2019款',6,0);
insert into t_car_model(cm_id ,cb_id,cbf_id, cs_id , cm_name,cm_type ,cm_order , cm_state) values(38542,71,139,3335,'2019款 Redline 335T CVT尊版 国VI','2019款',7,0);
insert into t_car_model(cm_id ,cb_id,cbf_id, cs_id , cm_name,cm_type ,cm_order , cm_state) values(32417,71,139,3335,'2018款 330T 手动两驱舒适型','2018款',1,0);
insert into t_car_model(cm_id ,cb_id,cbf_id, cs_id , cm_name,cm_type ,cm_order , cm_state) values(32418,71,139,3335,'2018款 330T 自动两驱精英型','2018款',2,0);
insert into t_car_model(cm_id ,cb_id,cbf_id, cs_id , cm_name,cm_type ,cm_order , cm_state) values(32419,71,139,3335,'2018款 330T 自动两驱豪华型','2018款',3,0);
insert into t_car_model(cm_id ,cb_id,cbf_id, cs_id , cm_name,cm_type ,cm_order , cm_state) values(32420,71,139,3335,'2018款 330T 自动四驱旗舰型','2018款',4,0);
insert into t_car_model(cm_id ,cb_id,cbf_id, cs_id , cm_name,cm_type ,cm_order , cm_state) values(28446,71,139,3335,'2017款 1.4T 手动两驱舒适型','2017款',1,0);
insert into t_car_model(cm_id ,cb_id,cbf_id, cs_id , cm_name,cm_type ,cm_order , cm_state) values(28447,71,139,3335,'2017款 1.4T 自动两驱舒适型','2017款',2,0);
insert into t_car_model(cm_id ,cb_id,cbf_id, cs_id , cm_name,cm_type ,cm_order , cm_state) values(28448,71,139,3335,'2017款 1.4T 自动两驱豪华型','2017款',3,0);
insert into t_car_model(cm_id ,cb_id,cbf_id, cs_id , cm_name,cm_type ,cm_order , cm_state) values(28278,71,139,3335,'2017款 1.4T 自动四驱旗舰型','2017款',4,0);
insert into t_car_model(cm_id ,cb_id,cbf_id, cs_id , cm_name,cm_type ,cm_order , cm_state) values(23283,71,139,3335,'2016款 1.4T 手动两驱舒适天窗版','2016款',1,0);
insert into t_car_model(cm_id ,cb_id,cbf_id, cs_id , cm_name,cm_type ,cm_order , cm_state) values(23284,71,139,3335,'2016款 1.4T 自动两驱舒适天窗版','2016款',2,0);
insert into t_car_model(cm_id ,cb_id,cbf_id, cs_id , cm_name,cm_type ,cm_order , cm_state) values(23285,71,139,3335,'2016款 1.4T 自动两驱豪华型','2016款',3,0);
insert into t_car_model(cm_id ,cb_id,cbf_id, cs_id , cm_name,cm_type ,cm_order , cm_state) values(23286,71,139,3335,'2016款 1.4T 自动四驱旗舰型','2016款',4,0);
insert into t_car_model(cm_id ,cb_id,cbf_id, cs_id , cm_name,cm_type ,cm_order , cm_state) values(18746,71,139,3335,'2014款 1.4T 手动两驱舒适型','2014款',1,0);
insert into t_car_model(cm_id ,cb_id,cbf_id, cs_id , cm_name,cm_type ,cm_order , cm_state) values(18747,71,139,3335,'2014款 1.4T 自动两驱舒适型','2014款',2,0);
insert into t_car_model(cm_id ,cb_id,cbf_id, cs_id , cm_name,cm_type ,cm_order , cm_state) values(18748,71,139,3335,'2014款 1.4T 自动两驱豪华型','2014款',3,0);
insert into t_car_model(cm_id ,cb_id,cbf_id, cs_id , cm_name,cm_type ,cm_order , cm_state) values(17943,71,139,3335,'2014款 1.4T 自动四驱旗舰型','2014款',4,0);
insert into t_car_model(cm_id ,cb_id,cbf_id, cs_id , cm_name,cm_type ,cm_order , cm_state) values(19539,71,139,3335,'2014款 1.4T 变形金刚限量版','2014款',5,0);
insert into t_car_series(cs_id,cb_id,cbf_id,cs_name,cs_order,cs_letter) values(5199,71,139,'创界',3720,'C');
insert into t_car_model(cm_id ,cb_id,cbf_id, cs_id , cm_name,cm_type ,cm_order , cm_state) values(41375,71,139,5199,'2019款 435T CVT两驱逸锐版 国VI','2019款',1,0);
insert into t_car_model(cm_id ,cb_id,cbf_id, cs_id , cm_name,cm_type ,cm_order , cm_state) values(41376,71,139,5199,'2019款 435T Redline CVT两驱锋锐版 国VI','2019款',2,0);
insert into t_car_model(cm_id ,cb_id,cbf_id, cs_id , cm_name,cm_type ,cm_order , cm_state) values(38543,71,139,5199,'2019款 435T Redline CVT两驱驰锐版 国VI','2019款',3,0);
insert into t_car_model(cm_id ,cb_id,cbf_id, cs_id , cm_name,cm_type ,cm_order , cm_state) values(41377,71,139,5199,'2019款 435T RS CVT两驱劲锐版 国VI','2019款',4,0);
insert into t_car_model(cm_id ,cb_id,cbf_id, cs_id , cm_name,cm_type ,cm_order , cm_state) values(40940,71,139,5199,'2019款 435T RS 自动四驱悍锐版 国VI','2019款',5,0);
insert into t_car_series(cs_id,cb_id,cbf_id,cs_name,cs_order,cs_letter) values(4235,71,139,'探界者',3721,'T');
insert into t_car_model(cm_id ,cb_id,cbf_id, cs_id , cm_name,cm_type ,cm_order , cm_state) values(40266,71,139,4235,'2019款 535T 自动领界版 国VI','2019款',1,0);
insert into t_car_model(cm_id ,cb_id,cbf_id, cs_id , cm_name,cm_type ,cm_order , cm_state) values(40270,71,139,4235,'2019款 535T 自动驰界版 国VI','2019款',2,0);
insert into t_car_model(cm_id ,cb_id,cbf_id, cs_id , cm_name,cm_type ,cm_order , cm_state) values(40271,71,139,4235,'2019款 535T 自动驭界版 国VI','2019款',3,0);
insert into t_car_model(cm_id ,cb_id,cbf_id, cs_id , cm_name,cm_type ,cm_order , cm_state) values(40272,71,139,4235,'2019款 Redline 550T 自动四驱拓界版RS 国VI','2019款',4,0);
insert into t_car_model(cm_id ,cb_id,cbf_id, cs_id , cm_name,cm_type ,cm_order , cm_state) values(40274,71,139,4235,'2019款 Redline 550T 自动四驱捍界版RS 国VI','2019款',5,0);
insert into t_car_model(cm_id ,cb_id,cbf_id, cs_id , cm_name,cm_type ,cm_order , cm_state) values(37342,71,139,4235,'2019款 550T 自动四驱捍界版','2019款',6,0);
insert into t_car_model(cm_id ,cb_id,cbf_id, cs_id , cm_name,cm_type ,cm_order , cm_state) values(37340,71,139,4235,'2019款 550T 自动四驱拓界版','2019款',7,0);
insert into t_car_model(cm_id ,cb_id,cbf_id, cs_id , cm_name,cm_type ,cm_order , cm_state) values(37339,71,139,4235,'2019款 535T 自动四驱拓界版','2019款',8,0);
insert into t_car_model(cm_id ,cb_id,cbf_id, cs_id , cm_name,cm_type ,cm_order , cm_state) values(37336,71,139,4235,'2019款 535T 自动领界版 国V','2019款',9,0);
insert into t_car_model(cm_id ,cb_id,cbf_id, cs_id , cm_name,cm_type ,cm_order , cm_state) values(37337,71,139,4235,'2019款 535T 自动驰界版 国V','2019款',10,0);
insert into t_car_model(cm_id ,cb_id,cbf_id, cs_id , cm_name,cm_type ,cm_order , cm_state) values(37338,71,139,4235,'2019款 535T 自动驭界版 国V','2019款',11,0);
insert into t_car_model(cm_id ,cb_id,cbf_id, cs_id , cm_name,cm_type ,cm_order , cm_state) values(37341,71,139,4235,'2019款 Redline 550T 自动四驱拓界版RS 国V','2019款',12,0);
insert into t_car_model(cm_id ,cb_id,cbf_id, cs_id , cm_name,cm_type ,cm_order , cm_state) values(37343,71,139,4235,'2019款 Redline 550T 自动四驱捍界版RS 国V','2019款',13,0);
insert into t_car_model(cm_id ,cb_id,cbf_id, cs_id , cm_name,cm_type ,cm_order , cm_state) values(31831,71,139,4235,'2018款 535T 自动领界版','2018款',1,0);
insert into t_car_model(cm_id ,cb_id,cbf_id, cs_id , cm_name,cm_type ,cm_order , cm_state) values(31832,71,139,4235,'2018款 535T 自动驰界版','2018款',2,0);
insert into t_car_model(cm_id ,cb_id,cbf_id, cs_id , cm_name,cm_type ,cm_order , cm_state) values(31833,71,139,4235,'2018款 535T 自动驭界版','2018款',3,0);
insert into t_car_model(cm_id ,cb_id,cbf_id, cs_id , cm_name,cm_type ,cm_order , cm_state) values(31834,71,139,4235,'2018款 535T 自动四驱拓界版','2018款',4,0);
insert into t_car_model(cm_id ,cb_id,cbf_id, cs_id , cm_name,cm_type ,cm_order , cm_state) values(31837,71,139,4235,'2018款 RS 535T 自动四驱拓界版','2018款',5,0);
insert into t_car_model(cm_id ,cb_id,cbf_id, cs_id , cm_name,cm_type ,cm_order , cm_state) values(31838,71,139,4235,'2018款 RS 550T 自动四驱拓界版','2018款',6,0);
insert into t_car_model(cm_id ,cb_id,cbf_id, cs_id , cm_name,cm_type ,cm_order , cm_state) values(31839,71,139,4235,'2018款 RS 550T 自动四驱捍界版','2018款',7,0);
insert into t_car_model(cm_id ,cb_id,cbf_id, cs_id , cm_name,cm_type ,cm_order , cm_state) values(31835,71,139,4235,'2018款 550T 自动四驱拓界版','2018款',8,0);
insert into t_car_model(cm_id ,cb_id,cbf_id, cs_id , cm_name,cm_type ,cm_order , cm_state) values(35653,71,139,4235,'2018款 Redline 550T 自动四驱拓界版RS','2018款',9,0);
insert into t_car_model(cm_id ,cb_id,cbf_id, cs_id , cm_name,cm_type ,cm_order , cm_state) values(31836,71,139,4235,'2018款 550T 自动四驱捍界版','2018款',10,0);
insert into t_car_model(cm_id ,cb_id,cbf_id, cs_id , cm_name,cm_type ,cm_order , cm_state) values(35011,71,139,4235,'2018款 Redline 550T 自动四驱捍界版RS','2018款',11,0);
insert into t_car_model(cm_id ,cb_id,cbf_id, cs_id , cm_name,cm_type ,cm_order , cm_state) values(30051,71,139,4235,'2017款 535T 自动领界版','2017款',1,0);
insert into t_car_model(cm_id ,cb_id,cbf_id, cs_id , cm_name,cm_type ,cm_order , cm_state) values(30052,71,139,4235,'2017款 535T 自动驰界版','2017款',2,0);
insert into t_car_model(cm_id ,cb_id,cbf_id, cs_id , cm_name,cm_type ,cm_order , cm_state) values(28264,71,139,4235,'2017款 535T 自动驭界版','2017款',3,0);
insert into t_car_model(cm_id ,cb_id,cbf_id, cs_id , cm_name,cm_type ,cm_order , cm_state) values(30053,71,139,4235,'2017款 535T 自动四驱拓界版','2017款',4,0);
insert into t_car_model(cm_id ,cb_id,cbf_id, cs_id , cm_name,cm_type ,cm_order , cm_state) values(30054,71,139,4235,'2017款 550T 自动四驱拓界版','2017款',5,0);
insert into t_car_model(cm_id ,cb_id,cbf_id, cs_id , cm_name,cm_type ,cm_order , cm_state) values(29752,71,139,4235,'2017款 550T 自动四驱捍界版','2017款',6,0);
insert into t_car_model(cm_id ,cb_id,cbf_id, cs_id , cm_name,cm_type ,cm_order , cm_state) values(31489,71,139,4235,'2017款 RS 535T 自动四驱拓界版','2017款',7,0);
insert into t_car_model(cm_id ,cb_id,cbf_id, cs_id , cm_name,cm_type ,cm_order , cm_state) values(31488,71,139,4235,'2017款 RS 550T 自动四驱拓界版','2017款',8,0);
insert into t_car_model(cm_id ,cb_id,cbf_id, cs_id , cm_name,cm_type ,cm_order , cm_state) values(31436,71,139,4235,'2017款 RS 550T 自动四驱捍界版','2017款',9,0);
insert into t_car_series(cs_id,cb_id,cbf_id,cs_name,cs_order,cs_letter) values(163,71,139,'赛欧',3724,'S');
insert into t_car_model(cm_id ,cb_id,cbf_id, cs_id , cm_name,cm_type ,cm_order , cm_state) values(32953,71,139,163,'2018款 赛欧3 1.3L 手动舒适天窗版','2018款',1,0);
insert into t_car_model(cm_id ,cb_id,cbf_id, cs_id , cm_name,cm_type ,cm_order , cm_state) values(32954,71,139,163,'2018款 赛欧3 1.5L 手动理想天窗版','2018款',2,0);
insert into t_car_model(cm_id ,cb_id,cbf_id, cs_id , cm_name,cm_type ,cm_order , cm_state) values(32955,71,139,163,'2018款 赛欧3 1.3L AMT理想版','2018款',3,0);
insert into t_car_model(cm_id ,cb_id,cbf_id, cs_id , cm_name,cm_type ,cm_order , cm_state) values(32956,71,139,163,'2018款 赛欧3 1.5L AMT幸福天窗版','2018款',4,0);
insert into t_car_model(cm_id ,cb_id,cbf_id, cs_id , cm_name,cm_type ,cm_order , cm_state) values(26789,71,139,163,'2016款 赛欧3 1.3L 手动舒适天窗版','2016款',1,0);
insert into t_car_model(cm_id ,cb_id,cbf_id, cs_id , cm_name,cm_type ,cm_order , cm_state) values(21211,71,139,163,'2015款 赛欧3 1.3L 手动温馨版','2015款',1,0);
insert into t_car_model(cm_id ,cb_id,cbf_id, cs_id , cm_name,cm_type ,cm_order , cm_state) values(21251,71,139,163,'2015款 赛欧3 1.3L 手动理想版','2015款',2,0);
insert into t_car_model(cm_id ,cb_id,cbf_id, cs_id , cm_name,cm_type ,cm_order , cm_state) values(21176,71,139,163,'2015款 赛欧3 1.3L 手动理想天窗版','2015款',3,0);
insert into t_car_model(cm_id ,cb_id,cbf_id, cs_id , cm_name,cm_type ,cm_order , cm_state) values(21212,71,139,163,'2015款 赛欧3 1.5L 手动理想天窗版','2015款',4,0);
insert into t_car_model(cm_id ,cb_id,cbf_id, cs_id , cm_name,cm_type ,cm_order , cm_state) values(21102,71,139,163,'2015款 赛欧3 1.5L 手动幸福版','2015款',5,0);
insert into t_car_model(cm_id ,cb_id,cbf_id, cs_id , cm_name,cm_type ,cm_order , cm_state) values(21994,71,139,163,'2015款 赛欧3 1.3L AMT理想版','2015款',6,0);
insert into t_car_model(cm_id ,cb_id,cbf_id, cs_id , cm_name,cm_type ,cm_order , cm_state) values(21995,71,139,163,'2015款 赛欧3 1.3L AMT理想天窗版','2015款',7,0);
insert into t_car_model(cm_id ,cb_id,cbf_id, cs_id , cm_name,cm_type ,cm_order , cm_state) values(21996,71,139,163,'2015款 赛欧3 1.5L AMT幸福天窗版','2015款',8,0);
insert into t_car_model(cm_id ,cb_id,cbf_id, cs_id , cm_name,cm_type ,cm_order , cm_state) values(17188,71,139,163,'2013款 两厢 1.2L 手动温馨版','2013款',1,0);
insert into t_car_model(cm_id ,cb_id,cbf_id, cs_id , cm_name,cm_type ,cm_order , cm_state) values(17189,71,139,163,'2013款 两厢 1.2L 手动理想版','2013款',2,0);
insert into t_car_model(cm_id ,cb_id,cbf_id, cs_id , cm_name,cm_type ,cm_order , cm_state) values(17190,71,139,163,'2013款 两厢 1.2L AMT理想版','2013款',3,0);
insert into t_car_model(cm_id ,cb_id,cbf_id, cs_id , cm_name,cm_type ,cm_order , cm_state) values(17191,71,139,163,'2013款 两厢 1.4L 手动优逸版','2013款',4,0);
insert into t_car_model(cm_id ,cb_id,cbf_id, cs_id , cm_name,cm_type ,cm_order , cm_state) values(17192,71,139,163,'2013款 两厢 1.4L AMT优逸版','2013款',5,0);
insert into t_car_model(cm_id ,cb_id,cbf_id, cs_id , cm_name,cm_type ,cm_order , cm_state) values(17178,71,139,163,'2013款 三厢 1.2L 手动温馨版','2013款',6,0);
insert into t_car_model(cm_id ,cb_id,cbf_id, cs_id , cm_name,cm_type ,cm_order , cm_state) values(17179,71,139,163,'2013款 三厢 1.2L 手动时尚版','2013款',7,0);
insert into t_car_model(cm_id ,cb_id,cbf_id, cs_id , cm_name,cm_type ,cm_order , cm_state) values(17180,71,139,163,'2013款 三厢 1.2L 手动时尚幸福版','2013款',8,0);
insert into t_car_model(cm_id ,cb_id,cbf_id, cs_id , cm_name,cm_type ,cm_order , cm_state) values(17181,71,139,163,'2013款 三厢 1.2L 手动理想版','2013款',9,0);
insert into t_car_model(cm_id ,cb_id,cbf_id, cs_id , cm_name,cm_type ,cm_order , cm_state) values(17182,71,139,163,'2013款 三厢 1.2L AMT理想版','2013款',10,0);
insert into t_car_model(cm_id ,cb_id,cbf_id, cs_id , cm_name,cm_type ,cm_order , cm_state) values(14575,71,139,163,'2013款 三厢 1.2L 手动幸福版','2013款',11,0);
insert into t_car_model(cm_id ,cb_id,cbf_id, cs_id , cm_name,cm_type ,cm_order , cm_state) values(17183,71,139,163,'2013款 三厢 1.4L 手动理想版','2013款',12,0);
insert into t_car_model(cm_id ,cb_id,cbf_id, cs_id , cm_name,cm_type ,cm_order , cm_state) values(17184,71,139,163,'2013款 三厢 1.4L 手动理想幸福版','2013款',13,0);
insert into t_car_model(cm_id ,cb_id,cbf_id, cs_id , cm_name,cm_type ,cm_order , cm_state) values(17185,71,139,163,'2013款 三厢 1.4L 手动优逸版','2013款',14,0);
insert into t_car_model(cm_id ,cb_id,cbf_id, cs_id , cm_name,cm_type ,cm_order , cm_state) values(17186,71,139,163,'2013款 三厢 1.4L 手动优逸幸福版','2013款',15,0);
insert into t_car_model(cm_id ,cb_id,cbf_id, cs_id , cm_name,cm_type ,cm_order , cm_state) values(14576,71,139,163,'2013款 三厢 1.4L 手动幸福版II','2013款',16,0);
insert into t_car_model(cm_id ,cb_id,cbf_id, cs_id , cm_name,cm_type ,cm_order , cm_state) values(17187,71,139,163,'2013款 三厢 1.4L AMT优逸版','2013款',17,0);
insert into t_car_model(cm_id ,cb_id,cbf_id, cs_id , cm_name,cm_type ,cm_order , cm_state) values(10437,71,139,163,'2011款 三厢 1.4L 手动幸福版','2011款',1,0);
insert into t_car_model(cm_id ,cb_id,cbf_id, cs_id , cm_name,cm_type ,cm_order , cm_state) values(10438,71,139,163,'2011款 三厢 1.4L AMT幸福版','2011款',2,0);
insert into t_car_model(cm_id ,cb_id,cbf_id, cs_id , cm_name,cm_type ,cm_order , cm_state) values(10399,71,139,163,'2011款 两厢 1.4L 手动幸福版','2011款',3,0);
insert into t_car_model(cm_id ,cb_id,cbf_id, cs_id , cm_name,cm_type ,cm_order , cm_state) values(10400,71,139,163,'2011款 两厢 1.4L AMT幸福版','2011款',4,0);
insert into t_car_model(cm_id ,cb_id,cbf_id, cs_id , cm_name,cm_type ,cm_order , cm_state) values(6394,71,139,163,'2010款 三厢 1.2L 手动温馨版','2010款',1,0);
insert into t_car_model(cm_id ,cb_id,cbf_id, cs_id , cm_name,cm_type ,cm_order , cm_state) values(6972,71,139,163,'2010款 三厢 1.2L 手动时尚版','2010款',2,0);
insert into t_car_model(cm_id ,cb_id,cbf_id, cs_id , cm_name,cm_type ,cm_order , cm_state) values(6395,71,139,163,'2010款 三厢 1.2L 手动理想版','2010款',3,0);
insert into t_car_model(cm_id ,cb_id,cbf_id, cs_id , cm_name,cm_type ,cm_order , cm_state) values(6396,71,139,163,'2010款 三厢 1.2L AMT理想版','2010款',4,0);
insert into t_car_model(cm_id ,cb_id,cbf_id, cs_id , cm_name,cm_type ,cm_order , cm_state) values(6397,71,139,163,'2010款 三厢 1.4L 手动理想版','2010款',5,0);
insert into t_car_model(cm_id ,cb_id,cbf_id, cs_id , cm_name,cm_type ,cm_order , cm_state) values(6398,71,139,163,'2010款 三厢 1.4L 手动优逸版','2010款',6,0);
insert into t_car_model(cm_id ,cb_id,cbf_id, cs_id , cm_name,cm_type ,cm_order , cm_state) values(6399,71,139,163,'2010款 三厢 1.4L AMT优逸版','2010款',7,0);
insert into t_car_model(cm_id ,cb_id,cbf_id, cs_id , cm_name,cm_type ,cm_order , cm_state) values(7781,71,139,163,'2010款 两厢 1.2L 手动温馨版','2010款',8,0);
insert into t_car_model(cm_id ,cb_id,cbf_id, cs_id , cm_name,cm_type ,cm_order , cm_state) values(7783,71,139,163,'2010款 两厢 1.2L 手动理想版','2010款',9,0);
insert into t_car_model(cm_id ,cb_id,cbf_id, cs_id , cm_name,cm_type ,cm_order , cm_state) values(7890,71,139,163,'2010款 两厢 1.2L AMT理想版','2010款',10,0);
insert into t_car_model(cm_id ,cb_id,cbf_id, cs_id , cm_name,cm_type ,cm_order , cm_state) values(7782,71,139,163,'2010款 两厢 1.4L 手动优逸版','2010款',11,0);
insert into t_car_model(cm_id ,cb_id,cbf_id, cs_id , cm_name,cm_type ,cm_order , cm_state) values(7605,71,139,163,'2010款 两厢 1.4L AMT优逸版','2010款',12,0);
insert into t_car_model(cm_id ,cb_id,cbf_id, cs_id , cm_name,cm_type ,cm_order , cm_state) values(1440,71,139,163,'2005款 Sedan 1.6 SL MT','2005款',1,0);
insert into t_car_model(cm_id ,cb_id,cbf_id, cs_id , cm_name,cm_type ,cm_order , cm_state) values(1441,71,139,163,'2005款 Sedan 1.6 SE MT','2005款',2,0);
insert into t_car_model(cm_id ,cb_id,cbf_id, cs_id , cm_name,cm_type ,cm_order , cm_state) values(1442,71,139,163,'2005款 Sedan 1.6 SE AT','2005款',3,0);
insert into t_car_model(cm_id ,cb_id,cbf_id, cs_id , cm_name,cm_type ,cm_order , cm_state) values(1443,71,139,163,'2005款 SRV 1.6 SL MT','2005款',4,0);
insert into t_car_model(cm_id ,cb_id,cbf_id, cs_id , cm_name,cm_type ,cm_order , cm_state) values(1444,71,139,163,'2005款 SRV 1.6 SE MT','2005款',5,0);
insert into t_car_model(cm_id ,cb_id,cbf_id, cs_id , cm_name,cm_type ,cm_order , cm_state) values(1445,71,139,163,'2005款 SRV 1.6 SX AT','2005款',6,0);
insert into t_car_model(cm_id ,cb_id,cbf_id, cs_id , cm_name,cm_type ,cm_order , cm_state) values(333,71,139,163,'2004款 Sedan 1.6 SL MT','2004款',1,0);
insert into t_car_model(cm_id ,cb_id,cbf_id, cs_id , cm_name,cm_type ,cm_order , cm_state) values(303,71,139,163,'2004款 Sedan 1.6 SE MT','2004款',2,0);
insert into t_car_model(cm_id ,cb_id,cbf_id, cs_id , cm_name,cm_type ,cm_order , cm_state) values(304,71,139,163,'2004款 Sedan 1.6 SE AT','2004款',3,0);
insert into t_car_model(cm_id ,cb_id,cbf_id, cs_id , cm_name,cm_type ,cm_order , cm_state) values(307,71,139,163,'2004款 SRV 1.6 SL MT','2004款',4,0);
insert into t_car_model(cm_id ,cb_id,cbf_id, cs_id , cm_name,cm_type ,cm_order , cm_state) values(306,71,139,163,'2004款 SRV 1.6 SX AT','2004款',5,0);
insert into t_car_series(cs_id,cb_id,cbf_id,cs_name,cs_order,cs_letter) values(2348,71,139,'爱唯欧',3725,'A');
insert into t_car_model(cm_id ,cb_id,cbf_id, cs_id , cm_name,cm_type ,cm_order , cm_state) values(19354,71,139,2348,'2014款 两厢 1.4SL MT 舒适版','2014款',1,0);
insert into t_car_model(cm_id ,cb_id,cbf_id, cs_id , cm_name,cm_type ,cm_order , cm_state) values(19353,71,139,2348,'2014款 两厢 1.4SL MT 舒享版','2014款',2,0);
insert into t_car_model(cm_id ,cb_id,cbf_id, cs_id , cm_name,cm_type ,cm_order , cm_state) values(19352,71,139,2348,'2014款 两厢 1.4SL AT 时尚版','2014款',3,0);
insert into t_car_model(cm_id ,cb_id,cbf_id, cs_id , cm_name,cm_type ,cm_order , cm_state) values(19351,71,139,2348,'2014款 两厢 1.4SE MT 乐悠版','2014款',4,0);
insert into t_car_model(cm_id ,cb_id,cbf_id, cs_id , cm_name,cm_type ,cm_order , cm_state) values(19350,71,139,2348,'2014款 两厢 1.4SE AT 畅悠版','2014款',5,0);
insert into t_car_model(cm_id ,cb_id,cbf_id, cs_id , cm_name,cm_type ,cm_order , cm_state) values(19342,71,139,2348,'2014款 两厢 1.6SX AT 风尚版','2014款',6,0);
insert into t_car_model(cm_id ,cb_id,cbf_id, cs_id , cm_name,cm_type ,cm_order , cm_state) values(19349,71,139,2348,'2014款 三厢 1.4SL MT 舒适版','2014款',7,0);
insert into t_car_model(cm_id ,cb_id,cbf_id, cs_id , cm_name,cm_type ,cm_order , cm_state) values(19348,71,139,2348,'2014款 三厢 1.4SL MT 舒享版','2014款',8,0);
insert into t_car_model(cm_id ,cb_id,cbf_id, cs_id , cm_name,cm_type ,cm_order , cm_state) values(19347,71,139,2348,'2014款 三厢 1.4SL AT 时尚版','2014款',9,0);
insert into t_car_model(cm_id ,cb_id,cbf_id, cs_id , cm_name,cm_type ,cm_order , cm_state) values(19346,71,139,2348,'2014款 三厢 1.4SL AT 时尚天窗版','2014款',10,0);
insert into t_car_model(cm_id ,cb_id,cbf_id, cs_id , cm_name,cm_type ,cm_order , cm_state) values(19345,71,139,2348,'2014款 三厢 1.4SE MT 乐悠版','2014款',11,0);
insert into t_car_model(cm_id ,cb_id,cbf_id, cs_id , cm_name,cm_type ,cm_order , cm_state) values(19344,71,139,2348,'2014款 三厢 1.4SE AT 畅悠版','2014款',12,0);
insert into t_car_model(cm_id ,cb_id,cbf_id, cs_id , cm_name,cm_type ,cm_order , cm_state) values(19196,71,139,2348,'2014款 三厢 1.6SX AT 风尚版','2014款',13,0);
insert into t_car_model(cm_id ,cb_id,cbf_id, cs_id , cm_name,cm_type ,cm_order , cm_state) values(16443,71,139,2348,'2013款 两厢 1.6L MT SX 风尚影音版','2013款',1,0);
insert into t_car_model(cm_id ,cb_id,cbf_id, cs_id , cm_name,cm_type ,cm_order , cm_state) values(16444,71,139,2348,'2013款 两厢 1.6L AT SX 风尚影音版','2013款',2,0);
insert into t_car_model(cm_id ,cb_id,cbf_id, cs_id , cm_name,cm_type ,cm_order , cm_state) values(14940,71,139,2348,'2013款 三厢 1.4L AT 天窗版','2013款',3,0);
insert into t_car_model(cm_id ,cb_id,cbf_id, cs_id , cm_name,cm_type ,cm_order , cm_state) values(16445,71,139,2348,'2013款 三厢 1.6L MT SX 风尚影音版','2013款',4,0);
insert into t_car_model(cm_id ,cb_id,cbf_id, cs_id , cm_name,cm_type ,cm_order , cm_state) values(16446,71,139,2348,'2013款 三厢 1.6L AT SX 风尚影音版','2013款',5,0);
insert into t_car_model(cm_id ,cb_id,cbf_id, cs_id , cm_name,cm_type ,cm_order , cm_state) values(10231,71,139,2348,'2011款 两厢 1.4L MT SL','2011款',1,0);
insert into t_car_model(cm_id ,cb_id,cbf_id, cs_id , cm_name,cm_type ,cm_order , cm_state) values(10232,71,139,2348,'2011款 两厢 1.4L AT SL','2011款',2,0);
insert into t_car_model(cm_id ,cb_id,cbf_id, cs_id , cm_name,cm_type ,cm_order , cm_state) values(10233,71,139,2348,'2011款 两厢 1.4L MT SE','2011款',3,0);
insert into t_car_model(cm_id ,cb_id,cbf_id, cs_id , cm_name,cm_type ,cm_order , cm_state) values(10234,71,139,2348,'2011款 两厢 1.4L AT SE','2011款',4,0);
insert into t_car_model(cm_id ,cb_id,cbf_id, cs_id , cm_name,cm_type ,cm_order , cm_state) values(10235,71,139,2348,'2011款 两厢 1.6L MT SX','2011款',5,0);
insert into t_car_model(cm_id ,cb_id,cbf_id, cs_id , cm_name,cm_type ,cm_order , cm_state) values(10060,71,139,2348,'2011款 两厢 1.6L AT SX','2011款',6,0);
insert into t_car_model(cm_id ,cb_id,cbf_id, cs_id , cm_name,cm_type ,cm_order , cm_state) values(10236,71,139,2348,'2011款 三厢 1.4L MT SL','2011款',7,0);
insert into t_car_model(cm_id ,cb_id,cbf_id, cs_id , cm_name,cm_type ,cm_order , cm_state) values(10237,71,139,2348,'2011款 三厢 1.4L AT SL','2011款',8,0);
insert into t_car_model(cm_id ,cb_id,cbf_id, cs_id , cm_name,cm_type ,cm_order , cm_state) values(10238,71,139,2348,'2011款 三厢 1.4L MT SE','2011款',9,0);
insert into t_car_model(cm_id ,cb_id,cbf_id, cs_id , cm_name,cm_type ,cm_order , cm_state) values(10239,71,139,2348,'2011款 三厢 1.4L AT SE','2011款',10,0);
insert into t_car_model(cm_id ,cb_id,cbf_id, cs_id , cm_name,cm_type ,cm_order , cm_state) values(10149,71,139,2348,'2011款 三厢 1.6L MT SX','2011款',11,0);
insert into t_car_model(cm_id ,cb_id,cbf_id, cs_id , cm_name,cm_type ,cm_order , cm_state) values(10240,71,139,2348,'2011款 三厢 1.6L AT SX','2011款',12,0);
insert into t_car_series(cs_id,cb_id,cbf_id,cs_name,cs_order,cs_letter) values(420,71,139,'乐骋',3726,'L');
insert into t_car_model(cm_id ,cb_id,cbf_id, cs_id , cm_name,cm_type ,cm_order , cm_state) values(6988,71,139,420,'2010款 1.2MT高效版','2010款',1,0);
insert into t_car_model(cm_id ,cb_id,cbf_id, cs_id , cm_name,cm_type ,cm_order , cm_state) values(6989,71,139,420,'2010款 1.4MT潮人版','2010款',2,0);
insert into t_car_model(cm_id ,cb_id,cbf_id, cs_id , cm_name,cm_type ,cm_order , cm_state) values(6991,71,139,420,'2010款 1.4AT美魅版','2010款',3,0);
insert into t_car_model(cm_id ,cb_id,cbf_id, cs_id , cm_name,cm_type ,cm_order , cm_state) values(6992,71,139,420,'2010款 1.6MT劲酷版(劲黑内饰)','2010款',4,0);
insert into t_car_model(cm_id ,cb_id,cbf_id, cs_id , cm_name,cm_type ,cm_order , cm_state) values(6993,71,139,420,'2010款 1.6AT炫动版(劲黑内饰)','2010款',5,0);
insert into t_car_model(cm_id ,cb_id,cbf_id, cs_id , cm_name,cm_type ,cm_order , cm_state) values(6868,71,139,420,'2009款 1.2SL MT','2009款',1,0);
insert into t_car_model(cm_id ,cb_id,cbf_id, cs_id , cm_name,cm_type ,cm_order , cm_state) values(6869,71,139,420,'2009款 1.2SE MT(劲黑内饰)','2009款',2,0);
insert into t_car_model(cm_id ,cb_id,cbf_id, cs_id , cm_name,cm_type ,cm_order , cm_state) values(6870,71,139,420,'2009款 1.4SE MT','2009款',3,0);
insert into t_car_model(cm_id ,cb_id,cbf_id, cs_id , cm_name,cm_type ,cm_order , cm_state) values(6871,71,139,420,'2009款 1.4SE AT','2009款',4,0);
insert into t_car_model(cm_id ,cb_id,cbf_id, cs_id , cm_name,cm_type ,cm_order , cm_state) values(4753,71,139,420,'2009款 1.6SX AT Navi(劲黑内饰)','2009款',5,0);
insert into t_car_model(cm_id ,cb_id,cbf_id, cs_id , cm_name,cm_type ,cm_order , cm_state) values(3717,71,139,420,'2008款 1.2SL MT','2008款',1,0);
insert into t_car_model(cm_id ,cb_id,cbf_id, cs_id , cm_name,cm_type ,cm_order , cm_state) values(4752,71,139,420,'2008款 1.2SE MT(劲黑内饰)','2008款',2,0);
insert into t_car_model(cm_id ,cb_id,cbf_id, cs_id , cm_name,cm_type ,cm_order , cm_state) values(3718,71,139,420,'2008款 1.4SE MT','2008款',3,0);
insert into t_car_model(cm_id ,cb_id,cbf_id, cs_id , cm_name,cm_type ,cm_order , cm_state) values(3719,71,139,420,'2008款 1.4SE AT','2008款',4,0);
insert into t_car_model(cm_id ,cb_id,cbf_id, cs_id , cm_name,cm_type ,cm_order , cm_state) values(3720,71,139,420,'2008款 1.6SX MT','2008款',5,0);
insert into t_car_model(cm_id ,cb_id,cbf_id, cs_id , cm_name,cm_type ,cm_order , cm_state) values(3721,71,139,420,'2008款 1.6SX MT(劲黑内饰)','2008款',6,0);
insert into t_car_model(cm_id ,cb_id,cbf_id, cs_id , cm_name,cm_type ,cm_order , cm_state) values(3722,71,139,420,'2008款 1.6SX AT','2008款',7,0);
insert into t_car_model(cm_id ,cb_id,cbf_id, cs_id , cm_name,cm_type ,cm_order , cm_state) values(3723,71,139,420,'2008款 1.6SX AT(劲黑内饰)','2008款',8,0);
insert into t_car_model(cm_id ,cb_id,cbf_id, cs_id , cm_name,cm_type ,cm_order , cm_state) values(2961,71,139,420,'2007款 1.4 SL AT','2007款',1,0);
insert into t_car_model(cm_id ,cb_id,cbf_id, cs_id , cm_name,cm_type ,cm_order , cm_state) values(2012,71,139,420,'2006款 1.4 SL MT','2006款',1,0);
insert into t_car_model(cm_id ,cb_id,cbf_id, cs_id , cm_name,cm_type ,cm_order , cm_state) values(1757,71,139,420,'2005款 1.4 SE MT','2005款',1,0);
insert into t_car_model(cm_id ,cb_id,cbf_id, cs_id , cm_name,cm_type ,cm_order , cm_state) values(1801,71,139,420,'2005款 1.4 SE AT','2005款',2,0);
insert into t_car_model(cm_id ,cb_id,cbf_id, cs_id , cm_name,cm_type ,cm_order , cm_state) values(1802,71,139,420,'2005款 1.4 SX AT','2005款',3,0);
insert into t_car_series(cs_id,cb_id,cbf_id,cs_name,cs_order,cs_letter) values(439,71,139,'乐风',3727,'L');
insert into t_car_model(cm_id ,cb_id,cbf_id, cs_id , cm_name,cm_type ,cm_order , cm_state) values(6984,71,139,439,'2010款 1.4MT风度版','2010款',1,0);
insert into t_car_model(cm_id ,cb_id,cbf_id, cs_id , cm_name,cm_type ,cm_order , cm_state) values(6985,71,139,439,'2010款 1.4AT风尚版','2010款',2,0);
insert into t_car_model(cm_id ,cb_id,cbf_id, cs_id , cm_name,cm_type ,cm_order , cm_state) values(6986,71,139,439,'2010款 1.6MT魅动版','2010款',3,0);
insert into t_car_model(cm_id ,cb_id,cbf_id, cs_id , cm_name,cm_type ,cm_order , cm_state) values(6987,71,139,439,'2010款 1.6AT格调版','2010款',4,0);
insert into t_car_model(cm_id ,cb_id,cbf_id, cs_id , cm_name,cm_type ,cm_order , cm_state) values(5441,71,139,439,'2009款 1.2 SL MT','2009款',1,0);
insert into t_car_model(cm_id ,cb_id,cbf_id, cs_id , cm_name,cm_type ,cm_order , cm_state) values(5442,71,139,439,'2009款 1.4 SL MT','2009款',2,0);
insert into t_car_model(cm_id ,cb_id,cbf_id, cs_id , cm_name,cm_type ,cm_order , cm_state) values(5431,71,139,439,'2009款 1.4 SE MT','2009款',3,0);
insert into t_car_model(cm_id ,cb_id,cbf_id, cs_id , cm_name,cm_type ,cm_order , cm_state) values(5443,71,139,439,'2009款 1.4 SE AT','2009款',4,0);
insert into t_car_model(cm_id ,cb_id,cbf_id, cs_id , cm_name,cm_type ,cm_order , cm_state) values(5444,71,139,439,'2009款 1.6 SX MT','2009款',5,0);
insert into t_car_model(cm_id ,cb_id,cbf_id, cs_id , cm_name,cm_type ,cm_order , cm_state) values(5454,71,139,439,'2009款 1.6 SX MT导航','2009款',6,0);
insert into t_car_model(cm_id ,cb_id,cbf_id, cs_id , cm_name,cm_type ,cm_order , cm_state) values(5453,71,139,439,'2009款 1.6 SX AT','2009款',7,0);
insert into t_car_model(cm_id ,cb_id,cbf_id, cs_id , cm_name,cm_type ,cm_order , cm_state) values(5423,71,139,439,'2009款 1.6 SX AT导航','2009款',8,0);
insert into t_car_model(cm_id ,cb_id,cbf_id, cs_id , cm_name,cm_type ,cm_order , cm_state) values(5455,71,139,439,'2009款 1.4 SL AT','2009款',9,0);
insert into t_car_model(cm_id ,cb_id,cbf_id, cs_id , cm_name,cm_type ,cm_order , cm_state) values(4754,71,139,439,'2008款 1.2 SL MT','2008款',1,0);
insert into t_car_model(cm_id ,cb_id,cbf_id, cs_id , cm_name,cm_type ,cm_order , cm_state) values(4757,71,139,439,'2008款 1.6 SX MT 活力版','2008款',2,0);
insert into t_car_model(cm_id ,cb_id,cbf_id, cs_id , cm_name,cm_type ,cm_order , cm_state) values(4756,71,139,439,'2008款 1.6 SX MT Navi','2008款',3,0);
insert into t_car_model(cm_id ,cb_id,cbf_id, cs_id , cm_name,cm_type ,cm_order , cm_state) values(4755,71,139,439,'2008款 1.6 SX AT Navi','2008款',4,0);
insert into t_car_model(cm_id ,cb_id,cbf_id, cs_id , cm_name,cm_type ,cm_order , cm_state) values(4758,71,139,439,'2008款 1.6 SX AT 活力版','2008款',5,0);
insert into t_car_model(cm_id ,cb_id,cbf_id, cs_id , cm_name,cm_type ,cm_order , cm_state) values(2959,71,139,439,'2007款 1.4 SL MT','2007款',1,0);
insert into t_car_model(cm_id ,cb_id,cbf_id, cs_id , cm_name,cm_type ,cm_order , cm_state) values(2960,71,139,439,'2007款 1.4 SL AT','2007款',2,0);
insert into t_car_model(cm_id ,cb_id,cbf_id, cs_id , cm_name,cm_type ,cm_order , cm_state) values(3243,71,139,439,'2007款 1.4 MT 活力版','2007款',3,0);
insert into t_car_model(cm_id ,cb_id,cbf_id, cs_id , cm_name,cm_type ,cm_order , cm_state) values(2083,71,139,439,'2006款 1.4 SL MT','2006款',1,0);
insert into t_car_model(cm_id ,cb_id,cbf_id, cs_id , cm_name,cm_type ,cm_order , cm_state) values(2084,71,139,439,'2006款 1.4 SE MT','2006款',2,0);
insert into t_car_model(cm_id ,cb_id,cbf_id, cs_id , cm_name,cm_type ,cm_order , cm_state) values(1962,71,139,439,'2006款 1.4 SE AT','2006款',3,0);
insert into t_car_model(cm_id ,cb_id,cbf_id, cs_id , cm_name,cm_type ,cm_order , cm_state) values(2402,71,139,439,'2006款 1.6 SX MT','2006款',4,0);
insert into t_car_model(cm_id ,cb_id,cbf_id, cs_id , cm_name,cm_type ,cm_order , cm_state) values(2403,71,139,439,'2006款 1.6 SX AT','2006款',5,0);
insert into t_car_series(cs_id,cb_id,cbf_id,cs_name,cs_order,cs_letter) values(3923,71,139,'乐风RV',3728,'L');
insert into t_car_model(cm_id ,cb_id,cbf_id, cs_id , cm_name,cm_type ,cm_order , cm_state) values(32947,71,139,3923,'2018款 1.5L 手动畅行版','2018款',1,0);
insert into t_car_model(cm_id ,cb_id,cbf_id, cs_id , cm_name,cm_type ,cm_order , cm_state) values(32948,71,139,3923,'2018款 1.5L 自动畅行版','2018款',2,0);
insert into t_car_model(cm_id ,cb_id,cbf_id, cs_id , cm_name,cm_type ,cm_order , cm_state) values(32949,71,139,3923,'2018款 1.5L 自动智行版','2018款',3,0);
insert into t_car_model(cm_id ,cb_id,cbf_id, cs_id , cm_name,cm_type ,cm_order , cm_state) values(32950,71,139,3923,'2018款 1.5L 自动趣行版','2018款',4,0);
insert into t_car_model(cm_id ,cb_id,cbf_id, cs_id , cm_name,cm_type ,cm_order , cm_state) values(28879,71,139,3923,'2017款 1.5L 自动Mickey定制版','2017款',1,0);
insert into t_car_model(cm_id ,cb_id,cbf_id, cs_id , cm_name,cm_type ,cm_order , cm_state) values(24604,71,139,3923,'2016款 1.5L 手动畅行版','2016款',1,0);
insert into t_car_model(cm_id ,cb_id,cbf_id, cs_id , cm_name,cm_type ,cm_order , cm_state) values(24605,71,139,3923,'2016款 1.5L 自动畅行版','2016款',2,0);
insert into t_car_model(cm_id ,cb_id,cbf_id, cs_id , cm_name,cm_type ,cm_order , cm_state) values(24606,71,139,3923,'2016款 1.5L 自动智行版','2016款',3,0);
insert into t_car_model(cm_id ,cb_id,cbf_id, cs_id , cm_name,cm_type ,cm_order , cm_state) values(23921,71,139,3923,'2016款 1.5L 自动趣行版','2016款',4,0);
insert into t_car_series(cs_id,cb_id,cbf_id,cs_name,cs_order,cs_letter) values(397,71,139,'景程',3729,'J');
insert into t_car_model(cm_id ,cb_id,cbf_id, cs_id , cm_name,cm_type ,cm_order , cm_state) values(14274,71,139,397,'2013款 1.8 SL致真版 MT','2013款',1,0);
insert into t_car_model(cm_id ,cb_id,cbf_id, cs_id , cm_name,cm_type ,cm_order , cm_state) values(14275,71,139,397,'2013款 1.8 SE舒适版 MT','2013款',2,0);
insert into t_car_model(cm_id ,cb_id,cbf_id, cs_id , cm_name,cm_type ,cm_order , cm_state) values(14276,71,139,397,'2013款 1.8 SE舒适版 AT','2013款',3,0);
insert into t_car_model(cm_id ,cb_id,cbf_id, cs_id , cm_name,cm_type ,cm_order , cm_state) values(14277,71,139,397,'2013款 1.8 SX豪华版 MT','2013款',4,0);
insert into t_car_model(cm_id ,cb_id,cbf_id, cs_id , cm_name,cm_type ,cm_order , cm_state) values(14278,71,139,397,'2013款 1.8 SX豪华版 AT','2013款',5,0);
insert into t_car_model(cm_id ,cb_id,cbf_id, cs_id , cm_name,cm_type ,cm_order , cm_state) values(14279,71,139,397,'2013款 1.8 SX行政版 AT','2013款',6,0);
insert into t_car_model(cm_id ,cb_id,cbf_id, cs_id , cm_name,cm_type ,cm_order , cm_state) values(9929,71,139,397,'2012款 1.8 致真版 MT','2012款',1,0);
insert into t_car_model(cm_id ,cb_id,cbf_id, cs_id , cm_name,cm_type ,cm_order , cm_state) values(10071,71,139,397,'2012款 1.8 舒适版 MT','2012款',2,0);
insert into t_car_model(cm_id ,cb_id,cbf_id, cs_id , cm_name,cm_type ,cm_order , cm_state) values(10072,71,139,397,'2012款 1.8 舒适版 AT','2012款',3,0);
insert into t_car_model(cm_id ,cb_id,cbf_id, cs_id , cm_name,cm_type ,cm_order , cm_state) values(10073,71,139,397,'2012款 1.8 豪华版 MT','2012款',4,0);
insert into t_car_model(cm_id ,cb_id,cbf_id, cs_id , cm_name,cm_type ,cm_order , cm_state) values(10074,71,139,397,'2012款 1.8 豪华导航版 MT','2012款',5,0);
insert into t_car_model(cm_id ,cb_id,cbf_id, cs_id , cm_name,cm_type ,cm_order , cm_state) values(10075,71,139,397,'2012款 1.8 豪华版 AT','2012款',6,0);
insert into t_car_model(cm_id ,cb_id,cbf_id, cs_id , cm_name,cm_type ,cm_order , cm_state) values(10076,71,139,397,'2012款 1.8 豪华导航版 AT','2012款',7,0);
insert into t_car_model(cm_id ,cb_id,cbf_id, cs_id , cm_name,cm_type ,cm_order , cm_state) values(8989,71,139,397,'2011款 1.8 致真版 MT','2011款',1,0);
insert into t_car_model(cm_id ,cb_id,cbf_id, cs_id , cm_name,cm_type ,cm_order , cm_state) values(8990,71,139,397,'2011款 1.8 舒适版 MT','2011款',2,0);
insert into t_car_model(cm_id ,cb_id,cbf_id, cs_id , cm_name,cm_type ,cm_order , cm_state) values(8991,71,139,397,'2011款 1.8 舒适版 AT','2011款',3,0);
insert into t_car_model(cm_id ,cb_id,cbf_id, cs_id , cm_name,cm_type ,cm_order , cm_state) values(8992,71,139,397,'2011款 1.8 豪华版 MT','2011款',4,0);
insert into t_car_model(cm_id ,cb_id,cbf_id, cs_id , cm_name,cm_type ,cm_order , cm_state) values(8994,71,139,397,'2011款 1.8 豪华版 AT','2011款',5,0);
insert into t_car_model(cm_id ,cb_id,cbf_id, cs_id , cm_name,cm_type ,cm_order , cm_state) values(8993,71,139,397,'2011款 1.8 豪华导航版 MT','2011款',6,0);
insert into t_car_model(cm_id ,cb_id,cbf_id, cs_id , cm_name,cm_type ,cm_order , cm_state) values(8995,71,139,397,'2011款 1.8 豪华导航版 AT','2011款',7,0);
insert into t_car_model(cm_id ,cb_id,cbf_id, cs_id , cm_name,cm_type ,cm_order , cm_state) values(6035,71,139,397,'2010款 1.8 致真版 MT','2010款',1,0);
insert into t_car_model(cm_id ,cb_id,cbf_id, cs_id , cm_name,cm_type ,cm_order , cm_state) values(6036,71,139,397,'2010款 1.8 舒适版 MT','2010款',2,0);
insert into t_car_model(cm_id ,cb_id,cbf_id, cs_id , cm_name,cm_type ,cm_order , cm_state) values(6037,71,139,397,'2010款 1.8 舒适版 AT','2010款',3,0);
insert into t_car_model(cm_id ,cb_id,cbf_id, cs_id , cm_name,cm_type ,cm_order , cm_state) values(6038,71,139,397,'2010款 1.8 豪华版 MT','2010款',4,0);
insert into t_car_model(cm_id ,cb_id,cbf_id, cs_id , cm_name,cm_type ,cm_order , cm_state) values(6039,71,139,397,'2010款 1.8 豪华导航版 MT','2010款',5,0);
insert into t_car_model(cm_id ,cb_id,cbf_id, cs_id , cm_name,cm_type ,cm_order , cm_state) values(6007,71,139,397,'2010款 1.8 豪华版 AT','2010款',6,0);
insert into t_car_model(cm_id ,cb_id,cbf_id, cs_id , cm_name,cm_type ,cm_order , cm_state) values(6040,71,139,397,'2010款 1.8 豪华导航版 AT','2010款',7,0);
insert into t_car_model(cm_id ,cb_id,cbf_id, cs_id , cm_name,cm_type ,cm_order , cm_state) values(5543,71,139,397,'2009款 2.0 自动智能版','2009款',1,0);
insert into t_car_model(cm_id ,cb_id,cbf_id, cs_id , cm_name,cm_type ,cm_order , cm_state) values(3590,71,139,397,'2008款 2.0 手动行政版','2008款',1,0);
insert into t_car_model(cm_id ,cb_id,cbf_id, cs_id , cm_name,cm_type ,cm_order , cm_state) values(3591,71,139,397,'2008款 2.0 SE手动舒适型','2008款',2,0);
insert into t_car_model(cm_id ,cb_id,cbf_id, cs_id , cm_name,cm_type ,cm_order , cm_state) values(3592,71,139,397,'2008款 2.0 SE自动舒适型','2008款',3,0);
insert into t_car_model(cm_id ,cb_id,cbf_id, cs_id , cm_name,cm_type ,cm_order , cm_state) values(3593,71,139,397,'2008款 2.0 SX手动豪华型','2008款',4,0);
insert into t_car_model(cm_id ,cb_id,cbf_id, cs_id , cm_name,cm_type ,cm_order , cm_state) values(3594,71,139,397,'2008款 2.0 SX自动豪华型','2008款',5,0);
insert into t_car_model(cm_id ,cb_id,cbf_id, cs_id , cm_name,cm_type ,cm_order , cm_state) values(3110,71,139,397,'2007款 2.0 手动行政版','2007款',1,0);
insert into t_car_model(cm_id ,cb_id,cbf_id, cs_id , cm_name,cm_type ,cm_order , cm_state) values(2857,71,139,397,'2007款 2.0 手动舒适型','2007款',2,0);
insert into t_car_model(cm_id ,cb_id,cbf_id, cs_id , cm_name,cm_type ,cm_order , cm_state) values(2858,71,139,397,'2007款 2.0 自动舒适型','2007款',3,0);
insert into t_car_model(cm_id ,cb_id,cbf_id, cs_id , cm_name,cm_type ,cm_order , cm_state) values(2859,71,139,397,'2007款 2.0 手动豪华型','2007款',4,0);
insert into t_car_model(cm_id ,cb_id,cbf_id, cs_id , cm_name,cm_type ,cm_order , cm_state) values(2221,71,139,397,'2006款 2.0 SL MT','2006款',1,0);
insert into t_car_model(cm_id ,cb_id,cbf_id, cs_id , cm_name,cm_type ,cm_order , cm_state) values(1403,71,139,397,'2005款 2.0 SE AT','2005款',1,0);
insert into t_car_model(cm_id ,cb_id,cbf_id, cs_id , cm_name,cm_type ,cm_order , cm_state) values(1593,71,139,397,'2005款 2.0 SX AT','2005款',2,0);
insert into t_car_series(cs_id,cb_id,cbf_id,cs_name,cs_order,cs_letter) values(2313,71,139,'迈锐宝',3730,'M');
insert into t_car_model(cm_id ,cb_id,cbf_id, cs_id , cm_name,cm_type ,cm_order , cm_state) values(32435,71,139,2313,'2018款 530T 自动舒适版','2018款',1,0);
insert into t_car_model(cm_id ,cb_id,cbf_id, cs_id , cm_name,cm_type ,cm_order , cm_state) values(33913,71,139,2313,'2018款 530T 自动风尚版','2018款',2,0);
insert into t_car_model(cm_id ,cb_id,cbf_id, cs_id , cm_name,cm_type ,cm_order , cm_state) values(32436,71,139,2313,'2018款 530T 自动豪华版','2018款',3,0);
insert into t_car_model(cm_id ,cb_id,cbf_id, cs_id , cm_name,cm_type ,cm_order , cm_state) values(32437,71,139,2313,'2018款 530T 自动旗舰版','2018款',4,0);
insert into t_car_model(cm_id ,cb_id,cbf_id, cs_id , cm_name,cm_type ,cm_order , cm_state) values(27231,71,139,2313,'2017款 1.5T 自动舒适版','2017款',1,0);
insert into t_car_model(cm_id ,cb_id,cbf_id, cs_id , cm_name,cm_type ,cm_order , cm_state) values(27232,71,139,2313,'2017款 1.5T 自动豪华版','2017款',2,0);
insert into t_car_model(cm_id ,cb_id,cbf_id, cs_id , cm_name,cm_type ,cm_order , cm_state) values(27233,71,139,2313,'2017款 1.5T 自动旗舰版','2017款',3,0);
insert into t_car_model(cm_id ,cb_id,cbf_id, cs_id , cm_name,cm_type ,cm_order , cm_state) values(24237,71,139,2313,'2016款 2.0L 自动舒适版','2016款',1,0);
insert into t_car_model(cm_id ,cb_id,cbf_id, cs_id , cm_name,cm_type ,cm_order , cm_state) values(24239,71,139,2313,'2016款 2.0L 自动豪华版','2016款',2,0);
insert into t_car_model(cm_id ,cb_id,cbf_id, cs_id , cm_name,cm_type ,cm_order , cm_state) values(24238,71,139,2313,'2016款 1.6T 自动舒适版','2016款',3,0);
insert into t_car_model(cm_id ,cb_id,cbf_id, cs_id , cm_name,cm_type ,cm_order , cm_state) values(24128,71,139,2313,'2016款 1.6T 自动豪华版','2016款',4,0);
insert into t_car_model(cm_id ,cb_id,cbf_id, cs_id , cm_name,cm_type ,cm_order , cm_state) values(22478,71,139,2313,'2016款 2.4L 自动豪华版','2016款',5,0);
insert into t_car_model(cm_id ,cb_id,cbf_id, cs_id , cm_name,cm_type ,cm_order , cm_state) values(24240,71,139,2313,'2016款 2.4L 自动旗舰版','2016款',6,0);
insert into t_car_model(cm_id ,cb_id,cbf_id, cs_id , cm_name,cm_type ,cm_order , cm_state) values(18428,71,139,2313,'2014款 2.0L 自动舒适版','2014款',1,0);
insert into t_car_model(cm_id ,cb_id,cbf_id, cs_id , cm_name,cm_type ,cm_order , cm_state) values(18432,71,139,2313,'2014款 2.0L 自动豪华版','2014款',2,0);
insert into t_car_model(cm_id ,cb_id,cbf_id, cs_id , cm_name,cm_type ,cm_order , cm_state) values(18429,71,139,2313,'2014款 1.6T 手动舒适版','2014款',3,0);
insert into t_car_model(cm_id ,cb_id,cbf_id, cs_id , cm_name,cm_type ,cm_order , cm_state) values(18431,71,139,2313,'2014款 1.6T 自动舒适版','2014款',4,0);
insert into t_car_model(cm_id ,cb_id,cbf_id, cs_id , cm_name,cm_type ,cm_order , cm_state) values(18434,71,139,2313,'2014款 1.6T 自动豪华版','2014款',5,0);
insert into t_car_model(cm_id ,cb_id,cbf_id, cs_id , cm_name,cm_type ,cm_order , cm_state) values(18433,71,139,2313,'2014款 2.4L 自动豪华版','2014款',6,0);
insert into t_car_model(cm_id ,cb_id,cbf_id, cs_id , cm_name,cm_type ,cm_order , cm_state) values(18430,71,139,2313,'2014款 2.4L 自动旗舰版','2014款',7,0);
insert into t_car_model(cm_id ,cb_id,cbf_id, cs_id , cm_name,cm_type ,cm_order , cm_state) values(15010,71,139,2313,'2013款 1.6T 自动舒适版','2013款',1,0);
insert into t_car_model(cm_id ,cb_id,cbf_id, cs_id , cm_name,cm_type ,cm_order , cm_state) values(15011,71,139,2313,'2013款 1.6T 自动豪华版','2013款',2,0);
insert into t_car_model(cm_id ,cb_id,cbf_id, cs_id , cm_name,cm_type ,cm_order , cm_state) values(15012,71,139,2313,'2013款 2.0L 自动经典版','2013款',3,0);
insert into t_car_model(cm_id ,cb_id,cbf_id, cs_id , cm_name,cm_type ,cm_order , cm_state) values(15013,71,139,2313,'2013款 2.0L 自动舒适版','2013款',4,0);
insert into t_car_model(cm_id ,cb_id,cbf_id, cs_id , cm_name,cm_type ,cm_order , cm_state) values(15014,71,139,2313,'2013款 2.0L 自动豪华版','2013款',5,0);
insert into t_car_model(cm_id ,cb_id,cbf_id, cs_id , cm_name,cm_type ,cm_order , cm_state) values(15015,71,139,2313,'2013款 2.4L 自动豪华版','2013款',6,0);
insert into t_car_model(cm_id ,cb_id,cbf_id, cs_id , cm_name,cm_type ,cm_order , cm_state) values(15016,71,139,2313,'2013款 2.4L 自动旗舰版','2013款',7,0);
insert into t_car_model(cm_id ,cb_id,cbf_id, cs_id , cm_name,cm_type ,cm_order , cm_state) values(12639,71,139,2313,'2012款 1.6T 自动豪华版','2012款',1,0);
insert into t_car_model(cm_id ,cb_id,cbf_id, cs_id , cm_name,cm_type ,cm_order , cm_state) values(12018,71,139,2313,'2012款 2.0L 自动经典版','2012款',2,0);
insert into t_car_model(cm_id ,cb_id,cbf_id, cs_id , cm_name,cm_type ,cm_order , cm_state) values(12019,71,139,2313,'2012款 2.0L 自动舒适版','2012款',3,0);
insert into t_car_model(cm_id ,cb_id,cbf_id, cs_id , cm_name,cm_type ,cm_order , cm_state) values(12020,71,139,2313,'2012款 2.0L 自动豪华版','2012款',4,0);
insert into t_car_model(cm_id ,cb_id,cbf_id, cs_id , cm_name,cm_type ,cm_order , cm_state) values(11873,71,139,2313,'2012款 2.4L 自动豪华版','2012款',5,0);
insert into t_car_model(cm_id ,cb_id,cbf_id, cs_id , cm_name,cm_type ,cm_order , cm_state) values(9881,71,139,2313,'2012款 2.4L 自动旗舰版','2012款',6,0);
insert into t_car_series(cs_id,cb_id,cbf_id,cs_name,cs_order,cs_letter) values(2583,71,139,'科帕奇',3731,'K');
insert into t_car_model(cm_id ,cb_id,cbf_id, cs_id , cm_name,cm_type ,cm_order , cm_state) values(28057,71,139,2583,'2017款 2.4L 两驱城市版 5座','2017款',1,0);
insert into t_car_model(cm_id ,cb_id,cbf_id, cs_id , cm_name,cm_type ,cm_order , cm_state) values(28058,71,139,2583,'2017款 2.4L 两驱城市版 7座','2017款',2,0);
insert into t_car_model(cm_id ,cb_id,cbf_id, cs_id , cm_name,cm_type ,cm_order , cm_state) values(28059,71,139,2583,'2017款 2.4L 两驱豪华版 7座','2017款',3,0);
insert into t_car_model(cm_id ,cb_id,cbf_id, cs_id , cm_name,cm_type ,cm_order , cm_state) values(28060,71,139,2583,'2017款 2.4L 四驱旗舰版 7座','2017款',4,0);
insert into t_car_model(cm_id ,cb_id,cbf_id, cs_id , cm_name,cm_type ,cm_order , cm_state) values(23058,71,139,2583,'2015款 2.4L 两驱城市版 5座','2015款',1,0);
insert into t_car_model(cm_id ,cb_id,cbf_id, cs_id , cm_name,cm_type ,cm_order , cm_state) values(23059,71,139,2583,'2015款 2.4L 两驱城市版 7座','2015款',2,0);
insert into t_car_model(cm_id ,cb_id,cbf_id, cs_id , cm_name,cm_type ,cm_order , cm_state) values(23060,71,139,2583,'2015款 2.4L 四驱豪华版 5座','2015款',3,0);
insert into t_car_model(cm_id ,cb_id,cbf_id, cs_id , cm_name,cm_type ,cm_order , cm_state) values(22475,71,139,2583,'2015款 2.4L 四驱旗舰版 7座','2015款',4,0);
insert into t_car_model(cm_id ,cb_id,cbf_id, cs_id , cm_name,cm_type ,cm_order , cm_state) values(16348,71,139,2583,'2014款 2.4L 两驱城市版 5座','2014款',1,0);
insert into t_car_model(cm_id ,cb_id,cbf_id, cs_id , cm_name,cm_type ,cm_order , cm_state) values(16349,71,139,2583,'2014款 2.4L 两驱城市版 7座','2014款',2,0);
insert into t_car_model(cm_id ,cb_id,cbf_id, cs_id , cm_name,cm_type ,cm_order , cm_state) values(16350,71,139,2583,'2014款 2.4L 四驱豪华版 5座','2014款',3,0);
insert into t_car_model(cm_id ,cb_id,cbf_id, cs_id , cm_name,cm_type ,cm_order , cm_state) values(16351,71,139,2583,'2014款 2.4L 四驱旗舰版 7座','2014款',4,0);
insert into t_car_model(cm_id ,cb_id,cbf_id, cs_id , cm_name,cm_type ,cm_order , cm_state) values(14811,71,139,2583,'2013款 2.4L 两驱城市版 7座','2013款',1,0);
insert into t_car_model(cm_id ,cb_id,cbf_id, cs_id , cm_name,cm_type ,cm_order , cm_state) values(11464,71,139,2583,'2012款 2.4L 两驱城市版 5座','2012款',1,0);
insert into t_car_model(cm_id ,cb_id,cbf_id, cs_id , cm_name,cm_type ,cm_order , cm_state) values(13054,71,139,2583,'2012款 2.4L 四驱豪华版 5座','2012款',2,0);
insert into t_car_model(cm_id ,cb_id,cbf_id, cs_id , cm_name,cm_type ,cm_order , cm_state) values(13055,71,139,2583,'2012款 2.4L 四驱旗舰版 7座','2012款',3,0);
insert into t_car_model(cm_id ,cb_id,cbf_id, cs_id , cm_name,cm_type ,cm_order , cm_state) values(11561,71,139,2583,'2012款 2.4L 四驱城市导航版 5座','2012款',4,0);
insert into t_car_brand_factory(cbf_id , cb_id , cbf_name ,cbf_letter) values(142,71,'雪佛兰(进口)','X');
insert into t_car_series(cs_id,cb_id,cbf_id,cs_name,cs_order,cs_letter) values(678,71,142,'科迈罗',3732,'K');
insert into t_car_model(cm_id ,cb_id,cbf_id, cs_id , cm_name,cm_type ,cm_order , cm_state) values(28380,71,142,678,'2017款 2.0T RS','2017款',1,0);
insert into t_car_model(cm_id ,cb_id,cbf_id, cs_id , cm_name,cm_type ,cm_order , cm_state) values(20894,71,142,678,'2015款 3.6L RS限量版','2015款',1,0);
insert into t_car_model(cm_id ,cb_id,cbf_id, cs_id , cm_name,cm_type ,cm_order , cm_state) values(11374,71,142,678,'2012款 3.6L 传奇性能版','2012款',1,0);
insert into t_car_model(cm_id ,cb_id,cbf_id, cs_id , cm_name,cm_type ,cm_order , cm_state) values(11375,71,142,678,'2012款 3.6L 变形金刚限量版','2012款',2,0);
insert into t_car_model(cm_id ,cb_id,cbf_id, cs_id , cm_name,cm_type ,cm_order , cm_state) values(12871,71,142,678,'2012款 改款 3.6L 传奇性能版','2012款',3,0);
insert into t_car_model(cm_id ,cb_id,cbf_id, cs_id , cm_name,cm_type ,cm_order , cm_state) values(9921,71,142,678,'2011款 3.6L 传奇性能版','2011款',1,0);
insert into t_car_series(cs_id,cb_id,cbf_id,cs_name,cs_order,cs_letter) values(2362,71,142,'库罗德',3733,'K');
insert into t_car_model(cm_id ,cb_id,cbf_id, cs_id , cm_name,cm_type ,cm_order , cm_state) values(29511,71,142,2362,'2017款 Z71 猎鹰版','2017款',1,0);
insert into t_car_model(cm_id ,cb_id,cbf_id, cs_id , cm_name,cm_type ,cm_order , cm_state) values(23424,71,142,2362,'2017款 Z71 MidNight 幻影版','2017款',2,0);
insert into t_car_model(cm_id ,cb_id,cbf_id, cs_id , cm_name,cm_type ,cm_order , cm_state) values(23425,71,142,2362,'2017款 Z71 TrailBoss 雷霆版','2017款',3,0);
insert into t_car_series(cs_id,cb_id,cbf_id,cs_name,cs_order,cs_letter) values(2405,71,142,'索罗德',3734,'S');
insert into t_car_model(cm_id ,cb_id,cbf_id, cs_id , cm_name,cm_type ,cm_order , cm_state) values(29513,71,142,2405,'2017款 5.3L LTZ+暴风版','2017款',1,0);
insert into t_car_model(cm_id ,cb_id,cbf_id, cs_id , cm_name,cm_type ,cm_order , cm_state) values(29514,71,142,2405,'2017款 6.2L LTZ+Z71猎鹰版','2017款',2,0);
insert into t_car_model(cm_id ,cb_id,cbf_id, cs_id , cm_name,cm_type ,cm_order , cm_state) values(29515,71,142,2405,'2017款 6.2L LTZ+ Z71 MidNight幻影版','2017款',3,0);
insert into t_car_model(cm_id ,cb_id,cbf_id, cs_id , cm_name,cm_type ,cm_order , cm_state) values(28563,71,142,2405,'2017款 6.2L HighCountry高地版','2017款',4,0);
insert into t_car_series(cs_id,cb_id,cbf_id,cs_name,cs_order,cs_letter) values(808,71,142,'斯帕可',3735,'S');
insert into t_car_model(cm_id ,cb_id,cbf_id, cs_id , cm_name,cm_type ,cm_order , cm_state) values(9161,71,142,808,'2011款 1.0 SE MT','2011款',1,0);
insert into t_car_model(cm_id ,cb_id,cbf_id, cs_id , cm_name,cm_type ,cm_order , cm_state) values(5275,71,142,808,'2011款 1.0 SX AT','2011款',2,0);
insert into t_car_series(cs_id,cb_id,cbf_id,cs_name,cs_order,cs_letter) values(682,71,142,'沃蓝达',3745,'W');
insert into t_car_model(cm_id ,cb_id,cbf_id, cs_id , cm_name,cm_type ,cm_order , cm_state) values(4548,71,142,682,'2012款 标准型','2012款',1,0);
insert into t_car_series(cs_id,cb_id,cbf_id,cs_name,cs_order,cs_letter) values(546,71,142,'科帕奇(进口)',3755,'K');
insert into t_car_model(cm_id ,cb_id,cbf_id, cs_id , cm_name,cm_type ,cm_order , cm_state) values(10331,71,142,546,'2011款 2.4 AT 5座舒适导航版','2011款',1,0);
insert into t_car_model(cm_id ,cb_id,cbf_id, cs_id , cm_name,cm_type ,cm_order , cm_state) values(10330,71,142,546,'2011款 2.4 AT 7座豪华版','2011款',2,0);
insert into t_car_model(cm_id ,cb_id,cbf_id, cs_id , cm_name,cm_type ,cm_order , cm_state) values(8694,71,142,546,'2011款 2.4 AT 7座豪华导航版','2011款',3,0);
insert into t_car_model(cm_id ,cb_id,cbf_id, cs_id , cm_name,cm_type ,cm_order , cm_state) values(10332,71,142,546,'2011款 2.4 AT 5座舒适版','2011款',4,0);
insert into t_car_model(cm_id ,cb_id,cbf_id, cs_id , cm_name,cm_type ,cm_order , cm_state) values(7968,71,142,546,'2010款 2.4 MT 5座舒适型','2010款',1,0);
insert into t_car_model(cm_id ,cb_id,cbf_id, cs_id , cm_name,cm_type ,cm_order , cm_state) values(7969,71,142,546,'2010款 2.4 AT 7座豪华型','2010款',2,0);
insert into t_car_model(cm_id ,cb_id,cbf_id, cs_id , cm_name,cm_type ,cm_order , cm_state) values(7904,71,142,546,'2010款 3.2 AT 7座旗舰型','2010款',3,0);
insert into t_car_model(cm_id ,cb_id,cbf_id, cs_id , cm_name,cm_type ,cm_order , cm_state) values(3392,71,142,546,'2008款 2.4 MT 5座舒适型','2008款',1,0);
insert into t_car_model(cm_id ,cb_id,cbf_id, cs_id , cm_name,cm_type ,cm_order , cm_state) values(4837,71,142,546,'2008款 2.4 AT 5座舒适型','2008款',2,0);
insert into t_car_model(cm_id ,cb_id,cbf_id, cs_id , cm_name,cm_type ,cm_order , cm_state) values(3054,71,142,546,'2008款 2.4 AT 7座豪华型','2008款',3,0);
insert into t_car_model(cm_id ,cb_id,cbf_id, cs_id , cm_name,cm_type ,cm_order , cm_state) values(3055,71,142,546,'2008款 3.2 AT 7座旗舰型','2008款',4,0);
