insert into t_car_brand_factory(cbf_id , cb_id , cbf_name ,cbf_letter) values(37,72,'东风雪铁龙','D');
insert into t_car_series(cs_id,cbf_id,cs_name,cs_order,cs_letter) values(2945,37,'雪铁龙C4L',3773,'X');
insert into t_car_model(cm_id , cs_id , cm_name,cm_type ,cm_order , cm_state) values(38477,2945,'2019款 230THP 手动舒适型','2019款',1,0);
insert into t_car_model(cm_id , cs_id , cm_name,cm_type ,cm_order , cm_state) values(38478,2945,'2019款 230THP 自动舒适型','2019款',2,0);
insert into t_car_model(cm_id , cs_id , cm_name,cm_type ,cm_order , cm_state) values(38479,2945,'2019款 230THP 自动领先型','2019款',3,0);
insert into t_car_model(cm_id , cs_id , cm_name,cm_type ,cm_order , cm_state) values(38480,2945,'2019款 350THP 自动领先型','2019款',4,0);
insert into t_car_model(cm_id , cs_id , cm_name,cm_type ,cm_order , cm_state) values(38481,2945,'2019款 350THP 自动精英型','2019款',5,0);
insert into t_car_model(cm_id , cs_id , cm_name,cm_type ,cm_order , cm_state) values(33465,2945,'2018款 230THP 手动领先型','2018款',1,0);
insert into t_car_model(cm_id , cs_id , cm_name,cm_type ,cm_order , cm_state) values(33466,2945,'2018款 230THP 自动领先型','2018款',2,0);
insert into t_car_model(cm_id , cs_id , cm_name,cm_type ,cm_order , cm_state) values(33467,2945,'2018款 230THP 自动精英型','2018款',3,0);
insert into t_car_model(cm_id , cs_id , cm_name,cm_type ,cm_order , cm_state) values(33468,2945,'2018款 350THP 自动领先型','2018款',4,0);
insert into t_car_model(cm_id , cs_id , cm_name,cm_type ,cm_order , cm_state) values(33469,2945,'2018款 350THP 自动精英型','2018款',5,0);
insert into t_car_model(cm_id , cs_id , cm_name,cm_type ,cm_order , cm_state) values(33470,2945,'2018款 350THP 自动旗舰型','2018款',6,0);
insert into t_car_model(cm_id , cs_id , cm_name,cm_type ,cm_order , cm_state) values(27163,2945,'2016款 1.2T 手动领先型','2016款',1,0);
insert into t_car_model(cm_id , cs_id , cm_name,cm_type ,cm_order , cm_state) values(27164,2945,'2016款 1.2T 自动领先型','2016款',2,0);
insert into t_car_model(cm_id , cs_id , cm_name,cm_type ,cm_order , cm_state) values(26748,2945,'2016款 1.2T 自动精英型','2016款',3,0);
insert into t_car_model(cm_id , cs_id , cm_name,cm_type ,cm_order , cm_state) values(27165,2945,'2016款 1.6T 自动领先型','2016款',4,0);
insert into t_car_model(cm_id , cs_id , cm_name,cm_type ,cm_order , cm_state) values(27166,2945,'2016款 1.6T 自动精英型','2016款',5,0);
insert into t_car_model(cm_id , cs_id , cm_name,cm_type ,cm_order , cm_state) values(26706,2945,'2016款 1.6T 自动旗舰型','2016款',6,0);
insert into t_car_model(cm_id , cs_id , cm_name,cm_type ,cm_order , cm_state) values(23446,2945,'2015款 1.8L 手动领先版','2015款',1,0);
insert into t_car_model(cm_id , cs_id , cm_name,cm_type ,cm_order , cm_state) values(23447,2945,'2015款 1.8L 自动领先版','2015款',2,0);
insert into t_car_model(cm_id , cs_id , cm_name,cm_type ,cm_order , cm_state) values(23448,2945,'2015款 1.8L 自动豪华版','2015款',3,0);
insert into t_car_model(cm_id , cs_id , cm_name,cm_type ,cm_order , cm_state) values(23449,2945,'2015款 1.8L 自动尊贵版','2015款',4,0);
insert into t_car_model(cm_id , cs_id , cm_name,cm_type ,cm_order , cm_state) values(23450,2945,'2015款 1.2T 手动豪华版','2015款',5,0);
insert into t_car_model(cm_id , cs_id , cm_name,cm_type ,cm_order , cm_state) values(23451,2945,'2015款 1.2T 自动豪华版','2015款',6,0);
insert into t_car_model(cm_id , cs_id , cm_name,cm_type ,cm_order , cm_state) values(22029,2945,'2015款 1.2T 自动尊贵版','2015款',7,0);
insert into t_car_model(cm_id , cs_id , cm_name,cm_type ,cm_order , cm_state) values(23453,2945,'2015款 1.6T 自动尊贵版','2015款',8,0);
insert into t_car_model(cm_id , cs_id , cm_name,cm_type ,cm_order , cm_state) values(23454,2945,'2015款 1.6T 自动旗舰版','2015款',9,0);
insert into t_car_model(cm_id , cs_id , cm_name,cm_type ,cm_order , cm_state) values(20190,2945,'2014款 1.8L 车载互联版 自动劲驰型','2014款',1,0);
insert into t_car_model(cm_id , cs_id , cm_name,cm_type ,cm_order , cm_state) values(20188,2945,'2014款 1.8L 车载互联版 手动劲智型','2014款',2,0);
insert into t_car_model(cm_id , cs_id , cm_name,cm_type ,cm_order , cm_state) values(20189,2945,'2014款 1.8L 车载互联版 自动劲智型','2014款',3,0);
insert into t_car_model(cm_id , cs_id , cm_name,cm_type ,cm_order , cm_state) values(20192,2945,'2014款 1.6THP 车载互联版 自动劲驰型','2014款',4,0);
insert into t_car_model(cm_id , cs_id , cm_name,cm_type ,cm_order , cm_state) values(20191,2945,'2014款 1.6THP 车载互联版 自动劲智型','2014款',5,0);
insert into t_car_model(cm_id , cs_id , cm_name,cm_type ,cm_order , cm_state) values(17659,2945,'2014款 1.8L 智驱版 手动劲享型','2014款',6,0);
insert into t_car_model(cm_id , cs_id , cm_name,cm_type ,cm_order , cm_state) values(17660,2945,'2014款 1.8L 智驱版 自动劲享型','2014款',7,0);
insert into t_car_model(cm_id , cs_id , cm_name,cm_type ,cm_order , cm_state) values(17380,2945,'2014款 1.8L 智驱版 手动劲智型','2014款',8,0);
insert into t_car_model(cm_id , cs_id , cm_name,cm_type ,cm_order , cm_state) values(17658,2945,'2014款 1.8L 智驱版 自动劲智型','2014款',9,0);
insert into t_car_model(cm_id , cs_id , cm_name,cm_type ,cm_order , cm_state) values(17661,2945,'2014款 1.6THP 智驱版 自动劲智型','2014款',10,0);
insert into t_car_model(cm_id , cs_id , cm_name,cm_type ,cm_order , cm_state) values(14549,2945,'2013款 1.6L 手动劲享版','2013款',1,0);
insert into t_car_model(cm_id , cs_id , cm_name,cm_type ,cm_order , cm_state) values(14551,2945,'2013款 1.6L 手动劲智版','2013款',2,0);
insert into t_car_model(cm_id , cs_id , cm_name,cm_type ,cm_order , cm_state) values(22146,2945,'2013款 1.6L 自动劲享版','2013款',3,0);
insert into t_car_model(cm_id , cs_id , cm_name,cm_type ,cm_order , cm_state) values(15735,2945,'2013款 1.8L 手动劲享版','2013款',4,0);
insert into t_car_model(cm_id , cs_id , cm_name,cm_type ,cm_order , cm_state) values(15736,2945,'2013款 1.8L 自动劲享版','2013款',5,0);
insert into t_car_model(cm_id , cs_id , cm_name,cm_type ,cm_order , cm_state) values(15737,2945,'2013款 1.8L 手动劲智版','2013款',6,0);
insert into t_car_model(cm_id , cs_id , cm_name,cm_type ,cm_order , cm_state) values(15738,2945,'2013款 1.8L 自动劲智版','2013款',7,0);
insert into t_car_model(cm_id , cs_id , cm_name,cm_type ,cm_order , cm_state) values(15739,2945,'2013款 1.8L 自动劲驰版','2013款',8,0);
insert into t_car_model(cm_id , cs_id , cm_name,cm_type ,cm_order , cm_state) values(14550,2945,'2013款 1.6THP 自动劲享版','2013款',9,0);
insert into t_car_model(cm_id , cs_id , cm_name,cm_type ,cm_order , cm_state) values(14322,2945,'2013款 1.6THP 自动劲智版','2013款',10,0);
insert into t_car_model(cm_id , cs_id , cm_name,cm_type ,cm_order , cm_state) values(15740,2945,'2013款 1.6THP 自动劲驰版','2013款',11,0);
insert into t_car_series(cs_id,cbf_id,cs_name,cs_order,cs_letter) values(98,37,'爱丽舍',3774,'A');
insert into t_car_model(cm_id , cs_id , cm_name,cm_type ,cm_order , cm_state) values(37278,98,'2018款 改款 1.6L 手动时尚型','2018款',1,0);
insert into t_car_model(cm_id , cs_id , cm_name,cm_type ,cm_order , cm_state) values(37279,98,'2018款 改款 1.6L 自动时尚型','2018款',2,0);
insert into t_car_model(cm_id , cs_id , cm_name,cm_type ,cm_order , cm_state) values(37280,98,'2018款 改款 1.6L 手动舒适型','2018款',3,0);
insert into t_car_model(cm_id , cs_id , cm_name,cm_type ,cm_order , cm_state) values(37281,98,'2018款 改款 1.6L 自动舒适型','2018款',4,0);
insert into t_car_model(cm_id , cs_id , cm_name,cm_type ,cm_order , cm_state) values(33461,98,'2018款 1.6L 手动时尚型','2018款',5,0);
insert into t_car_model(cm_id , cs_id , cm_name,cm_type ,cm_order , cm_state) values(33462,98,'2018款 1.6L 自动时尚型','2018款',6,0);
insert into t_car_model(cm_id , cs_id , cm_name,cm_type ,cm_order , cm_state) values(33463,98,'2018款 1.6L 手动舒适型','2018款',7,0);
insert into t_car_model(cm_id , cs_id , cm_name,cm_type ,cm_order , cm_state) values(33464,98,'2018款 1.6L 自动舒适型','2018款',8,0);
insert into t_car_model(cm_id , cs_id , cm_name,cm_type ,cm_order , cm_state) values(35390,98,'2018款 1.6L 自动豪华型','2018款',9,0);
insert into t_car_model(cm_id , cs_id , cm_name,cm_type ,cm_order , cm_state) values(28457,98,'2017款 1.6L 手动时尚型','2017款',1,0);
insert into t_car_model(cm_id , cs_id , cm_name,cm_type ,cm_order , cm_state) values(29424,98,'2017款 1.6L 自动时尚型','2017款',2,0);
insert into t_car_model(cm_id , cs_id , cm_name,cm_type ,cm_order , cm_state) values(29425,98,'2017款 1.6L 手动舒适型','2017款',3,0);
insert into t_car_model(cm_id , cs_id , cm_name,cm_type ,cm_order , cm_state) values(29341,98,'2017款 1.6L 自动舒适型','2017款',4,0);
insert into t_car_model(cm_id , cs_id , cm_name,cm_type ,cm_order , cm_state) values(24938,98,'2016款 1.6L 手动时尚型','2016款',1,0);
insert into t_car_model(cm_id , cs_id , cm_name,cm_type ,cm_order , cm_state) values(24939,98,'2016款 1.6L 自动时尚型','2016款',2,0);
insert into t_car_model(cm_id , cs_id , cm_name,cm_type ,cm_order , cm_state) values(24940,98,'2016款 1.6L 手动舒适型','2016款',3,0);
insert into t_car_model(cm_id , cs_id , cm_name,cm_type ,cm_order , cm_state) values(24941,98,'2016款 1.6L 自动舒适型','2016款',4,0);
insert into t_car_model(cm_id , cs_id , cm_name,cm_type ,cm_order , cm_state) values(24942,98,'2016款 1.6L 自动豪华型','2016款',5,0);
insert into t_car_model(cm_id , cs_id , cm_name,cm_type ,cm_order , cm_state) values(21906,98,'2015款 质尚版 1.6L 手动时尚型','2015款',1,0);
insert into t_car_model(cm_id , cs_id , cm_name,cm_type ,cm_order , cm_state) values(21908,98,'2015款 质尚版 1.6L 自动时尚型','2015款',2,0);
insert into t_car_model(cm_id , cs_id , cm_name,cm_type ,cm_order , cm_state) values(21907,98,'2015款 质尚版 1.6L 手动舒适型','2015款',3,0);
insert into t_car_model(cm_id , cs_id , cm_name,cm_type ,cm_order , cm_state) values(21909,98,'2015款 质尚版 1.6L 自动舒适型','2015款',4,0);
insert into t_car_model(cm_id , cs_id , cm_name,cm_type ,cm_order , cm_state) values(21910,98,'2015款 质尚版 1.6L 自动豪华型','2015款',5,0);
insert into t_car_model(cm_id , cs_id , cm_name,cm_type ,cm_order , cm_state) values(19167,98,'2014款 基本型','2014款',1,0);
insert into t_car_model(cm_id , cs_id , cm_name,cm_type ,cm_order , cm_state) values(17014,98,'2014款 1.6L 手动时尚型','2014款',2,0);
insert into t_car_model(cm_id , cs_id , cm_name,cm_type ,cm_order , cm_state) values(19785,98,'2014款 1.6L 手动时尚型CNG','2014款',3,0);
insert into t_car_model(cm_id , cs_id , cm_name,cm_type ,cm_order , cm_state) values(19786,98,'2014款 1.6L 手动时尚型天窗版CNG','2014款',4,0);
insert into t_car_model(cm_id , cs_id , cm_name,cm_type ,cm_order , cm_state) values(17015,98,'2014款 1.6L 自动时尚型','2014款',5,0);
insert into t_car_model(cm_id , cs_id , cm_name,cm_type ,cm_order , cm_state) values(17016,98,'2014款 1.6L 手动舒适型','2014款',6,0);
insert into t_car_model(cm_id , cs_id , cm_name,cm_type ,cm_order , cm_state) values(17017,98,'2014款 1.6L 自动舒适型','2014款',7,0);
insert into t_car_model(cm_id , cs_id , cm_name,cm_type ,cm_order , cm_state) values(15715,98,'2014款 1.6L 自动豪华型','2014款',8,0);
insert into t_car_model(cm_id , cs_id , cm_name,cm_type ,cm_order , cm_state) values(20321,98,'2014款 WTCC纪念版 1.6L 手动时尚型','2014款',9,0);
insert into t_car_model(cm_id , cs_id , cm_name,cm_type ,cm_order , cm_state) values(20322,98,'2014款 WTCC纪念版 1.6L 自动时尚型','2014款',10,0);
insert into t_car_model(cm_id , cs_id , cm_name,cm_type ,cm_order , cm_state) values(20241,98,'2014款 WTCC纪念版 1.6L 手动舒适型','2014款',11,0);
insert into t_car_model(cm_id , cs_id , cm_name,cm_type ,cm_order , cm_state) values(20323,98,'2014款 WTCC纪念版 1.6L 自动舒适型','2014款',12,0);
insert into t_car_model(cm_id , cs_id , cm_name,cm_type ,cm_order , cm_state) values(20324,98,'2014款 WTCC纪念版 1.6L 自动豪华型','2014款',13,0);
insert into t_car_model(cm_id , cs_id , cm_name,cm_type ,cm_order , cm_state) values(15139,98,'2013款 三厢经典 1.6L 手动科技型CNG','2013款',1,0);
insert into t_car_model(cm_id , cs_id , cm_name,cm_type ,cm_order , cm_state) values(15131,98,'2013款 三厢经典 1.6L 手动科技型','2013款',2,0);
insert into t_car_model(cm_id , cs_id , cm_name,cm_type ,cm_order , cm_state) values(15132,98,'2013款 三厢经典 1.6L 自动科技型','2013款',3,0);
insert into t_car_model(cm_id , cs_id , cm_name,cm_type ,cm_order , cm_state) values(17218,98,'2013款 三厢经典 1.6L 手动科技天窗型','2013款',4,0);
insert into t_car_model(cm_id , cs_id , cm_name,cm_type ,cm_order , cm_state) values(17219,98,'2013款 三厢经典 1.6L 自动科技天窗型','2013款',5,0);
insert into t_car_model(cm_id , cs_id , cm_name,cm_type ,cm_order , cm_state) values(15135,98,'2013款 三厢经典 1.6L 手动尊贵型','2013款',6,0);
insert into t_car_model(cm_id , cs_id , cm_name,cm_type ,cm_order , cm_state) values(15136,98,'2013款 三厢经典 1.6L 自动尊贵型','2013款',7,0);
insert into t_car_model(cm_id , cs_id , cm_name,cm_type ,cm_order , cm_state) values(17220,98,'2013款 三厢经典 1.6L 手动尊贵天窗型','2013款',8,0);
insert into t_car_model(cm_id , cs_id , cm_name,cm_type ,cm_order , cm_state) values(17221,98,'2013款 三厢经典 1.6L 自动尊贵天窗型','2013款',9,0);
insert into t_car_model(cm_id , cs_id , cm_name,cm_type ,cm_order , cm_state) values(12143,98,'2012款 三厢 1.6L 手动科技型','2012款',1,0);
insert into t_car_model(cm_id , cs_id , cm_name,cm_type ,cm_order , cm_state) values(12145,98,'2012款 三厢 1.6L 自动科技型','2012款',2,0);
insert into t_car_model(cm_id , cs_id , cm_name,cm_type ,cm_order , cm_state) values(12144,98,'2012款 三厢 1.6L 手动尊贵型','2012款',3,0);
insert into t_car_model(cm_id , cs_id , cm_name,cm_type ,cm_order , cm_state) values(12146,98,'2012款 三厢 1.6L 自动尊贵型','2012款',4,0);
insert into t_car_model(cm_id , cs_id , cm_name,cm_type ,cm_order , cm_state) values(12147,98,'2012款 三厢 1.6L 手动科技型CNG','2012款',5,0);
insert into t_car_model(cm_id , cs_id , cm_name,cm_type ,cm_order , cm_state) values(9794,98,'2011款 两厢 1.6L 手动科技型','2011款',1,0);
insert into t_car_model(cm_id , cs_id , cm_name,cm_type ,cm_order , cm_state) values(9795,98,'2011款 两厢 1.6L 自动科技型','2011款',2,0);
insert into t_car_model(cm_id , cs_id , cm_name,cm_type ,cm_order , cm_state) values(9635,98,'2011款 三厢 1.6L 手动科技型','2011款',3,0);
insert into t_car_model(cm_id , cs_id , cm_name,cm_type ,cm_order , cm_state) values(9636,98,'2011款 三厢 1.6L 自动科技型','2011款',4,0);
insert into t_car_model(cm_id , cs_id , cm_name,cm_type ,cm_order , cm_state) values(9637,98,'2011款 三厢 1.6L 手动尊贵型','2011款',5,0);
insert into t_car_model(cm_id , cs_id , cm_name,cm_type ,cm_order , cm_state) values(5960,98,'2010款 三厢 1.6L 手动科技型','2010款',1,0);
insert into t_car_model(cm_id , cs_id , cm_name,cm_type ,cm_order , cm_state) values(5961,98,'2010款 三厢 1.6L 自动科技型','2010款',2,0);
insert into t_car_model(cm_id , cs_id , cm_name,cm_type ,cm_order , cm_state) values(5962,98,'2010款 三厢 1.6L 手动尊贵型','2010款',3,0);
insert into t_car_model(cm_id , cs_id , cm_name,cm_type ,cm_order , cm_state) values(5005,98,'2009款 两厢 1.6L 手动标准型','2009款',1,0);
insert into t_car_model(cm_id , cs_id , cm_name,cm_type ,cm_order , cm_state) values(5006,98,'2009款 两厢 1.6L 自动标准型','2009款',2,0);
insert into t_car_model(cm_id , cs_id , cm_name,cm_type ,cm_order , cm_state) values(5007,98,'2009款 两厢 1.6L 手动舒适型','2009款',3,0);
insert into t_car_model(cm_id , cs_id , cm_name,cm_type ,cm_order , cm_state) values(3796,98,'2008款 1.6L 手动标准型','2008款',1,0);
insert into t_car_model(cm_id , cs_id , cm_name,cm_type ,cm_order , cm_state) values(3795,98,'2008款 1.6L 手动舒适型','2008款',2,0);
insert into t_car_model(cm_id , cs_id , cm_name,cm_type ,cm_order , cm_state) values(3806,98,'2008款 1.6L 手动豪华型','2008款',3,0);
insert into t_car_model(cm_id , cs_id , cm_name,cm_type ,cm_order , cm_state) values(4267,98,'2008款 1.6L 自动标准型','2008款',4,0);
insert into t_car_model(cm_id , cs_id , cm_name,cm_type ,cm_order , cm_state) values(3807,98,'2008款 1.6L 自动舒适型','2008款',5,0);
insert into t_car_model(cm_id , cs_id , cm_name,cm_type ,cm_order , cm_state) values(3808,98,'2008款 1.6L 自动豪华型','2008款',6,0);
insert into t_car_model(cm_id , cs_id , cm_name,cm_type ,cm_order , cm_state) values(4371,98,'2008款 三厢 1.6L CNG手动标准型','2008款',7,0);
insert into t_car_model(cm_id , cs_id , cm_name,cm_type ,cm_order , cm_state) values(3218,98,'2007款 1.4L 手动挡','2007款',1,0);
insert into t_car_model(cm_id , cs_id , cm_name,cm_type ,cm_order , cm_state) values(1612,98,'2005款 1.6L X手动挡','2005款',1,0);
insert into t_car_model(cm_id , cs_id , cm_name,cm_type ,cm_order , cm_state) values(1613,98,'2005款 1.6L X自动挡','2005款',2,0);
insert into t_car_model(cm_id , cs_id , cm_name,cm_type ,cm_order , cm_state) values(1614,98,'2005款 1.6SX 16V 手动挡','2005款',3,0);
insert into t_car_model(cm_id , cs_id , cm_name,cm_type ,cm_order , cm_state) values(1615,98,'2005款 1.6SX 16V 自动挡','2005款',4,0);
insert into t_car_model(cm_id , cs_id , cm_name,cm_type ,cm_order , cm_state) values(1616,98,'2005款 1.6L VIP 手动挡','2005款',5,0);
insert into t_car_model(cm_id , cs_id , cm_name,cm_type ,cm_order , cm_state) values(1617,98,'2005款 1.6L VIP 自动挡','2005款',6,0);
insert into t_car_model(cm_id , cs_id , cm_name,cm_type ,cm_order , cm_state) values(609,98,'2004款 1.6L X','2004款',1,0);
insert into t_car_model(cm_id , cs_id , cm_name,cm_type ,cm_order , cm_state) values(627,98,'2004款 1.6L VTS','2004款',2,0);
insert into t_car_model(cm_id , cs_id , cm_name,cm_type ,cm_order , cm_state) values(316,98,'2004款 1.6SX 16V MT','2004款',3,0);
insert into t_car_model(cm_id , cs_id , cm_name,cm_type ,cm_order , cm_state) values(317,98,'2004款 1.6SX 16V AT','2004款',4,0);
insert into t_car_series(cs_id,cbf_id,cs_name,cs_order,cs_letter) values(3873,37,'C4世嘉',3775,'C');
insert into t_car_model(cm_id , cs_id , cm_name,cm_type ,cm_order , cm_state) values(32551,3873,'2018款 1.6L 手动舒适型','2018款',1,0);
insert into t_car_model(cm_id , cs_id , cm_name,cm_type ,cm_order , cm_state) values(32552,3873,'2018款 1.6L 自动舒适型','2018款',2,0);
insert into t_car_model(cm_id , cs_id , cm_name,cm_type ,cm_order , cm_state) values(32553,3873,'2018款 1.6L 手动豪华型','2018款',3,0);
insert into t_car_model(cm_id , cs_id , cm_name,cm_type ,cm_order , cm_state) values(32554,3873,'2018款 1.6L 自动豪华型','2018款',4,0);
insert into t_car_model(cm_id , cs_id , cm_name,cm_type ,cm_order , cm_state) values(32556,3873,'2018款 230THP 自动豪华型','2018款',5,0);
insert into t_car_model(cm_id , cs_id , cm_name,cm_type ,cm_order , cm_state) values(32557,3873,'2018款 230THP 自动旗舰型','2018款',6,0);
insert into t_car_model(cm_id , cs_id , cm_name,cm_type ,cm_order , cm_state) values(24376,3873,'2016款 1.6L 手动舒适型','2016款',1,0);
insert into t_car_model(cm_id , cs_id , cm_name,cm_type ,cm_order , cm_state) values(24374,3873,'2016款 1.6L 手动豪华型','2016款',2,0);
insert into t_car_model(cm_id , cs_id , cm_name,cm_type ,cm_order , cm_state) values(24375,3873,'2016款 1.6L 自动舒适型','2016款',3,0);
insert into t_car_model(cm_id , cs_id , cm_name,cm_type ,cm_order , cm_state) values(24219,3873,'2016款 1.6L 自动豪华型','2016款',4,0);
insert into t_car_model(cm_id , cs_id , cm_name,cm_type ,cm_order , cm_state) values(24373,3873,'2016款 1.2THP 手动舒适型','2016款',5,0);
insert into t_car_model(cm_id , cs_id , cm_name,cm_type ,cm_order , cm_state) values(23246,3873,'2016款 1.6THP 自动旗舰型','2016款',6,0);
insert into t_car_model(cm_id , cs_id , cm_name,cm_type ,cm_order , cm_state) values(27578,3873,'2016款 悦心版 1.6L 手动舒适型','2016款',7,0);
insert into t_car_model(cm_id , cs_id , cm_name,cm_type ,cm_order , cm_state) values(27580,3873,'2016款 悦心版 1.6L 自动舒适型','2016款',8,0);
insert into t_car_model(cm_id , cs_id , cm_name,cm_type ,cm_order , cm_state) values(27582,3873,'2016款 悦心版 1.6L 手动豪华型','2016款',9,0);
insert into t_car_model(cm_id , cs_id , cm_name,cm_type ,cm_order , cm_state) values(27583,3873,'2016款 悦心版 1.6L 自动豪华型','2016款',10,0);
insert into t_car_model(cm_id , cs_id , cm_name,cm_type ,cm_order , cm_state) values(24372,3873,'2016款 1.2THP 自动豪华型','2016款',11,0);
insert into t_car_model(cm_id , cs_id , cm_name,cm_type ,cm_order , cm_state) values(24166,3873,'2016款 1.2THP 自动旗舰型','2016款',12,0);
insert into t_car_series(cs_id,cbf_id,cs_name,cs_order,cs_letter) values(792,37,'雪铁龙C5',3776,'X');
insert into t_car_model(cm_id , cs_id , cm_name,cm_type ,cm_order , cm_state) values(38778,792,'2019款 350THP ORIGINS百年臻享版','2019款',1,0);
insert into t_car_model(cm_id , cs_id , cm_name,cm_type ,cm_order , cm_state) values(30816,792,'2017款 350THP 自动舒适型','2017款',1,0);
insert into t_car_model(cm_id , cs_id , cm_name,cm_type ,cm_order , cm_state) values(30786,792,'2017款 350THP 自动豪华型','2017款',2,0);
insert into t_car_model(cm_id , cs_id , cm_name,cm_type ,cm_order , cm_state) values(30817,792,'2017款 380THP 自动豪华型','2017款',3,0);
insert into t_car_model(cm_id , cs_id , cm_name,cm_type ,cm_order , cm_state) values(30119,792,'2017款 380THP 自动尊贵型','2017款',4,0);
insert into t_car_model(cm_id , cs_id , cm_name,cm_type ,cm_order , cm_state) values(24042,792,'2016款 1.6T 自动尊悦型','2016款',1,0);
insert into t_car_model(cm_id , cs_id , cm_name,cm_type ,cm_order , cm_state) values(24039,792,'2016款 1.8T 自动尊享型','2016款',2,0);
insert into t_car_model(cm_id , cs_id , cm_name,cm_type ,cm_order , cm_state) values(24038,792,'2016款 1.8T 自动尊贵型','2016款',3,0);
insert into t_car_model(cm_id , cs_id , cm_name,cm_type ,cm_order , cm_state) values(23903,792,'2016款 1.8T 自动豪华型','2016款',4,0);
insert into t_car_model(cm_id , cs_id , cm_name,cm_type ,cm_order , cm_state) values(19864,792,'2014款 2.0L 自动尊悦型','2014款',1,0);
insert into t_car_model(cm_id , cs_id , cm_name,cm_type ,cm_order , cm_state) values(19865,792,'2014款 2.0L 自动尊享型','2014款',2,0);
insert into t_car_model(cm_id , cs_id , cm_name,cm_type ,cm_order , cm_state) values(19868,792,'2014款 2.3L 自动尊贵型','2014款',3,0);
insert into t_car_model(cm_id , cs_id , cm_name,cm_type ,cm_order , cm_state) values(19869,792,'2014款 2.3L 自动豪华型','2014款',4,0);
insert into t_car_model(cm_id , cs_id , cm_name,cm_type ,cm_order , cm_state) values(19866,792,'2014款 1.6T 自动尊享型','2014款',5,0);
insert into t_car_model(cm_id , cs_id , cm_name,cm_type ,cm_order , cm_state) values(19867,792,'2014款 1.6T 自动尊贵型','2014款',6,0);
insert into t_car_model(cm_id , cs_id , cm_name,cm_type ,cm_order , cm_state) values(14950,792,'2013款 2.0L 手动舒适型','2013款',1,0);
insert into t_car_model(cm_id , cs_id , cm_name,cm_type ,cm_order , cm_state) values(14951,792,'2013款 2.0L 自动尊享型','2013款',2,0);
insert into t_car_model(cm_id , cs_id , cm_name,cm_type ,cm_order , cm_state) values(17043,792,'2013款 2.0L 自动悦享型','2013款',3,0);
insert into t_car_model(cm_id , cs_id , cm_name,cm_type ,cm_order , cm_state) values(18853,792,'2013款 2.0L 自动悦尚版','2013款',4,0);
insert into t_car_model(cm_id , cs_id , cm_name,cm_type ,cm_order , cm_state) values(14952,792,'2013款 2.3L 自动尊驭型','2013款',5,0);
insert into t_car_model(cm_id , cs_id , cm_name,cm_type ,cm_order , cm_state) values(17044,792,'2013款 2.3L 自动悦享型','2013款',6,0);
insert into t_car_model(cm_id , cs_id , cm_name,cm_type ,cm_order , cm_state) values(18854,792,'2013款 2.3L 自动悦尚版','2013款',7,0);
insert into t_car_model(cm_id , cs_id , cm_name,cm_type ,cm_order , cm_state) values(14953,792,'2013款 2.3L 自动尊贵型','2013款',8,0);
insert into t_car_model(cm_id , cs_id , cm_name,cm_type ,cm_order , cm_state) values(14954,792,'2013款 2.3L 自动豪华型','2013款',9,0);
insert into t_car_model(cm_id , cs_id , cm_name,cm_type ,cm_order , cm_state) values(14955,792,'2013款 3.0L 自动旗舰型','2013款',10,0);
insert into t_car_model(cm_id , cs_id , cm_name,cm_type ,cm_order , cm_state) values(11528,792,'2012款 2.0L 手动舒适型','2012款',1,0);
insert into t_car_model(cm_id , cs_id , cm_name,cm_type ,cm_order , cm_state) values(11527,792,'2012款 2.0L 自动尊享型','2012款',2,0);
insert into t_car_model(cm_id , cs_id , cm_name,cm_type ,cm_order , cm_state) values(11529,792,'2012款 2.3L 自动尊驭型','2012款',3,0);
insert into t_car_model(cm_id , cs_id , cm_name,cm_type ,cm_order , cm_state) values(11530,792,'2012款 2.3L 自动尊贵型','2012款',4,0);
insert into t_car_model(cm_id , cs_id , cm_name,cm_type ,cm_order , cm_state) values(11531,792,'2012款 2.3L 自动豪华型','2012款',5,0);
insert into t_car_model(cm_id , cs_id , cm_name,cm_type ,cm_order , cm_state) values(11532,792,'2012款 3.0L 自动旗舰型','2012款',6,0);
insert into t_car_model(cm_id , cs_id , cm_name,cm_type ,cm_order , cm_state) values(12874,792,'2012款 2.3L 尊贵型 20周年纪念版','2012款',7,0);
insert into t_car_model(cm_id , cs_id , cm_name,cm_type ,cm_order , cm_state) values(11180,792,'2011款 东方之旅 2.0L 手动舒适型','2011款',1,0);
insert into t_car_model(cm_id , cs_id , cm_name,cm_type ,cm_order , cm_state) values(11181,792,'2011款 东方之旅 2.0L 自动舒适型','2011款',2,0);
insert into t_car_model(cm_id , cs_id , cm_name,cm_type ,cm_order , cm_state) values(11182,792,'2011款 东方之旅 2.3L 尊雅型','2011款',3,0);
insert into t_car_model(cm_id , cs_id , cm_name,cm_type ,cm_order , cm_state) values(11183,792,'2011款 东方之旅 2.3L 自动尊驭型','2011款',4,0);
insert into t_car_model(cm_id , cs_id , cm_name,cm_type ,cm_order , cm_state) values(11184,792,'2011款 东方之旅 2.3L 自动尊贵型','2011款',5,0);
insert into t_car_model(cm_id , cs_id , cm_name,cm_type ,cm_order , cm_state) values(11185,792,'2011款 东方之旅 2.3L 自动豪华型','2011款',6,0);
insert into t_car_model(cm_id , cs_id , cm_name,cm_type ,cm_order , cm_state) values(11186,792,'2011款 东方之旅 3.0L 自动旗舰型','2011款',7,0);
insert into t_car_model(cm_id , cs_id , cm_name,cm_type ,cm_order , cm_state) values(9081,792,'2011款 2.0L 手动舒适型','2011款',8,0);
insert into t_car_model(cm_id , cs_id , cm_name,cm_type ,cm_order , cm_state) values(9082,792,'2011款 2.0L 自动舒适型','2011款',9,0);
insert into t_car_model(cm_id , cs_id , cm_name,cm_type ,cm_order , cm_state) values(9083,792,'2011款 2.3L 自动尊雅型','2011款',10,0);
insert into t_car_model(cm_id , cs_id , cm_name,cm_type ,cm_order , cm_state) values(8998,792,'2011款 2.3L 自动尊驭型','2011款',11,0);
insert into t_car_model(cm_id , cs_id , cm_name,cm_type ,cm_order , cm_state) values(9084,792,'2011款 2.3L 自动尊贵型','2011款',12,0);
insert into t_car_model(cm_id , cs_id , cm_name,cm_type ,cm_order , cm_state) values(9085,792,'2011款 2.3L 自动豪华型','2011款',13,0);
insert into t_car_model(cm_id , cs_id , cm_name,cm_type ,cm_order , cm_state) values(9086,792,'2011款 3.0L 自动旗舰型','2011款',14,0);
insert into t_car_model(cm_id , cs_id , cm_name,cm_type ,cm_order , cm_state) values(5170,792,'2010款 2.0L 手动舒适型','2010款',1,0);
insert into t_car_model(cm_id , cs_id , cm_name,cm_type ,cm_order , cm_state) values(6278,792,'2010款 2.0L 自动舒适型','2010款',2,0);
insert into t_car_model(cm_id , cs_id , cm_name,cm_type ,cm_order , cm_state) values(6279,792,'2010款 2.3L 自动尊雅型','2010款',3,0);
insert into t_car_model(cm_id , cs_id , cm_name,cm_type ,cm_order , cm_state) values(6299,792,'2010款 2.3L 自动尊雅导航版','2010款',4,0);
insert into t_car_model(cm_id , cs_id , cm_name,cm_type ,cm_order , cm_state) values(6280,792,'2010款 2.3L 自动尊贵型','2010款',5,0);
insert into t_car_model(cm_id , cs_id , cm_name,cm_type ,cm_order , cm_state) values(6281,792,'2010款 3.0L 自动旗舰型','2010款',6,0);
insert into t_car_series(cs_id,cbf_id,cs_name,cs_order,cs_letter) values(4043,37,'雪铁龙C6',3777,'X');
insert into t_car_model(cm_id , cs_id , cm_name,cm_type ,cm_order , cm_state) values(39576,4043,'2019款 360THP 舒适型','2019款',1,0);
insert into t_car_model(cm_id , cs_id , cm_name,cm_type ,cm_order , cm_state) values(39575,4043,'2019款 360THP 豪华型','2019款',2,0);
insert into t_car_model(cm_id , cs_id , cm_name,cm_type ,cm_order , cm_state) values(39899,4043,'2019款 400THP 豪华型','2019款',3,0);
insert into t_car_model(cm_id , cs_id , cm_name,cm_type ,cm_order , cm_state) values(39900,4043,'2019款 400THP 尊贵型','2019款',4,0);
insert into t_car_model(cm_id , cs_id , cm_name,cm_type ,cm_order , cm_state) values(39901,4043,'2019款 400THP 尊贵型Nappa版','2019款',5,0);
insert into t_car_model(cm_id , cs_id , cm_name,cm_type ,cm_order , cm_state) values(39902,4043,'2019款 400THP 旗舰型','2019款',6,0);
insert into t_car_model(cm_id , cs_id , cm_name,cm_type ,cm_order , cm_state) values(38779,4043,'2019款 400THP ORIGINS百年臻享版','2019款',7,0);
insert into t_car_model(cm_id , cs_id , cm_name,cm_type ,cm_order , cm_state) values(39578,4043,'2018款 350THP 舒适型','2018款',1,0);
insert into t_car_model(cm_id , cs_id , cm_name,cm_type ,cm_order , cm_state) values(39574,4043,'2018款 350THP 豪华型','2018款',2,0);
insert into t_car_model(cm_id , cs_id , cm_name,cm_type ,cm_order , cm_state) values(39577,4043,'2018款 380THP 豪华型','2018款',3,0);
insert into t_car_model(cm_id , cs_id , cm_name,cm_type ,cm_order , cm_state) values(32734,4043,'2017款 改款 380THP 尊贵型','2017款',1,0);
insert into t_car_model(cm_id , cs_id , cm_name,cm_type ,cm_order , cm_state) values(32735,4043,'2017款 改款 380THP 尊贵型Nappa版','2017款',2,0);
insert into t_car_model(cm_id , cs_id , cm_name,cm_type ,cm_order , cm_state) values(32736,4043,'2017款 改款 380THP 旗舰型','2017款',3,0);
insert into t_car_model(cm_id , cs_id , cm_name,cm_type ,cm_order , cm_state) values(32731,4043,'2017款 改款 350THP 舒适型','2017款',4,0);
insert into t_car_model(cm_id , cs_id , cm_name,cm_type ,cm_order , cm_state) values(28049,4043,'2017款 350THP 舒适型','2017款',5,0);
insert into t_car_model(cm_id , cs_id , cm_name,cm_type ,cm_order , cm_state) values(28050,4043,'2017款 350THP 豪华型','2017款',6,0);
insert into t_car_model(cm_id , cs_id , cm_name,cm_type ,cm_order , cm_state) values(28048,4043,'2017款 380THP 豪华型','2017款',7,0);
insert into t_car_model(cm_id , cs_id , cm_name,cm_type ,cm_order , cm_state) values(27988,4043,'2017款 380THP 尊贵型','2017款',8,0);
insert into t_car_model(cm_id , cs_id , cm_name,cm_type ,cm_order , cm_state) values(32261,4043,'2017款 380THP 尊贵型Nappa版','2017款',9,0);
insert into t_car_model(cm_id , cs_id , cm_name,cm_type ,cm_order , cm_state) values(25412,4043,'2017款 380THP 旗舰型','2017款',10,0);
insert into t_car_model(cm_id , cs_id , cm_name,cm_type ,cm_order , cm_state) values(32732,4043,'2017款 改款 350THP 豪华型','2017款',11,0);
insert into t_car_model(cm_id , cs_id , cm_name,cm_type ,cm_order , cm_state) values(32733,4043,'2017款 改款 380THP 豪华型','2017款',12,0);
insert into t_car_series(cs_id,cbf_id,cs_name,cs_order,cs_letter) values(3429,37,'雪铁龙C3-XR',3778,'X');
insert into t_car_model(cm_id , cs_id , cm_name,cm_type ,cm_order , cm_state) values(38265,3429,'2019款 1.6L 手动越行版','2019款',1,0);
insert into t_car_model(cm_id , cs_id , cm_name,cm_type ,cm_order , cm_state) values(38264,3429,'2019款 190THP 自动越动版','2019款',2,0);
insert into t_car_model(cm_id , cs_id , cm_name,cm_type ,cm_order , cm_state) values(40944,3429,'2019款 230THP DCT越动版','2019款',3,0);
insert into t_car_model(cm_id , cs_id , cm_name,cm_type ,cm_order , cm_state) values(37726,3429,'2019款 1.6L 自动越享版','2019款',4,0);
insert into t_car_model(cm_id , cs_id , cm_name,cm_type ,cm_order , cm_state) values(37634,3429,'2019款 190THP 自动越领版','2019款',5,0);
insert into t_car_model(cm_id , cs_id , cm_name,cm_type ,cm_order , cm_state) values(40945,3429,'2019款 230THP DCT越领版','2019款',6,0);
insert into t_car_model(cm_id , cs_id , cm_name,cm_type ,cm_order , cm_state) values(38775,3429,'2019款 230THP DCT ORIGINS百年臻享版','2019款',7,0);
insert into t_car_model(cm_id , cs_id , cm_name,cm_type ,cm_order , cm_state) values(28363,3429,'2018款 1.6L 手动时尚型','2018款',1,0);
insert into t_car_model(cm_id , cs_id , cm_name,cm_type ,cm_order , cm_state) values(32584,3429,'2018款 1.6L 自动时尚型','2018款',2,0);
insert into t_car_model(cm_id , cs_id , cm_name,cm_type ,cm_order , cm_state) values(32585,3429,'2018款 1.6L 手动先锋型','2018款',3,0);
insert into t_car_model(cm_id , cs_id , cm_name,cm_type ,cm_order , cm_state) values(32586,3429,'2018款 1.6L 自动先锋型','2018款',4,0);
insert into t_car_model(cm_id , cs_id , cm_name,cm_type ,cm_order , cm_state) values(32587,3429,'2018款 230THP 手动先锋型','2018款',5,0);
insert into t_car_model(cm_id , cs_id , cm_name,cm_type ,cm_order , cm_state) values(27610,3429,'2018款 230THP 自动先锋型','2018款',6,0);
insert into t_car_model(cm_id , cs_id , cm_name,cm_type ,cm_order , cm_state) values(28364,3429,'2018款 230THP 自动智能型','2018款',7,0);
insert into t_car_model(cm_id , cs_id , cm_name,cm_type ,cm_order , cm_state) values(28365,3429,'2018款 350THP 自动旗舰型','2018款',8,0);
insert into t_car_model(cm_id , cs_id , cm_name,cm_type ,cm_order , cm_state) values(37282,3429,'2018款 改款 1.6L 手动时尚型','2018款',9,0);
insert into t_car_model(cm_id , cs_id , cm_name,cm_type ,cm_order , cm_state) values(37283,3429,'2018款 改款 1.6L 自动时尚型','2018款',10,0);
insert into t_car_model(cm_id , cs_id , cm_name,cm_type ,cm_order , cm_state) values(37284,3429,'2018款 改款 1.6L 手动先锋型','2018款',11,0);
insert into t_car_model(cm_id , cs_id , cm_name,cm_type ,cm_order , cm_state) values(37285,3429,'2018款 改款 1.6L 自动先锋型','2018款',12,0);
insert into t_car_model(cm_id , cs_id , cm_name,cm_type ,cm_order , cm_state) values(37286,3429,'2018款 改款 230THP 手动先锋型','2018款',13,0);
insert into t_car_model(cm_id , cs_id , cm_name,cm_type ,cm_order , cm_state) values(37287,3429,'2018款 改款 230THP 自动先锋型','2018款',14,0);
insert into t_car_model(cm_id , cs_id , cm_name,cm_type ,cm_order , cm_state) values(37288,3429,'2018款 改款 230THP 自动智能型','2018款',15,0);
insert into t_car_model(cm_id , cs_id , cm_name,cm_type ,cm_order , cm_state) values(37289,3429,'2018款 改款 350THP 自动旗舰型','2018款',16,0);
insert into t_car_model(cm_id , cs_id , cm_name,cm_type ,cm_order , cm_state) values(28359,3429,'2017款 1.6L 手动时尚型','2017款',1,0);
insert into t_car_model(cm_id , cs_id , cm_name,cm_type ,cm_order , cm_state) values(28360,3429,'2017款 1.6L 自动时尚型','2017款',2,0);
insert into t_car_model(cm_id , cs_id , cm_name,cm_type ,cm_order , cm_state) values(28361,3429,'2017款 1.6L 手动先锋型','2017款',3,0);
insert into t_car_model(cm_id , cs_id , cm_name,cm_type ,cm_order , cm_state) values(28362,3429,'2017款 1.6L 自动先锋型','2017款',4,0);
insert into t_car_model(cm_id , cs_id , cm_name,cm_type ,cm_order , cm_state) values(28355,3429,'2017款 230THP 手动先锋型','2017款',5,0);
insert into t_car_model(cm_id , cs_id , cm_name,cm_type ,cm_order , cm_state) values(28356,3429,'2017款 230THP 自动先锋型','2017款',6,0);
insert into t_car_model(cm_id , cs_id , cm_name,cm_type ,cm_order , cm_state) values(28357,3429,'2017款 230THP 自动智能型','2017款',7,0);
insert into t_car_model(cm_id , cs_id , cm_name,cm_type ,cm_order , cm_state) values(28366,3429,'2017款 350THP 自动旗舰型','2017款',8,0);
insert into t_car_model(cm_id , cs_id , cm_name,cm_type ,cm_order , cm_state) values(21167,3429,'2015款 1.6L 手动时尚型','2015款',1,0);
insert into t_car_model(cm_id , cs_id , cm_name,cm_type ,cm_order , cm_state) values(21168,3429,'2015款 1.6L 自动时尚型','2015款',2,0);
insert into t_car_model(cm_id , cs_id , cm_name,cm_type ,cm_order , cm_state) values(21169,3429,'2015款 1.6L 手动先锋型','2015款',3,0);
insert into t_car_model(cm_id , cs_id , cm_name,cm_type ,cm_order , cm_state) values(21170,3429,'2015款 1.6L 自动先锋型','2015款',4,0);
insert into t_car_model(cm_id , cs_id , cm_name,cm_type ,cm_order , cm_state) values(21171,3429,'2015款 1.6L 自动智能型','2015款',5,0);
insert into t_car_model(cm_id , cs_id , cm_name,cm_type ,cm_order , cm_state) values(21172,3429,'2015款 1.6THP 自动先锋型','2015款',6,0);
insert into t_car_model(cm_id , cs_id , cm_name,cm_type ,cm_order , cm_state) values(21173,3429,'2015款 1.6THP 自动智能型','2015款',7,0);
insert into t_car_model(cm_id , cs_id , cm_name,cm_type ,cm_order , cm_state) values(20206,3429,'2015款 1.6THP 自动旗舰型','2015款',8,0);
insert into t_car_series(cs_id,cbf_id,cs_name,cs_order,cs_letter) values(4685,37,'云逸 C4 AIRCROSS',3779,'Y');
insert into t_car_model(cm_id , cs_id , cm_name,cm_type ,cm_order , cm_state) values(38776,4685,'2019款 230THP  DCT Origins百年臻享版','2019款',1,0);
insert into t_car_model(cm_id , cs_id , cm_name,cm_type ,cm_order , cm_state) values(35677,4685,'2018款 230THP 手动逸尚版','2018款',1,0);
insert into t_car_model(cm_id , cs_id , cm_name,cm_type ,cm_order , cm_state) values(35729,4685,'2018款 230THP 自动逸尚版','2018款',2,0);
insert into t_car_model(cm_id , cs_id , cm_name,cm_type ,cm_order , cm_state) values(35730,4685,'2018款 230THP 自动逸炫版','2018款',3,0);
insert into t_car_model(cm_id , cs_id , cm_name,cm_type ,cm_order , cm_state) values(35731,4685,'2018款 230THP 自动互联网逸智版','2018款',4,0);
insert into t_car_model(cm_id , cs_id , cm_name,cm_type ,cm_order , cm_state) values(35732,4685,'2018款 350THP 自动互联网逸智版','2018款',5,0);
insert into t_car_model(cm_id , cs_id , cm_name,cm_type ,cm_order , cm_state) values(35733,4685,'2018款 230THP 自动互联网逸臻版','2018款',6,0);
insert into t_car_model(cm_id , cs_id , cm_name,cm_type ,cm_order , cm_state) values(33422,4685,'2018款 350THP 自动互联网逸臻版','2018款',7,0);
insert into t_car_series(cs_id,cbf_id,cs_name,cs_order,cs_letter) values(4370,37,'天逸 C5 AIRCROSS',3780,'T');
insert into t_car_model(cm_id , cs_id , cm_name,cm_type ,cm_order , cm_state) values(42288,4370,'2020款 360THP 舒适型','2020款',1,0);
insert into t_car_model(cm_id , cs_id , cm_name,cm_type ,cm_order , cm_state) values(42290,4370,'2020款 360THP 舒享型','2020款',2,0);
insert into t_car_model(cm_id , cs_id , cm_name,cm_type ,cm_order , cm_state) values(42291,4370,'2020款 360THP 进享型','2020款',3,0);
insert into t_car_model(cm_id , cs_id , cm_name,cm_type ,cm_order , cm_state) values(42292,4370,'2020款 360THP 乐享型 ','2020款',4,0);
insert into t_car_model(cm_id , cs_id , cm_name,cm_type ,cm_order , cm_state) values(42294,4370,'2020款 360THP 悦享型 ','2020款',5,0);
insert into t_car_model(cm_id , cs_id , cm_name,cm_type ,cm_order , cm_state) values(42295,4370,'2020款 360THP ORIGINS百年臻享版','2020款',6,0);
insert into t_car_model(cm_id , cs_id , cm_name,cm_type ,cm_order , cm_state) values(42296,4370,'2020款 400THP 尊享型','2020款',7,0);
insert into t_car_model(cm_id , cs_id , cm_name,cm_type ,cm_order , cm_state) values(36161,4370,'2019款 350THP 舒适型 国V','2019款',1,0);
insert into t_car_model(cm_id , cs_id , cm_name,cm_type ,cm_order , cm_state) values(36162,4370,'2019款 350THP 舒享型 国V','2019款',2,0);
insert into t_car_model(cm_id , cs_id , cm_name,cm_type ,cm_order , cm_state) values(36163,4370,'2019款 350THP 进享型 国V','2019款',3,0);
insert into t_car_model(cm_id , cs_id , cm_name,cm_type ,cm_order , cm_state) values(39031,4370,'2019款 360THP 进享型 国VI','2019款',4,0);
insert into t_car_model(cm_id , cs_id , cm_name,cm_type ,cm_order , cm_state) values(36164,4370,'2019款 350THP 乐享型 国V','2019款',5,0);
insert into t_car_model(cm_id , cs_id , cm_name,cm_type ,cm_order , cm_state) values(39032,4370,'2019款 360THP 乐享型 国VI','2019款',6,0);
insert into t_car_model(cm_id , cs_id , cm_name,cm_type ,cm_order , cm_state) values(39035,4370,'2019款 350THP 悦享型 国V','2019款',7,0);
insert into t_car_model(cm_id , cs_id , cm_name,cm_type ,cm_order , cm_state) values(39033,4370,'2019款 360THP 悦享型 国VI','2019款',8,0);
insert into t_car_model(cm_id , cs_id , cm_name,cm_type ,cm_order , cm_state) values(38777,4370,'2019款 360THP ORIGINS百年臻享版 国VI','2019款',9,0);
insert into t_car_model(cm_id , cs_id , cm_name,cm_type ,cm_order , cm_state) values(36167,4370,'2019款 380THP 尊享型 国V','2019款',10,0);
insert into t_car_model(cm_id , cs_id , cm_name,cm_type ,cm_order , cm_state) values(36168,4370,'2019款 380THP 旗舰型 国V','2019款',11,0);
insert into t_car_model(cm_id , cs_id , cm_name,cm_type ,cm_order , cm_state) values(39034,4370,'2019款 400THP 尊享型 国VI','2019款',12,0);
insert into t_car_model(cm_id , cs_id , cm_name,cm_type ,cm_order , cm_state) values(36165,4370,'2019款 380THP 进享型','2019款',13,0);
insert into t_car_model(cm_id , cs_id , cm_name,cm_type ,cm_order , cm_state) values(36166,4370,'2019款 350THP 尊享型','2019款',14,0);
insert into t_car_model(cm_id , cs_id , cm_name,cm_type ,cm_order , cm_state) values(34599,4370,'2018款 350THP 乐享型','2018款',1,0);
insert into t_car_model(cm_id , cs_id , cm_name,cm_type ,cm_order , cm_state) values(31442,4370,'2017款 350THP 舒适型','2017款',1,0);
insert into t_car_model(cm_id , cs_id , cm_name,cm_type ,cm_order , cm_state) values(31443,4370,'2017款 350THP 时尚型','2017款',2,0);
insert into t_car_model(cm_id , cs_id , cm_name,cm_type ,cm_order , cm_state) values(31444,4370,'2017款 350THP 豪华型','2017款',3,0);
insert into t_car_model(cm_id , cs_id , cm_name,cm_type ,cm_order , cm_state) values(31445,4370,'2017款 380THP 时尚型','2017款',4,0);
insert into t_car_model(cm_id , cs_id , cm_name,cm_type ,cm_order , cm_state) values(31446,4370,'2017款 380THP 豪华型','2017款',5,0);
insert into t_car_model(cm_id , cs_id , cm_name,cm_type ,cm_order , cm_state) values(31331,4370,'2017款 380THP 旗舰型','2017款',6,0);
insert into t_car_series(cs_id,cbf_id,cs_name,cs_order,cs_letter) values(476,37,'雪铁龙C2',3781,'X');
insert into t_car_model(cm_id , cs_id , cm_name,cm_type ,cm_order , cm_state) values(14081,476,'2013款 CROSS 1.4L 手动运动型','2013款',1,0);
insert into t_car_model(cm_id , cs_id , cm_name,cm_type ,cm_order , cm_state) values(14082,476,'2013款 CROSS 1.6L 自动运动型','2013款',2,0);
insert into t_car_model(cm_id , cs_id , cm_name,cm_type ,cm_order , cm_state) values(10777,476,'2012款 1.4L 手动舒适型','2012款',1,0);
insert into t_car_model(cm_id , cs_id , cm_name,cm_type ,cm_order , cm_state) values(10776,476,'2012款 1.4L 手动运动型','2012款',2,0);
insert into t_car_model(cm_id , cs_id , cm_name,cm_type ,cm_order , cm_state) values(10730,476,'2012款 1.6L 自动运动型','2012款',3,0);
insert into t_car_model(cm_id , cs_id , cm_name,cm_type ,cm_order , cm_state) values(7011,476,'2010款 1.4L 手动舒适型','2010款',1,0);
insert into t_car_model(cm_id , cs_id , cm_name,cm_type ,cm_order , cm_state) values(7012,476,'2010款 1.4L 手动运动型','2010款',2,0);
insert into t_car_model(cm_id , cs_id , cm_name,cm_type ,cm_order , cm_state) values(4208,476,'2008款 1.4 MT SX','2008款',1,0);
insert into t_car_model(cm_id , cs_id , cm_name,cm_type ,cm_order , cm_state) values(4209,476,'2008款 1.6 MT SX','2008款',2,0);
insert into t_car_model(cm_id , cs_id , cm_name,cm_type ,cm_order , cm_state) values(4210,476,'2008款 1.6 AT SX','2008款',3,0);
insert into t_car_model(cm_id , cs_id , cm_name,cm_type ,cm_order , cm_state) values(4211,476,'2008款 1.6L MT EX','2008款',4,0);
insert into t_car_model(cm_id , cs_id , cm_name,cm_type ,cm_order , cm_state) values(4212,476,'2008款 1.6L AT EX','2008款',5,0);
insert into t_car_model(cm_id , cs_id , cm_name,cm_type ,cm_order , cm_state) values(4213,476,'2008款 VTS 1.4L MT SX','2008款',6,0);
insert into t_car_model(cm_id , cs_id , cm_name,cm_type ,cm_order , cm_state) values(4214,476,'2008款 VTS 1.6L MT SX','2008款',7,0);
insert into t_car_model(cm_id , cs_id , cm_name,cm_type ,cm_order , cm_state) values(4215,476,'2008款 VTS 1.6L AT SX','2008款',8,0);
insert into t_car_model(cm_id , cs_id , cm_name,cm_type ,cm_order , cm_state) values(3362,476,'2007款 VTS 1.4L MT SX','2007款',1,0);
insert into t_car_model(cm_id , cs_id , cm_name,cm_type ,cm_order , cm_state) values(3363,476,'2007款 VTS 1.6L MT SX','2007款',2,0);
insert into t_car_model(cm_id , cs_id , cm_name,cm_type ,cm_order , cm_state) values(3364,476,'2007款 VTS 1.6L AT SX','2007款',3,0);
insert into t_car_model(cm_id , cs_id , cm_name,cm_type ,cm_order , cm_state) values(2565,476,'2006款 1.4L MT SX','2006款',1,0);
insert into t_car_model(cm_id , cs_id , cm_name,cm_type ,cm_order , cm_state) values(2589,476,'2006款 1.6L MT SX','2006款',2,0);
insert into t_car_model(cm_id , cs_id , cm_name,cm_type ,cm_order , cm_state) values(2590,476,'2006款 1.6L AT SX','2006款',3,0);
insert into t_car_model(cm_id , cs_id , cm_name,cm_type ,cm_order , cm_state) values(2566,476,'2006款 1.6L MT EX','2006款',4,0);
insert into t_car_model(cm_id , cs_id , cm_name,cm_type ,cm_order , cm_state) values(2588,476,'2006款 1.6L AT EX','2006款',5,0);
insert into t_car_series(cs_id,cbf_id,cs_name,cs_order,cs_letter) values(639,37,'世嘉',3782,'S');
insert into t_car_model(cm_id , cs_id , cm_name,cm_type ,cm_order , cm_state) values(25959,639,'2016款 经典 三厢 1.6L 手动科技版','2016款',1,0);
insert into t_car_model(cm_id , cs_id , cm_name,cm_type ,cm_order , cm_state) values(25960,639,'2016款 经典 三厢 1.6L 自动科技版','2016款',2,0);
insert into t_car_model(cm_id , cs_id , cm_name,cm_type ,cm_order , cm_state) values(24752,639,'2016款 经典 三厢 1.6L 手动品尚型','2016款',3,0);
insert into t_car_model(cm_id , cs_id , cm_name,cm_type ,cm_order , cm_state) values(24753,639,'2016款 经典 三厢 1.6L 自动品尚型','2016款',4,0);
insert into t_car_model(cm_id , cs_id , cm_name,cm_type ,cm_order , cm_state) values(24754,639,'2016款 经典 三厢 1.6L 手动CNG','2016款',5,0);
insert into t_car_model(cm_id , cs_id , cm_name,cm_type ,cm_order , cm_state) values(20093,639,'2014款 1.6L 手动车载互联版','2014款',1,0);
insert into t_car_model(cm_id , cs_id , cm_name,cm_type ,cm_order , cm_state) values(20094,639,'2014款 1.6L 自动车载互联版','2014款',2,0);
insert into t_car_model(cm_id , cs_id , cm_name,cm_type ,cm_order , cm_state) values(18712,639,'2014款 VTS版 1.6L 手动品尚型','2014款',3,0);
insert into t_car_model(cm_id , cs_id , cm_name,cm_type ,cm_order , cm_state) values(18713,639,'2014款 VTS版 1.6L 自动品尚型','2014款',4,0);
insert into t_car_model(cm_id , cs_id , cm_name,cm_type ,cm_order , cm_state) values(18714,639,'2014款 VTS版 1.6L 手动品享型','2014款',5,0);
insert into t_car_model(cm_id , cs_id , cm_name,cm_type ,cm_order , cm_state) values(18715,639,'2014款 VTS版 1.6L 自动品享型','2014款',6,0);
insert into t_car_model(cm_id , cs_id , cm_name,cm_type ,cm_order , cm_state) values(18717,639,'2014款 VTS版 2.0L 手动品悦型','2014款',7,0);
insert into t_car_model(cm_id , cs_id , cm_name,cm_type ,cm_order , cm_state) values(18718,639,'2014款 VTS版 2.0L 自动品悦型','2014款',8,0);
insert into t_car_model(cm_id , cs_id , cm_name,cm_type ,cm_order , cm_state) values(15656,639,'2013款 两厢 1.6L 自动乐尚型','2013款',1,0);
insert into t_car_model(cm_id , cs_id , cm_name,cm_type ,cm_order , cm_state) values(14083,639,'2013款 CROSS 1.6L 手动','2013款',2,0);
insert into t_car_model(cm_id , cs_id , cm_name,cm_type ,cm_order , cm_state) values(14084,639,'2013款 CROSS 1.6L 自动','2013款',3,0);
insert into t_car_model(cm_id , cs_id , cm_name,cm_type ,cm_order , cm_state) values(15665,639,'2013款 三厢 2.0L 手动品悦型','2013款',4,0);
insert into t_car_model(cm_id , cs_id , cm_name,cm_type ,cm_order , cm_state) values(15666,639,'2013款 三厢 2.0L 自动品悦型','2013款',5,0);
insert into t_car_model(cm_id , cs_id , cm_name,cm_type ,cm_order , cm_state) values(15661,639,'2013款 三厢 1.6L 手动品尚型','2013款',6,0);
insert into t_car_model(cm_id , cs_id , cm_name,cm_type ,cm_order , cm_state) values(14870,639,'2013款 1.6L 手动品尚型CNG','2013款',7,0);
insert into t_car_model(cm_id , cs_id , cm_name,cm_type ,cm_order , cm_state) values(15659,639,'2013款 改款 CROSS 1.6L 手动','2013款',8,0);
insert into t_car_model(cm_id , cs_id , cm_name,cm_type ,cm_order , cm_state) values(15660,639,'2013款 改款 CROSS 1.6L 自动','2013款',9,0);
insert into t_car_model(cm_id , cs_id , cm_name,cm_type ,cm_order , cm_state) values(15655,639,'2013款 两厢 1.6L 手动乐尚型','2013款',10,0);
insert into t_car_model(cm_id , cs_id , cm_name,cm_type ,cm_order , cm_state) values(15662,639,'2013款 三厢 1.6L 自动品尚型','2013款',11,0);
insert into t_car_model(cm_id , cs_id , cm_name,cm_type ,cm_order , cm_state) values(15657,639,'2013款 两厢 1.6L 手动乐享型','2013款',12,0);
insert into t_car_model(cm_id , cs_id , cm_name,cm_type ,cm_order , cm_state) values(15658,639,'2013款 两厢 1.6L 自动乐享型','2013款',13,0);
insert into t_car_model(cm_id , cs_id , cm_name,cm_type ,cm_order , cm_state) values(15663,639,'2013款 三厢 1.6L 手动品享型','2013款',14,0);
insert into t_car_model(cm_id , cs_id , cm_name,cm_type ,cm_order , cm_state) values(15544,639,'2013款 三厢 1.6L 自动品享型','2013款',15,0);
insert into t_car_model(cm_id , cs_id , cm_name,cm_type ,cm_order , cm_state) values(12842,639,'2012款 两厢 1.6L 自动乐尚型','2012款',1,0);
insert into t_car_model(cm_id , cs_id , cm_name,cm_type ,cm_order , cm_state) values(12911,639,'2012款 两厢 1.6L 手动乐尚型','2012款',2,0);
insert into t_car_model(cm_id , cs_id , cm_name,cm_type ,cm_order , cm_state) values(12914,639,'2012款 两厢 1.6L 手动乐享型','2012款',3,0);
insert into t_car_model(cm_id , cs_id , cm_name,cm_type ,cm_order , cm_state) values(12915,639,'2012款 两厢 1.6L 自动乐享型','2012款',4,0);
insert into t_car_model(cm_id , cs_id , cm_name,cm_type ,cm_order , cm_state) values(12912,639,'2012款 两厢 2.0L 手动乐炫型','2012款',5,0);
insert into t_car_model(cm_id , cs_id , cm_name,cm_type ,cm_order , cm_state) values(12913,639,'2012款 两厢 2.0L 自动乐炫型','2012款',6,0);
insert into t_car_model(cm_id , cs_id , cm_name,cm_type ,cm_order , cm_state) values(12916,639,'2012款 两厢 2.0L 手动乐骋型','2012款',7,0);
insert into t_car_model(cm_id , cs_id , cm_name,cm_type ,cm_order , cm_state) values(12828,639,'2012款 两厢 2.0L 自动乐骋型','2012款',8,0);
insert into t_car_model(cm_id , cs_id , cm_name,cm_type ,cm_order , cm_state) values(12342,639,'2012款 三厢 1.6L 手动品尚型','2012款',9,0);
insert into t_car_model(cm_id , cs_id , cm_name,cm_type ,cm_order , cm_state) values(12343,639,'2012款 三厢 1.6L 自动品尚型','2012款',10,0);
insert into t_car_model(cm_id , cs_id , cm_name,cm_type ,cm_order , cm_state) values(12346,639,'2012款 三厢 1.6L 手动品享型','2012款',11,0);
insert into t_car_model(cm_id , cs_id , cm_name,cm_type ,cm_order , cm_state) values(12243,639,'2012款 三厢 1.6L 自动品享型','2012款',12,0);
insert into t_car_model(cm_id , cs_id , cm_name,cm_type ,cm_order , cm_state) values(12344,639,'2012款 三厢 2.0L 手动品悦型','2012款',13,0);
insert into t_car_model(cm_id , cs_id , cm_name,cm_type ,cm_order , cm_state) values(12345,639,'2012款 三厢 2.0L 自动品悦型','2012款',14,0);
insert into t_car_model(cm_id , cs_id , cm_name,cm_type ,cm_order , cm_state) values(12347,639,'2012款 三厢 2.0L 自动品驭型','2012款',15,0);
insert into t_car_model(cm_id , cs_id , cm_name,cm_type ,cm_order , cm_state) values(6327,639,'2011款 两厢 1.6L 手动炫雅型','2011款',1,0);
insert into t_car_model(cm_id , cs_id , cm_name,cm_type ,cm_order , cm_state) values(6328,639,'2011款 两厢 1.6L 自动炫雅型','2011款',2,0);
insert into t_car_model(cm_id , cs_id , cm_name,cm_type ,cm_order , cm_state) values(10096,639,'2011款 两厢 1.6L 手动冠军版','2011款',3,0);
insert into t_car_model(cm_id , cs_id , cm_name,cm_type ,cm_order , cm_state) values(10097,639,'2011款 两厢 1.6L 自动冠军版','2011款',4,0);
insert into t_car_model(cm_id , cs_id , cm_name,cm_type ,cm_order , cm_state) values(8402,639,'2011款 两厢 1.6L 手动悦雅型','2011款',5,0);
insert into t_car_model(cm_id , cs_id , cm_name,cm_type ,cm_order , cm_state) values(8403,639,'2011款 两厢 1.6L 自动悦雅型','2011款',6,0);
insert into t_car_model(cm_id , cs_id , cm_name,cm_type ,cm_order , cm_state) values(6329,639,'2011款 两厢 2.0L 手动劲雅型','2011款',7,0);
insert into t_car_model(cm_id , cs_id , cm_name,cm_type ,cm_order , cm_state) values(8401,639,'2011款 两厢 2.0L 自动劲雅型','2011款',8,0);
insert into t_car_model(cm_id , cs_id , cm_name,cm_type ,cm_order , cm_state) values(8404,639,'2011款 两厢 2.0L 手动博雅型','2011款',9,0);
insert into t_car_model(cm_id , cs_id , cm_name,cm_type ,cm_order , cm_state) values(8405,639,'2011款 两厢 2.0L 自动博雅型','2011款',10,0);
insert into t_car_model(cm_id , cs_id , cm_name,cm_type ,cm_order , cm_state) values(8410,639,'2011款 三厢 1.6L 手动时尚型','2011款',11,0);
insert into t_car_model(cm_id , cs_id , cm_name,cm_type ,cm_order , cm_state) values(8411,639,'2011款 三厢 1.6L 自动时尚型','2011款',12,0);
insert into t_car_model(cm_id , cs_id , cm_name,cm_type ,cm_order , cm_state) values(10099,639,'2011款 三厢 1.6L 手动冠军版','2011款',13,0);
insert into t_car_model(cm_id , cs_id , cm_name,cm_type ,cm_order , cm_state) values(10102,639,'2011款 三厢 1.6L 自动冠军版','2011款',14,0);
insert into t_car_model(cm_id , cs_id , cm_name,cm_type ,cm_order , cm_state) values(8414,639,'2011款 三厢 1.6L 手动舒适型','2011款',15,0);
insert into t_car_model(cm_id , cs_id , cm_name,cm_type ,cm_order , cm_state) values(8415,639,'2011款 三厢 1.6L 自动舒适型','2011款',16,0);
insert into t_car_model(cm_id , cs_id , cm_name,cm_type ,cm_order , cm_state) values(8412,639,'2011款 三厢 2.0L 手动锐尚型','2011款',17,0);
insert into t_car_model(cm_id , cs_id , cm_name,cm_type ,cm_order , cm_state) values(8413,639,'2011款 三厢 2.0L 自动锐尚型','2011款',18,0);
insert into t_car_model(cm_id , cs_id , cm_name,cm_type ,cm_order , cm_state) values(11296,639,'2011款 三厢 2.0L 手动贺岁版','2011款',19,0);
insert into t_car_model(cm_id , cs_id , cm_name,cm_type ,cm_order , cm_state) values(11297,639,'2011款 三厢 2.0L 自动贺岁版','2011款',20,0);
insert into t_car_model(cm_id , cs_id , cm_name,cm_type ,cm_order , cm_state) values(8416,639,'2011款 三厢 2.0L 手动尊享型','2011款',21,0);
insert into t_car_model(cm_id , cs_id , cm_name,cm_type ,cm_order , cm_state) values(8417,639,'2011款 三厢 2.0L 自动豪华型','2011款',22,0);
insert into t_car_model(cm_id , cs_id , cm_name,cm_type ,cm_order , cm_state) values(6332,639,'2010款 两厢 1.6L 手动尚乐版','2010款',1,0);
insert into t_car_model(cm_id , cs_id , cm_name,cm_type ,cm_order , cm_state) values(6331,639,'2010款 两厢 1.6L 自动尚乐版','2010款',2,0);
insert into t_car_model(cm_id , cs_id , cm_name,cm_type ,cm_order , cm_state) values(6330,639,'2010款 两厢 2.0L 自动时尚型','2010款',3,0);
insert into t_car_model(cm_id , cs_id , cm_name,cm_type ,cm_order , cm_state) values(7907,639,'2010款 三厢 1.6L 手动尚乐版','2010款',4,0);
insert into t_car_model(cm_id , cs_id , cm_name,cm_type ,cm_order , cm_state) values(7908,639,'2010款 三厢 1.6L 自动尚乐版','2010款',5,0);
insert into t_car_model(cm_id , cs_id , cm_name,cm_type ,cm_order , cm_state) values(5586,639,'2009款 两厢 1.6L 手动舒适天窗型','2009款',1,0);
insert into t_car_model(cm_id , cs_id , cm_name,cm_type ,cm_order , cm_state) values(5587,639,'2009款 两厢 1.6L 自动舒适天窗型','2009款',2,0);
insert into t_car_model(cm_id , cs_id , cm_name,cm_type ,cm_order , cm_state) values(5169,639,'2009款 两厢 2.0L 手动夺冠版','2009款',3,0);
insert into t_car_model(cm_id , cs_id , cm_name,cm_type ,cm_order , cm_state) values(5588,639,'2009款 两厢 2.0L 手动豪华天窗型','2009款',4,0);
insert into t_car_model(cm_id , cs_id , cm_name,cm_type ,cm_order , cm_state) values(5589,639,'2009款 两厢 2.0L 自动豪华天窗型','2009款',5,0);
insert into t_car_model(cm_id , cs_id , cm_name,cm_type ,cm_order , cm_state) values(5433,639,'2009款 三厢 1.6L 手动时尚型','2009款',6,0);
insert into t_car_model(cm_id , cs_id , cm_name,cm_type ,cm_order , cm_state) values(5434,639,'2009款 三厢 1.6L 自动时尚型','2009款',7,0);
insert into t_car_model(cm_id , cs_id , cm_name,cm_type ,cm_order , cm_state) values(5437,639,'2009款 三厢 1.6L 手动舒适型','2009款',8,0);
insert into t_car_model(cm_id , cs_id , cm_name,cm_type ,cm_order , cm_state) values(5438,639,'2009款 三厢 1.6L 自动舒适型','2009款',9,0);
insert into t_car_model(cm_id , cs_id , cm_name,cm_type ,cm_order , cm_state) values(5435,639,'2009款 三厢 2.0L 手动时尚型','2009款',10,0);
insert into t_car_model(cm_id , cs_id , cm_name,cm_type ,cm_order , cm_state) values(5436,639,'2009款 三厢 2.0L 自动时尚型','2009款',11,0);
insert into t_car_model(cm_id , cs_id , cm_name,cm_type ,cm_order , cm_state) values(5439,639,'2009款 三厢 2.0L 手动舒适型','2009款',12,0);
insert into t_car_model(cm_id , cs_id , cm_name,cm_type ,cm_order , cm_state) values(5432,639,'2009款 三厢 2.0L 自动舒适型','2009款',13,0);
insert into t_car_model(cm_id , cs_id , cm_name,cm_type ,cm_order , cm_state) values(5409,639,'2009款 三厢 2.0L 自动豪华型','2009款',14,0);
insert into t_car_model(cm_id , cs_id , cm_name,cm_type ,cm_order , cm_state) values(5440,639,'2009款 三厢 2.0L 自动豪华天窗型','2009款',15,0);
insert into t_car_model(cm_id , cs_id , cm_name,cm_type ,cm_order , cm_state) values(4105,639,'2008款 两厢 1.6L 手动时尚型','2008款',1,0);
insert into t_car_model(cm_id , cs_id , cm_name,cm_type ,cm_order , cm_state) values(4562,639,'2008款 两厢 1.6L 自动时尚型','2008款',2,0);
insert into t_car_model(cm_id , cs_id , cm_name,cm_type ,cm_order , cm_state) values(4107,639,'2008款 两厢 1.6L 手动舒适型','2008款',3,0);
insert into t_car_model(cm_id , cs_id , cm_name,cm_type ,cm_order , cm_state) values(4108,639,'2008款 两厢 1.6L 自动舒适型','2008款',4,0);
insert into t_car_model(cm_id , cs_id , cm_name,cm_type ,cm_order , cm_state) values(4563,639,'2008款 两厢 2.0L 手动豪华型','2008款',5,0);
insert into t_car_model(cm_id , cs_id , cm_name,cm_type ,cm_order , cm_state) values(4111,639,'2008款 两厢 2.0L 自动豪华型','2008款',6,0);
insert into t_car_model(cm_id , cs_id , cm_name,cm_type ,cm_order , cm_state) values(4112,639,'2008款 两厢 2.0L 自动豪华导航型','2008款',7,0);
insert into t_car_series(cs_id,cbf_id,cs_name,cs_order,cs_letter) values(293,37,'富康',3783,'F');
insert into t_car_model(cm_id , cs_id , cm_name,cm_type ,cm_order , cm_state) values(3538,293,'2007款 1.4L 手动','2007款',1,0);
insert into t_car_model(cm_id , cs_id , cm_name,cm_type ,cm_order , cm_state) values(3539,293,'2007款 1.6L 手动16V','2007款',2,0);
insert into t_car_model(cm_id , cs_id , cm_name,cm_type ,cm_order , cm_state) values(3540,293,'2007款 1.6L 自动16V','2007款',3,0);
insert into t_car_model(cm_id , cs_id , cm_name,cm_type ,cm_order , cm_state) values(2002,293,'2005款 1.4L 手动典约版','2005款',1,0);
insert into t_car_model(cm_id , cs_id , cm_name,cm_type ,cm_order , cm_state) values(1492,293,'2005款 1.6L 手动8V','2005款',2,0);
insert into t_car_model(cm_id , cs_id , cm_name,cm_type ,cm_order , cm_state) values(1493,293,'2005款 1.6L 自动8V','2005款',3,0);
insert into t_car_model(cm_id , cs_id , cm_name,cm_type ,cm_order , cm_state) values(1494,293,'2005款 1.6L 手动16V','2005款',4,0);
insert into t_car_model(cm_id , cs_id , cm_name,cm_type ,cm_order , cm_state) values(1495,293,'2005款 1.6L 自动16V','2005款',5,0);
insert into t_car_model(cm_id , cs_id , cm_name,cm_type ,cm_order , cm_state) values(345,293,'2004款 新浪潮 1.6L 手动舒适型','2004款',1,0);
insert into t_car_model(cm_id , cs_id , cm_name,cm_type ,cm_order , cm_state) values(628,293,'2004款 新浪潮 1.6L 自动舒适型','2004款',2,0);
insert into t_car_series(cs_id,cbf_id,cs_name,cs_order,cs_letter) values(388,37,'凯旋',3784,'K');
insert into t_car_model(cm_id , cs_id , cm_name,cm_type ,cm_order , cm_state) values(6146,388,'2010款 2.0L 手动经典版','2010款',1,0);
insert into t_car_model(cm_id , cs_id , cm_name,cm_type ,cm_order , cm_state) values(6145,388,'2010款 2.0L 自动经典版','2010款',2,0);
insert into t_car_model(cm_id , cs_id , cm_name,cm_type ,cm_order , cm_state) values(6144,388,'2010款 2.0L 手动科技版','2010款',3,0);
insert into t_car_model(cm_id , cs_id , cm_name,cm_type ,cm_order , cm_state) values(5957,388,'2010款 2.0L 自动科技版','2010款',4,0);
insert into t_car_model(cm_id , cs_id , cm_name,cm_type ,cm_order , cm_state) values(3929,388,'2008款 2.0L 手动精英型','2008款',1,0);
insert into t_car_model(cm_id , cs_id , cm_name,cm_type ,cm_order , cm_state) values(3930,388,'2008款 2.0L 自动精英型','2008款',2,0);
insert into t_car_model(cm_id , cs_id , cm_name,cm_type ,cm_order , cm_state) values(3931,388,'2008款 2.0L 手动尊贵型','2008款',3,0);
insert into t_car_model(cm_id , cs_id , cm_name,cm_type ,cm_order , cm_state) values(3932,388,'2008款 2.0L 自动尊贵型','2008款',4,0);
insert into t_car_model(cm_id , cs_id , cm_name,cm_type ,cm_order , cm_state) values(3933,388,'2008款 2.0L 自动旗舰型','2008款',5,0);
insert into t_car_model(cm_id , cs_id , cm_name,cm_type ,cm_order , cm_state) values(3934,388,'2008款 2.0L 自动旗舰导航型','2008款',6,0);
insert into t_car_model(cm_id , cs_id , cm_name,cm_type ,cm_order , cm_state) values(2610,388,'2006款 2.0L 手动精英型','2006款',1,0);
insert into t_car_model(cm_id , cs_id , cm_name,cm_type ,cm_order , cm_state) values(2611,388,'2006款 2.0L 自动精英型','2006款',2,0);
insert into t_car_model(cm_id , cs_id , cm_name,cm_type ,cm_order , cm_state) values(2093,388,'2006款 2.0L 手动尊贵型','2006款',3,0);
insert into t_car_model(cm_id , cs_id , cm_name,cm_type ,cm_order , cm_state) values(2094,388,'2006款 2.0L 自动尊贵型','2006款',4,0);
insert into t_car_model(cm_id , cs_id , cm_name,cm_type ,cm_order , cm_state) values(2038,388,'2006款 2.0L 自动旗舰型','2006款',5,0);
insert into t_car_series(cs_id,cbf_id,cs_name,cs_order,cs_letter) values(230,37,'赛纳',3785,'S');
insert into t_car_model(cm_id , cs_id , cm_name,cm_type ,cm_order , cm_state) values(1649,230,'2005款 2.0L 手动舒适型','2005款',1,0);
insert into t_car_model(cm_id , cs_id , cm_name,cm_type ,cm_order , cm_state) values(1650,230,'2005款 2.0L 手动豪华型','2005款',2,0);
insert into t_car_model(cm_id , cs_id , cm_name,cm_type ,cm_order , cm_state) values(1651,230,'2005款 2.0L 自动舒适型','2005款',3,0);
insert into t_car_model(cm_id , cs_id , cm_name,cm_type ,cm_order , cm_state) values(1652,230,'2005款 2.0L 自动豪华型','2005款',4,0);
insert into t_car_model(cm_id , cs_id , cm_name,cm_type ,cm_order , cm_state) values(624,230,'2004款 2.0L 手动标准型','2004款',1,0);
insert into t_car_model(cm_id , cs_id , cm_name,cm_type ,cm_order , cm_state) values(625,230,'2004款 2.0L 自动标准型','2004款',2,0);
insert into t_car_model(cm_id , cs_id , cm_name,cm_type ,cm_order , cm_state) values(703,230,'2004款 2.0L 手动豪华型','2004款',3,0);
insert into t_car_model(cm_id , cs_id , cm_name,cm_type ,cm_order , cm_state) values(634,230,'2004款 2.0L 自动豪华型','2004款',4,0);
insert into t_car_series(cs_id,cbf_id,cs_name,cs_order,cs_letter) values(232,37,'毕加索',3786,'B');
insert into t_car_model(cm_id , cs_id , cm_name,cm_type ,cm_order , cm_state) values(2900,232,'2007款 1.6L 手动','2007款',1,0);
insert into t_car_model(cm_id , cs_id , cm_name,cm_type ,cm_order , cm_state) values(3505,232,'2007款 1.6L 手动天窗版','2007款',2,0);
insert into t_car_model(cm_id , cs_id , cm_name,cm_type ,cm_order , cm_state) values(2771,232,'2007款 2.0L 自动','2007款',3,0);
insert into t_car_model(cm_id , cs_id , cm_name,cm_type ,cm_order , cm_state) values(3506,232,'2007款 2.0L 自动天窗版','2007款',4,0);
insert into t_car_model(cm_id , cs_id , cm_name,cm_type ,cm_order , cm_state) values(641,232,'2004款 2.0L 手动','2004款',1,0);
insert into t_car_model(cm_id , cs_id , cm_name,cm_type ,cm_order , cm_state) values(640,232,'2004款 2.0L 自动','2004款',2,0);
insert into t_car_model(cm_id , cs_id , cm_name,cm_type ,cm_order , cm_state) values(1152,232,'2004款 2.0L 自动天窗版','2004款',3,0);
insert into t_car_brand_factory(cbf_id , cb_id , cbf_name ,cbf_letter) values(82,72,'雪铁龙(进口)','X');
insert into t_car_series(cs_id,cbf_id,cs_name,cs_order,cs_letter) values(473,82,'C4 PICASSO',3787,'C');
insert into t_car_model(cm_id , cs_id , cm_name,cm_type ,cm_order , cm_state) values(26459,473,'2017款 Grand 1.6T 尊贵型 7座','2017款',1,0);
insert into t_car_model(cm_id , cs_id , cm_name,cm_type ,cm_order , cm_state) values(15498,473,'2015款 1.6T 时尚型 5座','2015款',1,0);
insert into t_car_model(cm_id , cs_id , cm_name,cm_type ,cm_order , cm_state) values(23047,473,'2015款 1.6T 豪华型 5座','2015款',2,0);
insert into t_car_model(cm_id , cs_id , cm_name,cm_type ,cm_order , cm_state) values(16368,473,'2015款 Grand 1.6T 时尚型 7座','2015款',3,0);
insert into t_car_model(cm_id , cs_id , cm_name,cm_type ,cm_order , cm_state) values(23049,473,'2015款 Grand 1.6T 豪华型 7座','2015款',4,0);
insert into t_car_model(cm_id , cs_id , cm_name,cm_type ,cm_order , cm_state) values(4745,473,'2009款 Grand 2.0L 舒适型','2009款',1,0);
insert into t_car_model(cm_id , cs_id , cm_name,cm_type ,cm_order , cm_state) values(2554,473,'2009款 Grand 2.0L 豪华型','2009款',2,0);
insert into t_car_series(cs_id,cbf_id,cs_name,cs_order,cs_letter) values(329,82,'雪铁龙C3',3793,'X');
insert into t_car_model(cm_id , cs_id , cm_name,cm_type ,cm_order , cm_state) values(1238,329,'2004款 1.6 Pluriel','2004款',1,0);
insert into t_car_series(cs_id,cbf_id,cs_name,cs_order,cs_letter) values(480,82,'雪铁龙C4',3795,'X');
insert into t_car_model(cm_id , cs_id , cm_name,cm_type ,cm_order , cm_state) values(6131,480,'2009款 1.6T VTS','2009款',1,0);
insert into t_car_model(cm_id , cs_id , cm_name,cm_type ,cm_order , cm_state) values(6132,480,'2009款 1.6T 豪华版','2009款',2,0);
insert into t_car_model(cm_id , cs_id , cm_name,cm_type ,cm_order , cm_state) values(4543,480,'2009款 1.6T 豪华GPS版','2009款',3,0);
insert into t_car_model(cm_id , cs_id , cm_name,cm_type ,cm_order , cm_state) values(2627,480,'2006款 1.6 舒适型','2006款',1,0);
insert into t_car_model(cm_id , cs_id , cm_name,cm_type ,cm_order , cm_state) values(2631,480,'2006款 1.6 豪华型','2006款',2,0);
insert into t_car_model(cm_id , cs_id , cm_name,cm_type ,cm_order , cm_state) values(2630,480,'2006款 1.6 豪华天窗型','2006款',3,0);
insert into t_car_series(cs_id,cbf_id,cs_name,cs_order,cs_letter) values(212,82,'雪铁龙C5(进口)',3798,'X');
insert into t_car_model(cm_id , cs_id , cm_name,cm_type ,cm_order , cm_state) values(2823,212,'2007款 2.0 标准型','2007款',1,0);
insert into t_car_model(cm_id , cs_id , cm_name,cm_type ,cm_order , cm_state) values(2825,212,'2007款 2.0 豪华型','2007款',2,0);
insert into t_car_model(cm_id , cs_id , cm_name,cm_type ,cm_order , cm_state) values(2826,212,'2007款 3.0 标准型','2007款',3,0);
insert into t_car_model(cm_id , cs_id , cm_name,cm_type ,cm_order , cm_state) values(2824,212,'2007款 3.0 豪华型','2007款',4,0);
insert into t_car_model(cm_id , cs_id , cm_name,cm_type ,cm_order , cm_state) values(1546,212,'2005款 2.0 标配型','2005款',1,0);
insert into t_car_model(cm_id , cs_id , cm_name,cm_type ,cm_order , cm_state) values(1669,212,'2005款 2.0 选配型','2005款',2,0);
insert into t_car_model(cm_id , cs_id , cm_name,cm_type ,cm_order , cm_state) values(1670,212,'2005款 3.0 标配型','2005款',3,0);
insert into t_car_model(cm_id , cs_id , cm_name,cm_type ,cm_order , cm_state) values(1547,212,'2005款 3.0 选配型','2005款',4,0);
insert into t_car_model(cm_id , cs_id , cm_name,cm_type ,cm_order , cm_state) values(617,212,'2004款 2.0 选装型','2004款',1,0);
insert into t_car_model(cm_id , cs_id , cm_name,cm_type ,cm_order , cm_state) values(618,212,'2004款 2.0 标准型','2004款',2,0);
insert into t_car_model(cm_id , cs_id , cm_name,cm_type ,cm_order , cm_state) values(934,212,'2004款 3.0 选装型','2004款',3,0);
insert into t_car_model(cm_id , cs_id , cm_name,cm_type ,cm_order , cm_state) values(933,212,'2004款 3.0 标准型','2004款',4,0);
insert into t_car_series(cs_id,cbf_id,cs_name,cs_order,cs_letter) values(440,82,'雪铁龙C6(进口)',3816,'X');
insert into t_car_model(cm_id , cs_id , cm_name,cm_type ,cm_order , cm_state) values(4348,440,'2008款 3.0 旗舰版','2008款',1,0);
insert into t_car_model(cm_id , cs_id , cm_name,cm_type ,cm_order , cm_state) values(4349,440,'2008款 3.0 旗舰导航版','2008款',2,0);
insert into t_car_model(cm_id , cs_id , cm_name,cm_type ,cm_order , cm_state) values(1977,440,'2005款 3.0 豪华版','2005款',1,0);
insert into t_car_series(cs_id,cbf_id,cs_name,cs_order,cs_letter) values(2473,82,'雪铁龙C4 Aircross(进口)',3818,'X');
insert into t_car_model(cm_id , cs_id , cm_name,cm_type ,cm_order , cm_state) values(15875,2473,'2013款 2.0L 两驱进取版','2013款',1,0);
insert into t_car_model(cm_id , cs_id , cm_name,cm_type ,cm_order , cm_state) values(15876,2473,'2013款 2.0L 两驱舒适版','2013款',2,0);
insert into t_car_model(cm_id , cs_id , cm_name,cm_type ,cm_order , cm_state) values(15877,2473,'2013款 2.0L 四驱舒适版','2013款',3,0);
insert into t_car_model(cm_id , cs_id , cm_name,cm_type ,cm_order , cm_state) values(15878,2473,'2013款 2.0L 两驱豪华版','2013款',4,0);
insert into t_car_model(cm_id , cs_id , cm_name,cm_type ,cm_order , cm_state) values(15879,2473,'2013款 2.0L 四驱豪华版','2013款',5,0);
insert into t_car_model(cm_id , cs_id , cm_name,cm_type ,cm_order , cm_state) values(12625,2473,'2012款 2.0L 两驱舒适版','2012款',1,0);
insert into t_car_model(cm_id , cs_id , cm_name,cm_type ,cm_order , cm_state) values(12626,2473,'2012款 2.0L 四驱舒适版','2012款',2,0);
insert into t_car_model(cm_id , cs_id , cm_name,cm_type ,cm_order , cm_state) values(12627,2473,'2012款 2.0L 两驱豪华版','2012款',3,0);
insert into t_car_model(cm_id , cs_id , cm_name,cm_type ,cm_order , cm_state) values(11049,2473,'2012款 2.0L 四驱豪华版','2012款',4,0);
