insert into t_car_brand_factory(cbf_id , cb_id , cbf_name ,cbf_letter) values(375,10,'东风雷诺','D');
insert into t_car_series(cs_id,cbf_id,cs_name,cs_order,cs_letter) values(5350,375,'科雷缤',2395,'K');
insert into t_car_model(cm_id , cs_id , cm_name,cm_type ,cm_order , cm_state) values(42057,5350,'2019款 TCe240 手动劲酷型','2019款',1,0);
insert into t_car_model(cm_id , cs_id , cm_name,cm_type ,cm_order , cm_state) values(42573,5350,'2019款 TCe270 自动劲酷型','2019款',2,0);
insert into t_car_model(cm_id , cs_id , cm_name,cm_type ,cm_order , cm_state) values(42574,5350,'2019款 TCe270 自动劲擎型','2019款',3,0);
insert into t_car_model(cm_id , cs_id , cm_name,cm_type ,cm_order , cm_state) values(42575,5350,'2019款 TCe270 自动劲致型','2019款',4,0);
insert into t_car_model(cm_id , cs_id , cm_name,cm_type ,cm_order , cm_state) values(40077,5350,'2019款 TCe270 自动劲享型','2019款',5,0);
insert into t_car_series(cs_id,cbf_id,cs_name,cs_order,cs_letter) values(5118,375,'雷诺 e诺',2396,'L');
insert into t_car_model(cm_id , cs_id , cm_name,cm_type ,cm_order , cm_state) values(41497,5118,'2019款 e趣型','2019款',1,0);
insert into t_car_model(cm_id , cs_id , cm_name,cm_type ,cm_order , cm_state) values(41498,5118,'2019款 e尚型','2019款',2,0);
insert into t_car_model(cm_id , cs_id , cm_name,cm_type ,cm_order , cm_state) values(37825,5118,'2019款 e智型','2019款',3,0);
insert into t_car_series(cs_id,cbf_id,cs_name,cs_order,cs_letter) values(4098,375,'科雷傲',2397,'K');
insert into t_car_model(cm_id , cs_id , cm_name,cm_type ,cm_order , cm_state) values(38923,4098,'2019款 SCe200 两驱探享智惠版 国V','2019款',1,0);
insert into t_car_model(cm_id , cs_id , cm_name,cm_type ,cm_order , cm_state) values(38926,4098,'2019款 SCe200 两驱探享智惠版 国VI','2019款',2,0);
insert into t_car_model(cm_id , cs_id , cm_name,cm_type ,cm_order , cm_state) values(38925,4098,'2019款 SCe200 两驱探享智悦版 国V','2019款',3,0);
insert into t_car_model(cm_id , cs_id , cm_name,cm_type ,cm_order , cm_state) values(38927,4098,'2019款 SCe200 两驱探享智悦版 国VI','2019款',4,0);
insert into t_car_model(cm_id , cs_id , cm_name,cm_type ,cm_order , cm_state) values(38928,4098,'2019款 SCe200 两驱探享智尚版 国V','2019款',5,0);
insert into t_car_model(cm_id , cs_id , cm_name,cm_type ,cm_order , cm_state) values(38929,4098,'2019款 SCe200 两驱探享智尚版 国VI','2019款',6,0);
insert into t_car_model(cm_id , cs_id , cm_name,cm_type ,cm_order , cm_state) values(38930,4098,'2019款 SCe230 两驱探享智骋版 国V','2019款',7,0);
insert into t_car_model(cm_id , cs_id , cm_name,cm_type ,cm_order , cm_state) values(38931,4098,'2019款 SCe230 两驱探享智骋版 国VI','2019款',8,0);
insert into t_car_model(cm_id , cs_id , cm_name,cm_type ,cm_order , cm_state) values(38932,4098,'2019款 SCe230 四驱探享智骋版 国V','2019款',9,0);
insert into t_car_model(cm_id , cs_id , cm_name,cm_type ,cm_order , cm_state) values(38933,4098,'2019款 SCe230 四驱探享智骋版 国VI','2019款',10,0);
insert into t_car_model(cm_id , cs_id , cm_name,cm_type ,cm_order , cm_state) values(38934,4098,'2019款 SCe230 四驱探享智尊版 国V','2019款',11,0);
insert into t_car_model(cm_id , cs_id , cm_name,cm_type ,cm_order , cm_state) values(38935,4098,'2019款 SCe230 四驱探享智尊版 国VI','2019款',12,0);
insert into t_car_model(cm_id , cs_id , cm_name,cm_type ,cm_order , cm_state) values(38936,4098,'2019款 SCe230 四驱探享旗舰版 国V','2019款',13,0);
insert into t_car_model(cm_id , cs_id , cm_name,cm_type ,cm_order , cm_state) values(38937,4098,'2019款 SCe230 四驱探享旗舰版 国VI','2019款',14,0);
insert into t_car_model(cm_id , cs_id , cm_name,cm_type ,cm_order , cm_state) values(33214,4098,'2018款 2.0L 两驱舒适版','2018款',1,0);
insert into t_car_model(cm_id , cs_id , cm_name,cm_type ,cm_order , cm_state) values(33215,4098,'2018款 2.0L 两驱领先版','2018款',2,0);
insert into t_car_model(cm_id , cs_id , cm_name,cm_type ,cm_order , cm_state) values(33212,4098,'2018款 2.0L 两驱豪华版','2018款',3,0);
insert into t_car_model(cm_id , cs_id , cm_name,cm_type ,cm_order , cm_state) values(33810,4098,'2018款 2.0L 两驱120周年限量版','2018款',4,0);
insert into t_car_model(cm_id , cs_id , cm_name,cm_type ,cm_order , cm_state) values(33216,4098,'2018款 2.5L 两驱尊贵版','2018款',5,0);
insert into t_car_model(cm_id , cs_id , cm_name,cm_type ,cm_order , cm_state) values(33811,4098,'2018款 2.5L 两驱120周年限量版','2018款',6,0);
insert into t_car_model(cm_id , cs_id , cm_name,cm_type ,cm_order , cm_state) values(33217,4098,'2018款 2.5L 四驱尊贵版','2018款',7,0);
insert into t_car_model(cm_id , cs_id , cm_name,cm_type ,cm_order , cm_state) values(33218,4098,'2018款 2.5L 四驱至尊版','2018款',8,0);
insert into t_car_model(cm_id , cs_id , cm_name,cm_type ,cm_order , cm_state) values(33213,4098,'2018款 2.5L 四驱旗舰版','2018款',9,0);
insert into t_car_model(cm_id , cs_id , cm_name,cm_type ,cm_order , cm_state) values(28189,4098,'2017款 2.0L 两驱舒适版','2017款',1,0);
insert into t_car_model(cm_id , cs_id , cm_name,cm_type ,cm_order , cm_state) values(28190,4098,'2017款 2.0L 两驱领先版','2017款',2,0);
insert into t_car_model(cm_id , cs_id , cm_name,cm_type ,cm_order , cm_state) values(28034,4098,'2017款 2.0L 两驱豪华版','2017款',3,0);
insert into t_car_model(cm_id , cs_id , cm_name,cm_type ,cm_order , cm_state) values(28033,4098,'2017款 2.5L 两驱尊贵版','2017款',4,0);
insert into t_car_model(cm_id , cs_id , cm_name,cm_type ,cm_order , cm_state) values(28321,4098,'2017款 2.5L 四驱尊贵版','2017款',5,0);
insert into t_car_model(cm_id , cs_id , cm_name,cm_type ,cm_order , cm_state) values(28032,4098,'2017款 2.5L 四驱至尊版','2017款',6,0);
insert into t_car_model(cm_id , cs_id , cm_name,cm_type ,cm_order , cm_state) values(28031,4098,'2017款 2.5L 四驱旗舰版','2017款',7,0);
insert into t_car_series(cs_id,cbf_id,cs_name,cs_order,cs_letter) values(3870,375,'科雷嘉',2398,'K');
insert into t_car_model(cm_id , cs_id , cm_name,cm_type ,cm_order , cm_state) values(37113,3870,'2019款 TCe190 手动两驱智惠型','2019款',1,0);
insert into t_car_model(cm_id , cs_id , cm_name,cm_type ,cm_order , cm_state) values(37114,3870,'2019款 SCe200 自动两驱智惠型 国V','2019款',2,0);
insert into t_car_model(cm_id , cs_id , cm_name,cm_type ,cm_order , cm_state) values(37115,3870,'2019款 SCe200 自动两驱智惠型 国VI','2019款',3,0);
insert into t_car_model(cm_id , cs_id , cm_name,cm_type ,cm_order , cm_state) values(37116,3870,'2019款 SCe200 自动两驱智惠型周年版 国V','2019款',4,0);
insert into t_car_model(cm_id , cs_id , cm_name,cm_type ,cm_order , cm_state) values(37117,3870,'2019款 SCe200自动两驱智惠型周年版 国VI','2019款',5,0);
insert into t_car_model(cm_id , cs_id , cm_name,cm_type ,cm_order , cm_state) values(37118,3870,'2019款 SCe200 自动两驱智悦型周年版 国V','2019款',6,0);
insert into t_car_model(cm_id , cs_id , cm_name,cm_type ,cm_order , cm_state) values(37119,3870,'2019款 SCe200自动两驱智悦型周年版 国VI','2019款',7,0);
insert into t_car_model(cm_id , cs_id , cm_name,cm_type ,cm_order , cm_state) values(37120,3870,'2019款 SCe200 自动两驱智尚型 国V','2019款',8,0);
insert into t_car_model(cm_id , cs_id , cm_name,cm_type ,cm_order , cm_state) values(37121,3870,'2019款 SCe200 自动两驱智尚型 国VI','2019款',9,0);
insert into t_car_model(cm_id , cs_id , cm_name,cm_type ,cm_order , cm_state) values(37122,3870,'2019款 SCe200 自动两驱智享型 国V','2019款',10,0);
insert into t_car_model(cm_id , cs_id , cm_name,cm_type ,cm_order , cm_state) values(37123,3870,'2019款 SCe200 自动两驱智享型 国VI','2019款',11,0);
insert into t_car_model(cm_id , cs_id , cm_name,cm_type ,cm_order , cm_state) values(37125,3870,'2019款 SCe200 自动两驱智尊型 国V','2019款',12,0);
insert into t_car_model(cm_id , cs_id , cm_name,cm_type ,cm_order , cm_state) values(37124,3870,'2019款 SCe200 自动两驱智尊型 国VI','2019款',13,0);
insert into t_car_model(cm_id , cs_id , cm_name,cm_type ,cm_order , cm_state) values(30228,3870,'2017款 1.2T 两驱时尚版','2017款',1,0);
insert into t_car_model(cm_id , cs_id , cm_name,cm_type ,cm_order , cm_state) values(30229,3870,'2017款 2.0L 两驱时尚版','2017款',2,0);
insert into t_car_model(cm_id , cs_id , cm_name,cm_type ,cm_order , cm_state) values(30230,3870,'2017款 2.0L 两驱舒适版','2017款',3,0);
insert into t_car_model(cm_id , cs_id , cm_name,cm_type ,cm_order , cm_state) values(30231,3870,'2017款 2.0L 两驱领先版','2017款',4,0);
insert into t_car_model(cm_id , cs_id , cm_name,cm_type ,cm_order , cm_state) values(33812,3870,'2017款 2.0L 120周年限量版','2017款',5,0);
insert into t_car_model(cm_id , cs_id , cm_name,cm_type ,cm_order , cm_state) values(30232,3870,'2017款 2.0L 两驱豪华版','2017款',6,0);
insert into t_car_model(cm_id , cs_id , cm_name,cm_type ,cm_order , cm_state) values(30233,3870,'2017款 2.0L 四驱尊贵版','2017款',7,0);
insert into t_car_model(cm_id , cs_id , cm_name,cm_type ,cm_order , cm_state) values(25137,3870,'2016款 2.0L 两驱舒适版','2016款',1,0);
insert into t_car_model(cm_id , cs_id , cm_name,cm_type ,cm_order , cm_state) values(25139,3870,'2016款 2.0L 两驱领先版','2016款',2,0);
insert into t_car_model(cm_id , cs_id , cm_name,cm_type ,cm_order , cm_state) values(25140,3870,'2016款 2.0L 两驱豪华版','2016款',3,0);
insert into t_car_model(cm_id , cs_id , cm_name,cm_type ,cm_order , cm_state) values(25141,3870,'2016款 2.0L 两驱尊贵版','2016款',4,0);
insert into t_car_model(cm_id , cs_id , cm_name,cm_type ,cm_order , cm_state) values(25138,3870,'2016款 2.0L 四驱至尊版','2016款',5,0);
insert into t_car_brand_factory(cbf_id , cb_id , cbf_name ,cbf_letter) values(89,10,'雷诺(进口)','L');
insert into t_car_series(cs_id,cbf_id,cs_name,cs_order,cs_letter) values(2029,89,'Espace',2399,'E');
insert into t_car_model(cm_id , cs_id , cm_name,cm_type ,cm_order , cm_state) values(32524,2029,'2018款 TCe 300 舒逸版','2018款',1,0);
insert into t_car_model(cm_id , cs_id , cm_name,cm_type ,cm_order , cm_state) values(32525,2029,'2018款 TCe 300 旷逸版','2018款',2,0);
insert into t_car_model(cm_id , cs_id , cm_name,cm_type ,cm_order , cm_state) values(32255,2029,'2018款 TCe 300 雅颂巴黎版','2018款',3,0);
insert into t_car_series(cs_id,cbf_id,cs_name,cs_order,cs_letter) values(2268,89,'卡缤(进口)',2400,'K');
insert into t_car_model(cm_id , cs_id , cm_name,cm_type ,cm_order , cm_state) values(32107,2268,'2018款 TCe190 都市风尚版','2018款',1,0);
insert into t_car_model(cm_id , cs_id , cm_name,cm_type ,cm_order , cm_state) values(32106,2268,'2018款 TCe190 都市灵动版','2018款',2,0);
insert into t_car_model(cm_id , cs_id , cm_name,cm_type ,cm_order , cm_state) values(33813,2268,'2018款 TCe190 120周年限量版','2018款',3,0);
insert into t_car_model(cm_id , cs_id , cm_name,cm_type ,cm_order , cm_state) values(23137,2268,'2015款 1.2T 自动舒适抢鲜版','2015款',1,0);
insert into t_car_model(cm_id , cs_id , cm_name,cm_type ,cm_order , cm_state) values(23138,2268,'2015款 1.2T 自动豪华抢鲜版','2015款',2,0);
insert into t_car_model(cm_id , cs_id , cm_name,cm_type ,cm_order , cm_state) values(22497,2268,'2015款 1.2T 自动标准版','2015款',3,0);
insert into t_car_model(cm_id , cs_id , cm_name,cm_type ,cm_order , cm_state) values(22498,2268,'2015款 1.2T 自动舒适版','2015款',4,0);
insert into t_car_model(cm_id , cs_id , cm_name,cm_type ,cm_order , cm_state) values(22499,2268,'2015款 1.2T 自动豪华版','2015款',5,0);
insert into t_car_series(cs_id,cbf_id,cs_name,cs_order,cs_letter) values(196,89,'梅甘娜',2416,'M');
insert into t_car_model(cm_id , cs_id , cm_name,cm_type ,cm_order , cm_state) values(19010,196,'2014款 R.S. 2.0T 赛版','2014款',1,0);
insert into t_car_model(cm_id , cs_id , cm_name,cm_type ,cm_order , cm_state) values(20316,196,'2014款 R.S. 2.0T 街版','2014款',2,0);
insert into t_car_model(cm_id , cs_id , cm_name,cm_type ,cm_order , cm_state) values(7110,196,'2011款 CC 2.0时尚导航版','2011款',1,0);
insert into t_car_model(cm_id , cs_id , cm_name,cm_type ,cm_order , cm_state) values(2436,196,'2006款 2.0 SEDAN 5MT','2006款',1,0);
insert into t_car_model(cm_id , cs_id , cm_name,cm_type ,cm_order , cm_state) values(4018,196,'2006款 SEDAN 2.0 4AT','2006款',2,0);
insert into t_car_model(cm_id , cs_id , cm_name,cm_type ,cm_order , cm_state) values(2575,196,'2006款 CC 2.0','2006款',3,0);
insert into t_car_model(cm_id , cs_id , cm_name,cm_type ,cm_order , cm_state) values(276,196,'2004款 1.6 Coupe','2004款',1,0);
insert into t_car_series(cs_id,cbf_id,cs_name,cs_order,cs_letter) values(2765,89,'塔利斯曼',2417,'T');
insert into t_car_model(cm_id , cs_id , cm_name,cm_type ,cm_order , cm_state) values(16411,2765,'2013款 2.5L 豪华版','2013款',1,0);
insert into t_car_model(cm_id , cs_id , cm_name,cm_type ,cm_order , cm_state) values(16412,2765,'2013款 2.5L Nappa旗舰版','2013款',2,0);
insert into t_car_model(cm_id , cs_id , cm_name,cm_type ,cm_order , cm_state) values(16413,2765,'2013款 3.5L Nappa行政版','2013款',3,0);
insert into t_car_model(cm_id , cs_id , cm_name,cm_type ,cm_order , cm_state) values(12693,2765,'2012款 2.5L 豪华版','2012款',1,0);
insert into t_car_model(cm_id , cs_id , cm_name,cm_type ,cm_order , cm_state) values(12694,2765,'2012款 2.5L 尊贵版','2012款',2,0);
insert into t_car_model(cm_id , cs_id , cm_name,cm_type ,cm_order , cm_state) values(12695,2765,'2012款 2.5L Nappa旗舰版','2012款',3,0);
insert into t_car_model(cm_id , cs_id , cm_name,cm_type ,cm_order , cm_state) values(12692,2765,'2012款 3.5L 行政版','2012款',4,0);
insert into t_car_model(cm_id , cs_id , cm_name,cm_type ,cm_order , cm_state) values(12582,2765,'2012款 3.5L Nappa行政版','2012款',5,0);
insert into t_car_series(cs_id,cbf_id,cs_name,cs_order,cs_letter) values(686,89,'科雷傲(进口)',2422,'K');
insert into t_car_model(cm_id , cs_id , cm_name,cm_type ,cm_order , cm_state) values(24112,686,'2016款 2.0L 两驱舒适版','2016款',1,0);
insert into t_car_model(cm_id , cs_id , cm_name,cm_type ,cm_order , cm_state) values(24113,686,'2016款 2.0L 两驱舒适BOSE版','2016款',2,0);
insert into t_car_model(cm_id , cs_id , cm_name,cm_type ,cm_order , cm_state) values(24111,686,'2016款 2.0L 两驱时尚版','2016款',3,0);
insert into t_car_model(cm_id , cs_id , cm_name,cm_type ,cm_order , cm_state) values(24838,686,'2016款 改款 2.0L 两驱舒适版','2016款',4,0);
insert into t_car_model(cm_id , cs_id , cm_name,cm_type ,cm_order , cm_state) values(24114,686,'2016款 2.5L 两驱舒适运动版','2016款',5,0);
insert into t_car_model(cm_id , cs_id , cm_name,cm_type ,cm_order , cm_state) values(24115,686,'2016款 2.5L 四驱舒适运动版','2016款',6,0);
insert into t_car_model(cm_id , cs_id , cm_name,cm_type ,cm_order , cm_state) values(22840,686,'2015款 2.0L 两驱标准版','2015款',1,0);
insert into t_car_model(cm_id , cs_id , cm_name,cm_type ,cm_order , cm_state) values(22841,686,'2015款 2.0L 两驱时尚版','2015款',2,0);
insert into t_car_model(cm_id , cs_id , cm_name,cm_type ,cm_order , cm_state) values(22842,686,'2015款 2.0L 两驱舒适版','2015款',3,0);
insert into t_car_model(cm_id , cs_id , cm_name,cm_type ,cm_order , cm_state) values(22843,686,'2015款 2.5L 两驱都市版','2015款',4,0);
insert into t_car_model(cm_id , cs_id , cm_name,cm_type ,cm_order , cm_state) values(22844,686,'2015款 2.5L 两驱舒适版','2015款',5,0);
insert into t_car_model(cm_id , cs_id , cm_name,cm_type ,cm_order , cm_state) values(22846,686,'2015款 2.5L 四驱舒适版','2015款',6,0);
insert into t_car_model(cm_id , cs_id , cm_name,cm_type ,cm_order , cm_state) values(22847,686,'2015款 2.5L 四驱豪华版','2015款',7,0);
insert into t_car_model(cm_id , cs_id , cm_name,cm_type ,cm_order , cm_state) values(16843,686,'2014款 2.0L 两驱智享版','2014款',1,0);
insert into t_car_model(cm_id , cs_id , cm_name,cm_type ,cm_order , cm_state) values(16846,686,'2014款 2.0L 两驱标准版','2014款',2,0);
insert into t_car_model(cm_id , cs_id , cm_name,cm_type ,cm_order , cm_state) values(16847,686,'2014款 2.0L 两驱时尚版','2014款',3,0);
insert into t_car_model(cm_id , cs_id , cm_name,cm_type ,cm_order , cm_state) values(19844,686,'2014款 2.0L 两驱舒适版','2014款',4,0);
insert into t_car_model(cm_id , cs_id , cm_name,cm_type ,cm_order , cm_state) values(18075,686,'2014款 改款 2.0L 两驱智享版','2014款',5,0);
insert into t_car_model(cm_id , cs_id , cm_name,cm_type ,cm_order , cm_state) values(18076,686,'2014款 改款 2.0L 两驱标准版','2014款',6,0);
insert into t_car_model(cm_id , cs_id , cm_name,cm_type ,cm_order , cm_state) values(18077,686,'2014款 改款 2.0L 两驱时尚版','2014款',7,0);
insert into t_car_model(cm_id , cs_id , cm_name,cm_type ,cm_order , cm_state) values(16848,686,'2014款 2.5L 两驱都市版','2014款',8,0);
insert into t_car_model(cm_id , cs_id , cm_name,cm_type ,cm_order , cm_state) values(16849,686,'2014款 2.5L 两驱舒适版','2014款',9,0);
insert into t_car_model(cm_id , cs_id , cm_name,cm_type ,cm_order , cm_state) values(18078,686,'2014款 改款 2.5L 两驱都市版','2014款',10,0);
insert into t_car_model(cm_id , cs_id , cm_name,cm_type ,cm_order , cm_state) values(18074,686,'2014款 改款 2.5L 两驱舒适版','2014款',11,0);
insert into t_car_model(cm_id , cs_id , cm_name,cm_type ,cm_order , cm_state) values(19673,686,'2014款 2.5L 两驱Sportway版','2014款',12,0);
insert into t_car_model(cm_id , cs_id , cm_name,cm_type ,cm_order , cm_state) values(20047,686,'2014款 2.5L 两驱Touring版','2014款',13,0);
insert into t_car_model(cm_id , cs_id , cm_name,cm_type ,cm_order , cm_state) values(16850,686,'2014款 2.5L 四驱舒适版','2014款',14,0);
insert into t_car_model(cm_id , cs_id , cm_name,cm_type ,cm_order , cm_state) values(19661,686,'2014款 2.5L 四驱Sportway版','2014款',15,0);
insert into t_car_model(cm_id , cs_id , cm_name,cm_type ,cm_order , cm_state) values(20048,686,'2014款 2.5L 四驱Touring版','2014款',16,0);
insert into t_car_model(cm_id , cs_id , cm_name,cm_type ,cm_order , cm_state) values(16296,686,'2014款 2.5L 四驱豪华版','2014款',17,0);
insert into t_car_model(cm_id , cs_id , cm_name,cm_type ,cm_order , cm_state) values(14068,686,'2013款 2.5L 两驱都市版','2013款',1,0);
insert into t_car_model(cm_id , cs_id , cm_name,cm_type ,cm_order , cm_state) values(14069,686,'2013款 2.5L 四驱都市版','2013款',2,0);
insert into t_car_model(cm_id , cs_id , cm_name,cm_type ,cm_order , cm_state) values(14070,686,'2013款 2.5L 两驱舒适版','2013款',3,0);
insert into t_car_model(cm_id , cs_id , cm_name,cm_type ,cm_order , cm_state) values(15978,686,'2013款 2.5L 两驱舒适导航版','2013款',4,0);
insert into t_car_model(cm_id , cs_id , cm_name,cm_type ,cm_order , cm_state) values(14071,686,'2013款 2.5L 四驱舒适版','2013款',5,0);
insert into t_car_model(cm_id , cs_id , cm_name,cm_type ,cm_order , cm_state) values(15979,686,'2013款 2.5L 四驱舒适导航版','2013款',6,0);
insert into t_car_model(cm_id , cs_id , cm_name,cm_type ,cm_order , cm_state) values(14072,686,'2013款 2.5L 两驱豪华版','2013款',7,0);
insert into t_car_model(cm_id , cs_id , cm_name,cm_type ,cm_order , cm_state) values(15980,686,'2013款 2.5L 两驱豪华导航版','2013款',8,0);
insert into t_car_model(cm_id , cs_id , cm_name,cm_type ,cm_order , cm_state) values(14073,686,'2013款 2.5L 四驱豪华版','2013款',9,0);
insert into t_car_model(cm_id , cs_id , cm_name,cm_type ,cm_order , cm_state) values(15981,686,'2013款 2.5L 四驱豪华导航版','2013款',10,0);
insert into t_car_model(cm_id , cs_id , cm_name,cm_type ,cm_order , cm_state) values(11127,686,'2012款 2.5 两驱都市版','2012款',1,0);
insert into t_car_model(cm_id , cs_id , cm_name,cm_type ,cm_order , cm_state) values(11128,686,'2012款 2.5 四驱都市版','2012款',2,0);
insert into t_car_model(cm_id , cs_id , cm_name,cm_type ,cm_order , cm_state) values(11068,686,'2012款 2.5L 两驱舒适导航版','2012款',3,0);
insert into t_car_model(cm_id , cs_id , cm_name,cm_type ,cm_order , cm_state) values(10377,686,'2012款 2.5L 四驱舒适导航版','2012款',4,0);
insert into t_car_model(cm_id , cs_id , cm_name,cm_type ,cm_order , cm_state) values(11129,686,'2012款 2.5L 两驱豪华导航版','2012款',5,0);
insert into t_car_model(cm_id , cs_id , cm_name,cm_type ,cm_order , cm_state) values(11130,686,'2012款 2.5L 四驱豪华导航版','2012款',6,0);
insert into t_car_model(cm_id , cs_id , cm_name,cm_type ,cm_order , cm_state) values(7784,686,'2010款 2.5L 两驱时尚型','2010款',1,0);
insert into t_car_model(cm_id , cs_id , cm_name,cm_type ,cm_order , cm_state) values(7425,686,'2010款 2.5L 两驱舒适型','2010款',2,0);
insert into t_car_model(cm_id , cs_id , cm_name,cm_type ,cm_order , cm_state) values(7426,686,'2010款 2.5L 两驱豪华型','2010款',3,0);
insert into t_car_model(cm_id , cs_id , cm_name,cm_type ,cm_order , cm_state) values(7343,686,'2010款 2.5L 四驱舒适型','2010款',4,0);
insert into t_car_model(cm_id , cs_id , cm_name,cm_type ,cm_order , cm_state) values(7427,686,'2010款 2.5L 四驱豪华型','2010款',5,0);
insert into t_car_model(cm_id , cs_id , cm_name,cm_type ,cm_order , cm_state) values(8494,686,'2010款 2.5L 四驱BOSE限量版','2010款',6,0);
insert into t_car_model(cm_id , cs_id , cm_name,cm_type ,cm_order , cm_state) values(5295,686,'2009款 2.5L 两驱舒适型','2009款',1,0);
insert into t_car_model(cm_id , cs_id , cm_name,cm_type ,cm_order , cm_state) values(4580,686,'2009款 2.5L 两驱豪华型','2009款',2,0);
insert into t_car_model(cm_id , cs_id , cm_name,cm_type ,cm_order , cm_state) values(5296,686,'2009款 2.5L 四驱舒适型','2009款',3,0);
insert into t_car_model(cm_id , cs_id , cm_name,cm_type ,cm_order , cm_state) values(5297,686,'2009款 2.5L 四驱豪华型','2009款',4,0);
insert into t_car_series(cs_id,cbf_id,cs_name,cs_order,cs_letter) values(199,89,'风景',2432,'F');
insert into t_car_model(cm_id , cs_id , cm_name,cm_type ,cm_order , cm_state) values(11101,199,'2012款 2.0 风景时尚版','2012款',1,0);
insert into t_car_model(cm_id , cs_id , cm_name,cm_type ,cm_order , cm_state) values(11102,199,'2012款 2.0 风景舒适版','2012款',2,0);
insert into t_car_model(cm_id , cs_id , cm_name,cm_type ,cm_order , cm_state) values(11099,199,'2012款 2.0 风景豪华导航版','2012款',3,0);
insert into t_car_model(cm_id , cs_id , cm_name,cm_type ,cm_order , cm_state) values(11103,199,'2012款 2.0 大风景舒适版','2012款',4,0);
insert into t_car_model(cm_id , cs_id , cm_name,cm_type ,cm_order , cm_state) values(11100,199,'2012款 2.0 大风景豪华导航版','2012款',5,0);
insert into t_car_model(cm_id , cs_id , cm_name,cm_type ,cm_order , cm_state) values(6207,199,'2011款 2.0 风景时尚版','2011款',1,0);
insert into t_car_model(cm_id , cs_id , cm_name,cm_type ,cm_order , cm_state) values(9224,199,'2011款 2.0 风景舒适版','2011款',2,0);
insert into t_car_model(cm_id , cs_id , cm_name,cm_type ,cm_order , cm_state) values(5730,199,'2011款 2.0 大风景舒适版','2011款',3,0);
insert into t_car_model(cm_id , cs_id , cm_name,cm_type ,cm_order , cm_state) values(6216,199,'2007款 2.0 5座风景','2007款',1,0);
insert into t_car_model(cm_id , cs_id , cm_name,cm_type ,cm_order , cm_state) values(6217,199,'2007款 2.0 7座大风景','2007款',2,0);
insert into t_car_model(cm_id , cs_id , cm_name,cm_type ,cm_order , cm_state) values(2378,199,'2006款 2.0 7座大风景','2006款',1,0);
insert into t_car_model(cm_id , cs_id , cm_name,cm_type ,cm_order , cm_state) values(274,199,'2004款 1.6 AT','2004款',1,0);
insert into t_car_model(cm_id , cs_id , cm_name,cm_type ,cm_order , cm_state) values(938,199,'2004款 2.0 四驱 RX4','2004款',2,0);
insert into t_car_model(cm_id , cs_id , cm_name,cm_type ,cm_order , cm_state) values(275,199,'2004款 2.0 5座风景','2004款',3,0);
insert into t_car_series(cs_id,cbf_id,cs_name,cs_order,cs_letter) values(908,89,'风朗',2447,'F');
insert into t_car_model(cm_id , cs_id , cm_name,cm_type ,cm_order , cm_state) values(20645,908,'2015款 2.0L 标准版','2015款',1,0);
insert into t_car_model(cm_id , cs_id , cm_name,cm_type ,cm_order , cm_state) values(20646,908,'2015款 2.0L 时尚版','2015款',2,0);
insert into t_car_model(cm_id , cs_id , cm_name,cm_type ,cm_order , cm_state) values(20647,908,'2015款 2.0L 豪华导航版','2015款',3,0);
insert into t_car_model(cm_id , cs_id , cm_name,cm_type ,cm_order , cm_state) values(15832,908,'2013款 2.0L 悦享版','2013款',1,0);
insert into t_car_model(cm_id , cs_id , cm_name,cm_type ,cm_order , cm_state) values(15833,908,'2013款 2.0L 舒适版','2013款',2,0);
insert into t_car_model(cm_id , cs_id , cm_name,cm_type ,cm_order , cm_state) values(15376,908,'2013款 2.0L 豪华版','2013款',3,0);
insert into t_car_model(cm_id , cs_id , cm_name,cm_type ,cm_order , cm_state) values(14222,908,'2013款 2.0L 标准版','2013款',4,0);
insert into t_car_model(cm_id , cs_id , cm_name,cm_type ,cm_order , cm_state) values(15375,908,'2013款 2.0L 时尚版','2013款',5,0);
insert into t_car_model(cm_id , cs_id , cm_name,cm_type ,cm_order , cm_state) values(5958,908,'2011款 2.0L 标准版','2011款',1,0);
insert into t_car_model(cm_id , cs_id , cm_name,cm_type ,cm_order , cm_state) values(10320,908,'2011款 2.0L 时尚版','2011款',2,0);
insert into t_car_model(cm_id , cs_id , cm_name,cm_type ,cm_order , cm_state) values(10321,908,'2011款 2.0L 豪华导航版','2011款',3,0);
insert into t_car_series(cs_id,cbf_id,cs_name,cs_order,cs_letter) values(188,89,'拉古那',2448,'L');
insert into t_car_model(cm_id , cs_id , cm_name,cm_type ,cm_order , cm_state) values(11393,188,'2012款 古贝2.0T 豪华导航版','2012款',1,0);
insert into t_car_model(cm_id , cs_id , cm_name,cm_type ,cm_order , cm_state) values(9905,188,'2011款 2.0T 技术版','2011款',1,0);
insert into t_car_model(cm_id , cs_id , cm_name,cm_type ,cm_order , cm_state) values(9906,188,'2011款 2.0T 舒适版','2011款',2,0);
insert into t_car_model(cm_id , cs_id , cm_name,cm_type ,cm_order , cm_state) values(8921,188,'2011款 2.0T 豪华导航版','2011款',3,0);
insert into t_car_model(cm_id , cs_id , cm_name,cm_type ,cm_order , cm_state) values(3856,188,'2009款 2.0T','2009款',1,0);
insert into t_car_model(cm_id , cs_id , cm_name,cm_type ,cm_order , cm_state) values(258,188,'2004款 2.0','2004款',1,0);
insert into t_car_model(cm_id , cs_id , cm_name,cm_type ,cm_order , cm_state) values(1756,188,'2004款 3.0','2004款',2,0);
insert into t_car_model(cm_id , cs_id , cm_name,cm_type ,cm_order , cm_state) values(272,188,'2004款 2.0 豪华型','2004款',3,0);
insert into t_car_series(cs_id,cbf_id,cs_name,cs_order,cs_letter) values(2184,89,'纬度',2449,'W');
insert into t_car_model(cm_id , cs_id , cm_name,cm_type ,cm_order , cm_state) values(22216,2184,'2015款 2.0L CVT时尚版','2015款',1,0);
insert into t_car_model(cm_id , cs_id , cm_name,cm_type ,cm_order , cm_state) values(22217,2184,'2015款 2.0L CVT豪华版','2015款',2,0);
insert into t_car_model(cm_id , cs_id , cm_name,cm_type ,cm_order , cm_state) values(22218,2184,'2015款 2.5L 自动豪华版','2015款',3,0);
insert into t_car_model(cm_id , cs_id , cm_name,cm_type ,cm_order , cm_state) values(22219,2184,'2015款 2.5L 自动旗舰版','2015款',4,0);
insert into t_car_model(cm_id , cs_id , cm_name,cm_type ,cm_order , cm_state) values(15258,2184,'2013款 2.0L CVT时尚版','2013款',1,0);
insert into t_car_model(cm_id , cs_id , cm_name,cm_type ,cm_order , cm_state) values(15259,2184,'2013款 2.0L CVT豪华导航版','2013款',2,0);
insert into t_car_model(cm_id , cs_id , cm_name,cm_type ,cm_order , cm_state) values(15260,2184,'2013款 2.5L 自动豪华导航版','2013款',3,0);
insert into t_car_model(cm_id , cs_id , cm_name,cm_type ,cm_order , cm_state) values(15261,2184,'2013款 2.5L 自动旗舰导航版','2013款',4,0);
insert into t_car_model(cm_id , cs_id , cm_name,cm_type ,cm_order , cm_state) values(16587,2184,'2013款 改款 2.0L CVT悦享版','2013款',5,0);
insert into t_car_model(cm_id , cs_id , cm_name,cm_type ,cm_order , cm_state) values(16588,2184,'2013款 改款 2.0L CVT舒适版','2013款',6,0);
insert into t_car_model(cm_id , cs_id , cm_name,cm_type ,cm_order , cm_state) values(16582,2184,'2013款 改款 2.0L CVT时尚版','2013款',7,0);
insert into t_car_model(cm_id , cs_id , cm_name,cm_type ,cm_order , cm_state) values(16583,2184,'2013款 改款 2.0L CVT豪华版','2013款',8,0);
insert into t_car_model(cm_id , cs_id , cm_name,cm_type ,cm_order , cm_state) values(16581,2184,'2013款 改款 2.5L 自动豪华版','2013款',9,0);
insert into t_car_model(cm_id , cs_id , cm_name,cm_type ,cm_order , cm_state) values(16584,2184,'2013款 改款 2.5L 自动旗舰版','2013款',10,0);
insert into t_car_model(cm_id , cs_id , cm_name,cm_type ,cm_order , cm_state) values(15152,2184,'2011款 2.0L CVT时尚版','2011款',1,0);
insert into t_car_model(cm_id , cs_id , cm_name,cm_type ,cm_order , cm_state) values(10038,2184,'2011款 2.0L CVT豪华导航版','2011款',2,0);
insert into t_car_model(cm_id , cs_id , cm_name,cm_type ,cm_order , cm_state) values(10039,2184,'2011款 2.5L 自动豪华导航版','2011款',3,0);
insert into t_car_model(cm_id , cs_id , cm_name,cm_type ,cm_order , cm_state) values(7937,2184,'2011款 2.5L 自动旗舰导航版','2011款',4,0);
insert into t_car_series(cs_id,cbf_id,cs_name,cs_order,cs_letter) values(257,89,'威赛帝',2450,'W');
insert into t_car_model(cm_id , cs_id , cm_name,cm_type ,cm_order , cm_state) values(926,257,'2004款 3.5 AT','2004款',1,0);
